48 48 0 0 0 0 0 0 0 0 0 0 0 0 0 0 
80 48 0 0 0 0 0 0 0 0 0 0 0 0 0 0 
112 48 0 0 0 0 0 0 0 0 0 0 0 0 0 0 
144 48 0 0 0 0 0 0 0 0 0 0 0 0 0 0 
176 48 0 0 0 0 0 0 0 0 0 0 0 0 0 0 
208 48 0 0 0 0 0 0 0 0 0 0 0 0 0 0 
240 48 0 0 0 0 0 0 0 0 0 0 0 0 0 0 
272 48 0 0 0 0 0 0 0 0 0 0 0 0 0 0 
304 48 0 0 0 0 0 0 0 0 0 0 0 0 0 0 
336 48 0 0 0 0 0 0 0 0 0 0 0 0 0 0 
368 48 0 0 0 0 0 0 0 0 0 0 0 0 0 0 
400 48 0 0 0 0 0 0 0 0 0 0 0 0 0 0 
432 48 0 0 0 0 0 0 0 0 0 0 0 0 0 0 
464 48 0 0 0 0 0 0 0 0 0 0 0 0 0 0 
496 48 0 0 0 0 0 0 0 0 0 0 0 0 0 0 
528 48 0 0 0 0 0 0 0 0 0 0 0 0 0 0 
560 48 0 0 0 0 0 0 0 0 0 0 0 0 0 0 
592 48 0 0 0 0 0 0 0 0 0 0 0 0 0 0 
624 48 0 0 0 0 0 0 0 0 0 0 0 0 0 0 
656 48 0 0 0 0 0 0 0 0 0 0 0 0 0 0 
688 48 0 0 0 0 0 0 0 0 0 0 0 0 0 0 
720 48 0 0 0 0 0 0 0 0 0 0 0 0 0 0 
752 48 0 0 0 0 0 0 0 0 0 0 0 0 0 0 
784 48 0 0 0 0 0 0 0 0 0 0 0 0 0 0 
816 48 0 0 0 0 0 0 0 0 0 0 0 0 0 0 
848 48 0 0 0 0 0 0 0 0 0 0 0 0 0 0 
880 48 0 0 0 0 0 0 0 0 0 0 0 0 0 0 
912 48 0 0 0 0 0 0 0 0 0 0 0 0 0 0 
944 48 0 0 0 0 0 0 0 0 0 0 0 0 0 0 
976 48 0 0 0 0 0 0 0 0 0 0 0 0 0 0 
1008 48 0 0 0 0 0 0 0 0 0 0 0 0 0 0 
1040 48 0 0 0 0 0 0 0 0 0 0 0 0 0 0 
1072 48 0 0 0 0 0 0 0 0 0 0 0 0 0 0 
1104 48 0 0 0 0 0 0 0 0 0 0 0 0 0 0 
1136 48 0 0 0 0 0 0 0 0 0 0 0 0 0 0 
1168 48 0 0 0 0 0 0 0 0 0 0 0 0 0 0 
1200 48 0 0 0 0 0 0 0 0 0 0 0 0 0 0 
1232 48 0 0 0 0 0 0 0 0 0 0 0 0 0 0 
1264 48 0 0 0 0 0 0 0 0 0 0 0 0 0 0 
1296 48 0 0 0 0 0 0 0 0 0 0 0 0 0 0 
1328 48 0 0 0 0 0 0 0 0 0 0 0 0 0 0 
1360 48 0 0 0 0 0 0 0 0 0 0 0 0 0 0 
1392 48 0 0 0 0 0 0 0 0 0 0 0 0 0 0 
1424 48 0 0 0 0 0 0 0 0 0 0 0 0 0 0 
1456 48 0 0 0 0 0 0 0 0 0 0 0 0 0 0 
1488 48 0 0 0 0 0 0 0 0 0 0 0 0 0 0 
1520 48 0 0 0 0 0 0 0 0 0 0 0 0 0 0 
1552 48 0 0 0 0 0 0 0 0 0 0 0 0 0 0 
1584 48 0 0 0 0 0 0 0 0 0 0 0 0 0 0 
1616 48 0 0 0 0 0 0 0 0 0 0 0 0 0 0 
1648 48 0 0 0 0 0 0 0 0 0 0 0 0 0 0 
1680 48 0 0 0 0 0 0 0 0 0 0 0 0 0 0 
1712 48 0 0 0 0 0 0 0 0 0 0 0 0 0 0 
1744 48 0 0 0 0 0 0 0 0 0 0 0 0 0 0 
1776 48 0 0 0 0 0 0 0 0 0 0 0 0 0 0 
1808 48 0 0 0 0 0 0 0 0 0 0 0 0 0 0 
1840 48 0 0 0 0 0 0 0 0 0 0 0 0 0 0 
1872 48 0 0 0 0 0 0 0 0 0 0 0 0 0 0 
1904 48 0 0 0 0 0 0 0 0 0 0 0 0 0 0 
1936 48 0 0 0 0 0 0 0 0 0 0 0 0 0 0 
1968 48 0 0 0 0 0 0 0 0 0 0 0 0 0 0 
2000 48 0 0 0 0 0 0 0 0 0 0 0 0 0 0 
2032 48 0 0 0 0 0 0 0 0 0 0 0 0 0 0 
2064 48 0 0 0 0 0 0 0 0 0 0 0 0 0 0 
2096 48 0 0 0 0 0 0 0 0 0 0 0 0 0 0 
2128 48 0 0 0 0 0 0 0 0 0 0 0 0 0 0 
2160 48 0 0 0 0 0 0 0 0 0 0 0 0 0 0 
2192 48 0 0 0 0 0 0 0 0 0 0 0 0 0 0 
2224 48 0 0 0 0 0 0 0 0 0 0 0 0 0 0 
2256 48 0 0 0 0 0 0 0 0 0 0 0 0 0 0 
2288 48 0 0 0 0 0 0 0 0 0 0 0 0 0 0 
2320 48 0 0 0 0 0 0 0 0 0 0 0 0 0 0 
2352 48 0 0 0 0 0 0 0 0 0 0 0 0 0 0 
2384 48 0 0 0 0 0 0 0 0 0 0 0 0 0 0 
2416 48 0 0 0 0 0 0 0 0 0 0 0 0 0 0 
2448 48 0 0 0 0 0 0 0 0 0 0 0 0 0 0 
2480 48 0 0 0 0 0 0 0 0 0 0 0 0 0 0 
2512 48 0 0 0 0 0 0 0 0 0 0 0 0 0 0 
48 80 0 0 0 0 0 0 0 0 0 0 0 0 0 0 
80 80 0 0 0 0 0 0 0 0 0 0 0 0 0 0 
112 80 0 0 0 0 0 0 0 0 0 0 0 0 0 0 
144 80 0 0 0 0 0 0 0 0 0 0 0 0 0 0 
176 80 0 0 0 0 0 0 0 0 0 0 0 0 0 0 
208 80 0 0 0 0 0 0 0 0 0 0 0 0 0 0 
240 80 0 0 0 0 0 0 0 0 0 0 0 0 0 0 
272 80 0 0 0 0 0 0 0 0 0 0 0 0 0 0 
304 80 0 0 0 0 0 0 0 0 0 0 0 0 0 0 
336 80 0 0 0 0 0 0 0 0 0 0 0 0 0 0 
368 80 0 0 0 0 0 0 0 0 0 0 0 0 0 0 
400 80 0 0 0 0 0 0 0 0 0 0 0 0 0 0 
432 80 0 0 0 0 0 0 0 0 0 0 0 0 0 0 
464 80 0 0 0 0 0 0 0 0 0 0 0 0 0 0 
496 80 0 0 0 0 0 0 0 0 0 0 0 0 0 0 
528 80 0 0 0 0 0 0 0 0 0 0 0 0 0 0 
560 80 0 0 0 0 0 0 0 0 0 0 0 0 0 0 
592 80 0 0 0 0 0 0 0 0 0 0 0 0 0 0 
624 80 0 0 0 0 0 0 0 0 0 0 0 0 0 0 
656 80 0 0 0 0 0 0 0 0 0 0 0 0 0 0 
688 80 0 0 0 0 0 0 0 0 0 0 0 0 0 0 
720 80 0 0 0 0 0 0 0 0 0 0 0 0 0 0 
752 80 0 0 0 0 0 0 0 0 0 0 0 0 0 0 
784 80 0 0 0 0 0 0 0 0 0 0 0 0 0 0 
816 80 0 0 0 0 0 0 0 0 0 0 0 0 0 0 
848 80 0 0 0 0 0 0 0 0 0 0 0 0 0 0 
880 80 0 0 0 0 0 0 0 0 0 0 0 0 0 0 
912 80 0 0 0 0 0 0 0 0 0 0 0 0 0 0 
944 80 0 0 0 0 0 0 0 0 0 0 0 0 0 0 
976 80 0 0 0 0 0 0 0 0 0 0 0 0 0 0 
1008 80 0 0 0 0 0 0 0 0 0 0 0 0 0 0 
1040 80 0 0 0 0 0 0 0 0 0 0 0 0 0 0 
1072 80 0 0 0 0 0 0 0 0 0 0 0 0 0 0 
1104 80 0 0 0 0 0 0 0 0 0 0 0 0 0 0 
1136 80 0 0 0 0 0 0 0 0 0 0 0 0 0 0 
1168 80 0 0 0 0 0 0 0 0 0 0 0 0 0 0 
1200 80 0 0 0 0 0 0 0 0 0 0 0 0 0 0 
1232 80 0 0 0 0 0 0 0 0 0 0 0 0 0 0 
1264 80 0 0 0 0 0 0 0 0 0 0 0 0 0 0 
1296 80 0 0 0 0 0 0 0 0 0 0 0 0 0 0 
1328 80 0 0 0 0 0 0 0 0 0 0 0 0 0 0 
1360 80 0 0 0 0 0 0 0 0 0 0 0 0 0 0 
1392 80 0 0 0 0 0 0 0 0 0 0 0 0 0 0 
1424 80 0 0 0 0 0 0 0 0 0 0 0 0 0 0 
1456 80 0 0 0 0 0 0 0 0 0 0 0 0 0 0 
1488 80 0 0 0 0 0 0 0 0 0 0 0 0 0 0 
1520 80 0 0 0 0 0 0 0 0 0 0 0 0 0 0 
1552 80 0 0 0 0 0 0 0 0 0 0 0 0 0 0 
1584 80 0 0 0 0 0 0 0 0 0 0 0 0 0 0 
1616 80 0 0 0 0 0 0 0 0 0 0 0 0 0 0 
1648 80 0 0 0 0 0 0 0 0 0 0 0 0 0 0 
1680 80 0 0 0 0 0 0 0 0 0 0 0 0 0 0 
1712 80 0 0 0 0 0 0 0 0 0 0 0 0 0 0 
1744 80 0 0 0 0 0 0 0 0 0 0 0 0 0 0 
1776 80 0 0 0 0 0 0 0 0 0 0 0 0 0 0 
1808 80 0 0 0 0 0 0 0 0 0 0 0 0 0 0 
1840 80 0 0 0 0 0 0 0 0 0 0 0 0 0 0 
1872 80 0 0 0 0 0 0 0 0 0 0 0 0 0 0 
1904 80 0 0 0 0 0 0 0 0 0 0 0 0 0 0 
1936 80 0 0 0 0 0 0 0 0 0 0 0 0 0 0 
1968 80 0 0 0 0 0 0 0 0 0 0 0 0 0 0 
2000 80 0 0 0 0 0 0 0 0 0 0 0 0 0 0 
2032 80 0 0 0 0 0 0 0 0 0 0 0 0 0 0 
2064 80 0 0 0 0 0 0 0 0 0 0 0 0 0 0 
2096 80 0 0 0 0 0 0 0 0 0 0 0 0 0 0 
2128 80 0 0 0 0 0 0 0 0 0 0 0 0 0 0 
2160 80 0 0 0 0 0 0 0 0 0 0 0 0 0 0 
2192 80 0 0 0 0 0 0 0 0 0 0 0 0 0 0 
2224 80 0 0 0 0 0 0 0 0 0 0 0 0 0 0 
2256 80 0 0 0 0 0 0 0 0 0 0 0 0 0 0 
2288 80 0 0 0 0 0 0 0 0 0 0 0 0 0 0 
2320 80 0 0 0 0 0 0 0 0 0 0 0 0 0 0 
2352 80 0 0 0 0 0 0 0 0 0 0 0 0 0 0 
2384 80 0 0 0 0 0 0 0 0 0 0 0 0 0 0 
2416 80 0 0 0 0 0 0 0 0 0 0 0 0 0 0 
2448 80 0 0 0 0 0 0 0 0 0 0 0 0 0 0 
2480 80 0 0 0 0 0 0 0 0 0 0 0 0 0 0 
2512 80 0 0 0 0 0 0 0 0 0 0 0 0 0 0 
48 112 0 0 0 0 0 0 0 0 0 0 0 0 0 0 
80 112 0 0 0 0 0 0 0 0 0 0 0 0 0 0 
112 112 0 0 0 0 0 0 0 0 0 0 0 0 0 0 
144 112 0 0 0 0 0 0 0 0 0 0 0 0 0 0 
176 112 0 0 0 0 0 0 0 0 0 0 0 0 0 0 
208 112 0 0 0 0 0 0 0 0 0 0 0 0 0 0 
240 112 0 0 0 0 0 0 0 0 0 0 0 0 0 0 
272 112 0 0 0 0 0 0 0 0 0 0 0 0 0 0 
304 112 0 0 0 0 0 0 0 0 0 0 0 0 0 0 
336 112 0 0 0 0 0 0 0 0 0 0 0 0 0 0 
368 112 0 0 0 0 0 0 0 0 0 0 0 0 0 0 
400 112 0 0 0 0 0 0 0 0 0 0 0 0 0 0 
432 112 0 0 0 0 0 0 0 0 0 0 0 0 0 0 
464 112 0 0 0 0 0 0 0 0 0 0 0 0 0 0 
496 112 0 0 0 0 0 0 0 0 0 0 0 0 0 0 
528 112 0 0 0 0 0 0 0 0 0 0 0 0 0 0 
560 112 0 0 0 0 0 0 0 0 0 0 0 0 0 0 
592 112 0 0 0 0 0 0 0 0 0 0 0 0 0 0 
624 112 0 0 0 0 0 0 0 0 0 0 0 0 0 0 
656 112 0 0 0 0 0 0 0 0 0 0 0 0 0 0 
688 112 0 0 0 0 0 0 0 0 0 0 0 0 0 0 
720 112 0 0 0 0 0 0 0 0 0 0 0 0 0 0 
752 112 0 0 0 0 0 0 0 0 0 0 0 0 0 0 
784 112 0 0 0 0 0 0 0 0 0 0 0 0 0 0 
816 112 0 0 0 0 0 0 0 0 0 0 0 0 0 0 
848 112 0 0 0 0 0 0 0 0 0 0 0 0 0 0 
880 112 0 0 0 0 0 0 0 0 0 0 0 0 0 0 
912 112 0 0 0 0 0 0 0 0 0 0 0 0 0 0 
944 112 0 0 0 0 0 0 0 0 0 0 0 0 0 0 
976 112 0 0 0 0 0 0 0 0 0 0 0 0 0 0 
1008 112 0 0 0 0 0 0 0 0 0 0 0 0 0 0 
1040 112 0 0 0 0 0 0 0 0 0 0 0 0 0 0 
1072 112 0 0 0 0 0 0 0 0 0 0 0 0 0 0 
1104 112 0 0 0 0 0 0 0 0 0 0 0 0 0 0 
1136 112 0 0 0 0 0 0 0 0 0 0 0 0 0 0 
1168 112 0 0 0 0 0 0 0 0 0 0 0 0 0 0 
1200 112 0 0 0 0 0 0 0 0 0 0 0 0 0 0 
1232 112 0 0 0 0 0 0 0 0 0 0 0 0 0 0 
1264 112 0 0 0 0 0 0 0 0 0 0 0 0 0 0 
1296 112 0 0 0 0 0 0 0 0 0 0 0 0 0 0 
1328 112 0 0 0 0 0 0 0 0 0 0 0 0 0 0 
1360 112 0 0 0 0 0 0 0 0 0 0 0 0 0 0 
1392 112 0 0 0 0 0 0 0 0 0 0 0 0 0 0 
1424 112 0 0 0 0 0 0 0 0 0 0 0 0 0 0 
1456 112 0 0 0 0 0 0 0 0 0 0 0 0 0 0 
1488 112 0 0 0 0 0 0 0 0 0 0 0 0 0 0 
1520 112 0 0 0 0 0 0 0 0 0 0 0 0 0 0 
1552 112 0 0 0 0 0 0 0 0 0 0 0 0 0 0 
1584 112 0 0 0 0 0 0 0 0 0 0 0 0 0 0 
1616 112 0 0 0 0 0 0 0 0 0 0 0 0 0 0 
1648 112 0 0 0 0 0 0 0 0 0 0 0 0 0 0 
1680 112 0 0 0 0 0 0 0 0 0 0 0 0 0 0 
1712 112 0 0 0 0 0 0 0 0 0 0 0 0 0 0 
1744 112 0 0 0 0 0 0 0 0 0 0 0 0 0 0 
1776 112 0 0 0 0 0 0 0 0 0 0 0 0 0 0 
1808 112 0 0 0 0 0 0 0 0 0 0 0 0 0 0 
1840 112 0 0 0 0 0 0 0 0 0 0 0 0 0 0 
1872 112 0 0 0 0 0 0 0 0 0 0 0 0 0 0 
1904 112 0 0 0 0 0 0 0 0 0 0 0 0 0 0 
1936 112 0 0 0 0 0 0 0 0 0 0 0 0 0 0 
1968 112 0 0 0 0 0 0 0 0 0 0 0 0 0 0 
2000 112 0 0 0 0 0 0 0 0 0 0 0 0 0 0 
2032 112 0 0 0 0 0 0 0 0 0 0 0 0 0 0 
2064 112 0 0 0 0 0 0 0 0 0 0 0 0 0 0 
2096 112 0 0 0 0 0 0 0 0 0 0 0 0 0 0 
2128 112 0 0 0 0 0 0 0 0 0 0 0 0 0 0 
2160 112 0 0 0 0 0 0 0 0 0 0 0 0 0 0 
2192 112 0 0 0 0 0 0 0 0 0 0 0 0 0 0 
2224 112 0 0 0 0 0 0 0 0 0 0 0 0 0 0 
2256 112 0 0 0 0 0 0 0 0 0 0 0 0 0 0 
2288 112 0 0 0 0 0 0 0 0 0 0 0 0 0 0 
2320 112 0 0 0 0 0 0 0 0 0 0 0 0 0 0 
2352 112 0 0 0 0 0 0 0 0 0 0 0 0 0 0 
2384 112 0 0 0 0 0 0 0 0 0 0 0 0 0 0 
2416 112 0 0 0 0 0 0 0 0 0 0 0 0 0 0 
2448 112 0 0 0 0 0 0 0 0 0 0 0 0 0 0 
2480 112 0 0 0 0 0 0 0 0 0 0 0 0 0 0 
2512 112 0 0 0 0 0 0 0 0 0 0 0 0 0 0 
48 144 0 0 0 0 0 0 0 0 0 0 0 0 0 0 
80 144 0 0 0 0 0 0 0 0 0 0 0 0 0 0 
112 144 0 0 0 0 0 0 0 0 0 0 0 0 0 0 
144 144 0 0 0 0 0 0 0 0 0 0 0 0 0 0 
176 144 0 0 0 0 0 0 0 0 0 0 0 0 0 0 
208 144 0 0 0 0 0 0 0 0 0 0 0 0 0 0 
240 144 0 0 0 0 0 0 0 0 0 0 0 0 0 0 
272 144 0 0 0 0 0 0 0 0 0 0 0 0 0 0 
304 144 0 0 0 0 0 0 0 0 0 0 0 0 0 0 
336 144 0 0 0 0 0 0 0 0 0 0 0 0 0 0 
368 144 0 0 0 0 0 0 0 0 0 0 0 0 0 0 
400 144 0 0 0 0 0 0 0 0 0 0 0 0 0 0 
432 144 0 0 0 0 0 0 0 0 0 0 0 0 0 0 
464 144 0 0 0 0 0 0 0 0 0 0 0 0 0 0 
496 144 0 0 0 0 0 0 0 0 0 0 0 0 0 0 
528 144 0 0 0 0 0 0 0 0 0 0 0 0 0 0 
560 144 0 0 0 0 0 0 0 0 0 0 0 0 0 0 
592 144 0 0 0 0 0 0 0 0 0 0 0 0 0 0 
624 144 0 0 0 0 0 0 0 0 0 0 0 0 0 0 
656 144 0 0 0 0 0 0 0 0 0 0 0 0 0 0 
688 144 0 0 0 0 0 0 0 0 0 0 0 0 0 0 
720 144 0 0 0 0 0 0 0 0 0 0 0 0 0 0 
752 144 0 0 0 0 0 0 0 0 0 0 0 0 0 0 
784 144 0 0 0 0 0 0 0 0 0 0 0 0 0 0 
816 144 0 0 0 0 0 0 0 0 0 0 0 0 0 0 
848 144 0 0 0 0 0 0 0 0 0 0 0 0 0 0 
880 144 0 0 0 0 0 0 0 0 0 0 0 0 0 0 
912 144 0 0 0 0 0 0 0 0 0 0 0 0 0 0 
944 144 0 0 0 0 0 0 0 0 0 0 0 0 0 0 
976 144 0 0 0 0 0 0 0 0 0 0 0 0 0 0 
1008 144 0 0 0 0 0 0 0 0 0 0 0 0 0 0 
1040 144 0 0 0 0 0 0 0 0 0 0 0 0 0 0 
1072 144 0 0 0 0 0 0 0 0 0 0 0 0 0 0 
1104 144 0 0 0 0 0 0 0 0 0 0 0 0 0 0 
1136 144 0 0 0 0 0 0 0 0 0 0 0 0 0 0 
1168 144 0 0 0 0 0 0 0 0 0 0 0 0 0 0 
1200 144 0 0 0 0 0 0 0 0 0 0 0 0 0 0 
1232 144 0 0 0 0 0 0 0 0 0 0 0 0 0 0 
1264 144 0 0 0 0 0 0 0 0 0 0 0 0 0 0 
1296 144 0 0 0 0 0 0 0 0 0 0 0 0 0 0 
1328 144 0 0 0 0 0 0 0 0 0 0 0 0 0 0 
1360 144 0 0 0 0 0 0 0 0 0 0 0 0 0 0 
1392 144 0 0 0 0 0 0 0 0 0 0 0 0 0 0 
1424 144 0 0 0 0 0 0 0 0 0 0 0 0 0 0 
1456 144 0 0 0 0 0 0 0 0 0 0 0 0 0 0 
1488 144 0 0 0 0 0 0 0 0 0 0 0 0 0 0 
1520 144 0 0 0 0 0 0 0 0 0 0 0 0 0 0 
1552 144 0 0 0 0 0 0 0 0 0 0 0 0 0 0 
1584 144 0 0 0 0 0 0 0 0 0 0 0 0 0 0 
1616 144 0 0 0 0 0 0 0 0 0 0 0 0 0 0 
1648 144 0 0 0 0 0 0 0 0 0 0 0 0 0 0 
1680 144 0 0 0 0 0 0 0 0 0 0 0 0 0 0 
1712 144 0 0 0 0 0 0 0 0 0 0 0 0 0 0 
1744 144 0 0 0 0 0 0 0 0 0 0 0 0 0 0 
1776 144 0 0 0 0 0 0 0 0 0 0 0 0 0 0 
1808 144 0 0 0 0 0 0 0 0 0 0 0 0 0 0 
1840 144 0 0 0 0 0 0 0 0 0 0 0 0 0 0 
1872 144 0 0 0 0 0 0 0 0 0 0 0 0 0 0 
1904 144 0 0 0 0 0 0 0 0 0 0 0 0 0 0 
1936 144 0 0 0 0 0 0 0 0 0 0 0 0 0 0 
1968 144 0 0 0 0 0 0 0 0 0 0 0 0 0 0 
2000 144 0 0 0 0 0 0 0 0 0 0 0 0 0 0 
2032 144 0 0 0 0 0 0 0 0 0 0 0 0 0 0 
2064 144 0 0 0 0 0 0 0 0 0 0 0 0 0 0 
2096 144 0 0 0 0 0 0 0 0 0 0 0 0 0 0 
2128 144 0 0 0 0 0 0 0 0 0 0 0 0 0 0 
2160 144 0 0 0 0 0 0 0 0 0 0 0 0 0 0 
2192 144 0 0 0 0 0 0 0 0 0 0 0 0 0 0 
2224 144 0 0 0 0 0 0 0 0 0 0 0 0 0 0 
2256 144 0 0 0 0 0 0 0 0 0 0 0 0 0 0 
2288 144 0 0 0 0 0 0 0 0 0 0 0 0 0 0 
2320 144 0 0 0 0 0 0 0 0 0 0 0 0 0 0 
2352 144 0 0 0 0 0 0 0 0 0 0 0 0 0 0 
2384 144 0 0 0 0 0 0 0 0 0 0 0 0 0 0 
2416 144 0 0 0 0 0 0 0 0 0 0 0 0 0 0 
2448 144 0 0 0 0 0 0 0 0 0 0 0 0 0 0 
2480 144 0 0 0 0 0 0 0 0 0 0 0 0 0 0 
2512 144 0 0 0 0 0 0 0 0 0 0 0 0 0 0 
48 176 0 0 0 0 0 0 0 0 0 0 0 0 0 0 
80 176 0 0 0 0 0 0 0 0 0 0 0 0 0 0 
112 176 0 0 0 0 0 0 0 0 0 0 0 0 0 0 
144 176 0 0 0 0 0 0 0 0 0 0 0 0 0 0 
176 176 0 0 0 0 0 0 0 0 0 0 0 0 0 0 
208 176 0 0 0 0 0 0 0 0 0 0 0 0 0 0 
240 176 0 0 0 0 0 0 0 0 0 0 0 0 0 0 
272 176 0 0 0 0 0 0 0 0 0 0 0 0 0 0 
304 176 0 0 0 0 0 0 0 0 0 0 0 0 0 0 
336 176 0 0 0 0 0 0 0 0 0 0 0 0 0 0 
368 176 0 0 0 0 0 0 0 0 0 0 0 0 0 0 
400 176 0 0 0 0 0 0 0 0 0 0 0 0 0 0 
432 176 0 0 0 0 0 0 0 0 0 0 0 0 0 0 
464 176 0 0 0 0 0 0 0 0 0 0 0 0 0 0 
496 176 0 0 0 0 0 0 0 0 0 0 0 0 0 0 
528 176 0 0 0 0 0 0 0 0 0 0 0 0 0 0 
560 176 0 0 0 0 0 0 0 0 0 0 0 0 0 0 
592 176 0 0 0 0 0 0 0 0 0 0 0 0 0 0 
624 176 0 0 0 0 0 0 0 0 0 0 0 0 0 0 
656 176 0 0 0 0 0 0 0 0 0 0 0 0 0 0 
688 176 0 0 0 0 0 0 0 0 0 0 0 0 0 0 
720 176 0 0 0 0 0 0 0 0 0 0 0 0 0 0 
752 176 0 0 0 0 0 0 0 0 0 0 0 0 0 0 
784 176 0 0 0 0 0 0 0 0 0 0 0 0 0 0 
816 176 0 0 0 0 0 0 0 0 0 0 0 0 0 0 
848 176 0 0 0 0 0 0 0 0 0 0 0 0 0 0 
880 176 0 0 0 0 0 0 0 0 0 0 0 0 0 0 
912 176 0 0 0 0 0 0 0 0 0 0 0 0 0 0 
944 176 0 0 0 0 0 0 0 0 0 0 0 0 0 0 
976 176 0 0 0 0 0 0 0 0 0 0 0 0 0 0 
1008 176 0 0 0 0 0 0 0 0 0 0 0 0 0 0 
1040 176 0 0 0 0 0 0 0 0 0 0 0 0 0 0 
1072 176 0 0 0 0 0 0 0 0 0 0 0 0 0 0 
1104 176 0 0 0 0 0 0 0 0 0 0 0 0 0 0 
1136 176 0 0 0 0 0 0 0 0 0 0 0 0 0 0 
1168 176 0 0 0 0 0 0 0 0 0 0 0 0 0 0 
1200 176 0 0 0 0 0 0 0 0 0 0 0 0 0 0 
1232 176 0 0 0 0 0 0 0 0 0 0 0 0 0 0 
1264 176 0 0 0 0 0 0 0 0 0 0 0 0 0 0 
1296 176 0 0 0 0 0 0 0 0 0 0 0 0 0 0 
1328 176 0 0 0 0 0 0 0 0 0 0 0 0 0 0 
1360 176 0 0 0 0 0 0 0 0 0 0 0 0 0 0 
1392 176 0 0 0 0 0 0 0 0 0 0 0 0 0 0 
1424 176 0 0 0 0 0 0 0 0 0 0 0 0 0 0 
1456 176 0 0 0 0 0 0 0 0 0 0 0 0 0 0 
1488 176 0 0 0 0 0 0 0 0 0 0 0 0 0 0 
1520 176 0 0 0 0 0 0 0 0 0 0 0 0 0 0 
1552 176 0 0 0 0 0 0 0 0 0 0 0 0 0 0 
1584 176 0 0 0 0 0 0 0 0 0 0 0 0 0 0 
1616 176 0 0 0 0 0 0 0 0 0 0 0 0 0 0 
1648 176 0 0 0 0 0 0 0 0 0 0 0 0 0 0 
1680 176 0 0 0 0 0 0 0 0 0 0 0 0 0 0 
1712 176 0 0 0 0 0 0 0 0 0 0 0 0 0 0 
1744 176 0 0 0 0 0 0 0 0 0 0 0 0 0 0 
1776 176 0 0 0 0 0 0 0 0 0 0 0 0 0 0 
1808 176 0 0 0 0 0 0 0 0 0 0 0 0 0 0 
1840 176 0 0 0 0 0 0 0 0 0 0 0 0 0 0 
1872 176 0 0 0 0 0 0 0 0 0 0 0 0 0 0 
1904 176 0 0 0 0 0 0 0 0 0 0 0 0 0 0 
1936 176 0 0 0 0 0 0 0 0 0 0 0 0 0 0 
1968 176 0 0 0 0 0 0 0 0 0 0 0 0 0 0 
2000 176 0 0 0 0 0 0 0 0 0 0 0 0 0 0 
2032 176 0 0 0 0 0 0 0 0 0 0 0 0 0 0 
2064 176 0 0 0 0 0 0 0 0 0 0 0 0 0 0 
2096 176 0 0 0 0 0 0 0 0 0 0 0 0 0 0 
2128 176 0 0 0 0 0 0 0 0 0 0 0 0 0 0 
2160 176 0 0 0 0 0 0 0 0 0 0 0 0 0 0 
2192 176 0 0 0 0 0 0 0 0 0 0 0 0 0 0 
2224 176 0 0 0 0 0 0 0 0 0 0 0 0 0 0 
2256 176 0 0 0 0 0 0 0 0 0 0 0 0 0 0 
2288 176 0 0 0 0 0 0 0 0 0 0 0 0 0 0 
2320 176 0 0 0 0 0 0 0 0 0 0 0 0 0 0 
2352 176 0 0 0 0 0 0 0 0 0 0 0 0 0 0 
2384 176 0 0 0 0 0 0 0 0 0 0 0 0 0 0 
2416 176 0 0 0 0 0 0 0 0 0 0 0 0 0 0 
2448 176 0 0 0 0 0 0 0 0 0 0 0 0 0 0 
2480 176 0 0 0 0 0 0 0 0 0 0 0 0 0 0 
2512 176 0 0 0 0 0 0 0 0 0 0 0 0 0 0 
48 208 0 0 0 0 0 0 0 0 0 0 0 0 0 0 
80 208 0 0 0 0 0 0 0 0 0 0 0 0 0 0 
112 208 0 0 0 0 0 0 0 0 0 0 0 0 0 0 
144 208 0 0 0 0 0 0 0 0 0 0 0 0 0 0 
176 208 0 0 0 0 0 0 0 0 0 0 0 0 0 0 
208 208 0 0 0 0 0 0 0 0 0 0 0 0 0 0 
240 208 0 0 0 0 0 0 0 0 0 0 0 0 0 0 
272 208 0 0 0 0 0 0 0 0 0 0 0 0 0 0 
304 208 0 0 0 0 0 0 0 0 0 0 0 0 0 0 
336 208 0 0 0 0 0 0 0 0 0 0 0 0 0 0 
368 208 0 0 0 0 0 0 0 0 0 0 0 0 0 0 
400 208 0 0 0 0 0 0 0 0 0 0 0 0 0 0 
432 208 0 0 0 0 0 0 0 0 0 0 0 0 0 0 
464 208 0 0 0 0 0 0 0 0 0 0 0 0 0 0 
496 208 0 0 0 0 0 0 0 0 0 0 0 0 0 0 
528 208 0 0 0 0 0 0 0 0 0 0 0 0 0 0 
560 208 0 0 0 0 0 0 0 0 0 0 0 0 0 0 
592 208 0 0 0 0 0 0 0 0 0 0 0 0 0 0 
624 208 0 0 0 0 0 0 0 0 0 0 0 0 0 0 
656 208 0 0 0 0 0 0 0 0 0 0 0 0 0 0 
688 208 0 0 0 0 0 0 0 0 0 0 0 0 0 0 
720 208 0 0 0 0 0 0 0 0 0 0 0 0 0 0 
752 208 0 0 0 0 0 0 0 0 0 0 0 0 0 0 
784 208 0 0 0 0 0 0 0 0 0 0 0 0 0 0 
816 208 0 0 0 0 0 0 0 0 0 0 0 0 0 0 
848 208 0 0 0 0 0 0 0 0 0 0 0 0 0 0 
880 208 0 0 0 0 0 0 0 0 0 0 0 0 0 0 
912 208 0 0 0 0 0 0 0 0 0 0 0 0 0 0 
944 208 0 0 0 0 0 0 0 0 0 0 0 0 0 0 
976 208 0 0 0 0 0 0 0 0 0 0 0 0 0 0 
1008 208 0 0 0 0 0 0 0 0 0 0 0 0 0 0 
1040 208 0 0 0 0 0 0 0 0 0 0 0 0 0 0 
1072 208 0 0 0 0 0 0 0 0 0 0 0 0 0 0 
1104 208 0 0 0 0 0 0 0 0 0 0 0 0 0 0 
1136 208 0 0 0 0 0 0 0 0 0 0 0 0 0 0 
1168 208 0 0 0 0 0 0 0 0 0 0 0 0 0 0 
1200 208 0 0 0 0 0 0 0 0 0 0 0 0 0 0 
1232 208 0 0 0 0 0 0 0 0 0 0 0 0 0 0 
1264 208 0 0 0 0 0 0 0 0 0 0 0 0 0 0 
1296 208 0 0 0 0 0 0 0 0 0 0 0 0 0 0 
1328 208 0 0 0 0 0 0 0 0 0 0 0 0 0 0 
1360 208 0 0 0 0 0 0 0 0 0 0 0 0 0 0 
1392 208 0 0 0 0 0 0 0 0 0 0 0 0 0 0 
1424 208 0 0 0 0 0 0 0 0 0 0 0 0 0 0 
1456 208 0 0 0 0 0 0 0 0 0 0 0 0 0 0 
1488 208 0 0 0 0 0 0 0 0 0 0 0 0 0 0 
1520 208 0 0 0 0 0 0 0 0 0 0 0 0 0 0 
1552 208 0 0 0 0 0 0 0 0 0 0 0 0 0 0 
1584 208 0 0 0 0 0 0 0 0 0 0 0 0 0 0 
1616 208 0 0 0 0 0 0 0 0 0 0 0 0 0 0 
1648 208 0 0 0 0 0 0 0 0 0 0 0 0 0 0 
1680 208 0 0 0 0 0 0 0 0 0 0 0 0 0 0 
1712 208 0 0 0 0 0 0 0 0 0 0 0 0 0 0 
1744 208 0 0 0 0 0 0 0 0 0 0 0 0 0 0 
1776 208 0 0 0 0 0 0 0 0 0 0 0 0 0 0 
1808 208 0 0 0 0 0 0 0 0 0 0 0 0 0 0 
1840 208 0 0 0 0 0 0 0 0 0 0 0 0 0 0 
1872 208 0 0 0 0 0 0 0 0 0 0 0 0 0 0 
1904 208 0 0 0 0 0 0 0 0 0 0 0 0 0 0 
1936 208 0 0 0 0 0 0 0 0 0 0 0 0 0 0 
1968 208 0 0 0 0 0 0 0 0 0 0 0 0 0 0 
2000 208 0 0 0 0 0 0 0 0 0 0 0 0 0 0 
2032 208 0 0 0 0 0 0 0 0 0 0 0 0 0 0 
2064 208 0 0 0 0 0 0 0 0 0 0 0 0 0 0 
2096 208 0 0 0 0 0 0 0 0 0 0 0 0 0 0 
2128 208 0 0 0 0 0 0 0 0 0 0 0 0 0 0 
2160 208 0 0 0 0 0 0 0 0 0 0 0 0 0 0 
2192 208 0 0 0 0 0 0 0 0 0 0 0 0 0 0 
2224 208 0 0 0 0 0 0 0 0 0 0 0 0 0 0 
2256 208 0 0 0 0 0 0 0 0 0 0 0 0 0 0 
2288 208 0 0 0 0 0 0 0 0 0 0 0 0 0 0 
2320 208 0 0 0 0 0 0 0 0 0 0 0 0 0 0 
2352 208 0 0 0 0 0 0 0 0 0 0 0 0 0 0 
2384 208 0 0 0 0 0 0 0 0 0 0 0 0 0 0 
2416 208 0 0 0 0 0 0 0 0 0 0 0 0 0 0 
2448 208 0 0 0 0 0 0 0 0 0 0 0 0 0 0 
2480 208 0 0 0 0 0 0 0 0 0 0 0 0 0 0 
2512 208 0 0 0 0 0 0 0 0 0 0 0 0 0 0 
48 240 0 0 0 0 0 0 0 0 0 0 0 0 0 0 
80 240 0 0 0 0 0 0 0 0 0 0 0 0 0 0 
112 240 0 0 0 0 0 0 0 0 0 0 0 0 0 0 
144 240 0 0 0 0 0 0 0 0 0 0 0 0 0 0 
176 240 0 0 0 0 0 0 0 0 0 0 0 0 0 0 
208 240 0 0 0 0 0 0 0 0 0 0 0 0 0 0 
240 240 0 0 0 0 0 0 0 0 0 0 0 0 0 0 
272 240 0 0 0 0 0 0 0 0 0 0 0 0 0 0 
304 240 0 0 0 0 0 0 0 0 0 0 0 0 0 0 
336 240 0 0 0 0 0 0 0 0 0 0 0 0 0 0 
368 240 0 0 0 0 0 0 0 0 0 0 0 0 0 0 
400 240 0 0 0 0 0 0 0 0 0 0 0 0 0 0 
432 240 0 0 0 0 0 0 0 0 0 0 0 0 0 0 
464 240 0 0 0 0 0 0 0 0 0 0 0 0 0 0 
496 240 0 0 0 0 0 0 0 0 0 0 0 0 0 0 
528 240 0 0 0 0 0 0 0 0 0 0 0 0 0 0 
560 240 0 0 0 0 0 0 0 0 0 0 0 0 0 0 
592 240 0 0 0 0 0 0 0 0 0 0 0 0 0 0 
624 240 0 0 0 0 0 0 0 0 0 0 0 0 0 0 
656 240 0 0 0 0 0 0 0 0 0 0 0 0 0 0 
688 240 0 0 0 0 0 0 0 0 0 0 0 0 0 0 
720 240 0 0 0 0 0 0 0 0 0 0 0 0 0 0 
752 240 0 0 0 0 0 0 0 0 0 0 0 0 0 0 
784 240 0 0 0 0 0 0 0 0 0 0 0 0 0 0 
816 240 0 0 0 0 0 0 0 0 0 0 0 0 0 0 
848 240 0 0 0 0 0 0 0 0 0 0 0 0 0 0 
880 240 0 0 0 0 0 0 0 0 0 0 0 0 0 0 
912 240 0 0 0 0 0 0 0 0 0 0 0 0 0 0 
944 240 0 0 0 0 0 0 0 0 0 0 0 0 0 0 
976 240 0 0 0 0 0 0 0 0 0 0 0 0 0 0 
1008 240 0 0 0 0 0 0 0 0 0 0 0 0 0 0 
1040 240 0 0 0 0 0 0 0 0 0 0 0 0 0 0 
1072 240 0 0 0 0 0 0 0 0 0 0 0 0 0 0 
1104 240 0 0 0 0 0 0 0 0 0 0 0 0 0 0 
1136 240 0 0 0 0 0 0 0 0 0 0 0 0 0 0 
1168 240 0 0 0 0 0 0 0 0 0 0 0 0 0 0 
1200 240 0 0 0 0 0 0 0 0 0 0 0 0 0 0 
1232 240 0 0 0 0 0 0 0 0 0 0 0 0 0 0 
1264 240 0 0 0 0 0 0 0 0 0 0 0 0 0 0 
1296 240 0 0 0 0 0 0 0 0 0 0 0 0 0 0 
1328 240 0 0 0 0 0 0 0 0 0 0 0 0 0 0 
1360 240 0 0 0 0 0 0 0 0 0 0 0 0 0 0 
1392 240 0 0 0 0 0 0 0 0 0 0 0 0 0 0 
1424 240 0 0 0 0 0 0 0 0 0 0 0 0 0 0 
1456 240 0 0 0 0 0 0 0 0 0 0 0 0 0 0 
1488 240 0 0 0 0 0 0 0 0 0 0 0 0 0 0 
1520 240 0 0 0 0 0 0 0 0 0 0 0 0 0 0 
1552 240 0 0 0 0 0 0 0 0 0 0 0 0 0 0 
1584 240 0 0 0 0 0 0 0 0 0 0 0 0 0 0 
1616 240 0 0 0 0 0 0 0 0 0 0 0 0 0 0 
1648 240 0 0 0 0 0 0 0 0 0 0 0 0 0 0 
1680 240 0 0 0 0 0 0 0 0 0 0 0 0 0 0 
1712 240 0 0 0 0 0 0 0 0 0 0 0 0 0 0 
1744 240 0 0 0 0 0 0 0 0 0 0 0 0 0 0 
1776 240 0 0 0 0 0 0 0 0 0 0 0 0 0 0 
1808 240 0 0 0 0 0 0 0 0 0 0 0 0 0 0 
1840 240 0 0 0 0 0 0 0 0 0 0 0 0 0 0 
1872 240 0 0 0 0 0 0 0 0 0 0 0 0 0 0 
1904 240 0 0 0 0 0 0 0 0 0 0 0 0 0 0 
1936 240 0 0 0 0 0 0 0 0 0 0 0 0 0 0 
1968 240 0 0 0 0 0 0 0 0 0 0 0 0 0 0 
2000 240 0 0 0 0 0 0 0 0 0 0 0 0 0 0 
2032 240 0 0 0 0 0 0 0 0 0 0 0 0 0 0 
2064 240 0 0 0 0 0 0 0 0 0 0 0 0 0 0 
2096 240 0 0 0 0 0 0 0 0 0 0 0 0 0 0 
2128 240 0 0 0 0 0 0 0 0 0 0 0 0 0 0 
2160 240 0 0 0 0 0 0 0 0 0 0 0 0 0 0 
2192 240 0 0 0 0 0 0 0 0 0 0 0 0 0 0 
2224 240 0 0 0 0 0 0 0 0 0 0 0 0 0 0 
2256 240 0 0 0 0 0 0 0 0 0 0 0 0 0 0 
2288 240 0 0 0 0 0 0 0 0 0 0 0 0 0 0 
2320 240 0 0 0 0 0 0 0 0 0 0 0 0 0 0 
2352 240 0 0 0 0 0 0 0 0 0 0 0 0 0 0 
2384 240 0 0 0 0 0 0 0 0 0 0 0 0 0 0 
2416 240 0 0 0 0 0 0 0 0 0 0 0 0 0 0 
2448 240 0 0 0 0 0 0 0 0 0 0 0 0 0 0 
2480 240 0 0 0 0 0 0 0 0 0 0 0 0 0 0 
2512 240 0 0 0 0 0 0 0 0 0 0 0 0 0 0 
48 272 0 0 0 0 0 0 0 0 0 0 0 0 0 0 
80 272 0 0 0 0 0 0 0 0 0 0 0 0 0 0 
112 272 0 0 0 0 0 0 0 0 0 0 0 0 0 0 
144 272 0 0 0 0 0 0 0 0 0 0 0 0 0 0 
176 272 0 0 0 0 0 0 0 0 0 0 0 0 0 0 
208 272 0 0 0 0 0 0 0 0 0 0 0 0 0 0 
240 272 0 0 0 0 0 0 0 0 0 0 0 0 0 0 
272 272 0 0 0 0 0 0 0 0 0 0 0 0 0 0 
304 272 0 0 0 0 0 0 0 0 0 0 0 0 0 0 
336 272 0 0 0 0 0 0 0 0 0 0 0 0 0 0 
368 272 0 0 0 0 0 0 0 0 0 0 0 0 0 0 
400 272 0 0 0 0 0 0 0 0 0 0 0 0 0 0 
432 272 0 0 0 0 0 0 0 0 0 0 0 0 0 0 
464 272 0 0 0 0 0 0 0 0 0 0 0 0 0 0 
496 272 0 0 0 0 0 0 0 0 0 0 0 0 0 0 
528 272 0 0 0 0 0 0 0 0 0 0 0 0 0 0 
560 272 0 0 0 0 0 0 0 0 0 0 0 0 0 0 
592 272 0 0 0 0 0 0 0 0 0 0 0 0 0 0 
624 272 0 0 0 0 0 0 0 0 0 0 0 0 0 0 
656 272 0 0 0 0 0 0 0 0 0 0 0 0 0 0 
688 272 0 0 0 0 0 0 0 0 0 0 0 0 0 0 
720 272 0 0 0 0 0 0 0 0 0 0 0 0 0 0 
752 272 0 0 0 0 0 0 0 0 0 0 0 0 0 0 
784 272 0 0 0 0 0 0 0 0 0 0 0 0 0 0 
816 272 0 0 0 0 0 0 0 0 0 0 0 0 0 0 
848 272 0 0 0 0 0 0 0 0 0 0 0 0 0 0 
880 272 0 0 0 0 0 0 0 0 0 0 0 0 0 0 
912 272 0 0 0 0 0 0 0 0 0 0 0 0 0 0 
944 272 0 0 0 0 0 0 0 0 0 0 0 0 0 0 
976 272 0 0 0 0 0 0 0 0 0 0 0 0 0 0 
1008 272 0 0 0 0 0 0 0 0 0 0 0 0 0 0 
1040 272 0 0 0 0 0 0 0 0 0 0 0 0 0 0 
1072 272 0 0 0 0 0 0 0 0 0 0 0 0 0 0 
1104 272 0 0 0 0 0 0 0 0 0 0 0 0 0 0 
1136 272 0 0 0 0 0 0 0 0 0 0 0 0 0 0 
1168 272 0 0 0 0 0 0 0 0 0 0 0 0 0 0 
1200 272 0 0 0 0 0 0 0 0 0 0 0 0 0 0 
1232 272 0 0 0 0 0 0 0 0 0 0 0 0 0 0 
1264 272 0 0 0 0 0 0 0 0 0 0 0 0 0 0 
1296 272 0 0 0 0 0 0 0 0 0 0 0 0 0 0 
1328 272 0 0 0 0 0 0 0 0 0 0 0 0 0 0 
1360 272 0 0 0 0 0 0 0 0 0 0 0 0 0 0 
1392 272 0 0 0 0 0 0 0 0 0 0 0 0 0 0 
1424 272 0 0 0 0 0 0 0 0 0 0 0 0 0 0 
1456 272 0 0 0 0 0 0 0 0 0 0 0 0 0 0 
1488 272 0 0 0 0 0 0 0 0 0 0 0 0 0 0 
1520 272 0 0 0 0 0 0 0 0 0 0 0 0 0 0 
1552 272 0 0 0 0 0 0 0 0 0 0 0 0 0 0 
1584 272 0 0 0 0 0 0 0 0 0 0 0 0 0 0 
1616 272 0 0 0 0 0 0 0 0 0 0 0 0 0 0 
1648 272 0 0 0 0 0 0 0 0 0 0 0 0 0 0 
1680 272 0 0 0 0 0 0 0 0 0 0 0 0 0 0 
1712 272 0 0 0 0 0 0 0 0 0 0 0 0 0 0 
1744 272 0 0 0 0 0 0 0 0 0 0 0 0 0 0 
1776 272 0 0 0 0 0 0 0 0 0 0 0 0 0 0 
1808 272 0 0 0 0 0 0 0 0 0 0 0 0 0 0 
1840 272 0 0 0 0 0 0 0 0 0 0 0 0 0 0 
1872 272 0 0 0 0 0 0 0 0 0 0 0 0 0 0 
1904 272 0 0 0 0 0 0 0 0 0 0 0 0 0 0 
1936 272 0 0 0 0 0 0 0 0 0 0 0 0 0 0 
1968 272 0 0 0 0 0 0 0 0 0 0 0 0 0 0 
2000 272 0 0 0 0 0 0 0 0 0 0 0 0 0 0 
2032 272 0 0 0 0 0 0 0 0 0 0 0 0 0 0 
2064 272 0 0 0 0 0 0 0 0 0 0 0 0 0 0 
2096 272 0 0 0 0 0 0 0 0 0 0 0 0 0 0 
2128 272 0 0 0 0 0 0 0 0 0 0 0 0 0 0 
2160 272 0 0 0 0 0 0 0 0 0 0 0 0 0 0 
2192 272 0 0 0 0 0 0 0 0 0 0 0 0 0 0 
2224 272 0 0 0 0 0 0 0 0 0 0 0 0 0 0 
2256 272 0 0 0 0 0 0 0 0 0 0 0 0 0 0 
2288 272 0 0 0 0 0 0 0 0 0 0 0 0 0 0 
2320 272 0 0 0 0 0 0 0 0 0 0 0 0 0 0 
2352 272 0 0 0 0 0 0 0 0 0 0 0 0 0 0 
2384 272 0 0 0 0 0 0 0 0 0 0 0 0 0 0 
2416 272 0 0 0 0 0 0 0 0 0 0 0 0 0 0 
2448 272 0 0 0 0 0 0 0 0 0 0 0 0 0 0 
2480 272 0 0 0 0 0 0 0 0 0 0 0 0 0 0 
2512 272 0 0 0 0 0 0 0 0 0 0 0 0 0 0 
48 304 0 0 0 0 0 0 0 0 0 0 0 0 0 0 
80 304 0 0 0 0 0 0 0 0 0 0 0 0 0 0 
112 304 0 0 0 0 0 0 0 0 0 0 0 0 0 0 
144 304 0 0 0 0 0 0 0 0 0 0 0 0 0 0 
176 304 0 0 0 0 0 0 0 0 0 0 0 0 0 0 
208 304 0 0 0 0 0 0 0 0 0 0 0 0 0 0 
240 304 0 0 0 0 0 0 0 0 0 0 0 0 0 0 
272 304 0 0 0 0 0 0 0 0 0 0 0 0 0 0 
304 304 0 0 0 0 0 0 0 0 0 0 0 0 0 0 
336 304 0 0 0 0 0 0 0 0 0 0 0 0 0 0 
368 304 0 0 0 0 0 0 0 0 0 0 0 0 0 0 
400 304 0 0 0 0 0 0 0 0 0 0 0 0 0 0 
432 304 0 0 0 0 0 0 0 0 0 0 0 0 0 0 
464 304 0 0 0 0 0 0 0 0 0 0 0 0 0 0 
496 304 0 0 0 0 0 0 0 0 0 0 0 0 0 0 
528 304 0 0 0 0 0 0 0 0 0 0 0 0 0 0 
560 304 0 0 0 0 0 0 0 0 0 0 0 0 0 0 
592 304 0 0 0 0 0 0 0 0 0 0 0 0 0 0 
624 304 0 0 0 0 0 0 0 0 0 0 0 0 0 0 
656 304 0 0 0 0 0 0 0 0 0 0 0 0 0 0 
688 304 0 0 0 0 0 0 0 0 0 0 0 0 0 0 
720 304 0 0 0 0 0 0 0 0 0 0 0 0 0 0 
752 304 0 0 0 0 0 0 0 0 0 0 0 0 0 0 
784 304 0 0 0 0 0 0 0 0 0 0 0 0 0 0 
816 304 0 0 0 0 0 0 0 0 0 0 0 0 0 0 
848 304 0 0 0 0 0 0 0 0 0 0 0 0 0 0 
880 304 0 0 0 0 0 0 0 0 0 0 0 0 0 0 
912 304 0 0 0 0 0 0 0 0 0 0 0 0 0 0 
944 304 0 0 0 0 0 0 0 0 0 0 0 0 0 0 
976 304 0 0 0 0 0 0 0 0 0 0 0 0 0 0 
1008 304 0 0 0 0 0 0 0 0 0 0 0 0 0 0 
1040 304 0 0 0 0 0 0 0 0 0 0 0 0 0 0 
1072 304 0 0 0 0 0 0 0 0 0 0 0 0 0 0 
1104 304 0 0 0 0 0 0 0 0 0 0 0 0 0 0 
1136 304 0 0 0 0 0 0 0 0 0 0 0 0 0 0 
1168 304 0 0 0 0 0 0 0 0 0 0 0 0 0 0 
1200 304 0 0 0 0 0 0 0 0 0 0 0 0 0 0 
1232 304 0 0 0 0 0 0 0 0 0 0 0 0 0 0 
1264 304 0 0 0 0 0 0 0 0 0 0 0 0 0 0 
1296 304 0 0 0 0 0 0 0 0 0 0 0 0 0 0 
1328 304 0 0 0 0 0 0 0 0 0 0 0 0 0 0 
1360 304 0 0 0 0 0 0 0 0 0 0 0 0 0 0 
1392 304 0 0 0 0 0 0 0 0 0 0 0 0 0 0 
1424 304 0 0 0 0 0 0 0 0 0 0 0 0 0 0 
1456 304 0 0 0 0 0 0 0 0 0 0 0 0 0 0 
1488 304 0 0 0 0 0 0 0 0 0 0 0 0 0 0 
1520 304 0 0 0 0 0 0 0 0 0 0 0 0 0 0 
1552 304 0 0 0 0 0 0 0 0 0 0 0 0 0 0 
1584 304 0 0 0 0 0 0 0 0 0 0 0 0 0 0 
1616 304 0 0 0 0 0 0 0 0 0 0 0 0 0 0 
1648 304 0 0 0 0 0 0 0 0 0 0 0 0 0 0 
1680 304 0 0 0 0 0 0 0 0 0 0 0 0 0 0 
1712 304 0 0 0 0 0 0 0 0 0 0 0 0 0 0 
1744 304 0 0 0 0 0 0 0 0 0 0 0 0 0 0 
1776 304 0 0 0 0 0 0 0 0 0 0 0 0 0 0 
1808 304 0 0 0 0 0 0 0 0 0 0 0 0 0 0 
1840 304 0 0 0 0 0 0 0 0 0 0 0 0 0 0 
1872 304 0 0 0 0 0 0 0 0 0 0 0 0 0 0 
1904 304 0 0 0 0 0 0 0 0 0 0 0 0 0 0 
1936 304 0 0 0 0 0 0 0 0 0 0 0 0 0 0 
1968 304 0 0 0 0 0 0 0 0 0 0 0 0 0 0 
2000 304 0 0 0 0 0 0 0 0 0 0 0 0 0 0 
2032 304 0 0 0 0 0 0 0 0 0 0 0 0 0 0 
2064 304 0 0 0 0 0 0 0 0 0 0 0 0 0 0 
2096 304 0 0 0 0 0 0 0 0 0 0 0 0 0 0 
2128 304 0 0 0 0 0 0 0 0 0 0 0 0 0 0 
2160 304 0 0 0 0 0 0 0 0 0 0 0 0 0 0 
2192 304 0 0 0 0 0 0 0 0 0 0 0 0 0 0 
2224 304 0 0 0 0 0 0 0 0 0 0 0 0 0 0 
2256 304 0 0 0 0 0 0 0 0 0 0 0 0 0 0 
2288 304 0 0 0 0 0 0 0 0 0 0 0 0 0 0 
2320 304 0 0 0 0 0 0 0 0 0 0 0 0 0 0 
2352 304 0 0 0 0 0 0 0 0 0 0 0 0 0 0 
2384 304 0 0 0 0 0 0 0 0 0 0 0 0 0 0 
2416 304 0 0 0 0 0 0 0 0 0 0 0 0 0 0 
2448 304 0 0 0 0 0 0 0 0 0 0 0 0 0 0 
2480 304 0 0 0 0 0 0 0 0 0 0 0 0 0 0 
2512 304 0 0 0 0 0 0 0 0 0 0 0 0 0 0 
48 336 0 0 0 0 0 0 0 0 0 0 0 0 0 0 
80 336 0 0 0 0 0 0 0 0 0 0 0 0 0 0 
112 336 0 0 0 0 0 0 0 0 0 0 0 0 0 0 
144 336 0 0 0 0 0 0 0 0 0 0 0 0 0 0 
176 336 0 0 0 0 0 0 0 0 0 0 0 0 0 0 
208 336 0 0 0 0 0 0 0 0 0 0 0 0 0 0 
240 336 0 0 0 0 0 0 0 0 0 0 0 0 0 0 
272 336 0 0 0 0 0 0 0 0 0 0 0 0 0 0 
304 336 0 0 0 0 0 0 0 0 0 0 0 0 0 0 
336 336 0 0 0 0 0 0 0 0 0 0 0 0 0 0 
368 336 0 0 0 0 0 0 0 0 0 0 0 0 0 0 
400 336 0 0 0 0 0 0 0 0 0 0 0 0 0 0 
432 336 0 0 0 0 0 0 0 0 0 0 0 0 0 0 
464 336 0 0 0 0 0 0 0 0 0 0 0 0 0 0 
496 336 0 0 0 0 0 0 0 0 0 0 0 0 0 0 
528 336 0 0 0 0 0 0 0 0 0 0 0 0 0 0 
560 336 0 0 0 0 0 0 0 0 0 0 0 0 0 0 
592 336 0 0 0 0 0 0 0 0 0 0 0 0 0 0 
624 336 0 0 0 0 0 0 0 0 0 0 0 0 0 0 
656 336 0 0 0 0 0 0 0 0 0 0 0 0 0 0 
688 336 0 0 0 0 0 0 0 0 0 0 0 0 0 0 
720 336 0 0 0 0 0 0 0 0 0 0 0 0 0 0 
752 336 0 0 0 0 0 0 0 0 0 0 0 0 0 0 
784 336 0 0 0 0 0 0 0 0 0 0 0 0 0 0 
816 336 0 0 0 0 0 0 0 0 0 0 0 0 0 0 
848 336 0 0 0 0 0 0 0 0 0 0 0 0 0 0 
880 336 0 0 0 0 0 0 0 0 0 0 0 0 0 0 
912 336 0 0 0 0 0 0 0 0 0 0 0 0 0 0 
944 336 0 0 0 0 0 0 0 0 0 0 0 0 0 0 
976 336 0 0 0 0 0 0 0 0 0 0 0 0 0 0 
1008 336 0 0 0 0 0 0 0 0 0 0 0 0 0 0 
1040 336 0 0 0 0 0 0 0 0 0 0 0 0 0 0 
1072 336 0 0 0 0 0 0 0 0 0 0 0 0 0 0 
1104 336 0 0 0 0 0 0 0 0 0 0 0 0 0 0 
1136 336 0 0 0 0 0 0 0 0 0 0 0 0 0 0 
1168 336 0 0 0 0 0 0 0 0 0 0 0 0 0 0 
1200 336 0 0 0 0 0 0 0 0 0 0 0 0 0 0 
1232 336 0 0 0 0 0 0 0 0 0 0 0 0 0 0 
1264 336 0 0 0 0 0 0 0 0 0 0 0 0 0 0 
1296 336 0 0 0 0 0 0 0 0 0 0 0 0 0 0 
1328 336 0 0 0 0 0 0 0 0 0 0 0 0 0 0 
1360 336 0 0 0 0 0 0 0 0 0 0 0 0 0 0 
1392 336 0 0 0 0 0 0 0 0 0 0 0 0 0 0 
1424 336 0 0 0 0 0 0 0 0 0 0 0 0 0 0 
1456 336 0 0 0 0 0 0 0 0 0 0 0 0 0 0 
1488 336 0 0 0 0 0 0 0 0 0 0 0 0 0 0 
1520 336 0 0 0 0 0 0 0 0 0 0 0 0 0 0 
1552 336 0 0 0 0 0 0 0 0 0 0 0 0 0 0 
1584 336 0 0 0 0 0 0 0 0 0 0 0 0 0 0 
1616 336 0 0 0 0 0 0 0 0 0 0 0 0 0 0 
1648 336 0 0 0 0 0 0 0 0 0 0 0 0 0 0 
1680 336 0 0 0 0 0 0 0 0 0 0 0 0 0 0 
1712 336 0 0 0 0 0 0 0 0 0 0 0 0 0 0 
1744 336 0 0 0 0 0 0 0 0 0 0 0 0 0 0 
1776 336 0 0 0 0 0 0 0 0 0 0 0 0 0 0 
1808 336 0 0 0 0 0 0 0 0 0 0 0 0 0 0 
1840 336 0 0 0 0 0 0 0 0 0 0 0 0 0 0 
1872 336 0 0 0 0 0 0 0 0 0 0 0 0 0 0 
1904 336 0 0 0 0 0 0 0 0 0 0 0 0 0 0 
1936 336 0 0 0 0 0 0 0 0 0 0 0 0 0 0 
1968 336 0 0 0 0 0 0 0 0 0 0 0 0 0 0 
2000 336 0 0 0 0 0 0 0 0 0 0 0 0 0 0 
2032 336 0 0 0 0 0 0 0 0 0 0 0 0 0 0 
2064 336 0 0 0 0 0 0 0 0 0 0 0 0 0 0 
2096 336 0 0 0 0 0 0 0 0 0 0 0 0 0 0 
2128 336 0 0 0 0 0 0 0 0 0 0 0 0 0 0 
2160 336 0 0 0 0 0 0 0 0 0 0 0 0 0 0 
2192 336 0 0 0 0 0 0 0 0 0 0 0 0 0 0 
2224 336 0 0 0 0 0 0 0 0 0 0 0 0 0 0 
2256 336 0 0 0 0 0 0 0 0 0 0 0 0 0 0 
2288 336 0 0 0 0 0 0 0 0 0 0 0 0 0 0 
2320 336 0 0 0 0 0 0 0 0 0 0 0 0 0 0 
2352 336 0 0 0 0 0 0 0 0 0 0 0 0 0 0 
2384 336 0 0 0 0 0 0 0 0 0 0 0 0 0 0 
2416 336 0 0 0 0 0 0 0 0 0 0 0 0 0 0 
2448 336 0 0 0 0 0 0 0 0 0 0 0 0 0 0 
2480 336 0 0 0 0 0 0 0 0 0 0 0 0 0 0 
2512 336 0 0 0 0 0 0 0 0 0 0 0 0 0 0 
48 368 0 0 0 0 0 0 0 0 0 0 0 0 0 0 
80 368 0 0 0 0 0 0 0 0 0 0 0 0 0 0 
112 368 0 0 0 0 0 0 0 0 0 0 0 0 0 0 
144 368 0 0 0 0 0 0 0 0 0 0 0 0 0 0 
176 368 0 0 0 0 0 0 0 0 0 0 0 0 0 0 
208 368 0 0 0 0 0 0 0 0 0 0 0 0 0 0 
240 368 0 0 0 0 0 0 0 0 0 0 0 0 0 0 
272 368 0 0 0 0 0 0 0 0 0 0 0 0 0 0 
304 368 0 0 0 0 0 0 0 0 0 0 0 0 0 0 
336 368 0 0 0 0 0 0 0 0 0 0 0 0 0 0 
368 368 0 0 0 0 0 0 0 0 0 0 0 0 0 0 
400 368 0 0 0 0 0 0 0 0 0 0 0 0 0 0 
432 368 0 0 0 0 0 0 0 0 0 0 0 0 0 0 
464 368 0 0 0 0 0 0 0 0 0 0 0 0 0 0 
496 368 0 0 0 0 0 0 0 0 0 0 0 0 0 0 
528 368 0 0 0 0 0 0 0 0 0 0 0 0 0 0 
560 368 0 0 0 0 0 0 0 0 0 0 0 0 0 0 
592 368 0 0 0 0 0 0 0 0 0 0 0 0 0 0 
624 368 0 0 0 0 0 0 0 0 0 0 0.000062621219 -0.000115445664 0.0001313359 0 
656 368 0 0 0 0 0 0 0 0 0 0 0.000187863658 -0.000346336993 0.000394007699 0 
688 368 0 0 0 0 0 0 0 0 0 0 0.000452409538 0.000171999226 0.000484002194 0 
720 368 0 0 0 0 0 0 0 0 0 0 0.000856258858 0.001439562994 0.001674968909 0 
752 368 0 0 0 0 0 0 0 0 0 0 0.00125368705 0.001032489115 0.001624119759 0 
784 368 0 0 0 0 0 0 0 0 0 0 0.001644694114 -0.00104922241 0.001950868113 0 
816 368 0 0 0 0 0 0 0 0 0 0 0.003024131929 -0.004400822737 0.005339720469 0 
848 368 0 0 0 0 0 0 0 0 0 0 0.005392000496 -0.009022311864 0.010510745964 0 
880 368 0 0 0 0 0 0 0 0 0 0 0.004597962958 -0.009778840826 0.010805877626 0 
912 368 0 0 0 0 0 0 0 0 0 0 0.000642019317 -0.006670409623 0.006701235211 0 
944 368 0 0 0 0 0 0 0 0 0 0 -0.000154253497 -0.003742905855 0.003746083072 0 
976 368 0 0 0 0 0 0 0 0 0 0 0.002209144516 -0.000996329523 0.002423425677 0 
1008 368 0 0 0 0 0 0 0 0 0 0 0.002882659303 -0.000032776839 0.002882845639 0 
1040 368 0 0 0 0 0 0 0 0 0 0 0.001866290863 -0.000852247804 0.002051674415 0 
1072 368 0 0 0 0 0 0 0 0 0 0 0.001690643719 -0.000881307119 0.001906561938 0 
1104 368 0 0 0 0 0 0 0 0 0 0 0.002355717872 -0.000119954783 0.002358769985 0 
1136 368 0 0 0 0 0 0 0 0 0 0 0.002277121139 0.000223427935 0.002288056101 0 
1168 368 0 0 0 0 0 0 0 0 0 0 0.001454853521 0.000148841034 0.001462447408 0 
1200 368 0 0 0 0 0 0 0 0 0 0 -0.000099231041 -0.000051181281 0.00011165269 0 
1232 368 0 0 0 0 0 0 0 0 0 0 -0.002385132548 -0.00037663901 0.002414687188 0 
1264 368 0 0 0 0 0 0 0 0 0 0 -0.002646062476 -0.000404525906 0.002676805529 0 
1296 368 0 0 0 0 0 0 0 0 0 0 -0.000882020825 -0.000134841969 0.00089226851 0 
1328 368 0 0 0 0 0 0 0 0 0 0 0 0 0 0 
1360 368 0 0 0 0 0 0 0 0 0 0 0 0 0 0 
1392 368 0 0 0 0 0 0 0 0 0 0 0 0 0 0 
1424 368 0 0 0 0 0 0 0 0 0 0 0 0 0 0 
1456 368 0 0 0 0 0 0 0 0 0 0 0 0 0 0 
1488 368 0 0 0 0 0 0 0 0 0 0 0 0 0 0 
1520 368 0 0 0 0 0 0 0 0 0 0 0 0 0 0 
1552 368 0 0 0 0 0 0 0 0 0 0 0 0 0 0 
1584 368 0 0 0 0 0 0 0 0 0 0 0 0 0 0 
1616 368 0 0 0 0 0 0 0 0 0 0 0 0 0 0 
1648 368 0 0 0 0 0 0 0 0 0 0 0 0 0 0 
1680 368 0 0 0 0 0 0 0 0 0 0 0 0 0 0 
1712 368 0 0 0 0 0 0 0 0 0 0 0 0 0 0 
1744 368 0 0 0 0 0 0 0 0 0 0 0 0 0 0 
1776 368 0 0 0 0 0 0 0 0 0 0 0 0 0 0 
1808 368 0 0 0 0 0 0 0 0 0 0 0 0 0 0 
1840 368 0 0 0 0 0 0 0 0 0 0 0 0 0 0 
1872 368 0 0 0 0 0 0 0 0 0 0 0 0 0 0 
1904 368 0 0 0 0 0 0 0 0 0 0 0 0 0 0 
1936 368 0 0 0 0 0 0 0 0 0 0 0 0 0 0 
1968 368 0 0 0 0 0 0 0 0 0 0 0 0 0 0 
2000 368 0 0 0 0 0 0 0 0 0 0 0 0 0 0 
2032 368 0 0 0 0 0 0 0 0 0 0 0 0 0 0 
2064 368 0 0 0 0 0 0 0 0 0 0 0 0 0 0 
2096 368 0 0 0 0 0 0 0 0 0 0 0 0 0 0 
2128 368 0 0 0 0 0 0 0 0 0 0 0 0 0 0 
2160 368 0 0 0 0 0 0 0 0 0 0 0 0 0 0 
2192 368 0 0 0 0 0 0 0 0 0 0 0 0 0 0 
2224 368 0 0 0 0 0 0 0 0 0 0 0 0 0 0 
2256 368 0 0 0 0 0 0 0 0 0 0 0 0 0 0 
2288 368 0 0 0 0 0 0 0 0 0 0 0 0 0 0 
2320 368 0 0 0 0 0 0 0 0 0 0 0 0 0 0 
2352 368 0 0 0 0 0 0 0 0 0 0 0 0 0 0 
2384 368 0 0 0 0 0 0 0 0 0 0 0 0 0 0 
2416 368 0 0 0 0 0 0 0 0 0 0 0 0 0 0 
2448 368 0 0 0 0 0 0 0 0 0 0 0 0 0 0 
2480 368 0 0 0 0 0 0 0 0 0 0 0 0 0 0 
2512 368 0 0 0 0 0 0 0 0 0 0 0 0 0 0 
48 400 0 0 0 0 0 0 0 0 0 0 0 0 0 0 
80 400 0 0 0 0 0 0 0 0 0 0 0 0 0 0 
112 400 0 0 0 0 0 0 0 0 0 0 0 0 0 0 
144 400 0 0 0 0 0 0 0 0 0 0 0 0 0 0 
176 400 0 0 0 0 0 0 0 0 0 0 0 0 0 0 
208 400 0 0 0 0 0 0 0 0 0 0 0 0 0 0 
240 400 0 0 0 0 0 0 0 0 0 0 0 0 0 0 
272 400 0 0 0 0 0 0 0 0 0 0 0 0 0 0 
304 400 0 0 0 0 0 0 0 0 0 0 0 0 0 0 
336 400 0 0 0 0 0 0 0 0 0 0 0 0 0 0 
368 400 0 0 0 0 0 0 0 0 0 0 0 0 0 0 
400 400 0 0 0 0 0 0 0 0 0 0 0 0 0 0 
432 400 0 0 0 0 0 0 0 0 0 0 0 0 0 0 
464 400 0 0 0 0 0 0 0 0 0 0 0 0 0 0 
496 400 0 0 0 0 0 0 0 0 0 0 0 0 0 0 
528 400 0 0 0 0 0 0 0 0 0 0 0 0 0 0 
560 400 0 0 0 0 0 0 0 0 0 0 0 0 0 0 
592 400 0 0 0 0 0 0 0 0 0 0 0 0 0 0 
624 400 0 0 0 0 0 0 0 0 0 0 0.000187863658 -0.000346336993 0.000394007699 0 
656 400 0 0 0 0 0 0 0 0 0 0 0.000563590975 -0.00103901098 0.001182023098 0 
688 400 0 0 0 0 0 0 0 0 0 0 0.001357228614 0.000515997679 0.001452006582 0 
720 400 0 0 0 0 0 0 0 0 0 0 0.002568776575 0.004318688981 0.005024906726 0 
752 400 0 0 0 0 0 0 0 0 0 0 0.003761061151 0.003097467345 0.004872359278 0 
784 400 0 0 0 0 0 0 0 0 0 0 0.004934082342 -0.003147667231 0.005852604339 0 
816 400 0 0 0 0 0 0 0 0 0 0 0.009072395787 -0.01320246821 0.016019161406 0 
848 400 0 0 0 0 0 0 0 0 0 0 0.016176001487 -0.027066935592 0.031532237892 0 
880 400 0 0 0 0 0 0 0 0 0 0 0.013793888875 -0.029336522479 0.032417632879 0 
912 400 0 0 0 0 0 0 0 0 0 0 0.001926057951 -0.02001122887 0.020103705632 0 
944 400 0 0 0 0 0 0 0 0 0 0 -0.000462760491 -0.011228717566 0.011238249217 0 
976 400 0 0 0 0 0 0 0 0 0 0 0.006627433548 -0.002988988568 0.00727027703 0 
1008 400 0 0 0 0 0 0 0 0 0 0 0.008647977908 -0.000098330517 0.008648536916 0 
1040 400 0 0 0 0 0 0 0 0 0 0 0.005598872589 -0.002556743413 0.006155023246 0 
1072 400 0 0 0 0 0 0 0 0 0 0 0.005071931158 -0.002643921357 0.005719685815 0 
1104 400 0 0 0 0 0 0 0 0 0 0 0.007067153615 -0.000359864348 0.007076309954 0 
1136 400 0 0 0 0 0 0 0 0 0 0 0.006831363417 0.000670283804 0.006864168304 0 
1168 400 0 0 0 0 0 0 0 0 0 0 0.004364560564 0.000446523101 0.004387342224 0 
1200 400 0 0 0 0 0 0 0 0 0 0 -0.000297693123 -0.000153543844 0.000334958069 0 
1232 400 0 0 0 0 0 0 0 0 0 0 -0.007155397645 -0.001129917031 0.007244061565 0 
1264 400 0 0 0 0 0 0 0 0 0 0 -0.007938187429 -0.001213577719 0.008030416586 0 
1296 400 0 0 0 0 0 0 0 0 0 0 -0.002646062476 -0.000404525906 0.002676805529 0 
1328 400 0 0 0 0 0 0 0 0 0 0 0 0 0 0 
1360 400 0 0 0 0 0 0 0 0 0 0 0 0 0 0 
1392 400 0 0 0 0 0 0 0 0 0 0 0 0 0 0 
1424 400 0 0 0 0 0 0 0 0 0 0 0 0 0 0 
1456 400 0 0 0 0 0 0 0 0 0 0 0 0 0 0 
1488 400 0 0 0 0 0 0 0 0 0 0 0 0 0 0 
1520 400 0 0 0 0 0 0 0 0 0 0 0 0 0 0 
1552 400 0 0 0 0 0 0 0 0 0 0 0 0 0 0 
1584 400 0 0 0 0 0 0 0 0 0 0 0 0 0 0 
1616 400 0 0 0 0 0 0 0 0 0 0 0 0 0 0 
1648 400 0 0 0 0 0 0 0 0 0 0 0 0 0 0 
1680 400 0 0 0 0 0 0 0 0 0 0 0 0 0 0 
1712 400 0 0 0 0 0 0 0 0 0 0 0 0 0 0 
1744 400 0 0 0 0 0 0 0 0 0 0 0 0 0 0 
1776 400 0 0 0 0 0 0 0 0 0 0 0 0 0 0 
1808 400 0 0 0 0 0 0 0 0 0 0 0 0 0 0 
1840 400 0 0 0 0 0 0 0 0 0 0 0 0 0 0 
1872 400 0 0 0 0 0 0 0 0 0 0 0 0 0 0 
1904 400 0 0 0 0 0 0 0 0 0 0 0 0 0 0 
1936 400 0 0 0 0 0 0 0 0 0 0 0 0 0 0 
1968 400 0 0 0 0 0 0 0 0 0 0 0 0 0 0 
2000 400 0 0 0 0 0 0 0 0 0 0 0 0 0 0 
2032 400 0 0 0 0 0 0 0 0 0 0 0 0 0 0 
2064 400 0 0 0 0 0 0 0 0 0 0 0 0 0 0 
2096 400 0 0 0 0 0 0 0 0 0 0 0 0 0 0 
2128 400 0 0 0 0 0 0 0 0 0 0 0 0 0 0 
2160 400 0 0 0 0 0 0 0 0 0 0 0 0 0 0 
2192 400 0 0 0 0 0 0 0 0 0 0 0 0 0 0 
2224 400 0 0 0 0 0 0 0 0 0 0 0 0 0 0 
2256 400 0 0 0 0 0 0 0 0 0 0 0 0 0 0 
2288 400 0 0 0 0 0 0 0 0 0 0 0 0 0 0 
2320 400 0 0 0 0 0 0 0 0 0 0 0 0 0 0 
2352 400 0 0 0 0 0 0 0 0 0 0 0 0 0 0 
2384 400 0 0 0 0 0 0 0 0 0 0 0 0 0 0 
2416 400 0 0 0 0 0 0 0 0 0 0 0 0 0 0 
2448 400 0 0 0 0 0 0 0 0 0 0 0 0 0 0 
2480 400 0 0 0 0 0 0 0 0 0 0 0 0 0 0 
2512 400 0 0 0 0 0 0 0 0 0 0 0 0 0 0 
48 432 0 0 0 0 0 0 0 0 0 0 0 0 0 0 
80 432 0 0 0 0 0 0 0 0 0 0 0 0 0 0 
112 432 0 0 0 0 0 0 0 0 0 0 0 0 0 0 
144 432 0 0 0 0 0 0 0 0 0 0 0 0 0 0 
176 432 0 0 0 0 0 0 0 0 0 0 0 0 0 0 
208 432 0 0 0 0 0 0 0 0 0 0 0 0 0 0 
240 432 0 0 0 0 0 0 0 0 0 0 0 0 0 0 
272 432 0 0 0 0 0 0 0 0 0 0 0 0 0 0 
304 432 0 0 0 0 0 0 0 0 0 0 0 0 0 0 
336 432 0 0 0 0 0 0 0 0 0 0 0 0 0 0 
368 432 0 0 0 0 0 0 0 0 0 0 0 0 0 0 
400 432 0 0 0 0 0 0 0 0 0 0 0 0 0 0 
432 432 0 0 0 0 0 0 0 0 0 0 0 0 0 0 
464 432 0 0 0 0 0 0 0 0 0 0 0 0 0 0 
496 432 0 0 0 0 0 0 0 0 0 0 -0.000311462128 0.001545001815 0.001576083521 0 
528 432 0 0 0 0 0 0 0 0 0 0 -0.000934386385 0.004635005444 0.004728250563 0 
560 432 0 0 0 0 0 0 0 0 0 0 -0.00268346594 0.004566388871 0.005296498539 0 
592 432 0 0 0 0 0 0 0 0 0 0 -0.005558700793 0.001339152096 0.005717734066 0 
624 432 0 0 0 0 0 0 0 0 0 0 -0.006166171778 0.002115883669 0.006519097952 0 
656 432 0 0 0 0 0 0 0 0 0 0 -0.004505878895 0.00689658359 0.008238070759 0 
688 432 0 0 0 0 0 0 0 0 0 0 -0.001064796029 0.014046173244 0.014086474839 0 
720 432 0 0 0 0 0 0 0 0 0 0 0.00415707682 0.023564652632 0.023928521504 0 
752 432 0.003128207101 0.0064002723 0.007123844832 7.189982501892 254319.96875 0.003128207101 0.0064002723 0.007123844832 7.189982501892 254319.96875 0.008738886006 0.025585930376 0.027037158909 0 
784 432 0.004801541562 0.005497497911 0.007299129034 8.900096484924 2116538.75 -32 -9 33.241540277189 137.942663152191 234489.90625 0.012680631528 0.020110006477 0.02377416195 0 
816 432 0.010759508435 0.002610688388 0.011071707891 24.88929335036 3458121.25 0.010759508435 0.002610688388 0.011071707891 24.88929335036 3458121.25 0.014789988033 0.011776280421 0.018905674454 0 
848 432 0.01761049338 -0.012309539021 0.02148614037 37.17566822137 3225265.5 0.01761049338 -0.012309539021 0.02148614037 37.17566822137 3225265.5 0.015066955519 0.000584752208 0.015078298438 0 
880 432 0.013137396781 -0.01234463733 0.018027236754 40.974104989819 3557425.5 0.013137396781 -0.01234463733 0.018027236754 40.974104989819 3557425.5 0.012125388628 -0.000475129309 0.012134693949 0 
912 432 0 -0.00232960037 0.00232960037 145.242851557664 3848242 0 -0.00232960037 0.00232960037 145.242851557664 3848242 0.005965287359 0.008596635868 0.010463594101 0 
944 432 0.011456105578 -0.003392263899 0.011947795168 61.66170279233 3617275.75 0.011456105578 -0.003392263899 0.011947795168 61.66170279233 3617275.75 0.016140383965 0.016234844731 0.022892841195 0 
976 432 0.00098038717 -0.002797304533 0.002964130843 98.435562018175 3295270 0.00098038717 -0.002797304533 0.002964130843 98.435562018175 3295270 0.042650678447 0.022439497279 0.048193478917 0 
1008 432 0.001548083759 -0.000843013694 0.001762735208 60.560633663426 2681721 0.001548083759 -0.000843013694 0.001762735208 60.560633663426 2681721 0.041863943193 0.026149334851 0.049359674359 0 
1040 432 -0.001576841767 -0.000914980796 0.001823079761 146.853919200531 1151113 -32 16 35.777087639997 90.16391861258 94529.9921875 0.013780178204 0.027364357445 0.030638233789 0 
1072 432 0.000923507591 0.000986284283 0.001351156155 50.898699326418 67564.984375 0.000923507591 0.000986284283 0.001351156155 50.898699326418 67564.984375 -0.004111875075 0.030090108563 0.03036975716 0 
1104 432 0 0 0 0 0 0 0 0 0 0 -0.011812216644 0.034326588205 0.036302109027 0 
1136 432 0 0 0 0 0 0 0 0 0 0 -0.018825177009 0.032621817031 0.037663911584 0 
1168 432 0 0 0 0 0 0 0 0 0 0 -0.025150756172 0.024975795042 0.035445040189 0 
1200 432 0 0 0 0 0 0 0 0 0 0 -0.026397249588 0.015350105421 0.030535889085 0 
1232 432 0 0 0 0 0 0 0 0 0 0 -0.022564657257 0.003744748169 0.022873279082 0 
1264 432 0 0 0 0 0 0 0 0 0 0 -0.020310844922 -0.003466405035 0.020604523419 0 
1296 432 0 0 0 0 0 0 0 0 0 0 -0.019635812583 -0.006283354189 0.020616635896 0 
1328 432 0 0 0 0 0 0 0 0 0 0 -0.024096888436 -0.006473071843 0.024951166133 0 
1360 432 0 0 0 0 0 0 0 0 0 0 -0.03369407248 -0.004035557998 0.033934882476 0 
1392 432 0 0 0 0 0 0 0 0 0 0 -0.037151963086 -0.001135986662 0.037169326424 0 
1424 432 0 0 0 0 0 0 0 0 0 0 -0.034470560251 0.002225642163 0.034542336445 0 
1456 432 0 0 0 0 0 0 0 0 0 0 -0.029166619219 0.002270394187 0.029254852016 0 
1488 432 0 0 0 0 0 0 0 0 0 0 -0.02124013999 -0.00100173059 0.021263748751 0 
1520 432 0 0 0 0 0 0 0 0 0 0 -0.01380274682 -0.003266701622 0.014184045942 0 
1552 432 0 0 0 0 0 0 0 0 0 0 -0.006854439712 -0.004524518908 0.008213075862 0 
1584 432 0 0 0 0 0 0 0 0 0 0 -0.005458141967 -0.003829945937 0.006667818204 0 
1616 432 0 0 0 0 0 0 0 0 0 0 -0.009613853585 -0.001182982708 0.009686363035 0 
1648 432 0 0 0 0 0 0 0 0 0 0 -0.010474755772 0.00057850096 0.010490718366 0 
1680 432 0 0 0 0 0 0 0 0 0 0 -0.008040848527 0.001454505069 0.008171341997 0 
1712 432 0 0 0 0 0 0 0 0 0 0 -0.004626725502 0.001545541279 0.004878041279 0 
1744 432 0 0 0 0 0 0 0 0 0 0 -0.000232386698 0.000851609591 0.000882747117 0 
1776 432 0 0 0 0 0 0 0 0 0 0 0.00230090296 0.001008814698 0.002512341841 0 
1808 432 0 0 0 0 0 0 0 0 0 0 0.002973143471 0.0020171566 0.003592840498 0 
1840 432 0 0 0 0 0 0 0 0 0 0 0.002914333503 0.002349033315 0.003743166745 0 
1872 432 0 0 0 0 0 0 0 0 0 0 0.002124473058 0.002004444841 0.002920819216 0 
1904 432 0 0 0 0 0 0 0 0 0 0 0.001088584926 0.001000930988 0.001478810327 0 
1936 432 0 0 0 0 0 0 0 0 0 0 -0.000193330893 -0.000661508246 0.000689180668 0 
1968 432 0 0 0 0 0 0 0 0 0 0 0.000090484016 -0.002358556347 0.00236029138 0 
2000 432 0 0 0 0 0 0 0 0 0 0 0.001940029654 -0.004090213316 0.004526981337 0 
2032 432 0 0 0 0 0 0 0 0 0 0 0.002544883121 -0.004201102661 0.004911791289 0 
2064 432 0 0 0 0 0 0 0 0 0 0 0.001905044416 -0.002691224385 0.003297253845 0 
2096 432 0 0 0 0 0 0 0 0 0 0 0.001199187816 -0.001539460449 0.001951407157 0 
2128 432 0 0 0 0 0 0 0 0 0 0 0.00042731332 -0.000745810854 0.000859552502 0 
2160 432 0 0 0 0 0 0 0 0 0 0 0.000471901177 -0.00013603249 0.000491116645 0 
2192 432 0 0 0 0 0 0 0 0 0 0 0.001332951387 0.000289874644 0.00136410656 0 
2224 432 0 0 0 0 0 0 0 0 0 0 0.001322607368 0.000377121158 0.001375322006 0 
2256 432 0 0 0 0 0 0 0 0 0 0 0.000440869123 0.000125707053 0.000458440669 0 
2288 432 0 0 0 0 0 0 0 0 0 0 0 0 0 0 
2320 432 0 0 0 0 0 0 0 0 0 0 0 0 0 0 
2352 432 0 0 0 0 0 0 0 0 0 0 0 0 0 0 
2384 432 0 0 0 0 0 0 0 0 0 0 0 0 0 0 
2416 432 0 0 0 0 0 0 0 0 0 0 0 0 0 0 
2448 432 0 0 0 0 0 0 0 0 0 0 0 0 0 0 
2480 432 0 0 0 0 0 0 0 0 0 0 0 0 0 0 
2512 432 0 0 0 0 0 0 0 0 0 0 0 0 0 0 
48 464 0 0 0 0 0 0 0 0 0 0 0 0 0 0 
80 464 0 0 0 0 0 0 0 0 0 0 0 0 0 0 
112 464 0 0 0 0 0 0 0 0 0 0 0 0 0 0 
144 464 0 0 0 0 0 0 0 0 0 0 0 0 0 0 
176 464 0 0 0 0 0 0 0 0 0 0 0 0 0 0 
208 464 0 0 0 0 0 0 0 0 0 0 0 0 0 0 
240 464 0 0 0 0 0 0 0 0 0 0 0 0 0 0 
272 464 0 0 0 0 0 0 0 0 0 0 0 0 0 0 
304 464 0 0 0 0 0 0 0 0 0 0 0 0 0 0 
336 464 0 0 0 0 0 0 0 0 0 0 0 0 0 0 
368 464 0 0 0 0 0 0 0 0 0 0 0 0 0 0 
400 464 0 0 0 0 0 0 0 0 0 0 0 0 0 0 
432 464 0 0 0 0 0 0 0 0 0 0 0 0 0 0 
464 464 0 0 0 0 0 0 0 0 0 0 0 0 0 0 
496 464 0 0 0 0 0 0 0 0 0 0 -0.000934386385 0.004635005444 0.004728250563 0 
528 464 0 0 0 0 0 0 0 0 0 0 -0.002803159156 0.013905016332 0.014184751688 0 
560 464 0 0 0 0 0 0 0 0 0 0 -0.008050397821 0.013699166614 0.015889495618 0 
592 464 0 0 0 0 0 0 0 0 0 0 -0.01667610238 0.004017456289 0.017153202198 0 
624 464 0 0 0 0 0 0 0 0 0 0 -0.018999485091 0.007271216323 0.02034332865 0 
656 464 0 0 0 0 7831.998046875 0 0 0 0 7831.998046875 -0.015020545953 0.023460446715 0.027856944571 0 
688 464 -0.007396820017 0.000465968468 0.007411482509 76.905821496939 1053267.875 -0.007396820017 0.000465968468 0.007411482509 76.905821496939 1053267.875 -0.006813664391 0.040762525923 0.041328072082 0 
720 464 0.002382265664 0.000566194084 0.002448625213 71.204396623179 3409397.5 -32 -12 34.17601498127 115.982187447691 1181829 0.005621159595 0.059177453946 0.059443826346 0 
752 464 0.004296508633 -0.001593208739 0.004582390263 97.049524101362 6617537.5 0.004296508633 -0.001593208739 0.004582390263 97.049524101362 6617537.5 0.016187161616 0.068497878209 0.07038454035 0 
784 464 0.007790919723 -0.018640945824 0.020203546504 137.412758299952 8916807 0.007790919723 -0.018640945824 0.020203546504 137.412758299952 8916807 0.024884341673 0.068723798712 0.073090293267 0 
816 464 0.044410385582 -0.009615351387 0.045439380826 86.253255017508 8834255 -18 31 35.84689665787 46.10475155766 5948345.5 0.020176908666 0.070535423155 0.073364525235 0 
848 464 0.019940229152 0.029850378885 0.035897880972 32.143363154606 9682915 10.986481788479 -25.277601615061 27.561928914688 154.908846224068 7835689.5 0.002064862593 0.073932751538 0.073961580618 0 
880 464 -0.021164502665 -0.005257805605 0.021807812656 103.647300241138 10768056 20.350126941794 25.793063310336 32.854372334259 38.576633460704 9272673 -0.000407537782 0.076805338683 0.076806419896 0 
912 464 -0.121945989415 -0.03257623799 0.126222167689 114.114006501447 9467556 16.625826263774 20.24709039469 26.19852607312 30.233553060679 8740548 0.012759707539 0.079153184591 0.080175038306 0 
944 464 -0.099520609276 -0.003889029977 0.099596567335 124.504581520192 8652342 -2.130200610528 17.56199126384 17.6907120205 39.182704267979 8074494 0.049655179871 0.078647781036 0.093011345275 0 
976 464 0.340823755037 0.004120336835 0.340848660219 33.62933419874 9309409 -4.511743667469 17.578001014239 18.147780871984 70.073383125642 8260713 0.110278879213 0.075289128019 0.133528588693 0 
1008 464 0.060636152039 0.029042756594 0.067232615929 11.919660288869 8399367 -20 31 36.891733491393 85.315967226658 6466368 0.102530555159 0.078710219264 0.129258707086 0 
1040 464 -0.000161946106 0.04457343455 0.044573728744 16.751734370694 5474304.5 -0.000161946106 0.04457343455 0.044573728744 16.751734370694 5474304.5 0.026410207707 0.088911054771 0.09275060502 0 
1072 464 0.016988867681 0.05733520735 0.059799227645 31.386115264462 3574744 0.016988867681 0.05733520735 0.059799227645 31.386115264462 3574744 -0.025860774981 0.097320782641 0.10069813512 0 
1104 464 0.042841481728 0.060659370438 0.074262721325 62.807986527477 3609723 0.042841481728 0.060659370438 0.074262721325 62.807986527477 3609723 -0.054282392904 0.103939402875 0.117260298692 0 
1136 464 -0.028737103149 0.018733873531 0.034304214243 19.037421549182 4212864 -0.028737103149 0.018733873531 0.034304214243 19.037421549182 4212864 -0.074692500138 0.096078027614 0.121696166608 0 
1168 464 0.008710951328 -0.005392459369 0.010244964181 171.506020818068 3813415.5 0.008710951328 -0.005392459369 0.010244964181 171.506020818068 3813415.5 -0.087091096685 0.073736656857 0.114113775182 0 
1200 464 -0.013184670085 0.000219626049 0.013186499188 29.697288643174 3685643.5 -0.013184670085 0.000219626049 0.013186499188 29.697288643174 3685643.5 -0.078397900434 0.046459766516 0.091130350033 0 
1232 464 -0.041261263915 0.004156961089 0.041470136549 10.581696933562 4553404.5 -0.041261263915 0.004156961089 0.041470136549 10.581696933562 4553404.5 -0.048612911385 0.014247356591 0.050657697571 0 
1264 464 -0.013739840645 0.004502227609 0.014458674711 28.354395847779 4699683 -0.013739840645 0.004502227609 0.014458674711 28.354395847779 4699683 -0.039764034956 -0.007163007854 0.040404048776 0 
1296 464 -0.003217730375 0.021770283295 0.022006794939 100.510801011451 4793712 -0.003217730375 0.021770283295 0.022006794939 100.510801011451 4793712 -0.051851271145 -0.017771326816 0.054812173613 0 
1328 464 -0.017264291294 0.041646373327 0.045082991973 82.520019481767 5103980 -0.017264291294 0.041646373327 0.045082991973 82.520019481767 5103980 -0.072290665307 -0.019419215529 0.074853498398 0 
1360 464 -0.006459256209 0.046516329954 0.046962654771 88.924276688877 4643855.5 -0.006459256209 0.046516329954 0.046962654771 88.924276688877 4643855.5 -0.101082217441 -0.012106673993 0.101804647428 0 
1392 464 -0.008529197828 0.059733903127 0.060339758024 83.625235206431 4089691.75 -0.008529197828 0.059733903127 0.060339758024 83.625235206431 4089691.75 -0.111455889257 -0.003407959987 0.111507979272 0 
1424 464 -0.002340273681 0.074592135665 0.074628838823 84.508718350363 3888368 -0.002340273681 0.074592135665 0.074628838823 84.508718350363 3888368 -0.103411680754 0.006676926489 0.103627009335 0 
1456 464 -0.016227369089 0.0388374155 0.042091238403 62.872395695326 3749653.75 -0.016227369089 0.0388374155 0.042091238403 62.872395695326 3749653.75 -0.087499857658 0.006811182561 0.087764556047 0 
1488 464 0.002621624987 -0.000174900502 0.002627452713 173.483003302554 3464027.75 0.002621624987 -0.000174900502 0.002627452713 173.483003302554 3464027.75 -0.063720419969 -0.00300519177 0.063791246253 0 
1520 464 0.004438196865 -0.005045356592 0.006719614167 118.021571494151 3042091.75 0.004438196865 -0.005045356592 0.006719614167 118.021571494151 3042091.75 -0.041408240461 -0.009800104865 0.042552137825 0 
1552 464 0.005090542741 -0.001892583021 0.005430975593 126.177425663025 2455603.5 0.005090542741 -0.001892583021 0.005430975593 126.177425663025 2455603.5 -0.020563319135 -0.013573556724 0.024639227585 0 
1584 464 -0.002094680918 -0.00058294244 0.002174283799 19.505411224522 1611567.875 -0.002094680918 -0.00058294244 0.002174283799 19.505411224522 1611567.875 -0.0163744259 -0.01148983781 0.020003454613 0 
1616 464 -0.017902373598 -0.000283881012 0.017904624231 6.106497709325 947546 -0.017902373598 -0.000283881012 0.017904624231 6.106497709325 947546 -0.028841560755 -0.003548948125 0.029059089105 0 
1648 464 0.007420147904 0.000535660486 0.007439457445 172.70985408074 513193.9375 0.007420147904 0.000535660486 0.007439457445 172.70985408074 513193.9375 -0.031424267316 0.001735502881 0.031472155099 0 
1680 464 -0.004393712269 0.000873349565 0.004479670408 0.988964712703 224744.96875 28.166706917466 0.14232369769 28.167066489242 169.457161111856 104179 -0.024122545581 0.004363515207 0.024514025991 0 
1712 464 -0.000391511239 -0.000391511239 0.000553680504 63.471714227524 54681.9921875 -0.000391511239 -0.000391511239 0.000553680504 63.471714227524 54681.9921875 -0.013880176507 0.004636623838 0.014634123837 0 
1744 464 0 0 0 0 0 0 0 0 0 0 -0.000697160093 0.002554828774 0.002648241352 0 
1776 464 0 0 0 0 0 0 0 0 0 0 0.00690270888 0.003026444095 0.007537025523 0 
1808 464 0 0 0 0 0 0 0 0 0 0 0.008919430412 0.006051469801 0.010778521495 0 
1840 464 0 0 0 0 0 0 0 0 0 0 0.00874300051 0.007047099944 0.011229500235 0 
1872 464 0 0 0 0 0 0 0 0 0 0 0.006373419173 0.006013334524 0.008762457649 0 
1904 464 0 0 0 0 0 0 0 0 0 0 0.003265754777 0.003002792963 0.00443643098 0 
1936 464 0 0 0 0 0 0 0 0 0 0 -0.000579992679 -0.001984524738 0.002067542005 0 
1968 464 0 0 0 0 0 0 0 0 0 0 0.000271452049 -0.007075669041 0.007080874141 0 
2000 464 0 0 0 0 0 0 0 0 0 0 0.005820088963 -0.012270639947 0.013580944011 0 
2032 464 0 0 0 0 0 0 0 0 0 0 0.007634649362 -0.012603307984 0.014735373868 0 
2064 464 0 0 0 0 0 0 0 0 0 0 0.005715133247 -0.008073673155 0.009891761534 0 
2096 464 0 0 0 0 0 0 0 0 0 0 0.003597563447 -0.004618381347 0.00585422147 0 
2128 464 0 0 0 0 0 0 0 0 0 0 0.001281939961 -0.002237432562 0.002578657506 0 
2160 464 0 0 0 0 0 0 0 0 0 0 0.001415703532 -0.000408097469 0.001473349936 0 
2192 464 0 0 0 0 0 0 0 0 0 0 0.00399885416 0.000869623932 0.004092319681 0 
2224 464 0 0 0 0 0 0 0 0 0 0 0.003967822105 0.001131363474 0.004125966017 0 
2256 464 0 0 0 0 0 0 0 0 0 0 0.001322607368 0.000377121158 0.001375322006 0 
2288 464 0 0 0 0 0 0 0 0 0 0 0 0 0 0 
2320 464 0 0 0 0 0 0 0 0 0 0 0 0 0 0 
2352 464 0 0 0 0 0 0 0 0 0 0 0 0 0 0 
2384 464 0 0 0 0 0 0 0 0 0 0 0 0 0 0 
2416 464 0 0 0 0 0 0 0 0 0 0 0 0 0 0 
2448 464 0 0 0 0 0 0 0 0 0 0 0 0 0 0 
2480 464 0 0 0 0 0 0 0 0 0 0 0 0 0 0 
2512 464 0 0 0 0 0 0 0 0 0 0 0 0 0 0 
48 496 0 0 0 0 0 0 0 0 0 0 0 0 0 0 
80 496 0 0 0 0 0 0 0 0 0 0 0 0 0 0 
112 496 0 0 0 0 0 0 0 0 0 0 0 0 0 0 
144 496 0 0 0 0 0 0 0 0 0 0 0 0 0 0 
176 496 0 0 0 0 0 0 0 0 0 0 0 0 0 0 
208 496 0 0 0 0 0 0 0 0 0 0 0 0 0 0 
240 496 0 0 0 0 0 0 0 0 0 0 0 0 0 0 
272 496 0 0 0 0 0 0 0 0 0 0 0 0 0 0 
304 496 0 0 0 0 0 0 0 0 0 0 0 0 0 0 
336 496 0 0 0 0 0 0 0 0 0 0 0 0 0 0 
368 496 0 0 0 0 0 0 0 0 0 0 0 0 0 0 
400 496 0 0 0 0 0 0 0 0 0 0 0 0 0 0 
432 496 0 0 0 0 0 0 0 0 0 0 0.000018764 -0.000003255782 0.000019044364 0 
464 496 0 0 0 0 0 0 0 0 0 0 0.000056291999 -0.000009767347 0.000057133092 0 
496 496 0 0 0 0 0 0 0 0 0 0 -0.00083852169 0.004973445904 0.005043637852 0 
528 496 0 0 0 0 0 0 0 0 0 0 -0.002665677068 0.014946383971 0.015182233961 0 
560 496 0 0 0 0 0 0 0 0 0 0 -0.008623281301 0.015765543589 0.017969789789 0 
592 496 0.002917431404 -0.011933839574 0.012285273012 125.397250747186 188351.96875 0.002917431404 -0.011933839574 0.012285273012 125.397250747186 188351.96875 -0.018711334388 0.007430924759 0.020132875536 0 
624 496 -0.016430935921 -0.014571562039 0.021961467972 71.407737280823 2243562 -32 -13 34.539832078341 51.949387010583 270351.96875 -0.022410561012 0.012855402859 0.025835917393 0 
656 496 -0.004591183251 -0.031555725451 0.031887972221 140.108312053533 4876079 -0.004591183251 -0.031555725451 0.031887972221 140.108312053533 4876079 -0.019720961174 0.032038977889 0.037621967171 0 
688 496 0.017474356869 -0.010063202853 0.020164850598 130.551394472996 8582178 0.017474356869 -0.010063202853 0.020164850598 130.551394472996 8582178 -0.010305706685 0.054991392777 0.0559487343 0 
720 496 0.004455671358 0.040148662393 0.040395149451 2.248103321287 13792006 0 31 31 4.084629478475 8374254 0.005835202453 0.081712647521 0.081920732129 0 
752 496 0.009869630599 0.083427628727 0.08400939735 1.233850711929 20392594 -0.125949249815 -29.072703763756 29.072976582192 174.735236575386 17098948 0.019351728495 0.20049929126 0.201431018444 0 
784 496 0.009045982865 0.234479800594 0.234654227946 1.995688827051 24302922 -24 -32 40 147.335106161747 20749234 0.030243871439 0.411351323995 0.412461638837 0 
816 496 0.31595475777 0.470235808557 0.566523719368 38.1692314256 23497356 -21 -32 38.275318418009 142.453312571127 19499202 -0.042313682164 0.566482948065 0.568061069029 0 
848 496 8.794106558113 0.241148969256 8.797412288896 105.014174891097 24339708 8.794106558113 0.241148969256 8.797412288896 105.014174891097 24339708 -0.198320932315 0.66589416347 0.694799416477 0 
880 496 -21.712096981374 0.311471719988 21.714330981196 72.239774423772 24269376 31 0 31 106.938343150239 24227092 -0.203597090077 0.668508194365 0.698823998601 0 
912 496 -0.131709188781 3.603312648361 3.605718978546 3.687322008947 20957312 -12.524983891504 -14.314794534692 19.020740365529 133.03444087492 19610454 -0.058142155452 0.574325040751 0.577260567399 0 
944 496 2.009619200483 0.373793360622 2.044086790573 59.877002032194 21014908 2.009619200483 0.373793360622 2.044086790573 59.877002032194 21014908 0.155935562313 0.43825012039 0.465165634603 0 
976 496 3.157956597059 0.226589860472 3.166075304502 26.58052767182 23257258 3.157956597059 0.226589860472 3.166075304502 26.58052767182 23257258 0.438636063215 0.260283433283 0.510048097334 0 
1008 496 0.18154987574 0.213430095497 0.280201290228 14.268410999145 21068684 0.18154987574 0.213430095497 0.280201290228 14.268410999145 21068684 0.429344283412 0.304511950312 0.526368731576 0 
1040 496 0.060514963065 0.095609163965 0.113151106883 19.689256927545 15860940 0.225304083486 -30.178324862598 30.179165883811 166.930110121929 13852124 0.128060222903 0.570935671477 0.585121322167 0 
1072 496 -0.169386010993 -0.042745582033 0.174696323669 101.833885754239 11101970 15 31 34.438350715445 28.15032928307 9577036 -0.039094993231 0.961107646946 0.961902452182 0 
1104 496 0.077874581263 0.356530204363 0.364935935515 15.120477271507 9055755 26 32 41.231056256177 41.893101937588 7764103.5 -0.072121364988 1.47502787672 1.476790008223 0 
1136 496 -0.069091600967 0.101066427922 0.122425782322 31.105793420211 9052634 1.676385706231 17.308669278095 17.389660756165 8.783697070578 7344644 -0.100049875237 1.761000713506 1.763840551327 0 
1168 496 0.006269168324 0.077281389701 0.07753525434 8.5023794655 8028516 0.944422964774 18.167159479627 18.191690913563 6.840477946096 6306399 -0.122880523978 1.819026157306 1.823171901971 0 
1200 496 0.008263190488 0.127633630731 0.12790083663 8.356416086385 7718601 -29.184269350889 20.926729726409 35.911691614117 49.705219066499 5692505.5 -0.114001672708 1.400948675198 1.405579443475 0 
1232 496 -0.019427303718 -0.011062353085 0.022356112935 111.415331658674 8703914 4 -32 32.249030993194 178.882167665065 6024031 -0.073413321428 0.506768267184 0.512058192384 0 
1264 496 -0.015735253617 0.001724392034 0.015829457802 31.304489812437 9070242 -31.5 -29.463361236611 43.13165491097 80.645050944452 6169040 -0.059945311957 0.046094896043 0.075618647613 0 
1296 496 -0.017661551462 0.009779982086 0.020188572254 14.551943502231 9315469 25.749964472375 -30.451436805943 39.879201018513 144.641407055589 6104950.5 -0.073597644293 0.018928561775 0.075992787134 0 
1328 496 -0.0879383156 0.03220116969 0.093648612803 14.320744830795 9575121 -30 -32 43.863424398923 52.638538092488 5880050 -0.104062910016 0.010553677943 0.104596698606 0 
1360 496 -0.086933863428 0.041267320556 0.096231431229 17.504762087048 8963677 -1.100008530018 -31.029007020778 31.048499085489 95.858489803832 5292131 -0.151341109126 0.020970244546 0.152787049411 0 
1392 496 -0.063225396285 0.037794351284 0.073660462423 19.98849060303 8265481 -5 31 31.400636936215 69.956356818191 4972635.5 -0.164893402471 0.031697643279 0.167912402067 0 
1424 496 -0.087305552755 0.053034354901 0.102151369749 14.824959924465 8217800.5 31 31 43.840620433566 118.548085674718 4838933 -0.144719790052 0.042735874142 0.150897887896 0 
1456 496 -0.092017502275 0.045147186257 0.102496288478 5.596823701511 9144682 25 31 39.82461550348 108.347045024193 4657123 -0.118303735215 0.044320114807 0.126333076992 0 
1488 496 0.057497703342 0.007935043697 0.058042663689 149.08799314567 9868927 0 -32 32 113.054463275101 4189577.25 -0.085645237958 0.036450365272 0.093079191624 0 
1520 496 -0.004005735444 -0.001469665203 0.004266829297 49.664176807486 9939663 -5 -32 32.388269481403 110.63592379185 3302304.75 -0.059173027315 0.033501100128 0.06799831521 0 
1552 496 0.008993500847 0.020457619145 0.022347197556 71.360397079049 9834068 31 -32 44.553338819891 176.46129113501 2858169 -0.038887103285 0.035472319374 0.052635465645 0 
1584 496 -0.004798065286 0.042004111703 0.042277261387 33.969002554406 9440485 -0.004798065286 0.042004111703 0.042277261387 33.969002554406 9440485 -0.035772481248 0.0419055657 0.055097612029 0 
1616 496 -0.112862045713 0.049871951713 0.123389841276 22.818673896594 8467874 -0.112862045713 0.049871951713 0.123389841276 22.818673896594 8467874 -0.049829161203 0.052800839105 0.072600784544 0 
1648 496 -0.042636924823 0.025139008291 0.049496233151 19.145188482274 6689443 -0.042636924823 0.025139008291 0.049496233151 19.145188482274 6689443 -0.051012581258 0.060086177978 0.078820252668 0 
1680 496 -0.009969707703 -0.002015989906 0.010171493842 69.768950072647 5793887.5 -0.009969707703 -0.002015989906 0.010171493842 69.768950072647 5793887.5 -0.039322741412 0.063761582318 0.074912064261 0 
1712 496 0.010760323182 0.007061400085 0.012870428359 85.206764210441 5073891 0.010760323182 0.007061400085 0.012870428359 85.206764210441 5073891 -0.034618586779 0.063808837696 0.072594864272 0 
1744 496 0.025019050283 0.007176411638 0.026027941929 105.489836268359 4482712 0.025019050283 0.007176411638 0.026027941929 105.489836268359 4482712 -0.036900117358 0.060227944111 0.070633022821 0 
1776 496 0.020565106487 0.007398332291 0.021855409525 104.67692553017 4470865.5 0.020565106487 0.007398332291 0.021855409525 104.67692553017 4470865.5 -0.037906656112 0.055230472936 0.066987459411 0 
1808 496 0.013612356037 0.007138081752 0.015370375662 99.961036214997 4559820.5 0.013612356037 0.007138081752 0.015370375662 99.961036214997 4559820.5 -0.037638203039 0.048816424172 0.06164152494 0 
1840 496 0.007132063403 0.001838345349 0.007365177663 111.661892536487 4592814 0.007132063403 0.001838345349 0.007365177663 111.661892536487 4592814 -0.031207462523 0.042771470791 0.05294624095 0 
1872 496 0.003428479207 0.001556718804 0.003765347674 92.226649385098 4629701 0.003428479207 0.001556718804 0.003765347674 92.226649385098 4629701 -0.018614434565 0.037095612794 0.041503995745 0 
1904 496 -0.006555947834 0.006866432469 0.009493595043 25.734449628706 4324864.5 -0.006555947834 0.006866432469 0.009493595043 25.734449628706 4324864.5 -0.010403188672 0.032131356541 0.033773516366 0 
1936 496 -0.004136051779 0.009436645541 0.010303261783 10.399847623392 3690247 -0.004136051779 0.009436645541 0.010303261783 10.399847623392 3690247 -0.006573724844 0.027878702032 0.028643252003 0 
1968 496 -0.011877775976 0.007841809918 0.014232903602 32.68767656136 3463868 -0.011877775976 0.007841809918 0.014232903602 32.68767656136 3463868 -0.009653970255 0.021806804266 0.023848183452 0 
2000 496 -0.048648030386 0.002503632428 0.048712411516 32.367493095636 3172023 -0.048648030386 0.002503632428 0.048712411516 32.367493095636 3172023 -0.019643924906 0.013915663243 0.024073418311 0 
2032 496 -0.020663897599 -0.001795305199 0.020741740157 30.231461525783 3012225.5 -0.020663897599 -0.001795305199 0.020741740157 30.231461525783 3012225.5 -0.023391556759 0.011040161258 0.025866002556 0 
2064 496 -0.005542884716 -0.004156840171 0.006928411881 69.108653731013 3229696.75 -0.005542884716 -0.004156840171 0.006928411881 69.108653731013 3229696.75 -0.020896865816 0.01318029831 0.024706259621 0 
2096 496 -0.004057732286 -0.004275161366 0.005894251098 84.727042615814 2010408.875 -0.004057732286 -0.004275161366 0.005894251098 84.727042615814 2010408.875 -0.016364149976 0.012892293358 0.020832585833 0 
2128 496 -0.007826359512 -0.002548397054 0.008230809848 64.134137321446 359900 -0.007826359512 -0.002548397054 0.008230809848 64.134137321446 359900 -0.00979340924 0.010176146403 0.014123201484 0 
2160 496 0 0 0 0 0 0 0 0 0 0 -0.004097946006 0.007185398335 0.008271826322 0 
2192 496 0 0 0 0 0 0 0 0 0 0 0.000722239726 0.003920049153 0.003986027545 0 
2224 496 0 0 0 0 0 0 0 0 0 0 0.002587325301 0.001239227518 0.002868786687 0 
2256 496 0 0 0 0 0 0 0 0 0 0 0.001497310721 -0.000857066572 0.00172525433 0 
2288 496 0 0 0 0 0 0 0 0 0 0 0.000714227573 -0.001428910213 0.001597468442 0 
2320 496 0 0 0 0 0 0 0 0 0 0 0.000238075858 -0.000476303404 0.000532489481 0 
2352 496 0 0 0 0 0 0 0 0 0 0 0 0 0 0 
2384 496 0 0 0 0 0 0 0 0 0 0 0 0 0 0 
2416 496 0 0 0 0 0 0 0 0 0 0 0 0 0 0 
2448 496 0 0 0 0 0 0 0 0 0 0 0 0 0 0 
2480 496 0 0 0 0 0 0 0 0 0 0 0 0 0 0 
2512 496 0 0 0 0 0 0 0 0 0 0 0 0 0 0 
48 528 0 0 0 0 0 0 0 0 0 0 0 0 0 0 
80 528 0 0 0 0 0 0 0 0 0 0 0 0 0 0 
112 528 0 0 0 0 0 0 0 0 0 0 0 0 0 0 
144 528 0 0 0 0 0 0 0 0 0 0 0 0 0 0 
176 528 0 0 0 0 0 0 0 0 0 0 0 0 0 0 
208 528 0 0 0 0 0 0 0 0 0 0 0 0 0 0 
240 528 0 0 0 0 0 0 0 0 0 0 0 0 0 0 
272 528 0 0 0 0 0 0 0 0 0 0 0 0 0 0 
304 528 0 0 0 0 0 0 0 0 0 0 0 0 0 0 
336 528 0 0 0 0 0 0 0 0 0 0 0 0 0 0 
368 528 0 0 0 0 0 0 0 0 0 0 0 0 0 0 
400 528 0 0 0 0 0 0 0 0 0 0 0 0 0 0 
432 528 0 0 0 0 0 0 0 0 0 0 0.000056291999 -0.000009767347 0.000057133092 0 
464 528 0 0 0 0 0 0 0 0 0 0 0.000168875997 -0.000029302041 0.000171399277 0 
496 528 0 0 0 0 0 0 0 0 0 0 -0.000023868043 0.002560323194 0.002560434444 0 
528 528 0 0 0 0 0 0 0 0 0 0 -0.000521940122 0.00775910836 0.007776643494 0 
560 528 0.000439272242 -0.006952819623 0.006966682196 161.374998015985 1046937.875 0.000439272242 -0.006952819623 0.006966682196 161.374998015985 1046937.875 -0.00440211638 0.010765519797 0.011630780074 0 
592 528 -0.005858895025 0.015822935373 0.016872816444 24.89061087188 5845973 -0.005858895025 0.015822935373 0.016872816444 24.89061087188 5845973 -0.011664396815 0.011579557505 0.016436067202 0 
624 528 -0.024431446331 0.035213964485 0.042859291461 6.242439857938 11493812 -0.024431446331 0.035213964485 0.042859291461 6.242439857938 11493812 -0.016399399541 0.018868443277 0.024999169126 0 
656 528 0.00067202352 0.036426133134 0.036432331667 30.749055712504 14552577 0.260911668946 -30.111342829648 30.112473194734 150.804320319934 11191009 -0.018607124557 0.032632177112 0.037564398935 0 
688 528 0.07744263541 0.115434221848 0.139005112686 45.355467393983 19311766 -32 -12 34.17601498127 99.057490562865 17625572 -0.011540922911 0.056732773806 0.057894736594 0 
720 528 0.437257393833 4.525167681434 4.546244227222 2.505963732165 24495188 31 2 31.064449134018 83.295342649367 23871248 0.004799205396 0.091170233357 0.091296461174 0 
752 528 0.481728512608 7.780243495366 7.795142795808 1.066715755483 30106288 0 -32 32 177.523662093665 29171094 0.018232586642 0.42159016953 0.421984239351 0 
784 528 0.064968645703 8.428686926758 8.428937313459 1.130298316222 36256628 0 -31 31 178.428072339474 35358888 0.028759220827 1.047992582326 1.048387116189 0 
816 528 0.023016016686 7.122351555458 7.122388743712 6.753855607769 38571656 -32 8 32.984845004941 69.395052698511 38518604 -0.172681784455 1.49961885515 1.509528306924 0 
848 528 0.135371266174 6.891382513745 6.892711972109 19.384039957259 38503312 -32 3 32.140317359976 66.385483187669 38386348 -0.586090429205 1.776468988004 1.87065337691 0 
880 528 0.05163330184 7.887223015274 7.887392020848 18.981259458209 38459244 25 -31 39.82461550348 159.721684494087 37562220 -0.597443268257 1.774633437737 1.872501614718 0 
912 528 0.3364009685 7.428519858944 7.436132926887 10.470864346633 39075628 -11 -31 32.893768406797 152.585352071879 37094796 -0.206740301613 1.494112204349 1.508347715713 0 
944 528 1.620891442137 6.214904756485 6.422797692546 2.391740765445 40705776 31 -31 43.840620433566 117.990734903269 38983948 0.33498153129 1.095041862794 1.145132877695 0 
976 528 1.196227581253 3.776701155348 3.961619876131 43.095673877604 41614548 -11 -32 33.837848631377 138.299721869323 40777492 1.027722230452 0.577422413073 1.178825528263 0 
1008 528 0.783703782471 3.398447127653 3.487640247806 42.478333329733 39598136 1 -32 32.015621187164 122.745995387446 38311004 1.022305127953 0.703554527996 1.241006345069 0 
1040 528 0.188231423674 1.41959734099 1.432022234256 4.652931947936 36271124 0 -31 31 167.793996558313 33012916 0.318730223792 1.473438207563 1.507517531263 0 
1072 528 -0.340063726831 2.37834260514 2.402531349584 7.179652800951 32197076 -15 -30 33.541019662497 152.477405003072 26962762 -0.043814529824 2.621450701477 2.621816830615 0 
1104 528 -0.156917807391 5.697945855632 5.700106154449 0.675093753841 29739384 -20 -28 34.409301068171 143.559925327592 23212534 -0.065329132897 4.147592009738 4.148106480655 0 
1136 528 0.048398438308 6.737437650853 6.737611483898 1.49296764795 28399784 -29 -27 39.623225512318 131.873201483114 20998912 -0.094897302306 5.027389874708 5.028285438428 0 
1168 528 -0.080983977164 6.281567793394 6.282089807346 0.704323234586 26249776 8 -27 28.160255680657 164.938596410523 18595920 -0.132519038052 5.260844296387 5.262513088466 0 
1200 528 -0.29215337943 4.489267900443 4.498764261334 1.852917647962 23624674 18 -28 33.286633954186 149.135310504425 17253912 -0.133208566412 4.078816831467 4.080991456353 0 
1232 528 -0.388915267314 1.453795165273 1.504917096627 11.231687128431 19743524 19 -31 36.359317925396 152.240952376687 15800377 -0.096965887387 1.481307479949 1.484477764559 0 
1264 528 -14.552625111423 0.369991005836 14.557327741657 61.191975057427 18569046 -14.552625111423 0.369991005836 14.557327741657 61.191975057427 18569046 -0.080854675925 0.156307306655 0.175981398826 0 
1296 528 14.437506258925 0.366377228799 14.442154245482 127.814015105587 18323110 14.437506258925 0.366377228799 14.442154245482 127.814015105587 18323110 -0.084874932027 0.103816311586 0.13409541617 0 
1328 528 -7.5 1.729314808659 7.696786972981 21.961579376682 15792216 -29 -32 43.185645763378 82.761203228654 13803318 -0.119413622563 0.083445608574 0.145680413385 0 
1360 528 -2.282659336642 4.094320405401 4.68764260895 33.563757136634 13451891 -9 -32 33.241540277189 101.587130065974 12135062 -0.184470747535 0.095195197619 0.207585120723 0 
1392 528 -0.268221609384 4.508026317549 4.51599868373 58.779190807177 12450454 13.10007336133 -18.104214962301 22.346689273211 153.70501556149 12022447 -0.197464502729 0.104180823136 0.223261894974 0 
1424 528 -0.605406810407 4.751164013262 4.789580032425 47.861541078063 12284170 9.186397058918 -17.978798122964 20.18977644429 151.941890431577 12072181 -0.158394888146 0.110402485124 0.19307420675 0 
1456 528 -0.473824351821 4.061286428192 4.088833203763 39.988700943051 13710828 -8 -32 32.984845004941 119.320524737642 13087626 -0.121578251888 0.114797190924 0.167211442121 0 
1488 528 -0.075519875912 4.33869788057 4.339355084631 35.556112988548 14289994 -6 -32 32.557641192199 132.82703548592 13715567 -0.087014593957 0.117364940537 0.146102939151 0 
1520 528 -0.520400993512 6.540477782996 6.561148285469 23.36713966443 13584251 -27 -32 41.868842830917 111.927636887873 12589641 -0.067097107381 0.126636913357 0.143314094365 0 
1552 528 -0.045473474771 7.218393920601 7.218537153044 23.076810142672 14514970 0 -32 32 156.562250325991 13279876 -0.061825792162 0.142613109385 0.155437857502 0 
1584 528 0.071456616697 7.785776342197 7.786104244023 22.676972234359 15681224 4 -32 32.249030993194 164.973880900331 14761351 -0.063652308011 0.156356264593 0.168816165674 0 
1616 528 0.119191856738 8.1252029455 8.126077135019 24.221568869818 15928255 -3.261933388212 -27.173897799224 27.368977529893 149.773877170743 15095361 -0.072576654929 0.167866378982 0.182883821136 0 
1648 528 -0.100034811093 7.970655317576 7.971283030669 20.797047213143 14840287 1.285733002915 -23.875099234147 23.909694117557 161.566447833837 14093251 -0.069239697599 0.175630526252 0.188786168654 0 
1680 528 -0.14091537202 8.020362366951 8.021600191936 15.618570478314 13796364 -0.198287601785 -22.10384626837 22.104735642589 162.860892258119 12902129 -0.05364143602 0.179648706403 0.187486163144 0 
1712 528 -0.141161049177 7.920390837578 7.921648658064 19.44900870452 12220115 -0.382299466124 -23.047803796006 23.050974224553 158.579654476115 11373189 -0.066841956318 0.179062182853 0.191131139411 0 
1744 528 0.007522736525 0.130608006592 0.130824473822 35.342572070763 10567742 -5.982138406871 13.070544538237 14.37446049231 7.453437858155 10452929 -0.108841258493 0.173870955602 0.205128078898 0 
1776 528 -0.003262132161 0.058316009362 0.058407178105 36.770010588321 9739850 25.19391343426 15.901684481229 29.792563559948 97.712775352138 9616722 -0.132127192014 0.157620901222 0.205674362456 0 
1808 528 0.001675185038 0.009628477641 0.009773117548 56.240089179011 9087502 -15.180019803264 16.77030796122 22.620261500294 4.219903821141 8820591 -0.136699756881 0.130312019713 0.18885985813 0 
1840 528 -0.010286195194 -0.034700297865 0.036192768387 116.613263273391 8379864.5 18.839955564846 17.535769589832 25.738048503977 93.928711849427 7875313 -0.116937055595 0.109522145856 0.160216651458 0 
1872 528 -0.01002083796 -0.049006124029 0.050020169789 131.038086241761 8132335 -27.537023937334 18.693321164942 33.282547130605 18.424336322653 7380751 -0.072839088157 0.095251279652 0.119909712029 0 
1904 528 -0.024359031548 -0.035637829633 0.043167317717 121.341295255064 7928561 27.375019802602 21.877607819096 35.043136747144 75.674268781045 7082806.5 -0.039918245421 0.088386621721 0.09698278825 0 
1936 528 0.014900484155 -0.022242198477 0.026771996959 157.731747838898 7508697 -21.571417425281 25.863016469792 33.678207652018 28.279624749343 6723570.5 -0.018174527388 0.088928172063 0.090766366195 0 
1968 528 -0.008687738289 -0.012155804734 0.01494123105 125.044848333884 7447949.5 -18.56665567321 28.140330094659 33.713482180337 14.014547113629 6576015.5 -0.029685782897 0.084288863573 0.089363629228 0 
2000 528 0.023622513278 -0.030748612188 0.038774995617 172.539563822645 8188853.5 19 -32 37.215588131857 165.706141672336 7009872.5 -0.074452011951 0.074468696253 0.105302843291 0 
2032 528 0.016411366533 -0.076751497061 0.07848646541 138.462152208377 8545062 3 31 31.144823004795 59.134888609211 6803761.5 -0.090533735243 0.066729305065 0.112468472789 0 
2064 528 -0.022376314112 -0.046234012996 0.051364222869 102.258039218759 9477072 -0.022376314112 -0.046234012996 0.051364222869 102.258039218759 9477072 -0.077930952775 0.061070690009 0.099009406516 0 
2096 528 0.012531125678 -0.016821748034 0.020976184536 167.671317809055 13615690 0.012531125678 -0.016821748034 0.020976184536 167.671317809055 13615690 -0.058685952454 0.050992563668 0.077744984178 0 
2128 528 0 -0.009260770758 0.009260770758 138.05331940193 15402533 0 -0.009260770758 0.009260770758 138.05331940193 15402533 -0.032798734282 0.036494926041 0.049067673648 0 
2160 528 0.003290133023 0.000105593873 0.003291827057 123.522198456931 8460880 0.003290133023 0.000105593873 0.003291827057 123.522198456931 8460880 -0.016069047436 0.022644454922 0.027766627887 0 
2192 528 0.00116685383 -0.001310064386 0.001754370701 179.704222530365 1278160.75 0.00116685383 -0.001310064386 0.001754370701 179.704222530365 1278160.75 -0.008496891916 0.00944115031 0.01270167278 0 
2224 528 0 0 0 0 0 0 0 0 0 0 -0.002818883045 0.000700713289 0.002904668782 0 
2256 528 0 0 0 0 0 0 0 0 0 0 0.000964979179 -0.003576856139 0.003704738135 0 
2288 528 0 0 0 0 0 0 0 0 0 0 0.002142682718 -0.004286730639 0.004792405326 0 
2320 528 0 0 0 0 0 0 0 0 0 0 0.000714227573 -0.001428910213 0.001597468442 0 
2352 528 0 0 0 0 0 0 0 0 0 0 0 0 0 0 
2384 528 0 0 0 0 0 0 0 0 0 0 0 0 0 0 
2416 528 0 0 0 0 0 0 0 0 0 0 0 0 0 0 
2448 528 0 0 0 0 0 0 0 0 0 0 0 0 0 0 
2480 528 0 0 0 0 0 0 0 0 0 0 0 0 0 0 
2512 528 0 0 0 0 0 0 0 0 0 0 0 0 0 0 
48 560 0 0 0 0 0 0 0 0 0 0 0 0 0 0 
80 560 0 0 0 0 0 0 0 0 0 0 0 0 0 0 
112 560 0 0 0 0 0 0 0 0 0 0 0 0 0 0 
144 560 0 0 0 0 0 0 0 0 0 0 0 0 0 0 
176 560 0 0 0 0 0 0 0 0 0 0 0 0 0 0 
208 560 0 0 0 0 0 0 0 0 0 0 0 0 0 0 
240 560 0 0 0 0 0 0 0 0 0 0 0 0 0 0 
272 560 0 0 0 0 0 0 0 0 0 0 0 0 0 0 
304 560 0 0 0 0 0 0 0 0 0 0 0 0 0 0 
336 560 0 0 0 0 0 0 0 0 0 0 0 0 0 0 
368 560 0 0 0 0 0 0 0 0 0 0 0 0 0 0 
400 560 0 0 0 0 0 0 0 0 0 0 0 0 0 0 
432 560 0 0 0 0 0 0 0 0 0 0 -0.000058603725 -0.000025615312 0.000063957335 0 
464 560 0 0 0 0 0 0 0 0 0 0 -0.000175811174 -0.000076845936 0.000191872006 0 
496 560 0 0 0 0 0 0 0 0 0 0 -0.000172025478 0.000967777485 0.000982947621 0 
528 560 0.000109657073 -0.000325525485 0.00034349893 162.254149101506 3327629.5 0.000109657073 -0.000325525485 0.00034349893 162.254149101506 3327629.5 -0.000047246637 0.003108254951 0.003108614014 0 
560 560 0.000852039839 0.000494077292 0.000984928555 80.083302611183 13584709 -32 -29 43.185645763378 111.992732268765 3209143.75 -0.002073961572 0.005639379931 0.006008653976 0 
592 560 -0.00299232425 0.006879732833 0.007502314861 12.633961717791 23107278 31 29 42.449970553582 83.049636503988 15554318 -0.006252170281 0.008561152425 0.010601083156 0 
624 560 -0.042319755274 0.051089040685 0.066340423307 95.934930602343 25073082 25 31 39.82461550348 174.456177394575 23508824 -0.013043114119 -0.013306027067 0.018632583885 0 
656 560 0.224779726574 0.065774759732 0.234205560345 126.833817930845 24691060 -19.921037513414 30.100094388985 36.095199373832 125.979003434115 23914996 -0.022446793086 -0.059962158544 0.064025924258 0 
688 560 0.371119427041 -0.004901810662 0.371151797618 114.123337308388 26561792 -6.187566018454 28.361813214852 29.02892388751 142.812816685876 26176676 -0.04016918755 -0.086616002136 0.09547719861 0 
720 560 0.02799537304 0.00650983608 0.02874228379 138.461306015957 29246942 31 31 43.840620433566 170.370802742508 29061492 -0.066210297511 -0.093267557844 0.114379372453 0 
752 560 0.06376252504 0.938416610094 0.940580349412 22.384356465395 31979118 0.06376252504 0.938416610094 0.940580349412 22.384356465395 31979118 -0.082056551699 0.245280178198 0.258641921377 0 
784 560 -0.218592405442 1.567925561125 1.583089765283 2.54352003869 34038092 -32 31 44.553338819891 40.516164166738 33702020 -0.087707950112 0.929027205989 0.933158204155 0 
816 560 -0.212352335505 0.981899161838 1.004599163056 1.558106917681 33186460 -0.212352335505 0.981899161838 1.004599163056 1.558106917681 33186460 -0.273189782484 1.453442946262 1.478894538259 0 
848 560 -0.051423235259 0.779425858156 0.781120360435 15.571989551062 31257282 -0.051423235259 0.779425858156 0.781120360435 15.571989551062 31257282 -0.638502048812 1.818527399016 1.927362645511 0 
880 560 -0.073190392776 0.951244811878 0.954056353535 13.987233984438 34325364 -0.073190392776 0.951244811878 0.954056353535 13.987233984438 34325364 -0.626019830173 1.883311609264 1.98463181607 0 
912 560 -0.060192325127 1.294883933111 1.296282190048 5.480353097913 40361764 -0.060192325127 1.294883933111 1.296282190048 5.480353097913 40361764 -0.235743126565 1.647795577006 1.664573544582 0 
944 560 -0.154473533625 1.622106022146 1.629444696722 18.077866692142 44168208 -0.154473533625 1.622106022146 1.629444696722 18.077866692142 44168208 0.293992577808 1.311163880857 1.343719598082 0 
976 560 0.100049480685 2.20757545084 2.209841458055 45.203389606836 45848092 -21 -32 38.275318418009 165.476573235941 45645208 0.963187282947 0.873416520818 1.300225426943 0 
1008 560 0.382732490337 2.591302744191 2.619414833738 33.340945485014 46512836 -7 -31 31.780497164141 150.981631647844 46342692 0.907704170529 1.017256604589 1.363355368485 0 
1040 560 0.250729071113 2.895397951605 2.906233707956 0.763333225569 47988604 -28 -31 41.773197148411 142.096727429729 47916708 0.127543240555 1.742684132171 1.747345204226 0 
1072 560 28.457765941363 14.849185621636 32.098952568568 67.422174840227 49055256 -32 15 35.341194094145 59.907558714454 49054620 -0.246356672321 2.828602279798 2.839310209765 0 
1104 560 -0.064150128921 10.036914554544 10.037119557635 2.49948448577 49278204 19.693977500604 -14.737405508114 24.597639539291 129.673939790935 49270044 -0.213995568098 4.27501104747 4.280363718091 0 
1136 560 -0.028220554786 6.074556301092 6.074621852828 2.087871457026 48442352 16.5 -16.698621387617 23.475390438649 137.69683470301 48316360 -0.215117830255 5.232860771682 5.237280547832 0 
1168 560 -0.101535393838 5.383122010255 5.384079495466 1.42706989291 46779536 0.5 -24.298817033488 24.303960772412 178.671172999952 46289572 -0.249723458792 5.702151452435 5.707617102818 0 
1200 560 -0.250139034224 4.384051302534 4.391181544834 0.113083554043 45263444 -27.611053904212 -25.881306833994 37.844581397297 129.995431749115 44152124 -0.260220343349 4.724689438839 4.73185005263 0 
1232 560 -0.842838230169 2.377263712391 2.522252770934 13.402839010402 42971028 -0.842838230169 2.377263712391 2.522252770934 13.402839010402 42971028 -0.246608483927 2.300474730894 2.313655058955 0 
1264 560 -12.394747621451 1.315379392132 12.464348821527 73.794100089679 41279924 -12.394747621451 1.315379392132 12.464348821527 73.794100089679 41279924 -0.204571411749 1.14289689799 1.161061058661 0 
1296 560 13.458340036152 1.30227815601 13.521199833015 90.587249133561 40044436 24 -31 39.204591567825 148.367385617398 37715688 -0.134109126814 1.251955940127 1.25911831609 0 
1328 560 -13.264718238518 1.400757364394 13.338473343722 77.187937182869 37724728 -13.264718238518 1.400757364394 13.338473343722 77.187937182869 37724728 -0.147260800855 1.237914420753 1.246642633867 0 
1360 560 -8.023811427117 1.421431826989 8.148743354451 67.454620916714 35334404 -18 -31 35.84689665787 137.359056922731 30533348 -0.244026433872 1.100772339866 1.127496627331 0 
1392 560 -0.480406534189 5.693931950209 5.714162361335 10.116231033169 32842520 24 -32 40 158.069051864436 28493084 -0.253592785039 0.95047103287 0.983719718694 0 
1424 560 -0.107863148663 8.067623822493 8.068344848858 11.836931642315 32058884 -16 -32 35.777087639997 140.832025220624 27565400 -0.175959854353 0.787010499762 0.806441192574 0 
1456 560 -22.5 0.427295822524 22.504057005792 80.640663508685 32610208 -5 -32 32.388269481403 162.847973453894 28054000 -0.118198579597 0.813066075773 0.821612650701 0 
1488 560 -0.24580467558 3.6185722307 3.62691121029 0.578150312888 32290238 -1 -31 31.016124838542 173.688185077901 27185046 -0.08030896077 1.028637760902 1.03176798377 0 
1520 560 -0.833319767827 7.411885117407 7.458583164992 2.838268310702 29923498 3 -31 31.144823004795 178.049029293035 23810220 -0.075273868027 1.204302524556 1.206652694797 0 
1552 560 -0.812480326502 8.121930719022 8.162467940859 1.313395357654 29965974 -15 -31 34.438350715445 149.779803892486 23505152 -0.103093301367 1.340060366736 1.344020094821 0 
1584 560 -0.430930673442 8.593635719883 8.604433516006 2.276567854533 28820310 -32 -31 44.553338819891 128.94334067032 23462718 -0.124895558006 1.386504777078 1.392118672121 0 
1616 560 -0.485096512922 8.68963564236 8.703165299121 2.781969739415 28076212 2 -31 31.064449134018 177.714211583834 23786264 -0.140680637943 1.343635755581 1.350980416427 0 
1648 560 -0.043485834896 8.636076156667 8.636185639598 3.844128344266 29104644 -0.043485834896 8.636076156667 8.636185639598 3.844128344266 29104644 -0.095411558228 1.320513695277 1.323956111379 0 
1680 560 -0.312511623989 8.141612896502 8.14760848787 2.672839220269 28896538 -0.312511623989 8.141612896502 8.14760848787 2.672839220269 28896538 0.01091168114 1.317138596166 1.317183793666 0 
1712 560 -0.009805828831 7.150292585766 7.150299309563 1.404019131131 28117922 -0.009805828831 7.150292585766 7.150299309563 1.404019131131 28117922 0.029714046868 1.284237768364 1.284581476698 0 
1744 560 0.115422558466 6.117455608976 6.118544393465 2.909373070541 27620632 0.115422558466 6.117455608976 6.118544393465 2.909373070541 27620632 -0.039004461043 1.221811211872 1.222433632325 0 
1776 560 -0.102966758652 4.840894699651 4.841989637173 3.963175256179 27795650 -0.102966758652 4.840894699651 4.841989637173 3.963175256179 27795650 -0.096477747596 1.063879889219 1.068245465455 0 
1808 560 -0.113903006744 2.177124798208 2.180102355835 6.991596742537 26924202 -30 -32 43.863424398923 126.861138404584 20091754 -0.142705812793 0.810443800404 0.82291196529 0 
1840 560 -0.169961998419 0.3784156784 0.414831901576 8.039408612086 24157438 1 -32 32.015621187164 165.642515738595 17736824 -0.161803979245 0.558847596562 0.581799934584 0 
1872 560 -0.033335232415 0.279438986044 0.281420298915 19.647385701124 21135976 -27 -32 41.868842830917 113.39375393018 15907912 -0.153772246952 0.309091277693 0.345229375746 0 
1904 560 -4.166668362144 0.271676938601 4.175515968004 55.183741779081 20900762 -28 -32 42.520583250939 107.7283605209 15896940 -0.108858788466 0.180559047075 0.210835967774 0 
1936 560 0.147067536322 0.264932172614 0.303014713052 37.913712159428 21908688 0 -32 32 171.12155225973 16662996 -0.027063603789 0.173250904709 0.175351973564 0 
1968 560 -1 0.24790865679 1.030271178919 60.471469830321 22631876 -24 -32 40 127.524983673925 17230220 -0.048847452541 0.174891591283 0.181585082871 0 
2000 560 0.137406747238 0.250780553699 0.285957165149 71.924301378023 23506320 -24 -32 40 99.924852997604 19052594 -0.174210334722 0.185481106795 0.254465089357 0 
2032 560 -1.704480874642 0.377881644269 1.74586642934 43.244613029703 24442348 8 -32 32.984845004941 159.781091408311 20347102 -0.204745140659 0.300650399328 0.363746113711 0 
2064 560 -0.215196746102 1.285255262444 1.303146472647 5.598679045803 22256548 26 -32 41.231056256177 156.009970844566 19264268 -0.140451870355 0.520399468883 0.53901979101 0 
2096 560 -0.08092792048 0.336025322553 0.345633253189 3.178836555321 21384532 -32 25 40.607881008494 41.638939675239 19917640 -0.089589141844 0.489946960866 0.49807051589 0 
2128 560 -0.004452452439 0.066220091163 0.06636960755 10.146779545982 25375352 -32 22 38.832975677895 41.498080283255 20585424 -0.052156955128 0.209292875278 0.215693893308 0 
2160 560 0.005614869718 0.011376969726 0.012687088007 53.794389338177 26525624 0.005614869718 0.011376969726 0.012687088007 53.794389338177 26525624 -0.029418422433 0.056448040484 0.063653946091 0 
2192 560 0.002780640328 0.003018710215 0.004104213932 76.881268213195 19964496 0.002780640328 0.003018710215 0.004104213932 76.881268213195 19964496 -0.021373543759 0.031412456485 0.037994352149 0 
2224 560 0.005993571738 -0.002483181531 0.006487610707 154.735713618413 8418086 0.005993571738 -0.002483181531 0.006487610707 154.735713618413 8418086 -0.013215327299 0.014558576176 0.019662070489 0 
2256 560 -0.000276554161 -0.002937141041 0.002950132149 134.595346554971 953823.875 -0.000276554161 -0.002937141041 0.002950132149 134.595346554971 953823.875 -0.004943773053 0.005886399558 0.007687040507 0 
2288 560 0 0 0 0 0 0 0 0 0 0 0.000249556072 0.001465761761 0.001486854322 0 
2320 560 0 0 0 0 0 0 0 0 0 0 0.002364660078 0.001296662787 0.002696841053 0 
2352 560 0 0 0 0 0 0 0 0 0 0 0.002479843679 0.000968960749 0.002662425512 0 
2384 560 0 0 0 0 0 0 0 0 0 0 0.000595106875 0.00048265565 0.000766230167 0 
2416 560 0 0 0 0 0 0 0 0 0 0 -0.000260446145 0.000179627325 0.000316382949 0 
2448 560 0 0 0 0 0 0 0 0 0 0 -0.000086815382 0.000059875775 0.000105460983 0 
2480 560 0 0 0 0 0 0 0 0 0 0 0.000086815382 -0.000059875775 0.000105460983 0 
2512 560 0 0 0 0 0 0 0 0 0 0 0.000260446145 -0.000179627325 0.000316382949 0 
48 592 0 0 0 0 0 0 0 0 0 0 0 0 0 0 
80 592 0 0 0 0 0 0 0 0 0 0 0 0 0 0 
112 592 0 0 0 0 0 0 0 0 0 0 0 0 0 0 
144 592 0 0 0 0 0 0 0 0 0 0 0 0 0 0 
176 592 0 0 0 0 0 0 0 0 0 0 0 0 0 0 
208 592 0 0 0 0 0 0 0 0 0 0 0 0 0 0 
240 592 0 0 0 0 0 0 0 0 0 0 0 0 0 0 
272 592 0 0 0 0 0 0 0 0 0 0 0 0 0 0 
304 592 0 0 0 0 0 0 0 0 0 0 0 0 0 0 
336 592 0 0 0 0 0 0 0 0 0 0 0 0 0 0 
368 592 0 0 0 0 0 0 0 0 0 0 0 0 0 0 
400 592 0 0 0 0 0 0 0 0 0 0 0 0 0 0 
432 592 0 0 0 0 0 0 0 0 0 0 -0.000325923172 -0.000050799677 0.000329858335 0 
464 592 0 0 0 0 0 0 0 0 0 0 -0.000977769515 -0.000152399031 0.000989575004 0 
496 592 0.000516641496 -0.002848568929 0.002895041171 108.957363518579 1216896.875 0.000516641496 -0.002848568929 0.002895041171 108.957363518579 1216896.875 -0.001282993995 0.000195808776 0.001297850018 0 
528 592 -0.001500044765 -0.006616412727 0.006784323965 115.90126558152 13941282 31 31 43.840620433566 96.324818760057 2201767.5 -0.001241596613 0.000993823744 0.001590360897 0 
560 592 0.00058743236 -0.009597180172 0.009615141394 106.79350303153 31324972 31 29 42.449970553582 123.618288286806 23147232 -0.001638816877 0.000387123991 0.001683919755 0 
592 592 0.00436130197 -0.030841029172 0.031147873687 64.769245402708 36146916 0.00436130197 -0.030841029172 0.031147873687 64.769245402708 36146916 -0.002474654787 -0.001624290482 0.002960107411 0 
624 592 -0.005891914349 -0.32448194858 0.3245354366 7.350821084916 35347648 -0.005891914349 -0.32448194858 0.3245354366 7.350821084916 35347648 -0.012341704749 -0.083668008172 0.084573360271 0 
656 592 0.098692665548 -0.14850010447 0.178304580033 40.852686913744 35486288 0.098692665548 -0.14850010447 0.178304580033 40.852686913744 35486288 -0.031239966761 -0.245744029079 0.247721745818 0 
688 592 -0.039469680339 -0.342767548457 0.345032531715 7.81595159383 34331264 -0.039469680339 -0.342767548457 0.345032531715 7.81595159383 34331264 -0.096190500601 -0.37505493505 0.38719351326 0 
720 592 0.017536763379 -1.522430585462 1.52253158444 24.377786498134 32059222 -32 22 38.832975677895 100.790693075406 31749420 -0.207193306268 -0.471600726083 0.5151080576 0 
752 592 -0.072015803675 -1.411277410856 1.413113656565 37.680462469134 29166074 25.288682771616 26.726712277071 36.79449178158 177.185272846919 28593760 -0.281515686527 -0.328430682738 0.432571144581 0 
784 592 -0.701059488317 -1.047883768971 1.260771509605 65.899181548748 27980708 4 31 31.256999216176 87.669721591533 27393858 -0.319157641378 0.054455194987 0.323769931141 0 
816 592 -0.140644760722 -0.056560558873 0.151591706694 73.127722951221 28109860 -32 -32 45.254833995939 96.220103393457 27809626 -0.343837676249 0.427955221401 0.548971783549 0 
848 592 -0.13351531102 0.339306280899 0.364630073547 2.695673699309 28582354 -0.13351531102 0.339306280899 0.364630073547 2.695673699309 28582354 -0.355555791139 0.792069396506 0.868213020804 0 
880 592 -0.046272264859 0.240405208788 0.244817864764 5.325639606061 32992410 -0.046272264859 0.240405208788 0.244817864764 5.325639606061 32992410 -0.289326775825 0.994542708946 1.035772746855 0 
912 592 -0.048918722078 1.092483775378 1.093578456643 5.416511593374 38969776 0 32 32 7.980362310053 38678760 -0.145150630307 1.035375158721 1.045500083584 0 
944 592 -0.165363817643 1.193919145365 1.20531660482 9.623446071564 42894140 0.065568198039 -29.606031571874 29.606104178419 178.13524652318 42727784 0.032968701868 1.086616174578 1.087116206373 0 
976 592 0.005232212804 1.679599280886 1.679607430444 11.867329050577 45196828 12.818161737714 -30.176527893091 32.786096230211 144.939731657791 45104344 0.2450312207 1.148265756518 1.174118625484 0 
1008 592 0.087778954419 2.853416531324 2.854766373291 2.166534036511 46557304 -12 -31 33.241540277189 162.767294575078 46394392 0.085541411141 1.245618180092 1.248551954705 0 
1040 592 0.231563597746 3.076195054567 3.084898331152 22.212453584648 48635100 -0.113536978977 28.250518070853 28.250746218768 17.677309792327 48512128 -0.445500726809 1.378673445302 1.448865544614 0 
1072 592 -0.038014468898 3.07009221429 3.070327556482 21.518195280119 50346148 1.439440187155 25.90218591964 25.942151481094 25.408384367236 50309540 -0.646721420719 1.58256238191 1.709605886938 0 
1104 592 -0.15652622446 2.902406876048 2.906624525644 12.500372751461 50640192 3 23.5 23.690715480964 22.862337270193 50615496 -0.51812067059 1.857284989914 1.92820034308 0 
1136 592 -0.010174432177 2.473156432768 2.473177361212 10.731521312869 49781724 0.205938755543 22.494525324028 22.495467995229 11.491763442354 49753444 -0.460711459083 2.377413404428 2.421641910788 0 
1168 592 -0.115562367056 2.501975827177 2.504643228178 5.940641662364 48600492 -0.115562367056 2.501975827177 2.504643228178 5.940641662364 48600492 -0.474493786199 3.142947625452 3.178563217788 0 
1200 592 -0.016856428364 2.87524767701 2.875297087838 8.098368119299 48819652 0 34 34 8.434266534584 48676204 -0.495037003522 3.338566497315 3.375068575874 0 
1232 592 0.013542219895 2.873817656921 2.873849564077 10.263623890656 51810640 0 33 33 9.99363240381 51696176 -0.52234111105 2.964270020019 3.009939698378 0 
1264 592 -0.013821785372 3.021647922804 3.021679534818 7.899518831159 53610620 11.043744446667 -16.573712502202 19.916130083651 154.484454186958 53586788 -0.431095519428 3.005863670046 3.036619790124 0 
1296 592 -0.085095814657 3.097273171858 3.09844193084 2.082329934879 51903964 -32 -16 35.777087639997 112.908948268957 51870960 -0.221300228654 3.463347447399 3.470410542372 0 
1328 592 0.07900792269 5.292736941976 5.29332660893 3.946369935645 51788516 10.298272553021 -15.136415093356 18.30752521382 148.861181680605 51776128 -0.187604444891 3.473960114479 3.479022032804 0 
1360 592 -0.331818725713 8.558323803404 8.564753936375 3.979823140291 52924612 -11.528372692716 31.251957979095 33.310482651401 14.048099662438 52922580 -0.330008168139 3.037701671288 3.055574714319 0 
1392 592 -0.046482680131 7.091005637975 7.091157987053 7.011702624672 51616728 -9.121712383192 25.915815605736 27.474263144118 12.003500337865 51606516 -0.3332782494 2.570568272481 2.592083261589 0 
1424 592 0.230420840365 4.494798516237 4.500700774906 8.375735349272 50603796 -26.757523731251 24.046073493391 35.974695643994 42.613947460088 50590664 -0.197414688675 2.072559918057 2.081940722797 0 
1456 592 24.838197708826 23.292190316597 34.050876569735 49.734468135506 50939552 0.446451903071 3.590413031547 3.618063714041 9.982782992418 50936656 -0.108164718341 2.139126769353 2.141859692336 0 
1488 592 0.311710912593 3.396716736043 3.410989340052 6.598280469196 49682280 0.074612716316 22.419668829485 22.419792984798 1.545709748734 49664680 -0.065528338398 2.770268826367 2.771043726374 0 
1520 592 -0.362309092829 4.439064230381 4.453825223355 3.198173383535 47445236 4.131328458859 21.764482695861 22.153116752579 12.215869348189 47331856 -0.083703309252 3.266497933725 3.267570197411 0 
1552 592 -0.366573253906 4.651681968924 4.666103416181 1.938136921879 47110612 4 -29 29.274562336609 174.714400422397 46781888 -0.162689630902 3.627814091426 3.631460174359 0 
1584 592 -0.195454444285 4.392029446981 4.396376360474 0.817628779158 45597384 -0.195454444285 4.392029446981 4.396376360474 0.817628779158 45597384 -0.219502231233 3.732351103152 3.738800073114 0 
1616 592 -0.300510812248 4.410507795947 4.420733623098 0.162608055363 45095168 -0.300510812248 4.410507795947 4.420733623098 0.162608055363 45095168 -0.254141110244 3.580108968904 3.589117988189 0 
1648 592 -0.056700334681 4.293107229081 4.293481641784 1.365949068289 47013712 -0.056700334681 4.293107229081 4.293481641784 1.365949068289 47013712 -0.129528163144 3.494735685056 3.49713526382 0 
1680 592 0.102943013085 4.230186340633 4.231438731734 1.148093373054 48253988 0 -29 29 177.457869627846 47237588 0.154336610068 3.476231251607 3.479655658805 0 
1712 592 0.293234450728 3.98238024083 3.993161507583 0.104857628127 47653648 0.293234450728 3.98238024083 3.993161507583 0.104857628127 47653648 0.255049422781 3.379335594229 3.388946630811 0 
1744 592 0.298145307305 3.608984190394 3.621278435965 1.638904582398 46851060 0.298145307305 3.608984190394 3.621278435965 1.638904582398 46851060 0.172610274994 3.204048712922 3.208694822169 0 
1776 592 -0.024190701281 3.14354660581 3.143639682426 1.866630601579 47017620 -12 -30 32.310988842807 159.624318560819 46267276 0.069041677142 2.774007436928 2.774866485673 0 
1808 592 0.165647304814 2.916066555261 2.920767567662 4.777187908312 45372860 -31.477977968507 31.153436434004 44.287692405829 43.770898531072 45134604 -0.055656370775 2.089211766245 2.089952974548 0 
1840 592 -0.017968399416 1.401485708318 1.401600889697 6.064299267105 42665688 -27.277829731807 28.33238848079 39.329432132995 37.114761280011 42541908 -0.165808233472 1.390747822907 1.400596971726 0 
1872 592 -0.5 0.156897642014 0.524038996707 51.510881995628 40227936 -5.583307741701 25.330364566983 25.93840192523 8.637161114549 39849880 -0.261413910949 0.678615606915 0.727225119743 0 
1904 592 -0.678551281632 0.115828128463 0.688366179549 45.175402379427 39309740 27.351901419722 20.451055630461 34.152191550095 88.35210608772 39027688 -0.217224817808 0.308648632603 0.377426284033 0 
1936 592 -0.11981481493 0.147252895951 0.189839419622 32.384002823792 40562868 -0.261454974918 16.171398639676 16.173512069653 5.823844634843 40330680 -0.033240954049 0.280846899971 0.282807252824 0 
1968 592 0.220934646608 0.123127369509 0.252927790474 73.748984255395 42483136 0.220934646608 0.123127369509 0.252927790474 73.748984255395 42483136 -0.067138979186 0.293614987393 0.301193298976 0 
2000 592 0.174117130215 6.878604446332 6.880807794447 44.039212844165 41612312 -7 31 31.780497164141 29.864846929979 41097832 -0.318918893219 0.346952894868 0.471259558745 0 
2032 592 0.226223210601 6.876864761427 6.880584705384 29.064713065641 38802172 -26.490019116245 -25.10751131701 36.498057993718 106.284605146879 38223004 -0.366025773009 0.712803444047 0.801288722217 0 
2064 592 -0.037332218194 5.711322165167 5.711444175411 8.147580083125 33843488 -31 -31 43.840620433566 126.477909774072 32696696 -0.208459618556 1.391166634932 1.406698268541 0 
2096 592 -0.148795793314 3.377945388824 3.381220968524 2.167008307738 25624976 31 -8 32.015621187164 109.159505220216 24458234 -0.109073718146 1.329755484954 1.334221393081 0 
2128 592 -0.076562868709 2.294425307388 2.29570236835 5.405511934588 21065992 31 -28 41.773197148411 139.40587257536 19596162 -0.067868071779 0.528569994113 0.532909292322 0 
2160 592 -0.123430816029 0.298947254002 0.323426385783 0.312465506386 27278996 31 -4 31.256999216176 119.474906567265 24703198 -0.044146070997 0.108596155022 0.117226278922 0 
2192 592 -0.037883345254 0.060600112394 0.071466925705 3.516734335046 32848016 31 -31 43.840620433566 163.494274629697 28806782 -0.037907715802 0.06983396768 0.079459284915 0 
2224 592 -0.010972854887 0.006289376163 0.012647521373 26.433961600008 28252082 -0.010972854887 0.006289376163 0.012647521373 26.433961600008 28252082 -0.028602007462 0.042812816178 0.051487979762 0 
2256 592 -0.000144930527 -0.007240112182 0.007241562626 148.336314370163 19064128 -0.000144930527 -0.007240112182 0.007241562626 148.336314370163 19064128 -0.016228945977 0.027532700517 0.031959791696 0 
2288 592 -0.000173283398 0.000185559044 0.000253888351 25.624977618918 7529520 -0.000173283398 0.000185559044 0.000253888351 25.624977618918 7529520 -0.004965152365 0.015828566989 0.016589040687 0 
2320 592 0 0 0 0 565103.875 0 0 0 0 565103.875 0.005189373374 0.007700415595 0.009285795407 0 
2352 592 0 0 0 0 0 0 0 0 0 0 0.007439531038 0.002906882248 0.007987276536 0 
2384 592 0 0 0 0 0 0 0 0 0 0 0.001785320626 0.001447966949 0.002298690502 0 
2416 592 0 0 0 0 0 0 0 0 0 0 -0.000781338434 0.000538881974 0.000949148846 0 
2448 592 0 0 0 0 0 0 0 0 0 0 -0.000260446145 0.000179627325 0.000316382949 0 
2480 592 0 0 0 0 0 0 0 0 0 0 0.000260446145 -0.000179627325 0.000316382949 0 
2512 592 0 0 0 0 0 0 0 0 0 0 0.000781338434 -0.000538881974 0.000949148846 0 
48 624 0 0 0 0 0 0 0 0 0 0 0 0 0 0 
80 624 0 0 0 0 0 0 0 0 0 0 0 0 0 0 
112 624 0 0 0 0 0 0 0 0 0 0 0 0 0 0 
144 624 0 0 0 0 0 0 0 0 0 0 0 0 0 0 
176 624 0 0 0 0 0 0 0 0 0 0 0 0 0 0 
208 624 0 0 0 0 0 0 0 0 0 0 0 0 0 0 
240 624 0 0 0 0 0 0 0 0 0 0 0 0 0 0 
272 624 0 0 0 0 0 0 0 0 0 0 0 0 0 0 
304 624 0 0 0 0 0 0 0 0 0 0 0 0 0 0 
336 624 0 0 0 0 0 0 0 0 0 0 0 0 0 0 
368 624 0 0 0 0 0 0 0 0 0 0 0 0 0 0 
400 624 0 0 0 0 0 0 0 0 0 0 0 0 0 0 
432 624 0 0 0 0 0 0 0 0 0 0 -0.000465079103 -0.00002695855 0.000465859781 0 
464 624 0 0 0 0 0 0 0 0 0 0 -0.00139523731 -0.00008087565 0.001397579344 0 
496 624 -0.000152003247 0 0.000152003247 0.817390799145 2735788 -0.07651384874 20.761794935946 20.761935924459 88.971456900491 2206234.25 -0.002249317148 0.000032091297 0.002249546061 0 
528 624 -0.003097515523 -0.001649725133 0.00350944375 33.922730790502 20691856 -0.003097515523 -0.001649725133 0.00350944375 33.922730790502 20691856 -0.003027318617 0.000311942292 0.003043347828 0 
560 624 -0.002571383132 -0.00802759881 0.008429374465 55.800391683323 36547460 30 31 43.139309220246 150.499227822793 36146072 -0.003697628348 -0.001090965891 0.003855212313 0 
592 624 -0.074101315445 -0.140000323131 0.158401690103 17.675811604996 37490560 23.544663529067 20.517557865081 31.23013546951 176.637721972126 37328760 -0.004260246341 -0.004176633252 0.005966067734 0 
624 624 0.020763604099 -0.243109851918 0.243994933052 21.79064807359 38696148 0.325941776075 21.361932104595 21.364418580498 163.965196225811 38500952 -0.026821028868 -0.088228801009 0.092215448364 0 
656 624 0.069449971305 -0.160514967193 0.174895263535 39.137622006158 39799904 -32 21 38.275318418009 107.533941417372 39650564 -0.07137997593 -0.253247469162 0.263114768876 0 
688 624 -0.102801157983 -0.147920390073 0.18013472703 14.472605238525 38588780 -0.111054809053 -18.867235733101 18.867562571223 19.988531766732 38481124 -0.14386241854 -0.388373566991 0.414162314806 0 
720 624 -0.097077250639 -0.778949157521 0.784975020364 19.225237118959 34314476 -0.097077250639 -0.778949157521 0.784975020364 19.225237118959 34314476 -0.244268356699 -0.493607094498 0.550740405112 0 
752 624 -0.182426898269 -1.097326825698 1.112387403564 25.224411692011 29435076 0 31 31 145.336682996958 28691076 -0.320350817263 -0.463278793606 0.563251175521 0 
784 624 -1.473934179014 -0.795606254277 1.674954111584 10.272239728483 28647130 -6 31 31.575306807694 117.677645724413 27749108 -0.37210980023 -0.297388664316 0.476346219772 0 
816 624 -0.089806189765 -0.03856017856 0.097734533767 8.820573220214 32039710 -0.089806189765 -0.03856017856 0.097734533767 8.820573220214 32039710 -0.33932410662 -0.087229129785 0.350356633184 0 
848 624 -0.21931415995 0.13557023231 0.257833257442 5.263584438732 36316484 -0.308065827129 -19.275848905209 19.278310495744 126.070471400069 36214352 -0.221993736431 0.167199809989 0.277915446629 0 
880 624 -0.219187776817 0.184430200237 0.286457292219 6.63474946884 40115620 0 -32 32 136.712863964686 40042356 -0.361737376641 0.384039094844 0.52757933624 0 
912 624 -0.211093356289 0.305086525184 0.370996216852 18.723247127409 43556552 0 -32 32 126.596886396372 43480712 -0.758555027248 0.563288724782 0.944827982667 0 
944 624 -0.082182290324 0.423660957887 0.431558264989 32.965365222798 45568624 0.1346319284 -31.137544344044 31.137835402183 136.304400187665 45501928 -0.752716546579 0.781005145885 1.084689465881 0 
976 624 -0.188682894439 1.152753216784 1.168092981513 9.064210884627 46189216 10 -31 32.572994949805 179.518730149593 46122140 -0.344221934634 1.037188358153 1.092816741531 0 
1008 624 -0.191414077433 1.203650657485 1.218775719443 9.632144072546 46510756 -32 -9 33.241540277189 87.040530119972 46433648 -0.375064231021 1.110113867481 1.17176191104 0 
1040 624 -1.268232571727 0.992453592656 1.610396842261 11.74297935316 46500920 20.788353746846 -18.5823420627 27.882953359341 172.005081109309 46214620 -0.845243435738 0.999781673871 1.309198174864 0 
1072 624 -1.66919742389 0.696162153024 1.808552399911 16.207908962837 46821032 30 0 30 141.152831023864 46679268 -1.026569649514 0.826775570726 1.318105871943 0 
1104 624 -1.01761733222 0.654629560081 1.209993758565 0.005353787645 47727900 29.693726134268 -18.825628450895 35.158521844754 179.626753673132 47586048 -0.919042872348 0.591095558045 1.092718518171 0 
1136 624 -0.596207228068 1.976421516316 2.064389757036 29.968959403188 47741336 24.178634911816 24.263395629966 34.253740725579 91.655166884011 47679900 -0.861541988873 0.810304191721 1.182728828478 0 
1168 624 -0.328056508445 1.704591591358 1.735872566193 19.020807709745 46765680 26.264454667894 25.302110743079 36.469417147206 75.983591429103 46701912 -0.854066999091 1.484401471753 1.712564792433 0 
1200 624 -0.291072790591 1.955746743738 1.9772882175 13.301719599119 44756808 9 -30 31.320919526732 174.932359775142 44518732 -0.820858563699 2.055737881575 2.213564324645 0 
1232 624 -0.438700570334 1.946049842661 1.994885505619 4.09155241754 46013360 -11 -30 31.953090617341 143.068241228367 45592040 -0.761916682696 2.524313421187 2.6367926122 0 
1264 624 -0.089648026709 1.974854392998 1.976888120819 8.314877586811 49288704 -0.089648026709 1.974854392998 1.976888120819 8.314877586811 49288704 -0.577647027652 2.995730236811 3.050913918861 0 
1296 624 -0.093403210303 2.772410572379 2.773983515007 2.487631708566 48610660 7 -29 29.832867780353 170.846776738184 48422808 -0.268049598567 3.469988328446 3.480326074788 0 
1328 624 0.127617589754 2.707110021587 2.71011640307 5.100553484347 49843244 7 -29 29.832867780353 168.831100623049 49691620 -0.146376085988 3.490192713635 3.493260817182 0 
1360 624 -0.053286059675 2.763683213895 2.764196865442 2.875020861259 52479488 12 -29 31.38470965295 161.500158822421 52351308 -0.212626489914 3.056343392375 3.063730561967 0 
1392 624 0.098203073111 2.300616668859 2.302711640784 2.54904845326 51722624 0 -30 30 179.895169261271 51569480 -0.004747749971 2.594904274118 2.59490861746 0 
1424 624 -0.004055758759 2.393702508163 2.393705944089 12.866468063646 50188136 -29.729427320803 19.709333595875 35.669267999447 69.226720418286 50047972 0.477260133841 2.105875358863 2.159279570232 0 
1456 624 0.286407714492 2.037077465009 2.057113020076 11.080178678715 48588392 6.5 21.388592755382 22.354460406271 2.179311473964 48289244 0.751506567475 2.172262253901 2.298583350823 0 
1488 624 0.288618557589 1.920258559374 1.941827388475 7.770257309929 46963252 26.511889216373 20.895129798725 33.756284142761 35.438935378079 46690008 0.817991550931 2.794064959232 2.911341473239 0 
1520 624 0.248919288735 2.360484032619 2.373572345759 6.446029894065 47031848 -13.479630853208 20.525373527548 24.555883335447 45.759885022866 46924956 0.724370357678 3.276685387841 3.355797900049 0 
1552 624 0.906161523579 2.734043010758 2.880298576795 10.929747190017 48541328 -4.079360586196 22.59505713071 22.960352556793 17.64139112112 48449288 0.470642987716 3.62012353973 3.650588892876 0 
1584 624 0.340728065828 2.634333441189 2.656277149359 2.497552724204 49373952 7.829446838484 27.971692658623 29.046786878847 10.765014537097 49266056 0.317350616857 3.722927242749 3.736428598116 0 
1616 624 0.171498139944 2.643528076814 2.649085182645 0.507549963532 50642880 0.199069513292 31.252775236955 31.253409232958 3.854446352095 50528052 0.264493245099 3.585096496899 3.594839853009 0 
1648 624 0.212381208132 2.461953758258 2.471097344373 1.028964474939 52358772 29.979650771019 22.096267306748 37.242777678948 47.648822434458 52267240 0.366922125106 3.514990568985 3.534089776158 0 
1680 624 0.086623345295 2.567244919679 2.568705915742 8.150812081111 52994416 6 -29 29.614185789922 158.227291848854 52801984 0.624637256879 3.512609459008 3.567715923976 0 
1712 624 0.190492467305 2.812310241996 2.818754384003 6.735215466356 52374392 19 -29 34.669871646719 136.15804999048 52115552 0.639589235681 3.414240327681 3.473630867775 0 
1744 624 0.236406260229 2.855818403205 2.865586619169 2.555583849441 52121448 -15.522364342813 26.591664214739 30.790589479587 37.56118222316 51759404 0.411778061513 3.219883175003 3.246106719227 0 
1776 624 0.028959633917 2.242487176607 2.242674162166 3.713697161378 52670884 0.028959633917 2.242487176607 2.242674162166 3.713697161378 52670884 0.217093053663 2.787299521176 2.795741049292 0 
1808 624 1.204422548115 2.574960898491 2.842720053605 23.564531628906 49975604 3.089327358378 20.663482643303 20.893143815073 7.000087274952 49600948 0.055534212131 2.116489366198 2.117217817313 0 
1840 624 0.260917619475 3.257582394033 3.268014849731 7.101416118465 47723268 0.294120615783 23.838909099759 23.840723437077 3.228929414529 47508024 -0.066890354874 1.518623909308 1.520096344808 0 
1872 624 1.012086838568 3.049133964206 3.212715004552 26.956551080369 46756940 -0.197415296549 29.864136301947 29.864788796517 8.215458523757 46640064 -0.15018064735 0.993703150506 1.004987650752 0 
1904 624 0.489184546922 2.50116816039 2.5485571776 13.380982036907 45920352 -0.106966195011 -29.789945045347 29.79013708548 177.479641799173 45844384 -0.029315780683 0.72528135041 0.725873578696 0 
1936 624 0.163792619452 3.293496281831 3.297566645365 19.668085763307 47326120 6.136521053255 26.686717431691 27.383165958595 9.565320953735 47186560 0.295704245128 0.713358509021 0.772218468426 0 
1968 624 2.702873507703 3.930795887746 4.770396368203 15.735346906881 48864972 -29.891167964101 -18.772419254549 35.297105361866 140.907516717774 48805944 0.275485425822 0.810269355517 0.855820453326 0 
2000 624 0.253372165183 4.407285863995 4.414562961502 8.350855729409 48746136 15.344910889935 -17.339686025213 23.154502837958 143.553067475046 48520164 -0.089972238599 1.016013889899 1.019989817688 0 
2032 624 0.050934430342 4.195523802566 4.19583296785 8.920138781345 45414344 0.307519923297 23.780909071297 23.78289731636 8.965463738873 44769600 -0.214522884472 1.484173033921 1.499596499923 0 
2064 624 0.417693173168 3.831226109864 3.853928008126 8.759923646867 42937184 -13.5 21.753930662558 25.602411981518 29.284888724225 42220980 -0.098166511798 2.214746787584 2.216921287992 0 
2096 624 0.260590339257 2.406901966166 2.420967657704 6.644417011826 39079992 0.260590339257 2.406901966166 2.420967657704 6.644417011826 39079992 -0.017302876927 2.131087845735 2.131158087939 0 
2128 624 -0.457003350072 1.310131306869 1.387550396639 20.533772708716 30829762 0 -31 31 178.69615113068 28968914 0.028068020142 1.233196208374 1.233515586486 0 
2160 624 -1.152331690244 0.475277344347 1.246497845322 70.32430433958 27455988 31 0 31 87.262075526722 26860288 0.03169835705 0.662837663019 0.663595172794 0 
2192 624 0.025093178962 1.779635560101 1.779812460459 1.682431132056 30581784 28.629751821531 -30.738836324003 42.006413176042 137.909195760921 29738906 -0.006411866202 0.420012209669 0.420061148286 0 
2224 624 -0.120693338726 0.225456491415 0.255729371668 22.718522191902 35629096 -32 18 36.715119501372 55.199345635275 34116092 -0.022129564328 0.232250100269 0.233302007476 0 
2256 624 -0.036757026288 0.046421824292 0.059212032157 29.547973576704 37307736 31 -17 35.355339059327 127.564174277042 32174228 -0.015454737328 0.099551334818 0.100743819512 0 
2288 624 -0.005454433419 0.009436746811 0.010899680468 18.454150862248 30780362 -0.005454433419 0.009436746811 0.010899680468 18.454150862248 30780362 -0.005045635839 0.024637759572 0.025149108091 0 
2320 624 0.009844268165 0.002845126735 0.0102471636 23.416629721721 20256288 0.009844268165 0.002845126735 0.0102471636 23.416629721721 20256288 0.00909774014 0.007509374532 0.011796591945 0 
2352 624 0.003699641043 0.000472523661 0.003729694686 15.251338383238 8060650 0.003699641043 0.000472523661 0.003729694686 15.251338383238 8060650 0.012258620999 -0.001716912112 0.012378270315 0 
2384 624 0.001855859655 0.00062661115 0.001958789573 53.08323144971 714621.875 0.001855859655 0.00062661115 0.001958789573 53.08323144971 714621.875 0.004437006738 -0.003041100358 0.005379156084 0 
2416 624 0 0 0 0 0 0 0 0 0 0 0.000736445609 -0.003447912887 0.003525685098 0 
2448 624 0 0 0 0 0 0 0 0 0 0 0.001156937612 -0.002937349698 0.003156980818 0 
2480 624 0 0 0 0 0 0 0 0 0 0 0.001577429615 -0.002426786509 0.002894404421 0 
2512 624 0 0 0 0 0 0 0 0 0 0 0.001997921618 -0.00191622332 0.002768321261 0 
48 656 0 0 0 0 0 0 0 0 0 0 0 0 0 0 
80 656 0 0 0 0 0 0 0 0 0 0 0 0 0 0 
112 656 0 0 0 0 0 0 0 0 0 0 0 0 0 0 
144 656 0 0 0 0 0 0 0 0 0 0 0 0 0 0 
176 656 0 0 0 0 0 0 0 0 0 0 0 0 0 0 
208 656 0 0 0 0 0 0 0 0 0 0 0 0 0 0 
240 656 0 0 0 0 0 0 0 0 0 0 0 0 0 0 
272 656 0 0 0 0 0 0 0 0 0 0 0 0 0 0 
304 656 0 0 0 0 0 0 0 0 0 0 0 0 0 0 
336 656 0 0 0 0 0 0 0 0 0 0 0 0 0 0 
368 656 0 0 0 0 0 0 0 0 0 0 0 0 0 0 
400 656 0 0 0 0 0 0 0 0 0 0 0 0 0 0 
432 656 0 0 0 0 0 0 0 0 0 0 -0.00047607152 0.000045908069 0.000478279879 0 
464 656 0 0 0 0 0 0 0 0 0 0 -0.00142821456 0.000137724207 0.001434839638 0 
496 656 -0.000208276797 0.000747072031 0.000775561631 65.599975922808 3859315.5 -0.000208276797 0.000747072031 0.000775561631 65.599975922808 3859315.5 -0.003070994936 0.000476625049 0.003107761467 0 
528 656 -0.001887514803 0 0.001887514803 11.123549486834 21723888 -0.001887514803 0 0.001887514803 11.123549486834 21723888 -0.005404412649 0.001062610595 0.005507886832 0 
560 656 -0.046337903662 0.209284817791 0.21435329779 69.205255382582 35941976 -13 31 33.615472627943 58.938771904258 35831560 -0.008250395984 0.001205110282 0.008337944872 0 
592 656 -0.405883781866 0.365540416142 0.546224715858 37.553013377988 35996560 31 -2 31.064449134018 179.238083929977 35964712 -0.011608944942 0.000904124113 0.011644099066 0 
624 656 -0.435419751944 -0.061288314487 0.439711971495 17.527773134833 34953496 -0.435419751944 -0.061288314487 0.439711971495 17.527773134833 34953496 -0.056481086478 -0.026988405578 0.062597820772 0 
656 656 -0.401045249795 -0.100631170334 0.413477840792 15.910510561809 34347816 -0.401045249795 -0.100631170334 0.413477840792 15.910510561809 34347816 -0.142866820592 -0.082472478792 0.164962535699 0 
688 656 0.130283855779 -0.10955787231 0.170225763214 105.296369918511 34474592 0.130283855779 -0.10955787231 0.170225763214 105.296369918511 34474592 -0.183184941368 -0.126571897961 0.222659309479 0 
720 656 -2.846708471113 -0.2619331572 2.858733652922 36.657700915179 33130608 31 31 43.840620433566 176.914833905556 32845830 -0.177435448806 -0.159286663087 0.23844408051 0 
752 656 -1.916636978527 -0.288609276195 1.938244727005 30.169357704885 33737504 19 31 36.359317925396 160.236948360737 33362116 -0.198561943906 -0.159264154406 0.254542563134 0 
784 656 -0.161359703154 -0.394354364111 0.426089566048 40.585961507632 36140932 -0.161359703154 -0.394354364111 0.426089566048 40.585961507632 36140932 -0.24656442667 -0.126504371919 0.277123388788 0 
816 656 -0.007191417565 -0.967542274143 0.967568999472 70.042085696375 37299280 -0.007191417565 -0.967542274143 0.967568999472 70.042085696375 37299280 -0.259649073597 -0.092110107296 0.275503018651 0 
848 656 -0.225883807787 -0.348082161652 0.414951425929 43.749941316588 38878660 -32 28 42.520583250939 54.454904890517 38795944 -0.23781588469 -0.056081360536 0.244338932654 0 
880 656 -0.425807982488 0.073670844213 0.432134043137 6.300563396013 40422384 31 9 32.280024783138 160.295543591274 40366628 -0.84325163262 0.05180076696 0.84484118944 0 
912 656 -2.174357454609 0.236119078954 2.187140269818 0.166420194932 40873516 19 -32 37.215588131857 127.063753761428 40718732 -2.075956317388 0.23153627519 2.088828302765 0 
944 656 -2.14439238536 0.126272369618 2.148106937217 7.450946421705 40660472 -2.14439238536 0.126272369618 2.148106937217 7.450946421705 40660472 -2.063063167533 0.394330794777 2.100411009527 0 
976 656 -1.523234489584 0.067708592154 1.524738588647 31.331991704492 40380560 -1.523234489584 0.067708592154 1.524738588647 31.331991704492 40380560 -0.804572183056 0.540184325723 0.969090038905 0 
1008 656 -0.912474101569 0.136968429375 0.922696773962 43.641510862992 39862608 -0.912474101569 0.136968429375 0.922696773962 43.641510862992 39862608 -0.474112755956 0.610743666756 0.773169277612 0 
1040 656 -1.515941781191 0.34298502386 1.554258090071 16.738336337234 39113548 -1.515941781191 0.34298502386 1.554258090071 16.738336337234 39113548 -1.071684886233 0.606008817877 1.231160096301 0 
1072 656 -1.810332627601 0.395483520488 1.853027640791 9.723058810944 39138068 30 0 30 157.953764587067 38970840 -1.385901358705 0.561241846246 1.495230746753 0 
1104 656 -1.2957974865 0.312155457298 1.332866143144 5.04287925658 41215132 20.715494053814 -31.11804480549 37.382675217406 142.239246491736 40944488 -1.416762173371 0.476442751863 1.494728320364 0 
1136 656 -1.875003030411 0.220636380229 1.887939823281 13.842273479086 42868884 29 -32 43.185645763378 152.737993966539 42672908 -1.417609419626 0.531533133561 1.513982806601 0 
1168 656 -2.05236855219 0.171636244737 2.059532877749 22.84071270807 42503924 20 31 36.891733491393 95.207399805001 42274224 -1.388443097468 0.72651299134 1.567033937569 0 
1200 656 -0.884642494211 0.260992812633 0.922339195096 18.858660742379 40445536 -14.466893323405 -30.73225586261 33.967080428493 100.087878081595 40150728 -1.237685023881 0.876203591619 1.516442202099 0 
1232 656 -0.426516311066 0.281779638027 0.511190696328 11.998690609114 40033640 10.050936402788 29.665363719521 31.321799552139 63.267330277325 39787956 -0.965335198866 0.980604934399 1.376029826543 0 
1264 656 -0.066543877403 1.132724032138 1.134676967513 26.712250493186 42585720 0.358924356144 26.931247971716 26.933639635361 30.837888629646 42468768 -0.644225936423 1.112496598283 1.285564365697 0 
1296 656 -0.085521882764 1.096139443234 1.09947063237 7.711534635751 43747752 -2.226602608912 26.350096658296 26.444004104514 7.342709074068 43653672 -0.274357236553 1.27187858327 1.301132976998 0 
1328 656 -0.000405473782 1.087098174587 1.087098250205 1.028392745335 45312752 -0.083139336059 23.381271389751 23.381419203085 0.846031348981 45119536 -0.023575724144 1.286612218219 1.286828199426 0 
1360 656 -0.108630649464 1.046310938191 1.051934977734 11.267380451727 47740584 0.049320830121 28.615065352465 28.615107857041 5.24126926237 47499776 0.108118600803 1.156697503127 1.16173953431 0 
1392 656 0.104798198192 0.841200121373 0.847702958908 28.471170051676 48379700 -30 -31 43.139309220246 171.511781853624 48268456 0.731998713249 1.023479037781 1.258304993623 0 
1424 656 0.873457589063 0.310871277956 0.927129500852 6.047034572431 47949456 18.309652257168 -30.557698831999 35.623255377429 84.708805792752 47824248 1.848064613194 0.886956822181 2.049886635635 0 
1456 656 1.281870537871 0.745990539125 1.483136527877 9.852638904445 46120848 1.322998248097 -30.362097915823 30.390908413775 107.849797577189 45844080 2.460815277851 0.912472529418 2.624541473981 0 
1488 656 1.948444363861 1.152947968106 2.264006284492 7.443817318056 44106884 -16.139832218364 31.28529502631 35.203179812628 94.11869569124 43865852 2.570250707218 1.100026159494 2.795755041044 0 
1520 656 1.899705841186 1.142327323027 2.216707918507 3.287899096573 44097140 -17.912864231894 29.736535621865 34.715014846327 93.332807444863 43912780 2.348947132764 1.234864886904 2.653760336094 0 
1552 656 1.142345194835 0.909557161513 1.460221481222 2.289012255161 45356616 0.853606790401 31.468234194196 31.479809526956 52.207712724832 45177632 1.796904554488 1.316988711647 2.227852159491 0 
1584 656 1.464184704207 0.930956088636 1.735083884716 9.985431224453 45874960 32 -31 44.553338819891 86.525016515596 45774452 1.485662986262 1.358233195868 2.012956016188 0 
1616 656 1.231523650625 0.977317528998 1.572195933888 5.395585380757 46401452 11 32 33.837848631377 27.199051582076 46285264 1.415222428086 1.358598339565 1.961796107965 0 
1648 656 1.249299446022 0.981839549027 1.588948710897 6.574376288596 47021940 -27.379441647798 -13.798416968019 30.659910889768 162.008123184236 46921440 1.393939306523 1.381278347065 1.962395643681 0 
1680 656 1.25238413061 1.050429057299 1.634584722497 5.10169082855 46233024 -15.922153738099 -18.669951812907 24.53736090854 175.548003860913 46123592 1.421813621572 1.426273218369 2.013903986769 0 
1712 656 1.086678340237 1.179744201317 1.603953302213 2.218874367871 45862112 19.119092119713 -19.993427295572 27.663637116355 95.850880632794 45715452 1.18333348557 1.388951968719 1.824682358516 0 
1744 656 0.083186310791 1.236601690535 1.239396507715 24.277773527603 47628116 1.949986635864 -22.786731781277 22.870015154169 146.982532023237 47370116 0.678498898516 1.269314598116 1.439277702279 0 
1776 656 0.223494490057 1.17273641288 1.193842737207 6.694333442363 50184816 0.479017639136 -22.061632499174 22.066832269885 161.272043220766 49849956 0.347676381968 1.103756141964 1.157219291017 0 
1808 656 0.214904409531 0.490203243409 0.535241184032 11.598462040294 50610476 30.155369644321 27.81075443138 41.02175496524 35.242123197464 50353056 0.190865935924 0.892276600264 0.912462238602 0 
1840 656 0.108706867122 2.493011474619 2.495380410987 5.651804981126 49159000 -29.86283840354 2.806097364349 29.99438780729 92.780481111315 49139184 0.134949656549 0.942475855764 0.952088309193 0 
1872 656 0.159311575701 1.289256042616 1.299061708147 1.118710920979 47582912 13 -31 33.615472627943 149.086061497873 47382652 0.179927543843 1.254353908466 1.267192822232 0 
1904 656 0.731402714902 1.143350199648 1.357276541608 14.967060792102 48022948 7 -31 31.780497164141 149.635601128509 47950588 0.454868322907 1.430457200497 1.501037305878 0 
1936 656 10.357760707671 2.415428909333 10.63567128551 43.746476061123 47754024 0 32 32 33.126751491317 47602284 0.959771993741 1.470785731857 1.756238295051 0 
1968 656 0.495857186951 1.255449725173 1.349825308063 8.026974420167 46583764 -31.0939219794 -19.066349131524 36.474068230267 151.095231232761 46483972 0.979025762485 1.724854695655 1.983334355254 0 
2000 656 1.665804875237 1.765053679712 2.426998223037 30.18399464239 46714224 -32 6 32.557641192199 92.539344386477 46525144 0.512629629139 2.19266409189 2.251791499347 0 
2032 656 0.08083633725 1.563670038869 1.565758124321 2.497016573555 48744668 0.187644294339 -17.242374932822 17.243395944686 173.920113587582 48525580 0.24976352495 2.614759168951 2.626660870766 0 
2064 656 -0.088027097095 3.391086834899 3.392229162608 5.129724399316 51405800 -30.830285763638 4.212024896037 31.11667838945 85.86318313744 51377684 0.190427449919 2.99113992684 2.99719546837 0 
2096 656 0.275218153084 3.209498262455 3.221276785452 1.229178463472 49267276 0.275218153084 3.209498262455 3.221276785452 1.229178463472 49267276 0.185723381814 2.89394404321 2.899897463667 0 
2128 656 0.031291845501 2.289126485801 2.289340352064 5.008825432405 45203812 0 -30 30 174.208002895259 44725732 0.235651320632 2.323171518062 2.335092599288 0 
2160 656 1.18220310739 1.936078356566 2.268480458343 24.835282140737 42290192 0 -31 31 173.426317475517 41701696 0.198114861709 1.719172564476 1.73055014515 0 
2192 656 0.413876551057 2.779705517442 2.810348121356 4.602721459724 39302360 0.413876551057 2.779705517442 2.810348121356 4.602721459724 39302360 0.073114005043 1.081947182453 1.084414756148 0 
2224 656 -0.242716516298 1.97311235378 1.987984825879 7.622467678831 37608044 31 -8 32.015621187164 103.8606643815 37048964 0.006202002104 0.582870428448 0.582903423552 0 
2256 656 -0.418593709651 1.475533189165 1.533759722409 15.161464359055 41001744 31 -9 32.280024783138 106.86584015462 40538028 -0.002621147109 0.221942302461 0.221957779846 0 
2288 656 -0.015856818124 0.073509428565 0.075200231176 12.189480924866 45783936 -32 11 33.837848631377 71.046242023493 44714784 0.000008105648 0.027893339511 0.027893340689 0 
2320 656 0.015095661853 -0.003272405853 0.015446282623 15.170889584875 43033456 -32 15 35.341194094145 151.945485413595 36421704 0.014089760375 0.000723539597 0.014108325803 0 
2352 656 0.004757651551 -0.013291102624 0.014116963456 33.005213991188 31781176 0.004757651551 -0.013291102624 0.014116963456 33.005213991188 31781176 0.016937113562 -0.01290242233 0.021291742949 0 
2384 656 0.00015795336 -0.004665289069 0.004667962228 31.4252852863 18227196 0.00015795336 -0.004665289069 0.004667962228 31.4252852863 18227196 0.00855016521 -0.012984546271 0.015546824981 0 
2416 656 -0.012584537419 0.000555926157 0.012596810546 112.551147671524 6380731 -32 15 35.341194094145 135.136566797975 712102.875 0.004292905985 -0.011780757258 0.012538551885 0 
2448 656 0.000544604274 -0.00188546802 0.001962545151 8.03650108096 634365.875 0.000544604274 -0.00188546802 0.001962545151 8.03650108096 634365.875 0.004165335889 -0.009291055293 0.010182029833 0 
2480 656 0 0 0 0 0 0 0 0 0 0 0.004037765792 -0.006801353327 0.007909611853 0 
2512 656 0 0 0 0 0 0 0 0 0 0 0.003910195696 -0.004311651361 0.005820650122 0 
48 688 0 0 0 0 0 0 0 0 0 0 0 0 0 0 
80 688 0 0 0 0 0 0 0 0 0 0 0 0 0 0 
112 688 0 0 0 0 0 0 0 0 0 0 0 0 0 0 
144 688 0 0 0 0 0 0 0 0 0 0 0 0 0 0 
176 688 0 0 0 0 0 0 0 0 0 0 0 0 0 0 
208 688 0 0 0 0 0 0 0 0 0 0 0 0 0 0 
240 688 0 0 0 0 0 0 0 0 0 0 0 0 0 0 
272 688 0 0 0 0 0 0 0 0 0 0 0 0 0 0 
304 688 0 0 0 0 0 0 0 0 0 0 0 0 0 0 
336 688 0 0 0 0 0 0 0 0 0 0 0 0 0 0 
368 688 0 0 0 0 0 0 0 0 0 0 0 0 0 0 
400 688 0 0 0 0 0 0 0 0 0 0 0 0 0 0 
432 688 0 0 0 0 0 0 0 0 0 0 -0.000403076684 0.000070213718 0.000409146403 0 
464 688 0 0 0 0 0 0 0 0 0 0 -0.001209230051 0.000210641154 0.001227439209 0 
496 688 -0.000058802599 0.001432972531 0.001434178518 69.246638436651 3015250.5 -0.000058802599 0.001432972531 0.001434178518 69.246638436651 3015250.5 -0.003539734021 0.001177754648 0.003730525827 0 
528 688 -0.000575755814 0.0004294046 0.000718250003 14.822967292792 18864526 -0.000575755814 0.0004294046 0.000718250003 14.822967292792 18864526 -0.007394588593 0.002971554202 0.007969320851 0 
560 688 0.001062393815 0.013608448616 0.01364985547 69.527102115448 32158416 -15.145086682254 -31.306351342451 34.777309915949 89.120526745786 30344472 -0.011088825121 0.005155932431 0.012228887186 0 
592 688 -0.195410507565 0.14206157448 0.241592130274 8.151375353108 30814290 -6.021390190403 -31.110003043253 31.687370183975 106.911179833768 30393472 -0.014622443606 0.007730889337 0.016540329711 0 
624 688 -0.064270723423 0.06074255853 0.088432936772 35.979130600337 28386432 29 -32 43.185645763378 139.588721983641 27989660 -0.072028752151 0.009360371224 0.072634411169 0 
656 688 -0.277362062315 0.149841930347 0.31524961174 25.243272610887 28918138 31 28 41.773197148411 134.774442754354 28542652 -0.183307750754 0.010044378094 0.183582736165 0 
688 688 -0.337473840395 -0.01613482942 0.33785932823 5.627781756168 28469464 -32 26 41.231056256177 36.203338781443 28191072 -0.205111150685 0.010356459104 0.205372443089 0 
720 688 -8.991029875757 -0.0377978274 8.991109325467 4.525333019476 25376396 7 -32 32.756678708318 106.623553205063 24419892 -0.137438951941 0.010296614255 0.137824111736 0 
752 688 -2.338282897793 0.043718096565 2.338691553429 3.051485612465 25856280 -2.338282897793 0.043718096565 2.338691553429 3.051485612465 25856280 -0.119102349474 -0.004118291614 0.119173528839 0 
784 688 -0.043276306513 0.098742600524 0.107809739187 78.692021992123 29301834 -0.043276306513 0.098742600524 0.107809739187 78.692021992123 29301834 -0.150101343283 -0.032888258501 0.153662131973 0 
816 688 -22.611105836198 -0.113884626431 22.611392633889 22.936984121853 30594958 -22.611105836198 -0.113884626431 22.611392633889 22.936984121853 30594958 -0.173180124687 -0.074316567712 0.18845240201 0 
848 688 -7.821395278686 -0.10903129349 7.822155197157 33.486239456554 31727592 -7.821395278686 -0.10903129349 7.822155197157 33.486239456554 31727592 -0.188338693688 -0.128403219248 0.227944840374 0 
880 688 -1.205904532989 0.144812164849 1.214568361918 12.861258764309 32486584 -1.205904532989 0.144812164849 1.214568361918 12.861258764309 32486584 -0.817435903109 -0.08611261565 0.821959146348 0 
912 688 -6.398627269643 0.090509511984 6.399267372722 0.65068993224 31127384 -7 31 31.780497164141 75.814551307207 30104070 -2.060471752951 0.052555243082 2.061141891836 0 
944 688 -4.851740351495 0.169180382056 4.85468911878 2.362792156692 31690852 -24 31 39.204591567825 47.893305484035 31136628 -2.050384910411 0.156324693182 2.056335500481 0 
976 688 -0.116931508511 0.268749707373 0.293085965027 50.521601914628 34525456 13 -32 34.539832078341 128.074255417907 34448312 -0.787175375489 0.22519573465 0.818754047734 0 
1008 688 -0.471858901812 0.310680248817 0.564954016026 1.310166886091 36118640 3 -32 32.140317359976 130.027606146055 36083708 -0.400815426665 0.277245803061 0.487358432334 0 
1040 688 -0.357234916733 0.269478885004 0.447476988454 17.709233311219 36226296 -11.990236624907 13.266322185117 17.881864518013 28.57269227944 36206120 -0.891305063939 0.312474898414 0.944492074684 0 
1072 688 -1.747289235605 0.276622216635 1.769050458183 4.224111984514 36035856 17.563419719513 -14.072896830323 22.506002253636 154.516371537855 36000964 -1.432453099558 0.336512600029 1.471449153866 0 
1104 688 -1.906942881298 0.235535883535 1.921433918969 2.750769154361 37453620 -1.554564863319 -19.409790199776 19.471944625886 95.212843055121 37365904 -2.024259533523 0.349358907908 2.054185557731 0 
1136 688 -2.449867133377 0.174424910105 2.4560686107 4.326658663865 38307804 -21 23.999077815205 31.889743429201 40.413869244156 38175552 -2.291563031154 0.338352401053 2.316407449705 0 
1168 688 -2.930172260579 0.081875615862 2.93131593199 6.134576932614 37546140 29 0 29 172.26486634509 37412364 -2.234363592452 0.303493079463 2.254881086124 0 
1200 688 -2.852095613066 0.019255100429 2.852160609952 7.595592138171 36623296 10.934239427001 -20.406898792667 23.151654588412 126.165294660581 36431596 -1.830204829009 0.256645307174 1.848111611841 0 
1232 688 -1.298516287949 0.066323962684 1.30020899016 7.463711391414 37090208 -0.8900648985 -21.511373654765 21.52977965606 98.018305276805 37017288 -1.079086740824 0.197809084187 1.097067285087 0 
1264 688 -1.063168122983 0.064622094349 1.065130260956 1.490164342718 39016324 -27.889323106049 28.109022320896 39.59711453061 40.256318391669 38974064 -1.800402928085 0.156516541744 1.807193440475 0 
1296 688 -2.799556031832 -0.011168699935 2.799578310251 2.132417369107 40005376 22.861596678567 -27.591557320151 35.832201133124 131.548040044132 39957784 -3.994153390792 0.132767679845 3.996359414015 0 
1328 688 -6.592344810412 -0.070732933202 6.592724265977 1.683107883988 40380816 -39 -32 50.447993022518 40.437690437526 40342032 -7.159993250192 0.133525219981 7.161238183943 0 
1360 688 -6.912013780321 0.077721498883 6.912450732608 0.160993310049 41750508 -11 -32 33.837848631377 71.834815438043 41704272 -11.297922506285 0.158789162151 11.299038319965 0 
1392 688 -5.854993091985 0.201933381263 5.858474306307 0.294700464432 43349916 -24 -32 40 54.810698207201 43253592 -6.06608598582 0.177981061417 6.068696437093 0 
1424 688 3.679755886541 0.529192134339 3.717613172397 6.901120395636 43990420 0 -32 32 91.282575852524 43812312 8.535516311203 0.191100917779 8.537655313937 0 
1456 688 1.082375169998 0.460521416253 1.176272070337 22.184836790609 43460168 -1 -32 32.015621187164 92.653516875117 43261312 12.56220134593 0.189361547198 12.563628474738 0 
1488 688 3.551489336869 0.140334532157 3.554260864203 0.617343994321 42212336 14.088581917138 23.595523876784 27.481573598609 57.513641212829 42017220 6.013969118361 0.172762949674 6.016450082347 0 
1520 688 2.345790280821 0.221947712361 2.356266714236 0.221848729364 41347556 25.534409038873 29.025850947072 38.658842043782 43.478381906153 41149308 2.615698535526 0.237270234391 2.626437890543 0 
1552 688 1.881706384568 0.188148328418 1.891089292236 3.477107014405 41346680 -17.735045402107 28.768130392928 33.795519846857 112.466072974275 41265972 2.367389597425 0.382883401349 2.398152039597 0 
1584 688 2.139261568344 0.080400454959 2.140771891387 12.485425193296 42087432 33 30 44.598206241956 27.635913816582 42063468 2.271645699915 0.593318976692 2.347850419862 0 
1616 688 2.781351900026 0.013390656438 2.781384134106 20.180941081965 42098668 -27 -32 41.868842830917 150.612785763037 42057576 2.328466842994 0.868576960423 2.485192905008 0 
1648 688 2.036910575605 0.061389805492 2.037835469617 21.153807425682 41939644 -1 31 31.016124838542 68.96750597178 41875140 2.358412965539 0.995267704127 2.559818258959 0 
1680 688 2.268769736516 0.24326004882 2.281773776841 16.281259725562 41216180 18.964511694125 -23.946118317893 30.546182843215 74.02316992163 41157792 2.36148406755 0.973391207803 2.554231282543 0 
1712 688 2.26150002795 0.295797271703 2.280762679975 13.262426635846 40597748 25.765579915632 -20.444649117955 32.891469805181 59.145774570911 40552852 2.048038545372 0.774470869791 2.189581469479 0 
1744 688 1.054242431693 0.21506527513 1.075955471824 4.166261438299 41691088 1.341034261993 -29.419648370058 29.450196656554 103.08647854926 41620920 1.418076399006 0.398506690092 1.473006536125 0 
1776 688 0.127118164256 0.187894025958 0.226855003636 42.425730167771 43317860 -25 -32 40.607881008494 141.493007536689 43241160 0.853371219737 0.204786123464 0.877598880491 0 
1808 688 0.211319941791 0.194498162827 0.287203156566 13.983440413674 44665008 3.592879478883 -31.305174931278 31.510676927475 112.095758929711 44558632 0.353923007566 0.193309169905 0.403274014107 0 
1840 688 0.18164403591 0.223791103323 0.288230834069 19.907063594662 44950552 0 31 31 19.158062998247 44819368 0.164114114184 0.472384540459 0.500080590044 0 
1872 688 0.191022994159 1.098856690272 1.115336635305 5.38117287001 44650192 1 32 32.015621187164 13.452892914386 44508564 0.283944539592 1.042012235125 1.08000648133 0 
1904 688 8.23809935371 1.396841946552 8.355683597722 91.893461897855 45429216 8 -31 32.015621187164 177.046640477742 45259088 -0.275376422995 1.351473624801 1.379243681469 0 
1936 688 11.178712989272 1.454023354519 11.27287931329 129.810925181737 44051820 -33 10 34.481879299133 25.919778799601 43901800 -1.513848773576 1.400768709484 2.062496324052 0 
1968 688 0.26735569064 1.189869618449 1.219536294755 40.707517775643 42474696 -18.375270509306 21.435511632367 28.233521304143 12.560474346785 42397264 -0.883249884819 1.658087940114 1.878666009749 0 
2000 688 0.938763798676 1.290714100181 1.596001365322 1.250297795009 41532224 -28.036128555748 13.705195189017 31.206680047123 101.228231917326 41435196 1.616420243278 2.123431316691 2.668665389213 0 
2032 688 1.759134468038 1.740173760776 2.474420900803 2.122884474762 42553772 -7.826083619303 13.759055193672 15.829061394752 77.064342029337 42392372 2.648634028627 2.43270146329 3.596289563855 0 
2064 688 0.271144965654 2.037334090405 2.055297980422 32.980927983836 45150892 -30 2 30.066592756746 126.747691843636 45130980 2.213391471229 2.585898379912 3.403817303579 0 
2096 688 1.057587695979 2.093574444979 2.345537399266 5.27392338663 46059520 1.057587695979 2.093574444979 2.345537399266 5.27392338663 46059520 1.593887280643 2.543343382314 3.001511656442 0 
2128 688 0.432973402844 2.087474170619 2.131903933242 7.202862350392 46380344 0.432973402844 2.087474170619 2.131903933242 7.202862350392 46380344 0.790121456869 2.305036470497 2.436695517894 0 
2160 688 6.0640813335 1.182804570261 6.178358120952 68.966347704241 45265768 0.375384970073 22.03458660432 22.037783933487 9.020627112353 45200280 0.321973026284 1.82662739283 1.854786850797 0 
2192 688 5.661028745173 1.231863146684 5.79350785499 68.022165860785 43682188 29.569057117015 22.92646426394 37.415931131471 42.510255251467 43612220 0.189441988888 1.108116149313 1.124192896047 0 
2224 688 6.986107297555 0.071741263873 6.986475648128 78.668831759586 41486176 -32 0 32 100.742810950595 41386804 0.107531070485 0.566770524507 0.576881061025 0 
2256 688 7.915243048742 0.056853601976 7.915447230114 68.965791831876 41587260 23.166739805039 25.799004570592 34.674002797887 21.30022595513 41311908 0.076240271075 0.20259051841 0.216461306203 0 
2288 688 2.400526310137 0.06919814108 2.401523464051 9.202677975688 43444520 7.537486251527 28.518994806514 29.498250181425 64.341570188395 43371512 0.056702825986 0.010871876743 0.057735675096 0 
2320 688 4.624047456115 -0.040777724855 4.624227254282 9.221561334931 44036484 20.280104926241 -27.114176548552 33.859433334381 43.478453713246 43858972 0.048918735219 -0.008385400493 0.049632223372 0 
2352 688 0.010121880134 -0.021383838699 0.023658423763 39.211451105262 43509260 24.095788836453 30.189105361047 38.626275022986 76.862836362617 42587840 0.036614990724 -0.017431805609 0.040552748274 0 
2384 688 -0.000421038286 -0.011734917055 0.011742467863 52.636968099254 36915208 -32 15 35.341194094145 165.696963306152 30883820 0.019791592502 -0.016267338607 0.025619005428 0 
2416 688 -0.008578528262 -0.003837958731 0.009397929259 101.229810722547 25961848 -0.008578528262 -0.003837958731 0.009397929259 101.229810722547 25961848 0.009807267977 -0.013834329184 0.016957923491 0 
2448 688 -0.00104870272 0.005437450591 0.005537657115 157.59260724139 13679411 -0.00104870272 0.005437450591 0.005537657115 157.59260724139 13679411 0.006662017148 -0.01013277734 0.012126650366 0 
2480 688 0.002722673035 0.002937997773 0.004005593511 108.507388891853 3292650.5 0.002722673035 0.002937997773 0.004005593511 108.507388891853 3292650.5 0.003516766318 -0.006431225497 0.007329959531 0 
2512 688 0 0 0 0 0 0 0 0 0 0 0.000371515489 -0.002729673653 0.002754839743 0 
48 720 0 0 0 0 0 0 0 0 0 0 0 0 0 0 
80 720 0 0 0 0 0 0 0 0 0 0 0 0 0 0 
112 720 0 0 0 0 0 0 0 0 0 0 0 0 0 0 
144 720 0 0 0 0 0 0 0 0 0 0 0 0 0 0 
176 720 0 0 0 0 0 0 0 0 0 0 0 0 0 0 
208 720 0 0 0 0 0 0 0 0 0 0 0 0 0 0 
240 720 0 0 0 0 0 0 0 0 0 0 0 0 0 0 
272 720 0 0 0 0 0 0 0 0 0 0 0 0 0 0 
304 720 0 0 0 0 0 0 0 0 0 0 0 0 0 0 
336 720 0 0 0 0 0 0 0 0 0 0 0 0 0 0 
368 720 0 0 0 0 0 0 0 0 0 0 0 0 0 0 
400 720 0 0 0 0 0 0 0 0 0 0 0 0 0 0 
432 720 0 0 0 0 0 0 0 0 0 0 -0.000246094595 0.000045958396 0.000250349204 0 
464 720 0 0 0 0 0 0 0 0 0 0 -0.000738283784 0.000137875189 0.000751047611 0 
496 720 -0.000919821025 0.000630308726 0.001115060451 4.128448220396 674825.875 -0.000919821025 0.000630308726 0.001115060451 4.128448220396 674825.875 -0.003655534402 0.002135480095 0.004233580872 0 
528 720 -0.000311966638 0.000181513674 0.000360929906 3.67453918559 7505213 31 -32 44.553338819891 167.957579118769 649137.625 -0.008997846448 0.006038773113 0.010836421061 0 
560 720 0 0.008056343338 0.008056343338 48.614872948291 15357880 0 0.008056343338 0.008056343338 48.614872948291 15357880 -0.012212915759 0.010761500554 0.016277751857 0 
592 720 -0.013847355006 0.022841056924 0.026710730467 7.981745402209 15204009 -0.013847355006 0.022841056924 0.026710730467 7.981745402209 15204009 -0.013300742334 0.016303662419 0.021040892446 0 
624 720 -0.006078604782 0.026982619317 0.027658835502 61.483268715439 13439874 -0.006078604782 0.026982619317 0.027658835502 61.483268715439 13439874 -0.073464025887 0.020817529399 0.07635661484 0 
656 720 -0.062545116363 0.033401605737 0.07090528081 20.91598428122 14381574 -0.062545116363 0.033401605737 0.07090528081 20.91598428122 14381574 -0.192702766417 0.024303101496 0.194229238085 0 
688 720 -0.139875282275 0.01606098785 0.140794353304 0.448239674399 13520954 -0.139875282275 0.01606098785 0.140794353304 0.448239674399 13520954 -0.20964104649 0.022411504205 0.21083558498 0 
720 720 -0.199739210627 -0.011090733271 0.20004688607 10.125097028582 10485884 -0.199739210627 -0.011090733271 0.20004688607 10.125097028582 10485884 -0.124278866106 0.015142737527 0.125197999426 0 
752 720 0.034894706505 0.007731281943 0.035740918602 165.99875904299 10320579 0.034894706505 0.007731281943 0.035740918602 165.99875904299 10320579 -0.081972033966 0.002158794772 0.082000455775 0 
784 720 0.046955392749 0.026394578195 0.053865412524 161.966187518866 13577112 -12.964257727991 -27.576535752877 30.471910057748 53.513472821862 9228429 -0.08272055007 -0.016540324061 0.084357997392 0 
816 720 0.043798151496 0.019544257839 0.047960985071 178.906726802237 16141713 8.833241871303 -20.377400957884 22.209561719118 90.481059838499 12709471 -0.07991725989 -0.033848511035 0.086789919504 0 
848 720 0.031550602002 -0.029068515835 0.042900106055 103.265834615349 18336052 31 -15 34.438350715445 120.100142300943 17166882 -0.073562163425 -0.049765766148 0.0888145448 0 
880 720 0.345775747794 -14.662673807568 14.666750289512 85.386594650275 20487866 -0.095668942671 -0.000626868328 0.095670996419 5.58888251142 20430894 -0.284290188107 -0.029701052984 0.285837477603 0 
912 720 -0.061618577138 -16.255099438126 16.255216227182 91.901615439146 21135596 -5.896379589553 1.846543468836 6.178755137275 15.26995633011 21112656 -0.712101333936 0.026345628459 0.712588522172 0 
944 720 -4.648263709085 2.634897598729 5.343130249674 24.192339440477 24912652 -0.012948367992 -16.75920773843 16.759212740462 95.31039931422 24677640 -0.714681775211 0.066986841098 0.717814235509 0 
976 720 -0.10779704185 0.545939902066 0.556480528769 61.304554613205 29663804 14 31 34.01470270339 96.778604905565 29313076 -0.292031511933 0.092222584934 0.306247300615 0 
1008 720 -0.476021274644 0.419675785276 0.634605403901 6.161435286492 31586576 -0.476021274644 0.419675785276 0.634605403901 6.161435286492 31586576 -0.155172243148 0.109620276395 0.189986920709 0 
1040 720 -0.109598190761 0.288705817654 0.30880869898 47.811821348142 32065482 -0.109598190761 0.288705817654 0.30880869898 47.811821348142 32065482 -0.304103968856 0.119179915481 0.32662375316 0 
1072 720 -1.272158251957 0.127990668482 1.278580552504 1.709042763201 32219088 -30.888788053768 30.314824610857 43.27939253984 37.008513832488 31804896 -1.166224872075 0.152587832076 1.176164741328 0 
1104 720 -2.119697974377 0.108712382861 2.122483895054 1.441088396479 33392686 1 31 31.016124838542 87.470580916192 33116224 -2.741534952802 0.209844026179 2.749554220735 0 
1136 720 -3.731771799101 0.091429971973 3.732891667373 2.386596611341 34794704 17 -32 36.235341863987 121.769560814228 34678252 -3.483402823459 0.230761994195 3.491038001576 0 
1168 720 -3.52393282045 0.219013890025 3.530732163032 0.076359039891 33954884 -24 -32 40 56.762843572675 33670640 -3.391828484044 0.215341736122 3.398657459717 0 
1200 720 -3.341226085981 -0.077647229458 3.342128191719 5.668253004293 33038948 -4 31 31.256999216176 78.310632807224 32752552 -2.598417979082 0.197063028241 2.605879857383 0 
1232 720 -1.801359353838 0.079882549678 1.80312970787 6.521666706867 33529758 -11 31 32.893768406797 61.402520226583 33340390 -1.103171308572 0.17592587055 1.117110938083 0 
1264 720 -4.235895361247 0.125825979884 4.237763760364 0.107512679868 32592454 -4.235895361247 0.125825979884 4.237763760364 0.107512679868 32592454 -4.046178002639 0.127790067194 4.048195490625 0 
1296 720 -11.164173107392 -0.01643398728 11.164185203039 0.348347965202 31357264 -41.44287034349 0.027086685286 41.442879195296 0.226558975453 31323976 -11.427438061283 0.052655618171 11.427559374538 0 
1328 720 -20.704232828548 -0.141552010343 20.704716708768 0.473935081594 31271802 -20.704232828548 -0.141552010343 20.704716708768 0.473935081594 31271802 -21.555628664129 0.030931718922 21.55565085719 0 
1360 720 -23.516652157253 -0.209929780567 23.517589145106 0.615659949066 31850548 -20 31 36.891733491393 57.067255879178 30642022 -34.430749811176 0.062618369446 34.430806752384 0 
1392 720 -21.109134536659 -0.07028966025 21.109251562362 0.3548438872 32603540 -43 31 53.009433122794 35.624913613095 31402600 -20.399001847178 0.058410345025 20.399085472873 0 
1424 720 2.429448315005 -0.352472045882 2.454884041744 8.306123573829 31850278 -3 31 31.144823004795 95.476470521596 30309182 20.539615227867 0.018307645658 20.539623386974 0 
1456 720 22.706892606791 -0.378459912564 22.710046317913 0.960275164751 31335134 27 31 41.109609582189 48.939781838484 29951756 31.055664771713 0.002929307241 31.055664909865 0 
1488 720 23.038169777415 -0.283488344245 23.039913895983 0.768081340764 30903190 24 31 39.204591567825 52.190111372587 29530336 11.149146784359 0.012275329773 11.149153541992 0 
1520 720 4.627133616827 -0.16524244007 4.630083214368 12.593532841109 31719972 20 31 36.891733491393 46.623181349598 30625930 1.524624565964 0.283901430304 1.550832063529 0 
1552 720 2.266149795783 -0.250035179214 2.279901859241 26.841264543473 34774228 -18 31 35.84689665787 99.596371968268 34325136 2.182098116528 0.817807608833 2.330313600188 0 
1584 720 4.058883824129 1.442507318962 4.307593906468 8.530172406158 36631200 24 32 40 25.034967463722 36325176 2.675298757814 1.428184585223 3.032644828039 0 
1616 720 3.365461720771 2.400970001449 4.13412500317 0.358349029172 34673812 0 33 33 54.853728796416 33999052 3.004226489823 2.115032359474 3.674062966768 0 
1648 720 5.862251799855 2.41308967697 6.339479312531 13.490192530613 32306538 5.862251799855 2.41308967697 6.339479312531 13.490192530613 32306538 3.260343102156 2.356958640169 4.023069869545 0 
1680 720 5.360521931921 2.305577884507 5.83531359604 8.752818576738 31711460 -29 2 29.068883707497 144.029298104097 31600772 3.443648594813 2.15396342731 4.061806752018 0 
1712 720 2.904206830536 1.356234466428 3.205275221016 0.876436902338 33573004 34 -13 36.400549446403 46.833025382848 33291652 3.233704415088 1.570797030898 3.595030953474 0 
1744 720 0.290146974567 0.009918059704 0.290316439009 11.045499558754 33895396 23.80481930748 -0.054567300079 23.804881849151 13.134609828743 33812292 2.630510562981 0.607459450934 2.699739396032 0 
1776 720 -17.642833783606 0.035069089698 17.642868637412 176.902419446946 32513304 32 0 32 2.98369248896 32408904 1.734177566971 0.090389465675 1.736531626343 0 
1808 720 -18.602013546919 0.015067603093 18.602019649286 177.894177582716 33567864 -18.602013546919 0.015067603093 18.602019649286 177.894177582716 33567864 0.544705427057 0.019587075122 0.545057479333 0 
1840 720 21.045458329211 -0.014945910919 21.0454636363 79.274289047032 35761296 21.045458329211 -0.014945910919 21.0454636363 79.274289047032 35761296 0.020603018032 0.108349963392 0.110291427224 0 
1872 720 -1.833329942325 0.238592746882 1.84879019261 106.99495494358 37378692 -1.833329942325 0.238592746882 1.84879019261 106.99495494358 37378692 0.161870339896 0.356678130485 0.391690305859 0 
1904 720 -1.836920704142 0.409856520753 1.882089275489 0.1724592127 38919388 -29.075823037092 -23.859013986925 37.61191345455 51.777028043045 38624768 -2.220050018389 0.488330623321 2.273123155886 0 
1936 720 -7.032326687222 0.144033733514 7.033801557636 2.867203302452 39642360 22 -22.714297678494 31.621817136705 138.125346715715 39516564 -7.125158056825 0.503307441902 7.142912271322 0 
1968 720 0.877738301065 0.27123917086 0.918692120879 156.27647196185 39893388 -16.608505872934 -22.431821827897 27.911092738368 60.035081859482 39844380 -5.311341516089 0.609969088896 5.34625205073 0 
2000 720 2.63862746704 0.415677584043 2.671168801048 5.133331933231 39000452 17.297366426304 -23.416695167147 29.112548803513 67.633459819622 38954500 3.221399603819 0.808315564303 3.321263232413 0 
2032 720 5.572577528484 0.749030131807 5.622692099815 0.003930784438 38188420 3.5 28.968120425789 29.178793686563 75.459258951507 38169588 6.982088626559 0.937999916938 7.044814080818 0 
2064 720 4.906614668944 -0.26412345373 4.913718419721 12.580005569109 37101612 36 -16 39.395431207184 33.461232095821 37050412 5.970725552132 0.999022146801 6.053726857786 0 
2096 720 4.158752932349 0.327387097491 4.171619381478 9.886853262041 37173448 35 1 35.014282800023 12.751455724326 37092356 4.207188819563 1.079285863047 4.343419820559 0 
2128 720 2.361501426169 0.831876420314 2.503738677353 15.467012136338 37289940 2.361501426169 0.831876420314 2.503738677353 15.467012136338 37289940 1.691478428852 1.178791065678 2.061709885458 0 
2160 720 0.211189637115 -0.266353465816 0.339919448659 119.328608216782 38082824 -32 0 32 112.260760425367 37843916 0.403272850775 0.985202148079 1.064543218828 0 
2192 720 5.56574451988 -0.574963997406 5.595363764661 61.401915976344 38973652 0.430786003485 29.71437897158 29.717501480566 33.665458625316 38847284 0.342572085332 0.498519110251 0.604877621452 0 
2224 720 3.43549630499 -0.354685202346 3.453756860921 39.02431449432 36307092 24.348948893521 28.80724887803 37.719078728676 16.664367696007 35978124 0.281857640814 0.183950388445 0.336573134838 0 
2256 720 0.247139180887 -2.275268665815 2.288651409972 94.429063575741 33119682 -32 0 32 169.371784977862 32392292 0.221129517223 0.041495982663 0.224989288555 0 
2288 720 0.110909305635 -2.535518786629 2.537943338892 78.398146025472 31237164 0.110909305635 -2.535518786629 2.537943338892 78.398146025472 31237164 0.165038525176 -0.026426628731 0.167140903127 0 
2320 720 6.5 -0.334419760484 6.508597128122 6.951714827267 31540346 6.5 -0.334419760484 6.508597128122 6.951714827267 31540346 0.113584664672 -0.019817445738 0.115300508256 0 
2352 720 0.355740121315 -0.21282540091 0.414542742291 18.774046750423 34243624 26 31 40.459856648288 62.129499839192 33485884 0.071292252485 -0.015305061949 0.072916597464 0 
2384 720 0.245847364347 -0.152783568713 0.289454219912 13.196100782786 36474468 -30 -32 43.863424398923 114.489316040957 36296344 0.038161288616 -0.012889477365 0.040279307039 0 
2416 720 0.031867368954 -0.009814942278 0.033344599203 11.958629911165 37474728 -21.673233939381 -24.558773318086 32.75457855446 102.351433821118 36758920 0.017279531583 -0.009608628662 0.019771392376 0 
2448 720 0.00980561458 -0.002911535413 0.010228739695 15.744144833435 30163600 -32 31 44.553338819891 168.191013599859 22466922 0.008646981388 -0.00546251584 0.010227872038 0 
2480 720 -0.003553120608 0.000154993514 0.003556499549 93.125846755614 11214982 -0.003553120608 0.000154993514 0.003556499549 93.125846755614 11214982 0.000014431193 -0.001316403018 0.001316482118 0 
2512 720 0 0 0 0 0 0 0 0 0 0 -0.008618119002 0.002829709803 0.009070790082 0 
48 752 0 0 0 0 0 0 0 0 0 0 0 0 0 0 
80 752 0 0 0 0 0 0 0 0 0 0 0 0 0 0 
112 752 0 0 0 0 0 0 0 0 0 0 0 0 0 0 
144 752 0 0 0 0 0 0 0 0 0 0 0 0 0 0 
176 752 0 0 0 0 0 0 0 0 0 0 0 0 0 0 
208 752 0 0 0 0 0 0 0 0 0 0 0 0 0 0 
240 752 0 0 0 0 0 0 0 0 0 0 0 0 0 0 
272 752 0 0 0 0 0 0 0 0 0 0 0 0 0 0 
304 752 0 0 0 0 0 0 0 0 0 0 0 0 0 0 
336 752 0 0 0 0 0 0 0 0 0 0 0 0 0 0 
368 752 0 0 0 0 0 0 0 0 0 0 0 0 0 0 
400 752 0 0 0 0 0 0 0 0 0 0 0 0 0 0 
432 752 0 0 0 0 0 0 0 0 0 0 -0.000125702663 0.000025373052 0.000128237869 0 
464 752 0 0 0 0 0 0 0 0 0 0 -0.000377107988 0.000076119155 0.000384713608 0 
496 752 0 0 0 0 0 0 0 0 0 0 -0.002785075944 0.001960757113 0.003406055853 0 
528 752 0 0 0 0 286371 0 0 0 0 286371 -0.007349606532 0.005679286927 0.009288219214 0 
560 752 -0.007714688466 0.00143456004 0.007846934473 36.182564911154 1381182 -0.007714688466 0.00143456004 0.007846934473 36.182564911154 1381182 -0.009581220809 0.010173213462 0.013974765269 0 
592 752 -0.006935047133 0.001176289243 0.007034098032 48.828307466858 1592968 -0.006935047133 0.001176289243 0.007034098032 48.828307466858 1592968 -0.009479918774 0.01544253672 0.018120176608 0 
624 752 0.007211635235 0.000054685627 0.007211842572 159.875649769074 835613 0.007211635235 0.000054685627 0.007211842572 159.875649769074 835613 -0.055636247066 0.019909581365 0.059091314233 0 
656 752 0.000389794478 0.000010387193 0.000389932852 169.426177284651 490902 0.000389794478 0.000010387193 0.000389932852 169.426177284651 490902 -0.148050205686 0.023574347397 0.149915353646 0 
688 752 -0.007377552805 0.002931671294 0.007938701529 14.057138110562 489625 -32 0 32 7.614606706735 176296 -0.157246275226 0.021021935332 0.158645242089 0 
720 752 -0.039367301618 0.00388121439 0.039558163024 2.744369163559 852960 -32 0 32 8.374952654828 403857 -0.083224455686 0.012252345169 0.084121519164 0 
752 752 0.10783866589 0.058809561804 0.122832171765 147.785457936259 1891671.75 0.10783866589 0.058809561804 0.122832171765 147.785457936259 1891671.75 -0.040428986933 0.002549812745 0.040509314108 0 
784 752 0.057997547377 0.091380203166 0.108231497414 138.053904600174 4038274.25 0.057997547377 0.091380203166 0.108231497414 138.053904600174 4038274.25 -0.028859868966 -0.008085661939 0.029971152226 0 
816 752 0.065725574085 0.050887275114 0.083122595348 173.933829668709 5721354.5 0.065725574085 0.050887275114 0.083122595348 173.933829668709 5721354.5 -0.018412334822 -0.011363810614 0.021636780381 0 
848 752 0.047259391557 -0.027237455964 0.054546577323 111.323998360877 6893310 0.047259391557 -0.027237455964 0.054546577323 111.323998360877 6893310 -0.009086384502 -0.00728463328 0.011645954891 0 
880 752 -0.037197009166 -0.006848977472 0.037822294792 15.592922187552 9200168 -0.037197009166 -0.006848977472 0.037822294792 15.592922187552 9200168 -0.012553338424 0.001133622832 0.01260442011 0 
912 752 -0.016349583783 0.068129200341 0.070063519958 50.766496769478 14002226 0 31 31 64.26109746462 8990166 -0.02881319659 0.013890957721 0.031986856741 0 
944 752 -0.027113420725 0.052685504607 0.059252847856 33.517390762472 21156368 -0.03237319615 -29.729357885322 29.729375511393 119.188612337385 18486274 -0.037930012364 0.021242700172 0.043473418873 0 
976 752 -0.035140213846 0.02889641075 0.045495463327 9.269369859747 24369224 -3.711160857086 -31.294891204799 31.514170311582 113.398748385126 23419568 -0.039903785745 0.023188850185 0.046152301023 0 
1008 752 -0.230555860022 0.189786847397 0.298621921558 4.352534752306 26445952 28 -32 42.520583250939 166.2936040291 26019414 -0.030171594166 0.021210993081 0.036881313995 0 
1040 752 0.000566288104 0.296281503929 0.296282045107 29.813081497787 29158564 -22 -32 38.832975677895 115.787905822756 28909040 -0.008733437626 0.015309128859 0.017625049197 0 
1072 752 -0.209440364066 -0.040101923002 0.213245000711 13.87325340528 28634300 25 -32 40.607881008494 131.032651148737 28541104 -0.777127083939 0.041188836502 0.77821785179 0 
1104 752 -2.387164383146 0.063315677085 2.388003908524 0.904430382532 29169738 -2 -32 32.062439083763 88.847417747639 29090762 -2.335352533106 0.098850116009 2.337443646234 0 
1136 752 -4.87528238578 1.009286709384 4.978658253268 9.331593287033 31825738 -25.411715521 0.08764063447 25.411866649285 2.167020740515 31684400 -3.073319873422 0.126909389456 3.075939049705 0 
1168 752 -4.039068667354 0.124860164413 4.04099811436 0.629476431021 31394376 13 31 33.615472627943 110.35087318522 31206470 -2.991029104888 0.125366656843 2.993655274899 0 
1200 752 -3.927551541245 0.331501654599 3.941516771008 1.599454441313 29355386 28.045472163306 -30.380971671613 41.346728390214 135.936027659943 29301786 -2.243057351971 0.12639257758 2.24661553629 0 
1232 752 -0.37038498028 0.376521395607 0.52816038754 36.563581320464 27721596 -0.312575654977 -29.419471053109 29.421131531346 98.298404738647 27598182 -0.829404614672 0.129987151668 0.839528840742 0 
1264 752 -4.705775172405 4.061013228855 6.215798292911 39.721041287893 24046006 -37 -32 48.91829923454 41.92803444101 23672402 -5.16174446631 0.096646462254 5.162649172097 0 
1296 752 -15.354731524051 0.010202870317 15.354734913838 0.061069321694 20771058 11.993331355578 0.136201541297 11.994104712923 179.250210859447 20748900 -15.240076906886 0.026370509339 15.240099721837 0 
1328 752 -27.04151361504 -0.092297315093 27.041671127849 0.199719589241 18534186 3.275124467853 -0.023972020285 3.275212197353 179.584795506235 18467634 -27.604434582624 0.002004260863 27.604434655385 0 
1360 752 -24.846912838351 -0.251502252463 24.848185667763 0.611861951014 17223204 -74 0 74 0.031929723788 17116302 -42.254817493525 0.023547716827 42.254824054847 0 
1392 752 -51.158558893874 -0.116185726889 51.158690827865 0.147989284498 16765078 -48 -32 57.688820407424 33.707933122684 14733194 -27.129258137303 0.008459268808 27.12925945616 0 
1424 752 -1.358936469303 -0.271682761723 1.385828218294 168.554836633672 17282734 41.762194486162 28.041013960409 50.30287618246 34.018654780527 16374934 17.772243486041 -0.043261083192 17.772296138891 0 
1456 752 9.651555513019 8.798863552879 13.060341635772 42.468128550309 17984396 48.731426373347 19.695038292368 52.560883266159 22.120519442232 17707486 30.25001119167 -0.060287223039 30.250071266783 0 
1488 752 10.235559994223 10.258106068026 14.491219013534 45.30001683893 18749298 28 -32 42.520583250939 48.577091829735 18115462 10.304044979585 -0.042619150732 10.304133118963 0 
1520 752 6.629830419552 10.725303719245 12.608996441513 40.510083618755 20644198 -30 -32 43.863424398923 150.9200843025 20216280 0.746267640137 0.239136263913 0.783646312717 0 
1552 752 2.743385425277 6.813968928225 7.345497678609 41.602423419381 24729110 21 -32 38.275318418009 83.192382819282 24230456 1.576679173328 0.784979020896 1.761280579253 0 
1584 752 4.855456676949 5.30510805208 7.191636182815 14.751928589402 27426002 29.986833198889 4.435583537003 30.313108824594 24.367969157224 27284944 2.164889536188 1.39421466071 2.574991499798 0 
1616 752 4.606275552987 6.001238402389 7.565225497786 13.032346565688 26030472 -28 33 43.278170016765 90.854638533397 25380906 2.510898728718 2.066843183354 3.252145933142 0 
1648 752 5.722833877209 6.843228171275 8.92079589444 7.634609479442 23704598 3.350579340948 -13.479890608968 13.89006237386 118.501793226169 23565410 3.054099183058 2.794688327557 4.139783166802 0 
1680 752 3.160423412393 6.991176390313 7.672341459169 22.358217024181 21133258 -18.154873695114 -13.365029466978 22.543811823619 173.043282747567 20733704 3.794490899207 3.577750093321 5.215213985487 0 
1712 752 3.582607975839 6.0779649097 7.05526309588 17.820868757826 22912410 -12 34 36.05551275464 67.777788294964 21767142 3.998088202932 3.557443722473 5.351646019402 0 
1744 752 3.56551959269 2.412234664311 4.30485842294 2.640410090169 23457126 23.322247990778 1.520273448044 23.371745392678 32.990952505798 23094898 3.664891094232 2.733769215014 4.572189940667 0 
1776 752 -15.6273280995 2.016861929865 15.756938648531 130.8955475702 19441266 1.705371881216 -25.267910558224 25.325394315423 127.889384652327 19373696 2.779081609181 2.480469905333 3.725053763605 0 
1808 752 -17.838607029637 1.863186852062 17.935645123705 109.642258024059 19317264 -23 33 40.224370722238 60.480331680194 18809556 1.340659747779 2.797545793431 3.102197773459 0 
1840 752 -29.647035852318 1.747432604897 29.698489112028 99.388955391946 21162162 31 2 31.064449134018 73.546477808689 21158848 0.504993629106 2.229556669818 2.286031825975 0 
1872 752 -0.12790444659 -0.249398007291 0.28028363045 172.159105479471 24590090 -6 31 31.575306807694 30.264310926516 23467648 0.272083253164 0.776502534497 0.822791275313 0 
1904 752 -34 0 34 1.149233155648 27851434 28 31 41.773197148411 130.939929018184 27067324 -2.381474827132 0.047773796692 2.381953964272 0 
1936 752 -18.250011445256 -0.087909363509 18.250223171462 0.609280327244 29438180 -32 31 44.553338819891 43.75732790268 28576122 -7.45568061178 0.043370456403 7.455806755903 0 
1968 752 16.515684973375 -0.076741542652 16.515863265483 179.610240131782 30671244 -26.133361757948 -0.107119858891 26.133581297555 0.890840042472 30668456 -5.662699599354 0.064835902197 5.663070761234 0 
2000 752 13.758599196236 0.221600107237 13.760383659266 1.220358067622 31748046 -11.975510672374 0.145208865887 11.976391003924 177.1621937571 31696776 2.997468210147 0.112170134071 2.999566270283 0 
2032 752 9.310528792336 3.041731532296 9.79479847202 16.890459816691 34984960 -9.736946872986 4.013078342378 10.531520886814 156.399359886344 34866040 6.847797260284 0.143638660868 6.849303569185 0 
2064 752 9.044795830645 1.398665642968 9.152300104283 7.24133961059 35466892 -9.298973133289 -2.596638004126 9.654710262774 165.947298226006 35398876 5.888287551058 0.159241482587 5.890440402357 0 
2096 752 4.237867688279 0.195014630083 4.242352324985 1.10002239174 31559294 -26.963172014941 -31.11016262111 41.16861502916 134.650220293784 31329194 4.144413003803 0.27053156595 4.153233255461 0 
2128 752 1.778202539761 -0.088814230407 1.780419119178 19.319437904115 25650040 -5 -32 32.388269481403 115.340774032088 24562954 1.616173618519 0.477508910957 1.685239426681 0 
2160 752 1.646473434721 -0.105172265424 1.649829074982 55.411453488358 23150080 -32 0 32 128.243480098854 22942734 0.345485205269 0.438348481846 0.558130288191 0 
2192 752 -10.181844671241 -0.286781748135 10.185882616658 156.88670756887 24820486 16 -32 35.777087639997 88.161607129792 22205924 0.332347764053 0.153050278617 0.365895373099 0 
2224 752 0.326698201175 -2.632917405231 2.653108700641 82.240800711365 23616928 0.326698201175 -2.632917405231 2.653108700641 82.240800711365 23616928 0.300359107419 -0.003596177926 0.300380635037 0 
2256 752 0.388211919413 -2.483443659046 2.513603171153 73.899768140903 21105246 -32 12 34.17601498127 166.659612260893 20359706 0.249519235367 -0.031590887782 0.251511099177 0 
2288 752 0.052368811061 -2.776543405982 2.777037230157 78.243202597234 19817746 -32 27 41.868842830917 150.520261411103 19300942 0.193400594589 -0.036460437 0.196807401928 0 
2320 752 -2.360493518754 -4.803872272785 5.352487128925 108.316015364407 20418260 -13 31 33.615472627943 120.60322039554 19204668 0.132003185085 -0.018204825581 0.133252604278 0 
2352 752 0.019245804936 -0.048981557977 0.052626932549 63.143248548824 24131810 -32 13 34.539832078341 163.296476125615 23256268 0.083788670708 -0.007929102695 0.084163008553 0 
2384 752 0.142473846681 -0.001189655541 0.142478813401 6.112181442385 28001472 -28 31 41.773197148411 138.679751823043 25067004 0.048757051459 -0.005633268343 0.049081399524 0 
2416 752 0.043643416801 0.01337379905 0.045646536902 23.847963323093 28519598 0.043643416801 0.01337379905 0.045646536902 23.847963323093 28519598 0.024255502349 -0.002897081566 0.024427903631 0 
2448 752 0.019030260089 -0.004390067235 0.019530066292 14.546809714802 24020408 0.019030260089 -0.004390067235 0.019530066292 14.546809714802 24020408 0.010284023375 0.000279457635 0.01028781966 0 
2480 752 -0.006379562801 -0.002448092927 0.006833153043 64.137980394222 10057712 -0.006379562801 -0.002448092927 0.006833153043 64.137980394222 10057712 -0.003687455598 0.003455996837 0.005053834477 0 
2512 752 0 0 0 0 0 0 0 0 0 0 -0.017658934571 0.006632536038 0.018863417094 0 
48 784 0 0 0 0 0 0 0 0 0 0 0 0 0 0 
80 784 0 0 0 0 0 0 0 0 0 0 0 0 0 0 
112 784 0 0 0 0 0 0 0 0 0 0 0 0 0 0 
144 784 0 0 0 0 0 0 0 0 0 0 0 0 0 0 
176 784 0 0 0 0 0 0 0 0 0 0 0 0 0 0 
208 784 0 0 0 0 0 0 0 0 0 0 0 0 0 0 
240 784 0 0 0 0 0 0 0 0 0 0 0 0 0 0 
272 784 0 0 0 0 0 0 0 0 0 0 0 0 0 0 
304 784 0 0 0 0 0 0 0 0 0 0 0 0 0 0 
336 784 0 0 0 0 0 0 0 0 0 0 0 0 0 0 
368 784 0 0 0 0 0 0 0 0 0 0 0 0 0 0 
400 784 0 0 0 0 0 0 0 0 0 0 0 0 0 0 
432 784 0 0 0 0 0 0 0 0 0 0 -0.000041900888 0.000008457684 0.000042745956 0 
464 784 0 0 0 0 0 0 0 0 0 0 -0.000125702663 0.000025373052 0.000128237869 0 
496 784 0 0 0 0 0 0 0 0 0 0 -0.000928358648 0.000653585704 0.001135351951 0 
528 784 0 0 0 0 0 0 0 0 0 0 -0.002449868844 0.001893095642 0.003096073071 0 
560 784 0 0 0 0 0 0 0 0 0 0 -0.00319374027 0.003391071154 0.00465825509 0 
592 784 0 0 0 0 0 0 0 0 0 0 -0.003159972925 0.00514751224 0.006040058869 0 
624 784 0 0 0 0 0 0 0 0 0 0 -0.018545415689 0.006636527122 0.019697104744 0 
656 784 0 0 0 0 0 0 0 0 0 0 -0.049350068562 0.007858115799 0.049971784549 0 
688 784 0 0 0 0 0 0 0 0 0 0 -0.047926836893 0.006187752485 0.048324631146 0 
720 784 0 0 0 0 0 0 0 0 0 0 -0.014275720683 0.001625437178 0.014367959042 0 
752 784 0 0 0 0 0 0 0 0 0 0 0.005526791625 -0.002945237695 0.006262575408 0 
784 784 0 0 0 0 0 0 0 0 0 0 0.011480700029 -0.007524272134 0.013726658162 0 
816 784 0 0 0 0 0 0 0 0 0 0 0.011334650514 -0.00686246645 0.013250198038 0 
848 784 -0.035354963345 -0.008197457952 0.036292860869 156.264331435093 95294 -0.035354963345 -0.008197457952 0.036292860869 156.264331435093 95294 0.005088643081 -0.000959820642 0.005178372725 0 
880 784 -0.02939006974 0.038355285915 0.048320845987 18.26441956887 1328411.75 -32 9 33.241540277189 55.094328444706 114867 -0.002225354061 0.006391411797 0.00676774301 0 
912 784 -0.011169081699 0.06672726198 0.06765556797 25.422521677041 5125513 -0.011169081699 0.06672726198 0.06765556797 25.422521677041 5125513 -0.010607340914 0.015191230868 0.018528064566 0 
944 784 -0.014070492509 0.044952494946 0.04710313749 29.134481628395 9999904 -0.014070492509 0.044952494946 0.04710313749 29.134481628395 9999904 -0.020129621869 0.019092270403 0.027743764448 0 
976 784 -0.020025668321 0.004873406368 0.020610130551 16.762413057685 11842610 -0.020025668321 0.004873406368 0.020610130551 16.762413057685 11842610 -0.030792196926 0.018094530403 0.035715142755 0 
1008 784 0.004113713969 0.004899640878 0.006397587307 105.05142940378 15636397 0.004113713969 0.004899640878 0.006397587307 105.05142940378 15636397 -0.025813479719 0.012017953118 0.028473969382 0 
1040 784 0.000521129931 0.01056622297 0.010579066322 83.393871268976 20556656 0.000521129931 0.01056622297 0.010579066322 83.393871268976 20556656 -0.005193470248 0.000862538549 0.005264608814 0 
1072 784 -0.097595441065 -0.004795760295 0.097713199894 3.313550536587 23382794 23.816826255227 -27.567047450141 36.430527281251 131.326048744377 17691646 -0.265159735152 0.002315613308 0.265169845969 0 
1104 784 -0.083509873361 -0.036485703638 0.091132351658 24.765107937363 28286388 0.105621263253 26.248129785583 26.248342292268 89.066101485932 25011534 -0.805712274432 0.016377177396 0.805878701239 0 
1136 784 -0.494383471255 -0.059447314235 0.497944775874 8.302848125691 32594462 -33 5 33.376638536557 7.169431113326 31409588 -1.061314181043 0.026794586835 1.061652363425 0 
1168 784 -0.953335871377 -0.093207143161 0.957881441093 7.447094862509 31308796 3 31 31.144823004795 93.664476089801 31160668 -1.031965454983 0.033567841624 1.032511259149 0 
1200 784 0.210485692283 -0.885026255661 0.90971187739 106.721071828359 26589158 0 31 31 86.657037077638 26519714 -0.764122947677 0.044633955192 0.765425417087 0 
1232 784 0.238742491159 0.086364373027 0.253883402398 147.011699900584 23105230 0 31 31 76.899137063456 23013270 -0.257786659125 0.059992927539 0.264675486166 0 
1264 784 -5.078729178485 11.21823538213 12.314312614079 64.940531787467 19691612 -5.036320232205 -19.585462003588 20.222631959647 76.281279682229 19665830 -5.147102319098 0.063085726925 5.147488911325 0 
1296 784 -15.224835317658 -28.265634477904 32.105166295914 61.891742449659 16204960 -15 31 34.438350715445 63.978844485956 16176582 -15.432069927598 0.053912353349 15.432164099442 0 
1328 784 -25.131706640957 -23.314225618925 34.280545428818 42.957348196359 12172269 -57 -4 57.140178508647 4.120005192164 11924398 -25.306411005675 0.046742845805 25.306454174415 0 
1360 784 -41.431526946102 27.156255676561 49.538203918353 33.174287367042 9449577 -3 20 20.223748416157 81.400721632142 9244000 -34.77012555333 0.041577204293 34.770150411786 0 
1392 784 -38.521253384591 3.803466123039 38.7085690367 5.577547535796 10684196 -29.563015630612 -17.102058147665 34.153364198303 30.110547329082 10592383 -26.256854856196 0.028127832767 26.256869922257 0 
1424 784 27.855317449605 20.711011673091 34.711161241612 35.062175883605 11892818 11.694527840479 -11.966727600881 16.732141252256 47.228502401542 11699244 0.233401085724 0.006394731228 0.233488670827 0 
1456 784 -14 31 34.01470270339 114.306176007537 13040025 -14 -32 34.928498393146 113.627750989056 13036502 10.145240605803 -0.000288043641 10.145240609892 0 
1488 784 10.003302441785 12.810735534116 16.253645888442 51.882317820643 14324727 -25.886541538144 -2.287004084273 25.987370403477 175.084259768438 14218408 3.478663704039 0.008079508161 3.478673086717 0 
1520 784 0.452085395998 8.159216487646 8.171731450406 66.67828112282 17684292 22.113096672918 -5.291049100098 22.73728754811 33.606617959892 17504564 0.280627758046 0.10297473522 0.298924295901 0 
1552 784 0.229859849354 7.700625752978 7.704055590258 60.995445186358 21126458 20 -32 37.735924528226 85.289428748119 21045992 0.551132767825 0.284397637539 0.620184927266 0 
1584 784 -26.15505203704 -12.713921272001 29.08144668291 172.35240475946 22812454 26.7082438378 -15.24287850739 30.751839523684 63.286079669495 22810452 0.740418035036 0.491409203153 0.88865171555 0 
1616 784 -23.73605880017 -29.164907437915 37.60308914474 169.61471900067 22834932 -26 31 40.459856648288 89.512821972134 22814498 0.848483559679 0.724009432063 1.115398587394 0 
1648 784 0.664038999023 -27.79009486332 27.798027273613 141.629063385171 21991906 1 33 33.015148038438 35.266420811546 21983662 1.739681208245 2.30845676629 2.890581835574 0 
1680 784 3.022350356033 9.18967543453 9.673920418663 14.856374178078 18835446 2.997487171632 -13.154159857683 13.491362084889 134.101339531753 18790172 3.414010980733 5.244751205836 6.258025742012 0 
1712 784 3.92029869915 6.528590586404 7.615197760757 1.82291899769 20613182 -3 37 37.121422386541 37.442425241131 20118474 4.341189908904 6.734410944517 8.012379209373 0 
1744 784 6.175050841299 7.384714739137 9.626279897814 6.19495332495 22081802 -2 37 37.054014627298 36.80125500401 21447902 4.521217992757 6.777435982334 8.147088475809 0 
1776 784 3.494151040942 7.394470799565 8.178465008944 3.110126037888 15951394 2.97769131718 -16.941398740845 17.201094060458 141.628745870844 15858431 3.988083346366 7.375027442438 8.384261360089 0 
1808 784 1.677722204853 -14.418885333322 14.516163613439 155.538742765629 13262123 -27 39 47.434164902526 52.519553552492 12938544 2.741785969732 8.527185324831 8.957135695513 0 
1840 784 -14.95712580553 -13.453586967883 20.117520092318 145.281145534031 13932916 12.068676191558 16.676242685321 20.585189217406 22.582937582913 13588648 1.617285947408 6.836004659739 7.024711634199 0 
1872 784 -14.002795205581 -9.175768778041 16.741356164824 138.187333100038 13931342 31 -12 33.241540277189 96.2099995379 13893244 0.614583279394 2.301485447162 2.38213095165 0 
1904 784 26.357170889112 5.38362218745 26.901372551137 166.20904860124 15503985 -32 6 32.557641192199 8.372940067891 15487274 -0.759650849222 0.029803144912 0.760235253176 0 
1936 784 21.717340663358 -7.089751341007 22.845294035439 162.399696024283 16199899 -34 -6 34.525353003264 10.487246549068 16162510 -2.505416438443 0.020957752988 2.50550409248 0 
1968 784 29.163210757195 -0.462464323955 29.166877359764 179.762462566353 17824170 -33 0 33 0.670971351874 17819622 -1.937324134615 0.022688380017 1.937456984077 0 
2000 784 12.631840810263 0.175678672442 12.633062386127 1.324838209538 21493176 -11.750632215698 0.001999131812 11.750632385754 177.868618284766 21481612 0.944626062262 0.034995025996 0.945274060445 0 
2032 784 9.243472930026 0.12680138606 9.244342615872 0.479753211792 29874128 1 31 31.016124838542 86.886705883494 29453954 2.245759929803 0.049617695081 2.246307988228 0 
2064 784 9.364631123098 0.045303793323 9.364740706789 1.661676882196 34108604 18 -32 36.715119501372 62.581104134845 33772264 1.966077468008 0.066556387271 1.967203691257 0 
2096 784 1.429315116731 -1.470830828053 2.050922969706 50.581773476365 29320574 -25 31 39.82461550348 124.122858435978 29137880 1.405559833363 0.117080491022 1.410427696318 0 
2128 784 0.130574196574 7.304706396958 7.305873333597 69.350252775755 21933408 0.081594611872 -20.540040019447 20.54020208472 109.398069731117 21833514 0.564207025869 0.201190006334 0.599004997215 0 
2160 784 0.081514167314 0.106079818486 0.133781491107 1.074645567891 15954365 0.145678497487 -16.918565547812 16.919192723657 140.89251497573 15857526 0.148610089765 0.186066394131 0.238129506372 0 
2192 784 -0.003055470056 0.0156283776 0.015924260851 76.755434996338 15076324 -17.116486201197 20.963115728456 27.063376007446 104.925004130893 14218106 0.158769025051 0.071709654411 0.174212163328 0 
2224 784 0.167869596836 0.002962705328 0.167895738971 0.440291476737 16024393 -29.152242931552 28.145782684669 40.52207239114 134.554926183111 12983888 0.163035470299 0.004130825393 0.163087793209 0 
2256 784 0.095140477429 -0.014216332613 0.096196749209 2.602017385875 16920208 17.39100796188 -30.867179133418 35.429223891933 54.705964885411 12042266 0.161409425507 -0.016670092925 0.162267971703 0 
2288 784 0.107243720514 -0.021082380392 0.109296305302 3.398225216719 16858080 20 -32 37.735924528226 50.271237022323 9319363 0.141789034227 -0.019229548063 0.143087056528 0 
2320 784 -0.024048741254 0.033842393836 0.041516858942 127.348369879872 13501180 -0.024048741254 0.033842393836 0.041516858942 127.348369879872 13501180 0.104174296459 -0.003547540021 0.104234682725 0 
2352 784 -0.055351168284 0.050133348944 0.074680014105 134.205791255005 10529819 -0.055351168284 0.050133348944 0.074680014105 134.205791255005 10529819 0.074104245394 0.004696072153 0.074252894079 0 
2384 784 0.128612310502 0.03420251551 0.133082449932 8.804247926412 10929639 0.128612310502 0.03420251551 0.133082449932 8.804247926412 10929639 0.051578881034 0.005501288458 0.05187142897 0 
2416 784 0.026203744577 0.021616417187 0.033969187831 27.936044870391 10625986 0.026203744577 0.021616417187 0.033969187831 27.936044870391 10625986 0.030735180272 0.006300312103 0.031374276708 0 
2448 784 0.014833457314 0.003185026186 0.015171547307 19.385507185884 6901854 0.014833457314 0.003185026186 0.015171547307 19.385507185884 6901854 0.011573143109 0.007093143085 0.013573883757 0 
2480 784 -0.002925634559 -0.000273476168 0.002938388468 51.440058872533 2135381 -0.002925634559 -0.000273476168 0.002938388468 51.440058872533 2135381 -0.007588894054 0.007885974068 0.010944400393 0 
2512 784 0 0 0 0 0 0 0 0 0 0 -0.026750931216 0.008678805051 0.028123548461 0 
48 816 0 0 0 0 0 0 0 0 0 0 0 0 0 0 
80 816 0 0 0 0 0 0 0 0 0 0 0 0 0 0 
112 816 0 0 0 0 0 0 0 0 0 0 0 0 0 0 
144 816 0 0 0 0 0 0 0 0 0 0 0 0 0 0 
176 816 0 0 0 0 0 0 0 0 0 0 0 0 0 0 
208 816 0 0 0 0 0 0 0 0 0 0 0 0 0 0 
240 816 0 0 0 0 0 0 0 0 0 0 0 0 0 0 
272 816 0 0 0 0 0 0 0 0 0 0 0 0 0 0 
304 816 0 0 0 0 0 0 0 0 0 0 0 0 0 0 
336 816 0 0 0 0 0 0 0 0 0 0 0 0 0 0 
368 816 0 0 0 0 0 0 0 0 0 0 0 0 0 0 
400 816 0 0 0 0 0 0 0 0 0 0 0 0 0 0 
432 816 0 0 0 0 0 0 0 0 0 0 0 0 0 0 
464 816 0 0 0 0 0 0 0 0 0 0 0 0 0 0 
496 816 0 0 0 0 0 0 0 0 0 0 0 0 0 0 
528 816 0 0 0 0 0 0 0 0 0 0 0 0 0 0 
560 816 0 0 0 0 0 0 0 0 0 0 0 0 0 0 
592 816 0 0 0 0 0 0 0 0 0 0 0 0 0 0 
624 816 0 0 0 0 0 0 0 0 0 0 0 0 0 0 
656 816 0 0 0 0 0 0 0 0 0 0 0 0 0 0 
688 816 0 0 0 0 0 0 0 0 0 0 0.005049661705 -0.000922004204 0.005133144756 0 
720 816 0 0 0 0 0 0 0 0 0 0 0.015148985114 -0.002766012613 0.015399434268 0 
752 816 0 0 0 0 0 0 0 0 0 0 0.021378510678 -0.004269572186 0.02180068727 0 
784 816 0 0 0 0 0 0 0 0 0 0 0.023738238395 -0.005432682923 0.024351961027 0 
816 816 0 0 0 0 0 0 0 0 0 0 0.019656107387 -0.003458845776 0.019958110424 0 
848 816 0 0 0 0 0 0 0 0 0 0 0.009132117655 0.001651939257 0.009280327374 0 
880 816 0 0 0 0 0 0 0 0 0 0 0.00220397859 0.00676522971 0.007115184794 0 
912 816 0 0 0 0 0 0 0 0 0 0 -0.001128309807 0.011881025581 0.011934481634 0 
944 816 0 0 0 0 0 0 0 0 0 0 -0.008422069966 0.013512791639 0.015922524938 0 
976 816 -0.001945899643 0.002810531699 0.003418422713 24.652359450981 412036.9375 -0.001945899643 0.002810531699 0.003418422713 24.652359450981 412036.9375 -0.019677301887 0.011660527884 0.022872781206 0 
1008 816 0.020823979755 0.005546403844 0.021549958896 147.922743006245 2376523 0.020823979755 0.005546403844 0.021549958896 147.922743006245 2376523 -0.017154309543 0.005297990156 0.017953802817 0 
1040 816 -0.000300435389 0.019793459207 0.019795739157 170.430147013081 4996962 -0.000300435389 0.019793459207 0.019795739157 170.430147013081 4996962 -0.000853092935 -0.005574821545 0.005639716554 0 
1072 816 -0.096553918002 0.010434907067 0.097116148847 83.61091850401 8821563 -0.096553918002 0.010434907067 0.097116148847 83.61091850401 8821563 -0.003224435462 -0.014475975093 0.014830739663 0 
1104 816 -0.063192688051 -0.027055074385 0.068740765729 18.235834503641 14028370 -0.063192688051 -0.027055074385 0.068740765729 18.235834503641 14028370 -0.024268337123 -0.021405470489 0.032359640814 0 
1136 816 0.029644847051 -0.034969751838 0.045844307174 99.035925646992 17906996 0.029644847051 -0.034969751838 0.045844307174 99.035925646992 17906996 -0.031602475374 -0.01917908753 0.036966929116 0 
1168 816 0.058108503308 -0.00136584135 0.058124553153 161.478775015149 17838136 0.058108503308 -0.00136584135 0.058124553153 161.478775015149 17838136 -0.025226850215 -0.007796826216 0.026404250999 0 
1200 816 0.102027099123 0.036760484428 0.108447508827 96.181245654816 16053320 24 -32 40 169.125499514811 7997837.5 -0.004771640645 0.009785308218 0.010886726384 0 
1232 816 0.178461021565 0.087137753042 0.198598399347 22.412515616908 15052358 -9 -32 33.241540277189 154.146175390861 9862568 0.029763153334 0.033567315771 0.044862121934 0 
1264 816 -0.027158451279 0.108769347872 0.11210866386 75.374148284191 13937170 5 -32 32.388269481403 99.487068405481 9773174 -5.206391052276 0.055105657671 5.206682669678 0 
1296 816 -14.874070624877 0.250481242553 14.876179543374 0.693490211594 12209895 -15 -32 35.341194094145 65.156451928655 8305405 -15.713234257476 0.074400333916 15.713410394946 0 
1328 816 -15.5 0.226730278183 15.501658189337 0.677775464074 9072430 -9.558790060332 28.047055872343 29.631196575971 71.01996930902 6171832.5 -24.440271183956 0.068367028877 24.440366805675 0 
1360 816 -52.777753283047 -0.176723502426 52.778049156847 0.259402626017 7272496.5 -44.088284597878 24.738836317722 50.554790684351 29.230120851564 5140826.5 -31.387501831716 0.037005742553 31.387523646522 0 
1392 816 -37.819955155375 -0.447120155483 37.822598065019 0.728250314239 9154837 -16 -32 35.777087639997 63.485860829575 6285976 -26.108035345244 0.023199140152 26.108045652416 0 
1424 816 -7.745935860011 -0.113184593565 7.746762749667 1.016644413456 9711153 2 -32 32.062439083763 93.75582519631 8002705.5 -8.601871724541 0.026947221672 8.601913933434 0 
1456 816 26.262449530993 0.156947072137 26.262918492646 11.691547761278 9274027 -1 -32 32.015621187164 103.823859704979 7660427.5 0.136129918092 0.029019622387 0.13918869596 0 
1488 816 -0.152853506746 0.050098888593 0.160854260629 146.338807498835 10529676 23.133412498659 -31.113591770916 38.771256965958 68.882901151332 9205985 0.105969582652 0.029416342297 0.109976695902 0 
1520 816 0.015571927541 0.065599483816 0.067422379105 54.62221206015 14610344 0.312376822212 -20.664326568852 20.666687490336 111.158084237676 13312796 0.074871477559 0.030286744886 0.080765246657 0 
1552 816 0.043168710638 0.04622628823 0.063248773124 10.515880342314 19825308 -0.138159007683 -16.326675988111 16.327260539728 126.927878551558 19004328 0.042835602812 0.031630830152 0.053248458047 0 
1584 816 0.054862769265 0.037939976544 0.066703562661 24.83714554306 23575430 -0.061616582627 -17.895821691831 17.895927766647 149.699951932574 23345160 0.022071628281 0.037474196386 0.043491058504 0 
1616 816 0 -32 32 165.260724688272 24225262 0 31 31 14.739275311728 24224730 0.012579553967 0.047816843588 0.049443864217 0 
1648 816 0 -31 31 152.756606737793 22182440 0 32 32 27.243393262207 22182368 0.802477214805 1.558547264429 1.753008629682 0 
1680 816 1.964944981276 -13.420140573875 13.563229033014 144.042501051069 19138148 2.40202002418 3.604049693052 4.331151623592 6.055008327598 19134786 2.391764610797 4.569665458908 5.157749544113 0 
1712 816 3.261090441047 6.482102134074 7.256194522011 1.546270143875 21857332 5 -26 26.476404589747 140.861623320557 21561998 3.360187691286 6.252867507962 7.098536003487 0 
1744 816 4.862151027716 6.444223576752 8.072702776858 7.738264799449 25885156 4 -26 26.305892875932 141.957637887153 25148104 3.70774645627 6.608153411591 7.577273605665 0 
1776 816 2.951095951154 20.988886981908 21.195337790472 17.151546041985 17321892 3 -25 25.179356624028 148.002199868739 16707504 3.462405530623 7.373002695497 8.145515380029 0 
1808 816 2.203542429001 20.020933527029 20.141831558478 10.786346320528 9346400 16 -24 28.844410203712 129.242782220695 8897539 2.624164914344 8.547415359681 8.941171669786 0 
1840 816 -20.300032966881 23.272847737674 30.882305294091 54.82532703872 10162342 15 -26 30.016662039607 136.290005203079 9797674 1.675226819001 6.857306209778 7.058968292163 0 
1872 816 0.097904775465 24.165120618623 24.165318947981 14.735158637304 10393589 17 -30 34.481879299133 135.493927022175 10321368 0.615591244594 2.302675245789 2.383540615972 0 
1904 816 18.346849995186 -26.444374024494 32.185584075688 76.966468657313 11316256 12 31 33.241540277189 47.119733829806 11259977 0.051602189399 0.020554836287 0.055545362053 0 
1936 816 24 -32 40 160.046898899585 12166602 23 31 38.600518131238 93.396029724778 12164629 -0.016740346583 0.010944981274 0.020000795454 0 
1968 816 0.062982630667 -0.083524510058 0.104609538504 131.191311444546 13255735 1.586241932728 23.049350144234 23.103867761495 89.764086872634 13131706 -0.055548051652 0.004052648934 0.055695691087 0 
2000 816 -0.120909762453 0.039603378689 0.12723049265 18.243924716343 16024305 -16 -32 35.777087639997 63.326970018389 14552638 -0.064820925806 -0.000122160732 0.064821040918 0 
2032 816 8.685394205139 -0.261517925379 8.689330476162 175.384317921865 22093896 22 -32 38.832975677895 130.848864567448 17468512 -0.047608993326 0.005290014186 0.047901988431 0 
2064 816 8.056893659353 -0.492008588921 8.071902371169 104.408620734329 24714656 2 -32 32.062439083763 172.662243095508 16922474 -0.003912254212 0.020289173689 0.020662920946 0 
2096 816 -0.002973970757 0.034528960581 0.034656797614 33.254561081608 19604596 0 -32 32 151.668161295099 9913755 0.022439120492 0.041618548464 0.047282319155 0 
2128 816 -0.025058363721 0.039832767575 0.047059228266 56.586704180055 13954500 -0.025058363721 0.039832767575 0.047059228266 56.586704180055 13954500 0.031445130784 0.069278138509 0.076080593618 0 
2160 816 -0.023730722368 0.040455643735 0.046902092641 61.673996662639 9849810 -0.023730722368 0.040455643735 0.046902092641 61.673996662639 9849810 0.0434199938 0.071473189557 0.083628420331 0 
2192 816 0.014209951493 0.040916311892 0.043313592558 31.294289632587 8233543 0.014209951493 0.040916311892 0.043313592558 31.294289632587 8233543 0.05836370954 0.048203701608 0.075696231346 0 
2224 816 0.125248687164 0.020873502556 0.126976126675 8.234306753218 9032166 0.125248687164 0.020873502556 0.126976126675 8.234306753218 9032166 0.079262762498 0.025289968424 0.083199567437 0 
2256 816 0.02221126343 -0.009375872236 0.024109068903 24.360454515534 9176924 0.02221126343 -0.009375872236 0.024109068903 24.360454515534 9176924 0.106117152673 0.002731990007 0.106152314439 0 
2288 816 0.056859223019 -0.010469843095 0.057815126539 8.041205356517 7414858 0.056859223019 -0.010469843095 0.057815126539 8.041205356517 7414858 0.104170414169 -0.004351742038 0.104261272038 0 
2320 816 0.017476776815 0.007552322836 0.019038784312 20.222341070675 3994914.5 0.017476776815 0.007552322836 0.019038784312 20.222341070675 3994914.5 0.073422546987 0.004038772288 0.073533543963 0 
2352 816 -0.069393639547 0.013305646032 0.07065774852 160.114583039968 852889.9375 -0.069393639547 0.013305646032 0.07065774852 160.114583039968 852889.9375 0.051946524553 0.008256494682 0.052598584749 0 
2384 816 0 0 0 0 0 0 0 0 0 0 0.039742346865 0.008301425144 0.040600095983 0 
2416 816 0 0 0 0 0 0 0 0 0 0 0.025481264425 0.008174256703 0.026760293521 0 
2448 816 0 0 0 0 0 0 0 0 0 0 0.009163277232 0.007874989358 0.012082264151 0 
2480 816 0 0 0 0 0 0 0 0 0 0 -0.007154709961 0.007575722013 0.010420241775 0 
2512 816 0 0 0 0 0 0 0 0 0 0 -0.023472697154 0.007276454668 0.024574667937 0 
48 848 0 0 0 0 0 0 0 0 0 0 0 0 0 0 
80 848 0 0 0 0 0 0 0 0 0 0 0 0 0 0 
112 848 0 0 0 0 0 0 0 0 0 0 0 0 0 0 
144 848 0 0 0 0 0 0 0 0 0 0 0 0 0 0 
176 848 0 0 0 0 0 0 0 0 0 0 0 0 0 0 
208 848 0 0 0 0 0 0 0 0 0 0 0 0 0 0 
240 848 0 0 0 0 0 0 0 0 0 0 0 0 0 0 
272 848 0 0 0 0 0 0 0 0 0 0 0 0 0 0 
304 848 0 0 0 0 0 0 0 0 0 0 0 0 0 0 
336 848 0 0 0 0 0 0 0 0 0 0 0 0 0 0 
368 848 0 0 0 0 0 0 0 0 0 0 0 0 0 0 
400 848 0 0 0 0 0 0 0 0 0 0 0 0 0 0 
432 848 0 0 0 0 0 0 0 0 0 0 0 0 0 0 
464 848 0 0 0 0 0 0 0 0 0 0 0 0 0 0 
496 848 0 0 0 0 0 0 0 0 0 0 0 0 0 0 
528 848 0 0 0 0 0 0 0 0 0 0 0 0 0 0 
560 848 0 0 0 0 0 0 0 0 0 0 0 0 0 0 
592 848 0 0 0 0 0 0 0 0 0 0 0 0 0 0 
624 848 0 0 0 0 0 0 0 0 0 0 0 0 0 0 
656 848 0 0 0 0 0 0 0 0 0 0 0 0 0 0 
688 848 0 0 0 0 0 0 0 0 0 0 0.001683220568 -0.000307334735 0.001711048252 0 
720 848 0 0 0 0 0 0 0 0 0 0 0.005049661705 -0.000922004204 0.005133144756 0 
752 848 0 0 0 0 0 0 0 0 0 0 0.007126170226 -0.001423190729 0.007266895757 0 
784 848 0 0 0 0 0 0 0 0 0 0 0.007912746132 -0.001810894308 0.008117320342 0 
816 848 0 0 0 0 0 0 0 0 0 0 0.006552035796 -0.001152948592 0.006652703475 0 
848 848 0 0 0 0 0 0 0 0 0 0 0.003044039218 0.000550646419 0.003093442458 0 
880 848 0 0 0 0 0 0 0 0 0 0 0.00073465953 0.00225507657 0.002371728265 0 
912 848 0 0 0 0 0 0 0 0 0 0 -0.000376103269 0.00396034186 0.003978160545 0 
944 848 0 0 0 0 0 0 0 0 0 0 -0.002807356655 0.00450426388 0.005307508313 0 
976 848 0 0 0 0 0 0 0 0 0 0 -0.006559100629 0.003886842628 0.007624260402 0 
1008 848 0 0 0 0 0 0 0 0 0 0 -0.00419408364 0.001051104194 0.004323789727 0 
1040 848 0 0 0 0 0 0 0 0 0 0 0.004287694313 -0.004002951421 0.005865828382 0 
1072 848 0 0 0 0 0 0 0 0 0 0 0.008678815133 -0.009185928702 0.01263736991 0 
1104 848 0 0 0 0 0 0 0 0 0 0 0.008979278822 -0.014497827649 0.017053282813 0 
1136 848 -0.001509214343 -0.029531474589 0.029570013855 58.077347058971 486274.96875 -0.001509214343 -0.029531474589 0.029570013855 58.077347058971 486274.96875 0.015815243583 -0.01101163364 0.019271170307 0 
1168 848 0.046254575697 -0.03048157545 0.05539505587 35.881453976126 2025670.75 0.046254575697 -0.03048157545 0.05539505587 35.881453976126 2025670.75 0.029186709416 0.001272653324 0.029214442541 0 
1200 848 0.09349659892 -0.011216902997 0.094167047965 38.815654161004 3731424.75 0.09349659892 -0.011216902997 0.094167047965 38.815654161004 3731424.75 0.034996569123 0.021846636658 0.041255731525 0 
1232 848 0.152512871251 0.0678629825 0.166929806478 32.764412185524 4536286 0.152512871251 0.0678629825 0.166929806478 32.764412185524 4536286 0.033244822704 0.050710316363 0.06063624677 0 
1264 848 -0.062107758322 0.090468611184 0.109735788389 54.749832891239 4703035 -0.062107758322 0.090468611184 0.109735788389 54.749832891239 4703035 -5.339610665844 0.072706254491 5.340105641486 0 
1296 848 -1.138924108336 0.13917326481 1.147395887297 6.65394405366 4533015.5 -1.138924108336 0.13917326481 1.147395887297 6.65394405366 4533015.5 -16.083569896519 0.087834451041 16.083809732368 0 
1328 848 -12.939994359377 0.153558028963 12.940905458621 0.52666006239 3621898 -12.939994359377 0.153558028963 12.940905458621 0.52666006239 3621898 -25.006015117466 0.06687681008 25.006104545944 0 
1360 848 -1.956111929601 -0.3171956533 1.981662676542 9.228240868012 2922061 -64 0 64 0.017547865705 2915204.5 -32.106946328684 0.009833331608 32.106947834502 0 
1392 848 -24.803535931119 -1.343006802234 24.839868396535 3.085712726967 3222447.5 -0.219890265351 -0.252880918918 0.33511264964 48.97812568103 3186372.5 -26.682799604447 -0.006326809039 26.682800354528 0 
1424 848 -3.624984977882 -0.179295238578 3.62941632669 2.952284286885 3754060 -3.624984977882 -0.179295238578 3.62941632669 2.952284286885 3754060 -8.733574944754 0.01839638814 8.733594319794 0 
1456 848 0.245316842312 -0.029614500997 0.247097899204 13.957969239285 3144494.75 0.245316842312 -0.029614500997 0.247097899204 13.957969239285 3144494.75 0.222679128537 0.027635775045 0.224387455862 0 
1488 848 0.108019819072 0.045302933955 0.117135123414 16.191001339949 4049326 0.108019819072 0.045302933955 0.117135123414 16.191001339949 4049326 0.185962615425 0.021391351678 0.187188899944 0 
1520 848 0.022715955238 0.094083258023 0.096786745283 67.148520863747 5804659 0.022715955238 0.094083258023 0.096786745283 67.148520863747 5804659 0.128998798676 0.021072292909 0.130708575037 0 
1552 848 0.0513082031 0.06046406367 0.079299651329 22.42753231101 8585283 0.0513082031 0.06046406367 0.079299651329 22.42753231101 8585283 0.05178767829 0.026678598737 0.058255568431 0 
1584 848 0.014097512865 0.049560129168 0.051526170749 1.027141775536 12020948 0.014097512865 0.049560129168 0.051526170749 1.027141775536 12020948 0.009850315925 0.032409640411 0.033873492813 0 
1616 848 -0.011542558885 0.049320392306 0.050653052848 17.932548657923 17728672 -0.011542558885 0.049320392306 0.050653052848 17.932548657923 17728672 0.00318671158 0.03826541793 0.038397881974 0 
1648 848 0.008036060235 0.025850289575 0.02707056954 6.718452988916 24701564 -24.020550411074 24.453473424529 34.277677934409 68.47561921314 22231994 0.242487202738 0.544959821973 0.596474015408 0 
1680 848 3.506795243665 0.916067292659 3.62447129464 50.244525208245 25708760 3.506795243665 0.916067292659 3.62447129464 50.244525208245 25708760 0.727751789399 1.552492852539 1.714601039356 0 
1712 848 5.21594466442 0.659432569757 5.257464223021 56.258239025697 24942844 31 33 45.276925690687 16.67379415159 24418972 1.055081550076 2.11281341281 2.361604876914 0 
1744 848 -14.41848473611 -8.606057310766 16.791573021061 149.647126594707 25996952 -31 33 45.276925690687 72.02522388153 24454504 1.22447648477 2.225921502786 2.540486016163 0 
1776 848 0.16022142204 0.252420595697 0.298976690082 6.494692323358 18035298 0.16022142204 0.252420595697 0.298976690082 6.494692323358 18035298 1.202048161951 2.474395664509 2.750918698942 0 
1808 848 -0.044859574216 0.21344900983 0.218112038174 30.933824614935 8992400 -24.060074686711 24.345131842446 34.228243284694 63.727565445365 6949180.5 0.987796581617 2.85823589798 3.024112189578 0 
1840 848 0.020948632606 0.232618069629 0.233559438957 11.341701733661 7570331 -21.375009541347 -28.326803473225 35.48660068115 159.449950622976 6093864.5 0.678816243888 2.293461319936 2.391810259826 0 
1872 848 -0.001206728701 -0.102035533341 0.102042668812 161.251416076086 7793771.5 16 31 34.885527085025 7.873408270825 5359749 0.275107148762 0.780071930377 0.827161507726 0 
1904 848 0.033653868356 -0.098415934352 0.104010956104 92.08224678492 8427338 -10 31 32.572994949805 86.918045426077 4110805.5 0.052284288733 0.020028870819 0.055989307145 0 
1936 848 0.004261709324 -0.080472505327 0.080585273345 139.151910568592 8238826.5 0.004261709324 -0.080472505327 0.080585273345 139.151910568592 8238826.5 0.0103476638 0.01333214126 0.016876615084 0 
1968 848 -0.020193545586 -0.051785109721 0.055583062817 95.899491620615 7625913.5 -0.020193545586 -0.051785109721 0.055583062817 95.899491620615 7625913.5 -0.017371350464 0.008928708949 0.019531657903 0 
2000 848 -0.146694880102 -0.00844319752 0.14693765832 15.748532639115 7636393 -0.146694880102 -0.00844319752 0.14693765832 15.748532639115 7636393 -0.030872754059 0.006818573887 0.031616766012 0 
2032 848 0.076201460732 -0.016863549838 0.078045127528 174.226101520764 8729522 0.076201460732 -0.016863549838 0.078045127528 174.226101520764 8729522 -0.032309509105 0.010655618184 0.034021266547 0 
2064 848 0.066290153209 -0.005189681231 0.066492986125 141.165040813117 8770778 0.066290153209 -0.005189681231 0.066492986125 141.165040813117 8770778 -0.0216816156 0.020439841842 0.029797308428 0 
2096 848 -0.022211154032 0.023409750949 0.032269983002 37.098352191279 5181632.5 -0.022211154032 0.023409750949 0.032269983002 37.098352191279 5181632.5 -0.004949134811 0.044145738274 0.044422293312 0 
2128 848 -0.015333738176 0.020495782007 0.025596886657 49.140776693059 1864411.875 -0.015333738176 0.020495782007 0.025596886657 49.140776693059 1864411.875 0.017887933263 0.081773307481 0.083706941008 0 
2160 848 0.002451619821 0.004725709757 0.005323793051 9.865838862702 477264 0.002451619821 0.004725709757 0.005323793051 9.865838862702 477264 0.029914917373 0.094568868126 0.099187565249 0 
2192 848 0 0 0 0 0 0 0 0 0 0 0.031131817519 0.082532420206 0.088208788945 0 
2224 848 0 0 0 0 0 0 0 0 0 0 0.049040984017 0.059881251169 0.077400144411 0 
2256 848 0 0 0 0 0 0 0 0 0 0 0.083642416865 0.026615361014 0.08777489015 0 
2288 848 0 0 0 0 0 0 0 0 0 0 0.080544734416 0.008172981073 0.08095833411 0 
2320 848 0 0 0 0 0 0 0 0 0 0 0.039747936671 0.004554111347 0.040007979201 0 
2352 848 0 0 0 0 0 0 0 0 0 0 0.017315508184 0.002752164894 0.017532861583 0 
2384 848 0 0 0 0 0 0 0 0 0 0 0.013247448955 0.002767141715 0.013533365328 0 
2416 848 0 0 0 0 0 0 0 0 0 0 0.008493754808 0.002724752234 0.00892009784 0 
2448 848 0 0 0 0 0 0 0 0 0 0 0.003054425744 0.002624996453 0.004027421384 0 
2480 848 0 0 0 0 0 0 0 0 0 0 -0.00238490332 0.002525240671 0.003473413925 0 
2512 848 0 0 0 0 0 0 0 0 0 0 -0.007824232385 0.002425484889 0.008191555979 0 
48 880 0 0 0 0 0 0 0 0 0 0 0 0 0 0 
80 880 0 0 0 0 0 0 0 0 0 0 0 0 0 0 
112 880 0 0 0 0 0 0 0 0 0 0 0 0 0 0 
144 880 0 0 0 0 0 0 0 0 0 0 0 0 0 0 
176 880 0 0 0 0 0 0 0 0 0 0 0 0 0 0 
208 880 0 0 0 0 0 0 0 0 0 0 0 0 0 0 
240 880 0 0 0 0 0 0 0 0 0 0 0 0 0 0 
272 880 0 0 0 0 0 0 0 0 0 0 0 0 0 0 
304 880 0 0 0 0 0 0 0 0 0 0 0 0 0 0 
336 880 0 0 0 0 0 0 0 0 0 0 0 0 0 0 
368 880 0 0 0 0 0 0 0 0 0 0 0 0 0 0 
400 880 0 0 0 0 0 0 0 0 0 0 0 0 0 0 
432 880 0 0 0 0 0 0 0 0 0 0 0 0 0 0 
464 880 0 0 0 0 0 0 0 0 0 0 0 0 0 0 
496 880 0 0 0 0 0 0 0 0 0 0 0 0 0 0 
528 880 0 0 0 0 0 0 0 0 0 0 0 0 0 0 
560 880 0 0 0 0 0 0 0 0 0 0 0 0 0 0 
592 880 0 0 0 0 0 0 0 0 0 0 0 0 0 0 
624 880 0 0 0 0 0 0 0 0 0 0 0 0 0 0 
656 880 0 0 0 0 0 0 0 0 0 0 0 0 0 0 
688 880 0 0 0 0 0 0 0 0 0 0 0 0 0 0 
720 880 0 0 0 0 0 0 0 0 0 0 0 0 0 0 
752 880 0 0 0 0 0 0 0 0 0 0 0 0 0 0 
784 880 0 0 0 0 0 0 0 0 0 0 0 0 0 0 
816 880 0 0 0 0 0 0 0 0 0 0 0 0 0 0 
848 880 0 0 0 0 0 0 0 0 0 0 0 0 0 0 
880 880 0 0 0 0 0 0 0 0 0 0 0 0 0 0 
912 880 0 0 0 0 0 0 0 0 0 0 0 0 0 0 
944 880 0 0 0 0 0 0 0 0 0 0 0 0 0 0 
976 880 0 0 0 0 0 0 0 0 0 0 0 0 0 0 
1008 880 0 0 0 0 0 0 0 0 0 0 0.001714521984 -0.00080425409 0.001893782003 0 
1040 880 0 0 0 0 0 0 0 0 0 0 0.005143565953 -0.00241276227 0.005681346009 0 
1072 880 0 0 0 0 0 0 0 0 0 0 0.010972830323 -0.00490567913 0.012019513011 0 
1104 880 0 0 0 0 0 0 0 0 0 0 0.019202315096 -0.008283004671 0.020912605563 0 
1136 880 0 0 0 0 0 0 0 0 0 0 0.029643077296 -0.005195930021 0.030095011553 0 
1168 880 0 0 0 0 0 0 0 0 0 0 0.042295116923 0.00435554482 0.042518792154 0 
1200 880 0 0 0 0 0 0 0 0 0 0 0.041160505505 0.020907975659 0.046166336866 0 
1232 880 0 0 0 0 0 0 0 0 0 0 0.026239243042 0.044461362495 0.051626646514 0 
1264 880 0 0 0 0 0 0 0 0 0 0 -4.05466535447 0.061129914676 4.055126139001 0 
1296 880 0 0 0 0 0 0 0 0 0 0 -12.201553287031 0.070913632202 12.201759355088 0 
1328 880 0 0 0 0 0 0 0 0 0 0 -18.966665313166 0.049598775511 18.966730164691 0 
1360 880 0 0 0 0 0 0 0 0 0 0 -24.350001432876 -0.002814655399 24.350001595552 0 
1392 880 0 0 0 0 0 0 0 0 0 0 -20.227636300536 -0.015817337725 20.227642484851 0 
1424 880 0 0 0 0 0 0 0 0 0 0 -6.599569916146 0.01059072853 6.599578413931 0 
1456 880 0 0 0 0 0 0 0 0 0 0 0.199465300319 0.020207888531 0.200486320706 0 
1488 880 0 0 0 0 0 0 0 0 0 0 0.169469348858 0.013034142277 0.169969847524 0 
1520 880 0 0 0 0 0 0 0 0 0 0 0.115649626416 0.012085573802 0.116279392775 0 
1552 880 0 0 0 0 0 0 0 0 0 0 0.038006132991 0.017362183107 0.041784106395 0 
1584 880 -0.002867180063 -0.00250335546 0.003806246191 129.331133843621 394187.9375 -0.002867180063 -0.00250335546 0.003806246191 129.331133843621 394187.9375 -0.000686358431 0.021921810259 0.021932552358 0 
1616 880 -0.010963781766 -0.00483010167 0.011980583991 112.824550206052 5126149 -0.010963781766 -0.00483010167 0.011980583991 112.824550206052 5126149 -0.000427847851 0.025764455257 0.02576800746 0 
1648 880 0.008219406825 -0.000086799528 0.008219865127 133.175528832303 15605303 0.008219406825 -0.000086799528 0.008219865127 133.175528832303 15605303 -0.02669838665 0.029064307644 0.039465653783 0 
1680 880 0.035915067669 0.027915172409 0.045487898789 120.328490359647 19390566 0.035915067669 0.027915172409 0.045487898789 120.328490359647 19390566 -0.079497974829 0.031821367421 0.085630178246 0 
1712 880 0.057901492033 0.01289688454 0.05932042153 145.998495269114 16159100 0.057901492033 0.01289688454 0.05932042153 145.998495269114 16159100 -0.07670369287 0.030128620519 0.082408678391 0 
1744 880 0.042402567787 -0.028322970347 0.050991846448 161.106127644728 13071385 0.042402567787 -0.028322970347 0.050991846448 161.106127644728 13071385 -0.018315540772 0.023986066938 0.030179304845 0 
1776 880 0.217094233664 0.014540437107 0.217580630115 15.189348288037 8974882 0.217094233664 0.014540437107 0.217580630115 15.189348288037 8974882 0.051069652368 0.017605786482 0.054019192059 0 
1808 880 -0.018664321246 0.089155318505 0.091088021744 97.045770079338 5766729.5 -0.018664321246 0.089155318505 0.091088021744 97.045770079338 5766729.5 0.131451886552 0.010987779151 0.131910309562 0 
1840 880 0.011878105999 0.091349050712 0.092118068087 78.564447186501 3776580 0.011878105999 0.091349050712 0.092118068087 78.564447186501 3776580 0.142221003043 0.010012304596 0.142572998671 0 
1872 880 -0.004844319109 0.00294162824 0.005667504242 138.747344658288 2830183 -0.004844319109 0.00294162824 0.005667504242 138.747344658288 2830183 0.083377001843 0.014679362818 0.084659365277 0 
1904 880 0.034601097504 -0.040789702998 0.053488651311 69.228499691967 2543486 0.034601097504 -0.040789702998 0.053488651311 69.228499691967 2543486 0.042252157361 0.014991976041 0.044833069795 0 
1936 880 0.00304501309 -0.024683671727 0.024870781143 113.124813783978 1595913.875 0.00304501309 -0.024683671727 0.024870781143 113.124813783978 1595913.875 0.018846469597 0.010950144265 0.021796675795 0 
1968 880 -0.01221567715 -0.01732064579 0.02119498853 153.395812239281 327386 -0.01221567715 -0.01732064579 0.02119498853 153.395812239281 327386 0.001287750097 0.008525054217 0.008621766044 0 
2000 880 0 0 0 0 0 0 0 0 0 0 -0.010424001139 0.007716705897 0.012969477617 0 
2032 880 0 0 0 0 0 0 0 0 0 0 -0.018494825246 0.010003815138 0.021027003547 0 
2064 880 0 0 0 0 0 0 0 0 0 0 -0.022924722221 0.015386381938 0.027609484567 0 
2096 880 0 0 0 0 0 0 0 0 0 0 -0.013982446847 0.034056999884 0.03681559535 0 
2128 880 0 0 0 0 0 0 0 0 0 0 0.008332000876 0.066015668976 0.06653939276 0 
2160 880 0 0 0 0 0 0 0 0 0 0 0.017371784369 0.079587530557 0.081461364538 0 
2192 880 0 0 0 0 0 0 0 0 0 0 0.013136903632 0.074772584629 0.075917834855 0 
2224 880 0 0 0 0 0 0 0 0 0 0 0.025447571082 0.057882669406 0.063229599805 0 
2256 880 0 0 0 0 0 0 0 0 0 0 0.05430378672 0.028917784888 0.061523487669 0 
2288 880 0 0 0 0 0 0 0 0 0 0 0.051548920905 0.010826506972 0.052673565473 0 
2320 880 0 0 0 0 0 0 0 0 0 0 0.017182973635 0.003608835657 0.017557855158 0 
2352 880 0 0 0 0 0 0 0 0 0 0 0 0 0 0 
2384 880 0 0 0 0 0 0 0 0 0 0 0 0 0 0 
2416 880 0 0 0 0 0 0 0 0 0 0 0 0 0 0 
2448 880 0 0 0 0 0 0 0 0 0 0 0 0 0 0 
2480 880 0 0 0 0 0 0 0 0 0 0 0 0 0 0 
2512 880 0 0 0 0 0 0 0 0 0 0 0 0 0 0 
48 912 0 0 0 0 0 0 0 0 0 0 0 0 0 0 
80 912 0 0 0 0 0 0 0 0 0 0 0 0 0 0 
112 912 0 0 0 0 0 0 0 0 0 0 0 0 0 0 
144 912 0 0 0 0 0 0 0 0 0 0 0 0 0 0 
176 912 0 0 0 0 0 0 0 0 0 0 0 0 0 0 
208 912 0 0 0 0 0 0 0 0 0 0 0 0 0 0 
240 912 0 0 0 0 0 0 0 0 0 0 0 0 0 0 
272 912 0 0 0 0 0 0 0 0 0 0 0 0 0 0 
304 912 0 0 0 0 0 0 0 0 0 0 0 0 0 0 
336 912 0 0 0 0 0 0 0 0 0 0 0 0 0 0 
368 912 0 0 0 0 0 0 0 0 0 0 0 0 0 0 
400 912 0 0 0 0 0 0 0 0 0 0 0 0 0 0 
432 912 0 0 0 0 0 0 0 0 0 0 0 0 0 0 
464 912 0 0 0 0 0 0 0 0 0 0 0 0 0 0 
496 912 0 0 0 0 0 0 0 0 0 0 0 0 0 0 
528 912 0 0 0 0 0 0 0 0 0 0 0 0 0 0 
560 912 0 0 0 0 0 0 0 0 0 0 0 0 0 0 
592 912 0 0 0 0 0 0 0 0 0 0 0 0 0 0 
624 912 0 0 0 0 0 0 0 0 0 0 0 0 0 0 
656 912 0 0 0 0 0 0 0 0 0 0 0 0 0 0 
688 912 0 0 0 0 0 0 0 0 0 0 0 0 0 0 
720 912 0 0 0 0 0 0 0 0 0 0 0 0 0 0 
752 912 0 0 0 0 0 0 0 0 0 0 0 0 0 0 
784 912 0 0 0 0 0 0 0 0 0 0 0 0 0 0 
816 912 0 0 0 0 0 0 0 0 0 0 0 0 0 0 
848 912 0 0 0 0 0 0 0 0 0 0 0 0 0 0 
880 912 0 0 0 0 0 0 0 0 0 0 0 0 0 0 
912 912 0 0 0 0 0 0 0 0 0 0 0 0 0 0 
944 912 0 0 0 0 0 0 0 0 0 0 0 0 0 0 
976 912 0 0 0 0 0 0 0 0 0 0 0 0 0 0 
1008 912 0 0 0 0 0 0 0 0 0 0 0.000571507328 -0.000268084697 0.000631260668 0 
1040 912 0 0 0 0 0 0 0 0 0 0 0.001714521984 -0.00080425409 0.001893782003 0 
1072 912 0 0 0 0 0 0 0 0 0 0 0.003657610108 -0.001635226377 0.004006504337 0 
1104 912 0 0 0 0 0 0 0 0 0 0 0.006400771699 -0.002761001557 0.006970868521 0 
1136 912 0 0 0 0 0 0 0 0 0 0 0.009881025765 -0.001731976674 0.010031670518 0 
1168 912 0 0 0 0 0 0 0 0 0 0 0.014098372308 0.001451848273 0.014172930718 0 
1200 912 0 0 0 0 0 0 0 0 0 0 0.013720168502 0.00696932522 0.015388778955 0 
1232 912 0 0 0 0 0 0 0 0 0 0 0.008746414347 0.014820454165 0.017208882171 0 
1264 912 0 0 0 0 0 0 0 0 0 0 -1.351555118157 0.020376638225 1.351708713 0 
1296 912 0 0 0 0 0 0 0 0 0 0 -4.06718442901 0.023637877401 4.067253118363 0 
1328 912 0 0 0 0 0 0 0 0 0 0 -6.322221771055 0.01653292517 6.32224338823 0 
1360 912 0 0 0 0 0 0 0 0 0 0 -8.116667144292 -0.000938218466 8.116667198517 0 
1392 912 0 0 0 0 0 0 0 0 0 0 -6.742545433512 -0.005272445908 6.74254749495 0 
1424 912 0 0 0 0 0 0 0 0 0 0 -2.199856638715 0.003530242843 2.19985947131 0 
1456 912 0 0 0 0 0 0 0 0 0 0 0.06648843344 0.006735962844 0.066828773569 0 
1488 912 0 0 0 0 0 0 0 0 0 0 0.056489782953 0.004344714092 0.056656615841 0 
1520 912 0 0 0 0 0 0 0 0 0 0 0.034823960778 0.003326587566 0.034982487463 0 
1552 912 0 0 0 0 0 0 0 0 0 0 0.001490966915 0.003681583264 0.003972031933 0 
1584 912 0 0 0 0 0 0 0 0 0 0 -0.009538394786 0.006010705932 0.0112742876 0 
1616 912 0 0 0 0 0 0 0 0 0 0 0.001735875672 0.010313955567 0.010459012563 0 
1648 912 0.009247211799 0.003466840707 0.009875723292 94.514112509136 2191441 0.009247211799 0.003466840707 0.009875723292 94.514112509136 2191441 -0.005079553361 0.010860721441 0.011989876253 0 
1680 912 0.009969495594 0.00154148921 0.01008796468 156.89613697963 3233729 0.009969495594 0.00154148921 0.01008796468 156.89613697963 3233729 -0.029984681887 0.007651003552 0.030945419746 0 
1712 912 -0.00166074419 -0.000710775115 0.001806453024 30.963380549625 1101349 -0.00166074419 -0.000710775115 0.001806453024 30.963380549625 1101349 -0.035168037553 0.004813131088 0.035495874354 0 
1744 912 -0.011400397916 -0.011400397916 0.016122597349 51.490830560351 59061 -0.011400397916 -0.011400397916 0.016122597349 51.490830560351 59061 -0.020629620358 0.002347104047 0.020762710168 0 
1776 912 0 0 0 0 0 0 0 0 0 0 0.009470001876 0.002633061416 0.009829239439 0 
1808 912 0 0 0 0 0 0 0 0 0 0 0.055130829149 0.005671003194 0.055421734003 0 
1840 912 0 0 0 0 0 0 0 0 0 0 0.065441096469 0.006959163759 0.065810083325 0 
1872 912 0 0 0 0 0 0 0 0 0 0 0.040400803836 0.006497543111 0.040919958664 0 
1904 912 0 0 0 0 0 0 0 0 0 0 0.021505795283 0.005444151955 0.022184184034 0 
1936 912 0 0 0 0 0 0 0 0 0 0 0.008756070809 0.003798990291 0.009544689793 0 
1968 912 0 0 0 0 0 0 0 0 0 0 0.000429250032 0.002841684739 0.002873922015 0 
2000 912 0 0 0 0 0 0 0 0 0 0 -0.003474667046 0.002572235299 0.004323159206 0 
2032 912 0 0 0 0 0 0 0 0 0 0 -0.006164941749 0.003334605046 0.007009001182 0 
2064 912 0 0 0 0 0 0 0 0 0 0 -0.007641574074 0.005128793979 0.009203161522 0 
2096 912 0 0 0 0 0 0 0 0 0 0 -0.004660815616 0.011352333295 0.012271865117 0 
2128 912 0 0 0 0 0 0 0 0 0 0 0.002777333625 0.022005222992 0.022179797587 0 
2160 912 0 0 0 0 0 0 0 0 0 0 0.00579059479 0.026529176852 0.027153788179 0 
2192 912 0 0 0 0 0 0 0 0 0 0 0.004378967877 0.024924194876 0.025305944952 0 
2224 912 0 0 0 0 0 0 0 0 0 0 0.008482523694 0.019294223135 0.021076533268 0 
2256 912 0 0 0 0 0 0 0 0 0 0 0.01810126224 0.009639261629 0.020507829223 0 
2288 912 0 0 0 0 0 0 0 0 0 0 0.017182973635 0.003608835657 0.017557855158 0 
2320 912 0 0 0 0 0 0 0 0 0 0 0.005727657878 0.001202945219 0.005852618386 0 
2352 912 0 0 0 0 0 0 0 0 0 0 0 0 0 0 
2384 912 0 0 0 0 0 0 0 0 0 0 0 0 0 0 
2416 912 0 0 0 0 0 0 0 0 0 0 0 0 0 0 
2448 912 0 0 0 0 0 0 0 0 0 0 0 0 0 0 
2480 912 0 0 0 0 0 0 0 0 0 0 0 0 0 0 
2512 912 0 0 0 0 0 0 0 0 0 0 0 0 0 0 
48 944 0 0 0 0 0 0 0 0 0 0 0 0 0 0 
80 944 0 0 0 0 0 0 0 0 0 0 0 0 0 0 
112 944 0 0 0 0 0 0 0 0 0 0 0 0 0 0 
144 944 0 0 0 0 0 0 0 0 0 0 0 0 0 0 
176 944 0 0 0 0 0 0 0 0 0 0 0 0 0 0 
208 944 0 0 0 0 0 0 0 0 0 0 0 0 0 0 
240 944 0 0 0 0 0 0 0 0 0 0 0 0 0 0 
272 944 0 0 0 0 0 0 0 0 0 0 0 0 0 0 
304 944 0 0 0 0 0 0 0 0 0 0 0 0 0 0 
336 944 0 0 0 0 0 0 0 0 0 0 0 0 0 0 
368 944 0 0 0 0 0 0 0 0 0 0 0 0 0 0 
400 944 0 0 0 0 0 0 0 0 0 0 0 0 0 0 
432 944 0 0 0 0 0 0 0 0 0 0 0 0 0 0 
464 944 0 0 0 0 0 0 0 0 0 0 0 0 0 0 
496 944 0 0 0 0 0 0 0 0 0 0 0 0 0 0 
528 944 0 0 0 0 0 0 0 0 0 0 0 0 0 0 
560 944 0 0 0 0 0 0 0 0 0 0 0 0 0 0 
592 944 0 0 0 0 0 0 0 0 0 0 0 0 0 0 
624 944 0 0 0 0 0 0 0 0 0 0 0 0 0 0 
656 944 0 0 0 0 0 0 0 0 0 0 0 0 0 0 
688 944 0 0 0 0 0 0 0 0 0 0 0 0 0 0 
720 944 0 0 0 0 0 0 0 0 0 0 0 0 0 0 
752 944 0 0 0 0 0 0 0 0 0 0 0 0 0 0 
784 944 0 0 0 0 0 0 0 0 0 0 0 0 0 0 
816 944 0 0 0 0 0 0 0 0 0 0 0 0 0 0 
848 944 0 0 0 0 0 0 0 0 0 0 0 0 0 0 
880 944 0 0 0 0 0 0 0 0 0 0 0 0 0 0 
912 944 0 0 0 0 0 0 0 0 0 0 0 0 0 0 
944 944 0 0 0 0 0 0 0 0 0 0 0 0 0 0 
976 944 0 0 0 0 0 0 0 0 0 0 0 0 0 0 
1008 944 0 0 0 0 0 0 0 0 0 0 0 0 0 0 
1040 944 0 0 0 0 0 0 0 0 0 0 0 0 0 0 
1072 944 0 0 0 0 0 0 0 0 0 0 0 0 0 0 
1104 944 0 0 0 0 0 0 0 0 0 0 0 0 0 0 
1136 944 0 0 0 0 0 0 0 0 0 0 0 0 0 0 
1168 944 0 0 0 0 0 0 0 0 0 0 0 0 0 0 
1200 944 0 0 0 0 0 0 0 0 0 0 0 0 0 0 
1232 944 0 0 0 0 0 0 0 0 0 0 0 0 0 0 
1264 944 0 0 0 0 0 0 0 0 0 0 0 0 0 0 
1296 944 0 0 0 0 0 0 0 0 0 0 0 0 0 0 
1328 944 0 0 0 0 0 0 0 0 0 0 0 0 0 0 
1360 944 0 0 0 0 0 0 0 0 0 0 0 0 0 0 
1392 944 0 0 0 0 0 0 0 0 0 0 0 0 0 0 
1424 944 0 0 0 0 0 0 0 0 0 0 0 0 0 0 
1456 944 0 0 0 0 0 0 0 0 0 0 0 0 0 0 
1488 944 0 0 0 0 0 0 0 0 0 0 0 0 0 0 
1520 944 0 0 0 0 0 0 0 0 0 0 -0.004191654031 -0.000789679164 0.004265390568 0 
1552 944 0 0 0 0 0 0 0 0 0 0 -0.012574962092 -0.002369037493 0.012796171703 0 
1584 944 0 0 0 0 0 0 0 0 0 0 -0.010473309723 -0.001458634674 0.010574395097 0 
1616 944 0 0 0 0 0 0 0 0 0 0 0.002113303076 0.001941529292 0.00286977105 0 
1648 944 0 0 0 0 0 0 0 0 0 0 0.004297397463 0.001319196254 0.004495320201 0 
1680 944 0 0 0 0 0 0 0 0 0 0 -0.003921026562 -0.003325633786 0.00514142873 0 
1712 944 0 0 0 0 0 0 0 0 0 0 -0.010800157421 -0.005883460221 0.012298719628 0 
1744 944 0 0 0 0 0 0 0 0 0 0 -0.016339995113 -0.006354283049 0.017532037912 0 
1776 944 0 0 0 0 0 0 0 0 0 0 -0.008497367527 -0.003639975838 0.009244170001 0 
1808 944 0 0 0 0 0 0 0 0 0 0 0.012727725335 0.002259461411 0.012926722635 0 
1840 944 0 0 0 0 0 0 0 0 0 0 0.020288357386 0.004074445005 0.020693442138 0 
1872 944 0 0 0 0 0 0 0 0 0 0 0.014184528624 0.001804974943 0.014298908589 0 
1904 944 0 0 0 0 0 0 0 0 0 0 0.008349460683 0.000502679934 0.008364578938 0 
1936 944 0 0 0 0 0 0 0 0 0 0 0.002783153561 0.000167559978 0.002788192979 0 
1968 944 0 0 0 0 0 0 0 0 0 0 0 0 0 0 
2000 944 0 0 0 0 0 0 0 0 0 0 0 0 0 0 
2032 944 0 0 0 0 0 0 0 0 0 0 0 0 0 0 
2064 944 0 0 0 0 0 0 0 0 0 0 0 0 0 0 
2096 944 0 0 0 0 0 0 0 0 0 0 0 0 0 0 
2128 944 0 0 0 0 0 0 0 0 0 0 0 0 0 0 
2160 944 0 0 0 0 0 0 0 0 0 0 0 0 0 0 
2192 944 0 0 0 0 0 0 0 0 0 0 0 0 0 0 
2224 944 0 0 0 0 0 0 0 0 0 0 0 0 0 0 
2256 944 0 0 0 0 0 0 0 0 0 0 0 0 0 0 
2288 944 0 0 0 0 0 0 0 0 0 0 0 0 0 0 
2320 944 0 0 0 0 0 0 0 0 0 0 0 0 0 0 
2352 944 0 0 0 0 0 0 0 0 0 0 0 0 0 0 
2384 944 0 0 0 0 0 0 0 0 0 0 0 0 0 0 
2416 944 0 0 0 0 0 0 0 0 0 0 0 0 0 0 
2448 944 0 0 0 0 0 0 0 0 0 0 0 0 0 0 
2480 944 0 0 0 0 0 0 0 0 0 0 0 0 0 0 
2512 944 0 0 0 0 0 0 0 0 0 0 0 0 0 0 
48 976 0 0 0 0 0 0 0 0 0 0 0 0 0 0 
80 976 0 0 0 0 0 0 0 0 0 0 0 0 0 0 
112 976 0 0 0 0 0 0 0 0 0 0 0 0 0 0 
144 976 0 0 0 0 0 0 0 0 0 0 0 0 0 0 
176 976 0 0 0 0 0 0 0 0 0 0 0 0 0 0 
208 976 0 0 0 0 0 0 0 0 0 0 0 0 0 0 
240 976 0 0 0 0 0 0 0 0 0 0 0 0 0 0 
272 976 0 0 0 0 0 0 0 0 0 0 0 0 0 0 
304 976 0 0 0 0 0 0 0 0 0 0 0 0 0 0 
336 976 0 0 0 0 0 0 0 0 0 0 0 0 0 0 
368 976 0 0 0 0 0 0 0 0 0 0 0 0 0 0 
400 976 0 0 0 0 0 0 0 0 0 0 0 0 0 0 
432 976 0 0 0 0 0 0 0 0 0 0 0 0 0 0 
464 976 0 0 0 0 0 0 0 0 0 0 0 0 0 0 
496 976 0 0 0 0 0 0 0 0 0 0 0 0 0 0 
528 976 0 0 0 0 0 0 0 0 0 0 0 0 0 0 
560 976 0 0 0 0 0 0 0 0 0 0 0 0 0 0 
592 976 0 0 0 0 0 0 0 0 0 0 0 0 0 0 
624 976 0 0 0 0 0 0 0 0 0 0 0 0 0 0 
656 976 0 0 0 0 0 0 0 0 0 0 0 0 0 0 
688 976 0 0 0 0 0 0 0 0 0 0 0 0 0 0 
720 976 0 0 0 0 0 0 0 0 0 0 0 0 0 0 
752 976 0 0 0 0 0 0 0 0 0 0 0 0 0 0 
784 976 0 0 0 0 0 0 0 0 0 0 0 0 0 0 
816 976 0 0 0 0 0 0 0 0 0 0 0 0 0 0 
848 976 0 0 0 0 0 0 0 0 0 0 0 0 0 0 
880 976 0 0 0 0 0 0 0 0 0 0 0 0 0 0 
912 976 0 0 0 0 0 0 0 0 0 0 0 0 0 0 
944 976 0 0 0 0 0 0 0 0 0 0 0 0 0 0 
976 976 0 0 0 0 0 0 0 0 0 0 0 0 0 0 
1008 976 0 0 0 0 0 0 0 0 0 0 0 0 0 0 
1040 976 0 0 0 0 0 0 0 0 0 0 0 0 0 0 
1072 976 0 0 0 0 0 0 0 0 0 0 0 0 0 0 
1104 976 0 0 0 0 0 0 0 0 0 0 0 0 0 0 
1136 976 0 0 0 0 0 0 0 0 0 0 0 0 0 0 
1168 976 0 0 0 0 0 0 0 0 0 0 0 0 0 0 
1200 976 0 0 0 0 0 0 0 0 0 0 0 0 0 0 
1232 976 0 0 0 0 0 0 0 0 0 0 0 0 0 0 
1264 976 0 0 0 0 0 0 0 0 0 0 0 0 0 0 
1296 976 0 0 0 0 0 0 0 0 0 0 0 0 0 0 
1328 976 0 0 0 0 0 0 0 0 0 0 0 0 0 0 
1360 976 0 0 0 0 0 0 0 0 0 0 0 0 0 0 
1392 976 0 0 0 0 0 0 0 0 0 0 0 0 0 0 
1424 976 0 0 0 0 0 0 0 0 0 0 0 0 0 0 
1456 976 0 0 0 0 0 0 0 0 0 0 0 0 0 0 
1488 976 0 0 0 0 0 0 0 0 0 0 0 0 0 0 
1520 976 0 0 0 0 0 0 0 0 0 0 -0.00139721801 -0.000263226388 0.001421796856 0 
1552 976 0 0 0 0 0 0 0 0 0 0 -0.004191654031 -0.000789679164 0.004265390568 0 
1584 976 0 0 0 0 0 0 0 0 0 0 -0.003491103241 -0.000486211558 0.003524798366 0 
1616 976 0 0 0 0 0 0 0 0 0 0 0.000704434359 0.000647176431 0.00095659035 0 
1648 976 0 0 0 0 0 0 0 0 0 0 0.001432465821 0.000439732085 0.001498440067 0 
1680 976 0 0 0 0 0 0 0 0 0 0 -0.001307008854 -0.001108544595 0.001713809577 0 
1712 976 0 0 0 0 0 0 0 0 0 0 -0.003600052474 -0.001961153407 0.004099573209 0 
1744 976 0 0 0 0 0 0 0 0 0 0 -0.005446665038 -0.00211809435 0.005844012637 0 
1776 976 0 0 0 0 0 0 0 0 0 0 -0.002832455842 -0.001213325279 0.00308139 0 
1808 976 0 0 0 0 0 0 0 0 0 0 0.004242575112 0.000753153804 0.004308907545 0 
1840 976 0 0 0 0 0 0 0 0 0 0 0.006762785795 0.001358148335 0.006897814046 0 
1872 976 0 0 0 0 0 0 0 0 0 0 0.004728176208 0.000601658314 0.004766302863 0 
1904 976 0 0 0 0 0 0 0 0 0 0 0.002783153561 0.000167559978 0.002788192979 0 
1936 976 0 0 0 0 0 0 0 0 0 0 0.000927717854 0.000055853326 0.00092939766 0 
1968 976 0 0 0 0 0 0 0 0 0 0 0 0 0 0 
2000 976 0 0 0 0 0 0 0 0 0 0 0 0 0 0 
2032 976 0 0 0 0 0 0 0 0 0 0 0 0 0 0 
2064 976 0 0 0 0 0 0 0 0 0 0 0 0 0 0 
2096 976 0 0 0 0 0 0 0 0 0 0 0 0 0 0 
2128 976 0 0 0 0 0 0 0 0 0 0 0 0 0 0 
2160 976 0 0 0 0 0 0 0 0 0 0 0 0 0 0 
2192 976 0 0 0 0 0 0 0 0 0 0 0 0 0 0 
2224 976 0 0 0 0 0 0 0 0 0 0 0 0 0 0 
2256 976 0 0 0 0 0 0 0 0 0 0 0 0 0 0 
2288 976 0 0 0 0 0 0 0 0 0 0 0 0 0 0 
2320 976 0 0 0 0 0 0 0 0 0 0 0 0 0 0 
2352 976 0 0 0 0 0 0 0 0 0 0 0 0 0 0 
2384 976 0 0 0 0 0 0 0 0 0 0 0 0 0 0 
2416 976 0 0 0 0 0 0 0 0 0 0 0 0 0 0 
2448 976 0 0 0 0 0 0 0 0 0 0 0 0 0 0 
2480 976 0 0 0 0 0 0 0 0 0 0 0 0 0 0 
2512 976 0 0 0 0 0 0 0 0 0 0 0 0 0 0 
48 1008 0 0 0 0 0 0 0 0 0 0 0 0 0 0 
80 1008 0 0 0 0 0 0 0 0 0 0 0 0 0 0 
112 1008 0 0 0 0 0 0 0 0 0 0 0 0 0 0 
144 1008 0 0 0 0 0 0 0 0 0 0 0 0 0 0 
176 1008 0 0 0 0 0 0 0 0 0 0 0 0 0 0 
208 1008 0 0 0 0 0 0 0 0 0 0 0 0 0 0 
240 1008 0 0 0 0 0 0 0 0 0 0 0 0 0 0 
272 1008 0 0 0 0 0 0 0 0 0 0 0 0 0 0 
304 1008 0 0 0 0 0 0 0 0 0 0 0 0 0 0 
336 1008 0 0 0 0 0 0 0 0 0 0 0 0 0 0 
368 1008 0 0 0 0 0 0 0 0 0 0 0 0 0 0 
400 1008 0 0 0 0 0 0 0 0 0 0 0 0 0 0 
432 1008 0 0 0 0 0 0 0 0 0 0 0 0 0 0 
464 1008 0 0 0 0 0 0 0 0 0 0 0 0 0 0 
496 1008 0 0 0 0 0 0 0 0 0 0 0 0 0 0 
528 1008 0 0 0 0 0 0 0 0 0 0 0 0 0 0 
560 1008 0 0 0 0 0 0 0 0 0 0 0 0 0 0 
592 1008 0 0 0 0 0 0 0 0 0 0 0 0 0 0 
624 1008 0 0 0 0 0 0 0 0 0 0 0 0 0 0 
656 1008 0 0 0 0 0 0 0 0 0 0 0 0 0 0 
688 1008 0 0 0 0 0 0 0 0 0 0 0 0 0 0 
720 1008 0 0 0 0 0 0 0 0 0 0 0 0 0 0 
752 1008 0 0 0 0 0 0 0 0 0 0 0 0 0 0 
784 1008 0 0 0 0 0 0 0 0 0 0 0 0 0 0 
816 1008 0 0 0 0 0 0 0 0 0 0 0 0 0 0 
848 1008 0 0 0 0 0 0 0 0 0 0 0 0 0 0 
880 1008 0 0 0 0 0 0 0 0 0 0 0 0 0 0 
912 1008 0 0 0 0 0 0 0 0 0 0 0 0 0 0 
944 1008 0 0 0 0 0 0 0 0 0 0 0 0 0 0 
976 1008 0 0 0 0 0 0 0 0 0 0 0 0 0 0 
1008 1008 0 0 0 0 0 0 0 0 0 0 0 0 0 0 
1040 1008 0 0 0 0 0 0 0 0 0 0 0 0 0 0 
1072 1008 0 0 0 0 0 0 0 0 0 0 0 0 0 0 
1104 1008 0 0 0 0 0 0 0 0 0 0 0 0 0 0 
1136 1008 0 0 0 0 0 0 0 0 0 0 0 0 0 0 
1168 1008 0 0 0 0 0 0 0 0 0 0 0 0 0 0 
1200 1008 0 0 0 0 0 0 0 0 0 0 0 0 0 0 
1232 1008 0 0 0 0 0 0 0 0 0 0 0 0 0 0 
1264 1008 0 0 0 0 0 0 0 0 0 0 0 0 0 0 
1296 1008 0 0 0 0 0 0 0 0 0 0 0 0 0 0 
1328 1008 0 0 0 0 0 0 0 0 0 0 0 0 0 0 
1360 1008 0 0 0 0 0 0 0 0 0 0 0 0 0 0 
1392 1008 0 0 0 0 0 0 0 0 0 0 0 0 0 0 
1424 1008 0 0 0 0 0 0 0 0 0 0 0 0 0 0 
1456 1008 0 0 0 0 0 0 0 0 0 0 0 0 0 0 
1488 1008 0 0 0 0 0 0 0 0 0 0 0 0 0 0 
1520 1008 0 0 0 0 0 0 0 0 0 0 0 0 0 0 
1552 1008 0 0 0 0 0 0 0 0 0 0 0 0 0 0 
1584 1008 0 0 0 0 0 0 0 0 0 0 0 0 0 0 
1616 1008 0 0 0 0 0 0 0 0 0 0 0 0 0 0 
1648 1008 0 0 0 0 0 0 0 0 0 0 0 0 0 0 
1680 1008 0 0 0 0 0 0 0 0 0 0 0 0 0 0 
1712 1008 0 0 0 0 0 0 0 0 0 0 0 0 0 0 
1744 1008 0 0 0 0 0 0 0 0 0 0 0 0 0 0 
1776 1008 0 0 0 0 0 0 0 0 0 0 0 0 0 0 
1808 1008 0 0 0 0 0 0 0 0 0 0 0 0 0 0 
1840 1008 0 0 0 0 0 0 0 0 0 0 0 0 0 0 
1872 1008 0 0 0 0 0 0 0 0 0 0 0 0 0 0 
1904 1008 0 0 0 0 0 0 0 0 0 0 0 0 0 0 
1936 1008 0 0 0 0 0 0 0 0 0 0 0 0 0 0 
1968 1008 0 0 0 0 0 0 0 0 0 0 0 0 0 0 
2000 1008 0 0 0 0 0 0 0 0 0 0 0 0 0 0 
2032 1008 0 0 0 0 0 0 0 0 0 0 0 0 0 0 
2064 1008 0 0 0 0 0 0 0 0 0 0 0 0 0 0 
2096 1008 0 0 0 0 0 0 0 0 0 0 0 0 0 0 
2128 1008 0 0 0 0 0 0 0 0 0 0 0 0 0 0 
2160 1008 0 0 0 0 0 0 0 0 0 0 0 0 0 0 
2192 1008 0 0 0 0 0 0 0 0 0 0 0 0 0 0 
2224 1008 0 0 0 0 0 0 0 0 0 0 0 0 0 0 
2256 1008 0 0 0 0 0 0 0 0 0 0 0 0 0 0 
2288 1008 0 0 0 0 0 0 0 0 0 0 0 0 0 0 
2320 1008 0 0 0 0 0 0 0 0 0 0 0 0 0 0 
2352 1008 0 0 0 0 0 0 0 0 0 0 0 0 0 0 
2384 1008 0 0 0 0 0 0 0 0 0 0 0 0 0 0 
2416 1008 0 0 0 0 0 0 0 0 0 0 0 0 0 0 
2448 1008 0 0 0 0 0 0 0 0 0 0 0 0 0 0 
2480 1008 0 0 0 0 0 0 0 0 0 0 0 0 0 0 
2512 1008 0 0 0 0 0 0 0 0 0 0 0 0 0 0 
48 1040 0 0 0 0 0 0 0 0 0 0 0 0 0 0 
80 1040 0 0 0 0 0 0 0 0 0 0 0 0 0 0 
112 1040 0 0 0 0 0 0 0 0 0 0 0 0 0 0 
144 1040 0 0 0 0 0 0 0 0 0 0 0 0 0 0 
176 1040 0 0 0 0 0 0 0 0 0 0 0 0 0 0 
208 1040 0 0 0 0 0 0 0 0 0 0 0 0 0 0 
240 1040 0 0 0 0 0 0 0 0 0 0 0 0 0 0 
272 1040 0 0 0 0 0 0 0 0 0 0 0 0 0 0 
304 1040 0 0 0 0 0 0 0 0 0 0 0 0 0 0 
336 1040 0 0 0 0 0 0 0 0 0 0 0 0 0 0 
368 1040 0 0 0 0 0 0 0 0 0 0 0 0 0 0 
400 1040 0 0 0 0 0 0 0 0 0 0 0 0 0 0 
432 1040 0 0 0 0 0 0 0 0 0 0 0 0 0 0 
464 1040 0 0 0 0 0 0 0 0 0 0 0 0 0 0 
496 1040 0 0 0 0 0 0 0 0 0 0 0 0 0 0 
528 1040 0 0 0 0 0 0 0 0 0 0 0 0 0 0 
560 1040 0 0 0 0 0 0 0 0 0 0 0 0 0 0 
592 1040 0 0 0 0 0 0 0 0 0 0 0 0 0 0 
624 1040 0 0 0 0 0 0 0 0 0 0 0 0 0 0 
656 1040 0 0 0 0 0 0 0 0 0 0 0 0 0 0 
688 1040 0 0 0 0 0 0 0 0 0 0 0 0 0 0 
720 1040 0 0 0 0 0 0 0 0 0 0 0 0 0 0 
752 1040 0 0 0 0 0 0 0 0 0 0 0 0 0 0 
784 1040 0 0 0 0 0 0 0 0 0 0 0 0 0 0 
816 1040 0 0 0 0 0 0 0 0 0 0 0 0 0 0 
848 1040 0 0 0 0 0 0 0 0 0 0 0 0 0 0 
880 1040 0 0 0 0 0 0 0 0 0 0 0 0 0 0 
912 1040 0 0 0 0 0 0 0 0 0 0 0 0 0 0 
944 1040 0 0 0 0 0 0 0 0 0 0 0 0 0 0 
976 1040 0 0 0 0 0 0 0 0 0 0 0 0 0 0 
1008 1040 0 0 0 0 0 0 0 0 0 0 0 0 0 0 
1040 1040 0 0 0 0 0 0 0 0 0 0 0 0 0 0 
1072 1040 0 0 0 0 0 0 0 0 0 0 0 0 0 0 
1104 1040 0 0 0 0 0 0 0 0 0 0 0 0 0 0 
1136 1040 0 0 0 0 0 0 0 0 0 0 0 0 0 0 
1168 1040 0 0 0 0 0 0 0 0 0 0 0 0 0 0 
1200 1040 0 0 0 0 0 0 0 0 0 0 0 0 0 0 
1232 1040 0 0 0 0 0 0 0 0 0 0 0 0 0 0 
1264 1040 0 0 0 0 0 0 0 0 0 0 0 0 0 0 
1296 1040 0 0 0 0 0 0 0 0 0 0 0 0 0 0 
1328 1040 0 0 0 0 0 0 0 0 0 0 0 0 0 0 
1360 1040 0 0 0 0 0 0 0 0 0 0 0 0 0 0 
1392 1040 0 0 0 0 0 0 0 0 0 0 0 0 0 0 
1424 1040 0 0 0 0 0 0 0 0 0 0 0 0 0 0 
1456 1040 0 0 0 0 0 0 0 0 0 0 0 0 0 0 
1488 1040 0 0 0 0 0 0 0 0 0 0 0 0 0 0 
1520 1040 0 0 0 0 0 0 0 0 0 0 0 0 0 0 
1552 1040 0 0 0 0 0 0 0 0 0 0 0 0 0 0 
1584 1040 0 0 0 0 0 0 0 0 0 0 0 0 0 0 
1616 1040 0 0 0 0 0 0 0 0 0 0 0 0 0 0 
1648 1040 0 0 0 0 0 0 0 0 0 0 0 0 0 0 
1680 1040 0 0 0 0 0 0 0 0 0 0 0 0 0 0 
1712 1040 0 0 0 0 0 0 0 0 0 0 0 0 0 0 
1744 1040 0 0 0 0 0 0 0 0 0 0 0 0 0 0 
1776 1040 0 0 0 0 0 0 0 0 0 0 0 0 0 0 
1808 1040 0 0 0 0 0 0 0 0 0 0 0 0 0 0 
1840 1040 0 0 0 0 0 0 0 0 0 0 0 0 0 0 
1872 1040 0 0 0 0 0 0 0 0 0 0 0 0 0 0 
1904 1040 0 0 0 0 0 0 0 0 0 0 0 0 0 0 
1936 1040 0 0 0 0 0 0 0 0 0 0 0 0 0 0 
1968 1040 0 0 0 0 0 0 0 0 0 0 0 0 0 0 
2000 1040 0 0 0 0 0 0 0 0 0 0 0 0 0 0 
2032 1040 0 0 0 0 0 0 0 0 0 0 0 0 0 0 
2064 1040 0 0 0 0 0 0 0 0 0 0 0 0 0 0 
2096 1040 0 0 0 0 0 0 0 0 0 0 0 0 0 0 
2128 1040 0 0 0 0 0 0 0 0 0 0 0 0 0 0 
2160 1040 0 0 0 0 0 0 0 0 0 0 0 0 0 0 
2192 1040 0 0 0 0 0 0 0 0 0 0 0 0 0 0 
2224 1040 0 0 0 0 0 0 0 0 0 0 0 0 0 0 
2256 1040 0 0 0 0 0 0 0 0 0 0 0 0 0 0 
2288 1040 0 0 0 0 0 0 0 0 0 0 0 0 0 0 
2320 1040 0 0 0 0 0 0 0 0 0 0 0 0 0 0 
2352 1040 0 0 0 0 0 0 0 0 0 0 0 0 0 0 
2384 1040 0 0 0 0 0 0 0 0 0 0 0 0 0 0 
2416 1040 0 0 0 0 0 0 0 0 0 0 0 0 0 0 
2448 1040 0 0 0 0 0 0 0 0 0 0 0 0 0 0 
2480 1040 0 0 0 0 0 0 0 0 0 0 0 0 0 0 
2512 1040 0 0 0 0 0 0 0 0 0 0 0 0 0 0 
48 1072 0 0 0 0 0 0 0 0 0 0 0 0 0 0 
80 1072 0 0 0 0 0 0 0 0 0 0 0 0 0 0 
112 1072 0 0 0 0 0 0 0 0 0 0 0 0 0 0 
144 1072 0 0 0 0 0 0 0 0 0 0 0 0 0 0 
176 1072 0 0 0 0 0 0 0 0 0 0 0 0 0 0 
208 1072 0 0 0 0 0 0 0 0 0 0 0 0 0 0 
240 1072 0 0 0 0 0 0 0 0 0 0 0 0 0 0 
272 1072 0 0 0 0 0 0 0 0 0 0 0 0 0 0 
304 1072 0 0 0 0 0 0 0 0 0 0 0 0 0 0 
336 1072 0 0 0 0 0 0 0 0 0 0 0 0 0 0 
368 1072 0 0 0 0 0 0 0 0 0 0 0 0 0 0 
400 1072 0 0 0 0 0 0 0 0 0 0 0 0 0 0 
432 1072 0 0 0 0 0 0 0 0 0 0 0 0 0 0 
464 1072 0 0 0 0 0 0 0 0 0 0 0 0 0 0 
496 1072 0 0 0 0 0 0 0 0 0 0 0 0 0 0 
528 1072 0 0 0 0 0 0 0 0 0 0 0 0 0 0 
560 1072 0 0 0 0 0 0 0 0 0 0 0 0 0 0 
592 1072 0 0 0 0 0 0 0 0 0 0 0 0 0 0 
624 1072 0 0 0 0 0 0 0 0 0 0 0 0 0 0 
656 1072 0 0 0 0 0 0 0 0 0 0 0 0 0 0 
688 1072 0 0 0 0 0 0 0 0 0 0 0 0 0 0 
720 1072 0 0 0 0 0 0 0 0 0 0 0 0 0 0 
752 1072 0 0 0 0 0 0 0 0 0 0 0 0 0 0 
784 1072 0 0 0 0 0 0 0 0 0 0 0 0 0 0 
816 1072 0 0 0 0 0 0 0 0 0 0 0 0 0 0 
848 1072 0 0 0 0 0 0 0 0 0 0 0 0 0 0 
880 1072 0 0 0 0 0 0 0 0 0 0 0 0 0 0 
912 1072 0 0 0 0 0 0 0 0 0 0 0 0 0 0 
944 1072 0 0 0 0 0 0 0 0 0 0 0 0 0 0 
976 1072 0 0 0 0 0 0 0 0 0 0 0 0 0 0 
1008 1072 0 0 0 0 0 0 0 0 0 0 0 0 0 0 
1040 1072 0 0 0 0 0 0 0 0 0 0 0 0 0 0 
1072 1072 0 0 0 0 0 0 0 0 0 0 0 0 0 0 
1104 1072 0 0 0 0 0 0 0 0 0 0 0 0 0 0 
1136 1072 0 0 0 0 0 0 0 0 0 0 0 0 0 0 
1168 1072 0 0 0 0 0 0 0 0 0 0 0 0 0 0 
1200 1072 0 0 0 0 0 0 0 0 0 0 0 0 0 0 
1232 1072 0 0 0 0 0 0 0 0 0 0 0 0 0 0 
1264 1072 0 0 0 0 0 0 0 0 0 0 0 0 0 0 
1296 1072 0 0 0 0 0 0 0 0 0 0 0 0 0 0 
1328 1072 0 0 0 0 0 0 0 0 0 0 0 0 0 0 
1360 1072 0 0 0 0 0 0 0 0 0 0 0 0 0 0 
1392 1072 0 0 0 0 0 0 0 0 0 0 0 0 0 0 
1424 1072 0 0 0 0 0 0 0 0 0 0 0 0 0 0 
1456 1072 0 0 0 0 0 0 0 0 0 0 0 0 0 0 
1488 1072 0 0 0 0 0 0 0 0 0 0 0 0 0 0 
1520 1072 0 0 0 0 0 0 0 0 0 0 0 0 0 0 
1552 1072 0 0 0 0 0 0 0 0 0 0 0 0 0 0 
1584 1072 0 0 0 0 0 0 0 0 0 0 0 0 0 0 
1616 1072 0 0 0 0 0 0 0 0 0 0 0 0 0 0 
1648 1072 0 0 0 0 0 0 0 0 0 0 0 0 0 0 
1680 1072 0 0 0 0 0 0 0 0 0 0 0 0 0 0 
1712 1072 0 0 0 0 0 0 0 0 0 0 0 0 0 0 
1744 1072 0 0 0 0 0 0 0 0 0 0 0 0 0 0 
1776 1072 0 0 0 0 0 0 0 0 0 0 0 0 0 0 
1808 1072 0 0 0 0 0 0 0 0 0 0 0 0 0 0 
1840 1072 0 0 0 0 0 0 0 0 0 0 0 0 0 0 
1872 1072 0 0 0 0 0 0 0 0 0 0 0 0 0 0 
1904 1072 0 0 0 0 0 0 0 0 0 0 0 0 0 0 
1936 1072 0 0 0 0 0 0 0 0 0 0 0 0 0 0 
1968 1072 0 0 0 0 0 0 0 0 0 0 0 0 0 0 
2000 1072 0 0 0 0 0 0 0 0 0 0 0 0 0 0 
2032 1072 0 0 0 0 0 0 0 0 0 0 0 0 0 0 
2064 1072 0 0 0 0 0 0 0 0 0 0 0 0 0 0 
2096 1072 0 0 0 0 0 0 0 0 0 0 0 0 0 0 
2128 1072 0 0 0 0 0 0 0 0 0 0 0 0 0 0 
2160 1072 0 0 0 0 0 0 0 0 0 0 0 0 0 0 
2192 1072 0 0 0 0 0 0 0 0 0 0 0 0 0 0 
2224 1072 0 0 0 0 0 0 0 0 0 0 0 0 0 0 
2256 1072 0 0 0 0 0 0 0 0 0 0 0 0 0 0 
2288 1072 0 0 0 0 0 0 0 0 0 0 0 0 0 0 
2320 1072 0 0 0 0 0 0 0 0 0 0 0 0 0 0 
2352 1072 0 0 0 0 0 0 0 0 0 0 0 0 0 0 
2384 1072 0 0 0 0 0 0 0 0 0 0 0 0 0 0 
2416 1072 0 0 0 0 0 0 0 0 0 0 0 0 0 0 
2448 1072 0 0 0 0 0 0 0 0 0 0 0 0 0 0 
2480 1072 0 0 0 0 0 0 0 0 0 0 0 0 0 0 
2512 1072 0 0 0 0 0 0 0 0 0 0 0 0 0 0 
48 1104 0 0 0 0 0 0 0 0 0 0 0 0 0 0 
80 1104 0 0 0 0 0 0 0 0 0 0 0 0 0 0 
112 1104 0 0 0 0 0 0 0 0 0 0 0 0 0 0 
144 1104 0 0 0 0 0 0 0 0 0 0 0 0 0 0 
176 1104 0 0 0 0 0 0 0 0 0 0 0 0 0 0 
208 1104 0 0 0 0 0 0 0 0 0 0 0 0 0 0 
240 1104 0 0 0 0 0 0 0 0 0 0 0 0 0 0 
272 1104 0 0 0 0 0 0 0 0 0 0 0 0 0 0 
304 1104 0 0 0 0 0 0 0 0 0 0 0 0 0 0 
336 1104 0 0 0 0 0 0 0 0 0 0 0 0 0 0 
368 1104 0 0 0 0 0 0 0 0 0 0 0 0 0 0 
400 1104 0 0 0 0 0 0 0 0 0 0 0 0 0 0 
432 1104 0 0 0 0 0 0 0 0 0 0 0 0 0 0 
464 1104 0 0 0 0 0 0 0 0 0 0 0 0 0 0 
496 1104 0 0 0 0 0 0 0 0 0 0 0 0 0 0 
528 1104 0 0 0 0 0 0 0 0 0 0 0 0 0 0 
560 1104 0 0 0 0 0 0 0 0 0 0 0 0 0 0 
592 1104 0 0 0 0 0 0 0 0 0 0 0 0 0 0 
624 1104 0 0 0 0 0 0 0 0 0 0 0 0 0 0 
656 1104 0 0 0 0 0 0 0 0 0 0 0 0 0 0 
688 1104 0 0 0 0 0 0 0 0 0 0 0 0 0 0 
720 1104 0 0 0 0 0 0 0 0 0 0 0 0 0 0 
752 1104 0 0 0 0 0 0 0 0 0 0 0 0 0 0 
784 1104 0 0 0 0 0 0 0 0 0 0 0 0 0 0 
816 1104 0 0 0 0 0 0 0 0 0 0 0 0 0 0 
848 1104 0 0 0 0 0 0 0 0 0 0 0 0 0 0 
880 1104 0 0 0 0 0 0 0 0 0 0 0 0 0 0 
912 1104 0 0 0 0 0 0 0 0 0 0 0 0 0 0 
944 1104 0 0 0 0 0 0 0 0 0 0 0 0 0 0 
976 1104 0 0 0 0 0 0 0 0 0 0 0 0 0 0 
1008 1104 0 0 0 0 0 0 0 0 0 0 0 0 0 0 
1040 1104 0 0 0 0 0 0 0 0 0 0 0 0 0 0 
1072 1104 0 0 0 0 0 0 0 0 0 0 0 0 0 0 
1104 1104 0 0 0 0 0 0 0 0 0 0 0 0 0 0 
1136 1104 0 0 0 0 0 0 0 0 0 0 0 0 0 0 
1168 1104 0 0 0 0 0 0 0 0 0 0 0 0 0 0 
1200 1104 0 0 0 0 0 0 0 0 0 0 0 0 0 0 
1232 1104 0 0 0 0 0 0 0 0 0 0 0 0 0 0 
1264 1104 0 0 0 0 0 0 0 0 0 0 0 0 0 0 
1296 1104 0 0 0 0 0 0 0 0 0 0 0 0 0 0 
1328 1104 0 0 0 0 0 0 0 0 0 0 0 0 0 0 
1360 1104 0 0 0 0 0 0 0 0 0 0 0 0 0 0 
1392 1104 0 0 0 0 0 0 0 0 0 0 0 0 0 0 
1424 1104 0 0 0 0 0 0 0 0 0 0 0 0 0 0 
1456 1104 0 0 0 0 0 0 0 0 0 0 0 0 0 0 
1488 1104 0 0 0 0 0 0 0 0 0 0 0 0 0 0 
1520 1104 0 0 0 0 0 0 0 0 0 0 0 0 0 0 
1552 1104 0 0 0 0 0 0 0 0 0 0 0 0 0 0 
1584 1104 0 0 0 0 0 0 0 0 0 0 0 0 0 0 
1616 1104 0 0 0 0 0 0 0 0 0 0 0 0 0 0 
1648 1104 0 0 0 0 0 0 0 0 0 0 0 0 0 0 
1680 1104 0 0 0 0 0 0 0 0 0 0 0 0 0 0 
1712 1104 0 0 0 0 0 0 0 0 0 0 0 0 0 0 
1744 1104 0 0 0 0 0 0 0 0 0 0 0 0 0 0 
1776 1104 0 0 0 0 0 0 0 0 0 0 0 0 0 0 
1808 1104 0 0 0 0 0 0 0 0 0 0 0 0 0 0 
1840 1104 0 0 0 0 0 0 0 0 0 0 0 0 0 0 
1872 1104 0 0 0 0 0 0 0 0 0 0 0 0 0 0 
1904 1104 0 0 0 0 0 0 0 0 0 0 0 0 0 0 
1936 1104 0 0 0 0 0 0 0 0 0 0 0 0 0 0 
1968 1104 0 0 0 0 0 0 0 0 0 0 0 0 0 0 
2000 1104 0 0 0 0 0 0 0 0 0 0 0 0 0 0 
2032 1104 0 0 0 0 0 0 0 0 0 0 0 0 0 0 
2064 1104 0 0 0 0 0 0 0 0 0 0 0 0 0 0 
2096 1104 0 0 0 0 0 0 0 0 0 0 0 0 0 0 
2128 1104 0 0 0 0 0 0 0 0 0 0 0 0 0 0 
2160 1104 0 0 0 0 0 0 0 0 0 0 0 0 0 0 
2192 1104 0 0 0 0 0 0 0 0 0 0 0 0 0 0 
2224 1104 0 0 0 0 0 0 0 0 0 0 0 0 0 0 
2256 1104 0 0 0 0 0 0 0 0 0 0 0 0 0 0 
2288 1104 0 0 0 0 0 0 0 0 0 0 0 0 0 0 
2320 1104 0 0 0 0 0 0 0 0 0 0 0 0 0 0 
2352 1104 0 0 0 0 0 0 0 0 0 0 0 0 0 0 
2384 1104 0 0 0 0 0 0 0 0 0 0 0 0 0 0 
2416 1104 0 0 0 0 0 0 0 0 0 0 0 0 0 0 
2448 1104 0 0 0 0 0 0 0 0 0 0 0 0 0 0 
2480 1104 0 0 0 0 0 0 0 0 0 0 0 0 0 0 
2512 1104 0 0 0 0 0 0 0 0 0 0 0 0 0 0 
48 1136 0 0 0 0 0 0 0 0 0 0 0 0 0 0 
80 1136 0 0 0 0 0 0 0 0 0 0 0 0 0 0 
112 1136 0 0 0 0 0 0 0 0 0 0 0 0 0 0 
144 1136 0 0 0 0 0 0 0 0 0 0 0 0 0 0 
176 1136 0 0 0 0 0 0 0 0 0 0 0 0 0 0 
208 1136 0 0 0 0 0 0 0 0 0 0 0 0 0 0 
240 1136 0 0 0 0 0 0 0 0 0 0 0 0 0 0 
272 1136 0 0 0 0 0 0 0 0 0 0 0 0 0 0 
304 1136 0 0 0 0 0 0 0 0 0 0 0 0 0 0 
336 1136 0 0 0 0 0 0 0 0 0 0 0 0 0 0 
368 1136 0 0 0 0 0 0 0 0 0 0 0 0 0 0 
400 1136 0 0 0 0 0 0 0 0 0 0 0 0 0 0 
432 1136 0 0 0 0 0 0 0 0 0 0 0 0 0 0 
464 1136 0 0 0 0 0 0 0 0 0 0 0 0 0 0 
496 1136 0 0 0 0 0 0 0 0 0 0 0 0 0 0 
528 1136 0 0 0 0 0 0 0 0 0 0 0 0 0 0 
560 1136 0 0 0 0 0 0 0 0 0 0 0 0 0 0 
592 1136 0 0 0 0 0 0 0 0 0 0 0 0 0 0 
624 1136 0 0 0 0 0 0 0 0 0 0 0 0 0 0 
656 1136 0 0 0 0 0 0 0 0 0 0 0 0 0 0 
688 1136 0 0 0 0 0 0 0 0 0 0 0 0 0 0 
720 1136 0 0 0 0 0 0 0 0 0 0 0 0 0 0 
752 1136 0 0 0 0 0 0 0 0 0 0 0 0 0 0 
784 1136 0 0 0 0 0 0 0 0 0 0 0 0 0 0 
816 1136 0 0 0 0 0 0 0 0 0 0 0 0 0 0 
848 1136 0 0 0 0 0 0 0 0 0 0 0 0 0 0 
880 1136 0 0 0 0 0 0 0 0 0 0 0 0 0 0 
912 1136 0 0 0 0 0 0 0 0 0 0 0 0 0 0 
944 1136 0 0 0 0 0 0 0 0 0 0 0 0 0 0 
976 1136 0 0 0 0 0 0 0 0 0 0 0 0 0 0 
1008 1136 0 0 0 0 0 0 0 0 0 0 0 0 0 0 
1040 1136 0 0 0 0 0 0 0 0 0 0 0 0 0 0 
1072 1136 0 0 0 0 0 0 0 0 0 0 0 0 0 0 
1104 1136 0 0 0 0 0 0 0 0 0 0 0 0 0 0 
1136 1136 0 0 0 0 0 0 0 0 0 0 0 0 0 0 
1168 1136 0 0 0 0 0 0 0 0 0 0 0 0 0 0 
1200 1136 0 0 0 0 0 0 0 0 0 0 0 0 0 0 
1232 1136 0 0 0 0 0 0 0 0 0 0 0 0 0 0 
1264 1136 0 0 0 0 0 0 0 0 0 0 0 0 0 0 
1296 1136 0 0 0 0 0 0 0 0 0 0 0 0 0 0 
1328 1136 0 0 0 0 0 0 0 0 0 0 0 0 0 0 
1360 1136 0 0 0 0 0 0 0 0 0 0 0 0 0 0 
1392 1136 0 0 0 0 0 0 0 0 0 0 0 0 0 0 
1424 1136 0 0 0 0 0 0 0 0 0 0 0 0 0 0 
1456 1136 0 0 0 0 0 0 0 0 0 0 0 0 0 0 
1488 1136 0 0 0 0 0 0 0 0 0 0 0 0 0 0 
1520 1136 0 0 0 0 0 0 0 0 0 0 0 0 0 0 
1552 1136 0 0 0 0 0 0 0 0 0 0 0 0 0 0 
1584 1136 0 0 0 0 0 0 0 0 0 0 0 0 0 0 
1616 1136 0 0 0 0 0 0 0 0 0 0 0 0 0 0 
1648 1136 0 0 0 0 0 0 0 0 0 0 0 0 0 0 
1680 1136 0 0 0 0 0 0 0 0 0 0 0 0 0 0 
1712 1136 0 0 0 0 0 0 0 0 0 0 0 0 0 0 
1744 1136 0 0 0 0 0 0 0 0 0 0 0 0 0 0 
1776 1136 0 0 0 0 0 0 0 0 0 0 0 0 0 0 
1808 1136 0 0 0 0 0 0 0 0 0 0 0 0 0 0 
1840 1136 0 0 0 0 0 0 0 0 0 0 0 0 0 0 
1872 1136 0 0 0 0 0 0 0 0 0 0 0 0 0 0 
1904 1136 0 0 0 0 0 0 0 0 0 0 0 0 0 0 
1936 1136 0 0 0 0 0 0 0 0 0 0 0 0 0 0 
1968 1136 0 0 0 0 0 0 0 0 0 0 0 0 0 0 
2000 1136 0 0 0 0 0 0 0 0 0 0 0 0 0 0 
2032 1136 0 0 0 0 0 0 0 0 0 0 0 0 0 0 
2064 1136 0 0 0 0 0 0 0 0 0 0 0 0 0 0 
2096 1136 0 0 0 0 0 0 0 0 0 0 0 0 0 0 
2128 1136 0 0 0 0 0 0 0 0 0 0 0 0 0 0 
2160 1136 0 0 0 0 0 0 0 0 0 0 0 0 0 0 
2192 1136 0 0 0 0 0 0 0 0 0 0 0 0 0 0 
2224 1136 0 0 0 0 0 0 0 0 0 0 0 0 0 0 
2256 1136 0 0 0 0 0 0 0 0 0 0 0 0 0 0 
2288 1136 0 0 0 0 0 0 0 0 0 0 0 0 0 0 
2320 1136 0 0 0 0 0 0 0 0 0 0 0 0 0 0 
2352 1136 0 0 0 0 0 0 0 0 0 0 0 0 0 0 
2384 1136 0 0 0 0 0 0 0 0 0 0 0 0 0 0 
2416 1136 0 0 0 0 0 0 0 0 0 0 0 0 0 0 
2448 1136 0 0 0 0 0 0 0 0 0 0 0 0 0 0 
2480 1136 0 0 0 0 0 0 0 0 0 0 0 0 0 0 
2512 1136 0 0 0 0 0 0 0 0 0 0 0 0 0 0 
48 1168 0 0 0 0 0 0 0 0 0 0 0 0 0 0 
80 1168 0 0 0 0 0 0 0 0 0 0 0 0 0 0 
112 1168 0 0 0 0 0 0 0 0 0 0 0 0 0 0 
144 1168 0 0 0 0 0 0 0 0 0 0 0 0 0 0 
176 1168 0 0 0 0 0 0 0 0 0 0 0 0 0 0 
208 1168 0 0 0 0 0 0 0 0 0 0 0 0 0 0 
240 1168 0 0 0 0 0 0 0 0 0 0 0 0 0 0 
272 1168 0 0 0 0 0 0 0 0 0 0 0 0 0 0 
304 1168 0 0 0 0 0 0 0 0 0 0 0 0 0 0 
336 1168 0 0 0 0 0 0 0 0 0 0 0 0 0 0 
368 1168 0 0 0 0 0 0 0 0 0 0 0 0 0 0 
400 1168 0 0 0 0 0 0 0 0 0 0 0 0 0 0 
432 1168 0 0 0 0 0 0 0 0 0 0 0 0 0 0 
464 1168 0 0 0 0 0 0 0 0 0 0 0 0 0 0 
496 1168 0 0 0 0 0 0 0 0 0 0 0 0 0 0 
528 1168 0 0 0 0 0 0 0 0 0 0 0 0 0 0 
560 1168 0 0 0 0 0 0 0 0 0 0 0 0 0 0 
592 1168 0 0 0 0 0 0 0 0 0 0 0 0 0 0 
624 1168 0 0 0 0 0 0 0 0 0 0 0 0 0 0 
656 1168 0 0 0 0 0 0 0 0 0 0 0 0 0 0 
688 1168 0 0 0 0 0 0 0 0 0 0 0 0 0 0 
720 1168 0 0 0 0 0 0 0 0 0 0 0 0 0 0 
752 1168 0 0 0 0 0 0 0 0 0 0 0 0 0 0 
784 1168 0 0 0 0 0 0 0 0 0 0 0 0 0 0 
816 1168 0 0 0 0 0 0 0 0 0 0 0 0 0 0 
848 1168 0 0 0 0 0 0 0 0 0 0 0 0 0 0 
880 1168 0 0 0 0 0 0 0 0 0 0 0 0 0 0 
912 1168 0 0 0 0 0 0 0 0 0 0 0 0 0 0 
944 1168 0 0 0 0 0 0 0 0 0 0 0 0 0 0 
976 1168 0 0 0 0 0 0 0 0 0 0 0 0 0 0 
1008 1168 0 0 0 0 0 0 0 0 0 0 0 0 0 0 
1040 1168 0 0 0 0 0 0 0 0 0 0 0 0 0 0 
1072 1168 0 0 0 0 0 0 0 0 0 0 0 0 0 0 
1104 1168 0 0 0 0 0 0 0 0 0 0 0 0 0 0 
1136 1168 0 0 0 0 0 0 0 0 0 0 0 0 0 0 
1168 1168 0 0 0 0 0 0 0 0 0 0 0 0 0 0 
1200 1168 0 0 0 0 0 0 0 0 0 0 0 0 0 0 
1232 1168 0 0 0 0 0 0 0 0 0 0 0 0 0 0 
1264 1168 0 0 0 0 0 0 0 0 0 0 0 0 0 0 
1296 1168 0 0 0 0 0 0 0 0 0 0 0 0 0 0 
1328 1168 0 0 0 0 0 0 0 0 0 0 0 0 0 0 
1360 1168 0 0 0 0 0 0 0 0 0 0 0 0 0 0 
1392 1168 0 0 0 0 0 0 0 0 0 0 0 0 0 0 
1424 1168 0 0 0 0 0 0 0 0 0 0 0 0 0 0 
1456 1168 0 0 0 0 0 0 0 0 0 0 0 0 0 0 
1488 1168 0 0 0 0 0 0 0 0 0 0 0 0 0 0 
1520 1168 0 0 0 0 0 0 0 0 0 0 0 0 0 0 
1552 1168 0 0 0 0 0 0 0 0 0 0 0 0 0 0 
1584 1168 0 0 0 0 0 0 0 0 0 0 0 0 0 0 
1616 1168 0 0 0 0 0 0 0 0 0 0 0 0 0 0 
1648 1168 0 0 0 0 0 0 0 0 0 0 0 0 0 0 
1680 1168 0 0 0 0 0 0 0 0 0 0 0 0 0 0 
1712 1168 0 0 0 0 0 0 0 0 0 0 0 0 0 0 
1744 1168 0 0 0 0 0 0 0 0 0 0 0 0 0 0 
1776 1168 0 0 0 0 0 0 0 0 0 0 0 0 0 0 
1808 1168 0 0 0 0 0 0 0 0 0 0 0 0 0 0 
1840 1168 0 0 0 0 0 0 0 0 0 0 0 0 0 0 
1872 1168 0 0 0 0 0 0 0 0 0 0 0 0 0 0 
1904 1168 0 0 0 0 0 0 0 0 0 0 0 0 0 0 
1936 1168 0 0 0 0 0 0 0 0 0 0 0 0 0 0 
1968 1168 0 0 0 0 0 0 0 0 0 0 0 0 0 0 
2000 1168 0 0 0 0 0 0 0 0 0 0 0 0 0 0 
2032 1168 0 0 0 0 0 0 0 0 0 0 0 0 0 0 
2064 1168 0 0 0 0 0 0 0 0 0 0 0 0 0 0 
2096 1168 0 0 0 0 0 0 0 0 0 0 0 0 0 0 
2128 1168 0 0 0 0 0 0 0 0 0 0 0 0 0 0 
2160 1168 0 0 0 0 0 0 0 0 0 0 0 0 0 0 
2192 1168 0 0 0 0 0 0 0 0 0 0 0 0 0 0 
2224 1168 0 0 0 0 0 0 0 0 0 0 0 0 0 0 
2256 1168 0 0 0 0 0 0 0 0 0 0 0 0 0 0 
2288 1168 0 0 0 0 0 0 0 0 0 0 0 0 0 0 
2320 1168 0 0 0 0 0 0 0 0 0 0 0 0 0 0 
2352 1168 0 0 0 0 0 0 0 0 0 0 0 0 0 0 
2384 1168 0 0 0 0 0 0 0 0 0 0 0 0 0 0 
2416 1168 0 0 0 0 0 0 0 0 0 0 0 0 0 0 
2448 1168 0 0 0 0 0 0 0 0 0 0 0 0 0 0 
2480 1168 0 0 0 0 0 0 0 0 0 0 0 0 0 0 
2512 1168 0 0 0 0 0 0 0 0 0 0 0 0 0 0 
48 1200 0 0 0 0 0 0 0 0 0 0 0 0 0 0 
80 1200 0 0 0 0 0 0 0 0 0 0 0 0 0 0 
112 1200 0 0 0 0 0 0 0 0 0 0 0 0 0 0 
144 1200 0 0 0 0 0 0 0 0 0 0 0 0 0 0 
176 1200 0 0 0 0 0 0 0 0 0 0 0 0 0 0 
208 1200 0 0 0 0 0 0 0 0 0 0 0 0 0 0 
240 1200 0 0 0 0 0 0 0 0 0 0 0 0 0 0 
272 1200 0 0 0 0 0 0 0 0 0 0 0 0 0 0 
304 1200 0 0 0 0 0 0 0 0 0 0 0 0 0 0 
336 1200 0 0 0 0 0 0 0 0 0 0 0 0 0 0 
368 1200 0 0 0 0 0 0 0 0 0 0 0 0 0 0 
400 1200 0 0 0 0 0 0 0 0 0 0 0 0 0 0 
432 1200 0 0 0 0 0 0 0 0 0 0 0 0 0 0 
464 1200 0 0 0 0 0 0 0 0 0 0 0 0 0 0 
496 1200 0 0 0 0 0 0 0 0 0 0 0 0 0 0 
528 1200 0 0 0 0 0 0 0 0 0 0 0 0 0 0 
560 1200 0 0 0 0 0 0 0 0 0 0 0 0 0 0 
592 1200 0 0 0 0 0 0 0 0 0 0 0 0 0 0 
624 1200 0 0 0 0 0 0 0 0 0 0 0 0 0 0 
656 1200 0 0 0 0 0 0 0 0 0 0 0 0 0 0 
688 1200 0 0 0 0 0 0 0 0 0 0 0 0 0 0 
720 1200 0 0 0 0 0 0 0 0 0 0 0 0 0 0 
752 1200 0 0 0 0 0 0 0 0 0 0 0 0 0 0 
784 1200 0 0 0 0 0 0 0 0 0 0 0 0 0 0 
816 1200 0 0 0 0 0 0 0 0 0 0 0 0 0 0 
848 1200 0 0 0 0 0 0 0 0 0 0 0 0 0 0 
880 1200 0 0 0 0 0 0 0 0 0 0 0 0 0 0 
912 1200 0 0 0 0 0 0 0 0 0 0 0 0 0 0 
944 1200 0 0 0 0 0 0 0 0 0 0 0 0 0 0 
976 1200 0 0 0 0 0 0 0 0 0 0 0 0 0 0 
1008 1200 0 0 0 0 0 0 0 0 0 0 0 0 0 0 
1040 1200 0 0 0 0 0 0 0 0 0 0 0 0 0 0 
1072 1200 0 0 0 0 0 0 0 0 0 0 0 0 0 0 
1104 1200 0 0 0 0 0 0 0 0 0 0 0 0 0 0 
1136 1200 0 0 0 0 0 0 0 0 0 0 0 0 0 0 
1168 1200 0 0 0 0 0 0 0 0 0 0 0 0 0 0 
1200 1200 0 0 0 0 0 0 0 0 0 0 0 0 0 0 
1232 1200 0 0 0 0 0 0 0 0 0 0 0 0 0 0 
1264 1200 0 0 0 0 0 0 0 0 0 0 0 0 0 0 
1296 1200 0 0 0 0 0 0 0 0 0 0 0 0 0 0 
1328 1200 0 0 0 0 0 0 0 0 0 0 0 0 0 0 
1360 1200 0 0 0 0 0 0 0 0 0 0 0 0 0 0 
1392 1200 0 0 0 0 0 0 0 0 0 0 0 0 0 0 
1424 1200 0 0 0 0 0 0 0 0 0 0 0 0 0 0 
1456 1200 0 0 0 0 0 0 0 0 0 0 0 0 0 0 
1488 1200 0 0 0 0 0 0 0 0 0 0 0 0 0 0 
1520 1200 0 0 0 0 0 0 0 0 0 0 0 0 0 0 
1552 1200 0 0 0 0 0 0 0 0 0 0 0 0 0 0 
1584 1200 0 0 0 0 0 0 0 0 0 0 0 0 0 0 
1616 1200 0 0 0 0 0 0 0 0 0 0 0 0 0 0 
1648 1200 0 0 0 0 0 0 0 0 0 0 0 0 0 0 
1680 1200 0 0 0 0 0 0 0 0 0 0 0 0 0 0 
1712 1200 0 0 0 0 0 0 0 0 0 0 0 0 0 0 
1744 1200 0 0 0 0 0 0 0 0 0 0 0 0 0 0 
1776 1200 0 0 0 0 0 0 0 0 0 0 0 0 0 0 
1808 1200 0 0 0 0 0 0 0 0 0 0 0 0 0 0 
1840 1200 0 0 0 0 0 0 0 0 0 0 0 0 0 0 
1872 1200 0 0 0 0 0 0 0 0 0 0 0 0 0 0 
1904 1200 0 0 0 0 0 0 0 0 0 0 0 0 0 0 
1936 1200 0 0 0 0 0 0 0 0 0 0 0 0 0 0 
1968 1200 0 0 0 0 0 0 0 0 0 0 0 0 0 0 
2000 1200 0 0 0 0 0 0 0 0 0 0 0 0 0 0 
2032 1200 0 0 0 0 0 0 0 0 0 0 0 0 0 0 
2064 1200 0 0 0 0 0 0 0 0 0 0 0 0 0 0 
2096 1200 0 0 0 0 0 0 0 0 0 0 0 0 0 0 
2128 1200 0 0 0 0 0 0 0 0 0 0 0 0 0 0 
2160 1200 0 0 0 0 0 0 0 0 0 0 0 0 0 0 
2192 1200 0 0 0 0 0 0 0 0 0 0 0 0 0 0 
2224 1200 0 0 0 0 0 0 0 0 0 0 0 0 0 0 
2256 1200 0 0 0 0 0 0 0 0 0 0 0 0 0 0 
2288 1200 0 0 0 0 0 0 0 0 0 0 0 0 0 0 
2320 1200 0 0 0 0 0 0 0 0 0 0 0 0 0 0 
2352 1200 0 0 0 0 0 0 0 0 0 0 0 0 0 0 
2384 1200 0 0 0 0 0 0 0 0 0 0 0 0 0 0 
2416 1200 0 0 0 0 0 0 0 0 0 0 0 0 0 0 
2448 1200 0 0 0 0 0 0 0 0 0 0 0 0 0 0 
2480 1200 0 0 0 0 0 0 0 0 0 0 0 0 0 0 
2512 1200 0 0 0 0 0 0 0 0 0 0 0 0 0 0 
48 1232 0 0 0 0 0 0 0 0 0 0 0 0 0 0 
80 1232 0 0 0 0 0 0 0 0 0 0 0 0 0 0 
112 1232 0 0 0 0 0 0 0 0 0 0 0 0 0 0 
144 1232 0 0 0 0 0 0 0 0 0 0 0 0 0 0 
176 1232 0 0 0 0 0 0 0 0 0 0 0 0 0 0 
208 1232 0 0 0 0 0 0 0 0 0 0 0 0 0 0 
240 1232 0 0 0 0 0 0 0 0 0 0 0 0 0 0 
272 1232 0 0 0 0 0 0 0 0 0 0 0 0 0 0 
304 1232 0 0 0 0 0 0 0 0 0 0 0 0 0 0 
336 1232 0 0 0 0 0 0 0 0 0 0 0 0 0 0 
368 1232 0 0 0 0 0 0 0 0 0 0 0 0 0 0 
400 1232 0 0 0 0 0 0 0 0 0 0 0 0 0 0 
432 1232 0 0 0 0 0 0 0 0 0 0 0 0 0 0 
464 1232 0 0 0 0 0 0 0 0 0 0 0 0 0 0 
496 1232 0 0 0 0 0 0 0 0 0 0 0 0 0 0 
528 1232 0 0 0 0 0 0 0 0 0 0 0 0 0 0 
560 1232 0 0 0 0 0 0 0 0 0 0 0 0 0 0 
592 1232 0 0 0 0 0 0 0 0 0 0 0 0 0 0 
624 1232 0 0 0 0 0 0 0 0 0 0 0 0 0 0 
656 1232 0 0 0 0 0 0 0 0 0 0 0 0 0 0 
688 1232 0 0 0 0 0 0 0 0 0 0 0 0 0 0 
720 1232 0 0 0 0 0 0 0 0 0 0 0 0 0 0 
752 1232 0 0 0 0 0 0 0 0 0 0 0 0 0 0 
784 1232 0 0 0 0 0 0 0 0 0 0 0 0 0 0 
816 1232 0 0 0 0 0 0 0 0 0 0 0 0 0 0 
848 1232 0 0 0 0 0 0 0 0 0 0 0 0 0 0 
880 1232 0 0 0 0 0 0 0 0 0 0 0 0 0 0 
912 1232 0 0 0 0 0 0 0 0 0 0 0 0 0 0 
944 1232 0 0 0 0 0 0 0 0 0 0 0 0 0 0 
976 1232 0 0 0 0 0 0 0 0 0 0 0 0 0 0 
1008 1232 0 0 0 0 0 0 0 0 0 0 0 0 0 0 
1040 1232 0 0 0 0 0 0 0 0 0 0 0 0 0 0 
1072 1232 0 0 0 0 0 0 0 0 0 0 0 0 0 0 
1104 1232 0 0 0 0 0 0 0 0 0 0 0 0 0 0 
1136 1232 0 0 0 0 0 0 0 0 0 0 0 0 0 0 
1168 1232 0 0 0 0 0 0 0 0 0 0 0 0 0 0 
1200 1232 0 0 0 0 0 0 0 0 0 0 0 0 0 0 
1232 1232 0 0 0 0 0 0 0 0 0 0 0 0 0 0 
1264 1232 0 0 0 0 0 0 0 0 0 0 0 0 0 0 
1296 1232 0 0 0 0 0 0 0 0 0 0 0 0 0 0 
1328 1232 0 0 0 0 0 0 0 0 0 0 0 0 0 0 
1360 1232 0 0 0 0 0 0 0 0 0 0 0 0 0 0 
1392 1232 0 0 0 0 0 0 0 0 0 0 0 0 0 0 
1424 1232 0 0 0 0 0 0 0 0 0 0 0 0 0 0 
1456 1232 0 0 0 0 0 0 0 0 0 0 0 0 0 0 
1488 1232 0 0 0 0 0 0 0 0 0 0 0 0 0 0 
1520 1232 0 0 0 0 0 0 0 0 0 0 0 0 0 0 
1552 1232 0 0 0 0 0 0 0 0 0 0 0 0 0 0 
1584 1232 0 0 0 0 0 0 0 0 0 0 0 0 0 0 
1616 1232 0 0 0 0 0 0 0 0 0 0 0 0 0 0 
1648 1232 0 0 0 0 0 0 0 0 0 0 0 0 0 0 
1680 1232 0 0 0 0 0 0 0 0 0 0 0 0 0 0 
1712 1232 0 0 0 0 0 0 0 0 0 0 0 0 0 0 
1744 1232 0 0 0 0 0 0 0 0 0 0 0 0 0 0 
1776 1232 0 0 0 0 0 0 0 0 0 0 0 0 0 0 
1808 1232 0 0 0 0 0 0 0 0 0 0 0 0 0 0 
1840 1232 0 0 0 0 0 0 0 0 0 0 0 0 0 0 
1872 1232 0 0 0 0 0 0 0 0 0 0 0 0 0 0 
1904 1232 0 0 0 0 0 0 0 0 0 0 0 0 0 0 
1936 1232 0 0 0 0 0 0 0 0 0 0 0 0 0 0 
1968 1232 0 0 0 0 0 0 0 0 0 0 0 0 0 0 
2000 1232 0 0 0 0 0 0 0 0 0 0 0 0 0 0 
2032 1232 0 0 0 0 0 0 0 0 0 0 0 0 0 0 
2064 1232 0 0 0 0 0 0 0 0 0 0 0 0 0 0 
2096 1232 0 0 0 0 0 0 0 0 0 0 0 0 0 0 
2128 1232 0 0 0 0 0 0 0 0 0 0 0 0 0 0 
2160 1232 0 0 0 0 0 0 0 0 0 0 0 0 0 0 
2192 1232 0 0 0 0 0 0 0 0 0 0 0 0 0 0 
2224 1232 0 0 0 0 0 0 0 0 0 0 0 0 0 0 
2256 1232 0 0 0 0 0 0 0 0 0 0 0 0 0 0 
2288 1232 0 0 0 0 0 0 0 0 0 0 0 0 0 0 
2320 1232 0 0 0 0 0 0 0 0 0 0 0 0 0 0 
2352 1232 0 0 0 0 0 0 0 0 0 0 0 0 0 0 
2384 1232 0 0 0 0 0 0 0 0 0 0 0 0 0 0 
2416 1232 0 0 0 0 0 0 0 0 0 0 0 0 0 0 
2448 1232 0 0 0 0 0 0 0 0 0 0 0 0 0 0 
2480 1232 0 0 0 0 0 0 0 0 0 0 0 0 0 0 
2512 1232 0 0 0 0 0 0 0 0 0 0 0 0 0 0 
48 1264 0 0 0 0 0 0 0 0 0 0 0 0 0 0 
80 1264 0 0 0 0 0 0 0 0 0 0 0 0 0 0 
112 1264 0 0 0 0 0 0 0 0 0 0 0 0 0 0 
144 1264 0 0 0 0 0 0 0 0 0 0 0 0 0 0 
176 1264 0 0 0 0 0 0 0 0 0 0 0 0 0 0 
208 1264 0 0 0 0 0 0 0 0 0 0 0 0 0 0 
240 1264 0 0 0 0 0 0 0 0 0 0 0 0 0 0 
272 1264 0 0 0 0 0 0 0 0 0 0 0 0 0 0 
304 1264 0 0 0 0 0 0 0 0 0 0 0 0 0 0 
336 1264 0 0 0 0 0 0 0 0 0 0 0 0 0 0 
368 1264 0 0 0 0 0 0 0 0 0 0 0 0 0 0 
400 1264 0 0 0 0 0 0 0 0 0 0 0 0 0 0 
432 1264 0 0 0 0 0 0 0 0 0 0 0 0 0 0 
464 1264 0 0 0 0 0 0 0 0 0 0 0 0 0 0 
496 1264 0 0 0 0 0 0 0 0 0 0 0 0 0 0 
528 1264 0 0 0 0 0 0 0 0 0 0 0 0 0 0 
560 1264 0 0 0 0 0 0 0 0 0 0 0 0 0 0 
592 1264 0 0 0 0 0 0 0 0 0 0 0 0 0 0 
624 1264 0 0 0 0 0 0 0 0 0 0 0 0 0 0 
656 1264 0 0 0 0 0 0 0 0 0 0 0 0 0 0 
688 1264 0 0 0 0 0 0 0 0 0 0 0 0 0 0 
720 1264 0 0 0 0 0 0 0 0 0 0 0 0 0 0 
752 1264 0 0 0 0 0 0 0 0 0 0 0 0 0 0 
784 1264 0 0 0 0 0 0 0 0 0 0 0 0 0 0 
816 1264 0 0 0 0 0 0 0 0 0 0 0 0 0 0 
848 1264 0 0 0 0 0 0 0 0 0 0 0 0 0 0 
880 1264 0 0 0 0 0 0 0 0 0 0 0 0 0 0 
912 1264 0 0 0 0 0 0 0 0 0 0 0 0 0 0 
944 1264 0 0 0 0 0 0 0 0 0 0 0 0 0 0 
976 1264 0 0 0 0 0 0 0 0 0 0 0 0 0 0 
1008 1264 0 0 0 0 0 0 0 0 0 0 0 0 0 0 
1040 1264 0 0 0 0 0 0 0 0 0 0 0 0 0 0 
1072 1264 0 0 0 0 0 0 0 0 0 0 0 0 0 0 
1104 1264 0 0 0 0 0 0 0 0 0 0 0 0 0 0 
1136 1264 0 0 0 0 0 0 0 0 0 0 0 0 0 0 
1168 1264 0 0 0 0 0 0 0 0 0 0 0 0 0 0 
1200 1264 0 0 0 0 0 0 0 0 0 0 0 0 0 0 
1232 1264 0 0 0 0 0 0 0 0 0 0 0 0 0 0 
1264 1264 0 0 0 0 0 0 0 0 0 0 0 0 0 0 
1296 1264 0 0 0 0 0 0 0 0 0 0 0 0 0 0 
1328 1264 0 0 0 0 0 0 0 0 0 0 0 0 0 0 
1360 1264 0 0 0 0 0 0 0 0 0 0 0 0 0 0 
1392 1264 0 0 0 0 0 0 0 0 0 0 0 0 0 0 
1424 1264 0 0 0 0 0 0 0 0 0 0 0 0 0 0 
1456 1264 0 0 0 0 0 0 0 0 0 0 0 0 0 0 
1488 1264 0 0 0 0 0 0 0 0 0 0 0 0 0 0 
1520 1264 0 0 0 0 0 0 0 0 0 0 0 0 0 0 
1552 1264 0 0 0 0 0 0 0 0 0 0 0 0 0 0 
1584 1264 0 0 0 0 0 0 0 0 0 0 0 0 0 0 
1616 1264 0 0 0 0 0 0 0 0 0 0 0 0 0 0 
1648 1264 0 0 0 0 0 0 0 0 0 0 0 0 0 0 
1680 1264 0 0 0 0 0 0 0 0 0 0 0 0 0 0 
1712 1264 0 0 0 0 0 0 0 0 0 0 0 0 0 0 
1744 1264 0 0 0 0 0 0 0 0 0 0 0 0 0 0 
1776 1264 0 0 0 0 0 0 0 0 0 0 0 0 0 0 
1808 1264 0 0 0 0 0 0 0 0 0 0 0 0 0 0 
1840 1264 0 0 0 0 0 0 0 0 0 0 0 0 0 0 
1872 1264 0 0 0 0 0 0 0 0 0 0 0 0 0 0 
1904 1264 0 0 0 0 0 0 0 0 0 0 0 0 0 0 
1936 1264 0 0 0 0 0 0 0 0 0 0 0 0 0 0 
1968 1264 0 0 0 0 0 0 0 0 0 0 0 0 0 0 
2000 1264 0 0 0 0 0 0 0 0 0 0 0 0 0 0 
2032 1264 0 0 0 0 0 0 0 0 0 0 0 0 0 0 
2064 1264 0 0 0 0 0 0 0 0 0 0 0 0 0 0 
2096 1264 0 0 0 0 0 0 0 0 0 0 0 0 0 0 
2128 1264 0 0 0 0 0 0 0 0 0 0 0 0 0 0 
2160 1264 0 0 0 0 0 0 0 0 0 0 0 0 0 0 
2192 1264 0 0 0 0 0 0 0 0 0 0 0 0 0 0 
2224 1264 0 0 0 0 0 0 0 0 0 0 0 0 0 0 
2256 1264 0 0 0 0 0 0 0 0 0 0 0 0 0 0 
2288 1264 0 0 0 0 0 0 0 0 0 0 0 0 0 0 
2320 1264 0 0 0 0 0 0 0 0 0 0 0 0 0 0 
2352 1264 0 0 0 0 0 0 0 0 0 0 0 0 0 0 
2384 1264 0 0 0 0 0 0 0 0 0 0 0 0 0 0 
2416 1264 0 0 0 0 0 0 0 0 0 0 0 0 0 0 
2448 1264 0 0 0 0 0 0 0 0 0 0 0 0 0 0 
2480 1264 0 0 0 0 0 0 0 0 0 0 0 0 0 0 
2512 1264 0 0 0 0 0 0 0 0 0 0 0 0 0 0 
48 1296 0 0 0 0 0 0 0 0 0 0 0 0 0 0 
80 1296 0 0 0 0 0 0 0 0 0 0 0 0 0 0 
112 1296 0 0 0 0 0 0 0 0 0 0 0 0 0 0 
144 1296 0 0 0 0 0 0 0 0 0 0 0 0 0 0 
176 1296 0 0 0 0 0 0 0 0 0 0 0 0 0 0 
208 1296 0 0 0 0 0 0 0 0 0 0 0 0 0 0 
240 1296 0 0 0 0 0 0 0 0 0 0 0 0 0 0 
272 1296 0 0 0 0 0 0 0 0 0 0 0 0 0 0 
304 1296 0 0 0 0 0 0 0 0 0 0 0 0 0 0 
336 1296 0 0 0 0 0 0 0 0 0 0 0 0 0 0 
368 1296 0 0 0 0 0 0 0 0 0 0 0 0 0 0 
400 1296 0 0 0 0 0 0 0 0 0 0 0 0 0 0 
432 1296 0 0 0 0 0 0 0 0 0 0 0 0 0 0 
464 1296 0 0 0 0 0 0 0 0 0 0 0 0 0 0 
496 1296 0 0 0 0 0 0 0 0 0 0 0 0 0 0 
528 1296 0 0 0 0 0 0 0 0 0 0 0 0 0 0 
560 1296 0 0 0 0 0 0 0 0 0 0 0 0 0 0 
592 1296 0 0 0 0 0 0 0 0 0 0 0 0 0 0 
624 1296 0 0 0 0 0 0 0 0 0 0 0 0 0 0 
656 1296 0 0 0 0 0 0 0 0 0 0 0 0 0 0 
688 1296 0 0 0 0 0 0 0 0 0 0 0 0 0 0 
720 1296 0 0 0 0 0 0 0 0 0 0 0 0 0 0 
752 1296 0 0 0 0 0 0 0 0 0 0 0 0 0 0 
784 1296 0 0 0 0 0 0 0 0 0 0 0 0 0 0 
816 1296 0 0 0 0 0 0 0 0 0 0 0 0 0 0 
848 1296 0 0 0 0 0 0 0 0 0 0 0 0 0 0 
880 1296 0 0 0 0 0 0 0 0 0 0 0 0 0 0 
912 1296 0 0 0 0 0 0 0 0 0 0 0 0 0 0 
944 1296 0 0 0 0 0 0 0 0 0 0 0 0 0 0 
976 1296 0 0 0 0 0 0 0 0 0 0 0 0 0 0 
1008 1296 0 0 0 0 0 0 0 0 0 0 0 0 0 0 
1040 1296 0 0 0 0 0 0 0 0 0 0 0 0 0 0 
1072 1296 0 0 0 0 0 0 0 0 0 0 0 0 0 0 
1104 1296 0 0 0 0 0 0 0 0 0 0 0 0 0 0 
1136 1296 0 0 0 0 0 0 0 0 0 0 0 0 0 0 
1168 1296 0 0 0 0 0 0 0 0 0 0 0 0 0 0 
1200 1296 0 0 0 0 0 0 0 0 0 0 0 0 0 0 
1232 1296 0 0 0 0 0 0 0 0 0 0 0 0 0 0 
1264 1296 0 0 0 0 0 0 0 0 0 0 0 0 0 0 
1296 1296 0 0 0 0 0 0 0 0 0 0 0 0 0 0 
1328 1296 0 0 0 0 0 0 0 0 0 0 0 0 0 0 
1360 1296 0 0 0 0 0 0 0 0 0 0 0 0 0 0 
1392 1296 0 0 0 0 0 0 0 0 0 0 0 0 0 0 
1424 1296 0 0 0 0 0 0 0 0 0 0 0 0 0 0 
1456 1296 0 0 0 0 0 0 0 0 0 0 0 0 0 0 
1488 1296 0 0 0 0 0 0 0 0 0 0 0 0 0 0 
1520 1296 0 0 0 0 0 0 0 0 0 0 0 0 0 0 
1552 1296 0 0 0 0 0 0 0 0 0 0 0 0 0 0 
1584 1296 0 0 0 0 0 0 0 0 0 0 0 0 0 0 
1616 1296 0 0 0 0 0 0 0 0 0 0 0 0 0 0 
1648 1296 0 0 0 0 0 0 0 0 0 0 0 0 0 0 
1680 1296 0 0 0 0 0 0 0 0 0 0 0 0 0 0 
1712 1296 0 0 0 0 0 0 0 0 0 0 0 0 0 0 
1744 1296 0 0 0 0 0 0 0 0 0 0 0 0 0 0 
1776 1296 0 0 0 0 0 0 0 0 0 0 0 0 0 0 
1808 1296 0 0 0 0 0 0 0 0 0 0 0 0 0 0 
1840 1296 0 0 0 0 0 0 0 0 0 0 0 0 0 0 
1872 1296 0 0 0 0 0 0 0 0 0 0 0 0 0 0 
1904 1296 0 0 0 0 0 0 0 0 0 0 0 0 0 0 
1936 1296 0 0 0 0 0 0 0 0 0 0 0 0 0 0 
1968 1296 0 0 0 0 0 0 0 0 0 0 0 0 0 0 
2000 1296 0 0 0 0 0 0 0 0 0 0 0 0 0 0 
2032 1296 0 0 0 0 0 0 0 0 0 0 0 0 0 0 
2064 1296 0 0 0 0 0 0 0 0 0 0 0 0 0 0 
2096 1296 0 0 0 0 0 0 0 0 0 0 0 0 0 0 
2128 1296 0 0 0 0 0 0 0 0 0 0 0 0 0 0 
2160 1296 0 0 0 0 0 0 0 0 0 0 0 0 0 0 
2192 1296 0 0 0 0 0 0 0 0 0 0 0 0 0 0 
2224 1296 0 0 0 0 0 0 0 0 0 0 0 0 0 0 
2256 1296 0 0 0 0 0 0 0 0 0 0 0 0 0 0 
2288 1296 0 0 0 0 0 0 0 0 0 0 0 0 0 0 
2320 1296 0 0 0 0 0 0 0 0 0 0 0 0 0 0 
2352 1296 0 0 0 0 0 0 0 0 0 0 0 0 0 0 
2384 1296 0 0 0 0 0 0 0 0 0 0 0 0 0 0 
2416 1296 0 0 0 0 0 0 0 0 0 0 0 0 0 0 
2448 1296 0 0 0 0 0 0 0 0 0 0 0 0 0 0 
2480 1296 0 0 0 0 0 0 0 0 0 0 0 0 0 0 
2512 1296 0 0 0 0 0 0 0 0 0 0 0 0 0 0 
48 1328 0 0 0 0 0 0 0 0 0 0 0 0 0 0 
80 1328 0 0 0 0 0 0 0 0 0 0 0 0 0 0 
112 1328 0 0 0 0 0 0 0 0 0 0 0 0 0 0 
144 1328 0 0 0 0 0 0 0 0 0 0 0 0 0 0 
176 1328 0 0 0 0 0 0 0 0 0 0 0 0 0 0 
208 1328 0 0 0 0 0 0 0 0 0 0 0 0 0 0 
240 1328 0 0 0 0 0 0 0 0 0 0 0 0 0 0 
272 1328 0 0 0 0 0 0 0 0 0 0 0 0 0 0 
304 1328 0 0 0 0 0 0 0 0 0 0 0 0 0 0 
336 1328 0 0 0 0 0 0 0 0 0 0 0 0 0 0 
368 1328 0 0 0 0 0 0 0 0 0 0 0 0 0 0 
400 1328 0 0 0 0 0 0 0 0 0 0 0 0 0 0 
432 1328 0 0 0 0 0 0 0 0 0 0 0 0 0 0 
464 1328 0 0 0 0 0 0 0 0 0 0 0 0 0 0 
496 1328 0 0 0 0 0 0 0 0 0 0 0 0 0 0 
528 1328 0 0 0 0 0 0 0 0 0 0 0 0 0 0 
560 1328 0 0 0 0 0 0 0 0 0 0 0 0 0 0 
592 1328 0 0 0 0 0 0 0 0 0 0 0 0 0 0 
624 1328 0 0 0 0 0 0 0 0 0 0 0 0 0 0 
656 1328 0 0 0 0 0 0 0 0 0 0 0 0 0 0 
688 1328 0 0 0 0 0 0 0 0 0 0 0 0 0 0 
720 1328 0 0 0 0 0 0 0 0 0 0 0 0 0 0 
752 1328 0 0 0 0 0 0 0 0 0 0 0 0 0 0 
784 1328 0 0 0 0 0 0 0 0 0 0 0 0 0 0 
816 1328 0 0 0 0 0 0 0 0 0 0 0 0 0 0 
848 1328 0 0 0 0 0 0 0 0 0 0 0 0 0 0 
880 1328 0 0 0 0 0 0 0 0 0 0 0 0 0 0 
912 1328 0 0 0 0 0 0 0 0 0 0 0 0 0 0 
944 1328 0 0 0 0 0 0 0 0 0 0 0 0 0 0 
976 1328 0 0 0 0 0 0 0 0 0 0 0 0 0 0 
1008 1328 0 0 0 0 0 0 0 0 0 0 0 0 0 0 
1040 1328 0 0 0 0 0 0 0 0 0 0 0 0 0 0 
1072 1328 0 0 0 0 0 0 0 0 0 0 0 0 0 0 
1104 1328 0 0 0 0 0 0 0 0 0 0 0 0 0 0 
1136 1328 0 0 0 0 0 0 0 0 0 0 0 0 0 0 
1168 1328 0 0 0 0 0 0 0 0 0 0 0 0 0 0 
1200 1328 0 0 0 0 0 0 0 0 0 0 0 0 0 0 
1232 1328 0 0 0 0 0 0 0 0 0 0 0 0 0 0 
1264 1328 0 0 0 0 0 0 0 0 0 0 0 0 0 0 
1296 1328 0 0 0 0 0 0 0 0 0 0 0 0 0 0 
1328 1328 0 0 0 0 0 0 0 0 0 0 0 0 0 0 
1360 1328 0 0 0 0 0 0 0 0 0 0 0 0 0 0 
1392 1328 0 0 0 0 0 0 0 0 0 0 0 0 0 0 
1424 1328 0 0 0 0 0 0 0 0 0 0 0 0 0 0 
1456 1328 0 0 0 0 0 0 0 0 0 0 0 0 0 0 
1488 1328 0 0 0 0 0 0 0 0 0 0 0 0 0 0 
1520 1328 0 0 0 0 0 0 0 0 0 0 0 0 0 0 
1552 1328 0 0 0 0 0 0 0 0 0 0 0 0 0 0 
1584 1328 0 0 0 0 0 0 0 0 0 0 0 0 0 0 
1616 1328 0 0 0 0 0 0 0 0 0 0 0 0 0 0 
1648 1328 0 0 0 0 0 0 0 0 0 0 0 0 0 0 
1680 1328 0 0 0 0 0 0 0 0 0 0 0 0 0 0 
1712 1328 0 0 0 0 0 0 0 0 0 0 0 0 0 0 
1744 1328 0 0 0 0 0 0 0 0 0 0 0 0 0 0 
1776 1328 0 0 0 0 0 0 0 0 0 0 0 0 0 0 
1808 1328 0 0 0 0 0 0 0 0 0 0 0 0 0 0 
1840 1328 0 0 0 0 0 0 0 0 0 0 0 0 0 0 
1872 1328 0 0 0 0 0 0 0 0 0 0 0 0 0 0 
1904 1328 0 0 0 0 0 0 0 0 0 0 0 0 0 0 
1936 1328 0 0 0 0 0 0 0 0 0 0 0 0 0 0 
1968 1328 0 0 0 0 0 0 0 0 0 0 0 0 0 0 
2000 1328 0 0 0 0 0 0 0 0 0 0 0 0 0 0 
2032 1328 0 0 0 0 0 0 0 0 0 0 0 0 0 0 
2064 1328 0 0 0 0 0 0 0 0 0 0 0 0 0 0 
2096 1328 0 0 0 0 0 0 0 0 0 0 0 0 0 0 
2128 1328 0 0 0 0 0 0 0 0 0 0 0 0 0 0 
2160 1328 0 0 0 0 0 0 0 0 0 0 0 0 0 0 
2192 1328 0 0 0 0 0 0 0 0 0 0 0 0 0 0 
2224 1328 0 0 0 0 0 0 0 0 0 0 0 0 0 0 
2256 1328 0 0 0 0 0 0 0 0 0 0 0 0 0 0 
2288 1328 0 0 0 0 0 0 0 0 0 0 0 0 0 0 
2320 1328 0 0 0 0 0 0 0 0 0 0 0 0 0 0 
2352 1328 0 0 0 0 0 0 0 0 0 0 0 0 0 0 
2384 1328 0 0 0 0 0 0 0 0 0 0 0 0 0 0 
2416 1328 0 0 0 0 0 0 0 0 0 0 0 0 0 0 
2448 1328 0 0 0 0 0 0 0 0 0 0 0 0 0 0 
2480 1328 0 0 0 0 0 0 0 0 0 0 0 0 0 0 
2512 1328 0 0 0 0 0 0 0 0 0 0 0 0 0 0 
48 1360 0 0 0 0 0 0 0 0 0 0 0 0 0 0 
80 1360 0 0 0 0 0 0 0 0 0 0 0 0 0 0 
112 1360 0 0 0 0 0 0 0 0 0 0 0 0 0 0 
144 1360 0 0 0 0 0 0 0 0 0 0 0 0 0 0 
176 1360 0 0 0 0 0 0 0 0 0 0 0 0 0 0 
208 1360 0 0 0 0 0 0 0 0 0 0 0 0 0 0 
240 1360 0 0 0 0 0 0 0 0 0 0 0 0 0 0 
272 1360 0 0 0 0 0 0 0 0 0 0 0 0 0 0 
304 1360 0 0 0 0 0 0 0 0 0 0 0 0 0 0 
336 1360 0 0 0 0 0 0 0 0 0 0 0 0 0 0 
368 1360 0 0 0 0 0 0 0 0 0 0 0 0 0 0 
400 1360 0 0 0 0 0 0 0 0 0 0 0 0 0 0 
432 1360 0 0 0 0 0 0 0 0 0 0 0 0 0 0 
464 1360 0 0 0 0 0 0 0 0 0 0 0 0 0 0 
496 1360 0 0 0 0 0 0 0 0 0 0 0 0 0 0 
528 1360 0 0 0 0 0 0 0 0 0 0 0 0 0 0 
560 1360 0 0 0 0 0 0 0 0 0 0 0 0 0 0 
592 1360 0 0 0 0 0 0 0 0 0 0 0 0 0 0 
624 1360 0 0 0 0 0 0 0 0 0 0 0 0 0 0 
656 1360 0 0 0 0 0 0 0 0 0 0 0 0 0 0 
688 1360 0 0 0 0 0 0 0 0 0 0 0 0 0 0 
720 1360 0 0 0 0 0 0 0 0 0 0 0 0 0 0 
752 1360 0 0 0 0 0 0 0 0 0 0 0 0 0 0 
784 1360 0 0 0 0 0 0 0 0 0 0 0 0 0 0 
816 1360 0 0 0 0 0 0 0 0 0 0 0 0 0 0 
848 1360 0 0 0 0 0 0 0 0 0 0 0 0 0 0 
880 1360 0 0 0 0 0 0 0 0 0 0 0 0 0 0 
912 1360 0 0 0 0 0 0 0 0 0 0 0 0 0 0 
944 1360 0 0 0 0 0 0 0 0 0 0 0 0 0 0 
976 1360 0 0 0 0 0 0 0 0 0 0 0 0 0 0 
1008 1360 0 0 0 0 0 0 0 0 0 0 0 0 0 0 
1040 1360 0 0 0 0 0 0 0 0 0 0 0 0 0 0 
1072 1360 0 0 0 0 0 0 0 0 0 0 0 0 0 0 
1104 1360 0 0 0 0 0 0 0 0 0 0 0 0 0 0 
1136 1360 0 0 0 0 0 0 0 0 0 0 0 0 0 0 
1168 1360 0 0 0 0 0 0 0 0 0 0 0 0 0 0 
1200 1360 0 0 0 0 0 0 0 0 0 0 0 0 0 0 
1232 1360 0 0 0 0 0 0 0 0 0 0 0 0 0 0 
1264 1360 0 0 0 0 0 0 0 0 0 0 0 0 0 0 
1296 1360 0 0 0 0 0 0 0 0 0 0 0 0 0 0 
1328 1360 0 0 0 0 0 0 0 0 0 0 0 0 0 0 
1360 1360 0 0 0 0 0 0 0 0 0 0 0 0 0 0 
1392 1360 0 0 0 0 0 0 0 0 0 0 0 0 0 0 
1424 1360 0 0 0 0 0 0 0 0 0 0 0 0 0 0 
1456 1360 0 0 0 0 0 0 0 0 0 0 0 0 0 0 
1488 1360 0 0 0 0 0 0 0 0 0 0 0 0 0 0 
1520 1360 0 0 0 0 0 0 0 0 0 0 0 0 0 0 
1552 1360 0 0 0 0 0 0 0 0 0 0 0 0 0 0 
1584 1360 0 0 0 0 0 0 0 0 0 0 0 0 0 0 
1616 1360 0 0 0 0 0 0 0 0 0 0 0 0 0 0 
1648 1360 0 0 0 0 0 0 0 0 0 0 0 0 0 0 
1680 1360 0 0 0 0 0 0 0 0 0 0 0 0 0 0 
1712 1360 0 0 0 0 0 0 0 0 0 0 0 0 0 0 
1744 1360 0 0 0 0 0 0 0 0 0 0 0 0 0 0 
1776 1360 0 0 0 0 0 0 0 0 0 0 0 0 0 0 
1808 1360 0 0 0 0 0 0 0 0 0 0 0 0 0 0 
1840 1360 0 0 0 0 0 0 0 0 0 0 0 0 0 0 
1872 1360 0 0 0 0 0 0 0 0 0 0 0 0 0 0 
1904 1360 0 0 0 0 0 0 0 0 0 0 0 0 0 0 
1936 1360 0 0 0 0 0 0 0 0 0 0 0 0 0 0 
1968 1360 0 0 0 0 0 0 0 0 0 0 0 0 0 0 
2000 1360 0 0 0 0 0 0 0 0 0 0 0 0 0 0 
2032 1360 0 0 0 0 0 0 0 0 0 0 0 0 0 0 
2064 1360 0 0 0 0 0 0 0 0 0 0 0 0 0 0 
2096 1360 0 0 0 0 0 0 0 0 0 0 0 0 0 0 
2128 1360 0 0 0 0 0 0 0 0 0 0 0 0 0 0 
2160 1360 0 0 0 0 0 0 0 0 0 0 0 0 0 0 
2192 1360 0 0 0 0 0 0 0 0 0 0 0 0 0 0 
2224 1360 0 0 0 0 0 0 0 0 0 0 0 0 0 0 
2256 1360 0 0 0 0 0 0 0 0 0 0 0 0 0 0 
2288 1360 0 0 0 0 0 0 0 0 0 0 0 0 0 0 
2320 1360 0 0 0 0 0 0 0 0 0 0 0 0 0 0 
2352 1360 0 0 0 0 0 0 0 0 0 0 0 0 0 0 
2384 1360 0 0 0 0 0 0 0 0 0 0 0 0 0 0 
2416 1360 0 0 0 0 0 0 0 0 0 0 0 0 0 0 
2448 1360 0 0 0 0 0 0 0 0 0 0 0 0 0 0 
2480 1360 0 0 0 0 0 0 0 0 0 0 0 0 0 0 
2512 1360 0 0 0 0 0 0 0 0 0 0 0 0 0 0 
48 1392 0 0 0 0 0 0 0 0 0 0 0 0 0 0 
80 1392 0 0 0 0 0 0 0 0 0 0 0 0 0 0 
112 1392 0 0 0 0 0 0 0 0 0 0 0 0 0 0 
144 1392 0 0 0 0 0 0 0 0 0 0 0 0 0 0 
176 1392 0 0 0 0 0 0 0 0 0 0 0 0 0 0 
208 1392 0 0 0 0 0 0 0 0 0 0 0 0 0 0 
240 1392 0 0 0 0 0 0 0 0 0 0 0 0 0 0 
272 1392 0 0 0 0 0 0 0 0 0 0 0 0 0 0 
304 1392 0 0 0 0 0 0 0 0 0 0 0 0 0 0 
336 1392 0 0 0 0 0 0 0 0 0 0 0 0 0 0 
368 1392 0 0 0 0 0 0 0 0 0 0 0 0 0 0 
400 1392 0 0 0 0 0 0 0 0 0 0 0 0 0 0 
432 1392 0 0 0 0 0 0 0 0 0 0 0 0 0 0 
464 1392 0 0 0 0 0 0 0 0 0 0 0 0 0 0 
496 1392 0 0 0 0 0 0 0 0 0 0 0 0 0 0 
528 1392 0 0 0 0 0 0 0 0 0 0 0 0 0 0 
560 1392 0 0 0 0 0 0 0 0 0 0 0 0 0 0 
592 1392 0 0 0 0 0 0 0 0 0 0 0 0 0 0 
624 1392 0 0 0 0 0 0 0 0 0 0 0 0 0 0 
656 1392 0 0 0 0 0 0 0 0 0 0 0 0 0 0 
688 1392 0 0 0 0 0 0 0 0 0 0 0 0 0 0 
720 1392 0 0 0 0 0 0 0 0 0 0 0 0 0 0 
752 1392 0 0 0 0 0 0 0 0 0 0 0 0 0 0 
784 1392 0 0 0 0 0 0 0 0 0 0 0 0 0 0 
816 1392 0 0 0 0 0 0 0 0 0 0 0 0 0 0 
848 1392 0 0 0 0 0 0 0 0 0 0 0 0 0 0 
880 1392 0 0 0 0 0 0 0 0 0 0 0 0 0 0 
912 1392 0 0 0 0 0 0 0 0 0 0 0 0 0 0 
944 1392 0 0 0 0 0 0 0 0 0 0 0 0 0 0 
976 1392 0 0 0 0 0 0 0 0 0 0 0 0 0 0 
1008 1392 0 0 0 0 0 0 0 0 0 0 0 0 0 0 
1040 1392 0 0 0 0 0 0 0 0 0 0 0 0 0 0 
1072 1392 0 0 0 0 0 0 0 0 0 0 0 0 0 0 
1104 1392 0 0 0 0 0 0 0 0 0 0 0 0 0 0 
1136 1392 0 0 0 0 0 0 0 0 0 0 0 0 0 0 
1168 1392 0 0 0 0 0 0 0 0 0 0 0 0 0 0 
1200 1392 0 0 0 0 0 0 0 0 0 0 0 0 0 0 
1232 1392 0 0 0 0 0 0 0 0 0 0 0 0 0 0 
1264 1392 0 0 0 0 0 0 0 0 0 0 0 0 0 0 
1296 1392 0 0 0 0 0 0 0 0 0 0 0 0 0 0 
1328 1392 0 0 0 0 0 0 0 0 0 0 0 0 0 0 
1360 1392 0 0 0 0 0 0 0 0 0 0 0 0 0 0 
1392 1392 0 0 0 0 0 0 0 0 0 0 0 0 0 0 
1424 1392 0 0 0 0 0 0 0 0 0 0 0 0 0 0 
1456 1392 0 0 0 0 0 0 0 0 0 0 0 0 0 0 
1488 1392 0 0 0 0 0 0 0 0 0 0 0 0 0 0 
1520 1392 0 0 0 0 0 0 0 0 0 0 0 0 0 0 
1552 1392 0 0 0 0 0 0 0 0 0 0 0 0 0 0 
1584 1392 0 0 0 0 0 0 0 0 0 0 0 0 0 0 
1616 1392 0 0 0 0 0 0 0 0 0 0 0 0 0 0 
1648 1392 0 0 0 0 0 0 0 0 0 0 0 0 0 0 
1680 1392 0 0 0 0 0 0 0 0 0 0 0 0 0 0 
1712 1392 0 0 0 0 0 0 0 0 0 0 0 0 0 0 
1744 1392 0 0 0 0 0 0 0 0 0 0 0 0 0 0 
1776 1392 0 0 0 0 0 0 0 0 0 0 0 0 0 0 
1808 1392 0 0 0 0 0 0 0 0 0 0 0 0 0 0 
1840 1392 0 0 0 0 0 0 0 0 0 0 0 0 0 0 
1872 1392 0 0 0 0 0 0 0 0 0 0 0 0 0 0 
1904 1392 0 0 0 0 0 0 0 0 0 0 0 0 0 0 
1936 1392 0 0 0 0 0 0 0 0 0 0 0 0 0 0 
1968 1392 0 0 0 0 0 0 0 0 0 0 0 0 0 0 
2000 1392 0 0 0 0 0 0 0 0 0 0 0 0 0 0 
2032 1392 0 0 0 0 0 0 0 0 0 0 0 0 0 0 
2064 1392 0 0 0 0 0 0 0 0 0 0 0 0 0 0 
2096 1392 0 0 0 0 0 0 0 0 0 0 0 0 0 0 
2128 1392 0 0 0 0 0 0 0 0 0 0 0 0 0 0 
2160 1392 0 0 0 0 0 0 0 0 0 0 0 0 0 0 
2192 1392 0 0 0 0 0 0 0 0 0 0 0 0 0 0 
2224 1392 0 0 0 0 0 0 0 0 0 0 0 0 0 0 
2256 1392 0 0 0 0 0 0 0 0 0 0 0 0 0 0 
2288 1392 0 0 0 0 0 0 0 0 0 0 0 0 0 0 
2320 1392 0 0 0 0 0 0 0 0 0 0 0 0 0 0 
2352 1392 0 0 0 0 0 0 0 0 0 0 0 0 0 0 
2384 1392 0 0 0 0 0 0 0 0 0 0 0 0 0 0 
2416 1392 0 0 0 0 0 0 0 0 0 0 0 0 0 0 
2448 1392 0 0 0 0 0 0 0 0 0 0 0 0 0 0 
2480 1392 0 0 0 0 0 0 0 0 0 0 0 0 0 0 
2512 1392 0 0 0 0 0 0 0 0 0 0 0 0 0 0 
