24 24 0 0 0 0 0 0 0 0 0 0 0 0 0 0 
40 24 0 0 0 0 0 0 0 0 0 0 0 0 0 0 
56 24 0 0 0 0 0 0 0 0 0 0 0 0 0 0 
72 24 0 0 0 0 0 0 0 0 0 0 0 0 0 0 
88 24 0 0 0 0 0 0 0 0 0 0 0 0 0 0 
104 24 0 0 0 0 0 0 0 0 0 0 0 0 0 0 
120 24 0 0 0 0 0 0 0 0 0 0 0 0 0 0 
136 24 0 0 0 0 0 0 0 0 0 0 0 0 0 0 
152 24 0 0 0 0 0 0 0 0 0 0 0 0 0 0 
168 24 0 0 0 0 0 0 0 0 0 0 0 0 0 0 
184 24 0 0 0 0 0 0 0 0 0 0 0 0 0 0 
200 24 0 0 0 0 0 0 0 0 0 0 0 0 0 0 
216 24 0 0 0 0 0 0 0 0 0 0 0 0 0 0 
232 24 0 0 0 0 0 0 0 0 0 0 0 0 0 0 
248 24 0 0 0 0 0 0 0 0 0 0 0 0 0 0 
264 24 0 0 0 0 0 0 0 0 0 0 0 0 0 0 
280 24 0 0 0 0 0 0 0 0 0 0 0 0 0 0 
296 24 0 0 0 0 0 0 0 0 0 0 0 0 0 0 
312 24 0 0 0 0 0 0 0 0 0 0 0 0 0 0 
328 24 0 0 0 0 0 0 0 0 0 0 0 0 0 0 
344 24 0 0 0 0 0 0 0 0 0 0 0 0 0 0 
360 24 0 0 0 0 0 0 0 0 0 0 0 0 0 0 
376 24 0 0 0 0 0 0 0 0 0 0 0 0 0 0 
392 24 0 0 0 0 0 0 0 0 0 0 0 0 0 0 
408 24 0 0 0 0 0 0 0 0 0 0 0 0 0 0 
424 24 0 0 0 0 0 0 0 0 0 0 0 0 0 0 
440 24 0 0 0 0 0 0 0 0 0 0 0 0 0 0 
456 24 0 0 0 0 0 0 0 0 0 0 0 0 0 0 
472 24 0 0 0 0 0 0 0 0 0 0 0 0 0 0 
488 24 0 0 0 0 0 0 0 0 0 0 0 0 0 0 
504 24 0 0 0 0 0 0 0 0 0 0 0 0 0 0 
520 24 0 0 0 0 0 0 0 0 0 0 0 0 0 0 
536 24 0 0 0 0 0 0 0 0 0 0 0 0 0 0 
552 24 0 0 0 0 0 0 0 0 0 0 0 0 0 0 
568 24 0 0 0 0 0 0 0 0 0 0 0 0 0 0 
584 24 0 0 0 0 0 0 0 0 0 0 0 0 0 0 
600 24 0 0 0 0 0 0 0 0 0 0 0 0 0 0 
616 24 0 0 0 0 0 0 0 0 0 0 0 0 0 0 
632 24 0 0 0 0 0 0 0 0 0 0 0 0 0 0 
648 24 0 0 0 0 0 0 0 0 0 0 0 0 0 0 
664 24 0 0 0 0 0 0 0 0 0 0 0 0 0 0 
680 24 0 0 0 0 0 0 0 0 0 0 0 0 0 0 
696 24 0 0 0 0 0 0 0 0 0 0 0 0 0 0 
712 24 0 0 0 0 0 0 0 0 0 0 0 0 0 0 
728 24 0 0 0 0 0 0 0 0 0 0 0 0 0 0 
744 24 0 0 0 0 0 0 0 0 0 0 0 0 0 0 
760 24 0 0 0 0 0 0 0 0 0 0 0 0 0 0 
776 24 0 0 0 0 0 0 0 0 0 0 0 0 0 0 
792 24 0 0 0 0 0 0 0 0 0 0 0 0 0 0 
808 24 0 0 0 0 0 0 0 0 0 0 0 0 0 0 
824 24 0 0 0 0 0 0 0 0 0 0 0 0 0 0 
840 24 0 0 0 0 0 0 0 0 0 0 0 0 0 0 
856 24 0 0 0 0 0 0 0 0 0 0 0 0 0 0 
872 24 0 0 0 0 0 0 0 0 0 0 0 0 0 0 
888 24 0 0 0 0 0 0 0 0 0 0 0 0 0 0 
904 24 0 0 0 0 0 0 0 0 0 0 0 0 0 0 
920 24 0 0 0 0 0 0 0 0 0 0 0 0 0 0 
936 24 0 0 0 0 0 0 0 0 0 0 0 0 0 0 
952 24 0 0 0 0 0 0 0 0 0 0 0 0 0 0 
968 24 0 0 0 0 0 0 0 0 0 0 0 0 0 0 
984 24 0 0 0 0 0 0 0 0 0 0 0 0 0 0 
1000 24 0 0 0 0 0 0 0 0 0 0 0 0 0 0 
1016 24 0 0 0 0 0 0 0 0 0 0 0 0 0 0 
1032 24 0 0 0 0 0 0 0 0 0 0 0 0 0 0 
1048 24 0 0 0 0 0 0 0 0 0 0 0 0 0 0 
1064 24 0 0 0 0 0 0 0 0 0 0 0 0 0 0 
1080 24 0 0 0 0 0 0 0 0 0 0 0 0 0 0 
1096 24 0 0 0 0 0 0 0 0 0 0 0 0 0 0 
1112 24 0 0 0 0 0 0 0 0 0 0 0 0 0 0 
1128 24 0 0 0 0 0 0 0 0 0 0 0 0 0 0 
1144 24 0 0 0 0 0 0 0 0 0 0 0 0 0 0 
1160 24 0 0 0 0 0 0 0 0 0 0 0 0 0 0 
1176 24 0 0 0 0 0 0 0 0 0 0 0 0 0 0 
1192 24 0 0 0 0 0 0 0 0 0 0 0 0 0 0 
1208 24 0 0 0 0 0 0 0 0 0 0 0 0 0 0 
1224 24 0 0 0 0 0 0 0 0 0 0 0 0 0 0 
1240 24 0 0 0 0 0 0 0 0 0 0 0 0 0 0 
1256 24 0 0 0 0 0 0 0 0 0 0 0 0 0 0 
1272 24 0 0 0 0 0 0 0 0 0 0 0 0 0 0 
1288 24 0 0 0 0 0 0 0 0 0 0 0 0 0 0 
1304 24 0 0 0 0 0 0 0 0 0 0 0 0 0 0 
1320 24 0 0 0 0 0 0 0 0 0 0 0 0 0 0 
1336 24 0 0 0 0 0 0 0 0 0 0 0 0 0 0 
1352 24 0 0 0 0 0 0 0 0 0 0 0 0 0 0 
1368 24 0 0 0 0 0 0 0 0 0 0 0 0 0 0 
1384 24 0 0 0 0 0 0 0 0 0 0 0 0 0 0 
1400 24 0 0 0 0 0 0 0 0 0 0 0 0 0 0 
1416 24 0 0 0 0 0 0 0 0 0 0 0 0 0 0 
1432 24 0 0 0 0 0 0 0 0 0 0 0 0 0 0 
1448 24 0 0 0 0 0 0 0 0 0 0 0 0 0 0 
1464 24 0 0 0 0 0 0 0 0 0 0 0 0 0 0 
1480 24 0 0 0 0 0 0 0 0 0 0 0 0 0 0 
1496 24 0 0 0 0 0 0 0 0 0 0 0 0 0 0 
1512 24 0 0 0 0 0 0 0 0 0 0 0 0 0 0 
1528 24 0 0 0 0 0 0 0 0 0 0 0 0 0 0 
1544 24 0 0 0 0 0 0 0 0 0 0 0 0 0 0 
1560 24 0 0 0 0 0 0 0 0 0 0 0 0 0 0 
1576 24 0 0 0 0 0 0 0 0 0 0 0 0 0 0 
1592 24 0 0 0 0 0 0 0 0 0 0 0 0 0 0 
1608 24 0 0 0 0 0 0 0 0 0 0 0 0 0 0 
1624 24 0 0 0 0 0 0 0 0 0 0 0 0 0 0 
1640 24 0 0 0 0 0 0 0 0 0 0 0 0 0 0 
1656 24 0 0 0 0 0 0 0 0 0 0 0 0 0 0 
1672 24 0 0 0 0 0 0 0 0 0 0 0 0 0 0 
1688 24 0 0 0 0 0 0 0 0 0 0 0 0 0 0 
1704 24 0 0 0 0 0 0 0 0 0 0 0 0 0 0 
1720 24 0 0 0 0 0 0 0 0 0 0 0 0 0 0 
1736 24 0 0 0 0 0 0 0 0 0 0 0 0 0 0 
1752 24 0 0 0 0 0 0 0 0 0 0 0 0 0 0 
1768 24 0 0 0 0 0 0 0 0 0 0 0 0 0 0 
1784 24 0 0 0 0 0 0 0 0 0 0 0 0 0 0 
1800 24 0 0 0 0 0 0 0 0 0 0 0 0 0 0 
1816 24 0 0 0 0 0 0 0 0 0 0 0 0 0 0 
1832 24 0 0 0 0 0 0 0 0 0 0 0 0 0 0 
1848 24 0 0 0 0 0 0 0 0 0 0 0 0 0 0 
1864 24 0 0 0 0 0 0 0 0 0 0 0 0 0 0 
1880 24 0 0 0 0 0 0 0 0 0 0 0 0 0 0 
1896 24 0 0 0 0 0 0 0 0 0 0 0 0 0 0 
1912 24 0 0 0 0 0 0 0 0 0 0 0 0 0 0 
1928 24 0 0 0 0 0 0 0 0 0 0 0 0 0 0 
1944 24 0 0 0 0 0 0 0 0 0 0 0 0 0 0 
1960 24 0 0 0 0 0 0 0 0 0 0 0 0 0 0 
1976 24 0 0 0 0 0 0 0 0 0 0 0 0 0 0 
1992 24 0 0 0 0 0 0 0 0 0 0 0 0 0 0 
2008 24 0 0 0 0 0 0 0 0 0 0 0 0 0 0 
2024 24 0 0 0 0 0 0 0 0 0 0 0 0 0 0 
2040 24 0 0 0 0 0 0 0 0 0 0 0 0 0 0 
2056 24 0 0 0 0 0 0 0 0 0 0 0 0 0 0 
2072 24 0 0 0 0 0 0 0 0 0 0 0 0 0 0 
2088 24 0 0 0 0 0 0 0 0 0 0 0 0 0 0 
2104 24 0 0 0 0 0 0 0 0 0 0 0 0 0 0 
2120 24 0 0 0 0 0 0 0 0 0 0 0 0 0 0 
2136 24 0 0 0 0 0 0 0 0 0 0 0 0 0 0 
2152 24 0 0 0 0 0 0 0 0 0 0 0 0 0 0 
2168 24 0 0 0 0 0 0 0 0 0 0 0 0 0 0 
2184 24 0 0 0 0 0 0 0 0 0 0 0 0 0 0 
2200 24 0 0 0 0 0 0 0 0 0 0 0 0 0 0 
2216 24 0 0 0 0 0 0 0 0 0 0 0 0 0 0 
2232 24 0 0 0 0 0 0 0 0 0 0 0 0 0 0 
2248 24 0 0 0 0 0 0 0 0 0 0 0 0 0 0 
2264 24 0 0 0 0 0 0 0 0 0 0 0 0 0 0 
2280 24 0 0 0 0 0 0 0 0 0 0 0 0 0 0 
2296 24 0 0 0 0 0 0 0 0 0 0 0 0 0 0 
2312 24 0 0 0 0 0 0 0 0 0 0 0 0 0 0 
2328 24 0 0 0 0 0 0 0 0 0 0 0 0 0 0 
2344 24 0 0 0 0 0 0 0 0 0 0 0 0 0 0 
2360 24 0 0 0 0 0 0 0 0 0 0 0 0 0 0 
2376 24 0 0 0 0 0 0 0 0 0 0 0 0 0 0 
2392 24 0 0 0 0 0 0 0 0 0 0 0 0 0 0 
2408 24 0 0 0 0 0 0 0 0 0 0 0 0 0 0 
2424 24 0 0 0 0 0 0 0 0 0 0 0 0 0 0 
2440 24 0 0 0 0 0 0 0 0 0 0 0 0 0 0 
2456 24 0 0 0 0 0 0 0 0 0 0 0 0 0 0 
2472 24 0 0 0 0 0 0 0 0 0 0 0 0 0 0 
2488 24 0 0 0 0 0 0 0 0 0 0 0 0 0 0 
2504 24 0 0 0 0 0 0 0 0 0 0 0 0 0 0 
2520 24 0 0 0 0 0 0 0 0 0 0 0 0 0 0 
2536 24 0 0 0 0 0 0 0 0 0 0 0 0 0 0 
24 40 0 0 0 0 0 0 0 0 0 0 0 0 0 0 
40 40 0 0 0 0 0 0 0 0 0 0 0 0 0 0 
56 40 0 0 0 0 0 0 0 0 0 0 0 0 0 0 
72 40 0 0 0 0 0 0 0 0 0 0 0 0 0 0 
88 40 0 0 0 0 0 0 0 0 0 0 0 0 0 0 
104 40 0 0 0 0 0 0 0 0 0 0 0 0 0 0 
120 40 0 0 0 0 0 0 0 0 0 0 0 0 0 0 
136 40 0 0 0 0 0 0 0 0 0 0 0 0 0 0 
152 40 0 0 0 0 0 0 0 0 0 0 0 0 0 0 
168 40 0 0 0 0 0 0 0 0 0 0 0 0 0 0 
184 40 0 0 0 0 0 0 0 0 0 0 0 0 0 0 
200 40 0 0 0 0 0 0 0 0 0 0 0 0 0 0 
216 40 0 0 0 0 0 0 0 0 0 0 0 0 0 0 
232 40 0 0 0 0 0 0 0 0 0 0 0 0 0 0 
248 40 0 0 0 0 0 0 0 0 0 0 0 0 0 0 
264 40 0 0 0 0 0 0 0 0 0 0 0 0 0 0 
280 40 0 0 0 0 0 0 0 0 0 0 0 0 0 0 
296 40 0 0 0 0 0 0 0 0 0 0 0 0 0 0 
312 40 0 0 0 0 0 0 0 0 0 0 0 0 0 0 
328 40 0 0 0 0 0 0 0 0 0 0 0 0 0 0 
344 40 0 0 0 0 0 0 0 0 0 0 0 0 0 0 
360 40 0 0 0 0 0 0 0 0 0 0 0 0 0 0 
376 40 0 0 0 0 0 0 0 0 0 0 0 0 0 0 
392 40 0 0 0 0 0 0 0 0 0 0 0 0 0 0 
408 40 0 0 0 0 0 0 0 0 0 0 0 0 0 0 
424 40 0 0 0 0 0 0 0 0 0 0 0 0 0 0 
440 40 0 0 0 0 0 0 0 0 0 0 0 0 0 0 
456 40 0 0 0 0 0 0 0 0 0 0 0 0 0 0 
472 40 0 0 0 0 0 0 0 0 0 0 0 0 0 0 
488 40 0 0 0 0 0 0 0 0 0 0 0 0 0 0 
504 40 0 0 0 0 0 0 0 0 0 0 0 0 0 0 
520 40 0 0 0 0 0 0 0 0 0 0 0 0 0 0 
536 40 0 0 0 0 0 0 0 0 0 0 0 0 0 0 
552 40 0 0 0 0 0 0 0 0 0 0 0 0 0 0 
568 40 0 0 0 0 0 0 0 0 0 0 0 0 0 0 
584 40 0 0 0 0 0 0 0 0 0 0 0 0 0 0 
600 40 0 0 0 0 0 0 0 0 0 0 0 0 0 0 
616 40 0 0 0 0 0 0 0 0 0 0 0 0 0 0 
632 40 0 0 0 0 0 0 0 0 0 0 0 0 0 0 
648 40 0 0 0 0 0 0 0 0 0 0 0 0 0 0 
664 40 0 0 0 0 0 0 0 0 0 0 0 0 0 0 
680 40 0 0 0 0 0 0 0 0 0 0 0 0 0 0 
696 40 0 0 0 0 0 0 0 0 0 0 0 0 0 0 
712 40 0 0 0 0 0 0 0 0 0 0 0 0 0 0 
728 40 0 0 0 0 0 0 0 0 0 0 0 0 0 0 
744 40 0 0 0 0 0 0 0 0 0 0 0 0 0 0 
760 40 0 0 0 0 0 0 0 0 0 0 0 0 0 0 
776 40 0 0 0 0 0 0 0 0 0 0 0 0 0 0 
792 40 0 0 0 0 0 0 0 0 0 0 0 0 0 0 
808 40 0 0 0 0 0 0 0 0 0 0 0 0 0 0 
824 40 0 0 0 0 0 0 0 0 0 0 0 0 0 0 
840 40 0 0 0 0 0 0 0 0 0 0 0 0 0 0 
856 40 0 0 0 0 0 0 0 0 0 0 0 0 0 0 
872 40 0 0 0 0 0 0 0 0 0 0 0 0 0 0 
888 40 0 0 0 0 0 0 0 0 0 0 0 0 0 0 
904 40 0 0 0 0 0 0 0 0 0 0 0 0 0 0 
920 40 0 0 0 0 0 0 0 0 0 0 0 0 0 0 
936 40 0 0 0 0 0 0 0 0 0 0 0 0 0 0 
952 40 0 0 0 0 0 0 0 0 0 0 0 0 0 0 
968 40 0 0 0 0 0 0 0 0 0 0 0 0 0 0 
984 40 0 0 0 0 0 0 0 0 0 0 0 0 0 0 
1000 40 0 0 0 0 0 0 0 0 0 0 0 0 0 0 
1016 40 0 0 0 0 0 0 0 0 0 0 0 0 0 0 
1032 40 0 0 0 0 0 0 0 0 0 0 0 0 0 0 
1048 40 0 0 0 0 0 0 0 0 0 0 0 0 0 0 
1064 40 0 0 0 0 0 0 0 0 0 0 0 0 0 0 
1080 40 0 0 0 0 0 0 0 0 0 0 0 0 0 0 
1096 40 0 0 0 0 0 0 0 0 0 0 0 0 0 0 
1112 40 0 0 0 0 0 0 0 0 0 0 0 0 0 0 
1128 40 0 0 0 0 0 0 0 0 0 0 0 0 0 0 
1144 40 0 0 0 0 0 0 0 0 0 0 0 0 0 0 
1160 40 0 0 0 0 0 0 0 0 0 0 0 0 0 0 
1176 40 0 0 0 0 0 0 0 0 0 0 0 0 0 0 
1192 40 0 0 0 0 0 0 0 0 0 0 0 0 0 0 
1208 40 0 0 0 0 0 0 0 0 0 0 0 0 0 0 
1224 40 0 0 0 0 0 0 0 0 0 0 0 0 0 0 
1240 40 0 0 0 0 0 0 0 0 0 0 0 0 0 0 
1256 40 0 0 0 0 0 0 0 0 0 0 0 0 0 0 
1272 40 0 0 0 0 0 0 0 0 0 0 0 0 0 0 
1288 40 0 0 0 0 0 0 0 0 0 0 0 0 0 0 
1304 40 0 0 0 0 0 0 0 0 0 0 0 0 0 0 
1320 40 0 0 0 0 0 0 0 0 0 0 0 0 0 0 
1336 40 0 0 0 0 0 0 0 0 0 0 0 0 0 0 
1352 40 0 0 0 0 0 0 0 0 0 0 0 0 0 0 
1368 40 0 0 0 0 0 0 0 0 0 0 0 0 0 0 
1384 40 0 0 0 0 0 0 0 0 0 0 0 0 0 0 
1400 40 0 0 0 0 0 0 0 0 0 0 0 0 0 0 
1416 40 0 0 0 0 0 0 0 0 0 0 0 0 0 0 
1432 40 0 0 0 0 0 0 0 0 0 0 0 0 0 0 
1448 40 0 0 0 0 0 0 0 0 0 0 0 0 0 0 
1464 40 0 0 0 0 0 0 0 0 0 0 0 0 0 0 
1480 40 0 0 0 0 0 0 0 0 0 0 0 0 0 0 
1496 40 0 0 0 0 0 0 0 0 0 0 0 0 0 0 
1512 40 0 0 0 0 0 0 0 0 0 0 0 0 0 0 
1528 40 0 0 0 0 0 0 0 0 0 0 0 0 0 0 
1544 40 0 0 0 0 0 0 0 0 0 0 0 0 0 0 
1560 40 0 0 0 0 0 0 0 0 0 0 0 0 0 0 
1576 40 0 0 0 0 0 0 0 0 0 0 0 0 0 0 
1592 40 0 0 0 0 0 0 0 0 0 0 0 0 0 0 
1608 40 0 0 0 0 0 0 0 0 0 0 0 0 0 0 
1624 40 0 0 0 0 0 0 0 0 0 0 0 0 0 0 
1640 40 0 0 0 0 0 0 0 0 0 0 0 0 0 0 
1656 40 0 0 0 0 0 0 0 0 0 0 0 0 0 0 
1672 40 0 0 0 0 0 0 0 0 0 0 0 0 0 0 
1688 40 0 0 0 0 0 0 0 0 0 0 0 0 0 0 
1704 40 0 0 0 0 0 0 0 0 0 0 0 0 0 0 
1720 40 0 0 0 0 0 0 0 0 0 0 0 0 0 0 
1736 40 0 0 0 0 0 0 0 0 0 0 0 0 0 0 
1752 40 0 0 0 0 0 0 0 0 0 0 0 0 0 0 
1768 40 0 0 0 0 0 0 0 0 0 0 0 0 0 0 
1784 40 0 0 0 0 0 0 0 0 0 0 0 0 0 0 
1800 40 0 0 0 0 0 0 0 0 0 0 0 0 0 0 
1816 40 0 0 0 0 0 0 0 0 0 0 0 0 0 0 
1832 40 0 0 0 0 0 0 0 0 0 0 0 0 0 0 
1848 40 0 0 0 0 0 0 0 0 0 0 0 0 0 0 
1864 40 0 0 0 0 0 0 0 0 0 0 0 0 0 0 
1880 40 0 0 0 0 0 0 0 0 0 0 0 0 0 0 
1896 40 0 0 0 0 0 0 0 0 0 0 0 0 0 0 
1912 40 0 0 0 0 0 0 0 0 0 0 0 0 0 0 
1928 40 0 0 0 0 0 0 0 0 0 0 0 0 0 0 
1944 40 0 0 0 0 0 0 0 0 0 0 0 0 0 0 
1960 40 0 0 0 0 0 0 0 0 0 0 0 0 0 0 
1976 40 0 0 0 0 0 0 0 0 0 0 0 0 0 0 
1992 40 0 0 0 0 0 0 0 0 0 0 0 0 0 0 
2008 40 0 0 0 0 0 0 0 0 0 0 0 0 0 0 
2024 40 0 0 0 0 0 0 0 0 0 0 0 0 0 0 
2040 40 0 0 0 0 0 0 0 0 0 0 0 0 0 0 
2056 40 0 0 0 0 0 0 0 0 0 0 0 0 0 0 
2072 40 0 0 0 0 0 0 0 0 0 0 0 0 0 0 
2088 40 0 0 0 0 0 0 0 0 0 0 0 0 0 0 
2104 40 0 0 0 0 0 0 0 0 0 0 0 0 0 0 
2120 40 0 0 0 0 0 0 0 0 0 0 0 0 0 0 
2136 40 0 0 0 0 0 0 0 0 0 0 0 0 0 0 
2152 40 0 0 0 0 0 0 0 0 0 0 0 0 0 0 
2168 40 0 0 0 0 0 0 0 0 0 0 0 0 0 0 
2184 40 0 0 0 0 0 0 0 0 0 0 0 0 0 0 
2200 40 0 0 0 0 0 0 0 0 0 0 0 0 0 0 
2216 40 0 0 0 0 0 0 0 0 0 0 0 0 0 0 
2232 40 0 0 0 0 0 0 0 0 0 0 0 0 0 0 
2248 40 0 0 0 0 0 0 0 0 0 0 0 0 0 0 
2264 40 0 0 0 0 0 0 0 0 0 0 0 0 0 0 
2280 40 0 0 0 0 0 0 0 0 0 0 0 0 0 0 
2296 40 0 0 0 0 0 0 0 0 0 0 0 0 0 0 
2312 40 0 0 0 0 0 0 0 0 0 0 0 0 0 0 
2328 40 0 0 0 0 0 0 0 0 0 0 0 0 0 0 
2344 40 0 0 0 0 0 0 0 0 0 0 0 0 0 0 
2360 40 0 0 0 0 0 0 0 0 0 0 0 0 0 0 
2376 40 0 0 0 0 0 0 0 0 0 0 0 0 0 0 
2392 40 0 0 0 0 0 0 0 0 0 0 0 0 0 0 
2408 40 0 0 0 0 0 0 0 0 0 0 0 0 0 0 
2424 40 0 0 0 0 0 0 0 0 0 0 0 0 0 0 
2440 40 0 0 0 0 0 0 0 0 0 0 0 0 0 0 
2456 40 0 0 0 0 0 0 0 0 0 0 0 0 0 0 
2472 40 0 0 0 0 0 0 0 0 0 0 0 0 0 0 
2488 40 0 0 0 0 0 0 0 0 0 0 0 0 0 0 
2504 40 0 0 0 0 0 0 0 0 0 0 0 0 0 0 
2520 40 0 0 0 0 0 0 0 0 0 0 0 0 0 0 
2536 40 0 0 0 0 0 0 0 0 0 0 0 0 0 0 
24 56 0 0 0 0 0 0 0 0 0 0 0 0 0 0 
40 56 0 0 0 0 0 0 0 0 0 0 0 0 0 0 
56 56 0 0 0 0 0 0 0 0 0 0 0 0 0 0 
72 56 0 0 0 0 0 0 0 0 0 0 0 0 0 0 
88 56 0 0 0 0 0 0 0 0 0 0 0 0 0 0 
104 56 0 0 0 0 0 0 0 0 0 0 0 0 0 0 
120 56 0 0 0 0 0 0 0 0 0 0 0 0 0 0 
136 56 0 0 0 0 0 0 0 0 0 0 0 0 0 0 
152 56 0 0 0 0 0 0 0 0 0 0 0 0 0 0 
168 56 0 0 0 0 0 0 0 0 0 0 0 0 0 0 
184 56 0 0 0 0 0 0 0 0 0 0 0 0 0 0 
200 56 0 0 0 0 0 0 0 0 0 0 0 0 0 0 
216 56 0 0 0 0 0 0 0 0 0 0 0 0 0 0 
232 56 0 0 0 0 0 0 0 0 0 0 0 0 0 0 
248 56 0 0 0 0 0 0 0 0 0 0 0 0 0 0 
264 56 0 0 0 0 0 0 0 0 0 0 0 0 0 0 
280 56 0 0 0 0 0 0 0 0 0 0 0 0 0 0 
296 56 0 0 0 0 0 0 0 0 0 0 0 0 0 0 
312 56 0 0 0 0 0 0 0 0 0 0 0 0 0 0 
328 56 0 0 0 0 0 0 0 0 0 0 0 0 0 0 
344 56 0 0 0 0 0 0 0 0 0 0 0 0 0 0 
360 56 0 0 0 0 0 0 0 0 0 0 0 0 0 0 
376 56 0 0 0 0 0 0 0 0 0 0 0 0 0 0 
392 56 0 0 0 0 0 0 0 0 0 0 0 0 0 0 
408 56 0 0 0 0 0 0 0 0 0 0 0 0 0 0 
424 56 0 0 0 0 0 0 0 0 0 0 0 0 0 0 
440 56 0 0 0 0 0 0 0 0 0 0 0 0 0 0 
456 56 0 0 0 0 0 0 0 0 0 0 0 0 0 0 
472 56 0 0 0 0 0 0 0 0 0 0 0 0 0 0 
488 56 0 0 0 0 0 0 0 0 0 0 0 0 0 0 
504 56 0 0 0 0 0 0 0 0 0 0 0 0 0 0 
520 56 0 0 0 0 0 0 0 0 0 0 0 0 0 0 
536 56 0 0 0 0 0 0 0 0 0 0 0 0 0 0 
552 56 0 0 0 0 0 0 0 0 0 0 0 0 0 0 
568 56 0 0 0 0 0 0 0 0 0 0 0 0 0 0 
584 56 0 0 0 0 0 0 0 0 0 0 0 0 0 0 
600 56 0 0 0 0 0 0 0 0 0 0 0 0 0 0 
616 56 0 0 0 0 0 0 0 0 0 0 0 0 0 0 
632 56 0 0 0 0 0 0 0 0 0 0 0 0 0 0 
648 56 0 0 0 0 0 0 0 0 0 0 0 0 0 0 
664 56 0 0 0 0 0 0 0 0 0 0 0 0 0 0 
680 56 0 0 0 0 0 0 0 0 0 0 0 0 0 0 
696 56 0 0 0 0 0 0 0 0 0 0 0 0 0 0 
712 56 0 0 0 0 0 0 0 0 0 0 0 0 0 0 
728 56 0 0 0 0 0 0 0 0 0 0 0 0 0 0 
744 56 0 0 0 0 0 0 0 0 0 0 0 0 0 0 
760 56 0 0 0 0 0 0 0 0 0 0 0 0 0 0 
776 56 0 0 0 0 0 0 0 0 0 0 0 0 0 0 
792 56 0 0 0 0 0 0 0 0 0 0 0 0 0 0 
808 56 0 0 0 0 0 0 0 0 0 0 0 0 0 0 
824 56 0 0 0 0 0 0 0 0 0 0 0 0 0 0 
840 56 0 0 0 0 0 0 0 0 0 0 0 0 0 0 
856 56 0 0 0 0 0 0 0 0 0 0 0 0 0 0 
872 56 0 0 0 0 0 0 0 0 0 0 0 0 0 0 
888 56 0 0 0 0 0 0 0 0 0 0 0 0 0 0 
904 56 0 0 0 0 0 0 0 0 0 0 0 0 0 0 
920 56 0 0 0 0 0 0 0 0 0 0 0 0 0 0 
936 56 0 0 0 0 0 0 0 0 0 0 0 0 0 0 
952 56 0 0 0 0 0 0 0 0 0 0 0 0 0 0 
968 56 0 0 0 0 0 0 0 0 0 0 0 0 0 0 
984 56 0 0 0 0 0 0 0 0 0 0 0 0 0 0 
1000 56 0 0 0 0 0 0 0 0 0 0 0 0 0 0 
1016 56 0 0 0 0 0 0 0 0 0 0 0 0 0 0 
1032 56 0 0 0 0 0 0 0 0 0 0 0 0 0 0 
1048 56 0 0 0 0 0 0 0 0 0 0 0 0 0 0 
1064 56 0 0 0 0 0 0 0 0 0 0 0 0 0 0 
1080 56 0 0 0 0 0 0 0 0 0 0 0 0 0 0 
1096 56 0 0 0 0 0 0 0 0 0 0 0 0 0 0 
1112 56 0 0 0 0 0 0 0 0 0 0 0 0 0 0 
1128 56 0 0 0 0 0 0 0 0 0 0 0 0 0 0 
1144 56 0 0 0 0 0 0 0 0 0 0 0 0 0 0 
1160 56 0 0 0 0 0 0 0 0 0 0 0 0 0 0 
1176 56 0 0 0 0 0 0 0 0 0 0 0 0 0 0 
1192 56 0 0 0 0 0 0 0 0 0 0 0 0 0 0 
1208 56 0 0 0 0 0 0 0 0 0 0 0 0 0 0 
1224 56 0 0 0 0 0 0 0 0 0 0 0 0 0 0 
1240 56 0 0 0 0 0 0 0 0 0 0 0 0 0 0 
1256 56 0 0 0 0 0 0 0 0 0 0 0 0 0 0 
1272 56 0 0 0 0 0 0 0 0 0 0 0 0 0 0 
1288 56 0 0 0 0 0 0 0 0 0 0 0 0 0 0 
1304 56 0 0 0 0 0 0 0 0 0 0 0 0 0 0 
1320 56 0 0 0 0 0 0 0 0 0 0 0 0 0 0 
1336 56 0 0 0 0 0 0 0 0 0 0 0 0 0 0 
1352 56 0 0 0 0 0 0 0 0 0 0 0 0 0 0 
1368 56 0 0 0 0 0 0 0 0 0 0 0 0 0 0 
1384 56 0 0 0 0 0 0 0 0 0 0 0 0 0 0 
1400 56 0 0 0 0 0 0 0 0 0 0 0 0 0 0 
1416 56 0 0 0 0 0 0 0 0 0 0 0 0 0 0 
1432 56 0 0 0 0 0 0 0 0 0 0 0 0 0 0 
1448 56 0 0 0 0 0 0 0 0 0 0 0 0 0 0 
1464 56 0 0 0 0 0 0 0 0 0 0 0 0 0 0 
1480 56 0 0 0 0 0 0 0 0 0 0 0 0 0 0 
1496 56 0 0 0 0 0 0 0 0 0 0 0 0 0 0 
1512 56 0 0 0 0 0 0 0 0 0 0 0 0 0 0 
1528 56 0 0 0 0 0 0 0 0 0 0 0 0 0 0 
1544 56 0 0 0 0 0 0 0 0 0 0 0 0 0 0 
1560 56 0 0 0 0 0 0 0 0 0 0 0 0 0 0 
1576 56 0 0 0 0 0 0 0 0 0 0 0 0 0 0 
1592 56 0 0 0 0 0 0 0 0 0 0 0 0 0 0 
1608 56 0 0 0 0 0 0 0 0 0 0 0 0 0 0 
1624 56 0 0 0 0 0 0 0 0 0 0 0 0 0 0 
1640 56 0 0 0 0 0 0 0 0 0 0 0 0 0 0 
1656 56 0 0 0 0 0 0 0 0 0 0 0 0 0 0 
1672 56 0 0 0 0 0 0 0 0 0 0 0 0 0 0 
1688 56 0 0 0 0 0 0 0 0 0 0 0 0 0 0 
1704 56 0 0 0 0 0 0 0 0 0 0 0 0 0 0 
1720 56 0 0 0 0 0 0 0 0 0 0 0 0 0 0 
1736 56 0 0 0 0 0 0 0 0 0 0 0 0 0 0 
1752 56 0 0 0 0 0 0 0 0 0 0 0 0 0 0 
1768 56 0 0 0 0 0 0 0 0 0 0 0 0 0 0 
1784 56 0 0 0 0 0 0 0 0 0 0 0 0 0 0 
1800 56 0 0 0 0 0 0 0 0 0 0 0 0 0 0 
1816 56 0 0 0 0 0 0 0 0 0 0 0 0 0 0 
1832 56 0 0 0 0 0 0 0 0 0 0 0 0 0 0 
1848 56 0 0 0 0 0 0 0 0 0 0 0 0 0 0 
1864 56 0 0 0 0 0 0 0 0 0 0 0 0 0 0 
1880 56 0 0 0 0 0 0 0 0 0 0 0 0 0 0 
1896 56 0 0 0 0 0 0 0 0 0 0 0 0 0 0 
1912 56 0 0 0 0 0 0 0 0 0 0 0 0 0 0 
1928 56 0 0 0 0 0 0 0 0 0 0 0 0 0 0 
1944 56 0 0 0 0 0 0 0 0 0 0 0 0 0 0 
1960 56 0 0 0 0 0 0 0 0 0 0 0 0 0 0 
1976 56 0 0 0 0 0 0 0 0 0 0 0 0 0 0 
1992 56 0 0 0 0 0 0 0 0 0 0 0 0 0 0 
2008 56 0 0 0 0 0 0 0 0 0 0 0 0 0 0 
2024 56 0 0 0 0 0 0 0 0 0 0 0 0 0 0 
2040 56 0 0 0 0 0 0 0 0 0 0 0 0 0 0 
2056 56 0 0 0 0 0 0 0 0 0 0 0 0 0 0 
2072 56 0 0 0 0 0 0 0 0 0 0 0 0 0 0 
2088 56 0 0 0 0 0 0 0 0 0 0 0 0 0 0 
2104 56 0 0 0 0 0 0 0 0 0 0 0 0 0 0 
2120 56 0 0 0 0 0 0 0 0 0 0 0 0 0 0 
2136 56 0 0 0 0 0 0 0 0 0 0 0 0 0 0 
2152 56 0 0 0 0 0 0 0 0 0 0 0 0 0 0 
2168 56 0 0 0 0 0 0 0 0 0 0 0 0 0 0 
2184 56 0 0 0 0 0 0 0 0 0 0 0 0 0 0 
2200 56 0 0 0 0 0 0 0 0 0 0 0 0 0 0 
2216 56 0 0 0 0 0 0 0 0 0 0 0 0 0 0 
2232 56 0 0 0 0 0 0 0 0 0 0 0 0 0 0 
2248 56 0 0 0 0 0 0 0 0 0 0 0 0 0 0 
2264 56 0 0 0 0 0 0 0 0 0 0 0 0 0 0 
2280 56 0 0 0 0 0 0 0 0 0 0 0 0 0 0 
2296 56 0 0 0 0 0 0 0 0 0 0 0 0 0 0 
2312 56 0 0 0 0 0 0 0 0 0 0 0 0 0 0 
2328 56 0 0 0 0 0 0 0 0 0 0 0 0 0 0 
2344 56 0 0 0 0 0 0 0 0 0 0 0 0 0 0 
2360 56 0 0 0 0 0 0 0 0 0 0 0 0 0 0 
2376 56 0 0 0 0 0 0 0 0 0 0 0 0 0 0 
2392 56 0 0 0 0 0 0 0 0 0 0 0 0 0 0 
2408 56 0 0 0 0 0 0 0 0 0 0 0 0 0 0 
2424 56 0 0 0 0 0 0 0 0 0 0 0 0 0 0 
2440 56 0 0 0 0 0 0 0 0 0 0 0 0 0 0 
2456 56 0 0 0 0 0 0 0 0 0 0 0 0 0 0 
2472 56 0 0 0 0 0 0 0 0 0 0 0 0 0 0 
2488 56 0 0 0 0 0 0 0 0 0 0 0 0 0 0 
2504 56 0 0 0 0 0 0 0 0 0 0 0 0 0 0 
2520 56 0 0 0 0 0 0 0 0 0 0 0 0 0 0 
2536 56 0 0 0 0 0 0 0 0 0 0 0 0 0 0 
24 72 0 0 0 0 0 0 0 0 0 0 0 0 0 0 
40 72 0 0 0 0 0 0 0 0 0 0 0 0 0 0 
56 72 0 0 0 0 0 0 0 0 0 0 0 0 0 0 
72 72 0 0 0 0 0 0 0 0 0 0 0 0 0 0 
88 72 0 0 0 0 0 0 0 0 0 0 0 0 0 0 
104 72 0 0 0 0 0 0 0 0 0 0 0 0 0 0 
120 72 0 0 0 0 0 0 0 0 0 0 0 0 0 0 
136 72 0 0 0 0 0 0 0 0 0 0 0 0 0 0 
152 72 0 0 0 0 0 0 0 0 0 0 0 0 0 0 
168 72 0 0 0 0 0 0 0 0 0 0 0 0 0 0 
184 72 0 0 0 0 0 0 0 0 0 0 0 0 0 0 
200 72 0 0 0 0 0 0 0 0 0 0 0 0 0 0 
216 72 0 0 0 0 0 0 0 0 0 0 0 0 0 0 
232 72 0 0 0 0 0 0 0 0 0 0 0 0 0 0 
248 72 0 0 0 0 0 0 0 0 0 0 0 0 0 0 
264 72 0 0 0 0 0 0 0 0 0 0 0 0 0 0 
280 72 0 0 0 0 0 0 0 0 0 0 0 0 0 0 
296 72 0 0 0 0 0 0 0 0 0 0 0 0 0 0 
312 72 0 0 0 0 0 0 0 0 0 0 0 0 0 0 
328 72 0 0 0 0 0 0 0 0 0 0 0 0 0 0 
344 72 0 0 0 0 0 0 0 0 0 0 0 0 0 0 
360 72 0 0 0 0 0 0 0 0 0 0 0 0 0 0 
376 72 0 0 0 0 0 0 0 0 0 0 0 0 0 0 
392 72 0 0 0 0 0 0 0 0 0 0 0 0 0 0 
408 72 0 0 0 0 0 0 0 0 0 0 0 0 0 0 
424 72 0 0 0 0 0 0 0 0 0 0 0 0 0 0 
440 72 0 0 0 0 0 0 0 0 0 0 0 0 0 0 
456 72 0 0 0 0 0 0 0 0 0 0 0 0 0 0 
472 72 0 0 0 0 0 0 0 0 0 0 0 0 0 0 
488 72 0 0 0 0 0 0 0 0 0 0 0 0 0 0 
504 72 0 0 0 0 0 0 0 0 0 0 0 0 0 0 
520 72 0 0 0 0 0 0 0 0 0 0 0 0 0 0 
536 72 0 0 0 0 0 0 0 0 0 0 0 0 0 0 
552 72 0 0 0 0 0 0 0 0 0 0 0 0 0 0 
568 72 0 0 0 0 0 0 0 0 0 0 0 0 0 0 
584 72 0 0 0 0 0 0 0 0 0 0 0 0 0 0 
600 72 0 0 0 0 0 0 0 0 0 0 0 0 0 0 
616 72 0 0 0 0 0 0 0 0 0 0 0 0 0 0 
632 72 0 0 0 0 0 0 0 0 0 0 0 0 0 0 
648 72 0 0 0 0 0 0 0 0 0 0 0 0 0 0 
664 72 0 0 0 0 0 0 0 0 0 0 0 0 0 0 
680 72 0 0 0 0 0 0 0 0 0 0 0 0 0 0 
696 72 0 0 0 0 0 0 0 0 0 0 0 0 0 0 
712 72 0 0 0 0 0 0 0 0 0 0 0 0 0 0 
728 72 0 0 0 0 0 0 0 0 0 0 0 0 0 0 
744 72 0 0 0 0 0 0 0 0 0 0 0 0 0 0 
760 72 0 0 0 0 0 0 0 0 0 0 0 0 0 0 
776 72 0 0 0 0 0 0 0 0 0 0 0 0 0 0 
792 72 0 0 0 0 0 0 0 0 0 0 0 0 0 0 
808 72 0 0 0 0 0 0 0 0 0 0 0 0 0 0 
824 72 0 0 0 0 0 0 0 0 0 0 0 0 0 0 
840 72 0 0 0 0 0 0 0 0 0 0 0 0 0 0 
856 72 0 0 0 0 0 0 0 0 0 0 0 0 0 0 
872 72 0 0 0 0 0 0 0 0 0 0 0 0 0 0 
888 72 0 0 0 0 0 0 0 0 0 0 0 0 0 0 
904 72 0 0 0 0 0 0 0 0 0 0 0 0 0 0 
920 72 0 0 0 0 0 0 0 0 0 0 0 0 0 0 
936 72 0 0 0 0 0 0 0 0 0 0 0 0 0 0 
952 72 0 0 0 0 0 0 0 0 0 0 0 0 0 0 
968 72 0 0 0 0 0 0 0 0 0 0 0 0 0 0 
984 72 0 0 0 0 0 0 0 0 0 0 0 0 0 0 
1000 72 0 0 0 0 0 0 0 0 0 0 0 0 0 0 
1016 72 0 0 0 0 0 0 0 0 0 0 0 0 0 0 
1032 72 0 0 0 0 0 0 0 0 0 0 0 0 0 0 
1048 72 0 0 0 0 0 0 0 0 0 0 0 0 0 0 
1064 72 0 0 0 0 0 0 0 0 0 0 0 0 0 0 
1080 72 0 0 0 0 0 0 0 0 0 0 0 0 0 0 
1096 72 0 0 0 0 0 0 0 0 0 0 0 0 0 0 
1112 72 0 0 0 0 0 0 0 0 0 0 0 0 0 0 
1128 72 0 0 0 0 0 0 0 0 0 0 0 0 0 0 
1144 72 0 0 0 0 0 0 0 0 0 0 0 0 0 0 
1160 72 0 0 0 0 0 0 0 0 0 0 0 0 0 0 
1176 72 0 0 0 0 0 0 0 0 0 0 0 0 0 0 
1192 72 0 0 0 0 0 0 0 0 0 0 0 0 0 0 
1208 72 0 0 0 0 0 0 0 0 0 0 0 0 0 0 
1224 72 0 0 0 0 0 0 0 0 0 0 0 0 0 0 
1240 72 0 0 0 0 0 0 0 0 0 0 0 0 0 0 
1256 72 0 0 0 0 0 0 0 0 0 0 0 0 0 0 
1272 72 0 0 0 0 0 0 0 0 0 0 0 0 0 0 
1288 72 0 0 0 0 0 0 0 0 0 0 0 0 0 0 
1304 72 0 0 0 0 0 0 0 0 0 0 0 0 0 0 
1320 72 0 0 0 0 0 0 0 0 0 0 0 0 0 0 
1336 72 0 0 0 0 0 0 0 0 0 0 0 0 0 0 
1352 72 0 0 0 0 0 0 0 0 0 0 0 0 0 0 
1368 72 0 0 0 0 0 0 0 0 0 0 0 0 0 0 
1384 72 0 0 0 0 0 0 0 0 0 0 0 0 0 0 
1400 72 0 0 0 0 0 0 0 0 0 0 0 0 0 0 
1416 72 0 0 0 0 0 0 0 0 0 0 0 0 0 0 
1432 72 0 0 0 0 0 0 0 0 0 0 0 0 0 0 
1448 72 0 0 0 0 0 0 0 0 0 0 0 0 0 0 
1464 72 0 0 0 0 0 0 0 0 0 0 0 0 0 0 
1480 72 0 0 0 0 0 0 0 0 0 0 0 0 0 0 
1496 72 0 0 0 0 0 0 0 0 0 0 0 0 0 0 
1512 72 0 0 0 0 0 0 0 0 0 0 0 0 0 0 
1528 72 0 0 0 0 0 0 0 0 0 0 0 0 0 0 
1544 72 0 0 0 0 0 0 0 0 0 0 0 0 0 0 
1560 72 0 0 0 0 0 0 0 0 0 0 0 0 0 0 
1576 72 0 0 0 0 0 0 0 0 0 0 0 0 0 0 
1592 72 0 0 0 0 0 0 0 0 0 0 0 0 0 0 
1608 72 0 0 0 0 0 0 0 0 0 0 0 0 0 0 
1624 72 0 0 0 0 0 0 0 0 0 0 0 0 0 0 
1640 72 0 0 0 0 0 0 0 0 0 0 0 0 0 0 
1656 72 0 0 0 0 0 0 0 0 0 0 0 0 0 0 
1672 72 0 0 0 0 0 0 0 0 0 0 0 0 0 0 
1688 72 0 0 0 0 0 0 0 0 0 0 0 0 0 0 
1704 72 0 0 0 0 0 0 0 0 0 0 0 0 0 0 
1720 72 0 0 0 0 0 0 0 0 0 0 0 0 0 0 
1736 72 0 0 0 0 0 0 0 0 0 0 0 0 0 0 
1752 72 0 0 0 0 0 0 0 0 0 0 0 0 0 0 
1768 72 0 0 0 0 0 0 0 0 0 0 0 0 0 0 
1784 72 0 0 0 0 0 0 0 0 0 0 0 0 0 0 
1800 72 0 0 0 0 0 0 0 0 0 0 0 0 0 0 
1816 72 0 0 0 0 0 0 0 0 0 0 0 0 0 0 
1832 72 0 0 0 0 0 0 0 0 0 0 0 0 0 0 
1848 72 0 0 0 0 0 0 0 0 0 0 0 0 0 0 
1864 72 0 0 0 0 0 0 0 0 0 0 0 0 0 0 
1880 72 0 0 0 0 0 0 0 0 0 0 0 0 0 0 
1896 72 0 0 0 0 0 0 0 0 0 0 0 0 0 0 
1912 72 0 0 0 0 0 0 0 0 0 0 0 0 0 0 
1928 72 0 0 0 0 0 0 0 0 0 0 0 0 0 0 
1944 72 0 0 0 0 0 0 0 0 0 0 0 0 0 0 
1960 72 0 0 0 0 0 0 0 0 0 0 0 0 0 0 
1976 72 0 0 0 0 0 0 0 0 0 0 0 0 0 0 
1992 72 0 0 0 0 0 0 0 0 0 0 0 0 0 0 
2008 72 0 0 0 0 0 0 0 0 0 0 0 0 0 0 
2024 72 0 0 0 0 0 0 0 0 0 0 0 0 0 0 
2040 72 0 0 0 0 0 0 0 0 0 0 0 0 0 0 
2056 72 0 0 0 0 0 0 0 0 0 0 0 0 0 0 
2072 72 0 0 0 0 0 0 0 0 0 0 0 0 0 0 
2088 72 0 0 0 0 0 0 0 0 0 0 0 0 0 0 
2104 72 0 0 0 0 0 0 0 0 0 0 0 0 0 0 
2120 72 0 0 0 0 0 0 0 0 0 0 0 0 0 0 
2136 72 0 0 0 0 0 0 0 0 0 0 0 0 0 0 
2152 72 0 0 0 0 0 0 0 0 0 0 0 0 0 0 
2168 72 0 0 0 0 0 0 0 0 0 0 0 0 0 0 
2184 72 0 0 0 0 0 0 0 0 0 0 0 0 0 0 
2200 72 0 0 0 0 0 0 0 0 0 0 0 0 0 0 
2216 72 0 0 0 0 0 0 0 0 0 0 0 0 0 0 
2232 72 0 0 0 0 0 0 0 0 0 0 0 0 0 0 
2248 72 0 0 0 0 0 0 0 0 0 0 0 0 0 0 
2264 72 0 0 0 0 0 0 0 0 0 0 0 0 0 0 
2280 72 0 0 0 0 0 0 0 0 0 0 0 0 0 0 
2296 72 0 0 0 0 0 0 0 0 0 0 0 0 0 0 
2312 72 0 0 0 0 0 0 0 0 0 0 0 0 0 0 
2328 72 0 0 0 0 0 0 0 0 0 0 0 0 0 0 
2344 72 0 0 0 0 0 0 0 0 0 0 0 0 0 0 
2360 72 0 0 0 0 0 0 0 0 0 0 0 0 0 0 
2376 72 0 0 0 0 0 0 0 0 0 0 0 0 0 0 
2392 72 0 0 0 0 0 0 0 0 0 0 0 0 0 0 
2408 72 0 0 0 0 0 0 0 0 0 0 0 0 0 0 
2424 72 0 0 0 0 0 0 0 0 0 0 0 0 0 0 
2440 72 0 0 0 0 0 0 0 0 0 0 0 0 0 0 
2456 72 0 0 0 0 0 0 0 0 0 0 0 0 0 0 
2472 72 0 0 0 0 0 0 0 0 0 0 0 0 0 0 
2488 72 0 0 0 0 0 0 0 0 0 0 0 0 0 0 
2504 72 0 0 0 0 0 0 0 0 0 0 0 0 0 0 
2520 72 0 0 0 0 0 0 0 0 0 0 0 0 0 0 
2536 72 0 0 0 0 0 0 0 0 0 0 0 0 0 0 
24 88 0 0 0 0 0 0 0 0 0 0 0 0 0 0 
40 88 0 0 0 0 0 0 0 0 0 0 0 0 0 0 
56 88 0 0 0 0 0 0 0 0 0 0 0 0 0 0 
72 88 0 0 0 0 0 0 0 0 0 0 0 0 0 0 
88 88 0 0 0 0 0 0 0 0 0 0 0 0 0 0 
104 88 0 0 0 0 0 0 0 0 0 0 0 0 0 0 
120 88 0 0 0 0 0 0 0 0 0 0 0 0 0 0 
136 88 0 0 0 0 0 0 0 0 0 0 0 0 0 0 
152 88 0 0 0 0 0 0 0 0 0 0 0 0 0 0 
168 88 0 0 0 0 0 0 0 0 0 0 0 0 0 0 
184 88 0 0 0 0 0 0 0 0 0 0 0 0 0 0 
200 88 0 0 0 0 0 0 0 0 0 0 0 0 0 0 
216 88 0 0 0 0 0 0 0 0 0 0 0 0 0 0 
232 88 0 0 0 0 0 0 0 0 0 0 0 0 0 0 
248 88 0 0 0 0 0 0 0 0 0 0 0 0 0 0 
264 88 0 0 0 0 0 0 0 0 0 0 0 0 0 0 
280 88 0 0 0 0 0 0 0 0 0 0 0 0 0 0 
296 88 0 0 0 0 0 0 0 0 0 0 0 0 0 0 
312 88 0 0 0 0 0 0 0 0 0 0 0 0 0 0 
328 88 0 0 0 0 0 0 0 0 0 0 0 0 0 0 
344 88 0 0 0 0 0 0 0 0 0 0 0 0 0 0 
360 88 0 0 0 0 0 0 0 0 0 0 0 0 0 0 
376 88 0 0 0 0 0 0 0 0 0 0 0 0 0 0 
392 88 0 0 0 0 0 0 0 0 0 0 0 0 0 0 
408 88 0 0 0 0 0 0 0 0 0 0 0 0 0 0 
424 88 0 0 0 0 0 0 0 0 0 0 0 0 0 0 
440 88 0 0 0 0 0 0 0 0 0 0 0 0 0 0 
456 88 0 0 0 0 0 0 0 0 0 0 0 0 0 0 
472 88 0 0 0 0 0 0 0 0 0 0 0 0 0 0 
488 88 0 0 0 0 0 0 0 0 0 0 0 0 0 0 
504 88 0 0 0 0 0 0 0 0 0 0 0 0 0 0 
520 88 0 0 0 0 0 0 0 0 0 0 0 0 0 0 
536 88 0 0 0 0 0 0 0 0 0 0 0 0 0 0 
552 88 0 0 0 0 0 0 0 0 0 0 0 0 0 0 
568 88 0 0 0 0 0 0 0 0 0 0 0 0 0 0 
584 88 0 0 0 0 0 0 0 0 0 0 0 0 0 0 
600 88 0 0 0 0 0 0 0 0 0 0 0 0 0 0 
616 88 0 0 0 0 0 0 0 0 0 0 0 0 0 0 
632 88 0 0 0 0 0 0 0 0 0 0 0 0 0 0 
648 88 0 0 0 0 0 0 0 0 0 0 0 0 0 0 
664 88 0 0 0 0 0 0 0 0 0 0 0 0 0 0 
680 88 0 0 0 0 0 0 0 0 0 0 0 0 0 0 
696 88 0 0 0 0 0 0 0 0 0 0 0 0 0 0 
712 88 0 0 0 0 0 0 0 0 0 0 0 0 0 0 
728 88 0 0 0 0 0 0 0 0 0 0 0 0 0 0 
744 88 0 0 0 0 0 0 0 0 0 0 0 0 0 0 
760 88 0 0 0 0 0 0 0 0 0 0 0 0 0 0 
776 88 0 0 0 0 0 0 0 0 0 0 0 0 0 0 
792 88 0 0 0 0 0 0 0 0 0 0 0 0 0 0 
808 88 0 0 0 0 0 0 0 0 0 0 0 0 0 0 
824 88 0 0 0 0 0 0 0 0 0 0 0 0 0 0 
840 88 0 0 0 0 0 0 0 0 0 0 0 0 0 0 
856 88 0 0 0 0 0 0 0 0 0 0 0 0 0 0 
872 88 0 0 0 0 0 0 0 0 0 0 0 0 0 0 
888 88 0 0 0 0 0 0 0 0 0 0 0 0 0 0 
904 88 0 0 0 0 0 0 0 0 0 0 0 0 0 0 
920 88 0 0 0 0 0 0 0 0 0 0 0 0 0 0 
936 88 0 0 0 0 0 0 0 0 0 0 0 0 0 0 
952 88 0 0 0 0 0 0 0 0 0 0 0 0 0 0 
968 88 0 0 0 0 0 0 0 0 0 0 0 0 0 0 
984 88 0 0 0 0 0 0 0 0 0 0 0 0 0 0 
1000 88 0 0 0 0 0 0 0 0 0 0 0 0 0 0 
1016 88 0 0 0 0 0 0 0 0 0 0 0 0 0 0 
1032 88 0 0 0 0 0 0 0 0 0 0 0 0 0 0 
1048 88 0 0 0 0 0 0 0 0 0 0 0 0 0 0 
1064 88 0 0 0 0 0 0 0 0 0 0 0 0 0 0 
1080 88 0 0 0 0 0 0 0 0 0 0 0 0 0 0 
1096 88 0 0 0 0 0 0 0 0 0 0 0 0 0 0 
1112 88 0 0 0 0 0 0 0 0 0 0 0 0 0 0 
1128 88 0 0 0 0 0 0 0 0 0 0 0 0 0 0 
1144 88 0 0 0 0 0 0 0 0 0 0 0 0 0 0 
1160 88 0 0 0 0 0 0 0 0 0 0 0 0 0 0 
1176 88 0 0 0 0 0 0 0 0 0 0 0 0 0 0 
1192 88 0 0 0 0 0 0 0 0 0 0 0 0 0 0 
1208 88 0 0 0 0 0 0 0 0 0 0 0 0 0 0 
1224 88 0 0 0 0 0 0 0 0 0 0 0 0 0 0 
1240 88 0 0 0 0 0 0 0 0 0 0 0 0 0 0 
1256 88 0 0 0 0 0 0 0 0 0 0 0 0 0 0 
1272 88 0 0 0 0 0 0 0 0 0 0 0 0 0 0 
1288 88 0 0 0 0 0 0 0 0 0 0 0 0 0 0 
1304 88 0 0 0 0 0 0 0 0 0 0 0 0 0 0 
1320 88 0 0 0 0 0 0 0 0 0 0 0 0 0 0 
1336 88 0 0 0 0 0 0 0 0 0 0 0 0 0 0 
1352 88 0 0 0 0 0 0 0 0 0 0 0 0 0 0 
1368 88 0 0 0 0 0 0 0 0 0 0 0 0 0 0 
1384 88 0 0 0 0 0 0 0 0 0 0 0 0 0 0 
1400 88 0 0 0 0 0 0 0 0 0 0 0 0 0 0 
1416 88 0 0 0 0 0 0 0 0 0 0 0 0 0 0 
1432 88 0 0 0 0 0 0 0 0 0 0 0 0 0 0 
1448 88 0 0 0 0 0 0 0 0 0 0 0 0 0 0 
1464 88 0 0 0 0 0 0 0 0 0 0 0 0 0 0 
1480 88 0 0 0 0 0 0 0 0 0 0 0 0 0 0 
1496 88 0 0 0 0 0 0 0 0 0 0 0 0 0 0 
1512 88 0 0 0 0 0 0 0 0 0 0 0 0 0 0 
1528 88 0 0 0 0 0 0 0 0 0 0 0 0 0 0 
1544 88 0 0 0 0 0 0 0 0 0 0 0 0 0 0 
1560 88 0 0 0 0 0 0 0 0 0 0 0 0 0 0 
1576 88 0 0 0 0 0 0 0 0 0 0 0 0 0 0 
1592 88 0 0 0 0 0 0 0 0 0 0 0 0 0 0 
1608 88 0 0 0 0 0 0 0 0 0 0 0 0 0 0 
1624 88 0 0 0 0 0 0 0 0 0 0 0 0 0 0 
1640 88 0 0 0 0 0 0 0 0 0 0 0 0 0 0 
1656 88 0 0 0 0 0 0 0 0 0 0 0 0 0 0 
1672 88 0 0 0 0 0 0 0 0 0 0 0 0 0 0 
1688 88 0 0 0 0 0 0 0 0 0 0 0 0 0 0 
1704 88 0 0 0 0 0 0 0 0 0 0 0 0 0 0 
1720 88 0 0 0 0 0 0 0 0 0 0 0 0 0 0 
1736 88 0 0 0 0 0 0 0 0 0 0 0 0 0 0 
1752 88 0 0 0 0 0 0 0 0 0 0 0 0 0 0 
1768 88 0 0 0 0 0 0 0 0 0 0 0 0 0 0 
1784 88 0 0 0 0 0 0 0 0 0 0 0 0 0 0 
1800 88 0 0 0 0 0 0 0 0 0 0 0 0 0 0 
1816 88 0 0 0 0 0 0 0 0 0 0 0 0 0 0 
1832 88 0 0 0 0 0 0 0 0 0 0 0 0 0 0 
1848 88 0 0 0 0 0 0 0 0 0 0 0 0 0 0 
1864 88 0 0 0 0 0 0 0 0 0 0 0 0 0 0 
1880 88 0 0 0 0 0 0 0 0 0 0 0 0 0 0 
1896 88 0 0 0 0 0 0 0 0 0 0 0 0 0 0 
1912 88 0 0 0 0 0 0 0 0 0 0 0 0 0 0 
1928 88 0 0 0 0 0 0 0 0 0 0 0 0 0 0 
1944 88 0 0 0 0 0 0 0 0 0 0 0 0 0 0 
1960 88 0 0 0 0 0 0 0 0 0 0 0 0 0 0 
1976 88 0 0 0 0 0 0 0 0 0 0 0 0 0 0 
1992 88 0 0 0 0 0 0 0 0 0 0 0 0 0 0 
2008 88 0 0 0 0 0 0 0 0 0 0 0 0 0 0 
2024 88 0 0 0 0 0 0 0 0 0 0 0 0 0 0 
2040 88 0 0 0 0 0 0 0 0 0 0 0 0 0 0 
2056 88 0 0 0 0 0 0 0 0 0 0 0 0 0 0 
2072 88 0 0 0 0 0 0 0 0 0 0 0 0 0 0 
2088 88 0 0 0 0 0 0 0 0 0 0 0 0 0 0 
2104 88 0 0 0 0 0 0 0 0 0 0 0 0 0 0 
2120 88 0 0 0 0 0 0 0 0 0 0 0 0 0 0 
2136 88 0 0 0 0 0 0 0 0 0 0 0 0 0 0 
2152 88 0 0 0 0 0 0 0 0 0 0 0 0 0 0 
2168 88 0 0 0 0 0 0 0 0 0 0 0 0 0 0 
2184 88 0 0 0 0 0 0 0 0 0 0 0 0 0 0 
2200 88 0 0 0 0 0 0 0 0 0 0 0 0 0 0 
2216 88 0 0 0 0 0 0 0 0 0 0 0 0 0 0 
2232 88 0 0 0 0 0 0 0 0 0 0 0 0 0 0 
2248 88 0 0 0 0 0 0 0 0 0 0 0 0 0 0 
2264 88 0 0 0 0 0 0 0 0 0 0 0 0 0 0 
2280 88 0 0 0 0 0 0 0 0 0 0 0 0 0 0 
2296 88 0 0 0 0 0 0 0 0 0 0 0 0 0 0 
2312 88 0 0 0 0 0 0 0 0 0 0 0 0 0 0 
2328 88 0 0 0 0 0 0 0 0 0 0 0 0 0 0 
2344 88 0 0 0 0 0 0 0 0 0 0 0 0 0 0 
2360 88 0 0 0 0 0 0 0 0 0 0 0 0 0 0 
2376 88 0 0 0 0 0 0 0 0 0 0 0 0 0 0 
2392 88 0 0 0 0 0 0 0 0 0 0 0 0 0 0 
2408 88 0 0 0 0 0 0 0 0 0 0 0 0 0 0 
2424 88 0 0 0 0 0 0 0 0 0 0 0 0 0 0 
2440 88 0 0 0 0 0 0 0 0 0 0 0 0 0 0 
2456 88 0 0 0 0 0 0 0 0 0 0 0 0 0 0 
2472 88 0 0 0 0 0 0 0 0 0 0 0 0 0 0 
2488 88 0 0 0 0 0 0 0 0 0 0 0 0 0 0 
2504 88 0 0 0 0 0 0 0 0 0 0 0 0 0 0 
2520 88 0 0 0 0 0 0 0 0 0 0 0 0 0 0 
2536 88 0 0 0 0 0 0 0 0 0 0 0 0 0 0 
24 104 0 0 0 0 0 0 0 0 0 0 0 0 0 0 
40 104 0 0 0 0 0 0 0 0 0 0 0 0 0 0 
56 104 0 0 0 0 0 0 0 0 0 0 0 0 0 0 
72 104 0 0 0 0 0 0 0 0 0 0 0 0 0 0 
88 104 0 0 0 0 0 0 0 0 0 0 0 0 0 0 
104 104 0 0 0 0 0 0 0 0 0 0 0 0 0 0 
120 104 0 0 0 0 0 0 0 0 0 0 0 0 0 0 
136 104 0 0 0 0 0 0 0 0 0 0 0 0 0 0 
152 104 0 0 0 0 0 0 0 0 0 0 0 0 0 0 
168 104 0 0 0 0 0 0 0 0 0 0 0 0 0 0 
184 104 0 0 0 0 0 0 0 0 0 0 0 0 0 0 
200 104 0 0 0 0 0 0 0 0 0 0 0 0 0 0 
216 104 0 0 0 0 0 0 0 0 0 0 0 0 0 0 
232 104 0 0 0 0 0 0 0 0 0 0 0 0 0 0 
248 104 0 0 0 0 0 0 0 0 0 0 0 0 0 0 
264 104 0 0 0 0 0 0 0 0 0 0 0 0 0 0 
280 104 0 0 0 0 0 0 0 0 0 0 0 0 0 0 
296 104 0 0 0 0 0 0 0 0 0 0 0 0 0 0 
312 104 0 0 0 0 0 0 0 0 0 0 0 0 0 0 
328 104 0 0 0 0 0 0 0 0 0 0 0 0 0 0 
344 104 0 0 0 0 0 0 0 0 0 0 0 0 0 0 
360 104 0 0 0 0 0 0 0 0 0 0 0 0 0 0 
376 104 0 0 0 0 0 0 0 0 0 0 0 0 0 0 
392 104 0 0 0 0 0 0 0 0 0 0 0 0 0 0 
408 104 0 0 0 0 0 0 0 0 0 0 0 0 0 0 
424 104 0 0 0 0 0 0 0 0 0 0 0 0 0 0 
440 104 0 0 0 0 0 0 0 0 0 0 0 0 0 0 
456 104 0 0 0 0 0 0 0 0 0 0 0 0 0 0 
472 104 0 0 0 0 0 0 0 0 0 0 0 0 0 0 
488 104 0 0 0 0 0 0 0 0 0 0 0 0 0 0 
504 104 0 0 0 0 0 0 0 0 0 0 0 0 0 0 
520 104 0 0 0 0 0 0 0 0 0 0 0 0 0 0 
536 104 0 0 0 0 0 0 0 0 0 0 0 0 0 0 
552 104 0 0 0 0 0 0 0 0 0 0 0 0 0 0 
568 104 0 0 0 0 0 0 0 0 0 0 0 0 0 0 
584 104 0 0 0 0 0 0 0 0 0 0 0 0 0 0 
600 104 0 0 0 0 0 0 0 0 0 0 0 0 0 0 
616 104 0 0 0 0 0 0 0 0 0 0 0 0 0 0 
632 104 0 0 0 0 0 0 0 0 0 0 0 0 0 0 
648 104 0 0 0 0 0 0 0 0 0 0 0 0 0 0 
664 104 0 0 0 0 0 0 0 0 0 0 0 0 0 0 
680 104 0 0 0 0 0 0 0 0 0 0 0 0 0 0 
696 104 0 0 0 0 0 0 0 0 0 0 0 0 0 0 
712 104 0 0 0 0 0 0 0 0 0 0 0 0 0 0 
728 104 0 0 0 0 0 0 0 0 0 0 0 0 0 0 
744 104 0 0 0 0 0 0 0 0 0 0 0 0 0 0 
760 104 0 0 0 0 0 0 0 0 0 0 0 0 0 0 
776 104 0 0 0 0 0 0 0 0 0 0 0 0 0 0 
792 104 0 0 0 0 0 0 0 0 0 0 0 0 0 0 
808 104 0 0 0 0 0 0 0 0 0 0 0 0 0 0 
824 104 0 0 0 0 0 0 0 0 0 0 0 0 0 0 
840 104 0 0 0 0 0 0 0 0 0 0 0 0 0 0 
856 104 0 0 0 0 0 0 0 0 0 0 0 0 0 0 
872 104 0 0 0 0 0 0 0 0 0 0 0 0 0 0 
888 104 0 0 0 0 0 0 0 0 0 0 0 0 0 0 
904 104 0 0 0 0 0 0 0 0 0 0 0 0 0 0 
920 104 0 0 0 0 0 0 0 0 0 0 0 0 0 0 
936 104 0 0 0 0 0 0 0 0 0 0 0 0 0 0 
952 104 0 0 0 0 0 0 0 0 0 0 0 0 0 0 
968 104 0 0 0 0 0 0 0 0 0 0 0 0 0 0 
984 104 0 0 0 0 0 0 0 0 0 0 0 0 0 0 
1000 104 0 0 0 0 0 0 0 0 0 0 0 0 0 0 
1016 104 0 0 0 0 0 0 0 0 0 0 0 0 0 0 
1032 104 0 0 0 0 0 0 0 0 0 0 0 0 0 0 
1048 104 0 0 0 0 0 0 0 0 0 0 0 0 0 0 
1064 104 0 0 0 0 0 0 0 0 0 0 0 0 0 0 
1080 104 0 0 0 0 0 0 0 0 0 0 0 0 0 0 
1096 104 0 0 0 0 0 0 0 0 0 0 0 0 0 0 
1112 104 0 0 0 0 0 0 0 0 0 0 0 0 0 0 
1128 104 0 0 0 0 0 0 0 0 0 0 0 0 0 0 
1144 104 0 0 0 0 0 0 0 0 0 0 0 0 0 0 
1160 104 0 0 0 0 0 0 0 0 0 0 0 0 0 0 
1176 104 0 0 0 0 0 0 0 0 0 0 0 0 0 0 
1192 104 0 0 0 0 0 0 0 0 0 0 0 0 0 0 
1208 104 0 0 0 0 0 0 0 0 0 0 0 0 0 0 
1224 104 0 0 0 0 0 0 0 0 0 0 0 0 0 0 
1240 104 0 0 0 0 0 0 0 0 0 0 0 0 0 0 
1256 104 0 0 0 0 0 0 0 0 0 0 0 0 0 0 
1272 104 0 0 0 0 0 0 0 0 0 0 0 0 0 0 
1288 104 0 0 0 0 0 0 0 0 0 0 0 0 0 0 
1304 104 0 0 0 0 0 0 0 0 0 0 0 0 0 0 
1320 104 0 0 0 0 0 0 0 0 0 0 0 0 0 0 
1336 104 0 0 0 0 0 0 0 0 0 0 0 0 0 0 
1352 104 0 0 0 0 0 0 0 0 0 0 0 0 0 0 
1368 104 0 0 0 0 0 0 0 0 0 0 0 0 0 0 
1384 104 0 0 0 0 0 0 0 0 0 0 0 0 0 0 
1400 104 0 0 0 0 0 0 0 0 0 0 0 0 0 0 
1416 104 0 0 0 0 0 0 0 0 0 0 0 0 0 0 
1432 104 0 0 0 0 0 0 0 0 0 0 0 0 0 0 
1448 104 0 0 0 0 0 0 0 0 0 0 0 0 0 0 
1464 104 0 0 0 0 0 0 0 0 0 0 0 0 0 0 
1480 104 0 0 0 0 0 0 0 0 0 0 0 0 0 0 
1496 104 0 0 0 0 0 0 0 0 0 0 0 0 0 0 
1512 104 0 0 0 0 0 0 0 0 0 0 0 0 0 0 
1528 104 0 0 0 0 0 0 0 0 0 0 0 0 0 0 
1544 104 0 0 0 0 0 0 0 0 0 0 0 0 0 0 
1560 104 0 0 0 0 0 0 0 0 0 0 0 0 0 0 
1576 104 0 0 0 0 0 0 0 0 0 0 0 0 0 0 
1592 104 0 0 0 0 0 0 0 0 0 0 0 0 0 0 
1608 104 0 0 0 0 0 0 0 0 0 0 0 0 0 0 
1624 104 0 0 0 0 0 0 0 0 0 0 0 0 0 0 
1640 104 0 0 0 0 0 0 0 0 0 0 0 0 0 0 
1656 104 0 0 0 0 0 0 0 0 0 0 0 0 0 0 
1672 104 0 0 0 0 0 0 0 0 0 0 0 0 0 0 
1688 104 0 0 0 0 0 0 0 0 0 0 0 0 0 0 
1704 104 0 0 0 0 0 0 0 0 0 0 0 0 0 0 
1720 104 0 0 0 0 0 0 0 0 0 0 0 0 0 0 
1736 104 0 0 0 0 0 0 0 0 0 0 0 0 0 0 
1752 104 0 0 0 0 0 0 0 0 0 0 0 0 0 0 
1768 104 0 0 0 0 0 0 0 0 0 0 0 0 0 0 
1784 104 0 0 0 0 0 0 0 0 0 0 0 0 0 0 
1800 104 0 0 0 0 0 0 0 0 0 0 0 0 0 0 
1816 104 0 0 0 0 0 0 0 0 0 0 0 0 0 0 
1832 104 0 0 0 0 0 0 0 0 0 0 0 0 0 0 
1848 104 0 0 0 0 0 0 0 0 0 0 0 0 0 0 
1864 104 0 0 0 0 0 0 0 0 0 0 0 0 0 0 
1880 104 0 0 0 0 0 0 0 0 0 0 0 0 0 0 
1896 104 0 0 0 0 0 0 0 0 0 0 0 0 0 0 
1912 104 0 0 0 0 0 0 0 0 0 0 0 0 0 0 
1928 104 0 0 0 0 0 0 0 0 0 0 0 0 0 0 
1944 104 0 0 0 0 0 0 0 0 0 0 0 0 0 0 
1960 104 0 0 0 0 0 0 0 0 0 0 0 0 0 0 
1976 104 0 0 0 0 0 0 0 0 0 0 0 0 0 0 
1992 104 0 0 0 0 0 0 0 0 0 0 0 0 0 0 
2008 104 0 0 0 0 0 0 0 0 0 0 0 0 0 0 
2024 104 0 0 0 0 0 0 0 0 0 0 0 0 0 0 
2040 104 0 0 0 0 0 0 0 0 0 0 0 0 0 0 
2056 104 0 0 0 0 0 0 0 0 0 0 0 0 0 0 
2072 104 0 0 0 0 0 0 0 0 0 0 0 0 0 0 
2088 104 0 0 0 0 0 0 0 0 0 0 0 0 0 0 
2104 104 0 0 0 0 0 0 0 0 0 0 0 0 0 0 
2120 104 0 0 0 0 0 0 0 0 0 0 0 0 0 0 
2136 104 0 0 0 0 0 0 0 0 0 0 0 0 0 0 
2152 104 0 0 0 0 0 0 0 0 0 0 0 0 0 0 
2168 104 0 0 0 0 0 0 0 0 0 0 0 0 0 0 
2184 104 0 0 0 0 0 0 0 0 0 0 0 0 0 0 
2200 104 0 0 0 0 0 0 0 0 0 0 0 0 0 0 
2216 104 0 0 0 0 0 0 0 0 0 0 0 0 0 0 
2232 104 0 0 0 0 0 0 0 0 0 0 0 0 0 0 
2248 104 0 0 0 0 0 0 0 0 0 0 0 0 0 0 
2264 104 0 0 0 0 0 0 0 0 0 0 0 0 0 0 
2280 104 0 0 0 0 0 0 0 0 0 0 0 0 0 0 
2296 104 0 0 0 0 0 0 0 0 0 0 0 0 0 0 
2312 104 0 0 0 0 0 0 0 0 0 0 0 0 0 0 
2328 104 0 0 0 0 0 0 0 0 0 0 0 0 0 0 
2344 104 0 0 0 0 0 0 0 0 0 0 0 0 0 0 
2360 104 0 0 0 0 0 0 0 0 0 0 0 0 0 0 
2376 104 0 0 0 0 0 0 0 0 0 0 0 0 0 0 
2392 104 0 0 0 0 0 0 0 0 0 0 0 0 0 0 
2408 104 0 0 0 0 0 0 0 0 0 0 0 0 0 0 
2424 104 0 0 0 0 0 0 0 0 0 0 0 0 0 0 
2440 104 0 0 0 0 0 0 0 0 0 0 0 0 0 0 
2456 104 0 0 0 0 0 0 0 0 0 0 0 0 0 0 
2472 104 0 0 0 0 0 0 0 0 0 0 0 0 0 0 
2488 104 0 0 0 0 0 0 0 0 0 0 0 0 0 0 
2504 104 0 0 0 0 0 0 0 0 0 0 0 0 0 0 
2520 104 0 0 0 0 0 0 0 0 0 0 0 0 0 0 
2536 104 0 0 0 0 0 0 0 0 0 0 0 0 0 0 
24 120 0 0 0 0 0 0 0 0 0 0 0 0 0 0 
40 120 0 0 0 0 0 0 0 0 0 0 0 0 0 0 
56 120 0 0 0 0 0 0 0 0 0 0 0 0 0 0 
72 120 0 0 0 0 0 0 0 0 0 0 0 0 0 0 
88 120 0 0 0 0 0 0 0 0 0 0 0 0 0 0 
104 120 0 0 0 0 0 0 0 0 0 0 0 0 0 0 
120 120 0 0 0 0 0 0 0 0 0 0 0 0 0 0 
136 120 0 0 0 0 0 0 0 0 0 0 0 0 0 0 
152 120 0 0 0 0 0 0 0 0 0 0 0 0 0 0 
168 120 0 0 0 0 0 0 0 0 0 0 0 0 0 0 
184 120 0 0 0 0 0 0 0 0 0 0 0 0 0 0 
200 120 0 0 0 0 0 0 0 0 0 0 0 0 0 0 
216 120 0 0 0 0 0 0 0 0 0 0 0 0 0 0 
232 120 0 0 0 0 0 0 0 0 0 0 0 0 0 0 
248 120 0 0 0 0 0 0 0 0 0 0 0 0 0 0 
264 120 0 0 0 0 0 0 0 0 0 0 0 0 0 0 
280 120 0 0 0 0 0 0 0 0 0 0 0 0 0 0 
296 120 0 0 0 0 0 0 0 0 0 0 0 0 0 0 
312 120 0 0 0 0 0 0 0 0 0 0 0 0 0 0 
328 120 0 0 0 0 0 0 0 0 0 0 0 0 0 0 
344 120 0 0 0 0 0 0 0 0 0 0 0 0 0 0 
360 120 0 0 0 0 0 0 0 0 0 0 0 0 0 0 
376 120 0 0 0 0 0 0 0 0 0 0 0 0 0 0 
392 120 0 0 0 0 0 0 0 0 0 0 0 0 0 0 
408 120 0 0 0 0 0 0 0 0 0 0 0 0 0 0 
424 120 0 0 0 0 0 0 0 0 0 0 0 0 0 0 
440 120 0 0 0 0 0 0 0 0 0 0 0 0 0 0 
456 120 0 0 0 0 0 0 0 0 0 0 0 0 0 0 
472 120 0 0 0 0 0 0 0 0 0 0 0 0 0 0 
488 120 0 0 0 0 0 0 0 0 0 0 0 0 0 0 
504 120 0 0 0 0 0 0 0 0 0 0 0 0 0 0 
520 120 0 0 0 0 0 0 0 0 0 0 0 0 0 0 
536 120 0 0 0 0 0 0 0 0 0 0 0 0 0 0 
552 120 0 0 0 0 0 0 0 0 0 0 0 0 0 0 
568 120 0 0 0 0 0 0 0 0 0 0 0 0 0 0 
584 120 0 0 0 0 0 0 0 0 0 0 0 0 0 0 
600 120 0 0 0 0 0 0 0 0 0 0 0 0 0 0 
616 120 0 0 0 0 0 0 0 0 0 0 0 0 0 0 
632 120 0 0 0 0 0 0 0 0 0 0 0 0 0 0 
648 120 0 0 0 0 0 0 0 0 0 0 0 0 0 0 
664 120 0 0 0 0 0 0 0 0 0 0 0 0 0 0 
680 120 0 0 0 0 0 0 0 0 0 0 0 0 0 0 
696 120 0 0 0 0 0 0 0 0 0 0 0 0 0 0 
712 120 0 0 0 0 0 0 0 0 0 0 0 0 0 0 
728 120 0 0 0 0 0 0 0 0 0 0 0 0 0 0 
744 120 0 0 0 0 0 0 0 0 0 0 0 0 0 0 
760 120 0 0 0 0 0 0 0 0 0 0 0 0 0 0 
776 120 0 0 0 0 0 0 0 0 0 0 0 0 0 0 
792 120 0 0 0 0 0 0 0 0 0 0 0 0 0 0 
808 120 0 0 0 0 0 0 0 0 0 0 0 0 0 0 
824 120 0 0 0 0 0 0 0 0 0 0 0 0 0 0 
840 120 0 0 0 0 0 0 0 0 0 0 0 0 0 0 
856 120 0 0 0 0 0 0 0 0 0 0 0 0 0 0 
872 120 0 0 0 0 0 0 0 0 0 0 0 0 0 0 
888 120 0 0 0 0 0 0 0 0 0 0 0 0 0 0 
904 120 0 0 0 0 0 0 0 0 0 0 0 0 0 0 
920 120 0 0 0 0 0 0 0 0 0 0 0 0 0 0 
936 120 0 0 0 0 0 0 0 0 0 0 0 0 0 0 
952 120 0 0 0 0 0 0 0 0 0 0 0 0 0 0 
968 120 0 0 0 0 0 0 0 0 0 0 0 0 0 0 
984 120 0 0 0 0 0 0 0 0 0 0 0 0 0 0 
1000 120 0 0 0 0 0 0 0 0 0 0 0 0 0 0 
1016 120 0 0 0 0 0 0 0 0 0 0 0 0 0 0 
1032 120 0 0 0 0 0 0 0 0 0 0 0 0 0 0 
1048 120 0 0 0 0 0 0 0 0 0 0 0 0 0 0 
1064 120 0 0 0 0 0 0 0 0 0 0 0 0 0 0 
1080 120 0 0 0 0 0 0 0 0 0 0 0 0 0 0 
1096 120 0 0 0 0 0 0 0 0 0 0 0 0 0 0 
1112 120 0 0 0 0 0 0 0 0 0 0 0 0 0 0 
1128 120 0 0 0 0 0 0 0 0 0 0 0 0 0 0 
1144 120 0 0 0 0 0 0 0 0 0 0 0 0 0 0 
1160 120 0 0 0 0 0 0 0 0 0 0 0 0 0 0 
1176 120 0 0 0 0 0 0 0 0 0 0 0 0 0 0 
1192 120 0 0 0 0 0 0 0 0 0 0 0 0 0 0 
1208 120 0 0 0 0 0 0 0 0 0 0 0 0 0 0 
1224 120 0 0 0 0 0 0 0 0 0 0 0 0 0 0 
1240 120 0 0 0 0 0 0 0 0 0 0 0 0 0 0 
1256 120 0 0 0 0 0 0 0 0 0 0 0 0 0 0 
1272 120 0 0 0 0 0 0 0 0 0 0 0 0 0 0 
1288 120 0 0 0 0 0 0 0 0 0 0 0 0 0 0 
1304 120 0 0 0 0 0 0 0 0 0 0 0 0 0 0 
1320 120 0 0 0 0 0 0 0 0 0 0 0 0 0 0 
1336 120 0 0 0 0 0 0 0 0 0 0 0 0 0 0 
1352 120 0 0 0 0 0 0 0 0 0 0 0 0 0 0 
1368 120 0 0 0 0 0 0 0 0 0 0 0 0 0 0 
1384 120 0 0 0 0 0 0 0 0 0 0 0 0 0 0 
1400 120 0 0 0 0 0 0 0 0 0 0 0 0 0 0 
1416 120 0 0 0 0 0 0 0 0 0 0 0 0 0 0 
1432 120 0 0 0 0 0 0 0 0 0 0 0 0 0 0 
1448 120 0 0 0 0 0 0 0 0 0 0 0 0 0 0 
1464 120 0 0 0 0 0 0 0 0 0 0 0 0 0 0 
1480 120 0 0 0 0 0 0 0 0 0 0 0 0 0 0 
1496 120 0 0 0 0 0 0 0 0 0 0 0 0 0 0 
1512 120 0 0 0 0 0 0 0 0 0 0 0 0 0 0 
1528 120 0 0 0 0 0 0 0 0 0 0 0 0 0 0 
1544 120 0 0 0 0 0 0 0 0 0 0 0 0 0 0 
1560 120 0 0 0 0 0 0 0 0 0 0 0 0 0 0 
1576 120 0 0 0 0 0 0 0 0 0 0 0 0 0 0 
1592 120 0 0 0 0 0 0 0 0 0 0 0 0 0 0 
1608 120 0 0 0 0 0 0 0 0 0 0 0 0 0 0 
1624 120 0 0 0 0 0 0 0 0 0 0 0 0 0 0 
1640 120 0 0 0 0 0 0 0 0 0 0 0 0 0 0 
1656 120 0 0 0 0 0 0 0 0 0 0 0 0 0 0 
1672 120 0 0 0 0 0 0 0 0 0 0 0 0 0 0 
1688 120 0 0 0 0 0 0 0 0 0 0 0 0 0 0 
1704 120 0 0 0 0 0 0 0 0 0 0 0 0 0 0 
1720 120 0 0 0 0 0 0 0 0 0 0 0 0 0 0 
1736 120 0 0 0 0 0 0 0 0 0 0 0 0 0 0 
1752 120 0 0 0 0 0 0 0 0 0 0 0 0 0 0 
1768 120 0 0 0 0 0 0 0 0 0 0 0 0 0 0 
1784 120 0 0 0 0 0 0 0 0 0 0 0 0 0 0 
1800 120 0 0 0 0 0 0 0 0 0 0 0 0 0 0 
1816 120 0 0 0 0 0 0 0 0 0 0 0 0 0 0 
1832 120 0 0 0 0 0 0 0 0 0 0 0 0 0 0 
1848 120 0 0 0 0 0 0 0 0 0 0 0 0 0 0 
1864 120 0 0 0 0 0 0 0 0 0 0 0 0 0 0 
1880 120 0 0 0 0 0 0 0 0 0 0 0 0 0 0 
1896 120 0 0 0 0 0 0 0 0 0 0 0 0 0 0 
1912 120 0 0 0 0 0 0 0 0 0 0 0 0 0 0 
1928 120 0 0 0 0 0 0 0 0 0 0 0 0 0 0 
1944 120 0 0 0 0 0 0 0 0 0 0 0 0 0 0 
1960 120 0 0 0 0 0 0 0 0 0 0 0 0 0 0 
1976 120 0 0 0 0 0 0 0 0 0 0 0 0 0 0 
1992 120 0 0 0 0 0 0 0 0 0 0 0 0 0 0 
2008 120 0 0 0 0 0 0 0 0 0 0 0 0 0 0 
2024 120 0 0 0 0 0 0 0 0 0 0 0 0 0 0 
2040 120 0 0 0 0 0 0 0 0 0 0 0 0 0 0 
2056 120 0 0 0 0 0 0 0 0 0 0 0 0 0 0 
2072 120 0 0 0 0 0 0 0 0 0 0 0 0 0 0 
2088 120 0 0 0 0 0 0 0 0 0 0 0 0 0 0 
2104 120 0 0 0 0 0 0 0 0 0 0 0 0 0 0 
2120 120 0 0 0 0 0 0 0 0 0 0 0 0 0 0 
2136 120 0 0 0 0 0 0 0 0 0 0 0 0 0 0 
2152 120 0 0 0 0 0 0 0 0 0 0 0 0 0 0 
2168 120 0 0 0 0 0 0 0 0 0 0 0 0 0 0 
2184 120 0 0 0 0 0 0 0 0 0 0 0 0 0 0 
2200 120 0 0 0 0 0 0 0 0 0 0 0 0 0 0 
2216 120 0 0 0 0 0 0 0 0 0 0 0 0 0 0 
2232 120 0 0 0 0 0 0 0 0 0 0 0 0 0 0 
2248 120 0 0 0 0 0 0 0 0 0 0 0 0 0 0 
2264 120 0 0 0 0 0 0 0 0 0 0 0 0 0 0 
2280 120 0 0 0 0 0 0 0 0 0 0 0 0 0 0 
2296 120 0 0 0 0 0 0 0 0 0 0 0 0 0 0 
2312 120 0 0 0 0 0 0 0 0 0 0 0 0 0 0 
2328 120 0 0 0 0 0 0 0 0 0 0 0 0 0 0 
2344 120 0 0 0 0 0 0 0 0 0 0 0 0 0 0 
2360 120 0 0 0 0 0 0 0 0 0 0 0 0 0 0 
2376 120 0 0 0 0 0 0 0 0 0 0 0 0 0 0 
2392 120 0 0 0 0 0 0 0 0 0 0 0 0 0 0 
2408 120 0 0 0 0 0 0 0 0 0 0 0 0 0 0 
2424 120 0 0 0 0 0 0 0 0 0 0 0 0 0 0 
2440 120 0 0 0 0 0 0 0 0 0 0 0 0 0 0 
2456 120 0 0 0 0 0 0 0 0 0 0 0 0 0 0 
2472 120 0 0 0 0 0 0 0 0 0 0 0 0 0 0 
2488 120 0 0 0 0 0 0 0 0 0 0 0 0 0 0 
2504 120 0 0 0 0 0 0 0 0 0 0 0 0 0 0 
2520 120 0 0 0 0 0 0 0 0 0 0 0 0 0 0 
2536 120 0 0 0 0 0 0 0 0 0 0 0 0 0 0 
24 136 0 0 0 0 0 0 0 0 0 0 0 0 0 0 
40 136 0 0 0 0 0 0 0 0 0 0 0 0 0 0 
56 136 0 0 0 0 0 0 0 0 0 0 0 0 0 0 
72 136 0 0 0 0 0 0 0 0 0 0 0 0 0 0 
88 136 0 0 0 0 0 0 0 0 0 0 0 0 0 0 
104 136 0 0 0 0 0 0 0 0 0 0 0 0 0 0 
120 136 0 0 0 0 0 0 0 0 0 0 0 0 0 0 
136 136 0 0 0 0 0 0 0 0 0 0 0 0 0 0 
152 136 0 0 0 0 0 0 0 0 0 0 0 0 0 0 
168 136 0 0 0 0 0 0 0 0 0 0 0 0 0 0 
184 136 0 0 0 0 0 0 0 0 0 0 0 0 0 0 
200 136 0 0 0 0 0 0 0 0 0 0 0 0 0 0 
216 136 0 0 0 0 0 0 0 0 0 0 0 0 0 0 
232 136 0 0 0 0 0 0 0 0 0 0 0 0 0 0 
248 136 0 0 0 0 0 0 0 0 0 0 0 0 0 0 
264 136 0 0 0 0 0 0 0 0 0 0 0 0 0 0 
280 136 0 0 0 0 0 0 0 0 0 0 0 0 0 0 
296 136 0 0 0 0 0 0 0 0 0 0 0 0 0 0 
312 136 0 0 0 0 0 0 0 0 0 0 0 0 0 0 
328 136 0 0 0 0 0 0 0 0 0 0 0 0 0 0 
344 136 0 0 0 0 0 0 0 0 0 0 0 0 0 0 
360 136 0 0 0 0 0 0 0 0 0 0 0 0 0 0 
376 136 0 0 0 0 0 0 0 0 0 0 0 0 0 0 
392 136 0 0 0 0 0 0 0 0 0 0 0 0 0 0 
408 136 0 0 0 0 0 0 0 0 0 0 0 0 0 0 
424 136 0 0 0 0 0 0 0 0 0 0 0 0 0 0 
440 136 0 0 0 0 0 0 0 0 0 0 0 0 0 0 
456 136 0 0 0 0 0 0 0 0 0 0 0 0 0 0 
472 136 0 0 0 0 0 0 0 0 0 0 0 0 0 0 
488 136 0 0 0 0 0 0 0 0 0 0 0 0 0 0 
504 136 0 0 0 0 0 0 0 0 0 0 0 0 0 0 
520 136 0 0 0 0 0 0 0 0 0 0 0 0 0 0 
536 136 0 0 0 0 0 0 0 0 0 0 0 0 0 0 
552 136 0 0 0 0 0 0 0 0 0 0 0 0 0 0 
568 136 0 0 0 0 0 0 0 0 0 0 0 0 0 0 
584 136 0 0 0 0 0 0 0 0 0 0 0 0 0 0 
600 136 0 0 0 0 0 0 0 0 0 0 0 0 0 0 
616 136 0 0 0 0 0 0 0 0 0 0 0 0 0 0 
632 136 0 0 0 0 0 0 0 0 0 0 0 0 0 0 
648 136 0 0 0 0 0 0 0 0 0 0 0 0 0 0 
664 136 0 0 0 0 0 0 0 0 0 0 0 0 0 0 
680 136 0 0 0 0 0 0 0 0 0 0 0 0 0 0 
696 136 0 0 0 0 0 0 0 0 0 0 0 0 0 0 
712 136 0 0 0 0 0 0 0 0 0 0 0 0 0 0 
728 136 0 0 0 0 0 0 0 0 0 0 0 0 0 0 
744 136 0 0 0 0 0 0 0 0 0 0 0 0 0 0 
760 136 0 0 0 0 0 0 0 0 0 0 0 0 0 0 
776 136 0 0 0 0 0 0 0 0 0 0 0 0 0 0 
792 136 0 0 0 0 0 0 0 0 0 0 0 0 0 0 
808 136 0 0 0 0 0 0 0 0 0 0 0 0 0 0 
824 136 0 0 0 0 0 0 0 0 0 0 0 0 0 0 
840 136 0 0 0 0 0 0 0 0 0 0 0 0 0 0 
856 136 0 0 0 0 0 0 0 0 0 0 0 0 0 0 
872 136 0 0 0 0 0 0 0 0 0 0 0 0 0 0 
888 136 0 0 0 0 0 0 0 0 0 0 0 0 0 0 
904 136 0 0 0 0 0 0 0 0 0 0 0 0 0 0 
920 136 0 0 0 0 0 0 0 0 0 0 0 0 0 0 
936 136 0 0 0 0 0 0 0 0 0 0 0 0 0 0 
952 136 0 0 0 0 0 0 0 0 0 0 0 0 0 0 
968 136 0 0 0 0 0 0 0 0 0 0 0 0 0 0 
984 136 0 0 0 0 0 0 0 0 0 0 0 0 0 0 
1000 136 0 0 0 0 0 0 0 0 0 0 0 0 0 0 
1016 136 0 0 0 0 0 0 0 0 0 0 0 0 0 0 
1032 136 0 0 0 0 0 0 0 0 0 0 0 0 0 0 
1048 136 0 0 0 0 0 0 0 0 0 0 0 0 0 0 
1064 136 0 0 0 0 0 0 0 0 0 0 0 0 0 0 
1080 136 0 0 0 0 0 0 0 0 0 0 0 0 0 0 
1096 136 0 0 0 0 0 0 0 0 0 0 0 0 0 0 
1112 136 0 0 0 0 0 0 0 0 0 0 0 0 0 0 
1128 136 0 0 0 0 0 0 0 0 0 0 0 0 0 0 
1144 136 0 0 0 0 0 0 0 0 0 0 0 0 0 0 
1160 136 0 0 0 0 0 0 0 0 0 0 0 0 0 0 
1176 136 0 0 0 0 0 0 0 0 0 0 0 0 0 0 
1192 136 0 0 0 0 0 0 0 0 0 0 0 0 0 0 
1208 136 0 0 0 0 0 0 0 0 0 0 0 0 0 0 
1224 136 0 0 0 0 0 0 0 0 0 0 0 0 0 0 
1240 136 0 0 0 0 0 0 0 0 0 0 0 0 0 0 
1256 136 0 0 0 0 0 0 0 0 0 0 0 0 0 0 
1272 136 0 0 0 0 0 0 0 0 0 0 0 0 0 0 
1288 136 0 0 0 0 0 0 0 0 0 0 0 0 0 0 
1304 136 0 0 0 0 0 0 0 0 0 0 0 0 0 0 
1320 136 0 0 0 0 0 0 0 0 0 0 0 0 0 0 
1336 136 0 0 0 0 0 0 0 0 0 0 0 0 0 0 
1352 136 0 0 0 0 0 0 0 0 0 0 0 0 0 0 
1368 136 0 0 0 0 0 0 0 0 0 0 0 0 0 0 
1384 136 0 0 0 0 0 0 0 0 0 0 0 0 0 0 
1400 136 0 0 0 0 0 0 0 0 0 0 0 0 0 0 
1416 136 0 0 0 0 0 0 0 0 0 0 0 0 0 0 
1432 136 0 0 0 0 0 0 0 0 0 0 0 0 0 0 
1448 136 0 0 0 0 0 0 0 0 0 0 0 0 0 0 
1464 136 0 0 0 0 0 0 0 0 0 0 0 0 0 0 
1480 136 0 0 0 0 0 0 0 0 0 0 0 0 0 0 
1496 136 0 0 0 0 0 0 0 0 0 0 0 0 0 0 
1512 136 0 0 0 0 0 0 0 0 0 0 0 0 0 0 
1528 136 0 0 0 0 0 0 0 0 0 0 0 0 0 0 
1544 136 0 0 0 0 0 0 0 0 0 0 0 0 0 0 
1560 136 0 0 0 0 0 0 0 0 0 0 0 0 0 0 
1576 136 0 0 0 0 0 0 0 0 0 0 0 0 0 0 
1592 136 0 0 0 0 0 0 0 0 0 0 0 0 0 0 
1608 136 0 0 0 0 0 0 0 0 0 0 0 0 0 0 
1624 136 0 0 0 0 0 0 0 0 0 0 0 0 0 0 
1640 136 0 0 0 0 0 0 0 0 0 0 0 0 0 0 
1656 136 0 0 0 0 0 0 0 0 0 0 0 0 0 0 
1672 136 0 0 0 0 0 0 0 0 0 0 0 0 0 0 
1688 136 0 0 0 0 0 0 0 0 0 0 0 0 0 0 
1704 136 0 0 0 0 0 0 0 0 0 0 0 0 0 0 
1720 136 0 0 0 0 0 0 0 0 0 0 0 0 0 0 
1736 136 0 0 0 0 0 0 0 0 0 0 0 0 0 0 
1752 136 0 0 0 0 0 0 0 0 0 0 0 0 0 0 
1768 136 0 0 0 0 0 0 0 0 0 0 0 0 0 0 
1784 136 0 0 0 0 0 0 0 0 0 0 0 0 0 0 
1800 136 0 0 0 0 0 0 0 0 0 0 0 0 0 0 
1816 136 0 0 0 0 0 0 0 0 0 0 0 0 0 0 
1832 136 0 0 0 0 0 0 0 0 0 0 0 0 0 0 
1848 136 0 0 0 0 0 0 0 0 0 0 0 0 0 0 
1864 136 0 0 0 0 0 0 0 0 0 0 0 0 0 0 
1880 136 0 0 0 0 0 0 0 0 0 0 0 0 0 0 
1896 136 0 0 0 0 0 0 0 0 0 0 0 0 0 0 
1912 136 0 0 0 0 0 0 0 0 0 0 0 0 0 0 
1928 136 0 0 0 0 0 0 0 0 0 0 0 0 0 0 
1944 136 0 0 0 0 0 0 0 0 0 0 0 0 0 0 
1960 136 0 0 0 0 0 0 0 0 0 0 0 0 0 0 
1976 136 0 0 0 0 0 0 0 0 0 0 0 0 0 0 
1992 136 0 0 0 0 0 0 0 0 0 0 0 0 0 0 
2008 136 0 0 0 0 0 0 0 0 0 0 0 0 0 0 
2024 136 0 0 0 0 0 0 0 0 0 0 0 0 0 0 
2040 136 0 0 0 0 0 0 0 0 0 0 0 0 0 0 
2056 136 0 0 0 0 0 0 0 0 0 0 0 0 0 0 
2072 136 0 0 0 0 0 0 0 0 0 0 0 0 0 0 
2088 136 0 0 0 0 0 0 0 0 0 0 0 0 0 0 
2104 136 0 0 0 0 0 0 0 0 0 0 0 0 0 0 
2120 136 0 0 0 0 0 0 0 0 0 0 0 0 0 0 
2136 136 0 0 0 0 0 0 0 0 0 0 0 0 0 0 
2152 136 0 0 0 0 0 0 0 0 0 0 0 0 0 0 
2168 136 0 0 0 0 0 0 0 0 0 0 0 0 0 0 
2184 136 0 0 0 0 0 0 0 0 0 0 0 0 0 0 
2200 136 0 0 0 0 0 0 0 0 0 0 0 0 0 0 
2216 136 0 0 0 0 0 0 0 0 0 0 0 0 0 0 
2232 136 0 0 0 0 0 0 0 0 0 0 0 0 0 0 
2248 136 0 0 0 0 0 0 0 0 0 0 0 0 0 0 
2264 136 0 0 0 0 0 0 0 0 0 0 0 0 0 0 
2280 136 0 0 0 0 0 0 0 0 0 0 0 0 0 0 
2296 136 0 0 0 0 0 0 0 0 0 0 0 0 0 0 
2312 136 0 0 0 0 0 0 0 0 0 0 0 0 0 0 
2328 136 0 0 0 0 0 0 0 0 0 0 0 0 0 0 
2344 136 0 0 0 0 0 0 0 0 0 0 0 0 0 0 
2360 136 0 0 0 0 0 0 0 0 0 0 0 0 0 0 
2376 136 0 0 0 0 0 0 0 0 0 0 0 0 0 0 
2392 136 0 0 0 0 0 0 0 0 0 0 0 0 0 0 
2408 136 0 0 0 0 0 0 0 0 0 0 0 0 0 0 
2424 136 0 0 0 0 0 0 0 0 0 0 0 0 0 0 
2440 136 0 0 0 0 0 0 0 0 0 0 0 0 0 0 
2456 136 0 0 0 0 0 0 0 0 0 0 0 0 0 0 
2472 136 0 0 0 0 0 0 0 0 0 0 0 0 0 0 
2488 136 0 0 0 0 0 0 0 0 0 0 0 0 0 0 
2504 136 0 0 0 0 0 0 0 0 0 0 0 0 0 0 
2520 136 0 0 0 0 0 0 0 0 0 0 0 0 0 0 
2536 136 0 0 0 0 0 0 0 0 0 0 0 0 0 0 
24 152 0 0 0 0 0 0 0 0 0 0 0 0 0 0 
40 152 0 0 0 0 0 0 0 0 0 0 0 0 0 0 
56 152 0 0 0 0 0 0 0 0 0 0 0 0 0 0 
72 152 0 0 0 0 0 0 0 0 0 0 0 0 0 0 
88 152 0 0 0 0 0 0 0 0 0 0 0 0 0 0 
104 152 0 0 0 0 0 0 0 0 0 0 0 0 0 0 
120 152 0 0 0 0 0 0 0 0 0 0 0 0 0 0 
136 152 0 0 0 0 0 0 0 0 0 0 0 0 0 0 
152 152 0 0 0 0 0 0 0 0 0 0 0 0 0 0 
168 152 0 0 0 0 0 0 0 0 0 0 0 0 0 0 
184 152 0 0 0 0 0 0 0 0 0 0 0 0 0 0 
200 152 0 0 0 0 0 0 0 0 0 0 0 0 0 0 
216 152 0 0 0 0 0 0 0 0 0 0 0 0 0 0 
232 152 0 0 0 0 0 0 0 0 0 0 0 0 0 0 
248 152 0 0 0 0 0 0 0 0 0 0 0 0 0 0 
264 152 0 0 0 0 0 0 0 0 0 0 0 0 0 0 
280 152 0 0 0 0 0 0 0 0 0 0 0 0 0 0 
296 152 0 0 0 0 0 0 0 0 0 0 0 0 0 0 
312 152 0 0 0 0 0 0 0 0 0 0 0 0 0 0 
328 152 0 0 0 0 0 0 0 0 0 0 0 0 0 0 
344 152 0 0 0 0 0 0 0 0 0 0 0 0 0 0 
360 152 0 0 0 0 0 0 0 0 0 0 0 0 0 0 
376 152 0 0 0 0 0 0 0 0 0 0 0 0 0 0 
392 152 0 0 0 0 0 0 0 0 0 0 0 0 0 0 
408 152 0 0 0 0 0 0 0 0 0 0 0 0 0 0 
424 152 0 0 0 0 0 0 0 0 0 0 0 0 0 0 
440 152 0 0 0 0 0 0 0 0 0 0 0 0 0 0 
456 152 0 0 0 0 0 0 0 0 0 0 0 0 0 0 
472 152 0 0 0 0 0 0 0 0 0 0 0 0 0 0 
488 152 0 0 0 0 0 0 0 0 0 0 0 0 0 0 
504 152 0 0 0 0 0 0 0 0 0 0 0 0 0 0 
520 152 0 0 0 0 0 0 0 0 0 0 0 0 0 0 
536 152 0 0 0 0 0 0 0 0 0 0 0 0 0 0 
552 152 0 0 0 0 0 0 0 0 0 0 0 0 0 0 
568 152 0 0 0 0 0 0 0 0 0 0 0 0 0 0 
584 152 0 0 0 0 0 0 0 0 0 0 0 0 0 0 
600 152 0 0 0 0 0 0 0 0 0 0 0 0 0 0 
616 152 0 0 0 0 0 0 0 0 0 0 0 0 0 0 
632 152 0 0 0 0 0 0 0 0 0 0 0 0 0 0 
648 152 0 0 0 0 0 0 0 0 0 0 0 0 0 0 
664 152 0 0 0 0 0 0 0 0 0 0 0 0 0 0 
680 152 0 0 0 0 0 0 0 0 0 0 0 0 0 0 
696 152 0 0 0 0 0 0 0 0 0 0 0 0 0 0 
712 152 0 0 0 0 0 0 0 0 0 0 0 0 0 0 
728 152 0 0 0 0 0 0 0 0 0 0 0 0 0 0 
744 152 0 0 0 0 0 0 0 0 0 0 0 0 0 0 
760 152 0 0 0 0 0 0 0 0 0 0 0 0 0 0 
776 152 0 0 0 0 0 0 0 0 0 0 0 0 0 0 
792 152 0 0 0 0 0 0 0 0 0 0 0 0 0 0 
808 152 0 0 0 0 0 0 0 0 0 0 0 0 0 0 
824 152 0 0 0 0 0 0 0 0 0 0 0 0 0 0 
840 152 0 0 0 0 0 0 0 0 0 0 0 0 0 0 
856 152 0 0 0 0 0 0 0 0 0 0 0 0 0 0 
872 152 0 0 0 0 0 0 0 0 0 0 0 0 0 0 
888 152 0 0 0 0 0 0 0 0 0 0 0 0 0 0 
904 152 0 0 0 0 0 0 0 0 0 0 0 0 0 0 
920 152 0 0 0 0 0 0 0 0 0 0 0 0 0 0 
936 152 0 0 0 0 0 0 0 0 0 0 0 0 0 0 
952 152 0 0 0 0 0 0 0 0 0 0 0 0 0 0 
968 152 0 0 0 0 0 0 0 0 0 0 0 0 0 0 
984 152 0 0 0 0 0 0 0 0 0 0 0 0 0 0 
1000 152 0 0 0 0 0 0 0 0 0 0 0 0 0 0 
1016 152 0 0 0 0 0 0 0 0 0 0 0 0 0 0 
1032 152 0 0 0 0 0 0 0 0 0 0 0 0 0 0 
1048 152 0 0 0 0 0 0 0 0 0 0 0 0 0 0 
1064 152 0 0 0 0 0 0 0 0 0 0 0 0 0 0 
1080 152 0 0 0 0 0 0 0 0 0 0 0 0 0 0 
1096 152 0 0 0 0 0 0 0 0 0 0 0 0 0 0 
1112 152 0 0 0 0 0 0 0 0 0 0 0 0 0 0 
1128 152 0 0 0 0 0 0 0 0 0 0 0 0 0 0 
1144 152 0 0 0 0 0 0 0 0 0 0 0 0 0 0 
1160 152 0 0 0 0 0 0 0 0 0 0 0 0 0 0 
1176 152 0 0 0 0 0 0 0 0 0 0 0 0 0 0 
1192 152 0 0 0 0 0 0 0 0 0 0 0 0 0 0 
1208 152 0 0 0 0 0 0 0 0 0 0 0 0 0 0 
1224 152 0 0 0 0 0 0 0 0 0 0 0 0 0 0 
1240 152 0 0 0 0 0 0 0 0 0 0 0 0 0 0 
1256 152 0 0 0 0 0 0 0 0 0 0 0 0 0 0 
1272 152 0 0 0 0 0 0 0 0 0 0 0 0 0 0 
1288 152 0 0 0 0 0 0 0 0 0 0 0 0 0 0 
1304 152 0 0 0 0 0 0 0 0 0 0 0 0 0 0 
1320 152 0 0 0 0 0 0 0 0 0 0 0 0 0 0 
1336 152 0 0 0 0 0 0 0 0 0 0 0 0 0 0 
1352 152 0 0 0 0 0 0 0 0 0 0 0 0 0 0 
1368 152 0 0 0 0 0 0 0 0 0 0 0 0 0 0 
1384 152 0 0 0 0 0 0 0 0 0 0 0 0 0 0 
1400 152 0 0 0 0 0 0 0 0 0 0 0 0 0 0 
1416 152 0 0 0 0 0 0 0 0 0 0 0 0 0 0 
1432 152 0 0 0 0 0 0 0 0 0 0 0 0 0 0 
1448 152 0 0 0 0 0 0 0 0 0 0 0 0 0 0 
1464 152 0 0 0 0 0 0 0 0 0 0 0 0 0 0 
1480 152 0 0 0 0 0 0 0 0 0 0 0 0 0 0 
1496 152 0 0 0 0 0 0 0 0 0 0 0 0 0 0 
1512 152 0 0 0 0 0 0 0 0 0 0 0 0 0 0 
1528 152 0 0 0 0 0 0 0 0 0 0 0 0 0 0 
1544 152 0 0 0 0 0 0 0 0 0 0 0 0 0 0 
1560 152 0 0 0 0 0 0 0 0 0 0 0 0 0 0 
1576 152 0 0 0 0 0 0 0 0 0 0 0 0 0 0 
1592 152 0 0 0 0 0 0 0 0 0 0 0 0 0 0 
1608 152 0 0 0 0 0 0 0 0 0 0 0 0 0 0 
1624 152 0 0 0 0 0 0 0 0 0 0 0 0 0 0 
1640 152 0 0 0 0 0 0 0 0 0 0 0 0 0 0 
1656 152 0 0 0 0 0 0 0 0 0 0 0 0 0 0 
1672 152 0 0 0 0 0 0 0 0 0 0 0 0 0 0 
1688 152 0 0 0 0 0 0 0 0 0 0 0 0 0 0 
1704 152 0 0 0 0 0 0 0 0 0 0 0 0 0 0 
1720 152 0 0 0 0 0 0 0 0 0 0 0 0 0 0 
1736 152 0 0 0 0 0 0 0 0 0 0 0 0 0 0 
1752 152 0 0 0 0 0 0 0 0 0 0 0 0 0 0 
1768 152 0 0 0 0 0 0 0 0 0 0 0 0 0 0 
1784 152 0 0 0 0 0 0 0 0 0 0 0 0 0 0 
1800 152 0 0 0 0 0 0 0 0 0 0 0 0 0 0 
1816 152 0 0 0 0 0 0 0 0 0 0 0 0 0 0 
1832 152 0 0 0 0 0 0 0 0 0 0 0 0 0 0 
1848 152 0 0 0 0 0 0 0 0 0 0 0 0 0 0 
1864 152 0 0 0 0 0 0 0 0 0 0 0 0 0 0 
1880 152 0 0 0 0 0 0 0 0 0 0 0 0 0 0 
1896 152 0 0 0 0 0 0 0 0 0 0 0 0 0 0 
1912 152 0 0 0 0 0 0 0 0 0 0 0 0 0 0 
1928 152 0 0 0 0 0 0 0 0 0 0 0 0 0 0 
1944 152 0 0 0 0 0 0 0 0 0 0 0 0 0 0 
1960 152 0 0 0 0 0 0 0 0 0 0 0 0 0 0 
1976 152 0 0 0 0 0 0 0 0 0 0 0 0 0 0 
1992 152 0 0 0 0 0 0 0 0 0 0 0 0 0 0 
2008 152 0 0 0 0 0 0 0 0 0 0 0 0 0 0 
2024 152 0 0 0 0 0 0 0 0 0 0 0 0 0 0 
2040 152 0 0 0 0 0 0 0 0 0 0 0 0 0 0 
2056 152 0 0 0 0 0 0 0 0 0 0 0 0 0 0 
2072 152 0 0 0 0 0 0 0 0 0 0 0 0 0 0 
2088 152 0 0 0 0 0 0 0 0 0 0 0 0 0 0 
2104 152 0 0 0 0 0 0 0 0 0 0 0 0 0 0 
2120 152 0 0 0 0 0 0 0 0 0 0 0 0 0 0 
2136 152 0 0 0 0 0 0 0 0 0 0 0 0 0 0 
2152 152 0 0 0 0 0 0 0 0 0 0 0 0 0 0 
2168 152 0 0 0 0 0 0 0 0 0 0 0 0 0 0 
2184 152 0 0 0 0 0 0 0 0 0 0 0 0 0 0 
2200 152 0 0 0 0 0 0 0 0 0 0 0 0 0 0 
2216 152 0 0 0 0 0 0 0 0 0 0 0 0 0 0 
2232 152 0 0 0 0 0 0 0 0 0 0 0 0 0 0 
2248 152 0 0 0 0 0 0 0 0 0 0 0 0 0 0 
2264 152 0 0 0 0 0 0 0 0 0 0 0 0 0 0 
2280 152 0 0 0 0 0 0 0 0 0 0 0 0 0 0 
2296 152 0 0 0 0 0 0 0 0 0 0 0 0 0 0 
2312 152 0 0 0 0 0 0 0 0 0 0 0 0 0 0 
2328 152 0 0 0 0 0 0 0 0 0 0 0 0 0 0 
2344 152 0 0 0 0 0 0 0 0 0 0 0 0 0 0 
2360 152 0 0 0 0 0 0 0 0 0 0 0 0 0 0 
2376 152 0 0 0 0 0 0 0 0 0 0 0 0 0 0 
2392 152 0 0 0 0 0 0 0 0 0 0 0 0 0 0 
2408 152 0 0 0 0 0 0 0 0 0 0 0 0 0 0 
2424 152 0 0 0 0 0 0 0 0 0 0 0 0 0 0 
2440 152 0 0 0 0 0 0 0 0 0 0 0 0 0 0 
2456 152 0 0 0 0 0 0 0 0 0 0 0 0 0 0 
2472 152 0 0 0 0 0 0 0 0 0 0 0 0 0 0 
2488 152 0 0 0 0 0 0 0 0 0 0 0 0 0 0 
2504 152 0 0 0 0 0 0 0 0 0 0 0 0 0 0 
2520 152 0 0 0 0 0 0 0 0 0 0 0 0 0 0 
2536 152 0 0 0 0 0 0 0 0 0 0 0 0 0 0 
24 168 0 0 0 0 0 0 0 0 0 0 0 0 0 0 
40 168 0 0 0 0 0 0 0 0 0 0 0 0 0 0 
56 168 0 0 0 0 0 0 0 0 0 0 0 0 0 0 
72 168 0 0 0 0 0 0 0 0 0 0 0 0 0 0 
88 168 0 0 0 0 0 0 0 0 0 0 0 0 0 0 
104 168 0 0 0 0 0 0 0 0 0 0 0 0 0 0 
120 168 0 0 0 0 0 0 0 0 0 0 0 0 0 0 
136 168 0 0 0 0 0 0 0 0 0 0 0 0 0 0 
152 168 0 0 0 0 0 0 0 0 0 0 0 0 0 0 
168 168 0 0 0 0 0 0 0 0 0 0 0 0 0 0 
184 168 0 0 0 0 0 0 0 0 0 0 0 0 0 0 
200 168 0 0 0 0 0 0 0 0 0 0 0 0 0 0 
216 168 0 0 0 0 0 0 0 0 0 0 0 0 0 0 
232 168 0 0 0 0 0 0 0 0 0 0 0 0 0 0 
248 168 0 0 0 0 0 0 0 0 0 0 0 0 0 0 
264 168 0 0 0 0 0 0 0 0 0 0 0 0 0 0 
280 168 0 0 0 0 0 0 0 0 0 0 0 0 0 0 
296 168 0 0 0 0 0 0 0 0 0 0 0 0 0 0 
312 168 0 0 0 0 0 0 0 0 0 0 0 0 0 0 
328 168 0 0 0 0 0 0 0 0 0 0 0 0 0 0 
344 168 0 0 0 0 0 0 0 0 0 0 0 0 0 0 
360 168 0 0 0 0 0 0 0 0 0 0 0 0 0 0 
376 168 0 0 0 0 0 0 0 0 0 0 0 0 0 0 
392 168 0 0 0 0 0 0 0 0 0 0 0 0 0 0 
408 168 0 0 0 0 0 0 0 0 0 0 0 0 0 0 
424 168 0 0 0 0 0 0 0 0 0 0 0 0 0 0 
440 168 0 0 0 0 0 0 0 0 0 0 0 0 0 0 
456 168 0 0 0 0 0 0 0 0 0 0 0 0 0 0 
472 168 0 0 0 0 0 0 0 0 0 0 0 0 0 0 
488 168 0 0 0 0 0 0 0 0 0 0 0 0 0 0 
504 168 0 0 0 0 0 0 0 0 0 0 0 0 0 0 
520 168 0 0 0 0 0 0 0 0 0 0 0 0 0 0 
536 168 0 0 0 0 0 0 0 0 0 0 0 0 0 0 
552 168 0 0 0 0 0 0 0 0 0 0 0 0 0 0 
568 168 0 0 0 0 0 0 0 0 0 0 0 0 0 0 
584 168 0 0 0 0 0 0 0 0 0 0 0 0 0 0 
600 168 0 0 0 0 0 0 0 0 0 0 0 0 0 0 
616 168 0 0 0 0 0 0 0 0 0 0 0 0 0 0 
632 168 0 0 0 0 0 0 0 0 0 0 0 0 0 0 
648 168 0 0 0 0 0 0 0 0 0 0 0 0 0 0 
664 168 0 0 0 0 0 0 0 0 0 0 0 0 0 0 
680 168 0 0 0 0 0 0 0 0 0 0 0 0 0 0 
696 168 0 0 0 0 0 0 0 0 0 0 0 0 0 0 
712 168 0 0 0 0 0 0 0 0 0 0 0 0 0 0 
728 168 0 0 0 0 0 0 0 0 0 0 0 0 0 0 
744 168 0 0 0 0 0 0 0 0 0 0 0 0 0 0 
760 168 0 0 0 0 0 0 0 0 0 0 0 0 0 0 
776 168 0 0 0 0 0 0 0 0 0 0 0 0 0 0 
792 168 0 0 0 0 0 0 0 0 0 0 0 0 0 0 
808 168 0 0 0 0 0 0 0 0 0 0 0 0 0 0 
824 168 0 0 0 0 0 0 0 0 0 0 0 0 0 0 
840 168 0 0 0 0 0 0 0 0 0 0 0 0 0 0 
856 168 0 0 0 0 0 0 0 0 0 0 0 0 0 0 
872 168 0 0 0 0 0 0 0 0 0 0 0 0 0 0 
888 168 0 0 0 0 0 0 0 0 0 0 0 0 0 0 
904 168 0 0 0 0 0 0 0 0 0 0 0 0 0 0 
920 168 0 0 0 0 0 0 0 0 0 0 0 0 0 0 
936 168 0 0 0 0 0 0 0 0 0 0 0 0 0 0 
952 168 0 0 0 0 0 0 0 0 0 0 0 0 0 0 
968 168 0 0 0 0 0 0 0 0 0 0 0 0 0 0 
984 168 0 0 0 0 0 0 0 0 0 0 0 0 0 0 
1000 168 0 0 0 0 0 0 0 0 0 0 0 0 0 0 
1016 168 0 0 0 0 0 0 0 0 0 0 0 0 0 0 
1032 168 0 0 0 0 0 0 0 0 0 0 0 0 0 0 
1048 168 0 0 0 0 0 0 0 0 0 0 0 0 0 0 
1064 168 0 0 0 0 0 0 0 0 0 0 0 0 0 0 
1080 168 0 0 0 0 0 0 0 0 0 0 0 0 0 0 
1096 168 0 0 0 0 0 0 0 0 0 0 0 0 0 0 
1112 168 0 0 0 0 0 0 0 0 0 0 0 0 0 0 
1128 168 0 0 0 0 0 0 0 0 0 0 0 0 0 0 
1144 168 0 0 0 0 0 0 0 0 0 0 0 0 0 0 
1160 168 0 0 0 0 0 0 0 0 0 0 0 0 0 0 
1176 168 0 0 0 0 0 0 0 0 0 0 0 0 0 0 
1192 168 0 0 0 0 0 0 0 0 0 0 0 0 0 0 
1208 168 0 0 0 0 0 0 0 0 0 0 0 0 0 0 
1224 168 0 0 0 0 0 0 0 0 0 0 0 0 0 0 
1240 168 0 0 0 0 0 0 0 0 0 0 0 0 0 0 
1256 168 0 0 0 0 0 0 0 0 0 0 0 0 0 0 
1272 168 0 0 0 0 0 0 0 0 0 0 0 0 0 0 
1288 168 0 0 0 0 0 0 0 0 0 0 0 0 0 0 
1304 168 0 0 0 0 0 0 0 0 0 0 0 0 0 0 
1320 168 0 0 0 0 0 0 0 0 0 0 0 0 0 0 
1336 168 0 0 0 0 0 0 0 0 0 0 0 0 0 0 
1352 168 0 0 0 0 0 0 0 0 0 0 0 0 0 0 
1368 168 0 0 0 0 0 0 0 0 0 0 0 0 0 0 
1384 168 0 0 0 0 0 0 0 0 0 0 0 0 0 0 
1400 168 0 0 0 0 0 0 0 0 0 0 0 0 0 0 
1416 168 0 0 0 0 0 0 0 0 0 0 0 0 0 0 
1432 168 0 0 0 0 0 0 0 0 0 0 0 0 0 0 
1448 168 0 0 0 0 0 0 0 0 0 0 0 0 0 0 
1464 168 0 0 0 0 0 0 0 0 0 0 0 0 0 0 
1480 168 0 0 0 0 0 0 0 0 0 0 0 0 0 0 
1496 168 0 0 0 0 0 0 0 0 0 0 0 0 0 0 
1512 168 0 0 0 0 0 0 0 0 0 0 0 0 0 0 
1528 168 0 0 0 0 0 0 0 0 0 0 0 0 0 0 
1544 168 0 0 0 0 0 0 0 0 0 0 0 0 0 0 
1560 168 0 0 0 0 0 0 0 0 0 0 0 0 0 0 
1576 168 0 0 0 0 0 0 0 0 0 0 0 0 0 0 
1592 168 0 0 0 0 0 0 0 0 0 0 0 0 0 0 
1608 168 0 0 0 0 0 0 0 0 0 0 0 0 0 0 
1624 168 0 0 0 0 0 0 0 0 0 0 0 0 0 0 
1640 168 0 0 0 0 0 0 0 0 0 0 0 0 0 0 
1656 168 0 0 0 0 0 0 0 0 0 0 0 0 0 0 
1672 168 0 0 0 0 0 0 0 0 0 0 0 0 0 0 
1688 168 0 0 0 0 0 0 0 0 0 0 0 0 0 0 
1704 168 0 0 0 0 0 0 0 0 0 0 0 0 0 0 
1720 168 0 0 0 0 0 0 0 0 0 0 0 0 0 0 
1736 168 0 0 0 0 0 0 0 0 0 0 0 0 0 0 
1752 168 0 0 0 0 0 0 0 0 0 0 0 0 0 0 
1768 168 0 0 0 0 0 0 0 0 0 0 0 0 0 0 
1784 168 0 0 0 0 0 0 0 0 0 0 0 0 0 0 
1800 168 0 0 0 0 0 0 0 0 0 0 0 0 0 0 
1816 168 0 0 0 0 0 0 0 0 0 0 0 0 0 0 
1832 168 0 0 0 0 0 0 0 0 0 0 0 0 0 0 
1848 168 0 0 0 0 0 0 0 0 0 0 0 0 0 0 
1864 168 0 0 0 0 0 0 0 0 0 0 0 0 0 0 
1880 168 0 0 0 0 0 0 0 0 0 0 0 0 0 0 
1896 168 0 0 0 0 0 0 0 0 0 0 0 0 0 0 
1912 168 0 0 0 0 0 0 0 0 0 0 0 0 0 0 
1928 168 0 0 0 0 0 0 0 0 0 0 0 0 0 0 
1944 168 0 0 0 0 0 0 0 0 0 0 0 0 0 0 
1960 168 0 0 0 0 0 0 0 0 0 0 0 0 0 0 
1976 168 0 0 0 0 0 0 0 0 0 0 0 0 0 0 
1992 168 0 0 0 0 0 0 0 0 0 0 0 0 0 0 
2008 168 0 0 0 0 0 0 0 0 0 0 0 0 0 0 
2024 168 0 0 0 0 0 0 0 0 0 0 0 0 0 0 
2040 168 0 0 0 0 0 0 0 0 0 0 0 0 0 0 
2056 168 0 0 0 0 0 0 0 0 0 0 0 0 0 0 
2072 168 0 0 0 0 0 0 0 0 0 0 0 0 0 0 
2088 168 0 0 0 0 0 0 0 0 0 0 0 0 0 0 
2104 168 0 0 0 0 0 0 0 0 0 0 0 0 0 0 
2120 168 0 0 0 0 0 0 0 0 0 0 0 0 0 0 
2136 168 0 0 0 0 0 0 0 0 0 0 0 0 0 0 
2152 168 0 0 0 0 0 0 0 0 0 0 0 0 0 0 
2168 168 0 0 0 0 0 0 0 0 0 0 0 0 0 0 
2184 168 0 0 0 0 0 0 0 0 0 0 0 0 0 0 
2200 168 0 0 0 0 0 0 0 0 0 0 0 0 0 0 
2216 168 0 0 0 0 0 0 0 0 0 0 0 0 0 0 
2232 168 0 0 0 0 0 0 0 0 0 0 0 0 0 0 
2248 168 0 0 0 0 0 0 0 0 0 0 0 0 0 0 
2264 168 0 0 0 0 0 0 0 0 0 0 0 0 0 0 
2280 168 0 0 0 0 0 0 0 0 0 0 0 0 0 0 
2296 168 0 0 0 0 0 0 0 0 0 0 0 0 0 0 
2312 168 0 0 0 0 0 0 0 0 0 0 0 0 0 0 
2328 168 0 0 0 0 0 0 0 0 0 0 0 0 0 0 
2344 168 0 0 0 0 0 0 0 0 0 0 0 0 0 0 
2360 168 0 0 0 0 0 0 0 0 0 0 0 0 0 0 
2376 168 0 0 0 0 0 0 0 0 0 0 0 0 0 0 
2392 168 0 0 0 0 0 0 0 0 0 0 0 0 0 0 
2408 168 0 0 0 0 0 0 0 0 0 0 0 0 0 0 
2424 168 0 0 0 0 0 0 0 0 0 0 0 0 0 0 
2440 168 0 0 0 0 0 0 0 0 0 0 0 0 0 0 
2456 168 0 0 0 0 0 0 0 0 0 0 0 0 0 0 
2472 168 0 0 0 0 0 0 0 0 0 0 0 0 0 0 
2488 168 0 0 0 0 0 0 0 0 0 0 0 0 0 0 
2504 168 0 0 0 0 0 0 0 0 0 0 0 0 0 0 
2520 168 0 0 0 0 0 0 0 0 0 0 0 0 0 0 
2536 168 0 0 0 0 0 0 0 0 0 0 0 0 0 0 
24 184 0 0 0 0 0 0 0 0 0 0 0 0 0 0 
40 184 0 0 0 0 0 0 0 0 0 0 0 0 0 0 
56 184 0 0 0 0 0 0 0 0 0 0 0 0 0 0 
72 184 0 0 0 0 0 0 0 0 0 0 0 0 0 0 
88 184 0 0 0 0 0 0 0 0 0 0 0 0 0 0 
104 184 0 0 0 0 0 0 0 0 0 0 0 0 0 0 
120 184 0 0 0 0 0 0 0 0 0 0 0 0 0 0 
136 184 0 0 0 0 0 0 0 0 0 0 0 0 0 0 
152 184 0 0 0 0 0 0 0 0 0 0 0 0 0 0 
168 184 0 0 0 0 0 0 0 0 0 0 0 0 0 0 
184 184 0 0 0 0 0 0 0 0 0 0 0 0 0 0 
200 184 0 0 0 0 0 0 0 0 0 0 0 0 0 0 
216 184 0 0 0 0 0 0 0 0 0 0 0 0 0 0 
232 184 0 0 0 0 0 0 0 0 0 0 0 0 0 0 
248 184 0 0 0 0 0 0 0 0 0 0 0 0 0 0 
264 184 0 0 0 0 0 0 0 0 0 0 0 0 0 0 
280 184 0 0 0 0 0 0 0 0 0 0 0 0 0 0 
296 184 0 0 0 0 0 0 0 0 0 0 0 0 0 0 
312 184 0 0 0 0 0 0 0 0 0 0 0 0 0 0 
328 184 0 0 0 0 0 0 0 0 0 0 0 0 0 0 
344 184 0 0 0 0 0 0 0 0 0 0 0 0 0 0 
360 184 0 0 0 0 0 0 0 0 0 0 0 0 0 0 
376 184 0 0 0 0 0 0 0 0 0 0 0 0 0 0 
392 184 0 0 0 0 0 0 0 0 0 0 0 0 0 0 
408 184 0 0 0 0 0 0 0 0 0 0 0 0 0 0 
424 184 0 0 0 0 0 0 0 0 0 0 0 0 0 0 
440 184 0 0 0 0 0 0 0 0 0 0 0 0 0 0 
456 184 0 0 0 0 0 0 0 0 0 0 0 0 0 0 
472 184 0 0 0 0 0 0 0 0 0 0 0 0 0 0 
488 184 0 0 0 0 0 0 0 0 0 0 0 0 0 0 
504 184 0 0 0 0 0 0 0 0 0 0 0 0 0 0 
520 184 0 0 0 0 0 0 0 0 0 0 0 0 0 0 
536 184 0 0 0 0 0 0 0 0 0 0 0 0 0 0 
552 184 0 0 0 0 0 0 0 0 0 0 0 0 0 0 
568 184 0 0 0 0 0 0 0 0 0 0 0 0 0 0 
584 184 0 0 0 0 0 0 0 0 0 0 0 0 0 0 
600 184 0 0 0 0 0 0 0 0 0 0 0 0 0 0 
616 184 0 0 0 0 0 0 0 0 0 0 0 0 0 0 
632 184 0 0 0 0 0 0 0 0 0 0 0 0 0 0 
648 184 0 0 0 0 0 0 0 0 0 0 0 0 0 0 
664 184 0 0 0 0 0 0 0 0 0 0 0 0 0 0 
680 184 0 0 0 0 0 0 0 0 0 0 0 0 0 0 
696 184 0 0 0 0 0 0 0 0 0 0 0 0 0 0 
712 184 0 0 0 0 0 0 0 0 0 0 0 0 0 0 
728 184 0 0 0 0 0 0 0 0 0 0 0 0 0 0 
744 184 0 0 0 0 0 0 0 0 0 0 0 0 0 0 
760 184 0 0 0 0 0 0 0 0 0 0 0 0 0 0 
776 184 0 0 0 0 0 0 0 0 0 0 0 0 0 0 
792 184 0 0 0 0 0 0 0 0 0 0 0 0 0 0 
808 184 0 0 0 0 0 0 0 0 0 0 0 0 0 0 
824 184 0 0 0 0 0 0 0 0 0 0 0 0 0 0 
840 184 0 0 0 0 0 0 0 0 0 0 0 0 0 0 
856 184 0 0 0 0 0 0 0 0 0 0 0 0 0 0 
872 184 0 0 0 0 0 0 0 0 0 0 0 0 0 0 
888 184 0 0 0 0 0 0 0 0 0 0 0 0 0 0 
904 184 0 0 0 0 0 0 0 0 0 0 0 0 0 0 
920 184 0 0 0 0 0 0 0 0 0 0 0 0 0 0 
936 184 0 0 0 0 0 0 0 0 0 0 0 0 0 0 
952 184 0 0 0 0 0 0 0 0 0 0 0 0 0 0 
968 184 0 0 0 0 0 0 0 0 0 0 0 0 0 0 
984 184 0 0 0 0 0 0 0 0 0 0 0 0 0 0 
1000 184 0 0 0 0 0 0 0 0 0 0 0 0 0 0 
1016 184 0 0 0 0 0 0 0 0 0 0 0 0 0 0 
1032 184 0 0 0 0 0 0 0 0 0 0 0 0 0 0 
1048 184 0 0 0 0 0 0 0 0 0 0 0 0 0 0 
1064 184 0 0 0 0 0 0 0 0 0 0 0 0 0 0 
1080 184 0 0 0 0 0 0 0 0 0 0 0 0 0 0 
1096 184 0 0 0 0 0 0 0 0 0 0 0 0 0 0 
1112 184 0 0 0 0 0 0 0 0 0 0 0 0 0 0 
1128 184 0 0 0 0 0 0 0 0 0 0 0 0 0 0 
1144 184 0 0 0 0 0 0 0 0 0 0 0 0 0 0 
1160 184 0 0 0 0 0 0 0 0 0 0 0 0 0 0 
1176 184 0 0 0 0 0 0 0 0 0 0 0 0 0 0 
1192 184 0 0 0 0 0 0 0 0 0 0 0 0 0 0 
1208 184 0 0 0 0 0 0 0 0 0 0 0 0 0 0 
1224 184 0 0 0 0 0 0 0 0 0 0 0 0 0 0 
1240 184 0 0 0 0 0 0 0 0 0 0 0 0 0 0 
1256 184 0 0 0 0 0 0 0 0 0 0 0 0 0 0 
1272 184 0 0 0 0 0 0 0 0 0 0 0 0 0 0 
1288 184 0 0 0 0 0 0 0 0 0 0 0 0 0 0 
1304 184 0 0 0 0 0 0 0 0 0 0 0 0 0 0 
1320 184 0 0 0 0 0 0 0 0 0 0 0 0 0 0 
1336 184 0 0 0 0 0 0 0 0 0 0 0 0 0 0 
1352 184 0 0 0 0 0 0 0 0 0 0 0 0 0 0 
1368 184 0 0 0 0 0 0 0 0 0 0 0 0 0 0 
1384 184 0 0 0 0 0 0 0 0 0 0 0 0 0 0 
1400 184 0 0 0 0 0 0 0 0 0 0 0 0 0 0 
1416 184 0 0 0 0 0 0 0 0 0 0 0 0 0 0 
1432 184 0 0 0 0 0 0 0 0 0 0 0 0 0 0 
1448 184 0 0 0 0 0 0 0 0 0 0 0 0 0 0 
1464 184 0 0 0 0 0 0 0 0 0 0 0 0 0 0 
1480 184 0 0 0 0 0 0 0 0 0 0 0 0 0 0 
1496 184 0 0 0 0 0 0 0 0 0 0 0 0 0 0 
1512 184 0 0 0 0 0 0 0 0 0 0 0 0 0 0 
1528 184 0 0 0 0 0 0 0 0 0 0 0 0 0 0 
1544 184 0 0 0 0 0 0 0 0 0 0 0 0 0 0 
1560 184 0 0 0 0 0 0 0 0 0 0 0 0 0 0 
1576 184 0 0 0 0 0 0 0 0 0 0 0 0 0 0 
1592 184 0 0 0 0 0 0 0 0 0 0 0 0 0 0 
1608 184 0 0 0 0 0 0 0 0 0 0 0 0 0 0 
1624 184 0 0 0 0 0 0 0 0 0 0 0 0 0 0 
1640 184 0 0 0 0 0 0 0 0 0 0 0 0 0 0 
1656 184 0 0 0 0 0 0 0 0 0 0 0 0 0 0 
1672 184 0 0 0 0 0 0 0 0 0 0 0 0 0 0 
1688 184 0 0 0 0 0 0 0 0 0 0 0 0 0 0 
1704 184 0 0 0 0 0 0 0 0 0 0 0 0 0 0 
1720 184 0 0 0 0 0 0 0 0 0 0 0 0 0 0 
1736 184 0 0 0 0 0 0 0 0 0 0 0 0 0 0 
1752 184 0 0 0 0 0 0 0 0 0 0 0 0 0 0 
1768 184 0 0 0 0 0 0 0 0 0 0 0 0 0 0 
1784 184 0 0 0 0 0 0 0 0 0 0 0 0 0 0 
1800 184 0 0 0 0 0 0 0 0 0 0 0 0 0 0 
1816 184 0 0 0 0 0 0 0 0 0 0 0 0 0 0 
1832 184 0 0 0 0 0 0 0 0 0 0 0 0 0 0 
1848 184 0 0 0 0 0 0 0 0 0 0 0 0 0 0 
1864 184 0 0 0 0 0 0 0 0 0 0 0 0 0 0 
1880 184 0 0 0 0 0 0 0 0 0 0 0 0 0 0 
1896 184 0 0 0 0 0 0 0 0 0 0 0 0 0 0 
1912 184 0 0 0 0 0 0 0 0 0 0 0 0 0 0 
1928 184 0 0 0 0 0 0 0 0 0 0 0 0 0 0 
1944 184 0 0 0 0 0 0 0 0 0 0 0 0 0 0 
1960 184 0 0 0 0 0 0 0 0 0 0 0 0 0 0 
1976 184 0 0 0 0 0 0 0 0 0 0 0 0 0 0 
1992 184 0 0 0 0 0 0 0 0 0 0 0 0 0 0 
2008 184 0 0 0 0 0 0 0 0 0 0 0 0 0 0 
2024 184 0 0 0 0 0 0 0 0 0 0 0 0 0 0 
2040 184 0 0 0 0 0 0 0 0 0 0 0 0 0 0 
2056 184 0 0 0 0 0 0 0 0 0 0 0 0 0 0 
2072 184 0 0 0 0 0 0 0 0 0 0 0 0 0 0 
2088 184 0 0 0 0 0 0 0 0 0 0 0 0 0 0 
2104 184 0 0 0 0 0 0 0 0 0 0 0 0 0 0 
2120 184 0 0 0 0 0 0 0 0 0 0 0 0 0 0 
2136 184 0 0 0 0 0 0 0 0 0 0 0 0 0 0 
2152 184 0 0 0 0 0 0 0 0 0 0 0 0 0 0 
2168 184 0 0 0 0 0 0 0 0 0 0 0 0 0 0 
2184 184 0 0 0 0 0 0 0 0 0 0 0 0 0 0 
2200 184 0 0 0 0 0 0 0 0 0 0 0 0 0 0 
2216 184 0 0 0 0 0 0 0 0 0 0 0 0 0 0 
2232 184 0 0 0 0 0 0 0 0 0 0 0 0 0 0 
2248 184 0 0 0 0 0 0 0 0 0 0 0 0 0 0 
2264 184 0 0 0 0 0 0 0 0 0 0 0 0 0 0 
2280 184 0 0 0 0 0 0 0 0 0 0 0 0 0 0 
2296 184 0 0 0 0 0 0 0 0 0 0 0 0 0 0 
2312 184 0 0 0 0 0 0 0 0 0 0 0 0 0 0 
2328 184 0 0 0 0 0 0 0 0 0 0 0 0 0 0 
2344 184 0 0 0 0 0 0 0 0 0 0 0 0 0 0 
2360 184 0 0 0 0 0 0 0 0 0 0 0 0 0 0 
2376 184 0 0 0 0 0 0 0 0 0 0 0 0 0 0 
2392 184 0 0 0 0 0 0 0 0 0 0 0 0 0 0 
2408 184 0 0 0 0 0 0 0 0 0 0 0 0 0 0 
2424 184 0 0 0 0 0 0 0 0 0 0 0 0 0 0 
2440 184 0 0 0 0 0 0 0 0 0 0 0 0 0 0 
2456 184 0 0 0 0 0 0 0 0 0 0 0 0 0 0 
2472 184 0 0 0 0 0 0 0 0 0 0 0 0 0 0 
2488 184 0 0 0 0 0 0 0 0 0 0 0 0 0 0 
2504 184 0 0 0 0 0 0 0 0 0 0 0 0 0 0 
2520 184 0 0 0 0 0 0 0 0 0 0 0 0 0 0 
2536 184 0 0 0 0 0 0 0 0 0 0 0 0 0 0 
24 200 0 0 0 0 0 0 0 0 0 0 0 0 0 0 
40 200 0 0 0 0 0 0 0 0 0 0 0 0 0 0 
56 200 0 0 0 0 0 0 0 0 0 0 0 0 0 0 
72 200 0 0 0 0 0 0 0 0 0 0 0 0 0 0 
88 200 0 0 0 0 0 0 0 0 0 0 0 0 0 0 
104 200 0 0 0 0 0 0 0 0 0 0 0 0 0 0 
120 200 0 0 0 0 0 0 0 0 0 0 0 0 0 0 
136 200 0 0 0 0 0 0 0 0 0 0 0 0 0 0 
152 200 0 0 0 0 0 0 0 0 0 0 0 0 0 0 
168 200 0 0 0 0 0 0 0 0 0 0 0 0 0 0 
184 200 0 0 0 0 0 0 0 0 0 0 0 0 0 0 
200 200 0 0 0 0 0 0 0 0 0 0 0 0 0 0 
216 200 0 0 0 0 0 0 0 0 0 0 0 0 0 0 
232 200 0 0 0 0 0 0 0 0 0 0 0 0 0 0 
248 200 0 0 0 0 0 0 0 0 0 0 0 0 0 0 
264 200 0 0 0 0 0 0 0 0 0 0 0 0 0 0 
280 200 0 0 0 0 0 0 0 0 0 0 0 0 0 0 
296 200 0 0 0 0 0 0 0 0 0 0 0 0 0 0 
312 200 0 0 0 0 0 0 0 0 0 0 0 0 0 0 
328 200 0 0 0 0 0 0 0 0 0 0 0 0 0 0 
344 200 0 0 0 0 0 0 0 0 0 0 0 0 0 0 
360 200 0 0 0 0 0 0 0 0 0 0 0 0 0 0 
376 200 0 0 0 0 0 0 0 0 0 0 0 0 0 0 
392 200 0 0 0 0 0 0 0 0 0 0 0 0 0 0 
408 200 0 0 0 0 0 0 0 0 0 0 0 0 0 0 
424 200 0 0 0 0 0 0 0 0 0 0 0 0 0 0 
440 200 0 0 0 0 0 0 0 0 0 0 0 0 0 0 
456 200 0 0 0 0 0 0 0 0 0 0 0 0 0 0 
472 200 0 0 0 0 0 0 0 0 0 0 0 0 0 0 
488 200 0 0 0 0 0 0 0 0 0 0 0 0 0 0 
504 200 0 0 0 0 0 0 0 0 0 0 0 0 0 0 
520 200 0 0 0 0 0 0 0 0 0 0 0 0 0 0 
536 200 0 0 0 0 0 0 0 0 0 0 0 0 0 0 
552 200 0 0 0 0 0 0 0 0 0 0 0 0 0 0 
568 200 0 0 0 0 0 0 0 0 0 0 0 0 0 0 
584 200 0 0 0 0 0 0 0 0 0 0 0 0 0 0 
600 200 0 0 0 0 0 0 0 0 0 0 0 0 0 0 
616 200 0 0 0 0 0 0 0 0 0 0 0 0 0 0 
632 200 0 0 0 0 0 0 0 0 0 0 0 0 0 0 
648 200 0 0 0 0 0 0 0 0 0 0 0 0 0 0 
664 200 0 0 0 0 0 0 0 0 0 0 0 0 0 0 
680 200 0 0 0 0 0 0 0 0 0 0 0 0 0 0 
696 200 0 0 0 0 0 0 0 0 0 0 0 0 0 0 
712 200 0 0 0 0 0 0 0 0 0 0 0 0 0 0 
728 200 0 0 0 0 0 0 0 0 0 0 0 0 0 0 
744 200 0 0 0 0 0 0 0 0 0 0 0 0 0 0 
760 200 0 0 0 0 0 0 0 0 0 0 0 0 0 0 
776 200 0 0 0 0 0 0 0 0 0 0 0 0 0 0 
792 200 0 0 0 0 0 0 0 0 0 0 0 0 0 0 
808 200 0 0 0 0 0 0 0 0 0 0 0 0 0 0 
824 200 0 0 0 0 0 0 0 0 0 0 0 0 0 0 
840 200 0 0 0 0 0 0 0 0 0 0 0 0 0 0 
856 200 0 0 0 0 0 0 0 0 0 0 0 0 0 0 
872 200 0 0 0 0 0 0 0 0 0 0 0 0 0 0 
888 200 0 0 0 0 0 0 0 0 0 0 0 0 0 0 
904 200 0 0 0 0 0 0 0 0 0 0 0 0 0 0 
920 200 0 0 0 0 0 0 0 0 0 0 0 0 0 0 
936 200 0 0 0 0 0 0 0 0 0 0 0 0 0 0 
952 200 0 0 0 0 0 0 0 0 0 0 0 0 0 0 
968 200 0 0 0 0 0 0 0 0 0 0 0 0 0 0 
984 200 0 0 0 0 0 0 0 0 0 0 0 0 0 0 
1000 200 0 0 0 0 0 0 0 0 0 0 0 0 0 0 
1016 200 0 0 0 0 0 0 0 0 0 0 0 0 0 0 
1032 200 0 0 0 0 0 0 0 0 0 0 0 0 0 0 
1048 200 0 0 0 0 0 0 0 0 0 0 0 0 0 0 
1064 200 0 0 0 0 0 0 0 0 0 0 0 0 0 0 
1080 200 0 0 0 0 0 0 0 0 0 0 0 0 0 0 
1096 200 0 0 0 0 0 0 0 0 0 0 0 0 0 0 
1112 200 0 0 0 0 0 0 0 0 0 0 0 0 0 0 
1128 200 0 0 0 0 0 0 0 0 0 0 0 0 0 0 
1144 200 0 0 0 0 0 0 0 0 0 0 0 0 0 0 
1160 200 0 0 0 0 0 0 0 0 0 0 0 0 0 0 
1176 200 0 0 0 0 0 0 0 0 0 0 0 0 0 0 
1192 200 0 0 0 0 0 0 0 0 0 0 0 0 0 0 
1208 200 0 0 0 0 0 0 0 0 0 0 0 0 0 0 
1224 200 0 0 0 0 0 0 0 0 0 0 0 0 0 0 
1240 200 0 0 0 0 0 0 0 0 0 0 0 0 0 0 
1256 200 0 0 0 0 0 0 0 0 0 0 0 0 0 0 
1272 200 0 0 0 0 0 0 0 0 0 0 0 0 0 0 
1288 200 0 0 0 0 0 0 0 0 0 0 0 0 0 0 
1304 200 0 0 0 0 0 0 0 0 0 0 0 0 0 0 
1320 200 0 0 0 0 0 0 0 0 0 0 0 0 0 0 
1336 200 0 0 0 0 0 0 0 0 0 0 0 0 0 0 
1352 200 0 0 0 0 0 0 0 0 0 0 0 0 0 0 
1368 200 0 0 0 0 0 0 0 0 0 0 0 0 0 0 
1384 200 0 0 0 0 0 0 0 0 0 0 0 0 0 0 
1400 200 0 0 0 0 0 0 0 0 0 0 0 0 0 0 
1416 200 0 0 0 0 0 0 0 0 0 0 0 0 0 0 
1432 200 0 0 0 0 0 0 0 0 0 0 0 0 0 0 
1448 200 0 0 0 0 0 0 0 0 0 0 0 0 0 0 
1464 200 0 0 0 0 0 0 0 0 0 0 0 0 0 0 
1480 200 0 0 0 0 0 0 0 0 0 0 0 0 0 0 
1496 200 0 0 0 0 0 0 0 0 0 0 0 0 0 0 
1512 200 0 0 0 0 0 0 0 0 0 0 0 0 0 0 
1528 200 0 0 0 0 0 0 0 0 0 0 0 0 0 0 
1544 200 0 0 0 0 0 0 0 0 0 0 0 0 0 0 
1560 200 0 0 0 0 0 0 0 0 0 0 0 0 0 0 
1576 200 0 0 0 0 0 0 0 0 0 0 0 0 0 0 
1592 200 0 0 0 0 0 0 0 0 0 0 0 0 0 0 
1608 200 0 0 0 0 0 0 0 0 0 0 0 0 0 0 
1624 200 0 0 0 0 0 0 0 0 0 0 0 0 0 0 
1640 200 0 0 0 0 0 0 0 0 0 0 0 0 0 0 
1656 200 0 0 0 0 0 0 0 0 0 0 0 0 0 0 
1672 200 0 0 0 0 0 0 0 0 0 0 0 0 0 0 
1688 200 0 0 0 0 0 0 0 0 0 0 0 0 0 0 
1704 200 0 0 0 0 0 0 0 0 0 0 0 0 0 0 
1720 200 0 0 0 0 0 0 0 0 0 0 0 0 0 0 
1736 200 0 0 0 0 0 0 0 0 0 0 0 0 0 0 
1752 200 0 0 0 0 0 0 0 0 0 0 0 0 0 0 
1768 200 0 0 0 0 0 0 0 0 0 0 0 0 0 0 
1784 200 0 0 0 0 0 0 0 0 0 0 0 0 0 0 
1800 200 0 0 0 0 0 0 0 0 0 0 0 0 0 0 
1816 200 0 0 0 0 0 0 0 0 0 0 0 0 0 0 
1832 200 0 0 0 0 0 0 0 0 0 0 0 0 0 0 
1848 200 0 0 0 0 0 0 0 0 0 0 0 0 0 0 
1864 200 0 0 0 0 0 0 0 0 0 0 0 0 0 0 
1880 200 0 0 0 0 0 0 0 0 0 0 0 0 0 0 
1896 200 0 0 0 0 0 0 0 0 0 0 0 0 0 0 
1912 200 0 0 0 0 0 0 0 0 0 0 0 0 0 0 
1928 200 0 0 0 0 0 0 0 0 0 0 0 0 0 0 
1944 200 0 0 0 0 0 0 0 0 0 0 0 0 0 0 
1960 200 0 0 0 0 0 0 0 0 0 0 0 0 0 0 
1976 200 0 0 0 0 0 0 0 0 0 0 0 0 0 0 
1992 200 0 0 0 0 0 0 0 0 0 0 0 0 0 0 
2008 200 0 0 0 0 0 0 0 0 0 0 0 0 0 0 
2024 200 0 0 0 0 0 0 0 0 0 0 0 0 0 0 
2040 200 0 0 0 0 0 0 0 0 0 0 0 0 0 0 
2056 200 0 0 0 0 0 0 0 0 0 0 0 0 0 0 
2072 200 0 0 0 0 0 0 0 0 0 0 0 0 0 0 
2088 200 0 0 0 0 0 0 0 0 0 0 0 0 0 0 
2104 200 0 0 0 0 0 0 0 0 0 0 0 0 0 0 
2120 200 0 0 0 0 0 0 0 0 0 0 0 0 0 0 
2136 200 0 0 0 0 0 0 0 0 0 0 0 0 0 0 
2152 200 0 0 0 0 0 0 0 0 0 0 0 0 0 0 
2168 200 0 0 0 0 0 0 0 0 0 0 0 0 0 0 
2184 200 0 0 0 0 0 0 0 0 0 0 0 0 0 0 
2200 200 0 0 0 0 0 0 0 0 0 0 0 0 0 0 
2216 200 0 0 0 0 0 0 0 0 0 0 0 0 0 0 
2232 200 0 0 0 0 0 0 0 0 0 0 0 0 0 0 
2248 200 0 0 0 0 0 0 0 0 0 0 0 0 0 0 
2264 200 0 0 0 0 0 0 0 0 0 0 0 0 0 0 
2280 200 0 0 0 0 0 0 0 0 0 0 0 0 0 0 
2296 200 0 0 0 0 0 0 0 0 0 0 0 0 0 0 
2312 200 0 0 0 0 0 0 0 0 0 0 0 0 0 0 
2328 200 0 0 0 0 0 0 0 0 0 0 0 0 0 0 
2344 200 0 0 0 0 0 0 0 0 0 0 0 0 0 0 
2360 200 0 0 0 0 0 0 0 0 0 0 0 0 0 0 
2376 200 0 0 0 0 0 0 0 0 0 0 0 0 0 0 
2392 200 0 0 0 0 0 0 0 0 0 0 0 0 0 0 
2408 200 0 0 0 0 0 0 0 0 0 0 0 0 0 0 
2424 200 0 0 0 0 0 0 0 0 0 0 0 0 0 0 
2440 200 0 0 0 0 0 0 0 0 0 0 0 0 0 0 
2456 200 0 0 0 0 0 0 0 0 0 0 0 0 0 0 
2472 200 0 0 0 0 0 0 0 0 0 0 0 0 0 0 
2488 200 0 0 0 0 0 0 0 0 0 0 0 0 0 0 
2504 200 0 0 0 0 0 0 0 0 0 0 0 0 0 0 
2520 200 0 0 0 0 0 0 0 0 0 0 0 0 0 0 
2536 200 0 0 0 0 0 0 0 0 0 0 0 0 0 0 
24 216 0 0 0 0 0 0 0 0 0 0 0 0 0 0 
40 216 0 0 0 0 0 0 0 0 0 0 0 0 0 0 
56 216 0 0 0 0 0 0 0 0 0 0 0 0 0 0 
72 216 0 0 0 0 0 0 0 0 0 0 0 0 0 0 
88 216 0 0 0 0 0 0 0 0 0 0 0 0 0 0 
104 216 0 0 0 0 0 0 0 0 0 0 0 0 0 0 
120 216 0 0 0 0 0 0 0 0 0 0 0 0 0 0 
136 216 0 0 0 0 0 0 0 0 0 0 0 0 0 0 
152 216 0 0 0 0 0 0 0 0 0 0 0 0 0 0 
168 216 0 0 0 0 0 0 0 0 0 0 0 0 0 0 
184 216 0 0 0 0 0 0 0 0 0 0 0 0 0 0 
200 216 0 0 0 0 0 0 0 0 0 0 0 0 0 0 
216 216 0 0 0 0 0 0 0 0 0 0 0 0 0 0 
232 216 0 0 0 0 0 0 0 0 0 0 0 0 0 0 
248 216 0 0 0 0 0 0 0 0 0 0 0 0 0 0 
264 216 0 0 0 0 0 0 0 0 0 0 0 0 0 0 
280 216 0 0 0 0 0 0 0 0 0 0 0 0 0 0 
296 216 0 0 0 0 0 0 0 0 0 0 0 0 0 0 
312 216 0 0 0 0 0 0 0 0 0 0 0 0 0 0 
328 216 0 0 0 0 0 0 0 0 0 0 0 0 0 0 
344 216 0 0 0 0 0 0 0 0 0 0 0 0 0 0 
360 216 0 0 0 0 0 0 0 0 0 0 0 0 0 0 
376 216 0 0 0 0 0 0 0 0 0 0 0 0 0 0 
392 216 0 0 0 0 0 0 0 0 0 0 0 0 0 0 
408 216 0 0 0 0 0 0 0 0 0 0 0 0 0 0 
424 216 0 0 0 0 0 0 0 0 0 0 0 0 0 0 
440 216 0 0 0 0 0 0 0 0 0 0 0 0 0 0 
456 216 0 0 0 0 0 0 0 0 0 0 0 0 0 0 
472 216 0 0 0 0 0 0 0 0 0 0 0 0 0 0 
488 216 0 0 0 0 0 0 0 0 0 0 0 0 0 0 
504 216 0 0 0 0 0 0 0 0 0 0 0 0 0 0 
520 216 0 0 0 0 0 0 0 0 0 0 0 0 0 0 
536 216 0 0 0 0 0 0 0 0 0 0 0 0 0 0 
552 216 0 0 0 0 0 0 0 0 0 0 0 0 0 0 
568 216 0 0 0 0 0 0 0 0 0 0 0 0 0 0 
584 216 0 0 0 0 0 0 0 0 0 0 0 0 0 0 
600 216 0 0 0 0 0 0 0 0 0 0 0 0 0 0 
616 216 0 0 0 0 0 0 0 0 0 0 0 0 0 0 
632 216 0 0 0 0 0 0 0 0 0 0 0 0 0 0 
648 216 0 0 0 0 0 0 0 0 0 0 0 0 0 0 
664 216 0 0 0 0 0 0 0 0 0 0 0 0 0 0 
680 216 0 0 0 0 0 0 0 0 0 0 0 0 0 0 
696 216 0 0 0 0 0 0 0 0 0 0 0 0 0 0 
712 216 0 0 0 0 0 0 0 0 0 0 0 0 0 0 
728 216 0 0 0 0 0 0 0 0 0 0 0 0 0 0 
744 216 0 0 0 0 0 0 0 0 0 0 0 0 0 0 
760 216 0 0 0 0 0 0 0 0 0 0 0 0 0 0 
776 216 0 0 0 0 0 0 0 0 0 0 0 0 0 0 
792 216 0 0 0 0 0 0 0 0 0 0 0 0 0 0 
808 216 0 0 0 0 0 0 0 0 0 0 0 0 0 0 
824 216 0 0 0 0 0 0 0 0 0 0 0 0 0 0 
840 216 0 0 0 0 0 0 0 0 0 0 0 0 0 0 
856 216 0 0 0 0 0 0 0 0 0 0 0 0 0 0 
872 216 0 0 0 0 0 0 0 0 0 0 0 0 0 0 
888 216 0 0 0 0 0 0 0 0 0 0 0 0 0 0 
904 216 0 0 0 0 0 0 0 0 0 0 0 0 0 0 
920 216 0 0 0 0 0 0 0 0 0 0 0 0 0 0 
936 216 0 0 0 0 0 0 0 0 0 0 0 0 0 0 
952 216 0 0 0 0 0 0 0 0 0 0 0 0 0 0 
968 216 0 0 0 0 0 0 0 0 0 0 0 0 0 0 
984 216 0 0 0 0 0 0 0 0 0 0 0 0 0 0 
1000 216 0 0 0 0 0 0 0 0 0 0 0 0 0 0 
1016 216 0 0 0 0 0 0 0 0 0 0 0 0 0 0 
1032 216 0 0 0 0 0 0 0 0 0 0 0 0 0 0 
1048 216 0 0 0 0 0 0 0 0 0 0 0 0 0 0 
1064 216 0 0 0 0 0 0 0 0 0 0 0 0 0 0 
1080 216 0 0 0 0 0 0 0 0 0 0 0 0 0 0 
1096 216 0 0 0 0 0 0 0 0 0 0 0 0 0 0 
1112 216 0 0 0 0 0 0 0 0 0 0 0 0 0 0 
1128 216 0 0 0 0 0 0 0 0 0 0 0 0 0 0 
1144 216 0 0 0 0 0 0 0 0 0 0 0 0 0 0 
1160 216 0 0 0 0 0 0 0 0 0 0 0 0 0 0 
1176 216 0 0 0 0 0 0 0 0 0 0 0 0 0 0 
1192 216 0 0 0 0 0 0 0 0 0 0 0 0 0 0 
1208 216 0 0 0 0 0 0 0 0 0 0 0 0 0 0 
1224 216 0 0 0 0 0 0 0 0 0 0 0 0 0 0 
1240 216 0 0 0 0 0 0 0 0 0 0 0 0 0 0 
1256 216 0 0 0 0 0 0 0 0 0 0 0 0 0 0 
1272 216 0 0 0 0 0 0 0 0 0 0 0 0 0 0 
1288 216 0 0 0 0 0 0 0 0 0 0 0 0 0 0 
1304 216 0 0 0 0 0 0 0 0 0 0 0 0 0 0 
1320 216 0 0 0 0 0 0 0 0 0 0 0 0 0 0 
1336 216 0 0 0 0 0 0 0 0 0 0 0 0 0 0 
1352 216 0 0 0 0 0 0 0 0 0 0 0 0 0 0 
1368 216 0 0 0 0 0 0 0 0 0 0 0 0 0 0 
1384 216 0 0 0 0 0 0 0 0 0 0 0 0 0 0 
1400 216 0 0 0 0 0 0 0 0 0 0 0 0 0 0 
1416 216 0 0 0 0 0 0 0 0 0 0 0 0 0 0 
1432 216 0 0 0 0 0 0 0 0 0 0 0 0 0 0 
1448 216 0 0 0 0 0 0 0 0 0 0 0 0 0 0 
1464 216 0 0 0 0 0 0 0 0 0 0 0 0 0 0 
1480 216 0 0 0 0 0 0 0 0 0 0 0 0 0 0 
1496 216 0 0 0 0 0 0 0 0 0 0 0 0 0 0 
1512 216 0 0 0 0 0 0 0 0 0 0 0 0 0 0 
1528 216 0 0 0 0 0 0 0 0 0 0 0 0 0 0 
1544 216 0 0 0 0 0 0 0 0 0 0 0 0 0 0 
1560 216 0 0 0 0 0 0 0 0 0 0 0 0 0 0 
1576 216 0 0 0 0 0 0 0 0 0 0 0 0 0 0 
1592 216 0 0 0 0 0 0 0 0 0 0 0 0 0 0 
1608 216 0 0 0 0 0 0 0 0 0 0 0 0 0 0 
1624 216 0 0 0 0 0 0 0 0 0 0 0 0 0 0 
1640 216 0 0 0 0 0 0 0 0 0 0 0 0 0 0 
1656 216 0 0 0 0 0 0 0 0 0 0 0 0 0 0 
1672 216 0 0 0 0 0 0 0 0 0 0 0 0 0 0 
1688 216 0 0 0 0 0 0 0 0 0 0 0 0 0 0 
1704 216 0 0 0 0 0 0 0 0 0 0 0 0 0 0 
1720 216 0 0 0 0 0 0 0 0 0 0 0 0 0 0 
1736 216 0 0 0 0 0 0 0 0 0 0 0 0 0 0 
1752 216 0 0 0 0 0 0 0 0 0 0 0 0 0 0 
1768 216 0 0 0 0 0 0 0 0 0 0 0 0 0 0 
1784 216 0 0 0 0 0 0 0 0 0 0 0 0 0 0 
1800 216 0 0 0 0 0 0 0 0 0 0 0 0 0 0 
1816 216 0 0 0 0 0 0 0 0 0 0 0 0 0 0 
1832 216 0 0 0 0 0 0 0 0 0 0 0 0 0 0 
1848 216 0 0 0 0 0 0 0 0 0 0 0 0 0 0 
1864 216 0 0 0 0 0 0 0 0 0 0 0 0 0 0 
1880 216 0 0 0 0 0 0 0 0 0 0 0 0 0 0 
1896 216 0 0 0 0 0 0 0 0 0 0 0 0 0 0 
1912 216 0 0 0 0 0 0 0 0 0 0 0 0 0 0 
1928 216 0 0 0 0 0 0 0 0 0 0 0 0 0 0 
1944 216 0 0 0 0 0 0 0 0 0 0 0 0 0 0 
1960 216 0 0 0 0 0 0 0 0 0 0 0 0 0 0 
1976 216 0 0 0 0 0 0 0 0 0 0 0 0 0 0 
1992 216 0 0 0 0 0 0 0 0 0 0 0 0 0 0 
2008 216 0 0 0 0 0 0 0 0 0 0 0 0 0 0 
2024 216 0 0 0 0 0 0 0 0 0 0 0 0 0 0 
2040 216 0 0 0 0 0 0 0 0 0 0 0 0 0 0 
2056 216 0 0 0 0 0 0 0 0 0 0 0 0 0 0 
2072 216 0 0 0 0 0 0 0 0 0 0 0 0 0 0 
2088 216 0 0 0 0 0 0 0 0 0 0 0 0 0 0 
2104 216 0 0 0 0 0 0 0 0 0 0 0 0 0 0 
2120 216 0 0 0 0 0 0 0 0 0 0 0 0 0 0 
2136 216 0 0 0 0 0 0 0 0 0 0 0 0 0 0 
2152 216 0 0 0 0 0 0 0 0 0 0 0 0 0 0 
2168 216 0 0 0 0 0 0 0 0 0 0 0 0 0 0 
2184 216 0 0 0 0 0 0 0 0 0 0 0 0 0 0 
2200 216 0 0 0 0 0 0 0 0 0 0 0 0 0 0 
2216 216 0 0 0 0 0 0 0 0 0 0 0 0 0 0 
2232 216 0 0 0 0 0 0 0 0 0 0 0 0 0 0 
2248 216 0 0 0 0 0 0 0 0 0 0 0 0 0 0 
2264 216 0 0 0 0 0 0 0 0 0 0 0 0 0 0 
2280 216 0 0 0 0 0 0 0 0 0 0 0 0 0 0 
2296 216 0 0 0 0 0 0 0 0 0 0 0 0 0 0 
2312 216 0 0 0 0 0 0 0 0 0 0 0 0 0 0 
2328 216 0 0 0 0 0 0 0 0 0 0 0 0 0 0 
2344 216 0 0 0 0 0 0 0 0 0 0 0 0 0 0 
2360 216 0 0 0 0 0 0 0 0 0 0 0 0 0 0 
2376 216 0 0 0 0 0 0 0 0 0 0 0 0 0 0 
2392 216 0 0 0 0 0 0 0 0 0 0 0 0 0 0 
2408 216 0 0 0 0 0 0 0 0 0 0 0 0 0 0 
2424 216 0 0 0 0 0 0 0 0 0 0 0 0 0 0 
2440 216 0 0 0 0 0 0 0 0 0 0 0 0 0 0 
2456 216 0 0 0 0 0 0 0 0 0 0 0 0 0 0 
2472 216 0 0 0 0 0 0 0 0 0 0 0 0 0 0 
2488 216 0 0 0 0 0 0 0 0 0 0 0 0 0 0 
2504 216 0 0 0 0 0 0 0 0 0 0 0 0 0 0 
2520 216 0 0 0 0 0 0 0 0 0 0 0 0 0 0 
2536 216 0 0 0 0 0 0 0 0 0 0 0 0 0 0 
24 232 0 0 0 0 0 0 0 0 0 0 0 0 0 0 
40 232 0 0 0 0 0 0 0 0 0 0 0 0 0 0 
56 232 0 0 0 0 0 0 0 0 0 0 0 0 0 0 
72 232 0 0 0 0 0 0 0 0 0 0 0 0 0 0 
88 232 0 0 0 0 0 0 0 0 0 0 0 0 0 0 
104 232 0 0 0 0 0 0 0 0 0 0 0 0 0 0 
120 232 0 0 0 0 0 0 0 0 0 0 0 0 0 0 
136 232 0 0 0 0 0 0 0 0 0 0 0 0 0 0 
152 232 0 0 0 0 0 0 0 0 0 0 0 0 0 0 
168 232 0 0 0 0 0 0 0 0 0 0 0 0 0 0 
184 232 0 0 0 0 0 0 0 0 0 0 0 0 0 0 
200 232 0 0 0 0 0 0 0 0 0 0 0 0 0 0 
216 232 0 0 0 0 0 0 0 0 0 0 0 0 0 0 
232 232 0 0 0 0 0 0 0 0 0 0 0 0 0 0 
248 232 0 0 0 0 0 0 0 0 0 0 0 0 0 0 
264 232 0 0 0 0 0 0 0 0 0 0 0 0 0 0 
280 232 0 0 0 0 0 0 0 0 0 0 0 0 0 0 
296 232 0 0 0 0 0 0 0 0 0 0 0 0 0 0 
312 232 0 0 0 0 0 0 0 0 0 0 0 0 0 0 
328 232 0 0 0 0 0 0 0 0 0 0 0 0 0 0 
344 232 0 0 0 0 0 0 0 0 0 0 0 0 0 0 
360 232 0 0 0 0 0 0 0 0 0 0 0 0 0 0 
376 232 0 0 0 0 0 0 0 0 0 0 0 0 0 0 
392 232 0 0 0 0 0 0 0 0 0 0 0 0 0 0 
408 232 0 0 0 0 0 0 0 0 0 0 0 0 0 0 
424 232 0 0 0 0 0 0 0 0 0 0 0 0 0 0 
440 232 0 0 0 0 0 0 0 0 0 0 0 0 0 0 
456 232 0 0 0 0 0 0 0 0 0 0 0 0 0 0 
472 232 0 0 0 0 0 0 0 0 0 0 0 0 0 0 
488 232 0 0 0 0 0 0 0 0 0 0 0 0 0 0 
504 232 0 0 0 0 0 0 0 0 0 0 0 0 0 0 
520 232 0 0 0 0 0 0 0 0 0 0 0 0 0 0 
536 232 0 0 0 0 0 0 0 0 0 0 0 0 0 0 
552 232 0 0 0 0 0 0 0 0 0 0 0 0 0 0 
568 232 0 0 0 0 0 0 0 0 0 0 0 0 0 0 
584 232 0 0 0 0 0 0 0 0 0 0 0 0 0 0 
600 232 0 0 0 0 0 0 0 0 0 0 0 0 0 0 
616 232 0 0 0 0 0 0 0 0 0 0 0 0 0 0 
632 232 0 0 0 0 0 0 0 0 0 0 0 0 0 0 
648 232 0 0 0 0 0 0 0 0 0 0 0 0 0 0 
664 232 0 0 0 0 0 0 0 0 0 0 0 0 0 0 
680 232 0 0 0 0 0 0 0 0 0 0 0 0 0 0 
696 232 0 0 0 0 0 0 0 0 0 0 0 0 0 0 
712 232 0 0 0 0 0 0 0 0 0 0 0 0 0 0 
728 232 0 0 0 0 0 0 0 0 0 0 0 0 0 0 
744 232 0 0 0 0 0 0 0 0 0 0 0 0 0 0 
760 232 0 0 0 0 0 0 0 0 0 0 0 0 0 0 
776 232 0 0 0 0 0 0 0 0 0 0 0 0 0 0 
792 232 0 0 0 0 0 0 0 0 0 0 0 0 0 0 
808 232 0 0 0 0 0 0 0 0 0 0 0 0 0 0 
824 232 0 0 0 0 0 0 0 0 0 0 0 0 0 0 
840 232 0 0 0 0 0 0 0 0 0 0 0 0 0 0 
856 232 0 0 0 0 0 0 0 0 0 0 0 0 0 0 
872 232 0 0 0 0 0 0 0 0 0 0 0 0 0 0 
888 232 0 0 0 0 0 0 0 0 0 0 0 0 0 0 
904 232 0 0 0 0 0 0 0 0 0 0 0 0 0 0 
920 232 0 0 0 0 0 0 0 0 0 0 0 0 0 0 
936 232 0 0 0 0 0 0 0 0 0 0 0 0 0 0 
952 232 0 0 0 0 0 0 0 0 0 0 0 0 0 0 
968 232 0 0 0 0 0 0 0 0 0 0 0 0 0 0 
984 232 0 0 0 0 0 0 0 0 0 0 0 0 0 0 
1000 232 0 0 0 0 0 0 0 0 0 0 0 0 0 0 
1016 232 0 0 0 0 0 0 0 0 0 0 0 0 0 0 
1032 232 0 0 0 0 0 0 0 0 0 0 0 0 0 0 
1048 232 0 0 0 0 0 0 0 0 0 0 0 0 0 0 
1064 232 0 0 0 0 0 0 0 0 0 0 0 0 0 0 
1080 232 0 0 0 0 0 0 0 0 0 0 0 0 0 0 
1096 232 0 0 0 0 0 0 0 0 0 0 0 0 0 0 
1112 232 0 0 0 0 0 0 0 0 0 0 0 0 0 0 
1128 232 0 0 0 0 0 0 0 0 0 0 0 0 0 0 
1144 232 0 0 0 0 0 0 0 0 0 0 0 0 0 0 
1160 232 0 0 0 0 0 0 0 0 0 0 0 0 0 0 
1176 232 0 0 0 0 0 0 0 0 0 0 0 0 0 0 
1192 232 0 0 0 0 0 0 0 0 0 0 0 0 0 0 
1208 232 0 0 0 0 0 0 0 0 0 0 0 0 0 0 
1224 232 0 0 0 0 0 0 0 0 0 0 0 0 0 0 
1240 232 0 0 0 0 0 0 0 0 0 0 0 0 0 0 
1256 232 0 0 0 0 0 0 0 0 0 0 0 0 0 0 
1272 232 0 0 0 0 0 0 0 0 0 0 0 0 0 0 
1288 232 0 0 0 0 0 0 0 0 0 0 0 0 0 0 
1304 232 0 0 0 0 0 0 0 0 0 0 0 0 0 0 
1320 232 0 0 0 0 0 0 0 0 0 0 0 0 0 0 
1336 232 0 0 0 0 0 0 0 0 0 0 0 0 0 0 
1352 232 0 0 0 0 0 0 0 0 0 0 0 0 0 0 
1368 232 0 0 0 0 0 0 0 0 0 0 0 0 0 0 
1384 232 0 0 0 0 0 0 0 0 0 0 0 0 0 0 
1400 232 0 0 0 0 0 0 0 0 0 0 0 0 0 0 
1416 232 0 0 0 0 0 0 0 0 0 0 0 0 0 0 
1432 232 0 0 0 0 0 0 0 0 0 0 0 0 0 0 
1448 232 0 0 0 0 0 0 0 0 0 0 0 0 0 0 
1464 232 0 0 0 0 0 0 0 0 0 0 0 0 0 0 
1480 232 0 0 0 0 0 0 0 0 0 0 0 0 0 0 
1496 232 0 0 0 0 0 0 0 0 0 0 0 0 0 0 
1512 232 0 0 0 0 0 0 0 0 0 0 0 0 0 0 
1528 232 0 0 0 0 0 0 0 0 0 0 0 0 0 0 
1544 232 0 0 0 0 0 0 0 0 0 0 0 0 0 0 
1560 232 0 0 0 0 0 0 0 0 0 0 0 0 0 0 
1576 232 0 0 0 0 0 0 0 0 0 0 0 0 0 0 
1592 232 0 0 0 0 0 0 0 0 0 0 0 0 0 0 
1608 232 0 0 0 0 0 0 0 0 0 0 0 0 0 0 
1624 232 0 0 0 0 0 0 0 0 0 0 0 0 0 0 
1640 232 0 0 0 0 0 0 0 0 0 0 0 0 0 0 
1656 232 0 0 0 0 0 0 0 0 0 0 0 0 0 0 
1672 232 0 0 0 0 0 0 0 0 0 0 0 0 0 0 
1688 232 0 0 0 0 0 0 0 0 0 0 0 0 0 0 
1704 232 0 0 0 0 0 0 0 0 0 0 0 0 0 0 
1720 232 0 0 0 0 0 0 0 0 0 0 0 0 0 0 
1736 232 0 0 0 0 0 0 0 0 0 0 0 0 0 0 
1752 232 0 0 0 0 0 0 0 0 0 0 0 0 0 0 
1768 232 0 0 0 0 0 0 0 0 0 0 0 0 0 0 
1784 232 0 0 0 0 0 0 0 0 0 0 0 0 0 0 
1800 232 0 0 0 0 0 0 0 0 0 0 0 0 0 0 
1816 232 0 0 0 0 0 0 0 0 0 0 0 0 0 0 
1832 232 0 0 0 0 0 0 0 0 0 0 0 0 0 0 
1848 232 0 0 0 0 0 0 0 0 0 0 0 0 0 0 
1864 232 0 0 0 0 0 0 0 0 0 0 0 0 0 0 
1880 232 0 0 0 0 0 0 0 0 0 0 0 0 0 0 
1896 232 0 0 0 0 0 0 0 0 0 0 0 0 0 0 
1912 232 0 0 0 0 0 0 0 0 0 0 0 0 0 0 
1928 232 0 0 0 0 0 0 0 0 0 0 0 0 0 0 
1944 232 0 0 0 0 0 0 0 0 0 0 0 0 0 0 
1960 232 0 0 0 0 0 0 0 0 0 0 0 0 0 0 
1976 232 0 0 0 0 0 0 0 0 0 0 0 0 0 0 
1992 232 0 0 0 0 0 0 0 0 0 0 0 0 0 0 
2008 232 0 0 0 0 0 0 0 0 0 0 0 0 0 0 
2024 232 0 0 0 0 0 0 0 0 0 0 0 0 0 0 
2040 232 0 0 0 0 0 0 0 0 0 0 0 0 0 0 
2056 232 0 0 0 0 0 0 0 0 0 0 0 0 0 0 
2072 232 0 0 0 0 0 0 0 0 0 0 0 0 0 0 
2088 232 0 0 0 0 0 0 0 0 0 0 0 0 0 0 
2104 232 0 0 0 0 0 0 0 0 0 0 0 0 0 0 
2120 232 0 0 0 0 0 0 0 0 0 0 0 0 0 0 
2136 232 0 0 0 0 0 0 0 0 0 0 0 0 0 0 
2152 232 0 0 0 0 0 0 0 0 0 0 0 0 0 0 
2168 232 0 0 0 0 0 0 0 0 0 0 0 0 0 0 
2184 232 0 0 0 0 0 0 0 0 0 0 0 0 0 0 
2200 232 0 0 0 0 0 0 0 0 0 0 0 0 0 0 
2216 232 0 0 0 0 0 0 0 0 0 0 0 0 0 0 
2232 232 0 0 0 0 0 0 0 0 0 0 0 0 0 0 
2248 232 0 0 0 0 0 0 0 0 0 0 0 0 0 0 
2264 232 0 0 0 0 0 0 0 0 0 0 0 0 0 0 
2280 232 0 0 0 0 0 0 0 0 0 0 0 0 0 0 
2296 232 0 0 0 0 0 0 0 0 0 0 0 0 0 0 
2312 232 0 0 0 0 0 0 0 0 0 0 0 0 0 0 
2328 232 0 0 0 0 0 0 0 0 0 0 0 0 0 0 
2344 232 0 0 0 0 0 0 0 0 0 0 0 0 0 0 
2360 232 0 0 0 0 0 0 0 0 0 0 0 0 0 0 
2376 232 0 0 0 0 0 0 0 0 0 0 0 0 0 0 
2392 232 0 0 0 0 0 0 0 0 0 0 0 0 0 0 
2408 232 0 0 0 0 0 0 0 0 0 0 0 0 0 0 
2424 232 0 0 0 0 0 0 0 0 0 0 0 0 0 0 
2440 232 0 0 0 0 0 0 0 0 0 0 0 0 0 0 
2456 232 0 0 0 0 0 0 0 0 0 0 0 0 0 0 
2472 232 0 0 0 0 0 0 0 0 0 0 0 0 0 0 
2488 232 0 0 0 0 0 0 0 0 0 0 0 0 0 0 
2504 232 0 0 0 0 0 0 0 0 0 0 0 0 0 0 
2520 232 0 0 0 0 0 0 0 0 0 0 0 0 0 0 
2536 232 0 0 0 0 0 0 0 0 0 0 0 0 0 0 
24 248 0 0 0 0 0 0 0 0 0 0 0 0 0 0 
40 248 0 0 0 0 0 0 0 0 0 0 0 0 0 0 
56 248 0 0 0 0 0 0 0 0 0 0 0 0 0 0 
72 248 0 0 0 0 0 0 0 0 0 0 0 0 0 0 
88 248 0 0 0 0 0 0 0 0 0 0 0 0 0 0 
104 248 0 0 0 0 0 0 0 0 0 0 0 0 0 0 
120 248 0 0 0 0 0 0 0 0 0 0 0 0 0 0 
136 248 0 0 0 0 0 0 0 0 0 0 0 0 0 0 
152 248 0 0 0 0 0 0 0 0 0 0 0 0 0 0 
168 248 0 0 0 0 0 0 0 0 0 0 0 0 0 0 
184 248 0 0 0 0 0 0 0 0 0 0 0 0 0 0 
200 248 0 0 0 0 0 0 0 0 0 0 0 0 0 0 
216 248 0 0 0 0 0 0 0 0 0 0 0 0 0 0 
232 248 0 0 0 0 0 0 0 0 0 0 0 0 0 0 
248 248 0 0 0 0 0 0 0 0 0 0 0 0 0 0 
264 248 0 0 0 0 0 0 0 0 0 0 0 0 0 0 
280 248 0 0 0 0 0 0 0 0 0 0 0 0 0 0 
296 248 0 0 0 0 0 0 0 0 0 0 0 0 0 0 
312 248 0 0 0 0 0 0 0 0 0 0 0 0 0 0 
328 248 0 0 0 0 0 0 0 0 0 0 0 0 0 0 
344 248 0 0 0 0 0 0 0 0 0 0 0 0 0 0 
360 248 0 0 0 0 0 0 0 0 0 0 0 0 0 0 
376 248 0 0 0 0 0 0 0 0 0 0 0 0 0 0 
392 248 0 0 0 0 0 0 0 0 0 0 0 0 0 0 
408 248 0 0 0 0 0 0 0 0 0 0 0 0 0 0 
424 248 0 0 0 0 0 0 0 0 0 0 0 0 0 0 
440 248 0 0 0 0 0 0 0 0 0 0 0 0 0 0 
456 248 0 0 0 0 0 0 0 0 0 0 0 0 0 0 
472 248 0 0 0 0 0 0 0 0 0 0 0 0 0 0 
488 248 0 0 0 0 0 0 0 0 0 0 0 0 0 0 
504 248 0 0 0 0 0 0 0 0 0 0 0 0 0 0 
520 248 0 0 0 0 0 0 0 0 0 0 0 0 0 0 
536 248 0 0 0 0 0 0 0 0 0 0 0 0 0 0 
552 248 0 0 0 0 0 0 0 0 0 0 0 0 0 0 
568 248 0 0 0 0 0 0 0 0 0 0 0 0 0 0 
584 248 0 0 0 0 0 0 0 0 0 0 0 0 0 0 
600 248 0 0 0 0 0 0 0 0 0 0 0 0 0 0 
616 248 0 0 0 0 0 0 0 0 0 0 0 0 0 0 
632 248 0 0 0 0 0 0 0 0 0 0 0 0 0 0 
648 248 0 0 0 0 0 0 0 0 0 0 0 0 0 0 
664 248 0 0 0 0 0 0 0 0 0 0 0 0 0 0 
680 248 0 0 0 0 0 0 0 0 0 0 0 0 0 0 
696 248 0 0 0 0 0 0 0 0 0 0 0 0 0 0 
712 248 0 0 0 0 0 0 0 0 0 0 0 0 0 0 
728 248 0 0 0 0 0 0 0 0 0 0 0 0 0 0 
744 248 0 0 0 0 0 0 0 0 0 0 0 0 0 0 
760 248 0 0 0 0 0 0 0 0 0 0 0 0 0 0 
776 248 0 0 0 0 0 0 0 0 0 0 0 0 0 0 
792 248 0 0 0 0 0 0 0 0 0 0 0 0 0 0 
808 248 0 0 0 0 0 0 0 0 0 0 0 0 0 0 
824 248 0 0 0 0 0 0 0 0 0 0 0 0 0 0 
840 248 0 0 0 0 0 0 0 0 0 0 0 0 0 0 
856 248 0 0 0 0 0 0 0 0 0 0 0 0 0 0 
872 248 0 0 0 0 0 0 0 0 0 0 0 0 0 0 
888 248 0 0 0 0 0 0 0 0 0 0 0 0 0 0 
904 248 0 0 0 0 0 0 0 0 0 0 0 0 0 0 
920 248 0 0 0 0 0 0 0 0 0 0 0 0 0 0 
936 248 0 0 0 0 0 0 0 0 0 0 0 0 0 0 
952 248 0 0 0 0 0 0 0 0 0 0 0 0 0 0 
968 248 0 0 0 0 0 0 0 0 0 0 0 0 0 0 
984 248 0 0 0 0 0 0 0 0 0 0 0 0 0 0 
1000 248 0 0 0 0 0 0 0 0 0 0 0 0 0 0 
1016 248 0 0 0 0 0 0 0 0 0 0 0 0 0 0 
1032 248 0 0 0 0 0 0 0 0 0 0 0 0 0 0 
1048 248 0 0 0 0 0 0 0 0 0 0 0 0 0 0 
1064 248 0 0 0 0 0 0 0 0 0 0 0 0 0 0 
1080 248 0 0 0 0 0 0 0 0 0 0 0 0 0 0 
1096 248 0 0 0 0 0 0 0 0 0 0 0 0 0 0 
1112 248 0 0 0 0 0 0 0 0 0 0 0 0 0 0 
1128 248 0 0 0 0 0 0 0 0 0 0 0 0 0 0 
1144 248 0 0 0 0 0 0 0 0 0 0 0 0 0 0 
1160 248 0 0 0 0 0 0 0 0 0 0 0 0 0 0 
1176 248 0 0 0 0 0 0 0 0 0 0 0 0 0 0 
1192 248 0 0 0 0 0 0 0 0 0 0 0 0 0 0 
1208 248 0 0 0 0 0 0 0 0 0 0 0 0 0 0 
1224 248 0 0 0 0 0 0 0 0 0 0 0 0 0 0 
1240 248 0 0 0 0 0 0 0 0 0 0 0 0 0 0 
1256 248 0 0 0 0 0 0 0 0 0 0 0 0 0 0 
1272 248 0 0 0 0 0 0 0 0 0 0 0 0 0 0 
1288 248 0 0 0 0 0 0 0 0 0 0 0 0 0 0 
1304 248 0 0 0 0 0 0 0 0 0 0 0 0 0 0 
1320 248 0 0 0 0 0 0 0 0 0 0 0 0 0 0 
1336 248 0 0 0 0 0 0 0 0 0 0 0 0 0 0 
1352 248 0 0 0 0 0 0 0 0 0 0 0 0 0 0 
1368 248 0 0 0 0 0 0 0 0 0 0 0 0 0 0 
1384 248 0 0 0 0 0 0 0 0 0 0 0 0 0 0 
1400 248 0 0 0 0 0 0 0 0 0 0 0 0 0 0 
1416 248 0 0 0 0 0 0 0 0 0 0 0 0 0 0 
1432 248 0 0 0 0 0 0 0 0 0 0 0 0 0 0 
1448 248 0 0 0 0 0 0 0 0 0 0 0 0 0 0 
1464 248 0 0 0 0 0 0 0 0 0 0 0 0 0 0 
1480 248 0 0 0 0 0 0 0 0 0 0 0 0 0 0 
1496 248 0 0 0 0 0 0 0 0 0 0 0 0 0 0 
1512 248 0 0 0 0 0 0 0 0 0 0 0 0 0 0 
1528 248 0 0 0 0 0 0 0 0 0 0 0 0 0 0 
1544 248 0 0 0 0 0 0 0 0 0 0 0 0 0 0 
1560 248 0 0 0 0 0 0 0 0 0 0 0 0 0 0 
1576 248 0 0 0 0 0 0 0 0 0 0 0 0 0 0 
1592 248 0 0 0 0 0 0 0 0 0 0 0 0 0 0 
1608 248 0 0 0 0 0 0 0 0 0 0 0 0 0 0 
1624 248 0 0 0 0 0 0 0 0 0 0 0 0 0 0 
1640 248 0 0 0 0 0 0 0 0 0 0 0 0 0 0 
1656 248 0 0 0 0 0 0 0 0 0 0 0 0 0 0 
1672 248 0 0 0 0 0 0 0 0 0 0 0 0 0 0 
1688 248 0 0 0 0 0 0 0 0 0 0 0 0 0 0 
1704 248 0 0 0 0 0 0 0 0 0 0 0 0 0 0 
1720 248 0 0 0 0 0 0 0 0 0 0 0 0 0 0 
1736 248 0 0 0 0 0 0 0 0 0 0 0 0 0 0 
1752 248 0 0 0 0 0 0 0 0 0 0 0 0 0 0 
1768 248 0 0 0 0 0 0 0 0 0 0 0 0 0 0 
1784 248 0 0 0 0 0 0 0 0 0 0 0 0 0 0 
1800 248 0 0 0 0 0 0 0 0 0 0 0 0 0 0 
1816 248 0 0 0 0 0 0 0 0 0 0 0 0 0 0 
1832 248 0 0 0 0 0 0 0 0 0 0 0 0 0 0 
1848 248 0 0 0 0 0 0 0 0 0 0 0 0 0 0 
1864 248 0 0 0 0 0 0 0 0 0 0 0 0 0 0 
1880 248 0 0 0 0 0 0 0 0 0 0 0 0 0 0 
1896 248 0 0 0 0 0 0 0 0 0 0 0 0 0 0 
1912 248 0 0 0 0 0 0 0 0 0 0 0 0 0 0 
1928 248 0 0 0 0 0 0 0 0 0 0 0 0 0 0 
1944 248 0 0 0 0 0 0 0 0 0 0 0 0 0 0 
1960 248 0 0 0 0 0 0 0 0 0 0 0 0 0 0 
1976 248 0 0 0 0 0 0 0 0 0 0 0 0 0 0 
1992 248 0 0 0 0 0 0 0 0 0 0 0 0 0 0 
2008 248 0 0 0 0 0 0 0 0 0 0 0 0 0 0 
2024 248 0 0 0 0 0 0 0 0 0 0 0 0 0 0 
2040 248 0 0 0 0 0 0 0 0 0 0 0 0 0 0 
2056 248 0 0 0 0 0 0 0 0 0 0 0 0 0 0 
2072 248 0 0 0 0 0 0 0 0 0 0 0 0 0 0 
2088 248 0 0 0 0 0 0 0 0 0 0 0 0 0 0 
2104 248 0 0 0 0 0 0 0 0 0 0 0 0 0 0 
2120 248 0 0 0 0 0 0 0 0 0 0 0 0 0 0 
2136 248 0 0 0 0 0 0 0 0 0 0 0 0 0 0 
2152 248 0 0 0 0 0 0 0 0 0 0 0 0 0 0 
2168 248 0 0 0 0 0 0 0 0 0 0 0 0 0 0 
2184 248 0 0 0 0 0 0 0 0 0 0 0 0 0 0 
2200 248 0 0 0 0 0 0 0 0 0 0 0 0 0 0 
2216 248 0 0 0 0 0 0 0 0 0 0 0 0 0 0 
2232 248 0 0 0 0 0 0 0 0 0 0 0 0 0 0 
2248 248 0 0 0 0 0 0 0 0 0 0 0 0 0 0 
2264 248 0 0 0 0 0 0 0 0 0 0 0 0 0 0 
2280 248 0 0 0 0 0 0 0 0 0 0 0 0 0 0 
2296 248 0 0 0 0 0 0 0 0 0 0 0 0 0 0 
2312 248 0 0 0 0 0 0 0 0 0 0 0 0 0 0 
2328 248 0 0 0 0 0 0 0 0 0 0 0 0 0 0 
2344 248 0 0 0 0 0 0 0 0 0 0 0 0 0 0 
2360 248 0 0 0 0 0 0 0 0 0 0 0 0 0 0 
2376 248 0 0 0 0 0 0 0 0 0 0 0 0 0 0 
2392 248 0 0 0 0 0 0 0 0 0 0 0 0 0 0 
2408 248 0 0 0 0 0 0 0 0 0 0 0 0 0 0 
2424 248 0 0 0 0 0 0 0 0 0 0 0 0 0 0 
2440 248 0 0 0 0 0 0 0 0 0 0 0 0 0 0 
2456 248 0 0 0 0 0 0 0 0 0 0 0 0 0 0 
2472 248 0 0 0 0 0 0 0 0 0 0 0 0 0 0 
2488 248 0 0 0 0 0 0 0 0 0 0 0 0 0 0 
2504 248 0 0 0 0 0 0 0 0 0 0 0 0 0 0 
2520 248 0 0 0 0 0 0 0 0 0 0 0 0 0 0 
2536 248 0 0 0 0 0 0 0 0 0 0 0 0 0 0 
24 264 0 0 0 0 0 0 0 0 0 0 0 0 0 0 
40 264 0 0 0 0 0 0 0 0 0 0 0 0 0 0 
56 264 0 0 0 0 0 0 0 0 0 0 0 0 0 0 
72 264 0 0 0 0 0 0 0 0 0 0 0 0 0 0 
88 264 0 0 0 0 0 0 0 0 0 0 0 0 0 0 
104 264 0 0 0 0 0 0 0 0 0 0 0 0 0 0 
120 264 0 0 0 0 0 0 0 0 0 0 0 0 0 0 
136 264 0 0 0 0 0 0 0 0 0 0 0 0 0 0 
152 264 0 0 0 0 0 0 0 0 0 0 0 0 0 0 
168 264 0 0 0 0 0 0 0 0 0 0 0 0 0 0 
184 264 0 0 0 0 0 0 0 0 0 0 0 0 0 0 
200 264 0 0 0 0 0 0 0 0 0 0 0 0 0 0 
216 264 0 0 0 0 0 0 0 0 0 0 0 0 0 0 
232 264 0 0 0 0 0 0 0 0 0 0 0 0 0 0 
248 264 0 0 0 0 0 0 0 0 0 0 0 0 0 0 
264 264 0 0 0 0 0 0 0 0 0 0 0 0 0 0 
280 264 0 0 0 0 0 0 0 0 0 0 0 0 0 0 
296 264 0 0 0 0 0 0 0 0 0 0 0 0 0 0 
312 264 0 0 0 0 0 0 0 0 0 0 0 0 0 0 
328 264 0 0 0 0 0 0 0 0 0 0 0 0 0 0 
344 264 0 0 0 0 0 0 0 0 0 0 0 0 0 0 
360 264 0 0 0 0 0 0 0 0 0 0 0 0 0 0 
376 264 0 0 0 0 0 0 0 0 0 0 0 0 0 0 
392 264 0 0 0 0 0 0 0 0 0 0 0 0 0 0 
408 264 0 0 0 0 0 0 0 0 0 0 0 0 0 0 
424 264 0 0 0 0 0 0 0 0 0 0 0 0 0 0 
440 264 0 0 0 0 0 0 0 0 0 0 0 0 0 0 
456 264 0 0 0 0 0 0 0 0 0 0 0 0 0 0 
472 264 0 0 0 0 0 0 0 0 0 0 0 0 0 0 
488 264 0 0 0 0 0 0 0 0 0 0 0 0 0 0 
504 264 0 0 0 0 0 0 0 0 0 0 0 0 0 0 
520 264 0 0 0 0 0 0 0 0 0 0 0 0 0 0 
536 264 0 0 0 0 0 0 0 0 0 0 0 0 0 0 
552 264 0 0 0 0 0 0 0 0 0 0 0 0 0 0 
568 264 0 0 0 0 0 0 0 0 0 0 0 0 0 0 
584 264 0 0 0 0 0 0 0 0 0 0 0 0 0 0 
600 264 0 0 0 0 0 0 0 0 0 0 0 0 0 0 
616 264 0 0 0 0 0 0 0 0 0 0 0 0 0 0 
632 264 0 0 0 0 0 0 0 0 0 0 0 0 0 0 
648 264 0 0 0 0 0 0 0 0 0 0 0 0 0 0 
664 264 0 0 0 0 0 0 0 0 0 0 0 0 0 0 
680 264 0 0 0 0 0 0 0 0 0 0 0 0 0 0 
696 264 0 0 0 0 0 0 0 0 0 0 0 0 0 0 
712 264 0 0 0 0 0 0 0 0 0 0 0 0 0 0 
728 264 0 0 0 0 0 0 0 0 0 0 0 0 0 0 
744 264 0 0 0 0 0 0 0 0 0 0 0 0 0 0 
760 264 0 0 0 0 0 0 0 0 0 0 0 0 0 0 
776 264 0 0 0 0 0 0 0 0 0 0 0 0 0 0 
792 264 0 0 0 0 0 0 0 0 0 0 0 0 0 0 
808 264 0 0 0 0 0 0 0 0 0 0 0 0 0 0 
824 264 0 0 0 0 0 0 0 0 0 0 0 0 0 0 
840 264 0 0 0 0 0 0 0 0 0 0 0 0 0 0 
856 264 0 0 0 0 0 0 0 0 0 0 0 0 0 0 
872 264 0 0 0 0 0 0 0 0 0 0 0 0 0 0 
888 264 0 0 0 0 0 0 0 0 0 0 0 0 0 0 
904 264 0 0 0 0 0 0 0 0 0 0 0 0 0 0 
920 264 0 0 0 0 0 0 0 0 0 0 0 0 0 0 
936 264 0 0 0 0 0 0 0 0 0 0 0 0 0 0 
952 264 0 0 0 0 0 0 0 0 0 0 0 0 0 0 
968 264 0 0 0 0 0 0 0 0 0 0 0 0 0 0 
984 264 0 0 0 0 0 0 0 0 0 0 0 0 0 0 
1000 264 0 0 0 0 0 0 0 0 0 0 0 0 0 0 
1016 264 0 0 0 0 0 0 0 0 0 0 0 0 0 0 
1032 264 0 0 0 0 0 0 0 0 0 0 0 0 0 0 
1048 264 0 0 0 0 0 0 0 0 0 0 0 0 0 0 
1064 264 0 0 0 0 0 0 0 0 0 0 0 0 0 0 
1080 264 0 0 0 0 0 0 0 0 0 0 0 0 0 0 
1096 264 0 0 0 0 0 0 0 0 0 0 0 0 0 0 
1112 264 0 0 0 0 0 0 0 0 0 0 0 0 0 0 
1128 264 0 0 0 0 0 0 0 0 0 0 0 0 0 0 
1144 264 0 0 0 0 0 0 0 0 0 0 0 0 0 0 
1160 264 0 0 0 0 0 0 0 0 0 0 0 0 0 0 
1176 264 0 0 0 0 0 0 0 0 0 0 0 0 0 0 
1192 264 0 0 0 0 0 0 0 0 0 0 0 0 0 0 
1208 264 0 0 0 0 0 0 0 0 0 0 0 0 0 0 
1224 264 0 0 0 0 0 0 0 0 0 0 0 0 0 0 
1240 264 0 0 0 0 0 0 0 0 0 0 0 0 0 0 
1256 264 0 0 0 0 0 0 0 0 0 0 0 0 0 0 
1272 264 0 0 0 0 0 0 0 0 0 0 0 0 0 0 
1288 264 0 0 0 0 0 0 0 0 0 0 0 0 0 0 
1304 264 0 0 0 0 0 0 0 0 0 0 0 0 0 0 
1320 264 0 0 0 0 0 0 0 0 0 0 0 0 0 0 
1336 264 0 0 0 0 0 0 0 0 0 0 0 0 0 0 
1352 264 0 0 0 0 0 0 0 0 0 0 0 0 0 0 
1368 264 0 0 0 0 0 0 0 0 0 0 0 0 0 0 
1384 264 0 0 0 0 0 0 0 0 0 0 0 0 0 0 
1400 264 0 0 0 0 0 0 0 0 0 0 0 0 0 0 
1416 264 0 0 0 0 0 0 0 0 0 0 0 0 0 0 
1432 264 0 0 0 0 0 0 0 0 0 0 0 0 0 0 
1448 264 0 0 0 0 0 0 0 0 0 0 0 0 0 0 
1464 264 0 0 0 0 0 0 0 0 0 0 0 0 0 0 
1480 264 0 0 0 0 0 0 0 0 0 0 0 0 0 0 
1496 264 0 0 0 0 0 0 0 0 0 0 0 0 0 0 
1512 264 0 0 0 0 0 0 0 0 0 0 0 0 0 0 
1528 264 0 0 0 0 0 0 0 0 0 0 0 0 0 0 
1544 264 0 0 0 0 0 0 0 0 0 0 0 0 0 0 
1560 264 0 0 0 0 0 0 0 0 0 0 0 0 0 0 
1576 264 0 0 0 0 0 0 0 0 0 0 0 0 0 0 
1592 264 0 0 0 0 0 0 0 0 0 0 0 0 0 0 
1608 264 0 0 0 0 0 0 0 0 0 0 0 0 0 0 
1624 264 0 0 0 0 0 0 0 0 0 0 0 0 0 0 
1640 264 0 0 0 0 0 0 0 0 0 0 0 0 0 0 
1656 264 0 0 0 0 0 0 0 0 0 0 0 0 0 0 
1672 264 0 0 0 0 0 0 0 0 0 0 0 0 0 0 
1688 264 0 0 0 0 0 0 0 0 0 0 0 0 0 0 
1704 264 0 0 0 0 0 0 0 0 0 0 0 0 0 0 
1720 264 0 0 0 0 0 0 0 0 0 0 0 0 0 0 
1736 264 0 0 0 0 0 0 0 0 0 0 0 0 0 0 
1752 264 0 0 0 0 0 0 0 0 0 0 0 0 0 0 
1768 264 0 0 0 0 0 0 0 0 0 0 0 0 0 0 
1784 264 0 0 0 0 0 0 0 0 0 0 0 0 0 0 
1800 264 0 0 0 0 0 0 0 0 0 0 0 0 0 0 
1816 264 0 0 0 0 0 0 0 0 0 0 0 0 0 0 
1832 264 0 0 0 0 0 0 0 0 0 0 0 0 0 0 
1848 264 0 0 0 0 0 0 0 0 0 0 0 0 0 0 
1864 264 0 0 0 0 0 0 0 0 0 0 0 0 0 0 
1880 264 0 0 0 0 0 0 0 0 0 0 0 0 0 0 
1896 264 0 0 0 0 0 0 0 0 0 0 0 0 0 0 
1912 264 0 0 0 0 0 0 0 0 0 0 0 0 0 0 
1928 264 0 0 0 0 0 0 0 0 0 0 0 0 0 0 
1944 264 0 0 0 0 0 0 0 0 0 0 0 0 0 0 
1960 264 0 0 0 0 0 0 0 0 0 0 0 0 0 0 
1976 264 0 0 0 0 0 0 0 0 0 0 0 0 0 0 
1992 264 0 0 0 0 0 0 0 0 0 0 0 0 0 0 
2008 264 0 0 0 0 0 0 0 0 0 0 0 0 0 0 
2024 264 0 0 0 0 0 0 0 0 0 0 0 0 0 0 
2040 264 0 0 0 0 0 0 0 0 0 0 0 0 0 0 
2056 264 0 0 0 0 0 0 0 0 0 0 0 0 0 0 
2072 264 0 0 0 0 0 0 0 0 0 0 0 0 0 0 
2088 264 0 0 0 0 0 0 0 0 0 0 0 0 0 0 
2104 264 0 0 0 0 0 0 0 0 0 0 0 0 0 0 
2120 264 0 0 0 0 0 0 0 0 0 0 0 0 0 0 
2136 264 0 0 0 0 0 0 0 0 0 0 0 0 0 0 
2152 264 0 0 0 0 0 0 0 0 0 0 0 0 0 0 
2168 264 0 0 0 0 0 0 0 0 0 0 0 0 0 0 
2184 264 0 0 0 0 0 0 0 0 0 0 0 0 0 0 
2200 264 0 0 0 0 0 0 0 0 0 0 0 0 0 0 
2216 264 0 0 0 0 0 0 0 0 0 0 0 0 0 0 
2232 264 0 0 0 0 0 0 0 0 0 0 0 0 0 0 
2248 264 0 0 0 0 0 0 0 0 0 0 0 0 0 0 
2264 264 0 0 0 0 0 0 0 0 0 0 0 0 0 0 
2280 264 0 0 0 0 0 0 0 0 0 0 0 0 0 0 
2296 264 0 0 0 0 0 0 0 0 0 0 0 0 0 0 
2312 264 0 0 0 0 0 0 0 0 0 0 0 0 0 0 
2328 264 0 0 0 0 0 0 0 0 0 0 0 0 0 0 
2344 264 0 0 0 0 0 0 0 0 0 0 0 0 0 0 
2360 264 0 0 0 0 0 0 0 0 0 0 0 0 0 0 
2376 264 0 0 0 0 0 0 0 0 0 0 0 0 0 0 
2392 264 0 0 0 0 0 0 0 0 0 0 0 0 0 0 
2408 264 0 0 0 0 0 0 0 0 0 0 0 0 0 0 
2424 264 0 0 0 0 0 0 0 0 0 0 0 0 0 0 
2440 264 0 0 0 0 0 0 0 0 0 0 0 0 0 0 
2456 264 0 0 0 0 0 0 0 0 0 0 0 0 0 0 
2472 264 0 0 0 0 0 0 0 0 0 0 0 0 0 0 
2488 264 0 0 0 0 0 0 0 0 0 0 0 0 0 0 
2504 264 0 0 0 0 0 0 0 0 0 0 0 0 0 0 
2520 264 0 0 0 0 0 0 0 0 0 0 0 0 0 0 
2536 264 0 0 0 0 0 0 0 0 0 0 0 0 0 0 
24 280 0 0 0 0 0 0 0 0 0 0 0 0 0 0 
40 280 0 0 0 0 0 0 0 0 0 0 0 0 0 0 
56 280 0 0 0 0 0 0 0 0 0 0 0 0 0 0 
72 280 0 0 0 0 0 0 0 0 0 0 0 0 0 0 
88 280 0 0 0 0 0 0 0 0 0 0 0 0 0 0 
104 280 0 0 0 0 0 0 0 0 0 0 0 0 0 0 
120 280 0 0 0 0 0 0 0 0 0 0 0 0 0 0 
136 280 0 0 0 0 0 0 0 0 0 0 0 0 0 0 
152 280 0 0 0 0 0 0 0 0 0 0 0 0 0 0 
168 280 0 0 0 0 0 0 0 0 0 0 0 0 0 0 
184 280 0 0 0 0 0 0 0 0 0 0 0 0 0 0 
200 280 0 0 0 0 0 0 0 0 0 0 0 0 0 0 
216 280 0 0 0 0 0 0 0 0 0 0 0 0 0 0 
232 280 0 0 0 0 0 0 0 0 0 0 0 0 0 0 
248 280 0 0 0 0 0 0 0 0 0 0 0 0 0 0 
264 280 0 0 0 0 0 0 0 0 0 0 0 0 0 0 
280 280 0 0 0 0 0 0 0 0 0 0 0 0 0 0 
296 280 0 0 0 0 0 0 0 0 0 0 0 0 0 0 
312 280 0 0 0 0 0 0 0 0 0 0 0 0 0 0 
328 280 0 0 0 0 0 0 0 0 0 0 0 0 0 0 
344 280 0 0 0 0 0 0 0 0 0 0 0 0 0 0 
360 280 0 0 0 0 0 0 0 0 0 0 0 0 0 0 
376 280 0 0 0 0 0 0 0 0 0 0 0 0 0 0 
392 280 0 0 0 0 0 0 0 0 0 0 0 0 0 0 
408 280 0 0 0 0 0 0 0 0 0 0 0 0 0 0 
424 280 0 0 0 0 0 0 0 0 0 0 0 0 0 0 
440 280 0 0 0 0 0 0 0 0 0 0 0 0 0 0 
456 280 0 0 0 0 0 0 0 0 0 0 0 0 0 0 
472 280 0 0 0 0 0 0 0 0 0 0 0 0 0 0 
488 280 0 0 0 0 0 0 0 0 0 0 0 0 0 0 
504 280 0 0 0 0 0 0 0 0 0 0 0 0 0 0 
520 280 0 0 0 0 0 0 0 0 0 0 0 0 0 0 
536 280 0 0 0 0 0 0 0 0 0 0 0 0 0 0 
552 280 0 0 0 0 0 0 0 0 0 0 0 0 0 0 
568 280 0 0 0 0 0 0 0 0 0 0 0 0 0 0 
584 280 0 0 0 0 0 0 0 0 0 0 0 0 0 0 
600 280 0 0 0 0 0 0 0 0 0 0 0 0 0 0 
616 280 0 0 0 0 0 0 0 0 0 0 0 0 0 0 
632 280 0 0 0 0 0 0 0 0 0 0 0 0 0 0 
648 280 0 0 0 0 0 0 0 0 0 0 0 0 0 0 
664 280 0 0 0 0 0 0 0 0 0 0 0 0 0 0 
680 280 0 0 0 0 0 0 0 0 0 0 0 0 0 0 
696 280 0 0 0 0 0 0 0 0 0 0 0 0 0 0 
712 280 0 0 0 0 0 0 0 0 0 0 0 0 0 0 
728 280 0 0 0 0 0 0 0 0 0 0 0 0 0 0 
744 280 0 0 0 0 0 0 0 0 0 0 0 0 0 0 
760 280 0 0 0 0 0 0 0 0 0 0 0 0 0 0 
776 280 0 0 0 0 0 0 0 0 0 0 0 0 0 0 
792 280 0 0 0 0 0 0 0 0 0 0 0 0 0 0 
808 280 0 0 0 0 0 0 0 0 0 0 0 0 0 0 
824 280 0 0 0 0 0 0 0 0 0 0 0 0 0 0 
840 280 0 0 0 0 0 0 0 0 0 0 0 0 0 0 
856 280 0 0 0 0 0 0 0 0 0 0 0 0 0 0 
872 280 0 0 0 0 0 0 0 0 0 0 0 0 0 0 
888 280 0 0 0 0 0 0 0 0 0 0 0 0 0 0 
904 280 0 0 0 0 0 0 0 0 0 0 0 0 0 0 
920 280 0 0 0 0 0 0 0 0 0 0 0 0 0 0 
936 280 0 0 0 0 0 0 0 0 0 0 0 0 0 0 
952 280 0 0 0 0 0 0 0 0 0 0 0 0 0 0 
968 280 0 0 0 0 0 0 0 0 0 0 0 0 0 0 
984 280 0 0 0 0 0 0 0 0 0 0 0 0 0 0 
1000 280 0 0 0 0 0 0 0 0 0 0 0 0 0 0 
1016 280 0 0 0 0 0 0 0 0 0 0 0 0 0 0 
1032 280 0 0 0 0 0 0 0 0 0 0 0 0 0 0 
1048 280 0 0 0 0 0 0 0 0 0 0 0 0 0 0 
1064 280 0 0 0 0 0 0 0 0 0 0 0 0 0 0 
1080 280 0 0 0 0 0 0 0 0 0 0 0 0 0 0 
1096 280 0 0 0 0 0 0 0 0 0 0 0 0 0 0 
1112 280 0 0 0 0 0 0 0 0 0 0 0 0 0 0 
1128 280 0 0 0 0 0 0 0 0 0 0 0 0 0 0 
1144 280 0 0 0 0 0 0 0 0 0 0 0 0 0 0 
1160 280 0 0 0 0 0 0 0 0 0 0 0 0 0 0 
1176 280 0 0 0 0 0 0 0 0 0 0 0 0 0 0 
1192 280 0 0 0 0 0 0 0 0 0 0 0 0 0 0 
1208 280 0 0 0 0 0 0 0 0 0 0 0 0 0 0 
1224 280 0 0 0 0 0 0 0 0 0 0 0 0 0 0 
1240 280 0 0 0 0 0 0 0 0 0 0 0 0 0 0 
1256 280 0 0 0 0 0 0 0 0 0 0 0 0 0 0 
1272 280 0 0 0 0 0 0 0 0 0 0 0 0 0 0 
1288 280 0 0 0 0 0 0 0 0 0 0 0 0 0 0 
1304 280 0 0 0 0 0 0 0 0 0 0 0 0 0 0 
1320 280 0 0 0 0 0 0 0 0 0 0 0 0 0 0 
1336 280 0 0 0 0 0 0 0 0 0 0 0 0 0 0 
1352 280 0 0 0 0 0 0 0 0 0 0 0 0 0 0 
1368 280 0 0 0 0 0 0 0 0 0 0 0 0 0 0 
1384 280 0 0 0 0 0 0 0 0 0 0 0 0 0 0 
1400 280 0 0 0 0 0 0 0 0 0 0 0 0 0 0 
1416 280 0 0 0 0 0 0 0 0 0 0 0 0 0 0 
1432 280 0 0 0 0 0 0 0 0 0 0 0 0 0 0 
1448 280 0 0 0 0 0 0 0 0 0 0 0 0 0 0 
1464 280 0 0 0 0 0 0 0 0 0 0 0 0 0 0 
1480 280 0 0 0 0 0 0 0 0 0 0 0 0 0 0 
1496 280 0 0 0 0 0 0 0 0 0 0 0 0 0 0 
1512 280 0 0 0 0 0 0 0 0 0 0 0 0 0 0 
1528 280 0 0 0 0 0 0 0 0 0 0 0 0 0 0 
1544 280 0 0 0 0 0 0 0 0 0 0 0 0 0 0 
1560 280 0 0 0 0 0 0 0 0 0 0 0 0 0 0 
1576 280 0 0 0 0 0 0 0 0 0 0 0 0 0 0 
1592 280 0 0 0 0 0 0 0 0 0 0 0 0 0 0 
1608 280 0 0 0 0 0 0 0 0 0 0 0 0 0 0 
1624 280 0 0 0 0 0 0 0 0 0 0 0 0 0 0 
1640 280 0 0 0 0 0 0 0 0 0 0 0 0 0 0 
1656 280 0 0 0 0 0 0 0 0 0 0 0 0 0 0 
1672 280 0 0 0 0 0 0 0 0 0 0 0 0 0 0 
1688 280 0 0 0 0 0 0 0 0 0 0 0 0 0 0 
1704 280 0 0 0 0 0 0 0 0 0 0 0 0 0 0 
1720 280 0 0 0 0 0 0 0 0 0 0 0 0 0 0 
1736 280 0 0 0 0 0 0 0 0 0 0 0 0 0 0 
1752 280 0 0 0 0 0 0 0 0 0 0 0 0 0 0 
1768 280 0 0 0 0 0 0 0 0 0 0 0 0 0 0 
1784 280 0 0 0 0 0 0 0 0 0 0 0 0 0 0 
1800 280 0 0 0 0 0 0 0 0 0 0 0 0 0 0 
1816 280 0 0 0 0 0 0 0 0 0 0 0 0 0 0 
1832 280 0 0 0 0 0 0 0 0 0 0 0 0 0 0 
1848 280 0 0 0 0 0 0 0 0 0 0 0 0 0 0 
1864 280 0 0 0 0 0 0 0 0 0 0 0 0 0 0 
1880 280 0 0 0 0 0 0 0 0 0 0 0 0 0 0 
1896 280 0 0 0 0 0 0 0 0 0 0 0 0 0 0 
1912 280 0 0 0 0 0 0 0 0 0 0 0 0 0 0 
1928 280 0 0 0 0 0 0 0 0 0 0 0 0 0 0 
1944 280 0 0 0 0 0 0 0 0 0 0 0 0 0 0 
1960 280 0 0 0 0 0 0 0 0 0 0 0 0 0 0 
1976 280 0 0 0 0 0 0 0 0 0 0 0 0 0 0 
1992 280 0 0 0 0 0 0 0 0 0 0 0 0 0 0 
2008 280 0 0 0 0 0 0 0 0 0 0 0 0 0 0 
2024 280 0 0 0 0 0 0 0 0 0 0 0 0 0 0 
2040 280 0 0 0 0 0 0 0 0 0 0 0 0 0 0 
2056 280 0 0 0 0 0 0 0 0 0 0 0 0 0 0 
2072 280 0 0 0 0 0 0 0 0 0 0 0 0 0 0 
2088 280 0 0 0 0 0 0 0 0 0 0 0 0 0 0 
2104 280 0 0 0 0 0 0 0 0 0 0 0 0 0 0 
2120 280 0 0 0 0 0 0 0 0 0 0 0 0 0 0 
2136 280 0 0 0 0 0 0 0 0 0 0 0 0 0 0 
2152 280 0 0 0 0 0 0 0 0 0 0 0 0 0 0 
2168 280 0 0 0 0 0 0 0 0 0 0 0 0 0 0 
2184 280 0 0 0 0 0 0 0 0 0 0 0 0 0 0 
2200 280 0 0 0 0 0 0 0 0 0 0 0 0 0 0 
2216 280 0 0 0 0 0 0 0 0 0 0 0 0 0 0 
2232 280 0 0 0 0 0 0 0 0 0 0 0 0 0 0 
2248 280 0 0 0 0 0 0 0 0 0 0 0 0 0 0 
2264 280 0 0 0 0 0 0 0 0 0 0 0 0 0 0 
2280 280 0 0 0 0 0 0 0 0 0 0 0 0 0 0 
2296 280 0 0 0 0 0 0 0 0 0 0 0 0 0 0 
2312 280 0 0 0 0 0 0 0 0 0 0 0 0 0 0 
2328 280 0 0 0 0 0 0 0 0 0 0 0 0 0 0 
2344 280 0 0 0 0 0 0 0 0 0 0 0 0 0 0 
2360 280 0 0 0 0 0 0 0 0 0 0 0 0 0 0 
2376 280 0 0 0 0 0 0 0 0 0 0 0 0 0 0 
2392 280 0 0 0 0 0 0 0 0 0 0 0 0 0 0 
2408 280 0 0 0 0 0 0 0 0 0 0 0 0 0 0 
2424 280 0 0 0 0 0 0 0 0 0 0 0 0 0 0 
2440 280 0 0 0 0 0 0 0 0 0 0 0 0 0 0 
2456 280 0 0 0 0 0 0 0 0 0 0 0 0 0 0 
2472 280 0 0 0 0 0 0 0 0 0 0 0 0 0 0 
2488 280 0 0 0 0 0 0 0 0 0 0 0 0 0 0 
2504 280 0 0 0 0 0 0 0 0 0 0 0 0 0 0 
2520 280 0 0 0 0 0 0 0 0 0 0 0 0 0 0 
2536 280 0 0 0 0 0 0 0 0 0 0 0 0 0 0 
24 296 0 0 0 0 0 0 0 0 0 0 0 0 0 0 
40 296 0 0 0 0 0 0 0 0 0 0 0 0 0 0 
56 296 0 0 0 0 0 0 0 0 0 0 0 0 0 0 
72 296 0 0 0 0 0 0 0 0 0 0 0 0 0 0 
88 296 0 0 0 0 0 0 0 0 0 0 0 0 0 0 
104 296 0 0 0 0 0 0 0 0 0 0 0 0 0 0 
120 296 0 0 0 0 0 0 0 0 0 0 0 0 0 0 
136 296 0 0 0 0 0 0 0 0 0 0 0 0 0 0 
152 296 0 0 0 0 0 0 0 0 0 0 0 0 0 0 
168 296 0 0 0 0 0 0 0 0 0 0 0 0 0 0 
184 296 0 0 0 0 0 0 0 0 0 0 0 0 0 0 
200 296 0 0 0 0 0 0 0 0 0 0 0 0 0 0 
216 296 0 0 0 0 0 0 0 0 0 0 0 0 0 0 
232 296 0 0 0 0 0 0 0 0 0 0 0 0 0 0 
248 296 0 0 0 0 0 0 0 0 0 0 0 0 0 0 
264 296 0 0 0 0 0 0 0 0 0 0 0 0 0 0 
280 296 0 0 0 0 0 0 0 0 0 0 0 0 0 0 
296 296 0 0 0 0 0 0 0 0 0 0 0 0 0 0 
312 296 0 0 0 0 0 0 0 0 0 0 0 0 0 0 
328 296 0 0 0 0 0 0 0 0 0 0 0 0 0 0 
344 296 0 0 0 0 0 0 0 0 0 0 0 0 0 0 
360 296 0 0 0 0 0 0 0 0 0 0 0 0 0 0 
376 296 0 0 0 0 0 0 0 0 0 0 0 0 0 0 
392 296 0 0 0 0 0 0 0 0 0 0 0 0 0 0 
408 296 0 0 0 0 0 0 0 0 0 0 0 0 0 0 
424 296 0 0 0 0 0 0 0 0 0 0 0 0 0 0 
440 296 0 0 0 0 0 0 0 0 0 0 0 0 0 0 
456 296 0 0 0 0 0 0 0 0 0 0 0 0 0 0 
472 296 0 0 0 0 0 0 0 0 0 0 0 0 0 0 
488 296 0 0 0 0 0 0 0 0 0 0 0 0 0 0 
504 296 0 0 0 0 0 0 0 0 0 0 0 0 0 0 
520 296 0 0 0 0 0 0 0 0 0 0 0 0 0 0 
536 296 0 0 0 0 0 0 0 0 0 0 0 0 0 0 
552 296 0 0 0 0 0 0 0 0 0 0 0 0 0 0 
568 296 0 0 0 0 0 0 0 0 0 0 0 0 0 0 
584 296 0 0 0 0 0 0 0 0 0 0 0 0 0 0 
600 296 0 0 0 0 0 0 0 0 0 0 0 0 0 0 
616 296 0 0 0 0 0 0 0 0 0 0 0 0 0 0 
632 296 0 0 0 0 0 0 0 0 0 0 0 0 0 0 
648 296 0 0 0 0 0 0 0 0 0 0 0 0 0 0 
664 296 0 0 0 0 0 0 0 0 0 0 0 0 0 0 
680 296 0 0 0 0 0 0 0 0 0 0 0 0 0 0 
696 296 0 0 0 0 0 0 0 0 0 0 0 0 0 0 
712 296 0 0 0 0 0 0 0 0 0 0 0 0 0 0 
728 296 0 0 0 0 0 0 0 0 0 0 0 0 0 0 
744 296 0 0 0 0 0 0 0 0 0 0 0 0 0 0 
760 296 0 0 0 0 0 0 0 0 0 0 0 0 0 0 
776 296 0 0 0 0 0 0 0 0 0 0 0 0 0 0 
792 296 0 0 0 0 0 0 0 0 0 0 0 0 0 0 
808 296 0 0 0 0 0 0 0 0 0 0 0 0 0 0 
824 296 0 0 0 0 0 0 0 0 0 0 0 0 0 0 
840 296 0 0 0 0 0 0 0 0 0 0 0 0 0 0 
856 296 0 0 0 0 0 0 0 0 0 0 0 0 0 0 
872 296 0 0 0 0 0 0 0 0 0 0 0 0 0 0 
888 296 0 0 0 0 0 0 0 0 0 0 0 0 0 0 
904 296 0 0 0 0 0 0 0 0 0 0 0 0 0 0 
920 296 0 0 0 0 0 0 0 0 0 0 0 0 0 0 
936 296 0 0 0 0 0 0 0 0 0 0 0 0 0 0 
952 296 0 0 0 0 0 0 0 0 0 0 0 0 0 0 
968 296 0 0 0 0 0 0 0 0 0 0 0 0 0 0 
984 296 0 0 0 0 0 0 0 0 0 0 0 0 0 0 
1000 296 0 0 0 0 0 0 0 0 0 0 0 0 0 0 
1016 296 0 0 0 0 0 0 0 0 0 0 0 0 0 0 
1032 296 0 0 0 0 0 0 0 0 0 0 0 0 0 0 
1048 296 0 0 0 0 0 0 0 0 0 0 0 0 0 0 
1064 296 0 0 0 0 0 0 0 0 0 0 0 0 0 0 
1080 296 0 0 0 0 0 0 0 0 0 0 0 0 0 0 
1096 296 0 0 0 0 0 0 0 0 0 0 0 0 0 0 
1112 296 0 0 0 0 0 0 0 0 0 0 0 0 0 0 
1128 296 0 0 0 0 0 0 0 0 0 0 0 0 0 0 
1144 296 0 0 0 0 0 0 0 0 0 0 0 0 0 0 
1160 296 0 0 0 0 0 0 0 0 0 0 0 0 0 0 
1176 296 0 0 0 0 0 0 0 0 0 0 0 0 0 0 
1192 296 0 0 0 0 0 0 0 0 0 0 0 0 0 0 
1208 296 0 0 0 0 0 0 0 0 0 0 0 0 0 0 
1224 296 0 0 0 0 0 0 0 0 0 0 0 0 0 0 
1240 296 0 0 0 0 0 0 0 0 0 0 0 0 0 0 
1256 296 0 0 0 0 0 0 0 0 0 0 0 0 0 0 
1272 296 0 0 0 0 0 0 0 0 0 0 0 0 0 0 
1288 296 0 0 0 0 0 0 0 0 0 0 0 0 0 0 
1304 296 0 0 0 0 0 0 0 0 0 0 0 0 0 0 
1320 296 0 0 0 0 0 0 0 0 0 0 0 0 0 0 
1336 296 0 0 0 0 0 0 0 0 0 0 0 0 0 0 
1352 296 0 0 0 0 0 0 0 0 0 0 0 0 0 0 
1368 296 0 0 0 0 0 0 0 0 0 0 0 0 0 0 
1384 296 0 0 0 0 0 0 0 0 0 0 0 0 0 0 
1400 296 0 0 0 0 0 0 0 0 0 0 0 0 0 0 
1416 296 0 0 0 0 0 0 0 0 0 0 0 0 0 0 
1432 296 0 0 0 0 0 0 0 0 0 0 0 0 0 0 
1448 296 0 0 0 0 0 0 0 0 0 0 0 0 0 0 
1464 296 0 0 0 0 0 0 0 0 0 0 0 0 0 0 
1480 296 0 0 0 0 0 0 0 0 0 0 0 0 0 0 
1496 296 0 0 0 0 0 0 0 0 0 0 0 0 0 0 
1512 296 0 0 0 0 0 0 0 0 0 0 0 0 0 0 
1528 296 0 0 0 0 0 0 0 0 0 0 0 0 0 0 
1544 296 0 0 0 0 0 0 0 0 0 0 0 0 0 0 
1560 296 0 0 0 0 0 0 0 0 0 0 0 0 0 0 
1576 296 0 0 0 0 0 0 0 0 0 0 0 0 0 0 
1592 296 0 0 0 0 0 0 0 0 0 0 0 0 0 0 
1608 296 0 0 0 0 0 0 0 0 0 0 0 0 0 0 
1624 296 0 0 0 0 0 0 0 0 0 0 0 0 0 0 
1640 296 0 0 0 0 0 0 0 0 0 0 0 0 0 0 
1656 296 0 0 0 0 0 0 0 0 0 0 0 0 0 0 
1672 296 0 0 0 0 0 0 0 0 0 0 0 0 0 0 
1688 296 0 0 0 0 0 0 0 0 0 0 0 0 0 0 
1704 296 0 0 0 0 0 0 0 0 0 0 0 0 0 0 
1720 296 0 0 0 0 0 0 0 0 0 0 0 0 0 0 
1736 296 0 0 0 0 0 0 0 0 0 0 0 0 0 0 
1752 296 0 0 0 0 0 0 0 0 0 0 0 0 0 0 
1768 296 0 0 0 0 0 0 0 0 0 0 0 0 0 0 
1784 296 0 0 0 0 0 0 0 0 0 0 0 0 0 0 
1800 296 0 0 0 0 0 0 0 0 0 0 0 0 0 0 
1816 296 0 0 0 0 0 0 0 0 0 0 0 0 0 0 
1832 296 0 0 0 0 0 0 0 0 0 0 0 0 0 0 
1848 296 0 0 0 0 0 0 0 0 0 0 0 0 0 0 
1864 296 0 0 0 0 0 0 0 0 0 0 0 0 0 0 
1880 296 0 0 0 0 0 0 0 0 0 0 0 0 0 0 
1896 296 0 0 0 0 0 0 0 0 0 0 0 0 0 0 
1912 296 0 0 0 0 0 0 0 0 0 0 0 0 0 0 
1928 296 0 0 0 0 0 0 0 0 0 0 0 0 0 0 
1944 296 0 0 0 0 0 0 0 0 0 0 0 0 0 0 
1960 296 0 0 0 0 0 0 0 0 0 0 0 0 0 0 
1976 296 0 0 0 0 0 0 0 0 0 0 0 0 0 0 
1992 296 0 0 0 0 0 0 0 0 0 0 0 0 0 0 
2008 296 0 0 0 0 0 0 0 0 0 0 0 0 0 0 
2024 296 0 0 0 0 0 0 0 0 0 0 0 0 0 0 
2040 296 0 0 0 0 0 0 0 0 0 0 0 0 0 0 
2056 296 0 0 0 0 0 0 0 0 0 0 0 0 0 0 
2072 296 0 0 0 0 0 0 0 0 0 0 0 0 0 0 
2088 296 0 0 0 0 0 0 0 0 0 0 0 0 0 0 
2104 296 0 0 0 0 0 0 0 0 0 0 0 0 0 0 
2120 296 0 0 0 0 0 0 0 0 0 0 0 0 0 0 
2136 296 0 0 0 0 0 0 0 0 0 0 0 0 0 0 
2152 296 0 0 0 0 0 0 0 0 0 0 0 0 0 0 
2168 296 0 0 0 0 0 0 0 0 0 0 0 0 0 0 
2184 296 0 0 0 0 0 0 0 0 0 0 0 0 0 0 
2200 296 0 0 0 0 0 0 0 0 0 0 0 0 0 0 
2216 296 0 0 0 0 0 0 0 0 0 0 0 0 0 0 
2232 296 0 0 0 0 0 0 0 0 0 0 0 0 0 0 
2248 296 0 0 0 0 0 0 0 0 0 0 0 0 0 0 
2264 296 0 0 0 0 0 0 0 0 0 0 0 0 0 0 
2280 296 0 0 0 0 0 0 0 0 0 0 0 0 0 0 
2296 296 0 0 0 0 0 0 0 0 0 0 0 0 0 0 
2312 296 0 0 0 0 0 0 0 0 0 0 0 0 0 0 
2328 296 0 0 0 0 0 0 0 0 0 0 0 0 0 0 
2344 296 0 0 0 0 0 0 0 0 0 0 0 0 0 0 
2360 296 0 0 0 0 0 0 0 0 0 0 0 0 0 0 
2376 296 0 0 0 0 0 0 0 0 0 0 0 0 0 0 
2392 296 0 0 0 0 0 0 0 0 0 0 0 0 0 0 
2408 296 0 0 0 0 0 0 0 0 0 0 0 0 0 0 
2424 296 0 0 0 0 0 0 0 0 0 0 0 0 0 0 
2440 296 0 0 0 0 0 0 0 0 0 0 0 0 0 0 
2456 296 0 0 0 0 0 0 0 0 0 0 0 0 0 0 
2472 296 0 0 0 0 0 0 0 0 0 0 0 0 0 0 
2488 296 0 0 0 0 0 0 0 0 0 0 0 0 0 0 
2504 296 0 0 0 0 0 0 0 0 0 0 0 0 0 0 
2520 296 0 0 0 0 0 0 0 0 0 0 0 0 0 0 
2536 296 0 0 0 0 0 0 0 0 0 0 0 0 0 0 
24 312 0 0 0 0 0 0 0 0 0 0 0 0 0 0 
40 312 0 0 0 0 0 0 0 0 0 0 0 0 0 0 
56 312 0 0 0 0 0 0 0 0 0 0 0 0 0 0 
72 312 0 0 0 0 0 0 0 0 0 0 0 0 0 0 
88 312 0 0 0 0 0 0 0 0 0 0 0 0 0 0 
104 312 0 0 0 0 0 0 0 0 0 0 0 0 0 0 
120 312 0 0 0 0 0 0 0 0 0 0 0 0 0 0 
136 312 0 0 0 0 0 0 0 0 0 0 0 0 0 0 
152 312 0 0 0 0 0 0 0 0 0 0 0 0 0 0 
168 312 0 0 0 0 0 0 0 0 0 0 0 0 0 0 
184 312 0 0 0 0 0 0 0 0 0 0 0 0 0 0 
200 312 0 0 0 0 0 0 0 0 0 0 0 0 0 0 
216 312 0 0 0 0 0 0 0 0 0 0 0 0 0 0 
232 312 0 0 0 0 0 0 0 0 0 0 0 0 0 0 
248 312 0 0 0 0 0 0 0 0 0 0 0 0 0 0 
264 312 0 0 0 0 0 0 0 0 0 0 0 0 0 0 
280 312 0 0 0 0 0 0 0 0 0 0 0 0 0 0 
296 312 0 0 0 0 0 0 0 0 0 0 0 0 0 0 
312 312 0 0 0 0 0 0 0 0 0 0 0 0 0 0 
328 312 0 0 0 0 0 0 0 0 0 0 0 0 0 0 
344 312 0 0 0 0 0 0 0 0 0 0 0 0 0 0 
360 312 0 0 0 0 0 0 0 0 0 0 0 0 0 0 
376 312 0 0 0 0 0 0 0 0 0 0 0 0 0 0 
392 312 0 0 0 0 0 0 0 0 0 0 0 0 0 0 
408 312 0 0 0 0 0 0 0 0 0 0 0 0 0 0 
424 312 0 0 0 0 0 0 0 0 0 0 0 0 0 0 
440 312 0 0 0 0 0 0 0 0 0 0 0 0 0 0 
456 312 0 0 0 0 0 0 0 0 0 0 0 0 0 0 
472 312 0 0 0 0 0 0 0 0 0 0 0 0 0 0 
488 312 0 0 0 0 0 0 0 0 0 0 0 0 0 0 
504 312 0 0 0 0 0 0 0 0 0 0 0 0 0 0 
520 312 0 0 0 0 0 0 0 0 0 0 0 0 0 0 
536 312 0 0 0 0 0 0 0 0 0 0 0 0 0 0 
552 312 0 0 0 0 0 0 0 0 0 0 0 0 0 0 
568 312 0 0 0 0 0 0 0 0 0 0 0 0 0 0 
584 312 0 0 0 0 0 0 0 0 0 0 0 0 0 0 
600 312 0 0 0 0 0 0 0 0 0 0 0 0 0 0 
616 312 0 0 0 0 0 0 0 0 0 0 0 0 0 0 
632 312 0 0 0 0 0 0 0 0 0 0 0 0 0 0 
648 312 0 0 0 0 0 0 0 0 0 0 0 0 0 0 
664 312 0 0 0 0 0 0 0 0 0 0 0 0 0 0 
680 312 0 0 0 0 0 0 0 0 0 0 0 0 0 0 
696 312 0 0 0 0 0 0 0 0 0 0 0 0 0 0 
712 312 0 0 0 0 0 0 0 0 0 0 0 0 0 0 
728 312 0 0 0 0 0 0 0 0 0 0 0 0 0 0 
744 312 0 0 0 0 0 0 0 0 0 0 0 0 0 0 
760 312 0 0 0 0 0 0 0 0 0 0 0 0 0 0 
776 312 0 0 0 0 0 0 0 0 0 0 0 0 0 0 
792 312 0 0 0 0 0 0 0 0 0 0 0 0 0 0 
808 312 0 0 0 0 0 0 0 0 0 0 0 0 0 0 
824 312 0 0 0 0 0 0 0 0 0 0 0 0 0 0 
840 312 0 0 0 0 0 0 0 0 0 0 0 0 0 0 
856 312 0 0 0 0 0 0 0 0 0 0 0 0 0 0 
872 312 0 0 0 0 0 0 0 0 0 0 0 0 0 0 
888 312 0 0 0 0 0 0 0 0 0 0 0 0 0 0 
904 312 0 0 0 0 0 0 0 0 0 0 0 0 0 0 
920 312 0 0 0 0 0 0 0 0 0 0 0 0 0 0 
936 312 0 0 0 0 0 0 0 0 0 0 0 0 0 0 
952 312 0 0 0 0 0 0 0 0 0 0 0 0 0 0 
968 312 0 0 0 0 0 0 0 0 0 0 0 0 0 0 
984 312 0 0 0 0 0 0 0 0 0 0 0 0 0 0 
1000 312 0 0 0 0 0 0 0 0 0 0 0 0 0 0 
1016 312 0 0 0 0 0 0 0 0 0 0 0 0 0 0 
1032 312 0 0 0 0 0 0 0 0 0 0 0 0 0 0 
1048 312 0 0 0 0 0 0 0 0 0 0 0 0 0 0 
1064 312 0 0 0 0 0 0 0 0 0 0 0 0 0 0 
1080 312 0 0 0 0 0 0 0 0 0 0 0 0 0 0 
1096 312 0 0 0 0 0 0 0 0 0 0 0 0 0 0 
1112 312 0 0 0 0 0 0 0 0 0 0 0 0 0 0 
1128 312 0 0 0 0 0 0 0 0 0 0 0 0 0 0 
1144 312 0 0 0 0 0 0 0 0 0 0 0 0 0 0 
1160 312 0 0 0 0 0 0 0 0 0 0 0 0 0 0 
1176 312 0 0 0 0 0 0 0 0 0 0 0 0 0 0 
1192 312 0 0 0 0 0 0 0 0 0 0 0 0 0 0 
1208 312 0 0 0 0 0 0 0 0 0 0 0 0 0 0 
1224 312 0 0 0 0 0 0 0 0 0 0 0 0 0 0 
1240 312 0 0 0 0 0 0 0 0 0 0 0 0 0 0 
1256 312 0 0 0 0 0 0 0 0 0 0 0 0 0 0 
1272 312 0 0 0 0 0 0 0 0 0 0 0 0 0 0 
1288 312 0 0 0 0 0 0 0 0 0 0 0 0 0 0 
1304 312 0 0 0 0 0 0 0 0 0 0 0 0 0 0 
1320 312 0 0 0 0 0 0 0 0 0 0 0 0 0 0 
1336 312 0 0 0 0 0 0 0 0 0 0 0 0 0 0 
1352 312 0 0 0 0 0 0 0 0 0 0 0 0 0 0 
1368 312 0 0 0 0 0 0 0 0 0 0 0 0 0 0 
1384 312 0 0 0 0 0 0 0 0 0 0 0 0 0 0 
1400 312 0 0 0 0 0 0 0 0 0 0 0 0 0 0 
1416 312 0 0 0 0 0 0 0 0 0 0 0 0 0 0 
1432 312 0 0 0 0 0 0 0 0 0 0 0 0 0 0 
1448 312 0 0 0 0 0 0 0 0 0 0 0 0 0 0 
1464 312 0 0 0 0 0 0 0 0 0 0 0 0 0 0 
1480 312 0 0 0 0 0 0 0 0 0 0 0 0 0 0 
1496 312 0 0 0 0 0 0 0 0 0 0 0 0 0 0 
1512 312 0 0 0 0 0 0 0 0 0 0 0 0 0 0 
1528 312 0 0 0 0 0 0 0 0 0 0 0 0 0 0 
1544 312 0 0 0 0 0 0 0 0 0 0 0 0 0 0 
1560 312 0 0 0 0 0 0 0 0 0 0 0 0 0 0 
1576 312 0 0 0 0 0 0 0 0 0 0 0 0 0 0 
1592 312 0 0 0 0 0 0 0 0 0 0 0 0 0 0 
1608 312 0 0 0 0 0 0 0 0 0 0 0 0 0 0 
1624 312 0 0 0 0 0 0 0 0 0 0 0 0 0 0 
1640 312 0 0 0 0 0 0 0 0 0 0 0 0 0 0 
1656 312 0 0 0 0 0 0 0 0 0 0 0 0 0 0 
1672 312 0 0 0 0 0 0 0 0 0 0 0 0 0 0 
1688 312 0 0 0 0 0 0 0 0 0 0 0 0 0 0 
1704 312 0 0 0 0 0 0 0 0 0 0 0 0 0 0 
1720 312 0 0 0 0 0 0 0 0 0 0 0 0 0 0 
1736 312 0 0 0 0 0 0 0 0 0 0 0 0 0 0 
1752 312 0 0 0 0 0 0 0 0 0 0 0 0 0 0 
1768 312 0 0 0 0 0 0 0 0 0 0 0 0 0 0 
1784 312 0 0 0 0 0 0 0 0 0 0 0 0 0 0 
1800 312 0 0 0 0 0 0 0 0 0 0 0 0 0 0 
1816 312 0 0 0 0 0 0 0 0 0 0 0 0 0 0 
1832 312 0 0 0 0 0 0 0 0 0 0 0 0 0 0 
1848 312 0 0 0 0 0 0 0 0 0 0 0 0 0 0 
1864 312 0 0 0 0 0 0 0 0 0 0 0 0 0 0 
1880 312 0 0 0 0 0 0 0 0 0 0 0 0 0 0 
1896 312 0 0 0 0 0 0 0 0 0 0 0 0 0 0 
1912 312 0 0 0 0 0 0 0 0 0 0 0 0 0 0 
1928 312 0 0 0 0 0 0 0 0 0 0 0 0 0 0 
1944 312 0 0 0 0 0 0 0 0 0 0 0 0 0 0 
1960 312 0 0 0 0 0 0 0 0 0 0 0 0 0 0 
1976 312 0 0 0 0 0 0 0 0 0 0 0 0 0 0 
1992 312 0 0 0 0 0 0 0 0 0 0 0 0 0 0 
2008 312 0 0 0 0 0 0 0 0 0 0 0 0 0 0 
2024 312 0 0 0 0 0 0 0 0 0 0 0 0 0 0 
2040 312 0 0 0 0 0 0 0 0 0 0 0 0 0 0 
2056 312 0 0 0 0 0 0 0 0 0 0 0 0 0 0 
2072 312 0 0 0 0 0 0 0 0 0 0 0 0 0 0 
2088 312 0 0 0 0 0 0 0 0 0 0 0 0 0 0 
2104 312 0 0 0 0 0 0 0 0 0 0 0 0 0 0 
2120 312 0 0 0 0 0 0 0 0 0 0 0 0 0 0 
2136 312 0 0 0 0 0 0 0 0 0 0 0 0 0 0 
2152 312 0 0 0 0 0 0 0 0 0 0 0 0 0 0 
2168 312 0 0 0 0 0 0 0 0 0 0 0 0 0 0 
2184 312 0 0 0 0 0 0 0 0 0 0 0 0 0 0 
2200 312 0 0 0 0 0 0 0 0 0 0 0 0 0 0 
2216 312 0 0 0 0 0 0 0 0 0 0 0 0 0 0 
2232 312 0 0 0 0 0 0 0 0 0 0 0 0 0 0 
2248 312 0 0 0 0 0 0 0 0 0 0 0 0 0 0 
2264 312 0 0 0 0 0 0 0 0 0 0 0 0 0 0 
2280 312 0 0 0 0 0 0 0 0 0 0 0 0 0 0 
2296 312 0 0 0 0 0 0 0 0 0 0 0 0 0 0 
2312 312 0 0 0 0 0 0 0 0 0 0 0 0 0 0 
2328 312 0 0 0 0 0 0 0 0 0 0 0 0 0 0 
2344 312 0 0 0 0 0 0 0 0 0 0 0 0 0 0 
2360 312 0 0 0 0 0 0 0 0 0 0 0 0 0 0 
2376 312 0 0 0 0 0 0 0 0 0 0 0 0 0 0 
2392 312 0 0 0 0 0 0 0 0 0 0 0 0 0 0 
2408 312 0 0 0 0 0 0 0 0 0 0 0 0 0 0 
2424 312 0 0 0 0 0 0 0 0 0 0 0 0 0 0 
2440 312 0 0 0 0 0 0 0 0 0 0 0 0 0 0 
2456 312 0 0 0 0 0 0 0 0 0 0 0 0 0 0 
2472 312 0 0 0 0 0 0 0 0 0 0 0 0 0 0 
2488 312 0 0 0 0 0 0 0 0 0 0 0 0 0 0 
2504 312 0 0 0 0 0 0 0 0 0 0 0 0 0 0 
2520 312 0 0 0 0 0 0 0 0 0 0 0 0 0 0 
2536 312 0 0 0 0 0 0 0 0 0 0 0 0 0 0 
24 328 0 0 0 0 0 0 0 0 0 0 0 0 0 0 
40 328 0 0 0 0 0 0 0 0 0 0 0 0 0 0 
56 328 0 0 0 0 0 0 0 0 0 0 0 0 0 0 
72 328 0 0 0 0 0 0 0 0 0 0 0 0 0 0 
88 328 0 0 0 0 0 0 0 0 0 0 0 0 0 0 
104 328 0 0 0 0 0 0 0 0 0 0 0 0 0 0 
120 328 0 0 0 0 0 0 0 0 0 0 0 0 0 0 
136 328 0 0 0 0 0 0 0 0 0 0 0 0 0 0 
152 328 0 0 0 0 0 0 0 0 0 0 0 0 0 0 
168 328 0 0 0 0 0 0 0 0 0 0 0 0 0 0 
184 328 0 0 0 0 0 0 0 0 0 0 0 0 0 0 
200 328 0 0 0 0 0 0 0 0 0 0 0 0 0 0 
216 328 0 0 0 0 0 0 0 0 0 0 0 0 0 0 
232 328 0 0 0 0 0 0 0 0 0 0 0 0 0 0 
248 328 0 0 0 0 0 0 0 0 0 0 0 0 0 0 
264 328 0 0 0 0 0 0 0 0 0 0 0 0 0 0 
280 328 0 0 0 0 0 0 0 0 0 0 0 0 0 0 
296 328 0 0 0 0 0 0 0 0 0 0 0 0 0 0 
312 328 0 0 0 0 0 0 0 0 0 0 0 0 0 0 
328 328 0 0 0 0 0 0 0 0 0 0 0 0 0 0 
344 328 0 0 0 0 0 0 0 0 0 0 0 0 0 0 
360 328 0 0 0 0 0 0 0 0 0 0 0 0 0 0 
376 328 0 0 0 0 0 0 0 0 0 0 0 0 0 0 
392 328 0 0 0 0 0 0 0 0 0 0 0 0 0 0 
408 328 0 0 0 0 0 0 0 0 0 0 0 0 0 0 
424 328 0 0 0 0 0 0 0 0 0 0 0 0 0 0 
440 328 0 0 0 0 0 0 0 0 0 0 0 0 0 0 
456 328 0 0 0 0 0 0 0 0 0 0 0 0 0 0 
472 328 0 0 0 0 0 0 0 0 0 0 0 0 0 0 
488 328 0 0 0 0 0 0 0 0 0 0 0 0 0 0 
504 328 0 0 0 0 0 0 0 0 0 0 0 0 0 0 
520 328 0 0 0 0 0 0 0 0 0 0 0 0 0 0 
536 328 0 0 0 0 0 0 0 0 0 0 0 0 0 0 
552 328 0 0 0 0 0 0 0 0 0 0 0 0 0 0 
568 328 0 0 0 0 0 0 0 0 0 0 0 0 0 0 
584 328 0 0 0 0 0 0 0 0 0 0 0 0 0 0 
600 328 0 0 0 0 0 0 0 0 0 0 0 0 0 0 
616 328 0 0 0 0 0 0 0 0 0 0 0 0 0 0 
632 328 0 0 0 0 0 0 0 0 0 0 0 0 0 0 
648 328 0 0 0 0 0 0 0 0 0 0 0 0 0 0 
664 328 0 0 0 0 0 0 0 0 0 0 0 0 0 0 
680 328 0 0 0 0 0 0 0 0 0 0 0 0 0 0 
696 328 0 0 0 0 0 0 0 0 0 0 0 0 0 0 
712 328 0 0 0 0 0 0 0 0 0 0 0 0 0 0 
728 328 0 0 0 0 0 0 0 0 0 0 0 0 0 0 
744 328 0 0 0 0 0 0 0 0 0 0 0 0 0 0 
760 328 0 0 0 0 0 0 0 0 0 0 0 0 0 0 
776 328 0 0 0 0 0 0 0 0 0 0 0 0 0 0 
792 328 0 0 0 0 0 0 0 0 0 0 0 0 0 0 
808 328 0 0 0 0 0 0 0 0 0 0 0 0 0 0 
824 328 0 0 0 0 0 0 0 0 0 0 0 0 0 0 
840 328 0 0 0 0 0 0 0 0 0 0 0 0 0 0 
856 328 0 0 0 0 0 0 0 0 0 0 0 0 0 0 
872 328 0 0 0 0 0 0 0 0 0 0 0 0 0 0 
888 328 0 0 0 0 0 0 0 0 0 0 0 0 0 0 
904 328 0 0 0 0 0 0 0 0 0 0 0 0 0 0 
920 328 0 0 0 0 0 0 0 0 0 0 0 0 0 0 
936 328 0 0 0 0 0 0 0 0 0 0 0 0 0 0 
952 328 0 0 0 0 0 0 0 0 0 0 0 0 0 0 
968 328 0 0 0 0 0 0 0 0 0 0 0 0 0 0 
984 328 0 0 0 0 0 0 0 0 0 0 0 0 0 0 
1000 328 0 0 0 0 0 0 0 0 0 0 0 0 0 0 
1016 328 0 0 0 0 0 0 0 0 0 0 0 0 0 0 
1032 328 0 0 0 0 0 0 0 0 0 0 0 0 0 0 
1048 328 0 0 0 0 0 0 0 0 0 0 0 0 0 0 
1064 328 0 0 0 0 0 0 0 0 0 0 0 0 0 0 
1080 328 0 0 0 0 0 0 0 0 0 0 0 0 0 0 
1096 328 0 0 0 0 0 0 0 0 0 0 0 0 0 0 
1112 328 0 0 0 0 0 0 0 0 0 0 0 0 0 0 
1128 328 0 0 0 0 0 0 0 0 0 0 0 0 0 0 
1144 328 0 0 0 0 0 0 0 0 0 0 0 0 0 0 
1160 328 0 0 0 0 0 0 0 0 0 0 0 0 0 0 
1176 328 0 0 0 0 0 0 0 0 0 0 0 0 0 0 
1192 328 0 0 0 0 0 0 0 0 0 0 0 0 0 0 
1208 328 0 0 0 0 0 0 0 0 0 0 0 0 0 0 
1224 328 0 0 0 0 0 0 0 0 0 0 0 0 0 0 
1240 328 0 0 0 0 0 0 0 0 0 0 0 0 0 0 
1256 328 0 0 0 0 0 0 0 0 0 0 0 0 0 0 
1272 328 0 0 0 0 0 0 0 0 0 0 0 0 0 0 
1288 328 0 0 0 0 0 0 0 0 0 0 0 0 0 0 
1304 328 0 0 0 0 0 0 0 0 0 0 0 0 0 0 
1320 328 0 0 0 0 0 0 0 0 0 0 0 0 0 0 
1336 328 0 0 0 0 0 0 0 0 0 0 0 0 0 0 
1352 328 0 0 0 0 0 0 0 0 0 0 0 0 0 0 
1368 328 0 0 0 0 0 0 0 0 0 0 0 0 0 0 
1384 328 0 0 0 0 0 0 0 0 0 0 0 0 0 0 
1400 328 0 0 0 0 0 0 0 0 0 0 0 0 0 0 
1416 328 0 0 0 0 0 0 0 0 0 0 0 0 0 0 
1432 328 0 0 0 0 0 0 0 0 0 0 0 0 0 0 
1448 328 0 0 0 0 0 0 0 0 0 0 0 0 0 0 
1464 328 0 0 0 0 0 0 0 0 0 0 0 0 0 0 
1480 328 0 0 0 0 0 0 0 0 0 0 0 0 0 0 
1496 328 0 0 0 0 0 0 0 0 0 0 0 0 0 0 
1512 328 0 0 0 0 0 0 0 0 0 0 0 0 0 0 
1528 328 0 0 0 0 0 0 0 0 0 0 0 0 0 0 
1544 328 0 0 0 0 0 0 0 0 0 0 0 0 0 0 
1560 328 0 0 0 0 0 0 0 0 0 0 0 0 0 0 
1576 328 0 0 0 0 0 0 0 0 0 0 0 0 0 0 
1592 328 0 0 0 0 0 0 0 0 0 0 0 0 0 0 
1608 328 0 0 0 0 0 0 0 0 0 0 0 0 0 0 
1624 328 0 0 0 0 0 0 0 0 0 0 0 0 0 0 
1640 328 0 0 0 0 0 0 0 0 0 0 0 0 0 0 
1656 328 0 0 0 0 0 0 0 0 0 0 0 0 0 0 
1672 328 0 0 0 0 0 0 0 0 0 0 0 0 0 0 
1688 328 0 0 0 0 0 0 0 0 0 0 0 0 0 0 
1704 328 0 0 0 0 0 0 0 0 0 0 0 0 0 0 
1720 328 0 0 0 0 0 0 0 0 0 0 0 0 0 0 
1736 328 0 0 0 0 0 0 0 0 0 0 0 0 0 0 
1752 328 0 0 0 0 0 0 0 0 0 0 0 0 0 0 
1768 328 0 0 0 0 0 0 0 0 0 0 0 0 0 0 
1784 328 0 0 0 0 0 0 0 0 0 0 0 0 0 0 
1800 328 0 0 0 0 0 0 0 0 0 0 0 0 0 0 
1816 328 0 0 0 0 0 0 0 0 0 0 0 0 0 0 
1832 328 0 0 0 0 0 0 0 0 0 0 0 0 0 0 
1848 328 0 0 0 0 0 0 0 0 0 0 0 0 0 0 
1864 328 0 0 0 0 0 0 0 0 0 0 0 0 0 0 
1880 328 0 0 0 0 0 0 0 0 0 0 0 0 0 0 
1896 328 0 0 0 0 0 0 0 0 0 0 0 0 0 0 
1912 328 0 0 0 0 0 0 0 0 0 0 0 0 0 0 
1928 328 0 0 0 0 0 0 0 0 0 0 0 0 0 0 
1944 328 0 0 0 0 0 0 0 0 0 0 0 0 0 0 
1960 328 0 0 0 0 0 0 0 0 0 0 0 0 0 0 
1976 328 0 0 0 0 0 0 0 0 0 0 0 0 0 0 
1992 328 0 0 0 0 0 0 0 0 0 0 0 0 0 0 
2008 328 0 0 0 0 0 0 0 0 0 0 0 0 0 0 
2024 328 0 0 0 0 0 0 0 0 0 0 0 0 0 0 
2040 328 0 0 0 0 0 0 0 0 0 0 0 0 0 0 
2056 328 0 0 0 0 0 0 0 0 0 0 0 0 0 0 
2072 328 0 0 0 0 0 0 0 0 0 0 0 0 0 0 
2088 328 0 0 0 0 0 0 0 0 0 0 0 0 0 0 
2104 328 0 0 0 0 0 0 0 0 0 0 0 0 0 0 
2120 328 0 0 0 0 0 0 0 0 0 0 0 0 0 0 
2136 328 0 0 0 0 0 0 0 0 0 0 0 0 0 0 
2152 328 0 0 0 0 0 0 0 0 0 0 0 0 0 0 
2168 328 0 0 0 0 0 0 0 0 0 0 0 0 0 0 
2184 328 0 0 0 0 0 0 0 0 0 0 0 0 0 0 
2200 328 0 0 0 0 0 0 0 0 0 0 0 0 0 0 
2216 328 0 0 0 0 0 0 0 0 0 0 0 0 0 0 
2232 328 0 0 0 0 0 0 0 0 0 0 0 0 0 0 
2248 328 0 0 0 0 0 0 0 0 0 0 0 0 0 0 
2264 328 0 0 0 0 0 0 0 0 0 0 0 0 0 0 
2280 328 0 0 0 0 0 0 0 0 0 0 0 0 0 0 
2296 328 0 0 0 0 0 0 0 0 0 0 0 0 0 0 
2312 328 0 0 0 0 0 0 0 0 0 0 0 0 0 0 
2328 328 0 0 0 0 0 0 0 0 0 0 0 0 0 0 
2344 328 0 0 0 0 0 0 0 0 0 0 0 0 0 0 
2360 328 0 0 0 0 0 0 0 0 0 0 0 0 0 0 
2376 328 0 0 0 0 0 0 0 0 0 0 0 0 0 0 
2392 328 0 0 0 0 0 0 0 0 0 0 0 0 0 0 
2408 328 0 0 0 0 0 0 0 0 0 0 0 0 0 0 
2424 328 0 0 0 0 0 0 0 0 0 0 0 0 0 0 
2440 328 0 0 0 0 0 0 0 0 0 0 0 0 0 0 
2456 328 0 0 0 0 0 0 0 0 0 0 0 0 0 0 
2472 328 0 0 0 0 0 0 0 0 0 0 0 0 0 0 
2488 328 0 0 0 0 0 0 0 0 0 0 0 0 0 0 
2504 328 0 0 0 0 0 0 0 0 0 0 0 0 0 0 
2520 328 0 0 0 0 0 0 0 0 0 0 0 0 0 0 
2536 328 0 0 0 0 0 0 0 0 0 0 0 0 0 0 
24 344 0 0 0 0 0 0 0 0 0 0 0 0 0 0 
40 344 0 0 0 0 0 0 0 0 0 0 0 0 0 0 
56 344 0 0 0 0 0 0 0 0 0 0 0 0 0 0 
72 344 0 0 0 0 0 0 0 0 0 0 0 0 0 0 
88 344 0 0 0 0 0 0 0 0 0 0 0 0 0 0 
104 344 0 0 0 0 0 0 0 0 0 0 0 0 0 0 
120 344 0 0 0 0 0 0 0 0 0 0 0 0 0 0 
136 344 0 0 0 0 0 0 0 0 0 0 0 0 0 0 
152 344 0 0 0 0 0 0 0 0 0 0 0 0 0 0 
168 344 0 0 0 0 0 0 0 0 0 0 0 0 0 0 
184 344 0 0 0 0 0 0 0 0 0 0 0 0 0 0 
200 344 0 0 0 0 0 0 0 0 0 0 0 0 0 0 
216 344 0 0 0 0 0 0 0 0 0 0 0 0 0 0 
232 344 0 0 0 0 0 0 0 0 0 0 0 0 0 0 
248 344 0 0 0 0 0 0 0 0 0 0 0 0 0 0 
264 344 0 0 0 0 0 0 0 0 0 0 0 0 0 0 
280 344 0 0 0 0 0 0 0 0 0 0 0 0 0 0 
296 344 0 0 0 0 0 0 0 0 0 0 0 0 0 0 
312 344 0 0 0 0 0 0 0 0 0 0 0 0 0 0 
328 344 0 0 0 0 0 0 0 0 0 0 0 0 0 0 
344 344 0 0 0 0 0 0 0 0 0 0 0 0 0 0 
360 344 0 0 0 0 0 0 0 0 0 0 0 0 0 0 
376 344 0 0 0 0 0 0 0 0 0 0 0 0 0 0 
392 344 0 0 0 0 0 0 0 0 0 0 0 0 0 0 
408 344 0 0 0 0 0 0 0 0 0 0 0 0 0 0 
424 344 0 0 0 0 0 0 0 0 0 0 0 0 0 0 
440 344 0 0 0 0 0 0 0 0 0 0 0 0 0 0 
456 344 0 0 0 0 0 0 0 0 0 0 0 0 0 0 
472 344 0 0 0 0 0 0 0 0 0 0 0 0 0 0 
488 344 0 0 0 0 0 0 0 0 0 0 0 0 0 0 
504 344 0 0 0 0 0 0 0 0 0 0 0 0 0 0 
520 344 0 0 0 0 0 0 0 0 0 0 0 0 0 0 
536 344 0 0 0 0 0 0 0 0 0 0 0 0 0 0 
552 344 0 0 0 0 0 0 0 0 0 0 0 0 0 0 
568 344 0 0 0 0 0 0 0 0 0 0 0 0 0 0 
584 344 0 0 0 0 0 0 0 0 0 0 0 0 0 0 
600 344 0 0 0 0 0 0 0 0 0 0 0 0 0 0 
616 344 0 0 0 0 0 0 0 0 0 0 0 0 0 0 
632 344 0 0 0 0 0 0 0 0 0 0 0 0 0 0 
648 344 0 0 0 0 0 0 0 0 0 0 0 0 0 0 
664 344 0 0 0 0 0 0 0 0 0 0 0 0 0 0 
680 344 0 0 0 0 0 0 0 0 0 0 0 0 0 0 
696 344 0 0 0 0 0 0 0 0 0 0 0 0 0 0 
712 344 0 0 0 0 0 0 0 0 0 0 0 0 0 0 
728 344 0 0 0 0 0 0 0 0 0 0 0 0 0 0 
744 344 0 0 0 0 0 0 0 0 0 0 0 0 0 0 
760 344 0 0 0 0 0 0 0 0 0 0 0 0 0 0 
776 344 0 0 0 0 0 0 0 0 0 0 0 0 0 0 
792 344 0 0 0 0 0 0 0 0 0 0 0 0 0 0 
808 344 0 0 0 0 0 0 0 0 0 0 0 0 0 0 
824 344 0 0 0 0 0 0 0 0 0 0 0 0 0 0 
840 344 0 0 0 0 0 0 0 0 0 0 0 0 0 0 
856 344 0 0 0 0 0 0 0 0 0 0 0 0 0 0 
872 344 0 0 0 0 0 0 0 0 0 0 0 0 0 0 
888 344 0 0 0 0 0 0 0 0 0 0 0 0 0 0 
904 344 0 0 0 0 0 0 0 0 0 0 0 0 0 0 
920 344 0 0 0 0 0 0 0 0 0 0 0 0 0 0 
936 344 0 0 0 0 0 0 0 0 0 0 0 0 0 0 
952 344 0 0 0 0 0 0 0 0 0 0 0 0 0 0 
968 344 0 0 0 0 0 0 0 0 0 0 0 0 0 0 
984 344 0 0 0 0 0 0 0 0 0 0 0 0 0 0 
1000 344 0 0 0 0 0 0 0 0 0 0 0 0 0 0 
1016 344 0 0 0 0 0 0 0 0 0 0 0 0 0 0 
1032 344 0 0 0 0 0 0 0 0 0 0 0 0 0 0 
1048 344 0 0 0 0 0 0 0 0 0 0 0 0 0 0 
1064 344 0 0 0 0 0 0 0 0 0 0 0 0 0 0 
1080 344 0 0 0 0 0 0 0 0 0 0 0 0 0 0 
1096 344 0 0 0 0 0 0 0 0 0 0 0 0 0 0 
1112 344 0 0 0 0 0 0 0 0 0 0 0 0 0 0 
1128 344 0 0 0 0 0 0 0 0 0 0 0 0 0 0 
1144 344 0 0 0 0 0 0 0 0 0 0 0 0 0 0 
1160 344 0 0 0 0 0 0 0 0 0 0 0 0 0 0 
1176 344 0 0 0 0 0 0 0 0 0 0 0 0 0 0 
1192 344 0 0 0 0 0 0 0 0 0 0 0 0 0 0 
1208 344 0 0 0 0 0 0 0 0 0 0 0 0 0 0 
1224 344 0 0 0 0 0 0 0 0 0 0 0 0 0 0 
1240 344 0 0 0 0 0 0 0 0 0 0 0 0 0 0 
1256 344 0 0 0 0 0 0 0 0 0 0 0 0 0 0 
1272 344 0 0 0 0 0 0 0 0 0 0 0 0 0 0 
1288 344 0 0 0 0 0 0 0 0 0 0 0 0 0 0 
1304 344 0 0 0 0 0 0 0 0 0 0 0 0 0 0 
1320 344 0 0 0 0 0 0 0 0 0 0 0 0 0 0 
1336 344 0 0 0 0 0 0 0 0 0 0 0 0 0 0 
1352 344 0 0 0 0 0 0 0 0 0 0 0 0 0 0 
1368 344 0 0 0 0 0 0 0 0 0 0 0 0 0 0 
1384 344 0 0 0 0 0 0 0 0 0 0 0 0 0 0 
1400 344 0 0 0 0 0 0 0 0 0 0 0 0 0 0 
1416 344 0 0 0 0 0 0 0 0 0 0 0 0 0 0 
1432 344 0 0 0 0 0 0 0 0 0 0 0 0 0 0 
1448 344 0 0 0 0 0 0 0 0 0 0 0 0 0 0 
1464 344 0 0 0 0 0 0 0 0 0 0 0 0 0 0 
1480 344 0 0 0 0 0 0 0 0 0 0 0 0 0 0 
1496 344 0 0 0 0 0 0 0 0 0 0 0 0 0 0 
1512 344 0 0 0 0 0 0 0 0 0 0 0 0 0 0 
1528 344 0 0 0 0 0 0 0 0 0 0 0 0 0 0 
1544 344 0 0 0 0 0 0 0 0 0 0 0 0 0 0 
1560 344 0 0 0 0 0 0 0 0 0 0 0 0 0 0 
1576 344 0 0 0 0 0 0 0 0 0 0 0 0 0 0 
1592 344 0 0 0 0 0 0 0 0 0 0 0 0 0 0 
1608 344 0 0 0 0 0 0 0 0 0 0 0 0 0 0 
1624 344 0 0 0 0 0 0 0 0 0 0 0 0 0 0 
1640 344 0 0 0 0 0 0 0 0 0 0 0 0 0 0 
1656 344 0 0 0 0 0 0 0 0 0 0 0 0 0 0 
1672 344 0 0 0 0 0 0 0 0 0 0 0 0 0 0 
1688 344 0 0 0 0 0 0 0 0 0 0 0 0 0 0 
1704 344 0 0 0 0 0 0 0 0 0 0 0 0 0 0 
1720 344 0 0 0 0 0 0 0 0 0 0 0 0 0 0 
1736 344 0 0 0 0 0 0 0 0 0 0 0 0 0 0 
1752 344 0 0 0 0 0 0 0 0 0 0 0 0 0 0 
1768 344 0 0 0 0 0 0 0 0 0 0 0 0 0 0 
1784 344 0 0 0 0 0 0 0 0 0 0 0 0 0 0 
1800 344 0 0 0 0 0 0 0 0 0 0 0 0 0 0 
1816 344 0 0 0 0 0 0 0 0 0 0 0 0 0 0 
1832 344 0 0 0 0 0 0 0 0 0 0 0 0 0 0 
1848 344 0 0 0 0 0 0 0 0 0 0 0 0 0 0 
1864 344 0 0 0 0 0 0 0 0 0 0 0 0 0 0 
1880 344 0 0 0 0 0 0 0 0 0 0 0 0 0 0 
1896 344 0 0 0 0 0 0 0 0 0 0 0 0 0 0 
1912 344 0 0 0 0 0 0 0 0 0 0 0 0 0 0 
1928 344 0 0 0 0 0 0 0 0 0 0 0 0 0 0 
1944 344 0 0 0 0 0 0 0 0 0 0 0 0 0 0 
1960 344 0 0 0 0 0 0 0 0 0 0 0 0 0 0 
1976 344 0 0 0 0 0 0 0 0 0 0 0 0 0 0 
1992 344 0 0 0 0 0 0 0 0 0 0 0 0 0 0 
2008 344 0 0 0 0 0 0 0 0 0 0 0 0 0 0 
2024 344 0 0 0 0 0 0 0 0 0 0 0 0 0 0 
2040 344 0 0 0 0 0 0 0 0 0 0 0 0 0 0 
2056 344 0 0 0 0 0 0 0 0 0 0 0 0 0 0 
2072 344 0 0 0 0 0 0 0 0 0 0 0 0 0 0 
2088 344 0 0 0 0 0 0 0 0 0 0 0 0 0 0 
2104 344 0 0 0 0 0 0 0 0 0 0 0 0 0 0 
2120 344 0 0 0 0 0 0 0 0 0 0 0 0 0 0 
2136 344 0 0 0 0 0 0 0 0 0 0 0 0 0 0 
2152 344 0 0 0 0 0 0 0 0 0 0 0 0 0 0 
2168 344 0 0 0 0 0 0 0 0 0 0 0 0 0 0 
2184 344 0 0 0 0 0 0 0 0 0 0 0 0 0 0 
2200 344 0 0 0 0 0 0 0 0 0 0 0 0 0 0 
2216 344 0 0 0 0 0 0 0 0 0 0 0 0 0 0 
2232 344 0 0 0 0 0 0 0 0 0 0 0 0 0 0 
2248 344 0 0 0 0 0 0 0 0 0 0 0 0 0 0 
2264 344 0 0 0 0 0 0 0 0 0 0 0 0 0 0 
2280 344 0 0 0 0 0 0 0 0 0 0 0 0 0 0 
2296 344 0 0 0 0 0 0 0 0 0 0 0 0 0 0 
2312 344 0 0 0 0 0 0 0 0 0 0 0 0 0 0 
2328 344 0 0 0 0 0 0 0 0 0 0 0 0 0 0 
2344 344 0 0 0 0 0 0 0 0 0 0 0 0 0 0 
2360 344 0 0 0 0 0 0 0 0 0 0 0 0 0 0 
2376 344 0 0 0 0 0 0 0 0 0 0 0 0 0 0 
2392 344 0 0 0 0 0 0 0 0 0 0 0 0 0 0 
2408 344 0 0 0 0 0 0 0 0 0 0 0 0 0 0 
2424 344 0 0 0 0 0 0 0 0 0 0 0 0 0 0 
2440 344 0 0 0 0 0 0 0 0 0 0 0 0 0 0 
2456 344 0 0 0 0 0 0 0 0 0 0 0 0 0 0 
2472 344 0 0 0 0 0 0 0 0 0 0 0 0 0 0 
2488 344 0 0 0 0 0 0 0 0 0 0 0 0 0 0 
2504 344 0 0 0 0 0 0 0 0 0 0 0 0 0 0 
2520 344 0 0 0 0 0 0 0 0 0 0 0 0 0 0 
2536 344 0 0 0 0 0 0 0 0 0 0 0 0 0 0 
24 360 0 0 0 0 0 0 0 0 0 0 0 0 0 0 
40 360 0 0 0 0 0 0 0 0 0 0 0 0 0 0 
56 360 0 0 0 0 0 0 0 0 0 0 0 0 0 0 
72 360 0 0 0 0 0 0 0 0 0 0 0 0 0 0 
88 360 0 0 0 0 0 0 0 0 0 0 0 0 0 0 
104 360 0 0 0 0 0 0 0 0 0 0 0 0 0 0 
120 360 0 0 0 0 0 0 0 0 0 0 0 0 0 0 
136 360 0 0 0 0 0 0 0 0 0 0 0 0 0 0 
152 360 0 0 0 0 0 0 0 0 0 0 0 0 0 0 
168 360 0 0 0 0 0 0 0 0 0 0 0 0 0 0 
184 360 0 0 0 0 0 0 0 0 0 0 0 0 0 0 
200 360 0 0 0 0 0 0 0 0 0 0 0 0 0 0 
216 360 0 0 0 0 0 0 0 0 0 0 0 0 0 0 
232 360 0 0 0 0 0 0 0 0 0 0 0 0 0 0 
248 360 0 0 0 0 0 0 0 0 0 0 0 0 0 0 
264 360 0 0 0 0 0 0 0 0 0 0 0 0 0 0 
280 360 0 0 0 0 0 0 0 0 0 0 0 0 0 0 
296 360 0 0 0 0 0 0 0 0 0 0 0 0 0 0 
312 360 0 0 0 0 0 0 0 0 0 0 0 0 0 0 
328 360 0 0 0 0 0 0 0 0 0 0 0 0 0 0 
344 360 0 0 0 0 0 0 0 0 0 0 0 0 0 0 
360 360 0 0 0 0 0 0 0 0 0 0 0 0 0 0 
376 360 0 0 0 0 0 0 0 0 0 0 0 0 0 0 
392 360 0 0 0 0 0 0 0 0 0 0 0 0 0 0 
408 360 0 0 0 0 0 0 0 0 0 0 0 0 0 0 
424 360 0 0 0 0 0 0 0 0 0 0 0 0 0 0 
440 360 0 0 0 0 0 0 0 0 0 0 0 0 0 0 
456 360 0 0 0 0 0 0 0 0 0 0 0 0 0 0 
472 360 0 0 0 0 0 0 0 0 0 0 0 0 0 0 
488 360 0 0 0 0 0 0 0 0 0 0 0 0 0 0 
504 360 0 0 0 0 0 0 0 0 0 0 0 0 0 0 
520 360 0 0 0 0 0 0 0 0 0 0 0 0 0 0 
536 360 0 0 0 0 0 0 0 0 0 0 0 0 0 0 
552 360 0 0 0 0 0 0 0 0 0 0 0 0 0 0 
568 360 0 0 0 0 0 0 0 0 0 0 0 0 0 0 
584 360 0 0 0 0 0 0 0 0 0 0 0 0 0 0 
600 360 0 0 0 0 0 0 0 0 0 0 0 0 0 0 
616 360 0 0 0 0 0 0 0 0 0 0 0 0 0 0 
632 360 0 0 0 0 0 0 0 0 0 0 0 0 0 0 
648 360 0 0 0 0 0 0 0 0 0 0 0 0 0 0 
664 360 0 0 0 0 0 0 0 0 0 0 0 0 0 0 
680 360 0 0 0 0 0 0 0 0 0 0 0 0 0 0 
696 360 0 0 0 0 0 0 0 0 0 0 0 0 0 0 
712 360 0 0 0 0 0 0 0 0 0 0 0 0 0 0 
728 360 0 0 0 0 0 0 0 0 0 0 0 0 0 0 
744 360 0 0 0 0 0 0 0 0 0 0 0 0 0 0 
760 360 0 0 0 0 0 0 0 0 0 0 0 0 0 0 
776 360 0 0 0 0 0 0 0 0 0 0 0 0 0 0 
792 360 0 0 0 0 0 0 0 0 0 0 0 0 0 0 
808 360 0 0 0 0 0 0 0 0 0 0 0 0 0 0 
824 360 0 0 0 0 0 0 0 0 0 0 0 0 0 0 
840 360 0 0 0 0 0 0 0 0 0 0 0 0 0 0 
856 360 0 0 0 0 0 0 0 0 0 0 0 0 0 0 
872 360 0 0 0 0 0 0 0 0 0 0 0 0 0 0 
888 360 0 0 0 0 0 0 0 0 0 0 0 0 0 0 
904 360 0 0 0 0 0 0 0 0 0 0 0 0 0 0 
920 360 0 0 0 0 0 0 0 0 0 0 0 0 0 0 
936 360 0 0 0 0 0 0 0 0 0 0 0 0 0 0 
952 360 0 0 0 0 0 0 0 0 0 0 0 0 0 0 
968 360 0 0 0 0 0 0 0 0 0 0 0 0 0 0 
984 360 0 0 0 0 0 0 0 0 0 0 0 0 0 0 
1000 360 0 0 0 0 0 0 0 0 0 0 0 0 0 0 
1016 360 0 0 0 0 0 0 0 0 0 0 0 0 0 0 
1032 360 0 0 0 0 0 0 0 0 0 0 0 0 0 0 
1048 360 0 0 0 0 0 0 0 0 0 0 0 0 0 0 
1064 360 0 0 0 0 0 0 0 0 0 0 0 0 0 0 
1080 360 0 0 0 0 0 0 0 0 0 0 0 0 0 0 
1096 360 0 0 0 0 0 0 0 0 0 0 0 0 0 0 
1112 360 0 0 0 0 0 0 0 0 0 0 0 0 0 0 
1128 360 0 0 0 0 0 0 0 0 0 0 0 0 0 0 
1144 360 0 0 0 0 0 0 0 0 0 0 0 0 0 0 
1160 360 0 0 0 0 0 0 0 0 0 0 0 0 0 0 
1176 360 0 0 0 0 0 0 0 0 0 0 0 0 0 0 
1192 360 0 0 0 0 0 0 0 0 0 0 0 0 0 0 
1208 360 0 0 0 0 0 0 0 0 0 0 0 0 0 0 
1224 360 0 0 0 0 0 0 0 0 0 0 0 0 0 0 
1240 360 0 0 0 0 0 0 0 0 0 0 0 0 0 0 
1256 360 0 0 0 0 0 0 0 0 0 0 0 0 0 0 
1272 360 0 0 0 0 0 0 0 0 0 0 0 0 0 0 
1288 360 0 0 0 0 0 0 0 0 0 0 0 0 0 0 
1304 360 0 0 0 0 0 0 0 0 0 0 0 0 0 0 
1320 360 0 0 0 0 0 0 0 0 0 0 0 0 0 0 
1336 360 0 0 0 0 0 0 0 0 0 0 0 0 0 0 
1352 360 0 0 0 0 0 0 0 0 0 0 0 0 0 0 
1368 360 0 0 0 0 0 0 0 0 0 0 0 0 0 0 
1384 360 0 0 0 0 0 0 0 0 0 0 0 0 0 0 
1400 360 0 0 0 0 0 0 0 0 0 0 0 0 0 0 
1416 360 0 0 0 0 0 0 0 0 0 0 0 0 0 0 
1432 360 0 0 0 0 0 0 0 0 0 0 0 0 0 0 
1448 360 0 0 0 0 0 0 0 0 0 0 0 0 0 0 
1464 360 0 0 0 0 0 0 0 0 0 0 0 0 0 0 
1480 360 0 0 0 0 0 0 0 0 0 0 0 0 0 0 
1496 360 0 0 0 0 0 0 0 0 0 0 0 0 0 0 
1512 360 0 0 0 0 0 0 0 0 0 0 0 0 0 0 
1528 360 0 0 0 0 0 0 0 0 0 0 0 0 0 0 
1544 360 0 0 0 0 0 0 0 0 0 0 0 0 0 0 
1560 360 0 0 0 0 0 0 0 0 0 0 0 0 0 0 
1576 360 0 0 0 0 0 0 0 0 0 0 0 0 0 0 
1592 360 0 0 0 0 0 0 0 0 0 0 0 0 0 0 
1608 360 0 0 0 0 0 0 0 0 0 0 0 0 0 0 
1624 360 0 0 0 0 0 0 0 0 0 0 0 0 0 0 
1640 360 0 0 0 0 0 0 0 0 0 0 0 0 0 0 
1656 360 0 0 0 0 0 0 0 0 0 0 0 0 0 0 
1672 360 0 0 0 0 0 0 0 0 0 0 0 0 0 0 
1688 360 0 0 0 0 0 0 0 0 0 0 0 0 0 0 
1704 360 0 0 0 0 0 0 0 0 0 0 0 0 0 0 
1720 360 0 0 0 0 0 0 0 0 0 0 0 0 0 0 
1736 360 0 0 0 0 0 0 0 0 0 0 0 0 0 0 
1752 360 0 0 0 0 0 0 0 0 0 0 0 0 0 0 
1768 360 0 0 0 0 0 0 0 0 0 0 0 0 0 0 
1784 360 0 0 0 0 0 0 0 0 0 0 0 0 0 0 
1800 360 0 0 0 0 0 0 0 0 0 0 0 0 0 0 
1816 360 0 0 0 0 0 0 0 0 0 0 0 0 0 0 
1832 360 0 0 0 0 0 0 0 0 0 0 0 0 0 0 
1848 360 0 0 0 0 0 0 0 0 0 0 0 0 0 0 
1864 360 0 0 0 0 0 0 0 0 0 0 0 0 0 0 
1880 360 0 0 0 0 0 0 0 0 0 0 0 0 0 0 
1896 360 0 0 0 0 0 0 0 0 0 0 0 0 0 0 
1912 360 0 0 0 0 0 0 0 0 0 0 0 0 0 0 
1928 360 0 0 0 0 0 0 0 0 0 0 0 0 0 0 
1944 360 0 0 0 0 0 0 0 0 0 0 0 0 0 0 
1960 360 0 0 0 0 0 0 0 0 0 0 0 0 0 0 
1976 360 0 0 0 0 0 0 0 0 0 0 0 0 0 0 
1992 360 0 0 0 0 0 0 0 0 0 0 0 0 0 0 
2008 360 0 0 0 0 0 0 0 0 0 0 0 0 0 0 
2024 360 0 0 0 0 0 0 0 0 0 0 0 0 0 0 
2040 360 0 0 0 0 0 0 0 0 0 0 0 0 0 0 
2056 360 0 0 0 0 0 0 0 0 0 0 0 0 0 0 
2072 360 0 0 0 0 0 0 0 0 0 0 0 0 0 0 
2088 360 0 0 0 0 0 0 0 0 0 0 0 0 0 0 
2104 360 0 0 0 0 0 0 0 0 0 0 0 0 0 0 
2120 360 0 0 0 0 0 0 0 0 0 0 0 0 0 0 
2136 360 0 0 0 0 0 0 0 0 0 0 0 0 0 0 
2152 360 0 0 0 0 0 0 0 0 0 0 0 0 0 0 
2168 360 0 0 0 0 0 0 0 0 0 0 0 0 0 0 
2184 360 0 0 0 0 0 0 0 0 0 0 0 0 0 0 
2200 360 0 0 0 0 0 0 0 0 0 0 0 0 0 0 
2216 360 0 0 0 0 0 0 0 0 0 0 0 0 0 0 
2232 360 0 0 0 0 0 0 0 0 0 0 0 0 0 0 
2248 360 0 0 0 0 0 0 0 0 0 0 0 0 0 0 
2264 360 0 0 0 0 0 0 0 0 0 0 0 0 0 0 
2280 360 0 0 0 0 0 0 0 0 0 0 0 0 0 0 
2296 360 0 0 0 0 0 0 0 0 0 0 0 0 0 0 
2312 360 0 0 0 0 0 0 0 0 0 0 0 0 0 0 
2328 360 0 0 0 0 0 0 0 0 0 0 0 0 0 0 
2344 360 0 0 0 0 0 0 0 0 0 0 0 0 0 0 
2360 360 0 0 0 0 0 0 0 0 0 0 0 0 0 0 
2376 360 0 0 0 0 0 0 0 0 0 0 0 0 0 0 
2392 360 0 0 0 0 0 0 0 0 0 0 0 0 0 0 
2408 360 0 0 0 0 0 0 0 0 0 0 0 0 0 0 
2424 360 0 0 0 0 0 0 0 0 0 0 0 0 0 0 
2440 360 0 0 0 0 0 0 0 0 0 0 0 0 0 0 
2456 360 0 0 0 0 0 0 0 0 0 0 0 0 0 0 
2472 360 0 0 0 0 0 0 0 0 0 0 0 0 0 0 
2488 360 0 0 0 0 0 0 0 0 0 0 0 0 0 0 
2504 360 0 0 0 0 0 0 0 0 0 0 0 0 0 0 
2520 360 0 0 0 0 0 0 0 0 0 0 0 0 0 0 
2536 360 0 0 0 0 0 0 0 0 0 0 0 0 0 0 
24 376 0 0 0 0 0 0 0 0 0 0 0 0 0 0 
40 376 0 0 0 0 0 0 0 0 0 0 0 0 0 0 
56 376 0 0 0 0 0 0 0 0 0 0 0 0 0 0 
72 376 0 0 0 0 0 0 0 0 0 0 0 0 0 0 
88 376 0 0 0 0 0 0 0 0 0 0 0 0 0 0 
104 376 0 0 0 0 0 0 0 0 0 0 0 0 0 0 
120 376 0 0 0 0 0 0 0 0 0 0 0 0 0 0 
136 376 0 0 0 0 0 0 0 0 0 0 0 0 0 0 
152 376 0 0 0 0 0 0 0 0 0 0 0 0 0 0 
168 376 0 0 0 0 0 0 0 0 0 0 0 0 0 0 
184 376 0 0 0 0 0 0 0 0 0 0 0 0 0 0 
200 376 0 0 0 0 0 0 0 0 0 0 0 0 0 0 
216 376 0 0 0 0 0 0 0 0 0 0 0 0 0 0 
232 376 0 0 0 0 0 0 0 0 0 0 0 0 0 0 
248 376 0 0 0 0 0 0 0 0 0 0 0 0 0 0 
264 376 0 0 0 0 0 0 0 0 0 0 0 0 0 0 
280 376 0 0 0 0 0 0 0 0 0 0 0 0 0 0 
296 376 0 0 0 0 0 0 0 0 0 0 0 0 0 0 
312 376 0 0 0 0 0 0 0 0 0 0 0 0 0 0 
328 376 0 0 0 0 0 0 0 0 0 0 0 0 0 0 
344 376 0 0 0 0 0 0 0 0 0 0 0 0 0 0 
360 376 0 0 0 0 0 0 0 0 0 0 0 0 0 0 
376 376 0 0 0 0 0 0 0 0 0 0 0 0 0 0 
392 376 0 0 0 0 0 0 0 0 0 0 0 0 0 0 
408 376 0 0 0 0 0 0 0 0 0 0 0 0 0 0 
424 376 0 0 0 0 0 0 0 0 0 0 0 0 0 0 
440 376 0 0 0 0 0 0 0 0 0 0 0 0 0 0 
456 376 0 0 0 0 0 0 0 0 0 0 0 0 0 0 
472 376 0 0 0 0 0 0 0 0 0 0 0 0 0 0 
488 376 0 0 0 0 0 0 0 0 0 0 0 0 0 0 
504 376 0 0 0 0 0 0 0 0 0 0 0 0 0 0 
520 376 0 0 0 0 0 0 0 0 0 0 0 0 0 0 
536 376 0 0 0 0 0 0 0 0 0 0 0 0 0 0 
552 376 0 0 0 0 0 0 0 0 0 0 0 0 0 0 
568 376 0 0 0 0 0 0 0 0 0 0 0 0 0 0 
584 376 0 0 0 0 0 0 0 0 0 0 0 0 0 0 
600 376 0 0 0 0 0 0 0 0 0 0 0 0 0 0 
616 376 0 0 0 0 0 0 0 0 0 0 0 0 0 0 
632 376 0 0 0 0 0 0 0 0 0 0 0 0 0 0 
648 376 0 0 0 0 0 0 0 0 0 0 0 0 0 0 
664 376 0 0 0 0 0 0 0 0 0 0 0 0 0 0 
680 376 0 0 0 0 0 0 0 0 0 0 0 0 0 0 
696 376 0 0 0 0 0 0 0 0 0 0 0 0 0 0 
712 376 0 0 0 0 0 0 0 0 0 0 0 0 0 0 
728 376 0 0 0 0 0 0 0 0 0 0 0 0 0 0 
744 376 0 0 0 0 0 0 0 0 0 0 0 0 0 0 
760 376 0 0 0 0 0 0 0 0 0 0 0 0 0 0 
776 376 0 0 0 0 0 0 0 0 0 0 0 0 0 0 
792 376 0 0 0 0 0 0 0 0 0 0 0 0 0 0 
808 376 0 0 0 0 0 0 0 0 0 0 0 0 0 0 
824 376 0 0 0 0 0 0 0 0 0 0 0 0 0 0 
840 376 0 0 0 0 0 0 0 0 0 0 0 0 0 0 
856 376 0 0 0 0 0 0 0 0 0 0 0 0 0 0 
872 376 0 0 0 0 0 0 0 0 0 0 0 0 0 0 
888 376 0 0 0 0 0 0 0 0 0 0 0 0 0 0 
904 376 0 0 0 0 0 0 0 0 0 0 0 0 0 0 
920 376 0 0 0 0 0 0 0 0 0 0 0 0 0 0 
936 376 0 0 0 0 0 0 0 0 0 0 0 0 0 0 
952 376 0 0 0 0 0 0 0 0 0 0 0 0 0 0 
968 376 0 0 0 0 0 0 0 0 0 0 0 0 0 0 
984 376 0 0 0 0 0 0 0 0 0 0 0 0 0 0 
1000 376 0 0 0 0 0 0 0 0 0 0 0 0 0 0 
1016 376 0 0 0 0 0 0 0 0 0 0 0 0 0 0 
1032 376 0 0 0 0 0 0 0 0 0 0 0 0 0 0 
1048 376 0 0 0 0 0 0 0 0 0 0 0 0 0 0 
1064 376 0 0 0 0 0 0 0 0 0 0 0 0 0 0 
1080 376 0 0 0 0 0 0 0 0 0 0 0 0 0 0 
1096 376 0 0 0 0 0 0 0 0 0 0 0 0 0 0 
1112 376 0 0 0 0 0 0 0 0 0 0 0 0 0 0 
1128 376 0 0 0 0 0 0 0 0 0 0 0 0 0 0 
1144 376 0 0 0 0 0 0 0 0 0 0 0 0 0 0 
1160 376 0 0 0 0 0 0 0 0 0 0 0 0 0 0 
1176 376 0 0 0 0 0 0 0 0 0 0 0 0 0 0 
1192 376 0 0 0 0 0 0 0 0 0 0 0 0 0 0 
1208 376 0 0 0 0 0 0 0 0 0 0 0 0 0 0 
1224 376 0 0 0 0 0 0 0 0 0 0 0 0 0 0 
1240 376 0 0 0 0 0 0 0 0 0 0 0 0 0 0 
1256 376 0 0 0 0 0 0 0 0 0 0 0 0 0 0 
1272 376 0 0 0 0 0 0 0 0 0 0 0 0 0 0 
1288 376 0 0 0 0 0 0 0 0 0 0 0 0 0 0 
1304 376 0 0 0 0 0 0 0 0 0 0 0 0 0 0 
1320 376 0 0 0 0 0 0 0 0 0 0 0 0 0 0 
1336 376 0 0 0 0 0 0 0 0 0 0 0 0 0 0 
1352 376 0 0 0 0 0 0 0 0 0 0 0 0 0 0 
1368 376 0 0 0 0 0 0 0 0 0 0 0 0 0 0 
1384 376 0 0 0 0 0 0 0 0 0 0 0 0 0 0 
1400 376 0 0 0 0 0 0 0 0 0 0 0 0 0 0 
1416 376 0 0 0 0 0 0 0 0 0 0 0 0 0 0 
1432 376 0 0 0 0 0 0 0 0 0 0 0 0 0 0 
1448 376 0 0 0 0 0 0 0 0 0 0 0 0 0 0 
1464 376 0 0 0 0 0 0 0 0 0 0 0 0 0 0 
1480 376 0 0 0 0 0 0 0 0 0 0 0 0 0 0 
1496 376 0 0 0 0 0 0 0 0 0 0 0 0 0 0 
1512 376 0 0 0 0 0 0 0 0 0 0 0 0 0 0 
1528 376 0 0 0 0 0 0 0 0 0 0 0 0 0 0 
1544 376 0 0 0 0 0 0 0 0 0 0 0 0 0 0 
1560 376 0 0 0 0 0 0 0 0 0 0 0 0 0 0 
1576 376 0 0 0 0 0 0 0 0 0 0 0 0 0 0 
1592 376 0 0 0 0 0 0 0 0 0 0 0 0 0 0 
1608 376 0 0 0 0 0 0 0 0 0 0 0 0 0 0 
1624 376 0 0 0 0 0 0 0 0 0 0 0 0 0 0 
1640 376 0 0 0 0 0 0 0 0 0 0 0 0 0 0 
1656 376 0 0 0 0 0 0 0 0 0 0 0 0 0 0 
1672 376 0 0 0 0 0 0 0 0 0 0 0 0 0 0 
1688 376 0 0 0 0 0 0 0 0 0 0 0 0 0 0 
1704 376 0 0 0 0 0 0 0 0 0 0 0 0 0 0 
1720 376 0 0 0 0 0 0 0 0 0 0 0 0 0 0 
1736 376 0 0 0 0 0 0 0 0 0 0 0 0 0 0 
1752 376 0 0 0 0 0 0 0 0 0 0 0 0 0 0 
1768 376 0 0 0 0 0 0 0 0 0 0 0 0 0 0 
1784 376 0 0 0 0 0 0 0 0 0 0 0 0 0 0 
1800 376 0 0 0 0 0 0 0 0 0 0 0 0 0 0 
1816 376 0 0 0 0 0 0 0 0 0 0 0 0 0 0 
1832 376 0 0 0 0 0 0 0 0 0 0 0 0 0 0 
1848 376 0 0 0 0 0 0 0 0 0 0 0 0 0 0 
1864 376 0 0 0 0 0 0 0 0 0 0 0 0 0 0 
1880 376 0 0 0 0 0 0 0 0 0 0 0 0 0 0 
1896 376 0 0 0 0 0 0 0 0 0 0 0 0 0 0 
1912 376 0 0 0 0 0 0 0 0 0 0 0 0 0 0 
1928 376 0 0 0 0 0 0 0 0 0 0 0 0 0 0 
1944 376 0 0 0 0 0 0 0 0 0 0 0 0 0 0 
1960 376 0 0 0 0 0 0 0 0 0 0 0 0 0 0 
1976 376 0 0 0 0 0 0 0 0 0 0 0 0 0 0 
1992 376 0 0 0 0 0 0 0 0 0 0 0 0 0 0 
2008 376 0 0 0 0 0 0 0 0 0 0 0 0 0 0 
2024 376 0 0 0 0 0 0 0 0 0 0 0 0 0 0 
2040 376 0 0 0 0 0 0 0 0 0 0 0 0 0 0 
2056 376 0 0 0 0 0 0 0 0 0 0 0 0 0 0 
2072 376 0 0 0 0 0 0 0 0 0 0 0 0 0 0 
2088 376 0 0 0 0 0 0 0 0 0 0 0 0 0 0 
2104 376 0 0 0 0 0 0 0 0 0 0 0 0 0 0 
2120 376 0 0 0 0 0 0 0 0 0 0 0 0 0 0 
2136 376 0 0 0 0 0 0 0 0 0 0 0 0 0 0 
2152 376 0 0 0 0 0 0 0 0 0 0 0 0 0 0 
2168 376 0 0 0 0 0 0 0 0 0 0 0 0 0 0 
2184 376 0 0 0 0 0 0 0 0 0 0 0 0 0 0 
2200 376 0 0 0 0 0 0 0 0 0 0 0 0 0 0 
2216 376 0 0 0 0 0 0 0 0 0 0 0 0 0 0 
2232 376 0 0 0 0 0 0 0 0 0 0 0 0 0 0 
2248 376 0 0 0 0 0 0 0 0 0 0 0 0 0 0 
2264 376 0 0 0 0 0 0 0 0 0 0 0 0 0 0 
2280 376 0 0 0 0 0 0 0 0 0 0 0 0 0 0 
2296 376 0 0 0 0 0 0 0 0 0 0 0 0 0 0 
2312 376 0 0 0 0 0 0 0 0 0 0 0 0 0 0 
2328 376 0 0 0 0 0 0 0 0 0 0 0 0 0 0 
2344 376 0 0 0 0 0 0 0 0 0 0 0 0 0 0 
2360 376 0 0 0 0 0 0 0 0 0 0 0 0 0 0 
2376 376 0 0 0 0 0 0 0 0 0 0 0 0 0 0 
2392 376 0 0 0 0 0 0 0 0 0 0 0 0 0 0 
2408 376 0 0 0 0 0 0 0 0 0 0 0 0 0 0 
2424 376 0 0 0 0 0 0 0 0 0 0 0 0 0 0 
2440 376 0 0 0 0 0 0 0 0 0 0 0 0 0 0 
2456 376 0 0 0 0 0 0 0 0 0 0 0 0 0 0 
2472 376 0 0 0 0 0 0 0 0 0 0 0 0 0 0 
2488 376 0 0 0 0 0 0 0 0 0 0 0 0 0 0 
2504 376 0 0 0 0 0 0 0 0 0 0 0 0 0 0 
2520 376 0 0 0 0 0 0 0 0 0 0 0 0 0 0 
2536 376 0 0 0 0 0 0 0 0 0 0 0 0 0 0 
24 392 0 0 0 0 0 0 0 0 0 0 0 0 0 0 
40 392 0 0 0 0 0 0 0 0 0 0 0 0 0 0 
56 392 0 0 0 0 0 0 0 0 0 0 0 0 0 0 
72 392 0 0 0 0 0 0 0 0 0 0 0 0 0 0 
88 392 0 0 0 0 0 0 0 0 0 0 0 0 0 0 
104 392 0 0 0 0 0 0 0 0 0 0 0 0 0 0 
120 392 0 0 0 0 0 0 0 0 0 0 0 0 0 0 
136 392 0 0 0 0 0 0 0 0 0 0 0 0 0 0 
152 392 0 0 0 0 0 0 0 0 0 0 0 0 0 0 
168 392 0 0 0 0 0 0 0 0 0 0 0 0 0 0 
184 392 0 0 0 0 0 0 0 0 0 0 0 0 0 0 
200 392 0 0 0 0 0 0 0 0 0 0 0 0 0 0 
216 392 0 0 0 0 0 0 0 0 0 0 0 0 0 0 
232 392 0 0 0 0 0 0 0 0 0 0 0 0 0 0 
248 392 0 0 0 0 0 0 0 0 0 0 0 0 0 0 
264 392 0 0 0 0 0 0 0 0 0 0 0 0 0 0 
280 392 0 0 0 0 0 0 0 0 0 0 0 0 0 0 
296 392 0 0 0 0 0 0 0 0 0 0 0 0 0 0 
312 392 0 0 0 0 0 0 0 0 0 0 0 0 0 0 
328 392 0 0 0 0 0 0 0 0 0 0 0 0 0 0 
344 392 0 0 0 0 0 0 0 0 0 0 0 0 0 0 
360 392 0 0 0 0 0 0 0 0 0 0 0 0 0 0 
376 392 0 0 0 0 0 0 0 0 0 0 0 0 0 0 
392 392 0 0 0 0 0 0 0 0 0 0 0 0 0 0 
408 392 0 0 0 0 0 0 0 0 0 0 0 0 0 0 
424 392 0 0 0 0 0 0 0 0 0 0 0 0 0 0 
440 392 0 0 0 0 0 0 0 0 0 0 0 0 0 0 
456 392 0 0 0 0 0 0 0 0 0 0 0 0 0 0 
472 392 0 0 0 0 0 0 0 0 0 0 0 0 0 0 
488 392 0 0 0 0 0 0 0 0 0 0 0 0 0 0 
504 392 0 0 0 0 0 0 0 0 0 0 0 0 0 0 
520 392 0 0 0 0 0 0 0 0 0 0 0 0 0 0 
536 392 0 0 0 0 0 0 0 0 0 0 0 0 0 0 
552 392 0 0 0 0 0 0 0 0 0 0 0 0 0 0 
568 392 0 0 0 0 0 0 0 0 0 0 0 0 0 0 
584 392 0 0 0 0 0 0 0 0 0 0 0 0 0 0 
600 392 0 0 0 0 0 0 0 0 0 0 0 0 0 0 
616 392 0 0 0 0 0 0 0 0 0 0 0 0 0 0 
632 392 0 0 0 0 0 0 0 0 0 0 0 0 0 0 
648 392 0 0 0 0 0 0 0 0 0 0 0 0 0 0 
664 392 0 0 0 0 0 0 0 0 0 0 0 0 0 0 
680 392 0 0 0 0 0 0 0 0 0 0 0 0 0 0 
696 392 0 0 0 0 0 0 0 0 0 0 0 0 0 0 
712 392 0 0 0 0 0 0 0 0 0 0 0 0 0 0 
728 392 0 0 0 0 0 0 0 0 0 0 0 0 0 0 
744 392 0 0 0 0 0 0 0 0 0 0 0 0 0 0 
760 392 0 0 0 0 0 0 0 0 0 0 0 0 0 0 
776 392 0 0 0 0 0 0 0 0 0 0 0 0 0 0 
792 392 0 0 0 0 0 0 0 0 0 0 0 0 0 0 
808 392 0 0 0 0 0 0 0 0 0 0 0 0 0 0 
824 392 0 0 0 0 0 0 0 0 0 0 0 0 0 0 
840 392 0 0 0 0 0 0 0 0 0 0 0 0 0 0 
856 392 0 0 0 0 0 0 0 0 0 0 0 0 0 0 
872 392 0 0 0 0 0 0 0 0 0 0 0 0 0 0 
888 392 0 0 0 0 0 0 0 0 0 0 0 0 0 0 
904 392 0 0 0 0 0 0 0 0 0 0 0 0 0 0 
920 392 0 0 0 0 0 0 0 0 0 0 0 0 0 0 
936 392 0 0 0 0 0 0 0 0 0 0 0 0 0 0 
952 392 0 0 0 0 0 0 0 0 0 0 0 0 0 0 
968 392 0 0 0 0 0 0 0 0 0 0 0 0 0 0 
984 392 0 0 0 0 0 0 0 0 0 0 0 0 0 0 
1000 392 0 0 0 0 0 0 0 0 0 0 0 0 0 0 
1016 392 0 0 0 0 0 0 0 0 0 0 0 0 0 0 
1032 392 0 0 0 0 0 0 0 0 0 0 0 0 0 0 
1048 392 0 0 0 0 0 0 0 0 0 0 0 0 0 0 
1064 392 0 0 0 0 0 0 0 0 0 0 0 0 0 0 
1080 392 0 0 0 0 0 0 0 0 0 0 0 0 0 0 
1096 392 0 0 0 0 0 0 0 0 0 0 0 0 0 0 
1112 392 0 0 0 0 0 0 0 0 0 0 0 0 0 0 
1128 392 0 0 0 0 0 0 0 0 0 0 0 0 0 0 
1144 392 0 0 0 0 0 0 0 0 0 0 0 0 0 0 
1160 392 0 0 0 0 0 0 0 0 0 0 0 0 0 0 
1176 392 0 0 0 0 0 0 0 0 0 0 0 0 0 0 
1192 392 0 0 0 0 0 0 0 0 0 0 0 0 0 0 
1208 392 0 0 0 0 0 0 0 0 0 0 0 0 0 0 
1224 392 0 0 0 0 0 0 0 0 0 0 0 0 0 0 
1240 392 0 0 0 0 0 0 0 0 0 0 0 0 0 0 
1256 392 0 0 0 0 0 0 0 0 0 0 0 0 0 0 
1272 392 0 0 0 0 0 0 0 0 0 0 0 0 0 0 
1288 392 0 0 0 0 0 0 0 0 0 0 0 0 0 0 
1304 392 0 0 0 0 0 0 0 0 0 0 0 0 0 0 
1320 392 0 0 0 0 0 0 0 0 0 0 0 0 0 0 
1336 392 0 0 0 0 0 0 0 0 0 0 0 0 0 0 
1352 392 0 0 0 0 0 0 0 0 0 0 0 0 0 0 
1368 392 0 0 0 0 0 0 0 0 0 0 0 0 0 0 
1384 392 0 0 0 0 0 0 0 0 0 0 0 0 0 0 
1400 392 0 0 0 0 0 0 0 0 0 0 0 0 0 0 
1416 392 0 0 0 0 0 0 0 0 0 0 0 0 0 0 
1432 392 0 0 0 0 0 0 0 0 0 0 0 0 0 0 
1448 392 0 0 0 0 0 0 0 0 0 0 0 0 0 0 
1464 392 0 0 0 0 0 0 0 0 0 0 0 0 0 0 
1480 392 0 0 0 0 0 0 0 0 0 0 0 0 0 0 
1496 392 0 0 0 0 0 0 0 0 0 0 0 0 0 0 
1512 392 0 0 0 0 0 0 0 0 0 0 0 0 0 0 
1528 392 0 0 0 0 0 0 0 0 0 0 0 0 0 0 
1544 392 0 0 0 0 0 0 0 0 0 0 0 0 0 0 
1560 392 0 0 0 0 0 0 0 0 0 0 0 0 0 0 
1576 392 0 0 0 0 0 0 0 0 0 0 0 0 0 0 
1592 392 0 0 0 0 0 0 0 0 0 0 0 0 0 0 
1608 392 0 0 0 0 0 0 0 0 0 0 0 0 0 0 
1624 392 0 0 0 0 0 0 0 0 0 0 0 0 0 0 
1640 392 0 0 0 0 0 0 0 0 0 0 0 0 0 0 
1656 392 0 0 0 0 0 0 0 0 0 0 0 0 0 0 
1672 392 0 0 0 0 0 0 0 0 0 0 0 0 0 0 
1688 392 0 0 0 0 0 0 0 0 0 0 0 0 0 0 
1704 392 0 0 0 0 0 0 0 0 0 0 0 0 0 0 
1720 392 0 0 0 0 0 0 0 0 0 0 0 0 0 0 
1736 392 0 0 0 0 0 0 0 0 0 0 0 0 0 0 
1752 392 0 0 0 0 0 0 0 0 0 0 0 0 0 0 
1768 392 0 0 0 0 0 0 0 0 0 0 0 0 0 0 
1784 392 0 0 0 0 0 0 0 0 0 0 0 0 0 0 
1800 392 0 0 0 0 0 0 0 0 0 0 0 0 0 0 
1816 392 0 0 0 0 0 0 0 0 0 0 0 0 0 0 
1832 392 0 0 0 0 0 0 0 0 0 0 0 0 0 0 
1848 392 0 0 0 0 0 0 0 0 0 0 0 0 0 0 
1864 392 0 0 0 0 0 0 0 0 0 0 0 0 0 0 
1880 392 0 0 0 0 0 0 0 0 0 0 0 0 0 0 
1896 392 0 0 0 0 0 0 0 0 0 0 0 0 0 0 
1912 392 0 0 0 0 0 0 0 0 0 0 0 0 0 0 
1928 392 0 0 0 0 0 0 0 0 0 0 0 0 0 0 
1944 392 0 0 0 0 0 0 0 0 0 0 0 0 0 0 
1960 392 0 0 0 0 0 0 0 0 0 0 0 0 0 0 
1976 392 0 0 0 0 0 0 0 0 0 0 0 0 0 0 
1992 392 0 0 0 0 0 0 0 0 0 0 0 0 0 0 
2008 392 0 0 0 0 0 0 0 0 0 0 0 0 0 0 
2024 392 0 0 0 0 0 0 0 0 0 0 0 0 0 0 
2040 392 0 0 0 0 0 0 0 0 0 0 0 0 0 0 
2056 392 0 0 0 0 0 0 0 0 0 0 0 0 0 0 
2072 392 0 0 0 0 0 0 0 0 0 0 0 0 0 0 
2088 392 0 0 0 0 0 0 0 0 0 0 0 0 0 0 
2104 392 0 0 0 0 0 0 0 0 0 0 0 0 0 0 
2120 392 0 0 0 0 0 0 0 0 0 0 0 0 0 0 
2136 392 0 0 0 0 0 0 0 0 0 0 0 0 0 0 
2152 392 0 0 0 0 0 0 0 0 0 0 0 0 0 0 
2168 392 0 0 0 0 0 0 0 0 0 0 0 0 0 0 
2184 392 0 0 0 0 0 0 0 0 0 0 0 0 0 0 
2200 392 0 0 0 0 0 0 0 0 0 0 0 0 0 0 
2216 392 0 0 0 0 0 0 0 0 0 0 0 0 0 0 
2232 392 0 0 0 0 0 0 0 0 0 0 0 0 0 0 
2248 392 0 0 0 0 0 0 0 0 0 0 0 0 0 0 
2264 392 0 0 0 0 0 0 0 0 0 0 0 0 0 0 
2280 392 0 0 0 0 0 0 0 0 0 0 0 0 0 0 
2296 392 0 0 0 0 0 0 0 0 0 0 0 0 0 0 
2312 392 0 0 0 0 0 0 0 0 0 0 0 0 0 0 
2328 392 0 0 0 0 0 0 0 0 0 0 0 0 0 0 
2344 392 0 0 0 0 0 0 0 0 0 0 0 0 0 0 
2360 392 0 0 0 0 0 0 0 0 0 0 0 0 0 0 
2376 392 0 0 0 0 0 0 0 0 0 0 0 0 0 0 
2392 392 0 0 0 0 0 0 0 0 0 0 0 0 0 0 
2408 392 0 0 0 0 0 0 0 0 0 0 0 0 0 0 
2424 392 0 0 0 0 0 0 0 0 0 0 0 0 0 0 
2440 392 0 0 0 0 0 0 0 0 0 0 0 0 0 0 
2456 392 0 0 0 0 0 0 0 0 0 0 0 0 0 0 
2472 392 0 0 0 0 0 0 0 0 0 0 0 0 0 0 
2488 392 0 0 0 0 0 0 0 0 0 0 0 0 0 0 
2504 392 0 0 0 0 0 0 0 0 0 0 0 0 0 0 
2520 392 0 0 0 0 0 0 0 0 0 0 0 0 0 0 
2536 392 0 0 0 0 0 0 0 0 0 0 0 0 0 0 
24 408 0 0 0 0 0 0 0 0 0 0 0 0 0 0 
40 408 0 0 0 0 0 0 0 0 0 0 0 0 0 0 
56 408 0 0 0 0 0 0 0 0 0 0 0 0 0 0 
72 408 0 0 0 0 0 0 0 0 0 0 0 0 0 0 
88 408 0 0 0 0 0 0 0 0 0 0 0 0 0 0 
104 408 0 0 0 0 0 0 0 0 0 0 0 0 0 0 
120 408 0 0 0 0 0 0 0 0 0 0 0 0 0 0 
136 408 0 0 0 0 0 0 0 0 0 0 0 0 0 0 
152 408 0 0 0 0 0 0 0 0 0 0 0 0 0 0 
168 408 0 0 0 0 0 0 0 0 0 0 0 0 0 0 
184 408 0 0 0 0 0 0 0 0 0 0 0 0 0 0 
200 408 0 0 0 0 0 0 0 0 0 0 0 0 0 0 
216 408 0 0 0 0 0 0 0 0 0 0 0 0 0 0 
232 408 0 0 0 0 0 0 0 0 0 0 0 0 0 0 
248 408 0 0 0 0 0 0 0 0 0 0 0 0 0 0 
264 408 0 0 0 0 0 0 0 0 0 0 0 0 0 0 
280 408 0 0 0 0 0 0 0 0 0 0 0 0 0 0 
296 408 0 0 0 0 0 0 0 0 0 0 0 0 0 0 
312 408 0 0 0 0 0 0 0 0 0 0 0 0 0 0 
328 408 0 0 0 0 0 0 0 0 0 0 0 0 0 0 
344 408 0 0 0 0 0 0 0 0 0 0 0 0 0 0 
360 408 0 0 0 0 0 0 0 0 0 0 0 0 0 0 
376 408 0 0 0 0 0 0 0 0 0 0 0 0 0 0 
392 408 0 0 0 0 0 0 0 0 0 0 0 0 0 0 
408 408 0 0 0 0 0 0 0 0 0 0 0 0 0 0 
424 408 0 0 0 0 0 0 0 0 0 0 0 0 0 0 
440 408 0 0 0 0 0 0 0 0 0 0 0 0 0 0 
456 408 0 0 0 0 0 0 0 0 0 0 0 0 0 0 
472 408 0 0 0 0 0 0 0 0 0 0 0 0 0 0 
488 408 0 0 0 0 0 0 0 0 0 0 0 0 0 0 
504 408 0 0 0 0 0 0 0 0 0 0 0 0 0 0 
520 408 0 0 0 0 0 0 0 0 0 0 0 0 0 0 
536 408 0 0 0 0 0 0 0 0 0 0 0 0 0 0 
552 408 0 0 0 0 0 0 0 0 0 0 0 0 0 0 
568 408 0 0 0 0 0 0 0 0 0 0 0 0 0 0 
584 408 0 0 0 0 0 0 0 0 0 0 0 0 0 0 
600 408 0 0 0 0 0 0 0 0 0 0 0 0 0 0 
616 408 0 0 0 0 0 0 0 0 0 0 0 0 0 0 
632 408 0 0 0 0 0 0 0 0 0 0 0 0 0 0 
648 408 0 0 0 0 0 0 0 0 0 0 0 0 0 0 
664 408 0 0 0 0 0 0 0 0 0 0 0 0 0 0 
680 408 0 0 0 0 0 0 0 0 0 0 0 0 0 0 
696 408 0 0 0 0 0 0 0 0 0 0 0 0 0 0 
712 408 0 0 0 0 0 0 0 0 0 0 0 0 0 0 
728 408 0 0 0 0 0 0 0 0 0 0 -0.000276355219 -0.000279032332 0.000392722865 0 
744 408 0 0 0 0 0 0 0 0 0 0 -0.000829065656 -0.000837096996 0.001178168596 0 
760 408 0 0 0 0 0 0 0 0 0 0 -0.000708406169 -0.000941980124 0.001178628803 0 
776 408 0 0 0 0 0 0 0 0 0 0 0.000085623241 -0.000593681718 0.000599824409 0 
792 408 0 0 0 0 0 0 0 0 0 0 0.000719049494 -0.001023341399 0.001250703719 0 
808 408 0 0 0 0 0 0 0 0 0 0 0.001191872587 -0.002230959169 0.002529375235 0 
824 408 0 0 0 0 0 0 0 0 0 0 0.00053201554 -0.004394913988 0.004426997797 0 
840 408 0 0 0 0 0 0 0 0 0 0 -0.001260521648 -0.007515205856 0.007620185948 0 
856 408 0 0 0 0 0 0 0 0 0 0 -0.002500692197 -0.008421808273 0.00878523284 0 
872 408 0 0 0 0 0 0 0 0 0 0 -0.003188496106 -0.007114721239 0.007796522669 0 
888 408 0 0 0 0 0 0 0 0 0 0 -0.002940926278 -0.005148842472 0.00592955531 0 
904 408 0 0 0 0 0 0 0 0 0 0 -0.001757982712 -0.002524171972 0.003076027855 0 
920 408 0 0 0 0 0 0 0 0 0 0 0.000855758601 -0.00114879533 0.001432499038 0 
936 408 0 0 0 0 0 0 0 0 0 0 0.004900297662 -0.001022712544 0.005005882352 0 
952 408 0 0 0 0 0 0 0 0 0 0 0.006010177795 -0.000796009839 0.006062661857 0 
968 408 0 0 0 0 0 0 0 0 0 0 0.004185399 -0.000468687216 0.00421155939 0 
984 408 0 0 0 0 0 0 0 0 0 0 0.003324311031 -0.000122286322 0.00332655945 0 
1000 408 0 0 0 0 0 0 0 0 0 0 0.003426913886 0.000243192844 0.003435532207 0 
1016 408 0 0 0 0 0 0 0 0 0 0 0.001415683807 0.000306714573 0.001448528381 0 
1032 408 0 0 0 0 0 0 0 0 0 0 -0.002709379206 0.000068278867 0.002710239415 0 
1048 408 0 0 0 0 0 0 0 0 0 0 -0.003578933035 -0.000038204239 0.00357913694 0 
1064 408 0 0 0 0 0 0 0 0 0 0 -0.001192977678 -0.000012734746 0.001193045647 0 
1080 408 0 0 0 0 0 0 0 0 0 0 0 0 0 0 
1096 408 0 0 0 0 0 0 0 0 0 0 0 0 0 0 
1112 408 0 0 0 0 0 0 0 0 0 0 0 0 0 0 
1128 408 0 0 0 0 0 0 0 0 0 0 0 0 0 0 
1144 408 0 0 0 0 0 0 0 0 0 0 0 0 0 0 
1160 408 0 0 0 0 0 0 0 0 0 0 0 0 0 0 
1176 408 0 0 0 0 0 0 0 0 0 0 0 0 0 0 
1192 408 0 0 0 0 0 0 0 0 0 0 0 0 0 0 
1208 408 0 0 0 0 0 0 0 0 0 0 0 0 0 0 
1224 408 0 0 0 0 0 0 0 0 0 0 0 0 0 0 
1240 408 0 0 0 0 0 0 0 0 0 0 0 0 0 0 
1256 408 0 0 0 0 0 0 0 0 0 0 0 0 0 0 
1272 408 0 0 0 0 0 0 0 0 0 0 0 0 0 0 
1288 408 0 0 0 0 0 0 0 0 0 0 0 0 0 0 
1304 408 0 0 0 0 0 0 0 0 0 0 0 0 0 0 
1320 408 0 0 0 0 0 0 0 0 0 0 0 0 0 0 
1336 408 0 0 0 0 0 0 0 0 0 0 0 0 0 0 
1352 408 0 0 0 0 0 0 0 0 0 0 0 0 0 0 
1368 408 0 0 0 0 0 0 0 0 0 0 0 0 0 0 
1384 408 0 0 0 0 0 0 0 0 0 0 0 0 0 0 
1400 408 0 0 0 0 0 0 0 0 0 0 0 0 0 0 
1416 408 0 0 0 0 0 0 0 0 0 0 0 0 0 0 
1432 408 0 0 0 0 0 0 0 0 0 0 0 0 0 0 
1448 408 0 0 0 0 0 0 0 0 0 0 0 0 0 0 
1464 408 0 0 0 0 0 0 0 0 0 0 0 0 0 0 
1480 408 0 0 0 0 0 0 0 0 0 0 0 0 0 0 
1496 408 0 0 0 0 0 0 0 0 0 0 0 0 0 0 
1512 408 0 0 0 0 0 0 0 0 0 0 0 0 0 0 
1528 408 0 0 0 0 0 0 0 0 0 0 0 0 0 0 
1544 408 0 0 0 0 0 0 0 0 0 0 0 0 0 0 
1560 408 0 0 0 0 0 0 0 0 0 0 0 0 0 0 
1576 408 0 0 0 0 0 0 0 0 0 0 0 0 0 0 
1592 408 0 0 0 0 0 0 0 0 0 0 0 0 0 0 
1608 408 0 0 0 0 0 0 0 0 0 0 0 0 0 0 
1624 408 0 0 0 0 0 0 0 0 0 0 0 0 0 0 
1640 408 0 0 0 0 0 0 0 0 0 0 0 0 0 0 
1656 408 0 0 0 0 0 0 0 0 0 0 0 0 0 0 
1672 408 0 0 0 0 0 0 0 0 0 0 0 0 0 0 
1688 408 0 0 0 0 0 0 0 0 0 0 0 0 0 0 
1704 408 0 0 0 0 0 0 0 0 0 0 0 0 0 0 
1720 408 0 0 0 0 0 0 0 0 0 0 0 0 0 0 
1736 408 0 0 0 0 0 0 0 0 0 0 0 0 0 0 
1752 408 0 0 0 0 0 0 0 0 0 0 0 0 0 0 
1768 408 0 0 0 0 0 0 0 0 0 0 0 0 0 0 
1784 408 0 0 0 0 0 0 0 0 0 0 0 0 0 0 
1800 408 0 0 0 0 0 0 0 0 0 0 0 0 0 0 
1816 408 0 0 0 0 0 0 0 0 0 0 0 0 0 0 
1832 408 0 0 0 0 0 0 0 0 0 0 0 0 0 0 
1848 408 0 0 0 0 0 0 0 0 0 0 0 0 0 0 
1864 408 0 0 0 0 0 0 0 0 0 0 0 0 0 0 
1880 408 0 0 0 0 0 0 0 0 0 0 0 0 0 0 
1896 408 0 0 0 0 0 0 0 0 0 0 0 0 0 0 
1912 408 0 0 0 0 0 0 0 0 0 0 0 0 0 0 
1928 408 0 0 0 0 0 0 0 0 0 0 0 0 0 0 
1944 408 0 0 0 0 0 0 0 0 0 0 0 0 0 0 
1960 408 0 0 0 0 0 0 0 0 0 0 0 0 0 0 
1976 408 0 0 0 0 0 0 0 0 0 0 0 0 0 0 
1992 408 0 0 0 0 0 0 0 0 0 0 0 0 0 0 
2008 408 0 0 0 0 0 0 0 0 0 0 0 0 0 0 
2024 408 0 0 0 0 0 0 0 0 0 0 0 0 0 0 
2040 408 0 0 0 0 0 0 0 0 0 0 0 0 0 0 
2056 408 0 0 0 0 0 0 0 0 0 0 0 0 0 0 
2072 408 0 0 0 0 0 0 0 0 0 0 0 0 0 0 
2088 408 0 0 0 0 0 0 0 0 0 0 0 0 0 0 
2104 408 0 0 0 0 0 0 0 0 0 0 0 0 0 0 
2120 408 0 0 0 0 0 0 0 0 0 0 0 0 0 0 
2136 408 0 0 0 0 0 0 0 0 0 0 0 0 0 0 
2152 408 0 0 0 0 0 0 0 0 0 0 0 0 0 0 
2168 408 0 0 0 0 0 0 0 0 0 0 0 0 0 0 
2184 408 0 0 0 0 0 0 0 0 0 0 0 0 0 0 
2200 408 0 0 0 0 0 0 0 0 0 0 0 0 0 0 
2216 408 0 0 0 0 0 0 0 0 0 0 0 0 0 0 
2232 408 0 0 0 0 0 0 0 0 0 0 0 0 0 0 
2248 408 0 0 0 0 0 0 0 0 0 0 0 0 0 0 
2264 408 0 0 0 0 0 0 0 0 0 0 0 0 0 0 
2280 408 0 0 0 0 0 0 0 0 0 0 0 0 0 0 
2296 408 0 0 0 0 0 0 0 0 0 0 0 0 0 0 
2312 408 0 0 0 0 0 0 0 0 0 0 0 0 0 0 
2328 408 0 0 0 0 0 0 0 0 0 0 0 0 0 0 
2344 408 0 0 0 0 0 0 0 0 0 0 0 0 0 0 
2360 408 0 0 0 0 0 0 0 0 0 0 0 0 0 0 
2376 408 0 0 0 0 0 0 0 0 0 0 0 0 0 0 
2392 408 0 0 0 0 0 0 0 0 0 0 0 0 0 0 
2408 408 0 0 0 0 0 0 0 0 0 0 0 0 0 0 
2424 408 0 0 0 0 0 0 0 0 0 0 0 0 0 0 
2440 408 0 0 0 0 0 0 0 0 0 0 0 0 0 0 
2456 408 0 0 0 0 0 0 0 0 0 0 0 0 0 0 
2472 408 0 0 0 0 0 0 0 0 0 0 0 0 0 0 
2488 408 0 0 0 0 0 0 0 0 0 0 0 0 0 0 
2504 408 0 0 0 0 0 0 0 0 0 0 0 0 0 0 
2520 408 0 0 0 0 0 0 0 0 0 0 0 0 0 0 
2536 408 0 0 0 0 0 0 0 0 0 0 0 0 0 0 
24 424 0 0 0 0 0 0 0 0 0 0 0 0 0 0 
40 424 0 0 0 0 0 0 0 0 0 0 0 0 0 0 
56 424 0 0 0 0 0 0 0 0 0 0 0 0 0 0 
72 424 0 0 0 0 0 0 0 0 0 0 0 0 0 0 
88 424 0 0 0 0 0 0 0 0 0 0 0 0 0 0 
104 424 0 0 0 0 0 0 0 0 0 0 0 0 0 0 
120 424 0 0 0 0 0 0 0 0 0 0 0 0 0 0 
136 424 0 0 0 0 0 0 0 0 0 0 0 0 0 0 
152 424 0 0 0 0 0 0 0 0 0 0 0 0 0 0 
168 424 0 0 0 0 0 0 0 0 0 0 0 0 0 0 
184 424 0 0 0 0 0 0 0 0 0 0 0 0 0 0 
200 424 0 0 0 0 0 0 0 0 0 0 0 0 0 0 
216 424 0 0 0 0 0 0 0 0 0 0 0 0 0 0 
232 424 0 0 0 0 0 0 0 0 0 0 0 0 0 0 
248 424 0 0 0 0 0 0 0 0 0 0 0 0 0 0 
264 424 0 0 0 0 0 0 0 0 0 0 0 0 0 0 
280 424 0 0 0 0 0 0 0 0 0 0 0 0 0 0 
296 424 0 0 0 0 0 0 0 0 0 0 0 0 0 0 
312 424 0 0 0 0 0 0 0 0 0 0 0 0 0 0 
328 424 0 0 0 0 0 0 0 0 0 0 0 0 0 0 
344 424 0 0 0 0 0 0 0 0 0 0 0 0 0 0 
360 424 0 0 0 0 0 0 0 0 0 0 0 0 0 0 
376 424 0 0 0 0 0 0 0 0 0 0 0 0 0 0 
392 424 0 0 0 0 0 0 0 0 0 0 0 0 0 0 
408 424 0 0 0 0 0 0 0 0 0 0 0 0 0 0 
424 424 0 0 0 0 0 0 0 0 0 0 0 0 0 0 
440 424 0 0 0 0 0 0 0 0 0 0 0 0 0 0 
456 424 0 0 0 0 0 0 0 0 0 0 0 0 0 0 
472 424 0 0 0 0 0 0 0 0 0 0 0 0 0 0 
488 424 0 0 0 0 0 0 0 0 0 0 0 0 0 0 
504 424 0 0 0 0 0 0 0 0 0 0 0 0 0 0 
520 424 0 0 0 0 0 0 0 0 0 0 0 0 0 0 
536 424 0 0 0 0 0 0 0 0 0 0 0 0 0 0 
552 424 0 0 0 0 0 0 0 0 0 0 0 0 0 0 
568 424 0 0 0 0 0 0 0 0 0 0 0 0 0 0 
584 424 0 0 0 0 0 0 0 0 0 0 0 0 0 0 
600 424 0 0 0 0 0 0 0 0 0 0 0 0 0 0 
616 424 0 0 0 0 0 0 0 0 0 0 0 0 0 0 
632 424 0 0 0 0 0 0 0 0 0 0 0 0 0 0 
648 424 0 0 0 0 0 0 0 0 0 0 0 0 0 0 
664 424 0 0 0 0 0 0 0 0 0 0 0 0 0 0 
680 424 0 0 0 0 0 0 0 0 0 0 0 0 0 0 
696 424 0 0 0 0 0 0 0 0 0 0 0 0 0 0 
712 424 0 0 0 0 0 0 0 0 0 0 0 0 0 0 
728 424 0 0 0 0 0 0 0 0 0 0 -0.000829065656 -0.000837096996 0.001178168596 0 
744 424 0 0 0 0 0 0 0 0 0 0 -0.002487196967 -0.002511290988 0.003534505789 0 
760 424 0 0 0 0 0 0 0 0 0 0 -0.002125218507 -0.002825940373 0.003535886409 0 
776 424 0 0 0 0 0 0 0 0 0 0 0.000256869724 -0.001781045153 0.001799473227 0 
792 424 0 0 0 0 0 0 0 0 0 0 0.002157148481 -0.003070024198 0.003752111158 0 
808 424 0 0 0 0 0 0 0 0 0 0 0.003575617762 -0.006692877508 0.007588125705 0 
824 424 0 0 0 0 0 0 0 0 0 0 0.001596046621 -0.013184741964 0.013280993392 0 
840 424 0 0 0 0 0 0 0 0 0 0 -0.003781564944 -0.022545617568 0.022860557844 0 
856 424 0 0 0 0 0 0 0 0 0 0 -0.00750207659 -0.025265424819 0.026355698519 0 
872 424 0 0 0 0 0 0 0 0 0 0 -0.009565488317 -0.021344163717 0.023389568006 0 
888 424 0 0 0 0 0 0 0 0 0 0 -0.008822778833 -0.015446527416 0.01778866593 0 
904 424 0 0 0 0 0 0 0 0 0 0 -0.005273948137 -0.007572515917 0.009228083564 0 
920 424 0 0 0 0 0 0 0 0 0 0 0.002567275803 -0.003446385989 0.004297497113 0 
936 424 0 0 0 0 0 0 0 0 0 0 0.014700892987 -0.003068137632 0.015017647057 0 
952 424 0 0 0 0 0 0 0 0 0 0 0.018030533386 -0.002388029518 0.018187985572 0 
968 424 0 0 0 0 0 0 0 0 0 0 0.012556197001 -0.001406061648 0.012634678171 0 
984 424 0 0 0 0 0 0 0 0 0 0 0.009972933092 -0.000366858965 0.009979678349 0 
1000 424 0 0 0 0 0 0 0 0 0 0 0.010280741659 0.000729578531 0.01030659662 0 
1016 424 0 0 0 0 0 0 0 0 0 0 0.004247051422 0.00092014372 0.004345585144 0 
1032 424 0 0 0 0 0 0 0 0 0 0 -0.008128137619 0.000204836602 0.008130718246 0 
1048 424 0 0 0 0 0 0 0 0 0 0 -0.010736799105 -0.000114612717 0.010737410819 0 
1064 424 0 0 0 0 0 0 0 0 0 0 -0.003578933035 -0.000038204239 0.00357913694 0 
1080 424 0 0 0 0 0 0 0 0 0 0 0 0 0 0 
1096 424 0 0 0 0 0 0 0 0 0 0 0 0 0 0 
1112 424 0 0 0 0 0 0 0 0 0 0 0 0 0 0 
1128 424 0 0 0 0 0 0 0 0 0 0 0 0 0 0 
1144 424 0 0 0 0 0 0 0 0 0 0 0 0 0 0 
1160 424 0 0 0 0 0 0 0 0 0 0 0 0 0 0 
1176 424 0 0 0 0 0 0 0 0 0 0 0 0 0 0 
1192 424 0 0 0 0 0 0 0 0 0 0 0 0 0 0 
1208 424 0 0 0 0 0 0 0 0 0 0 0 0 0 0 
1224 424 0 0 0 0 0 0 0 0 0 0 0 0 0 0 
1240 424 0 0 0 0 0 0 0 0 0 0 0 0 0 0 
1256 424 0 0 0 0 0 0 0 0 0 0 0 0 0 0 
1272 424 0 0 0 0 0 0 0 0 0 0 0 0 0 0 
1288 424 0 0 0 0 0 0 0 0 0 0 0 0 0 0 
1304 424 0 0 0 0 0 0 0 0 0 0 0 0 0 0 
1320 424 0 0 0 0 0 0 0 0 0 0 0 0 0 0 
1336 424 0 0 0 0 0 0 0 0 0 0 0 0 0 0 
1352 424 0 0 0 0 0 0 0 0 0 0 0 0 0 0 
1368 424 0 0 0 0 0 0 0 0 0 0 0 0 0 0 
1384 424 0 0 0 0 0 0 0 0 0 0 0 0 0 0 
1400 424 0 0 0 0 0 0 0 0 0 0 0 0 0 0 
1416 424 0 0 0 0 0 0 0 0 0 0 0 0 0 0 
1432 424 0 0 0 0 0 0 0 0 0 0 0 0 0 0 
1448 424 0 0 0 0 0 0 0 0 0 0 0 0 0 0 
1464 424 0 0 0 0 0 0 0 0 0 0 0 0 0 0 
1480 424 0 0 0 0 0 0 0 0 0 0 0 0 0 0 
1496 424 0 0 0 0 0 0 0 0 0 0 0 0 0 0 
1512 424 0 0 0 0 0 0 0 0 0 0 0 0 0 0 
1528 424 0 0 0 0 0 0 0 0 0 0 0 0 0 0 
1544 424 0 0 0 0 0 0 0 0 0 0 0 0 0 0 
1560 424 0 0 0 0 0 0 0 0 0 0 0 0 0 0 
1576 424 0 0 0 0 0 0 0 0 0 0 0 0 0 0 
1592 424 0 0 0 0 0 0 0 0 0 0 0 0 0 0 
1608 424 0 0 0 0 0 0 0 0 0 0 0 0 0 0 
1624 424 0 0 0 0 0 0 0 0 0 0 0 0 0 0 
1640 424 0 0 0 0 0 0 0 0 0 0 0 0 0 0 
1656 424 0 0 0 0 0 0 0 0 0 0 0 0 0 0 
1672 424 0 0 0 0 0 0 0 0 0 0 0 0 0 0 
1688 424 0 0 0 0 0 0 0 0 0 0 0 0 0 0 
1704 424 0 0 0 0 0 0 0 0 0 0 0 0 0 0 
1720 424 0 0 0 0 0 0 0 0 0 0 0 0 0 0 
1736 424 0 0 0 0 0 0 0 0 0 0 0 0 0 0 
1752 424 0 0 0 0 0 0 0 0 0 0 0 0 0 0 
1768 424 0 0 0 0 0 0 0 0 0 0 0 0 0 0 
1784 424 0 0 0 0 0 0 0 0 0 0 0 0 0 0 
1800 424 0 0 0 0 0 0 0 0 0 0 0 0 0 0 
1816 424 0 0 0 0 0 0 0 0 0 0 0 0 0 0 
1832 424 0 0 0 0 0 0 0 0 0 0 0 0 0 0 
1848 424 0 0 0 0 0 0 0 0 0 0 0 0 0 0 
1864 424 0 0 0 0 0 0 0 0 0 0 0 0 0 0 
1880 424 0 0 0 0 0 0 0 0 0 0 0 0 0 0 
1896 424 0 0 0 0 0 0 0 0 0 0 0 0 0 0 
1912 424 0 0 0 0 0 0 0 0 0 0 0 0 0 0 
1928 424 0 0 0 0 0 0 0 0 0 0 0 0 0 0 
1944 424 0 0 0 0 0 0 0 0 0 0 0 0 0 0 
1960 424 0 0 0 0 0 0 0 0 0 0 0 0 0 0 
1976 424 0 0 0 0 0 0 0 0 0 0 0 0 0 0 
1992 424 0 0 0 0 0 0 0 0 0 0 0 0 0 0 
2008 424 0 0 0 0 0 0 0 0 0 0 0 0 0 0 
2024 424 0 0 0 0 0 0 0 0 0 0 0 0 0 0 
2040 424 0 0 0 0 0 0 0 0 0 0 0 0 0 0 
2056 424 0 0 0 0 0 0 0 0 0 0 0 0 0 0 
2072 424 0 0 0 0 0 0 0 0 0 0 0 0 0 0 
2088 424 0 0 0 0 0 0 0 0 0 0 0 0 0 0 
2104 424 0 0 0 0 0 0 0 0 0 0 0 0 0 0 
2120 424 0 0 0 0 0 0 0 0 0 0 0 0 0 0 
2136 424 0 0 0 0 0 0 0 0 0 0 0 0 0 0 
2152 424 0 0 0 0 0 0 0 0 0 0 0 0 0 0 
2168 424 0 0 0 0 0 0 0 0 0 0 0 0 0 0 
2184 424 0 0 0 0 0 0 0 0 0 0 0 0 0 0 
2200 424 0 0 0 0 0 0 0 0 0 0 0 0 0 0 
2216 424 0 0 0 0 0 0 0 0 0 0 0 0 0 0 
2232 424 0 0 0 0 0 0 0 0 0 0 0 0 0 0 
2248 424 0 0 0 0 0 0 0 0 0 0 0 0 0 0 
2264 424 0 0 0 0 0 0 0 0 0 0 0 0 0 0 
2280 424 0 0 0 0 0 0 0 0 0 0 0 0 0 0 
2296 424 0 0 0 0 0 0 0 0 0 0 0 0 0 0 
2312 424 0 0 0 0 0 0 0 0 0 0 0 0 0 0 
2328 424 0 0 0 0 0 0 0 0 0 0 0 0 0 0 
2344 424 0 0 0 0 0 0 0 0 0 0 0 0 0 0 
2360 424 0 0 0 0 0 0 0 0 0 0 0 0 0 0 
2376 424 0 0 0 0 0 0 0 0 0 0 0 0 0 0 
2392 424 0 0 0 0 0 0 0 0 0 0 0 0 0 0 
2408 424 0 0 0 0 0 0 0 0 0 0 0 0 0 0 
2424 424 0 0 0 0 0 0 0 0 0 0 0 0 0 0 
2440 424 0 0 0 0 0 0 0 0 0 0 0 0 0 0 
2456 424 0 0 0 0 0 0 0 0 0 0 0 0 0 0 
2472 424 0 0 0 0 0 0 0 0 0 0 0 0 0 0 
2488 424 0 0 0 0 0 0 0 0 0 0 0 0 0 0 
2504 424 0 0 0 0 0 0 0 0 0 0 0 0 0 0 
2520 424 0 0 0 0 0 0 0 0 0 0 0 0 0 0 
2536 424 0 0 0 0 0 0 0 0 0 0 0 0 0 0 
24 440 0 0 0 0 0 0 0 0 0 0 0 0 0 0 
40 440 0 0 0 0 0 0 0 0 0 0 0 0 0 0 
56 440 0 0 0 0 0 0 0 0 0 0 0 0 0 0 
72 440 0 0 0 0 0 0 0 0 0 0 0 0 0 0 
88 440 0 0 0 0 0 0 0 0 0 0 0 0 0 0 
104 440 0 0 0 0 0 0 0 0 0 0 0 0 0 0 
120 440 0 0 0 0 0 0 0 0 0 0 0 0 0 0 
136 440 0 0 0 0 0 0 0 0 0 0 0 0 0 0 
152 440 0 0 0 0 0 0 0 0 0 0 0 0 0 0 
168 440 0 0 0 0 0 0 0 0 0 0 0 0 0 0 
184 440 0 0 0 0 0 0 0 0 0 0 0 0 0 0 
200 440 0 0 0 0 0 0 0 0 0 0 0 0 0 0 
216 440 0 0 0 0 0 0 0 0 0 0 0 0 0 0 
232 440 0 0 0 0 0 0 0 0 0 0 0 0 0 0 
248 440 0 0 0 0 0 0 0 0 0 0 0 0 0 0 
264 440 0 0 0 0 0 0 0 0 0 0 0 0 0 0 
280 440 0 0 0 0 0 0 0 0 0 0 0 0 0 0 
296 440 0 0 0 0 0 0 0 0 0 0 0 0 0 0 
312 440 0 0 0 0 0 0 0 0 0 0 0 0 0 0 
328 440 0 0 0 0 0 0 0 0 0 0 0 0 0 0 
344 440 0 0 0 0 0 0 0 0 0 0 0 0 0 0 
360 440 0 0 0 0 0 0 0 0 0 0 0 0 0 0 
376 440 0 0 0 0 0 0 0 0 0 0 0 0 0 0 
392 440 0 0 0 0 0 0 0 0 0 0 0 0 0 0 
408 440 0 0 0 0 0 0 0 0 0 0 0 0 0 0 
424 440 0 0 0 0 0 0 0 0 0 0 0 0 0 0 
440 440 0 0 0 0 0 0 0 0 0 0 0 0 0 0 
456 440 0 0 0 0 0 0 0 0 0 0 0 0 0 0 
472 440 0 0 0 0 0 0 0 0 0 0 0 0 0 0 
488 440 0 0 0 0 0 0 0 0 0 0 0 0 0 0 
504 440 0 0 0 0 0 0 0 0 0 0 0 0 0 0 
520 440 0 0 0 0 0 0 0 0 0 0 0 0 0 0 
536 440 0 0 0 0 0 0 0 0 0 0 0 0 0 0 
552 440 0 0 0 0 0 0 0 0 0 0 0 0 0 0 
568 440 0 0 0 0 0 0 0 0 0 0 0 0 0 0 
584 440 0 0 0 0 0 0 0 0 0 0 0 0 0 0 
600 440 0 0 0 0 0 0 0 0 0 0 0 0 0 0 
616 440 0 0 0 0 0 0 0 0 0 0 0 0 0 0 
632 440 0 0 0 0 0 0 0 0 0 0 -0.000122836329 0.000107715619 0.000163375085 0 
648 440 0 0 0 0 0 0 0 0 0 0 -0.000368508986 0.000323146858 0.000490125254 0 
664 440 0 0 0 0 0 0 0 0 0 0 -0.000466120976 0.000327126436 0.000569456293 0 
680 440 0 0 0 0 0 0 0 0 0 0 -0.000415672299 0.000119654354 0.000432551297 0 
696 440 0 0 0 0 0 0 0 0 0 0 0.000360273854 -0.000269543986 0.000449945786 0 
712 440 0 0 0 0 0 0 0 0 0 0 0.00186171748 -0.000840468584 0.002042640305 0 
728 440 0 0 0 0 0 0 0 0 0 0 0.000254722353 -0.003173732972 0.003183938513 0 
744 440 0 0 0 0 0 0 0 0 0 0 -0.004460711527 -0.007269337152 0.008528845758 0 
760 440 0 0 0 0 0 0 0 0 0 0 -0.004422852676 -0.009121686781 0.010137395894 0 
776 440 0.002035543731 0 0.002035543731 87.584469563256 34511.99609375 0.002035543731 0 0.002035543731 87.584469563256 34511.99609375 0.000368298905 -0.008730781857 0.008738546556 0 
792 440 -0.005938684681 -0.004720895057 0.007586489694 89.133869665725 454364.96875 -0.005938684681 -0.004720895057 0.007586489694 89.133869665725 454364.96875 0.008146050243 -0.010571583619 0.013346029926 0 
808 440 0.003314845284 -0.009226994516 0.009804367754 32.484945022512 905755.875 0.003314845284 -0.009226994516 0.009804367754 32.484945022512 905755.875 0.018910401337 -0.014644092067 0.023917623444 0 
824 440 0.006371851472 -0.012972892678 0.014453250002 11.479612192589 945417 0.006371851472 -0.012972892678 0.014453250002 11.479612192589 945417 0.014844749341 -0.019249639403 0.0243087474 0 
840 440 -0.003972891501 -0.023610032961 0.023941961559 0.120975788448 942200 -0.003972891501 -0.023610032961 0.023941961559 0.120975788448 942200 -0.004050905747 -0.024388225627 0.024722366121 0 
856 440 -0.01250696591 -0.019833048235 0.023447259937 20.428331053211 892197.9375 -0.01250696591 -0.019833048235 0.023447259937 20.428331053211 892197.9375 -0.02132271765 -0.01626452282 0.026817773781 0 
872 440 -0.010009718717 0.001534455172 0.010126649074 0.828530709439 635902 -0.010009718717 0.001534455172 0.010126649074 0.828530709439 635902 -0.036970686367 0.005121469017 0.037323733674 0 
888 440 -0.007350344228 0.004994925971 0.008886891792 3.437668010593 404895.9375 -0.007350344228 0.004994925971 0.008886891792 3.437668010593 404895.9375 -0.042818435055 0.025484813496 0.049828647378 0 
904 440 -0.004429489835 0.006971767919 0.008259898796 8.497224896895 321522.96875 -0.004429489835 0.006971767919 0.008259898796 8.497224896895 321522.96875 -0.038865963715 0.044825510617 0.059328656967 0 
920 440 -0.004617915871 0.003522541578 0.005808050116 45.408062044093 232283.984375 -0.004617915871 0.003522541578 0.005808050116 45.408062044093 232283.984375 -0.006148700224 0.048295120029 0.048684957975 0 
936 440 -0.007877233087 0.000410289675 0.007887910923 144.047745843509 134426 -0.007877233087 0.000410289675 0.007887910923 144.047745843509 134426 0.055333355417 0.035893641732 0.065955543652 0 
952 440 -0.020110827012 -0.000623047202 0.020120475912 161.938029482973 48812.99609375 -0.020110827012 -0.000623047202 0.020120475912 161.938029482973 48812.99609375 0.069523840317 0.025080117287 0.073909246077 0 
968 440 -0.00828788982 -0.00828788982 0.011720846186 158.523124277274 3653.99951171875 -0.00828788982 -0.00828788982 0.011720846186 158.523124277274 3653.99951171875 0.036422754478 0.015854546694 0.039723842898 0 
984 440 0 0 0 0 0 0 0 0 0 0 0.011643756444 0.011303783541 0.016228141806 0 
1000 440 0 0 0 0 0 0 0 0 0 0 -0.004813153782 0.011427827828 0.012400068476 0 
1016 440 0 0 0 0 0 0 0 0 0 0 -0.008942754909 0.009738085976 0.013221315511 0 
1032 440 0 0 0 0 0 0 0 0 0 0 -0.000745046934 0.006234557985 0.006278917757 0 
1048 440 0 0 0 0 0 0 0 0 0 0 0.002702095768 0.003828120448 0.004685704612 0 
1064 440 0 0 0 0 0 0 0 0 0 0 0.001398673197 0.002518773366 0.002881059871 0 
1080 440 0 0 0 0 0 0 0 0 0 0 -0.001127129894 0.001698057514 0.00203809252 0 
1096 440 0 0 0 0 0 0 0 0 0 0 -0.004875313507 0.001365972893 0.005063058733 0 
1112 440 0 0 0 0 0 0 0 0 0 0 -0.004836875276 0.00213338189 0.005286462023 0 
1128 440 0 0 0 0 0 0 0 0 0 0 -0.0010118152 0.004000284508 0.004126262975 0 
1144 440 0 0 0 0 0 0 0 0 0 0 0.000675536129 0.004467676797 0.00451846047 0 
1160 440 0 0 0 0 0 0 0 0 0 0 0.00022517871 0.003535558757 0.003542722283 0 
1176 440 0 0 0 0 0 0 0 0 0 0 -0.001426560222 0.00207623311 0.002519090708 0 
1192 440 0 0 0 0 0 0 0 0 0 0 -0.004279680667 0.000089699856 0.004280620595 0 
1208 440 0 0 0 0 0 0 0 0 0 0 -0.006080126813 -0.00046063556 0.006097550916 0 
1224 440 0 0 0 0 0 0 0 0 0 0 -0.006827898658 0.000425226861 0.006841126952 0 
1240 440 0 0 0 0 0 0 0 0 0 0 -0.005582093612 0.000111170787 0.00558320052 0 
1256 440 0 0 0 0 0 0 0 0 0 0 -0.002342711675 -0.001402803784 0.002730596354 0 
1272 440 0 0 0 0 0 0 0 0 0 0 -0.000214562446 -0.00054843082 0.000588908658 0 
1288 440 0 0 0 0 0 0 0 0 0 0 0.000802354075 0.002674289677 0.002792059695 0 
1304 440 0 0 0 0 0 0 0 0 0 0 0.00085848786 0.006622850004 0.006678259023 0 
1320 440 0 0 0 0 0 0 0 0 0 0 -0.000046161091 0.01129725016 0.011297344468 0 
1336 440 0 0 0 0 0 0 0 0 0 0 -0.000177203968 0.011653734752 0.011655081935 0 
1352 440 0 0 0 0 0 0 0 0 0 0 0.000465359231 0.007692303779 0.00770636728 0 
1368 440 0 0 0 0 0 0 0 0 0 0 0.001138703626 0.004037590395 0.004195090243 0 
1384 440 0 0 0 0 0 0 0 0 0 0 0.001842829219 0.000689594598 0.001967628074 0 
1400 440 0 0 0 0 0 0 0 0 0 0 0.00101298117 -0.000679694973 0.001219883644 0 
1416 440 0 0 0 0 0 0 0 0 0 0 -0.001350840521 -0.000070278317 0.001352667422 0 
1432 440 0 0 0 0 0 0 0 0 0 0 -0.002854716386 0.000610436869 0.002919253127 0 
1448 440 0 0 0 0 0 0 0 0 0 0 -0.003498646428 0.001362450588 0.003754570339 0 
1464 440 0 0 0 0 0 0 0 0 0 0 -0.000798697687 0.001064405869 0.001330743345 0 
1480 440 0 0 0 0 0 0 0 0 0 0 0.005245129835 -0.000283697286 0.005252796506 0 
1496 440 0 0 0 0 0 0 0 0 0 0 0.004960223152 -0.001803541715 0.00527793297 0 
1512 440 0 0 0 0 0 0 0 0 0 0 -0.001653417735 -0.003495127418 0.003866484951 0 
1528 440 0 0 0 0 0 0 0 0 0 0 -0.003720178634 -0.004514798708 0.005850054396 0 
1544 440 0 0 0 0 0 0 0 0 0 0 -0.001240059545 -0.004862555586 0.005018186376 0 
1560 440 0 0 0 0 0 0 0 0 0 0 -0.002545279461 -0.004152279138 0.004870304875 0 
1576 440 0 0 0 0 0 0 0 0 0 0 -0.007635838384 -0.002383969365 0.007999333582 0 
1592 440 0 0 0 0 0 0 0 0 0 0 -0.010044201897 -0.000844625173 0.01007965195 0 
1608 440 0 0 0 0 0 0 0 0 0 0 -0.009770369999 0.000465753438 0.00978146493 0 
1624 440 0 0 0 0 0 0 0 0 0 0 -0.010780613644 0.000906274554 0.010818639661 0 
1640 440 0 0 0 0 0 0 0 0 0 0 -0.013074932831 0.000476938173 0.013083628647 0 
1656 440 0 0 0 0 0 0 0 0 0 0 -0.011714774679 0.000277653642 0.011718064573 0 
1672 440 0 0 0 0 0 0 0 0 0 0 -0.006700139188 0.00030842096 0.006707234052 0 
1688 440 0 0 0 0 0 0 0 0 0 0 -0.003431228651 0.000298792335 0.003444213541 0 
1704 440 0 0 0 0 0 0 0 0 0 0 -0.001908043069 0.000248767769 0.001924191715 0 
1720 440 0 0 0 0 0 0 0 0 0 0 -0.000361281917 0.000138438014 0.000386897541 0 
1736 440 0 0 0 0 0 0 0 0 0 0 0.001209054803 -0.00003219693 0.001209483427 0 
1752 440 0 0 0 0 0 0 0 0 0 0 0.002128450365 -0.000099508724 0.002130775197 0 
1768 440 0 0 0 0 0 0 0 0 0 0 0.002396904767 -0.000063497368 0.002397745687 0 
1784 440 0 0 0 0 0 0 0 0 0 0 0.001368645035 0.000069754193 0.001370421424 0 
1800 440 0 0 0 0 0 0 0 0 0 0 -0.000956328831 0.000300245961 0.001002353466 0 
1816 440 0 0 0 0 0 0 0 0 0 0 -0.0001686187 0.001732112007 0.001740300052 0 
1832 440 0 0 0 0 0 0 0 0 0 0 0.003731775429 0.004365352331 0.00574303481 0 
1848 440 0 0 0 0 0 0 0 0 0 0 0.00426147937 0.00426147937 0.006026641921 0 
1864 440 0 0 0 0 0 0 0 0 0 0 0.001420493123 0.001420493123 0.00200888064 0 
1880 440 0 0 0 0 0 0 0 0 0 0 0 0 0 0 
1896 440 0 0 0 0 0 0 0 0 0 0 0 0 0 0 
1912 440 0 0 0 0 0 0 0 0 0 0 0 0 0 0 
1928 440 0 0 0 0 0 0 0 0 0 0 0 0 0 0 
1944 440 0 0 0 0 0 0 0 0 0 0 0 0 0 0 
1960 440 0 0 0 0 0 0 0 0 0 0 0 0 0 0 
1976 440 0 0 0 0 0 0 0 0 0 0 0 0 0 0 
1992 440 0 0 0 0 0 0 0 0 0 0 0 0 0 0 
2008 440 0 0 0 0 0 0 0 0 0 0 0 0 0 0 
2024 440 0 0 0 0 0 0 0 0 0 0 0 0 0 0 
2040 440 0 0 0 0 0 0 0 0 0 0 0 0 0 0 
2056 440 0 0 0 0 0 0 0 0 0 0 0 0 0 0 
2072 440 0 0 0 0 0 0 0 0 0 0 0 0 0 0 
2088 440 0 0 0 0 0 0 0 0 0 0 0 0 0 0 
2104 440 0 0 0 0 0 0 0 0 0 0 0 0 0 0 
2120 440 0 0 0 0 0 0 0 0 0 0 0 0 0 0 
2136 440 0 0 0 0 0 0 0 0 0 0 0 0 0 0 
2152 440 0 0 0 0 0 0 0 0 0 0 0 0 0 0 
2168 440 0 0 0 0 0 0 0 0 0 0 0 0 0 0 
2184 440 0 0 0 0 0 0 0 0 0 0 0 0 0 0 
2200 440 0 0 0 0 0 0 0 0 0 0 0 0 0 0 
2216 440 0 0 0 0 0 0 0 0 0 0 0 0 0 0 
2232 440 0 0 0 0 0 0 0 0 0 0 0 0 0 0 
2248 440 0 0 0 0 0 0 0 0 0 0 0 0 0 0 
2264 440 0 0 0 0 0 0 0 0 0 0 0 0 0 0 
2280 440 0 0 0 0 0 0 0 0 0 0 0 0 0 0 
2296 440 0 0 0 0 0 0 0 0 0 0 0 0 0 0 
2312 440 0 0 0 0 0 0 0 0 0 0 0 0 0 0 
2328 440 0 0 0 0 0 0 0 0 0 0 0 0 0 0 
2344 440 0 0 0 0 0 0 0 0 0 0 0 0 0 0 
2360 440 0 0 0 0 0 0 0 0 0 0 0 0 0 0 
2376 440 0 0 0 0 0 0 0 0 0 0 0 0 0 0 
2392 440 0 0 0 0 0 0 0 0 0 0 0 0 0 0 
2408 440 0 0 0 0 0 0 0 0 0 0 0 0 0 0 
2424 440 0 0 0 0 0 0 0 0 0 0 0 0 0 0 
2440 440 0 0 0 0 0 0 0 0 0 0 0 0 0 0 
2456 440 0 0 0 0 0 0 0 0 0 0 0 0 0 0 
2472 440 0 0 0 0 0 0 0 0 0 0 0 0 0 0 
2488 440 0 0 0 0 0 0 0 0 0 0 0 0 0 0 
2504 440 0 0 0 0 0 0 0 0 0 0 0 0 0 0 
2520 440 0 0 0 0 0 0 0 0 0 0 0 0 0 0 
2536 440 0 0 0 0 0 0 0 0 0 0 0 0 0 0 
24 456 0 0 0 0 0 0 0 0 0 0 0 0 0 0 
40 456 0 0 0 0 0 0 0 0 0 0 0 0 0 0 
56 456 0 0 0 0 0 0 0 0 0 0 0 0 0 0 
72 456 0 0 0 0 0 0 0 0 0 0 0 0 0 0 
88 456 0 0 0 0 0 0 0 0 0 0 0 0 0 0 
104 456 0 0 0 0 0 0 0 0 0 0 0 0 0 0 
120 456 0 0 0 0 0 0 0 0 0 0 0 0 0 0 
136 456 0 0 0 0 0 0 0 0 0 0 0 0 0 0 
152 456 0 0 0 0 0 0 0 0 0 0 0 0 0 0 
168 456 0 0 0 0 0 0 0 0 0 0 0 0 0 0 
184 456 0 0 0 0 0 0 0 0 0 0 0 0 0 0 
200 456 0 0 0 0 0 0 0 0 0 0 0 0 0 0 
216 456 0 0 0 0 0 0 0 0 0 0 0 0 0 0 
232 456 0 0 0 0 0 0 0 0 0 0 0 0 0 0 
248 456 0 0 0 0 0 0 0 0 0 0 0 0 0 0 
264 456 0 0 0 0 0 0 0 0 0 0 0 0 0 0 
280 456 0 0 0 0 0 0 0 0 0 0 0 0 0 0 
296 456 0 0 0 0 0 0 0 0 0 0 0 0 0 0 
312 456 0 0 0 0 0 0 0 0 0 0 0 0 0 0 
328 456 0 0 0 0 0 0 0 0 0 0 0 0 0 0 
344 456 0 0 0 0 0 0 0 0 0 0 0 0 0 0 
360 456 0 0 0 0 0 0 0 0 0 0 0 0 0 0 
376 456 0 0 0 0 0 0 0 0 0 0 0 0 0 0 
392 456 0 0 0 0 0 0 0 0 0 0 0 0 0 0 
408 456 0 0 0 0 0 0 0 0 0 0 0 0 0 0 
424 456 0 0 0 0 0 0 0 0 0 0 0 0 0 0 
440 456 0 0 0 0 0 0 0 0 0 0 0 0 0 0 
456 456 0 0 0 0 0 0 0 0 0 0 0 0 0 0 
472 456 0 0 0 0 0 0 0 0 0 0 0 0 0 0 
488 456 0 0 0 0 0 0 0 0 0 0 0 0 0 0 
504 456 0 0 0 0 0 0 0 0 0 0 0 0 0 0 
520 456 0 0 0 0 0 0 0 0 0 0 0 0 0 0 
536 456 0 0 0 0 0 0 0 0 0 0 0 0 0 0 
552 456 0 0 0 0 0 0 0 0 0 0 0 0 0 0 
568 456 0 0 0 0 0 0 0 0 0 0 0 0 0 0 
584 456 0 0 0 0 0 0 0 0 0 0 0 0 0 0 
600 456 0 0 0 0 0 0 0 0 0 0 0 0 0 0 
616 456 0 0 0 0 0 0 0 0 0 0 0 0 0 0 
632 456 0 0 0 0 0 0 0 0 0 0 -0.000368508986 0.000323146858 0.000490125254 0 
648 456 0 0 0 0 0 0 0 0 0 0 -0.001105526959 0.000969440575 0.001470375763 0 
664 456 0 0 0 0 0 0 0 0 0 0 -0.001398362929 0.000981379309 0.00170836888 0 
680 456 0 0 0 0 0 0 0 0 0 0 -0.001247016896 0.000358963062 0.00129765389 0 
696 456 0 0 0 0 0 0 0 0 0 0 0.001080821561 -0.000808631959 0.001349837357 0 
712 456 0 0 0 0 0 0 0 0 0 0 0.005585152441 -0.002521405751 0.006127920915 0 
728 456 -0.003511219097 -0.003511219097 0.004965613667 67.203014614834 21934.99609375 -0.003511219097 -0.003511219097 0.004965613667 67.203014614834 21934.99609375 0.002975008808 -0.007288940262 0.007872695062 0 
744 456 -0.006109936041 0.008548698005 0.010507690327 120.37731859946 669426 -0.006109936041 0.008548698005 0.010507690327 120.37731859946 669426 -0.006749609337 -0.01511123549 0.016550125807 0 
760 456 0.000150874003 0.008976733195 0.008978000993 159.989127257942 1691666.875 0.000150874003 0.008976733195 0.008978000993 159.989127257942 1691666.875 -0.007601308678 -0.019829219346 0.021236238685 0 
776 456 -0.003544336195 0.00232069291 0.004236500283 124.33707844936 2610068 -0.003544336195 0.00232069291 0.004236500283 124.33707844936 2610068 0.000419910783 -0.021442891829 0.021447002938 0 
792 456 -0.013957961564 -0.014958805205 0.020459485433 81.474022759267 3310263 -0.013957961564 -0.014958805205 0.020459485433 81.474022759267 3310263 0.01868575478 -0.023528019663 0.030045384687 0 
808 456 0.020321311799 -0.02271664275 0.030479527081 19.256849827828 2792508 0.020321311799 -0.02271664275 0.030479527081 19.256849827828 2792508 0.047196223314 -0.026084602849 0.05392485513 0 
824 456 0.002992333813 -0.048274779319 0.048367430983 57.167556378754 2037903.75 5 15 15.811388300842 100.850528316977 1273961 0.040278123701 -0.022589606305 0.046180272432 0 
840 456 0.053293829979 -0.068165407714 0.086526037252 47.031102027618 2236199.75 -5 15 15.811388300842 152.553348129074 1731391.875 -0.002068544058 -0.013043030033 0.013206040548 0 
856 456 -0.077280829868 -0.058625870326 0.097001646051 60.095710552867 2529008.75 12 -16 20 149.781356385221 2118312 -0.043962615377 0.018580897724 0.047727992949 0 
872 456 -0.04132567865 -0.093449461676 0.102179320821 106.386865870114 2186275 0 15 15 49.756926629316 1693130.25 -0.085404090255 0.072282176963 0.111886423389 0 
888 456 0.061209241092 -0.105217043158 0.121725910824 168.458575648412 1628846.125 0 15 15 41.729813853533 1037535.0625 -0.104927894945 0.117645180266 0.157639625657 0 
904 456 -0.094301641518 -0.056627884536 0.109997804069 87.443444914048 1361795 3 15 15.297058540778 44.851191898085 688419 -0.102534029446 0.154669907631 0.185569414293 0 
920 456 -0.009616932506 -0.010892899555 0.014530679666 129.237723617915 1211216.875 -0.009616932506 -0.010892899555 0.014530679666 129.237723617915 1211216.875 -0.025292169481 0.154075722725 0.156137830683 0 
936 456 -0.005045195896 0.024534195227 0.025047569484 59.200464124736 1123325.125 -0.005045195896 0.024534195227 0.025047569484 59.200464124736 1123325.125 0.126797684952 0.115862625548 0.17176088294 0 
952 456 -0.012656848306 0.016360874424 0.020685115928 100.772588478204 1036011 -0.012656848306 0.016360874424 0.020685115928 100.772588478204 1036011 0.160490098589 0.081608430577 0.180047237375 0 
968 456 0.046075157494 0.004909984474 0.046336034418 28.018694260142 951710 0.046075157494 0.004909984474 0.046336034418 28.018694260142 951710 0.075785071431 0.051313137811 0.091522757628 0 
984 456 -0.048097561476 -0.019451399302 0.051881907779 125.457853612692 914050.9375 -0.048097561476 -0.019451399302 0.051881907779 125.457853612692 914050.9375 0.008336781088 0.034889641198 0.035871841071 0 
1000 456 -0.004632656669 -0.041646877177 0.041903745493 121.343189668416 849088 -0.004632656669 -0.041646877177 0.041903745493 121.343189668416 849088 -0.041854772437 0.032337940737 0.052892006833 0 
1016 456 0.047227932166 0.006170108504 0.047629274776 137.511402960788 754399.9375 0.047227932166 0.006170108504 0.047629274776 137.511402960788 754399.9375 -0.038153735183 0.026760541343 0.046602940695 0 
1032 456 -0.033245763359 0.032088934229 0.046205848994 92.967993225021 551869.9375 -0.033245763359 0.032088934229 0.046205848994 92.967993225021 551869.9375 0.01943989285 0.018157443016 0.026600792674 0 
1048 456 -0.019150966369 0.004378676637 0.019645160268 149.328626928866 418750.9375 -0.019150966369 0.004378676637 0.019645160268 149.328626928866 418750.9375 0.036737751584 0.011789995258 0.03858323962 0 
1064 456 -0.010864656369 0.004001131266 0.011577988142 130.648684637727 405857 -0.010864656369 0.004001131266 0.011577988142 130.648684637727 405857 0.013739841018 0.007658198069 0.015729946881 0 
1080 456 0.006400255569 0.001983089386 0.006700441393 106.359902489922 399926.9375 0.006400255569 0.001983089386 0.006700441393 106.359902489922 399926.9375 -0.003381389683 0.005094172542 0.00611427756 0 
1096 456 0.012286259594 -0.001139048361 0.012338946713 169.64480932891 427240.96875 0.012286259594 -0.001139048361 0.012338946713 169.64480932891 427240.96875 -0.014625940521 0.004097918678 0.0151891762 0 
1112 456 0.017297039438 0.00054209712 0.017305532139 154.404260075392 345153 0.017297039438 0.00054209712 0.017305532139 154.404260075392 345153 -0.014510625827 0.006400145671 0.015859386069 0 
1128 456 -0.004150230207 0.002931693703 0.005081263498 40.568434076401 222018.984375 -0.004150230207 0.002931693703 0.005081263498 40.568434076401 222018.984375 -0.003035445599 0.012000853523 0.012378788926 0 
1144 456 0.003406383829 0.003406383829 0.004817354209 36.401710917564 153103 0.003406383829 0.003406383829 0.004817354209 36.401710917564 153103 0.002026608386 0.01340303039 0.01355538141 0 
1160 456 0.006911889607 0.006911889607 0.009774888023 41.355770597157 64854.9921875 0.006911889607 0.006911889607 0.009774888023 41.355770597157 64854.9921875 0.000675536129 0.010606676271 0.010628166849 0 
1176 456 0 0 0 0 0 0 0 0 0 0 -0.004279680667 0.00622869933 0.007557272124 0 
1192 456 0 0 0 0 0 0 0 0 0 0 -0.012839042002 0.000269099568 0.012841861785 0 
1208 456 0 0 0 0 0 0 0 0 0 0 -0.018240380438 -0.001381906681 0.018292652749 0 
1224 456 0 0 0 0 0 0 0 0 0 0 -0.020483695975 0.001275680584 0.020523380856 0 
1240 456 0 0 0 0 0 0 0 0 0 0 -0.016746280837 0.000333512361 0.016749601559 0 
1256 456 0 0 0 0 0 0 0 0 0 0 -0.007028135025 -0.004208411351 0.008191789061 0 
1272 456 0 0 0 0 0 0 0 0 0 0 -0.000643687337 -0.001645292461 0.001766725975 0 
1288 456 0 0 0 0 0 0 0 0 0 0 0.002407062226 0.00802286903 0.008376179084 0 
1304 456 0 0 0 0 0 0 0 0 0 0 0.002575463581 0.019868550011 0.020034777069 0 
1320 456 0 0 0 0 0 0 0 0 0 0 -0.000138483274 0.03389175048 0.033892033403 0 
1336 456 0 0 0 0 0 0 0 0 0 0 -0.000531611904 0.034961204255 0.034965245805 0 
1352 456 0 0 0 0 0 0 0 0 0 0 0.001396077692 0.023076911338 0.023119101839 0 
1368 456 0 0 0 0 0 0 0 0 0 0 0.003416110879 0.012112771184 0.012585270728 0 
1384 456 0 0 0 0 0 0 0 0 0 0 0.005528487656 0.002068783794 0.005902884223 0 
1400 456 0 0 0 0 0 0 0 0 0 0 0.003038943509 -0.002039084918 0.003659650933 0 
1416 456 0 0 0 0 0 0 0 0 0 0 -0.004052521562 -0.000210834952 0.004058002265 0 
1432 456 0 0 0 0 0 0 0 0 0 0 -0.008564149159 0.001831310608 0.00875775938 0 
1448 456 0 0 0 0 0 0 0 0 0 0 -0.010495939283 0.004087351763 0.011263711017 0 
1464 456 0 0 0 0 0 0 0 0 0 0 -0.002396093062 0.003193217607 0.003992230034 0 
1480 456 0 0 0 0 0 0 0 0 0 0 0.015735389505 -0.000851091859 0.015758389518 0 
1496 456 0 0 0 0 0 0 0 0 0 0 0.014880669457 -0.005410625146 0.015833798911 0 
1512 456 0 0 0 0 0 0 0 0 0 0 -0.004960253204 -0.010485382254 0.011599454852 0 
1528 456 0 0 0 0 0 0 0 0 0 0 -0.011160535901 -0.013544396124 0.017550163189 0 
1544 456 0 0 0 0 0 0 0 0 0 0 -0.003720178634 -0.014587666758 0.015054559127 0 
1560 456 0 0 0 0 0 0 0 0 0 0 -0.007635838384 -0.012456837415 0.014610914626 0 
1576 456 0 0 0 0 0 0 0 0 0 0 -0.022907515152 -0.007151908096 0.023998000747 0 
1592 456 0 0 0 0 0 0 0 0 0 0 -0.03013260569 -0.00253387552 0.030238955849 0 
1608 456 0 0 0 0 0 0 0 0 0 0 -0.029311109997 0.001397260315 0.029344394791 0 
1624 456 0 0 0 0 0 0 0 0 0 0 -0.032341840932 0.002718823661 0.032455918982 0 
1640 456 0 0 0 0 0 0 0 0 0 0 -0.039224798494 0.00143081452 0.03925088594 0 
1656 456 0 0 0 0 0 0 0 0 0 0 -0.035144324038 0.000832960926 0.035154193719 0 
1672 456 0 0 0 0 0 0 0 0 0 0 -0.020100417565 0.000925262879 0.020121702157 0 
1688 456 0 0 0 0 0 0 0 0 0 0 -0.010293685954 0.000896377006 0.010332640624 0 
1704 456 0 0 0 0 0 0 0 0 0 0 -0.005724129206 0.000746303306 0.005772575144 0 
1720 456 0 0 0 0 0 0 0 0 0 0 -0.001083845751 0.000415314041 0.001160692623 0 
1736 456 0 0 0 0 0 0 0 0 0 0 0.003627164409 -0.000096590789 0.00362845028 0 
1752 456 0 0 0 0 0 0 0 0 0 0 0.006385351094 -0.000298526171 0.006392325591 0 
1768 456 0 0 0 0 0 0 0 0 0 0 0.007190714302 -0.000190492104 0.007193237061 0 
1784 456 0 0 0 0 0 0 0 0 0 0 0.004105935106 0.00020926258 0.004111264273 0 
1800 456 0 0 0 0 0 0 0 0 0 0 -0.002868986494 0.000900737882 0.003007060397 0 
1816 456 0 0 0 0 0 0 0 0 0 0 -0.0005058561 0.00519633602 0.005220900155 0 
1832 456 0 0 0 0 0 0 0 0 0 0 0.011195326287 0.013096056993 0.017229104429 0 
1848 456 0 0 0 0 0 0 0 0 0 0 0.01278443811 0.01278443811 0.018079925763 0 
1864 456 0 0 0 0 0 0 0 0 0 0 0.00426147937 0.00426147937 0.006026641921 0 
1880 456 0 0 0 0 0 0 0 0 0 0 0 0 0 0 
1896 456 0 0 0 0 0 0 0 0 0 0 0 0 0 0 
1912 456 0 0 0 0 0 0 0 0 0 0 0 0 0 0 
1928 456 0 0 0 0 0 0 0 0 0 0 0 0 0 0 
1944 456 0 0 0 0 0 0 0 0 0 0 0 0 0 0 
1960 456 0 0 0 0 0 0 0 0 0 0 0 0 0 0 
1976 456 0 0 0 0 0 0 0 0 0 0 0 0 0 0 
1992 456 0 0 0 0 0 0 0 0 0 0 0 0 0 0 
2008 456 0 0 0 0 0 0 0 0 0 0 0 0 0 0 
2024 456 0 0 0 0 0 0 0 0 0 0 0 0 0 0 
2040 456 0 0 0 0 0 0 0 0 0 0 0 0 0 0 
2056 456 0 0 0 0 0 0 0 0 0 0 0 0 0 0 
2072 456 0 0 0 0 0 0 0 0 0 0 0 0 0 0 
2088 456 0 0 0 0 0 0 0 0 0 0 0 0 0 0 
2104 456 0 0 0 0 0 0 0 0 0 0 0 0 0 0 
2120 456 0 0 0 0 0 0 0 0 0 0 0 0 0 0 
2136 456 0 0 0 0 0 0 0 0 0 0 0 0 0 0 
2152 456 0 0 0 0 0 0 0 0 0 0 0 0 0 0 
2168 456 0 0 0 0 0 0 0 0 0 0 0 0 0 0 
2184 456 0 0 0 0 0 0 0 0 0 0 0 0 0 0 
2200 456 0 0 0 0 0 0 0 0 0 0 0 0 0 0 
2216 456 0 0 0 0 0 0 0 0 0 0 0 0 0 0 
2232 456 0 0 0 0 0 0 0 0 0 0 0 0 0 0 
2248 456 0 0 0 0 0 0 0 0 0 0 0 0 0 0 
2264 456 0 0 0 0 0 0 0 0 0 0 0 0 0 0 
2280 456 0 0 0 0 0 0 0 0 0 0 0 0 0 0 
2296 456 0 0 0 0 0 0 0 0 0 0 0 0 0 0 
2312 456 0 0 0 0 0 0 0 0 0 0 0 0 0 0 
2328 456 0 0 0 0 0 0 0 0 0 0 0 0 0 0 
2344 456 0 0 0 0 0 0 0 0 0 0 0 0 0 0 
2360 456 0 0 0 0 0 0 0 0 0 0 0 0 0 0 
2376 456 0 0 0 0 0 0 0 0 0 0 0 0 0 0 
2392 456 0 0 0 0 0 0 0 0 0 0 0 0 0 0 
2408 456 0 0 0 0 0 0 0 0 0 0 0 0 0 0 
2424 456 0 0 0 0 0 0 0 0 0 0 0 0 0 0 
2440 456 0 0 0 0 0 0 0 0 0 0 0 0 0 0 
2456 456 0 0 0 0 0 0 0 0 0 0 0 0 0 0 
2472 456 0 0 0 0 0 0 0 0 0 0 0 0 0 0 
2488 456 0 0 0 0 0 0 0 0 0 0 0 0 0 0 
2504 456 0 0 0 0 0 0 0 0 0 0 0 0 0 0 
2520 456 0 0 0 0 0 0 0 0 0 0 0 0 0 0 
2536 456 0 0 0 0 0 0 0 0 0 0 0 0 0 0 
24 472 0 0 0 0 0 0 0 0 0 0 0 0 0 0 
40 472 0 0 0 0 0 0 0 0 0 0 0 0 0 0 
56 472 0 0 0 0 0 0 0 0 0 0 0 0 0 0 
72 472 0 0 0 0 0 0 0 0 0 0 0 0 0 0 
88 472 0 0 0 0 0 0 0 0 0 0 0 0 0 0 
104 472 0 0 0 0 0 0 0 0 0 0 0 0 0 0 
120 472 0 0 0 0 0 0 0 0 0 0 0 0 0 0 
136 472 0 0 0 0 0 0 0 0 0 0 0 0 0 0 
152 472 0 0 0 0 0 0 0 0 0 0 0 0 0 0 
168 472 0 0 0 0 0 0 0 0 0 0 0 0 0 0 
184 472 0 0 0 0 0 0 0 0 0 0 0 0 0 0 
200 472 0 0 0 0 0 0 0 0 0 0 0 0 0 0 
216 472 0 0 0 0 0 0 0 0 0 0 0 0 0 0 
232 472 0 0 0 0 0 0 0 0 0 0 0 0 0 0 
248 472 0 0 0 0 0 0 0 0 0 0 0 0 0 0 
264 472 0 0 0 0 0 0 0 0 0 0 0 0 0 0 
280 472 0 0 0 0 0 0 0 0 0 0 0 0 0 0 
296 472 0 0 0 0 0 0 0 0 0 0 0 0 0 0 
312 472 0 0 0 0 0 0 0 0 0 0 0 0 0 0 
328 472 0 0 0 0 0 0 0 0 0 0 0 0 0 0 
344 472 0 0 0 0 0 0 0 0 0 0 0 0 0 0 
360 472 0 0 0 0 0 0 0 0 0 0 0 0 0 0 
376 472 0 0 0 0 0 0 0 0 0 0 0 0 0 0 
392 472 0 0 0 0 0 0 0 0 0 0 0 0 0 0 
408 472 0 0 0 0 0 0 0 0 0 0 0 0 0 0 
424 472 0 0 0 0 0 0 0 0 0 0 0 0 0 0 
440 472 0 0 0 0 0 0 0 0 0 0 0 0 0 0 
456 472 0 0 0 0 0 0 0 0 0 0 0 0 0 0 
472 472 0 0 0 0 0 0 0 0 0 0 0 0 0 0 
488 472 0 0 0 0 0 0 0 0 0 0 0 0 0 0 
504 472 0 0 0 0 0 0 0 0 0 0 0 0 0 0 
520 472 0 0 0 0 0 0 0 0 0 0 0 0 0 0 
536 472 0 0 0 0 0 0 0 0 0 0 0 0 0 0 
552 472 0 0 0 0 0 0 0 0 0 0 0 0 0 0 
568 472 0 0 0 0 0 0 0 0 0 0 -0.000120707634 -0.000934816134 0.000942577073 0 
584 472 0 0 0 0 0 0 0 0 0 0 -0.000362122903 -0.002804448403 0.002827731218 0 
600 472 0 0 0 0 0 0 0 0 0 0 -0.000514221714 -0.003764308758 0.003799268929 0 
616 472 0 0 0 0 0 0 0 0 0 0 -0.000577004067 -0.003814397199 0.003857792074 0 
632 472 0 0 0 0 0 0 0 0 0 0 0.0018454736 -0.003282964235 0.003766115635 0 
648 472 0 0 0 0 0 0 0 0 0 0 0.006753211287 -0.002170009866 0.007093292995 0 
664 472 0 0 0 0 0 0 0 0 0 0 0.010547473372 0.001311201515 0.010628661437 0 
680 472 0 0 0 0 8739.998046875 0 0 0 0 8739.998046875 0.013228259855 0.007160669908 0.015042009584 0 
696 472 0.017213798369 0.006498761654 0.01839969449 14.846150738583 421039.9375 0.017213798369 0.006498761654 0.01839969449 14.846150738583 421039.9375 0.015078141471 0.010766764973 0.018527643623 0 
712 472 0.005222139761 0.009733094816 0.011045536582 24.786189170292 1364479 0.005222139761 0.009733094816 0.011045536582 24.786189170292 1364479 0.01609711822 0.012129486711 0.020155437551 0 
728 472 -0.002987377795 0.010060459983 0.010494631064 56.196996790431 2406346 -0.002987377795 0.010060459983 0.010494631064 56.196996790431 2406346 0.008750392608 0.010555405859 0.013710797338 0 
744 472 -0.002472205277 0.018906582107 0.019067528573 41.585422444914 3227382.75 -0.002472205277 0.018906582107 0.019067528573 41.585422444914 3227382.75 -0.006962035364 0.006044522417 0.009219880024 0 
760 472 0.001507620899 0.011773396522 0.011869531854 34.448539803704 3718413.75 5 -16 16.76305461424 170.202679160327 2185909.5 -0.009010494368 0.017569207513 0.019745026244 0 
776 472 -0.003254359869 -0.011823503107 0.012263200393 167.914328282202 4028748 -16 15 21.931712199461 50.151238400413 3380758 0.002605015597 0.045129461147 0.045204583503 0 
792 472 -0.01476423393 0.049521393206 0.051675438931 50.72770737468 4067639.25 -0.01476423393 0.049521393206 0.051675438931 50.72770737468 4067639.25 0.045331252448 0.066887666143 0.080801499556 0 
808 472 0.099414520347 1.434850132961 1.438290009322 51.230155031923 3244142 0.099414520347 1.434850132961 1.438290009322 51.230155031923 3244142 0.119168216185 0.082843822502 0.145134980881 0 
824 472 -0.041296211175 1.626594027935 1.627118160666 53.918455831491 2824020 15 0 15 37.535865531702 2785659 0.116516907065 0.089522503528 0.146936953385 0 
840 472 0.301516510685 0.294986865932 0.421816852778 22.35938797721 3716085 0 -16 16 156.73222280333 3517687 0.037377325089 0.086923709222 0.094619213988 0 
856 472 -2.156861129718 0.218288488794 2.167879101156 77.849335116557 4578240 9 -16 18.357559750686 157.01388025106 4359470 -0.036195448564 0.32413828573 0.326152937704 0 
872 472 -7.225525153356 0.259860277801 7.230196477673 80.529875845461 4768564 9 -16 18.357559750686 158.052661092696 4462077 -0.104201413894 0.801166233053 0.807914146207 0 
888 472 5.104886157636 1.234232816684 5.251970423394 84.137020452518 4414287.5 0 -15 15 172.271134912396 3990684 -0.140001534949 1.031559441118 1.041016479384 0 
904 472 -0.345251075581 1.391252449512 1.433450970024 5.886975757208 3708299.25 11 -15 18.601075237738 151.796081567896 3338834 -0.143595811728 1.015317909927 1.025421969418 0 
920 472 -0.537226274142 3.301586204287 3.345008749461 17.887389727817 2935688.75 5 -16 16.76305461424 154.00061980582 2770710 0.122418355965 0.805142443538 0.814395854768 0 
936 472 -0.151524760652 4.073441796959 4.076259047988 60.770736321578 2573485.25 12.82481627371 -12.441679610578 17.86816453883 75.490825686313 2507549 0.658040968131 0.401033041951 0.770613662269 0 
952 472 0.106257222286 0.324775484937 0.341715836484 57.353575679312 2521645 6.879707962742 -12.263763201489 14.061659557635 75.238322791199 2474872 0.687625699799 0.178213870153 0.710344484415 0 
968 472 0.350153546339 0.038169283727 0.352227767551 26.692537942006 2835633.25 -10.163991183815 -10.912856443975 14.912986037393 165.878755126743 2644081.75 0.211172550968 0.136684928143 0.251548436417 0 
984 472 -0.091773448606 0.001305322605 0.091782731143 64.112293034701 2960679.25 -13 15 19.849433241279 15.841557187803 2582375.25 -0.054713046658 0.116944199102 0.129110275261 0 
1000 472 0.260503073041 0.067875400228 0.269200521953 118.155424616085 2655214.75 -16 0 16 47.240573028442 2583611.5 -0.110031093078 0.118991683027 0.162067461489 0 
1016 472 0.198250467401 0.081581873812 0.214380152904 105.802095913807 2360901 0.194185852812 -12.078772070262 12.080332895693 142.751334839746 1962022.875 -0.083885565314 0.106715584202 0.135738734265 0 
1032 472 -0.11967761142 0.036210763837 0.125035795247 89.660621891928 1820015 -1 15 15.033296378373 20.308897171524 1355031 0.023723536633 0.080115902627 0.083554557291 0 
1048 472 -0.109816201615 0.035716361393 0.115478381563 108.9371228936 1453851.875 13 15 19.849433241279 3.960784986283 960806.9375 0.04554496896 0.060542166642 0.07576079553 0 
1064 472 -0.00949366203 0.001755199371 0.009654550408 58.52749446822 1449700 -0.00949366203 0.001755199371 0.009654550408 58.52749446822 1449700 -0.018421268332 0.047994376249 0.051408202444 0 
1080 472 -0.048404968677 0.068861504217 0.084172131704 13.687166983699 1510676 11 -16 19.416487838948 165.716737567212 691108.0625 -0.04524989961 0.039624753537 0.060147107225 0 
1096 472 0.005366943716 0.079316356155 0.079497725996 48.470156320625 1768003 -16 -16 22.62741699797 90.400863690709 667890 -0.034940924873 0.035433298508 0.049763308513 0 
1112 472 -0.008732720637 0.037770549937 0.038766929879 20.151838524354 1948581.125 0 -16 16 146.829869503079 504067.125 -0.021853827098 0.033434176937 0.03994288355 0 
1128 472 0.00805936222 0.010480809842 0.013221221363 47.656757452607 2117915 0.00805936222 0.010480809842 0.013221221363 47.656757452607 2117915 -0.005988606286 0.033627388825 0.034156473536 0 
1144 472 -0.011126397582 0.011474515048 0.015983154218 41.509730157669 2336771.75 -0.011126397582 0.011474515048 0.015983154218 41.509730157669 2336771.75 -0.001326850453 0.029131732301 0.029161933389 0 
1160 472 -0.013755367317 0.007493231854 0.015663928423 39.892966319963 2321061.75 -0.013755367317 0.007493231854 0.015663928423 39.892966319963 2321061.75 -0.007868559599 0.019947207365 0.021443071418 0 
1176 472 0.032117933032 -0.010958307647 0.033935912081 172.83845985957 1999206 0.032117933032 -0.010958307647 0.033935912081 172.83845985957 1999206 -0.01617906184 0.007891283687 0.018000955538 0 
1192 472 -0.001212566142 -0.019648625299 0.019686004998 71.468340619528 1689844 -0.001212566142 -0.019648625299 0.019686004998 71.468340619528 1689844 -0.026258357177 -0.007036038732 0.027184686179 0 
1208 472 -0.060190392161 -0.004799836356 0.060381468495 23.483470445964 1909945.75 -0.060190392161 -0.004799836356 0.060381468495 23.483470445964 1909945.75 -0.031033086286 -0.016530352884 0.035161129261 0 
1224 472 0.008206274162 0.004145754888 0.009194031717 172.780714282665 2164874 0.008206274162 0.004145754888 0.009194031717 172.780714282665 2164874 -0.03050324917 -0.02059165877 0.036803051787 0 
1240 472 0.011289653307 0.00131835882 0.011366368891 144.808181679479 2413801 0.011289653307 0.00131835882 0.011366368891 144.808181679479 2413801 -0.02910788415 -0.026073406708 0.039078017568 0 
1256 472 -0.013632040611 -0.011261302541 0.017681896565 11.289539835966 2734246 -0.013632040611 -0.011261302541 0.017681896565 11.289539835966 2734246 -0.026846991229 -0.032975596696 0.042522357831 0 
1272 472 -0.015481099281 -0.022983848187 0.027711400405 5.49935183866 2650278 -0.015481099281 -0.022983848187 0.027711400405 5.49935183866 2650278 -0.016514769176 -0.030462748733 0.034651358723 0 
1288 472 -0.005056237425 -0.013262474454 0.01419361707 26.687642488877 2288912 -0.005056237425 -0.013262474454 0.01419361707 26.687642488877 2288912 0.001888782009 -0.018534862821 0.018630851759 0 
1304 472 0.025868272798 0.006232220605 0.02660842181 27.134661802447 2169920.75 0.025868272798 0.006232220605 0.02660842181 27.134661802447 2169920.75 0.005261211169 -0.001271753892 0.005412735069 0 
1320 472 0.078128027038 0.009329383807 0.078683073218 99.888501854941 1888821.875 0.078128027038 0.009329383807 0.078683073218 99.888501854941 1888821.875 -0.006397481696 0.021326578052 0.022265459875 0 
1336 472 0.077947213096 0.009838356007 0.078565649481 107.537096163598 1818109.75 0.077947213096 0.009838356007 0.078565649481 107.537096163598 1818109.75 -0.012767198263 0.027718588405 0.03051756043 0 
1352 472 0.014199671281 0.002444156299 0.014408489321 117.953423714732 1935711.625 0.014199671281 0.002444156299 0.014408489321 117.953423714732 1935711.625 -0.013847938531 0.017904277167 0.022634675664 0 
1368 472 0.016083076794 -0.005284093831 0.016928880848 172.039101862564 1603546 0.016083076794 -0.005284093831 0.016928880848 172.039101862564 1603546 -0.019443618184 0.009545887461 0.021660522974 0 
1384 472 0.007739656332 -0.000379526589 0.007748956095 177.696237672099 1417380.875 0.007739656332 -0.000379526589 0.007748956095 177.696237672099 1417380.875 -0.02955423722 0.002643419287 0.029672219384 0 
1400 472 0.003422594376 0.001761017371 0.003849069296 150.63547816967 1275937 0.003422594376 0.001761017371 0.003849069296 150.63547816967 1275937 -0.038874730249 0.001450933834 0.038901797656 0 
1416 472 -0.026352012279 -0.002261977077 0.02644891475 12.082008307413 1176340 -0.026352012279 -0.002261977077 0.02644891475 12.082008307413 1176340 -0.047405097269 0.005968431102 0.0477793409 0 
1432 472 -0.030943893761 -0.002458012501 0.031041365732 13.776313896459 1136223 -0.030943893761 -0.002458012501 0.031041365732 13.776313896459 1136223 -0.043950212708 0.007145612413 0.044527305935 0 
1448 472 0.012453161536 0.001092960657 0.012501031767 165.071233611561 954103.875 0.012453161536 0.001092960657 0.012501031767 165.071233611561 954103.875 -0.028510076565 0.004982477767 0.02894217598 0 
1464 472 0.02773216645 0.002765259114 0.027869691674 162.433772685969 734909 0.02773216645 0.002765259114 0.027869691674 162.433772685969 734909 -0.00522133453 0.001097634767 0.005335460276 0 
1480 472 -0.01033561289 0.003388763181 0.010876976129 171.716740528899 648606.9375 -0.01033561289 0.003388763181 0.010876976129 171.716740528899 648606.9375 0.025916013398 -0.004508916585 0.026305324161 0 
1496 472 -0.006245053662 0.005215438593 0.008136430111 168.790520905068 502229.96875 -0.006245053662 0.005215438593 0.008136430111 168.790520905068 502229.96875 0.02008081983 -0.010974269834 0.022883922816 0 
1512 472 -0.029642784764 0.005064285118 0.030072274146 48.534074172126 368143.96875 -0.029642784764 0.005064285118 0.030072274146 48.534074172126 368143.96875 -0.022726915234 -0.01829842498 0.029177817479 0 
1528 472 0.018763847686 0.004057692186 0.019197573958 157.874384293909 375681 0.018763847686 0.004057692186 0.019197573958 157.874384293909 375681 -0.034713246436 -0.023704604838 0.042034720989 0 
1544 472 0.037169510415 0.007272935125 0.037874372468 131.352267275898 301930.96875 0.037169510415 0.007272935125 0.037874372468 131.352267275898 301930.96875 -0.015878173774 -0.027192809408 0.031489129647 0 
1560 472 -0.01120680028 0.010134645075 0.015109712218 99.866960492611 211292.984375 -0.01120680028 0.010134645075 0.015109712218 99.866960492611 211292.984375 -0.015609390012 -0.024732668517 0.029246503184 0 
1576 472 -0.039293678956 0.00553340762 0.039681378577 33.723875367769 161843.984375 -0.039293678956 0.00553340762 0.039681378577 33.723875367769 161843.984375 -0.033906895148 -0.016324182164 0.037631854351 0 
1592 472 -0.013816649035 0.000666813148 0.013832730401 13.879844452257 127788.984375 -0.013816649035 0.000666813148 0.013832730401 13.879844452257 127788.984375 -0.04357103854 -0.008561569407 0.04440423257 0 
1608 472 -0.048195005934 -0.048195005934 0.068158031031 43.144610766914 68657.984375 -0.048195005934 -0.048195005934 0.068158031031 43.144610766914 68657.984375 -0.044601820188 -0.001444830247 0.044625215949 0 
1624 472 0 0 0 0 4092 0 0 0 0 4092 -0.04890114422 0.002785644878 0.048980421838 0 
1640 472 0 0 0 0 0 0 0 0 0 0 -0.056469010635 0.004129855968 0.056619827556 0 
1656 472 0 0 0 0 0 0 0 0 0 0 -0.050136682482 0.004834767461 0.050369255571 0 
1672 472 0 0 0 0 0 0 0 0 0 0 -0.029904159761 0.004900379355 0.030303011218 0 
1688 472 0 0 0 0 0 0 0 0 0 0 -0.017398164713 0.004016653232 0.017855801258 0 
1704 472 0 0 0 0 0 0 0 0 0 0 -0.012618697339 0.002183589091 0.012806232227 0 
1720 472 0 0 0 0 0 0 0 0 0 0 -0.007536061968 0.001339277191 0.007654142237 0 
1736 472 0 0 0 0 0 0 0 0 0 0 -0.002150258602 0.001483717531 0.002612475792 0 
1752 472 0 0 0 0 0 0 0 0 0 0 0.002437307217 0.00148264352 0.002852840388 0 
1768 472 0 0 0 0 0 0 0 0 0 0 0.006226635487 0.00133605516 0.006368361868 0 
1784 472 0 0 0 0 0 0 0 0 0 0 0.003492844177 0.001898389698 0.003975404871 0 
1800 472 0 0 0 0 0 0 0 0 0 0 -0.005764066714 0.003169647134 0.006578079358 0 
1816 472 0 0 0 0 0 0 0 0 0 0 -0.004679034577 0.007804852512 0.009099949852 0 
1832 472 0 0 0 0 0 0 0 0 0 0 0.006747940588 0.015804005833 0.017184333055 0 
1848 472 0 0 0 0 0 0 0 0 0 0 0.006395591745 0.015315434632 0.016597172401 0 
1864 472 0 0 0 0 0 0 0 0 0 0 -0.005736081106 0.006339138909 0.008549111566 0 
1880 472 0 0 0 0 0 0 0 0 0 0 -0.010588977336 0.00181887809 0.010744056893 0 
1896 472 0 0 0 0 0 0 0 0 0 0 -0.008163096944 0.001754652175 0.008349548249 0 
1912 472 0 0 0 0 0 0 0 0 0 0 -0.00605792791 0.001538321938 0.006250193992 0 
1928 472 0 0 0 0 0 0 0 0 0 0 -0.004273470233 0.001169887378 0.004430709233 0 
1944 472 0 0 0 0 0 0 0 0 0 0 -0.003338168053 0.000859106795 0.003446945088 0 
1960 472 0 0 0 0 0 0 0 0 0 0 -0.00325202137 0.000605980189 0.003307998636 0 
1976 472 0 0 0 0 0 0 0 0 0 0 -0.003847524395 0.000027214668 0.003847620643 0 
1992 472 0 0 0 0 0 0 0 0 0 0 -0.00512467713 -0.000877189769 0.005199209322 0 
2008 472 0 0 0 0 0 0 0 0 0 0 -0.005869061849 -0.00117533486 0.00598559095 0 
2024 472 0 0 0 0 0 0 0 0 0 0 -0.006080678552 -0.000867220607 0.006142208336 0 
2040 472 0 0 0 0 0 0 0 0 0 0 -0.004843064326 -0.000508362057 0.004869671862 0 
2056 472 0 0 0 0 0 0 0 0 0 0 -0.002156219169 -0.000098759208 0.00215847967 0 
2072 472 0 0 0 0 0 0 0 0 0 0 -0.000768140442 -0.000074168327 0.000771712821 0 
2088 472 0 0 0 0 0 0 0 0 0 0 -0.000678828145 -0.000434589414 0.000806024571 0 
2104 472 0 0 0 0 0 0 0 0 0 0 -0.000421504854 -0.000586174982 0.000721988539 0 
2120 472 0 0 0 0 0 0 0 0 0 0 0.000003829431 -0.000528925032 0.000528938894 0 
2136 472 0 0 0 0 0 0 0 0 0 0 0.00016237243 -0.000375225043 0.000408850387 0 
2152 472 0 0 0 0 0 0 0 0 0 0 0.000054124143 -0.000125075014 0.000136283462 0 
2168 472 0 0 0 0 0 0 0 0 0 0 0 0 0 0 
2184 472 0 0 0 0 0 0 0 0 0 0 0 0 0 0 
2200 472 0 0 0 0 0 0 0 0 0 0 0 0 0 0 
2216 472 0 0 0 0 0 0 0 0 0 0 0 0 0 0 
2232 472 0 0 0 0 0 0 0 0 0 0 0 0 0 0 
2248 472 0 0 0 0 0 0 0 0 0 0 0 0 0 0 
2264 472 0 0 0 0 0 0 0 0 0 0 0 0 0 0 
2280 472 0 0 0 0 0 0 0 0 0 0 0 0 0 0 
2296 472 0 0 0 0 0 0 0 0 0 0 0 0 0 0 
2312 472 0 0 0 0 0 0 0 0 0 0 0 0 0 0 
2328 472 0 0 0 0 0 0 0 0 0 0 0 0 0 0 
2344 472 0 0 0 0 0 0 0 0 0 0 0 0 0 0 
2360 472 0 0 0 0 0 0 0 0 0 0 0 0 0 0 
2376 472 0 0 0 0 0 0 0 0 0 0 0 0 0 0 
2392 472 0 0 0 0 0 0 0 0 0 0 0 0 0 0 
2408 472 0 0 0 0 0 0 0 0 0 0 0 0 0 0 
2424 472 0 0 0 0 0 0 0 0 0 0 0 0 0 0 
2440 472 0 0 0 0 0 0 0 0 0 0 0 0 0 0 
2456 472 0 0 0 0 0 0 0 0 0 0 0 0 0 0 
2472 472 0 0 0 0 0 0 0 0 0 0 0 0 0 0 
2488 472 0 0 0 0 0 0 0 0 0 0 0 0 0 0 
2504 472 0 0 0 0 0 0 0 0 0 0 0 0 0 0 
2520 472 0 0 0 0 0 0 0 0 0 0 0 0 0 0 
2536 472 0 0 0 0 0 0 0 0 0 0 0 0 0 0 
24 488 0 0 0 0 0 0 0 0 0 0 0 0 0 0 
40 488 0 0 0 0 0 0 0 0 0 0 0 0 0 0 
56 488 0 0 0 0 0 0 0 0 0 0 0 0 0 0 
72 488 0 0 0 0 0 0 0 0 0 0 0 0 0 0 
88 488 0 0 0 0 0 0 0 0 0 0 0 0 0 0 
104 488 0 0 0 0 0 0 0 0 0 0 0 0 0 0 
120 488 0 0 0 0 0 0 0 0 0 0 0 0 0 0 
136 488 0 0 0 0 0 0 0 0 0 0 0 0 0 0 
152 488 0 0 0 0 0 0 0 0 0 0 0 0 0 0 
168 488 0 0 0 0 0 0 0 0 0 0 0 0 0 0 
184 488 0 0 0 0 0 0 0 0 0 0 0 0 0 0 
200 488 0 0 0 0 0 0 0 0 0 0 0 0 0 0 
216 488 0 0 0 0 0 0 0 0 0 0 0 0 0 0 
232 488 0 0 0 0 0 0 0 0 0 0 0 0 0 0 
248 488 0 0 0 0 0 0 0 0 0 0 0 0 0 0 
264 488 0 0 0 0 0 0 0 0 0 0 0 0 0 0 
280 488 0 0 0 0 0 0 0 0 0 0 0 0 0 0 
296 488 0 0 0 0 0 0 0 0 0 0 0 0 0 0 
312 488 0 0 0 0 0 0 0 0 0 0 0 0 0 0 
328 488 0 0 0 0 0 0 0 0 0 0 0 0 0 0 
344 488 0 0 0 0 0 0 0 0 0 0 0 0 0 0 
360 488 0 0 0 0 0 0 0 0 0 0 0 0 0 0 
376 488 0 0 0 0 0 0 0 0 0 0 0 0 0 0 
392 488 0 0 0 0 0 0 0 0 0 0 0 0 0 0 
408 488 0 0 0 0 0 0 0 0 0 0 0 0 0 0 
424 488 0 0 0 0 0 0 0 0 0 0 0 0 0 0 
440 488 0 0 0 0 0 0 0 0 0 0 0 0 0 0 
456 488 0 0 0 0 0 0 0 0 0 0 0 0 0 0 
472 488 0 0 0 0 0 0 0 0 0 0 0 0 0 0 
488 488 0 0 0 0 0 0 0 0 0 0 0 0 0 0 
504 488 0 0 0 0 0 0 0 0 0 0 0 0 0 0 
520 488 0 0 0 0 0 0 0 0 0 0 0 0 0 0 
536 488 0 0 0 0 0 0 0 0 0 0 0 0 0 0 
552 488 0 0 0 0 0 0 0 0 0 0 0 0 0 0 
568 488 0 0 0 0 0 0 0 0 0 0 -0.000362122903 -0.002804448403 0.002827731218 0 
584 488 0 0 0 0 0 0 0 0 0 0 -0.00108636871 -0.008413345209 0.008483193655 0 
600 488 0 0 0 0 0 0 0 0 0 0 -0.001542665142 -0.011292926274 0.011397806788 0 
616 488 0 0 0 0 0 0 0 0 0 0 -0.001731012201 -0.011443191597 0.011573376221 0 
632 488 -0.007557169493 -0.007557169493 0.01068745159 76.327151170443 20750.998046875 -0.007557169493 -0.007557169493 0.01068745159 76.327151170443 20750.998046875 0.00651911143 -0.010710617661 0.012538586225 0 
648 488 -0.000526624563 -0.00270623257 0.002756996219 79.611522709594 438392.96875 -0.000526624563 -0.00270623257 0.002756996219 79.611522709594 438392.96875 0.023207705751 -0.009095204466 0.024926298372 0 
664 488 -0.001092875439 -0.002265940108 0.002515722819 117.879948428176 1465089.875 -0.001092875439 -0.002265940108 0.002515722819 117.879948428176 1465089.875 0.035371387926 0.001316593052 0.035395882544 0 
680 488 0.010859833998 0.015004624583 0.018522277218 28.593434920118 2474216.75 0.010859833998 0.015004624583 0.018522277218 28.593434920118 2474216.75 0.043010157955 0.020524774893 0.04765647985 0 
696 488 0.020965949293 0.015137453446 0.025859495869 3.301529071362 3271970 0.020965949293 0.015137453446 0.025859495869 3.301529071362 3271970 0.042352233586 0.03445664681 0.054598280184 0 
712 488 -0.012265829099 -0.003265611728 0.012693099836 142.67217580179 3474283.75 13 15 19.849433241279 3.150613087924 2197737.75 0.033397614819 0.043112208802 0.05453497248 0 
728 488 -0.002029227668 -0.004568654547 0.004999036837 175.295515458268 3766308.25 8.210258276369 13.829139852848 16.082706551893 11.452750700284 3029234 0.017580873754 0.050359305389 0.053339917146 0 
744 488 -0.000202718672 0.094763643688 0.094763860516 5.060825884429 4271555 15 6 16.155494421404 73.381983515032 4041690 -0.00509798961 0.056197936569 0.056428694586 0 
760 488 -0.068799080824 1.783653617239 1.784979983029 2.588365720183 4943955 15 -16 21.931712199461 141.644893544015 4668563.5 -0.008650409745 0.103073593795 0.103435947942 0 
776 488 -0.879247420219 1.006423886899 1.336400039689 43.217780332486 5034648 1 -16 16.031219541881 174.347494559686 4558531 0.006923613346 0.190986277069 0.191111732895 0 
792 488 0.659372222019 2.017462503763 2.122481255809 0.571098304561 4759968.5 -3 -16 16.2788205961 171.949484983963 4139443 0.088082543245 0.260675473798 0.275154932837 0 
808 488 2.434451011711 0.461390722221 2.477787950365 42.31382588096 5206816 -10 -16 18.867962264113 175.050938319311 4613096 0.234826379952 0.312141183984 0.39060920043 0 
824 488 -0.087732318694 0.276513889479 0.290098071035 55.131830857021 5776912 0 -16 16 142.471359417308 5286496 0.243561099435 0.317086690096 0.399832437646 0 
840 488 0.371175290201 0.14367736483 0.398012915897 46.309754043177 6665939.5 0.371175290201 0.14367736483 0.398012915897 46.309754043177 6665939.5 0.114286701693 0.275511992135 0.298275557152 0 
856 488 -2.986367959389 0.060003763272 2.986970713026 88.974852256002 7088366.5 15 -16 21.931712199461 136.721694275822 6986511 0.001978782786 0.900407641198 0.900409815534 0 
872 488 -0.149328579871 7.943389461388 7.944792958916 1.362163003974 7046215 15 -8 17 120.511632220522 7015071 -0.093362657286 2.191773637285 2.193761213731 0 
888 488 0.002025504759 8.189876538931 8.189876789403 3.076423768716 6812878 14 -14 19.798989873223 138.062253485301 6643552 -0.148039355069 2.767227596054 2.771184623769 0 
904 488 -0.027995632312 7.901762945059 7.901812538611 3.327235415496 6504607 -13 -14 19.104973174543 133.590865159105 6121773 -0.162051310561 2.626769517505 2.631763425035 0 
920 488 0.04375133446 7.565761493248 7.56588799494 11.984695189771 5373968.5 0 -14 14 167.683978099413 4935622 0.436982876113 2.001495282467 2.048642818979 0 
936 488 0.987634020432 6.298790280598 6.375749364371 52.695186073892 3963198 -6 -16 17.088007490635 138.949585589579 3786012.25 1.649063204954 0.89140489094 1.874569852933 0 
952 488 1.334130081962 0.300514426834 1.367556944457 1.895269301568 4399244 -15 0 15 169.20118634969 4279456 1.650930643946 0.314896436014 1.680693831885 0 
968 488 0.141567549726 0.311517731688 0.342176370154 33.989985950202 5949985.5 0 -16 16 121.570848704815 5502638.5 0.44258519309 0.27196991769 0.519470200561 0 
984 488 -2.524568928679 0.378066987359 2.55272069028 46.899424394553 6673460 9 -16 18.357559750686 174.774218197871 6143507.5 -0.177505726794 0.257467457252 0.312726357361 0 
1000 488 -0.017894176587 1.904746455711 1.904830507447 37.107364281182 5279957.5 -11.246352989038 -9.840992205014 14.944081876556 93.541560787866 5077469.5 -0.209342115704 0.2713890547 0.342747925477 0 
1016 488 -13.550738308677 0.240257686787 13.552868053157 58.636024576123 3838702 -4.780708494371 -12.629116110786 13.503693844569 128.917797599975 3834672 -0.146138245302 0.249603214555 0.289237188923 0 
1032 488 0.112489287463 -12.921553132331 12.922042763877 175.895472317376 2920934 3.225242977626 4.16190260009 5.265322926218 34.167944094007 2904401 0.012105884415 0.192109936816 0.19249098748 0 
1048 488 5.477768306514 -12.836299345361 13.956236115212 145.908398231786 2166303.75 0.128386941689 4.935598459702 4.937268005912 9.491631233905 2163515.75 0.029123747897 0.1500846346 0.152884238019 0 
1064 488 0.05627281096 4.536711165285 4.537060152397 38.297788260113 2034778.125 2 -16 16.124515496597 149.537881492336 2021242.75 -0.095084654854 0.123527307906 0.155884852976 0 
1080 488 -13.186115439203 5.881397370729 14.438298909788 15.681600027394 2073069 -10 -16 18.867962264113 97.714501276059 2057483.125 -0.126732659674 0.105289800501 0.164763797958 0 
1096 488 -0.887898389634 11.376511591967 11.411107726793 30.148477246674 2381228 0 -16 16 145.388826755534 2364459.25 -0.065820266562 0.095372112383 0.115879883115 0 
1112 488 -0.299112050528 0.073144335156 0.307925498354 58.369785874089 2676020 1 -16 16.031219541881 165.687459658843 2616534 -0.026866479091 0.083235475687 0.087464004663 0 
1128 488 -0.033260973589 -0.021507045221 0.039608652568 114.731689199276 2929619.25 0 15 15 8.155626550995 2759574 -0.009871297259 0.068879890413 0.069583631789 0 
1144 488 -0.201539055778 -0.022521835142 0.202793550346 86.078713396064 3335957 0 15 15 10.297591699756 3136719.75 -0.009384840387 0.051653782531 0.052499414081 0 
1160 488 -0.237189230336 -0.013663071923 0.237582428899 54.458796410769 3450466 -14 15 20.518284528683 4.18703396678 3258715.75 -0.025407108473 0.03155715204 0.04051388658 0 
1176 488 0.053326636602 -0.019149990468 0.056660853384 171.019708086029 3028053.75 0 15 15 79.226702438607 2820844 -0.037124703741 0.007063986183 0.037790786293 0 
1192 488 0.013928990689 0.001602412261 0.014020859698 160.455326925499 2682062.25 15 15 21.213203435596 161.107217334484 2498513.75 -0.044537626191 -0.021825715042 0.049598003829 0 
1208 488 -0.058629506887 0.008700127042 0.05927150486 54.358478527057 2961816.25 15 -15 21.213203435596 89.082139881989 2666142 -0.044458244358 -0.04590597417 0.063905351543 0 
1224 488 0.005980933821 0.00494325643 0.00775933976 159.081341830248 3267132.75 0.005980933821 0.00494325643 0.00775933976 159.081341830248 3267132.75 -0.036886558242 -0.065176791202 0.074890802442 0 
1240 488 0.004512779501 0.008183161812 0.009345015573 179.464248313268 3572571.25 0.004512779501 0.008183161812 0.009345015573 179.464248313268 3572571.25 -0.042666903552 -0.079109586418 0.089882096782 0 
1256 488 -0.027358754527 -0.010333097137 0.029245073871 34.139265386088 3963219 -0.027358754527 -0.010333097137 0.029245073871 34.139265386088 3963219 -0.061799280287 -0.087704359817 0.107290287421 0 
1272 488 -0.041272805027 -0.046170302706 0.061928517557 12.994988076727 3948758 -0.041272805027 -0.046170302706 0.061928517557 12.994988076727 3948758 -0.047827807962 -0.087000799636 0.099280604107 0 
1288 488 -0.038674211505 -0.037812574133 0.054087756453 45.085503770712 3583070 -9 -16 18.357559750686 28.797837372144 2681925.75 -0.000752486577 -0.076998905876 0.077002582698 0 
1304 488 0.037006250829 0.024832707267 0.044565973014 114.942165205189 3513178.75 0.037006250829 0.024832707267 0.044565973014 114.942165205189 3513178.75 0.008915730625 -0.056798061705 0.057493565432 0 
1320 488 0.07494531894 0.044256602612 0.087037047892 156.053223989745 3478789 0.07494531894 0.044256602612 0.087037047892 156.053223989745 3478789 -0.018823156357 -0.026398267124 0.032421901893 0 
1336 488 0.064591300584 0.036581809406 0.074231158488 165.75118754555 3624961.25 0.064591300584 0.036581809406 0.074231158488 165.75118754555 3624961.25 -0.036883963045 -0.0100741128 0.03823499024 0 
1352 488 0.020222483121 0.024765723144 0.031973267997 139.041615746436 3768350.75 0.020222483121 0.024765723144 0.031973267997 139.041615746436 3768350.75 -0.045266689441 -0.007825598735 0.045938145026 0 
1368 488 0.015515654593 0.010343169761 0.018647163273 149.42045791629 3371626.25 0.015515654593 0.010343169761 0.018647163273 149.42045791629 3371626.25 -0.067440483562 -0.003663060776 0.067539890712 0 
1384 488 0.009333983488 0.000061489836 0.009334186025 178.285503896143 3216471 0.009333983488 0.000061489836 0.009334186025 178.285503896143 3216471 -0.10340534541 0.002413501076 0.103433507369 0 
1400 488 -0.00339174255 -0.013783015922 0.014194204642 80.663421321874 3088023.5 -0.00339174255 -0.013783015922 0.014194204642 80.663421321874 3088023.5 -0.124728040103 0.009790361283 0.125111690748 0 
1416 488 -0.030780510645 -0.020165463212 0.036797904046 41.229986109791 2910577 -0.030780510645 -0.020165463212 0.036797904046 41.229986109791 2910577 -0.131408567641 0.018467519846 0.1326998905 0 
1432 488 -0.029107869229 -0.005216076827 0.029571532063 18.793732292273 2969338 -0.029107869229 -0.005216076827 0.029571532063 18.793732292273 2969338 -0.109012907031 0.016553342285 0.110262536885 0 
1448 488 -0.009219668094 0.023877622991 0.025595764483 64.863398835779 3164249 -0.009219668094 0.023877622991 0.025595764483 64.863398835779 3164249 -0.057541058274 0.0040478286 0.057683258435 0 
1464 488 -0.004724630588 0.027393327011 0.027797778669 109.597720823112 3414667 -0.004724630588 0.027393327011 0.027797778669 109.597720823112 3414667 -0.009274422091 -0.00522234265 0.010643672669 0 
1480 488 -0.013957585685 -0.002924717073 0.014260721163 150.703782968452 3552677 -0.013957585685 -0.002924717073 0.014260721163 150.703782968452 3552677 0.035787001516 -0.011257171464 0.037515775174 0 
1496 488 -0.004036078597 -0.023776548391 0.024116678541 57.66253446978 3336355 -0.004036078597 -0.023776548391 0.024116678541 57.66253446978 3336355 0.020560674272 -0.01849447578 0.027654781881 0 
1512 488 -0.023278690452 -0.01930502694 0.030242048448 13.558117821671 3302989 -0.023278690452 -0.01930502694 0.030242048448 13.558117821671 3302989 -0.054953403824 -0.026934255598 0.061199107154 0 
1528 488 -0.061269636251 -0.028975522291 0.067775727354 0.113060579029 3731712 -0.061269636251 -0.028975522291 0.067775727354 0.113060579029 3731712 -0.074378310237 -0.03499542485 0.082199834514 0 
1544 488 -0.006176657613 -0.092761346387 0.092966760097 37.657158851346 3694137.5 -0.006176657613 -0.092761346387 0.092966760097 37.657158851346 3694137.5 -0.037714044967 -0.042677983536 0.056954011856 0 
1560 488 0.013523054655 -0.142529192579 0.143169283523 38.275508068627 3217364.75 0.013523054655 -0.142529192579 0.143169283523 38.275508068627 3217364.75 -0.026465934345 -0.040979772442 0.048783064993 0 
1576 488 -0.035504766985 -0.093998743047 0.100480605955 32.959931965401 2921740 -0.035504766985 -0.093998743047 0.100480605955 32.959931965401 2921740 -0.040633978371 -0.029900791568 0.050449752573 0 
1592 488 -0.003146563321 -0.062628591535 0.062707585971 66.524965627095 2867720 -0.003146563321 -0.062628591535 0.062707585971 66.524965627095 2867720 -0.050359500447 -0.018927706836 0.053799046193 0 
1608 488 -0.031038202452 -0.039939418721 0.050581885881 43.905398042727 2522503 -0.031038202452 -0.039939418721 0.050581885881 43.905398042727 2522503 -0.055642500572 -0.008060518247 0.056223303214 0 
1624 488 0.002011858942 -0.021870185592 0.021962527046 96.304624920082 2150875 0.002011858942 -0.021870185592 0.021962527046 96.304624920082 2150875 -0.060458523508 0.001106738204 0.060468652492 0 
1640 488 -0.125125386547 -0.012886623362 0.125787230751 13.416624800168 2140230 -0.125125386547 -0.012886623362 0.125787230751 13.416624800168 2140230 -0.064807569255 0.008574062518 0.065372284501 0 
1656 488 -0.084789451725 0.000960472014 0.084794891534 11.575963969912 1997305 -0.084789451725 0.000960472014 0.084794891534 11.575963969912 1997305 -0.056691850011 0.012283073246 0.058007238739 0 
1672 488 -0.033390463403 0.001368723375 0.033418504604 16.367975366666 1699595.75 -0.033390463403 0.001368723375 0.033418504604 16.367975366666 1699595.75 -0.036111365777 0.012233770387 0.038127363876 0 
1688 488 -0.019509156765 -0.002777813285 0.019705924092 29.427870364761 1701265 -0.019509156765 -0.002777813285 0.019705924092 29.427870364761 1701265 -0.024744664929 0.009659621013 0.026563258847 0 
1704 488 -0.014612278223 -0.005081579778 0.015470653765 30.58866711513 1573495 -0.014612278223 -0.005081579778 0.015470653765 30.58866711513 1573495 -0.022591747467 0.004560625123 0.023047480451 0 
1720 488 -0.016731904975 -0.000846669648 0.016753312914 11.292939702385 1126854 -0.016731904975 -0.000846669648 0.016753312914 11.292939702385 1126854 -0.019717930568 0.002910327462 0.019931552669 0 
1736 488 -0.004913892445 0.007527444333 0.008989369118 40.583363102456 960067 -0.004913892445 0.007527444333 0.008989369118 40.583363102456 960067 -0.016123214231 0.004708728029 0.016796730538 0 
1752 488 0.031598259222 0.004787984536 0.031958954642 143.025918136518 1041388.875 0.031598259222 0.004787984536 0.031958954642 143.025918136518 1041388.875 -0.009715681267 0.00524400035 0.011040561678 0 
1768 488 -0.015534464992 0.000683426668 0.015549491136 81.221746838628 1206557 -0.015534464992 0.000683426668 0.015549491136 81.221746838628 1206557 -0.000495331678 0.004516144425 0.00454322726 0 
1784 488 -0.022238827949 0.001749279463 0.022307519969 80.268023744661 1150108 -0.022238827949 0.001749279463 0.022307519969 80.268023744661 1150108 -0.000470627753 0.005137135547 0.005158648283 0 
1800 488 -0.00490193497 0.001345839742 0.005083330706 21.042168056997 1062183 -0.00490193497 0.001345839742 0.005083330706 21.042168056997 1062183 -0.009641569492 0.007106973715 0.011977851963 0 
1816 488 -0.005627540273 -0.00091318991 0.005701151229 46.206913967191 1161354.875 -0.005627540273 -0.00091318991 0.005701151229 46.206913967191 1161354.875 -0.01268815413 0.009557661483 0.015885154965 0 
1832 488 -0.025686818395 -0.003366292299 0.025906457941 59.888022854177 1156014 -0.025686818395 -0.003366292299 0.025906457941 59.888022854177 1156014 -0.009610381668 0.012489198849 0.015758791949 0 
1848 488 -0.02702055365 0.000033100833 0.027020573924 38.426159686057 954811.9375 -0.02702055365 0.000033100833 0.027020573924 38.426159686057 954811.9375 -0.014905059726 0.011854468935 0.01904440178 0 
1864 488 -0.020061249796 0.008761504731 0.021891041742 8.597242849514 756703 -0.020061249796 0.008761504731 0.021891041742 8.597242849514 756703 -0.028572188305 0.007653471741 0.029579478938 0 
1880 488 -0.019159598638 0.007088129867 0.020428700521 10.555418372627 853463 -0.019159598638 0.007088129867 0.020428700521 10.555418372627 853463 -0.031766932007 0.005456634271 0.032232170679 0 
1896 488 -0.023642231246 0.003978512484 0.023974646188 2.578872606707 822051 -0.023642231246 0.003978512484 0.023974646188 2.578872606707 822051 -0.024489290831 0.005263956526 0.025048644748 0 
1912 488 0.002578361337 0.004318705308 0.005029827305 106.589862790796 635084 0.002578361337 0.004318705308 0.005029827305 106.589862790796 635084 -0.018173783729 0.004614965814 0.018750581977 0 
1928 488 -0.011693981946 0.001240026582 0.011759544195 9.256947724015 640802 -0.011693981946 0.001240026582 0.011759544195 9.256947724015 640802 -0.012820410699 0.003509662135 0.0132921277 0 
1944 488 -0.028116699592 -0.001049265653 0.028136271153 16.569561407642 467642.9375 -0.028116699592 -0.001049265653 0.028136271153 16.569561407642 467642.9375 -0.010014504159 0.002577320385 0.010340835263 0 
1960 488 -0.003200094683 -0.001481182821 0.00352625985 35.392749935805 314849 -0.003200094683 -0.001481182821 0.00352625985 35.392749935805 314849 -0.009756064109 0.001817940567 0.009923995909 0 
1976 488 -0.004121462838 -0.001061704465 0.004256016013 14.85080523554 336576.96875 -0.004121462838 -0.001061704465 0.004256016013 14.85080523554 336576.96875 -0.011542573186 0.000081644003 0.011542861928 0 
1992 488 -0.002063566003 0.001701330087 0.002674477279 49.21743004115 311866 -16 0 16 9.713172628557 294825 -0.01537403139 -0.002631569306 0.015597627967 0 
2008 488 0.011281760106 0.004654259937 0.012204107777 168.905758572838 217180.96875 0.011281760106 0.004654259937 0.012204107777 168.905758572838 217180.96875 -0.017607185547 -0.003526004581 0.01795677285 0 
2024 488 -0.000985876098 0.001252040909 0.001593599109 59.899298533368 147328.984375 -0.000985876098 0.001252040909 0.001593599109 59.899298533368 147328.984375 -0.018242035657 -0.002601661822 0.018426625007 0 
2040 488 0.000180832813 -0.002495994401 0.002502536425 88.151569504541 127461.9921875 0.000180832813 -0.002495994401 0.002502536425 88.151569504541 127461.9921875 -0.014529192977 -0.00152508617 0.014609015586 0 
2056 488 0.001075657155 0.001075657155 0.001521208938 137.622430060869 93454 -16 0 16 2.622430060869 66435 -0.006468657506 -0.000296277625 0.006475439009 0 
2072 488 0 0 0 0 35328.9921875 0 0 0 0 35328.9921875 -0.002304421325 -0.000222504982 0.002315138464 0 
2088 488 0 0 0 0 0 0 0 0 0 0 -0.002036484434 -0.001303768241 0.002418073712 0 
2104 488 0 0 0 0 0 0 0 0 0 0 -0.001264514562 -0.001758524945 0.002165965618 0 
2120 488 0 0 0 0 0 0 0 0 0 0 0.000011488292 -0.001586775096 0.001586816683 0 
2136 488 0 0 0 0 0 0 0 0 0 0 0.000487117289 -0.001125675128 0.00122655116 0 
2152 488 0 0 0 0 0 0 0 0 0 0 0.00016237243 -0.000375225043 0.000408850387 0 
2168 488 0 0 0 0 0 0 0 0 0 0 0 0 0 0 
2184 488 0 0 0 0 0 0 0 0 0 0 0 0 0 0 
2200 488 0 0 0 0 0 0 0 0 0 0 0 0 0 0 
2216 488 0 0 0 0 0 0 0 0 0 0 0 0 0 0 
2232 488 0 0 0 0 0 0 0 0 0 0 0 0 0 0 
2248 488 0 0 0 0 0 0 0 0 0 0 0 0 0 0 
2264 488 0 0 0 0 0 0 0 0 0 0 0 0 0 0 
2280 488 0 0 0 0 0 0 0 0 0 0 0 0 0 0 
2296 488 0 0 0 0 0 0 0 0 0 0 0 0 0 0 
2312 488 0 0 0 0 0 0 0 0 0 0 0 0 0 0 
2328 488 0 0 0 0 0 0 0 0 0 0 0 0 0 0 
2344 488 0 0 0 0 0 0 0 0 0 0 0 0 0 0 
2360 488 0 0 0 0 0 0 0 0 0 0 0 0 0 0 
2376 488 0 0 0 0 0 0 0 0 0 0 0 0 0 0 
2392 488 0 0 0 0 0 0 0 0 0 0 0 0 0 0 
2408 488 0 0 0 0 0 0 0 0 0 0 0 0 0 0 
2424 488 0 0 0 0 0 0 0 0 0 0 0 0 0 0 
2440 488 0 0 0 0 0 0 0 0 0 0 0 0 0 0 
2456 488 0 0 0 0 0 0 0 0 0 0 0 0 0 0 
2472 488 0 0 0 0 0 0 0 0 0 0 0 0 0 0 
2488 488 0 0 0 0 0 0 0 0 0 0 0 0 0 0 
2504 488 0 0 0 0 0 0 0 0 0 0 0 0 0 0 
2520 488 0 0 0 0 0 0 0 0 0 0 0 0 0 0 
2536 488 0 0 0 0 0 0 0 0 0 0 0 0 0 0 
24 504 0 0 0 0 0 0 0 0 0 0 0 0 0 0 
40 504 0 0 0 0 0 0 0 0 0 0 0 0 0 0 
56 504 0 0 0 0 0 0 0 0 0 0 0 0 0 0 
72 504 0 0 0 0 0 0 0 0 0 0 0 0 0 0 
88 504 0 0 0 0 0 0 0 0 0 0 0 0 0 0 
104 504 0 0 0 0 0 0 0 0 0 0 0 0 0 0 
120 504 0 0 0 0 0 0 0 0 0 0 0 0 0 0 
136 504 0 0 0 0 0 0 0 0 0 0 0 0 0 0 
152 504 0 0 0 0 0 0 0 0 0 0 0 0 0 0 
168 504 0 0 0 0 0 0 0 0 0 0 0 0 0 0 
184 504 0 0 0 0 0 0 0 0 0 0 0 0 0 0 
200 504 0 0 0 0 0 0 0 0 0 0 0 0 0 0 
216 504 0 0 0 0 0 0 0 0 0 0 0 0 0 0 
232 504 0 0 0 0 0 0 0 0 0 0 0 0 0 0 
248 504 0 0 0 0 0 0 0 0 0 0 0 0 0 0 
264 504 0 0 0 0 0 0 0 0 0 0 0 0 0 0 
280 504 0 0 0 0 0 0 0 0 0 0 0 0 0 0 
296 504 0 0 0 0 0 0 0 0 0 0 0 0 0 0 
312 504 0 0 0 0 0 0 0 0 0 0 0 0 0 0 
328 504 0 0 0 0 0 0 0 0 0 0 0 0 0 0 
344 504 0 0 0 0 0 0 0 0 0 0 0 0 0 0 
360 504 0 0 0 0 0 0 0 0 0 0 0 0 0 0 
376 504 0 0 0 0 0 0 0 0 0 0 0 0 0 0 
392 504 0 0 0 0 0 0 0 0 0 0 0 0 0 0 
408 504 0 0 0 0 0 0 0 0 0 0 0 0 0 0 
424 504 0 0 0 0 0 0 0 0 0 0 0 0 0 0 
440 504 0 0 0 0 0 0 0 0 0 0 0 0 0 0 
456 504 0 0 0 0 0 0 0 0 0 0 0 0 0 0 
472 504 0 0 0 0 0 0 0 0 0 0 0 0 0 0 
488 504 0 0 0 0 0 0 0 0 0 0 0 0 0 0 
504 504 0 0 0 0 0 0 0 0 0 0 -0.000057001622 0.000159670057 0.000169539706 0 
520 504 0 0 0 0 0 0 0 0 0 0 -0.000171004865 0.000479010171 0.000508619119 0 
536 504 0 0 0 0 0 0 0 0 0 0 -0.000078664572 0.000390861454 0.000398698873 0 
552 504 0 0 0 0 0 0 0 0 0 0 0.000220019258 -0.000104776094 0.000243693463 0 
568 504 0 0 0 0 0 0 0 0 0 0 -0.000248054713 -0.003035113539 0.003045233215 0 
584 504 0 0 0 0 0 0 0 0 0 0 -0.001482886486 -0.00840015088 0.008530034416 0 
600 504 -0.000447595987 -0.000591068149 0.000741420073 25.170411611131 416802.96875 -0.000447595987 -0.000591068149 0.000741420073 25.170411611131 416802.96875 -0.002213996815 -0.010447406145 0.010679423068 0 
616 504 0.0013539619 0.000345074152 0.001397243356 119.195863907213 1511348 0.0013539619 0.000345074152 0.001397243356 119.195863907213 1511348 -0.002441385701 -0.009176879334 0.009496077003 0 
632 504 -0.005095856618 0.006517599991 0.008273262012 155.810313093117 2782716 -0.005095856618 0.006517599991 0.008273262012 155.810313093117 2782716 0.010662894668 -0.005619493108 0.012053050464 0 
648 504 0 0.003875142334 0.003875142334 89.652894469822 3733813.5 0 0.003875142334 0.003875142334 89.652894469822 3733813.5 0.037098844292 0.000224752533 0.037099525085 0 
664 504 0.009702686495 -0.012720128348 0.015998243354 73.890524389411 4196608 0.009702686495 -0.012720128348 0.015998243354 73.890524389411 4196608 0.066337657987 0.025765672999 0.071165685357 0 
680 504 0.034072095948 0.021705194617 0.040398306841 3.320440048854 4076688.75 -16 -15 21.931712199461 172.666705312251 3405411.25 0.098379335753 0.071003268292 0.12132583324 0 
696 504 0.128039738759 0.133002105018 0.184617806943 4.471231007254 4792130 -16 -13 20.615528128088 168.53357488507 4234886.5 0.106031270164 0.128902303955 0.166908460592 0 
712 504 0.042127880684 1.218918103145 1.21964589144 22.13716904263 5515806.5 12 -16 20 119.01348172948 5157576.5 0.08929346122 0.199462779988 0.218537691982 0 
728 504 0.494090338186 0.854576727884 0.987130511194 18.095426495413 5319431.5 0 -16 16 168.060228162464 4620852 0.060110130886 0.284264925875 0.290550814691 0 
744 504 0.000354782881 1.312528156182 1.312528204132 2.744898181633 6074724 0 -16 16 177.239614484923 5446528 0.018481279163 0.383308741616 0.38375402158 0 
760 504 -0.053720106905 2.202017767207 2.202672943717 1.965726187455 7960269 0 -16 16 179.431776160337 7582269.5 0.006636841986 0.669191508072 0.669224418374 0 
776 504 -5.172823112029 1.479498706185 5.380243058631 75.27169818115 9232590 -16 -15 21.931712199461 134.385347393054 9042317 0.024576819357 1.141913225244 1.142177671834 0 
792 504 0.881401871068 1.415765370899 1.667711259109 28.157236244925 9433644 2 -15 15.132745950422 168.65776452744 9214956 0.087824194381 1.340801670617 1.34367488964 0 
808 504 1.949984885927 1.377502475884 2.387457670077 45.943668506397 9730912 -16 1 16.031219541881 95.241963651306 9721985 0.196378967059 1.265856844192 1.280998926108 0 
824 504 -3.837261721067 1.449692729444 4.101973491598 78.410765877449 9652228 -9 -15 17.492855684536 158.143250914909 9618697 0.201022328338 1.254042204261 1.27005189916 0 
840 504 -0.165197876539 4.634232710364 4.637176204569 6.498839890402 9855364 -4 -15 15.52417469626 169.52584743045 9810317 0.10175427822 1.305357750826 1.309317681381 0 
856 504 -0.100042174499 4.615716207072 4.616800249188 1.546965940434 9549431 -0.100042174499 4.615716207072 4.616800249188 1.546965940434 9549431 0.010986850389 2.061769454942 2.061798728347 0 
872 504 -0.072857231901 6.150667128768 6.151098625867 0.480340654816 8791340 -0.072857231901 6.150667128768 6.151098625867 0.480340654816 8791340 -0.071279955155 3.523277316609 3.523998280609 0 
888 504 0.008829502176 6.501952140469 6.501958135598 1.536897412682 8867236 0.008829502176 6.501952140469 6.501958135598 1.536897412682 8867236 -0.105129538438 4.127347963482 4.12868664729 0 
904 504 -0.851601360317 6.355101937638 6.411906542883 6.293169730132 8630022 -15 -13 19.849433241279 129.575226108591 8052468.5 -0.090561899461 3.873981395562 3.875039781834 0 
920 504 -0.144431460084 5.382984116961 5.384921396838 10.77088390447 8011700.5 13 -13 18.38477631085 125.766056934671 7333537 0.507558160118 3.122038551682 3.163027031831 0 
936 504 2.682541781394 2.923677053535 3.967860622841 0.46774371111 7340093.5 -3 -15 15.297058540778 149.240570189126 6670038 1.689230640301 1.871519431842 2.521127751601 0 
952 504 1.270350167102 1.473183164695 1.945265581816 12.769782084271 8463422 1 -15 15.033296378373 122.644402328178 7953258 1.65210621407 1.220642413147 2.054123375881 0 
968 504 -0.174711515138 1.332655012742 1.344058591174 26.184824162101 9813542 11 -15 18.601075237738 125.030238143918 9666494 0.396184881426 1.169407495598 1.234696866049 0 
984 504 -0.790381799019 7.163378939089 7.206850991466 49.752454696042 9729976 6 -16 17.088007490635 144.507246055849 9709518 -1.383087228017 0.931191177114 1.667347380914 0 
1000 504 -3 2.737547263528 4.061300902427 34.563946240809 8347918.5 -19 15 24.20743687382 30.473165686643 8142440.5 -3.68571011426 0.505993457696 3.720280691774 0 
1016 504 -11.970350904656 0.29133390011 11.973895615962 3.127970222534 7032453 12 0 12 175.477842722262 7001744.5 -3.606989507683 0.28527979919 3.618253428432 0 
1032 504 3.301883080704 0.32843566622 3.318177491558 161.117565534046 6398945 3 -16 16.2788205961 113.821609709034 5552138 -1.146925408286 0.269050201595 1.178060228999 0 
1048 504 0.141252023776 0.370893552121 0.396880537726 22.288303667608 5222616 4 -16 16.492422502471 167.403100722284 4312183 -0.006199308366 0.246723115972 0.246800987395 0 
1064 504 3.080014873047 0.281713693668 3.09287151744 125.025180309429 4276308 -4 -16 16.492422502471 125.712556273273 3621394.75 -0.184811207925 0.21829854232 0.286023488815 0 
1080 504 -1.853616660223 0.449312855627 1.90729566803 29.151382524878 3441262 15 0 15 137.223046118417 3426721.25 -0.220365729188 0.203896319601 0.300224522228 0 
1096 504 -0.213807087568 3.919942149087 3.92576870471 25.889153153878 2923071 12.055105820125 -7.583980759231 14.24227300998 151.185553046335 2863652.75 -0.112862872154 0.203516447814 0.232716506595 0 
1112 504 0.114437756973 -8.304441689741 8.30523014603 173.481480964101 2601980 0.068056488681 5.973117080285 5.97350477864 7.960810785914 2595161.75 -0.045629051389 0.35579518854 0.358709111285 0 
1128 504 -0.416023989576 7.133407645399 7.145528713492 1.719686739134 2393556.75 -4.105497284666 -9.938597695506 10.753177767874 155.937105250573 2377411 -0.018664266891 0.660732541779 0.660996101822 0 
1144 504 1.907731960812 8.127479067125 8.34837452567 14.715131573979 2478428 12 -16 20 144.63555233247 2447926 -0.022897538043 0.871254698648 0.871555533036 0 
1160 504 0.144690099418 7.537173545759 7.53856221595 4.480610664816 2417361 0 -16 16 176.619153570413 2366082 -0.058328864845 0.987361659149 0.989083061442 0 
1176 504 -0.440174805912 6.87899182912 6.893060455622 1.987854943001 2071443.875 -3 -16 16.2788205961 163.731223382602 2029086.125 -0.088343818354 0.893115069804 0.897473764604 0 
1192 504 2.273093348012 7.346353402561 7.689984504802 28.056602925751 1949013.75 12 -16 20 153.993701109933 1936231 -0.11294239857 0.588514930616 0.599254377499 0 
1208 504 0.234119346666 5.650235245752 5.655083571515 21.981316406487 2114055 8 -16 17.888543819998 173.043553124233 2100880 -0.118789911599 0.333442364655 0.353970131006 0 
1224 504 0.835642861251 3.501603129807 3.599933814702 53.043736338247 2226657 2 -16 16.124515496597 147.503626317529 2202112 -0.105886357442 0.127897371922 0.166041134774 0 
1240 504 -0.480120155797 1.762511663431 1.826735538531 72.603707673576 2190859.75 -16 2 16.124515496597 4.966750604191 2187650 -0.49848654726 0.01878629807 0.498840418164 0 
1256 504 -1.072566905471 0.621437446999 1.239590362678 29.817731420054 2280741 10 15 18.02775637732 123.420109099654 2252963 -1.296590481052 0.006109143099 1.296604873191 0 
1272 504 -3.286927091296 0.49664375927 3.324235961408 8.929748087324 2542934 -2 -16 16.124515496597 82.537443522237 2523935.75 -3.266363245516 -0.01924297802 3.266419927667 0 
1288 504 -8.869501170784 0.588980235816 8.889035309679 4.311225179917 2655260.25 -2 -16 16.124515496597 82.362913488461 2624486 -6.407804840652 -0.057270065288 6.408060762529 0 
1304 504 -5.91343289543 0.058565094211 5.913722895014 0.872717755363 2525605 -6.013667251118 14.236868012107 15.454856990646 67.406049472939 2452700.75 -6.124755480767 -0.032635354004 6.124842427812 0 
1320 504 -1.714654483464 0.050007940229 1.715383569861 0.375134722233 2602376.75 -4.250233278178 -15.278052257659 15.858227003883 75.749278054697 2476980.75 -2.417215165861 0.054661155832 2.417833120798 0 
1336 504 -0.190632288122 0.041926585238 0.195188390598 1.458764929646 2928785.25 -3.93070486153 -15.410544834454 15.903940794758 89.553496333016 2771541.75 -0.64908760983 0.160183309778 0.668560706268 0 
1352 504 -0.16124496943 0.041697410282 0.166549134464 4.591865548872 2948459.5 10 -16 18.867962264113 141.096124946894 2788991 -0.820372812672 0.283931107837 0.868117748793 0 
1368 504 -0.039446145653 0.014932467065 0.042177920521 0.852316813952 2665068 6 -16 17.088007490635 130.438051887737 2458110.25 -0.797461802761 0.288393920217 0.848007299545 0 
1384 504 -0.081367937499 -0.04214552593 0.091635073028 44.033263316557 2689328.75 -0.081367937499 -0.04214552593 0.091635073028 44.033263316557 2689328.75 -0.580354580096 0.17357174692 0.605754562482 0 
1400 504 -1.699908388779 0.23527031119 1.71611207372 0.406845209345 2809360 15 0 15 171.713376180964 2792280.25 -0.793154746584 0.115519661026 0.801523077717 0 
1416 504 -1.659982566092 0.269193303973 1.681667968011 4.662371294393 2762288.75 9.984062736153 -15.056602618031 18.06606739489 128.097324829217 2546084 -1.435862302224 0.114237662536 1.440399525996 0 
1432 504 -0.640700213289 0.114691634057 0.650884731909 2.801851422238 2832228.75 -15 -16 21.931712199461 54.194770789346 2572389.25 -1.208937389217 0.155879972002 1.218945518355 0 
1448 504 -0.042003410455 0.170157279025 0.175264902633 11.184181833962 3337954 0 -16 16 154.949537991954 3022801 -0.112380007561 0.240446589425 0.26541256275 0 
1464 504 -0.024706926212 0.080380029233 0.08409150553 58.145036643011 3978490.25 -0.024706926212 0.080380029233 0.08409150553 58.145036643011 3978490.25 0.352806386484 0.405016494687 0.537131927289 0 
1480 504 0.057069275737 -0.075859202534 0.094929030556 127.016739604746 4236885 0.057069275737 -0.075859202534 0.094929030556 127.016739604746 4236885 0.186621792919 0.649589687787 0.675865708607 0 
1496 504 -0.027616688151 -0.226751827352 0.228427390371 176.594516326402 4248498 15 15 21.213203435596 41.46148303203 3950394.25 0.057840965086 0.935371718108 0.937158379506 0 
1512 504 -0.035399559737 0.153819840188 0.157840654031 11.438422681276 4442573 -0.035399559737 0.153819840188 0.157840654031 11.438422681276 4442573 -0.033536097015 1.262362585651 1.26280796935 0 
1528 504 -0.265348212215 0.392644795074 0.473898310637 30.858904804796 4984019 -0.265348212215 0.392644795074 0.473898310637 30.858904804796 4984019 -0.081524478542 1.461922143627 1.464193496307 0 
1544 504 -0.223276283565 -0.168814588062 0.279911886038 123.87886487598 5027530 15 0 15 93.213308650087 5017290 -0.086124179495 1.534050392037 1.536466068484 0 
1560 504 0.116436206188 -1.26556759478 1.270912556815 178.106330036506 4648746 2 16 16.124515496597 14.275280262477 4424301.5 -0.196889504565 1.569496447978 1.581797893924 0 
1576 504 0.162749632675 -1.784265806845 1.791672936787 170.429905472268 4693893.5 -15 16 21.931712199461 28.370552344719 4578439.5 -0.41382045375 1.568260311448 1.621939509478 0 
1592 504 -0.257201329359 -2.079297511451 2.095144545121 154.821670260505 4810466.5 -0.257201329359 -2.079297511451 2.095144545121 154.821670260505 4810466.5 -0.512646416884 1.565955981436 1.64773313511 0 
1608 504 -0.092549903318 -2.091925635897 2.093971907817 159.943900849747 4331484.5 0 16 16 17.522900486829 4218610 -0.493367393966 1.562583457941 1.638620898335 0 
1624 504 -0.135110498179 -1.752805838755 1.75800544797 161.21192941656 3812041.25 -14 16 21.260291625469 26.805635234417 3713990 -0.389380521039 1.518705733518 1.567827890804 0 
1640 504 -0.106560674853 -1.216035705305 1.220695709013 167.027055954544 3581500.5 -11 16 19.416487838948 26.543590344916 3449287.25 -0.200685798102 1.434322808165 1.448294413296 0 
1656 504 -0.087504853559 -0.148881447808 0.172692747091 145.334799792778 3316913.25 -16 -1 16.031219541881 89.355955114191 3280590.5 -0.101168847669 1.370981219531 1.374708929208 0 
1672 504 -0.041055680055 0.243189433469 0.246630633571 5.671723266331 3024888 -13 16 20.615528128088 35.183158853734 2835158 -0.09082966974 1.328680967614 1.331781942588 0 
1688 504 -0.009356664388 0.260296222218 0.260464336272 1.947249448419 2982511.5 -0.009356664388 0.260296222218 0.260464336272 1.947249448419 2982511.5 -0.086335487472 1.232821505024 1.235840879583 0 
1704 504 -0.00980309306 0.238943787094 0.239144797193 2.277862047974 2747086.5 -0.00980309306 0.238943787094 0.239144797193 2.277862047974 2747086.5 -0.087686300864 1.083402831762 1.086945529099 0 
1720 504 -0.053180590164 0.002601741966 0.053244194345 82.33528148452 2280134 -0.053180590164 0.002601741966 0.053244194345 82.33528148452 2280134 -0.078716080249 0.925034559419 0.928377701913 0 
1736 504 -0.025362740662 0.008573134614 0.02677250924 66.839365378025 2123441 -0.025362740662 0.008573134614 0.02677250924 66.839365378025 2123441 -0.059424825627 0.757716687995 0.7600433469 0 
1752 504 0.027114494127 0.002852147077 0.027264088738 87.351797492585 2218274 0.027114494127 0.002852147077 0.027264088738 87.351797492585 2218274 -0.038747154513 0.660640709796 0.661776011519 0 
1768 504 -0.018591374564 -0.00098160085 0.018617270165 91.514545501703 2462120 -0.018591374564 -0.00098160085 0.018617270165 91.514545501703 2462120 -0.016683066909 0.633806624819 0.634026152762 0 
1784 504 -0.023205105669 -0.001823994142 0.023276681115 93.939235845606 2435955 -0.023205105669 -0.001823994142 0.023276681115 93.939235845606 2435955 -0.005943470384 0.61339149115 0.613420285168 0 
1800 504 -0.005593460994 -0.004069545244 0.006917225194 125.413897533242 2339871 -0.005593460994 -0.004069545244 0.006917225194 125.413897533242 2339871 -0.006528364939 0.599395308788 0.599430859854 0 
1816 504 -0.011394275792 -0.00037537769 0.011400457414 92.783466247675 2487022.75 -0.011394275792 -0.00037537769 0.011400457414 92.783466247675 2487022.75 0.010462945002 0.668583176029 0.668665040575 0 
1832 504 -0.014279243523 -0.001507092963 0.014358555804 99.164540230041 2563076.75 -0.014279243523 -0.001507092963 0.014358555804 99.164540230041 2563076.75 0.045030459438 0.820955092872 0.822189155116 0 
1848 504 -0.03536266276 -0.00301098471 0.035490617724 97.789107282539 2422440 -0.03536266276 -0.00301098471 0.035490617724 97.789107282539 2422440 0.03476868081 0.681086521804 0.681973394897 0 
1864 504 -0.04333074258 -0.006678201396 0.043842349691 94.095243471199 2338427 -0.04333074258 -0.006678201396 0.043842349691 94.095243471199 2338427 -0.020322390884 0.248977462822 0.249805477451 0 
1880 504 -0.024338794407 -0.009929553192 0.026286364141 55.360644627688 2597629 -0.024338794407 -0.009929553192 0.026286364141 55.360644627688 2597629 -0.043497948282 0.028428001554 0.051963667856 0 
1896 504 -0.032319038403 -0.004756315458 0.032667151392 37.587752241008 2533121.75 -0.032319038403 -0.004756315458 0.032667151392 37.587752241008 2533121.75 -0.034757991384 0.019438137999 0.039824102927 0 
1912 504 0.001710313623 -0.001851850555 0.002520817956 159.729417405401 2221734 0.001710313623 -0.001851850555 0.002520817956 159.729417405401 2221734 -0.0268407655 0.013678872184 0.030125375298 0 
1928 504 -0.021786899224 -0.006068615191 0.022616300939 45.017156313158 2166357 0 15 15 60.547715659766 1096371.25 -0.019746270628 0.01115020411 0.022676910182 0 
1944 504 -0.029468973205 -0.008328064217 0.030623145419 50.74662311963 1793024.75 -2 15 15.132745950422 47.439263809231 875234.0625 -0.015161936231 0.010603135633 0.01850164305 0 
1960 504 -0.008418662366 -0.003030600613 0.008947536874 62.404931693324 1619371 -7 -16 17.464249196573 108.977387584804 702444 -0.013087762308 0.012037666755 0.017781871193 0 
1976 504 -0.005780711476 -0.000542943549 0.005806153017 36.085887154176 1724025 -0.005780711476 -0.000542943549 0.005806153017 36.085887154176 1724025 -0.018640108749 0.011076585367 0.021682813414 0 
1992 504 -0.002898863108 0.003316887655 0.004405127812 35.209949031283 1538547 0 -16 16 103.637539633022 563419 -0.031818975553 0.00771989147 0.032742081937 0 
2008 504 -0.002351242874 0.005568550771 0.006044592686 60.874483203421 1369259 -0.002351242874 0.005568550771 0.006044592686 60.874483203421 1369259 -0.040973516661 0.004475962929 0.041217269581 0 
2024 504 -0.026920057222 0.00539471773 0.027455281099 9.661054464442 1435688 -0.026920057222 0.00539471773 0.027455281099 9.661054464442 1435688 -0.046103732073 0.001344799742 0.046123341134 0 
2040 504 -0.029254442433 0.012816124849 0.031938620168 23.172075605473 1601485.75 -16 0 16 0.485745452959 1543130.75 -0.043282342016 0.000366950318 0.043283897501 0 
2056 504 0.002509917494 0.00945954144 0.009786859051 102.143614210361 1813845.875 0.002509917494 0.00945954144 0.009786859051 102.143614210361 1813845.875 -0.03250934649 0.001542414657 0.03254591606 0 
2072 504 -0.001094676393 -0.000775627893 0.001341609121 36.727824375349 1909506 -0.001094676393 -0.000775627893 0.001341609121 36.727824375349 1909506 -0.020750699353 0.000510224347 0.020756971179 0 
2088 504 -0.002179345351 -0.003211820743 0.003881409363 37.015807804584 1516966 -0.002179345351 -0.003211820743 0.003881409363 37.015807804584 1516966 -0.008006400606 -0.002729620611 0.00845891715 0 
2104 504 -0.005138473531 -0.001125445933 0.005260279344 64.651134189908 634164 -0.005138473531 -0.001125445933 0.005260279344 64.651134189908 634164 -0.000964066489 -0.004177550442 0.004287347885 0 
2120 504 -0.000044197882 0.002634300506 0.002634671253 175.355012042812 47763.9921875 -0.000044197882 0.002634300506 0.002634671253 175.355012042812 47763.9921875 0.000376302997 -0.003833565144 0.003851989831 0 
2136 504 0 0 0 0 0 0 0 0 0 0 0.0011234804 -0.002795888756 0.003013171443 0 
2152 504 0 0 0 0 0 0 0 0 0 0 0.001277465719 -0.001064521276 0.001662866264 0 
2168 504 0 0 0 0 0 0 0 0 0 0 0.001056567789 -0.000316459375 0.001102942441 0 
2184 504 0 0 0 0 0 0 0 0 0 0 0.00046078661 -0.000551703052 0.000718818862 0 
2200 504 0 0 0 0 0 0 0 0 0 0 0.000122172015 -0.000501993667 0.000516646536 0 
2216 504 0 0 0 0 0 0 0 0 0 0 0.000040724005 -0.000167331222 0.000172215512 0 
2232 504 0 0 0 0 0 0 0 0 0 0 0 0 0 0 
2248 504 0 0 0 0 0 0 0 0 0 0 0 0 0 0 
2264 504 0 0 0 0 0 0 0 0 0 0 0 0 0 0 
2280 504 0 0 0 0 0 0 0 0 0 0 0 0 0 0 
2296 504 0 0 0 0 0 0 0 0 0 0 0 0 0 0 
2312 504 0 0 0 0 0 0 0 0 0 0 0 0 0 0 
2328 504 0 0 0 0 0 0 0 0 0 0 0 0 0 0 
2344 504 0 0 0 0 0 0 0 0 0 0 0 0 0 0 
2360 504 0 0 0 0 0 0 0 0 0 0 0 0 0 0 
2376 504 0 0 0 0 0 0 0 0 0 0 0 0 0 0 
2392 504 0 0 0 0 0 0 0 0 0 0 0 0 0 0 
2408 504 0 0 0 0 0 0 0 0 0 0 0 0 0 0 
2424 504 0 0 0 0 0 0 0 0 0 0 0 0 0 0 
2440 504 0 0 0 0 0 0 0 0 0 0 0 0 0 0 
2456 504 0 0 0 0 0 0 0 0 0 0 0 0 0 0 
2472 504 0 0 0 0 0 0 0 0 0 0 0 0 0 0 
2488 504 0 0 0 0 0 0 0 0 0 0 0 0 0 0 
2504 504 0 0 0 0 0 0 0 0 0 0 0 0 0 0 
2520 504 0 0 0 0 0 0 0 0 0 0 0 0 0 0 
2536 504 0 0 0 0 0 0 0 0 0 0 0 0 0 0 
24 520 0 0 0 0 0 0 0 0 0 0 0 0 0 0 
40 520 0 0 0 0 0 0 0 0 0 0 0 0 0 0 
56 520 0 0 0 0 0 0 0 0 0 0 0 0 0 0 
72 520 0 0 0 0 0 0 0 0 0 0 0 0 0 0 
88 520 0 0 0 0 0 0 0 0 0 0 0 0 0 0 
104 520 0 0 0 0 0 0 0 0 0 0 0 0 0 0 
120 520 0 0 0 0 0 0 0 0 0 0 0 0 0 0 
136 520 0 0 0 0 0 0 0 0 0 0 0 0 0 0 
152 520 0 0 0 0 0 0 0 0 0 0 0 0 0 0 
168 520 0 0 0 0 0 0 0 0 0 0 0 0 0 0 
184 520 0 0 0 0 0 0 0 0 0 0 0 0 0 0 
200 520 0 0 0 0 0 0 0 0 0 0 0 0 0 0 
216 520 0 0 0 0 0 0 0 0 0 0 0 0 0 0 
232 520 0 0 0 0 0 0 0 0 0 0 0 0 0 0 
248 520 0 0 0 0 0 0 0 0 0 0 0 0 0 0 
264 520 0 0 0 0 0 0 0 0 0 0 0 0 0 0 
280 520 0 0 0 0 0 0 0 0 0 0 0 0 0 0 
296 520 0 0 0 0 0 0 0 0 0 0 0 0 0 0 
312 520 0 0 0 0 0 0 0 0 0 0 0 0 0 0 
328 520 0 0 0 0 0 0 0 0 0 0 0 0 0 0 
344 520 0 0 0 0 0 0 0 0 0 0 0 0 0 0 
360 520 0 0 0 0 0 0 0 0 0 0 0 0 0 0 
376 520 0 0 0 0 0 0 0 0 0 0 0 0 0 0 
392 520 0 0 0 0 0 0 0 0 0 0 0 0 0 0 
408 520 0 0 0 0 0 0 0 0 0 0 0 0 0 0 
424 520 0 0 0 0 0 0 0 0 0 0 0 0 0 0 
440 520 0 0 0 0 0 0 0 0 0 0 0 0 0 0 
456 520 0 0 0 0 0 0 0 0 0 0 0 0 0 0 
472 520 0 0 0 0 0 0 0 0 0 0 0 0 0 0 
488 520 0 0 0 0 0 0 0 0 0 0 0 0 0 0 
504 520 0 0 0 0 0 0 0 0 0 0 -0.000171004865 0.000479010171 0.000508619119 0 
520 520 0 0 0 0 0 0 0 0 0 0 -0.000513014595 0.001437030513 0.001525857356 0 
536 520 0 0 0 0 0 0 0 0 0 0 -0.000235993716 0.001172584362 0.001196096618 0 
552 520 0 0 0 0 0 0 0 0 0 0 0.000660057774 -0.000314328282 0.000731080388 0 
568 520 0 0 0 0 5109.9990234375 0 0 0 0 5109.9990234375 0.000221496935 -0.001626811542 0.001641821149 0 
584 520 0.000370891003 -0.007072464312 0.007082182685 32.303602167984 576253 0.000370891003 -0.007072464312 0.007082182685 32.303602167984 576253 -0.001551676232 -0.002764865416 0.003170517292 0 
600 520 -0.002908843745 -0.007553655951 0.008094386336 43.036702345021 2106873 15 15 21.213203435596 160.902059143306 701416 -0.002528216734 -0.001227748372 0.002810559716 0 
616 520 0.001953729903 -0.012976479313 0.013122731266 146.341995384399 3723130.5 0.001953729903 -0.012976479313 0.013122731266 146.341995384399 3723130.5 -0.002708124568 0.00298453959 0.004030063925 0 
632 520 -0.004139991374 -0.014089504687 0.014685151375 146.399906241754 4790920 -16 -5 16.76305461424 157.32875907722 4223715 0.014276823313 0.011990409424 0.018643969589 0 
648 520 0.005756539646 0.027756965155 0.028347607718 50.24570310727 4879046.5 0.005756539646 0.027756965155 0.028347607718 50.24570310727 4879046.5 0.048426626909 0.025789861128 0.054865791991 0 
664 520 0.025578405038 0.956026508879 0.956368621653 52.648979864551 4359785.5 0.025578405038 0.956026508879 0.956368621653 52.648979864551 4359785.5 0.103446283555 0.074658441355 0.127573572682 0 
680 520 0.04929321311 1.768493598338 1.769180439701 46.915374301527 4212969.5 -14 -16 21.260291625469 172.67395927242 3922534 0.179335793249 0.158596150104 0.239403562146 0 
696 520 0.244200185337 1.692774745943 1.710298240373 26.814858425837 5430302.5 -12 -16 20 178.153834449539 4882806 0.206115251205 0.294103736408 0.359138558983 0 
712 520 0.138736616445 2.269516438581 2.273753001919 17.405931832169 7097047 15 -16 21.931712199461 115.943513391565 6924753.5 0.183784657423 0.481181200266 0.515084602559 0 
728 520 3.451120032968 4.051061447018 5.321778680993 29.591763325664 7783137.5 2.127778096415 -14.146113116416 14.305242253454 160.60993457751 7761948 0.136338164005 0.712272267316 0.725203335453 0 
744 520 0.061005667174 3.617464775018 3.617979144484 2.72950798808 8645140 -0.017341253602 -14.126545665115 14.12655630887 176.37467009216 8637309 0.063775770953 0.987376937558 0.989434467654 0 
760 520 0.005230221462 3.86407544341 3.864078983093 1.152745674658 9841199 -0.065731513617 -14.101400356288 14.101553554137 179.03677518721 9837824 0.036851260827 1.715922950343 1.716318614634 0 
776 520 -0.03428683796 2.108581668069 2.108860412207 2.030039281723 10671785 -0.038823651526 -11.606828936537 11.606893866921 179.093191105757 10667562 0.055564633629 2.897910305673 2.898442955836 0 
792 520 0.130909981988 2.935655530614 2.938572921982 1.781450464 11250690 0.088311212579 11.181607032723 11.181955763842 0.319347510351 11248426 0.044556205855 3.3072662566 3.3075663784 0 
808 520 0.023174380044 2.385236931212 2.385349506867 0.482193387168 11424591 -16 2 16.124515496597 82.949444563102 11424026 0.003825977505 2.943990803124 2.943993289222 0 
824 520 -0.032477278929 6.004743472588 6.004831300315 0.090624835817 10971191 0 -14 14 179.780737681325 10970106 -0.011099406224 2.900389046022 2.900410283926 0 
840 520 0.005839679671 6.581301390102 6.581303980915 0.054806612752 10734604 15 -9 17.492855684536 120.967723821235 10725755 -0.000219945332 3.176460985294 3.176460992909 0 
856 520 -0.063884726988 4.879338973017 4.879757173461 0.612141736773 10284268 1 -13 13.038404810405 175.739278307884 10268131 -0.009171245758 3.808223726961 3.808234770381 0 
872 520 -0.001941369644 4.370480476508 4.370480907687 0.427982314253 10422156 0 -12 12 179.546566873101 10393458 -0.0379533075 4.795677271025 4.795827451168 0 
888 520 -0.231398695369 5.202513953508 5.207657514917 2.42039689013 11418864 -15.222803928695 -7.513735610913 16.976159232353 116.143878512618 11366178 -0.011272085057 5.111920543404 5.111932971194 0 
904 520 -1.149313811547 4.156644451141 4.312611196319 16.309711918321 11439031 12.832859462415 -6.449221510893 14.362267929497 115.828488199234 11288302 0.070872421571 4.756953544098 4.757481468261 0 
920 520 -11.66122527317 4.120347301419 12.367757951865 75.124664008344 11493683 -11.66122527317 4.120347301419 12.367757951865 75.124664008344 11493683 0.334144207981 4.166772251183 4.180148722827 0 
936 520 0.406618860894 3.222949201276 3.248498184091 5.925298965629 11587121 -16 3 16.2788205961 92.496294069748 11567462 0.778543274171 3.341376664659 3.430878552919 0 
952 520 0.063859162343 2.411181016335 2.41202651025 11.90833456068 11865878 -16 -14 21.260291625469 144.611360822312 11805152 0.69115241017 2.895451801553 2.976799084453 0 
968 520 -0.095255402634 5.75981617744 5.760603786898 2.404795950257 11889812 -12.836121821537 -10.373471099658 16.503785204394 130.400629550238 11876924 0.071971615977 2.828997661866 2.8299130171 0 
984 520 -2.863006608947 4.068174531988 4.974620675548 24.648889259458 11326281 11 -14 17.804493814765 158.372099145536 11276258 -3.671457550328 2.138115358687 4.248663063943 0 
1000 520 -1.456337448695 4.943591805253 5.153641305081 69.121397375848 10845234 0 -16 16 94.464105873507 10760867 -10.539135088744 0.822804892016 10.571205054729 0 
1016 520 -2.698377336464 6.879571317449 7.389840442243 67.413446262091 10839440 -24 -16 28.844410203712 34.859997743227 10748663 -10.466439352458 0.213745338108 10.468621675667 0 
1032 520 -3.263076626414 0.182060587453 3.268151637754 1.951501142229 10953882 -16 -16 22.62741699797 50.144959485707 10865764 -3.453370341469 0.310936696963 3.467340240711 0 
1048 520 0.032167048429 0.281660504617 0.28349137353 16.297721116994 10266924 -10 -16 18.867962264113 138.212134529341 10010092 -0.060424199831 0.350457610758 0.355628487137 0 
1064 520 3.561018370586 0.341975494888 3.577401162123 125.38956595942 9477591 4 -16 16.492422502471 153.161210104518 9037391 -0.287600927546 0.332308079491 0.439480321767 0 
1080 520 -0.485655381401 0.413021922142 0.637532946328 5.425688163719 8576087 0 -16 16 135.804936733015 7906129 -0.326149108152 0.335444310838 0.467863362983 0 
1096 520 -0.452466492365 0.473807449143 0.65514839966 17.609437948165 7578032.5 0 -16 16 153.929274785482 6723964.5 -0.176068741649 0.3598663048 0.40062945363 0 
1112 520 0 4.202812403133 4.202812403133 5.245675364374 6813178.5 0 -16 16 174.754324635626 5838457 -0.078141543992 0.851113315494 0.854692913688 0 
1128 520 -0.055559323642 2.293545805815 2.294218647343 0.36272349467 6771904 -6 -15 16.155494421404 157.173640695173 5558231 -0.032367515182 1.809185342921 1.809474857819 0 
1144 520 -0.041678036642 2.485555175187 2.485904581362 0.003384613521 6623382 11 -14 17.804493814765 142.806809332992 5346167.5 -0.041864943423 2.487934480653 2.488286690378 0 
1160 520 -0.008198628916 2.482534026317 2.482547564366 1.925823268008 6007004 0 -14 14 177.884956716513 4844308 -0.106633828714 2.887360728691 2.889329117808 0 
1176 520 -0.438794369474 2.438097903772 2.477269038086 6.557516738662 5497545.5 0 -14 14 176.354982836239 4338605.5 -0.169836405678 2.666044534553 2.671448645382 0 
1192 520 -3.833318071869 1.443897911187 4.09623834976 62.127635116922 4764136.5 1 -15 15.033296378373 176.581622467202 3857232 -0.231472674314 1.82398589824 1.838614738311 0 
1208 520 -2.916662957601 1.394722940582 3.232982352137 51.680874140517 4600183 -9 -15 17.492855684536 136.273840093645 3910802 -0.254028088012 1.12151466359 1.149924088863 0 
1224 520 -0.257695876534 0.363359836693 0.445463282106 12.311543032072 4077253 -3 -16 16.2788205961 146.347508529206 3711777.75 -0.23750264677 0.558630830602 0.607022167735 0 
1240 520 -0.601671554908 0.393446093356 0.718893934014 22.333855881626 3474267.75 -1 -16 16.031219541881 97.271353962475 3281737.75 -1.396566815274 0.267614246756 1.421976179333 0 
1256 520 -2.937082448946 6.748893358617 7.360299917659 62.671834791878 3461603.25 11 -16 19.416487838948 128.318269395441 3247993.75 -3.731220593524 0.248464912053 3.739484179678 0 
1272 520 -4.581609197849 6.005821608451 7.553875563864 51.637801215771 3820693.25 -9 -16 18.357559750686 61.665834894555 3581233.75 -9.672121081839 0.172810716116 9.673664753616 0 
1288 520 -11.642805742974 3.411904430999 12.132436581945 16.211944007292 4004128 -12 -16 20 53.251291411947 3785429 -19.219268280217 0.040651658945 19.219311272373 0 
1304 520 -16.182307536387 0.391713888236 16.187047815227 1.164837557131 3805603.25 -19 -16 24.839484696748 40.322718370238 3628314 -18.395752423008 0.071216369212 18.395890274185 0 
1320 520 -6.925546484339 0.441475809818 6.939603374646 1.54398367583 3089008.25 0 -16 16 92.103457274513 2946542.25 -7.20157351021 0.264504846918 7.206429340318 0 
1336 520 0.18524421639 7.779423594172 7.781628806186 75.129886268864 2662091 10 -16 18.867962264113 138.239570547995 2627330 -1.849378138616 0.538490856141 1.926180651377 0 
1352 520 1.689316579912 7.996160346435 8.172659958243 81.030651043141 2478913 8 -16 17.888543819998 137.46363265558 2456000.25 -2.339166308226 0.893174396881 2.50388887948 0 
1368 520 2.611992533286 -1.895631164007 3.22737083458 165.874232706171 2262144 -18 0 18 21.844179161539 2256462.75 -2.209507575781 0.88571683044 2.380423918373 0 
1384 520 -1.190769301237 -0.147651254109 1.199888503824 26.532229492318 2282099 -8 15 17 42.463682538336 2257377 -1.460401941281 0.516118156818 1.548919553074 0 
1400 520 -2.12471024423 1.485859501647 2.59271519465 26.106138987296 2914039.25 13 -6 14.317821063276 164.084713067631 2858756.75 -2.044154849693 0.318638833062 2.068840195728 0 
1416 520 -3.410287391993 0.274153645264 3.421289277041 0.36134009936 3075585 -3.410287391993 0.274153645264 3.421289277041 0.36134009936 3075585 -3.960766301019 0.293278859172 3.971609520147 0 
1432 520 -11.543590871905 -2.680402217363 11.850698134067 20.318118723552 2671773.75 12 -2 12.165525060596 177.783464257642 2659697.75 -3.343723659263 0.425125501566 3.370640829516 0 
1448 520 3.937783605181 -0.145570703237 3.940473391723 107.241556481832 2825760.25 -11.030476564413 -0.266638752481 11.033698811477 76.260307410225 2822796.75 -0.193026924426 0.714178760244 0.739804497917 0 
1464 520 3.448784012561 1.19548031063 3.650107442035 29.612040282845 3114181.75 3.87152697869 -14.144225743358 14.664509641505 123.422379240772 3073508 1.081021091197 1.231814146778 1.638893740245 0 
1480 520 0.45314379314 1.495426375058 1.562574587173 3.261017094008 2784017 -1 -15 15.033296378373 170.217244608054 2761845 0.478420387606 1.978031661167 2.035066416572 0 
1496 520 1.732706341433 5.384584439613 5.656502528327 15.188011267057 2470870.75 -14 -14 19.798989873223 137.649653659649 2434033 0.131921692271 2.85062431183 2.853675226806 0 
1512 520 -0.368057523009 4.903447331357 4.917241307037 4.910644708595 2430682 -0.368057523009 4.903447331357 4.917241307037 4.910644708595 2430682 0.041525005193 3.849592098766 3.849816054429 0 
1528 520 -0.194124441582 5.422128209498 5.425602143455 1.330260293418 2374474.25 -0.194124441582 5.422128209498 5.425602143455 1.330260293418 2374474.25 -0.05615175135 4.467048100594 4.467401006424 0 
1544 520 -11.683047221179 5.944237239469 13.108300756825 61.071394610274 2345489.75 -11.683047221179 5.944237239469 13.108300756825 61.071394610274 2345489.75 -0.16110857736 4.702992317313 4.705751025118 0 
1560 520 -0.208863527282 6.218904262202 6.222410641823 4.331862435907 2477301.75 0 -12 12 173.744566839288 2352347 -0.526880100671 4.806695992743 4.835486429216 0 
1576 520 -0.765973569583 5.775939870397 5.826508122001 6.017591798883 2854104.75 -1 -12 12.041594578792 161.664591786056 2722860 -1.153466321284 4.778159126885 4.915413430849 0 
1592 520 -0.203756224118 5.599077571607 5.602783794842 14.688235669975 3088094 -10 -12 15.620499351813 123.422060244824 2955293.75 -1.430431787851 4.74608949541 4.956964857464 0 
1608 520 -0.36604227643 6.013413980877 6.024544352359 12.596035080951 2975632.5 7 -12 13.89244398945 165.822948954707 2897357 -1.35777650037 4.710487098319 4.902269446734 0 
1624 520 -0.806599123659 7.270911170413 7.315514431284 6.477714079057 2756671 -7 -12 13.89244398945 136.935619957646 2715805 -1.035667136812 4.555582630819 4.671824004015 0 
1640 520 0.147214093855 12.073673583761 12.074571039861 6.885310831083 2521084.25 10 -12 15.620499351813 146.38116790425 2500305 -0.464103697176 4.281376092911 4.306457185516 0 
1656 520 4.328216273947 15.235119722824 15.838002686034 18.435098564808 2402054.25 4 -12 12.649110640674 164.14058420939 2391342.25 -0.183567675456 4.080929206317 4.085055725255 0 
1672 520 -14.113903006744 17.181315665662 22.235104364201 36.592409972303 2352310 15 -13 19.849433241279 133.723986762812 2350668.25 -0.194059071651 3.954241971036 3.959000945794 0 
1688 520 8 18 19.697715603592 27.112575557421 2252608.25 8 -13 15.264337522474 151.542584336594 2252478 -0.202170632341 3.673502305267 3.679061313893 0 
1704 520 -0.089837763436 -10.261599028508 10.261992274681 175.825456949943 2092678.875 0 18 18 3.672945475373 2091577.875 -0.207902357528 3.238710209008 3.24537628145 0 
1720 520 -1.102303641369 2.186159550157 2.448339620338 22.943706536139 1990784 7 17 18.38477631085 26.194547465372 1968859 -0.184530511011 2.767711973062 2.773856714995 0 
1736 520 -0.373395515984 2.028392373317 2.062474201412 7.087164912638 1964059 4 17 17.464249196573 16.583844223596 1935306.125 -0.13205509279 2.26050759743 2.264361531552 0 
1752 520 -0.030138656489 1.042334521936 1.042770154078 0.807351625663 1944238 -15 16 21.931712199461 40.68881663127 1901269.125 -0.084657112521 1.967672771857 1.9694930728 0 
1768 520 -0.083452300287 1.025466940458 1.028857002889 3.368700619826 1939155.125 15 16 21.931712199461 44.436156001037 1857976 -0.042336570206 1.889207496343 1.889681811685 0 
1784 520 -0.021968375161 0.960491386032 0.960742583708 0.904816293676 1922200 -10 16 18.867962264113 31.59995791088 1814383 -0.012925683717 1.826661456508 1.826707187808 0 
1800 520 -0.033525841274 0.912827145353 0.913442597719 2.218473812232 1919488 -0.033525841274 0.912827145353 0.913442597719 2.218473812232 1919488 0.003575546945 1.780034652352 1.78003824344 0 
1816 520 -0.067412845024 0.929362927587 0.9318046699 6.017892836687 1963332.125 -0.067412845024 0.929362927587 0.9318046699 6.017892836687 1963332.125 0.06477426282 1.98488139615 1.985938030732 0 
1832 520 0.111543714532 1.88587716374 1.889173014037 0.614260859552 1936036 0.111543714532 1.88587716374 1.889173014037 0.614260859552 1936036 0.170670463908 2.441201687904 2.44716041327 0 
1848 520 -0.10523967167 1.857439623349 1.860418593457 7.635913020889 1959951.125 -0.10523967167 1.857439623349 1.860418593457 7.635913020889 1959951.125 0.155416813353 2.023011593238 2.028972718458 0 
1864 520 -0.361825883203 -0.086875944606 0.372109391855 104.992714932428 2183502 -0.361825883203 -0.086875944606 0.372109391855 104.992714932428 2183502 0.019013311158 0.730311112153 0.730558571598 0 
1880 520 -0.168409523995 -0.107765040649 0.199937669684 89.702103519319 2381673 -0.168409523995 -0.107765040649 0.199937669684 89.702103519319 2381673 -0.045782026161 0.070732979938 0.084256444087 0 
1896 520 -0.07247969473 -0.104494603103 0.12717086233 103.902377550494 2377739.75 -0.07247969473 -0.104494603103 0.12717086233 103.902377550494 2377739.75 -0.038969198602 0.044277196593 0.058983629744 0 
1912 520 -0.006819602452 -0.072564168405 0.072883918074 126.496679127311 2244656 -0.006819602452 -0.072564168405 0.072883918074 126.496679127311 2244656 -0.032058873222 0.028730041049 0.043048653996 0 
1928 520 -0.073485079864 -0.051914549695 0.08997320397 79.121231853221 2211898 -0.073485079864 -0.051914549695 0.08997320397 79.121231853221 2211898 -0.025051050021 0.024091513304 0.034755663142 0 
1944 520 0.044984159403 -0.070953003975 0.084011328821 175.390173411277 2113914 0.044984159403 -0.070953003975 0.084011328821 175.390173411277 2113914 -0.018780464269 0.024936552539 0.031217583037 0 
1960 520 0.015470367608 -0.10864567748 0.10974158514 165.141551248528 2114027 0.015470367608 -0.10864567748 0.10974158514 165.141551248528 2114027 -0.013247115967 0.031265158753 0.033955798228 0 
1976 520 -0.001470107001 -0.095856356035 0.095867628566 141.830468684137 2167065 -0.001470107001 -0.095856356035 0.095867628566 141.830468684137 2167065 -0.025140131083 0.033012038761 0.041494829726 0 
1992 520 0.011462942084 -0.022570477875 0.025314531652 145.916582069446 2062704 -16 0 16 28.991785119385 2052232.125 -0.054459509619 0.030177192561 0.06226155426 0 
2008 520 0.012134990358 0.087264937981 0.088104638878 81.189712419855 2090002.125 -16 0 16 16.727022139919 2074186.125 -0.075968055191 0.02283056767 0.079324524768 0 
2024 520 -0.048580429793 0.280468858527 0.284645110203 73.19676298989 2419909.25 10 -16 18.867962264113 128.981833695618 2379511 -0.0896657678 0.010972164086 0.090334590827 0 
2040 520 -0.058060180478 0.482271947885 0.485754275611 79.888665463363 2518621.5 -16 2 16.124515496597 3.878419197441 2467120.25 -0.091102511443 0.005167747409 0.091248962758 0 
2056 520 -0.103228915979 0.085782585772 0.134219451332 35.865804782233 2603719 -0.103228915979 0.085782585772 0.134219451332 35.865804782233 2603719 -0.080278286121 0.005417317639 0.080460863486 0 
2072 520 -0.019445930282 -0.007331124413 0.020781953462 22.824453885371 3943841 -0.019445930282 -0.007331124413 0.020781953462 22.824453885371 3943841 -0.056106974527 0.002124019661 0.056147164221 0 
2088 520 -0.006286647543 -0.004604525091 0.00779253416 21.995481845772 4920837.5 -0.006286647543 -0.004604525091 0.00779253416 21.995481845772 4920837.5 -0.018588576661 -0.004712146526 0.019176535328 0 
2104 520 -0.002831580719 -0.004980280064 0.005728964905 33.121678440407 4278951 -0.002831580719 -0.004980280064 0.005728964905 33.121678440407 4278951 0.000479839363 -0.007843251472 0.00785791572 0 
2120 520 0.002498618087 -0.002026350183 0.003217015295 42.36685702253 2911346 0.002498618087 -0.002026350183 0.003217015295 42.36685702253 2911346 0.001098273546 -0.007269295178 0.007351792786 0 
2136 520 0.000609190969 -0.001008671203 0.001178359551 10.092765306557 1126410.875 0.000609190969 -0.001008671203 0.001178359551 10.092765306557 1126410.875 0.002071461762 -0.005385865925 0.005770485733 0 
2152 520 -0.000979329085 -0.003365555477 0.003505146092 73.398089863558 102216.984375 -0.000979329085 -0.003365555477 0.003505146092 73.398089863558 102216.984375 0.003399404012 -0.002192963715 0.004045372355 0 
2168 520 0 0 0 0 0 0 0 0 0 0 0.003169703368 -0.000949378125 0.003308827324 0 
2184 520 0 0 0 0 0 0 0 0 0 0 0.001382359829 -0.001655109155 0.002156456587 0 
2200 520 0 0 0 0 0 0 0 0 0 0 0.000366516045 -0.001505981002 0.001549939609 0 
2216 520 0 0 0 0 0 0 0 0 0 0 0.000122172015 -0.000501993667 0.000516646536 0 
2232 520 0 0 0 0 0 0 0 0 0 0 0 0 0 0 
2248 520 0 0 0 0 0 0 0 0 0 0 0 0 0 0 
2264 520 0 0 0 0 0 0 0 0 0 0 0 0 0 0 
2280 520 0 0 0 0 0 0 0 0 0 0 0 0 0 0 
2296 520 0 0 0 0 0 0 0 0 0 0 0 0 0 0 
2312 520 0 0 0 0 0 0 0 0 0 0 0 0 0 0 
2328 520 0 0 0 0 0 0 0 0 0 0 0 0 0 0 
2344 520 0 0 0 0 0 0 0 0 0 0 0 0 0 0 
2360 520 0 0 0 0 0 0 0 0 0 0 0 0 0 0 
2376 520 0 0 0 0 0 0 0 0 0 0 0 0 0 0 
2392 520 0 0 0 0 0 0 0 0 0 0 0 0 0 0 
2408 520 0 0 0 0 0 0 0 0 0 0 0 0 0 0 
2424 520 0 0 0 0 0 0 0 0 0 0 0 0 0 0 
2440 520 0 0 0 0 0 0 0 0 0 0 0 0 0 0 
2456 520 0 0 0 0 0 0 0 0 0 0 0 0 0 0 
2472 520 0 0 0 0 0 0 0 0 0 0 0 0 0 0 
2488 520 0 0 0 0 0 0 0 0 0 0 0 0 0 0 
2504 520 0 0 0 0 0 0 0 0 0 0 0 0 0 0 
2520 520 0 0 0 0 0 0 0 0 0 0 0 0 0 0 
2536 520 0 0 0 0 0 0 0 0 0 0 0 0 0 0 
24 536 0 0 0 0 0 0 0 0 0 0 0 0 0 0 
40 536 0 0 0 0 0 0 0 0 0 0 0 0 0 0 
56 536 0 0 0 0 0 0 0 0 0 0 0 0 0 0 
72 536 0 0 0 0 0 0 0 0 0 0 0 0 0 0 
88 536 0 0 0 0 0 0 0 0 0 0 0 0 0 0 
104 536 0 0 0 0 0 0 0 0 0 0 0 0 0 0 
120 536 0 0 0 0 0 0 0 0 0 0 0 0 0 0 
136 536 0 0 0 0 0 0 0 0 0 0 0 0 0 0 
152 536 0 0 0 0 0 0 0 0 0 0 0 0 0 0 
168 536 0 0 0 0 0 0 0 0 0 0 0 0 0 0 
184 536 0 0 0 0 0 0 0 0 0 0 0 0 0 0 
200 536 0 0 0 0 0 0 0 0 0 0 0 0 0 0 
216 536 0 0 0 0 0 0 0 0 0 0 0 0 0 0 
232 536 0 0 0 0 0 0 0 0 0 0 0 0 0 0 
248 536 0 0 0 0 0 0 0 0 0 0 0 0 0 0 
264 536 0 0 0 0 0 0 0 0 0 0 0 0 0 0 
280 536 0 0 0 0 0 0 0 0 0 0 0 0 0 0 
296 536 0 0 0 0 0 0 0 0 0 0 0 0 0 0 
312 536 0 0 0 0 0 0 0 0 0 0 0 0 0 0 
328 536 0 0 0 0 0 0 0 0 0 0 0 0 0 0 
344 536 0 0 0 0 0 0 0 0 0 0 0 0 0 0 
360 536 0 0 0 0 0 0 0 0 0 0 0 0 0 0 
376 536 0 0 0 0 0 0 0 0 0 0 0 0 0 0 
392 536 0 0 0 0 0 0 0 0 0 0 0 0 0 0 
408 536 0 0 0 0 0 0 0 0 0 0 0 0 0 0 
424 536 0 0 0 0 0 0 0 0 0 0 0 0 0 0 
440 536 0 0 0 0 0 0 0 0 0 0 0 0 0 0 
456 536 0 0 0 0 0 0 0 0 0 0 0 0 0 0 
472 536 0 0 0 0 0 0 0 0 0 0 0.000076523099 0.000295259251 0.000305014443 0 
488 536 0 0 0 0 0 0 0 0 0 0 0.000229569297 0.000885777754 0.000915043328 0 
504 536 0 0 0 0 0 0 0 0 0 0 0.000421430417 0.001915992932 0.001961793187 0 
520 536 0 0 0 0 0 0 0 0 0 0 0.000652106461 0.003385904783 0.003448129063 0 
536 536 0 0 0 0 0 0 0 0 0 0 0.001154761759 0.003244451666 0.003443826554 0 
552 536 -0.001530770523 0.002688402829 0.003093665813 81.949157981617 38911.9921875 -0.001530770523 0.002688402829 0.003093665813 81.949157981617 38911.9921875 0.001929396312 0.001491633581 0.002438758059 0 
568 536 0.001826624953 -0.003466768963 0.003918551488 94.626401738976 933959.875 0.001826624953 -0.003466768963 0.003918551488 94.626401738976 933959.875 0.001044187163 0.000662941183 0.001236858053 0 
584 536 -0.000055419053 -0.000500035854 0.000503097532 110.482785560487 2803517.75 -16 -14 21.260291625469 67.993000908733 1282915 -0.001500865688 0.000758374471 0.001681585458 0 
600 536 -0.004357133729 0.007154826225 0.008377120785 27.729546968679 4455320 -0.004357133729 0.007154826225 0.008377120785 27.729546968679 4455320 -0.005896525866 0.00353318502 0.006874039109 0 
616 536 0.004944397834 0.165207044415 0.165281017041 55.207623199375 5162460 0.004944397834 0.165207044415 0.165281017041 55.207623199375 5162460 -0.012142793371 0.00898737283 0.015106962012 0 
632 536 -0.027257505771 1.107528083183 1.10786345127 38.721325871926 5121874.5 -0.027257505771 1.107528083183 1.10786345127 38.721325871926 5121874.5 0.012633003448 0.016576286097 0.020841449971 0 
648 536 0.03374798774 0.435269473802 0.436575814149 64.543338787754 4639065.5 0.03374798774 0.435269473802 0.436575814149 64.543338787754 4639065.5 0.06843086459 0.02629992482 0.073310771883 0 
664 536 0.218689643583 0.232042052855 0.318855256352 19.036187327925 4631666.5 0.218689643583 0.232042052855 0.318855256352 19.036187327925 4631666.5 0.1326702105 0.06953719339 0.149789205281 0 
680 536 0.185880086524 0.388941933755 0.431076831202 28.990963327564 5587367.5 -8.377953573496 -14.875932682987 17.072887256361 154.853042592709 5508717.5 0.205351041178 0.146288091808 0.252129442782 0 
696 536 0.178737950159 4.801787014604 4.805112463663 34.669088341296 6459555.5 -2 -16 16.124515496597 150.32417908874 6421250 0.228930215642 0.306008012577 0.382164817056 0 
712 536 0.045558073296 5.002043786009 5.002251250706 19.818443830649 6819416 -8 -16 17.888543819998 173.775221981795 6790282.5 0.203407733893 0.548696955699 0.585186342459 0 
728 536 0.094505735888 5.241781483688 5.242633351366 10.070973431697 7290383 0 -16 16 168.896134748074 7277463 0.161190460907 0.821301363796 0.836969709644 0 
744 536 0.021752827574 3.394261813759 3.394331516787 4.832947297097 8005495.5 0 -15 15 174.799865898188 7985941 0.102278396684 1.123821236869 1.128465791624 0 
760 536 0.10423283626 1.307050660871 1.311200180842 2.735268177142 8631034 0.10423283626 1.307050660871 1.311200180842 2.735268177142 8631034 0.060172724745 1.88928249306 1.890240486125 0 
776 536 -0.048701205213 3.08768279348 3.088066845219 1.544502104942 9079869 -0.048701205213 3.08768279348 3.088066845219 1.544502104942 9079869 0.034873445089 3.117685132368 3.11788016796 0 
792 536 0.063283211423 3.132493876095 3.133133040364 1.593228928476 9822265 0.063283211423 3.132493876095 3.133133040364 1.593228928476 9822265 -0.026396490204 3.469660063077 3.469760471273 0 
808 536 0.107161944641 2.412135969595 2.4145151932 4.947571492651 10541892 -12 -14 18.439088914586 136.99489283006 10492764 -0.123637081136 2.945207285187 2.947801228128 0 
824 536 -0.02407915393 2.219385135051 2.219515754245 2.330714511157 10801377 15 14 20.518284528683 49.92725301229 10795741 -0.145284758317 2.817051601196 2.820795523394 0 
840 536 -0.159201002098 -0.68297974118 0.701289017404 165.182991978715 10605244 13.56910926391 -3.556906103618 14.027555284007 106.384399959483 10601606 -0.091339521748 3.085193011102 3.086544803496 0 
856 536 -0.125717910239 2.592415539757 2.595462063627 1.787950456702 10185702 -7.434203526619 -10.290907296474 12.69528081847 143.167057817335 10180971 -0.060548702403 3.509533958647 3.510056232065 0 
872 536 0.033688517666 3.63045973459 3.630616035978 1.272835910053 10294773 -11 -12 16.2788205961 136.748372676093 10283670 -0.052912300282 4.09007444383 4.090416686304 0 
888 536 -0.040440053982 3.781984024354 3.782200227174 0.554397292366 11019323 0 19 19 0.058232507275 10984363 -0.004323047103 4.253505128972 4.253507325835 0 
904 536 -0.162512996051 2.954119089045 2.958585822001 4.369342363727 11940116 0 18 18 1.220541515459 11900260 0.085219057133 3.999826014073 4.000733736523 0 
920 536 0.146860340034 2.916188624648 2.919884253528 0.480763630636 12601944 8 18 19.697715603592 21.560251523218 12575997 0.15555324683 3.707927187927 3.711188602532 0 
936 536 0.143486020826 2.869658240657 2.873243229583 0.638950606473 12697245 -12.875799326405 -11.367255170235 17.175584368489 134.9407313745 12688858 0.206679521987 3.377808650532 3.384125840512 0 
952 536 -0.052056857154 3.123292216588 3.123726010165 3.12797062936 12420933 8 -13 15.264337522474 146.219404816771 12417085 0.120217406473 3.168132755748 3.170412809535 0 
968 536 0.553344408334 5.849672532334 5.875785800196 7.335278593851 12285605 13.564143269445 -9.63165411517 16.635947331857 127.309392023711 12284933 -0.103833099711 3.078899503575 3.08064984471 0 
984 536 4.567409176926 -10.646807348522 11.585151414893 146.555516165922 12373332 -0.198859013315 2.316111341529 2.324632584633 51.756169022105 12373289 -3.645720430189 2.398117385422 4.363742023695 0 
1000 536 -24.103388644509 -11.158907213609 26.561147459215 30.958852443793 12404095 -1 16 16.031219541881 80.307067196717 12403126 -10.505444584961 1.125786401291 10.565593260627 0 
1016 536 3 13.72234997091 14.046454667429 99.182310147446 12377251 4.222012361188 -15.364787252776 15.93430499586 108.514543408866 12377022 -10.441604249294 0.574590138092 10.457401834378 0 
1032 536 -19 13 23.021728866443 22.216729439487 12395515 -19 -16 24.839484696748 52.26452283057 12394782 -3.454199423188 0.744528595827 3.533527484704 0 
1048 536 8.443800985599 13.881333306943 16.247744134583 35.13453363533 12427531 8 -16 17.888543819998 157.257978122683 12426944 -0.059005671044 0.883005836695 0.884975127816 0 
1064 536 3.698788436483 11.548348899068 12.126227698359 32.258834493946 12391765 -15 -16 21.931712199461 122.348373455347 12389908 -0.256022992861 0.990021860696 1.022590366437 0 
1080 536 0.259665174218 9.131021789429 9.134713182237 16.047298077508 12340163 12 -15 19.209372712299 155.758569171504 12332212 -0.290344458317 1.129313110754 1.166039453276 0 
1096 536 1.863609872185 8.903205682453 9.09615925431 18.919667563657 12142008 -14 -15 20.518284528683 129.877668594877 12116288 -0.161970067413 1.300879586869 1.310924102406 0 
1112 536 1.749974245392 8.400998731773 8.581327959634 13.613764869445 11911862 6 -15 16.155494421404 160.045594828863 11866374 -0.062615523734 1.941718492161 1.94272782618 0 
1128 536 -0.20320787524 8.265251863596 8.267749500876 1.553300446691 12221216 -8 -13 15.264337522474 148.537419030566 12181269 0.007719172721 3.051829826632 3.051839588895 0 
1144 536 -0.970259806392 3.764939211036 3.887952077212 12.619479279689 11997302 -17 -13 21.400934559033 100.334667095598 11941742 -1.999804823585 3.912895972156 4.394311575361 0 
1160 536 -5.847776918066 4.276668837109 7.24474921759 0.455104593555 11851542 -6 -12 13.416407864999 100.069268278412 11767900 -6.085187512653 4.524916928734 7.583164265404 0 
1176 536 -6.21555636608 4.234822627055 7.521094576093 0.047073080968 11506267 -22 -12 25.059928172283 62.925170131063 11368972 -6.166839644704 4.209053271938 7.466327119107 0 
1192 536 -2.408900976488 2.317063561705 3.342392475983 8.987228800826 10580040 -2 -14 14.142135623731 134.743865008008 10281006 -2.244761219737 2.965305001768 3.719137895688 0 
1208 536 -0.426901748079 1.335407342266 1.401983549223 8.617465855448 9929474 -16 -15 21.931712199461 124.041866564916 9571972 -0.294566306571 1.836878538204 1.86034729905 0 
1224 536 -0.29430352477 0.263732684112 0.395182860662 27.133406706598 9037715 -0.29430352477 0.263732684112 0.395182860662 27.133406706598 9037715 -0.316254905207 0.823773881249 0.882394794009 0 
1240 536 -1.579013187429 0.20696367863 1.59251895133 0.328647706777 8258833.5 -1.579013187429 0.20696367863 1.59251895133 0.328647706777 8258833.5 -2.182824403394 0.29885161093 2.203187386812 0 
1256 536 -4.939378898307 0.237767628863 4.945098315138 0.209727271713 8033677.5 -4.939378898307 0.237767628863 4.945098315138 0.209727271713 8033677.5 -5.894274801131 0.262111727249 5.900099828716 0 
1272 536 -4.142864150143 0.301118698265 4.153792945849 3.330059523595 8092022 -4.142864150143 0.301118698265 4.153792945849 3.330059523595 8092022 -13.012869033312 0.187861724813 13.014225005961 0 
1288 536 -15.906238955871 0.352086955506 15.910135227129 1.08280375286 8160782 -15.906238955871 0.352086955506 15.910135227129 1.08280375286 8160782 -23.538607099935 0.076101603623 23.538730119936 0 
1304 536 -16.242881923258 0.368439680146 16.24706007162 0.965894930162 8199561.5 -16.242881923258 0.368439680146 16.24706007162 0.965894930162 8199561.5 -22.523721761976 0.131116822428 22.524103392411 0 
1320 536 -8.913202329677 0.370839723838 8.920913510989 0.354843669472 7523255.5 -19 -16 24.839484696748 42.128518905147 6819996.5 -9.968213019432 0.352907381227 9.974458101596 0 
1336 536 -8.09422682456 0.447972982511 8.106613823323 5.895733592973 6680185.5 -1 -16 16.031219541881 95.48718825122 5737304.5 -4.007097705095 0.639216759062 4.057761708534 0 
1352 536 -10.84614002962 0.453247663312 10.85560624684 9.650801687644 5887815 7 -16 17.464249196573 125.67311157724 5071818 -4.640375818966 0.990044955935 4.744815776826 0 
1368 536 -20 0 20 11.722631590074 5554473.5 -2 -16 16.124515496597 94.597615241172 4873905.5 -4.707049030994 0.976722153041 4.807317000617 0 
1384 536 -12.863631066763 0.329495462297 12.867850305373 6.639217191953 5449533.5 -9 -16 18.357559750686 68.74874548408 4820253.5 -4.20711734118 0.599248350379 4.249580556701 0 
1400 536 -4.041189738823 0.330375775335 4.054671707807 2.485034987349 5654197 -19 -16 24.839484696748 47.259599730065 5304194.5 -3.199773086508 0.401881842066 3.224911908894 0 
1416 536 -2.416724973611 0.243997456433 2.429010983265 7.092906788228 5477840 3 -16 16.2788205961 113.477724434271 5292601 -1.685016266978 0.384622628103 1.728355977809 0 
1432 536 -11.020670684952 0.242722483238 11.023343256473 76.456604754623 4827931.5 13 -16 20.615528128088 153.187841284688 4577204.5 -0.112763664067 0.517975642975 0.530107923587 0 
1448 536 4.076035430653 0.251276145311 4.08377332049 24.33512326726 5188065 -7 -16 17.464249196573 141.492160718158 4908478 1.516984722225 0.801940886685 1.715911371022 0 
1464 536 3.642740274373 1.260510007751 3.854664990136 17.310923275023 5716427 3.642740274373 1.260510007751 3.854664990136 17.310923275023 5716427 1.790957858021 1.320323833216 2.225035971342 0 
1480 536 0.896801647455 2.301329633743 2.46989296894 2.405960237907 5489161.5 -4 -14 14.560219778561 177.061066532528 4831261 0.709155743318 2.07312448257 2.191060699413 0 
1496 536 -0.253623229199 3.372252587422 3.381776494059 6.904976850087 4971802 1 -13 13.038404810405 172.997370062525 4003232 0.137169813999 3.016154846406 3.019272365219 0 
1512 536 0.237936428175 4.331354858908 4.337885274836 2.108796587045 4864720 0 -12 12 178.964499891396 3728854 0.075000070062 4.149414924726 4.150092677043 0 
1528 536 -0.02381333093 4.361458178663 4.361523187942 0.219312906748 4776778 -8 -12 14.422205101856 145.777790750697 3515352.5 -0.046161307285 4.970051998709 4.97026636471 0 
1544 536 -1.166668362144 5.345153869514 5.470994878082 9.946946064957 5189541.5 0 -11 11 177.63429546175 3570472 -0.22631431804 5.478066068355 5.48273891589 0 
1560 536 -0.161049442443 5.364532715487 5.366949615791 5.258738852101 5638962.5 0 -11 11 173.021692419061 3897233.5 -0.708809118134 5.790911547001 5.834129490433 0 
1576 536 -1.238231063755 5.380957797261 5.521586998604 1.227779670736 5853283.5 4 -11 11.70469991072 174.203614171827 4160439.75 -1.493645707566 5.908588434647 6.094456070051 0 
1592 536 -2.126653752707 5.382198125036 5.787116107445 4.378246957786 5800366.5 -11 -11 15.556349186104 117.817914847493 4270000.5 -1.852397572864 5.990760044688 6.270612624057 0 
1608 536 -1.137354178144 6.234875970368 6.337764029404 6.133067818543 6082093 -1.137354178144 6.234875970368 6.337764029404 6.133067818543 6082093 -1.785064714028 6.037426377123 6.295790124555 0 
1624 536 -1.10000183113 5.348213558768 5.460164127449 1.534749118527 5876220 4 -11 11.70469991072 173.173961088448 4396205.5 -1.388553173206 5.940144141784 6.100278054317 0 
1640 536 -1.5 5.387983877964 5.592885683545 8.922572681669 5690546.5 3 -11 11.401754250991 171.379366039954 4272914.5 -0.662862950396 5.69891333867 5.737333922013 0 
1656 536 0.5 5.41239533802 5.43544140756 8.519883518632 5652197.5 -8 -11 13.601470508735 140.730777585314 4237183.5 -0.312099087262 5.510088162909 5.518919948984 0 
1672 536 0.5 5.364824150917 5.388073697553 8.90522843967 5665480 14 -11 17.804493814765 131.737886758483 4232594 -0.336261583804 5.373668614498 5.384179253256 0 
1688 536 -0.166671753279 5.321271561874 5.323881150866 1.821456497964 5607046 -6 -11 12.529964086142 147.774063954939 4237594.5 -0.319989723809 5.064262004874 5.074361346747 0 
1704 536 0.012197028691 4.364030011708 4.364047056414 3.448851546068 5130137 0 -12 12 176.711284027035 3975241 -0.263283507276 4.581868334036 4.589426504003 0 
1720 536 -0.08824083864 4.356304670249 4.357198277063 1.581705771478 4798970.5 0 -12 12 177.257875773674 3652757.5 -0.192825723092 4.025953135685 4.030568249046 0 
1736 536 -0.021741034486 3.389331476862 3.389401205616 1.464102015591 4331694 0 -13 13 178.168376412016 3374813.25 -0.108616371257 3.396516409821 3.398252674286 0 
1752 536 -0.071441654617 2.424129893827 2.425182395648 0.520384461642 3869388 0 -14 14 178.832306257464 3075404 -0.060371320768 2.961857929494 2.962473137579 0 
1768 536 -0.161324513204 2.395875666733 2.401300857661 2.839985601807 3577274.25 0 -14 14 178.987831473452 2807747.25 -0.048090571626 2.721977694704 2.722402481916 0 
1784 536 0.121269616794 2.346026569718 2.349158782582 3.666956204035 3212582.75 0 -14 14 179.292114520138 2563938.75 -0.030276760749 2.450456169909 2.450643205954 0 
1800 536 0.00602982676 2.311544693819 2.311552558419 0.334367841752 2854609.25 -10 -14 17.204650534085 144.27741409416 2382018 -0.006929888136 2.147293355111 2.14730453738 0 
1816 536 0.09233892489 2.32150200649 2.323337694608 0.777044709202 2481265.75 2 -14 14.142135623731 170.369174244118 2172275 0.057217747557 2.184003867096 2.184753249712 0 
1832 536 -0.044016748186 2.332230287596 2.332645619999 4.705023133226 2136266 0 -14 14 176.376205652191 1927246 0.162166146329 2.560587705863 2.565717688764 0 
1848 536 0.103813766035 2.345633396706 2.347929583646 1.060479673546 1928416.875 0 -14 14 176.405359824988 1759527.875 0.131746271845 2.097177602811 2.101311727916 0 
1864 536 -3.833324855347 1.270395071309 4.038351530492 69.208693746099 1757535.75 9 -16 18.357559750686 153.097935918379 1677842.875 -0.034041875895 0.793773557937 0.794503184761 0 
1880 536 -1.605252378549 1.075661042381 1.932325510087 22.431308676688 1828374.875 -0.322664993574 -12.784830278874 12.78890135851 99.948542749774 1757154.125 -0.626105119342 0.12617981398 0.638693170405 0 
1896 536 14 2 14.142135623731 168.584540062804 1876428 14 2 14.142135623731 168.584540062804 1876428 -1.644443458497 0.094396370938 1.647150558704 0 
1912 536 9.749985693123 2.264417486122 10.009485879282 164.321648661693 1878407.875 -14 -16 21.260291625469 51.417376552701 1765668.875 -1.640585073453 0.074593267567 1.642279981855 0 
1928 536 4.166676840436 1.669127366701 4.488561245978 151.968444110494 1963520 0 -16 16 96.201030762874 1811757.875 -0.61452996421 0.066770503866 0.618146727807 0 
1944 536 0.5769171175 1.407813326881 1.521437387409 79.936952519113 2112323 0 -16 16 122.346699170136 1963292 -0.103986711577 0.065856357933 0.123086538926 0 
1960 536 0.346207497413 1.488781752339 1.528506047539 69.68818777234 2147241.75 8 -16 17.888543819998 149.967996426507 2001387.875 -0.108955315554 0.071850829765 0.130513610499 0 
1976 536 0.038472920635 1.483965151482 1.484463787512 58.31678353095 2111397 -12 -16 20 86.298422632478 1933585 -0.11249227269 0.073524079506 0.134388621847 0 
1992 536 0.109954542527 1.779999193172 1.783392029004 61.798909645411 2171729 0 -16 16 121.735887691457 1988682 -0.114597582983 0.070876107154 0.134744308195 0 
2008 536 -0.159294682012 0.357369617763 0.39126441113 45.817047263807 2645852 -0.159294682012 0.357369617763 0.39126441113 45.817047263807 2645852 -0.192341800138 0.070609518883 0.204892831102 0 
2024 536 -0.392871466277 0.012032853882 0.393055694002 10.124850426925 3248968.75 -0.392871466277 0.012032853882 0.393055694002 10.124850426925 3248968.75 -0.345724924155 0.072724314692 0.353291026109 0 
2040 536 -0.087019978613 0.012915425032 0.087973205475 8.143991238131 2983131.75 -0.087019978613 0.012915425032 0.087973205475 8.143991238131 2983131.75 -0.352454352333 0.104978439012 0.367756091909 0 
2056 536 -0.48149899032 -0.026207742828 0.482211699841 41.336678195762 2120536 15 15 21.213203435596 96.778827459234 2007097.75 -0.212530084673 0.167371891843 0.27052243358 0 
2072 536 -0.104238694212 0.159396440623 0.190454536975 6.756490758947 3267396.75 -0.104238694212 0.159396440623 0.190454536975 6.756490758947 3267396.75 -0.109828992904 0.220991990872 0.246778985556 0 
2088 536 0.008707898759 0.131892460086 0.132179607082 13.249020133025 5561927 0.008707898759 0.131892460086 0.132179607082 13.249020133025 5561927 -0.044351077027 0.265838736101 0.269512989752 0 
2104 536 -0.002731302778 0.016667646959 0.016889951747 6.515538646829 7594744.5 -16 4 16.492422502471 73.173031900518 7131575 -0.010704950591 0.21960725477 0.219868011122 0 
2120 536 0.003477669266 0.003464246042 0.004908684565 51.276547860798 8548397 0.003477669266 0.003464246042 0.004908684565 51.276547860798 8548397 -0.008890613596 0.082297546879 0.082776380885 0 
2136 536 0.00077877991 0.000822958731 0.001133030988 69.37568573872 7083975 0.00077877991 0.000822958731 0.001133030988 69.37568573872 7083975 -0.005207507927 0.010698003726 0.01189812685 0 
2152 536 0.002112545107 0.000240806004 0.002126225379 79.400799169858 4380413 0.002112545107 0.000240806004 0.002126225379 79.400799169858 4380413 0.000344366416 0.004808625311 0.004820940324 0 
2168 536 0.003441634801 0.000393960869 0.003464109593 10.569166910073 1476706.875 0.003441634801 0.000393960869 0.003464109593 10.569166910073 1476706.875 0.002485369649 0.000764568235 0.002600312842 0 
2184 536 -0.001354073264 0 0.001354073264 130.282318008495 80144.9921875 -0.001354073264 0 0.001354073264 130.282318008495 80144.9921875 0.001215501773 -0.001434167502 0.001879968346 0 
2200 536 0 0 0 0 0 0 0 0 0 0 0.000521377008 -0.001966975081 0.002034901706 0 
2216 536 0 0 0 0 0 0 0 0 0 0 0.000402995353 -0.000833854501 0.000926130976 0 
2232 536 0 0 0 0 0 0 0 0 0 0 0.000288074653 -0.000212114647 0.000357742406 0 
2248 536 0 0 0 0 0 0 0 0 0 0 0.000176614907 -0.000101755518 0.000203830839 0 
2264 536 0 0 0 0 0 0 0 0 0 0 0.000090663776 -0.000034931965 0.000097160499 0 
2280 536 0 0 0 0 0 0 0 0 0 0 0.000030221259 -0.000011643988 0.000032386833 0 
2296 536 0 0 0 0 0 0 0 0 0 0 0 0 0 0 
2312 536 0 0 0 0 0 0 0 0 0 0 0 0 0 0 
2328 536 0 0 0 0 0 0 0 0 0 0 0 0 0 0 
2344 536 0 0 0 0 0 0 0 0 0 0 0 0 0 0 
2360 536 0 0 0 0 0 0 0 0 0 0 0 0 0 0 
2376 536 0 0 0 0 0 0 0 0 0 0 0 0 0 0 
2392 536 0 0 0 0 0 0 0 0 0 0 0 0 0 0 
2408 536 0 0 0 0 0 0 0 0 0 0 0 0 0 0 
2424 536 0 0 0 0 0 0 0 0 0 0 0 0 0 0 
2440 536 0 0 0 0 0 0 0 0 0 0 0 0 0 0 
2456 536 0 0 0 0 0 0 0 0 0 0 0 0 0 0 
2472 536 0 0 0 0 0 0 0 0 0 0 0 0 0 0 
2488 536 0 0 0 0 0 0 0 0 0 0 0 0 0 0 
2504 536 0 0 0 0 0 0 0 0 0 0 0 0 0 0 
2520 536 0 0 0 0 0 0 0 0 0 0 0 0 0 0 
2536 536 0 0 0 0 0 0 0 0 0 0 0 0 0 0 
24 552 0 0 0 0 0 0 0 0 0 0 0 0 0 0 
40 552 0 0 0 0 0 0 0 0 0 0 0 0 0 0 
56 552 0 0 0 0 0 0 0 0 0 0 0 0 0 0 
72 552 0 0 0 0 0 0 0 0 0 0 0 0 0 0 
88 552 0 0 0 0 0 0 0 0 0 0 0 0 0 0 
104 552 0 0 0 0 0 0 0 0 0 0 0 0 0 0 
120 552 0 0 0 0 0 0 0 0 0 0 0 0 0 0 
136 552 0 0 0 0 0 0 0 0 0 0 0 0 0 0 
152 552 0 0 0 0 0 0 0 0 0 0 0 0 0 0 
168 552 0 0 0 0 0 0 0 0 0 0 0 0 0 0 
184 552 0 0 0 0 0 0 0 0 0 0 0 0 0 0 
200 552 0 0 0 0 0 0 0 0 0 0 0 0 0 0 
216 552 0 0 0 0 0 0 0 0 0 0 0 0 0 0 
232 552 0 0 0 0 0 0 0 0 0 0 0 0 0 0 
248 552 0 0 0 0 0 0 0 0 0 0 0 0 0 0 
264 552 0 0 0 0 0 0 0 0 0 0 0 0 0 0 
280 552 0 0 0 0 0 0 0 0 0 0 0 0 0 0 
296 552 0 0 0 0 0 0 0 0 0 0 0 0 0 0 
312 552 0 0 0 0 0 0 0 0 0 0 0 0 0 0 
328 552 0 0 0 0 0 0 0 0 0 0 0 0 0 0 
344 552 0 0 0 0 0 0 0 0 0 0 0 0 0 0 
360 552 0 0 0 0 0 0 0 0 0 0 0 0 0 0 
376 552 0 0 0 0 0 0 0 0 0 0 0 0 0 0 
392 552 0 0 0 0 0 0 0 0 0 0 0 0 0 0 
408 552 0 0 0 0 0 0 0 0 0 0 0 0 0 0 
424 552 0 0 0 0 0 0 0 0 0 0 0 0 0 0 
440 552 0 0 0 0 0 0 0 0 0 0 0 0 0 0 
456 552 0 0 0 0 0 0 0 0 0 0 0 0 0 0 
472 552 0 0 0 0 0 0 0 0 0 0 0.000229569297 0.000885777754 0.000915043328 0 
488 552 0 0 0 0 0 0 0 0 0 0 0.00068870789 0.002657333263 0.002745129984 0 
504 552 0 0 0 0 0 0 0 0 0 0 0.001720304225 0.004470618338 0.004790185274 0 
520 552 0 0 0 0 0 0 0 0 0 0 0.003324358303 0.00632563298 0.007145977241 0 
536 552 0.003826029484 -0.000168307809 0.003829729642 60.734987658138 129091.984375 0.003826029484 -0.000168307809 0.003829729642 60.734987658138 129091.984375 0.004093601852 0.006606463367 0.007771932471 0 
552 552 -0.001155993731 -0.000841070137 0.001429587522 163.205541025805 1386805 -0.001155993731 -0.000841070137 0.001429587522 163.205541025805 1386805 0.004028034872 0.005313109497 0.006667398103 0 
568 552 0.001969830454 -0.002506000341 0.0031875178 111.759680809516 3792185 15 15 21.213203435596 14.928641332441 2020702.25 0.00222001597 0.003834144635 0.004430478077 0 
584 552 -0.000410106739 -0.005061337316 0.005077925065 143.849524742963 5493542 -0.000410106739 -0.005061337316 0.005077925065 143.849524742963 5493542 -0.001330454853 0.002169568781 0.002545022359 0 
600 552 0.123970380232 -0.029503650161 0.127432807973 176.093224734884 5972832 0.123970380232 -0.029503650161 0.127432807973 176.093224734884 5972832 -0.012318924213 0.003835394031 0.012902175829 0 
616 552 -0.092371220757 0.261243073844 0.277092739088 54.50052649855 6034379 12.092471157894 -14.763426217039 19.083673974642 145.347045036468 6029054 -0.030745392109 0.008831620387 0.031988695731 0 
632 552 -0.097218313766 0.867339614616 0.872771108375 41.551309361667 6144940 0 -16 16 144.844162275467 6133326.5 0.005731435073 0.008138136912 0.009953824411 0 
648 552 -0.254250473998 0.339557595044 0.424196492065 125.789457263163 6239273.5 -15 -16 21.931712199461 134.187693059953 6224915.5 0.097111557333 0.001754943607 0.097127413199 0 
664 552 0.217671982628 0.147200926334 0.262772153652 30.204630747764 6210615 8 -16 17.888543819998 67.298886401684 6202068.5 0.154009438822 0.010401929104 0.154360316711 0 
680 552 -0.032017113144 3.431324946958 3.431474316842 79.601731753528 6111772 6.903849555989 -7.546505338978 10.228043875686 58.479327610438 6110470 0.176425079539 0.034079093402 0.179686374824 0 
696 552 -0.160537385153 3.459513983725 3.463236817721 49.322617184478 6178776.5 -4 -16 16.492422502471 147.3705083818 6170037 0.174476163476 0.164615132463 0.239875120546 0 
712 552 -0.03827056964 2.693975286729 2.694247108564 21.045489416179 6649076.5 0 -16 16 159.768398759722 6634553.5 0.148162690632 0.402010046285 0.428443998919 0 
728 552 0.053048422376 2.690806347824 2.691329213717 11.29315041713 7232638 0 -16 16 167.577427160478 7225848.5 0.134667021592 0.611352215314 0.626008576518 0 
744 552 0.4259129072 7.619054916622 7.630950112995 6.395086862692 7705875.5 4 -16 16.492422502471 156.369107432206 7705010 0.133989156357 0.792641639549 0.803886722598 0 
760 552 5.818856211822 5.316428883693 7.881846464454 43.898103233857 7873009.5 -16 6 17.088007490635 73.129301702348 7871763 0.076601233739 1.189270136221 1.19173453668 0 
776 552 0.148396863835 1.059164610657 1.06950984178 9.168215090481 7668479 -16 16 22.62741699797 43.807433888961 7650919.5 -0.037496746262 1.801237705328 1.801627951903 0 
792 552 0.061067196525 0.949820624489 0.951781708795 7.591609164024 7909175 0 16 16 3.912931944483 7867835 -0.125033893796 1.827983090049 1.832254254218 0 
808 552 -0.016457184104 0.925225837578 0.925372189678 7.316735391327 8864473 0 16 16 8.335759860581 8823222 -0.186010208863 1.269506290381 1.283061190715 0 
824 552 -0.170348040222 0.858983534863 0.87571180646 0.132869302532 9493453 -0.170348040222 0.858983534863 0.87571180646 0.132869302532 9493453 -0.20153372794 1.004029869782 1.024056552594 0 
840 552 0 0.907619878249 0.907619878249 9.44496373941 9263884 0 0.907619878249 0.907619878249 9.44496373941 9263884 -0.171604451027 1.03155382825 1.04573007425 0 
856 552 -0.205141808334 1.029174036426 1.049420010663 4.272078771544 8997612 -0.205141808334 1.029174036426 1.049420010663 4.272078771544 8997612 -0.143145519547 1.165700149998 1.174456248428 0 
872 552 -0.20736099047 1.069516483653 1.089432920915 6.251328995648 9134951 8 -15 17 156.648721382348 9030534 -0.1161569335 1.406468835024 1.411257246959 0 
888 552 -0.119829604622 1.080014277061 1.086641602737 3.222949073596 9638745 7 -15 16.552945357247 158.091336509635 9566092 -0.084282424576 1.552101720188 1.554388393196 0 
904 552 -0.384781729254 1.33838155984 1.392595482862 14.341327204127 10334236 9 -15 17.492855684536 150.734742163434 10225018 -0.047521992774 1.602598805489 1.603303237429 0 
920 552 -0.095910535079 1.410159524735 1.413417389146 2.964858943913 10720473 -0.095910535079 1.410159524735 1.413417389146 2.964858943913 10720473 -0.028214723333 1.745503361914 1.745731381704 0 
936 552 -0.364245142876 1.324668553375 1.373834524391 14.612249605106 10947402 -0.364245142876 1.324668553375 1.373834524391 14.612249605106 10947402 -0.026360616253 1.980815389463 1.98099078474 0 
952 552 -0.098011828164 1.954939512183 1.957394905162 1.164756054704 11205866 -0.098011828164 1.954939512183 1.957394905162 1.164756054704 11205866 -0.060698797021 2.038685275733 2.0395886834 0 
968 552 -0.021017281852 0.890208563259 0.890456631305 2.559338261703 11609311 -0.021017281852 0.890208563259 0.890456631305 2.559338261703 11609311 -0.131229265638 1.919113020724 1.923594527564 0 
984 552 -0.746848195266 0.721543767808 1.038464075274 8.638717360234 11815322 -0.746848195266 0.721543767808 1.038464075274 8.638717360234 11815322 -1.3058758676 1.71119725732 2.152558439402 0 
1000 552 -2.722271015428 0.987140801135 2.895722093486 1.608783686372 11655695 -2.722271015428 0.987140801135 2.895722093486 1.608783686372 11655695 -3.584638602908 1.41493798552 3.853788190382 0 
1016 552 -2.201990161553 1.213700580565 2.514324913539 7.695911978995 11585072 -2.201990161553 1.213700580565 2.514324913539 7.695911978995 11585072 -3.53248419819 1.367814199142 3.78805494863 0 
1032 552 -0.937267698543 1.949827314931 2.163399476931 10.538006180583 12028108 -1 16 16.031219541881 32.634924343452 11995397 -1.149412653445 1.569825898186 1.945636861933 0 
1048 552 -0.00477982335 2.607284411264 2.607288792583 0.044655569777 12521685 9.588549622437 -12.579223056914 15.816988859373 142.743814403646 12512644 -0.001943722005 1.844367793784 1.844368817998 0 
1064 552 -0.005955904643 3.111032895549 3.111038596673 2.244083158095 12804920 8 -14 16.124515496597 152.608891405994 12793782 -0.090077403869 2.191439885937 2.19329038487 0 
1080 552 -0.064807996184 3.580031796528 3.580618346112 1.464375180973 12790804 3 -14 14.317821063276 170.406709207157 12777505 -0.112951779684 2.585502719349 2.587968781939 0 
1096 552 -0.130181082596 3.426096409013 3.42856875651 0.840355843628 12741239 -14 -13 19.104973174543 131.543243590087 12731422 -0.070566849448 3.026556294019 3.027378846644 0 
1112 552 -0.022995198916 3.258668089551 3.25874922279 0.419297115797 12726180 11 -13 17.029386365926 139.748652697826 12720742 0.000949009386 3.62761071854 3.627610842674 0 
1128 552 -0.100182415042 3.97826896773 3.979530185322 2.768677807814 12664322 -12 19 22.472205054244 33.601780977687 12661287 0.101595796819 4.388665992912 4.389841785676 0 
1144 552 -4.899652128659 4.932036342097 6.952091301302 4.077111561723 12639466 -18 -11 21.095023109729 72.541177693832 12636932 -5.896717178531 5.146139173158 7.826494865078 0 
1160 552 -15.623026548146 4.848711305881 16.358146589753 0.91166401732 12621524 -32 20 37.735924528226 13.851638170072 12619444 -17.993989916663 5.90003025928 18.936579157319 0 
1176 552 -3.699006655737 4.842769716619 6.093855000522 35.641948138213 12609827 -34 5 34.365680554879 8.618833773775 12609812 -18.079353535432 5.52214128196 18.903890303243 0 
1192 552 -18.392960518417 5.26542734671 19.131798707271 17.13480484085 12687753 7.166884816894 5.577196747004 9.081264313598 109.00046171771 12687744 -6.152808034837 4.012472241197 7.345541518495 0 
1208 552 0.313181268684 8.839995245415 8.845541161852 7.566846964344 12683738 -13 -14 19.104973174543 131.583262203643 12680930 -0.240404567278 2.479533988498 2.491161005653 0 
1224 552 -15.125446175547 11.624690963678 19.076492392744 32.123419606116 12567025 15 12 19.209372712299 71.672623513903 12566792 -0.342143132754 0.923326523862 0.984679538204 0 
1240 552 -1.845904282893 8.368076341484 8.569251092045 75.305672281226 12446486 0 -16 16 92.254732466631 12432859 -2.857259311619 0.112498390591 2.859473144081 0 
1256 552 -7.232743540576 6.167317046904 9.505176415026 40.107792320526 12240259 4 -16 16.492422502471 104.382479729165 12210338 -7.785753103873 0.047049588686 7.785895263761 0 
1272 552 -0.908656905145 4.828256998006 4.913015673704 79.230131276103 12107509 -29 5 29.427877939124 9.670692199014 12107324 -13.288607099935 0.025910048071 13.288632359541 0 
1288 552 -21.92662556832 5.498838801691 22.605621800346 13.933286133784 11980925 -5 -16 16.76305461424 72.791182610291 11957575 -19.365821299806 0.049079768747 19.365883492362 0 
1304 552 -31.250020030497 0.182985723936 31.250555765964 0.119756952382 11912462 -5 -16 16.76305461424 73.101226176881 11897693 -18.508663497671 0.147066005643 18.509247766455 0 
1320 552 2.060347709886 0.067190157706 2.061442990462 176.422614818739 11706941 -14 -16 21.260291625469 50.523644882865 11681922 -10.717133693528 0.319868758758 10.72190610982 0 
1336 552 -8.042005583338 0.240614372739 8.045604332728 2.000546589629 11611140 -17 -16 23.345235059858 46.978603122698 11574926 -7.122246309268 0.462361018544 7.137238275506 0 
1352 552 -7.3599285606 0.383231560163 7.369899242584 1.27335991126 11072333 -2 -16 16.124515496597 87.129043526009 10967237 -7.72400134489 0.574542784998 7.745340288694 0 
1368 552 -24 0 24 3.874191261644 10649932 -5 -16 16.76305461424 76.520166625383 10458018 -8.290086168399 0.561409888018 8.309073940087 0 
1384 552 -13.125010730574 0.475041239552 13.133604640652 0.672520078152 10548166 5 -16 16.76305461424 110.099379784778 10302982 -8.820500779793 0.422962327602 8.830635941817 0 
1400 552 -10.950532442279 0.309278436497 10.95489908309 3.28270667011 10262384 -4 -16 16.492422502471 80.864251170849 9910272 -4.260009457028 0.365248688038 4.27563880351 0 
1416 552 11.090923849548 0.35475302182 11.096595943935 2.28709951826 9697285 18 -16 24.083189157585 45.752670494025 9267404 5.391387799897 0.388268969328 5.405350608557 0 
1432 552 8.11296664071 0.394807170299 8.122567353675 0.145310289453 9672545 8 -16 17.888543819998 66.366287254617 9213603 8.483942596372 0.434430396231 8.495058077947 0 
1448 552 5.241096042017 0.476081895634 5.262674385994 0.542542324651 10151974 11 -16 19.416487838948 61.224313127196 9796112 5.017654932395 0.503732968747 5.042876949162 0 
1464 552 2.583315846702 0.473666060778 2.626381598503 4.724611380437 10401540 16 -16 22.62741699797 60.114717088997 10107798 2.482616686957 0.670545554001 2.571578689122 0 
1480 552 4.290368110037 0.38580535963 4.307679688086 41.631361951868 10327410 -6 -16 17.088007490635 157.325829657674 9979380 0.878827860057 0.934868151993 1.28308880021 0 
1496 552 -0.586933499427 1.380330798711 1.499934680785 25.977501335786 10108572 0 -15 15 177.058288093587 9623059 0.073585330268 1.431963321837 1.433852766471 0 
1512 552 0.238816830127 2.400467626388 2.412318035352 3.909305362727 9934851 0 -14 14 178.227779792231 9417865 0.066889097589 2.161831063531 2.162865621952 0 
1528 552 0.058205515744 2.434965042904 2.43566061721 2.363465726473 9288363 -6 -14 15.231546211728 155.807283918198 8923937 -0.051553146345 2.970933837973 2.971381092441 0 
1544 552 -0.267473285684 3.330757752975 3.341480086362 0.415828882109 9851241 -3 -13 13.341664064126 162.829982130748 9496982 -0.281741401536 3.859271645165 3.869542072198 0 
1560 552 0.031295709607 4.306717413914 4.306831120993 9.742837984007 11026368 -16 -12 20 117.543404720992 10617832 -0.742676556952 4.522143110753 4.582722638604 0 
1576 552 -1.175544094421 4.452965407875 4.605518954652 1.342268416741 10447692 13.394752668297 4.459934836211 14.117734159138 87.714715095282 10271216 -1.434358612594 4.959548234737 5.162799949853 0 
1592 552 -1.858750716583 5.345605133234 5.65954489927 0.622830091773 9743313 14 5 14.866068747319 88.896710482647 9553715 -1.778543771924 5.29996762927 5.59042706955 0 
1608 552 -1.069531178805 5.326190279697 5.432513215628 6.402936202096 10189436 -1 -11 11.045361017187 157.048302869822 9821050 -1.775232034941 5.543401294354 5.820717025257 0 
1624 552 -0.806060831407 5.382407532793 5.442430055866 5.803299302471 10484258 0 -11 11 165.679472672295 10040855 -1.448038630221 5.672390266411 5.854299890601 0 
1640 552 -1.150041677184 5.419642346176 5.540317591954 4.00294380918 10143940 -1.150041677184 5.419642346176 5.540317591954 4.00294380918 10143940 -0.796963557762 5.686934545444 5.742506024077 0 
1656 552 -0.410296310199 5.356272603848 5.371964190954 0.536341894903 10309609 -0.410296310199 5.356272603848 5.371964190954 0.536341894903 10309609 -0.486763083088 5.658458089307 5.679356147267 0 
1672 552 -0.108713829711 5.337073993486 5.338181104901 4.124434267293 10437862 -0.108713829711 5.337073993486 5.338181104901 4.124434267293 10437862 -0.5174372062 5.586960898 5.610870996391 0 
1688 552 0.120021576776 5.297869791158 5.299229142334 5.949491163583 10567917 0.120021576776 5.297869791158 5.299229142334 5.949491163583 10567917 -0.439792761873 5.405100603847 5.422963231583 0 
1704 552 -0.210190488507 5.268126382375 5.272317860499 0.557320938805 10551357 -0.210190488507 5.268126382375 5.272317860499 0.557320938805 10551357 -0.253829750108 5.112877206847 5.1191740422 0 
1720 552 -0.295954315289 4.440267887037 4.450119983258 2.550431826058 10249547 -0.295954315289 4.440267887037 4.450119983258 2.550431826058 10249547 -0.103601716494 4.699758047287 4.700899809473 0 
1736 552 -0.053859356061 4.396157406414 4.396487321965 0.851721479562 10212050 -0.053859356061 4.396157406414 4.396487321965 0.851721479562 10212050 0.010891338971 4.165743125168 4.165757362851 0 
1752 552 -0.010205988811 3.397703400883 3.397718729174 0.708532581734 9910534 -0.010205988811 3.397703400883 3.397718729174 0.708532581734 9910534 0.034110220745 3.643196182706 3.643355861406 0 
1768 552 -0.125028621877 3.303423504482 3.305788711677 1.546574906586 9663708 -0.125028621877 3.303423504482 3.305788711677 1.546574906586 9663708 -0.03394507117 3.132117219902 3.132301158424 0 
1784 552 0.094094385611 2.291212592585 2.293143889473 3.688760983261 8956069 0.094094385611 2.291212592585 2.293143889473 3.688760983261 8956069 -0.057996701479 2.484775631356 2.485452384489 0 
1800 552 -0.029865963841 1.309941292863 1.310281712665 0.024948749828 8136241.5 0 -15 15 178.718861767796 6986795.5 -0.038044670182 1.701171417067 1.70159677573 0 
1816 552 0.021758196007 1.292483926868 1.292667057021 1.516891772888 7354321.5 0 -15 15 179.447557400676 6189842.5 -0.012206600788 1.265950588866 1.266009436992 0 
1832 552 -0.01831204794 1.27355477062 1.273686415437 1.772094696017 6218984.5 0 -15 15 179.051686728989 5246570.5 0.019517506703 1.179113146751 1.179274669409 0 
1848 552 0.11505103212 0.314036963907 0.334448732532 22.417798984241 5091786.5 0 -16 16 177.703086919953 4382718.5 -0.036242943715 0.903584550522 0.904311114004 0 
1864 552 0 0.353153872354 0.353153872354 22.220845312095 4803355 4 -16 16.492422502471 171.815398155831 4159288.5 -0.179487952041 0.439364800177 0.474612844919 0 
1880 552 -1.166673448937 0.337409444588 1.214484281394 9.901226787377 4840843 -13 -16 20.615528128088 57.135122627878 4221409 -1.784467227826 0.194768503681 1.795064917269 0 
1896 552 -18.166668362144 0.289339097019 18.168972356553 1.092116936346 4814829 10 -16 18.867962264113 124.009968365624 4215309.5 -4.851180771069 0.169795661034 4.854151361474 0 
1912 552 -16.136368933237 0.245388238812 16.138234653681 0.914312732592 4808672 -16.136368933237 0.245388238812 16.138234653681 0.914312732592 4808672 -4.852419366193 0.151268551739 4.854776604557 0 
1928 552 -8.357147528411 0.175873435405 8.358997923012 3.245176567537 5016617.5 -8.357147528411 0.175873435405 8.358997923012 3.245176567537 5016617.5 -1.788183013196 0.139187175796 1.793591803781 0 
1944 552 -16 0 16 26.220768651967 5178845 -16 0 16 26.220768651967 5178845 -0.270780678156 0.133362551813 0.30184059682 0 
1960 552 1 0.254297329782 1.031827084319 141.71131092019 5277680 -8 -16 17.888543819998 87.455894376635 4574046 -0.300212361071 0.133794679791 0.328676859667 0 
1976 552 -0.136368933237 0.277861620928 0.309521511913 38.571120988438 5381814 14 -16 21.260291625469 156.47392213963 4611780.5 -0.280696533567 0.132612707602 0.31044592794 0 
1992 552 -3.67645839059 0.260389223848 3.685668032479 27.401594453154 5502205.5 8 -16 17.888543819998 148.017917318058 4677417.5 -0.212233195643 0.129816635249 0.248787636591 0 
2008 552 -0.231470046267 0.212367192355 0.314130875126 21.783040096015 5945403.5 -8 -16 17.888543819998 84.187406622539 5337990 -0.390094751501 0.147812816569 0.417160093837 0 
2024 552 -1.326235076773 0.24921476261 1.349447100396 2.264656414443 6918811 15 -16 21.931712199461 146.059473699107 6360479 -0.814281201138 0.186601251562 0.835388473473 0 
2040 552 -0.368294993804 0.283531370423 0.46479160973 17.672034424408 6647036.5 0 -16 16 109.918789085771 6012679.5 -0.827337864687 0.299799025128 0.879981475835 0 
2056 552 -0.311121968618 0.247630374258 0.397640140845 10.11199084676 4516201 0 -16 16 138.629219852738 3956617 -0.429264742147 0.487406137269 0.649486690778 0 
2072 552 -0.256613275916 0.305858006622 0.399248661352 24.522154477481 3690599.5 15 1 15.033296378373 101.660245685934 3525769.25 -0.181916754486 0.657114137982 0.681830401125 0 
2088 552 0.002749618834 0.154341899448 0.154366389894 7.039724123408 4129971 9.045120228471 -11.884300849688 14.934885558095 148.744402727497 3936561 -0.085293901704 0.808923027268 0.813407347958 0 
2104 552 0.008907298878 0.102783399679 0.10316863488 7.866716231764 6001580.5 0.008907298878 0.102783399679 0.10316863488 7.866716231764 6001580.5 -0.034518436351 0.678173968283 0.679051878508 0 
2120 552 0.043972265038 0.163058942649 0.16888392129 21.466530327441 9596884 0.043972265038 0.163058942649 0.16888392129 21.466530327441 9596884 -0.029590358427 0.264866961027 0.26651472071 0 
2136 552 0.000101243007 0.00282430363 0.00282611768 26.55098550645 12002794 6.664840336882 -8.867784714949 11.093137629491 167.570226013745 11690364 -0.020713428667 0.0454557202 0.049952663853 0 
2152 552 0.001933304989 -0.006535498439 0.006815453618 174.897082866228 11161920 0.001933304989 -0.006535498439 0.006815453618 174.897082866228 11161920 -0.007887647069 0.019940245802 0.02144360928 0 
2168 552 0.002960523473 -0.004919313698 0.005741458569 160.627276315351 8022646.5 0.002960523473 -0.004919313698 0.005741458569 160.627276315351 8022646.5 -0.000996433367 0.004825379705 0.004927186697 0 
2184 552 -0.003097597681 0.001112178652 0.003291208402 50.54947914434 4659971 -0.003097597681 0.001112178652 0.003291208402 50.54947914434 4659971 -0.000039787559 0.000111121907 0.0001180302 0 
2200 552 -0.002882537028 0.002002198489 0.003509674986 142.073996220156 1548095.75 -0.002882537028 0.002002198489 0.003509674986 142.073996220156 1548095.75 0.000586754903 -0.001884975902 0.001974187293 0 
2216 552 0 0 0 0 84496 0 0 0 0 84496 0.000883194019 -0.001162913725 0.001460273949 0 
2232 552 0 0 0 0 0 0 0 0 0 0 0.000864223959 -0.000636343942 0.001073227219 0 
2248 552 0 0 0 0 0 0 0 0 0 0 0.000529844722 -0.000305266554 0.000611492517 0 
2264 552 0 0 0 0 0 0 0 0 0 0 0.000271991328 -0.000104795895 0.000291481496 0 
2280 552 0 0 0 0 0 0 0 0 0 0 0.000090663776 -0.000034931965 0.000097160499 0 
2296 552 0 0 0 0 0 0 0 0 0 0 0 0 0 0 
2312 552 0 0 0 0 0 0 0 0 0 0 0 0 0 0 
2328 552 0 0 0 0 0 0 0 0 0 0 0 0 0 0 
2344 552 0 0 0 0 0 0 0 0 0 0 0 0 0 0 
2360 552 0 0 0 0 0 0 0 0 0 0 0 0 0 0 
2376 552 0 0 0 0 0 0 0 0 0 0 0 0 0 0 
2392 552 0 0 0 0 0 0 0 0 0 0 0 0 0 0 
2408 552 0 0 0 0 0 0 0 0 0 0 0 0 0 0 
2424 552 0 0 0 0 0 0 0 0 0 0 0 0 0 0 
2440 552 0 0 0 0 0 0 0 0 0 0 0 0 0 0 
2456 552 0 0 0 0 0 0 0 0 0 0 0 0 0 0 
2472 552 0 0 0 0 0 0 0 0 0 0 0 0 0 0 
2488 552 0 0 0 0 0 0 0 0 0 0 0 0 0 0 
2504 552 0 0 0 0 0 0 0 0 0 0 0 0 0 0 
2520 552 0 0 0 0 0 0 0 0 0 0 0 0 0 0 
2536 552 0 0 0 0 0 0 0 0 0 0 0 0 0 0 
24 568 0 0 0 0 0 0 0 0 0 0 0 0 0 0 
40 568 0 0 0 0 0 0 0 0 0 0 0 0 0 0 
56 568 0 0 0 0 0 0 0 0 0 0 0 0 0 0 
72 568 0 0 0 0 0 0 0 0 0 0 0 0 0 0 
88 568 0 0 0 0 0 0 0 0 0 0 0 0 0 0 
104 568 0 0 0 0 0 0 0 0 0 0 0 0 0 0 
120 568 0 0 0 0 0 0 0 0 0 0 0 0 0 0 
136 568 0 0 0 0 0 0 0 0 0 0 0 0 0 0 
152 568 0 0 0 0 0 0 0 0 0 0 0 0 0 0 
168 568 0 0 0 0 0 0 0 0 0 0 0 0 0 0 
184 568 0 0 0 0 0 0 0 0 0 0 0 0 0 0 
200 568 0 0 0 0 0 0 0 0 0 0 0 0 0 0 
216 568 0 0 0 0 0 0 0 0 0 0 0 0 0 0 
232 568 0 0 0 0 0 0 0 0 0 0 0 0 0 0 
248 568 0 0 0 0 0 0 0 0 0 0 0 0 0 0 
264 568 0 0 0 0 0 0 0 0 0 0 0 0 0 0 
280 568 0 0 0 0 0 0 0 0 0 0 0 0 0 0 
296 568 0 0 0 0 0 0 0 0 0 0 0 0 0 0 
312 568 0 0 0 0 0 0 0 0 0 0 0 0 0 0 
328 568 0 0 0 0 0 0 0 0 0 0 0 0 0 0 
344 568 0 0 0 0 0 0 0 0 0 0 0 0 0 0 
360 568 0 0 0 0 0 0 0 0 0 0 0 0 0 0 
376 568 0 0 0 0 0 0 0 0 0 0 0 0 0 0 
392 568 0 0 0 0 0 0 0 0 0 0 0 0 0 0 
408 568 0 0 0 0 0 0 0 0 0 0 0 0 0 0 
424 568 0 0 0 0 0 0 0 0 0 0 0 0 0 0 
440 568 0 0 0 0 0 0 0 0 0 0 0 0 0 0 
456 568 0 0 0 0 0 0 0 0 0 0 0 0 0 0 
472 568 0 0 0 0 0 0 0 0 0 0 0.000388877493 0.000217561154 0.000445599103 0 
488 568 0 0 0 0 0 0 0 0 0 0 0.00116663248 0.000652683461 0.001336797309 0 
504 568 0 0 0 0 0 0 0 0 0 0 0.002451070435 0.002433225771 0.003453742019 0 
520 568 0.000893843863 0.004057436645 0.004154726101 24.923403739585 456148.9375 0.000893843863 0.004057436645 0.004154726101 24.923403739585 456148.9375 0.004242191357 0.005559188085 0.006992907812 0 
536 568 0.003408933128 0.010503666824 0.011042999675 19.060250672242 2822568.75 15 14 20.518284528683 9.934002374753 362855.90625 0.005180509612 0.006864559731 0.008599991869 0 
552 568 0.001853381817 0.013055770769 0.013186666544 31.592026096657 6102277 0.001853381817 0.013055770769 0.013186666544 31.592026096657 6102277 0.005266025201 0.00634934071 0.008248948349 0 
568 568 0.002599897028 0.00897730278 0.009346198679 159.829989445129 7766008 7 -16 17.464249196573 19.610796556784 7115637.5 0.001126379216 -0.016033249844 0.016072766741 0 
584 568 0.00730455763 -0.018947177433 0.020306454512 27.929694948781 7767324 0.00730455763 -0.018947177433 0.020306454512 27.929694948781 7767324 -0.007238428343 -0.060283211932 0.060716229179 0 
600 568 0.045641637438 -0.032424894129 0.055986898711 67.902881237392 7251378 0.045641637438 -0.032424894129 0.055986898711 67.902881237392 7251378 -0.016192859881 -0.068533933569 0.070420939795 0 
616 568 0.012639841008 0.006183782141 0.014071415788 148.322491156896 6739983 0.012639841008 0.006183782141 0.014071415788 148.322491156896 6739983 -0.025736915398 -0.040785414758 0.048226951709 0 
632 568 -0.060227021061 0.079751226702 0.099937741751 165.108508049285 6405443 15 -16 21.931712199461 20.98428483989 6364197 0.009955945813 -0.024435174481 0.026385575774 0 
648 568 -0.034913218727 0.12477365532 0.129566191207 117.731678288038 6434066.5 -15 -16 21.931712199461 121.052991344181 6413661.5 0.090885723752 -0.019483212738 0.092950580205 0 
664 568 -0.198818526992 0.039768336755 0.202756818094 177.853169202421 6410950.5 1 15 15.033296378373 95.350310173188 6398859.5 0.132038533251 -0.021301356324 0.133745736546 0 
680 568 0.126151874533 -0.068278175923 0.14344408233 15.796137801004 6237380.5 5 15 15.811388300842 84.192844972197 6227976.5 0.133414374311 -0.029889605239 0.136721555631 0 
696 568 0.045542859405 -0.100412021663 0.110257544582 91.587980248995 6408400.5 0 15 15 64.01488461942 6403923 0.12301393988 0.059958352996 0.136848213356 0 
712 568 -0.124997555864 4.478251390317 4.479995524981 23.706043416713 6975750 0 -16 16 157.892788972958 6973118 0.100837229956 0.248242518382 0.26794121534 0 
728 568 0.192443242578 8.305247973478 8.307477252606 15.307137217397 7481382.5 0 -16 16 163.365483646426 7475552.5 0.101868628737 0.340961141501 0.355853505722 0 
744 568 4.258265064849 3.633902758328 5.598041677185 29.069086295482 7781372.5 2 -16 16.124515496597 152.420728079157 7775389 0.126108136225 0.338114222352 0.360866304022 0 
760 568 1.025430196286 -0.164419427295 1.038528206419 93.429655380083 7805484.5 1 -16 16.031219541881 170.743944577271 7797235.5 0.042770794683 0.430048176723 0.432169845293 0 
776 568 0.225749123065 -0.000344641653 0.22574938614 103.593768498922 7395678 4 -16 16.492422502471 179.470054051945 7386431.5 -0.148143395887 0.616763004615 0.634305186489 0 
792 568 0.099565928816 0.195053932625 0.21899637169 51.267916873083 7234924.5 10 -16 18.867962264113 172.220343433822 7225800.5 -0.240718366685 0.534980070884 0.586642146715 0 
808 568 -0.281073011288 0.221887657796 0.358100782402 0.11746398384 7761132 -6 -16 17.088007490635 107.615135977238 7746284 -0.23495411771 0.184699375528 0.298859995231 0 
824 568 -0.245759624883 0.09569127891 0.263732087699 18.21043949761 7506423 -1 -16 16.031219541881 89.487642551705 7418101.5 -0.226296330172 0.012113081371 0.22662028989 0 
840 568 0.033256199625 0.036912992723 0.049684442688 127.43184330086 6480051.5 0.033256199625 0.036912992723 0.049684442688 127.43184330086 6480051.5 -0.214745004073 0.01722118841 0.215434412535 0 
856 568 -0.335714016402 0.058575075886 0.340785768958 2.763909604347 6167983.5 -0.335714016402 0.058575075886 0.340785768958 2.763909604347 6167983.5 -0.186479018618 0.041892164909 0.191126601669 0 
872 568 -0.156756224924 0.126094617751 0.20117745072 7.485500910061 6761195 -0.156756224924 0.126094617751 0.20117745072 7.485500910061 6761195 -0.141498373808 0.086126010868 0.165648662954 0 
888 568 -0.026559244098 0.241002017964 0.242461061017 24.015762467123 8083162.5 -0.026559244098 0.241002017964 0.242461061017 24.015762467123 8083162.5 -0.115810911279 0.198150291514 0.229511884656 0 
904 568 0.033434893994 3.697209456766 3.697360634201 16.663264708015 9123956 9 -16 18.357559750686 166.787383610554 9119966 -0.109416631031 0.377965006846 0.39348385678 0 
920 568 0.02150126926 2.826293890812 2.826375675989 10.438760805372 9511925 14 -16 21.260291625469 148.816961570997 9462627 -0.117753390253 0.667615966295 0.677921042134 0 
936 568 -0.351463791953 2.436849515731 2.462064653776 0.689456008507 9923964 13 -15 19.849433241279 146.603264592996 9835269 -0.140821188945 1.06710316986 1.076354858948 0 
952 568 -0.11803126093 1.874484976209 1.87819735507 3.467531298404 10657494 -0.11803126093 1.874484976209 1.87819735507 3.467531298404 10657494 -0.157118295261 1.266731811282 1.276438655173 0 
968 568 0.059685467496 0.85632027906 0.858397795524 11.482909286661 11344684 0.059685467496 0.85632027906 0.858397795524 11.482909286661 11344684 -0.166644709201 1.266501890562 1.277418294021 0 
984 568 -0.252856350325 0.576114435907 0.629161487347 17.328313045963 11457707 -0.252856350325 0.576114435907 0.629161487347 17.328313045963 11457707 -0.153241595519 1.373029442524 1.381554500059 0 
1000 568 0.007350531042 1.249784860823 1.249806476479 4.55196893648 11101477 0.007350531042 1.249784860823 1.249806476479 4.55196893648 11101477 -0.116908954214 1.586314467169 1.590616639019 0 
1016 568 -0.008465128516 1.660205535319 1.660227116362 1.738177554176 11206853 -0.008465128516 1.660205535319 1.660227116362 1.738177554176 11206853 -0.0632920897 1.785362179338 1.786483697107 0 
1032 568 0.033224136338 1.831944069286 1.832245320973 0.817721542135 11865892 5.356961134178 -13.328503044809 14.364749423801 157.882652204978 11849674 0.007608998022 1.970172579033 1.970187272323 0 
1048 568 0.010037990595 2.162499630574 2.162522927852 0.15952692566 12337618 -9 -14 16.643316977093 147.690256937218 12331814 0.016802114154 2.262539414902 2.262601802135 0 
1064 568 -0.014980757918 2.255500326674 2.255550076308 0.387940526555 12629191 0 -14 14 179.231513493854 12615021 -0.035712741304 2.662462686946 2.662702191247 0 
1080 568 -0.040114253161 3.078159556608 3.078420927886 0.579271512543 12692765 -8 18 19.697715603592 22.636587125275 12678258 -0.071343064948 3.082375077909 3.083200602268 0 
1096 568 -0.159760830454 3.402291185765 3.406040051978 1.223325709254 12684696 -4 18 18.439088914586 11.063679679025 12674735 -0.090088856778 3.522276587791 3.523428495516 0 
1112 568 0.067521621366 3.573764943749 3.574402753261 1.778011252889 12643869 7 18 19.313207915828 21.946116616095 12638391 -0.047584426624 3.919219843114 3.919508700886 0 
1128 568 -0.066111737884 3.839352222919 3.839921386372 1.739602904565 12586130 15 -12 19.209372712299 127.906712712315 12583857 0.056170225515 4.27320484388 4.273573999826 0 
1144 568 -4.545827138282 3.710326278769 5.867799030818 0.743790084484 12501678 0 -12 12 128.477700912273 12500154 -5.928146253368 4.711694623377 7.572515052826 0 
1160 568 -15.017379318432 4.723769901742 15.742797835146 1.246329577667 12403833 -34 5 34.365680554879 7.848937717691 12403457 -18.000533863273 5.234689181605 18.746231359685 0 
1176 568 -18.121544899202 4.072501719552 18.573520393009 2.416134580332 12289006 -33.214744255326 4.061323072039 33.462121586088 8.110714511916 12288856 -18.055207985738 4.865562054929 18.699310937001 0 
1192 568 -6.012551918113 3.12694925911 6.777063688431 3.132257867239 12412960 -22 -8 23.409399821439 50.592963339518 12412363 -6.092168620765 3.604313243349 7.078530388436 0 
1208 568 0.06698968027 4.622195609201 4.622681025874 4.764611968385 12781456 8 -14 16.124515496597 154.189398601766 12777032 -0.159023600341 2.312254517319 2.31771643182 0 
1224 568 0.312243074013 4.639095639805 4.649591819991 18.345183009304 13404794 2 -16 16.124515496597 172.63042608336 13392465 -0.255772924465 0.98938587684 1.021912032506 0 
1240 568 0.68474725239 5.191713065107 5.236674837152 89.879524427997 13579959 4 -16 16.492422502471 111.670227189044 13567259 -2.382265759577 0.319300374725 2.403568779659 0 
1256 568 -1.178803120969 4.129033196973 4.294006513701 71.421938174815 13336196 -8 -16 17.888543819998 66.079426501585 13330216 -6.538502105675 0.301998010973 6.545472678466 0 
1272 568 -9.670387585017 3.102088360007 10.155754439614 15.668359095298 13290048 -26 3 26.172504656605 4.464986715949 13289531 -10.081319107533 0.372653021518 10.08820426153 0 
1288 568 -17.737568800272 1.217639727073 17.779313638308 1.588796602722 13112389 0.013002590037 0.46816887689 0.468349404437 89.252628993266 13112238 -13.01071676515 0.531265406359 13.021558803574 0 
1304 568 -9.142337821237 1.37042719038 9.244480056863 5.010968852582 12879836 -8 -16 17.888543819998 66.949085308325 12873449 -12.429001332311 0.763268390848 12.452415538965 0 
1320 568 1.300032966881 5.056746640889 5.221184952204 97.112637150073 12847545 -12 -15 19.209372712299 58.6454229715 12841719 -8.336172809016 1.068661974984 8.404392632342 0 
1336 568 -3.766947533273 7.98817606694 8.831809021648 54.16192485311 12954417 -18 -15 23.43074902772 50.396702598228 12949432 -6.518134556859 1.218791515403 6.631103291259 0 
1352 568 8.036613860363 8.134145065733 11.434661266997 124.783578246561 12944724 0 -15 15 99.870856112032 12940202 -6.974886575841 1.213657012102 7.079689688741 0 
1368 568 -1.313898385367 5.835584846022 5.981670290328 68.483849073881 12890288 2 -15 15.132745950422 106.422077036229 12882528 -7.59357327405 1.179270525651 7.684597194456 0 
1384 568 -2.92775700176 7.637210169275 8.179165008179 61.437051496576 12876007 2 -15 15.132745950422 105.183053397825 12866174 -8.374194651487 1.115632056049 8.448181517077 0 
1400 568 8.30083183135 9.188414075649 12.382679932791 115.685516659712 12808304 -14 -15 20.518284528683 63.384139213091 12801851 -3.615940329008 1.064860406112 3.769476375766 0 
1416 568 17.915674679226 14.097691119902 22.79728699043 29.460447611588 12714712 14 -15 20.518284528683 55.713390900048 12713921 6.681189693385 1.026955575842 6.759654833921 0 
1432 568 -2.794873518655 12.590807081641 12.8972764936 96.923053032598 12777801 -3 -16 16.2788205961 106.212037311203 12776226 9.638460191181 0.94376546514 9.68455513228 0 
1448 568 1.318237452263 6.335952317139 6.471633622634 69.429461446207 12857239 13 -16 20.615528128088 59.72358112643 12848858 5.25587116438 0.815290074005 5.318729134044 0 
1464 568 -0.313373615563 6.265935514428 6.273766882336 75.130253002445 12926719 13 -16 20.615528128088 68.638994209142 12917582 2.312608191712 0.739508781586 2.427968263058 0 
1480 568 -7.965583151112 7.19223204294 10.73213476885 96.382180509337 12902651 5 -16 16.76305461424 114.184490701182 12894352 0.808671273178 0.716421587882 1.080374527489 0 
1496 568 0.048859404346 3.789113586049 3.789428586129 3.002716551812 12682071 0 -16 16 176.258513692749 12670880 0.062702519371 0.958838655624 0.960886660046 0 
1512 568 -0.150703431494 2.471016426737 2.47560774467 6.40560604418 12338361 -3.316931573217 -13.915116292043 14.304981526814 169.508211171761 12322672 0.07470193029 1.466759984813 1.46866103354 0 
1528 568 0.058671356564 2.790938021135 2.791554650352 1.535555527037 11559582 -1.274541065714 -11.930194893921 11.998083394239 173.570781147516 11526921 -0.012519651047 2.165442193401 2.165478384705 0 
1544 568 -0.144753227701 3.148020844989 3.15134713058 1.093628162749 11641057 -4 18 18.439088914586 8.802442511008 11584407 -0.198962224639 3.054885281389 3.061357550055 0 
1560 568 0.113950105096 3.072006320883 3.074118973299 11.103511406363 12048527 -6 18 18.97366596101 9.455739108439 11994374 -0.583892929382 3.695232520386 3.74107930051 0 
1576 568 -1.165982358367 4.012328684098 4.178312617464 0.261770308174 11014907 -17 -12 20.808652046685 109.275503450849 10882339 -1.167311765274 4.086483910393 4.249937353333 0 
1592 568 -1.699612077357 4.016405305199 4.361214600215 4.092762901975 9994470 -17 -12 20.808652046685 106.373855180143 9865669 -1.500127947165 4.395595145886 4.644528021705 0 
1608 568 -1.052762808541 3.997896573981 4.134185112848 4.143745960386 10120013 -14 -12 18.439088914586 111.704808170589 10046252 -1.582341475055 4.622566226863 4.88589020194 0 
1624 568 -1.019542746273 4.003114193626 4.130906759863 1.360115388398 10301480 -17 -12 20.808652046685 109.568744113161 10217119 -1.335331803017 4.766926457115 4.950424110285 0 
1640 568 -0.633768721943 3.95144660439 4.001948657874 0.177864263199 10110807 -1 -12 12.041594578792 166.302213089437 10024505 -0.759098931051 4.828675836639 4.887979288261 0 
1656 568 -0.327420169706 3.84994436297 3.863842073053 0.759252543799 10422185 -1 -12 12.041594578792 169.616058641335 10310678 -0.474980617431 4.826618331907 4.849933103542 0 
1672 568 0.057763367562 3.852181003406 3.852614059263 6.651902770532 10614357 -16 4 16.492422502471 70.170938303186 10611152 -0.482976862158 4.760753942917 4.785190148195 0 
1688 568 -0.478949108139 3.89387035762 3.923215340781 2.189906677747 11024104 2 -12 12.165525060596 175.359975487176 10906817 -0.395081061948 4.683037683999 4.699673498793 0 
1704 568 -0.312068567179 3.843424775942 3.856073235683 2.008303088781 11040137 -0.312068567179 3.843424775942 3.856073235683 2.008303088781 11040137 -0.211293216803 4.593469555152 4.598326584484 0 
1720 568 -0.28194381104 3.794841516182 3.805300835088 3.441709809273 10563824 -0.28194381104 3.794841516182 3.805300835088 3.441709809273 10563824 -0.061928162979 4.394528185613 4.394964513112 0 
1736 568 0.072515995936 3.809234814991 3.809924992097 0.347294260844 10955665 0.072515995936 3.809234814991 3.809924992097 0.347294260844 10955665 0.053014099526 4.086213575381 4.08655746055 0 
1752 568 0.035459134796 3.610135978342 3.610310115815 0.57162578273 11476229 0.035459134796 3.610135978342 3.610310115815 0.57162578273 11476229 0.072731991378 3.673123548808 3.673843565991 0 
1768 568 -0.059655923583 3.925630927763 3.926084182774 0.820247948032 11594741 -0.059655923583 3.925630927763 3.926084182774 0.820247948032 11594741 -0.002774487421 3.155258105892 3.155259325726 0 
1784 568 0.388498555 4.114562401734 4.132862795327 5.880238760764 11583692 15 -14 20.518284528683 133.511406655063 11477407 -0.021147476685 2.491323769411 2.491413522441 0 
1800 568 0.089251009359 4.633488982267 4.634348486191 0.503312127233 11604458 14 -15 20.518284528683 136.37474209045 11537463 0.017613023585 1.681320539364 1.681412791282 0 
1816 568 -0.008341895289 1.36120380183 1.3612293625 1.206662120681 11546500 14 -15 20.518284528683 136.119394484243 11500614 0.016222485658 1.086344758142 1.086465877321 0 
1832 568 -0.029213111492 0.078201831453 0.083480131323 18.430948317883 10488510 -0.029213111492 0.078201831453 0.083480131323 18.430948317883 10488510 -0.025319090468 0.706396425746 0.706850031229 0 
1848 568 -0.042731499523 -0.04964035233 0.065499203285 119.143040543706 9140699 0 15 15 20.134371080418 9032090 -0.165440365689 0.451248082539 0.480619752606 0 
1864 568 -0.239854281344 -0.087712340151 0.255388979586 58.5375421619 8438197 -12 15 19.209372712299 12.889616228681 8364860 -0.404141340005 0.320899728522 0.516049279107 0 
1880 568 -16.766656221849 -0.084699400341 16.766870156653 7.201325364941 8325716.5 3 15 15.297058540778 94.398043286591 8267638.5 -2.010349864814 0.243702342974 2.025067260841 0 
1896 568 -4.295951745938 0.060341632747 4.296375509202 1.718752765498 8390329 9 -16 18.357559750686 121.881239169914 8305926 -4.984065940116 0.219655925897 4.988903889754 0 
1912 568 -4.226769799456 0.239012933308 4.233522188424 0.810592072146 8539674 0 -16 16 92.425889787195 8424300 -4.918016911353 0.208352191878 4.922428361715 0 
1928 568 -1.255808713023 0.30087386509 1.29134836756 6.869790572448 8802398 -1.255808713023 0.30087386509 1.29134836756 6.869790572448 8802398 -1.812202778527 0.209791140917 1.82430568527 0 
1944 568 0.54760589747 0.140469013521 0.565335088866 117.206031923446 9090959 0.54760589747 0.140469013521 0.565335088866 117.206031923446 9090959 -0.266898181286 0.300688150619 0.402054726494 0 
1960 568 0.211022228492 0.016247583717 0.211646792781 115.986294515165 9215429 13 15 19.849433241279 71.303460075331 9126966 -0.282103119629 0.481043220985 0.557660067209 0 
1976 568 -0.051367309818 -0.05927422804 0.078434906946 118.09535684723 9095844 -13 15 19.849433241279 19.922087531505 9052008 -0.251633302617 0.655790721109 0.702410698152 0 
1992 568 -0.356567085798 -0.025591160753 0.357484257252 82.095544627256 8987000 15 15 21.213203435596 57.009589308655 8969405 -0.175488730248 0.824930650994 0.843390107479 0 
2008 568 0.058441317389 0.323308174064 0.328547657114 31.444197003843 9045050 -9 -16 18.357559750686 129.444218423379 9016310 -0.367913188091 0.948633664146 1.017480192791 0 
2024 568 -0.155092326799 3.710454376213 3.713694293798 36.51674038735 10159678 0 -15 15 141.089761354581 10058536 -0.828906676147 1.026899760566 1.319700494814 0 
2040 568 -1.851999383934 1.449503574879 2.351799806888 12.908755383783 10470476 4 -15 15.52417469626 155.889378322458 10317337 -0.857716386903 1.05760394916 1.361691416453 0 
2056 568 -0.256182690376 1.228965173982 1.255382399793 11.808971863805 8741662 0 -15 15 156.416113979195 8351538 -0.454342320359 1.040746229928 1.135596609355 0 
2072 568 -0.202728295391 1.26318409784 1.27934859471 3.084769867103 7203038 15 1 15.033296378373 98.388338685614 7095595.5 -0.220890208368 1.021449362233 1.045060421105 0 
2088 568 -0.202359581033 1.454785101036 1.468791710976 1.026267273965 5150666.5 0 -16 16 171.054743163663 4894312 -0.157360050931 0.999713346075 1.01202221317 0 
2104 568 -0.201730463376 0.858765583229 0.88214143242 5.805928909293 3917906.75 5 -16 16.76305461424 170.059574237237 3719643 -0.113164919523 0.869705407849 0.877036940757 0 
2120 568 0.030154514836 0.169509479643 0.172170724729 18.048162608421 5667584 0.030154514836 0.169509479643 0.172170724729 18.048162608421 5667584 -0.088304814143 0.631425547555 0.63757035871 0 
2136 568 -0.053089783632 0.09745091883 0.110973901017 22.147800164843 8357835.5 -0.053089783632 0.09745091883 0.110973901017 22.147800164843 8357835.5 -0.05711347965 0.506538010506 0.509747688219 0 
2152 568 -0.107322736011 0.077994701126 0.132670053398 51.726701840294 10767025 -0.107322736011 0.077994701126 0.132670053398 51.726701840294 10767025 -0.019590916042 0.495042796702 0.49543029233 0 
2168 568 -0.002988186761 -0.001227635541 0.003230533878 112.020179103669 12092898 -16 -3 16.2788205961 100.305525362529 11661195 -0.002024874198 0.369323576311 0.369329127114 0 
2184 568 -0.003239216919 -0.001296382479 0.003489001831 109.857446698712 10834760 -16 8 17.888543819998 61.480378328953 8873934 -0.004415354118 0.129380349332 0.129455668648 0 
2200 568 -0.003150272633 0.001146481345 0.003352407662 34.505428753501 7867892.5 -0.003150272633 0.001146481345 0.003352407662 34.505428753501 7867892.5 -0.00446873141 0.006265724993 0.007696029502 0 
2216 568 -0.000347025699 0.000505627593 0.00061325859 56.069362384792 4655666 -0.000347025699 0.000505627593 0.00061325859 56.069362384792 4655666 -0.002185006074 -0.000020296707 0.002185100341 0 
2232 568 -0.001770236313 -0.000296083469 0.001794826461 62.761984228839 1610288.875 -0.001770236313 -0.000296083469 0.001794826461 62.761984228839 1610288.875 -0.000982358637 -0.003070213095 0.003223544158 0 
2248 568 -0.001211887314 -0.000010417042 0.001211932085 72.888829816985 94878 -0.001211887314 -0.000010417042 0.001211932085 72.888829816985 94878 -0.000860789097 -0.002884024173 0.003009743062 0 
2264 568 0 0 0 0 0 0 0 0 0 0 -0.000452895754 -0.002116980514 0.002164883614 0 
2280 568 0 0 0 0 0 0 0 0 0 0 0.000241321392 -0.000769082118 0.000806054166 0 
2296 568 0 0 0 0 0 0 0 0 0 0 0.000298412069 -0.000075152514 0.000307729855 0 
2312 568 0 0 0 0 0 0 0 0 0 0 -0.000281623723 -0.000035191704 0.000283813984 0 
2328 568 0 0 0 0 0 0 0 0 0 0 -0.000428731214 -0.000011408474 0.000428882976 0 
2344 568 0 0 0 0 0 0 0 0 0 0 -0.000142910405 -0.000003802825 0.000142960992 0 
2360 568 0 0 0 0 0 0 0 0 0 0 0 0 0 0 
2376 568 0 0 0 0 0 0 0 0 0 0 0 0 0 0 
2392 568 0 0 0 0 0 0 0 0 0 0 0 0 0 0 
2408 568 0 0 0 0 0 0 0 0 0 0 0 0 0 0 
2424 568 0 0 0 0 0 0 0 0 0 0 0 0 0 0 
2440 568 0 0 0 0 0 0 0 0 0 0 0 0 0 0 
2456 568 0 0 0 0 0 0 0 0 0 0 0 0 0 0 
2472 568 0 0 0 0 0 0 0 0 0 0 0 0 0 0 
2488 568 0 0 0 0 0 0 0 0 0 0 0 0 0 0 
2504 568 0 0 0 0 0 0 0 0 0 0 0 0 0 0 
2520 568 0 0 0 0 0 0 0 0 0 0 0 0 0 0 
2536 568 0 0 0 0 0 0 0 0 0 0 0 0 0 0 
24 584 0 0 0 0 0 0 0 0 0 0 0 0 0 0 
40 584 0 0 0 0 0 0 0 0 0 0 0 0 0 0 
56 584 0 0 0 0 0 0 0 0 0 0 0 0 0 0 
72 584 0 0 0 0 0 0 0 0 0 0 0 0 0 0 
88 584 0 0 0 0 0 0 0 0 0 0 0 0 0 0 
104 584 0 0 0 0 0 0 0 0 0 0 0 0 0 0 
120 584 0 0 0 0 0 0 0 0 0 0 0 0 0 0 
136 584 0 0 0 0 0 0 0 0 0 0 0 0 0 0 
152 584 0 0 0 0 0 0 0 0 0 0 0 0 0 0 
168 584 0 0 0 0 0 0 0 0 0 0 0 0 0 0 
184 584 0 0 0 0 0 0 0 0 0 0 0 0 0 0 
200 584 0 0 0 0 0 0 0 0 0 0 0 0 0 0 
216 584 0 0 0 0 0 0 0 0 0 0 0 0 0 0 
232 584 0 0 0 0 0 0 0 0 0 0 0 0 0 0 
248 584 0 0 0 0 0 0 0 0 0 0 0 0 0 0 
264 584 0 0 0 0 0 0 0 0 0 0 0 0 0 0 
280 584 0 0 0 0 0 0 0 0 0 0 0 0 0 0 
296 584 0 0 0 0 0 0 0 0 0 0 0 0 0 0 
312 584 0 0 0 0 0 0 0 0 0 0 0 0 0 0 
328 584 0 0 0 0 0 0 0 0 0 0 0 0 0 0 
344 584 0 0 0 0 0 0 0 0 0 0 0 0 0 0 
360 584 0 0 0 0 0 0 0 0 0 0 0 0 0 0 
376 584 0 0 0 0 0 0 0 0 0 0 0 0 0 0 
392 584 0 0 0 0 0 0 0 0 0 0 0 0 0 0 
408 584 0 0 0 0 0 0 0 0 0 0 0 0 0 0 
424 584 0 0 0 0 0 0 0 0 0 0 0 0 0 0 
440 584 0 0 0 0 0 0 0 0 0 0 0 0 0 0 
456 584 0 0 0 0 0 0 0 0 0 0 0 0 0 0 
472 584 0 0 0 0 0 0 0 0 0 0 0.000554447689 -0.00170939055 0.001797061016 0 
488 584 0 0 0 0 0 0 0 0 0 0 0.001663343068 -0.005128171651 0.005391183047 0 
504 584 0 0 0 0 0 0 0 0 0 0 0.002613729045 -0.004196184769 0.004943636934 0 
520 584 0.000161839276 0.011163172522 0.011164345601 71.473946065918 2760258 0.000161839276 0.011163172522 0.011164345601 71.473946065918 2760258 0.003405605622 0.001086570096 0.00357474254 0 
536 584 0.00287313655 0.016515099345 0.016763156624 37.824206283313 8062179.5 0.00287313655 0.016515099345 0.016763156624 37.824206283313 8062179.5 0.00441548504 0.004018740758 0.005970492896 0 
552 584 0.007466173332 0.027943762134 0.028923996723 35.854793263545 10929711 0.007466173332 0.027943762134 0.028923996723 35.854793263545 10929711 0.0056433673 0.004600327219 0.007280838207 0 
568 584 0.046199307944 0.022141289689 0.05123097465 117.77965555177 11014688 0.046199307944 0.022141289689 0.05123097465 117.77965555177 11014688 -0.0022367231 -0.058939242256 0.058981668406 0 
584 584 -0.02162455344 -0.030938616239 0.037746778489 29.069390008279 10331048 -0.02162455344 -0.030938616239 0.037746778489 29.069390008279 10331048 -0.01922478616 -0.186599967666 0.187587687058 0 
600 584 -0.033886567839 0.058275301338 0.067411499211 145.133229473672 9567757 -0.033886567839 0.058275301338 0.067411499211 145.133229473672 9567757 -0.017518332872 -0.213574797782 0.214292058262 0 
616 584 -0.020916973642 0.101898925438 0.104023606896 169.580648210673 9075920 -0.020916973642 0.101898925438 0.104023606896 169.580648210673 9075920 0.002882636762 -0.139863732604 0.139893435488 0 
632 584 -0.052468478544 0.101201911823 0.113994597229 169.916668706795 8972408 -0.052468478544 0.101201911823 0.113994597229 169.916668706795 8972408 0.025306535668 -0.081143648081 0.084998308051 0 
648 584 -0.016489235705 0.081606000053 0.083255234903 138.366504691513 9096990 -0.016489235705 0.081606000053 0.083255234903 138.366504691513 9096990 0.049753363846 -0.037414544215 0.062251468519 0 
664 584 0.081408350151 -0.013156737547 0.082464654351 11.779812870381 9005834 0.081408350151 -0.013156737547 0.082464654351 11.779812870381 9005834 0.066757493788 -0.025572662893 0.071487929501 0 
680 584 0.145649999306 -0.098198782265 0.175661387721 3.120300882512 8626263 0.145649999306 -0.098198782265 0.175661387721 3.120300882512 8626263 0.076318925495 -0.045618004117 0.088913332455 0 
696 584 0.108148956828 -0.097185812056 0.145400408968 35.846891830728 8370846 0.108148956828 -0.097185812056 0.145400408968 35.846891830728 8370846 0.074543544854 -0.007962325822 0.074967584408 0 
712 584 -0.086048104971 -0.07267238718 0.11263015683 165.287137387891 8340947 -0.086048104971 -0.07267238718 0.11263015683 165.287137387891 8340947 0.061431351866 0.087394371989 0.106825030997 0 
728 584 -0.036706185831 -0.166264452723 0.17026806018 111.611719369985 8388634 -0.036706185831 -0.166264452723 0.17026806018 111.611719369985 8388634 0.062795282343 0.010128142356 0.063606813724 0 
744 584 0.057358679766 -0.460629340656 0.464186824046 11.060063873544 8480127 0.057358679766 -0.460629340656 0.464186824046 11.060063873544 8480127 0.078635336287 -0.239761014723 0.252326891738 0 
760 584 -0.192183936034 -1.020594767736 1.038531821948 4.591617820486 8541943 -0.192183936034 -1.020594767736 1.038531821948 4.591617820486 8541943 -0.041318592423 -0.388383385433 0.390575063413 0 
776 584 -0.119956825196 -1.173931060917 1.180043971934 28.449887134035 8531242 -0.119956825196 -1.173931060917 1.180043971934 28.449887134035 8531242 -0.297066503786 -0.435738969772 0.527367952619 0 
792 584 -0.421882316664 -0.423870123821 0.59803893768 2.491075033163 8454333 -0.421882316664 -0.423870123821 0.59803893768 2.491075033163 8454333 -0.37344990887 -0.409348994418 0.554104172215 0 
808 584 -0.355332574006 0.142710862149 0.382919871939 70.705518922915 8050829 10.178016955134 5.684637409291 11.65792141053 160.360447687445 8024876 -0.270468807675 -0.309213459371 0.410811805309 0 
824 584 -0.414927686495 0.068560930545 0.420553904056 45.240522770197 6971182.5 -0.414927686495 0.068560930545 0.420553904056 45.240522770197 6971182.5 -0.219572565014 -0.158698764038 0.270919561889 0 
840 584 -0.039709312889 -0.055339691967 0.068112488115 65.159147338835 6181411 -0.039709312889 -0.055339691967 0.068112488115 65.159147338835 6181411 -0.220761180886 0.042195091581 0.22475747983 0 
856 584 -4.045458329211 -0.048063520604 4.045743837095 36.615279957199 6057864 -4.045458329211 -0.048063520604 4.045743837095 36.615279957199 6057864 -0.190549199616 0.138110003381 0.235336717298 0 
872 584 -0.118138513155 -0.019114021305 0.119674784733 54.214719034146 6564146.5 -0.118138513155 -0.019114021305 0.119674784733 54.214719034146 6564146.5 -0.128936621204 0.129045971364 0.18242125702 0 
888 584 -0.005928669115 0.020407017145 0.021250775662 11.097974214406 8002876.5 0 15 15 27.29767017101 7966521.5 -0.098908507212 0.191650842952 0.215668584645 0 
904 584 -0.005023626723 0.196210289158 0.19627458928 15.665049168924 9252379 15 15 21.213203435596 62.131688563618 9242490 -0.100464857638 0.325924618145 0.34105724495 0 
920 584 0.131203380654 7.617109482888 7.618239376746 14.395602442645 10134128 0 -16 16 166.591209767571 10129454 -0.113062753931 0.474265001068 0.487555614843 0 
936 584 -0.068998556295 0.457829759545 0.462999880665 3.547771972526 10812572 12 -16 20 155.248302330862 10805143 -0.136702196091 0.636671991721 0.651182551562 0 
952 584 -0.185840244142 0.592096372064 0.620576111491 6.206876154813 11237424 0 -16 16 168.781459758722 11218586 -0.169041088248 0.852272362394 0.868874599247 0 
968 584 -0.311499939823 1.669246625233 1.698062574926 0.043260906271 11641027 -0.311499939823 1.669246625233 1.698062574926 0.043260906271 11641027 -0.210079430402 1.121066113087 1.140579938886 0 
984 584 -3.570392060962 2.103730555269 4.144077909276 51.762424373189 11790788 -15 -15 21.213203435596 127.269678158806 11749709 -0.187817613945 1.383613941034 1.396303331634 0 
1000 584 -0.09779069448 2.256542015299 2.258659975901 1.086565562884 11825929 -13 -15 19.849433241279 135.517603762389 11776376 -0.102255638876 1.639915846236 1.643100787662 0 
1016 584 -0.040376420514 2.322306024644 2.32265699737 0.070811398549 12226029 -0.040376420514 2.322306024644 2.32265699737 0.070811398549 12226029 -0.034027923824 1.82723407868 1.827550896115 0 
1032 584 -0.058322304451 2.055584938424 2.056412149904 2.121861560103 12693453 -7 -15 16.552945357247 155.479773426708 12663337 0.016865531214 1.945568638368 1.945641738025 0 
1048 584 -0.108404357983 2.222495531624 2.225137724483 2.718243724971 12603650 9 17 19.235384061671 27.971470987647 12586828 -0.002768162566 2.137520700049 2.137522492481 0 
1064 584 -0.100608477639 2.596907327888 2.598855466433 0.004063342986 12491498 0 -14 14 177.785439788548 12477213 -0.092929005164 2.403090263723 2.404886403887 0 
1080 584 -0.11864377241 2.846635610985 2.849106991052 1.228322655411 12509926 -0.11864377241 2.846635610985 2.849106991052 1.228322655411 12509926 -0.16551831411 2.619930186434 2.625153422963 0 
1096 584 -0.202943228758 2.514848569008 2.523023836419 0.090934720719 12535681 0 17 17 4.52272198135 12527898 -0.220536089405 2.788040468182 2.796749151953 0 
1112 584 -0.783698786837 2.291335423307 2.421652702307 14.654123362842 12581665 7 17 18.38477631085 26.608089246732 12574106 -0.208215831765 2.816545865883 2.824231656083 0 
1128 584 -0.346077493267 2.291593943951 2.317579003033 5.867399162977 12580659 14 17 22.022715545545 42.192997272034 12573807 -0.128557541192 2.705446379536 2.708499059247 0 
1144 584 -1.827406016925 2.050097156637 2.746326838223 2.967071922012 12324708 -2 -14 14.142135623731 133.123946068104 12317640 -2.094092048097 2.609562322811 3.345898537395 0 
1160 584 -5.711070460462 1.925177523646 6.026826221313 3.872817524751 11949934 -6 17 18.02775637732 48.058405277235 11942250 -6.104819352482 2.528893695708 6.607883371446 0 
1176 584 -4.23950962648 1.973571007179 4.676368718717 4.787605293782 11782649 -4.23950962648 1.973571007179 4.676368718717 4.787605293782 11782649 -6.094402995623 2.239315590845 6.492786935397 0 
1192 584 -2.134057925511 1.063225545994 2.384250781921 13.67763473883 12032766 -2.134057925511 1.063225545994 2.384250781921 13.67763473883 12032766 -2.062842977521 1.740828008223 2.699222722215 0 
1208 584 0.144970444772 1.190307221608 1.19910287785 9.106982341689 12422694 0.144970444772 1.190307221608 1.19910287785 9.106982341689 12422694 -0.05042340576 1.33504012467 1.335992011326 0 
1224 584 0.015717441186 1.31012111267 1.310215389858 3.88780461114 13159653 -16 1 16.031219541881 83.223201928924 13140676 -0.057144280341 1.021951940183 1.023548355878 0 
1240 584 0.096726495912 0.699175294162 0.705834333946 47.378974437687 13674944 13 -16 20.615528128088 179.591398918755 13659255 -0.757843747267 0.91925756333 1.191369637439 0 
1256 584 -1.666966311152 1.118319500517 2.007340326839 8.350950424484 13557608 -14 -15 20.518284528683 72.480501466508 13553070 -2.152521806538 1.026956994111 2.384950899992 0 
1272 584 -1.624202662636 1.422221213302 2.158876436686 21.298350446571 13575720 -19 5 19.646882704388 5.164861479065 13573672 -3.391005056104 1.228090645153 3.606538773289 0 
1288 584 -2.351878926584 1.173342911687 2.628320390233 7.716430180225 13611187 -1.222653724589 -13.589276118025 13.644167528368 103.656822970942 13610063 -4.473293495965 1.522658516458 4.725340586539 0 
1304 584 -3.837170196846 1.173684156261 4.012656179916 7.791458333283 13231771 -3.727334714816 -14.310804838039 14.788243952164 100.200194707108 13229259 -4.284735265896 1.979723978042 4.719985522016 0 
1320 584 -0.489658351557 4.138723235812 4.16758867019 40.638748625691 12994725 12 -14 18.439088914586 173.215164924733 12987268 -2.825330365895 2.599287029904 3.83911249383 0 
1336 584 -1.857713963976 3.347506227543 3.828432984315 8.009945186159 13234750 -14 -14 19.798989873223 97.961769041564 13226565 -2.194762447869 2.908508249639 3.643679793944 0 
1352 584 -1.543447606444 2.335214212949 2.799188442066 5.994834014364 13474278 -1.543447606444 2.335214212949 2.799188442066 5.994834014364 13474278 -2.393031511817 2.907387637248 3.765568043439 0 
1368 584 -1.663144345335 2.34066285102 2.871367565388 7.367666376585 13716636 -1.663144345335 2.34066285102 2.871367565388 7.367666376585 13716636 -2.617510347948 2.830304065941 3.855124061207 0 
1384 584 -2.159223395252 2.493710647977 3.298611596784 6.083802378984 13711479 -2.159223395252 2.493710647977 3.298611596784 6.083802378984 13711479 -2.86819895626 2.677257535719 3.923553639911 0 
1400 584 -0.988585589754 3.383864401801 3.52531413608 10.594018862731 13241013 -1 -14 14.035668847618 149.034803305219 13215674 -1.26756570245 2.500716996288 2.80362413771 0 
1416 584 1.694210507429 2.725347763202 3.209029397478 11.647594362368 12770773 -14 16 21.260291625469 84.700640730378 12769563 2.184389413485 2.300682447646 3.172490635865 0 
1432 584 -8.153504242199 16.325321737377 18.248171449667 85.131234179 12691102 -8 -14 16.124515496597 151.152983457361 12690879 3.350789120362 2.045980849704 3.926044493697 0 
1448 584 0.762366307738 4.161797071004 4.231046826423 41.730195853684 12857210 14 -15 20.518284528683 84.864269415376 12848438 2.23163341818 1.736612202461 2.827721636737 0 
1464 584 -0.386955197751 3.079369381379 3.103586652897 47.150123679328 13127850 -15 -15 21.213203435596 174.987846854359 13112120 1.280932372287 1.527213515971 1.993280929958 0 
1480 584 0.058828485367 1.979647929994 1.980521829574 17.676472871587 12996954 -2 -15 15.132745950422 168.216033351501 12982498 0.498685982681 1.417784790235 1.502930943438 0 
1496 584 0.028944782293 1.61506641201 1.615325761456 2.71836976124 12299034 0 -15 15 176.254900729803 12290770 0.104521381306 1.596780847769 1.600198048665 0 
1512 584 0.254347385784 2.15818540928 2.173121453919 3.991164407068 11886690 -16 -14 21.260291625469 133.916203312977 11871307 0.098438568163 2.064201688574 2.06654754671 0 
1528 584 0.066814135613 2.778225533512 2.779028831044 0.213632796839 11667533 3 -14 14.317821063276 166.313957316233 11634556 0.070939178611 2.553577064994 2.554562231366 0 
1544 584 -0.08076622098 3.447444230451 3.448390190295 1.753769456172 11455540 -11 -13 17.029386365926 140.175339477596 11405216 0.02202321265 3.064906977028 3.064986101066 0 
1560 584 -0.059497407702 3.287342954745 3.287881330528 2.980136849916 11409167 -0.059497407702 3.287342954745 3.287881330528 2.980136849916 11409167 -0.232458235422 3.310179775902 3.318331957476 0 
1576 584 -0.020605336095 3.021559461371 3.021629718956 11.497953414144 11137993 -0.020605336095 3.021559461371 3.021629718956 11.497953414144 11137993 -0.692505165607 3.289395461618 3.361500543999 0 
1592 584 -1.088715506729 3.195275463315 3.375660933959 1.574671930319 10575070 -1 -13 13.038404810405 158.360621776104 10476210 -1.017150098589 3.277642594534 3.431841386277 0 
1608 584 -1.346998067968 3.060997090304 3.344264789451 3.529550469335 10070437 -1.346998067968 3.060997090304 3.344264789451 3.529550469335 10070437 -1.20639303437 3.274921174652 3.490056282291 0 
1624 584 -1.327756779928 2.806449315357 3.10468932847 7.271494872194 10150797 14 18 22.803508501983 55.922747103749 9957648 -1.050432691594 3.223752713893 3.390573756741 0 
1640 584 -0.039879891643 2.747629694179 2.747919093076 9.13997878608 10273393 -4 18 18.439088914586 2.557279806011 10139260 -0.549269070263 3.124137212257 3.17205451286 0 
1656 584 -0.172980549382 2.707852233035 2.713371700747 1.590170418846 10354364 0 18 18 5.245320634706 10254986 -0.27675169029 3.014568890709 3.027245793607 0 
1672 584 0.160397747701 1.868686584645 1.875557780794 9.504956420122 10520314 0 -14 14 175.400972557956 10430116 -0.232880551677 2.895047749249 2.904399218733 0 
1688 584 -0.167847469845 1.853702178919 1.861285722629 1.504484214846 11074388 0.14158917892 -13.389282218823 13.390030837563 176.936492721614 10967847 -0.185854624034 2.898073245329 2.904026597083 0 
1704 584 -0.222638682382 2.662994314017 2.672284921071 2.209884924317 11273139 -16 18 24.083189157585 39.064345364509 11088004 -0.135673907362 3.02364537895 3.02668775839 0 
1720 584 -0.030227381945 2.831176848842 2.831338207286 0.637172765253 9897909 0 18 18 1.248874436189 9724194 -0.067805062548 3.110263550661 3.111002552406 0 
1736 584 0.12305468463 2.923052380653 2.925641412656 2.088536905321 9328889 8 -13 15.264337522474 148.070419825284 9290398 0.017751910408 3.157927760461 3.157977655179 0 
1752 584 0.11804142465 2.994605912929 2.996931489321 1.215509962341 9994017 -13 -13 18.38477631085 136.041807366887 9986082 0.055493991131 3.051640027799 3.052144564452 0 
1768 584 0.091519028945 2.981136987697 2.982541445156 0.826167443481 10197365 0.134746107329 -12.832654398658 12.833361813213 178.46617731549 10192321 0.045421179621 2.791400352674 2.791769870972 0 
1784 584 0.204950779575 2.614990234111 2.62300948274 2.620128669864 10001009 14.126421089758 -12.942960453886 19.159227492674 130.635362410018 9989099 0.080270913632 2.470100584075 2.471404522741 0 
1800 584 0.119899022282 2.186107318976 2.189392834925 1.244345038621 10267147 0 -14 14 175.616361617104 10222705 0.160043193166 2.087740722001 2.093866076419 0 
1816 584 0.004717909795 1.252401691154 1.252410577518 4.734730422234 11066838 -0.083794257179 -14.001434661495 14.00168540061 175.392325675594 11023430 0.142505006894 1.645186374925 1.651346688382 0 
1832 584 -0.001280329694 1.287822646515 1.287823282955 1.443719145546 11121879 0.188670396793 -13.566511827686 13.567823690237 177.816478336762 11093673 0.027656354818 1.142437542848 1.142772249081 0 
1848 584 -0.077120208618 1.935574369923 1.937110133183 16.7865207655 10628002 15 -12 19.209372712299 147.727991009734 10600417 -0.255845994077 0.740168198864 0.783138643724 0 
1864 584 -0.156969844491 2.126658899617 2.13244404555 54.013797222302 10232859 -0.156969844491 2.126658899617 2.13244404555 54.013797222302 10232859 -0.708002039789 0.438378342973 0.832731925611 0 
1880 584 -2.774890380392 1.378734658131 3.098536086723 14.595170926581 10202162 -2.774890380392 1.378734658131 3.098536086723 14.595170926581 10202162 -1.303753030308 0.272981331861 1.332025064172 0 
1896 584 -2.067877374368 0.467250695933 2.120009445326 5.922802213155 10329599 -2.067877374368 0.467250695933 2.120009445326 5.922802213155 10329599 -2.043098965636 0.243977165529 2.057614696847 0 
1912 584 -1.395490473537 1.282333840804 1.895197546696 34.959289652997 10425469 -11 15 18.601075237738 46.125156058209 10409187 -1.837377708934 0.245844187985 1.853751927862 0 
1928 584 -0.18961154995 1.257217073459 1.271435137815 59.338608263201 10504121 -12.59849491218 -12.862142492222 18.004354571671 67.678051551198 10498597 -0.686589260203 0.278582399229 0.740954091281 0 
1944 584 0.098682984041 0.286798653584 0.303301498574 28.223955544563 10887748 0.743341912192 -13.479942596678 13.500422571466 173.919931383213 10880448 -0.092339220968 0.56783315435 0.575292119629 0 
1960 584 -0.090138370405 1.173778759657 1.177234684522 1.582915387168 11348901 11 -15 18.601075237738 146.554561487129 11321428 -0.054627591229 1.113596453347 1.114935529361 0 
1976 584 0.00708248319 1.175572120224 1.175593454991 1.227453680297 11395903 15 -15 21.213203435596 135.882267299458 11324350 -0.025302579838 1.643058120027 1.643252934375 0 
1992 584 -0.093776823946 2.122332134808 2.124402923917 2.414044443303 11293532 -0.093776823946 2.122332134808 2.124402923917 2.414044443303 11293532 -0.004364186796 2.156218154389 2.156222570943 0 
2008 584 -0.064051020705 2.101373379936 2.102349308549 1.166073240048 10840880 -0.064051020705 2.101373379936 2.102349308549 1.166073240048 10840880 -0.12579710991 2.473072061615 2.476269439056 0 
2024 584 -0.08010780164 2.318037161566 2.319420949782 6.563562446954 10469823 -15 -14 20.518284528683 124.482237148693 10411901 -0.389601349181 2.593619841705 2.622718645713 0 
2040 584 -0.939001938342 3.399940509082 3.527225553535 4.874436222109 10443391 15 -13 19.849433241279 141.479134548893 10377665 -0.443589918981 2.378393211107 2.419406183934 0 
2056 584 -0.118334720081 5.174303748348 5.175656710616 7.638876306724 10150281 3 -15 15.297058540778 177.639052145968 10104146 -0.28776281931 1.82739216982 1.849910695817 0 
2072 584 -0.180433043038 3.188154170017 3.193255876815 6.551603116295 9172877 0 -15 15 170.209207385042 9161119 -0.226749354553 1.313997663625 1.333418587617 0 
2088 584 -0.259322766897 0.493661897341 0.557629237323 10.44578249681 7426817 0 -16 16 162.732639007162 7211219 -0.260549524709 0.838209692522 0.877770780707 0 
2104 584 -0.363364477772 0.833851954276 0.909583874833 6.293426358579 5549643.5 7 -16 17.464249196573 173.623139468469 5114080.5 -0.246644400106 0.794201573468 0.83161866225 0 
2120 584 -0.120342837843 1.327103677992 1.33254889995 3.715794654566 4164145.25 -0.120342837843 1.327103677992 1.33254889995 3.715794654566 4164145.25 -0.185033980743 1.181973306464 1.196368869213 0 
2136 584 -0.100603907585 1.086466578091 1.091114463075 0.598331091783 3778563.25 15 1 15.033296378373 90.877944578894 3623182.75 -0.114407660875 1.393944874645 1.39863198391 0 
2152 584 -0.033096836923 1.069332052887 1.069844119462 0.380233903742 5433926.5 -0.033096836923 1.069332052887 1.069844119462 0.380233903742 5433926.5 -0.034765440501 1.430116278011 1.430538781189 0 
2168 584 0.028902069203 1.097965358421 1.098345691436 1.539279392197 8242353.5 0.028902069203 1.097965358421 1.098345691436 1.539279392197 8242353.5 -0.000599952844 1.094259158053 1.094259322522 0 
2184 584 -0.04275693976 0.114127478539 0.121873857965 18.772290770551 11246942 0 -16 16 178.234233798943 10982678 -0.011911197904 0.386373514772 0.386557071533 0 
2200 584 -0.006132595277 -0.011240205267 0.012804332832 118.306230738894 13047108 6.28668340738 -3.766141290277 7.328451984079 154.001537298006 12686566 -0.014645081931 0.022485127605 0.02683392234 0 
2216 584 -0.000323136234 -0.008560652123 0.008566748613 104.259525638265 12114937 -0.000323136234 -0.008560652123 0.008566748613 104.259525638265 12114937 -0.008801604926 0.002593996553 0.009175895999 0 
2232 584 -0.001523282742 -0.004632504224 0.004876523936 16.749251619823 8993886 -0.001523282742 -0.004632504224 0.004876523936 16.749251619823 8993886 -0.005251673133 -0.007513722107 0.009167120082 0 
2248 584 0.000913106351 -0.0016468194 0.001883023458 56.016256667916 5110678 0.000913106351 -0.0016468194 0.001883023458 56.016256667916 5110678 -0.003995286552 -0.007838028375 0.008797556674 0 
2264 584 0.000391274619 -0.000465500837 0.000608101025 58.993023552809 1630528 0.000391274619 -0.000465500837 0.000608101025 58.993023552809 1630528 -0.002083997472 -0.006071485821 0.006419188853 0 
2280 584 0 0 0 0 88572 0 0 0 0 88572 0.000482194107 -0.002214094446 0.002265993242 0 
2296 584 0 0 0 0 0 0 0 0 0 0 0.000895236208 -0.000225457542 0.000923189564 0 
2312 584 0 0 0 0 0 0 0 0 0 0 -0.000844871169 -0.000105575111 0.000851441951 0 
2328 584 0 0 0 0 0 0 0 0 0 0 -0.001286193643 -0.000034225422 0.001286648929 0 
2344 584 0 0 0 0 0 0 0 0 0 0 -0.000428731214 -0.000011408474 0.000428882976 0 
2360 584 0 0 0 0 0 0 0 0 0 0 0 0 0 0 
2376 584 0 0 0 0 0 0 0 0 0 0 0 0 0 0 
2392 584 0 0 0 0 0 0 0 0 0 0 0 0 0 0 
2408 584 0 0 0 0 0 0 0 0 0 0 0 0 0 0 
2424 584 0 0 0 0 0 0 0 0 0 0 0 0 0 0 
2440 584 0 0 0 0 0 0 0 0 0 0 0 0 0 0 
2456 584 0 0 0 0 0 0 0 0 0 0 0 0 0 0 
2472 584 0 0 0 0 0 0 0 0 0 0 0 0 0 0 
2488 584 0 0 0 0 0 0 0 0 0 0 0 0 0 0 
2504 584 0 0 0 0 0 0 0 0 0 0 0 0 0 0 
2520 584 0 0 0 0 0 0 0 0 0 0 0 0 0 0 
2536 584 0 0 0 0 0 0 0 0 0 0 0 0 0 0 
24 600 0 0 0 0 0 0 0 0 0 0 0 0 0 0 
40 600 0 0 0 0 0 0 0 0 0 0 0 0 0 0 
56 600 0 0 0 0 0 0 0 0 0 0 0 0 0 0 
72 600 0 0 0 0 0 0 0 0 0 0 0 0 0 0 
88 600 0 0 0 0 0 0 0 0 0 0 0 0 0 0 
104 600 0 0 0 0 0 0 0 0 0 0 0 0 0 0 
120 600 0 0 0 0 0 0 0 0 0 0 0 0 0 0 
136 600 0 0 0 0 0 0 0 0 0 0 0 0 0 0 
152 600 0 0 0 0 0 0 0 0 0 0 0 0 0 0 
168 600 0 0 0 0 0 0 0 0 0 0 0 0 0 0 
184 600 0 0 0 0 0 0 0 0 0 0 0 0 0 0 
200 600 0 0 0 0 0 0 0 0 0 0 0 0 0 0 
216 600 0 0 0 0 0 0 0 0 0 0 0 0 0 0 
232 600 0 0 0 0 0 0 0 0 0 0 0 0 0 0 
248 600 0 0 0 0 0 0 0 0 0 0 0 0 0 0 
264 600 0 0 0 0 0 0 0 0 0 0 0 0 0 0 
280 600 0 0 0 0 0 0 0 0 0 0 0 0 0 0 
296 600 0 0 0 0 0 0 0 0 0 0 0 0 0 0 
312 600 0 0 0 0 0 0 0 0 0 0 0 0 0 0 
328 600 0 0 0 0 0 0 0 0 0 0 0 0 0 0 
344 600 0 0 0 0 0 0 0 0 0 0 0 0 0 0 
360 600 0 0 0 0 0 0 0 0 0 0 0 0 0 0 
376 600 0 0 0 0 0 0 0 0 0 0 0 0 0 0 
392 600 0 0 0 0 0 0 0 0 0 0 0 0 0 0 
408 600 0 0 0 0 0 0 0 0 0 0 0 0 0 0 
424 600 0 0 0 0 0 0 0 0 0 0 0 0 0 0 
440 600 0 0 0 0 0 0 0 0 0 0 0 0 0 0 
456 600 0 0 0 0 0 0 0 0 0 0 0 0 0 0 
472 600 0 0 0 0 0 0 0 0 0 0 0.000517542081 -0.001654050067 0.001733127644 0 
488 600 0 0 0 0 0 0 0 0 0 0 0.001552626243 -0.004962150201 0.005199382932 0 
504 600 0 0 0 0 0 0 0 0 0 0 0.002051443876 -0.004734793637 0.005160105886 0 
520 600 -0.000155620846 0.002136193695 0.002141854652 119.929179600635 4684779 -0.000155620846 0.002136193695 0.002141854652 119.929179600635 4684779 0.00201399498 -0.000971980373 0.00223627405 0 
536 600 0.00015713598 0.002479915387 0.002484888739 130.783450260043 10314499 0.00015713598 0.002479915387 0.002484888739 130.783450260043 10314499 -0.005066385779 -0.003839723434 0.006357022959 0 
552 600 -0.140123305466 0.063713119253 0.153928237499 59.252652802468 11174698 12 -16 20 92.068216632104 11102352 -0.019189698401 -0.013338022819 0.023369796265 0 
568 600 -0.30688848179 0.046719147169 0.31042425641 77.936368438368 10941922 1 -16 16.031219541881 24.295924700555 10851234 -0.034180027295 -0.090361367062 0.096609786891 0 
584 600 -0.148365432466 -0.063290538026 0.161300941579 54.87293023574 10609414 -0.148365432466 -0.063290538026 0.161300941579 54.87293023574 10609414 -0.050037372458 -0.234909756162 0.24017979137 0 
600 600 -0.187750765383 -0.085451727732 0.20628220397 57.48962906449 10267124 -0.187750765383 -0.085451727732 0.20628220397 57.48962906449 10267124 -0.037908182028 -0.26842246801 0.271086059393 0 
616 600 -0.22574406779 0.243004281705 0.331679762828 137.771321352316 10330915 -8 -16 17.888543819998 27.227584682725 10298583 0.002207543998 -0.190899502607 0.190912266097 0 
632 600 -0.017412723885 0.296669060481 0.297179633218 176.236083413106 10790402 0 -16 16 7.122987080353 10771342 0.014837413839 -0.118733478084 0.11965695829 0 
648 600 0.130155795247 0.143541066493 0.193764209302 137.820339529233 10999747 -14 15 20.518284528683 136.954440252602 10967148 -0.000018572503 -0.05192439444 0.051924397762 0 
664 600 0.069753029783 -0.050521996848 0.086127564284 46.803137920779 10766101 0 15 15 172.71888605244 10719114 0.002416329558 -0.018911861949 0.019065601772 0 
680 600 -0.006137640148 -0.164122540507 0.164237264131 50.487910098282 10243656 0 15 15 131.653764524408 10196102 0.022142120024 -0.01969588061 0.029634459539 0 
696 600 0.029187610851 0.044317359683 0.053065478387 64.60334199736 9695843 0.029187610851 0.044317359683 0.053065478387 64.60334199736 9695843 0.032390601735 -0.004536304054 0.032706713917 0 
712 600 0.017046470913 0.222258552796 0.222911297295 46.914957290577 9156314 0.017046470913 0.222258552796 0.222911297295 46.914957290577 9156314 0.033161774692 0.02656686772 0.042491196279 0 
728 600 -0.051396982001 -0.12065481307 0.13114584887 37.806757269239 8572303 -0.051396982001 -0.12065481307 0.13114584887 37.806757269239 8572303 0.03654535211 -0.1389710726 0.143695935156 0 
744 600 0.088400996413 -0.438656977042 0.447475898429 6.54194674722 7973194.5 0.088400996413 -0.438656977042 0.447475898429 6.54194674722 7973194.5 0.042541333989 -0.501150125013 0.502952495667 0 
760 600 -0.046977466522 -0.450507060301 0.452949769557 0.280448556275 7483791 -0.046977466522 -0.450507060301 0.452949769557 0.280448556275 7483791 -0.082889718888 -0.758872865232 0.763386357674 0 
776 600 -0.420664472818 -0.467579335536 0.628958689988 21.547552583034 7238718.5 -0.420664472818 -0.467579335536 0.628958689988 21.547552583034 7238718.5 -0.33974780652 -0.912139293258 0.973358444942 0 
792 600 -0.057179720775 -0.557372109537 0.560297411165 20.022124326884 7605276.5 -0.057179720775 -0.557372109537 0.560297411165 20.022124326884 7605276.5 -0.396843361434 -0.818011526459 0.909190580096 0 
808 600 -0.219574707738 -0.086695503439 0.236070249279 40.377182773953 7946854.5 12 -16 20 64.946935638162 7853899.5 -0.254176383631 -0.476489564837 0.540044386504 0 
824 600 -3.234853262686 1.879234808215 3.741095975181 72.193240721143 7782775.5 -12 -16 20 11.090603114286 7725692.5 -0.194334448343 -0.175222261763 0.261665280139 0 
840 600 -0.123356232696 0.045157084478 0.131361799712 1.436413307605 8048563.5 -0.123356232696 0.045157084478 0.131361799712 1.436413307605 8048563.5 -0.21731755557 0.085790382763 0.233638416647 0 
856 600 -0.209702104713 -0.022736567192 0.210931088768 52.731930873599 8549347 -0.209702104713 -0.022736567192 0.210931088768 52.731930873599 8549347 -0.199475532663 0.210526266668 0.290020339094 0 
872 600 0.005019586327 0.038826015871 0.039149147568 42.651008835757 8906994 0.005019586327 0.038826015871 0.039149147568 42.651008835757 8906994 -0.140808379622 0.198985389953 0.243766661352 0 
888 600 0.093108297043 0.132076541833 0.16159631147 57.95649821128 9513486 0.093108297043 0.132076541833 0.16159631147 57.95649821128 9513486 -0.116162283748 0.276686454656 0.300081772782 0 
904 600 -0.037227620668 0.144822458359 0.149530733248 1.384173525903 10196880 -0.037227620668 0.144822458359 0.149530733248 1.384173525903 10196880 -0.125537245041 0.443629460777 0.46104956172 0 
920 600 -0.081491164612 0.223765367104 0.238142288191 5.335133659254 10852704 -0.081491164612 0.223765367104 0.238142288191 5.335133659254 10852704 -0.132387984265 0.505511936933 0.522559945613 0 
936 600 -0.068466090631 1.520535043288 1.522075695697 13.895066948497 11375373 -8 -16 17.888543819998 136.9617301141 11354979 -0.136714501421 0.462333883122 0.482123920151 0 
952 600 -0.155798650895 1.812883630351 1.819565958358 14.315479186123 11576476 12 -16 20 162.357494072858 11560941 -0.199909773221 0.573180211728 0.607041573985 0 
968 600 -0.169958035874 1.187938111971 1.200034454435 12.874414584919 11901548 -0.169958035874 1.187938111971 1.200034454435 12.874414584919 11901548 -0.321973799667 0.838050922751 0.89777306531 0 
984 600 -0.230859360096 1.047558212077 1.072694854949 3.792193551257 12155965 -0.230859360096 1.047558212077 1.072694854949 3.792193551257 12155965 -0.311956846128 1.072344347591 1.116798761486 0 
1000 600 -0.05777699678 1.152658194434 1.154105322123 4.712631277995 12141626 -0.05777699678 1.152658194434 1.154105322123 4.712631277995 12141626 -0.169858912604 1.276060486247 1.28731597316 0 
1016 600 -0.080150690624 1.565426375568 1.56747691228 2.363733336188 12321197 -0.080150690624 1.565426375568 1.56747691228 2.363733336188 12321197 -0.132691096092 1.431793169648 1.437928582243 0 
1032 600 -0.430263168107 1.897760615081 1.945924393696 5.355869051391 12662238 -0.430263168107 1.897760615081 1.945924393696 5.355869051391 12662238 -0.200453396592 1.539542397792 1.552537393689 0 
1048 600 -0.186467434417 1.761365895834 1.771208605191 4.652944976017 12723924 -0.186467434417 1.761365895834 1.771208605191 4.652944976017 12723924 -0.314234851445 1.663666780316 1.693083192814 0 
1064 600 -0.053156412524 1.342353731224 1.343405800168 12.4537350861 12663538 -8.03917106263 -12.358355030054 14.743039388915 132.234369661786 12649724 -0.47403546065 1.804166317221 1.865402293916 0 
1080 600 -0.479360694243 1.405050814464 1.484572149277 3.121910056637 12604188 10 -15 18.02775637732 162.026105916302 12593507 -0.530352737601 1.88474750326 1.957944630812 0 
1096 600 -0.711125942288 1.416340396423 1.584840756774 12.431134258075 12596766 -16 -14 21.260291625469 116.956432208583 12589352 -0.483186682297 1.905410338435 1.965720714589 0 
1112 600 -1.13599117015 1.406117245753 1.807661928421 25.264955720899 12600010 -0.115101758073 -13.882905353743 13.883382494036 165.855458570328 12591937 -0.444965218605 1.829550101755 1.882882795237 0 
1128 600 -0.297120933854 1.384190708749 1.415720582432 1.966797094722 12492890 0.020689269292 -14.030240967964 14.030256222357 166.002807003062 12483973 -0.415688346525 1.657166793221 1.708507706155 0 
1144 600 -0.093292206301 1.273332408658 1.276745416555 10.079331366537 12093035 -0.086902193218 -14.314204291932 14.314468083109 165.382471626933 12086965 -0.355553184578 1.397980426416 1.442486512834 0 
1160 600 0.006393361038 1.114457477796 1.114475816194 14.444971046336 11482249 0 -15 15 165.88371676212 11476371 -0.264559732767 1.051991001341 1.084747398754 0 
1176 600 -0.075648659251 0.487121930395 0.492960946443 3.072529781113 11223934 -0.075648659251 0.487121930395 0.492960946443 3.072529781113 11223934 -0.17218808602 0.817098844618 0.835044465189 0 
1192 600 -0.004412937351 0.772177109935 0.772189719644 6.127380727773 11255419 -0.004412937351 0.772177109935 0.772189719644 6.127380727773 11255419 -0.078438244339 0.693303956246 0.697726976633 0 
1208 600 0.58852745008 0.41534676679 0.720331518248 55.862287307823 11230655 0.58852745008 0.41534676679 0.720331518248 55.862287307823 11230655 -0.013155856022 0.701497093748 0.701620445172 0 
1224 600 0.151510679912 0.143712176528 0.208826903941 44.903026766764 11938150 0.151510679912 0.143712176528 0.208826903941 44.903026766764 11938150 0.023659078932 0.841678257123 0.842010712835 0 
1240 600 0.090812684612 0.08498544302 0.124376320945 44.617586347442 13176428 0 15 15 2.280921632406 13164071 0.038952663601 0.977957360894 0.978732808139 0 
1256 600 -0.073919819338 1.340129120647 1.342166234003 4.845353534417 13529323 -11 -15 18.601075237738 145.434352687711 13526755 0.032724897986 1.110334405061 1.110816551015 0 
1272 600 -0.369585088592 1.301597883102 1.353052174532 14.107796304339 13522197 -15 -15 21.213203435596 133.256048760639 13518865 -0.040093217019 1.316815871491 1.317426091081 0 
1288 600 -0.297494124044 1.17782260781 1.214812269163 7.763782681675 13629945 -0.297494124044 1.17782260781 1.214812269163 7.763782681675 13629945 -0.179501681414 1.597401760185 1.607455516359 0 
1304 600 -0.077140815548 2.094867746882 2.096287571482 3.167529461881 13122430 -0.077140815548 2.094867746882 2.096287571482 3.167529461881 13122430 -0.187293227899 2.028033811966 2.036663913289 0 
1320 600 -0.161936946714 2.183644084481 2.189640395682 2.847551231289 12759919 -2.348485927263 -13.457033400266 13.660422178192 168.706903172176 12757466 -0.063467856472 2.608712026834 2.609483973462 0 
1336 600 0.106628962892 2.222356257372 2.224912823103 3.21225318463 13313496 0 -14 14 179.534699678132 13310548 -0.023476633817 2.890783438212 2.890878765873 0 
1352 600 0.031565334568 2.541439338745 2.541635355999 2.053306782138 13954170 0 -14 14 178.658285044111 13950821 -0.067319559934 2.874248046098 2.875036304753 0 
1368 600 0.106148902933 2.377539290464 2.379907701423 4.179500093749 14367112 15 -13 19.849433241279 132.537522645187 14363625 -0.07921250827 2.795402633587 2.796524719242 0 
1384 600 -0.319624813052 2.456285421204 2.4769937609 6.137224857849 14430017 -0.022643167853 -13.187812174107 13.18783161299 178.624879038094 14425088 -0.059155478825 2.654247200677 2.654906320942 0 
1400 600 0.029436872057 2.831626495293 2.831779500294 1.489956404472 13908222 0.040900970458 -12.858499819901 12.85856486968 179.287903272062 13902478 -0.03899912691 2.498256028326 2.498560408508 0 
1416 600 0.083435633868 2.087507764481 2.089174519222 2.750247025213 13478076 -16 17 23.345235059858 42.80288608179 13457123 -0.018743452526 2.327429116533 2.327504588502 0 
1432 600 0.027520205667 1.921997118308 1.922194132887 5.341399129772 13517870 0 17 17 6.161735370623 13481354 0.224711122704 2.08144702766 2.093541692354 0 
1448 600 -0.069437645429 1.26240720868 1.264315446054 24.590834583666 13598946 8.727727199284 -14.236744004666 16.699044940341 127.047437570082 13575223 0.69136459878 1.760309761709 1.891210053276 0 
1464 600 0.327109144726 1.181586075161 1.226028566379 10.35731287522 13358424 13.609705071925 -14.366655668513 19.789514072923 110.718383431896 13322629 0.74191379039 1.532573017068 1.702708467417 0 
1480 600 0.497436369255 0.968299116693 1.088598236654 12.125492131557 13028530 -16 -15 21.931712199461 148.217451755906 12992526 0.376358697535 1.398236793736 1.448002762624 0 
1496 600 0.203327689815 1.005563871431 1.025914640198 4.418195398299 12720955 -15 16 21.931712199461 50.165424415272 12699887 0.183788661903 1.494028549428 1.505290529682 0 
1512 600 0.352649144386 1.020932742867 1.08012271733 13.900347481656 12397912 -10.166003549834 -14.336009928418 17.574663832999 149.814161532689 12385913 0.164203683494 1.819948284145 1.827340856719 0 
1528 600 0.172478331844 2.017751001083 2.025109349474 0.602816069809 12270994 -9.669871159944 -12.151867291835 15.529787085736 145.771892038005 12257634 0.160093205879 2.137665315738 2.143651752659 0 
1544 600 -0.13208096011 2.039747039974 2.044018925329 7.712711538404 12315974 7.814973597052 -11.232169967135 13.683400691832 141.163300016896 12276790 0.171457229059 2.447179644207 2.45317871188 0 
1560 600 0.01556525609 2.054251540945 2.054310509799 0.094384197659 12513828 12.630356499758 -12.849184497255 18.017420668772 134.96355449665 12470034 0.023569574302 2.555098916048 2.555207622801 0 
1576 600 -0.042584791142 2.092774405078 2.093207628255 5.406101562079 12350911 7 -14 15.652475842499 160.00677188939 12305433 -0.283569758392 2.461423131259 2.477703702821 0 
1592 600 -0.094786377659 2.116329762118 2.118451349316 9.989278380494 12122003 14 -14 19.798989873223 147.553733348827 12034721 -0.529783071622 2.379135820565 2.437407917373 0 
1608 600 -0.43159924211 2.090714163598 2.134798262051 5.548417810224 12212563 11 -14 17.804493814765 159.055268667802 12024608 -0.715070365389 2.308236983964 2.416460966289 0 
1624 600 -0.361902477948 2.034740485515 2.066674199514 5.924789505287 12508732 12 -14 18.439088914586 155.408755934665 12329038 -0.622890228398 2.170839109798 2.258436334561 0 
1640 600 0.755981176103 1.080334963028 1.318571640436 42.319441856766 12307697 -15 -15 21.213203435596 127.663561435453 12198503 -0.25324266065 1.966942198067 1.983177615775 0 
1656 600 0.092926325203 1.050141871127 1.054245346876 7.084026087867 12378056 13 16 20.615528128088 41.120992859904 12262658 -0.063912785144 1.805704416703 1.806835157009 0 
1672 600 0.14325162471 1.012811846089 1.022892400773 9.914286386691 12907709 8 -15 17 153.791311991237 12765696 -0.054900601882 1.687125765704 1.688018787037 0 
1688 600 -0.004737594376 1.028309391018 1.028320304407 1.934127939559 13281504 15 -15 21.213203435596 137.198097368027 13148599 -0.064885089752 1.690470038772 1.691714818419 0 
1704 600 0 1.083221960996 1.083221960996 2.959324994985 13598740 0 -15 15 177.040675005015 13480118 -0.093866248755 1.815737235907 1.818161869173 0 
1720 600 -0.036660399909 1.181131068384 1.181699871213 0.582240366042 12585518 0 -15 15 177.639961967949 12414558 -0.080630469036 1.956397521999 1.958058358839 0 
1736 600 0.010306709506 2.075675280888 2.075700869574 0.967359406449 11689461 1 -14 14.035668847618 176.597244320058 11477004 -0.025177750594 2.112450897049 2.112600935237 0 
1752 600 0.160106863137 2.023052963484 2.029378599642 4.142143535921 11997285 0.160106863137 2.023052963484 2.029378599642 4.142143535921 11997285 0.014336639746 2.145350080352 2.145397983243 0 
1768 600 0.254937011026 2.077505567329 2.093089167205 5.939081390922 11978766 0.254937011026 2.077505567329 2.093089167205 5.939081390922 11978766 0.037912701984 2.055095071909 2.055444751764 0 
1784 600 0.079171615276 1.698767510053 1.700611418836 0.549115345545 11538100 0.079171615276 1.698767510053 1.700611418836 0.549115345545 11538100 0.1099222549 1.955403996102 1.958491176925 0 
1800 600 0.177493843958 1.867491469252 1.875907367748 1.682893241952 11115529 0.177493843958 1.867491469252 1.875907367748 1.682893241952 11115529 0.230365298494 1.84627685293 1.86059302063 0 
1816 600 0.3045267755 1.923096110108 1.947058089968 1.493484120137 10888174 10 -15 18.02775637732 138.805210620844 10799056 0.218761902854 1.660604089096 1.674951554781 0 
1832 600 -0.067762478075 2.289041961094 2.29004472731 4.770228214561 11185243 0 -15 15 176.925402769013 11113228 0.07511206798 1.3983857046 1.400401514418 0 
1848 600 -0.14256793576 2.257402861162 2.261900372229 6.659048571406 11617323 0 -15 15 169.727193957286 11506088 -0.20885196345 1.152346818797 1.171120119129 0 
1864 600 -0.115092418952 2.193391641096 2.196409150439 31.459262343361 11513667 6 -16 17.088007490635 166.093093260438 11417730 -0.633130191436 0.922487431688 1.118855174243 0 
1880 600 -0.090642397451 2.541337338824 2.542953305493 38.559958063479 11022375 -16 -15 21.931712199461 92.549717329788 10973821 -0.683913999936 0.797860837572 1.050866440343 0 
1896 600 0.0464430599 3.074435925969 3.074786695155 25.756434152047 10617304 -8 -16 17.888543819998 128.543970644349 10592595 -0.361203388949 0.778467036448 0.858183439029 0 
1912 600 0.235962903288 3.08232269024 3.091341401155 14.10490495468 10542460 -16 -14 21.260291625469 121.4586801225 10524241 -0.139960911271 0.816467186714 0.828376559099 0 
1928 600 0.070056858615 3.245733393475 3.246489369297 2.504689966781 10826155 -0.305462755478 -11.849235080588 11.85317170592 177.255099654672 10816710 -0.020186566902 0.911861288371 0.912084703694 0 
1944 600 0.390396289676 3.780175318832 3.800280871739 3.000153386018 11295386 0.346541742375 -10.933911083819 10.939401389841 175.28851790439 11289933 0.064916567548 1.283180606532 1.284821633427 0 
1960 600 -0.041218722415 3.303352423622 3.303609574046 4.134413711402 11734439 15 6 16.155494421404 64.779067607842 11729828 0.115348492081 1.930425141197 1.933868273795 0 
1976 600 0.095628197963 3.916337154054 3.917504493484 1.835215735056 12151470 8 -14 16.124515496597 147.02114607051 12113559 0.141410989689 2.502694904578 2.506686827948 0 
1992 600 0.106074141287 4.4029396722 4.404217238112 1.350941585896 12091769 10 -14 17.204650534085 141.731296940979 11972971 0.143104060373 2.999989896675 3.003401097463 0 
2008 600 0.094612457472 3.862176020501 3.863334716335 0.217986293614 11275077 0.094612457472 3.862176020501 3.863334716335 0.217986293614 11275077 0.067309601429 3.25313876587 3.253835031536 0 
2024 600 0.070706209228 3.129681355794 3.130479956305 2.803871354266 10159213 0.070706209228 3.129681355794 3.130479956305 2.803871354266 10159213 -0.085972387142 3.262141512164 3.263274198828 0 
2040 600 -0.152738989893 2.28680289386 2.291898050612 0.965813134415 9381072 0 17 17 2.855382276599 9225829 -0.144978880186 2.906721119321 2.910334438034 0 
2056 600 0.155845650076 2.107400323838 2.11315498522 7.101386759082 9264990 1 17 17.029386365926 6.238430983894 9157650 -0.109709877702 2.186877587339 2.189627785554 0 
2072 600 0.076276487307 1.144521228956 1.147060131836 8.591617942458 9193763 5 16 16.76305461424 22.132810140763 9150339 -0.12332847624 1.475230111458 1.480376234207 0 
2088 600 -0.100868403671 0.266620865831 0.285063363054 7.184317972151 8767891 -7.742677072049 -7.963386241441 11.106960370525 122.266705235514 8767378 -0.185834675799 0.771778691678 0.793836806691 0 
2104 600 -0.236933107179 0.048583565972 0.241862895376 47.513227881755 7818002.5 0.129626503769 -15.122927899708 15.123483437695 149.592303650629 7793013.5 -0.40528937206 0.67722148036 0.789232797447 0 
2120 600 -0.109115111111 1.191772353619 1.196757055682 28.034644724136 6186636 5 -15 15.811388300842 165.169058708916 5992783.5 -0.781692565022 1.191558477504 1.425080654392 0 
2136 600 -2.910953165346 1.142042295678 3.126964812075 39.019865731071 4519003 -16 16 22.62741699797 15.441228503137 4260544 -0.836084272493 1.474243499174 1.694824712342 0 
2152 600 -2.982888891657 0.999467285287 3.145880003167 51.035480904921 4515805.5 15 -9 17.492855684536 141.403980735929 4281732 -0.568464494472 1.525276545369 1.627765468772 0 
2168 600 -0.108666005376 1.431163316856 1.435282808452 10.836652705166 6213059.5 15 -12 19.209372712299 143.838509044181 5896827.5 -0.335821706484 1.237847725987 1.282592379237 0 
2184 600 -0.07859675591 0.328056697124 0.337340549841 0.751264821616 8128616.5 -0.07859675591 0.328056697124 0.337340549841 0.751264821616 8128616.5 -0.138155908529 0.611957041028 0.627358330722 0 
2200 600 -0.076757774014 0.112237105526 0.135973981807 24.542604410677 10120926 -0.076757774014 0.112237105526 0.135973981807 24.542604410677 10120926 -0.04341617743 0.250695190346 0.254426891121 0 
2216 600 -0.104729448057 0.257300874225 0.277798483019 3.629780862221 12336226 -0.104729448057 0.257300874225 0.277798483019 3.629780862221 12336226 -0.051602513188 0.15406217394 0.162474529716 0 
2232 600 -0.018867045532 0.028238209862 0.033961182301 4.448094532768 13599441 11.039710578849 -4.318148597815 11.854181413221 140.663128822834 13171145 -0.044166034239 0.078701885053 0.090247577759 0 
2248 600 -0.000209475522 -0.001477008143 0.00149178854 131.314872278768 12060545 -16 8 17.888543819998 22.821916376352 9898289 -0.021106740584 0.024614323685 0.032424673145 0 
2264 600 0.001884639012 -0.003741634927 0.004189474446 101.67162430468 8840558 0.001884639012 -0.003741634927 0.004189474446 101.67162430468 8840558 -0.00680429673 -0.001831162923 0.007046389972 0 
2280 600 0.002597647173 -0.00110159785 0.002821575563 130.264450952137 5253846.5 0.002597647173 -0.00110159785 0.002821575563 130.264450952137 5253846.5 -0.001258702678 -0.000634574772 0.001409616108 0 
2296 600 -0.000831276533 0.001194818952 0.001455545602 119.67026280677 1657163.875 -0.000831276533 0.001194818952 0.001455545602 119.67026280677 1657163.875 0.000881821189 0.000079590945 0.000885405742 0 
2312 600 0 0 0 0 59538 0 0 0 0 59538 -0.000382725131 0.000311334229 0.000493363485 0 
2328 600 0 0 0 0 0 0 0 0 0 0 -0.000598452989 0.000379464128 0.000708617671 0 
2344 600 0 0 0 0 0 0 0 0 0 0 0.000234637616 0.000283980643 0.00036837456 0 
2360 600 0 0 0 0 0 0 0 0 0 0 0.000566618361 0.000172991189 0.000592437608 0 
2376 600 0 0 0 0 0 0 0 0 0 0 0.000397489249 0.000046495766 0.000400199399 0 
2392 600 0 0 0 0 0 0 0 0 0 0 0.00023469352 -0.000012563959 0.000235029575 0 
2408 600 0 0 0 0 0 0 0 0 0 0 0.000078231173 -0.000004187986 0.000078343192 0 
2424 600 0 0 0 0 0 0 0 0 0 0 0 0 0 0 
2440 600 0 0 0 0 0 0 0 0 0 0 0 0 0 0 
2456 600 0 0 0 0 0 0 0 0 0 0 0 0 0 0 
2472 600 0 0 0 0 0 0 0 0 0 0 0 0 0 0 
2488 600 0 0 0 0 0 0 0 0 0 0 0 0 0 0 
2504 600 0 0 0 0 0 0 0 0 0 0 0 0 0 0 
2520 600 0 0 0 0 0 0 0 0 0 0 0 0 0 0 
2536 600 0 0 0 0 0 0 0 0 0 0 0 0 0 0 
24 616 0 0 0 0 0 0 0 0 0 0 0 0 0 0 
40 616 0 0 0 0 0 0 0 0 0 0 0 0 0 0 
56 616 0 0 0 0 0 0 0 0 0 0 0 0 0 0 
72 616 0 0 0 0 0 0 0 0 0 0 0 0 0 0 
88 616 0 0 0 0 0 0 0 0 0 0 0 0 0 0 
104 616 0 0 0 0 0 0 0 0 0 0 0 0 0 0 
120 616 0 0 0 0 0 0 0 0 0 0 0 0 0 0 
136 616 0 0 0 0 0 0 0 0 0 0 0 0 0 0 
152 616 0 0 0 0 0 0 0 0 0 0 0 0 0 0 
168 616 0 0 0 0 0 0 0 0 0 0 0 0 0 0 
184 616 0 0 0 0 0 0 0 0 0 0 0 0 0 0 
200 616 0 0 0 0 0 0 0 0 0 0 0 0 0 0 
216 616 0 0 0 0 0 0 0 0 0 0 0 0 0 0 
232 616 0 0 0 0 0 0 0 0 0 0 0 0 0 0 
248 616 0 0 0 0 0 0 0 0 0 0 0 0 0 0 
264 616 0 0 0 0 0 0 0 0 0 0 0 0 0 0 
280 616 0 0 0 0 0 0 0 0 0 0 0 0 0 0 
296 616 0 0 0 0 0 0 0 0 0 0 0 0 0 0 
312 616 0 0 0 0 0 0 0 0 0 0 0 0 0 0 
328 616 0 0 0 0 0 0 0 0 0 0 0 0 0 0 
344 616 0 0 0 0 0 0 0 0 0 0 0 0 0 0 
360 616 0 0 0 0 0 0 0 0 0 0 0 0 0 0 
376 616 0 0 0 0 0 0 0 0 0 0 0 0 0 0 
392 616 0 0 0 0 0 0 0 0 0 0 0 0 0 0 
408 616 0 0 0 0 0 0 0 0 0 0 0 0 0 0 
424 616 0 0 0 0 0 0 0 0 0 0 0 0 0 0 
440 616 0 0 0 0 0 0 0 0 0 0 0 0 0 0 
456 616 0 0 0 0 0 0 0 0 0 0 0 0 0 0 
472 616 0 0 0 0 0 0 0 0 0 0 0.000278160668 0.000383582604 0.000473823777 0 
488 616 0 0 0 0 0 0 0 0 0 0 0.000834482005 0.001150747811 0.00142147133 0 
504 616 0 0 0 0 0 0 0 0 0 0 0.000764214927 0.000817399169 0.00111900217 0 
520 616 0.006247378566 -0.001789343797 0.006498576011 67.781655470614 4193256.5 0.006247378566 -0.001789343797 0.006498576011 67.781655470614 4193256.5 0.000067359433 -0.000616463321 0.000620132502 0 
536 616 -0.004009853023 -0.021419580795 0.021791681044 43.707782469528 8860436 15 -2 15.132745950422 136.716466324173 8435865 -0.023265102844 -0.016710832845 0.028644666951 0 
552 616 -0.4369284205 -1.105052799987 1.188296316328 33.992357965942 9191717 -0.4369284205 -1.105052799987 1.188296316328 33.992357965942 9191717 -0.069233171902 -0.047465709403 0.083941799247 0 
568 616 -4.83322130219 -0.235568130828 4.838958617327 46.560177300571 9017284 -4.83322130219 -0.235568130828 4.838958617327 46.560177300571 9017284 -0.094703533367 -0.110299624261 0.145378011902 0 
584 616 -0.263619932269 0.042827938187 0.267076208185 73.320856636393 8990764 -0.263619932269 0.042827938187 0.267076208185 73.320856636393 8990764 -0.099676187239 -0.20521257742 0.228139308831 0 
600 616 0.313987555963 -0.548890405719 0.632351850468 48.133234736255 8877595 -1 15 15.033296378373 157.823996390116 8842761 -0.077362407347 -0.233076944256 0.24558054486 0 
616 616 -0.099238233433 -0.914769696077 0.920136850602 1.956928717652 9083602 0 15 15 171.851586682407 9029158 -0.02776219369 -0.193892724768 0.195870181795 0 
632 616 0.015089503991 -0.225197341926 0.225702317093 12.719449440476 9434822 0.015089503991 -0.225197341926 0.225702317093 12.719449440476 9434822 -0.021451419672 -0.137204664488 0.138871463459 0 
648 616 -0.254824650173 0.144544525801 0.29296539433 76.724311618196 9472034 -0.254824650173 0.144544525801 0.29296539433 76.724311618196 9472034 -0.058430085295 -0.063012763413 0.085934179583 0 
664 616 -0.035775253304 0.136469276243 0.14108058728 76.549496809017 9544122 -0.035775253304 0.136469276243 0.14108058728 76.549496809017 9544122 -0.060984959438 -0.001318953491 0.060999220618 0 
680 616 -0.265318857216 -0.001176830744 0.26532146714 58.948445803766 9298403 -0.302532251658 -10.043071213433 10.047626842263 146.968883628356 9294438 -0.029116042102 0.04787676528 0.056035065463 0 
696 616 -0.073523574229 0.134238922612 0.153054906199 25.901882362166 8686278 0 -16 16 177.192060908447 8675898 -0.003444889478 0.070236418302 0.070320848398 0 
712 616 0.033479696973 0.140399700084 0.144336294441 0.286035141783 8064659.5 0 -16 16 166.301696609489 8048990.5 0.016028498435 0.065760005574 0.06768523543 0 
728 616 -0.052738052805 0.078250077711 0.094363005863 158.28719758912 7433708.5 0 -16 16 12.265909160291 7420757.5 0.023118838038 -0.106336503366 0.108820644274 0 
744 616 0.053193905937 -0.115414847817 0.127083353455 22.456090837963 6637923.5 0 -16 16 2.288558753394 6628492.5 0.01782612933 -0.446053108517 0.446409169378 0 
760 616 -0.04962282425 -0.59746879397 0.599525966456 2.109233554986 5902577 8 -16 17.888543819998 33.422093816347 5878115.5 -0.081942584712 -0.681420262676 0.686329484705 0 
776 616 -0.857909902575 -1.27976004754 1.540712556 15.061223232763 5516993 -0.857909902575 -1.27976004754 1.540712556 15.061223232763 5516993 -0.276187304087 -0.812437965843 0.858099571892 0 
792 616 -0.012898728165 -1.068602202027 1.068680047238 23.532412101848 5990086.5 0 15 15 155.776023915185 5948548.5 -0.310898724376 -0.69100752524 0.757726478855 0 
808 616 -0.057094414024 -0.041279618468 0.070454091532 23.730362253264 7032094 0 -16 16 30.402473152052 7005075 -0.186076845578 -0.317128940869 0.367689213327 0 
824 616 -0.091129392957 1.388674444153 1.391661337432 100.214314084286 7791590 0 -16 16 76.031131447738 7756648.5 -0.150581980161 -0.037457411803 0.155170842777 0 
840 616 -0.046705359287 1.972254129253 1.972807071393 52.736816192045 8568202 0 -16 16 125.906604116027 8540771 -0.204414128124 0.148007061956 0.252371207085 0 
856 616 -0.064958517617 2.17512972137 2.176099472404 37.741820257833 9415826 0 -16 16 140.547595316455 9403928 -0.213258017758 0.259140954769 0.335608427452 0 
872 616 -0.026728802868 0.830190285613 0.830620454377 29.055181031568 9928445 -16 -16 22.62741699797 104.100761293863 9924175 -0.177113649062 0.295944266636 0.344894554377 0 
888 616 -0.217156610587 0.596906689647 0.63518075354 0.298143264805 10364060 0 -16 16 159.710304061533 10357896 -0.167572240889 0.453257126628 0.483241635991 0 
904 616 -0.100031151825 0.403726380533 0.415934155454 0.257736393682 11073431 0 -16 16 165.826354670083 11068489 -0.184633793239 0.731079534743 0.754033768293 0 
920 616 0.046264946068 0.425573163452 0.428080556303 19.201236195652 11656402 0 -16 16 167.003142261725 11653544 -0.175729081255 0.761356773888 0.78137369238 0 
936 616 -3.692541832488 2.241217641609 4.319481647343 44.229485020349 11876337 7 -16 17.464249196573 170.88514687664 11874301 -0.140858104935 0.544088844062 0.562026401479 0 
952 616 -0.357807783859 2.033696683155 2.064933076219 20.199135530685 11913118 -16 -16 22.62741699797 104.822391825156 11911322 -0.249724350182 0.429455359285 0.496783812832 0 
968 616 -0.103551247467 1.423508857267 1.42727023635 46.111364422366 12024308 15 -16 21.931712199461 172.880448911556 12013149 -0.502327816995 0.417456319555 0.653148539356 0 
984 616 -0.011798333883 1.297771450391 1.297825079944 49.598294147769 12037315 -0.011798333883 1.297771450391 1.297825079944 49.598294147769 12037315 -0.525659292067 0.439220662195 0.68500546088 0 
1000 616 -0.133174167086 0.974402685235 0.983461210101 25.089009256289 11762509 -0.133174167086 0.974402685235 0.983461210101 25.089009256289 11762509 -0.319718775397 0.494748387204 0.589063716403 0 
1016 616 -0.061883388479 0.70137389052 0.704098635187 25.911519418806 11776929 15 15 21.213203435596 75.953764350095 11764786 -0.359281606506 0.59903945224 0.698520964692 0 
1032 616 -0.041871843538 1.461467067568 1.462066770318 38.94683032615 12242212 0 -16 16 139.412062693227 12215740 -0.644347785396 0.752093857302 0.990368233909 0 
1048 616 0.024613032537 2.012092946245 2.01224348072 48.1956105261 12555617 5 -16 16.76305461424 149.859252783933 12525242 -0.917597952482 0.840977655701 1.244680448865 0 
1064 616 -0.254142232933 2.027190286075 2.043058670356 46.566744147282 12586727 -14 -16 21.260291625469 85.101626018033 12557377 -1.179032107763 0.865690847438 1.4627157463 0 
1080 616 -1.60476850599 1.921975770631 2.503851597182 13.19290870971 12556751 -16 -16 22.62741699797 81.946637230791 12528546 -1.165846335421 0.876827028387 1.458774593803 0 
1096 616 -0.343914528522 0.454818730239 0.57020810263 8.024464960997 12513523 13 -16 20.615528128088 173.974376860696 12488208 -0.878040635456 0.874386198549 1.239155592218 0 
1112 616 -0.180313128155 0.372272654225 0.413642059357 12.495653755099 12354286 2 -16 16.124515496597 148.785777699962 12322609 -0.757832587144 0.958232550732 1.221687296905 0 
1128 616 -0.357960546393 1.161564906518 1.215470602206 18.384554672811 12242732 -0.357960546393 1.161564906518 1.215470602206 18.384554672811 12242732 -0.805222190485 1.128366084935 1.386215278259 0 
1144 616 -0.82767343973 1.05043089648 1.337328826847 4.746514791971 12248747 -0.82767343973 1.05043089648 1.337328826847 4.746514791971 12248747 -0.712529662812 1.076948934192 1.291323943573 0 
1160 616 -0.166091143959 0.351558817243 0.388818556763 5.537534667915 11986184 -0.166091143959 0.351558817243 0.388818556763 5.537534667915 11986184 -0.479755004126 0.803981098505 0.936242741354 0 
1176 616 -0.160665685703 0.392840490921 0.424425628196 3.481550429517 11778296 -0.160665685703 0.392840490921 0.424425628196 3.481550429517 11778296 -0.288563256929 0.598911816246 0.664803818347 0 
1192 616 -0.673863702351 0.52050575163 0.851480197554 35.568365563517 11735583 -0.673863702351 0.52050575163 0.851480197554 35.568365563517 11735583 -0.138954421219 0.461741087417 0.482196187236 0 
1208 616 0.154824843136 0.429215608374 0.456285843002 26.379437906339 11521093 0.154824843136 0.429215608374 0.456285843002 26.379437906339 11521093 -0.047220951125 0.411625424554 0.414325123984 0 
1224 616 0.20059398244 0.176014970482 0.266869285653 50.440406406688 12040121 0.20059398244 0.176014970482 0.266869285653 50.440406406688 12040121 -0.013362846646 0.448564827657 0.448763824614 0 
1240 616 0.061755167856 0.158092511645 0.169726082248 20.397506175073 12964696 -11 15 18.601075237738 37.193279052662 12935316 0.008123473028 0.495399767414 0.495466366536 0 
1256 616 -0.377572334467 0.292148152728 0.47740068171 54.057185078111 13357349 -0.55252079874 -14.750611181533 14.760955574143 179.643092498947 13351196 0.017238007897 0.552130243824 0.552399271416 0 
1272 616 -0.187794981942 0.760937169655 0.783768034181 11.301327388902 13371320 -10.887882492876 -14.144879164828 17.850030581662 139.851154776274 13365002 -0.028583590278 0.638828700532 0.639467849275 0 
1288 616 0 0.444362549752 0.444362549752 9.714896583536 13184065 -16 -11 19.416487838948 114.793626404133 13169116 -0.129341321497 0.755495137538 0.766486842868 0 
1304 616 0.024105077108 0.540897490155 0.541434344679 11.109948687129 12941615 -16 -12 20 118.311644943216 12931756 -0.136675218319 0.908197892619 0.918424481087 0 
1320 616 0.158507415231 1.552333400121 1.560404942896 8.470541834389 12971577 0 16 16 2.64032599808 12959524 -0.050585280746 1.096936965774 1.098102717194 0 
1336 616 0.047251005771 1.287152120085 1.288019113905 2.312608662203 13633586 0 16 16 0.210240159553 13616874 -0.004277114703 1.165617081119 1.165624928314 0 
1352 616 0.21030788076 0.913252162742 0.937154692387 12.852587838645 14158158 0.21030788076 0.913252162742 0.937154692387 12.852587838645 14158158 0.002249279809 1.114238238655 1.11424050893 0 
1368 616 0.038713183939 0.901543791433 0.902374599865 1.322182493401 14073691 0.038713183939 0.901543791433 0.902374599865 1.322182493401 14073691 0.021320244983 1.074566228589 1.074777713051 0 
1384 616 0.191964161396 1.072570335184 1.089613400788 7.251642379176 13895675 13 16 20.615528128088 36.198376947032 13877481 0.05293578082 1.046601050922 1.04793890885 0 
1400 616 0.123960177701 1.095660969781 1.102650935862 2.680640735144 13714263 6 -15 16.155494421404 154.424386056692 13705513 0.06975939761 1.057477502226 1.059775939182 0 
1416 616 0.174947943848 1.156067104731 1.169229632578 4.895399905814 13776476 -16 16 22.62741699797 48.70989262982 13766240 0.071791095352 1.107195582502 1.109520625894 0 
1432 616 0.100559129475 1.199236639836 1.203445327734 9.12413002812 13983112 -3 -15 15.297058540778 177.392614512425 13957254 0.260226198209 1.05016399901 1.081925181817 0 
1448 616 -0.096558976661 1.308679522453 1.312236917809 39.84021655174 13798013 0 -16 16 144.379620996958 13762188 0.635064706178 0.886382751751 1.090404312003 0 
1464 616 0.37661859881 1.191586379736 1.249687828756 25.091061993033 13166350 6 -16 17.088007490635 116.812977146175 13126547 0.695552446022 0.755587284876 1.02698848593 0 
1480 616 2.426591286538 0.904300909004 2.589614914602 35.680568460543 12923687 6 -16 17.088007490635 125.563088867778 12885709 0.441689417741 0.657777598385 0.792313644134 0 
1496 616 0.093507133305 1.129558858835 1.133422604129 20.059993406309 12926534 -5 -16 16.76305461424 172.561762595403 12891861 0.300504361161 0.650581760601 0.716630656827 0 
1512 616 0.149182794332 0.955806359819 0.96737857305 11.461942222406 12641947 -9 -16 18.357559750686 170.975370899077 12627003 0.271997276283 0.733999771525 0.78277594681 0 
1528 616 0.20978907548 4.56965566411 4.57446875 12.896936746575 12689296 -15 -16 21.931712199461 152.37310274676 12683487 0.254942430758 0.917706945634 0.952460855398 0 
1544 616 -0.26213880259 2.805124662813 2.817346468886 17.060682624736 13023540 8 -15 17 140.205614063337 13002121 0.249339824586 1.201703282928 1.227298304539 0 
1560 616 0.029537508026 1.26601592583 1.266360449807 6.003067289284 12937236 1 -15 15.033296378373 168.846328423788 12912271 0.18419049979 1.429989940823 1.441803513336 0 
1576 616 -0.001912999518 0.94556043073 0.94556236586 2.242016501464 12354960 0 -15 15 177.873900626108 12325250 0.059494456371 1.602566919318 1.603670889313 0 
1592 616 0.113648114484 0.932068277184 0.938971334631 8.233186446225 12363715 0.113648114484 0.932068277184 0.938971334631 8.233186446225 12363715 -0.038026866263 1.700074823977 1.700500058711 0 
1608 616 0.006842252532 0.925633566918 0.925658855424 4.023590182606 13010123 0.006842252532 0.925633566918 0.925658855424 4.023590182606 13010123 -0.108373468111 1.722513654799 1.725919493939 0 
1624 616 0.006408997951 0.908076897916 0.908099514252 2.281433158085 13463781 0.006408997951 0.908076897916 0.908099514252 2.281433158085 13463781 -0.052704413427 1.60818564483 1.609049043203 0 
1640 616 0.338214374717 0.887870224076 0.950106571952 15.424040055833 13429462 -15 -15 21.213203435596 140.429183770336 13401767 0.128980297789 1.35709079407 1.3632062722 0 
1656 616 0.216427513844 0.950141723345 0.974479431897 5.071835800977 13519107 -16 -15 21.931712199461 140.912696636854 13492885 0.163536098007 1.200024909887 1.211116773768 0 
1672 616 0.356172458767 1.008402607385 1.069455300125 16.887016349431 13765278 0.356172458767 1.008402607385 1.069455300125 16.887016349431 13765278 0.050962987229 1.136987992283 1.138129571122 0 
1688 616 0.126302282619 1.028172641241 1.03590117617 8.741312960417 13922712 0.126302282619 1.028172641241 1.03590117617 8.741312960417 13922712 -0.032172459101 1.060228064328 1.060716086195 0 
1704 616 0.182297082585 0.093674027032 0.204956214005 67.863770030543 14101472 -16 -16 22.62741699797 129.939697849291 14079368 -0.085870240983 0.969745126021 0.973539576868 0 
1720 616 0.115864171089 0.243739778455 0.269876982612 31.567229517751 13874638 -16 -16 22.62741699797 128.857321352826 13843557 -0.100404382442 0.932930099627 0.938317436054 0 
1736 616 0.092738395413 1.240988166069 1.244448487607 8.835207712704 13979155 4 -16 16.492422502471 170.525224408994 13933863 -0.075774883479 0.949782985144 0.952800898318 0 
1752 616 0.025938784088 1.230411493501 1.230684875937 4.251389718294 14516530 8 -16 17.888543819998 156.47864277854 14466428 -0.050740062775 0.954253706467 0.955601742504 0 
1768 616 0.18525985254 0.397789343549 0.438813827044 26.503908006606 14541557 0.18525985254 0.397789343549 0.438813827044 26.503908006606 14541557 -0.025299920332 0.946342263595 0.946680392653 0 
1784 616 -0.492232577776 0.186944297518 0.526536875251 73.298257894148 14409038 -0.492232577776 0.186944297518 0.526536875251 73.298257894148 14409038 0.067806547116 0.94723400549 0.949657827319 0 
1800 616 0.11027528163 0.094169578982 0.145012231705 36.069958439408 13602238 0 15 15 13.434370700703 13546523 0.228579339569 0.956928932152 0.983850342109 0 
1816 616 0.201339019406 1.021519662739 1.041172330643 1.05570524598 12337683 0 16 16 12.205646597999 12296511 0.244993173537 1.132597900656 1.158792328095 0 
1832 616 -0.113482383177 1.041892540683 1.048054539431 10.755624485308 12327351 0 16 16 4.539502820947 12301743 0.117048049019 1.474240911002 1.47888015385 0 
1848 616 -0.329128150286 1.132199695718 1.179068060078 15.378805124405 12797212 -9.207511999534 -13.386174598497 16.247090434998 144.648115411114 12759842 -0.024458273809 1.687783942339 1.687961149783 0 
1864 616 -0.21480593608 1.290184986909 1.307944528877 3.671539365923 12528254 -16 -14 21.260291625469 125.404860026891 12454136 -0.179525794949 1.773226994669 1.782291638782 0 
1880 616 -0.182399957995 1.43127618915 1.442851785287 2.52067874601 11951647 -16 16 22.62741699797 40.25812711863 11864598 -0.150832773697 1.818340860107 1.824585982944 0 
1896 616 0.004998503149 1.369247938905 1.369257062508 1.726673612405 11521988 0.004998503149 1.369247938905 1.369257062508 1.726673612405 11521988 0.061620789945 1.823125538655 1.824166618336 0 
1912 616 0.025884929933 1.49104366608 1.491268333921 4.190030651208 11414829 0.025884929933 1.49104366608 1.491268333921 4.190030651208 11414829 0.174233481636 1.920221188067 1.92810962272 0 
1928 616 -0.034008920038 3.370230321062 3.370401908326 5.643822566001 11659360 -0.127340082344 -12.649053288315 12.649694248764 175.511114733076 11618056 0.187005301375 2.109627808343 2.117900014749 0 
1944 616 0.41345830306 4.817812271974 4.835520949841 0.1187155294 11809256 3 -14 14.317821063276 163.118928165414 11790886 0.204869184262 2.446730507165 2.45529256044 0 
1960 616 1.655739052306 3.95404274754 4.286715042863 18.277461166829 11430415 14.496846014815 -12.418952345806 19.088973826391 126.141698974157 11419324 0.227825130298 2.931529284535 2.940368724511 0 
1976 616 0.690367623368 3.923302911688 3.983580448824 5.58679023039 11559729 11 -13 17.029386365926 135.370496375018 11537679 0.248507405964 3.234701074763 3.244232879109 0 
1992 616 0.087687275794 4.1491628876 4.150089363637 3.336363782113 11845406 7 -13 14.764823060233 147.152187313008 11780234 0.266916011258 3.35624587785 3.366842816297 0 
2008 616 0.197589255417 3.835082956347 3.840169631139 0.728567871527 11444834 12 -13 17.691806012954 133.612685046551 11274784 0.211406945927 3.28883377691 3.295621414685 0 
2024 616 -0.008379533057 3.398052307019 3.398062638889 1.689857479582 10881275 -0.008379533057 3.398052307019 3.398062638889 1.689857479582 10881275 0.081980209969 3.032464771944 3.03357270358 0 
2040 616 0.008287451223 3.151283207103 3.151294104526 0.675698139163 10098268 0.008287451223 3.151283207103 3.151294104526 0.675698139163 10098268 0.038116729482 2.642587673802 2.642862557681 0 
2056 616 0.267866898868 2.700159886825 2.713414102183 3.508500732003 9610806 0.267866898868 2.700159886825 2.713414102183 3.508500732003 9610806 0.079816504464 2.119202482484 2.120705032802 0 
2072 616 0.152924128478 2.142573189921 2.148023664497 0.684396555621 9889460 15 -15 21.213203435596 131.601887712045 9732149 0.08937242657 1.505146705732 1.507797743865 0 
2088 616 0.211518245402 2.256450312928 2.266342424006 0.585693863494 10264848 14 -16 21.260291625469 134.044547034994 10170265 0.0667844958 0.800420343543 0.80320165291 0 
2104 616 0.037977513068 2.140929307496 2.141266118724 49.648897194793 9556397 0 -16 16 131.367354494962 9462449 -0.589099835383 0.518765128525 0.784955969862 0 
2120 616 -0.982725945698 0.567198503353 1.134664896149 10.626553699124 8141352.5 2.559002307736 -14.86013799331 15.078865805863 119.136471491721 8101446 -1.87828056698 0.660181060677 1.990923635193 0 
2136 616 -4.463857354461 0.266679843219 4.471816255142 15.171834151717 7052010 -18 15 23.43074902772 21.214835103935 6866118 -2.222143314503 0.747433884094 2.344478262062 0 
2152 616 -5.58457119551 0.240936410508 5.589766166096 23.245079785712 7199326 14 -3 14.317821063276 166.37928458069 6970959.5 -1.620688077954 0.780523598776 1.798846000709 0 
2168 616 -2.677853453431 0.359842018986 2.701922537135 30.795602506321 8350971.5 -1.007373901833 -13.879222870883 13.915733170686 124.297662993844 8185150 -1.007690135117 0.800089280112 1.286694316675 0 
2184 616 -0.288909552919 0.307494237206 0.421925865151 17.793692278745 7597508.5 -1 15 15.033296378373 21.607402650705 7436753.5 -0.383149485994 0.806130928102 0.89255285662 0 
2200 616 -0.133696141592 0.678069227932 0.691124110522 3.668397567763 7338282.5 0.029422723274 -14.420783960621 14.420813976179 172.631260444515 7290560.5 -0.090782017908 0.690895913217 0.696834655909 0 
2216 616 -0.160804634918 0.556977646754 0.579725995273 0.069538178505 9782160 0.033409439724 -15.00064985689 15.000687061588 164.093225610516 9672368 -0.130587730859 0.454384235456 0.472777102747 0 
2232 616 -0.885893897423 0.245933495245 0.919397238181 49.752718919861 11335458 15 -8 17 142.804552310147 11178979 -0.117725441954 0.255576608385 0.281387068709 0 
2248 616 -0.181228781179 0.349579516146 0.393763519434 1.516996524484 12078151 -5 -16 16.76305461424 133.725882126505 11817964 -0.052195151193 0.094473032006 0.107932791979 0 
2264 616 -0.000924296501 -0.01962546414 0.019647217786 123.268747618188 13179608 9.910585497645 -3.573223953899 10.535066887821 163.861373237778 12749919 -0.014613793529 0.010603988178 0.018055678514 0 
2280 616 0.000561162314 -0.010931307126 0.010945701377 131.488821446906 12310060 -16 8 17.888543819998 11.985051905468 10040119 -0.004981368962 0.003969476903 0.006369519889 0 
2296 616 -0.001827632674 0.001062279201 0.002113924855 76.917971269123 8821128 -0.001827632674 0.001062279201 0.002113924855 76.917971269123 8821128 0.000258167012 0.000839992949 0.000878770937 0 
2312 616 0.00218798448 0.000155008729 0.002193468438 43.679579495288 4742680 0.00218798448 0.000155008729 0.002193468438 43.679579495288 4742680 0.00110481439 0.001215536316 0.001642602622 0 
2328 616 0.000369742406 -0.0007487553 0.000835071222 100.674284923487 1511199.75 0.000369742406 -0.0007487553 0.000835071222 100.674284923487 1511199.75 0.001634490748 0.001229660175 0.002045390953 0 
2344 616 0 0 0 0 63253 0 0 0 0 63253 0.001847196085 0.000882364526 0.002047120058 0 
2360 616 0 0 0 0 0 0 0 0 0 0 0.001699855084 0.000518973566 0.001777312823 0 
2376 616 0 0 0 0 0 0 0 0 0 0 0.001192467747 0.000139487298 0.001200598198 0 
2392 616 0 0 0 0 0 0 0 0 0 0 0.000704080559 -0.000037691877 0.000705088725 0 
2408 616 0 0 0 0 0 0 0 0 0 0 0.00023469352 -0.000012563959 0.000235029575 0 
2424 616 0 0 0 0 0 0 0 0 0 0 0 0 0 0 
2440 616 0 0 0 0 0 0 0 0 0 0 0 0 0 0 
2456 616 0 0 0 0 0 0 0 0 0 0 0 0 0 0 
2472 616 0 0 0 0 0 0 0 0 0 0 0 0 0 0 
2488 616 0 0 0 0 0 0 0 0 0 0 0 0 0 0 
2504 616 0 0 0 0 0 0 0 0 0 0 0 0 0 0 
2520 616 0 0 0 0 0 0 0 0 0 0 0 0 0 0 
2536 616 0 0 0 0 0 0 0 0 0 0 0 0 0 0 
24 632 0 0 0 0 0 0 0 0 0 0 0 0 0 0 
40 632 0 0 0 0 0 0 0 0 0 0 0 0 0 0 
56 632 0 0 0 0 0 0 0 0 0 0 0 0 0 0 
72 632 0 0 0 0 0 0 0 0 0 0 0 0 0 0 
88 632 0 0 0 0 0 0 0 0 0 0 0 0 0 0 
104 632 0 0 0 0 0 0 0 0 0 0 0 0 0 0 
120 632 0 0 0 0 0 0 0 0 0 0 0 0 0 0 
136 632 0 0 0 0 0 0 0 0 0 0 0 0 0 0 
152 632 0 0 0 0 0 0 0 0 0 0 0 0 0 0 
168 632 0 0 0 0 0 0 0 0 0 0 0 0 0 0 
184 632 0 0 0 0 0 0 0 0 0 0 0 0 0 0 
200 632 0 0 0 0 0 0 0 0 0 0 0 0 0 0 
216 632 0 0 0 0 0 0 0 0 0 0 0 0 0 0 
232 632 0 0 0 0 0 0 0 0 0 0 0 0 0 0 
248 632 0 0 0 0 0 0 0 0 0 0 0 0 0 0 
264 632 0 0 0 0 0 0 0 0 0 0 0 0 0 0 
280 632 0 0 0 0 0 0 0 0 0 0 0 0 0 0 
296 632 0 0 0 0 0 0 0 0 0 0 0 0 0 0 
312 632 0 0 0 0 0 0 0 0 0 0 0 0 0 0 
328 632 0 0 0 0 0 0 0 0 0 0 0 0 0 0 
344 632 0 0 0 0 0 0 0 0 0 0 0 0 0 0 
360 632 0 0 0 0 0 0 0 0 0 0 0 0 0 0 
376 632 0 0 0 0 0 0 0 0 0 0 0 0 0 0 
392 632 0 0 0 0 0 0 0 0 0 0 0 0 0 0 
408 632 0 0 0 0 0 0 0 0 0 0 0 0 0 0 
424 632 0 0 0 0 0 0 0 0 0 0 0 0 0 0 
440 632 0 0 0 0 0 0 0 0 0 0 0 0 0 0 
456 632 0 0 0 0 0 0 0 0 0 0 0 0 0 0 
472 632 0 0 0 0 0 0 0 0 0 0 -0.000028949156 0.001695998587 0.001696245637 0 
488 632 0 0 0 0 0 0 0 0 0 0 -0.000086847469 0.005087995762 0.005088736912 0 
504 632 0 0.003169102447 0.003169102447 4.570380697897 71225.984375 0 0.003169102447 0.003169102447 4.570380697897 71225.984375 -0.000440674556 0.005512717375 0.005530302606 0 
520 632 0.010625129341 0.019311805574 0.022041760548 48.978680188383 3608955.75 0.010625129341 0.019311805574 0.022041760548 48.978680188383 3608955.75 -0.001090430417 0.002970163425 0.003164002096 0 
536 632 -0.005420209287 0.0345713021 0.034993622241 109.842601879293 7771146 0 -16 16 61.246903326693 7702488 -0.024755821511 -0.013583249501 0.028237481575 0 
552 632 -0.045875020689 -0.658392034236 0.659988324343 54.29841934729 8596844 0 15 15 121.715803731405 8593190 -0.071436847836 -0.044147521404 0.083977537918 0 
568 632 -2.543876139576 0.062912455356 2.544653962829 3.092604198639 8854996 15 0 15 178.324085670515 8850878 -0.120419187642 -0.003523292967 0.120470719869 0 
584 632 -0.288634862614 0.113917059869 0.310301757077 10.700856957125 9053592 -0.288634862614 0.113917059869 0.310301757077 10.700856957125 9053592 -0.171702840929 0.108289435808 0.202998688397 0 
600 632 0.5 -0.694255319904 0.855564403897 147.054557275681 9129022 0.5 -0.694255319904 0.855564403897 147.054557275681 9129022 -0.363429999621 0.141646257254 0.390057722419 0 
616 632 0.033128999429 -0.836277962197 0.836933904595 100.170563888724 9370524 0.033128999429 -0.836277962197 0.836933904595 100.170563888724 9370524 -0.695600663719 0.09654717137 0.702268922611 0 
632 632 -0.206863110631 -0.197255302989 0.285835619014 47.559148592257 9558875 -0.206863110631 -0.197255302989 0.285835619014 47.559148592257 9558875 -0.724891809694 0.049686160779 0.726592630251 0 
648 632 -0.482723987423 0.285617001798 0.560891718382 30.476872330333 9518226 -0.482723987423 0.285617001798 0.560891718382 30.476872330333 9518226 -0.451303437548 0.001063225483 0.451304689972 0 
664 632 -0.096863430516 0.334770888772 0.348502614252 72.616907682387 9761616 7 -16 17.464249196573 114.875069107125 9722685 -0.425961550442 0.00926246673 0.426062243979 0 
680 632 -0.256145566287 0.452944257588 0.520354736319 53.980368181804 9763366 0 -16 16 96.530936853985 9732934 -0.648866148377 0.074283884518 0.653104412792 0 
696 632 -0.072554402086 0.383571243212 0.390372949731 70.837325935002 9231264 -0.072554402086 0.383571243212 0.390372949731 70.837325935002 9231264 -0.586899861536 0.087204358292 0.593343111173 0 
712 632 -0.120791936696 0.159225743322 0.199858773405 41.502757852066 8686784 -0.120791936696 0.159225743322 0.199858773405 41.502757852066 8686784 -0.240062689921 0.048023888051 0.244819094262 0 
728 632 -0.038556735186 0.064004599327 0.074720884385 110.857263058177 8249372.5 -0.038556735186 0.064004599327 0.074720884385 110.857263058177 8249372.5 -0.075998006567 -0.097001447034 0.123227341644 0 
744 632 -0.140826529378 0.025997019046 0.143205992807 85.22991154637 7674523 -0.140826529378 0.025997019046 0.143205992807 85.22991154637 7674523 -0.094705811474 -0.347871646964 0.360532763405 0 
760 632 -0.151208709277 0.014958305626 0.151946782357 79.023911203703 7182190 -0.151208709277 0.014958305626 0.151946782357 79.023911203703 7182190 -0.149953720369 -0.502187323032 0.524097534497 0 
776 632 -0.265927437661 0.01724333599 0.266485899696 70.359103612831 7067613 -0.265927437661 0.01724333599 0.266485899696 70.359103612831 7067613 -0.24174173325 -0.559948475238 0.609902746769 0 
792 632 -0.127048147444 0.048387709724 0.135950734537 83.514793935921 7146510.5 -0.127048147444 0.048387709724 0.135950734537 83.514793935921 7146510.5 -0.229879751227 -0.444715162024 0.500615896031 0 
808 632 -0.008544162717 0.117220988441 0.117531965217 139.670163543334 7510684 0 -16 16 36.160956269957 7475610 -0.114367774299 -0.156487383391 0.193825408445 0 
824 632 0.082843048929 0.144380552905 0.166459348831 94.9691039634 7985936 11.746182913393 -15.321564294634 19.306039093235 152.352705781947 7962516.5 -0.105050143975 0.048712186234 0.115794688293 0 
840 632 -0.079195301049 0.195736863943 0.211151167685 27.731647379092 8553348 -0.079195301049 0.195736863943 0.211151167685 27.731647379092 8553348 -0.201926860254 0.170883546851 0.264529097599 0 
856 632 -0.168589540152 0.481617539206 0.510272365624 25.336145241211 9158376 15 2 15.132745950422 127.034028195341 9152856 -0.252069883985 0.255358524738 0.358813604213 0 
872 632 -0.347772933734 1.25105124361 1.298489594712 24.681873681129 9962716 -0.347772933734 1.25105124361 1.298489594712 24.681873681129 9962716 -0.255479215167 0.302137119896 0.395672173145 0 
888 632 -0.364175934213 0.608042242011 0.708759112203 0.463770111431 10704558 15 1 15.033296378373 116.640894829515 10700049 -0.263828174502 0.448697381862 0.520513828971 0 
904 632 -0.294007030484 0.134258172293 0.323211062313 43.718716399428 11163134 -16 -10 18.867962264113 100.267886882312 11151757 -0.27711676199 0.695039310635 0.74824684637 0 
920 632 -0.023158539685 0.083576089863 0.086725317855 3.844716677279 11553473 -0.012702734543 -12.579853205676 12.579859619082 160.609626573829 11551988 -0.245038860259 0.698450126334 0.740186883167 0 
936 632 -4.718714424609 -0.119150860808 4.720218506451 71.384996424605 11725767 -5.715870485649 -13.904455954589 15.033465029787 137.591867287142 11725033 -0.16759446931 0.458929828958 0.488573939185 0 
952 632 -0.233487763283 0.101318311848 0.254522957547 18.401229505604 11707303 -11 15 18.601075237738 11.887264695669 11705047 -0.312435770331 0.279928271696 0.419494872289 0 
968 632 -0.789547656721 1.127248386042 1.376253765142 41.627667914124 11546515 13.730909375627 -13.41255747515 19.194649522872 149.036115129204 11541349 -0.679562763321 0.161445454547 0.698477046212 0 
984 632 -1.948966222011 1.154000924592 2.264991714885 23.172318093519 11509709 15 -14 20.518284528683 144.432783461017 11507017 -0.737233589176 0.096506938712 0.743523338052 0 
1000 632 -0.426505879831 0.19270057153 0.468017922518 14.369549092826 11298764 -7 -16 17.464249196573 76.315107500163 11294485 -0.485448247896 0.085112724192 0.492853099011 0 
1016 632 -0.267069204541 0.040938757765 0.270188715348 7.695850490281 11199204 15 12 19.209372712299 124.929368907382 11180346 -0.546828155415 0.1610525246 0.570051705755 0 
1032 632 -0.065550199244 0.062359968714 0.090474274349 24.179040991302 11674376 -0.065550199244 0.062359968714 0.090474274349 24.179040991302 11674376 -0.921373311731 0.324326339937 0.976788797206 0 
1048 632 -1.490789556307 0.129203270699 1.496377955716 12.500738853953 11572022 10.087716012812 -14.05719651765 17.302219172435 143.118006937617 11454341 -1.253997723759 0.394278679116 1.314521193438 0 
1064 632 -2.205671534409 0.100850691743 2.207975946365 10.884156757753 11293878 -14.992527934718 -14.87937070647 21.122773645851 58.285048263877 11127978 -1.544701391497 0.370909542136 1.588608283165 0 
1080 632 -1.09783134512 0.095956490746 1.102016928384 8.425537594128 11758552 7 15 16.552945357247 101.596084999118 11677385 -1.483458316154 0.353979005002 1.525106459153 0 
1096 632 -1.491399146652 0.099148673069 1.494691230324 13.989831204022 11968773 -17 -16 23.345235059858 61.057570939453 11927636 -1.070268497731 0.343487067714 1.124036486473 0 
1112 632 -0.489954397821 0.207198520125 0.531964790833 3.029353301365 11823654 -0.489954397821 0.207198520125 0.531964790833 3.029353301365 11823654 -0.944289743692 0.459592981963 1.050194662485 0 
1128 632 -1.121858589258 0.370886475889 1.181576689127 14.132378917566 11796784 -1 -16 16.031219541881 118.849931570971 11753966 -1.105522054037 0.70229674775 1.309732695576 0 
1144 632 -2.113903006744 0.228215272541 2.126186288297 28.603133271106 11918452 1 -16 16.031219541881 128.341209230781 11872139 -1.049293897764 0.728324662934 1.277291861136 0 
1160 632 -0.558288891407 0.201078828614 0.593396310727 14.923563353822 11979680 -1 15 15.033296378373 51.45487054819 11945639 -0.775605274875 0.537676727516 0.943747744753 0 
1176 632 -0.22775126235 0.18593071039 0.29400827636 1.857426253245 11933255 -0.22775126235 0.18593071039 0.29400827636 1.857426253245 11933255 -0.508216378857 0.388138656445 0.639480652065 0 
1192 632 -0.335056625972 0.407276068711 0.52738670703 2.017602377848 11761663 -0.335056625972 0.407276068711 0.52738670703 2.017602377848 11761663 -0.247127209709 0.279710449722 0.373242271805 0 
1208 632 -0.014259950869 0.491912841866 0.492119487718 22.343197969868 11554382 -0.014259950869 0.491912841866 0.492119487718 22.343197969868 11554382 -0.100854846116 0.226484676818 0.247925409788 0 
1224 632 0.012420761619 0.116758189077 0.117416992108 22.969413139163 11067100 -16 0 16 73.10288686607 10960581 -0.069399288078 0.228461337733 0.238769436957 0 
1240 632 0.00408087925 0.166522442533 0.166572439024 10.185336682249 11195510 -15.400081828737 0.265143659073 15.402364152679 80.232134665149 11075153 -0.036907747044 0.238919786502 0.24175368906 0 
1256 632 -0.318142594218 1.246014294234 1.285988464836 13.572174013935 11926314 -0.318142594218 1.246014294234 1.285988464836 13.572174013935 11926314 -0.003380223013 0.257860023126 0.257882177426 0 
1272 632 -0.137101608307 1.407354823081 1.414017131809 1.466555657419 12042271 -0.137101608307 1.407354823081 1.414017131809 1.466555657419 12042271 -0.020094551544 0.280503426339 0.281222266525 0 
1288 632 -0.074571914884 1.162398983892 1.164788550872 12.16749594027 11751163 -0.074571914884 1.162398983892 1.164788550872 12.16749594027 11751163 -0.087050732639 0.306849996141 0.318958853435 0 
1304 632 0.174468888356 0.792394077908 0.811373999896 29.739774035347 11505942 0.174468888356 0.792394077908 0.811373999896 29.739774035347 11505942 -0.097952207087 0.314052955049 0.328974001173 0 
1320 632 0.043877512742 1.00338856023 1.004347469219 12.417150152982 11989593 0.043877512742 1.00338856023 1.004347469219 12.417150152982 11989593 -0.052798974889 0.302112303061 0.306691335728 0 
1336 632 -0.025905370847 0.732543514925 0.733001425303 3.852332527878 12905132 -0.025905370847 0.732543514925 0.733001425303 3.852332527878 12905132 -0.027645230806 0.268540761665 0.26995999604 0 
1352 632 -0.077557429782 0.124003614613 0.146260217939 26.00559158727 13523732 -0.077557429782 0.124003614613 0.146260217939 26.00559158727 13523732 -0.022490974836 0.213338330859 0.214520598924 0 
1368 632 -0.024946639734 0.036019826128 0.043815096809 38.386351275424 13402528 -0.024946639734 0.036019826128 0.043815096809 38.386351275424 13402528 0.012708412645 0.197558093542 0.197966421586 0 
1384 632 -0.001125508287 0.061148462173 0.061158819438 20.467402460871 13080408 -0.001125508287 0.061148462173 0.061158819438 20.467402460871 13080408 0.077952931636 0.221200049713 0.234533838803 0 
1400 632 0.10782329303 0.024522434221 0.110576725851 56.036365713689 12924824 0.10782329303 0.024522434221 0.110576725851 56.036365713689 12924824 0.112529939794 0.290861451791 0.311870760874 0 
1416 632 0.114883469826 0.030731793862 0.118922894319 59.041340713406 12864159 0.114883469826 0.030731793862 0.118922894319 59.041340713406 12864159 0.116439437119 0.406542299776 0.422888618934 0 
1432 632 0.224296642089 0.028319925299 0.226077424395 53.016381366145 12850619 0 15 15 29.78747316755 12789667 0.252518186078 0.44114522799 0.508305564084 0 
1448 632 0.065764949122 0.002380683087 0.065808025232 35.084003628052 12614869 0 15 15 52.842801462008 12544670 0.520766186671 0.394670236433 0.65342330591 0 
1464 632 2.21646287851 0.044578783287 2.216911130319 29.268420216557 12334273 8.519581853435 -15.061149693087 17.303800306145 90.925260922306 12254031 0.57849080196 0.339678595729 0.670845106078 0 
1480 632 0.277235172138 0.039606783975 0.280050063395 24.843278620998 12454504 6 15 16.155494421404 35.224853201711 12387811 0.425692031944 0.276170305877 0.507428560399 0 
1496 632 -0.059495187443 -0.055642836221 0.081460435498 165.252531465089 12308233 -4 15 15.52417469626 76.595204490347 12275220 0.402251613263 0.216918233797 0.457011904141 0 
1512 632 -0.096016682776 -0.044911862013 0.106001314713 172.606010015405 12217475 -4 15 15.52417469626 87.257535894895 12201368 0.508169545914 0.161922379491 0.533343364424 0 
1528 632 0.466706393316 0.055263279386 0.469966900548 18.955755436315 12572585 7.818068020813 -15.473629714568 17.336533797781 88.903537873263 12558401 0.484866352425 0.233441877814 0.538136125931 0 
1544 632 0.358659572716 0.059567598384 0.363572534548 42.965146460659 12813708 -10 -16 18.867962264113 174.400363936985 12801061 0.332342032796 0.431476728768 0.544631429713 0 
1560 632 0.092286062752 0.083543945339 0.124484168396 27.318942264054 12834133 -2 -16 16.124515496597 166.597605371048 12815280 0.242193378312 0.646832079812 0.690687608092 0 
1576 632 0.045677945599 0.249251857473 0.253402768666 3.31639312698 12424004 0.045677945599 0.249251857473 0.253402768666 3.31639312698 12424004 0.214420388974 0.879507930945 0.905268083941 0 
1592 632 0.470527047203 0.716642866173 0.857305488019 22.431834643612 12191718 0.470527047203 0.716642866173 0.857305488019 22.431834643612 12191718 0.195934183117 1.021704959331 1.040322655735 0 
1608 632 0.06116094839 0.798853184229 0.801191033125 5.490447680684 12589724 0.06116094839 0.798853184229 0.801191033125 5.490447680684 12589724 0.186734760742 1.073423164972 1.089544474525 0 
1624 632 0.011425135909 0.192491638505 0.192830403788 9.148843787906 13003520 0.011425135909 0.192491638505 0.192830403788 9.148843787906 13003520 0.221521587403 0.995470263194 1.01982001284 0 
1640 632 0.025817701354 0.347294489676 0.348252805104 16.613273955415 13008196 0.025817701354 0.347294489676 0.348252805104 16.613273955415 13008196 0.3002946631 0.787846253999 0.843136172054 0 
1656 632 0.458796109369 0.750319193683 0.879473002645 7.326018146356 12932170 0.458796109369 0.750319193683 0.879473002645 7.326018146356 12932170 0.302134243725 0.674847115887 0.739394164876 0 
1672 632 1.080549196061 0.293510306788 1.119703025493 55.725496775038 12682033 1.080549196061 0.293510306788 1.119703025493 55.725496775038 12682033 0.227040329278 0.656472848859 0.694625015679 0 
1688 632 0.410175249386 0.141370066976 0.433853928236 58.446272020743 12658286 0.410175249386 0.141370066976 0.433853928236 58.446272020743 12658286 0.129396079666 0.581898053937 0.596111307231 0 
1704 632 0.827849251457 0.729937230624 1.103695041119 47.428004809586 12612051 0.827849251457 0.729937230624 1.103695041119 47.428004809586 12612051 0.009201494889 0.451122731121 0.451216562243 0 
1720 632 0.795368719588 0.694868042034 1.056150082109 57.187912982876 12498416 0.795368719588 0.694868042034 1.056150082109 57.187912982876 12498416 -0.05422461353 0.370349367241 0.374297959557 0 
1736 632 0.002275246093 0.471066864181 0.471072358852 10.44118879347 12914618 0.002275246093 0.471066864181 0.471072358852 10.44118879347 12914618 -0.060882245589 0.339577962296 0.3449925221 0 
1752 632 -0.007483761827 0.485863891282 0.485921524058 8.440526325745 13551206 -0.007483761827 0.485863891282 0.485921524058 8.440526325745 13551206 -0.054362910815 0.331141538808 0.335574201626 0 
1768 632 0.270411699048 0.689809886188 0.740918461144 27.142952603532 14045164 0.270411699048 0.689809886188 0.740918461144 27.142952603532 14045164 -0.034666609209 0.345040096778 0.346777222692 0 
1784 632 0.619969377937 0.934453607453 1.121412312248 26.091686440858 14278923 0.619969377937 0.934453607453 1.121412312248 26.091686440858 14278923 0.050009032471 0.381354999682 0.384619993125 0 
1800 632 0.105935699729 1.227675482606 1.232237583857 19.471642331257 13866287 0 -16 16 155.596540750765 13797815 0.199664014225 0.440086247522 0.483261444597 0 
1816 632 0.229206201552 2.779211009226 2.788646502631 11.173945669919 13034939 13 -16 20.615528128088 125.017585849263 13006504 0.219365683246 0.770673445349 0.80128575574 0 
1832 632 0.5 5.007430394163 5.032331383403 1.158741367311 13018003 0 -15 15 175.456566145421 13008953 0.109114039535 1.373116593163 1.377445117616 0 
1848 632 0.926395815456 4.769884595946 4.859013095839 9.259401775475 13150243 -4 -15 15.52417469626 166.800200847621 13141444 0.051794288425 1.713247668552 1.714030402913 0 
1864 632 -0.084696373542 1.292374299325 1.295146634651 5.265710694794 12818441 -16 -14 21.260291625469 132.702091131552 12816412 0.047406429916 1.791066671515 1.791693944682 0 
1880 632 -0.169256770492 -1.105605042969 1.118485746622 174.566024825326 12433995 15 -9 17.492855684536 117.693912421132 12424085 0.104144008513 1.822879772572 1.825852305024 0 
1896 632 0.141651382205 -0.336286567726 0.364902411219 150.160332818455 12375729 -15 16 21.931712199461 50.150148659772 12343823 0.222007024214 1.808686971723 1.822261144974 0 
1912 632 0.079934327252 0.586829776122 0.592248835218 17.393252925927 12617325 0.079934327252 0.586829776122 0.592248835218 17.393252925927 12617325 0.890240226065 1.896150791107 2.094735182002 0 
1928 632 1.874080281177 1.930334777655 2.690421761383 1.169168841695 12673355 -12 17 20.808652046685 80.539611774982 12662343 2.108843614066 2.085271230723 2.965733887972 0 
1944 632 2.212627887309 1.95339345782 2.951519637196 2.029448675707 12695240 17 17 24.041630560343 1.531241793241 12686001 2.469344349011 2.340762611793 3.402474264231 0 
1960 632 1.347537508949 2.045935861957 2.4498389517 3.150358294544 12391468 1.347537508949 2.045935861957 2.4498389517 3.150358294544 12391468 1.971742430899 2.662624934315 3.313206868676 0 
1976 632 0.81744318771 2.069468305874 2.225064591007 3.998468451026 12506234 0.81744318771 2.069468305874 2.225064591007 3.998468451026 12506234 1.332554851524 2.787175835015 3.089344844398 0 
1992 632 -0.159125660032 2.056972031805 2.063117765739 15.913968220717 12882952 -0.159125660032 2.056972031805 2.063117765739 15.913968220717 12882952 0.551781610887 2.71441531389 2.76993022338 0 
2008 632 0.115106574311 2.037569637173 2.040818352961 1.437886243323 12835524 -16 -14 21.260291625469 132.981360812938 12819658 0.079879053892 2.548258697116 2.549510355083 0 
2024 632 0.07551782967 1.991406971283 1.992838344642 4.252465014941 12746723 -5 17 17.720045146669 14.308796452735 12703033 -0.083152819459 2.288705984692 2.29021603255 0 
2040 632 0.045473174618 2.001526179479 2.002042671061 3.823736452584 12311240 0 17 17 2.52224318358 12215289 -0.09694324184 2.200759317142 2.202893452741 0 
2056 632 0.119003703798 2.008873972198 2.01239571598 2.424456278751 11846873 -16 17 23.345235059858 44.230022370125 11691041 0.038507786747 2.284418694466 2.284743228739 0 
2072 632 0.151214057379 1.081538988403 1.092058732205 4.271191875884 12019378 0.151214057379 1.081538988403 1.092058732205 4.271191875884 12019378 0.128490796777 1.993465916863 1.997602624786 0 
2088 632 0.30487838912 1.26787202741 1.304013155624 6.097924256359 12210982 10.300979042217 -13.568017190516 17.035294529604 135.370877483695 12173210 0.17300578825 1.327900984334 1.339123604065 0 
2104 632 -0.059412227053 0.449671905836 0.45357980072 19.114639670465 10943116 -0.033874549519 -14.369368301123 14.369408229236 153.223765522154 10933078 -0.458537390061 0.914037164839 1.022604751011 0 
2120 632 -0.945265170288 0.341263195764 1.00498100029 3.209469085354 9643855 11.489579399018 -14.309276790228 18.351180807395 151.822846498058 9602676 -1.766138738153 0.751874458378 1.919521097453 0 
2136 632 -2.061243307703 0.222050718824 2.073169191185 12.4423636526 9497861 -5 15 15.811388300842 52.974119991339 9417371 -2.111823806321 0.710335132792 2.228087922372 0 
2152 632 -1.01944063777 0.200519012695 1.038974055686 16.698707724218 9368803 -10 15 18.02775637732 28.483479453787 9346747 -1.495592594562 0.789419188081 1.691147499014 0 
2168 632 0.58240141334 2.052297610236 2.133334687113 58.427064224452 9680102 4 -16 16.492422502471 151.45207099453 9631639 -0.877984553621 0.955330557964 1.297502736558 0 
2184 632 0.220188935401 1.933299960538 1.945798526233 18.598126073476 9310106 3.548841093139 -14.474965762243 14.903654146634 178.325007345226 9249653 -0.258999683497 1.208069242439 1.235520995605 0 
2200 632 -0.065421730512 1.999443043502 2.000513055951 2.195394946111 8660357 14 -15 20.518284528683 136.653587063463 8585947 0.006661260522 1.187682395531 1.187701075627 0 
2216 632 -0.127364817614 2.125123255212 2.128936506007 1.746423132607 9402162 14 -16 21.260291625469 143.990298043404 9282184 -0.081001721563 0.894170017238 0.897831442211 0 
2232 632 -0.307371492098 1.249376393317 1.286630718711 3.911215205988 9390428 14 -16 21.260291625469 148.724275863415 9264913 -0.108693720721 0.622132928606 0.631556573697 0 
2248 632 -0.211784725281 0.443678892949 0.491633735529 13.895879270541 10491347 0 -16 16 168.378970290553 10372447 -0.076414736952 0.371571129635 0.379347224059 0 
2264 632 -0.043130300328 0.589830781917 0.591405591877 9.654365170138 12222589 -0.043130300328 0.589830781917 0.591405591877 9.654365170138 12222589 -0.047022166128 0.190913838965 0.196619373449 0 
2280 632 -0.042620201764 1.132657139733 1.133458723459 12.200895230051 13196033 -0.042620201764 1.132657139733 1.133458723459 12.200895230051 13196033 -0.020516008249 0.080161056596 0.082744797958 0 
2296 632 -0.012198361359 -0.001702264941 0.012316563066 85.113092275244 13551386 10.941324413781 -11.347054181494 15.762874691038 148.874030534389 13045105 -0.00430626128 0.018906490419 0.019390700507 0 
2312 632 0.00143258725 -0.010908016741 0.011001687845 159.850605806113 12124669 0.00143258725 -0.010908016741 0.011001687845 159.850605806113 12124669 0.001607074778 0.007150140434 0.007328519466 0 
2328 632 0.000096581265 -0.003053633392 0.003055160362 104.156719247182 9001568 0.000096581265 -0.003053633392 0.003055160362 104.156719247182 9001568 0.004131797812 0.001182299146 0.004297625441 0 
2344 632 0.001496430624 0 0.001496430624 17.061981361586 5025295 0.001496430624 0 0.001496430624 17.061981361586 5025295 0.003267907821 0.001002966554 0.003418356833 0 
2360 632 0.001698521596 -0.000998700966 0.001970375404 52.293126844706 1445020.75 0.001698521596 -0.000998700966 0.001970375404 52.293126844706 1445020.75 0.002339911713 0.000937714849 0.00252081256 0 
2376 632 0 0 0 0 0 0 0 0 0 0 0.001347809489 0.00098654403 0.001670287263 0 
2392 632 0 0 0 0 0 0 0 0 0 0 0.000682906422 0.000781950544 0.001038175243 0 
2408 632 0 0 0 0 0 0 0 0 0 0 0.000345202512 0.000323934392 0.000473390182 0 
2424 632 0 0 0 0 0 0 0 0 0 0 0.000132262918 0.000071194737 0.00015020709 0 
2440 632 0 0 0 0 0 0 0 0 0 0 0.000044087639 0.000023731579 0.00005006903 0 
2456 632 0 0 0 0 0 0 0 0 0 0 0 0 0 0 
2472 632 0 0 0 0 0 0 0 0 0 0 0 0 0 0 
2488 632 0 0 0 0 0 0 0 0 0 0 0 0 0 0 
2504 632 0 0 0 0 0 0 0 0 0 0 0 0 0 0 
2520 632 0 0 0 0 0 0 0 0 0 0 0 0 0 0 
2536 632 0 0 0 0 0 0 0 0 0 0 0 0 0 0 
24 648 0 0 0 0 0 0 0 0 0 0 0 0 0 0 
40 648 0 0 0 0 0 0 0 0 0 0 0 0 0 0 
56 648 0 0 0 0 0 0 0 0 0 0 0 0 0 0 
72 648 0 0 0 0 0 0 0 0 0 0 0 0 0 0 
88 648 0 0 0 0 0 0 0 0 0 0 0 0 0 0 
104 648 0 0 0 0 0 0 0 0 0 0 0 0 0 0 
120 648 0 0 0 0 0 0 0 0 0 0 0 0 0 0 
136 648 0 0 0 0 0 0 0 0 0 0 0 0 0 0 
152 648 0 0 0 0 0 0 0 0 0 0 0 0 0 0 
168 648 0 0 0 0 0 0 0 0 0 0 0 0 0 0 
184 648 0 0 0 0 0 0 0 0 0 0 0 0 0 0 
200 648 0 0 0 0 0 0 0 0 0 0 0 0 0 0 
216 648 0 0 0 0 0 0 0 0 0 0 0 0 0 0 
232 648 0 0 0 0 0 0 0 0 0 0 0 0 0 0 
248 648 0 0 0 0 0 0 0 0 0 0 0 0 0 0 
264 648 0 0 0 0 0 0 0 0 0 0 0 0 0 0 
280 648 0 0 0 0 0 0 0 0 0 0 0 0 0 0 
296 648 0 0 0 0 0 0 0 0 0 0 0 0 0 0 
312 648 0 0 0 0 0 0 0 0 0 0 0 0 0 0 
328 648 0 0 0 0 0 0 0 0 0 0 0 0 0 0 
344 648 0 0 0 0 0 0 0 0 0 0 0 0 0 0 
360 648 0 0 0 0 0 0 0 0 0 0 0 0 0 0 
376 648 0 0 0 0 0 0 0 0 0 0 0 0 0 0 
392 648 0 0 0 0 0 0 0 0 0 0 0 0 0 0 
408 648 0 0 0 0 0 0 0 0 0 0 0 0 0 0 
424 648 0 0 0 0 0 0 0 0 0 0 0 0 0 0 
440 648 0 0 0 0 0 0 0 0 0 0 0 0 0 0 
456 648 0 0 0 0 0 0 0 0 0 0 0 0 0 0 
472 648 0 0 0 0 0 0 0 0 0 0 -0.000403787394 0.002283197884 0.002318628223 0 
488 648 0 0 0 0 0 0 0 0 0 0 -0.001211362181 0.006849593653 0.00695588467 0 
504 648 0.000407356524 0.000302519452 0.000507402559 62.891250435924 149303.984375 0 -16 16 170.509674331652 27078 -0.001563224573 0.00935116098 0.009480922041 0 
520 648 0.001914484214 0.002964967765 0.003529346066 41.330712509777 3747537 0.001914484214 0.002964967765 0.003529346066 41.330712509777 3747537 -0.001459374569 0.009787899866 0.009896098116 0 
536 648 0.004027984892 0.005624379988 0.006917970261 95.44723888924 8217163.5 0 15 15 59.838320672257 7898681.5 -0.009538541779 0.005543026599 0.011032176718 0 
552 648 0.107225253541 0.065358249074 0.125574502662 156.106984685212 9214768 -14 -16 21.260291625469 41.343046111727 9202126 -0.025800726202 -0.003383458821 0.026021630736 0 
568 648 -0.262464388711 -0.316845720649 0.411435008276 114.531230986 9394507 -4 15 15.52417469626 10.900138665862 9392890 -0.111326990118 0.22996762682 0.25549717829 0 
584 648 -0.268082550004 -0.15910307439 0.311740343711 100.024423623642 9639718 -5.965426881823 14.146279579981 15.352639637448 2.200861249955 9638584 -0.266117333528 0.705596283523 0.754111762622 0 
600 648 -0.035083646838 -0.034239444699 0.049022462696 87.982404122858 9803944 -1 -16 16.031219541881 130.103771303114 9795521 -0.896110958852 0.855747136518 1.239079501983 0 
616 648 -2.037137401559 0.131290033303 2.041363726943 15.089889271253 10053821 -2 -16 16.124515496597 101.65238842903 10040251 -2.00130786609 0.680420185807 2.113812859297 0 
632 648 -2.123890767885 0.470218801748 2.175320140904 0.574437085522 10290738 -1.970079772699 -15.278227158798 15.404721335573 94.561629131329 10279516 -2.095483756227 0.441938997717 2.141579382212 0 
648 648 -1.042313359977 0.68316696457 1.246248065943 26.45370239889 10159947 -1.145713245139 -15.411178444832 15.453707642457 92.536750118115 10150249 -1.178638629262 0.14030357225 1.18696002914 0 
664 648 -0.976002295183 0.470575685767 1.083522937568 25.067907000343 10140937 8 -16 17.888543819998 117.238002601504 10133653 -1.092513443453 0.012832398712 1.09258880398 0 
680 648 -1.359544843156 0.503977986978 1.449950341188 18.483714462607 10219780 14 -15 20.518284528683 134.88089887645 10214451 -1.837108198799 0.059525477103 1.838072309926 0 
696 648 -1.07529575387 0.19324159534 1.092521520365 8.641871278654 9993632 -5 15 15.811388300842 70.019033780911 9985623 -1.717974314439 0.046367515916 1.718599921915 0 
712 648 -0.133205566202 -0.035956973071 0.137973282847 13.03058421705 9719117 0 15 15 92.075571212893 9706959 -0.735111790374 -0.026641484848 0.735594394393 0 
728 648 0.02383195857 -0.197164114541 0.19859922032 73.843611576584 9294056 0.02383195857 -0.197164114541 0.19859922032 73.843611576584 9294056 -0.260805181702 -0.110965903604 0.283430369872 0 
744 648 -0.257711976447 -0.024505142258 0.258874418978 29.569058133372 8768058 -0.257711976447 -0.024505142258 0.258874418978 29.569058133372 8768058 -0.295054488424 -0.206605740353 0.360198671688 0 
760 648 -0.188063694557 0.132000385047 0.229765216826 72.691457865708 8868458 -16 -16 22.62741699797 7.373248184073 8769809 -0.286923125859 -0.221174046299 0.362274535276 0 
776 648 0.035597163878 0.179815584246 0.183305216549 134.392292441199 9358251 0.035597163878 0.179815584246 0.183305216549 134.392292441199 9358251 -0.236411094008 -0.154670821443 0.282512421632 0 
792 648 -0.078992046765 0.195269381762 0.210641579243 95.204413052605 9397098 -0.078992046765 0.195269381762 0.210641579243 95.204413052605 9397098 -0.153786441986 -0.079134436812 0.172952388906 0 
808 648 0.066929226092 0.258667279124 0.267185857775 96.583040191172 9383706 0.066929226092 0.258667279124 0.267185857775 96.583040191172 9383706 -0.039049169794 0.005435107596 0.039425601532 0 
824 648 0.15414620298 0.380714278246 0.410736428326 56.774268487899 9431325 -11 -16 19.416487838948 110.759586041494 9383752 -0.057738939785 0.083286532349 0.101343138091 0 
840 648 -0.1408233956 0.953237616601 0.963583510886 45.249334370655 9463530 -0.1408233956 0.953237616601 0.963583510886 45.249334370655 9463530 -0.209855751959 0.154419837449 0.260547352372 0 
856 648 -0.350109672187 0.484454465403 0.597723106135 21.913750191435 9513766 15 1 15.033296378373 143.95488213612 9510949 -0.315911131344 0.199178976576 0.373459646571 0 
872 648 -0.404416702089 0.638505865835 0.755805933844 27.589530270251 10011854 15 -15 21.213203435596 165.061127097571 9989506 -0.375905077937 0.217563949732 0.434325568948 0 
888 648 -0.340630174173 0.593532020378 0.684331187928 27.14409555679 10490338 -0.340630174173 0.593532020378 0.684331187928 27.14409555679 10490338 -0.404930084587 0.263007220357 0.482846944034 0 
904 648 -2.865547134173 0.306965191191 2.881941707733 33.664934738711 10418543 -2.865547134173 0.306965191191 2.881941707733 33.664934738711 10418543 -0.402986151292 0.335508788451 0.524370084254 0 
920 648 -0.228203435017 0.181206521406 0.291397685567 4.498039789908 10508630 -0.228203435017 0.181206521406 0.291397685567 4.498039789908 10508630 -0.340317321278 0.316791994269 0.464944132982 0 
936 648 -0.408013507222 0.037272937726 0.409712452779 38.419605663714 10600160 -0.408013507222 0.037272937726 0.409712452779 38.419605663714 10600160 -0.216923594545 0.20685683781 0.299742551566 0 
952 648 -0.172797117356 0.104082854073 0.201722790677 13.26073721632 10536159 -0.172797117356 0.104082854073 0.201722790677 13.26073721632 10536159 -0.388044033666 0.124598948963 0.407557443984 0 
968 648 -1.239109840839 0.084207199692 1.241967813651 0.801159217858 10653346 14 15 20.518284528683 128.336188162862 10603436 -0.853678638643 0.070018327727 0.856545261088 0 
984 648 -1.549304216728 -0.021464964633 1.549452903666 3.467120033342 10664576 13 15 19.849433241279 128.241021563421 10603143 -0.946679737455 0.044203177142 0.947711161788 0 
1000 648 -0.341709824306 0.006413307268 0.341770002396 2.968288379052 10263825 10 15 18.02775637732 119.646561880795 10207478 -0.667047330103 0.04715349721 0.668711890799 0 
1016 648 -0.526158603231 0.056632342429 0.529197598221 3.47480298409 9992851 14 15 20.518284528683 123.406962743058 9963914 -0.695330742817 0.117832386728 0.705244151531 0 
1032 648 -1.043697098471 0.032971204236 1.044217761612 12.14092184865 10231231 -1 15 15.033296378373 72.23558677553 10201678 -1.031529975598 0.256239845697 1.062879555303 0 
1048 648 -1.443783704973 0.282866005223 1.47123232824 2.653893808289 9872772 -7 -16 17.464249196573 80.109493701027 9793196 -1.323434165276 0.32356985056 1.36241529572 0 
1064 648 -2.089999061255 0.359254370506 2.120650791332 1.753276920885 9517120 -5 -16 16.76305461424 84.152630010318 9401376 -1.571043311851 0.319822401317 1.603266495657 0 
1080 648 -1.08047332883 0.290995556132 1.11897320254 3.038567532568 10109694 -0.876125186508 -14.644391210933 14.670575628832 98.611075198373 10014946 -1.4831886798 0.316203433106 1.516520118889 0 
1096 648 -1.387699347337 0.375521045323 1.437611051043 1.296624947116 10305886 -1.387699347337 0.375521045323 1.437611051043 1.296624947116 10305886 -1.059870269123 0.312712945929 1.105040439949 0 
1112 648 -1.066741785689 0.969900481457 1.441750665429 23.901653376286 11033770 14 -15 20.518284528683 151.40107788593 10949875 -1.00433668825 0.333631395449 1.058301512516 0 
1128 648 -1.299701203698 1.100805755976 1.703231203121 24.205924744113 11738801 -7.612018487905 -14.312780076272 16.211061006978 78.052068337916 11725435 -1.31658793718 0.378958781668 1.370041442633 0 
1144 648 -1.03140512477 0.881697329237 1.356903353885 26.069707890731 11641445 -17 -15 22.671568097509 55.879456117504 11630870 -1.365845889435 0.352107612643 1.410501600342 0 
1160 648 -1.129004287806 0.68088440311 1.318428705801 18.704418930254 11308316 9 -16 18.357559750686 131.746840292772 11284770 -1.152110545013 0.253077888374 1.179579215447 0 
1176 648 -0.925437334521 0.406555601366 1.010802511437 11.182395478471 11229696 -12 -16 20 65.664160792936 11213480 -0.831147451804 0.184779365214 0.851439663423 0 
1192 648 -0.414492341415 0.139928677268 0.437474497329 1.41455950321 11220724 -0.101877773886 -15.277657394566 15.277997072475 109.686686795065 11214223 -0.402956609808 0.147212043164 0.429005145704 0 
1208 648 -0.111355911842 0.703122672236 0.711885967915 40.996130959542 10869858 -1 -16 16.031219541881 126.428153052439 10858989 -0.174057540996 0.146074850542 0.227230916775 0 
1224 648 -0.17803596912 0.713992368197 0.735854542789 24.5342084247 9619529 15 2 15.132745950422 120.940900623288 9452506 -0.144450245366 0.181367787349 0.231862346392 0 
1240 648 -0.160606083345 0.893756643269 0.908072272121 14.565779702284 9427842 -14.3631742789 1.108282543057 14.405869135921 60.83474071908 9256156 -0.096140996616 0.208517418157 0.229614034643 0 
1256 648 -0.095377208194 1.56029741852 1.56320978953 3.797870175003 10615148 -7.969758219721 -14.082650120388 16.181411572977 143.197417332978 10602046 -0.029129794744 0.227523742966 0.229380902769 0 
1272 648 -0.187591797156 1.526948109258 1.538428162355 3.542981727452 10854168 8.719159499862 -12.711895404832 15.41479896617 149.014499807237 10851332 -0.014626100819 0.241840048912 0.24228192686 0 
1288 648 -0.163033551335 1.707098035942 1.714865488362 6.365534429431 10653246 -0.029897523411 -12.591611317413 12.591646811704 168.043030693281 10650511 -0.052629914841 0.251466335993 0.256914822605 0 
1304 648 -0.085522032527 1.098092760039 1.101418053101 11.697402018148 10286750 2.759139695222 -13.913167812728 14.184114016845 175.066131748802 10284075 -0.071124194203 0.245598999255 0.255690280293 0 
1320 648 0.002154391307 0.202893035002 0.202904472731 17.970431633701 10618605 -0.076192862992 -14.647871191754 14.648069354103 162.339903741859 10613200 -0.070108938903 0.224238038697 0.234942463835 0 
1336 648 -0.038250353705 0.077394449893 0.086330703883 1.175574742573 11338866 15 -15 21.213203435596 160.124207555587 11313118 -0.093580982125 0.199554479849 0.220407328924 0 
1352 648 -0.159895167074 0.071781081564 0.175268331778 26.298246932881 12077768 -0.179373704067 -15.450156042457 15.451197256587 139.809629297193 12027812 -0.141540323868 0.171548322711 0.222401641869 0 
1368 648 -0.104501873775 0.089053042064 0.13729925682 16.982329933302 12315392 -0.104501873775 0.089053042064 0.13729925682 16.982329933302 12315392 -0.105048005285 0.164378228445 0.195077639418 0 
1384 648 -0.072793570906 0.074388503498 0.104079553313 49.481041272029 12063080 -0.072793570906 0.074388503498 0.104079553313 49.481041272029 12063080 0.015895973624 0.17804419705 0.178752393216 0 
1400 648 0.111219905078 0.072831560538 0.132944738504 32.546803728417 11896624 0.111219905078 0.072831560538 0.132944738504 32.546803728417 11896624 0.089312499643 0.19840787702 0.21758310655 0 
1416 648 0.338319102496 0.046546794958 0.341506104242 55.101915351989 11716708 0.338319102496 0.046546794958 0.341506104242 55.101915351989 11716708 0.115201572773 0.225469268355 0.253195168481 0 
1432 648 0.950429660757 0.048781398855 0.951680705342 48.667440455646 11615694 0.950429660757 0.048781398855 0.951680705342 48.667440455646 11615694 0.201587086311 0.254390714601 0.324579711385 0 
1448 648 0.115516737714 0.236986032853 0.263640847479 24.718059927797 11033445 0 -16 16 129.295432243981 10946471 0.348469040257 0.285172215757 0.450281983492 0 
1464 648 1.112734043556 0.45104101588 1.200672748793 14.02766656003 10499320 1.112734043556 0.45104101588 1.200672748793 14.02766656003 10499320 0.390728858202 0.284846949627 0.483535753946 0 
1480 648 0.149112204101 0.267440760746 0.306200930632 23.199098432269 10834280 0.149112204101 0.267440760746 0.306200930632 23.199098432269 10834280 0.328366540146 0.253414916212 0.414781514109 0 
1496 648 0.677551045541 -0.2545981736 0.723806361753 42.135269994142 11004346 0.677551045541 -0.2545981736 0.723806361753 42.135269994142 11004346 0.489030418208 0.193037969017 0.525751279043 0 
1512 648 0.616886556043 -0.213186487889 0.65268484098 25.841735491324 11156716 0.616886556043 -0.213186487889 0.65268484098 25.841735491324 11156716 0.872720492388 0.103716108042 0.878861814452 0 
1528 648 0.825146439615 -0.055992747021 0.827044034214 9.584847348253 11352532 0.825146439615 -0.055992747021 0.827044034214 9.584847348253 11352532 0.849864970882 0.084870112279 0.854092152341 0 
1544 648 0.600900551224 -0.042018959817 0.602367882149 21.985567700127 11510232 0.600900551224 -0.042018959817 0.602367882149 21.985567700127 11510232 0.420463853688 0.136499981728 0.442065716008 0 
1560 648 0.297846786121 0.029689736398 0.299322883271 40.450845822646 11820173 0.297846786121 0.029689736398 0.299322883271 40.450845822646 11820173 0.197578209867 0.205625333014 0.285164735883 0 
1576 648 0.281555761445 0.321443923239 0.4273170282 9.414327316806 11858332 0.281555761445 0.321443923239 0.4273170282 9.414327316806 11858332 0.181208039417 0.292246166139 0.343866507779 0 
1592 648 1.057546609079 0.282382290289 1.094597911675 48.473239829936 11764472 1.057546609079 0.282382290289 1.094597911675 48.473239829936 11764472 0.172100076518 0.344026226628 0.384671913383 0 
1608 648 0.057894382973 0.049131750121 0.07593213055 24.429032212516 11977865 0.057894382973 0.049131750121 0.07593213055 24.429032212516 11977865 0.170254321169 0.360965514482 0.399102288294 0 
1624 648 0.138689302381 -0.116250944877 0.180966860999 98.984588567089 12193919 0.138689302381 -0.116250944877 0.180966860999 98.984588567089 12193919 0.199787774091 0.332692964891 0.38807185361 0 
1640 648 0.093860845751 0.040902271939 0.102385810613 21.289192401183 11937598 0.093860845751 0.040902271939 0.102385810613 21.289192401183 11937598 0.260700435284 0.259208577856 0.367632702287 0 
1656 648 0.481595689103 0.336058234431 0.58725594479 1.718098676132 11790615 0.481595689103 0.336058234431 0.58725594479 1.718098676132 11790615 0.351881652009 0.230171034703 0.420475210015 0 
1672 648 1.139748820259 0.323560263673 1.184786317236 11.573236427195 11641024 1.139748820259 0.323560263673 1.184786317236 11.573236427195 11641024 0.473331424267 0.245580335432 0.533246976878 0 
1688 648 1.100746290049 0.197069965389 1.118248168482 21.172125431174 11471453 1.100746290049 0.197069965389 1.118248168482 21.172125431174 11471453 0.419820526551 0.2554800076 0.491446140281 0 
1704 648 0.01353229042 0.330988969406 0.331265483793 34.023964712252 11424948 0.01353229042 0.330988969406 0.331265483793 34.023964712252 11424948 0.19134895886 0.259870051207 0.322717938099 0 
1720 648 -0.004753401113 0.399817240427 0.399845495867 12.845188004865 11530302 -0.004753401113 0.399817240427 0.399845495867 12.845188004865 11530302 0.057908837701 0.268655324842 0.274825612071 0 
1736 648 -0.083790263728 0.292714511086 0.304471005673 19.931877817194 11804880 -16 -16 22.62741699797 138.957975347095 11724436 0.019500163076 0.281835828505 0.282509629197 0 
1752 648 0.095546992441 0.197748399566 0.219621623015 25.068770413564 12200204 13 -16 20.615528128088 140.18626063512 12143756 0.003468095627 0.276013577376 0.276035364733 0 
1768 648 0.202227587543 0.133496577042 0.242316597132 54.33287345081 12794388 -2 -16 16.124515496597 175.112095215824 12766611 0.009812635354 0.251188571457 0.251380162788 0 
1784 648 2.676433989377 0.074569265241 2.677472590861 76.034613793149 13209890 -5 -16 16.76305461424 175.015432364795 13190812 0.056529710965 0.257766978678 0.263892825819 0 
1800 648 0.234445869873 0.095030664586 0.252973700436 42.033449619558 13315151 -13.545395575427 -15.279984601744 20.41949242083 164.345454693917 13291318 0.143619322461 0.29574879904 0.328776309848 0 
1816 648 0.145686902157 0.251347230262 0.290516959265 16.23300707126 13342319 0 -16 16 166.135394296663 13322277 0.141879431982 0.574830723175 0.592081188288 0 
1832 648 0.250684341053 1.122569191806 1.150219209213 9.905552436917 13401749 -9 16 18.357559750686 32.04055326044 13391742 0.051310039528 1.095012751083 1.096214233255 0 
1848 648 -0.026574979015 1.174719716469 1.175020272919 2.224065241398 13382071 -16 16 22.62741699797 45.928118260213 13372819 0.019905723253 1.228737997434 1.228899224573 0 
1864 648 0.036702466212 1.166117973173 1.166695418 0.993270467476 13102749 15 15 21.213203435596 42.203993887786 13094883 0.047666483158 0.976006462228 0.977169743661 0 
1880 648 0.184073339613 -0.459392786084 0.494898703032 152.463192373364 12744476 0.184073339613 -0.459392786084 0.494898703032 152.463192373364 12744476 0.081016346693 0.811477574967 0.815511804394 0 
1896 648 0.249419443858 -0.146641023027 0.289333110115 111.1851883562 12851430 0.249419443858 -0.146641023027 0.289333110115 111.1851883562 12851430 0.119955313856 0.735151335652 0.744873656155 0 
1912 648 5.330020600774 0.429632130256 5.347308049105 15.72801674021 12834306 5.330020600774 0.429632130256 5.347308049105 15.72801674021 12834306 2.008059322016 0.744255995833 2.141545990183 0 
1928 648 9.552197244803 -0.100599598008 9.55272696578 8.909629522801 11875094 -7.014664126719 -0.197649988321 7.017448135082 173.307740618044 11833952 5.745328371171 0.838791555512 5.806235386736 0 
1944 648 11.118611103199 0.123574827602 11.119297801669 7.37469497289 12028352 -10 0 10 171.988532637394 11977980 6.858342061793 0.965276920414 6.925937869317 0 
1960 648 4.867010539351 1.121416666832 4.994533705042 1.106966923238 12865124 4.867010539351 1.121416666832 4.994533705042 1.106966923238 12865124 5.347100393881 1.123712090539 5.463900757213 0 
1976 648 1.550951612322 1.15105540005 1.931419021794 17.707862468636 13300408 1.550951612322 1.15105540005 1.931419021794 17.707862468636 13300408 3.39355332637 1.160119185333 3.586374311626 0 
1992 648 -0.050916279378 0.960992153596 0.962340057765 45.91041257899 13128652 -0.050916279378 0.960992153596 0.962340057765 45.91041257899 13128652 0.997700859258 1.074498204794 1.466271938172 0 
2008 648 -0.105459872779 0.998946932317 1.004498261996 11.578111354145 12735630 -0.105459872779 0.998946932317 1.004498261996 11.578111354145 12735630 -0.327274074674 1.031413526487 1.082091577721 0 
2024 648 0.205184516772 1.067444700195 1.086986142458 40.302157560619 13273000 0.205184516772 1.067444700195 1.086986142458 40.302157560619 13273000 -0.581371475427 1.03086515041 1.18350147899 0 
2040 648 0.347673537042 2.48642386524 2.510613575601 27.144284380941 13781367 9 -15 17.492855684536 168.220541057102 13757282 -0.550158794152 1.581236049343 1.674210901447 0 
2056 648 1.013524965579 2.747340228842 2.928329077967 25.227234822087 13822926 1.013524965579 2.747340228842 2.928329077967 25.227234822087 13822926 -0.233636030852 2.682526223284 2.692681327881 0 
2072 648 2.301721215509 2.853352634075 3.665998064417 39.008569035219 13963394 -16 3 16.2788205961 79.263941215567 13961518 -0.005973365618 2.940187744854 2.940193812674 0 
2088 648 0.237645376176 2.253123568527 2.265621579141 2.791635892785 13401386 0.237645376176 2.253123568527 2.265621579141 2.791635892785 13401386 0.13282920155 2.354220614052 2.357964863269 0 
2104 648 0.048783273166 1.667161669185 1.667875246815 2.094378219782 12277106 15 2 15.132745950422 82.82366564369 12255557 -0.013602036092 1.863037589303 1.863087242869 0 
2120 648 1.490297305554 1.511000045928 2.122288198558 61.492915803609 11627742 1.490297305554 1.511000045928 2.122288198558 61.492915803609 11627742 -0.445267078543 1.466638670607 1.532739952292 0 
2136 648 1.384579466735 1.27675480973 1.883391394234 67.655437131081 11518806 4 -15 15.52417469626 174.596064691011 11485867 -0.505125747945 1.362947245267 1.453539546974 0 
2152 648 0.229088005266 1.287064288281 1.307293309217 17.187835383977 10979917 0.229088005266 1.287064288281 1.307293309217 17.187835383977 10979917 -0.193178044298 1.551963313285 1.563939859004 0 
2168 648 2.039085212526 1.805535136665 2.723568547636 46.684414841238 10868542 4 -15 15.52417469626 163.276709080507 10716379 0.053295038005 1.703571559542 1.704405004556 0 
2184 648 1.250851619239 2.656936709492 2.936654976601 17.866064034828 10706635 -16 1 16.031219541881 93.768054446379 10667010 0.234293498962 1.817771984039 1.832808890641 0 
2200 648 1.677955305698 3.937048140076 4.279705838629 14.947242554797 10262581 -16 8 17.888543819998 71.571229205521 10236435 0.24891365786 1.741054637287 1.758757873924 0 
2216 648 0.224510012001 3.030311625675 3.038617003538 0.46464002092 9945807 0 -15 15 176.227446334383 9781760 0.097155514698 1.473419519286 1.476619204077 0 
2232 648 0.011660292795 1.917402983129 1.917438437641 1.178404993811 9698552 -16 8 17.888543819998 62.604972060094 9602614 -0.017070870542 1.178370845714 1.178494490717 0 
2248 648 -0.0808600339 1.388351497018 1.39070421886 2.918627772238 10919981 -16 -15 21.931712199461 126.900520450611 10859185 -0.093765497862 0.855908616572 0.861029342422 0 
2264 648 -0.02985634281 1.051514091408 1.051937871566 9.295675089852 12126997 15 -12 19.209372712299 139.581883754589 12052493 -0.104029414528 0.539098389436 0.549043889484 0 
2280 648 -0.06629335888 0.838206514944 0.840823983439 7.336537027278 12403692 -16 4 16.492422502471 64.105136360252 12342994 -0.04786262054 0.227940164307 0.232911032262 0 
2296 648 -0.011288328086 0.758067823884 0.758151866026 12.42731225352 13049778 -16 13 20.615528128088 37.625704986628 12983733 -0.012811463687 0.054279083355 0.05577053426 0 
2312 648 -0.075196031098 0.143013983732 0.161577976951 31.285853317783 14356498 11 15 18.601075237738 32.703151610012 14330218 0.001124056033 0.018115146582 0.018149987263 0 
2328 648 -0.000259833654 0.001388815765 0.001412912863 98.624726684353 14634172 -0.000259833654 0.001388815765 0.001412912863 98.624726684353 14634172 0.006893468203 0.00023738104 0.006897554177 0 
2344 648 0.001685495874 0.000783726586 0.001858796304 16.765181792961 12208400 0.001685495874 0.000783726586 0.001858796304 16.765181792961 12208400 0.004496772824 0.000645786729 0.004542907256 0 
2360 648 0.000602772108 -0.000272591328 0.000661543835 54.220869977123 6660200 -16 15 21.931712199461 106.960626303253 2528185.75 0.002486788249 0.001429215036 0.002868234895 0 
2376 648 -0.001060927279 -0.000449866937 0.001152365807 131.432550819084 1614063 -0.001060927279 -0.000449866937 0.001152365807 131.432550819084 1614063 0.000863514475 0.002587665962 0.002727942884 0 
2392 648 0 0 0 0 0 0 0 0 0 0 0.000171171109 0.002446363306 0.002452344383 0 
2408 648 0 0 0 0 0 0 0 0 0 0 0.00040975815 0.001005307067 0.001085607683 0 
2424 648 0 0 0 0 0 0 0 0 0 0 0.000396788753 0.000213584211 0.000450621271 0 
2440 648 0 0 0 0 0 0 0 0 0 0 0.000132262918 0.000071194737 0.00015020709 0 
2456 648 0 0 0 0 0 0 0 0 0 0 0 0 0 0 
2472 648 0 0 0 0 0 0 0 0 0 0 0 0 0 0 
2488 648 0 0 0 0 0 0 0 0 0 0 0 0 0 0 
2504 648 0 0 0 0 0 0 0 0 0 0 0 0 0 0 
2520 648 0 0 0 0 0 0 0 0 0 0 0 0 0 0 
2536 648 0 0 0 0 0 0 0 0 0 0 0 0 0 0 
24 664 0 0 0 0 0 0 0 0 0 0 0 0 0 0 
40 664 0 0 0 0 0 0 0 0 0 0 0 0 0 0 
56 664 0 0 0 0 0 0 0 0 0 0 0 0 0 0 
72 664 0 0 0 0 0 0 0 0 0 0 0 0 0 0 
88 664 0 0 0 0 0 0 0 0 0 0 0 0 0 0 
104 664 0 0 0 0 0 0 0 0 0 0 0 0 0 0 
120 664 0 0 0 0 0 0 0 0 0 0 0 0 0 0 
136 664 0 0 0 0 0 0 0 0 0 0 0 0 0 0 
152 664 0 0 0 0 0 0 0 0 0 0 0 0 0 0 
168 664 0 0 0 0 0 0 0 0 0 0 0 0 0 0 
184 664 0 0 0 0 0 0 0 0 0 0 0 0 0 0 
200 664 0 0 0 0 0 0 0 0 0 0 0 0 0 0 
216 664 0 0 0 0 0 0 0 0 0 0 0 0 0 0 
232 664 0 0 0 0 0 0 0 0 0 0 0 0 0 0 
248 664 0 0 0 0 0 0 0 0 0 0 0 0 0 0 
264 664 0 0 0 0 0 0 0 0 0 0 0 0 0 0 
280 664 0 0 0 0 0 0 0 0 0 0 0 0 0 0 
296 664 0 0 0 0 0 0 0 0 0 0 0 0 0 0 
312 664 0 0 0 0 0 0 0 0 0 0 0 0 0 0 
328 664 0 0 0 0 0 0 0 0 0 0 0 0 0 0 
344 664 0 0 0 0 0 0 0 0 0 0 0 0 0 0 
360 664 0 0 0 0 0 0 0 0 0 0 0 0 0 0 
376 664 0 0 0 0 0 0 0 0 0 0 0 0 0 0 
392 664 0 0 0 0 0 0 0 0 0 0 0 0 0 0 
408 664 0 0 0 0 0 0 0 0 0 0 0 0 0 0 
424 664 0 0 0 0 0 0 0 0 0 0 0 0 0 0 
440 664 0 0 0 0 0 0 0 0 0 0 0 0 0 0 
456 664 0 0 0 0 0 0 0 0 0 0 0 0 0 0 
472 664 0 0 0 0 0 0 0 0 0 0 -0.000565176011 0.002038820354 0.002115706113 0 
488 664 0 0 0 0 0 0 0 0 0 0 -0.001695528034 0.006116461061 0.00634711834 0 
504 664 0.000765038381 0.006950804053 0.006992779183 18.536664089546 78077.9921875 0.000765038381 0.006950804053 0.006992779183 18.536664089546 78077.9921875 -0.001987520834 0.009149575053 0.009362956943 0 
520 664 -0.000910326197 0.008096956145 0.008147968618 0.957752850195 2233496 -16 15 21.931712199461 39.475133193204 187340.921875 -0.001441154411 0.01113816233 0.011231010023 0 
536 664 0.001576316482 0.010962210083 0.011074963817 15.540201633813 6541826.5 15 -16 21.931712199461 144.205027846282 4195200 -0.001637510795 0.012681922133 0.012787204175 0 
552 664 0.000324089146 0.018914704565 0.018917480873 11.57187500602 8865475 0.000324089146 0.018914704565 0.018917480873 11.57187500602 8865475 -0.002576589985 0.013780854463 0.014019656404 0 
568 664 -2.139975292792 0.120812315744 2.143382809812 69.535096905623 9080745 -2.139975292792 0.120812315744 2.143382809812 69.535096905623 9080745 -0.081054727468 0.261301355403 0.273584113538 0 
584 664 -0.304313526199 0.243996774648 0.39005275062 33.850425848535 9123513 0 -16 16 162.57285701401 9092567 -0.237071923243 0.755243424954 0.791577998511 0 
600 664 -2.114719188267 0.240419225588 2.128341760445 39.714611031153 9216578 -13 -16 20.615528128088 97.106774213519 9197148 -0.874488657993 0.911928511281 1.263465085646 0 
616 664 -6.49390993278 0.104191646352 6.494745731299 19.229213178718 9350158 7.112755038198 -15.364353364805 16.93087825696 134.989665583663 9337667 -1.993304931718 0.731356614386 2.123239752882 0 
632 664 -17.351998345963 -0.15424025559 17.35268384587 13.461630391717 9285464 13 0 13 167.047652905688 9285324 -2.087427209684 0.480092246161 2.141924583302 0 
648 664 -1.139465264934 -0.078362762337 1.142156649726 11.717881588523 8971978 -4 -16 16.492422502471 83.747514441262 8936884 -1.156855491891 0.158135406605 1.167613564473 0 
664 664 -2.922728824917 0.06164816582 2.923378914946 0.467279831755 8924049 -2.922728824917 0.06164816582 2.923378914946 0.467279831755 8924049 -1.08623137522 0.014050072961 1.086322238133 0 
680 664 0.922514724612 0.076077578091 0.925646376871 173.824603647856 9046252 0.922514724612 0.076077578091 0.925646376871 173.824603647856 9046252 -1.875554859671 0.047836245229 1.876164794999 0 
696 664 -4.333409666887 0.054480389038 4.333752121876 0.156742875309 8946743 -4.333409666887 0.054480389038 4.333752121876 0.156742875309 8946743 -1.802717397069 0.027596698438 1.802928615187 0 
712 664 -6.871364391302 0.040169592938 6.87148180484 3.413519216511 8919218 -6.871364391302 0.040169592938 6.87148180484 3.413519216511 8919218 -0.867718987413 -0.04666856741 0.868973069951 0 
728 664 -0.070555114781 -0.033700028465 0.078190256044 15.835183019488 8715980 4 15 15.52417469626 114.627296390998 8701450 -0.546627910888 -0.093396357561 0.554549323837 0 
744 664 -0.314443305953 -0.278035318351 0.419735906147 33.844626673072 8872782 8 15 17 125.711439294797 8864697 -0.839444167495 -0.112586672015 0.846960606556 0 
760 664 -0.26959954741 -0.438896586111 0.515086525997 52.84528855337 9708919 -16 -15 21.931712199461 37.558698188571 9694520 -0.789139921359 -0.077288124512 0.792915676269 0 
776 664 -0.086399505019 -0.122855618087 0.150194465155 56.691969101278 10344690 -0.086399505019 -0.122855618087 0.150194465155 56.691969101278 10344690 -0.395715172481 0.012499284948 0.395912528036 0 
792 664 -0.121321783749 0.054679956469 0.133074688996 21.361718778738 10530468 -16 -16 22.62741699797 47.899460559098 10522393 -0.893257029806 0.045242017434 0.894402013325 0 
808 664 -2.124823872668 1.960587669585 2.89115556482 42.172115548539 10386153 -2 -16 16.124515496597 83.400780068802 10382361 -2.281765493336 0.020940072945 2.281861576265 0 
824 664 -2.076095783563 2.263635058769 3.071517114036 46.690079058647 10058197 -2 -16 16.124515496597 83.659373164668 10053117 -2.303882800185 0.031542539984 2.304098715076 0 
840 664 -2.248541255272 0.307516127316 2.269472173264 3.197026606163 9920295 -2.248541255272 0.307516127316 2.269472173264 3.197026606163 9920295 -0.959608950352 0.077049418551 0.962697226803 0 
856 664 -1.385090187244 -0.220774248198 1.402574809223 26.730660312143 9783837 -8 15 17 44.253238947264 9777906 -0.333503939288 0.106269712153 0.350025897959 0 
872 664 -1.065343934827 -1.279747574025 1.66514610551 65.871628263041 9764311 -6 15 16.155494421404 52.5507953053 9760705 -0.425567766994 0.119203420791 0.441947259107 0 
888 664 -0.700294298401 -0.182916965683 0.723789141054 24.682295746462 9749495 -8.119680589131 12.007503341178 14.49514916646 45.889075363667 9747698 -0.667510095757 0.118224931853 0.677898858569 0 
904 664 -3.310500297106 0.118273619356 3.312612392987 3.525262846636 9478320 -6 15 16.155494421404 62.62720243063 9474265 -1.059330925577 0.103334245341 1.064358950799 0 
920 664 -1.151631877582 0.093182882477 1.155395616683 0.859271944437 9317516 -17 -9 19.235384061671 31.66393905315 9313872 -1.205937477234 0.079393653558 1.208548117049 0 
936 664 -1.064805756435 0.114917252206 1.070988923281 3.760101509715 9363581 -17 -16 23.345235059858 45.663897130074 9358368 -1.107329750727 0.046403156504 1.108301596939 0 
952 664 -1.188774084273 0.119075907146 1.194722936543 3.874656893327 9464834 13.216899732623 -14.776202044303 19.824797234683 133.65715124674 9452249 -1.022151352257 0.032933303766 1.022681763511 0 
968 664 -1.169733668356 0.0698522018 1.171817470847 1.068563949438 9695988 -4 -16 16.492422502471 78.312627880687 9661920 -0.950402281825 0.038984095344 0.951201480754 0 
984 664 -0.97159096855 0.043525593571 0.972565415519 1.16044251294 9600636 0 -16 16 93.725479262539 9560230 -0.817931078572 0.053258493282 0.81966317253 0 
1000 664 -0.108776622106 0.158806524933 0.192488612333 48.676289729891 9193565 13 -16 20.615528128088 136.007861730067 9166002 -0.624737742498 0.075756497581 0.629314145581 0 
1016 664 -0.110671753753 0.449175673257 0.462608930442 64.882173527844 9046854 14 -16 21.260291625469 142.46242076225 9028126 -0.651836095334 0.1299716483 0.664667529327 0 
1032 664 -0.119978164083 0.175252781908 0.212387140437 42.103298422077 9139943 -12.58310805583 -15.402426743818 19.888925510026 64.25381808232 9112522 -0.899226137079 0.215903945438 0.924782222614 0 
1048 664 -1.329346942008 0.199508203449 1.344234657889 4.014339655476 9043185 -1 15 15.033296378373 73.636344977147 9010261 -1.191106649533 0.265143561731 1.220260693003 0 
1064 664 -1.733510707592 0.247456523332 1.751083694253 2.179641610708 8907238 9.553747112538 -14.418556953005 17.296498735217 133.832144916794 8873544 -1.527477632695 0.277690497178 1.552514067764 0 
1080 664 -1.073652354177 0.319433377366 1.120163854177 5.789164604528 8971476 11.980356488098 -15.310448727465 19.440647669721 138.822664327803 8917674 -1.479775426828 0.281737482825 1.506356970666 0 
1096 664 -1.31062640186 0.440920989031 1.382806162779 3.773992853715 8986337 -1.31062640186 0.440920989031 1.382806162779 3.773992853715 8986337 -1.048000031934 0.277284518671 1.084062162068 0 
1112 664 -1.085190644508 0.45791430192 1.177847291812 9.463027974743 9894670 -1.085190644508 0.45791430192 1.177847291812 9.463027974743 9894670 -1.040236899113 0.248109048464 1.069416152022 0 
1128 664 -1.746327211789 0.459524188815 1.805774407488 7.14732702761 10695514 -1.746327211789 0.459524188815 1.805774407488 7.14732702761 10695514 -1.456486028366 0.194211072205 1.469377246112 0 
1144 664 -0.993659409051 0.5 1.112366405999 21.942115632912 10615474 -0.993659409051 0.5 1.112366405999 21.942115632912 10615474 -1.67296372308 0.139570944135 1.678775645281 0 
1160 664 -1.255218869453 0.309236433929 1.292749620885 10.987385690676 10158287 14 0 14 177.147567618186 10120786 -1.689669983257 0.084188664255 1.691766054603 0 
1176 664 -1.139104009513 0.136962328145 1.14730842576 4.930731406121 9925979 -1.139104009513 0.136962328145 1.14730842576 4.930731406121 9925979 -1.513383864579 0.050876346723 1.51423879366 0 
1192 664 -1.662229686303 0.041437727946 1.662746106694 0.556010793754 10047494 -1.662229686303 0.041437727946 1.662746106694 0.556010793754 10047494 -1.144105367047 0.039633991537 1.144791659731 0 
1208 664 -0.80164266223 -0.005895322104 0.801664339191 4.485479077091 9826802 -0.80164266223 -0.005895322104 0.801664339191 4.485479077091 9826802 -0.782280990298 0.055582364566 0.784253114136 0 
1224 664 -0.376213486223 0.02648231561 0.377144402392 8.964656347755 9190707 9 -16 18.357559750686 132.34891687057 9117120 -0.427910734331 0.098721465809 0.439150912976 0 
1240 664 -0.220799679873 0.096334258311 0.240899954247 12.382197530262 9223309 -16 15 21.931712199461 7.198688911924 9174906 -0.195577435268 0.141854000915 0.241605237447 0 
1256 664 -0.100456681069 0.279236690921 0.29675692802 4.964634779622 10254059 0.054948598603 -14.760822327512 14.760924602913 155.462225738179 10240990 -0.085281093107 0.184979969885 0.203692057038 0 
1272 664 -0.07908165946 0.381270747217 0.389385787551 2.271208991842 10703297 0.047029027571 -14.939906133968 14.939980154646 170.733661015065 10694435 -0.034597321203 0.207933561263 0.210792173797 0 
1288 664 -0.191632647017 0.293376586001 0.350418168217 21.481336099926 10543898 -0.134896086483 -14.371952482389 14.372585540194 167.791129011305 10535552 -0.043526119556 0.21071477505 0.215163285687 0 
1304 664 -0.106214158862 0.408735984955 0.422310967109 7.719984132425 10382107 -16 -15 21.931712199461 110.865699767143 10378295 -0.080681760925 0.196852703469 0.212745231225 0 
1320 664 -0.101974069122 0.424029867768 0.43611929507 27.763160979281 10493951 -9.7855759054 -14.744193264795 17.69600889551 105.142836395616 10491116 -0.146064245311 0.166347346521 0.221373447939 0 
1336 664 -0.379557623 0.309091510104 0.489491114113 2.533276660575 10506957 4 -16 16.492422502471 140.660503068161 10499387 -0.198635646311 0.147650383092 0.247501021437 0 
1352 664 -0.227006157573 0.235451781724 0.327061671697 15.486356256261 10884136 -0.227006157573 0.235451781724 0.327061671697 15.486356256261 10884136 -0.238395963925 0.140761813182 0.276851085723 0 
1368 664 -0.174611867621 0.371367213598 0.410369238186 26.373330102537 11330168 -0.174611867621 0.371367213598 0.410369238186 26.373330102537 11330168 -0.180434936474 0.143238725883 0.230378164966 0 
1384 664 0.074007670429 1.950711100922 1.952114477828 11.241203895078 11412573 5 -16 16.76305461424 171.71448722016 11403473 -0.024752563958 0.155081121197 0.157044081628 0 
1400 664 0.163026659818 1.856612700467 1.863756532208 21.017477275437 11599220 -9 -16 18.357559750686 176.677917988286 11590994 0.07412760094 0.151744254172 0.168882266373 0 
1416 664 0.377087578773 0.490800354606 0.618934592785 3.560422280574 11737457 -15 -16 21.931712199461 177.943521266534 11726040 0.116205558221 0.133228124806 0.176786495527 0 
1432 664 0.370611861827 0.250086317055 0.44709766059 7.102083377041 11864817 0.370611861827 0.250086317055 0.44709766059 7.102083377041 11864817 0.17598219487 0.153590938724 0.233580627127 0 
1448 664 0.107378940364 0.233062568158 0.256609425997 25.242286900709 11469517 0.107378940364 0.233062568158 0.256609425997 25.242286900709 11469517 0.253457510886 0.212832695923 0.330965959395 0 
1464 664 0.666543646938 0.136158693022 0.680308476324 28.350706717065 11049781 0.666543646938 0.136158693022 0.680308476324 28.350706717065 11049781 0.291877073434 0.244012523727 0.380439663721 0 
1480 664 0.182052095412 0.027432892015 0.184107384448 31.746778241494 11184076 0.182052095412 0.027432892015 0.184107384448 31.746778241494 11184076 0.291240882515 0.247130422135 0.381961643615 0 
1496 664 0.169850632123 -0.015673454392 0.170572255673 25.469608711023 11026962 -4 15 15.52417469626 84.734010110714 10993765 0.55418046337 0.203870235056 0.590490523821 0 
1512 664 1.145100331118 0.594398119865 1.290179791047 21.399015038776 10014665 -15 15 21.213203435596 128.966113644766 9942783 1.080695815998 0.11423196249 1.086716332798 0 
1528 664 1.168248621288 0.434736681918 1.246515472726 18.196881695289 10008851 -15 13 19.849433241279 136.870913130607 9942037 1.051999784192 0.040684127934 1.052786181618 0 
1544 664 0.383432983729 -0.070159576364 0.389798947109 8.316911452098 10903976 -6 15 16.155494421404 113.853625141978 10871355 0.468092367953 -0.016773268612 0.46839279187 0 
1560 664 0.184910619384 -0.088487194573 0.204992489532 7.990395992418 11059366 0 -16 16 72.417399561711 11044018 0.167301400047 -0.053015217082 0.175500346723 0 
1576 664 0.245805464488 0.301515272622 0.389013863502 75.265230730635 11010585 -8 -16 17.888543819998 92.111735408291 11000551 0.149626880473 -0.068041717475 0.16437116133 0 
1592 664 0.389630337384 0.228802458458 0.451843296737 50.300127096607 10952416 12 -16 20 33.252691241552 10944395 0.156962691725 -0.056749719442 0.166906612363 0 
1608 664 0.025086770006 0.044359232068 0.050961627712 66.283268674626 11006950 -16 -16 22.62741699797 129.226982412861 11002602 0.189308833802 -0.019139222985 0.190273866866 0 
1624 664 0.219003117853 -0.002564959383 0.21901813771 0.855974275528 11293056 10 -16 18.867962264113 56.467626369831 11287476 0.235404156446 -0.006275244438 0.235487782198 0 
1640 664 0.354296951933 0.021299089562 0.354936587808 6.959537130148 11393615 0.354296951933 0.021299089562 0.354936587808 6.959537130148 11393615 0.295248659655 -0.018157783801 0.295806484277 0 
1656 664 0.145628347543 0.093692057212 0.173164133678 33.4284425377 11345546 0.145628347543 0.093692057212 0.173164133678 33.4284425377 11345546 0.514033147302 -0.006035151984 0.514068574788 0 
1672 664 1.236309463148 0.09184479343 1.239716320272 2.315938080972 11157536 1.236309463148 0.09184479343 1.239716320272 2.315938080972 11157536 0.891757619386 0.030092651015 0.892265218071 0 
1688 664 1.29244981852 0.288538311038 1.3242661705 7.410385353038 11009847 15 -16 21.931712199461 52.022089642386 10984403 0.948313870062 0.085877444845 0.95219437705 0 
1704 664 0.132254792398 0.457146418598 0.475893032255 60.588469661229 10976099 15 -16 21.931712199461 60.123714341491 10914514 0.683701899329 0.161319229507 0.70247575115 0 
1720 664 -0.006297059466 0.582385095213 0.582419137807 64.645674317993 10962448 -0.006297059466 0.582385095213 0.582419137807 64.645674317993 10962448 0.425588020297 0.207332424848 0.473404581108 0 
1736 664 -0.093243148802 0.51506647523 0.523438400105 48.106601402009 11094962 -0.093243148802 0.51506647523 0.523438400105 48.106601402009 11094962 0.173972232967 0.22391703087 0.283558062056 0 
1752 664 0.092278448745 0.418080604542 0.428143321794 0.746476154176 11429412 0.092278448745 0.418080604542 0.428143321794 0.746476154176 11429412 0.044294352497 0.213884724391 0.218423132912 0 
1768 664 -0.03535210611 0.339794301868 0.341628363852 17.593370750947 11829795 -0.03535210611 0.339794301868 0.341628363852 17.593370750947 11829795 0.036554378886 0.177235505411 0.180965872457 0 
1784 664 0.245358376925 0.224593930498 0.332630676192 26.027964246604 12013084 0.245358376925 0.224593930498 0.332630676192 26.027964246604 12013084 0.066119604962 0.167837593152 0.180391961671 0 
1800 664 0.155926891823 0.116142478493 0.194428060999 17.709477721002 12107749 0.155926891823 0.116142478493 0.194428060999 17.709477721002 12107749 0.132990030725 0.185690987614 0.228402038417 0 
1816 664 -0.038835775335 0.106962680642 0.113794694498 38.513047679752 12315648 -0.038835775335 0.106962680642 0.113794694498 38.513047679752 12315648 0.125759153208 0.374589294554 0.395136057846 0 
1832 664 0.060651221454 0.154763255256 0.166223451538 17.938829938304 12368210 0.060651221454 0.154763255256 0.166223451538 17.938829938304 12368210 0.04442697241 0.734532513973 0.73587483308 0 
1848 664 0.002417368784 0.336577570292 0.336586251198 1.874206960922 12173551 0.002417368784 0.336577570292 0.336586251198 1.874206960922 12173551 0.030483501195 0.763723057945 0.764331180236 0 
1864 664 0.475007067658 0.451461703832 0.655323877447 36.163023939577 12029413 0.475007067658 0.451461703832 0.655323877447 36.163023939577 12029413 0.083928739565 0.462160926469 0.469719868943 0 
1880 664 0.295279167488 0.293377089233 0.41624500386 21.939114178324 12160781 0.295279167488 0.293377089233 0.41624500386 21.939114178324 12160781 0.652291978333 0.275213653439 0.707974137971 0 
1896 664 1.276695785903 0.67047469539 1.442043150152 21.039462146042 12533141 1.276695785903 0.67047469539 1.442043150152 21.039462146042 12533141 1.7355732175 0.202881238853 1.747390966664 0 
1912 664 7.172326953009 1.133170748667 7.261291198299 6.523154607374 12251991 -12 -16 20 129.324810439561 12175794 4.248523505974 0.1821450345 4.252426224452 0 
1928 664 10.397577205487 -0.043422023088 10.39766787391 1.728877038844 10943048 -6.072485571499 -0.381249222941 6.084441797409 177.897112563602 10900438 8.191142843755 0.213005040381 8.193911900554 0 
1944 664 11.154491929984 0.209600489342 11.156461024053 0.69982666315 11068593 13 15 19.849433241279 47.309290142311 11032589 9.179784319647 0.284689761431 9.184197755683 0 
1960 664 6.870542345554 0.182598418225 6.872968376502 1.628907670723 11932340 -9 -15 17.492855684536 124.115055881171 11901530 7.214447933649 0.397199197651 7.225373775103 0 
1976 664 3.544480967175 0.108844695639 3.546151786716 2.919455374155 12313832 -10.923048951685 -14.967630115739 18.529515635399 130.7995038834 12240720 4.558915703387 0.373077175297 4.574155547127 0 
1992 664 0.779329233037 0.131491307582 0.790344239832 0.350014782893 12346445 16 -15 21.931712199461 53.079361978144 12298950 1.213187628862 0.21232369437 1.231627205779 0 
2008 664 -0.139924086073 0.095695859731 0.169518280527 17.734179024311 11597562 15 -12 19.209372712299 157.97473292844 11530743 -0.62109687121 0.185564801509 0.648224975595 0 
2024 664 -0.216539972207 0.039714690681 0.220151802671 6.840515540958 11772063 -0.216539972207 0.039714690681 0.220151802671 6.840515540958 11772063 -0.943937796829 0.292800496713 0.98830698427 0 
2040 664 -0.125656536004 0.17939685144 0.219026928361 80.392573500044 13169943 -0.125656536004 0.17939685144 0.219026928361 80.392573500044 13169943 0.97505548013 0.962083312338 1.369794688707 0 
2056 664 -2.174094242297 1.939172984486 2.91325893771 115.142612443983 13558318 13 -14 19.104973174543 70.247269899807 13536094 5.135882959666 2.193413248385 5.58465356612 0 
2072 664 -8.472744262328 1.899063695248 8.682962527468 140.28990709456 13451288 20 2 20.099751242242 21.366135732907 13448768 5.094551016579 2.604402972278 5.721657531042 0 
2088 664 -0.331939554822 2.225518551335 2.250137038136 29.675386903808 13461738 -9.602735283597 -11.851401158752 15.253466306139 162.175647780478 13452896 0.851059650867 2.195052484018 2.354263778111 0 
2104 664 0.345542175697 1.480343130045 1.520136565529 39.403712694664 13283016 13 -15 19.849433241279 165.350580314491 13276042 -0.890705563552 1.804983695594 2.012789741206 0 
2120 664 2.107829110978 2.266196150423 3.094929490841 48.135256704709 12924002 -9 -15 17.492855684536 143.827427366768 12912317 -0.13074462668 1.434196607006 1.440143765377 0 
2136 664 0.203645410281 2.876909407304 2.884108040793 18.991638168788 12481678 0 -15 15 156.959366535911 12471633 0.565857803803 1.330453302272 1.445787343855 0 
2152 664 1.174606822699 2.698306512435 2.942882808231 15.231442691167 12017662 10 -15 18.02775637732 107.554390511822 12004921 1.199101727896 1.493753781392 1.915501321656 0 
2168 664 1.929125039365 2.571675983553 3.214815823945 5.944826869713 11870625 16 -15 21.931712199461 90.332417562525 11850478 1.477037668534 1.593940710137 2.17308243325 0 
2184 664 1.80897311676 1.336309941326 2.249023787435 12.911513715267 11653592 1.80897311676 1.336309941326 2.249023787435 12.911513715267 11653592 1.399665625716 1.631014088507 2.149248896875 0 
2200 664 1.425458728667 1.356241496489 1.967567936294 4.71248419251 11215818 1.425458728667 1.356241496489 1.967567936294 4.71248419251 11215818 1.384008744651 1.552672502124 2.079969255572 0 
2216 664 1.001332023508 1.805941194997 2.064967171916 17.454527996409 11079810 1.001332023508 1.805941194997 2.064967171916 17.454527996409 11079810 1.430067025339 1.35891595099 1.972750429937 0 
2232 664 0.96545385241 1.428534446859 1.72418438892 16.022892585732 11074363 0.96545385241 1.428534446859 1.72418438892 16.022892585732 11074363 1.344794002243 1.125415515713 1.753576628344 0 
2248 664 0.863970283401 0.456444099265 0.977131447838 9.217413275781 11336390 1.186077909877 -12.312548709161 12.369544717723 121.562981485382 11315156 1.128189675363 0.852171196292 1.41386268477 0 
2264 664 1 -0.030190822808 1.000455639087 30.466350604841 12114076 1 15 15.033296378373 57.448856010289 12080347 1.022403699408 0.560609722837 1.166015688532 0 
2280 664 0.971912897928 -0.015060264456 0.972029573997 14.601923093187 12526958 0.971912897928 -0.015060264456 0.972029573997 14.601923093187 12526958 1.027436074379 0.250731095347 1.057587334034 0 
2296 664 0.953476436306 0.143298351768 0.964184490754 5.440507552756 12521776 15 15 21.213203435596 41.89347026484 12481326 1.393059190818 0.075604616094 1.395109302922 0 
2312 664 2.417053535524 0.110886165969 2.419595738009 1.674309536048 12836502 2.417053535524 0.110886165969 2.419595738009 1.674309536048 12836502 2.119273048726 0.035230285077 2.119565858387 0 
2328 664 1.187764402607 0.054382463559 1.189008716723 2.243629457039 13426155 1 -16 16.031219541881 86.801524969532 13378879 1.862801531167 0.012285148683 1.862842040914 0 
2344 664 0.211455527617 0.018740692359 0.212284369915 4.442846880923 13778721 8 -16 17.888543819998 64.05682822765 13731170 0.623644638142 0.006769206911 0.623681374457 0 
2360 664 -0.000036172299 0.008584913047 0.008584989252 35.90580436489 12003954 -16 15 21.931712199461 82.512001840549 10247433 0.003011815833 0.004196886875 0.005165742353 0 
2376 664 -0.000220319005 0.005596976097 0.00560131073 13.436583906492 6536908.5 15 -16 21.931712199461 125.665249881406 2826499.25 0.000903064239 0.004568188574 0.00465659445 0 
2392 664 -0.001278636895 0.001794111257 0.002203122219 38.105497690711 1419901 -0.001278636895 0.001794111257 0.002203122219 38.105497690711 1419901 0.000177151253 0.003858697651 0.003862761981 0 
2408 664 0 0 0 0 0 0 0 0 0 0 0.000834076875 0.002068414104 0.002230251362 0 
2424 664 0 0 0 0 0 0 0 0 0 0 0.000925437106 0.001210846095 0.001524002002 0 
2440 664 0 0 0 0 0 0 0 0 0 0 0.000451231947 0.001285993623 0.001362860913 0 
2456 664 0 0 0 0 0 0 0 0 0 0 0.000160597025 0.000992675541 0.001005582485 0 
2472 664 0 0 0 0 0 0 0 0 0 0 0.000053532342 0.000330891847 0.000335194162 0 
2488 664 0 0 0 0 0 0 0 0 0 0 0 0 0 0 
2504 664 0 0 0 0 0 0 0 0 0 0 0 0 0 0 
2520 664 0 0 0 0 0 0 0 0 0 0 0 0 0 0 
2536 664 0 0 0 0 0 0 0 0 0 0 0 0 0 0 
24 680 0 0 0 0 0 0 0 0 0 0 0 0 0 0 
40 680 0 0 0 0 0 0 0 0 0 0 0 0 0 0 
56 680 0 0 0 0 0 0 0 0 0 0 0 0 0 0 
72 680 0 0 0 0 0 0 0 0 0 0 0 0 0 0 
88 680 0 0 0 0 0 0 0 0 0 0 0 0 0 0 
104 680 0 0 0 0 0 0 0 0 0 0 0 0 0 0 
120 680 0 0 0 0 0 0 0 0 0 0 0 0 0 0 
136 680 0 0 0 0 0 0 0 0 0 0 0 0 0 0 
152 680 0 0 0 0 0 0 0 0 0 0 0 0 0 0 
168 680 0 0 0 0 0 0 0 0 0 0 0 0 0 0 
184 680 0 0 0 0 0 0 0 0 0 0 0 0 0 0 
200 680 0 0 0 0 0 0 0 0 0 0 0 0 0 0 
216 680 0 0 0 0 0 0 0 0 0 0 0 0 0 0 
232 680 0 0 0 0 0 0 0 0 0 0 0 0 0 0 
248 680 0 0 0 0 0 0 0 0 0 0 0 0 0 0 
264 680 0 0 0 0 0 0 0 0 0 0 0 0 0 0 
280 680 0 0 0 0 0 0 0 0 0 0 0 0 0 0 
296 680 0 0 0 0 0 0 0 0 0 0 0 0 0 0 
312 680 0 0 0 0 0 0 0 0 0 0 0 0 0 0 
328 680 0 0 0 0 0 0 0 0 0 0 0 0 0 0 
344 680 0 0 0 0 0 0 0 0 0 0 0 0 0 0 
360 680 0 0 0 0 0 0 0 0 0 0 0 0 0 0 
376 680 0 0 0 0 0 0 0 0 0 0 0 0 0 0 
392 680 0 0 0 0 0 0 0 0 0 0 0 0 0 0 
408 680 0 0 0 0 0 0 0 0 0 0 0 0 0 0 
424 680 0 0 0 0 0 0 0 0 0 0 0 0 0 0 
440 680 0 0 0 0 0 0 0 0 0 0 0 0 0 0 
456 680 0 0 0 0 0 0 0 0 0 0 0 0 0 0 
472 680 0 0 0 0 0 0 0 0 0 0 -0.000513115009 0.000962865996 0.001091053591 0 
488 680 0 0 0 0 0 0 0 0 0 0 -0.001539345027 0.002888597987 0.003273160772 0 
504 680 0 0 0 0 0 0 0 0 0 0 -0.001713563338 0.004907959595 0.005198496581 0 
520 680 -0.001569467272 -0.000680316807 0.001710572558 105.043217470608 282329 -0.001569467272 -0.000680316807 0.001710572558 105.043217470608 282329 -0.001035769944 0.007020950819 0.007096940875 0 
536 680 -0.000517413509 0.001921778282 0.00199021318 7.414742926926 2484711 -16 15 21.931712199461 39.193540791347 505110.0625 -0.00105272856 0.007833437103 0.007903858189 0 
552 680 -0.000089885537 0.003537672551 0.003538814277 12.051617946905 6501531.5 -16 15 21.931712199461 33.340528595194 4563652 -0.001764439186 0.007345418449 0.007554364158 0 
568 680 0.006576068423 0.010083842704 0.012038627812 51.226915051172 8926733 -3.812878268749 -14.510899258495 15.003474197082 147.160809895125 8733448 -0.02960239969 0.090477892781 0.095197432474 0 
584 680 -0.033671124404 0.778756822346 0.779484402005 15.72291783348 8876771 -0.033671124404 0.778756822346 0.779484402005 15.72291783348 8876771 -0.084566610075 0.257230860101 0.270775233224 0 
600 680 -0.122320208753 1.679550670408 1.683999016608 39.740327548352 8484311 15 -16 21.931712199461 179.246614830545 8423949 -0.298563097046 0.310190381543 0.430532223787 0 
616 680 -0.795042278273 2.651031043344 2.767680945668 52.936509209741 8321210.5 -0.283289270562 -13.944397446817 13.947274750489 109.205701526124 8253726.5 -0.671591860603 0.249356457109 0.716389747226 0 
632 680 15 1 15.033296378373 163.001968980838 7867947 -16 1 16.031219541881 9.607621809874 7867709 -0.700722170066 0.164145906111 0.719691210253 0 
648 680 -13.253477121177 -0.745874771016 13.274448575199 11.267134450924 7396002 -13.253477121177 -0.745874771016 13.274448575199 11.267134450924 7396002 -0.385954025434 0.05455872855 0.389791180774 0 
664 680 -2.548367419631 1.154316912022 2.79761041584 22.551716840317 7320620 -2.548367419631 1.154316912022 2.79761041584 22.551716840317 7320620 -0.407115345743 0.012915489478 0.40732016229 0 
680 680 -0.200792701795 1.911301308213 1.921819554451 81.065134760217 7261464.5 -0.200792701795 1.911301308213 1.921819554451 81.065134760217 7261464.5 -0.764206130993 0.039216188896 0.765211683209 0 
696 680 -5.303553038778 1.773503224096 5.592225721571 16.386547241882 7105625 15 2 15.132745950422 170.302016443812 7101419 -0.841129109425 0.030891905858 0.841696197312 0 
712 680 -6.656295386333 2.407485011482 7.0782944521 20.967200968138 7511670 15 2 15.132745950422 173.488238873738 7473328.5 -0.637884281036 -0.012057359635 0.637998225636 0 
728 680 -6.802712790864 0.261407962532 6.807733502265 4.917260360566 7601022 15 4 15.52417469626 167.785220014931 7559145 -0.933466194124 -0.044292808904 0.934516446347 0 
744 680 -4.652420961982 0.027504509921 4.652502262821 2.520052697379 7597517 -4.652420961982 0.027504509921 4.652502262821 2.520052697379 7597517 -1.727874848689 -0.065814441949 1.729127824511 0 
760 680 -2.35561592246 -0.061983340589 2.356431265422 0.930606517123 8238013 -2.35561592246 -0.061983340589 2.356431265422 0.930606517123 8238013 -1.65660410687 -0.070529557669 1.658104817375 0 
776 680 -0.155284579345 -0.04379158366 0.16134126373 11.106496589707 8848781 -0.155284579345 -0.04379158366 0.16134126373 11.106496589707 8848781 -0.719653968668 -0.058438156062 0.722022750821 0 
792 680 -2.294073755342 -0.154562207245 2.299274640154 2.179653802035 9311675 -2 15 15.132745950422 84.080155528914 9234923 -2.448291514687 -0.071585799287 2.449337842673 0 
808 680 -0.704045684711 -0.246790140462 0.74604671408 18.39639270318 9465851 -15 15 21.213203435596 45.92077479366 9421730 -6.842516744928 -0.109972487344 6.843400423225 0 
824 680 -5.995338510896 -0.266952381248 6.001278816559 1.657760355477 9343103 4 15 15.52417469626 105.823162329406 9323579 -6.843481725176 -0.106519790863 6.844310673009 0 
840 680 -1.900759410676 -0.241193705843 1.916001237216 5.800920085679 9333844 -10 15 18.02775637732 57.740815063609 9312628 -2.451186455432 -0.061227709841 2.451951033717 0 
856 680 -0.238381570026 -0.250567632539 0.345846658802 42.044039725291 9557852 -12 15 19.209372712299 55.723837014832 9531856 -0.304848307818 -0.02336926853 0.305742724347 0 
872 680 -0.363292365331 -0.275598112763 0.455999629897 38.183773987519 9831702 -8 15 17 60.928146023828 9816966 -0.404467282336 0.007055533071 0.404528816066 0 
888 680 -1.951189253253 -0.06559876571 1.952291653435 2.707406638033 9831273 -2 15 15.132745950422 81.623502465498 9825861 -1.051568208012 0.014350516349 1.051666122599 0 
904 680 -2.191118148117 -0.032718339038 2.191362413823 0.817629089248 9588838 -2 15 15.132745950422 82.443219260016 9585300 -2.246151084846 -0.001484318695 2.246151575286 0 
920 680 -2.063121305333 -0.121342316302 2.066686594103 3.088859251535 9279727 -18 0 18 0.277109878875 9277694 -2.841899328127 -0.013744895798 2.841932566647 0 
936 680 -2.300764971681 -0.150375085861 2.305673897445 3.286741036287 9049545 -18 15 23.43074902772 40.258291024127 9046330 -2.838812937855 -0.022431214959 2.838901557916 0 
952 680 -2.362196311972 -0.135873727831 2.366100819113 3.419604009586 9032945 5 15 15.811388300842 108.307375375027 9024764 -2.214757726102 0.004931336107 2.214763216103 0 
968 680 -0.365376798854 0.566777043117 0.674341472657 53.160563523711 9036280 -0.365376798854 0.566777043117 0.674341472657 53.160563523711 9036280 -0.969733692868 0.068342757399 0.972138965155 0 
984 680 -0.222115187761 0.382461692217 0.442280570055 40.443801589263 9024907 -0.222115187761 0.382461692217 0.442280570055 40.443801589263 9024907 -0.350987612529 0.123672887132 0.372138800933 0 
1000 680 -0.232424842073 0.141229413214 0.27196884816 5.795165797135 8986246 15 -16 21.931712199461 158.641544090774 8984255 -0.358519485083 0.170921725307 0.397178117935 0 
1016 680 -0.158517921247 0.025399658576 0.160539945223 16.271546213187 8951279 9.735314279882 13.249808819104 16.441830125351 100.931845071253 8949326 -0.416344212965 0.197470309316 0.460800419629 0 
1032 680 -3.671400217797 0.048212796592 3.671716769169 20.437504006385 8977544 8.5 -14.711490325111 16.99052522984 141.20831708785 8972656 -0.524461796173 0.203318639161 0.562493239671 0 
1048 680 -0.398564625239 0.076460718053 0.405832480092 3.474788141548 8898468 10.166771552855 -14.835175617562 17.984595614354 138.757917030363 8895308 -0.857015176528 0.218999812629 0.884554085814 0 
1064 680 -1.204787030897 0.114619085898 1.210226972377 4.37617905978 8779992 13 -16 20.615528128088 138.904594882183 8774804 -1.414004354027 0.24451382972 1.434989660636 0 
1080 680 -1.401387571909 0.276181170708 1.428342804006 1.495694369492 8775170 -13 -16 20.615528128088 60.559251421075 8766653 -1.473218557239 0.250581154157 1.494377406217 0 
1096 680 -1.100471332465 0.750767884611 1.332174752103 21.390457927694 8916142 -1 -16 16.031219541881 99.335951989483 8909380 -1.034657786163 0.23720178594 1.061499609854 0 
1112 680 -0.980786398513 1.003493003695 1.403189284442 34.732278148795 9129568 -0.133404944306 -14.986491155448 14.987084907729 100.413327953866 9127211 -1.05199037628 0.203025941009 1.071402484834 0 
1128 680 -0.992857996341 0.567472951809 1.143587579476 24.205978439497 9224051 -0.974701096437 -14.482096172988 14.51485968899 91.693942552079 9223105 -1.525216327593 0.148053619362 1.53238530408 0 
1144 680 -0.959488226015 0.324604593306 1.012909570425 16.055567863752 9246546 -14.691203240915 -15.125760646786 21.086016404474 48.470610656491 9244421 -1.970647398701 0.090714657413 1.972734224136 0 
1160 680 -1.808003866823 0.07337471175 1.809492147198 1.580098319303 9176462 -8.283410846074 -15.087110213547 17.211501673026 61.975376558422 9170537 -2.388283589606 0.03100905516 2.388484889189 0 
1176 680 -2.115821617675 0.022622980196 2.115942559961 0.916921485524 8853652 -1.877246215728 -15.485219227556 15.598591855675 82.783539777881 8841284 -2.55492561718 -0.01357039903 2.554961656279 0 
1192 680 -2.713588264229 0.106056397701 2.715659998463 3.235851980706 8879949 -18 -16 24.083189157585 40.635865072197 8849148 -2.470573481424 -0.043023705158 2.470948070341 0 
1208 680 -2.544614503933 0.060095277743 2.545324029673 2.691441211976 8866565 -9 -16 18.357559750686 59.303688303586 8830847 -1.925525194022 -0.04499278111 1.926050784161 0 
1224 680 -2.5 -0.292208087694 2.517019182786 5.453530683348 8838369 -5 15 15.811388300842 72.778187065401 8823628 -0.919780754974 -0.019477626888 0.919986964673 0 
1240 680 -0.136683927381 -0.176932599901 0.223579160281 58.937423618849 9238343 8 -16 17.888543819998 123.189269602217 9229389 -0.335217063 0.038929534777 0.337469980894 0 
1256 680 -0.129434932091 0.225269772445 0.259807374843 22.961734145583 9741976 8.021927220781 -15.438002088891 17.397793677133 154.614947849889 9730641 -0.171834118102 0.130228703882 0.215607234245 0 
1272 680 0.064857794118 0.175141406891 0.186764680456 44.429588237616 10103634 0.298902339497 -15.146838798333 15.149787727596 157.021354047447 10086865 -0.080008212697 0.178783963393 0.195869904951 0 
1288 680 -0.174510823928 0.079051431763 0.191580678911 47.69722072456 10137846 8 15 17 46.005276900764 10125631 -0.059739346783 0.184595313309 0.194021182477 0 
1304 680 -0.008370531123 0.090441554698 0.090828082703 31.748788122548 10243234 0 15 15 37.036553476838 10237305 -0.126624907254 0.167814067689 0.210227087816 0 
1320 680 -0.363410139396 0.677289976297 0.768627765181 37.193369438139 10352375 -5.063093074931 -14.779999318477 15.623165215141 95.680573039417 10350303 -0.280664894111 0.128440226533 0.308657860062 0 
1336 680 -0.947304573758 0.941936147446 1.335900318635 26.61931321439 10200224 -0.221180902243 -15.357454790933 15.359047452465 107.392749394623 10199040 -0.342809223362 0.112828471393 0.360899470184 0 
1352 680 -0.351105096004 0.158588020933 0.385259586284 3.179221357633 10286200 0 -16 16 111.128639015468 10281824 -0.313057895007 0.12097880227 0.335620494345 0 
1368 680 -0.053301259541 0.209365735537 0.216044059131 43.570376390765 10674525 0 -16 16 122.146429855015 10667271 -0.213452380923 0.134139585857 0.252101859207 0 
1384 680 0.006311591167 0.367601711846 0.367655891746 17.09421472461 11010475 0 -16 16 163.889436860643 11002709 -0.043992681111 0.152310822155 0.158536880684 0 
1400 680 0.161401686908 0.377143600147 0.410228960056 0.768738391114 11372167 0 -16 16 156.062362248378 11362587 0.066975243684 0.150870583246 0.165068519577 0 
1416 680 0.185904258667 0.252343861961 0.313429127651 6.23891871063 11628175 0.185904258667 0.252343861961 0.313429127651 6.23891871063 11628175 0.119451393463 0.129818869129 0.176413078263 0 
1432 680 0.105153534262 0.110218085134 0.15233283316 8.050373360727 11722489 0.105153534262 0.110218085134 0.15233283316 8.050373360727 11722489 0.175703511753 0.138745900358 0.223879764402 0 
1448 680 -0.053604598896 0.248635243074 0.25434806294 65.164126761002 11638936 -0.053604598896 0.248635243074 0.25434806294 65.164126761002 11638936 0.235731598556 0.177651676932 0.295177073762 0 
1464 680 -0.001293901735 0.269432916706 0.26943602355 52.668033376768 11565373 -0.001293901735 0.269432916706 0.26943602355 52.668033376768 11565373 0.281935447656 0.217175318028 0.355883008032 0 
1480 680 0.029952451039 -0.066302511939 0.072754191719 104.994494816855 11503154 0.029952451039 -0.066302511939 0.072754191719 104.994494816855 11503154 0.314315059052 0.257316823646 0.406209187585 0 
1496 680 0.120493625677 0.044064116468 0.128297935248 2.56299771371 11232213 0.120493625677 0.044064116468 0.128297935248 2.56299771371 11232213 0.597701748748 0.249415031915 0.647653640923 0 
1512 680 1.149521682636 1.011689448656 1.531311738143 31.652976444483 10027869 1.149521682636 1.011689448656 1.531311738143 31.652976444483 10027869 1.132095516744 0.193469942834 1.148508109598 0 
1528 680 1.204422284508 0.605351614747 1.347992439481 21.402674008859 9893266 13 -16 20.615528128088 56.187910350776 9827734 1.091270792358 0.100883924778 1.095924043231 0 
1544 680 0.313489638085 -0.328290911249 0.453928051122 42.908036940007 10671905 0.313489638085 -0.328290911249 0.453928051122 42.908036940007 10671905 0.475227575591 -0.028343022251 0.476072027651 0 
1560 680 -0.213043846599 -0.601174605956 0.637807641393 69.054140718649 10704712 -0.213043846599 -0.601174605956 0.637807641393 69.054140718649 10704712 0.151362948852 -0.129089570476 0.198934309486 0 
1576 680 -0.069504927865 -0.473374179114 0.478449630002 39.078353739884 10755808 -0.069504927865 -0.473374179114 0.478449630002 39.078353739884 10755808 0.119676912142 -0.201355719896 0.23423639605 0 
1592 680 0.091046583942 -0.246939937548 0.263189690534 19.567230158005 10574162 0.091046583942 -0.246939937548 0.263189690534 19.567230158005 10574162 0.150522028738 -0.18062287888 0.235120193753 0 
1608 680 0.140632438377 -0.120193776933 0.184997369541 25.182671998369 10420732 0.140632438377 -0.120193776933 0.184997369541 25.182671998369 10420732 0.243898298641 -0.066891047427 0.252904709932 0 
1624 680 0.166525828984 -0.033180659862 0.16979931657 7.534058315041 10555038 0.166525828984 -0.033180659862 0.16979931657 7.534058315041 10555038 0.328370734466 -0.021434364791 0.329069553815 0 
1640 680 0.523234489584 -0.192905872888 0.557662090234 13.985899354036 10618481 0.523234489584 -0.192905872888 0.557662090234 13.985899354036 10618481 0.403939336213 -0.044252830973 0.406356125079 0 
1656 680 0.1322517165 -0.43893916822 0.458430049097 70.780321233948 10666229 0.1322517165 -0.43893916822 0.458430049097 70.780321233948 10666229 0.788588729603 -0.033771444173 0.789311532222 0 
1672 680 1.405881834437 -0.233889599569 1.425204573802 9.832407771072 10454787 1.405881834437 -0.233889599569 1.425204573802 9.832407771072 10454787 1.482318914635 0.010009795609 1.482352711298 0 
1688 680 2.097310015724 0.035719872176 2.097614171225 1.464821321573 10225687 2.097310015724 0.035719872176 2.097614171225 1.464821321573 10225687 1.7148761102 0.073090365673 1.716433009147 0 
1704 680 1.370596491975 0.058111697369 1.371827873016 3.543886890671 10243692 1.370596491975 0.058111697369 1.371827873016 3.543886890671 10243692 1.486260316296 0.15547026602 1.494369676959 0 
1720 680 1.270877315242 0.158330233309 1.280702000145 2.975114429244 10127374 1.270877315242 0.158330233309 1.280702000145 2.975114429244 10127374 1.048812934258 0.18638066726 1.065244725025 0 
1736 680 -0.09213289762 0.184109374503 0.205875526967 94.195587029314 10117291 -0.09213289762 0.184109374503 0.205875526967 94.195587029314 10117291 0.402533964084 0.165821569392 0.435350875865 0 
1752 680 0.011702586777 0.288734193568 0.288971253021 22.878819792815 10432764 -11.780377201584 -14.949785709202 19.033480495239 166.961802662752 10418458 0.068115859794 0.144754979853 0.159980544278 0 
1768 680 -0.025038942574 0.436755115408 0.437472261383 23.578127367915 10674968 -14.923393476274 -15.267749480922 21.349750515168 155.950461205494 10671276 0.045558621389 0.12318089864 0.131335911969 0 
1784 680 0.479341300403 0.518464637943 0.706097488361 7.528235515998 10565400 -0.100459450683 -14.538088165683 14.5384352533 145.169528979543 10563800 0.078778714464 0.111566843104 0.136576887989 0 
1800 680 0.768371851334 0.750891917077 1.07435281591 11.111366046616 10560422 -2.748377347451 -14.583391186608 14.840110395331 133.902194204524 10559115 0.167776139018 0.109912813244 0.200573326589 0 
1816 680 -0.007746729939 0.370234213041 0.37031524993 46.376077064701 10817444 -0.103048216312 -14.426361831984 14.426729866543 135.231856692398 10814844 0.171004846924 0.169949159486 0.241092045662 0 
1832 680 0.210355944072 0.265057595122 0.338386098914 21.563874624758 10914566 -0.744435629641 -14.615131954695 14.634078941288 166.043426548711 10910108 0.088464838181 0.291675881831 0.304796403582 0 
1848 680 0 0.275913590399 0.275913590399 14.708198465668 10747769 0.059520271031 -14.866599477356 14.866718625265 165.062412015236 10742917 0.083527622252 0.318202850083 0.328983156833 0 
1864 680 0.073960870288 0.333163501869 0.341274272853 19.528044020287 10627196 0.412907158203 -14.769612361332 14.77538296036 146.354141713555 10621884 0.156193199135 0.24953006424 0.294383369801 0 
1880 680 1.198645695868 0.248992751404 1.224234003152 5.018730370402 10744899 1.22352091804 -14.736375931845 14.787081491678 91.970110650493 10736461 1.817970903432 0.214088007988 1.830533223105 0 
1896 680 4.866442514901 0.158829276935 4.869033732688 0.524214648996 11061968 5.4181466903 -14.660824073877 15.629973643061 72.110936741209 11039678 5.068860735144 0.211876681326 5.073286989751 0 
1912 680 9.419705852078 0.132463284411 9.420637179161 0.773322061472 11188184 7.313733265542 -14.203944806016 15.976318171965 64.334654773779 11165739 7.61163277794 0.209817907107 7.614524088894 0 
1928 680 10.332173729988 0.087363542418 10.332543073958 0.776417832723 10945849 -5.411927303862 0.024325532263 5.41198197279 178.481598744249 10940906 9.446287031819 0.20791168533 9.44857481086 0 
1944 680 11.028304258062 0.244171161731 11.031006951525 0.547042887826 10862908 12.956069406192 -13.793147407179 18.923811715778 48.607791136788 10855728 9.433671122573 0.299001134845 9.438408368338 0 
1960 680 6.903029060885 0.168119387714 6.905075983938 2.254478953863 10909170 21 15 25.806975801128 31.888068166131 10886779 7.573785050201 0.483086255651 7.589175997237 0 
1976 680 3.737779599323 0.163524160851 3.741354899538 2.537334216116 10853895 18 15 23.43074902772 34.763200565506 10776153 4.828641982576 0.426049804908 4.847401554664 0 
1992 680 0.842351458551 0.316071978554 0.899698546931 14.475107619881 10799918 0.842351458551 0.316071978554 0.899698546931 14.475107619881 10799918 1.198241919699 0.127891782617 1.205047719463 0 
2008 680 -0.07205092387 0.136108826521 0.154003078824 61.339267645375 10330914 -16 12 20 36.10423654595 10301390 -0.801589335715 0.010712522181 0.801660914143 0 
2024 680 -1.233903450419 -0.274968508262 1.264169848356 16.20412015509 10270160 14 -13 19.104973174543 140.76244120878 10258944 -1.170851783666 0.074512023599 1.173220329254 0 
2040 680 3.609361020402 2.769217840527 4.549291639794 33.113317375961 11476801 4 -16 16.492422502471 80.347019150955 11445270 4.478699581006 0.343301106129 4.491837662514 0 
2056 680 28.829059645569 0.272235134438 28.830344986076 2.355798881062 11896010 0 0 0 0 11894384 16.147064758302 0.817079769768 16.167724628374 0 
2072 680 27.331620079647 5.570612912384 27.893533021075 7.863279573424 12020123 27 -16 31.38470965295 34.307379948604 11989962 15.430063943366 0.986111599136 15.461542270496 0 
2088 680 1.572119970086 4.931961463782 5.176466466672 52.250537493318 12151320 -6 -16 17.088007490635 130.62522296839 12125954 2.327697136201 0.850396594231 2.478174393653 0 
2104 680 -0.081851618303 0.489923936322 0.49671435534 67.049058698912 12324552 -0.081851618303 0.489923936322 0.49671435534 67.049058698912 12324552 -3.089847972442 0.739875483711 3.17719628355 0 
2120 680 -0.143390957357 2.678394131286 2.68222968613 48.425059414378 12294199 -7 -16 17.464249196573 104.881091875767 12257648 -0.822571382563 0.654548267575 1.051216968089 0 
2136 680 1.098996917833 2.257425909285 2.510730164975 34.942533205654 12125106 -8 -16 17.888543819998 145.664016763578 12098715 1.101126848924 0.612853303806 1.260186299484 0 
2152 680 2.255415457361 0.836849343976 2.405663257777 7.442592879247 11637993 2 -16 16.124515496597 95.789258928759 11622527 2.681246722018 0.614790592404 2.750827413133 0 
2168 680 3.785787756709 0.706180344631 3.851088108313 0.106414092755 11247625 0 -16 16 100.459796193086 11237715 3.393243337966 0.626438009749 3.450583273985 0 
2184 680 2.835020249518 1.142787331507 3.056681648492 10.637934388351 11272357 18 -16 24.083189157585 52.949806377666 11258048 3.237116696766 0.647795555841 3.301297258752 0 
2200 680 2.798712615475 1.456166888398 3.154871520503 17.147594353395 11291068 12 -16 20 63.470415209182 11267155 3.411946520897 0.622535990042 3.468274804619 0 
2216 680 2.626779184178 0.715605394998 2.722509864772 7.238270601193 11179159 3 -16 16.2788205961 87.381174706079 11153765 3.917732810358 0.550659312351 3.956242668447 0 
2232 680 3.059186256968 0.49732693014 3.09934745233 2.589296284194 11191531 3 -16 16.2788205961 86.024751298621 11165539 3.976900897634 0.463266938602 4.003792827558 0 
2248 680 3.067316010837 0.454418989195 3.100794112494 2.694065835109 11427099 11 -16 19.416487838948 61.224413143561 11391072 3.589450782722 0.360358868794 3.607494343156 0 
2264 680 3.037557828389 0.05482224923 3.038052507745 3.349673481583 11511108 3.037557828389 0.05482224923 3.038052507745 3.349673481583 11511108 3.332277175681 0.255447839166 3.342053975342 0 
2280 680 3.060334152421 -0.0977853761 3.061895998275 4.483248246543 11161540 3.060334152421 -0.0977853761 3.061895998275 4.483248246543 11161540 3.20538007651 0.148533849717 3.2088196801 0 
2296 680 6.33273567951 1.022123154105 6.414692270771 8.041681837673 10816474 -8 -16 17.888543819998 117.692013966642 10776234 4.213305702235 0.082883088634 4.214120851004 0 
2312 680 7.597517616334 0.324246869527 7.604433572786 1.916501081781 10872285 7.597517616334 0.324246869527 7.604433572786 1.916501081781 10872285 6.356054052857 0.058495555918 6.356323218096 0 
2328 680 5.195272742347 -0.066731778007 5.195701299879 1.119723271199 11240296 5.195272742347 -0.066731778007 5.195701299879 1.119723271199 11240296 5.571855986703 0.037325602074 5.57198100653 0 
2344 680 0.879677420923 0.246365441958 0.913525202648 15.049087744376 11408478 0.879677420923 0.246365441958 0.913525202648 15.049087744376 11408478 1.860711503773 0.019373227101 1.860812355452 0 
2360 680 -0.031867554752 0.386981992379 0.388291904978 27.668404933247 11701652 -0.031867554752 0.386981992379 0.388291904978 27.668404933247 11701652 0.003914994466 0.009240730366 0.010035849708 0 
2376 680 0.000524482156 0.00425113235 0.004283364074 4.917967160985 9898499 0.000524482156 0.00425113235 0.004283364074 4.917967160985 9898499 0.001466458781 0.006928111867 0.007081612485 0 
2392 680 -0.002919448313 0.000843944508 0.003038983512 81.826031343744 4923936 15 -16 21.931712199461 128.898228861928 2286707 0.000700846855 0.005018953579 0.005067650475 0 
2408 680 -0.002131693526 0.003644378541 0.004222038872 55.054663566002 1059816 -0.002131693526 0.003644378541 0.004222038872 55.054663566002 1059816 0.001618158686 0.003513255502 0.003867997125 0 
2424 680 0 0 0 0 0 0 0 0 0 0 0.001718207976 0.003062980389 0.003511991958 0 
2440 680 0 0 0 0 0 0 0 0 0 0 0.001000994726 0.003668128238 0.003802256595 0 
2456 680 0 0 0 0 0 0 0 0 0 0 0.000481791076 0.002978026622 0.003016747455 0 
2472 680 0 0 0 0 0 0 0 0 0 0 0.000160597025 0.000992675541 0.001005582485 0 
2488 680 0 0 0 0 0 0 0 0 0 0 0 0 0 0 
2504 680 0 0 0 0 0 0 0 0 0 0 0 0 0 0 
2520 680 0 0 0 0 0 0 0 0 0 0 0 0 0 0 
2536 680 0 0 0 0 0 0 0 0 0 0 0 0 0 0 
24 696 0 0 0 0 0 0 0 0 0 0 0 0 0 0 
40 696 0 0 0 0 0 0 0 0 0 0 0 0 0 0 
56 696 0 0 0 0 0 0 0 0 0 0 0 0 0 0 
72 696 0 0 0 0 0 0 0 0 0 0 0 0 0 0 
88 696 0 0 0 0 0 0 0 0 0 0 0 0 0 0 
104 696 0 0 0 0 0 0 0 0 0 0 0 0 0 0 
120 696 0 0 0 0 0 0 0 0 0 0 0 0 0 0 
136 696 0 0 0 0 0 0 0 0 0 0 0 0 0 0 
152 696 0 0 0 0 0 0 0 0 0 0 0 0 0 0 
168 696 0 0 0 0 0 0 0 0 0 0 0 0 0 0 
184 696 0 0 0 0 0 0 0 0 0 0 0 0 0 0 
200 696 0 0 0 0 0 0 0 0 0 0 0 0 0 0 
216 696 0 0 0 0 0 0 0 0 0 0 0 0 0 0 
232 696 0 0 0 0 0 0 0 0 0 0 0 0 0 0 
248 696 0 0 0 0 0 0 0 0 0 0 0 0 0 0 
264 696 0 0 0 0 0 0 0 0 0 0 0 0 0 0 
280 696 0 0 0 0 0 0 0 0 0 0 0 0 0 0 
296 696 0 0 0 0 0 0 0 0 0 0 0 0 0 0 
312 696 0 0 0 0 0 0 0 0 0 0 0 0 0 0 
328 696 0 0 0 0 0 0 0 0 0 0 0 0 0 0 
344 696 0 0 0 0 0 0 0 0 0 0 0 0 0 0 
360 696 0 0 0 0 0 0 0 0 0 0 0 0 0 0 
376 696 0 0 0 0 0 0 0 0 0 0 0 0 0 0 
392 696 0 0 0 0 0 0 0 0 0 0 0 0 0 0 
408 696 0 0 0 0 0 0 0 0 0 0 0 0 0 0 
424 696 0 0 0 0 0 0 0 0 0 0 0 0 0 0 
440 696 0 0 0 0 0 0 0 0 0 0 0 0 0 0 
456 696 0 0 0 0 0 0 0 0 0 0 0 0 0 0 
472 696 0 0 0 0 0 0 0 0 0 0 -0.000365313381 0.000318666613 0.000484770333 0 
488 696 0 0 0 0 0 0 0 0 0 0 -0.001095940142 0.000955999838 0.001454311 0 
504 696 0 0 0 0 0 0 0 0 0 0 -0.001284879097 0.001974735854 0.002355949063 0 
520 696 0 0 0 0 0 0 0 0 0 0 -0.000932130246 0.00337487466 0.003501234892 0 
536 696 -0.002243237939 -0.004175357209 0.004739802134 136.640477982181 303544 -0.002243237939 -0.004175357209 0.004739802134 136.640477982181 303544 -0.0009018272 0.003339465853 0.003459093015 0 
552 696 0.000752979277 -0.004361789338 0.004426305911 157.216069416477 2810084 15 -16 21.931712199461 169.426023283727 594803.9375 -0.00119396996 0.001868509432 0.00221740654 0 
568 696 0.002499117275 0.002980747907 0.003889787299 82.452430752031 6061866 0.002499117275 0.002980747907 0.003889787299 82.452430752031 6061866 -0.002929044712 0.003199258658 0.004337575231 0 
584 696 -0.00075021333 0.01327733255 0.013298510431 36.559108200585 6761736.5 -0.00075021333 0.01327733255 0.013298510431 36.559108200585 6761736.5 -0.006107051454 0.007331713531 0.009542017646 0 
600 696 -0.00583807846 0.003771695049 0.006950456363 20.921946044457 6563743 -0.00583807846 0.003771695049 0.006950456363 20.921946044457 6563743 -0.007863879128 0.010739301617 0.01331064214 0 
616 696 0.001337940056 -0.001643132549 0.002118954499 172.266191290629 6751928 0.001337940056 -0.001643132549 0.002118954499 172.266191290629 6751928 -0.008199527732 0.013422022918 0.015728412324 0 
632 696 0.063622258346 0.248885591338 0.256888748942 36.522824507495 6658884.5 0.063622258346 0.248885591338 0.256888748942 36.522824507495 6658884.5 -0.005558568837 0.013632101999 0.014721816886 0 
648 696 -0.003381294221 0.493534876231 0.493546459016 0.689847590377 7216954.5 -16 -16 22.62741699797 135.297310271605 7092608.5 0.000058997557 0.011369538859 0.011369691929 0 
664 696 -0.278700095846 0.864284605883 0.908108816932 54.332336899592 7858925 -0.278700095846 0.864284605883 0.908108816932 54.332336899592 7858925 -0.053885680315 0.017295668909 0.056593345069 0 
680 696 -0.144489884963 1.378365165503 1.385917694644 73.387995052442 7529918.5 -0.144489884963 1.378365165503 1.385917694644 73.387995052442 7529918.5 -0.167392602454 0.03141049215 0.170314128519 0 
696 696 -3.318724017434 0.355485339679 3.33770863477 0.666103430474 6737575.5 15 2 15.132745950422 166.957530786161 6692930.5 -0.290194023414 0.027675825759 0.291510758904 0 
712 696 -3.98619370299 -0.168202381903 3.989740878683 3.242685955864 6423125.5 15 15 21.213203435596 134.173547073782 6346910 -0.422289943198 0.006091669734 0.42233387807 0 
728 696 -5.685661487447 -0.04116444721 5.685810501728 0.318656045294 6274220.5 14 15 20.518284528683 133.758538830533 6196855 -0.880025226665 -0.011266272511 0.880097340335 0 
744 696 -4.429615041248 -0.026038486068 4.42969157125 0.503532108684 5863314.5 12 -16 20 126.029569188184 5834454.5 -1.663399873818 -0.024398000974 1.663578793646 0 
760 696 -3.50202080476 0.042032562589 3.502273040939 2.057441444933 6308874.5 5 -16 16.76305461424 105.984235532397 6254478 -1.599155157787 -0.038238815493 1.599612273548 0 
776 696 -1.874931986398 0.295113612493 1.898015278626 13.337036912065 6892348 15 0 15 175.607910427066 6876456.5 -0.687291078572 -0.052788716069 0.689315367034 0 
792 696 -2.419729224364 0.332025048516 2.442402536865 9.530693660478 7164462 -2.419729224364 0.332025048516 2.442402536865 9.530693660478 7164462 -2.444226732392 -0.073294429797 2.44532541654 0 
808 696 -1.233343778151 0.01366795344 1.233419510165 1.466838091339 7336013 -1.233343778151 0.01366795344 1.233419510165 1.466838091339 7336013 -6.869962119247 -0.099755956678 6.870686339136 0 
824 696 -6.583321676101 -0.123233100576 6.58447497437 1.919524326112 7376581.5 -6.583321676101 -0.123233100576 6.58447497437 1.919524326112 7376581.5 -6.870404425282 0.101587845896 6.871155438306 0 
840 696 -2.219688253737 -0.398199289918 2.255122750156 22.414875435909 7558871.5 -14 15 20.518284528683 34.730410554893 7409062.5 -2.445553650496 0.530736977926 2.502481647723 0 
856 696 -0.187464261391 -0.427463754749 0.466763442145 121.463288356865 7965461 -0.187464261391 -0.427463754749 0.466763442145 121.463288356865 7965461 -0.463431435909 0.665380606996 0.810863766582 0 
872 696 -0.26410962046 -0.251582974733 0.364757295739 72.290509875378 8376268.5 -0.26410962046 -0.251582974733 0.364757295739 72.290509875378 8376268.5 -0.924037781523 0.505518733105 1.053278221175 0 
888 696 -1.309646259249 -0.200475872032 1.324901467896 23.5502960061 8394556 -1.309646259249 -0.200475872032 1.324901467896 23.5502960061 8394556 -1.750348495236 0.464005771086 1.810806784386 0 
904 696 -4.115438832811 -0.152122901349 4.118249405236 12.532303975189 8094842 -4.115438832811 -0.152122901349 4.118249405236 12.532303975189 8094842 -2.942363577048 0.54084172094 2.991657264235 0 
920 696 -4.28862353568 -0.086879935896 4.289503462413 10.889270363742 7629952 10.789750985101 -0.09713304433 10.790188188757 170.787064510565 7618936.5 -3.563433268516 0.610947213863 3.615427105791 0 
936 696 -5.310051040163 -0.047127576211 5.310260168539 11.078824937938 7387707 12 0 12 169.429671176552 7365661 -3.613557569638 0.674322249855 3.675936452897 0 
952 696 -2.036064002803 0.051186057172 2.036707302476 12.734884620523 7701242.5 -2.036064002803 0.051186057172 2.036707302476 12.734884620523 7701242.5 -2.74165580379 0.692471851987 2.827754199404 0 
968 696 -0.104884035947 0.33365799664 0.349754656464 37.477131658189 8236238 -15 -16 21.931712199461 81.920149862479 8214672 -0.94772797097 0.665396020258 1.157989710979 0 
984 696 -0.157552106554 0.419310255383 0.44793275896 9.7469270706 8700304 0 -16 16 169.15366285914 8692628 -0.113404166278 0.591884425719 0.602650544128 0 
1000 696 -0.066698400477 1.125435757042 1.127410448707 23.43658018505 9140373 0 -16 16 153.171780511462 9133789 -0.238684389714 0.47193706837 0.52886182921 0 
1016 696 -0.34322063301 2.042469534542 2.071106516444 29.811602929132 9341941 -0.34322063301 2.042469534542 2.071106516444 29.811602929132 9341941 -0.300884398576 0.366947534029 0.474533364513 0 
1032 696 -0.366231278057 1.394608184912 1.441893664059 32.577817704283 9373372 -0.366231278057 1.394608184912 1.441893664059 32.577817704283 9373372 -0.300004192862 0.276915822696 0.408270607066 0 
1048 696 -0.303857989593 0.189353673202 0.358028618122 9.209885031309 9184969 -0.303857989593 0.189353673202 0.358028618122 9.209885031309 9184969 -0.547017186783 0.22904475489 0.593033980796 0 
1064 696 -2.818116719876 -0.195285077345 2.82487488365 16.062225174054 9124572 -2.818116719876 -0.195285077345 2.82487488365 16.062225174054 9124572 -1.041923380336 0.223334330613 1.06559023725 0 
1080 696 -1.206022384966 -0.004108276205 1.206029382301 10.904369761326 9228105 -1.206022384966 -0.004108276205 1.206029382301 10.904369761326 9228105 -1.13418616991 0.214495209116 1.154290458571 0 
1096 696 -5.624709822013 0.27443947019 5.631401033903 11.018547431039 9253727 15 0 15 166.18810610621 9253498 -0.823805555503 0.202527390402 0.848335391894 0 
1112 696 -1.009828725126 1.37532715052 1.706247000011 44.613368702857 9281214 -1 -16 16.031219541881 95.522461898309 9278469 -1.070688084953 0.17147337445 1.084332095534 0 
1128 696 -1.172521078904 0.239442345574 1.196719815717 7.83893315224 9374373 14 0 14 176.297166658093 9373636 -1.874833758259 0.121333161261 1.878755800292 0 
1144 696 -2.523841102964 -0.064643372085 2.524668825522 2.867464936548 9409645 -2.523841102964 -0.064643372085 2.524668825522 2.867464936548 9409645 -2.512008699613 0.061403738658 2.512759066456 0 
1160 696 -2.313529535619 -0.197376736558 2.32193378207 4.716581583615 9253327 -1 15 15.033296378373 86.345674679431 9245639 -2.982212909015 -0.008314893358 2.982224500628 0 
1176 696 -3.39546671744 -0.293402647228 3.408119619767 3.912946836808 9302865 12 15 19.209372712299 129.685528457324 9275294 -3.238952240921 -0.05799054904 3.239471333836 0 
1192 696 -3.423352507462 -0.292624500223 3.435836359386 3.356484793894 9255491 -19 -16 24.839484696748 38.571686844859 9223526 -3.28222669533 -0.087623228388 3.283396093938 0 
1208 696 -3.062404543279 -0.153337196986 3.066241002054 0.693936778531 9122273 13 15 19.849433241279 133.086900907322 9097221 -2.602236743273 -0.098717852178 2.604108538902 0 
1224 696 -2.515287061468 -0.03388240546 2.515515259144 3.581573370562 9449710 -2.515287061468 -0.03388240546 2.515515259144 3.581573370562 9449710 -1.198982384752 -0.091274420412 1.202451570238 0 
1240 696 -0.87486340658 -0.231447196059 0.904960653695 9.684870314327 9656998 -16 0 16 5.133390194865 9656735 -0.415757689338 -0.037349618488 0.417431970799 0 
1256 696 -0.470287937007 0.416231095489 0.628027920196 27.492340060267 9532934 -3 15 15.297058540778 64.671784194603 9531543 -0.252562657031 0.063056553594 0.260315240963 0 
1272 696 -0.313178294315 1.266204593104 1.304359887311 50.81549344994 9486312 -0.313178294315 1.266204593104 1.304359887311 50.81549344994 9486312 -0.248633320726 0.117485945441 0.274993591837 0 
1288 696 -0.08645079312 0.521207040229 0.528328040535 63.267292042797 9620068 -0.08645079312 0.521207040229 0.528328040535 63.267292042797 9620068 -0.403969680421 0.125938557052 0.423145392096 0 
1304 696 -0.051959904153 0.212039449353 0.218312985692 64.002380295725 9756374 -0.051959904153 0.212039449353 0.218312985692 64.002380295725 9756374 -0.534190817978 0.115776350643 0.546593078424 0 
1320 696 -2.111183719202 0.16797337712 2.117855460518 3.200472115954 9865865 -2.111183719202 0.16797337712 2.117855460518 3.200472115954 9865865 -0.639296733397 0.086999326212 0.645189271527 0 
1336 696 -0.314810299564 0.234864562331 0.392768236178 28.570514536093 9927406 12 -16 20 135.024201749754 9925331 -0.532472447971 0.076297013041 0.537910905307 0 
1352 696 1.681654978804 -0.073292788617 1.683251407425 161.115513220962 9965108 15 -16 21.931712199461 154.532460671946 9964175 -0.213717961701 0.083669411131 0.22951239076 0 
1368 696 0.019589932834 -1.619542720768 1.61966119601 160.965103740563 10068288 0.019589932834 -1.619542720768 1.61966119601 160.965103740563 10068288 0.032690770003 0.098605912592 0.103883648576 0 
1384 696 0.035335349722 -0.419864821345 0.421349089406 115.549132120582 10284406 0.035335349722 -0.419864821345 0.421349089406 115.549132120582 10284406 0.206753747139 0.121106517422 0.239611979079 0 
1400 696 0.146908901109 -0.208628929674 0.255163193901 71.131861847961 10503968 0.146908901109 -0.208628929674 0.255163193901 71.131861847961 10503968 0.430206581483 0.125668159395 0.448185440457 0 
1416 696 0.177920010131 -0.112693995422 0.210607375486 41.424664404793 10627121 0.177920010131 -0.112693995422 0.210607375486 41.424664404793 10627121 0.703049273037 0.112290838511 0.71196033087 0 
1432 696 0.831163840191 -0.017155158321 0.83134086192 6.808639789057 10719172 0.831163840191 -0.017155158321 0.83134086192 6.808639789057 10719172 1.127926380489 0.111115444249 1.133386325025 0 
1448 696 0.763496454955 0.165195779325 0.781163543847 8.110830271294 10597343 1 -16 16.031219541881 90.521581761934 10594131 1.704837903838 0.122141976609 1.709207693878 0 
1464 696 0.118846727525 0.131336418731 0.177126507131 37.480588019641 10494044 0 -16 16 175.338546308529 10489618 0.011645536268 0.142823956007 0.143297944593 0 
1480 696 -2.600163699652 0.063712098498 2.600944154818 1.105452643636 10563609 -3 -16 16.2788205961 81.889441313001 10560317 -3.951650722222 0.173161382443 3.955442869617 0 
1496 696 0.059323091935 0.065242112313 0.088180283827 129.745684133439 10805204 -20 -9 21.931712199461 26.761558386683 10803103 -4.210380329569 0.186318729598 4.214500823184 0 
1512 696 0.236081202801 -0.061833971069 0.244044615376 178.733953837157 10628202 0.113224063976 12.587362512744 12.587871730991 77.104295827252 10625190 -0.764543285774 0.182295997472 0.785975996146 0 
1528 696 0.964199291479 -0.014088029675 0.964302206919 7.029042351628 10322661 14.540148610681 -3.501763820029 14.9558774892 19.732859645151 10320635 1.024584247388 0.111159755586 1.030596609376 0 
1544 696 0.055670868814 -0.082804618712 0.099779008386 54.745153165201 10134290 -4 15 15.52417469626 106.272692765764 10123774 1.157002269918 -0.027089996059 1.157319368403 0 
1560 696 -3.397677228909 -0.171559673118 3.402005772083 177.724634113933 10130387 -7 15 16.552945357247 114.401665725167 10119652 1.129096581427 0.01212442273 1.129161676562 0 
1576 696 -0.429852287256 -0.208937222198 0.477941159223 167.745174571162 10251298 -8 15 17 104.404432501442 10245980 0.940867181915 0.228803011953 0.968288114294 0 
1592 696 0.192512626879 -0.202917240807 0.279707915734 134.902713145269 10138040 -15 15 21.213203435596 46.604514800991 10129986 0.010994719845 0.392508912995 0.392662871488 0 
1608 696 -0.300647384202 -0.281535593044 0.411887290139 59.97988575645 10078182 14 -16 21.260291625469 148.046030565406 10069708 -1.660520804782 0.503242125857 1.735102873132 0 
1624 696 0.153745888588 -0.051572655363 0.16216515359 178.326337616739 10074295 -14 -16 21.260291625469 65.683970381855 10068532 -1.350870251154 0.409650591504 1.411617527014 0 
1640 696 0.444730865764 -0.032951733252 0.445949951999 11.016623398451 10023439 -12.711461263109 -14.577116094508 19.340981388655 137.868023611785 10012613 0.939946380729 0.111734309939 0.946564184122 0 
1656 696 1.912666731436 -0.110386540229 1.915849475769 2.848109810522 10102722 6 15 16.155494421404 68.653552064268 10087190 2.289199375922 -0.018177946036 2.289271547992 0 
1672 696 2.358701845149 -0.037087815772 2.358993408297 1.323898879423 9946234 2.384537711808 -15.150041309379 15.336550191452 81.478387378048 9935604 2.696888734425 0.01991382358 2.696962255249 0 
1688 696 2.579076683091 -0.006514778658 2.579084911283 1.815104499156 9651154 8 -16 17.888543819998 65.105323803127 9642711 2.788583536915 0.081320130551 2.789769005848 0 
1704 696 2.345460734193 0.012011034851 2.345491488068 3.411402738706 9877232 17 0 17 3.704810161345 9870968 2.564283783393 0.166040974875 2.569653853559 0 
1720 696 1.742578756761 0.052547363869 1.743370858127 3.506617321678 10038336 -3 -16 16.2788205961 105.853500181366 10028140 1.993845987101 0.182641793001 2.002193758064 0 
1736 696 0.908644588477 0.117197282155 0.916171485647 0.409693140389 10048224 12 -16 20 60.069862223753 10036930 1.077270148039 0.131122584929 1.085220762856 0 
1752 696 0.042023589578 0.054075778737 0.068484829905 37.960757545483 10361028 0.042023589578 0.054075778737 0.068484829905 37.960757545483 10361028 0.377063760238 0.095324996783 0.38892664385 0 
1768 696 -0.011697826726 0.333258101039 0.3334633429 52.815169145458 10501907 -0.011697826726 0.333258101039 0.3334633429 52.815169145458 10501907 -0.106773176301 0.075249028565 0.130625141062 0 
1784 696 0.433632829109 0.400759584462 0.590462255372 120.719893487777 10407626 -4 15 15.52417469626 58.532314174847 10404946 -0.22820883007 0.067755697567 0.238054835437 0 
1800 696 0.449667598962 0.298195668897 0.539556861234 46.516720651841 10516106 0.236384823551 -14.965923221028 14.967789938482 169.162040462444 10515085 0.012756798931 0.072845003789 0.073953569867 0 
1816 696 1.866673769269 0.624653334035 1.968416304697 132.58940004125 10654284 -12.418456759091 -15.370606008482 19.760404786983 79.972612231367 10653148 -0.13599179913 0.075098091904 0.155349582678 0 
1832 696 1.82325012309 0.754100608569 1.973045549193 151.225323621943 10632844 -14 -16 21.260291625469 55.118647056258 10631711 -0.674454624254 0.074514961912 0.678558412907 0 
1848 696 0.217389838887 0.575898781476 0.615562952553 103.595888839876 10515778 0 -16 16 97.084592128912 10514459 -0.651393299527 0.080957441316 0.65640485828 0 
1864 696 0.334472919233 0.445275904127 0.556904627828 72.192486252386 10438225 0.096068834925 -14.846071685962 14.846382513116 145.090636040834 10437105 -0.06680782495 0.094425530116 0.11566964257 0 
1880 696 1.043960903748 0.842413765914 1.341460145348 34.715419713701 10545578 1.299306260148 -14.77995921037 14.836960302496 89.162069789067 10543032 1.843826768494 0.134950078391 1.848758685138 0 
1896 696 2.346391734661 0.785393841102 2.474347925844 16.223786557684 10618150 18.777336039258 -13.961769886574 23.399131759466 38.915263408956 10614929 5.080510480805 0.202531086142 5.084545760088 0 
1912 696 4.566779038497 0.312088070468 4.577430474643 1.979973548508 10571905 14 15 20.518284528683 45.045462745668 10568187 7.199042690186 0.24252395693 7.203126649227 0 
1928 696 7.6838770956 0.508302268013 7.700671296449 2.003892092359 10422836 7.80793307871 -15.260169007339 17.141662028349 64.684055456325 10416664 8.199423396637 0.254928690755 8.203385439847 0 
1944 696 6.869423354493 0.745028016065 6.909706503751 3.867377279339 10267841 -5.917571164199 -14.583466317772 15.738333403666 114.408448368057 10257040 7.831878555151 0.317638815287 7.838317173961 0 
1960 696 5.696931196757 1.164848194556 5.814799771011 7.515249249921 10248279 5.696931196757 1.164848194556 5.814799771011 7.515249249921 10248279 6.096408165728 0.430654330525 6.111600091265 0 
1976 696 2.87004047119 0.206398671831 2.877452470155 1.098768049231 10243631 -13 0 13 174.787893033793 10238756 3.796457253016 0.346313551532 3.812219924133 0 
1992 696 0.116233438598 0.058957479367 0.130331103815 22.929727618097 10173365 -16 0 16 176.034083147922 10170985 0.932025817017 0.064616478309 0.934263031942 0 
2008 696 0.31949695486 0.141721633774 0.349518705715 159.02401076856 10127356 -16 8 17.888543819998 29.51005467765 10125713 -0.649881891287 -0.033433382546 0.650741318568 0 
2024 696 7.5 11.851044258095 14.024879678889 119.182555413476 10242768 12 -16 20 130.015246465789 10241719 -0.949265871895 0.052163968967 0.950698046282 0 
2040 696 14.957325040626 -2.885863466199 15.233180243025 12.056773917231 10416216 14 15 20.518284528683 45.838609137418 10416134 4.977926215594 0.098738217292 4.978905365987 0 
2056 696 16.4567766783 -5.579606523831 17.376924572553 19.084502637883 10375096 32 15 35.341194094145 24.759361947814 10368433 17.131694371181 0.106289362429 17.132024091044 0 
2072 696 12.238032922551 -5.136759530512 13.272367847816 23.151194063477 10627898 4 15 15.52417469626 74.687001184988 10616009 16.539558662271 0.110152706378 16.539925464204 0 
2088 696 3.134740814439 -4.49703633817 5.481782173758 57.094576381451 10779972 3 15 15.297058540778 76.716366203182 10770230 3.201519088865 0.110328249138 3.203419547753 0 
2104 696 -1.943483002771 -0.050089066275 1.944128364234 4.790581364079 11015346 -8 15 17 58.61327953276 11005232 -2.267703329189 0.131320179664 2.271502449658 0 
2120 696 0 0.033977543837 0.033977543837 37.300593899789 11196280 -0.459482888796 -15.447631375851 15.45446342159 144.403141110681 11190752 0.13189140811 0.173128497955 0.217643792325 0 
2136 696 1.923834189634 0.069230406008 1.925079436886 2.569599549446 11143706 -13 15 19.849433241279 126.283847639889 11134643 2.095230418778 0.169702159242 2.102091656095 0 
2152 696 4.12434898505 0.066615321825 4.124886925915 0.98850607742 11109083 17 -16 23.345235059858 45.178146301183 11096155 3.622313702815 0.121041163525 3.62433545976 0 
2168 696 5.044851812124 0.202202414282 5.048902417618 0.894007823629 10964999 15.872510467015 -14.67411549645 21.616342293012 44.154575822381 10948610 4.345926356728 0.106305690247 4.347226333869 0 
2184 696 4.090610236006 0.162081054493 4.093820021831 0.58403217288 10837758 8.480761846518 -14.96838064071 17.203945492315 62.150038782641 10831572 4.266068380516 0.125495739409 4.267913847285 0 
2200 696 3.911941275999 0.131637973458 3.914155477612 0.475086858291 10986675 4.086264556852 -15.257376569185 15.795097271068 76.458993269978 10979977 4.818155222892 0.122146017567 4.819703248281 0 
2216 696 5.856819288728 0.050351526643 5.857035722706 0.426204346759 10913332 2 -16 16.124515496597 83.793752093628 10904859 6.002186883858 0.096256524721 6.002958662802 0 
2232 696 5.29283375104 0.021533834804 5.292877555941 1.168432255978 11035156 14 -16 21.260291625469 47.878748529038 11026761 5.820329840824 -0.095022552894 5.821105457002 0 
2248 696 5.652221346968 0.010334658538 5.652230795031 6.13956932787 11217666 2 15 15.132745950422 88.440165083731 11208212 4.27258409379 -0.451691215277 4.296393812544 0 
2264 696 3.229626614039 -0.140088463681 3.232663428779 4.814180988762 10968652 4 -16 16.492422502471 68.665867527061 10952048 3.747083636711 -0.479872162695 3.77768620627 0 
2280 696 -3.552669443245 -0.05980871754 3.553172843482 176.612663376541 10514567 4 -16 16.492422502471 73.540895627844 10497180 4.243828469587 -0.179565395147 4.247625667406 0 
2296 696 11.69716580852 0.376897266763 11.703236283256 2.26352570484 10398658 -11 1 11.045361017187 175.223593838638 10394576 5.24620461652 -0.038276323192 5.246344246741 0 
2312 696 9.717728525383 0.913821183887 9.760600229963 5.847174269108 10507981 9.717728525383 0.913821183887 9.760600229963 5.847174269108 10507981 6.754212077513 -0.056004946832 6.75444426597 0 
2328 696 5.340912014663 0.213659084017 5.345183940011 3.064362665259 10539122 5.340912014663 0.213659084017 5.345183940011 3.064362665259 10539122 5.648683996229 -0.076263592859 5.649198794949 0 
2344 696 0.933091301194 0.279004718447 0.97391119168 19.585809182524 10390643 -15 0 15 177.061442948268 10384625 1.929620372669 -0.099052261274 1.932161000818 0 
2360 696 0.120985371454 0.279596053901 0.304649656922 124.099674869148 10293466 -14 -16 21.260291625469 73.687397293817 10247295 0.053089491444 -0.083329084243 0.098803999831 0 
2376 696 -0.000883456297 0.049280537404 0.049288455665 147.754385763839 10232781 4 -16 16.492422502471 19.236406964127 10203819 0.019091352555 -0.029094061767 0.034798623141 0 
2392 696 -0.004630929264 0.0047838641 0.006658142502 162.74928846553 8755653 -0.004630929264 0.0047838641 0.006658142502 162.74928846553 8755653 0.002356854235 -0.001289266904 0.002686442077 0 
2408 696 -0.001027517519 0.003857804492 0.003992298555 103.221378387529 4775916 15 -16 21.931712199461 48.540587864555 1995032.125 0.002885996484 0.000085300346 0.002887256804 0 
2424 696 0.000615369322 0.002423596771 0.002500500092 54.370767844054 1078248.875 0.000615369322 0.002423596771 0.002500500092 54.370767844054 1078248.875 0.003220336076 0.001260899519 0.003458385756 0 
2440 696 0 0 0 0 0 0 0 0 0 0 0.003359873012 0.002237530613 0.004036742486 0 
2456 696 0 0 0 0 0 0 0 0 0 0 0.00247132662 0.002067687498 0.003222233209 0 
2472 696 0 0 0 0 0 0 0 0 0 0 0.000554696902 0.000751370176 0.000933941002 0 
2488 696 0 0 0 0 0 0 0 0 0 0 -0.000302713467 0.000069908636 0.000310680963 0 
2504 696 0 0 0 0 0 0 0 0 0 0 -0.000100904489 0.000023302879 0.000103560321 0 
2520 696 0 0 0 0 0 0 0 0 0 0 0.000100904489 -0.000023302879 0.000103560321 0 
2536 696 0 0 0 0 0 0 0 0 0 0 0.000302713467 -0.000069908636 0.000310680963 0 
24 712 0 0 0 0 0 0 0 0 0 0 0 0 0 0 
40 712 0 0 0 0 0 0 0 0 0 0 0 0 0 0 
56 712 0 0 0 0 0 0 0 0 0 0 0 0 0 0 
72 712 0 0 0 0 0 0 0 0 0 0 0 0 0 0 
88 712 0 0 0 0 0 0 0 0 0 0 0 0 0 0 
104 712 0 0 0 0 0 0 0 0 0 0 0 0 0 0 
120 712 0 0 0 0 0 0 0 0 0 0 0 0 0 0 
136 712 0 0 0 0 0 0 0 0 0 0 0 0 0 0 
152 712 0 0 0 0 0 0 0 0 0 0 0 0 0 0 
168 712 0 0 0 0 0 0 0 0 0 0 0 0 0 0 
184 712 0 0 0 0 0 0 0 0 0 0 0 0 0 0 
200 712 0 0 0 0 0 0 0 0 0 0 0 0 0 0 
216 712 0 0 0 0 0 0 0 0 0 0 0 0 0 0 
232 712 0 0 0 0 0 0 0 0 0 0 0 0 0 0 
248 712 0 0 0 0 0 0 0 0 0 0 0 0 0 0 
264 712 0 0 0 0 0 0 0 0 0 0 0 0 0 0 
280 712 0 0 0 0 0 0 0 0 0 0 0 0 0 0 
296 712 0 0 0 0 0 0 0 0 0 0 0 0 0 0 
312 712 0 0 0 0 0 0 0 0 0 0 0 0 0 0 
328 712 0 0 0 0 0 0 0 0 0 0 0 0 0 0 
344 712 0 0 0 0 0 0 0 0 0 0 0 0 0 0 
360 712 0 0 0 0 0 0 0 0 0 0 0 0 0 0 
376 712 0 0 0 0 0 0 0 0 0 0 0 0 0 0 
392 712 0 0 0 0 0 0 0 0 0 0 0 0 0 0 
408 712 0 0 0 0 0 0 0 0 0 0 0 0 0 0 
424 712 0 0 0 0 0 0 0 0 0 0 0 0 0 0 
440 712 0 0 0 0 0 0 0 0 0 0 0 0 0 0 
456 712 0 0 0 0 0 0 0 0 0 0 0 0 0 0 
472 712 0 0 0 0 0 0 0 0 0 0 -0.000121771127 0.000106222204 0.000161590111 0 
488 712 0 0 0 0 0 0 0 0 0 0 -0.000365313381 0.000318666613 0.000484770333 0 
504 712 0 0 0 0 0 0 0 0 0 0 -0.000701468111 0.000349903829 0.000783894253 0 
520 712 0 0 0 0 0 0 0 0 0 0 -0.001130235317 0.000199933854 0.001147782827 0 
536 712 0 0 0 0 0 0 0 0 0 0 -0.001184806717 -0.000799991618 0.001429599085 0 
552 712 0.002895043458 -0.003850773753 0.004817648298 55.017986302457 364076.9375 0.002895043458 -0.003850773753 0.004817648298 55.017986302457 364076.9375 -0.00086518231 -0.002649872587 0.002787537472 0 
568 712 -0.001284254824 -0.002228010121 0.002571641412 32.717638625804 1489242 -0.001284254824 -0.002228010121 0.002571641412 32.717638625804 1489242 -0.001034662531 -0.000534546966 0.001164588774 0 
584 712 -0.001133842812 0 0.001133842812 73.022020661798 2211594 -0.001133842812 0 0.001133842812 73.022020661798 2211594 -0.001693247382 0.005545985244 0.005798710117 0 
600 712 -0.00425405657 0.000539284698 0.00428810276 72.786159716469 2490875 -0.00425405657 0.000539284698 0.00428810276 72.786159716469 2490875 -0.002391004239 0.013575271505 0.013784226409 0 
616 712 0.0017054799 -0.001890386246 0.002546020787 145.508411012553 2964716 0.0017054799 -0.001890386246 0.002546020787 145.508411012553 2964716 -0.003127933103 0.023553311815 0.023760102334 0 
632 712 0.001221491155 0.001277151067 0.00176724517 47.603921830658 3459448 0.001221491155 0.001277151067 0.00176724517 47.603921830658 3459448 -0.001936405996 0.028550833824 0.028616425008 0 
648 712 -0.001860943881 0.007845557633 0.00806324294 15.716222167166 5047240.5 -0.001860943881 0.007845557633 0.00806324294 15.716222167166 5047240.5 0.001183577082 0.028567837531 0.028592345058 0 
664 712 -0.009060295428 0.015389393441 0.017858398129 13.821951009058 6531886.5 -0.009060295428 0.015389393441 0.017858398129 13.821951009058 6531886.5 -0.026542378937 0.027190611254 0.037997726511 0 
680 712 -0.004671867562 0.024197655339 0.024644530234 63.064195292272 6738706.5 -0.004671867562 0.024197655339 0.024644530234 63.064195292272 6738706.5 -0.085114274051 0.024419154993 0.088547923622 0 
696 712 -0.09858100584 0.02286963235 0.101198986142 6.233584882489 6048513.5 4 -16 16.492422502471 110.863569349684 5630247 -0.149912139038 0.01794845814 0.150982769151 0 
712 712 -0.255832904764 -0.006474504905 0.25591481859 3.466093433233 5073216.5 0 -16 16 92.016386878322 4886926.5 -0.220935973896 0.007778520696 0.22107286117 0 
728 712 -0.432572849068 0.239824701049 0.494606062422 28.161761002959 4341207 -0.432572849068 0.239824701049 0.494606062422 28.161761002959 4341207 -0.386305008512 0.00568325162 0.386346811751 0 
744 712 -0.776334779444 0.453082102766 0.898876566399 29.234304040497 3892822 -0.776334779444 0.453082102766 0.898876566399 29.234304040497 3892822 -0.646019242884 0.011662650911 0.646124507818 0 
760 712 -0.462561524957 0.962869295408 1.06821366983 62.521797479608 4463256 -0.462561524957 0.962869295408 1.06821366983 62.521797479608 4463256 -0.616793074111 0.019584102015 0.617103908044 0 
776 712 -0.012830286479 4.42315457233 4.423173180758 84.202063673123 5274138 13.531046351674 -8.775937834156 16.12781139027 152.665187104256 5230431.5 -0.298626502193 0.029447604929 0.300074906062 0 
792 712 -0.152923796821 5.901141286227 5.903122408323 85.908590071611 5684106 -7.693483535276 -11.906094644784 14.175499236292 59.737216336656 5656937.5 -0.881062682921 0.040116125905 0.881975484236 0 
808 712 -1.77071132674 5.869204491283 6.130495898631 71.96156891352 5854092 -16.409672203181 -12.009993629889 20.335124509228 37.449954731402 5853377.5 -2.364101616294 0.051589664944 2.364664446743 0 
824 712 -2.0458144405 -8.623101340666 8.862462042591 92.031626683441 5948610.5 -12.330807595357 9.045733594921 15.292943216529 20.885146147961 5948262 -2.384650900502 0.65586545026 2.473200235749 0 
840 712 -10.460988453294 7.742798036961 13.014730149377 26.527317518086 6294993.5 -10.189125907894 -5.466342204412 11.562836324304 91.247673656551 6294726.5 -0.942710535544 1.852943481854 2.078966738736 0 
856 712 0.300820303302 5.917261783544 5.924903363758 23.340411046244 6591336.5 -11 -14 17.804493814765 121.412645691611 6586177 -0.809253323561 2.172519338732 2.318346656318 0 
872 712 -2.38467771135 5.018805814837 5.556536654612 25.450354947665 6690299.5 -3.920001253138 -13.585067651277 14.13932363709 113.039376336855 6686648.5 -1.984279264555 1.614593020894 2.558178027984 0 
888 712 -2.391980096517 4.744698258895 5.313542166022 35.284011666083 6656024 -2 -15 15.132745950422 110.366960935101 6649612 -2.763850957429 1.467190696065 3.12914056148 0 
904 712 -3.715014747202 0.348937561026 3.731365968841 23.429998358825 6260390 -3.188642400055 -14.215980426461 14.569198325266 106.153640439939 6256697 -3.147968402184 1.730312364246 3.592170087706 0 
920 712 -3.941711462432 1.173259973063 4.112618170638 13.519612723581 5612718.5 -3.417981329738 -13.846133467713 14.261767365097 106.228877539624 5607078.5 -3.370539298399 1.95346998254 3.895713045739 0 
936 712 -4.995135516939 2.436881209092 5.55785649867 5.902988426322 5398438 -8 -14 16.124515496597 92.16358157777 5379174 -3.431563646076 2.136663550946 4.042395352635 0 
952 712 -2.045996089693 2.593695517545 3.30353695859 12.894817384044 6329044 -2.045996089693 2.593695517545 3.30353695859 12.894817384044 6329044 -2.602845585319 2.095554851406 3.34157975758 0 
968 712 -0.060701360856 1.656418996 1.65753085809 23.692615933021 7489212 -0.044447621844 -14.352976120771 14.353044942259 154.031223806917 7476536 -0.884385116131 1.830143883921 2.032624822609 0 
984 712 -0.138974520518 1.183352712498 1.191485442433 2.571714874665 8072495 -0.138974520518 1.183352712498 1.191485442433 2.571714874665 8072495 -0.105180739822 1.457893109043 1.461682354489 0 
1000 712 -0.026215582156 0.241506480495 0.24292516722 8.966496053368 8537507 -0.026215582156 0.241506480495 0.24292516722 8.966496053368 8537507 -0.265232456392 0.978802526772 1.014101889525 0 
1016 712 -3.852326943485 0.197573034649 3.857390048144 61.494359836376 8765934 12 -16 20 168.699804925319 8727894 -0.305456652166 0.638403322438 0.707716446363 0 
1032 712 -0.143830565068 0.102877489372 0.176836108494 27.077621752791 8772361 -0.143830565068 0.102877489372 0.176836108494 27.077621752791 8772361 -0.225853327146 0.436695496043 0.491642839515 0 
1048 712 -0.232825048225 0.058660452727 0.240101128267 34.37249637105 8690886 -0.232825048225 0.058660452727 0.240101128267 34.37249637105 8690886 -0.261112680297 0.295278388515 0.394168946692 0 
1064 712 -0.236594516434 0.164071956021 0.287917647877 7.231857540197 8821638 -0.236594516434 0.164071956021 0.287917647877 7.231857540197 8821638 -0.411234711621 0.214151999856 0.463654038141 0 
1080 712 -4.443738688056 0.902568592496 4.534472801979 9.072187156976 8920747 -4.443738688056 0.902568592496 4.534472801979 9.072187156976 8920747 -0.46267826484 0.173479647703 0.494131930685 0 
1096 712 -0.459376445077 1.5417000764 1.608684507249 50.768998658375 8899711 -11 -16 19.416487838948 78.130134498687 8886676 -0.415443339954 0.173261332055 0.450125158037 0 
1112 712 -3.286410724717 0.414635395043 3.312464031859 0.777001851883 8914264 -1 -16 16.031219541881 94.391489469543 8904224 -1.096330025129 0.153451348788 1.107017091306 0 
1128 712 -2.253123225965 0.118449896977 2.256234617561 0.402892822512 8952368 -2.253123225965 0.118449896977 2.256234617561 0.402892822512 8952368 -2.505338320366 0.114049697901 2.507932900435 0 
1144 712 -3.196852058824 -0.048095918494 3.197213834479 1.759227203942 8801459 -3.196852058824 -0.048095918494 3.197213834479 1.759227203942 8801459 -3.297047625817 0.051638187872 3.297451978324 0 
1160 712 -3.261116964427 -0.488116252034 3.297444666885 7.955133008507 8762353 12 -1 12.041594578792 174.678790671174 8734872 -3.471457941484 -0.033783181301 3.471622321456 0 
1176 712 -4.013417880119 -0.131775861027 4.015580650169 0.556915256158 9098490 12 15 19.209372712299 129.983457012854 9051192 -3.565463735799 -0.082384103309 3.566415398096 0 
1192 712 -3.201611144606 -0.684390346346 3.273943198566 10.559099546399 8591958 12 15 19.209372712299 130.166902575867 8508189 -3.579065008762 -0.094164578153 3.580303521313 0 
1208 712 -2.912941613799 -0.564897632871 2.967210505008 8.824788869959 8353432.5 -2.912941613799 -0.564897632871 2.967210505008 8.824788869959 8353432.5 -2.812415638051 -0.105592848638 2.814397194932 0 
1224 712 -1.096315024312 -0.721370734732 1.312357561589 28.077494613006 9037779 -1.096315024312 -0.721370734732 1.312357561589 28.077494613006 9037779 -1.265515623667 -0.116668914764 1.270882146156 0 
1240 712 -0.701593404375 -0.072693000123 0.705349259112 5.337026558544 9254786 -0.701593404375 -0.072693000123 0.705349259112 5.337026558544 9254786 -0.437199314281 -0.086983458878 0.445768283446 0 
1256 712 -1.841330448886 -0.026746109003 1.841524687954 2.058691287438 9199740 -13 15 19.849433241279 51.976495143578 9190204 -0.327466709893 -0.016536480979 0.32788397535 0 
1272 712 -4.069916798736 0.034225038836 4.070060700029 2.06495734728 9140612 5 15 15.811388300842 105.888187017593 9133476 -0.54047264529 0.024039507407 0.541007003858 0 
1288 712 -1.5 0.095523197196 1.503038482941 1.794706903049 9139726 5.901968577683 -12.904952731849 14.190526350464 116.425667902779 9134113 -1.076217120472 0.034744506278 1.076777818825 0 
1304 712 -2.33862201084 0.086894363205 2.340235787254 0.337612558892 9102825 4 15 15.52417469626 103.141113817168 9094688 -1.303379493098 0.040739552329 1.304016032935 0 
1320 712 -2.870676661133 0.047227696835 2.871065124326 1.027161852515 9143589 -1 15 15.033296378373 84.216231662062 9132938 -1.221959763168 0.042024645557 1.222682188321 0 
1336 712 -0.329805890825 0.005266831436 0.329847942446 1.923281374886 9414069 0 15 15 87.16181209272 9406183 -0.767625320138 0.038056008037 0.768568078875 0 
1352 712 11.333549811817 -0.013304117163 11.333557620468 25.875320089187 9609020 13 15 19.849433241279 23.27755447199 9606198 0.059623835992 0.028833639767 0.066229756157 0 
1368 712 -1.055316179307 -0.184153045147 1.071263078027 173.858160489135 9677978 -16 14 21.260291625469 135.057448222278 9677502 0.557994516302 0.036637706087 0.559196031576 0 
1384 712 0.114670868049 -0.001571848188 0.114681640579 5.615004958205 9802205 10 -16 18.867962264113 62.82429040376 9800527 0.72748672079 0.061468206999 0.730078947373 0 
1400 712 7.269792889919 0.432792985587 7.282664239871 0.335973501799 9875036 -15 -16 21.931712199461 136.895334891271 9871215 1.163821614338 0.07613698262 1.166309388679 0 
1416 712 4.95532962875 3.951818906356 6.338151496943 36.098638287306 9850537 11 -16 19.416487838948 57.964800154603 9845576 1.866999196945 0.080644032952 1.86874007327 0 
1432 712 2 3.830528104016 4.321220378047 61.094500346358 9973841 17 -16 23.345235059858 44.599778344207 9965034 3.032650801077 0.070699570396 3.033474791477 0 
1448 712 3.626638759419 0.016499313079 3.626676290856 0.308535772662 10009428 19 7 20.248456731317 19.6556595712 10000455 4.660776426732 0.046303594954 4.66100642811 0 
1464 712 1.682818055319 -0.017938343843 1.682913661329 178.298218768178 9798586 -16 0 16 2.31251420084 9784949 -0.518992660729 0.020958437663 0.519415669767 0 
1480 712 3 0 3 179.975555048088 9705923 -28 0 28 0.024444951897 9705905 -12.506656461306 -0.005335901475 12.506657599574 0 
1496 712 -21.482773104233 -0.198215031888 21.483687519763 0.588869686361 9729788 2 0 2 179.939766092957 9729186 -13.870065771582 0.014581328106 13.870073436112 0 
1512 712 1.781179540601 -0.152205449952 1.787670846339 176.119002892491 9797516 -20 0 20 1.003179813599 9748286 -4.609220591556 0.080710126404 4.609927177964 0 
1528 712 -0.32321002625 -0.257756119315 0.413404085747 146.226203433428 10087893 -16 0 16 175.201856072773 10084024 0.851940149282 0.071511620358 0.854936213881 0 
1544 712 -6.69356035655 -0.276687927383 6.699276562132 177.336275772172 9828432 -8 15 17 118.369155440101 9813709 2.513416450934 -0.013014190035 2.51345014372 0 
1560 712 -10.761847729493 -0.091042245232 10.762232818668 173.668037424825 9955993 18 0 18 6.816657407013 9955653 3.10050229777 0.370626762537 3.122575650899 0 
1576 712 2.560473055 0.944553332612 2.72913965629 4.820928272127 9938593 -13.154151187801 1.171453447919 13.206210533388 149.841059966552 9937904 2.613197689792 1.222434478072 2.884986693057 0 
1592 712 3.662026465787 0.630106939876 3.71584076513 89.179233547125 10021903 -7 -15 16.552945357247 146.040869121981 10014869 -0.261619234954 1.662645656182 1.683102849536 0 
1608 712 -1.412684933234 -1.271707434606 1.900767876364 59.016682525072 10137768 -21 16 26.400757564888 20.280998124708 10133996 -5.523948476467 1.691260296865 5.777055319314 0 
1624 712 1 -0.156255039734 1.012134199325 173.878690451674 9933400 -20 -1 20.024984394501 17.864655798547 9930854 -4.802318800415 1.286979624449 4.971778596696 0 
1640 712 -6.533362989971 -0.074026504585 6.533782356499 167.352308173235 9684452 -6.533362989971 -0.074026504585 6.533782356499 167.352308173235 9684452 1.903269793203 0.449803638933 1.955699163807 0 
1656 712 4.478036249425 -0.037062421525 4.478189620176 0.93961728497 9583290 4.478036249425 -0.037062421525 4.478189620176 0.93961728497 9583290 5.01586508626 0.040745342426 5.01603057671 0 
1672 712 3.680557296231 -0.032372393753 3.680699659401 1.259392045048 9498984 -12 15 19.209372712299 127.904349053427 9481512 4.535467078756 0.059804734928 4.535861354671 0 
1688 712 3.571405637859 -0.202939729321 3.577166862738 4.771284601375 9453306 -10 -16 18.867962264113 123.52441910308 9449246 4.169436150209 0.110566739477 4.170901918596 0 
1704 712 2.906676191561 2.362923192732 3.745954150459 36.287961476554 9660810 -4 -16 16.492422502471 106.856965174266 9653583 3.91777230062 0.193031356071 3.922524812404 0 
1720 712 3.020799972157 0.894005048441 3.150313873001 13.044167999555 9689238 -5 -16 16.76305461424 110.795964033389 9679289 3.260687178827 0.196115802072 3.266579600437 0 
1736 712 1.9495969308 -0.008081894166 1.949613682142 3.357547030985 9407390 1.9495969308 -0.008081894166 1.949613682142 3.357547030985 9407390 2.198180784832 0.119820077479 2.201443983791 0 
1752 712 0.10454194769 0.100356362565 0.144915210844 39.965615979388 9422444 0.10454194769 0.100356362565 0.144915210844 39.965615979388 9422444 0.971138053828 0.065594775183 0.973350807327 0 
1768 712 0.049182965542 0.090870815019 0.103327000933 113.876583504616 9634537 0.049182965542 0.090870815019 0.103327000933 113.876583504616 9634537 -0.420441014184 0.033439895185 0.421768743505 0 
1784 712 -0.065150282125 -0.028036093575 0.070926594475 25.722151763769 9951757 -0.065150282125 -0.028036093575 0.070926594475 25.722151763769 9951757 -0.854843028639 0.036404156541 0.855617827202 0 
1800 712 -0.068134669994 0.026885074478 0.073247119294 8.890584845075 10188741 -0.068134669994 0.026885074478 0.073247119294 8.890584845075 10188741 -0.332067989537 0.07448755925 0.340319770448 0 
1816 712 7.818140605079 0.174835125956 7.820095257863 172.25939703666 10328726 -16 0 16 6.459525278373 10328111 -0.795230784956 0.090036091809 0.800311501335 0 
1832 712 -2.191461514427 0.389237831323 2.225760467469 7.952373106911 10383698 11.61232706511 -12.795389243176 17.279123986808 134.344217300683 10380788 -2.244331414897 0.083049754216 2.245867485309 0 
1848 712 -1.683507245483 0.472930063726 1.748673637581 14.321413499087 10357862 5.845351199542 -12.77655332386 14.050211581447 115.954060371258 10357557 -2.174279264141 0.051986831646 2.174900675695 0 
1864 712 5.625825672841 0.252716968864 5.631498945001 177.736688589044 10327036 -11.714263139756 -10.25432857812 15.568404397866 40.889233042471 10326972 -0.58507433269 -0.003152675902 0.585082826733 0 
1880 712 -0.334037718777 0.237044797588 0.409599113317 141.674427337376 10411507 0 -16 16 92.964733911165 10410607 0.729859573518 0.037799864649 0.730837756841 0 
1896 712 1.5 0.114998363119 1.504401749374 1.255807483838 10478538 -6 -16 17.088007490635 116.195890806902 10478462 1.770522454483 0.1748444533 1.779134717968 0 
1912 712 3 0.013223970243 3.000029145423 5.065631577397 10404158 -6 -16 17.088007490635 115.874234388998 10403374 3.010753242713 0.280263183968 3.023769591222 0 
1928 712 4.094922864552 0.188632549212 4.099265239681 1.91102405105 10273906 -8 -16 17.888543819998 121.11353979954 10270990 4.450551938209 0.354056056655 4.464612888701 0 
1944 712 4.154314761671 0.418012992779 4.175292325236 1.293625153782 10208948 -11 -16 19.416487838948 128.960740231849 10200708 4.374406617381 0.340602802757 4.387646695375 0 
1960 712 2.173062672264 0.475863627955 2.224555589325 7.42372201785 10157351 12 -16 20 58.058203364386 10148771 2.782317280229 0.239903422273 2.792640882727 0 
1976 712 1.018544745366 0.087935771535 1.022333653084 0.296048906908 10138150 -11 -16 19.416487838948 129.738951265191 10135943 1.462361514707 0.13386841517 1.468476064591 0 
1992 712 -3.760600599778 0.006826056644 3.760606794934 176.789504035555 10225386 -10 -16 18.867962264113 125.111878814998 10223912 0.414539320816 0.022497781447 0.41514936911 0 
2008 712 -5.5 0.06925151157 5.500435961981 17.028058706612 10235508 10 -16 18.867962264113 139.754825491888 10234390 -0.165974537925 0.053127087329 0.174270005014 0 
2024 712 0.35460419486 -0.014815224972 0.354913547084 143.431993550833 10236191 6 -16 17.088007490635 149.516455630888 10235865 -0.279180061517 0.225756332816 0.359036806686 0 
2040 712 -8.34308421049 0.011169785763 8.343091687585 174.646130167392 10246030 9 -16 18.357559750686 65.919408302243 10245836 2.472735383893 0.228394645829 2.483260838696 0 
2056 712 7.864382810602 -12.870305181199 15.082880111202 59.005361178414 10090306 7 15 16.552945357247 64.55078479559 10089753 8.089771798305 0.061042026367 8.090002093797 0 
2072 712 -0.856349787319 -14.819393451767 14.844115239263 93.14752769178 10026178 -5 15 15.811388300842 108.594622951505 10025982 8.423035173294 -0.023473705997 8.423067882038 0 
2088 712 3.210960245199 -0.02794581355 3.2110818527 0.083643946046 10145672 14.645708363671 14.262283381918 20.442834948701 44.655097772289 10144857 3.472525508858 -0.025152551261 3.472616601427 0 
2104 712 1.068217000446 0.137544939065 1.077035825914 8.089096949764 10341692 1 -16 16.031219541881 85.671673275759 10336998 1.575728366207 -0.020682216547 1.575864092538 0 
2120 712 2.914455740373 0.230665542593 2.923569539985 4.736245353359 10567306 8 -16 17.888543819998 63.223963493515 10560571 2.732643745341 -0.010062701855 2.732662272751 0 
2136 712 2.959520221046 0.630568304669 3.025950483011 12.011688698906 10562917 -13 7 14.764823060233 151.683098369467 10561674 3.548168513367 0.000999868579 3.548168654248 0 
2152 712 4.590547959344 0.218077752276 4.595725021482 2.541704038662 10606217 -12 11 16.2788205961 137.311418698831 10589431 4.022302670287 0.012505494754 4.022322110274 0 
2168 712 5.072472191955 0.087732332141 5.073230834514 0.547545348596 10403170 19 0 19 0.443330702297 10381041 4.33508672482 0.033543751631 4.335216499206 0 
2184 712 4.093033738912 -0.117894701477 4.094731291368 2.468606670907 10104876 -11 15 18.601075237738 125.435107932886 10091065 4.486520676967 0.064114639211 4.486978768816 0 
2200 712 5.033182012219 -0.286468253077 5.041327724731 3.784208648641 10074135 5.033182012219 -0.286468253077 5.041327724731 3.784208648641 10074135 5.602634850639 0.051502584701 5.602871566065 0 
2216 712 7.123405431786 -0.379448088166 7.133504454138 3.017129223516 9429254 7.123405431786 -0.379448088166 7.133504454138 3.017129223516 9429254 7.683429245837 -0.004292411899 7.683430444833 0 
2232 712 7.130307256966 -0.289218577049 7.1361704691 2.246587204003 9014606 7.130307256966 -0.289218577049 7.1361704691 2.246587204003 9014606 6.875080831813 -0.549452958773 6.897001884723 0 
2248 712 3.353191873127 -1.151790008907 3.545492344178 7.538425375112 9551670 3.353191873127 -1.151790008907 3.545492344178 7.538425375112 9551670 3.177589608567 -1.583979055924 3.550502129288 0 
2264 712 2.083014584238 -1.121793955795 2.365876462837 7.669240368629 10282248 -14 -17 22.022715545545 93.498823513116 10184488 2.266823082499 -1.645350282747 2.801011324555 0 
2280 712 4.349909578168 -0.223795637753 4.355662730942 7.096165261765 10376336 0.036281533895 13.075381040103 13.07543137696 99.882357645889 10367339 4.142781253609 -0.733566639244 4.207226702884 0 
2296 712 8.690875224159 10.241983930556 13.432406597318 53.350632994347 10468945 7 -16 17.464249196573 62.703589483034 10456819 4.491755933673 -0.287873619386 4.500971293891 0 
2312 712 11.033520312788 0.59943012354 11.049791263445 8.424527792515 10445910 -13 1 13.038404810405 179.083890952224 10431001 3.313747122693 -0.308271223175 3.328055158826 0 
2328 712 12.175585404601 0.475597436578 12.184870654481 11.155162880049 10064529 -14 1 14.035668847618 175.167379548057 10063311 2.093285559745 -0.328482436117 2.118901872545 0 
2344 712 12.385776868343 0.730688782206 12.407311341657 26.144023631972 9880034 12.385776868343 0.730688782206 12.407311341657 26.144023631972 9880034 0.83037124483 -0.348507258215 0.900540789342 0 
2360 712 1.489369091749 0.447507007983 1.555147199995 77.896394189074 9794364 1.489369091749 0.447507007983 1.555147199995 77.896394189074 9794364 0.150535306768 -0.273512556951 0.312201853604 0 
2376 712 0.033730675422 -0.762222477011 0.762968454738 24.922533442221 9674729 0.033730675422 -0.762222477011 0.762968454738 24.922533442221 9674729 0.05377774556 -0.103498332327 0.116635975205 0 
2392 712 0.004262247996 -0.069535476877 0.069665983826 15.347921153535 9558474 0.004262247996 -0.069535476877 0.069665983826 15.347921153535 9558474 0.005145173394 -0.015065963798 0.015920303842 0 
2408 712 0.001045664025 -0.024672398643 0.024694547335 27.017704842404 7941521.5 15 -16 21.931712199461 13.707831185061 6637565.5 0.004637590269 -0.008215451364 0.009434028016 0 
2424 712 0.005677016475 -0.023376741671 0.024056196026 38.668468341674 4015396.5 15 -16 21.931712199461 9.166052862545 1743457.125 0.005431821405 -0.004195396515 0.006863383692 0 
2440 712 0.004764643687 -0.021254963058 0.021782453582 55.598783105377 812197.875 0.004764643687 -0.021254963058 0.021782453582 55.598783105377 812197.875 0.007527866803 -0.003005799254 0.008105776197 0 
2456 712 0 0 0 0 0 0 0 0 0 0 0.006129203659 -0.001738341831 0.006370947325 0 
2472 712 0 0 0 0 0 0 0 0 0 0 0.001235831973 -0.000393024248 0.00129682255 0 
2488 712 0 0 0 0 0 0 0 0 0 0 -0.000908140402 0.000209725907 0.000932042889 0 
2504 712 0 0 0 0 0 0 0 0 0 0 -0.000302713467 0.000069908636 0.000310680963 0 
2520 712 0 0 0 0 0 0 0 0 0 0 0.000302713467 -0.000069908636 0.000310680963 0 
2536 712 0 0 0 0 0 0 0 0 0 0 0.000908140402 -0.000209725907 0.000932042889 0 
24 728 0 0 0 0 0 0 0 0 0 0 0 0 0 0 
40 728 0 0 0 0 0 0 0 0 0 0 0 0 0 0 
56 728 0 0 0 0 0 0 0 0 0 0 0 0 0 0 
72 728 0 0 0 0 0 0 0 0 0 0 0 0 0 0 
88 728 0 0 0 0 0 0 0 0 0 0 0 0 0 0 
104 728 0 0 0 0 0 0 0 0 0 0 0 0 0 0 
120 728 0 0 0 0 0 0 0 0 0 0 0 0 0 0 
136 728 0 0 0 0 0 0 0 0 0 0 0 0 0 0 
152 728 0 0 0 0 0 0 0 0 0 0 0 0 0 0 
168 728 0 0 0 0 0 0 0 0 0 0 0 0 0 0 
184 728 0 0 0 0 0 0 0 0 0 0 0 0 0 0 
200 728 0 0 0 0 0 0 0 0 0 0 0 0 0 0 
216 728 0 0 0 0 0 0 0 0 0 0 0 0 0 0 
232 728 0 0 0 0 0 0 0 0 0 0 0 0 0 0 
248 728 0 0 0 0 0 0 0 0 0 0 0 0 0 0 
264 728 0 0 0 0 0 0 0 0 0 0 0 0 0 0 
280 728 0 0 0 0 0 0 0 0 0 0 0 0 0 0 
296 728 0 0 0 0 0 0 0 0 0 0 0 0 0 0 
312 728 0 0 0 0 0 0 0 0 0 0 0 0 0 0 
328 728 0 0 0 0 0 0 0 0 0 0 0 0 0 0 
344 728 0 0 0 0 0 0 0 0 0 0 0 0 0 0 
360 728 0 0 0 0 0 0 0 0 0 0 0 0 0 0 
376 728 0 0 0 0 0 0 0 0 0 0 0 0 0 0 
392 728 0 0 0 0 0 0 0 0 0 0 0 0 0 0 
408 728 0 0 0 0 0 0 0 0 0 0 0 0 0 0 
424 728 0 0 0 0 0 0 0 0 0 0 0 0 0 0 
440 728 0 0 0 0 0 0 0 0 0 0 0 0 0 0 
456 728 0 0 0 0 0 0 0 0 0 0 0 0 0 0 
472 728 0 0 0 0 0 0 0 0 0 0 0 0 0 0 
488 728 0 0 0 0 0 0 0 0 0 0 0 0 0 0 
504 728 0 0 0 0 0 0 0 0 0 0 -0.000307321963 -0.000346884137 0.000463438662 0 
520 728 0 0 0 0 0 0 0 0 0 0 -0.00092196589 -0.001040652411 0.001390315987 0 
536 728 0 0 0 0 0 0 0 0 0 0 -0.000994722356 -0.002152290265 0.002371039002 0 
552 728 0 0 0 0 0 0 0 0 0 0 -0.000525591363 -0.003681797697 0.003719123629 0 
568 728 0 0 0 0 0 0 0 0 0 0 -0.000065603581 -0.001801087334 0.001802281724 0 
584 728 0 0 0 0 0 0 0 0 0 0 0.000385240991 0.003489840826 0.003511039676 0 
600 728 0 0 0 0 0 0 0 0 0 0 0.000259074904 0.011244942336 0.011247926384 0 
616 728 0.006231074136 0.002844823251 0.006849766727 66.646030785788 69785 0.006231074136 0.002844823251 0.006849766727 66.646030785788 69785 -0.000444101841 0.021464217197 0.021468811014 0 
632 728 0.000372060623 -0.000418792818 0.000560193299 139.00460813692 412599.96875 0.000372060623 -0.000418792818 0.000560193299 139.00460813692 412599.96875 -0.000291904187 0.026849624394 0.026851211112 0 
648 728 -0.000917416122 -0.000493792343 0.001041865259 119.787145515604 1213721 -0.000917416122 -0.000493792343 0.001041865259 119.787145515604 1213721 0.000715667868 0.027401163926 0.027410508295 0 
664 728 -0.007854559363 0.001034632236 0.007922409144 56.190185617185 2019851 -0.007854559363 0.001034632236 0.007922409144 56.190185617185 2019851 -0.011821315421 0.023912519798 0.026674933952 0 
680 728 -0.003238507887 0.006904513895 0.007626286479 41.494796099601 2426671 -0.003238507887 0.006904513895 0.007626286479 41.494796099601 2426671 -0.037902854053 0.01638369201 0.041292271786 0 
696 728 -0.018965756139 0.015257932359 0.024341413389 28.592947601261 2432032 -0.018965756139 0.015257932359 0.024341413389 28.592947601261 2432032 -0.067676359696 0.012205796594 0.068768242178 0 
712 728 -0.075769390317 0.012929381352 0.07686461742 3.264751040705 2361725.75 -0.075769390317 0.012929381352 0.07686461742 3.264751040705 2361725.75 -0.101141832351 0.011378833551 0.101779900296 0 
728 728 -0.037856361638 0.005307746039 0.038226643647 0.198190122683 2310620 -7 -16 17.464249196573 74.550083104324 1250561 -0.117464828395 0.016883959843 0.118672043927 0 
744 728 -0.062722238922 0.029084480932 0.069137444894 11.044713505829 2248442 0 -16 16 103.832575723063 1611365 -0.116645347828 0.028721175472 0.120129276575 0 
760 728 -0.045122373253 0.078526595091 0.090567404206 38.87697522008 3392503 -0.045122373253 0.078526595091 0.090567404206 38.87697522008 3392503 -0.108860754281 0.042313522485 0.116795111232 0 
776 728 0.023372639444 4.727694813853 4.727752587986 58.787824255288 4834016.5 -11.517121508115 -12.264755586719 16.824634243711 78.296052762695 4747011.5 -0.094111047754 0.057661000883 0.110370649777 0 
792 728 0.047293722742 5.519867946228 5.520070546651 49.467096771849 5496693.5 15 -10 18.02775637732 172.666271321107 5302029.5 -0.089747056732 0.078081390155 0.118958974779 0 
808 728 -0.070279448265 5.405510395761 5.40596724366 42.01266656483 5388250 -12 -16 20 100.372549809734 5270491 -0.095768781214 0.103574690302 0.141065147809 0 
824 728 -0.027665875749 5.835559952936 5.835625533308 8.998736690078 5127421.5 -8 -16 17.888543819998 144.164579923779 5028853 -0.11626978729 0.712327009221 0.721753719424 0 
840 728 -0.068381620788 5.75855974297 5.758965736955 3.860781750219 5269659 5 -15 15.811388300842 166.106175634388 5135042.5 -0.15125007496 1.904338346912 1.910335343518 0 
856 728 -0.14779246998 5.469852762642 5.471849034756 16.944528065527 5334260.5 -16 -14 21.260291625469 112.693672622045 5148361 -0.74196558509 2.218498267124 2.339283542175 0 
872 728 -3.814264334836 4.562682016551 5.946989120569 8.877525215324 5307696 -1 -15 15.033296378373 127.413795426704 5096343 -1.88841631768 1.654806769856 2.510876666514 0 
888 728 -2.5 4.578969852732 5.21698810735 29.841093828764 5221661 10 -15 18.02775637732 155.215566431252 5027673.5 -2.454660750491 1.505721105898 2.879679747601 0 
904 728 -1.886064038942 4.923528685066 5.272416170187 33.070789043021 5188125.5 -18 -15 23.43074902772 75.774364415756 5068309 -2.44069888352 1.771241275248 3.015676822068 0 
920 728 -2.186869320472 5.20147496877 5.642494065178 28.14421117223 5006153.5 6.297569910756 -13.196010409935 14.621698858887 154.564330286411 4953285 -2.459657366998 1.995512908656 3.167331073892 0 
936 728 -2.26197075355 5.584672786951 6.025369849828 27.011728230315 5187768.5 -1.934120516089 -13.252716309542 13.393106874507 122.63554304396 5122098 -2.511536200922 2.178536006123 3.324730548258 0 
952 728 -1.250047667309 4.608931325939 4.775444182248 26.660251864458 6087459 -1 -14 14.035668847618 134.079270777034 6020640 -1.906478059754 2.129651644021 2.858334255682 0 
968 728 -0.034622225729 1.476369551263 1.476775457004 17.874344613909 6748236.5 -8.045300662041 -12.658506855225 14.998821905284 128.343662055888 6699491 -0.644482943494 1.84885982235 1.957968566437 0 
984 728 -2.129642085891 1.226328365095 2.457489913109 56.683334481642 6867961 8.04350935441 -12.879007757553 15.184428983456 151.395103678119 6806157.5 -0.08662551518 1.465980983197 1.468538124454 0 
1000 728 -0.113358246741 0.160940937853 0.196855473841 21.803330374864 7035314.5 -8 -13.315911586222 15.534268614006 135.647681810651 6979567.5 -0.232905774814 0.981015126562 1.00828358039 0 
1016 728 -0.576911157513 0.127025499618 0.590730023967 56.558794736319 7213021 12.357213457733 -13.891762576229 18.592519783889 159.369613488039 7148730.5 -0.256109627088 0.666359660802 0.713881880028 0 
1032 728 -2.611095285209 0.126060521035 2.614136538784 70.573724313714 7309260 -14.833304530411 -15.272273955374 21.290121536993 119.173119589155 7237916 -0.156237072001 0.522014585919 0.544893797524 0 
1048 728 -0.130941837625 0.094470165055 0.161463237073 41.092659747206 7444077 0 -16 16 166.901850434379 7378537 -0.088478139496 0.380267785429 0.390425370339 0 
1064 728 -0.128349408638 0.023639130148 0.130508157492 67.205290382685 7619614.5 11 -16 19.416487838948 157.850516870019 7530536.5 -0.052832829573 0.241119259334 0.246839634383 0 
1080 728 -3.170778909722 -0.031977783796 3.170940156009 63.499604877582 7703056 -3.170778909722 -0.031977783796 3.170940156009 63.499604877582 7703056 -0.095624490359 0.187041995621 0.21006844428 0 
1096 728 -0.074639796828 -0.032028888405 0.081221604041 68.380628740795 7917708 -0.074639796828 -0.032028888405 0.081221604041 68.380628740795 7917708 -0.216853121853 0.218035994291 0.30751418059 0 
1112 728 -1.114206310236 0.009501264875 1.114246819966 10.766369913821 8231703 13 15 19.849433241279 119.659442044485 8210852 -1.150076263675 0.228867500631 1.172627709511 0 
1128 728 -2.341129898384 0.061092949493 2.341926888181 2.841349214117 8329081 -2 -16 16.124515496597 87.211155487596 8324460 -2.895293915822 0.21953651464 2.903605197036 0 
1144 728 -3.148107604667 0.045459066073 3.148435804848 1.362572177663 8299556 -18.085486750162 0.32998204473 18.088496873431 1.144588269498 8284534 -3.748979480889 0.14335765241 3.751719414433 0 
1160 728 -3.471977285242 -0.24959292052 3.480937071423 4.116905000568 8819109 7.998964566136 11.353688123224 13.888472490873 125.160568984956 8756318 -3.711132958877 0.000330913941 3.711132973631 0 
1176 728 -3.348069852935 -0.158612253787 3.351824814513 1.410734079649 8495252 12 15 19.209372712299 129.961390109334 8390303 -3.661062982759 -0.083182270307 3.662007844588 0 
1192 728 -3.386357243723 -0.076188539622 3.387214205758 0.417070400055 7445455.5 -12 -16 20 51.424170465842 7368078.5 -3.598769552534 -0.107181900334 3.600365294245 0 
1208 728 -2.122528685995 -0.1282215016 2.126398075701 1.143688890718 7740730 -2.122528685995 -0.1282215016 2.126398075701 1.143688890718 7740730 -2.781062453284 -0.112347350916 2.783330791754 0 
1224 728 -1.079438050573 -0.082302297982 1.082571093867 0.310100610557 8383388 14 -12 18.439088914586 134.728495098768 8373730.5 -1.20794168501 -0.098678622054 1.211965587315 0 
1240 728 -0.447301081818 -0.014552775707 0.4475377538 8.45817750544 8514158 -7 -16 17.464249196573 56.049005010885 8507990 -0.387988861745 -0.070660756392 0.39437076379 0 
1256 728 -0.335618273717 0.011091664706 0.335801504878 6.9268428975 8318954 15 -12 19.209372712299 136.306196795684 8295574 -0.321203983491 -0.028293753932 0.322447725255 0 
1272 728 -1.29127562192 0.013637344835 1.291347632878 0.585746266501 8113488.5 15 0 15 179.980659915458 8112137 -0.567934881775 0.000191705378 0.56793491413 0 
1288 728 -3.090946002692 -0.008350949452 3.090957283742 0.906164955963 8021757 -17 15 22.671568097509 40.672298906833 7967511 -1.128181556599 0.014795621538 1.128278571571 0 
1304 728 -3.315608622885 -0.046073170008 3.315928720154 2.1297284768 7905117 4 15 15.52417469626 103.597810499796 7838774.5 -1.3037659524 0.030351712716 1.304119198962 0 
1320 728 -2.539278545426 -0.052811296368 2.539827664288 3.642598443241 7818880.5 4 15 15.52417469626 102.480270627907 7734504 -1.094688069178 0.046859978909 1.095690570565 0 
1336 728 -0.480279259921 -0.006724274217 0.480326330086 4.291278191932 8128139.5 0 15 15 86.51085380541 8026432.5 -0.676674692756 0.041258533535 0.67793134343 0 
1352 728 -3.720867171307 -0.046909608399 3.721162858284 15.962175659595 8409154 14 15 20.518284528683 117.785189748849 8314666 -0.049725823132 0.013547376592 0.051538227547 0 
1368 728 -3.579941012097 -0.104078666971 3.581453618158 1.61773075825 8503701 14 0 14 179.952454965316 8497237 -1.179420256479 -0.000978703673 1.179420662552 0 
1384 728 -2.174468888356 -0.03366400511 2.174729457121 0.8542628837 8640491 8 15 17 118.105176884843 8515973 -4.065757992797 -0.002319707262 4.065758654548 0 
1400 728 -2.752929314301 -0.062650868363 2.75364212287 1.385357313974 8806564 -3 15 15.297058540778 78.608416339932 8714147 -3.343278422094 0.004764449242 3.34328181696 0 
1416 728 -0.327804158982 -6.100686251757 6.109486746775 94.251201492473 8915443 -6 15 16.155494421404 110.625886681862 8884409 0.988018455631 0.020273765837 0.988226438752 0 
1432 728 4.116479540053 0.059909555371 4.116915466523 0.524129921953 8428283 -12 0 12 179.690329504484 8390786 4.224596555849 0.022833193973 4.224658260077 0 
1448 728 5.889953418453 -0.073546957279 5.89041258542 0.827386469351 8053471.5 5.889953418453 -0.073546957279 5.89041258542 0.827386469351 8053471.5 6.366455878559 0.012442733649 6.366468037716 0 
1464 728 5.062759546695 -0.145148038095 5.06483979812 173.998997587723 7866028.5 -16 -4 16.492422502471 9.677446748966 7844916 -0.61742297644 -0.047061495488 0.619213950258 0 
1480 728 -27.260158181779 -0.063928155066 27.260233141054 0.398874777399 7838548 -1 0 1 0.533239616309 7805029 -16.727040009149 -0.155679493436 16.727764452321 0 
1496 728 -22.388233171384 -0.026375054529 22.388248707296 0.3475045617 7657019 -8.553445331154 -7.020754099858 11.065821938009 38.964491097022 7573816 -18.680100687572 -0.135305601956 18.680590710782 0 
1512 728 -0.067165874654 0.113262972501 0.13168050599 59.207326102597 7396234 -22 0 22 0.124384248553 7336501.5 -6.476605011711 0.014060178951 6.476620273441 0 
1528 728 -0.019383300027 0.259695348594 0.260417715221 90.007689829293 7904419 -0.019383300027 0.259695348594 0.260417715221 90.007689829293 7904419 0.786508621199 0.05859776424 0.78868847411 0 
1544 728 4.958915306189 2.251726047126 5.446201539171 24.45286943662 8361239 -13 0 13 179.96880494265 8337444.5 3.109240211158 -0.00169284609 3.109240671998 0 
1560 728 -10.411247809911 -8.244040185399 13.279995464526 151.23137668395 9053225 19 -9 21.023796041629 34.951134809833 9052735 4.117360386871 0.696765933972 4.175899821849 0 
1576 728 1.827337553997 2.256705799641 2.903770583634 21.525695985411 8844814 -10.036892618122 -12.014165049173 15.655011186725 159.352051274217 8785776 3.810869148339 2.153974104426 4.377479652528 0 
1592 728 -10.890497620764 2.284013757893 11.127428151828 76.908607794256 8679858 15 -14 20.518284528683 134.271749856626 8573240 -0.061424503138 2.822535413221 2.82320369943 0 
1608 728 -13.884985130634 2.23487515734 14.063693648783 10.672920557263 8683434 0 -14 14 109.816611071181 8549854 -7.499520567561 2.702449860358 7.971577258675 0 
1624 728 2.53825293826 2.247484381887 3.390267544812 121.763994172408 8439427 -1 -14 14.035668847618 102.627252828189 8329003.5 -6.764840276194 2.031205724472 7.06320470166 0 
1640 728 6.809372377626 0.194987874194 6.812163565876 19.04048107986 7960233 -8.856497216656 0.151524619879 8.857793328988 158.339119744886 7947568.5 2.142616370963 0.808803005563 2.29018934041 0 
1656 728 7.630455270758 0.002322498953 7.63045562421 1.738764047189 7735428.5 20 15 25 35.113694353015 7637949.5 6.102108909469 0.187097570454 6.104976547366 0 
1672 728 4.783627320783 0.011362547566 4.783640815491 1.724201511759 8099873.5 15 15 21.213203435596 43.139704107974 8049457.5 5.113637339323 0.166089419146 5.116333895796 0 
1688 728 3.907620554384 0.078063193773 3.908400217386 2.368614760646 8348386 13 15 19.849433241279 45.572546814267 8286095 4.592825618792 0.281960870212 4.601472492253 0 
1704 728 3.61086978358 0.374280862314 3.630215800454 0.799913030427 8891917 -1.034955519075 -12.761724048409 12.803621894378 101.354162310947 8827633 4.539673747875 0.534711923653 4.571056177563 0 
1720 728 2.749887190086 0.443526982884 2.785425594545 1.700802307165 9230274 19 -14 23.600847442412 43.845831386628 9199150 4.008818966112 0.525029395598 4.043053965668 0 
1736 728 3.311858898461 0.024890913874 3.31195243337 4.387866139452 8845528 9.763633706457 -14.667940966744 17.620358547934 61.168974108434 8842571 3.000261273503 0.252913286047 3.010902329791 0 
1752 728 0.378366901837 -0.131717799183 0.400638354413 22.39993876151 8468294 -13.244475670249 -13.793275664313 19.122515245949 137.043009221548 8464468 1.592752749491 0.089210810951 1.595249162295 0 
1768 728 -0.009599100111 -0.067740448459 0.068417184101 90.954048025876 8041247.5 -0.009599100111 -0.067740448459 0.068417184101 90.954048025876 8041247.5 -0.213706605924 0.033921970309 0.216382100658 0 
1784 728 0.115820801512 0.072942098157 0.136875884459 145.994808853869 7649060.5 0.115820801512 0.072942098157 0.136875884459 145.994808853869 7649060.5 -0.963822308666 0.030341874228 0.96429978327 0 
1800 728 0.121843902975 0.067697802214 0.139387693563 144.138063283671 8003332.5 0.121843902975 0.067697802214 0.139387693563 144.138063283671 8003332.5 -0.657594358736 0.078470522707 0.662259740264 0 
1816 728 -1.904175532668 -0.031330651701 1.904433267129 3.203132532845 8683328 -1.904175532668 -0.031330651701 1.904433267129 3.203132532845 8683328 -2.479053845212 0.097856979458 2.480984473125 0 
1832 728 -6.206102562484 -0.086024491063 6.20669873839 1.582920305578 9140071 -6 15 16.155494421404 67.409811876207 9053299 -6.428200768094 0.088501244482 6.428809966487 0 
1848 728 -11.907178635525 -0.09352511296 11.907545927061 0.950477709007 9469316 9 0 9 179.49954359516 9464016 -6.288059921003 0.05492516063 6.288299797513 0 
1864 728 -16.757663322476 0.078683864065 16.757848047405 0.348937520304 9563619 13 0 13 179.920086872274 9563558 -2.058631303939 -0.002871272097 2.058633306289 0 
1880 728 -5.410296310199 0.207603468563 5.414277917166 1.178718806557 9657526 -5.410296310199 0.207603468563 5.414277917166 1.178718806557 9657526 -0.535402495187 0.031585495087 0.536333362147 0 
1896 728 -0.740709981665 0.252063572113 0.782424003546 13.530240876734 9857368 -1 -16 16.031219541881 91.686861773554 9840402 -1.718373494745 0.158295462183 1.725649130267 0 
1912 728 -14.210551428853 0.29863246624 14.213688939258 8.808975354711 10006860 12 -16 20 136.882757445996 9998921 -1.517542553169 0.267934906391 1.54101411893 0 
1928 728 4.721650578187 0.224952911071 4.727006240179 76.730095106162 10019313 -6 -16 17.088007490635 169.98618773929 10013951 0.067090329543 0.360503827711 0.366693498868 0 
1944 728 3.211008268622 0.186762383491 3.216435027953 97.586531054647 10079238 -16 0 16 79.084715720777 10078124 -0.060224973417 0.312295173815 0.318049246204 0 
1960 728 -0.521411020266 0.068909926074 0.525944892518 3.814353028915 9995166 -0.521411020266 0.068909926074 0.525944892518 3.814353028915 9995166 -1.899488462048 0.123308944702 1.90348667274 0 
1976 728 -1.099728743949 -0.055560731792 1.101131375079 3.318304500321 9682227 -1.099728743949 -0.055560731792 1.101131375079 3.318304500321 9682227 -1.25570590177 0.009337657094 1.255740619547 0 
1992 728 0.939221706705 -0.126337326959 0.947680607868 6.754150045587 9491998 0.939221706705 -0.126337326959 0.947680607868 6.754150045587 9491998 1.871122707419 -0.02961868901 1.871357115293 0 
2008 728 3.068842589292 -0.070385280899 3.069649642161 2.497818886435 9513239 3.068842589292 -0.070385280899 3.069649642161 2.497818886435 9513239 3.080487814269 0.063663447245 3.081145599996 0 
2024 728 2.037389561686 0.046035964644 2.037909599591 5.655412810055 9651464 2.037389561686 0.046035964644 2.037909599591 5.655412810055 9651464 2.372389418779 0.289184065858 2.389949576515 0 
2040 728 2.267580106172 0.084725004472 2.269162370631 3.617631641486 9823497 2.267580106172 0.084725004472 2.269162370631 3.617631641486 9823497 2.786770170481 0.280977270293 2.800899178747 0 
2056 728 3.689546771842 -1.383460556006 3.940395727796 21.071794327357 9828038 19 -3 19.235384061671 9.490002466045 9826327 4.323630069373 0.039043060549 4.323806348273 0 
2072 728 3.946808607167 -0.716154737807 4.011256136186 8.971050936164 9489065 19 -3 19.235384061671 7.659163853338 9480565 4.435654064919 -0.101701857892 4.43681983537 0 
2088 728 4.49643365589 -0.18099138611 4.500074833119 0.284893311083 9651242 -13 -10 16.401219466857 139.841477350482 9621463 3.12284215712 -0.141257485032 3.126035318956 0 
2104 728 5.554362502735 -0.066379026774 5.55475912952 1.893844368611 9836706 -14 -14 19.798989873223 132.421458326399 9810561 2.985601043716 -0.1344549007 2.988627061472 0 
2120 728 3.979397951681 -0.330836551323 3.993126704918 3.595119513869 9273602 -12 0 12 178.842630280531 9240984 4.023930724709 -0.081294104897 4.024751819522 0 
2136 728 4.198992723345 -0.169193176217 4.202400054919 1.825315158034 9393980 4.198992723345 -0.169193176217 4.202400054919 1.825315158034 9393980 4.540465342643 -0.038205322184 4.540626077358 0 
2152 728 4.231696677268 -0.097629676887 4.232822736923 1.256089360527 10021584 12 15 19.209372712299 51.405741603192 9970901 4.535204897518 -0.00518855256 4.535207865528 0 
2168 728 5.048737458263 1.543709368249 5.279468584629 16.898613176631 10049032 -11 15 18.601075237738 126.1508378613 10043478 5.449188051755 0.009795944899 5.449196856778 0 
2184 728 1.473261395432 -0.332044995183 1.510216215678 12.75424724183 9826779 14 15 20.518284528683 46.921841517371 9825519 7.282414805354 0.006748170192 7.282417931912 0 
2200 728 7.938450709881 -1.825106647439 8.145551789028 12.66228095241 9641459 20 15 25 37.155328950451 9638114 8.600567256065 -0.042845938414 8.600673979435 0 
2216 728 8.995971736343 -1.408996442995 9.105645416853 8.054873518752 8944139 1 15 15.033296378373 87.032698189061 8882657 9.403645403888 -0.13898638092 9.404672460865 0 
2232 728 7.291281232534 -1.689120521497 7.484377739534 6.545972039419 8183810.5 7.291281232534 -1.689120521497 7.484377739534 6.545972039419 8183810.5 7.421506212284 -0.845214105859 7.469480660911 0 
2248 728 2.087629779453 -3.214571309906 3.832971015091 17.839976723069 7879658.5 2.087629779453 -3.214571309906 3.832971015091 17.839976723069 7879658.5 2.654149681254 -2.161529113231 3.422969272115 0 
2264 728 1.171812055789 -2.356897370702 2.632130070896 1.207214098031 7516050 1.171812055789 -2.356897370702 2.632130070896 1.207214098031 7516050 1.227556307683 -2.34380755395 2.645813360478 0 
2280 728 6.450006523656 -1.366059478457 6.59307990653 11.939300555598 7031456.5 6.450006523656 -1.366059478457 6.59307990653 11.939300555598 7031456.5 3.141726091571 -1.392049428017 3.43631262322 0 
2296 728 2.930985559047 -0.42935837875 2.962266862513 7.366964508037 7440969.5 7 15 16.552945357247 80.684020810584 6924500.5 3.153810001589 -0.886550313904 3.276047769066 0 
2312 728 6.939227890069 -0.437406639675 6.952999948133 29.602634618448 8040501.5 -9 15 17.492855684536 154.173196050237 7823959.5 1.263808037735 -0.827310211609 1.510514131836 0 
2328 728 0.139240476121 -6.173409668718 6.174979744745 19.108398422257 8344450.5 -5 15 15.811388300842 178.034470396894 8282991.5 0.292228020129 -0.78575738352 0.838338762974 0 
2344 728 0.112597763155 -2.059363496925 2.062439397591 14.291467726563 8903637 8 15 17 134.506457284992 8857739 0.239069948772 -0.761891829636 0.798519630611 0 
2360 728 -0.118163207999 -2.95373901422 2.956101606482 18.268781755293 9406983 0 15 15 164.022092593328 9369150 0.162572141467 -0.567782621506 0.590598684781 0 
2376 728 0.097310015724 -1.514754988497 1.517877437192 13.463243653371 9498999 3 15 15.297058540778 151.551112426025 9463338 0.062734598215 -0.203429759131 0.212883293645 0 
2392 728 0.063723000686 -1.278244317258 1.279831690269 29.073773926622 9105185 0 15 15 148.072281104173 9081075 0.011018104391 -0.017682251286 0.020834121889 0 
2408 728 0.044290378441 -0.062509887629 0.076610206068 0.164486997779 8503109 -11 15 18.601075237738 178.900542629379 8480063 0.007422659995 -0.01054009797 0.012891452464 0 
2424 728 0.017091636397 -0.007723417599 0.018755671519 18.567832137129 7377481.5 15 -16 21.931712199461 3.962382840062 6058642.5 0.006963561494 -0.006467595673 0.009503735185 0 
2440 728 0.013607434958 -0.000094067122 0.013607760094 29.149991567703 4104272.75 -16 15 21.931712199461 166.393676719688 1573531.125 0.009640808887 -0.005464744394 0.0110819054 0 
2456 728 0.000509546136 0.005202139225 0.005227034511 108.910876316475 885517.9375 0.000509546136 0.005202139225 0.005227034511 108.910876316475 885517.9375 0.007990998051 -0.003642569282 0.008782047644 0 
2472 728 0 0 0 0 0 0 0 0 0 0 0.002014128987 -0.001001070338 0.002249190387 0 
2488 728 0 0 0 0 0 0 0 0 0 0 -0.000730729159 0.000239759351 0.000769057638 0 
2504 728 0 0 0 0 0 0 0 0 0 0 -0.000243576386 0.000079919784 0.000256352546 0 
2520 728 0 0 0 0 0 0 0 0 0 0 0.000243576386 -0.000079919784 0.000256352546 0 
2536 728 0 0 0 0 0 0 0 0 0 0 0.000730729159 -0.000239759351 0.000769057638 0 
24 744 0 0 0 0 0 0 0 0 0 0 0 0 0 0 
40 744 0 0 0 0 0 0 0 0 0 0 0 0 0 0 
56 744 0 0 0 0 0 0 0 0 0 0 0 0 0 0 
72 744 0 0 0 0 0 0 0 0 0 0 0 0 0 0 
88 744 0 0 0 0 0 0 0 0 0 0 0 0 0 0 
104 744 0 0 0 0 0 0 0 0 0 0 0 0 0 0 
120 744 0 0 0 0 0 0 0 0 0 0 0 0 0 0 
136 744 0 0 0 0 0 0 0 0 0 0 0 0 0 0 
152 744 0 0 0 0 0 0 0 0 0 0 0 0 0 0 
168 744 0 0 0 0 0 0 0 0 0 0 0 0 0 0 
184 744 0 0 0 0 0 0 0 0 0 0 0 0 0 0 
200 744 0 0 0 0 0 0 0 0 0 0 0 0 0 0 
216 744 0 0 0 0 0 0 0 0 0 0 0 0 0 0 
232 744 0 0 0 0 0 0 0 0 0 0 0 0 0 0 
248 744 0 0 0 0 0 0 0 0 0 0 0 0 0 0 
264 744 0 0 0 0 0 0 0 0 0 0 0 0 0 0 
280 744 0 0 0 0 0 0 0 0 0 0 0 0 0 0 
296 744 0 0 0 0 0 0 0 0 0 0 0 0 0 0 
312 744 0 0 0 0 0 0 0 0 0 0 0 0 0 0 
328 744 0 0 0 0 0 0 0 0 0 0 0 0 0 0 
344 744 0 0 0 0 0 0 0 0 0 0 0 0 0 0 
360 744 0 0 0 0 0 0 0 0 0 0 0 0 0 0 
376 744 0 0 0 0 0 0 0 0 0 0 0 0 0 0 
392 744 0 0 0 0 0 0 0 0 0 0 0 0 0 0 
408 744 0 0 0 0 0 0 0 0 0 0 0 0 0 0 
424 744 0 0 0 0 0 0 0 0 0 0 0 0 0 0 
440 744 0 0 0 0 0 0 0 0 0 0 0 0 0 0 
456 744 0 0 0 0 0 0 0 0 0 0 0 0 0 0 
472 744 0 0 0 0 0 0 0 0 0 0 0 0 0 0 
488 744 0 0 0 0 0 0 0 0 0 0 0 0 0 0 
504 744 0 0 0 0 0 0 0 0 0 0 -0.000102440654 -0.000115628046 0.000154479554 0 
520 744 0 0 0 0 0 0 0 0 0 0 -0.000307321963 -0.000346884137 0.000463438662 0 
536 744 0 0 0 0 0 0 0 0 0 0 -0.000331574119 -0.000717430088 0.000790346334 0 
552 744 0 0 0 0 0 0 0 0 0 0 -0.000175197121 -0.001227265899 0.001239707876 0 
568 744 0 0 0 0 0 0 0 0 0 0 -0.00002186786 -0.000600362445 0.000600760575 0 
584 744 0 0 0 0 0 0 0 0 0 0 0.000128413664 0.001163280275 0.001170346559 0 
600 744 0 0 0 0 0 0 0 0 0 0 0.000086358301 0.003748314112 0.003749308795 0 
616 744 0 0 0 0 0 0 0 0 0 0 -0.000148033947 0.007154739066 0.007156270338 0 
632 744 0 0 0 0 0 0 0 0 0 0 -0.000625063409 0.008528473709 0.008551348904 0 
648 744 0 0 0 0 0 0 0 0 0 0 -0.001344730085 0.007869518043 0.007983583984 0 
664 744 0 0 0 0 0 0 0 0 0 0 -0.009722489769 0.00746139454 0.012255578966 0 
680 744 0 0 0 0 0 0 0 0 0 0 -0.025758342459 0.007304103201 0.026773907631 0 
696 744 -0.001018877478 -0.000683107046 0.001226681112 47.349383140732 46965 -0.001018877478 -0.000683107046 0.001226681112 47.349383140732 46965 -0.04348668539 0.010447841121 0.044724145496 0 
712 744 -0.008775073047 -0.002231791464 0.009054435384 29.300756683027 299432 -0.008775073047 -0.002231791464 0.009054435384 29.300756683027 299432 -0.062907518562 0.016892608299 0.065136135185 0 
728 744 -0.008489841281 0.008215308482 0.011813919689 27.156043455692 756363.9375 -0.008489841281 0.008215308482 0.011813919689 27.156043455692 756363.9375 -0.073504686316 0.022335852161 0.076823363648 0 
744 744 -0.016071195377 0.03629116173 0.039690448984 46.533068285063 1101014 -0.016071195377 0.03629116173 0.039690448984 46.533068285063 1101014 -0.075278188651 0.026777572707 0.079898961737 0 
760 744 -0.004137675224 0.059818873891 0.059961804758 64.368899456462 1855732.875 -0.004137675224 0.059818873891 0.059961804758 64.368899456462 1855732.875 -0.075358198298 0.029949445917 0.08109147527 0 
776 744 -0.002874787768 0.093276460283 0.093320750359 64.874443135427 2801894 -0.002874787768 0.093276460283 0.093320750359 64.874443135427 2801894 -0.073744715256 0.031851471792 0.080329317708 0 
792 744 -0.030787175299 0.072741741927 0.078988677552 37.044552455447 3545981.5 -0.030787175299 0.072741741927 0.078988677552 37.044552455447 3545981.5 -0.070279853826 0.040601362952 0.081164823214 0 
808 744 0.008187133318 0.013928936264 0.016156869047 79.58348209244 4024259.25 -15 -16 21.931712199461 87.71023734757 2495905.75 -0.064963614008 0.056199119396 0.085898848455 0 
824 744 -0.018738221783 -0.012742854395 0.022660566933 110.676263258853 4219015.5 11 -16 19.416487838948 159.03272149148 3475190.75 -0.065261085647 0.270972522779 0.278720500503 0 
840 744 -0.019174882587 -0.01545058932 0.024625126041 122.928419237124 4406267 13.935025128293 10.983983598424 17.743528989933 57.686300799539 4224278.5 -0.071172268744 0.684921573099 0.688609507003 0 
856 744 -3.482366291298 12.033354303665 12.527110232784 1.895706731454 4418545 -9 -16 18.357559750686 132.606476192006 4410057.5 -0.261568220495 0.803317392171 0.844829430439 0 
872 744 3.166670057675 6.100956641728 6.873825077671 72.898227661608 4336649.5 8 -16 17.888543819998 161.098159982694 4267131 -0.636448940901 0.626159979992 0.892828972938 0 
888 744 -15.258641649106 5.715218707305 16.293859881813 14.628619375029 4431273.5 0 -16 16 125.162368003386 4306644.5 -0.822777874422 0.579597000584 1.006427401119 0 
904 744 -1.062518785215 6.132285989796 6.223654684314 41.205768768172 4761804.5 -9 -16 18.357559750686 99.60663991629 4649734.5 -0.820555021059 0.663628453945 1.055326142702 0 
920 744 -0.348472249078 6.053411426044 6.06343325199 45.125842204054 5154505.5 0 -16 16 131.579490282118 5035513 -0.830787474311 0.737075992213 1.110625430003 0 
936 744 -0.064833214467 6.070131653398 6.070477875364 46.242586342753 5709415 -15 -16 21.931712199461 89.993088543592 5590820.5 -0.853475234178 0.799939615388 1.169753548241 0 
952 744 -7.568108094204 5.677876418955 9.461212435755 13.733107868789 6061383.5 14 -16 21.260291625469 178.202371417011 5949152.5 -0.652553227094 0.794762229832 1.028334924117 0 
968 744 -1.910677328785 3.949411857409 4.38731602169 8.279613217353 6251038.5 8 -16 17.888543819998 170.972466954216 6108307 -0.228021453059 0.721543835544 0.756716122246 0 
984 744 -0.300010987319 2.590254819369 2.607571019507 1.253244040765 6353491.5 -1 -16 16.031219541881 171.070180782303 6220040.5 -0.057738492355 0.61614804818 0.618847437399 0 
1000 744 -1.65214240773 1.548180401036 2.264163662276 30.366753130501 6259878.5 -1.65214240773 1.548180401036 2.264163662276 30.366753130501 6259878.5 -0.141704344983 0.478574867739 0.499113239074 0 
1016 744 -1.722215628516 1.200997646449 2.099624256357 36.381230599621 6251599 -1.722215628516 1.200997646449 2.099624256357 36.381230599621 6251599 -0.15284332334 0.450816549121 0.476021682753 0 
1032 744 -0.084038954859 1.133599241793 1.136710071622 5.467442668627 6419910.5 -0.084038954859 1.133599241793 1.136710071622 5.467442668627 6419910.5 -0.091155427429 0.532873092325 0.540613581474 0 
1048 744 -0.005540786658 0.774791998507 0.774811810227 3.032482173133 6754795.5 -0.005540786658 0.774791998507 0.774811810227 3.032482173133 6754795.5 -0.029113564379 0.484012945633 0.484887751105 0 
1064 744 0.011530282319 0.169213698371 0.169606082222 2.344983741635 6891794 0.011530282319 0.169213698371 0.169606082222 2.344983741635 6891794 0.033282265809 0.304236109045 0.30605117099 0 
1080 744 -0.43754382696 0.052814061202 0.440719781235 75.743321962282 6815535 -0.43754382696 0.052814061202 0.440719781235 75.743321962282 6815535 -0.033024846465 0.255182252871 0.257310362528 0 
1096 744 -0.070110833988 0.280278600102 0.288914559546 20.052260905026 7072125.5 -0.070110833988 0.280278600102 0.288914559546 20.052260905026 7072125.5 -0.228034901201 0.336851377111 0.406778522574 0 
1112 744 -1.115285533382 1.001121013129 1.498701138953 24.019875745372 7404818.5 -1.115285533382 1.001121013129 1.498701138953 24.019875745372 7404818.5 -1.231926800589 0.39772182998 1.294537097209 0 
1128 744 -3.06991485041 0.759206605165 3.162399699294 5.708441832157 7397598.5 -3.06991485041 0.759206605165 3.162399699294 5.708441832157 7397598.5 -3.044700544628 0.437793611476 3.076014410354 0 
1144 744 -3.240101139537 0.034133624381 3.240280928985 4.369567918935 7863101 -19 1 19.02629759044 1.960354250354 7795551.5 -3.86780426483 0.336562132273 3.882419851061 0 
1160 744 -3.764490441529 -0.019605155261 3.764541492198 1.753635660983 8438537 -11 -16 19.416487838948 56.946723684071 8325397 -3.701237961194 0.094027392369 3.702432119013 0 
1176 744 -3.156510737926 -0.336668801976 3.174414264217 5.106866074204 7629891 -3.156510737926 -0.336668801976 3.174414264217 5.106866074204 7629891 -3.525749981799 -0.060385050033 3.526267047236 0 
1192 744 -3.437897377527 -0.223034423473 3.445124487223 1.540747193851 6952419.5 -3.437897377527 -0.223034423473 3.445124487223 1.540747193851 6952419.5 -3.341340326645 -0.126675194931 3.343740687236 0 
1208 744 -2.079727372093 -0.022578098018 2.079849925533 2.09393130866 7487771 -17 -16 23.345235059858 40.548369640554 7440780 -2.508177188972 -0.118981359014 2.510997685199 0 
1224 744 -1.323428138977 0.008700425015 1.32345673765 2.458393661865 7798263 -1.323428138977 0.008700425015 1.32345673765 2.458393661865 7798263 -1.02626056878 -0.03730354228 1.026938318157 0 
1240 744 -0.231278092283 -0.000333673374 0.231278332984 2.56385947978 7607597.5 -0.231278092283 -0.000333673374 0.231278332984 2.56385947978 7607597.5 -0.268126331731 0.011618488969 0.268377940698 0 
1256 744 -0.203047884477 0.130082257639 0.241142773359 25.867617777533 7024055 -0.203047884477 0.130082257639 0.241142773359 25.867617777533 7024055 -0.233774477824 0.027784734734 0.235419833417 0 
1272 744 -0.18523879683 0.185523034948 0.262168282497 37.142275122603 6361898 -0.18523879683 0.185523034948 0.262168282497 37.142275122603 6361898 -0.331020030182 0.045942539355 0.33419302402 0 
1288 744 -2.954532206792 0.165736571584 2.959177110639 3.521932825419 6047011 -2.954532206792 0.165736571584 2.959177110639 3.521932825419 6047011 -0.559862988804 0.066091902832 0.5637505706 0 
1304 744 -0.400669902253 0.20529546727 0.450202842564 18.148336808637 5801486.5 -0.400669902253 0.20529546727 0.450202842564 18.148336808637 5801486.5 -0.535350195885 0.084612831803 0.541995538303 0 
1320 744 -1.866932551908 0.253694203164 1.884090736162 13.777101764756 5430346 -1.866932551908 0.253694203164 1.884090736162 13.777101764756 5430346 -0.257481651427 0.101505326268 0.276767288678 0 
1336 744 -1.55452617168 0.103376589847 1.557959671419 14.504022976387 5305659.5 -1.55452617168 0.103376589847 1.557959671419 14.504022976387 5305659.5 -0.259620565823 0.085904589537 0.273463775849 0 
1352 744 0.042116549526 -0.047539000365 0.06351189101 135.531187861278 5645283 0.042116549526 -0.047539000365 0.06351189101 135.531187861278 5645283 -0.541766939075 0.037810621609 0.543084762612 0 
1368 744 -1.261493171132 -0.126394443016 1.267809361078 5.564058114283 5667005 -21 0 21 0.157557957053 5633909 -5.179553548341 -0.01424331669 5.179573132238 0 
1384 744 0.451627786773 -0.200682420403 0.49420753904 155.757838969393 5643665.5 -30 0 30 0.284019973891 5641071.5 -14.172980393622 -0.070257225359 14.173154529452 0 
1400 744 -29 0 29 0.387110712466 5608022.5 2 0 2 179.612889287534 5607955 -13.09109352781 -0.08844944074 13.091392326924 0 
1416 744 3.618223055021 -0.490756302165 3.651353149724 170.237764265753 5985150 -17 -1 17.029386365926 1.328379810221 5971615 -1.933892950904 -0.068819962833 1.935117085047 0 
1432 744 7.150761300809 -0.326330711594 7.158203609459 2.21725362601 5483582.5 -12 0 12 179.604327808795 5443948 4.703763644805 -0.032483685021 4.703875807883 0 
1448 744 7.033340083229 0.037107656267 7.033437971896 0.129613400879 4954313.5 21 0 21 0.172674322955 4888440 6.821876259319 0.020559392694 6.821907239628 0 
1464 744 5.262936940015 0.351275061217 5.274646851042 171.636005592813 4728405 -16 0 16 12.18254116102 4683613 -0.283645410866 -0.061235843446 0.290180198546 0 
1480 744 -26.310462212212 0.259280288145 26.311739738909 1.522863877808 4994674 -1 0 1 0.958252536818 4928157 -16.61280136575 -0.277869393441 16.615125055734 0 
1496 744 -23.367036704341 0.017804153353 23.36704348714 0.853043628631 5192835 -3 0 3 0.809388001242 5007187 -18.640485077541 -0.263342060588 18.64234515738 0 
1512 744 -4.764737888907 0.040185197924 4.764907344337 0.642085663825 4847710 -21 -16 26.400757564888 37.145076529567 4643629 -6.366696546238 -0.017653844888 6.366721021854 0 
1528 744 0.234047897446 -0.007044323291 0.234153882713 6.720676384408 5623393.5 1 -16 16.031219541881 91.420386395774 5620470.5 0.828289663138 0.072418187233 0.831449433161 0 
1544 744 11.693928952077 -6.411343181389 13.336164955705 28.868068282835 6556738 -14 15 20.518284528683 132.891306077238 6484440.5 2.944473550589 0.006874035776 2.944481574485 0 
1560 744 3.60357415963 -5.339927803009 6.4420940435 69.319693106628 7320195 3.60357415963 -5.339927803009 6.4420940435 69.319693106628 7320195 4.179670848728 0.990541937036 4.295441971757 0 
1576 744 4.748392144704 3.283070459878 5.772848482717 0.962879129358 7083538.5 19 -8 20.615528128088 56.531019263031 6962719 4.533881557556 3.023421891013 5.449510244876 0 
1592 744 -12.358517005487 3.900345383655 12.959384116798 81.459573970727 6812339.5 15 4 15.52417469626 66.093323521439 6796844.5 0.611578915293 3.872178184113 3.920177631072 0 
1608 744 -13.81152831111 4.944610976271 14.669952010666 5.295029734752 6733297 -12 -13 17.691806012954 72.283315461085 6597761 -7.587237078063 3.536810816337 8.371092953091 0 
1624 744 1.930651031639 3.862690478269 4.318308828336 96.502633540456 6587915.5 -7 -14 15.652475842499 83.489128052844 6511233.5 -7.23843467849 2.642328891576 7.705636804705 0 
1640 744 5.659713620766 2.93975486075 6.377657635087 8.191368542702 6135331 -10.239311378769 1.639054924756 10.369667234668 135.266021434187 6117074.5 1.657986114009 1.188732409829 2.040098697716 0 
1656 744 5.333454903042 2.709768179857 5.982356123748 22.595475905253 6064396 -11 -6 12.529964086142 155.727819710594 6048865 5.547930845548 0.420878738048 5.563872354676 0 
1672 744 4.043269742426 1.185347199491 4.213440185093 11.967720582464 6008105.5 4.043269742426 1.185347199491 4.213440185093 11.967720582464 6008105.5 4.431399516127 0.338767876234 4.444329572107 0 
1688 744 13.445958821282 0.382595765916 13.451400973271 6.717043366592 5863090 13.445958821282 0.382595765916 13.451400973271 6.717043366592 5863090 4.058751942664 0.595502522757 4.102205575869 0 
1704 744 4.105950517718 1.302082048905 4.307464139843 2.545787200682 6402635.5 4.105950517718 1.302082048905 4.307464139843 2.545787200682 6402635.5 4.429988125159 1.191082677619 4.587316506845 0 
1720 744 4.164759238268 1.195242516622 4.332877125684 0.588096165359 7616499 19 1 19.02629759044 12.412043943838 7469191 4.238241348955 1.169382573578 4.39660611556 0 
1736 744 4.541250019748 0.425433895083 4.561134260351 3.305437197695 7475311.5 14 -16 21.260291625469 57.471481269991 7253690.5 3.483511614052 0.530402210634 3.523659982218 0 
1752 744 2.148597158445 1.989580412597 2.92829301257 38.560306340931 6471646 16 -16 22.62741699797 49.239085360973 6234875 2.241907847227 0.166173104087 2.248057894268 0 
1768 744 0.031494824741 0.391923342005 0.393186762231 76.90968402784 5810731 9 -16 18.357559750686 69.138166058648 5666812.5 0.51343004848 0.076695253938 0.519126744311 0 
1784 744 0.075126722553 -0.021735338739 0.078207732301 168.96640350335 5296193 14.252694480312 -14.822846623221 20.563464736388 138.979000451577 5295474 -0.555146670151 0.049568850629 0.557355269404 0 
1800 744 -0.074648199217 -0.156783583812 0.173647475649 69.567575811121 5519738 8 15 17 113.044738794259 5439796 -0.963822308666 0.084793894159 0.967545062087 0 
1816 744 -4.916823088841 -0.12199917764 4.918336414511 2.509843522937 5891309.5 -4.916823088841 -0.12199917764 4.918336414511 2.509843522937 5891309.5 -5.187460979898 0.098560754853 5.188397213047 0 
1832 744 -27.722919710324 0.079161597667 27.723032731352 0.230038284355 6173435 2 0 2 179.606356541083 6171870.5 -13.226062683846 0.090869432711 13.226374838588 0 
1848 744 -12.264215600223 0.075124969097 12.264445688646 0.044911705057 6584781.5 -12.264215600223 0.075124969097 12.264445688646 0.044911705057 6584781.5 -12.992735270113 0.089772428271 12.993045404682 0 
1864 744 -4.145725663656 0.054192715978 4.146079850746 0.467289075602 7369805.5 5 15 15.811388300842 107.21873487418 7198530.5 -4.487478738699 0.095269741531 4.488489919107 0 
1880 744 3.775416664169 0.135881397202 3.777861133259 174.528829885322 8081294 -14 15 20.518284528683 43.565012291653 8035736.5 -1.951959437621 0.116306969704 1.955421427038 0 
1896 744 -5.455449921734 0.016339471789 5.455474390636 1.454272677127 8520095 -5.233233355285 -12.960170574646 13.976864908655 69.637338430338 8505518 -5.386177366879 0.152884112792 5.388346701858 0 
1912 744 -6.068396343963 -0.111819101401 6.069426471987 2.899163628921 8958338 -6 15 16.155494421404 66.355066176855 8946008 -6.38584469746 0.205539124198 6.389151651953 0 
1928 744 -5.90622016939 -0.00944300802 5.90622771824 3.262420692788 9221180 -10.370081530945 8.28545046997 13.273555682212 35.453214757938 9220785 -4.950961429363 0.274272003923 4.958552632288 0 
1944 744 -14.678639803586 9.590813757239 17.53414312162 30.724799151722 9274275 -14 -16 21.260291625469 51.249303464024 9271517 -5.472016217244 0.232715928461 5.476962496233 0 
1960 744 -18.65488917199 0.004893395988 18.654889813787 0.567861071802 9213689 8 0 8 179.417109574305 9213050 -7.949009061105 0.080870897813 7.949420428915 0 
1976 744 -8.673336880436 8.69576287898 12.281818460186 45.432633916212 8985508 -8 -16 17.888543819998 63.076291933254 8983870 -4.357744996415 -0.027278722695 4.357830375599 0 
1992 744 -0.266484870194 -12.404388326581 12.407250458609 90.239452354122 8852414 12 -9.825248909017 15.509207462799 38.318363329991 8852403 5.301775976826 -0.091732933062 5.302569512931 0 
2008 744 2.306830612359 0.840993275053 2.455348684566 20.04166333393 9003178 24 0 24 0.011499509303 9002212 9.089505165296 -0.0018243028 9.089505348369 0 
2024 744 6.967661929858 2.082039425212 7.2720836723 14.654791580559 9156647 20 -16 25.612496949731 40.641932482543 9149510 7.005442568995 0.242447168093 7.009636667959 0 
2040 744 4.830541826078 1.21473656792 4.980935581087 11.634693171477 9278458 18 -16 24.083189157585 44.114334967412 9272217 5.920030575358 0.256486090685 5.92558411702 0 
2056 744 4.812961487504 0.870928284125 4.891126082641 9.861195718078 9307884 0 -16 16 90.395756033536 9305140 5.833269184385 0.040292464977 5.833408339918 0 
2072 744 4.000740122268 0.207551561828 4.006120214963 4.528131734559 8950659 4 -16 16.492422502471 74.405369637129 8947233 4.577415337149 -0.124531749309 4.579109009988 0 
2088 744 3.520831239356 0.413438597977 3.545022438621 13.006617654864 8852699 17 -16 23.345235059858 36.955044995429 8831334 2.152469033648 -0.237986552174 2.165585495849 0 
2104 744 5.61408969304 0.388652844577 5.627526465073 10.069679423423 8651015 -15 2 15.132745950422 178.514875598703 8604864 1.961914703337 -0.209997872795 1.973121488847 0 
2120 744 3.956145023373 0.074891445717 3.956853822749 1.664709800278 7123532 4 -16 16.492422502471 75.383549770871 6983493 4.005752346215 -0.040565711172 4.005957742679 0 
2136 744 4.997246170713 0.064587309978 4.997663535225 0.152121961455 6229324.5 4.997246170713 0.064587309978 4.997663535225 0.152121961455 6229324.5 5.072120906605 0.052086586953 5.072388343154 0 
2152 744 5.183791051768 0.180060563021 5.186917338338 1.234973689701 7044201 5.183791051768 0.180060563021 5.186917338338 1.234973689701 7044201 5.161020384507 0.067959021582 5.161467798787 0 
2168 744 20.409107935757 0.231038146248 20.410415609645 0.387283992653 7621455 20.409107935757 0.231038146248 20.410415609645 0.387283992653 7621455 7.688230337531 0.035062270048 7.688310288075 0 
2184 744 -1.300021976278 0.01140394051 1.300071993647 179.708426767469 7651417.5 -1.300021976278 0.01140394051 1.300071993647 179.708426767469 7651417.5 12.653750765677 -0.046603667646 12.653836585863 0 
2200 744 17.593733144458 -0.283912075087 17.596023756087 0.257082847122 7495406 17.593733144458 -0.283912075087 17.596023756087 0.257082847122 7495406 13.81195243917 -0.160899551776 13.812889590801 0 
2216 744 10.929961484587 -0.425808420124 10.938252642228 0.65141226322 7638113 10.929961484587 -0.425808420124 10.938252642228 0.65141226322 7638113 11.16283535801 -0.307825382342 11.167078834505 0 
2232 744 7.235846603556 -2.233470577282 7.572705387758 9.652017978195 7974197.5 7.235846603556 -2.233470577282 7.572705387758 9.652017978195 7974197.5 7.459605982237 -0.982305994149 7.524004683436 0 
2248 744 2.024630804087 -2.897674566978 3.534918356761 16.107753900671 8108289.5 -12 13 17.691806012954 171.6592960736 8020262.5 2.702264311851 -2.184341387198 3.474705700765 0 
2264 744 0.306542752363 -3.150911433899 3.165787630796 8.174984983357 6851849 0 13 13 166.268366695517 6668835 0.629283312264 -2.575243976305 2.651014716026 0 
2280 744 1.098816901238 -2.36837007235 2.610857212114 5.040290930087 4815627 -9 13 15.811388300842 175.234311246543 4644849.5 1.240662983475 -2.155013761468 2.486630038964 0 
2296 744 0.907368567328 -1.204425357541 1.507964906376 3.098066528437 4142079 0.907368567328 -1.204425357541 1.507964906376 3.098066528437 4142079 1.232366820267 -1.834306406745 2.209843427377 0 
2312 744 0.23747098683 -1.179304231865 1.202975868786 9.154535716444 4788192.5 0.23747098683 -1.179304231865 1.202975868786 9.154535716444 4788192.5 0.60439482264 -1.613121912136 1.72263037389 0 
2328 744 -0.040936898614 -1.193143682804 1.193845751127 11.587576407736 5845403 -0.040936898614 -1.193143682804 1.193845751127 11.587576407736 5845403 0.245511377383 -1.448088435067 1.46875319649 0 
2344 744 0.22906887687 -1.138275152608 1.16109554878 4.746048121347 6978296.5 0.22906887687 -1.138275152608 1.16109554878 4.746048121347 6978296.5 0.155716484496 -1.339205975537 1.348228566845 0 
2360 744 0.22537538581 0.017208001184 0.226031369136 89.09126241189 7935811.5 -16 0 16 95.274949016855 7906997.5 0.089199995542 -0.966139277907 0.970248289625 0 
2376 744 0.107865908918 1.89555673907 1.89862329211 168.787597517873 9241937 -16 5 16.76305461424 115.30954574976 9184046 0.04596191052 -0.328888342179 0.332084385119 0 
2392 744 0.350318512132 0.514038785171 0.622060232295 80.307852758023 9764254 7.013027867201 -13.762147116615 15.446010913032 38.414780429493 9758639 0.019975647227 -0.009138129367 0.021966608534 0 
2408 744 1.513639985064 -1.084165085261 1.86185926871 4.112570017655 9268851 -16 -2 16.124515496597 141.374910344793 9247875 0.011241205663 -0.006888639473 0.013184007681 0 
2424 744 0.05841396327 -0.064771866194 0.08722147531 12.547379521902 9557982 -16 0 16 144.592834660795 9504960 0.007815556341 -0.005555697954 0.009588988512 0 
2440 744 0.016282002568 -0.000468453618 0.016288740172 26.270933976073 8526433 -16 15 21.931712199461 164.766560984437 6732308 0.009698699263 -0.005139304809 0.01097621161 0 
2456 744 0.002415882275 0.00244155681 0.003434776095 69.645658861756 4267501 15 -16 21.931712199461 22.504791799562 1544833 0.008056709796 -0.003644994856 0.008842881897 0 
2472 744 0.001112930559 0.003476677362 0.003650465711 92.617034529594 785661.9375 0.001112930559 0.003476677362 0.003650465711 92.617034529594 785661.9375 0.002889587943 -0.001072768092 0.003082296199 0 
2488 744 0 0 0 0 0 0 0 0 0 0 0.000229520262 0.000160008967 0.000279789957 0 
2504 744 0 0 0 0 0 0 0 0 0 0 0.000076506754 0.000053336322 0.000093263319 0 
2520 744 0 0 0 0 0 0 0 0 0 0 -0.000076506754 -0.000053336322 0.000093263319 0 
2536 744 0 0 0 0 0 0 0 0 0 0 -0.000229520262 -0.000160008967 0.000279789957 0 
24 760 0 0 0 0 0 0 0 0 0 0 0 0 0 0 
40 760 0 0 0 0 0 0 0 0 0 0 0 0 0 0 
56 760 0 0 0 0 0 0 0 0 0 0 0 0 0 0 
72 760 0 0 0 0 0 0 0 0 0 0 0 0 0 0 
88 760 0 0 0 0 0 0 0 0 0 0 0 0 0 0 
104 760 0 0 0 0 0 0 0 0 0 0 0 0 0 0 
120 760 0 0 0 0 0 0 0 0 0 0 0 0 0 0 
136 760 0 0 0 0 0 0 0 0 0 0 0 0 0 0 
152 760 0 0 0 0 0 0 0 0 0 0 0 0 0 0 
168 760 0 0 0 0 0 0 0 0 0 0 0 0 0 0 
184 760 0 0 0 0 0 0 0 0 0 0 0 0 0 0 
200 760 0 0 0 0 0 0 0 0 0 0 0 0 0 0 
216 760 0 0 0 0 0 0 0 0 0 0 0 0 0 0 
232 760 0 0 0 0 0 0 0 0 0 0 0 0 0 0 
248 760 0 0 0 0 0 0 0 0 0 0 0 0 0 0 
264 760 0 0 0 0 0 0 0 0 0 0 0 0 0 0 
280 760 0 0 0 0 0 0 0 0 0 0 0 0 0 0 
296 760 0 0 0 0 0 0 0 0 0 0 0 0 0 0 
312 760 0 0 0 0 0 0 0 0 0 0 0 0 0 0 
328 760 0 0 0 0 0 0 0 0 0 0 0 0 0 0 
344 760 0 0 0 0 0 0 0 0 0 0 0 0 0 0 
360 760 0 0 0 0 0 0 0 0 0 0 0 0 0 0 
376 760 0 0 0 0 0 0 0 0 0 0 0 0 0 0 
392 760 0 0 0 0 0 0 0 0 0 0 0 0 0 0 
408 760 0 0 0 0 0 0 0 0 0 0 0 0 0 0 
424 760 0 0 0 0 0 0 0 0 0 0 0 0 0 0 
440 760 0 0 0 0 0 0 0 0 0 0 0 0 0 0 
456 760 0 0 0 0 0 0 0 0 0 0 0 0 0 0 
472 760 0 0 0 0 0 0 0 0 0 0 0 0 0 0 
488 760 0 0 0 0 0 0 0 0 0 0 0 0 0 0 
504 760 0 0 0 0 0 0 0 0 0 0 0 0 0 0 
520 760 0 0 0 0 0 0 0 0 0 0 0 0 0 0 
536 760 0 0 0 0 0 0 0 0 0 0 0 0 0 0 
552 760 0 0 0 0 0 0 0 0 0 0 0 0 0 0 
568 760 0 0 0 0 0 0 0 0 0 0 0 0 0 0 
584 760 0 0 0 0 0 0 0 0 0 0 0 0 0 0 
600 760 0 0 0 0 0 0 0 0 0 0 0 0 0 0 
616 760 0 0 0 0 0 0 0 0 0 0 0 0 0 0 
632 760 0 0 0 0 0 0 0 0 0 0 -0.000593732265 -0.000474076225 0.000759780409 0 
648 760 0 0 0 0 0 0 0 0 0 0 -0.001781196796 -0.001422228674 0.002279341227 0 
664 760 0 0 0 0 0 0 0 0 0 0 -0.006504807707 -0.000573126066 0.006530007411 0 
680 760 0 0 0 0 0 0 0 0 0 0 -0.014764564996 0.002073231598 0.014909415441 0 
696 760 0 0 0 0 0 0 0 0 0 0 -0.023543886178 0.007176647539 0.024613387541 0 
712 760 0 0 0 0 0 0 0 0 0 0 -0.032842771251 0.014737121755 0.035997644104 0 
728 760 0 0 0 0 0 0 0 0 0 0 -0.038643461457 0.01879634874 0.042972314801 0 
744 760 0 0 0 0 0 0 0 0 0 0 -0.040945956797 0.019354328493 0.045289749496 0 
760 760 0 0 0 0 0 0 0 0 0 0 -0.044179407961 0.017601337994 0.047556568284 0 
776 760 0.004137788706 -0.00168617176 0.004468161879 173.472298192677 211864.96875 0.004137788706 -0.00168617176 0.004468161879 173.472298192677 211864.96875 -0.048343814948 0.013537377242 0.0502034364 0 
792 760 -0.016867652338 0.003989498423 0.017333026079 5.864154367274 846249 -0.016867652338 0.003989498423 0.017333026079 5.864154367274 846249 -0.046263640118 0.016084529642 0.048979960094 0 
808 760 0.008689280771 0.017178521612 0.019251109191 83.193332625054 1566000 0.008689280771 0.017178521612 0.019251109191 83.193332625054 1566000 -0.03793888347 0.025242795194 0.045569261439 0 
824 760 -0.012009052176 0.041968557552 0.043652916937 22.468674080655 2118155.75 -0.012009052176 0.041968557552 0.043652916937 22.468674080655 2118155.75 -0.031461484521 0.039642138147 0.050609526031 0 
840 760 -0.011178550747 0.069175193896 0.070072586989 15.17212374185 2379521 -0.011178550747 0.069175193896 0.070072586989 15.17212374185 2379521 -0.026831443273 0.0592825585 0.065071868656 0 
856 760 -0.0050298375 0.096820644473 0.096951206601 10.961064833535 2557250 -0.0050298375 0.096820644473 0.096951206601 10.961064833535 2557250 -0.019102989958 0.076990406684 0.079324945299 0 
872 760 0.004361256943 0.125285466438 0.125361352349 7.091859584739 2918425 15 -16 21.931712199461 141.94577686138 1428610.25 -0.008276124579 0.0927656827 0.093134129753 0 
888 760 -0.007941627075 0.114707969312 0.114982553738 1.111596660658 3731880 3 -16 16.2788205961 172.229212070243 2597072 -0.004913837786 0.098744545122 0.098866733501 0 
904 760 0.000063899965 0.092819659258 0.092819681253 5.465099318022 5148660 -16 3 16.2788205961 73.954689611418 4727999 -0.009016129579 0.094926993951 0.095354206898 0 
920 760 -0.004253769235 0.121842826485 0.121917057537 6.609568870622 6331071 -13.985698149072 2.195389895952 14.156959048899 72.469792639584 6247584.5 -0.014147104265 0.093443390979 0.094508242375 0 
936 760 -0.088624659835 0.629172832624 0.635383965523 4.135522062121 6878407.5 -0.088624659835 0.629172832624 0.635383965523 4.135522062121 6878407.5 -0.020306761843 0.094293736207 0.096455550719 0 
952 760 0.011359419444 0.491629792561 0.49176100836 12.794541004993 6760407 0.011359419444 0.491629792561 0.49176100836 12.794541004993 6760407 -0.021319691543 0.105062536621 0.107203851837 0 
968 760 -0.026379132861 0.637632501136 0.638177925938 5.413249960012 6482869 15 3 15.297058540778 86.472317802523 6417973 -0.017185893366 0.125749792222 0.126918734529 0 
984 760 -0.032314807674 0.342365393117 0.343887058784 7.490521141827 5919008.5 -0.032314807674 0.342365393117 0.343887058784 7.490521141827 5919008.5 -0.033959213634 0.148481888158 0.15231578809 0 
1000 760 -0.013028252695 0.103015251161 0.103835819157 15.256400295311 6152977.5 -0.013028252695 0.103015251161 0.103835819157 15.256400295311 6152977.5 -0.071639652347 0.17325882443 0.187485626199 0 
1016 760 -0.088154670658 0.001392657774 0.088165670499 72.655195991871 6988042.5 -0.088154670658 0.001392657774 0.088165670499 72.655195991871 6988042.5 -0.076249851196 0.258413117197 0.269427873367 0 
1032 760 0.129917948648 -0.003509290821 0.129965335775 98.294447957994 7112975.5 0.129917948648 -0.003509290821 0.129965335775 98.294447957994 7112975.5 -0.047789810181 0.403944766459 0.40676189633 0 
1048 760 0.107484145356 0.004816703731 0.107592017072 87.905105526705 7380816 0 15 15 0.470993506985 7298511.5 -0.00331066864 0.402729687115 0.402743294681 0 
1064 760 0.43888281802 -0.037387976381 0.440472460809 82.217772639266 7369074.5 0.43888281802 -0.037387976381 0.440472460809 82.217772639266 7369074.5 0.057187573428 0.254767879166 0.261107431548 0 
1080 760 0.436573468772 -0.093964354525 0.446571039765 103.967804719022 7232752 0.436573468772 -0.093964354525 0.446571039765 103.967804719022 7232752 -0.007110851252 0.223629339339 0.223742364381 0 
1096 760 -3.306496879808 -0.131182352284 3.309098128755 59.883951206342 7405569 -6 15 16.155494421404 10.586607356612 7352781.5 -0.196205942678 0.309314067633 0.366294914485 0 
1112 760 -0.436203931027 -0.037632380837 0.437824240455 25.685810086737 7454041 -8 15 17 41.172541003862 7407477.5 -0.99722840807 0.377915009675 1.066435301553 0 
1128 760 -2.689944915644 0.249862334452 2.701524539103 4.795791731209 7249422.5 10.193157303349 1.906774182189 10.369968350611 159.301844144405 7230397.5 -2.410178247426 0.429432165464 2.448136264406 0 
1144 760 -3.293345592221 -0.061277227803 3.293915616474 7.554844558014 7736558.5 6.003375235328 12.554905411164 13.916399106788 109.066812633861 7671708.5 -3.024193162965 0.343969851779 3.043691762622 0 
1160 760 -3.502674372221 0.019032051295 3.502726077899 2.139590229309 7885413 6 15 16.155494421404 109.350501284682 7838484 -2.839273154686 0.121528068618 2.841872818826 0 
1176 760 -2.448025758509 -0.348801921742 2.47275006722 7.428342165482 7423474.5 8.267814939545 -0.250392164142 8.271605654915 177.584569927993 7409237.5 -2.628259471177 -0.031228592043 2.628444991396 0 
1192 760 -2.161393694022 -0.100484251395 2.163728214295 0.074936140241 7312003.5 -18 -16 24.083189157585 38.896810943744 7284143 -2.391152112439 -0.114300130203 2.393882399907 0 
1208 760 -1.123686083143 -0.034196447057 1.124206302438 1.715045713997 7198207 14 12 18.439088914586 142.856860284934 7191476.5 -1.734711640275 -0.104827907003 1.737876107492 0 
1224 760 -0.265019047045 0.069562118895 0.273996320563 14.951715485854 7051021.5 -0.192369016665 -10.070089121865 10.071926367923 88.661111308359 7050711.5 -0.658938054686 -0.002811922443 0.658944054394 0 
1240 760 0.022036597799 -13.310208947347 13.310227189409 130.545720570759 6844192 0 15 15 49.549139164357 6844064 -0.127414095701 0.108633069631 0.167438035108 0 
1256 760 -0.11919548697 0.363354687975 0.382405796749 13.247091286907 6392773 15 -12 19.209372712299 160.06854677263 6379329.5 -0.140139763321 0.229507069221 0.268910111536 0 
1272 760 -0.034203298012 -0.475526528614 0.476755015716 158.681703875705 5694314.5 -0.034203298012 -0.475526528614 0.476755015716 158.681703875705 5694314.5 -0.165400567822 0.534182454421 0.559203221063 0 
1288 760 -1.648074936483 0.618041799261 1.760149613498 58.205559258467 5279344 -1.648074936483 0.618041799261 1.760149613498 58.205559258467 5279344 -0.203196509203 1.022659225231 1.04265081034 0 
1304 760 -0.233383234743 1.338656874451 1.358848763393 5.665954160779 5049510 0 -15 15 175.776329725827 5016737 -0.108179993486 1.464845758048 1.468834914434 0 
1320 760 -0.463051337919 3.903424878848 3.930794108874 10.444360928756 4645109 0 -15 15 176.320846004635 4583778 0.119648979329 1.860742052873 1.864584904364 0 
1336 760 0.175541463032 5.988951073523 5.991523159123 5.738203772909 3947391 -4 -15 15.52417469626 161.009288429461 3881446.25 -0.126964152236 1.789063309433 1.793562773118 0 
1352 760 -0.100920804189 8.367586824453 8.368195401249 33.466627429012 3438193.75 -15.071055570783 -9.171377686621 17.642303837319 87.164655518532 3400519 -0.848019388182 1.24980952773 1.510351197019 0 
1368 760 0.213894171693 6.435279086204 6.438832785064 99.669102345416 3243440 -23 -17 28.60069929215 28.703813787865 3204525.25 -7.598917646077 -1.036250434979 7.669247965469 0 
1384 760 -33.542960912342 -4.596020946339 33.856367721687 6.165936676035 3320728.25 -5 -5 7.071067811865 31.03203984167 3305878 -20.379658925922 -5.069116578694 21.000629534023 0 
1400 760 -4.57613145958 8.11432810179 9.315755454006 75.449074349324 2997034.75 -34 8 34.928498393146 28.110719752863 2994586.75 -18.186740391947 -4.828990045238 18.816925119187 0 
1416 760 2.272810366475 11.666788987995 11.886110896856 118.227730372148 3251088.5 -14 -16 21.260291625469 31.610080835254 3207692.75 -1.020162044154 -0.31587083461 1.067944277802 0 
1432 760 7.681712530065 9.595522091268 12.291572381049 40.494824989921 3177051.5 -8 -15 17 128.898580772084 3114433 8.028313711603 1.535272408267 8.173792413531 0 
1448 760 7.700733182156 7.221048468346 10.556743462118 38.535634170636 2982029 6 -16 17.088007490635 74.067089530639 2924918 8.958686875325 0.724439683393 8.987929872056 0 
1464 760 1.957216404807 7.775553139861 8.018099692948 86.225895235863 3242875.25 -8 -16 17.888543819998 106.210515916214 3170889 2.4197937332 -0.442130737138 2.459853918418 0 
1480 760 -8.017337569425 11.955348567808 14.39472337629 65.775140836179 3732163 -10 -17 19.723082923316 49.913241835354 3721751.75 -11.588365714772 -1.964438853327 11.753690482047 0 
1496 760 -23.6841279063 -1.602299334468 23.738266108526 6.451731705816 4158810 -5 13 13.928388277184 79.284547340414 4118898 -13.946065537857 -2.53997646831 14.175479690147 0 
1512 760 -8.885049983005 -2.16909922154 9.145988444853 11.269367688621 4623810.5 11 -12 16.2788205961 107.521861697503 4531302 -4.653305736054 -2.168743582086 5.133877968752 0 
1528 760 -12.856055372377 -8.744660918922 15.548223510245 86.747895382891 5164458.5 6.907286866069 -10.639750652918 12.68522391629 2.020136974659 5155956.5 0.894716694036 -1.490746776506 1.738632771533 0 
1544 760 12.92328768048 -7.381155286564 14.88263477469 19.110986264024 5326458.5 -14 -7 15.652475842499 142.813022065939 5316311 2.698001752411 -0.505986051568 2.745038313102 0 
1560 760 7.484107343498 11.243295114211 13.506426165135 37.107332800012 5757430 3.886136849253 -5.753639226337 6.943084614058 75.206944614536 5744669 4.183259491357 1.460279507063 4.43080988204 0 
1576 760 -11 -10 14.866068747319 177.210025590001 6166350 20 -10 22.360679774998 66.048765773173 6165270 5.350489910874 4.408049899388 6.932434363328 0 
1592 760 -14 3 14.317821063276 101.561086600961 6424302.5 17 2 17.117242768624 59.63431951427 6422998 2.24406817385 5.122853335303 5.592805044332 0 
1608 760 -14.185940605539 3.341958843867 14.574278705239 21.806806087385 6442117 10 4 10.770329614269 123.135611158544 6434946.5 -5.136005719714 3.604689814807 6.274738513588 0 
1624 760 3.532821679218 4.643870332552 5.834925936352 104.963577077422 6268106.5 -21 5 21.587033144923 8.905967134121 6263291.5 -5.505724873848 2.257890009487 5.950720433817 0 
1640 760 4.646083405096 4.75213677084 6.645968318904 2.001730500821 6074752.5 -15 5 15.811388300842 117.920260076241 6069575.5 1.134910711447 1.082453919342 1.568352259684 0 
1656 760 4.179989030038 2.369307800358 4.804781758215 20.441826383043 5960890 3.860358435899 -6.840336882028 7.854462165753 69.665371035151 5959598 4.007179337812 0.64210954403 4.058299017067 0 
1672 760 2.99203452423 0.423466758768 3.021852857101 8.703265332084 5297769 3 15 15.297058540778 61.931155330149 5276668 3.111081005247 0.936856883551 3.249080768689 0 
1688 760 8 -15 17 85.651986230286 4475399 8 16 17.888543819998 39.710475656783 4474137 2.981289466551 1.310213665005 3.256493011099 0 
1704 760 7.918015063637 10.26102463137 12.96084831458 26.374055214063 4459665.5 6 -15 16.155494421404 94.168627927686 4441478 3.617804721726 1.762179888392 4.02415071333 0 
1720 760 3.255310624815 1.307371182443 3.508028887098 2.094320732958 5355637 -10.219287474872 5.52399058505 11.616725376706 127.631459730344 5242863.5 3.821875251077 1.699634498482 4.182760794406 0 
1736 760 4.330257478203 1.367240237433 4.540977394173 0.174711390365 5533414 8 -15 17 79.275849469327 5399718 3.593501054603 1.122577495275 3.764761620917 0 
1752 760 2.244969708363 0.151396471828 2.250068861868 10.249372822912 4654989.5 2.117763337214 -13.90786125233 14.068174230031 95.449473133912 4647650.5 2.626687611469 0.660141386213 2.708371181732 0 
1768 760 -8.634480166526 0.042949165038 8.634586983574 160.99059170851 3983090 5 15 15.811388300842 52.840638107988 3923227.75 0.921434921677 0.312326171293 0.972928544221 0 
1784 760 -0.252692274731 0.973104926491 1.005378825951 12.158068343527 3978069.75 12 -16 20 169.845012581798 3869527.5 -0.232847655922 0.462666046603 0.517955501513 0 
1800 760 -0.184372118666 2.79507821051 2.801152491566 33.187896332958 4154514 13 -15 19.849433241279 176.047454990225 4002995 -0.836160121328 1.11116101214 1.390626672907 0 
1816 760 6.97056920699 4.460113887379 8.275352014134 130.053761589875 4137881.5 -12 -15 19.209372712299 68.673312634015 4040200.25 -4.652466358794 1.452032785251 4.873791381374 0 
1832 760 -14.949988665878 6.272729290472 16.212627605093 15.515981085815 4188265 -4 -15 15.52417469626 82.314591093332 4110532.75 -11.68176636832 1.485281365936 11.775811064211 0 
1848 760 -18.569694114355 15.215549682916 24.007217490872 32.599068774584 4322509 -17 -15 22.671568097509 48.154942779631 4312166 -11.43991267768 1.350212390252 11.519317495917 0 
1864 760 -2.911862127149 1.367988357511 3.21719337215 10.237401328951 4929940 -3.148730622149 -12.041435534935 12.446311673458 90.272442710645 4865879 -3.926905286874 1.046825858202 4.064041031963 0 
1880 760 3.203166422421 0.320590765843 3.219169701781 155.568501276731 5821657 4 15 15.52417469626 86.215366315892 5640322.5 -2.148902422369 0.72803436913 2.268879825707 0 
1896 760 -8.097973015073 0.194176108469 8.100300692811 2.316936541949 6197085.5 -19 15 24.20743687382 34.599631063839 5974791.5 -6.105904084166 0.393837923038 6.11859240305 0 
1912 760 -7.936350496443 0.131007782791 7.937431715709 0.859367459888 6438473 -7.936350496443 0.131007782791 7.937431715709 0.859367459888 6438473 -7.756423546051 0.244443904956 7.76027441837 0 
1928 760 -13.961534668732 0.271550534154 13.96417523518 1.142788271493 6677869 -15 -16 21.931712199461 49.104655558647 6270718.5 -7.100460808024 0.279852314885 7.10597361411 0 
1944 760 -7.639013834113 0.286862799271 7.644398120413 0.556451779507 7122888.5 -7.639013834113 0.286862799271 7.644398120413 0.556451779507 7122888.5 -8.171669823231 0.227417268476 8.174833717814 0 
1960 760 -15.884815704508 0.087776265529 15.885058219565 0.138508269845 7566586 5 0 5 179.544890111179 7554262 -10.970050591673 0.087138765728 10.970396672334 0 
1976 760 9 0 9 179.938156269114 7653689.5 -22 0 22 0.061843730886 7652315.5 -6.068895142628 0.006550626711 6.068898677925 0 
1992 760 13.663098927346 -0.338776710425 13.66729826842 1.294508067094 8066011.5 -10 -2 10.198039027186 168.564217044213 8040723.5 6.531796523904 -0.014347148574 6.531812280704 0 
2008 760 7.117438848457 1.530881297342 7.28021519655 11.841158574722 8611053 19.586579510891 0.037453175618 19.586615319571 0.188023901459 8611003 11.571215783257 0.060099345875 11.571371856183 0 
2024 760 8.448530973927 0.253767067189 8.452341293499 0.265236530766 9140900 20 15 25 35.414668016364 9088605 9.049362635433 0.229890110058 9.052282229928 0 
2040 760 8.633803151371 0.196584235647 8.636040887949 0.423522453921 9381821 -6.221273825172 1.14083467505 6.325010020827 167.880883536935 9352881 7.441538248454 0.224482997152 7.444923379002 0 
2056 760 6.724425352042 0.090712808259 6.725037184192 0.400308389184 9060781 1 15 15.033296378373 85.813357726402 9057853 6.74774262232 0.043878007155 6.747885281819 0 
2072 760 4.004111832595 0.108029347129 4.005568861943 3.560279042903 8841068 4.004111832595 0.108029347129 4.005568861943 3.560279042903 8841068 4.836311243589 -0.170141596744 4.839303111792 0 
2088 760 1.115716204861 0.230158893358 1.139208394448 25.400098869732 8198340 1.115716204861 0.230158893358 1.139208394448 25.400098869732 8198340 1.70724411226 -0.417575814544 1.757569918876 0 
2104 760 1.142126389338 -0.152608343049 1.152276874536 11.607227327125 7047025 -15 0 15 176.003425920472 6993599.5 1.663050557033 0.116191897969 1.667104589521 0 
2120 760 4.586081717289 1.041238213422 4.702799435947 4.131202359428 5414049 12 -15 19.209372712299 68.263149119713 5330934.5 4.70373057791 1.431161540793 4.916635506666 0 
2136 760 7.129113621155 3.029153318151 7.745968683657 3.847404646855 4183630.75 15 -14 20.518284528683 62.198252112526 4098326 6.250922564454 2.173521951713 6.61802316265 0 
2152 760 6.164745695969 2.280968818543 6.573196197219 0.084271081521 4061576 -10 17 19.723082923316 100.076694580965 3991795 6.304626516664 2.343273130729 6.726012524507 0 
2168 760 4.649586887532 2.116552137969 5.10866432421 10.332470923998 4122270 12.429055577921 -10.676922782439 16.385301421128 54.806715750164 4061029 8.453046427467 2.130030891155 8.717283149135 0 
2184 760 1.761447037173 0.980564821963 2.015986863756 22.215489536989 4439989 15 16 21.931712199461 39.959226361427 4341687.5 12.696182296862 1.533795232991 12.78849376322 0 
2200 760 17.596505252198 -0.077907782491 17.596677718058 3.963368926196 4275640 12 15 19.209372712299 47.630495801784 4175865 12.96458061477 0.84058496525 12.991802553945 0 
2216 760 9.421427461033 -0.11979387725 9.422189022543 1.040383315478 4132361 -5.92733058121 12.337385636702 13.687378571795 115.349425408787 3925682.75 9.25824138119 0.050400087934 9.258378564373 0 
2232 760 8.623678638889 -0.217856306377 8.626430005342 6.469353857179 4621541 8.623678638889 -0.217856306377 8.626430005342 6.469353857179 4621541 5.621805757606 -0.781738699385 5.675897758978 0 
2248 760 -12.768610228654 -1.365770380088 12.841446020695 135.038020299464 5622254 17 -1 17.029386365926 35.490197002706 5620669.5 2.055273744018 -1.655831396706 2.639304411614 0 
2264 760 0.47950293959 -3.377657192989 3.411523293549 0.81801055051 6063311 0.47950293959 -3.377657192989 3.411523293549 0.81801055051 6063311 0.258958143589 -2.032208751421 2.04864143507 0 
2280 760 -0.024813345225 -3.074326777104 3.07442691156 7.410247402114 5433283 15 -12 19.209372712299 44.392376996481 5287649.5 0.23285895632 -1.910870763532 1.925006589199 0 
2296 760 0.175062996602 -1.434623220484 1.445264971392 0.215666642572 4232857.5 -16 6 17.088007490635 117.728956573252 4121529 0.217672180279 -1.729628755113 1.743271868809 0 
2312 760 10.139824424915 1.421683773621 10.239005035661 89.822621836079 3943491 -16 1 16.031219541881 101.735006986421 3926979 0.213397815464 -1.488482726163 1.503701916515 0 
2328 760 6.901410312928 5.892195133758 9.074548352489 123.096292109292 4348924.5 10 -17 19.723082923316 23.072236829923 4224363 0.17023018002 -1.311899428053 1.322897737361 0 
2344 760 0.074562918109 -1.193367689399 1.195694806737 0.627389120892 4858729.5 0 -17 17 4.202644443553 4788518.5 0.088169273945 -1.199878860782 1.203113918721 0 
2360 760 0.310640732362 -4.993158748191 5.002812403963 0.800552993102 6051324.5 -16 -4 16.492422502471 78.723173115895 6016557.5 0.041272318204 -0.856304577652 0.857298625892 0 
2376 760 -0.00954154393 1.447971589826 1.448003026931 174.380278646124 7813953.5 -8 15 17 157.924784839817 7773936 0.029539312796 -0.281176578662 0.282723963237 0 
2392 760 5.097829640513 0.997635071746 5.194530082699 1.694989262633 8981061 -11 15 18.601075237738 113.486117007541 8899891 0.01961711275 0.004445277805 0.020114462643 0 
2408 760 0.13055380363 -0.027011510706 0.133318855954 14.480925478383 9326638 -15 -16 21.931712199461 135.943786567518 9285967 0.011505718066 0.000560991749 0.011519386267 0 
2424 760 -0.004099478984 -0.016905331437 0.017395285538 90.259212764574 9716705 -15.420490254565 -0.108108841708 15.420869210677 166.22664436492 9685906 0.007779318246 -0.001849231724 0.00799608969 0 
2440 760 0.001469035785 -0.002302785969 0.00273146286 39.196343659739 9468982 0.001469035785 -0.002302785969 0.00273146286 39.196343659739 9468982 0.008437913289 -0.002785392612 0.008885763483 0 
2456 760 0.003774886207 0.000309632984 0.003787563658 23.798185136546 6633736 0.003774886207 0.000309632984 0.003787563658 23.798185136546 6633736 0.006920790278 -0.002397759761 0.007324383247 0 
2472 760 0.001672307005 0.000994711798 0.001945780635 42.748368641969 2222463 -16 15 21.931712199461 148.851200082138 241185.078125 0.003227949213 -0.000686333171 0.003300107475 0 
2488 760 0.002713946047 -0.002558253048 0.003729632932 50.298267974527 81389 0.002713946047 -0.002558253048 0.003729632932 50.298267974527 81389 0.00103614651 0.000127035094 0.001043904932 0 
2504 760 0 0 0 0 0 0 0 0 0 0 0.00034538217 0.000042345031 0.000347968311 0 
2520 760 0 0 0 0 0 0 0 0 0 0 -0.00034538217 -0.000042345031 0.000347968311 0 
2536 760 0 0 0 0 0 0 0 0 0 0 -0.00103614651 -0.000127035094 0.001043904932 0 
24 776 0 0 0 0 0 0 0 0 0 0 0 0 0 0 
40 776 0 0 0 0 0 0 0 0 0 0 0 0 0 0 
56 776 0 0 0 0 0 0 0 0 0 0 0 0 0 0 
72 776 0 0 0 0 0 0 0 0 0 0 0 0 0 0 
88 776 0 0 0 0 0 0 0 0 0 0 0 0 0 0 
104 776 0 0 0 0 0 0 0 0 0 0 0 0 0 0 
120 776 0 0 0 0 0 0 0 0 0 0 0 0 0 0 
136 776 0 0 0 0 0 0 0 0 0 0 0 0 0 0 
152 776 0 0 0 0 0 0 0 0 0 0 0 0 0 0 
168 776 0 0 0 0 0 0 0 0 0 0 0 0 0 0 
184 776 0 0 0 0 0 0 0 0 0 0 0 0 0 0 
200 776 0 0 0 0 0 0 0 0 0 0 0 0 0 0 
216 776 0 0 0 0 0 0 0 0 0 0 0 0 0 0 
232 776 0 0 0 0 0 0 0 0 0 0 0 0 0 0 
248 776 0 0 0 0 0 0 0 0 0 0 0 0 0 0 
264 776 0 0 0 0 0 0 0 0 0 0 0 0 0 0 
280 776 0 0 0 0 0 0 0 0 0 0 0 0 0 0 
296 776 0 0 0 0 0 0 0 0 0 0 0 0 0 0 
312 776 0 0 0 0 0 0 0 0 0 0 0 0 0 0 
328 776 0 0 0 0 0 0 0 0 0 0 0 0 0 0 
344 776 0 0 0 0 0 0 0 0 0 0 0 0 0 0 
360 776 0 0 0 0 0 0 0 0 0 0 0 0 0 0 
376 776 0 0 0 0 0 0 0 0 0 0 0 0 0 0 
392 776 0 0 0 0 0 0 0 0 0 0 0 0 0 0 
408 776 0 0 0 0 0 0 0 0 0 0 0 0 0 0 
424 776 0 0 0 0 0 0 0 0 0 0 0 0 0 0 
440 776 0 0 0 0 0 0 0 0 0 0 0 0 0 0 
456 776 0 0 0 0 0 0 0 0 0 0 0 0 0 0 
472 776 0 0 0 0 0 0 0 0 0 0 0 0 0 0 
488 776 0 0 0 0 0 0 0 0 0 0 0 0 0 0 
504 776 0 0 0 0 0 0 0 0 0 0 0 0 0 0 
520 776 0 0 0 0 0 0 0 0 0 0 0 0 0 0 
536 776 0 0 0 0 0 0 0 0 0 0 0 0 0 0 
552 776 0 0 0 0 0 0 0 0 0 0 0 0 0 0 
568 776 0 0 0 0 0 0 0 0 0 0 0 0 0 0 
584 776 0 0 0 0 0 0 0 0 0 0 0 0 0 0 
600 776 0 0 0 0 0 0 0 0 0 0 0 0 0 0 
616 776 0 0 0 0 0 0 0 0 0 0 0 0 0 0 
632 776 0 0 0 0 0 0 0 0 0 0 -0.000197910755 -0.000158025408 0.000253260136 0 
648 776 0 0 0 0 0 0 0 0 0 0 -0.000593732265 -0.000474076225 0.000759780409 0 
664 776 0 0 0 0 0 0 0 0 0 0 -0.002168269236 -0.000191042022 0.002176669137 0 
680 776 0 0 0 0 0 0 0 0 0 0 -0.004921521665 0.000691077199 0.004969805147 0 
696 776 0 0 0 0 0 0 0 0 0 0 -0.007847962059 0.002392215846 0.008204462514 0 
712 776 0 0 0 0 0 0 0 0 0 0 -0.010947590417 0.004912373918 0.011999214701 0 
728 776 0 0 0 0 0 0 0 0 0 0 -0.012881153819 0.00626544958 0.014324104934 0 
744 776 0 0 0 0 0 0 0 0 0 0 -0.013648652266 0.006451442831 0.015096583165 0 
760 776 0 0 0 0 0 0 0 0 0 0 -0.01532438327 0.005269198715 0.016204973857 0 
776 776 0 0 0 0 0 0 0 0 0 0 -0.017908346833 0.002718717231 0.018113539402 0 
792 776 0 0 0 0 0 0 0 0 0 0 -0.017698415609 0.004530890225 0.018269178451 0 
808 776 0 0 0 0 0 0 0 0 0 0 -0.014694589599 0.010705717696 0.018180851324 0 
824 776 0 0 0 0 0 0 0 0 0 0 -0.014870983911 0.018335855325 0.023608256035 0 
840 776 0.008913830156 0.001507842602 0.009040462232 114.011808799927 68319 0.008913830156 0.001507842602 0.009040462232 114.011808799927 68319 -0.018227598545 0.027421303113 0.032926785649 0 
856 776 0.002756287794 -0.005256445012 0.005935262131 172.567877752679 297905.96875 0.002756287794 -0.005256445012 0.005935262131 172.567877752679 297905.96875 -0.01456989348 0.039517310664 0.042117687949 0 
872 776 0.017328734753 -0.00579621103 0.01827241392 112.575955339244 693922.9375 0.017328734753 -0.00579621103 0.01827241392 112.575955339244 693922.9375 -0.003897868714 0.054623877978 0.054762774089 0 
888 776 -0.004533405162 0.003669076341 0.005832142279 50.046020197325 1443879 -0.004533405162 0.003669076341 0.005832142279 50.046020197325 1443879 -0.001068640581 0.063163739513 0.063172778805 0 
904 776 0.002249501179 0.010202096059 0.010447153658 17.768984770914 2649171 0.002249501179 0.010202096059 0.010447153658 17.768984770914 2649171 -0.006082209081 0.065136895266 0.065420244514 0 
920 776 -0.003735996343 0.00987431115 0.010557447104 12.155482553791 3744716 -0.003735996343 0.00987431115 0.010557447104 12.155482553791 3744716 -0.009736256859 0.064615104956 0.06534452147 0 
936 776 -0.010807735313 0.000328837797 0.01081273679 77.205922637291 4725522 -0.010807735313 0.000328837797 0.01081273679 77.205922637291 4725522 -0.012030783917 0.061598368581 0.062762240029 0 
952 776 0.000235687794 -0.010408044446 0.010410712653 169.381803453333 5116754 0.000235687794 -0.010408044446 0.010410712653 169.381803453333 5116754 -0.012777453102 0.06055256439 0.061885994877 0 
968 776 -0.001102371859 -0.005604716065 0.005712098204 157.849194925366 4947254.5 -0.001102371859 -0.005604716065 0.005712098204 157.849194925366 4947254.5 -0.011976264415 0.061477692382 0.062633358284 0 
984 776 -0.030246605018 0.001927597319 0.030307965068 72.710021993835 4295781 15 -16 21.931712199461 150.491095219139 3874318 -0.015287679017 0.06298250313 0.064811332576 0 
1000 776 -0.01471319696 -0.021025205244 0.025661983952 125.774523856186 5339721.5 -0.01471319696 -0.021025205244 0.025661983952 125.774523856186 5339721.5 -0.022711696908 0.065066996634 0.068916871863 0 
1016 776 -0.012467449758 -0.075522411284 0.076544574658 154.172115295925 7284718.5 -9.848667260114 -0.22723792966 9.851288437413 74.867866534645 7246405.5 -0.026329210655 0.08914936503 0.092956100494 0 
1032 776 0.010698607437 -0.106748467454 0.107283248948 174.782737834455 7472896.5 -0.16725358987 13.255633553274 13.256688676363 10.217588105691 7445837.5 -0.026140220258 0.135229608319 0.137732923011 0 
1048 776 0.183343226619 -0.173279706444 0.252270877059 138.022626642631 7593198.5 -16 0 16 85.360976308831 7589523 -0.011069452278 0.136418009875 0.136866380795 0 
1064 776 -0.093886643841 -0.131062068994 0.161220246311 155.895913669939 7321848 -14.799636755717 -0.208951504281 14.80111174312 102.320815391775 7295328 0.018883093285 0.092714569697 0.094617982679 0 
1080 776 -0.008491030432 -0.048151181961 0.048894109278 159.044034335893 7250958 -16 0 16 79.044816653145 7227280.5 -0.017882504718 0.092383255024 0.094098085974 0 
1096 776 -6.912295492229 2.741743292761 7.436194272293 26.497874302118 7801330 -8.052703790929 -11.919416684175 14.384663097738 104.090710818003 7800758 -0.121366246285 0.135424065856 0.181850057328 0 
1112 776 15 4 15.52417469626 144.264685164644 7978287.5 -16 4 16.492422502471 6.767654189292 7978243 -0.445981086117 0.169447039716 0.477086395156 0 
1128 776 -3.729158922289 0.26352764813 3.738458651506 7.051306273822 8179022 -10 -16 18.867962264113 69.088111553097 8166818 -0.991727024216 0.194452176604 1.010610775495 0 
1144 776 -3.18054669837 -0.173630408341 3.185282533656 10.865443107699 8185915.5 5 15 15.811388300842 100.694259249545 8153731 -1.218146175294 0.165580810928 1.229348245751 0 
1160 776 -2.863428218616 -0.025056822247 2.863537848101 4.711520662458 8022700 8.703116755084 9.765571681558 13.08092624856 127.497394887577 8008556.5 -1.125238539353 0.082832942688 1.128283238748 0 
1176 776 -2.574231159559 0.046200915199 2.574645720757 0.77460698207 7939430 -5 15 15.811388300842 71.311454738704 7937720.5 -0.968591450893 0.004287103662 0.968600938468 0 
1192 776 -0.010774565282 1.796696251157 1.796728557735 95.005590901361 7553394.5 -0.07839748567 -14.646064105285 14.646273926902 84.344127460069 7551998 -0.748204909916 -0.070056706148 0.751477564068 0 
1208 776 0.345594675108 0.432768569825 0.553826971618 137.236194010717 7167689.5 0.238352104348 -15.371075679608 15.372923576011 82.261901150963 7166844 -0.460665807193 -0.069886994883 0.46593688196 0 
1224 776 0.518241701185 0.058699034126 0.521555402095 170.946534844752 7025485.5 -8.951418029322 -14.32480891992 16.891655790002 60.590539477888 7024655.5 -0.105974142727 0.004796237457 0.106082622613 0 
1240 776 -0.019191162882 1.050580756653 1.050756026384 9.854325883052 6829155 -16 -12 20 135.677706781875 6827224.5 0.034147846343 0.220382985594 0.223012860054 0 
1256 776 -0.108016877953 3.084745748696 3.086636353707 1.990662653613 6267501.5 -4 -16 16.492422502471 161.967617878219 6256957.5 -0.040299839982 0.576873249529 0.57827919133 0 
1272 776 0.00544008369 2.011712259503 2.011719615042 2.932712582261 5841221.5 -16 -5 16.76305461424 104.576251247906 5834031 -0.071076494695 1.464911450576 1.466634728256 0 
1288 776 0.056842408761 1.471201986113 1.472299678522 3.368154985963 5789399 -16 -13 20.615528128088 127.938323925375 5786671 -0.058182117796 2.884497588734 2.885084313889 0 
1304 776 0.038764951225 4.413685229959 4.413855461 0.808918519934 5281628 0 -12 12 179.694291581059 5243740 -0.022255345201 4.17105049145 4.171109864606 0 
1320 776 0.053880397973 7.054636176385 7.054841931499 0.042642645896 4377475.5 -4 -11 11.70469991072 160.411843827873 4254194 0.036703823089 5.324570158723 5.324696662327 0 
1336 776 0.121827893564 8.483715712938 8.484590404587 3.919967847196 3672560 -7 -11 13.038404810405 144.431562429944 3584005 -0.278705451996 5.150734693225 5.158269536285 0 
1352 776 -0.37807953942 11.76055733362 11.766633033094 13.020771101899 2937563.75 0 -13 13 165.137912772159 2915358.75 -0.968483170454 3.649544094956 3.775861723168 0 
1368 776 -8.128147550522 -15.456551256225 17.463440650094 42.285441441653 2548956.25 -8 12 14.422205101856 76.285923656475 2540148 -8.437512549687 -3.067000058541 8.977644868518 0 
1384 776 -11.155387115285 -21.743560064081 24.438188679854 29.369203921435 2476814.75 -38 -23 44.418464629026 2.28603526008 2456883 -22.685793589695 -14.998897767268 27.195811534631 0 
1400 776 -8.547412942563 -18.277943627234 20.177747427576 27.590026984129 2164255.25 -28.706775913824 -23.432563349397 37.056227661352 1.876310738896 2157048 -18.630219014505 -14.216857364252 23.43510387952 0 
1416 776 3 -16 16.2788205961 68.43966966187 2613028.5 3 15 15.297058540778 89.630742587955 2612407.25 3.729211175882 -0.720878849495 3.798247268145 0 
1432 776 21.766017200358 7.891082601759 23.152293393832 1.516874996153 3328611 8.419952952636 4.281109300067 9.445819422566 8.540171991716 3322438 14.198246756243 4.726101473838 14.964165399119 0 
1448 776 5.132024613004 -1.157581511572 5.260957287834 22.149710866652 3346851 27 -1 27.018512172213 11.55986619456 3331254 12.776887726578 2.124083605747 12.952242707029 0 
1464 776 9.135428077427 -0.620327390008 9.156465050915 5.137670040347 3753834 -9 -17 19.235384061671 108.874981155825 3711479 7.492894455759 -1.189746176564 7.586762372039 0 
1480 776 -1 10 10.049875621121 156.696248734694 4242204.5 -1 -21 21.023796041629 14.8668471339 4241934 -1.653733056215 -5.215387873094 5.471298172101 0 
1496 776 -15.312033807126 -9.427411651266 17.981503545393 24.956266583811 5049618.5 2 9 9.219544457293 159.105118224341 5025227 -4.596842068521 -6.965208825121 8.345363442084 0 
1512 776 -13.498453957808 -5.788560249023 14.687262815366 55.063777053282 5645770.5 14 -6 15.231546211728 78.526461537324 5635365.5 -1.336432581158 -6.439209032644 6.576432544325 0 
1528 776 0.011606783063 2.241761462508 2.24179150953 167.686044881418 5683337 0 -20 20 12.017307258373 5640214.5 0.985789713891 -4.630897126977 4.734658336211 0 
1544 776 1.539869997864 1.905185538721 2.449679886694 84.07500138678 5734792 -8 -17 18.788294228056 82.179177097808 5674846 2.369824816626 -1.540273108121 2.826395391501 0 
1560 776 18.354354157341 5.180510280715 19.071444709347 11.266864882102 5963146.5 -12 5 13 130.351568242428 5962760 4.128126314759 2.105978644055 4.634282352191 0 
1576 776 6.115138347795 6.128203608665 8.657355051164 0.153861226002 6453655.5 -10 8 12.806248474866 96.125188388574 6428506 6.260694208291 6.307858129551 8.887371160938 0 
1592 776 5.074093924831 3.577542809538 6.208481433659 18.476802982298 6719439 -12 3 12.369316876853 112.300804414953 6717143 4.836043272533 6.574560866789 8.161627602686 0 
1608 776 0.027552035414 5.108062220523 5.108136525523 3.181714931446 6484342 2 -14 14.142135623731 174.742571698535 6469257 -0.145826492515 2.906086855767 2.909743318436 0 
1624 776 6.653190542033 6.089888777486 9.019517155078 108.267477786544 6313796 3 -16 16.2788205961 129.883262434797 6295432.5 -1.566710862267 0.877889078205 1.795904273501 0 
1640 776 6.954541670789 8.205013811311 10.755831046207 9.201289051494 6257973 -7 -16 17.464249196573 154.143592204316 6247969.5 0.573390163277 0.489967534103 0.754217782751 0 
1656 776 0.605953036182 9.49344015729 9.512759068856 56.452617487763 6246237 -3 -16 16.2788205961 130.514882504571 6242998.5 1.47985438626 0.850789988401 1.706989340592 0 
1672 776 1.122603712849 3.017748946307 3.21979002406 10.050139724014 6001001.5 0 -15 15 149.544640808394 5990181 1.152681806681 1.9603564411 2.274131201935 0 
1688 776 1.256357389658 3.542055032581 3.758269248522 9.752174373105 5348191.5 1.256357389658 3.542055032581 3.758269248522 9.752174373105 5348191.5 1.360438190453 2.426094296956 2.781497008405 0 
1704 776 2.770447868494 3.930729087799 4.808951294587 7.916056849783 4879354.5 2.770447868494 3.930729087799 4.808951294587 7.916056849783 4879354.5 2.103123537577 2.248003555971 3.078416573819 0 
1720 776 4.081473926492 2.335871826287 4.702629753816 7.693196169592 4733534.5 -11.792636615433 3.683046629364 12.354396416568 125.179332052353 4710727.5 2.759720672477 2.115785170309 3.477442318285 0 
1736 776 4.718069644268 2.44450270314 5.313734527977 3.968742998248 5590390 9 -14 16.643316977093 88.622868645437 5388114.5 3.330229595154 2.029439139972 3.899878508273 0 
1752 776 3.316645842698 1.50317715044 3.641384515743 5.38499991926 4958988 -14 -6 15.231546211728 173.432507055602 4664906.5 2.747092042217 1.571115657327 3.164635697377 0 
1768 776 -0.622241638249 9.135640631203 9.156806998013 57.645512308581 3118548.25 5.248593214796 -5.065728353879 7.294472872641 80.235264714237 3115697.25 1.010308013666 0.740814722375 1.252808339438 0 
1784 776 -5.814543908364 0.907852587277 5.884990839629 81.264540483925 2703829.5 15 1 15.033296378373 86.047169419806 2698283 0.00307473402 1.269633462149 1.269637185261 0 
1800 776 -0.059935819957 3.262450457531 3.263000963891 3.917909044828 2710929.75 -0.059935819957 3.262450457531 3.263000963891 3.917909044828 2710929.75 -0.274607796721 3.15757187665 3.169490431952 0 
1816 776 9.669735993111 4.42270794603 10.633162264931 77.292533772237 2836832.75 -16 4 16.492422502471 64.092989736919 2832469.25 -0.874069981899 4.158273070652 4.249145003806 0 
1832 776 3.311397877386 4.316901779234 5.440679817257 60.286882856646 3095059.25 3.311397877386 4.316901779234 5.440679817257 60.286882856646 3095059.25 -1.795311821515 4.271737044155 4.633668299617 0 
1848 776 -0.401672506994 3.688231978845 3.710039882892 16.799830738005 3273940.25 -0.401672506994 3.688231978845 3.710039882892 16.799830738005 3273940.25 -1.629592143703 3.836245046576 4.168014708731 0 
1864 776 0.097522061161 4.929181511792 4.930146136638 8.662353233056 3228334 -16 -14 21.260291625469 123.657000193837 3035331 -0.376910948463 2.851797077916 2.876596676053 0 
1880 776 4.034256071886 4.721980647291 6.210662065105 71.611961782099 3288166.25 -16 -15 21.931712199461 102.049572787508 2974885.75 -1.12623144943 1.866767693364 2.180187812707 0 
1896 776 0.518174598664 3.975526828395 4.009154334519 84.623344371396 3330339.5 -19 -16 24.839484696748 52.903694090239 3010465.25 -3.877553646606 0.881156892921 3.976412925269 0 
1912 776 4.157899880991 0.339578710172 4.171743654726 171.422023822255 3282919.5 -5 -16 16.76305461424 76.554926085515 3046050.75 -5.629279098943 0.384649248666 5.642405357496 0 
1928 776 -8.163931991173 0.067317619881 8.164209528083 2.91073784845 3505233 -6 -16 17.088007490635 72.827127737123 3339681.75 -6.381407806442 0.377244760598 6.392548725002 0 
1944 776 -8.246209625296 0.164759437873 8.247855409541 0.935853549155 4022859.75 -24 -16 28.844410203712 35.770539633099 3826217.25 -8.159185791378 0.296399193859 8.164567671368 0 
1960 776 -19.166712465747 -0.145234935142 19.16726271357 1.176853498522 4527480.5 5 0 5 179.257294484717 4514678.5 -10.962613053752 0.142112548448 10.963534144732 0 
1976 776 -22 0 22 0.993747547338 4919553.5 9 0 9 179.006252452662 4919427.5 -6.389156340409 0.110825705313 6.390117454252 0 
1992 776 9.588416507493 0.305383072132 9.593278373002 0.261587635464 5709738 -11 15 18.601075237738 124.168043930146 5356037 5.561184348651 0.202538664455 5.564871361521 0 
2008 776 7.852548656123 0.340721104569 7.859937103303 1.126966503692 7149849 11.653377137616 -12.910277917992 17.391850810978 49.286752100313 7124579.5 10.525619668151 0.249434393269 10.528574780811 0 
2024 776 8.124571295893 2.124722187436 8.397803469708 12.961610612917 8510606 23 2 23.08679276123 3.275693893699 8339476.5 8.504149618093 0.251512891756 8.507868091457 0 
2040 776 7.976656506139 2.031422831338 8.231265257335 12.846517930505 9156959 -9 0 9 178.558668623699 9077320 7.351293189769 0.184967989693 7.353619837818 0 
2056 776 7.106840068183 0.04927256417 7.107010872393 0.006509881796 8685737 22 0 22 0.403741944519 8669924 7.067050383178 0.049799687082 7.067225843795 0 
2072 776 4.926400233534 0.285141690863 4.934645381873 5.932790657197 8578593 5 -16 16.76305461424 70.025787639499 8576399 5.212341784239 -0.238531400196 5.217796863103 0 
2088 776 1.176991769116 6.263555663221 6.373181244154 100.189637112714 7930717 1 -16 16.031219541881 65.591619405172 7928766.5 1.787167392953 -0.680025272141 1.912171974793 0 
2104 776 1.818030979495 -2.321548024301 2.94869833512 73.937456741453 6640382 1.818030979495 -2.321548024301 2.94869833512 73.937456741453 6640382 2.089008604805 0.84411441159 2.253105876519 0 
2120 776 8.268310790357 4.400622426434 9.366452960751 7.290569545886 5499372 -7.246490508011 8.674497117703 11.303031669766 94.560959192728 5427761 6.117865419794 4.333887650999 7.497390177001 0 
2136 776 9.248542968225 7.129502928114 11.677557922661 0.441491455971 4708815.5 -6.89913382726 6.356865090195 9.381246257369 99.273168161977 4609808.5 8.076870316189 6.326100772096 10.259404713884 0 
2152 776 7.187128347242 6.625776307855 9.775260894803 2.101644993957 4060888 6.783369036195 -3.717175545676 7.735081739619 69.293175712916 4017983.25 7.96602329399 6.820753774884 10.48714494884 0 
2168 776 4.238598668279 6.468179164348 7.733243845427 17.655954336512 3682760.75 1.267025796217 -4.85196919616 5.014674411042 114.472027149868 3662143 7.743636321563 6.294701808219 9.979337369537 0 
2184 776 11.99002105238 8.679145386046 14.801627257455 3.248758804615 3562782.25 12.074776967761 -7.646162689988 14.292097211499 64.994062012329 3535729.75 7.409709398909 4.747944872104 8.800384871403 0 
2200 776 0.762042676772 7.236120038889 7.276135118208 57.937096746278 3324911 18.291910437069 7.264422174145 19.681611137353 4.391255855733 3314994.75 6.058451782865 2.961607612667 6.743586409078 0 
2216 776 8.785095694683 7.146359864166 11.324679495372 24.897771937139 3117129.25 -11.261631493245 -7.096179346452 13.310901742807 162.013494333666 3114559.25 3.68986347343 0.935690029908 3.806653160536 0 
2232 776 -2.680765335057 -0.015711650864 2.680811376732 172.391432275108 3385073.75 12 -16 20 45.857334620682 3306550 1.908105538392 -0.243512221565 1.923581281801 0 
2248 776 -12.009891389463 -2.073635610649 12.187594341479 131.277735548205 3680766.25 15 -3 15.297058540778 27.616190165216 3665904 0.713177977753 -0.575999141752 0.916732152404 0 
2264 776 -0.373050795525 -3.626943492178 3.646078165851 15.136916014586 4388454.5 0 15 15 170.735614576813 4269795 0.116580801659 -0.714701879301 0.724147678027 0 
2280 776 -7.309053010485 -4.970728910171 8.839140331983 65.95005625207 5422791 -1 15 15.033296378373 173.645245799774 5222652 0.118314010109 -0.65962043421 0.670147239206 0 
2296 776 4.024490270691 0.292139053644 4.035079573633 83.302351274719 6077013 -10 -16 18.867962264113 42.854868863538 5999309 0.109726081625 -0.572517359006 0.582937337415 0 
2312 776 7.943926135224 1.774029146501 8.139603298351 91.261914951464 6950321 -6 -16 17.088007490635 31.88280418241 6693482.5 0.090817016208 -0.45339265369 0.462398776872 0 
2328 776 -14.385979183517 0.930712928009 14.416054370838 103.683310340401 7236236 15 1 15.033296378373 83.832404046011 7233313.5 0.066384428039 -0.377190362478 0.382987547882 0 
2344 776 -0.038010089959 0.245555096856 0.248479521351 177.247319209409 6764673 -0.038010089959 0.245555096856 0.248479521351 177.247319209409 6764673 0.03642831712 -0.343910485371 0.345834417368 0 
2360 776 0.060267945121 0.140746243904 0.153106924671 152.310605281212 6713423.5 15 3 15.297058540778 96.801285632165 6501067 0.018789109455 -0.238278520739 0.23901816684 0 
2376 776 -0.015454778719 0.052286889249 0.054523104943 176.123957100249 6739215.5 7.218370011852 -10.059872571963 12.381676049394 23.070585320854 5726769.5 0.013466805042 -0.060294468581 0.06178007591 0 
2392 776 0.001562516924 0.007751662451 0.007907574211 11.919970635249 6308695.5 -13 -16 20.615528128088 164.222614380365 4545912.5 0.009942500959 0.023067970231 0.02511940636 0 
2408 776 0.000447919964 0.004020466332 0.004045340754 28.47190547695 5740514.5 -13 -16 20.615528128088 175.735151337914 3023809 0.008216197205 0.011808795696 0.01438588031 0 
2424 776 -0.000572686124 0.002261681719 0.002333060992 70.047939646502 5196050.5 -0.000572686124 0.002261681719 0.002333060992 70.047939646502 5196050.5 0.006854847207 0.004651803018 0.008284213997 0 
2440 776 0.009559815584 0.002221548585 0.009814547983 2.165705633219 4311810 0.009559815584 0.002221548585 0.009814547983 2.165705633219 4311810 0.005858450966 0.001596992197 0.00607221803 0 
2456 776 0.002914909665 0.002231370652 0.003670928131 36.19502548252 3251752.75 0.002914909665 0.002231370652 0.003670928131 36.19502548252 3251752.75 0.004583239497 0.000099136 0.004584311533 0 
2472 776 0.002503019758 -0.000655243447 0.002587363887 17.659959805833 1436801 0.002503019758 -0.000655243447 0.002587363887 17.659959805833 1436801 0.003029212798 0.000158234428 0.003033342762 0 
2488 776 0.002713946047 -0.002558253048 0.003729632932 48.074670395293 81389 0.002713946047 -0.002558253048 0.003729632932 48.074670395293 81389 0.001689149587 0.000140837731 0.001695010794 0 
2504 776 0 0 0 0 0 0 0 0 0 0 0.000563049862 0.00004694591 0.000565003598 0 
2520 776 0 0 0 0 0 0 0 0 0 0 -0.000563049862 -0.00004694591 0.000565003598 0 
2536 776 0 0 0 0 0 0 0 0 0 0 -0.001689149587 -0.000140837731 0.001695010794 0 
24 792 0 0 0 0 0 0 0 0 0 0 0 0 0 0 
40 792 0 0 0 0 0 0 0 0 0 0 0 0 0 0 
56 792 0 0 0 0 0 0 0 0 0 0 0 0 0 0 
72 792 0 0 0 0 0 0 0 0 0 0 0 0 0 0 
88 792 0 0 0 0 0 0 0 0 0 0 0 0 0 0 
104 792 0 0 0 0 0 0 0 0 0 0 0 0 0 0 
120 792 0 0 0 0 0 0 0 0 0 0 0 0 0 0 
136 792 0 0 0 0 0 0 0 0 0 0 0 0 0 0 
152 792 0 0 0 0 0 0 0 0 0 0 0 0 0 0 
168 792 0 0 0 0 0 0 0 0 0 0 0 0 0 0 
184 792 0 0 0 0 0 0 0 0 0 0 0 0 0 0 
200 792 0 0 0 0 0 0 0 0 0 0 0 0 0 0 
216 792 0 0 0 0 0 0 0 0 0 0 0 0 0 0 
232 792 0 0 0 0 0 0 0 0 0 0 0 0 0 0 
248 792 0 0 0 0 0 0 0 0 0 0 0 0 0 0 
264 792 0 0 0 0 0 0 0 0 0 0 0 0 0 0 
280 792 0 0 0 0 0 0 0 0 0 0 0 0 0 0 
296 792 0 0 0 0 0 0 0 0 0 0 0 0 0 0 
312 792 0 0 0 0 0 0 0 0 0 0 0 0 0 0 
328 792 0 0 0 0 0 0 0 0 0 0 0 0 0 0 
344 792 0 0 0 0 0 0 0 0 0 0 0 0 0 0 
360 792 0 0 0 0 0 0 0 0 0 0 0 0 0 0 
376 792 0 0 0 0 0 0 0 0 0 0 0 0 0 0 
392 792 0 0 0 0 0 0 0 0 0 0 0 0 0 0 
408 792 0 0 0 0 0 0 0 0 0 0 0 0 0 0 
424 792 0 0 0 0 0 0 0 0 0 0 0 0 0 0 
440 792 0 0 0 0 0 0 0 0 0 0 0 0 0 0 
456 792 0 0 0 0 0 0 0 0 0 0 0 0 0 0 
472 792 0 0 0 0 0 0 0 0 0 0 0 0 0 0 
488 792 0 0 0 0 0 0 0 0 0 0 0 0 0 0 
504 792 0 0 0 0 0 0 0 0 0 0 0 0 0 0 
520 792 0 0 0 0 0 0 0 0 0 0 0 0 0 0 
536 792 0 0 0 0 0 0 0 0 0 0 0 0 0 0 
552 792 0 0 0 0 0 0 0 0 0 0 0 0 0 0 
568 792 0 0 0 0 0 0 0 0 0 0 0 0 0 0 
584 792 0 0 0 0 0 0 0 0 0 0 0 0 0 0 
600 792 0 0 0 0 0 0 0 0 0 0 0 0 0 0 
616 792 0 0 0 0 0 0 0 0 0 0 0 0 0 0 
632 792 0 0 0 0 0 0 0 0 0 0 0 0 0 0 
648 792 0 0 0 0 0 0 0 0 0 0 0 0 0 0 
664 792 0 0 0 0 0 0 0 0 0 0 0 0 0 0 
680 792 0 0 0 0 0 0 0 0 0 0 0 0 0 0 
696 792 0 0 0 0 0 0 0 0 0 0 0 0 0 0 
712 792 0 0 0 0 0 0 0 0 0 0 0 0 0 0 
728 792 0 0 0 0 0 0 0 0 0 0 0 0 0 0 
744 792 0 0 0 0 0 0 0 0 0 0 0 0 0 0 
760 792 0 0 0 0 0 0 0 0 0 0 -0.000672653194 -0.000672653194 0.000951275269 0 
776 792 0 0 0 0 0 0 0 0 0 0 -0.002017959581 -0.002017959581 0.002853825808 0 
792 792 0 0 0 0 0 0 0 0 0 0 -0.002561852516 -0.000934447113 0.002726954294 0 
808 792 0 0 0 0 0 0 0 0 0 0 -0.002304331998 0.00257788421 0.003457662933 0 
824 792 0 0 0 0 0 0 0 0 0 0 -0.004931800205 0.005762035436 0.007584438386 0 
840 792 0 0 0 0 0 0 0 0 0 0 -0.010444257136 0.008618006565 0.0135407734 0 
856 792 0 0 0 0 0 0 0 0 0 0 -0.00922750893 0.01558557199 0.018112343176 0 
872 792 0 0 0 0 0 0 0 0 0 0 -0.001281555587 0.026664731713 0.026695510897 0 
888 792 0 0 0 0 0 0 0 0 0 0 0.000640468516 0.034030002531 0.034036029031 0 
904 792 0 0 0 0 5401.9990234375 0 0 0 0 5401.9990234375 -0.003461436624 0.037681384443 0.037840035373 0 
920 792 -0.007203864015 -0.002317880532 0.007567577348 99.859677641062 217338.984375 -0.007203864015 -0.002317880532 0.007567577348 99.859677641062 217338.984375 -0.005279350623 0.037678229212 0.038046294163 0 
936 792 -0.009835318913 -0.000902070262 0.009876600067 87.187520603846 832936 -0.009835318913 -0.000902070262 0.009876600067 87.187520603846 832936 -0.004813273483 0.034020536837 0.034359344119 0 
952 792 0.000801623569 -0.000896312897 0.001202487902 149.203413148892 1299057 0.000801623569 -0.000896312897 0.001202487902 149.203413148892 1299057 -0.005619406484 0.028878423861 0.029420079775 0 
968 792 0.002893626926 -0.001224539401 0.00314206517 132.019741085515 1516743.75 0.002893626926 -0.001224539401 0.00314206517 132.019741085515 1516743.75 -0.007697749626 0.022251890285 0.023545742089 0 
984 792 -0.014063520879 0.003509027441 0.014494684995 59.6659264982 1658822 -0.014063520879 0.003509027441 0.014494684995 59.6659264982 1658822 -0.004576667625 0.01562657043 0.016282984676 0 
1000 792 -0.006458276816 0.002926257022 0.007090297567 88.205510508223 2719862.75 -0.006458276816 0.002926257022 0.007090297567 88.205510508223 2719862.75 0.003743839518 0.009002464297 0.009749907576 0 
1016 792 0.006548101927 0.002632745968 0.007057548454 61.953549929201 4216409.5 0.006548101927 0.002632745968 0.007057548454 61.953549929201 4216409.5 0.000514450107 0.004779688006 0.004807294078 0 
1032 792 0.009529002698 0.006042090192 0.011283117756 135.906361169265 4854057 0.009529002698 0.006042090192 0.011283117756 135.906361169265 4854057 -0.014264835858 0.002958241558 0.01456834703 0 
1048 792 -0.010262528668 0.004615340564 0.011252593621 0.007295935575 5587709 -0.268823710157 14.167164855276 14.169715107359 64.705475445344 4570618.5 -0.014519864207 0.006527758342 0.015919738866 0 
1064 792 0.025207699357 0.008253138076 0.026524373601 72.798366592859 5907741.5 0 -16 16 179.072904826692 5251453.5 -0.000250634941 0.015488238358 0.015490266147 0 
1080 792 0.045855094742 0.019144666677 0.049691125726 104.920850509928 7577750.5 15 -2 15.132745950422 135.176205342781 6896627 -0.023089240896 0.030001957555 0.037858030882 0 
1096 792 -0.140536660396 0.136802826643 0.196126403865 13.139503790329 10957293 -14.949221140403 1.147820597502 14.993221962898 26.69853750548 10746670 -0.083035682071 0.050068915935 0.096962986959 0 
1112 792 -6.107165771042 2.844485051071 6.737103900101 3.076467236671 11617790 15 4 15.52417469626 143.170740747342 11390925 -0.16325562091 0.065621196604 0.17595038847 0 
1128 792 -16 0 16 16.206533443513 10013220 15 0 15 163.793466556487 10009808 -0.263749057413 0.076658799562 0.2746636795 0 
1144 792 -2.973454140617 -0.08108799913 2.974559595966 16.552157742357 8648755 15 7 16.552945357247 139.993054226175 8580498 -0.284514699004 0.076182542218 0.294537592996 0 
1160 792 -10 15 18.02775637732 40.423539429785 7969634 -10 -16 18.867962264113 73.881009836152 7969483.5 -0.225552545684 0.06419242457 0.234509313753 0 
1176 792 8.067909566176 0.413455820318 8.078496796022 161.904476696597 7824646.5 -4.323909090241 -15.426216169346 16.020747021411 89.503875191242 7819421 -0.11256645495 0.030503170294 0.116626112762 0 
1192 792 -0.090951318335 0.199413076443 0.219175083811 139.081819237184 7471815 -13.173303759221 -15.337407313094 20.218110569993 106.094966656439 7464760.5 0.054443573198 -0.024885220612 0.059861313613 0 
1208 792 0.259045288203 0.117568411955 0.284476348454 36.288703894431 6998578 -13.409114883276 -12.369765006893 18.243230204068 125.431142606587 6968428 0.136490294324 -0.028707417963 0.139476579721 0 
1224 792 0.049996548328 -0.017726988467 0.053046215368 27.633711908504 6813112 0.049996548328 -0.017726988467 0.053046215368 27.633711908504 6813112 0.133573708428 0.019036578242 0.134923411216 0 
1240 792 -8 15 17 50.258029756775 6816356 -8 -16 17.888543819998 175.620491643844 6816326 0.090003240932 0.220705382699 0.238351524708 0 
1256 792 -0.166999803052 4.743125437323 4.746064458938 2.591002755374 6287895 -3 -16 16.2788205961 169.954864231946 6277380 0.005778891838 0.576298995407 0.576327968866 0 
1272 792 -0.018410520092 2.701838979438 2.701901703997 0.285416209086 6026194.5 15 16 21.931712199461 43.828217356335 6017054 -0.017224024632 1.460162497904 1.46026408136 0 
1288 792 -0.025288476598 3.182390730478 3.182491204777 0.874069249125 5807793.5 -0.025288476598 3.182390730478 3.182491204777 0.874069249125 5807793.5 0.020994491522 2.87229589019 2.872372616754 0 
1304 792 -0.040121616701 4.942761357337 4.942924193198 0.823612685143 4723023 -0.040121616701 4.942761357337 4.942924193198 0.823612685143 4723023 0.025999790082 4.154804027104 4.154885376605 0 
1320 792 -0.005322145136 6.518121870658 6.518124043464 0.022946401364 3561675 -16 -10 18.867962264113 121.981546748915 3522995.75 -0.002208128952 5.307686908645 5.307687367963 0 
1336 792 -0.220660966115 7.622165623992 7.625359011977 1.406872663479 3084032.75 -8 -11 13.601470508735 140.907509765128 3072646.75 -0.275330867816 5.141808839453 5.14917519883 0 
1352 792 0.304763644025 3.678017160053 3.690622048973 16.976567497619 2643206 -16 -4 16.492422502471 91.796432254346 2615763 -0.793368426511 3.657169819527 3.742235234327 0 
1368 792 -13.719159797322 4.237363343831 14.358641776021 41.692206061105 2147239.25 -6 -19 19.924858845171 47.9462946898 2142723.75 -6.664111593157 -3.040963814383 7.325151482832 0 
1384 792 -23.333699225984 -26.778406675448 35.518228892279 9.039359670824 1942636.875 -24 1 24.020824298929 42.278911836751 1937281 -17.887560367755 -14.952592062275 23.314047810084 0 
1400 792 -27.07059927423 -24.351343297367 36.411608937977 3.059402448839 1979491.875 -7.77162728686 -21.97899095685 23.312533842702 25.494388829458 1971073 -14.141896680116 -14.157875250234 20.010963827669 0 
1416 792 17.758754932605 13.480789391397 22.295852963534 45.376000748591 2651981.75 -12 14 18.439088914586 138.774919475108 2648926 4.572879469758 -0.65681337826 4.619808487242 0 
1432 792 7.133023227544 4.809879156851 8.603194631542 12.162234909209 3136763.75 28 5 28.442925306656 11.705331883278 3129053 13.22389910624 5.297216619307 14.245420719792 0 
1448 792 0.510071378929 2.0850328178 2.146516867603 58.840986483463 3204722.5 26 1 26.019223662515 15.209861265556 3191267.25 11.811162229331 3.704214742465 12.378398929824 0 
1464 792 11.067904008365 -0.488217918745 11.078666701123 5.339371139487 3331490.75 -1.435478331332 -3.878484975646 4.135606817147 113.123802424356 3328465.25 8.330236011296 0.409402363915 8.340290300671 0 
1480 792 2.165713806718 -4.114618576191 4.649774437555 3.467511802642 3831745 -14 -4 14.560219778561 105.282020426601 3816905 2.781120452137 -4.587220516343 5.364440607822 0 
1496 792 0.296849089683 -6.231501304016 6.238567775059 1.801462257825 4678107.5 -16 -6 17.088007490635 70.369821179774 4663106.5 0.110926469127 -6.863911796243 6.864808069288 0 
1512 792 -0.220181614898 -5.82531130296 5.829470963984 5.014726535755 5526613.5 0 -22 22 2.85012552543 5515575.5 0.319654062269 -6.420671475784 6.428623563367 0 
1528 792 4.640298658035 3.578969543088 5.860153123094 117.31206462449 6142400 4 -20 20.396078054371 0.979713546495 6135270 0.846956978832 -4.646571220872 4.723130342752 0 
1544 792 4.165394409224 4.75571885054 6.321975353462 91.108961632586 6487255 -12.787563542273 -14.922420509348 19.651982475198 88.271344107957 6485800 1.692835218819 -1.541611031505 2.289597268196 0 
1560 792 3.898777844846 0.884950713592 3.99795028095 17.726924475943 6582576.5 18 -14 22.803508501983 68.390310429485 6579422.5 3.094116314846 1.82368884089 3.591573020027 0 
1576 792 5.335528761005 5.080878219624 7.367712714416 3.574029266528 6827489 5.038100501921 -5.807846723349 7.688533034941 96.23311899747 6826274 5.050800266915 5.449328396315 7.430058095812 0 
1592 792 4.39109177826 5.893013521507 7.349101670937 15.150402788432 6873159.5 -14 6 15.231546211728 88.342098395741 6872380.5 2.607709045466 6.60629314579 7.102341557115 0 
1608 792 -3.768475488061 5.007961510395 6.267462484428 1.695101278792 6705438 -3.768475488061 5.007961510395 6.267462484428 1.695101278792 6705438 -4.2351573495 5.294583089316 6.780056626953 0 
1624 792 5.215754621624 4.099304713347 6.633882378054 99.579406853532 6530372 -20 4 20.396078054371 30.945204405737 6530112.5 -4.770711472361 4.334189882614 6.445532552944 0 
1640 792 12.300032966881 3.260331312662 12.724801422996 60.112504896651 6491829.5 -4 -13 13.601470508735 177.938958851239 6473881.5 1.001046676884 3.725113525683 3.857274326326 0 
1656 792 1.948790071086 3.249627153085 3.789176609137 6.959963586504 6522410 17 3 17.262676501632 42.081087486642 6519837.5 2.671155280331 3.429899658111 4.34733046781 0 
1672 792 -0.152956573737 3.152197314641 3.155906149409 6.752705154013 6286965 15 18 23.43074902772 35.830895573994 6276845.5 0.239614337981 3.448548279895 3.456862778552 0 
1688 792 0.041404621406 3.388789585072 3.389042518849 8.57612690177 5763488.5 -16 3 16.2788205961 71.504229422656 5760192 -0.433498742781 3.133651895084 3.163494169357 0 
1704 792 0.000685692484 4.068418918052 4.068418975836 14.686746852139 5177021.5 0.000685692484 4.068418918052 4.068418975836 14.686746852139 5177021.5 0.651816038044 2.485210503676 2.569267482189 0 
1720 792 0.720055912812 2.017801888372 2.142429690397 18.331435700064 5141308 10 -14 17.204650534085 106.491861832649 5118327.5 1.647694131472 2.111194967008 2.678066492753 0 
1736 792 4.365377562725 2.06640021025 4.829754765416 12.892470297767 7128208.5 -9.536325362255 -12.818988474194 15.977107589182 164.86989154343 6822236.5 2.554135537503 2.011605285082 3.251178888788 0 
1752 792 3.025741288375 1.069121468658 3.209070123716 14.228763420506 5788988 3.025741288375 1.069121468658 3.209070123716 14.228763420506 5788988 2.310212831193 1.540092360625 2.776502801126 0 
1768 792 -0.177089472382 -9.618877492829 9.620507517968 128.311463863651 2802050 -16 -12 20 179.613165295148 2788295.25 0.915926012543 0.696656193636 1.150760753843 0 
1784 792 -0.88392878699 -11.552410274999 11.586177681288 66.369994220483 2429207.75 -1 15 15.033296378373 105.440489020969 2424923.25 -1.689995084582 -0.590323740075 1.79013002433 0 
1800 792 1.265954160648 -8.310190113812 8.406063267938 75.811451668657 2367547.75 -11.816607055941 -8.989612426814 14.847401587444 14.412203395277 2367350.25 -5.507550460182 -2.320847440511 5.976574680666 0 
1816 792 -17.927993454084 -2.992912420185 18.176096226764 0.334463620001 2427954.5 9 -3 9.486832980505 152.421914664521 2426983.25 -6.19737397343 -0.997444607615 6.277128317296 0 
1832 792 2.995650265284 0.958661557127 3.145306422753 120.297804115285 2634148.25 2.995650265284 0.958661557127 3.145306422753 120.297804115285 2634148.25 -3.759465624325 3.379884758611 5.055413213771 0 
1848 792 6.275546076053 -0.716490030286 6.316315105832 114.677885714192 2678331 -10 19 21.470910553584 9.594010641647 2644105.25 -1.599755262095 4.875854422571 5.131585841502 0 
1864 792 4.045813875153 -2.601894545331 4.810245849996 118.130367073171 2484902 -4 18 18.439088914586 17.143828595747 2448398.25 0.281757113261 3.490464384265 3.501817911984 0 
1880 792 2.124400256789 3.104246091522 3.761571513049 24.757606145046 2390809.75 -16 17 23.345235059858 52.89259544841 2345807 0.432824602329 2.551348267872 2.587801213454 0 
1896 792 3.938676843885 4.038404953685 5.641089420538 73.400796800745 2840221.25 -1 -14 14.035668847618 146.797321715964 2678502.25 -1.146552794891 2.058506073392 2.356274722027 0 
1912 792 1.924076721364 2.965780161471 3.535240189276 107.136966644482 2956969.25 -17 0 17 15.836889315778 2902738 -1.313101244406 0.372483488287 1.364909823801 0 
1928 792 13.882019770121 -12.143850914387 18.444066469434 50.347844892139 2521367 -16 -11 19.416487838948 53.964525025126 2517556.75 -0.066820746216 -2.506719487442 2.507609937938 0 
1944 792 -12.203321793061 8.153430372622 14.676494459721 97.261234550499 2567510 -12 -20 23.323807579381 4.476836624282 2546831 -2.463110911489 -4.943061841211 5.52275073929 0 
1960 792 -5.755544227571 -13.489660302016 14.666193249078 27.683696853666 2763631.75 -19 9 21.023796041629 64.556310936841 2730671 -8.501971740227 -6.936543573019 10.972655112233 0 
1976 792 -1 -21 21.023796041629 45.024069464129 3315579.25 -1 10 10.049875621121 126.539026404465 3313771.5 -6.416158380632 -5.827950180303 8.667876998981 0 
1992 792 6.900978886395 5.017855081244 8.532431025613 59.1072064468 4106957.75 3 -17 17.262676501632 56.906546505762 4010854 3.794329167294 -1.617281663064 4.124625292976 0 
2008 792 8.043250730225 2.065535211129 8.304234944754 11.671906008394 5766586.5 9.884030631216 -13.765007156019 16.946075755882 57.050207682062 5738364 8.472838599935 0.404108592317 8.482470023226 0 
2024 792 7.15962024991 0.218198585624 7.162944418722 0.030129806764 7859509.5 22 0 22 1.775751666737 7586246 7.619369917292 0.236220585841 7.623030768776 0 
2040 792 7.354121152348 0.096179480537 7.354750058017 0.085489764857 8758419 -9 0 9 179.165220953332 8575246 7.165846640573 0.104411214615 7.166607271084 0 
2056 792 7.123704583303 -0.109689542723 7.124549023339 0.952089660047 8276245 2 15 15.132745950422 82.335427532924 8211765.5 7.112268769779 0.00868047864 7.112274067011 0 
2072 792 4.554175141966 0.260978501312 4.561646742335 5.766109650331 8041588.5 14 -16 21.260291625469 46.327731631087 8016980.5 5.325425729324 -0.231241354669 5.330443861693 0 
2088 792 2.250061819102 -0.125861884521 2.253579242839 15.620390534411 7601015.5 -15 7 16.552945357247 173.805119106541 7586389 1.80531751921 -0.615354285309 1.907310211165 0 
2104 792 1.042758187819 0.190294927955 1.05997962144 17.367007951471 7133987 16 0 16 27.709216221477 7122970.5 1.73684457921 0.9122202044 1.961829450703 0 
2120 792 7.871410956023 4.486188505825 9.060077138104 10.680827059614 6404426.5 -7.742949963211 4.159955393854 8.789681621745 111.391632254015 6390106 5.120006909324 4.351482114459 6.719365099769 0 
2136 792 8.006048165586 10.054254316684 12.852425338987 8.292463087322 5700376 0 -10 10 133.177765998795 5604001.5 6.737834014384 6.322328717016 9.239602134908 0 
2152 792 5.945840251121 10.452101245819 12.024950592194 14.364778472456 5291369.5 16 -10 18.867962264113 78.006548502131 5123922.5 6.59032589439 6.82476001207 9.487346552994 0 
2168 792 4.738861274408 9.756821934986 10.846768202977 15.323294996566 5232413.5 19 -10 21.470910553584 76.529528830936 4997752 5.534178023955 6.315185690158 8.396945676971 0 
2184 792 1.145192741078 8.160800731226 8.240760583162 28.683851748169 5097567.5 15 -12 19.209372712299 91.987888363539 4810950.5 3.56939040308 4.793605751281 5.976554521487 0 
2200 792 0.911472785084 3.806574059451 3.914177909604 19.275711988444 5573747 13 -13 18.38477631085 102.25851676102 5017536.5 1.951900848377 3.035561389129 3.60895412399 0 
2216 792 0.188562236426 1.330926244762 1.344217387926 25.154010340185 6137383 -16 -15 21.931712199461 166.370251919789 5413991 0.681709359847 1.041052603703 1.244394702246 0 
2232 792 4.685264097349 0.04052980559 4.685439395302 21.57631743169 6325423 -11.163670963599 -0.061118373425 11.163838266433 158.241735936983 6324624.5 0.0397258425 0.016108334304 0.042867481805 0 
2248 792 -0.122432971712 -0.415909365155 0.433555570355 49.85953317413 6542669.5 -0.122432971712 -0.415909365155 0.433555570355 49.85953317413 6542669.5 0.025950296336 -0.039271419069 0.047070821488 0 
2264 792 -2.606703523153 -1.206766659581 2.87248829907 90.764199137675 7059298 -2.606703523153 -1.206766659581 2.87248829907 90.764199137675 7059298 0.027237210318 -0.056833539049 0.063023144849 0 
2280 792 0.015225013618 0.022430517338 0.027109576679 95.836276828573 6784363.5 0.015225013618 0.022430517338 0.027109576679 95.836276828573 6784363.5 0.043586584447 -0.036578025637 0.056901162582 0 
2296 792 0.096717420242 0.074072095576 0.121823375103 40.204489999704 6091647.5 -10 -16 18.867962264113 119.247986840474 4824347.5 0.039582237791 -0.001906392752 0.039628119838 0 
2312 792 -0.027086337685 0.049080899177 0.056058936426 46.776554446687 6074904 -0.027086337685 0.049080899177 0.056058936426 46.776554446687 6074904 0.015224170352 0.047181359606 0.04957676933 0 
2328 792 -0.043607670009 0.036548386416 0.056898272674 53.346091196709 5689481 -0.043607670009 0.036548386416 0.056898272674 53.346091196709 5689481 0.004027891762 0.069579934251 0.069696421446 0 
2344 792 -0.003179655645 0.038435920781 0.03856721686 9.974004439219 4584665 -0.003179655645 0.038435920781 0.03856721686 9.974004439219 4584665 0.00599340202 0.065289331182 0.065563843953 0 
2360 792 0.007140757304 0.031291281194 0.032095711453 7.069637844633 3676474.75 0.007140757304 0.031291281194 0.032095711453 7.069637844633 3676474.75 0.005583565339 0.0551099146 0.055392047165 0 
2376 792 -0.001927122679 0.009071297542 0.009273739317 16.093473026071 3086297 -0.001927122679 0.009071297542 0.009273739317 16.093473026071 3086297 0.00279838172 0.039041684505 0.039141845501 0 
2392 792 0.001673981232 0.003128641134 0.003548324747 21.578460723203 2298659 0.001673981232 0.003128641134 0.003548324747 21.578460723203 2298659 0.002883246126 0.025031761445 0.025197265511 0 
2408 792 -0.001359865466 0.002970128069 0.003266633563 48.653548161799 1404139 -0.001359865466 0.002970128069 0.003266633563 48.653548161799 1404139 0.005838158559 0.013080145419 0.014323906574 0 
2424 792 -0.001132459546 -0.000666255783 0.001313910725 167.984990437138 596996 -0.001132459546 -0.000666255783 0.001313910725 167.984990437138 596996 0.006172356181 0.005652837437 0.008369740254 0 
2440 792 0.012945774534 0.000635626239 0.012961369488 32.474449574395 77185 0.012945774534 0.000635626239 0.012961369488 32.474449574395 77185 0.003885838992 0.0027498375 0.004760393991 0 
2456 792 0 0 0 0 0 0 0 0 0 0 0.002560848079 0.001010687911 0.002753076995 0 
2472 792 0 0 0 0 0 0 0 0 0 0 0.002197383443 0.00043538867 0.002240102071 0 
2488 792 0 0 0 0 0 0 0 0 0 0 0.001511738344 0.000110804287 0.001515793657 0 
2504 792 0 0 0 0 0 0 0 0 0 0 0.000503912781 0.000036934762 0.000505264552 0 
2520 792 0 0 0 0 0 0 0 0 0 0 -0.000503912781 -0.000036934762 0.000505264552 0 
2536 792 0 0 0 0 0 0 0 0 0 0 -0.001511738344 -0.000110804287 0.001515793657 0 
24 808 0 0 0 0 0 0 0 0 0 0 0 0 0 0 
40 808 0 0 0 0 0 0 0 0 0 0 0 0 0 0 
56 808 0 0 0 0 0 0 0 0 0 0 0 0 0 0 
72 808 0 0 0 0 0 0 0 0 0 0 0 0 0 0 
88 808 0 0 0 0 0 0 0 0 0 0 0 0 0 0 
104 808 0 0 0 0 0 0 0 0 0 0 0 0 0 0 
120 808 0 0 0 0 0 0 0 0 0 0 0 0 0 0 
136 808 0 0 0 0 0 0 0 0 0 0 0 0 0 0 
152 808 0 0 0 0 0 0 0 0 0 0 0 0 0 0 
168 808 0 0 0 0 0 0 0 0 0 0 0 0 0 0 
184 808 0 0 0 0 0 0 0 0 0 0 0 0 0 0 
200 808 0 0 0 0 0 0 0 0 0 0 0 0 0 0 
216 808 0 0 0 0 0 0 0 0 0 0 0 0 0 0 
232 808 0 0 0 0 0 0 0 0 0 0 0 0 0 0 
248 808 0 0 0 0 0 0 0 0 0 0 0 0 0 0 
264 808 0 0 0 0 0 0 0 0 0 0 0 0 0 0 
280 808 0 0 0 0 0 0 0 0 0 0 0 0 0 0 
296 808 0 0 0 0 0 0 0 0 0 0 0 0 0 0 
312 808 0 0 0 0 0 0 0 0 0 0 0 0 0 0 
328 808 0 0 0 0 0 0 0 0 0 0 0 0 0 0 
344 808 0 0 0 0 0 0 0 0 0 0 0 0 0 0 
360 808 0 0 0 0 0 0 0 0 0 0 0 0 0 0 
376 808 0 0 0 0 0 0 0 0 0 0 0 0 0 0 
392 808 0 0 0 0 0 0 0 0 0 0 0 0 0 0 
408 808 0 0 0 0 0 0 0 0 0 0 0 0 0 0 
424 808 0 0 0 0 0 0 0 0 0 0 0 0 0 0 
440 808 0 0 0 0 0 0 0 0 0 0 0 0 0 0 
456 808 0 0 0 0 0 0 0 0 0 0 0 0 0 0 
472 808 0 0 0 0 0 0 0 0 0 0 0 0 0 0 
488 808 0 0 0 0 0 0 0 0 0 0 0 0 0 0 
504 808 0 0 0 0 0 0 0 0 0 0 0 0 0 0 
520 808 0 0 0 0 0 0 0 0 0 0 0 0 0 0 
536 808 0 0 0 0 0 0 0 0 0 0 0 0 0 0 
552 808 0 0 0 0 0 0 0 0 0 0 0 0 0 0 
568 808 0 0 0 0 0 0 0 0 0 0 0 0 0 0 
584 808 0 0 0 0 0 0 0 0 0 0 0 0 0 0 
600 808 0 0 0 0 0 0 0 0 0 0 0 0 0 0 
616 808 0 0 0 0 0 0 0 0 0 0 0 0 0 0 
632 808 0 0 0 0 0 0 0 0 0 0 0 0 0 0 
648 808 0 0 0 0 0 0 0 0 0 0 0 0 0 0 
664 808 0 0 0 0 0 0 0 0 0 0 0 0 0 0 
680 808 0 0 0 0 0 0 0 0 0 0 0 0 0 0 
696 808 0 0 0 0 0 0 0 0 0 0 0 0 0 0 
712 808 0 0 0 0 0 0 0 0 0 0 0 0 0 0 
728 808 0 0 0 0 0 0 0 0 0 0 0 0 0 0 
744 808 0 0 0 0 0 0 0 0 0 0 0 0 0 0 
760 808 0 0 0 0 0 0 0 0 0 0 -0.000224217731 -0.000224217731 0.000317091756 0 
776 808 0 0 0 0 0 0 0 0 0 0 -0.000672653194 -0.000672653194 0.000951275269 0 
792 808 0 0 0 0 0 0 0 0 0 0 -0.000853950839 -0.000311482371 0.000908984765 0 
808 808 0 0 0 0 0 0 0 0 0 0 -0.000768110666 0.000859294737 0.001152554311 0 
824 808 0 0 0 0 0 0 0 0 0 0 -0.001643933402 0.001920678479 0.002528146129 0 
840 808 0 0 0 0 0 0 0 0 0 0 -0.003481419045 0.002872668855 0.004513591133 0 
856 808 0 0 0 0 0 0 0 0 0 0 -0.00307583631 0.005195190663 0.006037447725 0 
872 808 0 0 0 0 0 0 0 0 0 0 -0.000427185196 0.008888243904 0.008898503632 0 
888 808 0 0 0 0 0 0 0 0 0 0 0.000213489505 0.011343334177 0.01134534301 0 
904 808 0 0 0 0 0 0 0 0 0 0 -0.001153812208 0.012560461481 0.012613345124 0 
920 808 0 0 0 0 0 0 0 0 0 0 -0.000776385557 0.012632763747 0.012656598849 0 
936 808 0 0 0 0 0 0 0 0 0 0 0.001345769458 0.011560240976 0.011638310309 0 
952 808 0 0 0 0 0 0 0 0 0 0 0.000154448311 0.010040115036 0.010041302915 0 
968 808 0 0 0 0 0 0 0 0 0 0 -0.004350348998 0.008072385929 0.00917000278 0 
984 808 -0.004522176481 0.000010373426 0.004522188379 73.976188855549 93427 -0.004522176481 0.000010373426 0.004522188379 73.976188855549 93427 -0.001826179459 0.006414090056 0.006668994127 0 
1000 808 0.00057640938 0.000308977571 0.000653999169 5.052897586489 452601.96875 0.00057640938 0.000308977571 0.000653999169 5.052897586489 452601.96875 0.007726956929 0.005065227419 0.00923917703 0 
1016 808 0.008703591499 -0.001669040281 0.008862178087 61.947185561314 899401 0.008703591499 -0.001669040281 0.008862178087 61.947185561314 899401 0.004281131088 0.005304086125 0.006816260926 0 
1032 808 0.010001820176 -0.01219268978 0.015770164581 159.742459701013 1359823.875 0.010001820176 -0.01219268978 0.015770164581 159.742459701013 1359823.875 -0.012163656982 0.007130666176 0.01409967912 0 
1048 808 -0.011106929236 -0.008533627222 0.014006665221 81.242940859628 2013326 -0.011106929236 -0.008533627222 0.014006665221 81.242940859628 2013326 -0.013661904428 0.013058932516 0.018899294988 0 
1064 808 0.034970135608 0.009623414642 0.036270104685 75.14372205694 2497004 0.034970135608 0.009623414642 0.036270104685 75.14372205694 2497004 -0.000213611249 0.023088885147 0.023089873259 0 
1080 808 0.047188241988 0.010215080739 0.048281239177 109.708974779672 4196170.5 0.047188241988 0.010215080739 0.048281239177 109.708974779672 4196170.5 -0.022731059786 0.036485446932 0.042987078486 0 
1096 808 -0.090287736496 0.069873371537 0.114167260681 4.485069236896 7621159 -0.090287736496 0.069873371537 0.114167260681 4.485069236896 7621159 -0.081214250039 0.05324861787 0.097114209642 0 
1112 808 -0.338588739436 0.138076079807 0.365660140414 1.838560097377 8679798 9 -16 18.357559750686 143.381889424849 1820147.75 -0.149052012449 0.06643748034 0.163188361132 0 
1128 808 -0.172348065885 0.097029980403 0.197784410182 10.798941077294 7463748.5 -12 -16 20 71.710172377568 2999870 -0.226244347017 0.07605203434 0.23868476383 0 
1144 808 -0.054297004 0.049977419586 0.073796389559 23.883543609579 6317162 -13 -16 20.615528128088 69.650467089971 3350670 -0.223298734094 0.075775045649 0.235805390505 0 
1160 808 -0.058274737839 0.08604866983 0.103924581547 30.818127375972 5513023 -0.058274737839 0.08604866983 0.103924581547 30.818127375972 5513023 -0.14021517368 0.065606514265 0.154804746839 0 
1176 808 -0.006482368467 0.061649754835 0.061989623101 45.762777550331 5413903 -0.006482368467 0.061649754835 0.061989623101 45.762777550331 5413903 -0.060184483348 0.04741960785 0.076621088771 0 
1192 808 -0.000356786235 0.048903713478 0.048905014961 38.783268322674 5537320.5 -0.000356786235 0.048903713478 0.048905014961 38.783268322674 5537320.5 0.016793336902 0.021214326404 0.027056677717 0 
1208 808 0.029169646249 0.055814945009 0.062977586082 44.162117346857 5500678.5 0.029169646249 0.055814945009 0.062977586082 44.162117346857 5500678.5 0.056756664277 0.018710823758 0.059761307429 0 
1224 808 0.011720987432 0.041866497991 0.043476260194 40.599767385634 5481828.5 0 -16 16 123.760057261821 5208005.5 0.059705498778 0.039909099912 0.071815616966 0 
1240 808 -0.028328918854 0.098720504254 0.102704749664 36.131729409834 5708412.5 8 -16 17.888543819998 133.314625501641 5566421 0.040152088065 0.109600260944 0.116723636745 0 
1256 808 8.819639865312 0.375086081844 8.827612186916 88.043566982051 5738182.5 4 -16 16.492422502471 166.442559778912 5647410.5 -0.001903567863 0.227784306854 0.227792260667 0 
1272 808 0.397886789337 0.357736343716 0.535059986118 48.465081955189 5666848.5 7 -16 17.464249196573 156.794122225668 5617952 -0.003843157634 0.519935596405 0.51994979976 0 
1288 808 0.126059730896 0.135190967758 0.184844944527 41.004041953948 5510269 -9 -16 18.357559750686 152.636416773326 5507246.5 0.034333318751 0.986054129598 0.986651672717 0 
1304 808 0.069515265474 1.72590267362 1.727302061292 0.826571778072 4804468 6 -15 16.155494421404 156.718670935843 4767751.5 0.036585412365 1.41610636501 1.416578882173 0 
1320 808 -0.245216817301 1.720791258804 1.738175435295 8.202390919312 4044776.75 13.091620153737 1.603281707598 13.189428739853 82.925756839632 4030868 0.002913123206 1.81009230264 1.810094646797 0 
1336 808 -0.301731730533 2.447213534124 2.465744536405 3.235681892231 3401926 0 -15 15 176.206813505255 3383122 -0.116840399699 1.762285748117 1.766154788522 0 
1352 808 0.092265372848 2.984207482004 2.98563346623 15.997802519287 2468511.75 0.131719825982 -11.581812625414 11.582561625252 166.424693630022 2454057 -0.322675156351 1.272686701441 1.312954948409 0 
1368 808 -1.803035192853 0.462149645362 1.8613216276 37.181930206076 1917162 -8.918883839773 -10.895836422516 14.080686783449 27.892136635662 1907203.125 -2.278714776485 -0.958141702503 2.471958040632 0 
1384 808 5.849078243735 3.820298717019 6.986157641263 173.669878489844 1860036 -21 5 21.587033144923 52.872997078182 1853744 -5.984959260101 -4.930199463717 7.754134645278 0 
1400 808 4.455101223828 3.509609728829 5.671444909654 173.656297704055 2117144 -14.432124548977 4.669804119176 15.168826240308 62.503828229748 2115639 -4.721773388782 -4.652043703184 6.628473018074 0 
1416 808 12.161111437335 -0.340587857773 12.165879807072 3.075454336939 2046978 -15 0 15 175.320321634518 2038687.875 1.510842837474 -0.123674420906 1.515896250385 0 
1432 808 11.13423324506 2.969172917737 11.523330151081 17.538039154961 1933359 20 18 26.907248094147 9.517544523174 1863425.25 5.105270761595 3.248617844672 6.05122363245 0 
1448 808 15.203019006166 5.102057000125 16.036295474154 23.485154386268 1997463.875 -10 5 11.180339887499 111.398299845025 1963298.875 6.061510383582 5.464833093548 8.161268827248 0 
1464 808 4.294989160426 3.976667954304 5.853274289401 1.348259841722 2319660 4.294989160426 3.976667954304 5.853274289401 1.348259841722 2319660 4.931818399811 4.3553148843 6.579635283974 0 
1480 808 0.932885538681 5.226404364692 5.309009136511 82.546378900702 2962509.25 1 -16 16.031219541881 83.75687486273 2949109.5 1.716194810283 -0.079936783073 1.718055446174 0 
1496 808 -0.044072754849 6.057332214789 6.057492547915 175.884881090496 3765002.75 0 -18 18 4.531991914954 3757732.75 0.177240075088 -2.236085381676 2.243098722384 0 
1512 808 0.118597503223 6.996086096034 6.997091255006 170.551502573617 4597136.5 0 -18 18 8.477313608858 4587205.5 0.314954194227 -2.113130911508 2.136473354299 0 
1528 808 -0.155991714246 11.540660592927 11.541714791835 163.499649899025 5545139 0 -17 17 17.274753138401 5542833 0.478218488861 -1.537769058189 1.610411934696 0 
1544 808 10.418373298131 -13.164927814976 16.788621937274 14.242054049586 6390611.5 0.362285197391 -4.210131952062 4.225690667574 47.680975895318 6390604 0.66703295899 -0.509999821721 0.839662305058 0 
1560 808 1.019494223324 -0.832844795191 1.316434170122 68.813448089766 6880944 -12 15 19.209372712299 99.092419354706 6866174 1.081229491618 0.613410097569 1.243112690525 0 
1576 808 1.236946104857 2.961786521609 3.20970638313 20.533085937768 7105494.5 16 -1 16.031219541881 50.376119204037 7104253.5 1.720808086744 1.832460699679 2.513780556706 0 
1592 808 -7.648171566357 -0.866055289018 7.697050088967 56.060313470465 7207695 -17.961453698482 11.230131160951 21.18324018782 17.584767883433 7207589.5 -4.440934507352 5.218050172307 6.852003130421 0 
1608 808 -24.668603367048 15.972552309212 29.388133988929 1.171840905798 7208846 -16.728099882455 0.131902258542 16.728619903722 31.29884123921 7208022.5 -17.403998290669 10.770178515453 20.466946566509 0 
1624 808 -2.534338463571 0.157707260364 2.539240640016 36.308854891076 7008968.5 -3 27 27.166155414412 43.790133008271 7002640 -15.117726704129 12.626792422712 19.697247208354 0 
1640 808 4.415825467184 -0.876376322037 4.501949579289 88.59233148208 6835617.5 4 25 25.317977802344 3.542601977536 6828545 2.417880252268 10.787891894083 11.05553058124 0 
1656 808 7.540705194741 -2.77636577706 8.035573517928 68.076480158028 6527818.5 10 23 25.079872407969 18.637845598402 6523129 7.581082020027 8.379438553159 11.299902435886 0 
1672 808 0.012338397801 -2.490892248711 2.490922807063 175.777700073065 6280452.5 0.223923168068 17.650641416706 17.652061749449 3.211654639619 6277660 0.371878599147 5.401432399939 5.414218841496 0 
1688 808 10.444693760898 9.120758349631 13.866501383958 83.835148108566 5709407.5 -2.083899480443 9.13819081314 9.372788719583 22.117796881735 5708985.5 -2.400521333153 3.432886459388 4.188939258807 0 
1704 808 -0.007587008166 5.378749148413 5.378754499347 16.490371195072 5168689.5 0 -14 14 163.428810152346 5158118.5 -0.736117776872 2.473800731507 2.580999697914 0 
1720 808 -0.289506102737 3.012697358693 3.026575483711 21.56377573628 5379672 9.225380156708 -11.006232570484 14.361225380565 123.955621730841 5337917 0.485795628062 1.68586388858 1.754461297111 0 
1736 808 1.244997738996 3.545532846964 3.757768292352 30.454596327639 7633909 5 -15 15.811388300842 111.761962136322 7394832.5 1.265218881648 1.069075930606 1.656412437734 0 
1752 808 1.152962626634 4.129362744846 4.287302123356 51.089013392181 6157276.5 1 -16 16.031219541881 109.734345470208 6009800.5 1.316049978397 0.567071496106 1.433023945136 0 
1768 808 -0.230713773251 6.375469056565 6.379642195012 76.336263044004 2844171 -16 7 17.464249196573 140.634385297272 2830692 0.638288918307 0.179850585079 0.663143254649 0 
1784 808 -4.98233068235 8.449788102004 9.80930874206 103.40436839818 2598477.5 -5 -21 21.587033144923 32.677843762707 2595728.5 -5.312057111729 -5.117205560071 7.375889336364 0 
1800 808 -16.121683157067 -24.65534948697 29.458359189566 13.996693722878 2532373 -16 0 16 42.823365785007 2523959 -16.534988111711 -15.324096939343 22.544040872497 0 
1816 808 -5.520597781193 -24.341184536763 24.959372278053 43.021136915929 2452290.75 -8 1 8.062257748299 41.325332611681 2445584 -20.622378333384 -14.015120249551 24.934034646134 0 
1832 808 -25.70683726023 7.619822068266 26.812369725109 20.385107865485 2398557 -8 -17 18.788294228056 60.924238371704 2394094 -17.574227776749 -1.190275490696 17.614489424699 0 
1848 808 -18.599317214552 8.058835403832 20.270161048043 1.935187581422 2289483.75 2.31829673374 7.663922011128 8.006884558823 85.339042104445 2289060 -11.350402032855 4.469040518238 12.198522429421 0 
1864 808 2.811425310767 2.271570279392 3.614435476287 84.425817301007 2311657 -17 2 17.117242768624 49.926891394035 2311152.25 -1.950901101703 2.962827777248 3.547444650204 0 
1880 808 2.370558036041 3.241995752073 4.016227316612 6.092283098748 2430058.75 -8 -14 16.124515496597 167.478203124644 2409486.75 2.528265732908 2.781776092652 3.75904320883 0 
1896 808 5.078884800048 3.908431289644 6.408658670738 24.423868203244 2991702.75 5.078884800048 3.908431289644 6.408658670738 24.423868203244 2991702.75 2.087098470977 3.92588546445 4.446184511189 0 
1912 808 4.967377145268 3.933874648934 6.336418977376 36.083683006942 3032786 9 -16 18.357559750686 62.935745546344 2970227.25 5.192110017559 0.207946623821 5.196272532575 0 
1928 808 10.769751366124 -18.682271699365 21.564202288446 24.781354960689 2416782.75 6 7 9.219544457293 84.655232569358 2398844.25 11.843300372654 -8.372040429235 14.503614193216 0 
1944 808 19.373218889023 -20.468696628949 28.18313594705 13.500409087873 2464305.75 -8 -20 21.540659228538 51.726014855495 2461731 8.916554816435 -15.490965836733 17.873862826745 0 
1960 808 -15.429181725552 -15.790113206616 22.076850404844 34.70846985718 2687520.75 12 -16 20 46.499051225808 2683492.75 -3.588126651098 -21.148829598672 21.451052334512 0 
1976 808 -4.292827726664 -18.331044919672 18.826990671316 5.870117993018 3226189.75 -6 -2 6.324555320337 52.514725296829 3177430.75 -6.149901263299 -17.809777030138 18.841694281873 0 
1992 808 16 6 17.088007490635 97.879406331732 3848613 -15 6 16.155494421404 124.478048374203 3847915 1.231230979832 -5.473808131132 5.610570842806 0 
2008 808 5.02578771344 3.605461928628 6.185296909555 30.124730001263 4579421 20 15 25 31.339257960244 4493711.5 5.412872578608 0.52412194302 5.438188426618 0 
2024 808 6.26398187009 0.058425144176 6.264254334419 1.113807676868 6636316.5 -6.645933804954 2.937465108427 7.266163871195 154.506643824098 6436148 6.395023533028 0.184013192316 6.397670423125 0 
2040 808 7.454546905478 -0.012846103711 7.454557974042 0.04429026685 8737082 -8.727006935352 -0.041613321035 8.727106147984 179.583770863504 8361795.5 6.885198600866 -0.017187328082 6.885220052955 0 
2056 808 6.358389644335 -0.563491983979 6.383309649798 4.402884640509 8598400 -8.203874380527 -14.853003707088 16.968066300384 118.251986708409 8406673 6.883397782122 -0.079479618173 6.883856625223 0 
2072 808 4.542403107213 0.240009101777 4.548739425089 4.665533663677 7504494.5 20 -15 25 35.228915634359 7500461 5.175563078844 -0.148271460162 5.17768651127 0 
2088 808 4.367279571887 0.253379512712 4.374623645125 10.552747756763 7013261.5 -15 15 21.213203435596 142.232300715515 6988921.5 1.761694491031 -0.223562854048 1.775823141374 0 
2104 808 0.380901700295 -0.004152330989 0.380924332565 28.476826562376 6486181 -16 0 16 152.14774827394 6472369.5 0.60655848025 0.320509276397 0.68603162188 0 
2120 808 0.371890750273 1.095187989105 1.156606874275 30.295153059997 6432523.5 16 -15 21.931712199461 84.101395437689 6397028 1.7101550465 1.483944931175 2.264226764666 0 
2136 808 2.246517659891 8.505569426195 8.797246890933 31.137950067232 6360751 15.696303267601 -5.160943171756 16.522992183337 62.267637657421 6343702.5 2.233813659038 2.162205786472 3.108867531169 0 
2152 808 0.313161840461 8.701149633029 8.706783290899 40.693027462926 6221077 15.162527129401 -7.043311375227 16.718566448061 72.161593266618 6204094 2.177534317864 2.355291842288 3.207655743347 0 
2168 808 4.240166046514 8.321749765338 9.339728436037 12.781307538537 6138894 -11.329729020951 -9.277676898461 14.643703367674 169.094757585382 6135433 1.824671534643 2.191482536971 2.851670022844 0 
2184 808 3.613104872276 -12.86665796214 13.364333650907 129.192092951573 5978667 4 16 16.492422502471 21.086313610502 5954183 1.175225309375 1.670777870521 2.042707326177 0 
2200 808 -0.328702938874 0.739790628025 0.809528131283 55.215134408193 6604369 -14.446844123241 -12.040101169092 18.806258035111 161.066715928357 6304532.5 0.644927811308 1.062446294636 1.242869265364 0 
2216 808 -0.00311040544 0.082232249273 0.082291053235 34.699570444351 6940257.5 -0.00311040544 0.082232249273 0.082291053235 34.699570444351 6940257.5 0.233779040442 0.366487809318 0.43470214415 0 
2232 808 0.116207472564 -0.004082843597 0.116279173937 7.781777268716 5958175.5 0.116207472564 -0.004082843597 0.116279173937 7.781777268716 5958175.5 0.016666669928 -0.002877031779 0.01691316642 0 
2248 808 0.014611787282 -0.050375158663 0.052451510349 24.167739801718 5437297.5 0.014611787282 -0.050375158663 0.052451510349 24.167739801718 5437297.5 -0.006409300234 -0.045648228654 0.04609598582 0 
2264 808 0.027598239596 -0.040835012591 0.049286520288 42.852974675731 5133675.5 0.027598239596 -0.040835012591 0.049286520288 42.852974675731 5133675.5 -0.009072630432 -0.058603730665 0.059301853857 0 
2280 808 0.005727235767 -0.053021657808 0.053330079938 5.57711006773 3989926 0.005727235767 -0.053021657808 0.053330079938 5.57711006773 3989926 0.008676679334 -0.041743537812 0.042635756277 0 
2296 808 0.00803788135 -0.065563273575 0.066054147322 15.150636698292 2541920 0.00803788135 -0.065563273575 0.066054147322 15.150636698292 2541920 0.007240648777 -0.017795856349 0.019212482867 0 
2312 808 -0.015601721727 -0.030699973674 0.03443692937 107.75597166801 1612826 -0.015601721727 -0.030699973674 0.03443692937 107.75597166801 1612826 -0.013380722103 0.013239313725 0.018823473429 0 
2328 808 -0.013409295719 -0.004061322806 0.014010837042 76.195024093422 1020778 -0.013409295719 -0.004061322806 0.014010837042 76.195024093422 1020778 -0.016839428814 0.028411462134 0.033026921494 0 
2344 808 0.000642830572 0.001137460242 0.001306540067 35.926057390871 426372.96875 0.000642830572 0.001137460242 0.001306540067 35.926057390871 426372.96875 -0.003135471356 0.027720588878 0.027897351637 0 
2360 808 0.006632118874 -0.000827572519 0.006683552725 93.143379778411 60160.9921875 0.006632118874 -0.000827572519 0.006683552725 93.143379778411 60160.9921875 0.001655685858 0.023860728364 0.023918103055 0 
2376 808 0 0 0 0 0 0 0 0 0 0 -0.002465957171 0.016831880594 0.017011559279 0 
2392 808 0 0 0 0 0 0 0 0 0 0 -0.001560651748 0.010336651446 0.010453802992 0 
2408 808 0 0 0 0 0 0 0 0 0 0 0.004371602128 0.004375040918 0.006184811088 0 
2424 808 0 0 0 0 0 0 0 0 0 0 0.005731845166 0.001153871535 0.00584683406 0 
2440 808 0 0 0 0 0 0 0 0 0 0 0.002520077366 0.000673143296 0.002608430913 0 
2456 808 0 0 0 0 0 0 0 0 0 0 0.000853616026 0.00033689597 0.000917692332 0 
2472 808 0 0 0 0 0 0 0 0 0 0 0.000732461148 0.000145129557 0.00074670069 0 
2488 808 0 0 0 0 0 0 0 0 0 0 0.000503912781 0.000036934762 0.000505264552 0 
2504 808 0 0 0 0 0 0 0 0 0 0 0.000167970927 0.000012311587 0.000168421517 0 
2520 808 0 0 0 0 0 0 0 0 0 0 -0.000167970927 -0.000012311587 0.000168421517 0 
2536 808 0 0 0 0 0 0 0 0 0 0 -0.000503912781 -0.000036934762 0.000505264552 0 
24 824 0 0 0 0 0 0 0 0 0 0 0 0 0 0 
40 824 0 0 0 0 0 0 0 0 0 0 0 0 0 0 
56 824 0 0 0 0 0 0 0 0 0 0 0 0 0 0 
72 824 0 0 0 0 0 0 0 0 0 0 0 0 0 0 
88 824 0 0 0 0 0 0 0 0 0 0 0 0 0 0 
104 824 0 0 0 0 0 0 0 0 0 0 0 0 0 0 
120 824 0 0 0 0 0 0 0 0 0 0 0 0 0 0 
136 824 0 0 0 0 0 0 0 0 0 0 0 0 0 0 
152 824 0 0 0 0 0 0 0 0 0 0 0 0 0 0 
168 824 0 0 0 0 0 0 0 0 0 0 0 0 0 0 
184 824 0 0 0 0 0 0 0 0 0 0 0 0 0 0 
200 824 0 0 0 0 0 0 0 0 0 0 0 0 0 0 
216 824 0 0 0 0 0 0 0 0 0 0 0 0 0 0 
232 824 0 0 0 0 0 0 0 0 0 0 0 0 0 0 
248 824 0 0 0 0 0 0 0 0 0 0 0 0 0 0 
264 824 0 0 0 0 0 0 0 0 0 0 0 0 0 0 
280 824 0 0 0 0 0 0 0 0 0 0 0 0 0 0 
296 824 0 0 0 0 0 0 0 0 0 0 0 0 0 0 
312 824 0 0 0 0 0 0 0 0 0 0 0 0 0 0 
328 824 0 0 0 0 0 0 0 0 0 0 0 0 0 0 
344 824 0 0 0 0 0 0 0 0 0 0 0 0 0 0 
360 824 0 0 0 0 0 0 0 0 0 0 0 0 0 0 
376 824 0 0 0 0 0 0 0 0 0 0 0 0 0 0 
392 824 0 0 0 0 0 0 0 0 0 0 0 0 0 0 
408 824 0 0 0 0 0 0 0 0 0 0 0 0 0 0 
424 824 0 0 0 0 0 0 0 0 0 0 0 0 0 0 
440 824 0 0 0 0 0 0 0 0 0 0 0 0 0 0 
456 824 0 0 0 0 0 0 0 0 0 0 0 0 0 0 
472 824 0 0 0 0 0 0 0 0 0 0 0 0 0 0 
488 824 0 0 0 0 0 0 0 0 0 0 0 0 0 0 
504 824 0 0 0 0 0 0 0 0 0 0 0 0 0 0 
520 824 0 0 0 0 0 0 0 0 0 0 0 0 0 0 
536 824 0 0 0 0 0 0 0 0 0 0 0 0 0 0 
552 824 0 0 0 0 0 0 0 0 0 0 0 0 0 0 
568 824 0 0 0 0 0 0 0 0 0 0 0 0 0 0 
584 824 0 0 0 0 0 0 0 0 0 0 0 0 0 0 
600 824 0 0 0 0 0 0 0 0 0 0 0 0 0 0 
616 824 0 0 0 0 0 0 0 0 0 0 0 0 0 0 
632 824 0 0 0 0 0 0 0 0 0 0 0 0 0 0 
648 824 0 0 0 0 0 0 0 0 0 0 0 0 0 0 
664 824 0 0 0 0 0 0 0 0 0 0 0 0 0 0 
680 824 0 0 0 0 0 0 0 0 0 0 0 0 0 0 
696 824 0 0 0 0 0 0 0 0 0 0 0 0 0 0 
712 824 0 0 0 0 0 0 0 0 0 0 0 0 0 0 
728 824 0 0 0 0 0 0 0 0 0 0 0 0 0 0 
744 824 0 0 0 0 0 0 0 0 0 0 0 0 0 0 
760 824 0 0 0 0 0 0 0 0 0 0 0 0 0 0 
776 824 0 0 0 0 0 0 0 0 0 0 0 0 0 0 
792 824 0 0 0 0 0 0 0 0 0 0 0 0 0 0 
808 824 0 0 0 0 0 0 0 0 0 0 0 0 0 0 
824 824 0 0 0 0 0 0 0 0 0 0 0 0 0 0 
840 824 0 0 0 0 0 0 0 0 0 0 0 0 0 0 
856 824 0 0 0 0 0 0 0 0 0 0 0 0 0 0 
872 824 0 0 0 0 0 0 0 0 0 0 0 0 0 0 
888 824 0 0 0 0 0 0 0 0 0 0 0 0 0 0 
904 824 0 0 0 0 0 0 0 0 0 0 0 0 0 0 
920 824 0 0 0 0 0 0 0 0 0 0 0.001106322732 0.000082523261 0.001109396266 0 
936 824 0 0 0 0 0 0 0 0 0 0 0.003318968196 0.000247569784 0.003328188799 0 
952 824 0 0 0 0 0 0 0 0 0 0 0.002281031781 0.000465720468 0.002328089676 0 
968 824 0 0 0 0 0 0 0 0 0 0 -0.002007486513 0.000736975313 0.002138488885 0 
984 824 0 0 0 0 0 0 0 0 0 0 -0.000338201531 0.001355887402 0.001397430114 0 
1000 824 0 0 0 0 0 0 0 0 0 0 0.007288886726 0.002322456735 0.007649946078 0 
1016 824 0 0 0 0 0 0 0 0 0 0 0.004623353684 0.004174713889 0.006229256403 0 
1032 824 0 0 0 0 0 0 0 0 0 0 -0.008334800658 0.006912658863 0.010828377282 0 
1048 824 0 0 0 0 0 0 0 0 0 0 -0.009924693403 0.012243389703 0.015760714786 0 
1064 824 0 0 0 0 0 0 0 0 0 0 -0.000146324552 0.020166906406 0.020167437241 0 
1080 824 0 0 0 0 0 0 0 0 0 0 -0.016913976923 0.029795393715 0.034261466723 0 
1096 824 -0.05650794515 -0.001979984263 0.056542622885 36.335540784745 468208 -0.05650794515 -0.001979984263 0.056542622885 36.335540784745 468208 -0.060227650517 0.041128851628 0.072931147825 0 
1112 824 -0.057409412469 0.003840593166 0.05753773367 21.937076440666 1150425 -0.057409412469 0.003840593166 0.05753773367 21.937076440666 1150425 -0.105619451663 0.050977421157 0.117278156693 0 
1128 824 0.017915516236 0.01088059846 0.020960752488 127.540987955136 1665946 0.017915516236 0.01088059846 0.020960752488 127.540987955136 1665946 -0.153089380361 0.0593411023 0.164188077526 0 
1144 824 0.022580326425 0.011984529833 0.025563647956 129.24688798819 1763090.875 0.022580326425 0.011984529833 0.025563647956 129.24688798819 1763090.875 -0.143148759659 0.060162267445 0.155277383467 0 
1160 824 -0.0339607487 0.039062655717 0.051761216407 13.810912299499 1475116 -0.0339607487 0.039062655717 0.051761216407 13.810912299499 1475116 -0.075797589557 0.053440916593 0.092742687846 0 
1176 824 -0.010656766606 0.047218087893 0.048405727954 20.008626020292 1534359 -0.010656766606 0.047218087893 0.048405727954 20.008626020292 1534359 -0.029485002521 0.045880449161 0.054537885813 0 
1192 824 0.003678985164 0.030642099455 0.03086216439 13.256671787673 1778796.875 0.003678985164 0.030642099455 0.03086216439 13.256671787673 1778796.875 -0.004210998553 0.037480865149 0.037716677494 0 
1208 824 -0.003235390184 0.03735184493 0.037491706674 21.322738448565 2056315 -0.003235390184 0.03735184493 0.037491706674 21.322738448565 2056315 0.010741090172 0.036560636101 0.03810578867 0 
1224 824 0.007483761827 0.042545108518 0.043198297998 9.643680197632 2221827 0.007483761827 0.042545108518 0.043198297998 9.643680197632 2221827 0.015371263655 0.043119762015 0.045777610495 0 
1240 824 -0.026633062485 0.061761711475 0.067259415859 34.720854740341 2424708.75 -0.026633062485 0.061761711475 0.067259415859 34.720854740341 2424708.75 0.009170736961 0.045506199466 0.046421079331 0 
1256 824 -0.017665483632 0.055040731071 0.057806153555 7.601764105403 2723094 -0.017665483632 0.055040731071 0.057806153555 7.601764105403 2723094 -0.007860489911 0.043719948453 0.044420954451 0 
1272 824 0.025197670906 0.03290874235 0.041447653035 37.259302020512 3108388 0.025197670906 0.03290874235 0.041447653035 37.259302020512 3108388 0.000128295395 0.040528746327 0.040528949388 0 
1288 824 0.010553972525 0.040161742186 0.041525316031 27.958625714901 3549804.5 0.010553972525 0.040161742186 0.041525316031 27.958625714901 3549804.5 0.033137092877 0.035932593088 0.048879629401 0 
1304 824 0.030854536865 0.046402642462 0.055724390285 4.234856803082 3748861.75 0.030854536865 0.046402642462 0.055724390285 4.234856803082 3748861.75 0.033194050882 0.042707247609 0.054090239529 0 
1320 824 -0.028005464401 0.064135458288 0.069983305482 23.870705588214 3774788.75 14 -16 21.260291625469 138.532394587327 2951097 0.000299169408 0.060852709891 0.060853445288 0 
1336 824 -0.064825744447 0.104655542046 0.123106294007 7.824794606259 3366310 -5 -16 16.76305461424 138.695864280774 2834077.25 -0.033357013689 0.075096990127 0.082172065134 0 
1352 824 0.02788324986 0.096483853711 0.100432114633 54.541832852928 3052827.25 15 -16 21.931712199461 175.270469233438 2737266 -0.06777449841 0.085440088316 0.109056826133 0 
1368 824 0.021937266011 0.089225154967 0.091882380894 52.004048018795 3220382.75 15 -16 21.931712199461 175.038658994044 2929351.5 -0.067740700187 0.08611075366 0.10956214838 0 
1384 824 0.757216389603 0.399848530049 0.856303396972 85.493286412275 3082074.75 -14 -16 21.260291625469 115.484469697621 2798637.75 -0.03325561902 0.077108986158 0.083974591054 0 
1400 824 -3.135946547614 1.421293188351 3.442997978034 51.005182386766 2710544 -3.135946547614 1.421293188351 3.442997978034 51.005182386766 2710544 -0.022448927146 0.086099354626 0.088977824187 0 
1416 824 -16 0 16 72.654033542647 2395134.75 15 0 15 107.345966457353 2394821 -0.035320624565 0.113081859062 0.118469630575 0 
1432 824 12.306700923749 6.911815264326 14.114817670617 35.696420160722 2143416 -4 -15 15.52417469626 169.94772058226 2077401.125 0.780284065756 1.674568454686 1.847436800733 0 
1448 824 15.512667761233 4.493871182144 16.150471797198 46.904841890462 2160564.25 -14 5 14.866068747319 97.28553819987 2156896 2.424365143818 4.770559141499 5.351241059147 0 
1464 824 2.31410573615 4.463417134037 5.027641382447 0.014673636019 2800894.25 2 -12 12.165525060596 143.118046020585 2643086.25 2.471693276428 4.764383473244 5.367365977168 0 
1480 824 -0.18642329382 5.167537691856 5.170899287477 31.180032738462 3357988.75 -13 -15 19.849433241279 168.199551810171 3273723.75 0.922268463588 1.656041449922 1.895534859291 0 
1496 824 -0.007584001901 7.63543646516 7.635440231616 66.458310269154 3983135.5 0 -16 16 113.598599530285 3952883.5 0.195344551348 0.085338249924 0.213171552139 0 
1512 824 1.348690925441 11.273487524989 11.353875470008 72.991485844905 4783316 2 -16 16.124515496597 93.061405279413 4765065.5 0.290921539708 0.052273873249 0.295580615215 0 
1528 824 -13.67929679994 -13.557397238974 19.259443938915 141.455460175951 5180301.5 15 -13 19.849433241279 47.113414193343 5177285.5 0.268239648178 0.029135560782 0.269817326643 0 
1544 824 0.043785682178 -3.114915475564 3.115223203219 96.324529103862 5438298.5 15 -5 15.811388300842 25.564819065233 5432984.5 0.127298876756 0.015923312521 0.128290903438 0 
1560 824 0.047537607872 -0.331048150969 0.334443870361 97.539364961864 6036134.5 0.047537607872 -0.331048150969 0.334443870361 97.539364961864 6036134.5 0.052869214087 0.01487183905 0.054921083337 0 
1576 824 13.505231377538 -10.528958465904 17.124550824403 67.96830429718 6458047 -16 -9 18.357559750686 179.330167278188 6457864.5 0.044950660173 0.025981140371 0.05191898983 0 
1592 824 -19.490375946806 17.154515436196 25.964440190355 11.677552853685 6491530.5 -19 -13 23.021728866443 64.05551338602 6490974.5 -5.967513296853 3.400382660977 6.868319822867 0 
1608 824 -21.389736082097 15.776869464248 26.578758807621 7.00169682382 6342494.5 -2 20 20.099751242242 54.87896494409 6331257 -17.984522656991 10.138076400867 20.645184627647 0 
1624 824 -4.059731600916 2.775704130121 4.917921724616 5.238452393736 6225246 -28 27 38.897300677553 4.3588735063 6197382 -15.214058859072 12.585940367434 19.745214151786 0 
1640 824 4.178447971725 3.578423243773 5.501321692465 37.116564187749 5940810.5 2 25 25.079872407969 7.732761819892 5887436 2.343878096905 10.743974560676 10.996670127525 0 
1656 824 0.505389972096 11.83280640886 11.843594324927 40.290440141077 5576750.5 11.464330717296 12.164844255755 16.715690669617 0.565790566542 5576029 7.521382008058 8.14054383708 11.083304618866 0 
1672 824 -9.901029075179 8.043697679117 12.756623734381 54.724224649293 5503410 -12 -12 16.970562748477 138.814986524929 5468853 0.318452874388 4.775648196647 4.786254060468 0 
1688 824 -14.404681215409 5.904658188731 15.567910240084 13.038300546995 5151147 -3 -14 14.317821063276 113.232878203623 5104613.5 -3.781717407662 2.680344555939 4.635259808249 0 
1704 824 -3.588849543889 5.152420212784 6.279114196905 33.931673145749 4814946 5 -15 15.811388300842 129.644650140174 4772129 -4.779128838094 1.854632914957 5.126376468846 0 
1720 824 -2.732089731521 5.678337774714 6.301415252531 47.829569392234 5020959.5 5.301643515678 -12.050871739375 13.165520637111 130.222791703786 5009160.5 -3.706875334673 1.096354981613 3.865607195838 0 
1736 824 -0.783846702219 1.172791726154 1.410622587907 20.573068628754 6492598 11 -16 19.416487838948 160.178283727125 6371179.5 -0.564956897401 0.405510755906 0.695424524356 0 
1752 824 -0.244199769474 0.186253281507 0.30712181994 141.837423675811 6507683 -15 15 21.213203435596 134.170503718584 6185594 0.869503136224 0.012589060118 0.869594266505 0 
1768 824 0.45239355965 -0.017219389242 0.452721150576 5.686116138577 4276947.5 -16 7 17.464249196573 164.236526928762 4034387.5 0.596504766202 -0.08241010575 0.602170541983 0 
1784 824 -5.273782179646 2.489644680407 5.831904415629 72.172589116164 2668838.75 -5 -21 21.587033144923 29.705950641175 2661928 -5.185146459124 -5.541269109325 7.588900259229 0 
1800 824 -16.191353221957 -25.746155154612 30.414214183561 13.029327330884 2402117 -1 -27 27.018512172213 43.073374389116 2399450.75 -16.475450539756 -16.363987950607 23.221123403822 0 
1816 824 -15.917827635216 -23.112805472896 28.063838181054 19.046462775073 2233644.75 -7 0 7 36.398287940845 2221354.5 -20.865548827781 -15.382446968637 25.92278539485 0 
1832 824 -21.877887919338 -11.807215888492 24.860658214307 20.303269077959 2026610.125 -3 -2 3.605551275464 25.638168405422 2025563.125 -18.355441323199 -2.596646163415 18.53819833391 0 
1848 824 -21 -13 24.698178070457 46.545775251698 2092922.125 -17.826272207998 4.633443054873 18.418598626833 0.216256920075 2092738.875 -12.164979335714 3.211013456947 12.581626669833 0 
1864 824 -16.027056555879 5.245655003407 16.863672146366 23.528066766722 2193519.75 1.951950361526 14.860779242815 14.988424530868 55.831577062311 2193457.25 -2.294162865327 2.04053189245 3.070334453565 0 
1880 824 1.977557806076 13.026633058957 13.175883413612 42.207590551106 2141767 2 -14 14.142135623731 121.030211209 2139384 2.690201904139 2.190974019139 3.469517752884 0 
1896 824 7.094633242549 14.252552084717 15.920711723219 10.818580448965 2222464.5 7 -13 14.764823060233 114.417467121664 2220253.25 2.788114972684 3.662339837015 4.602859783079 0 
1912 824 15.712048495426 -12.798938930915 20.265273392676 40.157612939087 2368157.25 15 15 21.213203435596 44.00843734816 2365494.5 6.342526489437 0.109774932193 6.343476397446 0 
1928 824 26.887201485808 3.056311267868 27.060351851085 38.861729070725 2129104.5 -3 3 4.242640687119 167.376662112201 2128550.5 13.353436454399 -8.466720695327 15.811376425674 0 
1944 824 2.874339111487 -28.727006083787 28.870446894112 29.421507339918 2332840 2 0 2 54.864663916011 2327357.25 10.954222389536 -15.565866738189 19.033948499207 0 
1960 824 -10.47536419927 -29.323962854831 31.138851176927 17.347037657939 2484924.25 -13 -6 14.317821063276 62.913705780887 2445882 -0.855115705153 -21.187663196392 21.204912039265 0 
1976 824 -3.878781880084 -30.627210916804 30.871847975391 6.983740378221 2721937 -4 -2 4.472135955 49.233411723529 2718655.25 -4.516906116477 -17.848625661092 18.411297587483 0 
1992 824 -11.197451405385 -4.930537935031 12.234914070182 65.913184317739 3355313 6.013470582533 -5.276796476557 8.000400583845 49.054813390303 3353571 -0.031148844435 -5.548754132286 5.54884156118 0 
2008 824 2.490936245914 5.508526799311 6.045546367363 57.131094070184 3798852 15.980047529179 -6.813484846934 17.371974406907 31.628755846703 3795165 2.940992568118 0.441454692694 2.973940068567 0 
2024 824 4.128595593307 -9.018267256773 9.918389278893 66.989953929815 5322406 4 15 15.52417469626 73.48014958747 5314053.5 4.399518121183 0.122000813849 4.401209367571 0 
2040 824 7.307870279474 0.165574627554 7.30974575337 1.951345719824 8454874 11 -16 19.416487838948 54.838061357192 8203105.5 5.445867677741 -0.062108753914 5.446221833599 0 
2056 824 6.838532013016 0.197640618063 6.841387425585 2.700160985968 9492653 -7.99171145125 -9.267922373973 12.237721889715 129.726419546877 9292381 6.080041237792 -0.110874010596 6.081052088206 0 
2072 824 3.943650328803 0.047540334387 3.943936865527 1.866867185893 8018661 -12 15 19.209372712299 129.83601365282 7979570.5 4.811213313013 -0.098781624079 4.812227275657 0 
2088 824 5.539706019009 9.901403306583 11.345753840828 61.676284766673 6807641.5 3 -16 16.2788205961 78.47761604492 6803109 1.639383903404 -0.025831594364 1.639587403589 0 
2104 824 -0.08232635558 -0.002652029692 0.082369060238 153.650356622756 5180820 15 -12 19.209372712299 66.85451788907 4911175.5 0.037434348829 0.020067671722 0.042474014652 0 
2120 824 0.007913547443 -0.005662710769 0.009730905733 117.737602082337 4794852.5 -16 0 16 97.848836000233 4609334 0.005364649288 0.03891617418 0.039284196248 0 
2136 824 0.059669890904 0.001768806441 0.059696101687 100.766087849992 4860050 0.059669890904 0.001768806441 0.059696101687 100.766087849992 4860050 -0.013607970222 0.061564515118 0.063050506542 0 
2152 824 0.021799186788 0.014382272899 0.026116169673 69.067047566746 4315390 0.021799186788 0.014382272899 0.026116169673 69.067047566746 4315390 -0.0194835097 0.088012694534 0.090143449841 0 
2168 824 0.017082383848 -0.009643370151 0.019616381567 132.474763576901 3675722 0.017082383848 -0.009643370151 0.019616381567 132.474763576901 3675722 -0.022014230968 0.0951335783 0.09764744792 0 
2184 824 -0.018595235611 -0.067448296476 0.069964673121 150.24628559589 3130262 -0.018595235611 -0.067448296476 0.069964673121 150.24628559589 3130262 -0.021200134025 0.082927166417 0.085594162258 0 
2200 824 0.005187821087 -0.053236265523 0.053488442251 174.266949514142 3053928.5 0.005187821087 -0.053236265523 0.053488442251 174.266949514142 3053928.5 -0.012068817486 0.060404603781 0.061598478175 0 
2216 824 -0.043605165726 -0.047126141422 0.064205012914 148.265299736164 2531666.75 -0.043605165726 -0.047126141422 0.064205012914 148.265299736164 2531666.75 0.005379718649 0.027565890392 0.02808593395 0 
2232 824 0.064083549722 -0.029981404233 0.070750165687 6.811609084029 1634160 0.064083549722 -0.029981404233 0.070750165687 6.811609084029 1634160 0.006108842472 -0.003800066501 0.007194335394 0 
2248 824 -0.012631970727 0.006654806865 0.014277714763 101.436094897897 979846 -0.012631970727 0.006654806865 0.014277714763 101.436094897897 979846 -0.009881446017 -0.033693266899 0.035112379722 0 
2264 824 0.011376675282 0.005937360748 0.012832809245 134.637251415621 383464 0.011376675282 0.005937360748 0.012832809245 134.637251415621 383464 -0.013323749152 -0.043369593001 0.045370077017 0 
2280 824 0.007833532782 0.001805777106 0.00803897175 110.302578275927 55330 0.007833532782 0.001805777106 0.00803897175 110.302578275927 55330 -0.004218066932 -0.032829044807 0.033098916472 0 
2296 824 0 0 0 0 0 0 0 0 0 0 -0.006697609298 -0.019305441111 0.020434236633 0 
2312 824 0 0 0 0 0 0 0 0 0 0 -0.020762376248 -0.002798781911 0.020950165814 0 
2328 824 0 0 0 0 0 0 0 0 0 0 -0.020454816826 0.005870419557 0.0212805394 0 
2344 824 0 0 0 0 0 0 0 0 0 0 -0.005774931033 0.006702163294 0.008846966783 0 
2360 824 0 0 0 0 0 0 0 0 0 0 -0.000231190411 0.006177101435 0.006181426303 0 
2376 824 0 0 0 0 0 0 0 0 0 0 -0.003823594963 0.004295233979 0.005750557658 0 
2392 824 0 0 0 0 0 0 0 0 0 0 -0.002836950514 0.002241822335 0.003615806355 0 
2408 824 0 0 0 0 0 0 0 0 0 0 0.002728742934 0.0000168665 0.00272879506 0 
2424 824 0 0 0 0 0 0 0 0 0 0 0.004133692244 -0.000821708562 0.004214571927 0 
2440 824 0 0 0 0 0 0 0 0 0 0 0.001377897415 -0.000273902854 0.001404857309 0 
2456 824 0 0 0 0 0 0 0 0 0 0 0 0 0 0 
2472 824 0 0 0 0 0 0 0 0 0 0 0 0 0 0 
2488 824 0 0 0 0 0 0 0 0 0 0 0 0 0 0 
2504 824 0 0 0 0 0 0 0 0 0 0 0 0 0 0 
2520 824 0 0 0 0 0 0 0 0 0 0 0 0 0 0 
2536 824 0 0 0 0 0 0 0 0 0 0 0 0 0 0 
24 840 0 0 0 0 0 0 0 0 0 0 0 0 0 0 
40 840 0 0 0 0 0 0 0 0 0 0 0 0 0 0 
56 840 0 0 0 0 0 0 0 0 0 0 0 0 0 0 
72 840 0 0 0 0 0 0 0 0 0 0 0 0 0 0 
88 840 0 0 0 0 0 0 0 0 0 0 0 0 0 0 
104 840 0 0 0 0 0 0 0 0 0 0 0 0 0 0 
120 840 0 0 0 0 0 0 0 0 0 0 0 0 0 0 
136 840 0 0 0 0 0 0 0 0 0 0 0 0 0 0 
152 840 0 0 0 0 0 0 0 0 0 0 0 0 0 0 
168 840 0 0 0 0 0 0 0 0 0 0 0 0 0 0 
184 840 0 0 0 0 0 0 0 0 0 0 0 0 0 0 
200 840 0 0 0 0 0 0 0 0 0 0 0 0 0 0 
216 840 0 0 0 0 0 0 0 0 0 0 0 0 0 0 
232 840 0 0 0 0 0 0 0 0 0 0 0 0 0 0 
248 840 0 0 0 0 0 0 0 0 0 0 0 0 0 0 
264 840 0 0 0 0 0 0 0 0 0 0 0 0 0 0 
280 840 0 0 0 0 0 0 0 0 0 0 0 0 0 0 
296 840 0 0 0 0 0 0 0 0 0 0 0 0 0 0 
312 840 0 0 0 0 0 0 0 0 0 0 0 0 0 0 
328 840 0 0 0 0 0 0 0 0 0 0 0 0 0 0 
344 840 0 0 0 0 0 0 0 0 0 0 0 0 0 0 
360 840 0 0 0 0 0 0 0 0 0 0 0 0 0 0 
376 840 0 0 0 0 0 0 0 0 0 0 0 0 0 0 
392 840 0 0 0 0 0 0 0 0 0 0 0 0 0 0 
408 840 0 0 0 0 0 0 0 0 0 0 0 0 0 0 
424 840 0 0 0 0 0 0 0 0 0 0 0 0 0 0 
440 840 0 0 0 0 0 0 0 0 0 0 0 0 0 0 
456 840 0 0 0 0 0 0 0 0 0 0 0 0 0 0 
472 840 0 0 0 0 0 0 0 0 0 0 0 0 0 0 
488 840 0 0 0 0 0 0 0 0 0 0 0 0 0 0 
504 840 0 0 0 0 0 0 0 0 0 0 0 0 0 0 
520 840 0 0 0 0 0 0 0 0 0 0 0 0 0 0 
536 840 0 0 0 0 0 0 0 0 0 0 0 0 0 0 
552 840 0 0 0 0 0 0 0 0 0 0 0 0 0 0 
568 840 0 0 0 0 0 0 0 0 0 0 0 0 0 0 
584 840 0 0 0 0 0 0 0 0 0 0 0 0 0 0 
600 840 0 0 0 0 0 0 0 0 0 0 0 0 0 0 
616 840 0 0 0 0 0 0 0 0 0 0 0 0 0 0 
632 840 0 0 0 0 0 0 0 0 0 0 0 0 0 0 
648 840 0 0 0 0 0 0 0 0 0 0 0 0 0 0 
664 840 0 0 0 0 0 0 0 0 0 0 0 0 0 0 
680 840 0 0 0 0 0 0 0 0 0 0 0 0 0 0 
696 840 0 0 0 0 0 0 0 0 0 0 0 0 0 0 
712 840 0 0 0 0 0 0 0 0 0 0 0 0 0 0 
728 840 0 0 0 0 0 0 0 0 0 0 0 0 0 0 
744 840 0 0 0 0 0 0 0 0 0 0 0 0 0 0 
760 840 0 0 0 0 0 0 0 0 0 0 0 0 0 0 
776 840 0 0 0 0 0 0 0 0 0 0 0 0 0 0 
792 840 0 0 0 0 0 0 0 0 0 0 0 0 0 0 
808 840 0 0 0 0 0 0 0 0 0 0 0 0 0 0 
824 840 0 0 0 0 0 0 0 0 0 0 0 0 0 0 
840 840 0 0 0 0 0 0 0 0 0 0 0 0 0 0 
856 840 0 0 0 0 0 0 0 0 0 0 0 0 0 0 
872 840 0 0 0 0 0 0 0 0 0 0 0 0 0 0 
888 840 0 0 0 0 0 0 0 0 0 0 0 0 0 0 
904 840 0 0 0 0 0 0 0 0 0 0 0 0 0 0 
920 840 0 0 0 0 0 0 0 0 0 0 0.000368774244 0.000027507754 0.000369798755 0 
936 840 0 0 0 0 0 0 0 0 0 0 0.001106322732 0.000082523261 0.001109396266 0 
952 840 0 0 0 0 0 0 0 0 0 0 0.000760343927 0.000155240156 0.000776029892 0 
968 840 0 0 0 0 0 0 0 0 0 0 -0.000669162171 0.000245658438 0.000712829628 0 
984 840 0 0 0 0 0 0 0 0 0 0 -0.000112733844 0.000451962467 0.000465810038 0 
1000 840 0 0 0 0 0 0 0 0 0 0 0.002429628909 0.000774152245 0.002549982026 0 
1016 840 0 0 0 0 0 0 0 0 0 0 0.001541117895 0.001391571296 0.002076418801 0 
1032 840 0 0 0 0 0 0 0 0 0 0 -0.002778266886 0.002304219621 0.003609459094 0 
1048 840 0 0 0 0 0 0 0 0 0 0 -0.003308231134 0.004081129901 0.005253571595 0 
1064 840 0 0 0 0 0 0 0 0 0 0 -0.000048774851 0.006722302135 0.00672247908 0 
1080 840 0 0 0 0 0 0 0 0 0 0 -0.005637992308 0.009931797905 0.011420488908 0 
1096 840 0 0 0 0 0 0 0 0 0 0 -0.020075883506 0.013709617209 0.024310382608 0 
1112 840 0 0 0 0 0 0 0 0 0 0 -0.032957938552 0.019241019055 0.038163366306 0 
1128 840 0 0 0 0 0 0 0 0 0 0 -0.044284157446 0.026526003441 0.051620882008 0 
1144 840 0 0 0 0 0 0 0 0 0 0 -0.044064775701 0.029344207608 0.052941354135 0 
1160 840 0 0 0 0 0 0 0 0 0 0 -0.032299793315 0.027695631556 0.042547910119 0 
1176 840 0 0 0 0 0 0 0 0 0 0 -0.020468012471 0.025885694227 0.03300013182 0 
1192 840 0 0 0 0 0 0 0 0 0 0 -0.008569433168 0.023914395622 0.02540341518 0 
1208 840 0 0 0 0 0 0 0 0 0 0 -0.001556427992 0.024842019064 0.024890728781 0 
1224 840 0.001428255534 0.001428255534 0.002019858346 43.858968327496 10595 0.001428255534 0.001428255534 0.002019858346 43.858968327496 10595 0.000571003058 0.028668564551 0.028674250433 0 
1240 840 -0.03328578176 -0.004434092225 0.033579821936 91.68075640326 83702 -0.03328578176 -0.004434092225 0.033579821936 91.68075640326 83702 -0.00294081238 0.028423198264 0.028574929169 0 
1256 840 -0.015905136768 -0.009991754626 0.01878319824 95.498422347481 243407 -0.015905136768 -0.009991754626 0.01878319824 95.498422347481 243407 -0.012091874305 0.024105920203 0.026968663539 0 
1272 840 -0.003292674896 -0.003411843208 0.004741559031 122.414957243577 571447 -0.003292674896 -0.003411843208 0.004741559031 122.414957243577 571447 -0.005309665545 0.021941947668 0.022575243424 0 
1288 840 -0.00052253434 -0.001205636315 0.001314001925 164.995012554221 898090 -0.00052253434 -0.001205636315 0.001314001925 164.995012554221 898090 0.0174058139 0.021931280658 0.027998989782 0 
1304 840 0.024318705863 -0.007068825093 0.025325239249 81.633076592626 1175141 0.024318705863 -0.007068825093 0.025325239249 81.633076592626 1175141 0.015825705633 0.034606674902 0.038053579418 0 
1320 840 0.003733235962 0.007539082642 0.008412777059 35.857618497108 1511627 0.003733235962 0.007539082642 0.008412777059 35.857618497108 1511627 -0.010049990347 0.0599681304 0.060804432155 0 
1336 840 -0.001725899396 0.031948375356 0.031994959237 14.134829719234 1609493.875 -0.001725899396 0.031948375356 0.031994959237 14.134829719234 1609493.875 -0.024880709787 0.080242565483 0.08401142205 0 
1352 840 0.010654325829 0.043927823856 0.045201419973 30.353222008102 1852366.75 0.010654325829 0.043927823856 0.045201419973 30.353222008102 1852366.75 -0.028666452688 0.095429980151 0.099642594413 0 
1368 840 0.010639524684 0.046659920618 0.047857577013 31.611717295485 2256860 0.010639524684 0.046659920618 0.047857577013 31.611717295485 2256860 -0.031189364263 0.091793554106 0.096947578715 0 
1384 840 0.016888942646 0.051453182059 0.054154097977 43.252442633014 2309265 0.016888942646 0.051453182059 0.054154097977 43.252442633014 2309265 -0.032449444512 0.06933328735 0.076551101781 0 
1400 840 -0.154696671878 0.049117738121 0.162307154766 34.549700086635 2459737 -0.154696671878 0.049117738121 0.162307154766 34.549700086635 2459737 -0.04392329521 0.056553923195 0.071607276801 0 
1416 840 -0.069818838471 0.013463270076 0.071105062032 28.256419283394 2596259 -0.069818838471 0.013463270076 0.071105062032 28.256419283394 2596259 -0.065610916358 0.053455461643 0.084630247103 0 
1432 840 -0.032989124137 0.010598671565 0.034649879513 95.59604939146 2500196.75 -0.032989124137 0.010598671565 0.034649879513 95.59604939146 2500196.75 0.248939018725 0.57506844935 0.626637340478 0 
1448 840 0.10530916963 0.187094790176 0.214696254553 0.347335970437 2334815 -16 -15 21.931712199461 162.178705314384 1383944 0.899726510038 1.621392886318 1.854298434629 0 
1464 840 0.296234328233 0.39247255626 0.491720941837 6.914957310259 2562600.75 -14 -15 20.518284528683 167.105113799696 1492108.125 0.949860641147 1.636608130748 1.892279422081 0 
1480 840 -0.065066952639 0.152390700423 0.165700434221 55.876775051795 2990851 -5 -16 16.76305461424 164.598499037068 1780290 0.399341412051 0.620714182642 0.738078356214 0 
1496 840 -0.386855286959 0.116191282655 0.403927502422 132.009888817367 3255982 -4 -16 16.492422502471 135.308809936052 1992083.25 0.165239897907 0.100359098555 0.193329181768 0 
1512 840 0.894722255954 0.115121670445 0.902098062466 9.637987554625 3639672 2 -16 16.124515496597 99.844792432992 2151956 0.247556098714 0.075542878486 0.258825710664 0 
1528 840 -0.017859956911 0.076019623296 0.078089443505 89.21293522472 3542586.75 0 -16 16 104.008291387649 2087468.75 0.217020456783 0.054142636041 0.223672313217 0 
1544 840 -0.102934384892 0.021367751021 0.105128818013 142.118836739559 3262305 -13 -16 20.615528128088 155.247769856405 1956812.125 0.073632972115 0.036158371218 0.082031959574 0 
1560 840 -0.001670869381 -0.011794901703 0.01191266178 170.222405544659 3661840 0 -16 16 162.159516664369 2226325 0.009035482254 0.028074065336 0.029492254645 0 
1576 840 0.023290897656 -0.011334416045 0.025902411099 78.098072831798 4429995 -8 -16 17.888543819998 168.71345080966 3287580.25 0.0232279872 0.029889718393 0.037854123355 0 
1592 840 2.505528420411 0.994222612065 2.695579950182 128.036092864961 5075873.5 5.514033667196 -10.63148236801 11.976351056322 147.733734841085 4746507 -1.97202732304 1.1532906118 2.284506729708 0 
1608 840 -15.296138441797 -6.386808532769 16.575981855228 52.284568120321 5597905 -19 18 26.172504656605 13.829949934782 5554374.5 -5.976730448466 3.398276745558 6.875288480713 0 
1624 840 1.545081655738 0.49823075015 1.623425761559 122.35389199503 6216785.5 -14.015577652089 0.26650520865 14.018111211856 38.684203768403 6212574.5 -5.059707937188 4.211633716778 6.583198536726 0 
1640 840 1.307192949986 3.31107174361 3.55976818063 9.311423892254 6031019.5 0 -13 13 167.767589285786 5952843 0.779040210793 3.593361525461 3.676839771148 0 
1656 840 0.946114206956 2.292340065617 2.479910294554 20.139756574278 5805677.5 -5 -14 14.866068747319 157.086729802849 5711021 2.492055244424 2.713215509875 3.684002951178 0 
1672 840 -6.28247776667 1.066678090749 6.372388016905 83.254542351677 5514836.5 15 1 15.033296378373 83.295243110758 5501698.5 0.079337163706 1.57119567002 1.573197450746 0 
1688 840 -4.243581697522 -0.395239036593 4.2619478551 16.156093062343 4875268.5 11 -2 11.180339887499 179.469821305913 4850973 -4.577086966309 0.876026184737 4.660165981325 0 
1704 840 -5.786264015331 -0.035501604489 5.786372924297 3.482011167694 4547450 -19.611870738584 -0.765228710948 19.626794156127 5.364947945549 4538991.5 -11.477217145621 0.627707054026 11.494369471764 0 
1720 840 -18.288068422311 -0.041032436513 18.288114453929 1.924201745869 5676282 5 -3 5.830951894845 150.831892463659 5571880.5 -10.930318756733 0.342668246107 10.935688805497 0 
1736 840 -1.210269461811 -0.96498825962 1.547887111968 38.974516091561 5641208 13 -16 20.615528128088 129.501849674726 5515384.5 -2.936391799645 0.020909760981 2.93646624689 0 
1752 840 -0.931546170135 -3.877984788741 3.988300927563 96.264148092039 7373786 -4 15 15.52417469626 112.174594365781 7041073.5 0.970572304676 -0.123354947338 0.978379804389 0 
1768 840 2.978734868387 -1.282862260578 3.243238658464 16.796587985389 6694163.5 -16 0 16 173.496322630383 5972354.5 0.790573556229 -0.09012587885 0.795694176079 0 
1784 840 -9.30882012239 -7.144624672551 11.734555542612 17.387874837131 3574125 14 -7 15.652475842499 98.54042767261 3545069.75 -1.309263126769 -1.862514387838 2.276648804718 0 
1800 840 -4.990189309394 -5.326505171237 7.298879823836 1.273512347004 2755310.75 -5 10 11.180339887499 109.028571139537 2674792 -5.328937744318 -5.440520474302 7.615565672628 0 
1816 840 -18.179060592334 -5.142200903986 18.8923390335 20.565409068257 2400480 -18.179060592334 -5.142200903986 18.8923390335 20.565409068257 2400480 -6.926885456619 -5.099424764871 8.6015042325 0 
1832 840 -5.824584361402 -1.686884211125 6.063939422919 8.322245408358 2463595.75 -19 15 24.20743687382 46.119701756738 2435030.25 -6.103106263673 -0.839227259548 6.160536377529 0 
1848 840 -14.915282506609 -14.371303082192 20.712315286616 59.177872114185 2472831 -14 16 21.260291625469 33.572092960678 2471774.5 -4.043487170671 1.101773238699 4.190905960397 0 
1864 840 1.172272582432 -0.641786455449 1.336455334802 164.651382450493 2463097.25 -4 15 15.52417469626 31.020493113239 2448428.5 -0.748028177611 0.72357672987 1.040725438581 0 
1880 840 2.137261372037 -0.462951394121 2.186826505629 52.517811108372 2311447.75 -16 -1 16.031219541881 143.280524456121 2306764.75 0.918633116022 0.778942047332 1.204424142465 0 
1896 840 2.238035537442 0.8002426303 2.376802754585 33.293371866412 2508446 0 16 16 37.031368434947 2430656 0.956496710229 1.267869191086 1.588199685929 0 
1912 840 8.317269504583 -0.320662102988 8.32344857593 4.296262652726 2752519 14 15 20.518284528683 44.886546224836 2643752.25 2.138148171228 0.077968413403 2.139569273385 0 
1928 840 -6.297325412315 -2.506284089211 6.777740573703 126.283068446334 2657552 4 13 13.601470508735 104.912050908782 2596985.75 4.463587499018 -2.790760285717 5.264214692974 0 
1944 840 2.596834019637 -5.313895931066 5.914476890794 9.188641939996 2507893.25 10 10 14.142135623731 99.767180673272 2445799.25 3.649891807812 -5.167764545579 6.326729060681 0 
1960 840 0.582599347555 -6.684148410703 6.709490440866 7.440816357892 2592221 -16 -7 17.464249196573 63.911193716552 2581539 -0.302938902391 -7.053044366181 7.059547209978 0 
1976 840 -7.741816815327 -2.677708941638 8.191816207546 56.603167713991 3037438 8.343270285942 -2.731986867756 8.779174864979 86.186626733067 3031542 -1.517172940164 -5.944496073164 6.135050716517 0 
1992 840 -0.034729592869 -0.400196701981 0.401700815157 5.183398080825 3338755.25 -14.791790185934 -15.386918090956 21.343718168175 44.09388771156 3080057.75 0.007189694492 -1.842119666528 1.842133696971 0 
2008 840 0.701455802165 -0.028164912667 0.702021014426 10.698956576522 3596241 16 -15 21.931712199461 51.552036438574 3046608.25 1.057198568465 0.15610684134 1.068661854413 0 
2024 840 0.974835432212 0.003394767201 0.974841343163 1.560824673726 4124730 -13 -16 20.615528128088 130.854209593129 3093128 1.632853681756 0.05018345044 1.633624658458 0 
2040 840 5.043878589799 -0.079146269141 5.044499515369 0.288337666729 5098601.5 5.043878589799 -0.079146269141 5.044499515369 0.288337666729 5098601.5 2.847853871197 -0.030353062882 2.848015621467 0 
2056 840 5.812972880636 -0.120542740915 5.81422258461 0.146237486741 5757736 5.812972880636 -0.120542740915 5.81422258461 0.146237486741 5757736 4.702199136789 -0.085502698628 4.702976444072 0 
2072 840 3.753790374704 -0.134385379114 3.756195097081 0.929927735933 4808299 3.753790374704 -0.134385379114 3.756195097081 0.929927735933 4808299 4.232376431834 -0.082771846419 4.233185731727 0 
2088 840 0.706555227159 -0.015813472674 0.706732166343 0.399469431357 3634137 0.706555227159 -0.015813472674 0.706732166343 0.399469431357 3634137 1.438385756331 -0.022160506257 1.438556454246 0 
2104 840 -0.078976479281 0.030777945569 0.084761820492 138.420087723905 2390336.75 -0.078976479281 0.030777945569 0.084761820492 138.420087723905 2390336.75 0.029472184949 0.010895390375 0.03142163613 0 
2120 840 -0.003170791811 0.009429830753 0.009948649593 37.554582671782 1748212 -16 0 16 108.969303009602 1595630 0.005635717689 0.016395843476 0.017337387264 0 
2136 840 0.045813000788 -0.001230620833 0.045829526168 103.790132956953 1628836 0.045813000788 -0.001230620833 0.045829526168 103.790132956953 1628836 -0.004430873395 0.020404902953 0.0208804383 0 
2152 840 0.013413264186 0.004527551418 0.014156778517 73.166279783832 1182573 0.013413264186 0.004527551418 0.014156778517 73.166279783832 1182573 -0.000727588303 0.022922568806 0.022934113138 0 
2168 840 0.008241831195 0.004845155557 0.009560508031 72.226144196606 647656 0.008241831195 0.004845155557 0.009560508031 72.226144196606 647656 -0.005879272878 0.026138814145 0.026791854256 0 
2184 840 0.007991061137 0.006043957336 0.010019305284 86.390190166779 218894 0.007991061137 0.006043957336 0.010019305284 86.390190166779 218894 -0.01988592712 0.030053638968 0.036037082466 0 
2200 840 -0.005056648122 0.007395856959 0.008959262826 1.398105392505 38428 -0.005056648122 0.007395856959 0.008959262826 1.398105392505 38428 -0.019089038005 0.029436316562 0.035084014946 0 
2216 840 0 0 0 0 0 0 0 0 0 0 -0.003488605531 0.024286846927 0.024536122396 0 
2232 840 0 0 0 0 0 0 0 0 0 0 0.008052360133 0.013339230138 0.01558125683 0 
2248 840 0 0 0 0 0 0 0 0 0 0 0.015533858989 -0.003406533804 0.015902994927 0 
2264 840 0 0 0 0 0 0 0 0 0 0 0.014483854161 -0.011131126057 0.018267019424 0 
2280 840 0 0 0 0 0 0 0 0 0 0 0.004902345649 -0.009834546621 0.010988689645 0 
2296 840 0 0 0 0 0 0 0 0 0 0 -0.002232536433 -0.006435147037 0.006811412211 0 
2312 840 0 0 0 0 0 0 0 0 0 0 -0.006920792083 -0.000932927304 0.006983388605 0 
2328 840 0 0 0 0 0 0 0 0 0 0 -0.006818272275 0.001956806519 0.007093513133 0 
2344 840 0 0 0 0 0 0 0 0 0 0 -0.001924977011 0.002234054431 0.002948988928 0 
2360 840 0 0 0 0 0 0 0 0 0 0 -0.00007706347 0.002059033812 0.002060475434 0 
2376 840 0 0 0 0 0 0 0 0 0 0 -0.001274531654 0.00143174466 0.001916852553 0 
2392 840 0 0 0 0 0 0 0 0 0 0 -0.000945650171 0.000747274112 0.001205268785 0 
2408 840 0 0 0 0 0 0 0 0 0 0 0.000909580978 0.000005622167 0.000909598353 0 
2424 840 0 0 0 0 0 0 0 0 0 0 0.001377897415 -0.000273902854 0.001404857309 0 
2440 840 0 0 0 0 0 0 0 0 0 0 0.000459299138 -0.000091300951 0.00046828577 0 
2456 840 0 0 0 0 0 0 0 0 0 0 0 0 0 0 
2472 840 0 0 0 0 0 0 0 0 0 0 0 0 0 0 
2488 840 0 0 0 0 0 0 0 0 0 0 0 0 0 0 
2504 840 0 0 0 0 0 0 0 0 0 0 0 0 0 0 
2520 840 0 0 0 0 0 0 0 0 0 0 0 0 0 0 
2536 840 0 0 0 0 0 0 0 0 0 0 0 0 0 0 
24 856 0 0 0 0 0 0 0 0 0 0 0 0 0 0 
40 856 0 0 0 0 0 0 0 0 0 0 0 0 0 0 
56 856 0 0 0 0 0 0 0 0 0 0 0 0 0 0 
72 856 0 0 0 0 0 0 0 0 0 0 0 0 0 0 
88 856 0 0 0 0 0 0 0 0 0 0 0 0 0 0 
104 856 0 0 0 0 0 0 0 0 0 0 0 0 0 0 
120 856 0 0 0 0 0 0 0 0 0 0 0 0 0 0 
136 856 0 0 0 0 0 0 0 0 0 0 0 0 0 0 
152 856 0 0 0 0 0 0 0 0 0 0 0 0 0 0 
168 856 0 0 0 0 0 0 0 0 0 0 0 0 0 0 
184 856 0 0 0 0 0 0 0 0 0 0 0 0 0 0 
200 856 0 0 0 0 0 0 0 0 0 0 0 0 0 0 
216 856 0 0 0 0 0 0 0 0 0 0 0 0 0 0 
232 856 0 0 0 0 0 0 0 0 0 0 0 0 0 0 
248 856 0 0 0 0 0 0 0 0 0 0 0 0 0 0 
264 856 0 0 0 0 0 0 0 0 0 0 0 0 0 0 
280 856 0 0 0 0 0 0 0 0 0 0 0 0 0 0 
296 856 0 0 0 0 0 0 0 0 0 0 0 0 0 0 
312 856 0 0 0 0 0 0 0 0 0 0 0 0 0 0 
328 856 0 0 0 0 0 0 0 0 0 0 0 0 0 0 
344 856 0 0 0 0 0 0 0 0 0 0 0 0 0 0 
360 856 0 0 0 0 0 0 0 0 0 0 0 0 0 0 
376 856 0 0 0 0 0 0 0 0 0 0 0 0 0 0 
392 856 0 0 0 0 0 0 0 0 0 0 0 0 0 0 
408 856 0 0 0 0 0 0 0 0 0 0 0 0 0 0 
424 856 0 0 0 0 0 0 0 0 0 0 0 0 0 0 
440 856 0 0 0 0 0 0 0 0 0 0 0 0 0 0 
456 856 0 0 0 0 0 0 0 0 0 0 0 0 0 0 
472 856 0 0 0 0 0 0 0 0 0 0 0 0 0 0 
488 856 0 0 0 0 0 0 0 0 0 0 0 0 0 0 
504 856 0 0 0 0 0 0 0 0 0 0 0 0 0 0 
520 856 0 0 0 0 0 0 0 0 0 0 0 0 0 0 
536 856 0 0 0 0 0 0 0 0 0 0 0 0 0 0 
552 856 0 0 0 0 0 0 0 0 0 0 0 0 0 0 
568 856 0 0 0 0 0 0 0 0 0 0 0 0 0 0 
584 856 0 0 0 0 0 0 0 0 0 0 0 0 0 0 
600 856 0 0 0 0 0 0 0 0 0 0 0 0 0 0 
616 856 0 0 0 0 0 0 0 0 0 0 0 0 0 0 
632 856 0 0 0 0 0 0 0 0 0 0 0 0 0 0 
648 856 0 0 0 0 0 0 0 0 0 0 0 0 0 0 
664 856 0 0 0 0 0 0 0 0 0 0 0 0 0 0 
680 856 0 0 0 0 0 0 0 0 0 0 0 0 0 0 
696 856 0 0 0 0 0 0 0 0 0 0 0 0 0 0 
712 856 0 0 0 0 0 0 0 0 0 0 0 0 0 0 
728 856 0 0 0 0 0 0 0 0 0 0 0 0 0 0 
744 856 0 0 0 0 0 0 0 0 0 0 0 0 0 0 
760 856 0 0 0 0 0 0 0 0 0 0 0 0 0 0 
776 856 0 0 0 0 0 0 0 0 0 0 0 0 0 0 
792 856 0 0 0 0 0 0 0 0 0 0 0 0 0 0 
808 856 0 0 0 0 0 0 0 0 0 0 0 0 0 0 
824 856 0 0 0 0 0 0 0 0 0 0 0 0 0 0 
840 856 0 0 0 0 0 0 0 0 0 0 0 0 0 0 
856 856 0 0 0 0 0 0 0 0 0 0 0 0 0 0 
872 856 0 0 0 0 0 0 0 0 0 0 0 0 0 0 
888 856 0 0 0 0 0 0 0 0 0 0 0 0 0 0 
904 856 0 0 0 0 0 0 0 0 0 0 0 0 0 0 
920 856 0 0 0 0 0 0 0 0 0 0 0 0 0 0 
936 856 0 0 0 0 0 0 0 0 0 0 0 0 0 0 
952 856 0 0 0 0 0 0 0 0 0 0 0 0 0 0 
968 856 0 0 0 0 0 0 0 0 0 0 0 0 0 0 
984 856 0 0 0 0 0 0 0 0 0 0 0 0 0 0 
1000 856 0 0 0 0 0 0 0 0 0 0 0 0 0 0 
1016 856 0 0 0 0 0 0 0 0 0 0 0 0 0 0 
1032 856 0 0 0 0 0 0 0 0 0 0 0 0 0 0 
1048 856 0 0 0 0 0 0 0 0 0 0 0 0 0 0 
1064 856 0 0 0 0 0 0 0 0 0 0 0 0 0 0 
1080 856 0 0 0 0 0 0 0 0 0 0 0 0 0 0 
1096 856 0 0 0 0 0 0 0 0 0 0 0 0 0 0 
1112 856 0 0 0 0 0 0 0 0 0 0 0.002529613503 0.002529613503 0.003577413723 0 
1128 856 0 0 0 0 0 0 0 0 0 0 0.007588840509 0.007588840509 0.01073224117 0 
1144 856 0 0 0 0 0 0 0 0 0 0 0.004107912209 0.010451383267 0.011229708585 0 
1160 856 0 0 0 0 0 0 0 0 0 0 -0.007913171396 0.011117241778 0.013645927828 0 
1176 856 0 0 0 0 0 0 0 0 0 0 -0.011969638084 0.01191623757 0.016889906859 0 
1192 856 0 0 0 0 0 0 0 0 0 0 -0.008061487856 0.012848370644 0.015167999693 0 
1208 856 0 0 0 0 0 0 0 0 0 0 -0.005778890305 0.014237032909 0.015365177487 0 
1224 856 0 0 0 0 0 0 0 0 0 0 -0.00512184543 0.016082224364 0.016878129076 0 
1240 856 0 0 0 0 0 0 0 0 0 0 -0.006747440288 0.014911273247 0.016366857374 0 
1256 856 0 0 0 0 0 0 0 0 0 0 -0.010655674877 0.010724179559 0.015117917657 0 
1272 856 0 0 0 0 0 0 0 0 0 0 -0.006021484512 0.009486411254 0.011236114729 0 
1288 856 0 0 0 0 0 0 0 0 0 0 0.007155130809 0.011197968332 0.013288731755 0 
1304 856 0 0 0 0 0 0 0 0 0 0 0.005356149756 0.022917291411 0.023534880196 0 
1320 856 0 0 0 0 0 0 0 0 0 0 -0.011418427668 0.044644380491 0.046081462648 0 
1336 856 0 0 0 0 0 0 0 0 0 0 -0.015481918377 0.062111514871 0.064011952604 0 
1352 856 0 0 0 0 0 0 0 0 0 0 -0.00683432237 0.075318694551 0.075628127778 0 
1368 856 0.006710881396 -0.001010382218 0.006786516142 106.332548837222 54085 0.006710881396 -0.001010382218 0.006786516142 106.332548837222 54085 -0.009685272226 0.070976215747 0.071633984253 0 
1384 856 -0.008962754323 0.002189925776 0.009226415336 50.180195398381 169095 -0.008962754323 0.002189925776 0.009226415336 50.180195398381 169095 -0.024034767943 0.049084078459 0.054652692781 0 
1400 856 -0.001322992513 0.012297842935 0.01236880148 46.4663182075 557389 -0.001322992513 0.012297842935 0.01236880148 46.4663182075 557389 -0.040995359432 0.03133590561 0.051599985226 0 
1416 856 -0.051187133212 0.021928198498 0.055686340299 6.871945571756 952522.875 -0.051187133212 0.021928198498 0.055686340299 6.871945571756 952522.875 -0.060567046691 0.0177316972 0.063109272143 0 
1432 856 -0.058575576646 0.034479662765 0.067970179666 26.055851592444 1183604 -0.058575576646 0.034479662765 0.067970179666 26.055851592444 1183604 -0.012550128593 0.018988835012 0.022761405554 0 
1448 856 0.0014531069 0.00357137096 0.00385567247 49.047591383712 1253201 0.0014531069 0.00357137096 0.00385567247 49.047591383712 1253201 0.103055394861 0.035107319046 0.108871200327 0 
1464 856 0.050288182285 -0.019147068328 0.053809957285 41.894778405741 1077092 0.050288182285 -0.019147068328 0.053809957285 41.894778405741 1077092 0.14170824263 0.054540344626 0.151841612284 0 
1480 856 -0.010296936742 -0.00696786587 0.012432942574 177.311337323599 1010504 -0.010296936742 -0.00696786587 0.012432942574 177.311337323599 1010504 0.103408414712 0.077287911751 0.129099657382 0 
1496 856 -0.303612385295 -0.004116676083 0.303640292989 145.089707210081 1020835.875 -0.303612385295 -0.004116676083 0.303640292989 145.089707210081 1020835.875 0.11264067839 0.080902142152 0.138683376917 0 
1512 856 0.148667779632 0.000199850616 0.148667913959 21.027415995949 1025454 0.148667779632 0.000199850616 0.148667913959 21.027415995949 1025454 0.169405033663 0.065383035829 0.181584709721 0 
1528 856 0.001611546908 -0.008221232359 0.008377693295 98.104715786755 1056773 0.001611546908 -0.008221232359 0.008377693295 98.104715786755 1056773 0.143729317957 0.050038780265 0.152190657961 0 
1544 856 -0.051734149696 -0.032612684258 0.061155616416 167.831820403399 1009853 -0.051734149696 -0.032612684258 0.061155616416 167.831820403399 1009853 0.035613531272 0.034869375462 0.049841719019 0 
1560 856 -0.003280393386 -0.04117131916 0.041301797808 157.908180338822 1143301.875 -0.003280393386 -0.04117131916 0.041301797808 157.908180338822 1143301.875 -0.007704892048 0.024382909487 0.025571304943 0 
1576 856 0.022480135585 -0.04668225826 0.051813026665 117.734733649254 1631754 0.022480135585 -0.04668225826 0.051813026665 117.734733649254 1631754 0.013774047999 0.018579382339 0.023128291039 0 
1592 856 0.016482794629 -0.058526142257 0.060802893404 103.513187973788 2531195 0.016482794629 -0.058526142257 0.060802893404 103.513187973788 2531195 0.02555635454 0.014307600253 0.02928881497 0 
1608 856 0.087453751444 -0.048005962528 0.099763375444 51.471898598808 4048974 0.087453751444 -0.048005962528 0.099763375444 51.471898598808 4048974 0.027642027576 0.011567563227 0.029964816161 0 
1624 856 0.028250564784 -0.037686895467 0.047099856694 75.871020026979 5502566.5 0.028250564784 -0.037686895467 0.047099856694 75.871020026979 5502566.5 0.018523981453 0.007758894986 0.020083285097 0 
1640 856 -0.043301907931 -0.048289850276 0.064861119865 106.157743579813 6735605 15 15 21.213203435596 76.959414881919 6295099.5 -0.00179778383 0.002881595529 0.003396412739 0 
1656 856 0.407074092028 -7.53424886686 7.545237922304 62.023108141185 7569008.5 0 15 15 121.06956531497 7494628 -0.019037327687 -0.011470262482 0.022225813075 0 
1672 856 -0.148303911599 -4.201725873171 4.204342322347 41.220649310861 7297829.5 -16 15 21.931712199461 89.910270555597 7197655 -0.033194650117 -0.035296679047 0.04845348644 0 
1688 856 -5.531229206562 -0.411986538415 5.54655113051 3.782591647527 6630290 -8 15 17 62.404658523516 6481028.5 -3.735973244901 -0.031113005097 3.736102796458 0 
1704 856 -6.133837741452 -0.298749828828 6.14110876786 2.793964162354 6405409 4 15 15.52417469626 104.925852257326 6249462 -11.127373112039 0.001080759367 11.127373164524 0 
1720 856 -18.317600896844 -0.189733575449 18.31858349998 0.423590756812 7230281 5 -11 12.083045973595 114.274097496853 7217247.5 -10.898188518644 -0.032308524926 10.898236409103 0 
1736 856 -12.236296609346 6.553092009592 13.880560853153 30.637001349436 7027151 -0.521632612333 0.073759633404 0.526821664104 10.514283266044 6977531.5 -3.048419464718 -0.131280857977 3.051244974849 0 
1752 856 1.030128688237 -0.07590621417 1.032921520581 5.587571683868 7811790 14 -16 21.260291625469 39.012214262942 7585519 0.828692356195 -0.143167737927 0.84096850262 0 
1768 856 3.660255340932 -0.121192748163 3.662261165323 3.400285093795 7478765 9 -16 18.357559750686 55.345564395379 7236401.5 0.733146944094 -0.067969164776 0.736290872546 0 
1784 856 -8.429312493834 -0.196189992309 8.431595319498 177.176617346967 5144432 4.051445878718 -0.205925987067 4.056675883076 1.419633667359 5131953 0.526972423737 -0.013707953012 0.527150683728 0 
1800 856 0.119413976379 -0.151724896597 0.193080661906 57.127940273699 4281699 0.107106312184 14.057059356337 14.057467393157 84.231251601256 4249919 0.210168795122 0.019615897366 0.211082225383 0 
1816 856 -11.94764042488 -0.162742213875 11.948748752501 141.623391056062 3759533.75 6.699982966684 13.399475576208 14.981178774424 24.277107310798 3740618.75 0.042061867808 0.034252293308 0.05424408097 0 
1832 856 -0.027730244567 -0.143786039011 0.146435622299 154.045146532327 3449631.75 0.39743739101 13.548242310726 13.554070465728 35.19047803609 3412590 0.022651641794 0.030201234812 0.037751972931 0 
1848 856 -0.024110094021 0.014617638472 0.028195247617 83.184308147789 3166977.25 -16 -2 16.124515496597 121.537216427077 3049157.25 0.016776068993 0.036961716655 0.040590700769 0 
1864 856 0.009707341759 0.038762178861 0.039959216635 10.076300796822 3085985.25 0.009707341759 0.038762178861 0.039959216635 10.076300796822 3085985.25 0.024435149403 0.054533738836 0.059757888164 0 
1880 856 0.025528344863 0.055477096254 0.061068851309 2.616063527059 2950887.75 0.025528344863 0.055477096254 0.061068851309 2.616063527059 2950887.75 0.032131547942 0.062184312411 0.069995178999 0 
1896 856 0.051200865835 0.071060850842 0.087585233828 2.134517418909 2908612.75 -14 -16 21.260291625469 172.45311559152 1961169.75 0.039865264609 0.05991343738 0.071964291847 0 
1912 856 0.052502016127 0.033336613351 0.062191570869 22.81392541733 2895301 0.052502016127 0.033336613351 0.062191570869 22.81392541733 2895301 0.035198215448 0.050696041219 0.061717120526 0 
1928 856 -0.025872432916 0.002104875517 0.025957913744 113.049712332256 2594663 -0.025872432916 0.002104875517 0.025957913744 113.049712332256 2594663 0.018130400459 0.034532123927 0.039002294852 0 
1944 856 0.017881378054 0.009923351488 0.020450344395 65.164882723005 2328410 0.017881378054 0.009923351488 0.020450344395 65.164882723005 2328410 -0.001453030314 0.019818876421 0.019872069839 0 
1960 856 -0.034112954957 -0.004225689424 0.034373683931 22.61730312247 2285661 -0.034112954957 -0.004225689424 0.034373683931 22.61730312247 2285661 -0.023552076871 0.0065562987 0.024447604741 0 
1976 856 -0.040472225305 -0.027736549134 0.049064418666 39.625938197858 2204588 -0.040472225305 -0.027736549134 0.049064418666 39.625938197858 2204588 -0.019414842762 0.001767640212 0.019495144815 0 
1992 856 -0.041669771867 -0.046596664885 0.062510951568 158.259530583792 1988949.75 -0.041669771867 -0.046596664885 0.062510951568 158.259530583792 1988949.75 0.010958672014 0.005452900956 0.012240368505 0 
2008 856 0.001603200547 -0.003956295077 0.00426878469 73.492514183333 1838466 0.001603200547 -0.003956295077 0.00426878469 73.492514183333 1838466 0.079657022879 0.007742608336 0.080032426414 0 
2024 856 0.040301042173 0.02265523354 0.046232386992 26.6936195082 1611880 0.040301042173 0.02265523354 0.046232386992 26.6936195082 1611880 0.186680209834 0.00863676235 0.186879893 0 
2040 856 0.680267418669 -0.03244650054 0.68104077433 2.124671461371 1173511 0.680267418669 -0.03244650054 0.68104077433 2.124671461371 1173511 1.163673911009 -0.012309862098 1.163739018796 0 
2056 856 2.621705564765 -0.106128248401 2.623852753763 1.269657655377 785365 2.621705564765 -0.106128248401 2.623852753763 1.269657655377 785365 3.010638126404 -0.055097265007 3.011142247847 0 
2072 856 1.616761127799 -0.082518637106 1.618865612036 1.835490130208 553577 1.616761127799 -0.082518637106 1.618865612036 1.835490130208 553577 2.957218493433 -0.056075218192 2.957750098977 0 
2088 856 0.572816072943 -0.052175284903 0.575187372755 4.334096570287 234325 0.572816072943 -0.052175284903 0.575187372755 4.334096570287 234325 1.003415012095 -0.015243721653 1.003530795516 0 
2104 856 -0.013736844337 -0.004502523261 0.014455919482 175.754194624144 47530 -0.013736844337 -0.004502523261 0.014455919482 175.754194624144 47530 0.019118327257 0.004731937276 0.019695219407 0 
2120 856 0 0 0 0 0 0 0 0 0 0 0.004328438917 0.003851758593 0.00579408558 0 
2136 856 0 0 0 0 0 0 0 0 0 0 0.000118256263 -0.000131177347 0.000176612684 0 
2152 856 0 0 0 0 0 0 0 0 0 0 0.006487779296 -0.007216870543 0.009704354725 0 
2168 856 0 0 0 0 0 0 0 0 0 0 0.001641154625 -0.00626892595 0.006480186808 0 
2184 856 0 0 0 0 0 0 0 0 0 0 -0.014421617751 0.002712656433 0.014674520894 0 
2200 856 0 0 0 0 0 0 0 0 0 0 -0.016949361198 0.010464129715 0.019919308615 0 
2216 856 0 0 0 0 0 0 0 0 0 0 -0.005942075716 0.016985493896 0.017994867788 0 
2232 856 0 0 0 0 0 0 0 0 0 0 0.006768089223 0.016431658844 0.017770943815 0 
2248 856 0 0 0 0 0 0 0 0 0 0 0.021181133619 0.008802624558 0.022937450174 0 
2264 856 0 0 0 0 0 0 0 0 0 0 0.021290741863 0.003741080561 0.021616923297 0 
2280 856 0 0 0 0 0 0 0 0 0 0 0.007096913954 0.001247026854 0.007205641099 0 
2296 856 0 0 0 0 0 0 0 0 0 0 0 0 0 0 
2312 856 0 0 0 0 0 0 0 0 0 0 0 0 0 0 
2328 856 0 0 0 0 0 0 0 0 0 0 0 0 0 0 
2344 856 0 0 0 0 0 0 0 0 0 0 0 0 0 0 
2360 856 0 0 0 0 0 0 0 0 0 0 0 0 0 0 
2376 856 0 0 0 0 0 0 0 0 0 0 0 0 0 0 
2392 856 0 0 0 0 0 0 0 0 0 0 0 0 0 0 
2408 856 0 0 0 0 0 0 0 0 0 0 0 0 0 0 
2424 856 0 0 0 0 0 0 0 0 0 0 0 0 0 0 
2440 856 0 0 0 0 0 0 0 0 0 0 0 0 0 0 
2456 856 0 0 0 0 0 0 0 0 0 0 0 0 0 0 
2472 856 0 0 0 0 0 0 0 0 0 0 0 0 0 0 
2488 856 0 0 0 0 0 0 0 0 0 0 0 0 0 0 
2504 856 0 0 0 0 0 0 0 0 0 0 0 0 0 0 
2520 856 0 0 0 0 0 0 0 0 0 0 0 0 0 0 
2536 856 0 0 0 0 0 0 0 0 0 0 0 0 0 0 
24 872 0 0 0 0 0 0 0 0 0 0 0 0 0 0 
40 872 0 0 0 0 0 0 0 0 0 0 0 0 0 0 
56 872 0 0 0 0 0 0 0 0 0 0 0 0 0 0 
72 872 0 0 0 0 0 0 0 0 0 0 0 0 0 0 
88 872 0 0 0 0 0 0 0 0 0 0 0 0 0 0 
104 872 0 0 0 0 0 0 0 0 0 0 0 0 0 0 
120 872 0 0 0 0 0 0 0 0 0 0 0 0 0 0 
136 872 0 0 0 0 0 0 0 0 0 0 0 0 0 0 
152 872 0 0 0 0 0 0 0 0 0 0 0 0 0 0 
168 872 0 0 0 0 0 0 0 0 0 0 0 0 0 0 
184 872 0 0 0 0 0 0 0 0 0 0 0 0 0 0 
200 872 0 0 0 0 0 0 0 0 0 0 0 0 0 0 
216 872 0 0 0 0 0 0 0 0 0 0 0 0 0 0 
232 872 0 0 0 0 0 0 0 0 0 0 0 0 0 0 
248 872 0 0 0 0 0 0 0 0 0 0 0 0 0 0 
264 872 0 0 0 0 0 0 0 0 0 0 0 0 0 0 
280 872 0 0 0 0 0 0 0 0 0 0 0 0 0 0 
296 872 0 0 0 0 0 0 0 0 0 0 0 0 0 0 
312 872 0 0 0 0 0 0 0 0 0 0 0 0 0 0 
328 872 0 0 0 0 0 0 0 0 0 0 0 0 0 0 
344 872 0 0 0 0 0 0 0 0 0 0 0 0 0 0 
360 872 0 0 0 0 0 0 0 0 0 0 0 0 0 0 
376 872 0 0 0 0 0 0 0 0 0 0 0 0 0 0 
392 872 0 0 0 0 0 0 0 0 0 0 0 0 0 0 
408 872 0 0 0 0 0 0 0 0 0 0 0 0 0 0 
424 872 0 0 0 0 0 0 0 0 0 0 0 0 0 0 
440 872 0 0 0 0 0 0 0 0 0 0 0 0 0 0 
456 872 0 0 0 0 0 0 0 0 0 0 0 0 0 0 
472 872 0 0 0 0 0 0 0 0 0 0 0 0 0 0 
488 872 0 0 0 0 0 0 0 0 0 0 0 0 0 0 
504 872 0 0 0 0 0 0 0 0 0 0 0 0 0 0 
520 872 0 0 0 0 0 0 0 0 0 0 0 0 0 0 
536 872 0 0 0 0 0 0 0 0 0 0 0 0 0 0 
552 872 0 0 0 0 0 0 0 0 0 0 0 0 0 0 
568 872 0 0 0 0 0 0 0 0 0 0 0 0 0 0 
584 872 0 0 0 0 0 0 0 0 0 0 0 0 0 0 
600 872 0 0 0 0 0 0 0 0 0 0 0 0 0 0 
616 872 0 0 0 0 0 0 0 0 0 0 0 0 0 0 
632 872 0 0 0 0 0 0 0 0 0 0 0 0 0 0 
648 872 0 0 0 0 0 0 0 0 0 0 0 0 0 0 
664 872 0 0 0 0 0 0 0 0 0 0 0 0 0 0 
680 872 0 0 0 0 0 0 0 0 0 0 0 0 0 0 
696 872 0 0 0 0 0 0 0 0 0 0 0 0 0 0 
712 872 0 0 0 0 0 0 0 0 0 0 0 0 0 0 
728 872 0 0 0 0 0 0 0 0 0 0 0 0 0 0 
744 872 0 0 0 0 0 0 0 0 0 0 0 0 0 0 
760 872 0 0 0 0 0 0 0 0 0 0 0 0 0 0 
776 872 0 0 0 0 0 0 0 0 0 0 0 0 0 0 
792 872 0 0 0 0 0 0 0 0 0 0 0 0 0 0 
808 872 0 0 0 0 0 0 0 0 0 0 0 0 0 0 
824 872 0 0 0 0 0 0 0 0 0 0 0 0 0 0 
840 872 0 0 0 0 0 0 0 0 0 0 0 0 0 0 
856 872 0 0 0 0 0 0 0 0 0 0 0 0 0 0 
872 872 0 0 0 0 0 0 0 0 0 0 0 0 0 0 
888 872 0 0 0 0 0 0 0 0 0 0 0 0 0 0 
904 872 0 0 0 0 0 0 0 0 0 0 0 0 0 0 
920 872 0 0 0 0 0 0 0 0 0 0 0 0 0 0 
936 872 0 0 0 0 0 0 0 0 0 0 0 0 0 0 
952 872 0 0 0 0 0 0 0 0 0 0 0 0 0 0 
968 872 0 0 0 0 0 0 0 0 0 0 0 0 0 0 
984 872 0 0 0 0 0 0 0 0 0 0 0 0 0 0 
1000 872 0 0 0 0 0 0 0 0 0 0 0 0 0 0 
1016 872 0 0 0 0 0 0 0 0 0 0 0 0 0 0 
1032 872 0 0 0 0 0 0 0 0 0 0 0 0 0 0 
1048 872 0 0 0 0 0 0 0 0 0 0 0 0 0 0 
1064 872 0 0 0 0 0 0 0 0 0 0 0 0 0 0 
1080 872 0 0 0 0 0 0 0 0 0 0 0 0 0 0 
1096 872 0 0 0 0 0 0 0 0 0 0 0 0 0 0 
1112 872 0 0 0 0 0 0 0 0 0 0 0.000843204501 0.000843204501 0.001192471241 0 
1128 872 0 0 0 0 0 0 0 0 0 0 0.002529613503 0.002529613503 0.003577413723 0 
1144 872 0 0 0 0 0 0 0 0 0 0 0.00136930407 0.003483794422 0.003743236195 0 
1160 872 0 0 0 0 0 0 0 0 0 0 -0.002637723799 0.003705747259 0.004548642609 0 
1176 872 0 0 0 0 0 0 0 0 0 0 -0.003989879361 0.00397207919 0.005629968953 0 
1192 872 0 0 0 0 0 0 0 0 0 0 -0.002687162619 0.004282790215 0.005055999898 0 
1208 872 0 0 0 0 0 0 0 0 0 0 -0.001926296768 0.004745677636 0.005121725829 0 
1224 872 0 0 0 0 0 0 0 0 0 0 -0.00170728181 0.005360741455 0.005626043025 0 
1240 872 0 0 0 0 0 0 0 0 0 0 -0.002249146763 0.004970424416 0.005455619125 0 
1256 872 0 0 0 0 0 0 0 0 0 0 -0.003551891626 0.00357472652 0.005039305886 0 
1272 872 0 0 0 0 0 0 0 0 0 0 -0.002007161504 0.003162137085 0.003745371576 0 
1288 872 0 0 0 0 0 0 0 0 0 0 0.002385043603 0.003732656111 0.004429577252 0 
1304 872 0 0 0 0 0 0 0 0 0 0 0.001785383252 0.007639097137 0.007844960065 0 
1320 872 0 0 0 0 0 0 0 0 0 0 -0.003806142556 0.014881460164 0.015360487549 0 
1336 872 0 0 0 0 0 0 0 0 0 0 -0.005160639459 0.02070383829 0.021337317535 0 
1352 872 0 0 0 0 0 0 0 0 0 0 -0.002278107457 0.025106231517 0.025209375926 0 
1368 872 0 0 0 0 0 0 0 0 0 0 -0.003228424075 0.023658738582 0.023877994751 0 
1384 872 0 0 0 0 0 0 0 0 0 0 -0.008011589314 0.016361359486 0.01821756426 0 
1400 872 0 0 0 0 0 0 0 0 0 0 -0.013665119811 0.01044530187 0.017199995075 0 
1416 872 0 0 0 0 0 0 0 0 0 0 -0.020189015564 0.005910565733 0.021036424048 0 
1432 872 0 0 0 0 0 0 0 0 0 0 -0.004183376198 0.006329611671 0.007587135185 0 
1448 872 0 0 0 0 0 0 0 0 0 0 0.034351798287 0.011702439682 0.036290400109 0 
1464 872 0 0 0 0 0 0 0 0 0 0 0.047236080877 0.018180114875 0.050613870761 0 
1480 872 0 0 0 0 0 0 0 0 0 0 0.034469471571 0.02576263725 0.043033219127 0 
1496 872 0 0 0 0 0 0 0 0 0 0 0.037546892797 0.026967380717 0.046227792306 0 
1512 872 0 0 0 0 0 0 0 0 0 0 0.056468344554 0.021794345276 0.060528236574 0 
1528 872 0 0 0 0 0 0 0 0 0 0 0.048366231698 0.016823993454 0.051208779759 0 
1544 872 0 0 0 0 0 0 0 0 0 0 0.013240554227 0.012056325251 0.017907184446 0 
1560 872 0 0 0 0 0 0 0 0 0 0 0.002648091183 0.003798371504 0.004630336164 0 
1576 872 0 0 0 0 0 0 0 0 0 0 0.016588842568 -0.007949867789 0.018395382453 0 
1592 872 -0.003790552102 -0.002165743606 0.004365630607 116.976970969109 84978 -0.003790552102 -0.002165743606 0.004365630607 116.976970969109 84978 0.025237735885 -0.016566373666 0.03018920418 0 
1608 872 0.04944306909 -0.00518076962 0.049713755188 31.656207241111 729755 0.04944306909 -0.00518076962 0.049713755188 31.656207241111 729755 0.028594771136 -0.022051146127 0.036109749124 0 
1624 872 0.003221204662 -0.010028366072 0.01053300933 20.974000872035 1862518 0.003221204662 -0.010028366072 0.01053300933 20.974000872035 1862518 0.020636896853 -0.025684097944 0.032947752562 0 
1640 872 -0.024016236987 -0.01742818574 0.02967357911 56.875596832686 3561911.75 -0.024016236987 -0.01742818574 0.02967357911 56.875596832686 3561911.75 0.001364113035 -0.027465229119 0.027499083893 0 
1656 872 -0.004303819373 -0.022871452975 0.023272864507 8.88549530223 5652161.5 -0.004303819373 -0.022871452975 0.023272864507 8.88549530223 5652161.5 -0.011895708276 -0.033513479989 0.035562075535 0 
1672 872 -0.013589959215 -0.0140534314 0.019549576097 20.445815320798 7439658 -10 -16 18.867962264113 8.411735991793 5928867.5 -0.019142567081 -0.043828850553 0.047826833632 0 
1688 872 -0.514542185264 -0.138857480861 0.532949397604 13.232970079058 8397120 -13.667790803205 11.990053457984 18.181580991913 43.128272869767 8034734 -1.258376243438 -0.041073013564 1.259046370271 0 
1704 872 -0.52860835515 -0.099318727348 0.53785779044 10.253249273245 8528254 7.672805039647 9.422772531776 12.151566950892 129.543180550036 8506316 -3.729596737346 -0.02524596902 3.729682182462 0 
1720 872 -2.566367549798 -0.008971034452 2.566383229394 0.253177169374 8125825.5 -14.490988201866 10.492026211721 17.890538088444 36.359427477713 7916123 -3.610484620408 -0.028575331488 3.610597698965 0 
1736 872 0.025217702409 0.041648660866 0.048688227188 124.437769862464 7596745.5 -13 -16 20.615528128088 47.662711049794 6684706.5 -0.901039892622 -0.051061100969 0.902485525717 0 
1752 872 0.118241331963 0.063548417651 0.134236410748 34.280863361797 6354273 -13 -16 20.615528128088 123.068657238073 5021495 0.44386329078 -0.046849311649 0.446328890959 0 
1768 872 0.20728486205 -0.017161318253 0.207994050106 2.580942744324 5502420 0.20728486205 -0.017161318253 0.207994050106 2.580942744324 5502420 0.424224929799 -0.015939963528 0.424524290824 0 
1784 872 0.087210957009 -0.009960781323 0.087777948182 7.427705988301 5129365 0 15 15 89.088084579283 3096899.5 0.323560192393 0.005150195154 0.323601178322 0 
1800 872 0.01995826863 -0.002117470035 0.020070280667 12.658664989293 3925791.5 0 15 15 83.39746857828 1971357.125 0.141869078564 0.016421164397 0.142816280909 0 
1816 872 0.000208805201 -0.012731223164 0.012732935359 113.290762450852 2898916 0.000208805201 -0.012731223164 0.012732935359 113.290762450852 2898916 0.041293145501 0.0185842059 0.045282409104 0 
1832 872 -0.011989636788 -0.0215138025 0.024629151189 147.193952753796 2253557 -0.011989636788 -0.0215138025 0.024629151189 147.193952753796 2253557 0.021832393205 0.011639319665 0.024741203594 0 
1848 872 -0.019653289859 -0.011758341956 0.022902192206 164.532393128604 1835804.875 -0.019653289859 -0.011758341956 0.022902192206 164.532393128604 1835804.875 0.015810383276 0.016578890814 0.022909121327 0 
1864 872 -0.001402399842 0.004622942239 0.004830975084 51.688795956875 1740492 -0.001402399842 0.004622942239 0.004830975084 51.688795956875 1740492 0.023227115716 0.033402919349 0.040684811976 0 
1880 872 0.004099190344 0.018787460995 0.019229457925 24.715847806072 1718069.875 0.004099190344 0.018787460995 0.019229457925 24.715847806072 1718069.875 0.030697199899 0.040700814377 0.050979156256 0 
1896 872 0.014602671374 0.03361607434 0.036650763502 21.331872438983 1534882.875 0.014602671374 0.03361607434 0.036650763502 21.331872438983 1534882.875 0.038220635825 0.038472575896 0.054230582691 0 
1912 872 0.011656745767 0.021876181767 0.024788042492 22.250094406285 1276646 0.011656745767 0.021876181767 0.024788042492 22.250094406285 1276646 0.033676622099 0.02795781564 0.043769330945 0 
1928 872 -0.024588754459 -0.006349394568 0.02539530778 166.262471768862 925906.9375 -0.024588754459 -0.006349394568 0.02539530778 166.262471768862 925906.9375 0.017065158722 0.009156533606 0.01936651104 0 
1944 872 0.023223675977 -0.018160604726 0.029481293898 48.525191192526 572875 0.023223675977 -0.018160604726 0.029481293898 48.525191192526 572875 0.000187875157 -0.00311647219 0.003122130039 0 
1960 872 -0.01610309824 -0.01063288336 0.019296838639 5.844173412281 242294 -0.01610309824 -0.01063288336 0.019296838639 5.844173412281 242294 -0.016955228593 -0.008861201748 0.019131144061 0 
1976 872 0.008182488832 0.008182488832 0.01157178668 157.594920350496 43958.99609375 0.008182488832 0.008182488832 0.01157178668 157.594920350496 43958.99609375 -0.023631824269 -0.009834520963 0.025596502122 0 
1992 872 0 0 0 0 0 0 0 0 0 0 -0.01984191187 -0.006036429834 0.020739815617 0 
2008 872 0 0 0 0 0 0 0 0 0 0 0.008367931359 -0.00363800632 0.009124547397 0 
2024 872 0 0 0 0 0 0 0 0 0 0 0.060997705417 -0.002639250422 0.061054776299 0 
2040 872 0 0 0 0 0 0 0 0 0 0 0.393327797177 -0.00797915156 0.393408722439 0 
2056 872 0 0 0 0 0 0 0 0 0 0 1.005358206637 -0.019657709734 1.005550371291 0 
2072 872 0 0 0 0 0 0 0 0 0 0 0.985739497811 -0.018691739397 0.985916699659 0 
2088 872 0 0 0 0 0 0 0 0 0 0 0.334471670698 -0.005081240551 0.334510265172 0 
2104 872 0 0 0 0 0 0 0 0 0 0 0.006372775752 0.001577312425 0.006565073136 0 
2120 872 0 0 0 0 0 0 0 0 0 0 0.001442812972 0.001283919531 0.00193136186 0 
2136 872 0 0 0 0 0 0 0 0 0 0 0.000039418754 -0.000043725782 0.000058870895 0 
2152 872 0 0 0 0 0 0 0 0 0 0 0.002162593099 -0.002405623514 0.003234784908 0 
2168 872 0 0 0 0 0 0 0 0 0 0 0.000547051542 -0.002089641983 0.002160062269 0 
2184 872 0 0 0 0 0 0 0 0 0 0 -0.004807205917 0.000904218811 0.004891506965 0 
2200 872 0 0 0 0 0 0 0 0 0 0 -0.005649787066 0.003488043238 0.006639769538 0 
2216 872 0 0 0 0 0 0 0 0 0 0 -0.001980691905 0.005661831299 0.005998289263 0 
2232 872 0 0 0 0 0 0 0 0 0 0 0.002256029741 0.005477219615 0.005923647938 0 
2248 872 0 0 0 0 0 0 0 0 0 0 0.007060377873 0.002934208186 0.007645816725 0 
2264 872 0 0 0 0 0 0 0 0 0 0 0.007096913954 0.001247026854 0.007205641099 0 
2280 872 0 0 0 0 0 0 0 0 0 0 0.002365637985 0.000415675618 0.002401880366 0 
2296 872 0 0 0 0 0 0 0 0 0 0 0 0 0 0 
2312 872 0 0 0 0 0 0 0 0 0 0 0 0 0 0 
2328 872 0 0 0 0 0 0 0 0 0 0 0 0 0 0 
2344 872 0 0 0 0 0 0 0 0 0 0 0 0 0 0 
2360 872 0 0 0 0 0 0 0 0 0 0 0 0 0 0 
2376 872 0 0 0 0 0 0 0 0 0 0 0 0 0 0 
2392 872 0 0 0 0 0 0 0 0 0 0 0 0 0 0 
2408 872 0 0 0 0 0 0 0 0 0 0 0 0 0 0 
2424 872 0 0 0 0 0 0 0 0 0 0 0 0 0 0 
2440 872 0 0 0 0 0 0 0 0 0 0 0 0 0 0 
2456 872 0 0 0 0 0 0 0 0 0 0 0 0 0 0 
2472 872 0 0 0 0 0 0 0 0 0 0 0 0 0 0 
2488 872 0 0 0 0 0 0 0 0 0 0 0 0 0 0 
2504 872 0 0 0 0 0 0 0 0 0 0 0 0 0 0 
2520 872 0 0 0 0 0 0 0 0 0 0 0 0 0 0 
2536 872 0 0 0 0 0 0 0 0 0 0 0 0 0 0 
24 888 0 0 0 0 0 0 0 0 0 0 0 0 0 0 
40 888 0 0 0 0 0 0 0 0 0 0 0 0 0 0 
56 888 0 0 0 0 0 0 0 0 0 0 0 0 0 0 
72 888 0 0 0 0 0 0 0 0 0 0 0 0 0 0 
88 888 0 0 0 0 0 0 0 0 0 0 0 0 0 0 
104 888 0 0 0 0 0 0 0 0 0 0 0 0 0 0 
120 888 0 0 0 0 0 0 0 0 0 0 0 0 0 0 
136 888 0 0 0 0 0 0 0 0 0 0 0 0 0 0 
152 888 0 0 0 0 0 0 0 0 0 0 0 0 0 0 
168 888 0 0 0 0 0 0 0 0 0 0 0 0 0 0 
184 888 0 0 0 0 0 0 0 0 0 0 0 0 0 0 
200 888 0 0 0 0 0 0 0 0 0 0 0 0 0 0 
216 888 0 0 0 0 0 0 0 0 0 0 0 0 0 0 
232 888 0 0 0 0 0 0 0 0 0 0 0 0 0 0 
248 888 0 0 0 0 0 0 0 0 0 0 0 0 0 0 
264 888 0 0 0 0 0 0 0 0 0 0 0 0 0 0 
280 888 0 0 0 0 0 0 0 0 0 0 0 0 0 0 
296 888 0 0 0 0 0 0 0 0 0 0 0 0 0 0 
312 888 0 0 0 0 0 0 0 0 0 0 0 0 0 0 
328 888 0 0 0 0 0 0 0 0 0 0 0 0 0 0 
344 888 0 0 0 0 0 0 0 0 0 0 0 0 0 0 
360 888 0 0 0 0 0 0 0 0 0 0 0 0 0 0 
376 888 0 0 0 0 0 0 0 0 0 0 0 0 0 0 
392 888 0 0 0 0 0 0 0 0 0 0 0 0 0 0 
408 888 0 0 0 0 0 0 0 0 0 0 0 0 0 0 
424 888 0 0 0 0 0 0 0 0 0 0 0 0 0 0 
440 888 0 0 0 0 0 0 0 0 0 0 0 0 0 0 
456 888 0 0 0 0 0 0 0 0 0 0 0 0 0 0 
472 888 0 0 0 0 0 0 0 0 0 0 0 0 0 0 
488 888 0 0 0 0 0 0 0 0 0 0 0 0 0 0 
504 888 0 0 0 0 0 0 0 0 0 0 0 0 0 0 
520 888 0 0 0 0 0 0 0 0 0 0 0 0 0 0 
536 888 0 0 0 0 0 0 0 0 0 0 0 0 0 0 
552 888 0 0 0 0 0 0 0 0 0 0 0 0 0 0 
568 888 0 0 0 0 0 0 0 0 0 0 0 0 0 0 
584 888 0 0 0 0 0 0 0 0 0 0 0 0 0 0 
600 888 0 0 0 0 0 0 0 0 0 0 0 0 0 0 
616 888 0 0 0 0 0 0 0 0 0 0 0 0 0 0 
632 888 0 0 0 0 0 0 0 0 0 0 0 0 0 0 
648 888 0 0 0 0 0 0 0 0 0 0 0 0 0 0 
664 888 0 0 0 0 0 0 0 0 0 0 0 0 0 0 
680 888 0 0 0 0 0 0 0 0 0 0 0 0 0 0 
696 888 0 0 0 0 0 0 0 0 0 0 0 0 0 0 
712 888 0 0 0 0 0 0 0 0 0 0 0 0 0 0 
728 888 0 0 0 0 0 0 0 0 0 0 0 0 0 0 
744 888 0 0 0 0 0 0 0 0 0 0 0 0 0 0 
760 888 0 0 0 0 0 0 0 0 0 0 0 0 0 0 
776 888 0 0 0 0 0 0 0 0 0 0 0 0 0 0 
792 888 0 0 0 0 0 0 0 0 0 0 0 0 0 0 
808 888 0 0 0 0 0 0 0 0 0 0 0 0 0 0 
824 888 0 0 0 0 0 0 0 0 0 0 0 0 0 0 
840 888 0 0 0 0 0 0 0 0 0 0 0 0 0 0 
856 888 0 0 0 0 0 0 0 0 0 0 0 0 0 0 
872 888 0 0 0 0 0 0 0 0 0 0 0 0 0 0 
888 888 0 0 0 0 0 0 0 0 0 0 0 0 0 0 
904 888 0 0 0 0 0 0 0 0 0 0 0 0 0 0 
920 888 0 0 0 0 0 0 0 0 0 0 0 0 0 0 
936 888 0 0 0 0 0 0 0 0 0 0 0 0 0 0 
952 888 0 0 0 0 0 0 0 0 0 0 0 0 0 0 
968 888 0 0 0 0 0 0 0 0 0 0 0 0 0 0 
984 888 0 0 0 0 0 0 0 0 0 0 0 0 0 0 
1000 888 0 0 0 0 0 0 0 0 0 0 0 0 0 0 
1016 888 0 0 0 0 0 0 0 0 0 0 0 0 0 0 
1032 888 0 0 0 0 0 0 0 0 0 0 0 0 0 0 
1048 888 0 0 0 0 0 0 0 0 0 0 0 0 0 0 
1064 888 0 0 0 0 0 0 0 0 0 0 0 0 0 0 
1080 888 0 0 0 0 0 0 0 0 0 0 0 0 0 0 
1096 888 0 0 0 0 0 0 0 0 0 0 0 0 0 0 
1112 888 0 0 0 0 0 0 0 0 0 0 0 0 0 0 
1128 888 0 0 0 0 0 0 0 0 0 0 0 0 0 0 
1144 888 0 0 0 0 0 0 0 0 0 0 0 0 0 0 
1160 888 0 0 0 0 0 0 0 0 0 0 0 0 0 0 
1176 888 0 0 0 0 0 0 0 0 0 0 0 0 0 0 
1192 888 0 0 0 0 0 0 0 0 0 0 0 0 0 0 
1208 888 0 0 0 0 0 0 0 0 0 0 0 0 0 0 
1224 888 0 0 0 0 0 0 0 0 0 0 0 0 0 0 
1240 888 0 0 0 0 0 0 0 0 0 0 0 0 0 0 
1256 888 0 0 0 0 0 0 0 0 0 0 0 0 0 0 
1272 888 0 0 0 0 0 0 0 0 0 0 0 0 0 0 
1288 888 0 0 0 0 0 0 0 0 0 0 0 0 0 0 
1304 888 0 0 0 0 0 0 0 0 0 0 0 0 0 0 
1320 888 0 0 0 0 0 0 0 0 0 0 0 0 0 0 
1336 888 0 0 0 0 0 0 0 0 0 0 0 0 0 0 
1352 888 0 0 0 0 0 0 0 0 0 0 0 0 0 0 
1368 888 0 0 0 0 0 0 0 0 0 0 0 0 0 0 
1384 888 0 0 0 0 0 0 0 0 0 0 0 0 0 0 
1400 888 0 0 0 0 0 0 0 0 0 0 0 0 0 0 
1416 888 0 0 0 0 0 0 0 0 0 0 0 0 0 0 
1432 888 0 0 0 0 0 0 0 0 0 0 0 0 0 0 
1448 888 0 0 0 0 0 0 0 0 0 0 0 0 0 0 
1464 888 0 0 0 0 0 0 0 0 0 0 0 0 0 0 
1480 888 0 0 0 0 0 0 0 0 0 0 0 0 0 0 
1496 888 0 0 0 0 0 0 0 0 0 0 0 0 0 0 
1512 888 0 0 0 0 0 0 0 0 0 0 0 0 0 0 
1528 888 0 0 0 0 0 0 0 0 0 0 0.000513516426 0.000162450037 0.000538599233 0 
1544 888 0 0 0 0 0 0 0 0 0 0 0.001540549278 0.00048735011 0.0016157977 0 
1560 888 0 0 0 0 0 0 0 0 0 0 0.005868437099 -0.004870423116 0.007626242542 0 
1576 888 0 0 0 0 0 0 0 0 0 0 0.013497179889 -0.01591086964 0.020864554576 0 
1592 888 0 0 0 0 0 0 0 0 0 0 0.018808819918 -0.024002520469 0.030494141988 0 
1608 888 0 0 0 0 0 0 0 0 0 0 0.021803357187 -0.029145375602 0.036398342045 0 
1624 888 0 0 0 0 0 0 0 0 0 0 0.016541125577 -0.032064611208 0.036079746774 0 
1640 888 -0.006127343289 0.009282043417 0.011122080101 151.840660614179 275591.96875 -0.006127343289 0.009282043417 0.011122080101 151.840660614179 275591.96875 0.003022125091 -0.032760227286 0.032899327225 0 
1656 888 -0.003994661409 0.01642384695 0.016902664536 155.619778932277 1403755 -0.003994661409 0.01642384695 0.016902664536 155.619778932277 1403755 -0.006423635778 -0.033963653181 0.034565775472 0 
1672 888 -0.013860392965 0.014425402787 0.020005067826 117.847495633619 3184121 -0.013860392965 0.014425402787 0.020005067826 117.847495633619 3184121 -0.011796157029 -0.035674888894 0.037574552801 0 
1688 888 -0.015487196828 0.008066062627 0.017461804944 88.493750155046 4570497 -0.015487196828 0.008066062627 0.017461804944 88.493750155046 4570497 -0.018628963367 -0.033583051792 0.038403901413 0 
1704 888 -0.003938201009 0.007203250234 0.00820952137 107.137153525163 4737454 -0.003938201009 0.007203250234 0.00820952137 107.137153525163 4737454 -0.026922054792 -0.027688141875 0.038619039795 0 
1720 888 0.00256844991 0.006401167505 0.006897237155 108.117757688927 4262182 0.00256844991 0.006401167505 0.006897237155 108.117757688927 4262182 0.022973042567 -0.019263514702 0.029980721863 0 
1736 888 0.011578729915 0.012206686132 0.016824689381 50.140092135084 3783930.5 0.011578729915 0.012206686132 0.016824689381 50.140092135084 3783930.5 0.131056328709 -0.008309170273 0.131319471539 0 
1752 888 0.067629072942 0.013415937691 0.068946928076 11.24493041807 2544692 0.067629072942 0.013415937691 0.068946928076 11.24493041807 2544692 0.190948704572 -0.000081763821 0.190948722078 0 
1768 888 0.106170075409 0.032291171028 0.110972089458 15.385234159736 1957708 0.106170075409 0.032291171028 0.110972089458 15.385234159736 1957708 0.202650170157 0.005418704654 0.202722603143 0 
1784 888 0.07509658975 0.035284336434 0.082972779812 22.085301342237 2093419 0.07509658975 0.035284336434 0.082972779812 22.085301342237 2093419 0.165872888225 0.008929090841 0.166113044976 0 
1800 888 0.016687692099 0.012133714696 0.020632646459 28.635723636562 1475319 0.016687692099 0.012133714696 0.020632646459 28.635723636562 1475319 0.080616858775 0.010449394738 0.081291252722 0 
1816 888 0.000850400073 -0.006986275494 0.007037842394 97.783359634531 756727 0.000850400073 -0.006986275494 0.007037842394 97.783359634531 756727 0.03068158826 0.008062621648 0.031723267896 0 
1832 888 -0.008504302791 -0.015608590624 0.017775018065 124.865857418253 245931.96875 15 0 15 6.282207013289 61698.0078125 0.016067076682 0.001768771568 0.016164142599 0 
1848 888 -0.01787177617 -0.01787177617 0.025274508243 157.623058657641 28785 -0.01787177617 -0.01787177617 0.025274508243 157.623058657641 28785 0.011495655314 0.004790608421 0.012453915855 0 
1864 888 0 0 0 0 0 0 0 0 0 0 0.016967324155 0.017128132204 0.024109396545 0 
1880 888 0 0 0 0 0 0 0 0 0 0 0.022485019408 0.022469299019 0.031787505348 0 
1896 888 0 0 0 0 0 0 0 0 0 0 0.028048741075 0.020814108866 0.034927911529 0 
1912 888 0 0 0 0 0 0 0 0 0 0 0.024686869068 0.012441527138 0.027644766266 0 
1928 888 0 0 0 0 0 0 0 0 0 0 0.01239940339 -0.002648446166 0.012679095848 0 
1944 888 0 0 0 0 0 0 0 0 0 0 0.00075624592 -0.010938109871 0.010964221607 0 
1960 888 0 0 0 0 0 0 0 0 0 0 -0.010242603341 -0.012427463979 0.01610443368 0 
1976 888 0 0 0 0 0 0 0 0 0 0 -0.019305236267 -0.011726701163 0.022587776949 0 
1992 888 0 0 0 0 0 0 0 0 0 0 -0.026431652859 -0.008835821422 0.027869409988 0 
2008 888 0 0 0 0 0 0 0 0 0 0 -0.020457460801 -0.006996235236 0.021620707896 0 
2024 888 0 0 0 0 0 0 0 0 0 0 -0.001382660094 -0.006207942606 0.006360055058 0 
2040 888 0 0 0 0 0 0 0 0 0 0 0.006116055195 -0.004360347218 0.007511242175 0 
2056 888 0 0 0 0 0 0 0 0 0 0 0.002038685065 -0.001453449073 0.002503747392 0 
2072 888 0 0 0 0 0 0 0 0 0 0 0 0 0 0 
2088 888 0 0 0 0 0 0 0 0 0 0 0 0 0 0 
2104 888 0 0 0 0 0 0 0 0 0 0 0 0 0 0 
2120 888 0 0 0 0 0 0 0 0 0 0 0 0 0 0 
2136 888 0 0 0 0 0 0 0 0 0 0 0 0 0 0 
2152 888 0 0 0 0 0 0 0 0 0 0 0 0 0 0 
2168 888 0 0 0 0 0 0 0 0 0 0 0 0 0 0 
2184 888 0 0 0 0 0 0 0 0 0 0 0 0 0 0 
2200 888 0 0 0 0 0 0 0 0 0 0 0 0 0 0 
2216 888 0 0 0 0 0 0 0 0 0 0 0 0 0 0 
2232 888 0 0 0 0 0 0 0 0 0 0 0 0 0 0 
2248 888 0 0 0 0 0 0 0 0 0 0 0 0 0 0 
2264 888 0 0 0 0 0 0 0 0 0 0 0 0 0 0 
2280 888 0 0 0 0 0 0 0 0 0 0 0 0 0 0 
2296 888 0 0 0 0 0 0 0 0 0 0 0 0 0 0 
2312 888 0 0 0 0 0 0 0 0 0 0 0 0 0 0 
2328 888 0 0 0 0 0 0 0 0 0 0 0 0 0 0 
2344 888 0 0 0 0 0 0 0 0 0 0 0 0 0 0 
2360 888 0 0 0 0 0 0 0 0 0 0 0 0 0 0 
2376 888 0 0 0 0 0 0 0 0 0 0 0 0 0 0 
2392 888 0 0 0 0 0 0 0 0 0 0 0 0 0 0 
2408 888 0 0 0 0 0 0 0 0 0 0 0 0 0 0 
2424 888 0 0 0 0 0 0 0 0 0 0 0 0 0 0 
2440 888 0 0 0 0 0 0 0 0 0 0 0 0 0 0 
2456 888 0 0 0 0 0 0 0 0 0 0 0 0 0 0 
2472 888 0 0 0 0 0 0 0 0 0 0 0 0 0 0 
2488 888 0 0 0 0 0 0 0 0 0 0 0 0 0 0 
2504 888 0 0 0 0 0 0 0 0 0 0 0 0 0 0 
2520 888 0 0 0 0 0 0 0 0 0 0 0 0 0 0 
2536 888 0 0 0 0 0 0 0 0 0 0 0 0 0 0 
24 904 0 0 0 0 0 0 0 0 0 0 0 0 0 0 
40 904 0 0 0 0 0 0 0 0 0 0 0 0 0 0 
56 904 0 0 0 0 0 0 0 0 0 0 0 0 0 0 
72 904 0 0 0 0 0 0 0 0 0 0 0 0 0 0 
88 904 0 0 0 0 0 0 0 0 0 0 0 0 0 0 
104 904 0 0 0 0 0 0 0 0 0 0 0 0 0 0 
120 904 0 0 0 0 0 0 0 0 0 0 0 0 0 0 
136 904 0 0 0 0 0 0 0 0 0 0 0 0 0 0 
152 904 0 0 0 0 0 0 0 0 0 0 0 0 0 0 
168 904 0 0 0 0 0 0 0 0 0 0 0 0 0 0 
184 904 0 0 0 0 0 0 0 0 0 0 0 0 0 0 
200 904 0 0 0 0 0 0 0 0 0 0 0 0 0 0 
216 904 0 0 0 0 0 0 0 0 0 0 0 0 0 0 
232 904 0 0 0 0 0 0 0 0 0 0 0 0 0 0 
248 904 0 0 0 0 0 0 0 0 0 0 0 0 0 0 
264 904 0 0 0 0 0 0 0 0 0 0 0 0 0 0 
280 904 0 0 0 0 0 0 0 0 0 0 0 0 0 0 
296 904 0 0 0 0 0 0 0 0 0 0 0 0 0 0 
312 904 0 0 0 0 0 0 0 0 0 0 0 0 0 0 
328 904 0 0 0 0 0 0 0 0 0 0 0 0 0 0 
344 904 0 0 0 0 0 0 0 0 0 0 0 0 0 0 
360 904 0 0 0 0 0 0 0 0 0 0 0 0 0 0 
376 904 0 0 0 0 0 0 0 0 0 0 0 0 0 0 
392 904 0 0 0 0 0 0 0 0 0 0 0 0 0 0 
408 904 0 0 0 0 0 0 0 0 0 0 0 0 0 0 
424 904 0 0 0 0 0 0 0 0 0 0 0 0 0 0 
440 904 0 0 0 0 0 0 0 0 0 0 0 0 0 0 
456 904 0 0 0 0 0 0 0 0 0 0 0 0 0 0 
472 904 0 0 0 0 0 0 0 0 0 0 0 0 0 0 
488 904 0 0 0 0 0 0 0 0 0 0 0 0 0 0 
504 904 0 0 0 0 0 0 0 0 0 0 0 0 0 0 
520 904 0 0 0 0 0 0 0 0 0 0 0 0 0 0 
536 904 0 0 0 0 0 0 0 0 0 0 0 0 0 0 
552 904 0 0 0 0 0 0 0 0 0 0 0 0 0 0 
568 904 0 0 0 0 0 0 0 0 0 0 0 0 0 0 
584 904 0 0 0 0 0 0 0 0 0 0 0 0 0 0 
600 904 0 0 0 0 0 0 0 0 0 0 0 0 0 0 
616 904 0 0 0 0 0 0 0 0 0 0 0 0 0 0 
632 904 0 0 0 0 0 0 0 0 0 0 0 0 0 0 
648 904 0 0 0 0 0 0 0 0 0 0 0 0 0 0 
664 904 0 0 0 0 0 0 0 0 0 0 0 0 0 0 
680 904 0 0 0 0 0 0 0 0 0 0 0 0 0 0 
696 904 0 0 0 0 0 0 0 0 0 0 0 0 0 0 
712 904 0 0 0 0 0 0 0 0 0 0 0 0 0 0 
728 904 0 0 0 0 0 0 0 0 0 0 0 0 0 0 
744 904 0 0 0 0 0 0 0 0 0 0 0 0 0 0 
760 904 0 0 0 0 0 0 0 0 0 0 0 0 0 0 
776 904 0 0 0 0 0 0 0 0 0 0 0 0 0 0 
792 904 0 0 0 0 0 0 0 0 0 0 0 0 0 0 
808 904 0 0 0 0 0 0 0 0 0 0 0 0 0 0 
824 904 0 0 0 0 0 0 0 0 0 0 0 0 0 0 
840 904 0 0 0 0 0 0 0 0 0 0 0 0 0 0 
856 904 0 0 0 0 0 0 0 0 0 0 0 0 0 0 
872 904 0 0 0 0 0 0 0 0 0 0 0 0 0 0 
888 904 0 0 0 0 0 0 0 0 0 0 0 0 0 0 
904 904 0 0 0 0 0 0 0 0 0 0 0 0 0 0 
920 904 0 0 0 0 0 0 0 0 0 0 0 0 0 0 
936 904 0 0 0 0 0 0 0 0 0 0 0 0 0 0 
952 904 0 0 0 0 0 0 0 0 0 0 0 0 0 0 
968 904 0 0 0 0 0 0 0 0 0 0 0 0 0 0 
984 904 0 0 0 0 0 0 0 0 0 0 0 0 0 0 
1000 904 0 0 0 0 0 0 0 0 0 0 0 0 0 0 
1016 904 0 0 0 0 0 0 0 0 0 0 0 0 0 0 
1032 904 0 0 0 0 0 0 0 0 0 0 0 0 0 0 
1048 904 0 0 0 0 0 0 0 0 0 0 0 0 0 0 
1064 904 0 0 0 0 0 0 0 0 0 0 0 0 0 0 
1080 904 0 0 0 0 0 0 0 0 0 0 0 0 0 0 
1096 904 0 0 0 0 0 0 0 0 0 0 0 0 0 0 
1112 904 0 0 0 0 0 0 0 0 0 0 0 0 0 0 
1128 904 0 0 0 0 0 0 0 0 0 0 0 0 0 0 
1144 904 0 0 0 0 0 0 0 0 0 0 0 0 0 0 
1160 904 0 0 0 0 0 0 0 0 0 0 0 0 0 0 
1176 904 0 0 0 0 0 0 0 0 0 0 0 0 0 0 
1192 904 0 0 0 0 0 0 0 0 0 0 0 0 0 0 
1208 904 0 0 0 0 0 0 0 0 0 0 0 0 0 0 
1224 904 0 0 0 0 0 0 0 0 0 0 0 0 0 0 
1240 904 0 0 0 0 0 0 0 0 0 0 0 0 0 0 
1256 904 0 0 0 0 0 0 0 0 0 0 0 0 0 0 
1272 904 0 0 0 0 0 0 0 0 0 0 0 0 0 0 
1288 904 0 0 0 0 0 0 0 0 0 0 0 0 0 0 
1304 904 0 0 0 0 0 0 0 0 0 0 0 0 0 0 
1320 904 0 0 0 0 0 0 0 0 0 0 0 0 0 0 
1336 904 0 0 0 0 0 0 0 0 0 0 0 0 0 0 
1352 904 0 0 0 0 0 0 0 0 0 0 0 0 0 0 
1368 904 0 0 0 0 0 0 0 0 0 0 0 0 0 0 
1384 904 0 0 0 0 0 0 0 0 0 0 0 0 0 0 
1400 904 0 0 0 0 0 0 0 0 0 0 0 0 0 0 
1416 904 0 0 0 0 0 0 0 0 0 0 0 0 0 0 
1432 904 0 0 0 0 0 0 0 0 0 0 0 0 0 0 
1448 904 0 0 0 0 0 0 0 0 0 0 0 0 0 0 
1464 904 0 0 0 0 0 0 0 0 0 0 0 0 0 0 
1480 904 0 0 0 0 0 0 0 0 0 0 0 0 0 0 
1496 904 0 0 0 0 0 0 0 0 0 0 0 0 0 0 
1512 904 0 0 0 0 0 0 0 0 0 0 0 0 0 0 
1528 904 0 0 0 0 0 0 0 0 0 0 0.000171172142 0.000054150012 0.000179533078 0 
1544 904 0 0 0 0 0 0 0 0 0 0 0.000513516426 0.000162450037 0.000538599233 0 
1560 904 0 0 0 0 0 0 0 0 0 0 0.0019561457 -0.001623474372 0.002542080847 0 
1576 904 0 0 0 0 0 0 0 0 0 0 0.004499059963 -0.005303623213 0.006954851525 0 
1592 904 0 0 0 0 0 0 0 0 0 0 0.006269606639 -0.008000840156 0.010164713996 0 
1608 904 0 0 0 0 0 0 0 0 0 0 0.007267785729 -0.009715125201 0.012132780682 0 
1624 904 0 0 0 0 0 0 0 0 0 0 0.006236667628 -0.011382644806 0.012979238262 0 
1640 904 0 0 0 0 0 0 0 0 0 0 0.003176252336 -0.013003398971 0.01338569997 0 
1656 904 0 0 0 0 0 0 0 0 0 0 -0.002621110193 -0.012820782058 0.013085972307 0 
1672 904 0 0 0 0 0 0 0 0 0 0 -0.011155419959 -0.010834794068 0.01555108218 0 
1688 904 -0.008615183251 0.005234109675 0.010080539992 58.600555866 164135 -0.008615183251 0.005234109675 0.010080539992 58.600555866 164135 -0.016731404686 -0.008643119781 0.018831978715 0 
1704 904 -0.004499972516 0.004885550404 0.006642164962 65.242274405459 180697 -0.004499972516 0.004885550404 0.006642164962 65.242274405459 180697 -0.019349064374 -0.006245759197 0.020332137126 0 
1720 904 0.007935715834 0.007935715834 0.01122279696 108.456618338643 16562 0.007935715834 0.007935715834 0.01122279696 108.456618338643 16562 0.002184470279 -0.004373074566 0.004888321958 0 
1736 904 0 0 0 0 0 0 0 0 0 0 0.047869199273 -0.00302506589 0.047964687664 0 
1752 904 0 0 0 0 0 0 0 0 0 0 0.06994859757 -0.002865094444 0.070007250112 0 
1768 904 0 0 0 0 0 0 0 0 0 0 0.06842266517 -0.003893160229 0.068533333535 0 
1784 904 0 0 0 0 0 0 0 0 0 0 0.053910511231 -0.002371265951 0.053962636365 0 
1800 904 0 0 0 0 0 0 0 0 0 0 0.026412135755 0.001700588391 0.026466826708 0 
1816 904 0 0 0 0 0 0 0 0 0 0 0.010227196087 0.002687540549 0.010574422632 0 
1832 904 0 0 0 0 0 0 0 0 0 0 0.005355692227 0.000589590523 0.005388047533 0 
1848 904 0 0 0 0 0 0 0 0 0 0 0.003831885105 0.001596869474 0.004151305285 0 
1864 904 0 0 0 0 0 0 0 0 0 0 0.005655774718 0.005709377401 0.008036465515 0 
1880 904 0 0 0 0 0 0 0 0 0 0 0.007495006469 0.00748976634 0.010595835116 0 
1896 904 0 0 0 0 0 0 0 0 0 0 0.009349580358 0.006938036289 0.011642637176 0 
1912 904 0 0 0 0 0 0 0 0 0 0 0.008228956356 0.004147175713 0.009214922089 0 
1928 904 0 0 0 0 0 0 0 0 0 0 0.004133134463 -0.000882815389 0.004226365283 0 
1944 904 0 0 0 0 0 0 0 0 0 0 0.000252081973 -0.003646036624 0.003654740536 0 
1960 904 0 0 0 0 0 0 0 0 0 0 -0.003414201114 -0.004142487993 0.00536814456 0 
1976 904 0 0 0 0 0 0 0 0 0 0 -0.006435078756 -0.003908900388 0.007529258983 0 
1992 904 0 0 0 0 0 0 0 0 0 0 -0.008810550953 -0.002945273807 0.009289803329 0 
2008 904 0 0 0 0 0 0 0 0 0 0 -0.0068191536 -0.002332078412 0.007206902632 0 
2024 904 0 0 0 0 0 0 0 0 0 0 -0.000460886698 -0.002069314202 0.002120018353 0 
2040 904 0 0 0 0 0 0 0 0 0 0 0.002038685065 -0.001453449073 0.002503747392 0 
2056 904 0 0 0 0 0 0 0 0 0 0 0.000679561688 -0.000484483024 0.000834582464 0 
2072 904 0 0 0 0 0 0 0 0 0 0 0 0 0 0 
2088 904 0 0 0 0 0 0 0 0 0 0 0 0 0 0 
2104 904 0 0 0 0 0 0 0 0 0 0 0 0 0 0 
2120 904 0 0 0 0 0 0 0 0 0 0 0 0 0 0 
2136 904 0 0 0 0 0 0 0 0 0 0 0 0 0 0 
2152 904 0 0 0 0 0 0 0 0 0 0 0 0 0 0 
2168 904 0 0 0 0 0 0 0 0 0 0 0 0 0 0 
2184 904 0 0 0 0 0 0 0 0 0 0 0 0 0 0 
2200 904 0 0 0 0 0 0 0 0 0 0 0 0 0 0 
2216 904 0 0 0 0 0 0 0 0 0 0 0 0 0 0 
2232 904 0 0 0 0 0 0 0 0 0 0 0 0 0 0 
2248 904 0 0 0 0 0 0 0 0 0 0 0 0 0 0 
2264 904 0 0 0 0 0 0 0 0 0 0 0 0 0 0 
2280 904 0 0 0 0 0 0 0 0 0 0 0 0 0 0 
2296 904 0 0 0 0 0 0 0 0 0 0 0 0 0 0 
2312 904 0 0 0 0 0 0 0 0 0 0 0 0 0 0 
2328 904 0 0 0 0 0 0 0 0 0 0 0 0 0 0 
2344 904 0 0 0 0 0 0 0 0 0 0 0 0 0 0 
2360 904 0 0 0 0 0 0 0 0 0 0 0 0 0 0 
2376 904 0 0 0 0 0 0 0 0 0 0 0 0 0 0 
2392 904 0 0 0 0 0 0 0 0 0 0 0 0 0 0 
2408 904 0 0 0 0 0 0 0 0 0 0 0 0 0 0 
2424 904 0 0 0 0 0 0 0 0 0 0 0 0 0 0 
2440 904 0 0 0 0 0 0 0 0 0 0 0 0 0 0 
2456 904 0 0 0 0 0 0 0 0 0 0 0 0 0 0 
2472 904 0 0 0 0 0 0 0 0 0 0 0 0 0 0 
2488 904 0 0 0 0 0 0 0 0 0 0 0 0 0 0 
2504 904 0 0 0 0 0 0 0 0 0 0 0 0 0 0 
2520 904 0 0 0 0 0 0 0 0 0 0 0 0 0 0 
2536 904 0 0 0 0 0 0 0 0 0 0 0 0 0 0 
24 920 0 0 0 0 0 0 0 0 0 0 0 0 0 0 
40 920 0 0 0 0 0 0 0 0 0 0 0 0 0 0 
56 920 0 0 0 0 0 0 0 0 0 0 0 0 0 0 
72 920 0 0 0 0 0 0 0 0 0 0 0 0 0 0 
88 920 0 0 0 0 0 0 0 0 0 0 0 0 0 0 
104 920 0 0 0 0 0 0 0 0 0 0 0 0 0 0 
120 920 0 0 0 0 0 0 0 0 0 0 0 0 0 0 
136 920 0 0 0 0 0 0 0 0 0 0 0 0 0 0 
152 920 0 0 0 0 0 0 0 0 0 0 0 0 0 0 
168 920 0 0 0 0 0 0 0 0 0 0 0 0 0 0 
184 920 0 0 0 0 0 0 0 0 0 0 0 0 0 0 
200 920 0 0 0 0 0 0 0 0 0 0 0 0 0 0 
216 920 0 0 0 0 0 0 0 0 0 0 0 0 0 0 
232 920 0 0 0 0 0 0 0 0 0 0 0 0 0 0 
248 920 0 0 0 0 0 0 0 0 0 0 0 0 0 0 
264 920 0 0 0 0 0 0 0 0 0 0 0 0 0 0 
280 920 0 0 0 0 0 0 0 0 0 0 0 0 0 0 
296 920 0 0 0 0 0 0 0 0 0 0 0 0 0 0 
312 920 0 0 0 0 0 0 0 0 0 0 0 0 0 0 
328 920 0 0 0 0 0 0 0 0 0 0 0 0 0 0 
344 920 0 0 0 0 0 0 0 0 0 0 0 0 0 0 
360 920 0 0 0 0 0 0 0 0 0 0 0 0 0 0 
376 920 0 0 0 0 0 0 0 0 0 0 0 0 0 0 
392 920 0 0 0 0 0 0 0 0 0 0 0 0 0 0 
408 920 0 0 0 0 0 0 0 0 0 0 0 0 0 0 
424 920 0 0 0 0 0 0 0 0 0 0 0 0 0 0 
440 920 0 0 0 0 0 0 0 0 0 0 0 0 0 0 
456 920 0 0 0 0 0 0 0 0 0 0 0 0 0 0 
472 920 0 0 0 0 0 0 0 0 0 0 0 0 0 0 
488 920 0 0 0 0 0 0 0 0 0 0 0 0 0 0 
504 920 0 0 0 0 0 0 0 0 0 0 0 0 0 0 
520 920 0 0 0 0 0 0 0 0 0 0 0 0 0 0 
536 920 0 0 0 0 0 0 0 0 0 0 0 0 0 0 
552 920 0 0 0 0 0 0 0 0 0 0 0 0 0 0 
568 920 0 0 0 0 0 0 0 0 0 0 0 0 0 0 
584 920 0 0 0 0 0 0 0 0 0 0 0 0 0 0 
600 920 0 0 0 0 0 0 0 0 0 0 0 0 0 0 
616 920 0 0 0 0 0 0 0 0 0 0 0 0 0 0 
632 920 0 0 0 0 0 0 0 0 0 0 0 0 0 0 
648 920 0 0 0 0 0 0 0 0 0 0 0 0 0 0 
664 920 0 0 0 0 0 0 0 0 0 0 0 0 0 0 
680 920 0 0 0 0 0 0 0 0 0 0 0 0 0 0 
696 920 0 0 0 0 0 0 0 0 0 0 0 0 0 0 
712 920 0 0 0 0 0 0 0 0 0 0 0 0 0 0 
728 920 0 0 0 0 0 0 0 0 0 0 0 0 0 0 
744 920 0 0 0 0 0 0 0 0 0 0 0 0 0 0 
760 920 0 0 0 0 0 0 0 0 0 0 0 0 0 0 
776 920 0 0 0 0 0 0 0 0 0 0 0 0 0 0 
792 920 0 0 0 0 0 0 0 0 0 0 0 0 0 0 
808 920 0 0 0 0 0 0 0 0 0 0 0 0 0 0 
824 920 0 0 0 0 0 0 0 0 0 0 0 0 0 0 
840 920 0 0 0 0 0 0 0 0 0 0 0 0 0 0 
856 920 0 0 0 0 0 0 0 0 0 0 0 0 0 0 
872 920 0 0 0 0 0 0 0 0 0 0 0 0 0 0 
888 920 0 0 0 0 0 0 0 0 0 0 0 0 0 0 
904 920 0 0 0 0 0 0 0 0 0 0 0 0 0 0 
920 920 0 0 0 0 0 0 0 0 0 0 0 0 0 0 
936 920 0 0 0 0 0 0 0 0 0 0 0 0 0 0 
952 920 0 0 0 0 0 0 0 0 0 0 0 0 0 0 
968 920 0 0 0 0 0 0 0 0 0 0 0 0 0 0 
984 920 0 0 0 0 0 0 0 0 0 0 0 0 0 0 
1000 920 0 0 0 0 0 0 0 0 0 0 0 0 0 0 
1016 920 0 0 0 0 0 0 0 0 0 0 0 0 0 0 
1032 920 0 0 0 0 0 0 0 0 0 0 0 0 0 0 
1048 920 0 0 0 0 0 0 0 0 0 0 0 0 0 0 
1064 920 0 0 0 0 0 0 0 0 0 0 0 0 0 0 
1080 920 0 0 0 0 0 0 0 0 0 0 0 0 0 0 
1096 920 0 0 0 0 0 0 0 0 0 0 0 0 0 0 
1112 920 0 0 0 0 0 0 0 0 0 0 0 0 0 0 
1128 920 0 0 0 0 0 0 0 0 0 0 0 0 0 0 
1144 920 0 0 0 0 0 0 0 0 0 0 0 0 0 0 
1160 920 0 0 0 0 0 0 0 0 0 0 0 0 0 0 
1176 920 0 0 0 0 0 0 0 0 0 0 0 0 0 0 
1192 920 0 0 0 0 0 0 0 0 0 0 0 0 0 0 
1208 920 0 0 0 0 0 0 0 0 0 0 0 0 0 0 
1224 920 0 0 0 0 0 0 0 0 0 0 0 0 0 0 
1240 920 0 0 0 0 0 0 0 0 0 0 0 0 0 0 
1256 920 0 0 0 0 0 0 0 0 0 0 0 0 0 0 
1272 920 0 0 0 0 0 0 0 0 0 0 0 0 0 0 
1288 920 0 0 0 0 0 0 0 0 0 0 0 0 0 0 
1304 920 0 0 0 0 0 0 0 0 0 0 0 0 0 0 
1320 920 0 0 0 0 0 0 0 0 0 0 0 0 0 0 
1336 920 0 0 0 0 0 0 0 0 0 0 0 0 0 0 
1352 920 0 0 0 0 0 0 0 0 0 0 0 0 0 0 
1368 920 0 0 0 0 0 0 0 0 0 0 0 0 0 0 
1384 920 0 0 0 0 0 0 0 0 0 0 0 0 0 0 
1400 920 0 0 0 0 0 0 0 0 0 0 0 0 0 0 
1416 920 0 0 0 0 0 0 0 0 0 0 0 0 0 0 
1432 920 0 0 0 0 0 0 0 0 0 0 0 0 0 0 
1448 920 0 0 0 0 0 0 0 0 0 0 0 0 0 0 
1464 920 0 0 0 0 0 0 0 0 0 0 0 0 0 0 
1480 920 0 0 0 0 0 0 0 0 0 0 0 0 0 0 
1496 920 0 0 0 0 0 0 0 0 0 0 0 0 0 0 
1512 920 0 0 0 0 0 0 0 0 0 0 0 0 0 0 
1528 920 0 0 0 0 0 0 0 0 0 0 0 0 0 0 
1544 920 0 0 0 0 0 0 0 0 0 0 0 0 0 0 
1560 920 0 0 0 0 0 0 0 0 0 0 0 0 0 0 
1576 920 0 0 0 0 0 0 0 0 0 0 0 0 0 0 
1592 920 0 0 0 0 0 0 0 0 0 0 0 0 0 0 
1608 920 0 0 0 0 0 0 0 0 0 0 0 0 0 0 
1624 920 0 0 0 0 0 0 0 0 0 0 0.00081332899 -0.000781246203 0.001127763129 0 
1640 920 0 0 0 0 0 0 0 0 0 0 0.002439986969 -0.00234373861 0.003383289388 0 
1656 920 0 0 0 0 0 0 0 0 0 0 -0.00053988555 -0.001687009873 0.001771292951 0 
1672 920 0 0 0 0 0 0 0 0 0 0 -0.008126288568 0.001188940008 0.008212803677 0 
1688 920 0 0 0 0 0 0 0 0 0 0 -0.01183696901 0.002870134668 0.012179963397 0 
1704 920 0 0 0 0 0 0 0 0 0 0 -0.011671926874 0.003356574106 0.012144977015 0 
1720 920 0 0 0 0 0 0 0 0 0 0 -0.006157361899 0.002304109126 0.006574345931 0 
1736 920 0 0 0 0 0 0 0 0 0 0 0.004706725917 -0.000287260273 0.004715483784 0 
1752 920 0 0 0 0 0 0 0 0 0 0 0.007086408052 -0.003192569816 0.007772366506 0 
1768 920 0 0 0 0 0 0 0 0 0 0 0.000981684507 -0.006411819504 0.006486534808 0 
1784 920 0 0 0 0 0 0 0 0 0 0 -0.001553007949 -0.00601608326 0.006213299565 0 
1800 920 0 0 0 0 0 0 0 0 0 0 -0.000517669316 -0.002005361087 0.002071099855 0 
1816 920 0 0 0 0 0 0 0 0 0 0 0 0 0 0 
1832 920 0 0 0 0 0 0 0 0 0 0 0 0 0 0 
1848 920 0 0 0 0 0 0 0 0 0 0 0 0 0 0 
1864 920 0 0 0 0 0 0 0 0 0 0 0 0 0 0 
1880 920 0 0 0 0 0 0 0 0 0 0 0 0 0 0 
1896 920 0 0 0 0 0 0 0 0 0 0 0 0 0 0 
1912 920 0 0 0 0 0 0 0 0 0 0 0 0 0 0 
1928 920 0 0 0 0 0 0 0 0 0 0 0 0 0 0 
1944 920 0 0 0 0 0 0 0 0 0 0 0 0 0 0 
1960 920 0 0 0 0 0 0 0 0 0 0 0 0 0 0 
1976 920 0 0 0 0 0 0 0 0 0 0 0 0 0 0 
1992 920 0 0 0 0 0 0 0 0 0 0 0 0 0 0 
2008 920 0 0 0 0 0 0 0 0 0 0 0 0 0 0 
2024 920 0 0 0 0 0 0 0 0 0 0 0 0 0 0 
2040 920 0 0 0 0 0 0 0 0 0 0 0 0 0 0 
2056 920 0 0 0 0 0 0 0 0 0 0 0 0 0 0 
2072 920 0 0 0 0 0 0 0 0 0 0 0 0 0 0 
2088 920 0 0 0 0 0 0 0 0 0 0 0 0 0 0 
2104 920 0 0 0 0 0 0 0 0 0 0 0 0 0 0 
2120 920 0 0 0 0 0 0 0 0 0 0 0 0 0 0 
2136 920 0 0 0 0 0 0 0 0 0 0 0 0 0 0 
2152 920 0 0 0 0 0 0 0 0 0 0 0 0 0 0 
2168 920 0 0 0 0 0 0 0 0 0 0 0 0 0 0 
2184 920 0 0 0 0 0 0 0 0 0 0 0 0 0 0 
2200 920 0 0 0 0 0 0 0 0 0 0 0 0 0 0 
2216 920 0 0 0 0 0 0 0 0 0 0 0 0 0 0 
2232 920 0 0 0 0 0 0 0 0 0 0 0 0 0 0 
2248 920 0 0 0 0 0 0 0 0 0 0 0 0 0 0 
2264 920 0 0 0 0 0 0 0 0 0 0 0 0 0 0 
2280 920 0 0 0 0 0 0 0 0 0 0 0 0 0 0 
2296 920 0 0 0 0 0 0 0 0 0 0 0 0 0 0 
2312 920 0 0 0 0 0 0 0 0 0 0 0 0 0 0 
2328 920 0 0 0 0 0 0 0 0 0 0 0 0 0 0 
2344 920 0 0 0 0 0 0 0 0 0 0 0 0 0 0 
2360 920 0 0 0 0 0 0 0 0 0 0 0 0 0 0 
2376 920 0 0 0 0 0 0 0 0 0 0 0 0 0 0 
2392 920 0 0 0 0 0 0 0 0 0 0 0 0 0 0 
2408 920 0 0 0 0 0 0 0 0 0 0 0 0 0 0 
2424 920 0 0 0 0 0 0 0 0 0 0 0 0 0 0 
2440 920 0 0 0 0 0 0 0 0 0 0 0 0 0 0 
2456 920 0 0 0 0 0 0 0 0 0 0 0 0 0 0 
2472 920 0 0 0 0 0 0 0 0 0 0 0 0 0 0 
2488 920 0 0 0 0 0 0 0 0 0 0 0 0 0 0 
2504 920 0 0 0 0 0 0 0 0 0 0 0 0 0 0 
2520 920 0 0 0 0 0 0 0 0 0 0 0 0 0 0 
2536 920 0 0 0 0 0 0 0 0 0 0 0 0 0 0 
24 936 0 0 0 0 0 0 0 0 0 0 0 0 0 0 
40 936 0 0 0 0 0 0 0 0 0 0 0 0 0 0 
56 936 0 0 0 0 0 0 0 0 0 0 0 0 0 0 
72 936 0 0 0 0 0 0 0 0 0 0 0 0 0 0 
88 936 0 0 0 0 0 0 0 0 0 0 0 0 0 0 
104 936 0 0 0 0 0 0 0 0 0 0 0 0 0 0 
120 936 0 0 0 0 0 0 0 0 0 0 0 0 0 0 
136 936 0 0 0 0 0 0 0 0 0 0 0 0 0 0 
152 936 0 0 0 0 0 0 0 0 0 0 0 0 0 0 
168 936 0 0 0 0 0 0 0 0 0 0 0 0 0 0 
184 936 0 0 0 0 0 0 0 0 0 0 0 0 0 0 
200 936 0 0 0 0 0 0 0 0 0 0 0 0 0 0 
216 936 0 0 0 0 0 0 0 0 0 0 0 0 0 0 
232 936 0 0 0 0 0 0 0 0 0 0 0 0 0 0 
248 936 0 0 0 0 0 0 0 0 0 0 0 0 0 0 
264 936 0 0 0 0 0 0 0 0 0 0 0 0 0 0 
280 936 0 0 0 0 0 0 0 0 0 0 0 0 0 0 
296 936 0 0 0 0 0 0 0 0 0 0 0 0 0 0 
312 936 0 0 0 0 0 0 0 0 0 0 0 0 0 0 
328 936 0 0 0 0 0 0 0 0 0 0 0 0 0 0 
344 936 0 0 0 0 0 0 0 0 0 0 0 0 0 0 
360 936 0 0 0 0 0 0 0 0 0 0 0 0 0 0 
376 936 0 0 0 0 0 0 0 0 0 0 0 0 0 0 
392 936 0 0 0 0 0 0 0 0 0 0 0 0 0 0 
408 936 0 0 0 0 0 0 0 0 0 0 0 0 0 0 
424 936 0 0 0 0 0 0 0 0 0 0 0 0 0 0 
440 936 0 0 0 0 0 0 0 0 0 0 0 0 0 0 
456 936 0 0 0 0 0 0 0 0 0 0 0 0 0 0 
472 936 0 0 0 0 0 0 0 0 0 0 0 0 0 0 
488 936 0 0 0 0 0 0 0 0 0 0 0 0 0 0 
504 936 0 0 0 0 0 0 0 0 0 0 0 0 0 0 
520 936 0 0 0 0 0 0 0 0 0 0 0 0 0 0 
536 936 0 0 0 0 0 0 0 0 0 0 0 0 0 0 
552 936 0 0 0 0 0 0 0 0 0 0 0 0 0 0 
568 936 0 0 0 0 0 0 0 0 0 0 0 0 0 0 
584 936 0 0 0 0 0 0 0 0 0 0 0 0 0 0 
600 936 0 0 0 0 0 0 0 0 0 0 0 0 0 0 
616 936 0 0 0 0 0 0 0 0 0 0 0 0 0 0 
632 936 0 0 0 0 0 0 0 0 0 0 0 0 0 0 
648 936 0 0 0 0 0 0 0 0 0 0 0 0 0 0 
664 936 0 0 0 0 0 0 0 0 0 0 0 0 0 0 
680 936 0 0 0 0 0 0 0 0 0 0 0 0 0 0 
696 936 0 0 0 0 0 0 0 0 0 0 0 0 0 0 
712 936 0 0 0 0 0 0 0 0 0 0 0 0 0 0 
728 936 0 0 0 0 0 0 0 0 0 0 0 0 0 0 
744 936 0 0 0 0 0 0 0 0 0 0 0 0 0 0 
760 936 0 0 0 0 0 0 0 0 0 0 0 0 0 0 
776 936 0 0 0 0 0 0 0 0 0 0 0 0 0 0 
792 936 0 0 0 0 0 0 0 0 0 0 0 0 0 0 
808 936 0 0 0 0 0 0 0 0 0 0 0 0 0 0 
824 936 0 0 0 0 0 0 0 0 0 0 0 0 0 0 
840 936 0 0 0 0 0 0 0 0 0 0 0 0 0 0 
856 936 0 0 0 0 0 0 0 0 0 0 0 0 0 0 
872 936 0 0 0 0 0 0 0 0 0 0 0 0 0 0 
888 936 0 0 0 0 0 0 0 0 0 0 0 0 0 0 
904 936 0 0 0 0 0 0 0 0 0 0 0 0 0 0 
920 936 0 0 0 0 0 0 0 0 0 0 0 0 0 0 
936 936 0 0 0 0 0 0 0 0 0 0 0 0 0 0 
952 936 0 0 0 0 0 0 0 0 0 0 0 0 0 0 
968 936 0 0 0 0 0 0 0 0 0 0 0 0 0 0 
984 936 0 0 0 0 0 0 0 0 0 0 0 0 0 0 
1000 936 0 0 0 0 0 0 0 0 0 0 0 0 0 0 
1016 936 0 0 0 0 0 0 0 0 0 0 0 0 0 0 
1032 936 0 0 0 0 0 0 0 0 0 0 0 0 0 0 
1048 936 0 0 0 0 0 0 0 0 0 0 0 0 0 0 
1064 936 0 0 0 0 0 0 0 0 0 0 0 0 0 0 
1080 936 0 0 0 0 0 0 0 0 0 0 0 0 0 0 
1096 936 0 0 0 0 0 0 0 0 0 0 0 0 0 0 
1112 936 0 0 0 0 0 0 0 0 0 0 0 0 0 0 
1128 936 0 0 0 0 0 0 0 0 0 0 0 0 0 0 
1144 936 0 0 0 0 0 0 0 0 0 0 0 0 0 0 
1160 936 0 0 0 0 0 0 0 0 0 0 0 0 0 0 
1176 936 0 0 0 0 0 0 0 0 0 0 0 0 0 0 
1192 936 0 0 0 0 0 0 0 0 0 0 0 0 0 0 
1208 936 0 0 0 0 0 0 0 0 0 0 0 0 0 0 
1224 936 0 0 0 0 0 0 0 0 0 0 0 0 0 0 
1240 936 0 0 0 0 0 0 0 0 0 0 0 0 0 0 
1256 936 0 0 0 0 0 0 0 0 0 0 0 0 0 0 
1272 936 0 0 0 0 0 0 0 0 0 0 0 0 0 0 
1288 936 0 0 0 0 0 0 0 0 0 0 0 0 0 0 
1304 936 0 0 0 0 0 0 0 0 0 0 0 0 0 0 
1320 936 0 0 0 0 0 0 0 0 0 0 0 0 0 0 
1336 936 0 0 0 0 0 0 0 0 0 0 0 0 0 0 
1352 936 0 0 0 0 0 0 0 0 0 0 0 0 0 0 
1368 936 0 0 0 0 0 0 0 0 0 0 0 0 0 0 
1384 936 0 0 0 0 0 0 0 0 0 0 0 0 0 0 
1400 936 0 0 0 0 0 0 0 0 0 0 0 0 0 0 
1416 936 0 0 0 0 0 0 0 0 0 0 0 0 0 0 
1432 936 0 0 0 0 0 0 0 0 0 0 0 0 0 0 
1448 936 0 0 0 0 0 0 0 0 0 0 0 0 0 0 
1464 936 0 0 0 0 0 0 0 0 0 0 0 0 0 0 
1480 936 0 0 0 0 0 0 0 0 0 0 0 0 0 0 
1496 936 0 0 0 0 0 0 0 0 0 0 0 0 0 0 
1512 936 0 0 0 0 0 0 0 0 0 0 0 0 0 0 
1528 936 0 0 0 0 0 0 0 0 0 0 0 0 0 0 
1544 936 0 0 0 0 0 0 0 0 0 0 0 0 0 0 
1560 936 0 0 0 0 0 0 0 0 0 0 0 0 0 0 
1576 936 0 0 0 0 0 0 0 0 0 0 0 0 0 0 
1592 936 0 0 0 0 0 0 0 0 0 0 0 0 0 0 
1608 936 0 0 0 0 0 0 0 0 0 0 0 0 0 0 
1624 936 0 0 0 0 0 0 0 0 0 0 0.000271109663 -0.000260415401 0.000375921043 0 
1640 936 0 0 0 0 0 0 0 0 0 0 0.00081332899 -0.000781246203 0.001127763129 0 
1656 936 0 0 0 0 0 0 0 0 0 0 -0.00017996185 -0.000562336624 0.000590430984 0 
1672 936 0 0 0 0 0 0 0 0 0 0 -0.002708762856 0.000396313336 0.002737601226 0 
1688 936 0 0 0 0 0 0 0 0 0 0 -0.003945656337 0.000956711556 0.004059987799 0 
1704 936 0 0 0 0 0 0 0 0 0 0 -0.003890642291 0.001118858035 0.004048325672 0 
1720 936 0 0 0 0 0 0 0 0 0 0 -0.002052453966 0.000768036375 0.002191448644 0 
1736 936 0 0 0 0 0 0 0 0 0 0 0.001568908639 -0.000095753424 0.001571827928 0 
1752 936 0 0 0 0 0 0 0 0 0 0 0.002362136017 -0.001064189939 0.002590788835 0 
1768 936 0 0 0 0 0 0 0 0 0 0 0.000327228169 -0.002137273168 0.002162178269 0 
1784 936 0 0 0 0 0 0 0 0 0 0 -0.000517669316 -0.002005361087 0.002071099855 0 
1800 936 0 0 0 0 0 0 0 0 0 0 -0.000172556439 -0.000668453696 0.000690366618 0 
1816 936 0 0 0 0 0 0 0 0 0 0 0 0 0 0 
1832 936 0 0 0 0 0 0 0 0 0 0 0 0 0 0 
1848 936 0 0 0 0 0 0 0 0 0 0 0 0 0 0 
1864 936 0 0 0 0 0 0 0 0 0 0 0 0 0 0 
1880 936 0 0 0 0 0 0 0 0 0 0 0 0 0 0 
1896 936 0 0 0 0 0 0 0 0 0 0 0 0 0 0 
1912 936 0 0 0 0 0 0 0 0 0 0 0 0 0 0 
1928 936 0 0 0 0 0 0 0 0 0 0 0 0 0 0 
1944 936 0 0 0 0 0 0 0 0 0 0 0 0 0 0 
1960 936 0 0 0 0 0 0 0 0 0 0 0 0 0 0 
1976 936 0 0 0 0 0 0 0 0 0 0 0 0 0 0 
1992 936 0 0 0 0 0 0 0 0 0 0 0 0 0 0 
2008 936 0 0 0 0 0 0 0 0 0 0 0 0 0 0 
2024 936 0 0 0 0 0 0 0 0 0 0 0 0 0 0 
2040 936 0 0 0 0 0 0 0 0 0 0 0 0 0 0 
2056 936 0 0 0 0 0 0 0 0 0 0 0 0 0 0 
2072 936 0 0 0 0 0 0 0 0 0 0 0 0 0 0 
2088 936 0 0 0 0 0 0 0 0 0 0 0 0 0 0 
2104 936 0 0 0 0 0 0 0 0 0 0 0 0 0 0 
2120 936 0 0 0 0 0 0 0 0 0 0 0 0 0 0 
2136 936 0 0 0 0 0 0 0 0 0 0 0 0 0 0 
2152 936 0 0 0 0 0 0 0 0 0 0 0 0 0 0 
2168 936 0 0 0 0 0 0 0 0 0 0 0 0 0 0 
2184 936 0 0 0 0 0 0 0 0 0 0 0 0 0 0 
2200 936 0 0 0 0 0 0 0 0 0 0 0 0 0 0 
2216 936 0 0 0 0 0 0 0 0 0 0 0 0 0 0 
2232 936 0 0 0 0 0 0 0 0 0 0 0 0 0 0 
2248 936 0 0 0 0 0 0 0 0 0 0 0 0 0 0 
2264 936 0 0 0 0 0 0 0 0 0 0 0 0 0 0 
2280 936 0 0 0 0 0 0 0 0 0 0 0 0 0 0 
2296 936 0 0 0 0 0 0 0 0 0 0 0 0 0 0 
2312 936 0 0 0 0 0 0 0 0 0 0 0 0 0 0 
2328 936 0 0 0 0 0 0 0 0 0 0 0 0 0 0 
2344 936 0 0 0 0 0 0 0 0 0 0 0 0 0 0 
2360 936 0 0 0 0 0 0 0 0 0 0 0 0 0 0 
2376 936 0 0 0 0 0 0 0 0 0 0 0 0 0 0 
2392 936 0 0 0 0 0 0 0 0 0 0 0 0 0 0 
2408 936 0 0 0 0 0 0 0 0 0 0 0 0 0 0 
2424 936 0 0 0 0 0 0 0 0 0 0 0 0 0 0 
2440 936 0 0 0 0 0 0 0 0 0 0 0 0 0 0 
2456 936 0 0 0 0 0 0 0 0 0 0 0 0 0 0 
2472 936 0 0 0 0 0 0 0 0 0 0 0 0 0 0 
2488 936 0 0 0 0 0 0 0 0 0 0 0 0 0 0 
2504 936 0 0 0 0 0 0 0 0 0 0 0 0 0 0 
2520 936 0 0 0 0 0 0 0 0 0 0 0 0 0 0 
2536 936 0 0 0 0 0 0 0 0 0 0 0 0 0 0 
24 952 0 0 0 0 0 0 0 0 0 0 0 0 0 0 
40 952 0 0 0 0 0 0 0 0 0 0 0 0 0 0 
56 952 0 0 0 0 0 0 0 0 0 0 0 0 0 0 
72 952 0 0 0 0 0 0 0 0 0 0 0 0 0 0 
88 952 0 0 0 0 0 0 0 0 0 0 0 0 0 0 
104 952 0 0 0 0 0 0 0 0 0 0 0 0 0 0 
120 952 0 0 0 0 0 0 0 0 0 0 0 0 0 0 
136 952 0 0 0 0 0 0 0 0 0 0 0 0 0 0 
152 952 0 0 0 0 0 0 0 0 0 0 0 0 0 0 
168 952 0 0 0 0 0 0 0 0 0 0 0 0 0 0 
184 952 0 0 0 0 0 0 0 0 0 0 0 0 0 0 
200 952 0 0 0 0 0 0 0 0 0 0 0 0 0 0 
216 952 0 0 0 0 0 0 0 0 0 0 0 0 0 0 
232 952 0 0 0 0 0 0 0 0 0 0 0 0 0 0 
248 952 0 0 0 0 0 0 0 0 0 0 0 0 0 0 
264 952 0 0 0 0 0 0 0 0 0 0 0 0 0 0 
280 952 0 0 0 0 0 0 0 0 0 0 0 0 0 0 
296 952 0 0 0 0 0 0 0 0 0 0 0 0 0 0 
312 952 0 0 0 0 0 0 0 0 0 0 0 0 0 0 
328 952 0 0 0 0 0 0 0 0 0 0 0 0 0 0 
344 952 0 0 0 0 0 0 0 0 0 0 0 0 0 0 
360 952 0 0 0 0 0 0 0 0 0 0 0 0 0 0 
376 952 0 0 0 0 0 0 0 0 0 0 0 0 0 0 
392 952 0 0 0 0 0 0 0 0 0 0 0 0 0 0 
408 952 0 0 0 0 0 0 0 0 0 0 0 0 0 0 
424 952 0 0 0 0 0 0 0 0 0 0 0 0 0 0 
440 952 0 0 0 0 0 0 0 0 0 0 0 0 0 0 
456 952 0 0 0 0 0 0 0 0 0 0 0 0 0 0 
472 952 0 0 0 0 0 0 0 0 0 0 0 0 0 0 
488 952 0 0 0 0 0 0 0 0 0 0 0 0 0 0 
504 952 0 0 0 0 0 0 0 0 0 0 0 0 0 0 
520 952 0 0 0 0 0 0 0 0 0 0 0 0 0 0 
536 952 0 0 0 0 0 0 0 0 0 0 0 0 0 0 
552 952 0 0 0 0 0 0 0 0 0 0 0 0 0 0 
568 952 0 0 0 0 0 0 0 0 0 0 0 0 0 0 
584 952 0 0 0 0 0 0 0 0 0 0 0 0 0 0 
600 952 0 0 0 0 0 0 0 0 0 0 0 0 0 0 
616 952 0 0 0 0 0 0 0 0 0 0 0 0 0 0 
632 952 0 0 0 0 0 0 0 0 0 0 0 0 0 0 
648 952 0 0 0 0 0 0 0 0 0 0 0 0 0 0 
664 952 0 0 0 0 0 0 0 0 0 0 0 0 0 0 
680 952 0 0 0 0 0 0 0 0 0 0 0 0 0 0 
696 952 0 0 0 0 0 0 0 0 0 0 0 0 0 0 
712 952 0 0 0 0 0 0 0 0 0 0 0 0 0 0 
728 952 0 0 0 0 0 0 0 0 0 0 0 0 0 0 
744 952 0 0 0 0 0 0 0 0 0 0 0 0 0 0 
760 952 0 0 0 0 0 0 0 0 0 0 0 0 0 0 
776 952 0 0 0 0 0 0 0 0 0 0 0 0 0 0 
792 952 0 0 0 0 0 0 0 0 0 0 0 0 0 0 
808 952 0 0 0 0 0 0 0 0 0 0 0 0 0 0 
824 952 0 0 0 0 0 0 0 0 0 0 0 0 0 0 
840 952 0 0 0 0 0 0 0 0 0 0 0 0 0 0 
856 952 0 0 0 0 0 0 0 0 0 0 0 0 0 0 
872 952 0 0 0 0 0 0 0 0 0 0 0 0 0 0 
888 952 0 0 0 0 0 0 0 0 0 0 0 0 0 0 
904 952 0 0 0 0 0 0 0 0 0 0 0 0 0 0 
920 952 0 0 0 0 0 0 0 0 0 0 0 0 0 0 
936 952 0 0 0 0 0 0 0 0 0 0 0 0 0 0 
952 952 0 0 0 0 0 0 0 0 0 0 0 0 0 0 
968 952 0 0 0 0 0 0 0 0 0 0 0 0 0 0 
984 952 0 0 0 0 0 0 0 0 0 0 0 0 0 0 
1000 952 0 0 0 0 0 0 0 0 0 0 0 0 0 0 
1016 952 0 0 0 0 0 0 0 0 0 0 0 0 0 0 
1032 952 0 0 0 0 0 0 0 0 0 0 0 0 0 0 
1048 952 0 0 0 0 0 0 0 0 0 0 0 0 0 0 
1064 952 0 0 0 0 0 0 0 0 0 0 0 0 0 0 
1080 952 0 0 0 0 0 0 0 0 0 0 0 0 0 0 
1096 952 0 0 0 0 0 0 0 0 0 0 0 0 0 0 
1112 952 0 0 0 0 0 0 0 0 0 0 0 0 0 0 
1128 952 0 0 0 0 0 0 0 0 0 0 0 0 0 0 
1144 952 0 0 0 0 0 0 0 0 0 0 0 0 0 0 
1160 952 0 0 0 0 0 0 0 0 0 0 0 0 0 0 
1176 952 0 0 0 0 0 0 0 0 0 0 0 0 0 0 
1192 952 0 0 0 0 0 0 0 0 0 0 0 0 0 0 
1208 952 0 0 0 0 0 0 0 0 0 0 0 0 0 0 
1224 952 0 0 0 0 0 0 0 0 0 0 0 0 0 0 
1240 952 0 0 0 0 0 0 0 0 0 0 0 0 0 0 
1256 952 0 0 0 0 0 0 0 0 0 0 0 0 0 0 
1272 952 0 0 0 0 0 0 0 0 0 0 0 0 0 0 
1288 952 0 0 0 0 0 0 0 0 0 0 0 0 0 0 
1304 952 0 0 0 0 0 0 0 0 0 0 0 0 0 0 
1320 952 0 0 0 0 0 0 0 0 0 0 0 0 0 0 
1336 952 0 0 0 0 0 0 0 0 0 0 0 0 0 0 
1352 952 0 0 0 0 0 0 0 0 0 0 0 0 0 0 
1368 952 0 0 0 0 0 0 0 0 0 0 0 0 0 0 
1384 952 0 0 0 0 0 0 0 0 0 0 0 0 0 0 
1400 952 0 0 0 0 0 0 0 0 0 0 0 0 0 0 
1416 952 0 0 0 0 0 0 0 0 0 0 0 0 0 0 
1432 952 0 0 0 0 0 0 0 0 0 0 0 0 0 0 
1448 952 0 0 0 0 0 0 0 0 0 0 0 0 0 0 
1464 952 0 0 0 0 0 0 0 0 0 0 0 0 0 0 
1480 952 0 0 0 0 0 0 0 0 0 0 0 0 0 0 
1496 952 0 0 0 0 0 0 0 0 0 0 0 0 0 0 
1512 952 0 0 0 0 0 0 0 0 0 0 0 0 0 0 
1528 952 0 0 0 0 0 0 0 0 0 0 0 0 0 0 
1544 952 0 0 0 0 0 0 0 0 0 0 0 0 0 0 
1560 952 0 0 0 0 0 0 0 0 0 0 0 0 0 0 
1576 952 0 0 0 0 0 0 0 0 0 0 0 0 0 0 
1592 952 0 0 0 0 0 0 0 0 0 0 0 0 0 0 
1608 952 0 0 0 0 0 0 0 0 0 0 0 0 0 0 
1624 952 0 0 0 0 0 0 0 0 0 0 0 0 0 0 
1640 952 0 0 0 0 0 0 0 0 0 0 0 0 0 0 
1656 952 0 0 0 0 0 0 0 0 0 0 0 0 0 0 
1672 952 0 0 0 0 0 0 0 0 0 0 0 0 0 0 
1688 952 0 0 0 0 0 0 0 0 0 0 0 0 0 0 
1704 952 0 0 0 0 0 0 0 0 0 0 0 0 0 0 
1720 952 0 0 0 0 0 0 0 0 0 0 0 0 0 0 
1736 952 0 0 0 0 0 0 0 0 0 0 0 0 0 0 
1752 952 0 0 0 0 0 0 0 0 0 0 0 0 0 0 
1768 952 0 0 0 0 0 0 0 0 0 0 0 0 0 0 
1784 952 0 0 0 0 0 0 0 0 0 0 0 0 0 0 
1800 952 0 0 0 0 0 0 0 0 0 0 0 0 0 0 
1816 952 0 0 0 0 0 0 0 0 0 0 0 0 0 0 
1832 952 0 0 0 0 0 0 0 0 0 0 0 0 0 0 
1848 952 0 0 0 0 0 0 0 0 0 0 0 0 0 0 
1864 952 0 0 0 0 0 0 0 0 0 0 0 0 0 0 
1880 952 0 0 0 0 0 0 0 0 0 0 0 0 0 0 
1896 952 0 0 0 0 0 0 0 0 0 0 0 0 0 0 
1912 952 0 0 0 0 0 0 0 0 0 0 0 0 0 0 
1928 952 0 0 0 0 0 0 0 0 0 0 0 0 0 0 
1944 952 0 0 0 0 0 0 0 0 0 0 0 0 0 0 
1960 952 0 0 0 0 0 0 0 0 0 0 0 0 0 0 
1976 952 0 0 0 0 0 0 0 0 0 0 0 0 0 0 
1992 952 0 0 0 0 0 0 0 0 0 0 0 0 0 0 
2008 952 0 0 0 0 0 0 0 0 0 0 0 0 0 0 
2024 952 0 0 0 0 0 0 0 0 0 0 0 0 0 0 
2040 952 0 0 0 0 0 0 0 0 0 0 0 0 0 0 
2056 952 0 0 0 0 0 0 0 0 0 0 0 0 0 0 
2072 952 0 0 0 0 0 0 0 0 0 0 0 0 0 0 
2088 952 0 0 0 0 0 0 0 0 0 0 0 0 0 0 
2104 952 0 0 0 0 0 0 0 0 0 0 0 0 0 0 
2120 952 0 0 0 0 0 0 0 0 0 0 0 0 0 0 
2136 952 0 0 0 0 0 0 0 0 0 0 0 0 0 0 
2152 952 0 0 0 0 0 0 0 0 0 0 0 0 0 0 
2168 952 0 0 0 0 0 0 0 0 0 0 0 0 0 0 
2184 952 0 0 0 0 0 0 0 0 0 0 0 0 0 0 
2200 952 0 0 0 0 0 0 0 0 0 0 0 0 0 0 
2216 952 0 0 0 0 0 0 0 0 0 0 0 0 0 0 
2232 952 0 0 0 0 0 0 0 0 0 0 0 0 0 0 
2248 952 0 0 0 0 0 0 0 0 0 0 0 0 0 0 
2264 952 0 0 0 0 0 0 0 0 0 0 0 0 0 0 
2280 952 0 0 0 0 0 0 0 0 0 0 0 0 0 0 
2296 952 0 0 0 0 0 0 0 0 0 0 0 0 0 0 
2312 952 0 0 0 0 0 0 0 0 0 0 0 0 0 0 
2328 952 0 0 0 0 0 0 0 0 0 0 0 0 0 0 
2344 952 0 0 0 0 0 0 0 0 0 0 0 0 0 0 
2360 952 0 0 0 0 0 0 0 0 0 0 0 0 0 0 
2376 952 0 0 0 0 0 0 0 0 0 0 0 0 0 0 
2392 952 0 0 0 0 0 0 0 0 0 0 0 0 0 0 
2408 952 0 0 0 0 0 0 0 0 0 0 0 0 0 0 
2424 952 0 0 0 0 0 0 0 0 0 0 0 0 0 0 
2440 952 0 0 0 0 0 0 0 0 0 0 0 0 0 0 
2456 952 0 0 0 0 0 0 0 0 0 0 0 0 0 0 
2472 952 0 0 0 0 0 0 0 0 0 0 0 0 0 0 
2488 952 0 0 0 0 0 0 0 0 0 0 0 0 0 0 
2504 952 0 0 0 0 0 0 0 0 0 0 0 0 0 0 
2520 952 0 0 0 0 0 0 0 0 0 0 0 0 0 0 
2536 952 0 0 0 0 0 0 0 0 0 0 0 0 0 0 
24 968 0 0 0 0 0 0 0 0 0 0 0 0 0 0 
40 968 0 0 0 0 0 0 0 0 0 0 0 0 0 0 
56 968 0 0 0 0 0 0 0 0 0 0 0 0 0 0 
72 968 0 0 0 0 0 0 0 0 0 0 0 0 0 0 
88 968 0 0 0 0 0 0 0 0 0 0 0 0 0 0 
104 968 0 0 0 0 0 0 0 0 0 0 0 0 0 0 
120 968 0 0 0 0 0 0 0 0 0 0 0 0 0 0 
136 968 0 0 0 0 0 0 0 0 0 0 0 0 0 0 
152 968 0 0 0 0 0 0 0 0 0 0 0 0 0 0 
168 968 0 0 0 0 0 0 0 0 0 0 0 0 0 0 
184 968 0 0 0 0 0 0 0 0 0 0 0 0 0 0 
200 968 0 0 0 0 0 0 0 0 0 0 0 0 0 0 
216 968 0 0 0 0 0 0 0 0 0 0 0 0 0 0 
232 968 0 0 0 0 0 0 0 0 0 0 0 0 0 0 
248 968 0 0 0 0 0 0 0 0 0 0 0 0 0 0 
264 968 0 0 0 0 0 0 0 0 0 0 0 0 0 0 
280 968 0 0 0 0 0 0 0 0 0 0 0 0 0 0 
296 968 0 0 0 0 0 0 0 0 0 0 0 0 0 0 
312 968 0 0 0 0 0 0 0 0 0 0 0 0 0 0 
328 968 0 0 0 0 0 0 0 0 0 0 0 0 0 0 
344 968 0 0 0 0 0 0 0 0 0 0 0 0 0 0 
360 968 0 0 0 0 0 0 0 0 0 0 0 0 0 0 
376 968 0 0 0 0 0 0 0 0 0 0 0 0 0 0 
392 968 0 0 0 0 0 0 0 0 0 0 0 0 0 0 
408 968 0 0 0 0 0 0 0 0 0 0 0 0 0 0 
424 968 0 0 0 0 0 0 0 0 0 0 0 0 0 0 
440 968 0 0 0 0 0 0 0 0 0 0 0 0 0 0 
456 968 0 0 0 0 0 0 0 0 0 0 0 0 0 0 
472 968 0 0 0 0 0 0 0 0 0 0 0 0 0 0 
488 968 0 0 0 0 0 0 0 0 0 0 0 0 0 0 
504 968 0 0 0 0 0 0 0 0 0 0 0 0 0 0 
520 968 0 0 0 0 0 0 0 0 0 0 0 0 0 0 
536 968 0 0 0 0 0 0 0 0 0 0 0 0 0 0 
552 968 0 0 0 0 0 0 0 0 0 0 0 0 0 0 
568 968 0 0 0 0 0 0 0 0 0 0 0 0 0 0 
584 968 0 0 0 0 0 0 0 0 0 0 0 0 0 0 
600 968 0 0 0 0 0 0 0 0 0 0 0 0 0 0 
616 968 0 0 0 0 0 0 0 0 0 0 0 0 0 0 
632 968 0 0 0 0 0 0 0 0 0 0 0 0 0 0 
648 968 0 0 0 0 0 0 0 0 0 0 0 0 0 0 
664 968 0 0 0 0 0 0 0 0 0 0 0 0 0 0 
680 968 0 0 0 0 0 0 0 0 0 0 0 0 0 0 
696 968 0 0 0 0 0 0 0 0 0 0 0 0 0 0 
712 968 0 0 0 0 0 0 0 0 0 0 0 0 0 0 
728 968 0 0 0 0 0 0 0 0 0 0 0 0 0 0 
744 968 0 0 0 0 0 0 0 0 0 0 0 0 0 0 
760 968 0 0 0 0 0 0 0 0 0 0 0 0 0 0 
776 968 0 0 0 0 0 0 0 0 0 0 0 0 0 0 
792 968 0 0 0 0 0 0 0 0 0 0 0 0 0 0 
808 968 0 0 0 0 0 0 0 0 0 0 0 0 0 0 
824 968 0 0 0 0 0 0 0 0 0 0 0 0 0 0 
840 968 0 0 0 0 0 0 0 0 0 0 0 0 0 0 
856 968 0 0 0 0 0 0 0 0 0 0 0 0 0 0 
872 968 0 0 0 0 0 0 0 0 0 0 0 0 0 0 
888 968 0 0 0 0 0 0 0 0 0 0 0 0 0 0 
904 968 0 0 0 0 0 0 0 0 0 0 0 0 0 0 
920 968 0 0 0 0 0 0 0 0 0 0 0 0 0 0 
936 968 0 0 0 0 0 0 0 0 0 0 0 0 0 0 
952 968 0 0 0 0 0 0 0 0 0 0 0 0 0 0 
968 968 0 0 0 0 0 0 0 0 0 0 0 0 0 0 
984 968 0 0 0 0 0 0 0 0 0 0 0 0 0 0 
1000 968 0 0 0 0 0 0 0 0 0 0 0 0 0 0 
1016 968 0 0 0 0 0 0 0 0 0 0 0 0 0 0 
1032 968 0 0 0 0 0 0 0 0 0 0 0 0 0 0 
1048 968 0 0 0 0 0 0 0 0 0 0 0 0 0 0 
1064 968 0 0 0 0 0 0 0 0 0 0 0 0 0 0 
1080 968 0 0 0 0 0 0 0 0 0 0 0 0 0 0 
1096 968 0 0 0 0 0 0 0 0 0 0 0 0 0 0 
1112 968 0 0 0 0 0 0 0 0 0 0 0 0 0 0 
1128 968 0 0 0 0 0 0 0 0 0 0 0 0 0 0 
1144 968 0 0 0 0 0 0 0 0 0 0 0 0 0 0 
1160 968 0 0 0 0 0 0 0 0 0 0 0 0 0 0 
1176 968 0 0 0 0 0 0 0 0 0 0 0 0 0 0 
1192 968 0 0 0 0 0 0 0 0 0 0 0 0 0 0 
1208 968 0 0 0 0 0 0 0 0 0 0 0 0 0 0 
1224 968 0 0 0 0 0 0 0 0 0 0 0 0 0 0 
1240 968 0 0 0 0 0 0 0 0 0 0 0 0 0 0 
1256 968 0 0 0 0 0 0 0 0 0 0 0 0 0 0 
1272 968 0 0 0 0 0 0 0 0 0 0 0 0 0 0 
1288 968 0 0 0 0 0 0 0 0 0 0 0 0 0 0 
1304 968 0 0 0 0 0 0 0 0 0 0 0 0 0 0 
1320 968 0 0 0 0 0 0 0 0 0 0 0 0 0 0 
1336 968 0 0 0 0 0 0 0 0 0 0 0 0 0 0 
1352 968 0 0 0 0 0 0 0 0 0 0 0 0 0 0 
1368 968 0 0 0 0 0 0 0 0 0 0 0 0 0 0 
1384 968 0 0 0 0 0 0 0 0 0 0 0 0 0 0 
1400 968 0 0 0 0 0 0 0 0 0 0 0 0 0 0 
1416 968 0 0 0 0 0 0 0 0 0 0 0 0 0 0 
1432 968 0 0 0 0 0 0 0 0 0 0 0 0 0 0 
1448 968 0 0 0 0 0 0 0 0 0 0 0 0 0 0 
1464 968 0 0 0 0 0 0 0 0 0 0 0 0 0 0 
1480 968 0 0 0 0 0 0 0 0 0 0 0 0 0 0 
1496 968 0 0 0 0 0 0 0 0 0 0 0 0 0 0 
1512 968 0 0 0 0 0 0 0 0 0 0 0 0 0 0 
1528 968 0 0 0 0 0 0 0 0 0 0 0 0 0 0 
1544 968 0 0 0 0 0 0 0 0 0 0 0 0 0 0 
1560 968 0 0 0 0 0 0 0 0 0 0 0 0 0 0 
1576 968 0 0 0 0 0 0 0 0 0 0 0 0 0 0 
1592 968 0 0 0 0 0 0 0 0 0 0 0 0 0 0 
1608 968 0 0 0 0 0 0 0 0 0 0 0 0 0 0 
1624 968 0 0 0 0 0 0 0 0 0 0 0 0 0 0 
1640 968 0 0 0 0 0 0 0 0 0 0 0 0 0 0 
1656 968 0 0 0 0 0 0 0 0 0 0 0 0 0 0 
1672 968 0 0 0 0 0 0 0 0 0 0 0 0 0 0 
1688 968 0 0 0 0 0 0 0 0 0 0 0 0 0 0 
1704 968 0 0 0 0 0 0 0 0 0 0 0 0 0 0 
1720 968 0 0 0 0 0 0 0 0 0 0 0 0 0 0 
1736 968 0 0 0 0 0 0 0 0 0 0 0 0 0 0 
1752 968 0 0 0 0 0 0 0 0 0 0 0 0 0 0 
1768 968 0 0 0 0 0 0 0 0 0 0 0 0 0 0 
1784 968 0 0 0 0 0 0 0 0 0 0 0 0 0 0 
1800 968 0 0 0 0 0 0 0 0 0 0 0 0 0 0 
1816 968 0 0 0 0 0 0 0 0 0 0 0 0 0 0 
1832 968 0 0 0 0 0 0 0 0 0 0 0 0 0 0 
1848 968 0 0 0 0 0 0 0 0 0 0 0 0 0 0 
1864 968 0 0 0 0 0 0 0 0 0 0 0 0 0 0 
1880 968 0 0 0 0 0 0 0 0 0 0 0 0 0 0 
1896 968 0 0 0 0 0 0 0 0 0 0 0 0 0 0 
1912 968 0 0 0 0 0 0 0 0 0 0 0 0 0 0 
1928 968 0 0 0 0 0 0 0 0 0 0 0 0 0 0 
1944 968 0 0 0 0 0 0 0 0 0 0 0 0 0 0 
1960 968 0 0 0 0 0 0 0 0 0 0 0 0 0 0 
1976 968 0 0 0 0 0 0 0 0 0 0 0 0 0 0 
1992 968 0 0 0 0 0 0 0 0 0 0 0 0 0 0 
2008 968 0 0 0 0 0 0 0 0 0 0 0 0 0 0 
2024 968 0 0 0 0 0 0 0 0 0 0 0 0 0 0 
2040 968 0 0 0 0 0 0 0 0 0 0 0 0 0 0 
2056 968 0 0 0 0 0 0 0 0 0 0 0 0 0 0 
2072 968 0 0 0 0 0 0 0 0 0 0 0 0 0 0 
2088 968 0 0 0 0 0 0 0 0 0 0 0 0 0 0 
2104 968 0 0 0 0 0 0 0 0 0 0 0 0 0 0 
2120 968 0 0 0 0 0 0 0 0 0 0 0 0 0 0 
2136 968 0 0 0 0 0 0 0 0 0 0 0 0 0 0 
2152 968 0 0 0 0 0 0 0 0 0 0 0 0 0 0 
2168 968 0 0 0 0 0 0 0 0 0 0 0 0 0 0 
2184 968 0 0 0 0 0 0 0 0 0 0 0 0 0 0 
2200 968 0 0 0 0 0 0 0 0 0 0 0 0 0 0 
2216 968 0 0 0 0 0 0 0 0 0 0 0 0 0 0 
2232 968 0 0 0 0 0 0 0 0 0 0 0 0 0 0 
2248 968 0 0 0 0 0 0 0 0 0 0 0 0 0 0 
2264 968 0 0 0 0 0 0 0 0 0 0 0 0 0 0 
2280 968 0 0 0 0 0 0 0 0 0 0 0 0 0 0 
2296 968 0 0 0 0 0 0 0 0 0 0 0 0 0 0 
2312 968 0 0 0 0 0 0 0 0 0 0 0 0 0 0 
2328 968 0 0 0 0 0 0 0 0 0 0 0 0 0 0 
2344 968 0 0 0 0 0 0 0 0 0 0 0 0 0 0 
2360 968 0 0 0 0 0 0 0 0 0 0 0 0 0 0 
2376 968 0 0 0 0 0 0 0 0 0 0 0 0 0 0 
2392 968 0 0 0 0 0 0 0 0 0 0 0 0 0 0 
2408 968 0 0 0 0 0 0 0 0 0 0 0 0 0 0 
2424 968 0 0 0 0 0 0 0 0 0 0 0 0 0 0 
2440 968 0 0 0 0 0 0 0 0 0 0 0 0 0 0 
2456 968 0 0 0 0 0 0 0 0 0 0 0 0 0 0 
2472 968 0 0 0 0 0 0 0 0 0 0 0 0 0 0 
2488 968 0 0 0 0 0 0 0 0 0 0 0 0 0 0 
2504 968 0 0 0 0 0 0 0 0 0 0 0 0 0 0 
2520 968 0 0 0 0 0 0 0 0 0 0 0 0 0 0 
2536 968 0 0 0 0 0 0 0 0 0 0 0 0 0 0 
24 984 0 0 0 0 0 0 0 0 0 0 0 0 0 0 
40 984 0 0 0 0 0 0 0 0 0 0 0 0 0 0 
56 984 0 0 0 0 0 0 0 0 0 0 0 0 0 0 
72 984 0 0 0 0 0 0 0 0 0 0 0 0 0 0 
88 984 0 0 0 0 0 0 0 0 0 0 0 0 0 0 
104 984 0 0 0 0 0 0 0 0 0 0 0 0 0 0 
120 984 0 0 0 0 0 0 0 0 0 0 0 0 0 0 
136 984 0 0 0 0 0 0 0 0 0 0 0 0 0 0 
152 984 0 0 0 0 0 0 0 0 0 0 0 0 0 0 
168 984 0 0 0 0 0 0 0 0 0 0 0 0 0 0 
184 984 0 0 0 0 0 0 0 0 0 0 0 0 0 0 
200 984 0 0 0 0 0 0 0 0 0 0 0 0 0 0 
216 984 0 0 0 0 0 0 0 0 0 0 0 0 0 0 
232 984 0 0 0 0 0 0 0 0 0 0 0 0 0 0 
248 984 0 0 0 0 0 0 0 0 0 0 0 0 0 0 
264 984 0 0 0 0 0 0 0 0 0 0 0 0 0 0 
280 984 0 0 0 0 0 0 0 0 0 0 0 0 0 0 
296 984 0 0 0 0 0 0 0 0 0 0 0 0 0 0 
312 984 0 0 0 0 0 0 0 0 0 0 0 0 0 0 
328 984 0 0 0 0 0 0 0 0 0 0 0 0 0 0 
344 984 0 0 0 0 0 0 0 0 0 0 0 0 0 0 
360 984 0 0 0 0 0 0 0 0 0 0 0 0 0 0 
376 984 0 0 0 0 0 0 0 0 0 0 0 0 0 0 
392 984 0 0 0 0 0 0 0 0 0 0 0 0 0 0 
408 984 0 0 0 0 0 0 0 0 0 0 0 0 0 0 
424 984 0 0 0 0 0 0 0 0 0 0 0 0 0 0 
440 984 0 0 0 0 0 0 0 0 0 0 0 0 0 0 
456 984 0 0 0 0 0 0 0 0 0 0 0 0 0 0 
472 984 0 0 0 0 0 0 0 0 0 0 0 0 0 0 
488 984 0 0 0 0 0 0 0 0 0 0 0 0 0 0 
504 984 0 0 0 0 0 0 0 0 0 0 0 0 0 0 
520 984 0 0 0 0 0 0 0 0 0 0 0 0 0 0 
536 984 0 0 0 0 0 0 0 0 0 0 0 0 0 0 
552 984 0 0 0 0 0 0 0 0 0 0 0 0 0 0 
568 984 0 0 0 0 0 0 0 0 0 0 0 0 0 0 
584 984 0 0 0 0 0 0 0 0 0 0 0 0 0 0 
600 984 0 0 0 0 0 0 0 0 0 0 0 0 0 0 
616 984 0 0 0 0 0 0 0 0 0 0 0 0 0 0 
632 984 0 0 0 0 0 0 0 0 0 0 0 0 0 0 
648 984 0 0 0 0 0 0 0 0 0 0 0 0 0 0 
664 984 0 0 0 0 0 0 0 0 0 0 0 0 0 0 
680 984 0 0 0 0 0 0 0 0 0 0 0 0 0 0 
696 984 0 0 0 0 0 0 0 0 0 0 0 0 0 0 
712 984 0 0 0 0 0 0 0 0 0 0 0 0 0 0 
728 984 0 0 0 0 0 0 0 0 0 0 0 0 0 0 
744 984 0 0 0 0 0 0 0 0 0 0 0 0 0 0 
760 984 0 0 0 0 0 0 0 0 0 0 0 0 0 0 
776 984 0 0 0 0 0 0 0 0 0 0 0 0 0 0 
792 984 0 0 0 0 0 0 0 0 0 0 0 0 0 0 
808 984 0 0 0 0 0 0 0 0 0 0 0 0 0 0 
824 984 0 0 0 0 0 0 0 0 0 0 0 0 0 0 
840 984 0 0 0 0 0 0 0 0 0 0 0 0 0 0 
856 984 0 0 0 0 0 0 0 0 0 0 0 0 0 0 
872 984 0 0 0 0 0 0 0 0 0 0 0 0 0 0 
888 984 0 0 0 0 0 0 0 0 0 0 0 0 0 0 
904 984 0 0 0 0 0 0 0 0 0 0 0 0 0 0 
920 984 0 0 0 0 0 0 0 0 0 0 0 0 0 0 
936 984 0 0 0 0 0 0 0 0 0 0 0 0 0 0 
952 984 0 0 0 0 0 0 0 0 0 0 0 0 0 0 
968 984 0 0 0 0 0 0 0 0 0 0 0 0 0 0 
984 984 0 0 0 0 0 0 0 0 0 0 0 0 0 0 
1000 984 0 0 0 0 0 0 0 0 0 0 0 0 0 0 
1016 984 0 0 0 0 0 0 0 0 0 0 0 0 0 0 
1032 984 0 0 0 0 0 0 0 0 0 0 0 0 0 0 
1048 984 0 0 0 0 0 0 0 0 0 0 0 0 0 0 
1064 984 0 0 0 0 0 0 0 0 0 0 0 0 0 0 
1080 984 0 0 0 0 0 0 0 0 0 0 0 0 0 0 
1096 984 0 0 0 0 0 0 0 0 0 0 0 0 0 0 
1112 984 0 0 0 0 0 0 0 0 0 0 0 0 0 0 
1128 984 0 0 0 0 0 0 0 0 0 0 0 0 0 0 
1144 984 0 0 0 0 0 0 0 0 0 0 0 0 0 0 
1160 984 0 0 0 0 0 0 0 0 0 0 0 0 0 0 
1176 984 0 0 0 0 0 0 0 0 0 0 0 0 0 0 
1192 984 0 0 0 0 0 0 0 0 0 0 0 0 0 0 
1208 984 0 0 0 0 0 0 0 0 0 0 0 0 0 0 
1224 984 0 0 0 0 0 0 0 0 0 0 0 0 0 0 
1240 984 0 0 0 0 0 0 0 0 0 0 0 0 0 0 
1256 984 0 0 0 0 0 0 0 0 0 0 0 0 0 0 
1272 984 0 0 0 0 0 0 0 0 0 0 0 0 0 0 
1288 984 0 0 0 0 0 0 0 0 0 0 0 0 0 0 
1304 984 0 0 0 0 0 0 0 0 0 0 0 0 0 0 
1320 984 0 0 0 0 0 0 0 0 0 0 0 0 0 0 
1336 984 0 0 0 0 0 0 0 0 0 0 0 0 0 0 
1352 984 0 0 0 0 0 0 0 0 0 0 0 0 0 0 
1368 984 0 0 0 0 0 0 0 0 0 0 0 0 0 0 
1384 984 0 0 0 0 0 0 0 0 0 0 0 0 0 0 
1400 984 0 0 0 0 0 0 0 0 0 0 0 0 0 0 
1416 984 0 0 0 0 0 0 0 0 0 0 0 0 0 0 
1432 984 0 0 0 0 0 0 0 0 0 0 0 0 0 0 
1448 984 0 0 0 0 0 0 0 0 0 0 0 0 0 0 
1464 984 0 0 0 0 0 0 0 0 0 0 0 0 0 0 
1480 984 0 0 0 0 0 0 0 0 0 0 0 0 0 0 
1496 984 0 0 0 0 0 0 0 0 0 0 0 0 0 0 
1512 984 0 0 0 0 0 0 0 0 0 0 0 0 0 0 
1528 984 0 0 0 0 0 0 0 0 0 0 0 0 0 0 
1544 984 0 0 0 0 0 0 0 0 0 0 0 0 0 0 
1560 984 0 0 0 0 0 0 0 0 0 0 0 0 0 0 
1576 984 0 0 0 0 0 0 0 0 0 0 0 0 0 0 
1592 984 0 0 0 0 0 0 0 0 0 0 0 0 0 0 
1608 984 0 0 0 0 0 0 0 0 0 0 0 0 0 0 
1624 984 0 0 0 0 0 0 0 0 0 0 0 0 0 0 
1640 984 0 0 0 0 0 0 0 0 0 0 0 0 0 0 
1656 984 0 0 0 0 0 0 0 0 0 0 0 0 0 0 
1672 984 0 0 0 0 0 0 0 0 0 0 0 0 0 0 
1688 984 0 0 0 0 0 0 0 0 0 0 0 0 0 0 
1704 984 0 0 0 0 0 0 0 0 0 0 0 0 0 0 
1720 984 0 0 0 0 0 0 0 0 0 0 0 0 0 0 
1736 984 0 0 0 0 0 0 0 0 0 0 0 0 0 0 
1752 984 0 0 0 0 0 0 0 0 0 0 0 0 0 0 
1768 984 0 0 0 0 0 0 0 0 0 0 0 0 0 0 
1784 984 0 0 0 0 0 0 0 0 0 0 0 0 0 0 
1800 984 0 0 0 0 0 0 0 0 0 0 0 0 0 0 
1816 984 0 0 0 0 0 0 0 0 0 0 0 0 0 0 
1832 984 0 0 0 0 0 0 0 0 0 0 0 0 0 0 
1848 984 0 0 0 0 0 0 0 0 0 0 0 0 0 0 
1864 984 0 0 0 0 0 0 0 0 0 0 0 0 0 0 
1880 984 0 0 0 0 0 0 0 0 0 0 0 0 0 0 
1896 984 0 0 0 0 0 0 0 0 0 0 0 0 0 0 
1912 984 0 0 0 0 0 0 0 0 0 0 0 0 0 0 
1928 984 0 0 0 0 0 0 0 0 0 0 0 0 0 0 
1944 984 0 0 0 0 0 0 0 0 0 0 0 0 0 0 
1960 984 0 0 0 0 0 0 0 0 0 0 0 0 0 0 
1976 984 0 0 0 0 0 0 0 0 0 0 0 0 0 0 
1992 984 0 0 0 0 0 0 0 0 0 0 0 0 0 0 
2008 984 0 0 0 0 0 0 0 0 0 0 0 0 0 0 
2024 984 0 0 0 0 0 0 0 0 0 0 0 0 0 0 
2040 984 0 0 0 0 0 0 0 0 0 0 0 0 0 0 
2056 984 0 0 0 0 0 0 0 0 0 0 0 0 0 0 
2072 984 0 0 0 0 0 0 0 0 0 0 0 0 0 0 
2088 984 0 0 0 0 0 0 0 0 0 0 0 0 0 0 
2104 984 0 0 0 0 0 0 0 0 0 0 0 0 0 0 
2120 984 0 0 0 0 0 0 0 0 0 0 0 0 0 0 
2136 984 0 0 0 0 0 0 0 0 0 0 0 0 0 0 
2152 984 0 0 0 0 0 0 0 0 0 0 0 0 0 0 
2168 984 0 0 0 0 0 0 0 0 0 0 0 0 0 0 
2184 984 0 0 0 0 0 0 0 0 0 0 0 0 0 0 
2200 984 0 0 0 0 0 0 0 0 0 0 0 0 0 0 
2216 984 0 0 0 0 0 0 0 0 0 0 0 0 0 0 
2232 984 0 0 0 0 0 0 0 0 0 0 0 0 0 0 
2248 984 0 0 0 0 0 0 0 0 0 0 0 0 0 0 
2264 984 0 0 0 0 0 0 0 0 0 0 0 0 0 0 
2280 984 0 0 0 0 0 0 0 0 0 0 0 0 0 0 
2296 984 0 0 0 0 0 0 0 0 0 0 0 0 0 0 
2312 984 0 0 0 0 0 0 0 0 0 0 0 0 0 0 
2328 984 0 0 0 0 0 0 0 0 0 0 0 0 0 0 
2344 984 0 0 0 0 0 0 0 0 0 0 0 0 0 0 
2360 984 0 0 0 0 0 0 0 0 0 0 0 0 0 0 
2376 984 0 0 0 0 0 0 0 0 0 0 0 0 0 0 
2392 984 0 0 0 0 0 0 0 0 0 0 0 0 0 0 
2408 984 0 0 0 0 0 0 0 0 0 0 0 0 0 0 
2424 984 0 0 0 0 0 0 0 0 0 0 0 0 0 0 
2440 984 0 0 0 0 0 0 0 0 0 0 0 0 0 0 
2456 984 0 0 0 0 0 0 0 0 0 0 0 0 0 0 
2472 984 0 0 0 0 0 0 0 0 0 0 0 0 0 0 
2488 984 0 0 0 0 0 0 0 0 0 0 0 0 0 0 
2504 984 0 0 0 0 0 0 0 0 0 0 0 0 0 0 
2520 984 0 0 0 0 0 0 0 0 0 0 0 0 0 0 
2536 984 0 0 0 0 0 0 0 0 0 0 0 0 0 0 
24 1000 0 0 0 0 0 0 0 0 0 0 0 0 0 0 
40 1000 0 0 0 0 0 0 0 0 0 0 0 0 0 0 
56 1000 0 0 0 0 0 0 0 0 0 0 0 0 0 0 
72 1000 0 0 0 0 0 0 0 0 0 0 0 0 0 0 
88 1000 0 0 0 0 0 0 0 0 0 0 0 0 0 0 
104 1000 0 0 0 0 0 0 0 0 0 0 0 0 0 0 
120 1000 0 0 0 0 0 0 0 0 0 0 0 0 0 0 
136 1000 0 0 0 0 0 0 0 0 0 0 0 0 0 0 
152 1000 0 0 0 0 0 0 0 0 0 0 0 0 0 0 
168 1000 0 0 0 0 0 0 0 0 0 0 0 0 0 0 
184 1000 0 0 0 0 0 0 0 0 0 0 0 0 0 0 
200 1000 0 0 0 0 0 0 0 0 0 0 0 0 0 0 
216 1000 0 0 0 0 0 0 0 0 0 0 0 0 0 0 
232 1000 0 0 0 0 0 0 0 0 0 0 0 0 0 0 
248 1000 0 0 0 0 0 0 0 0 0 0 0 0 0 0 
264 1000 0 0 0 0 0 0 0 0 0 0 0 0 0 0 
280 1000 0 0 0 0 0 0 0 0 0 0 0 0 0 0 
296 1000 0 0 0 0 0 0 0 0 0 0 0 0 0 0 
312 1000 0 0 0 0 0 0 0 0 0 0 0 0 0 0 
328 1000 0 0 0 0 0 0 0 0 0 0 0 0 0 0 
344 1000 0 0 0 0 0 0 0 0 0 0 0 0 0 0 
360 1000 0 0 0 0 0 0 0 0 0 0 0 0 0 0 
376 1000 0 0 0 0 0 0 0 0 0 0 0 0 0 0 
392 1000 0 0 0 0 0 0 0 0 0 0 0 0 0 0 
408 1000 0 0 0 0 0 0 0 0 0 0 0 0 0 0 
424 1000 0 0 0 0 0 0 0 0 0 0 0 0 0 0 
440 1000 0 0 0 0 0 0 0 0 0 0 0 0 0 0 
456 1000 0 0 0 0 0 0 0 0 0 0 0 0 0 0 
472 1000 0 0 0 0 0 0 0 0 0 0 0 0 0 0 
488 1000 0 0 0 0 0 0 0 0 0 0 0 0 0 0 
504 1000 0 0 0 0 0 0 0 0 0 0 0 0 0 0 
520 1000 0 0 0 0 0 0 0 0 0 0 0 0 0 0 
536 1000 0 0 0 0 0 0 0 0 0 0 0 0 0 0 
552 1000 0 0 0 0 0 0 0 0 0 0 0 0 0 0 
568 1000 0 0 0 0 0 0 0 0 0 0 0 0 0 0 
584 1000 0 0 0 0 0 0 0 0 0 0 0 0 0 0 
600 1000 0 0 0 0 0 0 0 0 0 0 0 0 0 0 
616 1000 0 0 0 0 0 0 0 0 0 0 0 0 0 0 
632 1000 0 0 0 0 0 0 0 0 0 0 0 0 0 0 
648 1000 0 0 0 0 0 0 0 0 0 0 0 0 0 0 
664 1000 0 0 0 0 0 0 0 0 0 0 0 0 0 0 
680 1000 0 0 0 0 0 0 0 0 0 0 0 0 0 0 
696 1000 0 0 0 0 0 0 0 0 0 0 0 0 0 0 
712 1000 0 0 0 0 0 0 0 0 0 0 0 0 0 0 
728 1000 0 0 0 0 0 0 0 0 0 0 0 0 0 0 
744 1000 0 0 0 0 0 0 0 0 0 0 0 0 0 0 
760 1000 0 0 0 0 0 0 0 0 0 0 0 0 0 0 
776 1000 0 0 0 0 0 0 0 0 0 0 0 0 0 0 
792 1000 0 0 0 0 0 0 0 0 0 0 0 0 0 0 
808 1000 0 0 0 0 0 0 0 0 0 0 0 0 0 0 
824 1000 0 0 0 0 0 0 0 0 0 0 0 0 0 0 
840 1000 0 0 0 0 0 0 0 0 0 0 0 0 0 0 
856 1000 0 0 0 0 0 0 0 0 0 0 0 0 0 0 
872 1000 0 0 0 0 0 0 0 0 0 0 0 0 0 0 
888 1000 0 0 0 0 0 0 0 0 0 0 0 0 0 0 
904 1000 0 0 0 0 0 0 0 0 0 0 0 0 0 0 
920 1000 0 0 0 0 0 0 0 0 0 0 0 0 0 0 
936 1000 0 0 0 0 0 0 0 0 0 0 0 0 0 0 
952 1000 0 0 0 0 0 0 0 0 0 0 0 0 0 0 
968 1000 0 0 0 0 0 0 0 0 0 0 0 0 0 0 
984 1000 0 0 0 0 0 0 0 0 0 0 0 0 0 0 
1000 1000 0 0 0 0 0 0 0 0 0 0 0 0 0 0 
1016 1000 0 0 0 0 0 0 0 0 0 0 0 0 0 0 
1032 1000 0 0 0 0 0 0 0 0 0 0 0 0 0 0 
1048 1000 0 0 0 0 0 0 0 0 0 0 0 0 0 0 
1064 1000 0 0 0 0 0 0 0 0 0 0 0 0 0 0 
1080 1000 0 0 0 0 0 0 0 0 0 0 0 0 0 0 
1096 1000 0 0 0 0 0 0 0 0 0 0 0 0 0 0 
1112 1000 0 0 0 0 0 0 0 0 0 0 0 0 0 0 
1128 1000 0 0 0 0 0 0 0 0 0 0 0 0 0 0 
1144 1000 0 0 0 0 0 0 0 0 0 0 0 0 0 0 
1160 1000 0 0 0 0 0 0 0 0 0 0 0 0 0 0 
1176 1000 0 0 0 0 0 0 0 0 0 0 0 0 0 0 
1192 1000 0 0 0 0 0 0 0 0 0 0 0 0 0 0 
1208 1000 0 0 0 0 0 0 0 0 0 0 0 0 0 0 
1224 1000 0 0 0 0 0 0 0 0 0 0 0 0 0 0 
1240 1000 0 0 0 0 0 0 0 0 0 0 0 0 0 0 
1256 1000 0 0 0 0 0 0 0 0 0 0 0 0 0 0 
1272 1000 0 0 0 0 0 0 0 0 0 0 0 0 0 0 
1288 1000 0 0 0 0 0 0 0 0 0 0 0 0 0 0 
1304 1000 0 0 0 0 0 0 0 0 0 0 0 0 0 0 
1320 1000 0 0 0 0 0 0 0 0 0 0 0 0 0 0 
1336 1000 0 0 0 0 0 0 0 0 0 0 0 0 0 0 
1352 1000 0 0 0 0 0 0 0 0 0 0 0 0 0 0 
1368 1000 0 0 0 0 0 0 0 0 0 0 0 0 0 0 
1384 1000 0 0 0 0 0 0 0 0 0 0 0 0 0 0 
1400 1000 0 0 0 0 0 0 0 0 0 0 0 0 0 0 
1416 1000 0 0 0 0 0 0 0 0 0 0 0 0 0 0 
1432 1000 0 0 0 0 0 0 0 0 0 0 0 0 0 0 
1448 1000 0 0 0 0 0 0 0 0 0 0 0 0 0 0 
1464 1000 0 0 0 0 0 0 0 0 0 0 0 0 0 0 
1480 1000 0 0 0 0 0 0 0 0 0 0 0 0 0 0 
1496 1000 0 0 0 0 0 0 0 0 0 0 0 0 0 0 
1512 1000 0 0 0 0 0 0 0 0 0 0 0 0 0 0 
1528 1000 0 0 0 0 0 0 0 0 0 0 0 0 0 0 
1544 1000 0 0 0 0 0 0 0 0 0 0 0 0 0 0 
1560 1000 0 0 0 0 0 0 0 0 0 0 0 0 0 0 
1576 1000 0 0 0 0 0 0 0 0 0 0 0 0 0 0 
1592 1000 0 0 0 0 0 0 0 0 0 0 0 0 0 0 
1608 1000 0 0 0 0 0 0 0 0 0 0 0 0 0 0 
1624 1000 0 0 0 0 0 0 0 0 0 0 0 0 0 0 
1640 1000 0 0 0 0 0 0 0 0 0 0 0 0 0 0 
1656 1000 0 0 0 0 0 0 0 0 0 0 0 0 0 0 
1672 1000 0 0 0 0 0 0 0 0 0 0 0 0 0 0 
1688 1000 0 0 0 0 0 0 0 0 0 0 0 0 0 0 
1704 1000 0 0 0 0 0 0 0 0 0 0 0 0 0 0 
1720 1000 0 0 0 0 0 0 0 0 0 0 0 0 0 0 
1736 1000 0 0 0 0 0 0 0 0 0 0 0 0 0 0 
1752 1000 0 0 0 0 0 0 0 0 0 0 0 0 0 0 
1768 1000 0 0 0 0 0 0 0 0 0 0 0 0 0 0 
1784 1000 0 0 0 0 0 0 0 0 0 0 0 0 0 0 
1800 1000 0 0 0 0 0 0 0 0 0 0 0 0 0 0 
1816 1000 0 0 0 0 0 0 0 0 0 0 0 0 0 0 
1832 1000 0 0 0 0 0 0 0 0 0 0 0 0 0 0 
1848 1000 0 0 0 0 0 0 0 0 0 0 0 0 0 0 
1864 1000 0 0 0 0 0 0 0 0 0 0 0 0 0 0 
1880 1000 0 0 0 0 0 0 0 0 0 0 0 0 0 0 
1896 1000 0 0 0 0 0 0 0 0 0 0 0 0 0 0 
1912 1000 0 0 0 0 0 0 0 0 0 0 0 0 0 0 
1928 1000 0 0 0 0 0 0 0 0 0 0 0 0 0 0 
1944 1000 0 0 0 0 0 0 0 0 0 0 0 0 0 0 
1960 1000 0 0 0 0 0 0 0 0 0 0 0 0 0 0 
1976 1000 0 0 0 0 0 0 0 0 0 0 0 0 0 0 
1992 1000 0 0 0 0 0 0 0 0 0 0 0 0 0 0 
2008 1000 0 0 0 0 0 0 0 0 0 0 0 0 0 0 
2024 1000 0 0 0 0 0 0 0 0 0 0 0 0 0 0 
2040 1000 0 0 0 0 0 0 0 0 0 0 0 0 0 0 
2056 1000 0 0 0 0 0 0 0 0 0 0 0 0 0 0 
2072 1000 0 0 0 0 0 0 0 0 0 0 0 0 0 0 
2088 1000 0 0 0 0 0 0 0 0 0 0 0 0 0 0 
2104 1000 0 0 0 0 0 0 0 0 0 0 0 0 0 0 
2120 1000 0 0 0 0 0 0 0 0 0 0 0 0 0 0 
2136 1000 0 0 0 0 0 0 0 0 0 0 0 0 0 0 
2152 1000 0 0 0 0 0 0 0 0 0 0 0 0 0 0 
2168 1000 0 0 0 0 0 0 0 0 0 0 0 0 0 0 
2184 1000 0 0 0 0 0 0 0 0 0 0 0 0 0 0 
2200 1000 0 0 0 0 0 0 0 0 0 0 0 0 0 0 
2216 1000 0 0 0 0 0 0 0 0 0 0 0 0 0 0 
2232 1000 0 0 0 0 0 0 0 0 0 0 0 0 0 0 
2248 1000 0 0 0 0 0 0 0 0 0 0 0 0 0 0 
2264 1000 0 0 0 0 0 0 0 0 0 0 0 0 0 0 
2280 1000 0 0 0 0 0 0 0 0 0 0 0 0 0 0 
2296 1000 0 0 0 0 0 0 0 0 0 0 0 0 0 0 
2312 1000 0 0 0 0 0 0 0 0 0 0 0 0 0 0 
2328 1000 0 0 0 0 0 0 0 0 0 0 0 0 0 0 
2344 1000 0 0 0 0 0 0 0 0 0 0 0 0 0 0 
2360 1000 0 0 0 0 0 0 0 0 0 0 0 0 0 0 
2376 1000 0 0 0 0 0 0 0 0 0 0 0 0 0 0 
2392 1000 0 0 0 0 0 0 0 0 0 0 0 0 0 0 
2408 1000 0 0 0 0 0 0 0 0 0 0 0 0 0 0 
2424 1000 0 0 0 0 0 0 0 0 0 0 0 0 0 0 
2440 1000 0 0 0 0 0 0 0 0 0 0 0 0 0 0 
2456 1000 0 0 0 0 0 0 0 0 0 0 0 0 0 0 
2472 1000 0 0 0 0 0 0 0 0 0 0 0 0 0 0 
2488 1000 0 0 0 0 0 0 0 0 0 0 0 0 0 0 
2504 1000 0 0 0 0 0 0 0 0 0 0 0 0 0 0 
2520 1000 0 0 0 0 0 0 0 0 0 0 0 0 0 0 
2536 1000 0 0 0 0 0 0 0 0 0 0 0 0 0 0 
24 1016 0 0 0 0 0 0 0 0 0 0 0 0 0 0 
40 1016 0 0 0 0 0 0 0 0 0 0 0 0 0 0 
56 1016 0 0 0 0 0 0 0 0 0 0 0 0 0 0 
72 1016 0 0 0 0 0 0 0 0 0 0 0 0 0 0 
88 1016 0 0 0 0 0 0 0 0 0 0 0 0 0 0 
104 1016 0 0 0 0 0 0 0 0 0 0 0 0 0 0 
120 1016 0 0 0 0 0 0 0 0 0 0 0 0 0 0 
136 1016 0 0 0 0 0 0 0 0 0 0 0 0 0 0 
152 1016 0 0 0 0 0 0 0 0 0 0 0 0 0 0 
168 1016 0 0 0 0 0 0 0 0 0 0 0 0 0 0 
184 1016 0 0 0 0 0 0 0 0 0 0 0 0 0 0 
200 1016 0 0 0 0 0 0 0 0 0 0 0 0 0 0 
216 1016 0 0 0 0 0 0 0 0 0 0 0 0 0 0 
232 1016 0 0 0 0 0 0 0 0 0 0 0 0 0 0 
248 1016 0 0 0 0 0 0 0 0 0 0 0 0 0 0 
264 1016 0 0 0 0 0 0 0 0 0 0 0 0 0 0 
280 1016 0 0 0 0 0 0 0 0 0 0 0 0 0 0 
296 1016 0 0 0 0 0 0 0 0 0 0 0 0 0 0 
312 1016 0 0 0 0 0 0 0 0 0 0 0 0 0 0 
328 1016 0 0 0 0 0 0 0 0 0 0 0 0 0 0 
344 1016 0 0 0 0 0 0 0 0 0 0 0 0 0 0 
360 1016 0 0 0 0 0 0 0 0 0 0 0 0 0 0 
376 1016 0 0 0 0 0 0 0 0 0 0 0 0 0 0 
392 1016 0 0 0 0 0 0 0 0 0 0 0 0 0 0 
408 1016 0 0 0 0 0 0 0 0 0 0 0 0 0 0 
424 1016 0 0 0 0 0 0 0 0 0 0 0 0 0 0 
440 1016 0 0 0 0 0 0 0 0 0 0 0 0 0 0 
456 1016 0 0 0 0 0 0 0 0 0 0 0 0 0 0 
472 1016 0 0 0 0 0 0 0 0 0 0 0 0 0 0 
488 1016 0 0 0 0 0 0 0 0 0 0 0 0 0 0 
504 1016 0 0 0 0 0 0 0 0 0 0 0 0 0 0 
520 1016 0 0 0 0 0 0 0 0 0 0 0 0 0 0 
536 1016 0 0 0 0 0 0 0 0 0 0 0 0 0 0 
552 1016 0 0 0 0 0 0 0 0 0 0 0 0 0 0 
568 1016 0 0 0 0 0 0 0 0 0 0 0 0 0 0 
584 1016 0 0 0 0 0 0 0 0 0 0 0 0 0 0 
600 1016 0 0 0 0 0 0 0 0 0 0 0 0 0 0 
616 1016 0 0 0 0 0 0 0 0 0 0 0 0 0 0 
632 1016 0 0 0 0 0 0 0 0 0 0 0 0 0 0 
648 1016 0 0 0 0 0 0 0 0 0 0 0 0 0 0 
664 1016 0 0 0 0 0 0 0 0 0 0 0 0 0 0 
680 1016 0 0 0 0 0 0 0 0 0 0 0 0 0 0 
696 1016 0 0 0 0 0 0 0 0 0 0 0 0 0 0 
712 1016 0 0 0 0 0 0 0 0 0 0 0 0 0 0 
728 1016 0 0 0 0 0 0 0 0 0 0 0 0 0 0 
744 1016 0 0 0 0 0 0 0 0 0 0 0 0 0 0 
760 1016 0 0 0 0 0 0 0 0 0 0 0 0 0 0 
776 1016 0 0 0 0 0 0 0 0 0 0 0 0 0 0 
792 1016 0 0 0 0 0 0 0 0 0 0 0 0 0 0 
808 1016 0 0 0 0 0 0 0 0 0 0 0 0 0 0 
824 1016 0 0 0 0 0 0 0 0 0 0 0 0 0 0 
840 1016 0 0 0 0 0 0 0 0 0 0 0 0 0 0 
856 1016 0 0 0 0 0 0 0 0 0 0 0 0 0 0 
872 1016 0 0 0 0 0 0 0 0 0 0 0 0 0 0 
888 1016 0 0 0 0 0 0 0 0 0 0 0 0 0 0 
904 1016 0 0 0 0 0 0 0 0 0 0 0 0 0 0 
920 1016 0 0 0 0 0 0 0 0 0 0 0 0 0 0 
936 1016 0 0 0 0 0 0 0 0 0 0 0 0 0 0 
952 1016 0 0 0 0 0 0 0 0 0 0 0 0 0 0 
968 1016 0 0 0 0 0 0 0 0 0 0 0 0 0 0 
984 1016 0 0 0 0 0 0 0 0 0 0 0 0 0 0 
1000 1016 0 0 0 0 0 0 0 0 0 0 0 0 0 0 
1016 1016 0 0 0 0 0 0 0 0 0 0 0 0 0 0 
1032 1016 0 0 0 0 0 0 0 0 0 0 0 0 0 0 
1048 1016 0 0 0 0 0 0 0 0 0 0 0 0 0 0 
1064 1016 0 0 0 0 0 0 0 0 0 0 0 0 0 0 
1080 1016 0 0 0 0 0 0 0 0 0 0 0 0 0 0 
1096 1016 0 0 0 0 0 0 0 0 0 0 0 0 0 0 
1112 1016 0 0 0 0 0 0 0 0 0 0 0 0 0 0 
1128 1016 0 0 0 0 0 0 0 0 0 0 0 0 0 0 
1144 1016 0 0 0 0 0 0 0 0 0 0 0 0 0 0 
1160 1016 0 0 0 0 0 0 0 0 0 0 0 0 0 0 
1176 1016 0 0 0 0 0 0 0 0 0 0 0 0 0 0 
1192 1016 0 0 0 0 0 0 0 0 0 0 0 0 0 0 
1208 1016 0 0 0 0 0 0 0 0 0 0 0 0 0 0 
1224 1016 0 0 0 0 0 0 0 0 0 0 0 0 0 0 
1240 1016 0 0 0 0 0 0 0 0 0 0 0 0 0 0 
1256 1016 0 0 0 0 0 0 0 0 0 0 0 0 0 0 
1272 1016 0 0 0 0 0 0 0 0 0 0 0 0 0 0 
1288 1016 0 0 0 0 0 0 0 0 0 0 0 0 0 0 
1304 1016 0 0 0 0 0 0 0 0 0 0 0 0 0 0 
1320 1016 0 0 0 0 0 0 0 0 0 0 0 0 0 0 
1336 1016 0 0 0 0 0 0 0 0 0 0 0 0 0 0 
1352 1016 0 0 0 0 0 0 0 0 0 0 0 0 0 0 
1368 1016 0 0 0 0 0 0 0 0 0 0 0 0 0 0 
1384 1016 0 0 0 0 0 0 0 0 0 0 0 0 0 0 
1400 1016 0 0 0 0 0 0 0 0 0 0 0 0 0 0 
1416 1016 0 0 0 0 0 0 0 0 0 0 0 0 0 0 
1432 1016 0 0 0 0 0 0 0 0 0 0 0 0 0 0 
1448 1016 0 0 0 0 0 0 0 0 0 0 0 0 0 0 
1464 1016 0 0 0 0 0 0 0 0 0 0 0 0 0 0 
1480 1016 0 0 0 0 0 0 0 0 0 0 0 0 0 0 
1496 1016 0 0 0 0 0 0 0 0 0 0 0 0 0 0 
1512 1016 0 0 0 0 0 0 0 0 0 0 0 0 0 0 
1528 1016 0 0 0 0 0 0 0 0 0 0 0 0 0 0 
1544 1016 0 0 0 0 0 0 0 0 0 0 0 0 0 0 
1560 1016 0 0 0 0 0 0 0 0 0 0 0 0 0 0 
1576 1016 0 0 0 0 0 0 0 0 0 0 0 0 0 0 
1592 1016 0 0 0 0 0 0 0 0 0 0 0 0 0 0 
1608 1016 0 0 0 0 0 0 0 0 0 0 0 0 0 0 
1624 1016 0 0 0 0 0 0 0 0 0 0 0 0 0 0 
1640 1016 0 0 0 0 0 0 0 0 0 0 0 0 0 0 
1656 1016 0 0 0 0 0 0 0 0 0 0 0 0 0 0 
1672 1016 0 0 0 0 0 0 0 0 0 0 0 0 0 0 
1688 1016 0 0 0 0 0 0 0 0 0 0 0 0 0 0 
1704 1016 0 0 0 0 0 0 0 0 0 0 0 0 0 0 
1720 1016 0 0 0 0 0 0 0 0 0 0 0 0 0 0 
1736 1016 0 0 0 0 0 0 0 0 0 0 0 0 0 0 
1752 1016 0 0 0 0 0 0 0 0 0 0 0 0 0 0 
1768 1016 0 0 0 0 0 0 0 0 0 0 0 0 0 0 
1784 1016 0 0 0 0 0 0 0 0 0 0 0 0 0 0 
1800 1016 0 0 0 0 0 0 0 0 0 0 0 0 0 0 
1816 1016 0 0 0 0 0 0 0 0 0 0 0 0 0 0 
1832 1016 0 0 0 0 0 0 0 0 0 0 0 0 0 0 
1848 1016 0 0 0 0 0 0 0 0 0 0 0 0 0 0 
1864 1016 0 0 0 0 0 0 0 0 0 0 0 0 0 0 
1880 1016 0 0 0 0 0 0 0 0 0 0 0 0 0 0 
1896 1016 0 0 0 0 0 0 0 0 0 0 0 0 0 0 
1912 1016 0 0 0 0 0 0 0 0 0 0 0 0 0 0 
1928 1016 0 0 0 0 0 0 0 0 0 0 0 0 0 0 
1944 1016 0 0 0 0 0 0 0 0 0 0 0 0 0 0 
1960 1016 0 0 0 0 0 0 0 0 0 0 0 0 0 0 
1976 1016 0 0 0 0 0 0 0 0 0 0 0 0 0 0 
1992 1016 0 0 0 0 0 0 0 0 0 0 0 0 0 0 
2008 1016 0 0 0 0 0 0 0 0 0 0 0 0 0 0 
2024 1016 0 0 0 0 0 0 0 0 0 0 0 0 0 0 
2040 1016 0 0 0 0 0 0 0 0 0 0 0 0 0 0 
2056 1016 0 0 0 0 0 0 0 0 0 0 0 0 0 0 
2072 1016 0 0 0 0 0 0 0 0 0 0 0 0 0 0 
2088 1016 0 0 0 0 0 0 0 0 0 0 0 0 0 0 
2104 1016 0 0 0 0 0 0 0 0 0 0 0 0 0 0 
2120 1016 0 0 0 0 0 0 0 0 0 0 0 0 0 0 
2136 1016 0 0 0 0 0 0 0 0 0 0 0 0 0 0 
2152 1016 0 0 0 0 0 0 0 0 0 0 0 0 0 0 
2168 1016 0 0 0 0 0 0 0 0 0 0 0 0 0 0 
2184 1016 0 0 0 0 0 0 0 0 0 0 0 0 0 0 
2200 1016 0 0 0 0 0 0 0 0 0 0 0 0 0 0 
2216 1016 0 0 0 0 0 0 0 0 0 0 0 0 0 0 
2232 1016 0 0 0 0 0 0 0 0 0 0 0 0 0 0 
2248 1016 0 0 0 0 0 0 0 0 0 0 0 0 0 0 
2264 1016 0 0 0 0 0 0 0 0 0 0 0 0 0 0 
2280 1016 0 0 0 0 0 0 0 0 0 0 0 0 0 0 
2296 1016 0 0 0 0 0 0 0 0 0 0 0 0 0 0 
2312 1016 0 0 0 0 0 0 0 0 0 0 0 0 0 0 
2328 1016 0 0 0 0 0 0 0 0 0 0 0 0 0 0 
2344 1016 0 0 0 0 0 0 0 0 0 0 0 0 0 0 
2360 1016 0 0 0 0 0 0 0 0 0 0 0 0 0 0 
2376 1016 0 0 0 0 0 0 0 0 0 0 0 0 0 0 
2392 1016 0 0 0 0 0 0 0 0 0 0 0 0 0 0 
2408 1016 0 0 0 0 0 0 0 0 0 0 0 0 0 0 
2424 1016 0 0 0 0 0 0 0 0 0 0 0 0 0 0 
2440 1016 0 0 0 0 0 0 0 0 0 0 0 0 0 0 
2456 1016 0 0 0 0 0 0 0 0 0 0 0 0 0 0 
2472 1016 0 0 0 0 0 0 0 0 0 0 0 0 0 0 
2488 1016 0 0 0 0 0 0 0 0 0 0 0 0 0 0 
2504 1016 0 0 0 0 0 0 0 0 0 0 0 0 0 0 
2520 1016 0 0 0 0 0 0 0 0 0 0 0 0 0 0 
2536 1016 0 0 0 0 0 0 0 0 0 0 0 0 0 0 
24 1032 0 0 0 0 0 0 0 0 0 0 0 0 0 0 
40 1032 0 0 0 0 0 0 0 0 0 0 0 0 0 0 
56 1032 0 0 0 0 0 0 0 0 0 0 0 0 0 0 
72 1032 0 0 0 0 0 0 0 0 0 0 0 0 0 0 
88 1032 0 0 0 0 0 0 0 0 0 0 0 0 0 0 
104 1032 0 0 0 0 0 0 0 0 0 0 0 0 0 0 
120 1032 0 0 0 0 0 0 0 0 0 0 0 0 0 0 
136 1032 0 0 0 0 0 0 0 0 0 0 0 0 0 0 
152 1032 0 0 0 0 0 0 0 0 0 0 0 0 0 0 
168 1032 0 0 0 0 0 0 0 0 0 0 0 0 0 0 
184 1032 0 0 0 0 0 0 0 0 0 0 0 0 0 0 
200 1032 0 0 0 0 0 0 0 0 0 0 0 0 0 0 
216 1032 0 0 0 0 0 0 0 0 0 0 0 0 0 0 
232 1032 0 0 0 0 0 0 0 0 0 0 0 0 0 0 
248 1032 0 0 0 0 0 0 0 0 0 0 0 0 0 0 
264 1032 0 0 0 0 0 0 0 0 0 0 0 0 0 0 
280 1032 0 0 0 0 0 0 0 0 0 0 0 0 0 0 
296 1032 0 0 0 0 0 0 0 0 0 0 0 0 0 0 
312 1032 0 0 0 0 0 0 0 0 0 0 0 0 0 0 
328 1032 0 0 0 0 0 0 0 0 0 0 0 0 0 0 
344 1032 0 0 0 0 0 0 0 0 0 0 0 0 0 0 
360 1032 0 0 0 0 0 0 0 0 0 0 0 0 0 0 
376 1032 0 0 0 0 0 0 0 0 0 0 0 0 0 0 
392 1032 0 0 0 0 0 0 0 0 0 0 0 0 0 0 
408 1032 0 0 0 0 0 0 0 0 0 0 0 0 0 0 
424 1032 0 0 0 0 0 0 0 0 0 0 0 0 0 0 
440 1032 0 0 0 0 0 0 0 0 0 0 0 0 0 0 
456 1032 0 0 0 0 0 0 0 0 0 0 0 0 0 0 
472 1032 0 0 0 0 0 0 0 0 0 0 0 0 0 0 
488 1032 0 0 0 0 0 0 0 0 0 0 0 0 0 0 
504 1032 0 0 0 0 0 0 0 0 0 0 0 0 0 0 
520 1032 0 0 0 0 0 0 0 0 0 0 0 0 0 0 
536 1032 0 0 0 0 0 0 0 0 0 0 0 0 0 0 
552 1032 0 0 0 0 0 0 0 0 0 0 0 0 0 0 
568 1032 0 0 0 0 0 0 0 0 0 0 0 0 0 0 
584 1032 0 0 0 0 0 0 0 0 0 0 0 0 0 0 
600 1032 0 0 0 0 0 0 0 0 0 0 0 0 0 0 
616 1032 0 0 0 0 0 0 0 0 0 0 0 0 0 0 
632 1032 0 0 0 0 0 0 0 0 0 0 0 0 0 0 
648 1032 0 0 0 0 0 0 0 0 0 0 0 0 0 0 
664 1032 0 0 0 0 0 0 0 0 0 0 0 0 0 0 
680 1032 0 0 0 0 0 0 0 0 0 0 0 0 0 0 
696 1032 0 0 0 0 0 0 0 0 0 0 0 0 0 0 
712 1032 0 0 0 0 0 0 0 0 0 0 0 0 0 0 
728 1032 0 0 0 0 0 0 0 0 0 0 0 0 0 0 
744 1032 0 0 0 0 0 0 0 0 0 0 0 0 0 0 
760 1032 0 0 0 0 0 0 0 0 0 0 0 0 0 0 
776 1032 0 0 0 0 0 0 0 0 0 0 0 0 0 0 
792 1032 0 0 0 0 0 0 0 0 0 0 0 0 0 0 
808 1032 0 0 0 0 0 0 0 0 0 0 0 0 0 0 
824 1032 0 0 0 0 0 0 0 0 0 0 0 0 0 0 
840 1032 0 0 0 0 0 0 0 0 0 0 0 0 0 0 
856 1032 0 0 0 0 0 0 0 0 0 0 0 0 0 0 
872 1032 0 0 0 0 0 0 0 0 0 0 0 0 0 0 
888 1032 0 0 0 0 0 0 0 0 0 0 0 0 0 0 
904 1032 0 0 0 0 0 0 0 0 0 0 0 0 0 0 
920 1032 0 0 0 0 0 0 0 0 0 0 0 0 0 0 
936 1032 0 0 0 0 0 0 0 0 0 0 0 0 0 0 
952 1032 0 0 0 0 0 0 0 0 0 0 0 0 0 0 
968 1032 0 0 0 0 0 0 0 0 0 0 0 0 0 0 
984 1032 0 0 0 0 0 0 0 0 0 0 0 0 0 0 
1000 1032 0 0 0 0 0 0 0 0 0 0 0 0 0 0 
1016 1032 0 0 0 0 0 0 0 0 0 0 0 0 0 0 
1032 1032 0 0 0 0 0 0 0 0 0 0 0 0 0 0 
1048 1032 0 0 0 0 0 0 0 0 0 0 0 0 0 0 
1064 1032 0 0 0 0 0 0 0 0 0 0 0 0 0 0 
1080 1032 0 0 0 0 0 0 0 0 0 0 0 0 0 0 
1096 1032 0 0 0 0 0 0 0 0 0 0 0 0 0 0 
1112 1032 0 0 0 0 0 0 0 0 0 0 0 0 0 0 
1128 1032 0 0 0 0 0 0 0 0 0 0 0 0 0 0 
1144 1032 0 0 0 0 0 0 0 0 0 0 0 0 0 0 
1160 1032 0 0 0 0 0 0 0 0 0 0 0 0 0 0 
1176 1032 0 0 0 0 0 0 0 0 0 0 0 0 0 0 
1192 1032 0 0 0 0 0 0 0 0 0 0 0 0 0 0 
1208 1032 0 0 0 0 0 0 0 0 0 0 0 0 0 0 
1224 1032 0 0 0 0 0 0 0 0 0 0 0 0 0 0 
1240 1032 0 0 0 0 0 0 0 0 0 0 0 0 0 0 
1256 1032 0 0 0 0 0 0 0 0 0 0 0 0 0 0 
1272 1032 0 0 0 0 0 0 0 0 0 0 0 0 0 0 
1288 1032 0 0 0 0 0 0 0 0 0 0 0 0 0 0 
1304 1032 0 0 0 0 0 0 0 0 0 0 0 0 0 0 
1320 1032 0 0 0 0 0 0 0 0 0 0 0 0 0 0 
1336 1032 0 0 0 0 0 0 0 0 0 0 0 0 0 0 
1352 1032 0 0 0 0 0 0 0 0 0 0 0 0 0 0 
1368 1032 0 0 0 0 0 0 0 0 0 0 0 0 0 0 
1384 1032 0 0 0 0 0 0 0 0 0 0 0 0 0 0 
1400 1032 0 0 0 0 0 0 0 0 0 0 0 0 0 0 
1416 1032 0 0 0 0 0 0 0 0 0 0 0 0 0 0 
1432 1032 0 0 0 0 0 0 0 0 0 0 0 0 0 0 
1448 1032 0 0 0 0 0 0 0 0 0 0 0 0 0 0 
1464 1032 0 0 0 0 0 0 0 0 0 0 0 0 0 0 
1480 1032 0 0 0 0 0 0 0 0 0 0 0 0 0 0 
1496 1032 0 0 0 0 0 0 0 0 0 0 0 0 0 0 
1512 1032 0 0 0 0 0 0 0 0 0 0 0 0 0 0 
1528 1032 0 0 0 0 0 0 0 0 0 0 0 0 0 0 
1544 1032 0 0 0 0 0 0 0 0 0 0 0 0 0 0 
1560 1032 0 0 0 0 0 0 0 0 0 0 0 0 0 0 
1576 1032 0 0 0 0 0 0 0 0 0 0 0 0 0 0 
1592 1032 0 0 0 0 0 0 0 0 0 0 0 0 0 0 
1608 1032 0 0 0 0 0 0 0 0 0 0 0 0 0 0 
1624 1032 0 0 0 0 0 0 0 0 0 0 0 0 0 0 
1640 1032 0 0 0 0 0 0 0 0 0 0 0 0 0 0 
1656 1032 0 0 0 0 0 0 0 0 0 0 0 0 0 0 
1672 1032 0 0 0 0 0 0 0 0 0 0 0 0 0 0 
1688 1032 0 0 0 0 0 0 0 0 0 0 0 0 0 0 
1704 1032 0 0 0 0 0 0 0 0 0 0 0 0 0 0 
1720 1032 0 0 0 0 0 0 0 0 0 0 0 0 0 0 
1736 1032 0 0 0 0 0 0 0 0 0 0 0 0 0 0 
1752 1032 0 0 0 0 0 0 0 0 0 0 0 0 0 0 
1768 1032 0 0 0 0 0 0 0 0 0 0 0 0 0 0 
1784 1032 0 0 0 0 0 0 0 0 0 0 0 0 0 0 
1800 1032 0 0 0 0 0 0 0 0 0 0 0 0 0 0 
1816 1032 0 0 0 0 0 0 0 0 0 0 0 0 0 0 
1832 1032 0 0 0 0 0 0 0 0 0 0 0 0 0 0 
1848 1032 0 0 0 0 0 0 0 0 0 0 0 0 0 0 
1864 1032 0 0 0 0 0 0 0 0 0 0 0 0 0 0 
1880 1032 0 0 0 0 0 0 0 0 0 0 0 0 0 0 
1896 1032 0 0 0 0 0 0 0 0 0 0 0 0 0 0 
1912 1032 0 0 0 0 0 0 0 0 0 0 0 0 0 0 
1928 1032 0 0 0 0 0 0 0 0 0 0 0 0 0 0 
1944 1032 0 0 0 0 0 0 0 0 0 0 0 0 0 0 
1960 1032 0 0 0 0 0 0 0 0 0 0 0 0 0 0 
1976 1032 0 0 0 0 0 0 0 0 0 0 0 0 0 0 
1992 1032 0 0 0 0 0 0 0 0 0 0 0 0 0 0 
2008 1032 0 0 0 0 0 0 0 0 0 0 0 0 0 0 
2024 1032 0 0 0 0 0 0 0 0 0 0 0 0 0 0 
2040 1032 0 0 0 0 0 0 0 0 0 0 0 0 0 0 
2056 1032 0 0 0 0 0 0 0 0 0 0 0 0 0 0 
2072 1032 0 0 0 0 0 0 0 0 0 0 0 0 0 0 
2088 1032 0 0 0 0 0 0 0 0 0 0 0 0 0 0 
2104 1032 0 0 0 0 0 0 0 0 0 0 0 0 0 0 
2120 1032 0 0 0 0 0 0 0 0 0 0 0 0 0 0 
2136 1032 0 0 0 0 0 0 0 0 0 0 0 0 0 0 
2152 1032 0 0 0 0 0 0 0 0 0 0 0 0 0 0 
2168 1032 0 0 0 0 0 0 0 0 0 0 0 0 0 0 
2184 1032 0 0 0 0 0 0 0 0 0 0 0 0 0 0 
2200 1032 0 0 0 0 0 0 0 0 0 0 0 0 0 0 
2216 1032 0 0 0 0 0 0 0 0 0 0 0 0 0 0 
2232 1032 0 0 0 0 0 0 0 0 0 0 0 0 0 0 
2248 1032 0 0 0 0 0 0 0 0 0 0 0 0 0 0 
2264 1032 0 0 0 0 0 0 0 0 0 0 0 0 0 0 
2280 1032 0 0 0 0 0 0 0 0 0 0 0 0 0 0 
2296 1032 0 0 0 0 0 0 0 0 0 0 0 0 0 0 
2312 1032 0 0 0 0 0 0 0 0 0 0 0 0 0 0 
2328 1032 0 0 0 0 0 0 0 0 0 0 0 0 0 0 
2344 1032 0 0 0 0 0 0 0 0 0 0 0 0 0 0 
2360 1032 0 0 0 0 0 0 0 0 0 0 0 0 0 0 
2376 1032 0 0 0 0 0 0 0 0 0 0 0 0 0 0 
2392 1032 0 0 0 0 0 0 0 0 0 0 0 0 0 0 
2408 1032 0 0 0 0 0 0 0 0 0 0 0 0 0 0 
2424 1032 0 0 0 0 0 0 0 0 0 0 0 0 0 0 
2440 1032 0 0 0 0 0 0 0 0 0 0 0 0 0 0 
2456 1032 0 0 0 0 0 0 0 0 0 0 0 0 0 0 
2472 1032 0 0 0 0 0 0 0 0 0 0 0 0 0 0 
2488 1032 0 0 0 0 0 0 0 0 0 0 0 0 0 0 
2504 1032 0 0 0 0 0 0 0 0 0 0 0 0 0 0 
2520 1032 0 0 0 0 0 0 0 0 0 0 0 0 0 0 
2536 1032 0 0 0 0 0 0 0 0 0 0 0 0 0 0 
24 1048 0 0 0 0 0 0 0 0 0 0 0 0 0 0 
40 1048 0 0 0 0 0 0 0 0 0 0 0 0 0 0 
56 1048 0 0 0 0 0 0 0 0 0 0 0 0 0 0 
72 1048 0 0 0 0 0 0 0 0 0 0 0 0 0 0 
88 1048 0 0 0 0 0 0 0 0 0 0 0 0 0 0 
104 1048 0 0 0 0 0 0 0 0 0 0 0 0 0 0 
120 1048 0 0 0 0 0 0 0 0 0 0 0 0 0 0 
136 1048 0 0 0 0 0 0 0 0 0 0 0 0 0 0 
152 1048 0 0 0 0 0 0 0 0 0 0 0 0 0 0 
168 1048 0 0 0 0 0 0 0 0 0 0 0 0 0 0 
184 1048 0 0 0 0 0 0 0 0 0 0 0 0 0 0 
200 1048 0 0 0 0 0 0 0 0 0 0 0 0 0 0 
216 1048 0 0 0 0 0 0 0 0 0 0 0 0 0 0 
232 1048 0 0 0 0 0 0 0 0 0 0 0 0 0 0 
248 1048 0 0 0 0 0 0 0 0 0 0 0 0 0 0 
264 1048 0 0 0 0 0 0 0 0 0 0 0 0 0 0 
280 1048 0 0 0 0 0 0 0 0 0 0 0 0 0 0 
296 1048 0 0 0 0 0 0 0 0 0 0 0 0 0 0 
312 1048 0 0 0 0 0 0 0 0 0 0 0 0 0 0 
328 1048 0 0 0 0 0 0 0 0 0 0 0 0 0 0 
344 1048 0 0 0 0 0 0 0 0 0 0 0 0 0 0 
360 1048 0 0 0 0 0 0 0 0 0 0 0 0 0 0 
376 1048 0 0 0 0 0 0 0 0 0 0 0 0 0 0 
392 1048 0 0 0 0 0 0 0 0 0 0 0 0 0 0 
408 1048 0 0 0 0 0 0 0 0 0 0 0 0 0 0 
424 1048 0 0 0 0 0 0 0 0 0 0 0 0 0 0 
440 1048 0 0 0 0 0 0 0 0 0 0 0 0 0 0 
456 1048 0 0 0 0 0 0 0 0 0 0 0 0 0 0 
472 1048 0 0 0 0 0 0 0 0 0 0 0 0 0 0 
488 1048 0 0 0 0 0 0 0 0 0 0 0 0 0 0 
504 1048 0 0 0 0 0 0 0 0 0 0 0 0 0 0 
520 1048 0 0 0 0 0 0 0 0 0 0 0 0 0 0 
536 1048 0 0 0 0 0 0 0 0 0 0 0 0 0 0 
552 1048 0 0 0 0 0 0 0 0 0 0 0 0 0 0 
568 1048 0 0 0 0 0 0 0 0 0 0 0 0 0 0 
584 1048 0 0 0 0 0 0 0 0 0 0 0 0 0 0 
600 1048 0 0 0 0 0 0 0 0 0 0 0 0 0 0 
616 1048 0 0 0 0 0 0 0 0 0 0 0 0 0 0 
632 1048 0 0 0 0 0 0 0 0 0 0 0 0 0 0 
648 1048 0 0 0 0 0 0 0 0 0 0 0 0 0 0 
664 1048 0 0 0 0 0 0 0 0 0 0 0 0 0 0 
680 1048 0 0 0 0 0 0 0 0 0 0 0 0 0 0 
696 1048 0 0 0 0 0 0 0 0 0 0 0 0 0 0 
712 1048 0 0 0 0 0 0 0 0 0 0 0 0 0 0 
728 1048 0 0 0 0 0 0 0 0 0 0 0 0 0 0 
744 1048 0 0 0 0 0 0 0 0 0 0 0 0 0 0 
760 1048 0 0 0 0 0 0 0 0 0 0 0 0 0 0 
776 1048 0 0 0 0 0 0 0 0 0 0 0 0 0 0 
792 1048 0 0 0 0 0 0 0 0 0 0 0 0 0 0 
808 1048 0 0 0 0 0 0 0 0 0 0 0 0 0 0 
824 1048 0 0 0 0 0 0 0 0 0 0 0 0 0 0 
840 1048 0 0 0 0 0 0 0 0 0 0 0 0 0 0 
856 1048 0 0 0 0 0 0 0 0 0 0 0 0 0 0 
872 1048 0 0 0 0 0 0 0 0 0 0 0 0 0 0 
888 1048 0 0 0 0 0 0 0 0 0 0 0 0 0 0 
904 1048 0 0 0 0 0 0 0 0 0 0 0 0 0 0 
920 1048 0 0 0 0 0 0 0 0 0 0 0 0 0 0 
936 1048 0 0 0 0 0 0 0 0 0 0 0 0 0 0 
952 1048 0 0 0 0 0 0 0 0 0 0 0 0 0 0 
968 1048 0 0 0 0 0 0 0 0 0 0 0 0 0 0 
984 1048 0 0 0 0 0 0 0 0 0 0 0 0 0 0 
1000 1048 0 0 0 0 0 0 0 0 0 0 0 0 0 0 
1016 1048 0 0 0 0 0 0 0 0 0 0 0 0 0 0 
1032 1048 0 0 0 0 0 0 0 0 0 0 0 0 0 0 
1048 1048 0 0 0 0 0 0 0 0 0 0 0 0 0 0 
1064 1048 0 0 0 0 0 0 0 0 0 0 0 0 0 0 
1080 1048 0 0 0 0 0 0 0 0 0 0 0 0 0 0 
1096 1048 0 0 0 0 0 0 0 0 0 0 0 0 0 0 
1112 1048 0 0 0 0 0 0 0 0 0 0 0 0 0 0 
1128 1048 0 0 0 0 0 0 0 0 0 0 0 0 0 0 
1144 1048 0 0 0 0 0 0 0 0 0 0 0 0 0 0 
1160 1048 0 0 0 0 0 0 0 0 0 0 0 0 0 0 
1176 1048 0 0 0 0 0 0 0 0 0 0 0 0 0 0 
1192 1048 0 0 0 0 0 0 0 0 0 0 0 0 0 0 
1208 1048 0 0 0 0 0 0 0 0 0 0 0 0 0 0 
1224 1048 0 0 0 0 0 0 0 0 0 0 0 0 0 0 
1240 1048 0 0 0 0 0 0 0 0 0 0 0 0 0 0 
1256 1048 0 0 0 0 0 0 0 0 0 0 0 0 0 0 
1272 1048 0 0 0 0 0 0 0 0 0 0 0 0 0 0 
1288 1048 0 0 0 0 0 0 0 0 0 0 0 0 0 0 
1304 1048 0 0 0 0 0 0 0 0 0 0 0 0 0 0 
1320 1048 0 0 0 0 0 0 0 0 0 0 0 0 0 0 
1336 1048 0 0 0 0 0 0 0 0 0 0 0 0 0 0 
1352 1048 0 0 0 0 0 0 0 0 0 0 0 0 0 0 
1368 1048 0 0 0 0 0 0 0 0 0 0 0 0 0 0 
1384 1048 0 0 0 0 0 0 0 0 0 0 0 0 0 0 
1400 1048 0 0 0 0 0 0 0 0 0 0 0 0 0 0 
1416 1048 0 0 0 0 0 0 0 0 0 0 0 0 0 0 
1432 1048 0 0 0 0 0 0 0 0 0 0 0 0 0 0 
1448 1048 0 0 0 0 0 0 0 0 0 0 0 0 0 0 
1464 1048 0 0 0 0 0 0 0 0 0 0 0 0 0 0 
1480 1048 0 0 0 0 0 0 0 0 0 0 0 0 0 0 
1496 1048 0 0 0 0 0 0 0 0 0 0 0 0 0 0 
1512 1048 0 0 0 0 0 0 0 0 0 0 0 0 0 0 
1528 1048 0 0 0 0 0 0 0 0 0 0 0 0 0 0 
1544 1048 0 0 0 0 0 0 0 0 0 0 0 0 0 0 
1560 1048 0 0 0 0 0 0 0 0 0 0 0 0 0 0 
1576 1048 0 0 0 0 0 0 0 0 0 0 0 0 0 0 
1592 1048 0 0 0 0 0 0 0 0 0 0 0 0 0 0 
1608 1048 0 0 0 0 0 0 0 0 0 0 0 0 0 0 
1624 1048 0 0 0 0 0 0 0 0 0 0 0 0 0 0 
1640 1048 0 0 0 0 0 0 0 0 0 0 0 0 0 0 
1656 1048 0 0 0 0 0 0 0 0 0 0 0 0 0 0 
1672 1048 0 0 0 0 0 0 0 0 0 0 0 0 0 0 
1688 1048 0 0 0 0 0 0 0 0 0 0 0 0 0 0 
1704 1048 0 0 0 0 0 0 0 0 0 0 0 0 0 0 
1720 1048 0 0 0 0 0 0 0 0 0 0 0 0 0 0 
1736 1048 0 0 0 0 0 0 0 0 0 0 0 0 0 0 
1752 1048 0 0 0 0 0 0 0 0 0 0 0 0 0 0 
1768 1048 0 0 0 0 0 0 0 0 0 0 0 0 0 0 
1784 1048 0 0 0 0 0 0 0 0 0 0 0 0 0 0 
1800 1048 0 0 0 0 0 0 0 0 0 0 0 0 0 0 
1816 1048 0 0 0 0 0 0 0 0 0 0 0 0 0 0 
1832 1048 0 0 0 0 0 0 0 0 0 0 0 0 0 0 
1848 1048 0 0 0 0 0 0 0 0 0 0 0 0 0 0 
1864 1048 0 0 0 0 0 0 0 0 0 0 0 0 0 0 
1880 1048 0 0 0 0 0 0 0 0 0 0 0 0 0 0 
1896 1048 0 0 0 0 0 0 0 0 0 0 0 0 0 0 
1912 1048 0 0 0 0 0 0 0 0 0 0 0 0 0 0 
1928 1048 0 0 0 0 0 0 0 0 0 0 0 0 0 0 
1944 1048 0 0 0 0 0 0 0 0 0 0 0 0 0 0 
1960 1048 0 0 0 0 0 0 0 0 0 0 0 0 0 0 
1976 1048 0 0 0 0 0 0 0 0 0 0 0 0 0 0 
1992 1048 0 0 0 0 0 0 0 0 0 0 0 0 0 0 
2008 1048 0 0 0 0 0 0 0 0 0 0 0 0 0 0 
2024 1048 0 0 0 0 0 0 0 0 0 0 0 0 0 0 
2040 1048 0 0 0 0 0 0 0 0 0 0 0 0 0 0 
2056 1048 0 0 0 0 0 0 0 0 0 0 0 0 0 0 
2072 1048 0 0 0 0 0 0 0 0 0 0 0 0 0 0 
2088 1048 0 0 0 0 0 0 0 0 0 0 0 0 0 0 
2104 1048 0 0 0 0 0 0 0 0 0 0 0 0 0 0 
2120 1048 0 0 0 0 0 0 0 0 0 0 0 0 0 0 
2136 1048 0 0 0 0 0 0 0 0 0 0 0 0 0 0 
2152 1048 0 0 0 0 0 0 0 0 0 0 0 0 0 0 
2168 1048 0 0 0 0 0 0 0 0 0 0 0 0 0 0 
2184 1048 0 0 0 0 0 0 0 0 0 0 0 0 0 0 
2200 1048 0 0 0 0 0 0 0 0 0 0 0 0 0 0 
2216 1048 0 0 0 0 0 0 0 0 0 0 0 0 0 0 
2232 1048 0 0 0 0 0 0 0 0 0 0 0 0 0 0 
2248 1048 0 0 0 0 0 0 0 0 0 0 0 0 0 0 
2264 1048 0 0 0 0 0 0 0 0 0 0 0 0 0 0 
2280 1048 0 0 0 0 0 0 0 0 0 0 0 0 0 0 
2296 1048 0 0 0 0 0 0 0 0 0 0 0 0 0 0 
2312 1048 0 0 0 0 0 0 0 0 0 0 0 0 0 0 
2328 1048 0 0 0 0 0 0 0 0 0 0 0 0 0 0 
2344 1048 0 0 0 0 0 0 0 0 0 0 0 0 0 0 
2360 1048 0 0 0 0 0 0 0 0 0 0 0 0 0 0 
2376 1048 0 0 0 0 0 0 0 0 0 0 0 0 0 0 
2392 1048 0 0 0 0 0 0 0 0 0 0 0 0 0 0 
2408 1048 0 0 0 0 0 0 0 0 0 0 0 0 0 0 
2424 1048 0 0 0 0 0 0 0 0 0 0 0 0 0 0 
2440 1048 0 0 0 0 0 0 0 0 0 0 0 0 0 0 
2456 1048 0 0 0 0 0 0 0 0 0 0 0 0 0 0 
2472 1048 0 0 0 0 0 0 0 0 0 0 0 0 0 0 
2488 1048 0 0 0 0 0 0 0 0 0 0 0 0 0 0 
2504 1048 0 0 0 0 0 0 0 0 0 0 0 0 0 0 
2520 1048 0 0 0 0 0 0 0 0 0 0 0 0 0 0 
2536 1048 0 0 0 0 0 0 0 0 0 0 0 0 0 0 
24 1064 0 0 0 0 0 0 0 0 0 0 0 0 0 0 
40 1064 0 0 0 0 0 0 0 0 0 0 0 0 0 0 
56 1064 0 0 0 0 0 0 0 0 0 0 0 0 0 0 
72 1064 0 0 0 0 0 0 0 0 0 0 0 0 0 0 
88 1064 0 0 0 0 0 0 0 0 0 0 0 0 0 0 
104 1064 0 0 0 0 0 0 0 0 0 0 0 0 0 0 
120 1064 0 0 0 0 0 0 0 0 0 0 0 0 0 0 
136 1064 0 0 0 0 0 0 0 0 0 0 0 0 0 0 
152 1064 0 0 0 0 0 0 0 0 0 0 0 0 0 0 
168 1064 0 0 0 0 0 0 0 0 0 0 0 0 0 0 
184 1064 0 0 0 0 0 0 0 0 0 0 0 0 0 0 
200 1064 0 0 0 0 0 0 0 0 0 0 0 0 0 0 
216 1064 0 0 0 0 0 0 0 0 0 0 0 0 0 0 
232 1064 0 0 0 0 0 0 0 0 0 0 0 0 0 0 
248 1064 0 0 0 0 0 0 0 0 0 0 0 0 0 0 
264 1064 0 0 0 0 0 0 0 0 0 0 0 0 0 0 
280 1064 0 0 0 0 0 0 0 0 0 0 0 0 0 0 
296 1064 0 0 0 0 0 0 0 0 0 0 0 0 0 0 
312 1064 0 0 0 0 0 0 0 0 0 0 0 0 0 0 
328 1064 0 0 0 0 0 0 0 0 0 0 0 0 0 0 
344 1064 0 0 0 0 0 0 0 0 0 0 0 0 0 0 
360 1064 0 0 0 0 0 0 0 0 0 0 0 0 0 0 
376 1064 0 0 0 0 0 0 0 0 0 0 0 0 0 0 
392 1064 0 0 0 0 0 0 0 0 0 0 0 0 0 0 
408 1064 0 0 0 0 0 0 0 0 0 0 0 0 0 0 
424 1064 0 0 0 0 0 0 0 0 0 0 0 0 0 0 
440 1064 0 0 0 0 0 0 0 0 0 0 0 0 0 0 
456 1064 0 0 0 0 0 0 0 0 0 0 0 0 0 0 
472 1064 0 0 0 0 0 0 0 0 0 0 0 0 0 0 
488 1064 0 0 0 0 0 0 0 0 0 0 0 0 0 0 
504 1064 0 0 0 0 0 0 0 0 0 0 0 0 0 0 
520 1064 0 0 0 0 0 0 0 0 0 0 0 0 0 0 
536 1064 0 0 0 0 0 0 0 0 0 0 0 0 0 0 
552 1064 0 0 0 0 0 0 0 0 0 0 0 0 0 0 
568 1064 0 0 0 0 0 0 0 0 0 0 0 0 0 0 
584 1064 0 0 0 0 0 0 0 0 0 0 0 0 0 0 
600 1064 0 0 0 0 0 0 0 0 0 0 0 0 0 0 
616 1064 0 0 0 0 0 0 0 0 0 0 0 0 0 0 
632 1064 0 0 0 0 0 0 0 0 0 0 0 0 0 0 
648 1064 0 0 0 0 0 0 0 0 0 0 0 0 0 0 
664 1064 0 0 0 0 0 0 0 0 0 0 0 0 0 0 
680 1064 0 0 0 0 0 0 0 0 0 0 0 0 0 0 
696 1064 0 0 0 0 0 0 0 0 0 0 0 0 0 0 
712 1064 0 0 0 0 0 0 0 0 0 0 0 0 0 0 
728 1064 0 0 0 0 0 0 0 0 0 0 0 0 0 0 
744 1064 0 0 0 0 0 0 0 0 0 0 0 0 0 0 
760 1064 0 0 0 0 0 0 0 0 0 0 0 0 0 0 
776 1064 0 0 0 0 0 0 0 0 0 0 0 0 0 0 
792 1064 0 0 0 0 0 0 0 0 0 0 0 0 0 0 
808 1064 0 0 0 0 0 0 0 0 0 0 0 0 0 0 
824 1064 0 0 0 0 0 0 0 0 0 0 0 0 0 0 
840 1064 0 0 0 0 0 0 0 0 0 0 0 0 0 0 
856 1064 0 0 0 0 0 0 0 0 0 0 0 0 0 0 
872 1064 0 0 0 0 0 0 0 0 0 0 0 0 0 0 
888 1064 0 0 0 0 0 0 0 0 0 0 0 0 0 0 
904 1064 0 0 0 0 0 0 0 0 0 0 0 0 0 0 
920 1064 0 0 0 0 0 0 0 0 0 0 0 0 0 0 
936 1064 0 0 0 0 0 0 0 0 0 0 0 0 0 0 
952 1064 0 0 0 0 0 0 0 0 0 0 0 0 0 0 
968 1064 0 0 0 0 0 0 0 0 0 0 0 0 0 0 
984 1064 0 0 0 0 0 0 0 0 0 0 0 0 0 0 
1000 1064 0 0 0 0 0 0 0 0 0 0 0 0 0 0 
1016 1064 0 0 0 0 0 0 0 0 0 0 0 0 0 0 
1032 1064 0 0 0 0 0 0 0 0 0 0 0 0 0 0 
1048 1064 0 0 0 0 0 0 0 0 0 0 0 0 0 0 
1064 1064 0 0 0 0 0 0 0 0 0 0 0 0 0 0 
1080 1064 0 0 0 0 0 0 0 0 0 0 0 0 0 0 
1096 1064 0 0 0 0 0 0 0 0 0 0 0 0 0 0 
1112 1064 0 0 0 0 0 0 0 0 0 0 0 0 0 0 
1128 1064 0 0 0 0 0 0 0 0 0 0 0 0 0 0 
1144 1064 0 0 0 0 0 0 0 0 0 0 0 0 0 0 
1160 1064 0 0 0 0 0 0 0 0 0 0 0 0 0 0 
1176 1064 0 0 0 0 0 0 0 0 0 0 0 0 0 0 
1192 1064 0 0 0 0 0 0 0 0 0 0 0 0 0 0 
1208 1064 0 0 0 0 0 0 0 0 0 0 0 0 0 0 
1224 1064 0 0 0 0 0 0 0 0 0 0 0 0 0 0 
1240 1064 0 0 0 0 0 0 0 0 0 0 0 0 0 0 
1256 1064 0 0 0 0 0 0 0 0 0 0 0 0 0 0 
1272 1064 0 0 0 0 0 0 0 0 0 0 0 0 0 0 
1288 1064 0 0 0 0 0 0 0 0 0 0 0 0 0 0 
1304 1064 0 0 0 0 0 0 0 0 0 0 0 0 0 0 
1320 1064 0 0 0 0 0 0 0 0 0 0 0 0 0 0 
1336 1064 0 0 0 0 0 0 0 0 0 0 0 0 0 0 
1352 1064 0 0 0 0 0 0 0 0 0 0 0 0 0 0 
1368 1064 0 0 0 0 0 0 0 0 0 0 0 0 0 0 
1384 1064 0 0 0 0 0 0 0 0 0 0 0 0 0 0 
1400 1064 0 0 0 0 0 0 0 0 0 0 0 0 0 0 
1416 1064 0 0 0 0 0 0 0 0 0 0 0 0 0 0 
1432 1064 0 0 0 0 0 0 0 0 0 0 0 0 0 0 
1448 1064 0 0 0 0 0 0 0 0 0 0 0 0 0 0 
1464 1064 0 0 0 0 0 0 0 0 0 0 0 0 0 0 
1480 1064 0 0 0 0 0 0 0 0 0 0 0 0 0 0 
1496 1064 0 0 0 0 0 0 0 0 0 0 0 0 0 0 
1512 1064 0 0 0 0 0 0 0 0 0 0 0 0 0 0 
1528 1064 0 0 0 0 0 0 0 0 0 0 0 0 0 0 
1544 1064 0 0 0 0 0 0 0 0 0 0 0 0 0 0 
1560 1064 0 0 0 0 0 0 0 0 0 0 0 0 0 0 
1576 1064 0 0 0 0 0 0 0 0 0 0 0 0 0 0 
1592 1064 0 0 0 0 0 0 0 0 0 0 0 0 0 0 
1608 1064 0 0 0 0 0 0 0 0 0 0 0 0 0 0 
1624 1064 0 0 0 0 0 0 0 0 0 0 0 0 0 0 
1640 1064 0 0 0 0 0 0 0 0 0 0 0 0 0 0 
1656 1064 0 0 0 0 0 0 0 0 0 0 0 0 0 0 
1672 1064 0 0 0 0 0 0 0 0 0 0 0 0 0 0 
1688 1064 0 0 0 0 0 0 0 0 0 0 0 0 0 0 
1704 1064 0 0 0 0 0 0 0 0 0 0 0 0 0 0 
1720 1064 0 0 0 0 0 0 0 0 0 0 0 0 0 0 
1736 1064 0 0 0 0 0 0 0 0 0 0 0 0 0 0 
1752 1064 0 0 0 0 0 0 0 0 0 0 0 0 0 0 
1768 1064 0 0 0 0 0 0 0 0 0 0 0 0 0 0 
1784 1064 0 0 0 0 0 0 0 0 0 0 0 0 0 0 
1800 1064 0 0 0 0 0 0 0 0 0 0 0 0 0 0 
1816 1064 0 0 0 0 0 0 0 0 0 0 0 0 0 0 
1832 1064 0 0 0 0 0 0 0 0 0 0 0 0 0 0 
1848 1064 0 0 0 0 0 0 0 0 0 0 0 0 0 0 
1864 1064 0 0 0 0 0 0 0 0 0 0 0 0 0 0 
1880 1064 0 0 0 0 0 0 0 0 0 0 0 0 0 0 
1896 1064 0 0 0 0 0 0 0 0 0 0 0 0 0 0 
1912 1064 0 0 0 0 0 0 0 0 0 0 0 0 0 0 
1928 1064 0 0 0 0 0 0 0 0 0 0 0 0 0 0 
1944 1064 0 0 0 0 0 0 0 0 0 0 0 0 0 0 
1960 1064 0 0 0 0 0 0 0 0 0 0 0 0 0 0 
1976 1064 0 0 0 0 0 0 0 0 0 0 0 0 0 0 
1992 1064 0 0 0 0 0 0 0 0 0 0 0 0 0 0 
2008 1064 0 0 0 0 0 0 0 0 0 0 0 0 0 0 
2024 1064 0 0 0 0 0 0 0 0 0 0 0 0 0 0 
2040 1064 0 0 0 0 0 0 0 0 0 0 0 0 0 0 
2056 1064 0 0 0 0 0 0 0 0 0 0 0 0 0 0 
2072 1064 0 0 0 0 0 0 0 0 0 0 0 0 0 0 
2088 1064 0 0 0 0 0 0 0 0 0 0 0 0 0 0 
2104 1064 0 0 0 0 0 0 0 0 0 0 0 0 0 0 
2120 1064 0 0 0 0 0 0 0 0 0 0 0 0 0 0 
2136 1064 0 0 0 0 0 0 0 0 0 0 0 0 0 0 
2152 1064 0 0 0 0 0 0 0 0 0 0 0 0 0 0 
2168 1064 0 0 0 0 0 0 0 0 0 0 0 0 0 0 
2184 1064 0 0 0 0 0 0 0 0 0 0 0 0 0 0 
2200 1064 0 0 0 0 0 0 0 0 0 0 0 0 0 0 
2216 1064 0 0 0 0 0 0 0 0 0 0 0 0 0 0 
2232 1064 0 0 0 0 0 0 0 0 0 0 0 0 0 0 
2248 1064 0 0 0 0 0 0 0 0 0 0 0 0 0 0 
2264 1064 0 0 0 0 0 0 0 0 0 0 0 0 0 0 
2280 1064 0 0 0 0 0 0 0 0 0 0 0 0 0 0 
2296 1064 0 0 0 0 0 0 0 0 0 0 0 0 0 0 
2312 1064 0 0 0 0 0 0 0 0 0 0 0 0 0 0 
2328 1064 0 0 0 0 0 0 0 0 0 0 0 0 0 0 
2344 1064 0 0 0 0 0 0 0 0 0 0 0 0 0 0 
2360 1064 0 0 0 0 0 0 0 0 0 0 0 0 0 0 
2376 1064 0 0 0 0 0 0 0 0 0 0 0 0 0 0 
2392 1064 0 0 0 0 0 0 0 0 0 0 0 0 0 0 
2408 1064 0 0 0 0 0 0 0 0 0 0 0 0 0 0 
2424 1064 0 0 0 0 0 0 0 0 0 0 0 0 0 0 
2440 1064 0 0 0 0 0 0 0 0 0 0 0 0 0 0 
2456 1064 0 0 0 0 0 0 0 0 0 0 0 0 0 0 
2472 1064 0 0 0 0 0 0 0 0 0 0 0 0 0 0 
2488 1064 0 0 0 0 0 0 0 0 0 0 0 0 0 0 
2504 1064 0 0 0 0 0 0 0 0 0 0 0 0 0 0 
2520 1064 0 0 0 0 0 0 0 0 0 0 0 0 0 0 
2536 1064 0 0 0 0 0 0 0 0 0 0 0 0 0 0 
24 1080 0 0 0 0 0 0 0 0 0 0 0 0 0 0 
40 1080 0 0 0 0 0 0 0 0 0 0 0 0 0 0 
56 1080 0 0 0 0 0 0 0 0 0 0 0 0 0 0 
72 1080 0 0 0 0 0 0 0 0 0 0 0 0 0 0 
88 1080 0 0 0 0 0 0 0 0 0 0 0 0 0 0 
104 1080 0 0 0 0 0 0 0 0 0 0 0 0 0 0 
120 1080 0 0 0 0 0 0 0 0 0 0 0 0 0 0 
136 1080 0 0 0 0 0 0 0 0 0 0 0 0 0 0 
152 1080 0 0 0 0 0 0 0 0 0 0 0 0 0 0 
168 1080 0 0 0 0 0 0 0 0 0 0 0 0 0 0 
184 1080 0 0 0 0 0 0 0 0 0 0 0 0 0 0 
200 1080 0 0 0 0 0 0 0 0 0 0 0 0 0 0 
216 1080 0 0 0 0 0 0 0 0 0 0 0 0 0 0 
232 1080 0 0 0 0 0 0 0 0 0 0 0 0 0 0 
248 1080 0 0 0 0 0 0 0 0 0 0 0 0 0 0 
264 1080 0 0 0 0 0 0 0 0 0 0 0 0 0 0 
280 1080 0 0 0 0 0 0 0 0 0 0 0 0 0 0 
296 1080 0 0 0 0 0 0 0 0 0 0 0 0 0 0 
312 1080 0 0 0 0 0 0 0 0 0 0 0 0 0 0 
328 1080 0 0 0 0 0 0 0 0 0 0 0 0 0 0 
344 1080 0 0 0 0 0 0 0 0 0 0 0 0 0 0 
360 1080 0 0 0 0 0 0 0 0 0 0 0 0 0 0 
376 1080 0 0 0 0 0 0 0 0 0 0 0 0 0 0 
392 1080 0 0 0 0 0 0 0 0 0 0 0 0 0 0 
408 1080 0 0 0 0 0 0 0 0 0 0 0 0 0 0 
424 1080 0 0 0 0 0 0 0 0 0 0 0 0 0 0 
440 1080 0 0 0 0 0 0 0 0 0 0 0 0 0 0 
456 1080 0 0 0 0 0 0 0 0 0 0 0 0 0 0 
472 1080 0 0 0 0 0 0 0 0 0 0 0 0 0 0 
488 1080 0 0 0 0 0 0 0 0 0 0 0 0 0 0 
504 1080 0 0 0 0 0 0 0 0 0 0 0 0 0 0 
520 1080 0 0 0 0 0 0 0 0 0 0 0 0 0 0 
536 1080 0 0 0 0 0 0 0 0 0 0 0 0 0 0 
552 1080 0 0 0 0 0 0 0 0 0 0 0 0 0 0 
568 1080 0 0 0 0 0 0 0 0 0 0 0 0 0 0 
584 1080 0 0 0 0 0 0 0 0 0 0 0 0 0 0 
600 1080 0 0 0 0 0 0 0 0 0 0 0 0 0 0 
616 1080 0 0 0 0 0 0 0 0 0 0 0 0 0 0 
632 1080 0 0 0 0 0 0 0 0 0 0 0 0 0 0 
648 1080 0 0 0 0 0 0 0 0 0 0 0 0 0 0 
664 1080 0 0 0 0 0 0 0 0 0 0 0 0 0 0 
680 1080 0 0 0 0 0 0 0 0 0 0 0 0 0 0 
696 1080 0 0 0 0 0 0 0 0 0 0 0 0 0 0 
712 1080 0 0 0 0 0 0 0 0 0 0 0 0 0 0 
728 1080 0 0 0 0 0 0 0 0 0 0 0 0 0 0 
744 1080 0 0 0 0 0 0 0 0 0 0 0 0 0 0 
760 1080 0 0 0 0 0 0 0 0 0 0 0 0 0 0 
776 1080 0 0 0 0 0 0 0 0 0 0 0 0 0 0 
792 1080 0 0 0 0 0 0 0 0 0 0 0 0 0 0 
808 1080 0 0 0 0 0 0 0 0 0 0 0 0 0 0 
824 1080 0 0 0 0 0 0 0 0 0 0 0 0 0 0 
840 1080 0 0 0 0 0 0 0 0 0 0 0 0 0 0 
856 1080 0 0 0 0 0 0 0 0 0 0 0 0 0 0 
872 1080 0 0 0 0 0 0 0 0 0 0 0 0 0 0 
888 1080 0 0 0 0 0 0 0 0 0 0 0 0 0 0 
904 1080 0 0 0 0 0 0 0 0 0 0 0 0 0 0 
920 1080 0 0 0 0 0 0 0 0 0 0 0 0 0 0 
936 1080 0 0 0 0 0 0 0 0 0 0 0 0 0 0 
952 1080 0 0 0 0 0 0 0 0 0 0 0 0 0 0 
968 1080 0 0 0 0 0 0 0 0 0 0 0 0 0 0 
984 1080 0 0 0 0 0 0 0 0 0 0 0 0 0 0 
1000 1080 0 0 0 0 0 0 0 0 0 0 0 0 0 0 
1016 1080 0 0 0 0 0 0 0 0 0 0 0 0 0 0 
1032 1080 0 0 0 0 0 0 0 0 0 0 0 0 0 0 
1048 1080 0 0 0 0 0 0 0 0 0 0 0 0 0 0 
1064 1080 0 0 0 0 0 0 0 0 0 0 0 0 0 0 
1080 1080 0 0 0 0 0 0 0 0 0 0 0 0 0 0 
1096 1080 0 0 0 0 0 0 0 0 0 0 0 0 0 0 
1112 1080 0 0 0 0 0 0 0 0 0 0 0 0 0 0 
1128 1080 0 0 0 0 0 0 0 0 0 0 0 0 0 0 
1144 1080 0 0 0 0 0 0 0 0 0 0 0 0 0 0 
1160 1080 0 0 0 0 0 0 0 0 0 0 0 0 0 0 
1176 1080 0 0 0 0 0 0 0 0 0 0 0 0 0 0 
1192 1080 0 0 0 0 0 0 0 0 0 0 0 0 0 0 
1208 1080 0 0 0 0 0 0 0 0 0 0 0 0 0 0 
1224 1080 0 0 0 0 0 0 0 0 0 0 0 0 0 0 
1240 1080 0 0 0 0 0 0 0 0 0 0 0 0 0 0 
1256 1080 0 0 0 0 0 0 0 0 0 0 0 0 0 0 
1272 1080 0 0 0 0 0 0 0 0 0 0 0 0 0 0 
1288 1080 0 0 0 0 0 0 0 0 0 0 0 0 0 0 
1304 1080 0 0 0 0 0 0 0 0 0 0 0 0 0 0 
1320 1080 0 0 0 0 0 0 0 0 0 0 0 0 0 0 
1336 1080 0 0 0 0 0 0 0 0 0 0 0 0 0 0 
1352 1080 0 0 0 0 0 0 0 0 0 0 0 0 0 0 
1368 1080 0 0 0 0 0 0 0 0 0 0 0 0 0 0 
1384 1080 0 0 0 0 0 0 0 0 0 0 0 0 0 0 
1400 1080 0 0 0 0 0 0 0 0 0 0 0 0 0 0 
1416 1080 0 0 0 0 0 0 0 0 0 0 0 0 0 0 
1432 1080 0 0 0 0 0 0 0 0 0 0 0 0 0 0 
1448 1080 0 0 0 0 0 0 0 0 0 0 0 0 0 0 
1464 1080 0 0 0 0 0 0 0 0 0 0 0 0 0 0 
1480 1080 0 0 0 0 0 0 0 0 0 0 0 0 0 0 
1496 1080 0 0 0 0 0 0 0 0 0 0 0 0 0 0 
1512 1080 0 0 0 0 0 0 0 0 0 0 0 0 0 0 
1528 1080 0 0 0 0 0 0 0 0 0 0 0 0 0 0 
1544 1080 0 0 0 0 0 0 0 0 0 0 0 0 0 0 
1560 1080 0 0 0 0 0 0 0 0 0 0 0 0 0 0 
1576 1080 0 0 0 0 0 0 0 0 0 0 0 0 0 0 
1592 1080 0 0 0 0 0 0 0 0 0 0 0 0 0 0 
1608 1080 0 0 0 0 0 0 0 0 0 0 0 0 0 0 
1624 1080 0 0 0 0 0 0 0 0 0 0 0 0 0 0 
1640 1080 0 0 0 0 0 0 0 0 0 0 0 0 0 0 
1656 1080 0 0 0 0 0 0 0 0 0 0 0 0 0 0 
1672 1080 0 0 0 0 0 0 0 0 0 0 0 0 0 0 
1688 1080 0 0 0 0 0 0 0 0 0 0 0 0 0 0 
1704 1080 0 0 0 0 0 0 0 0 0 0 0 0 0 0 
1720 1080 0 0 0 0 0 0 0 0 0 0 0 0 0 0 
1736 1080 0 0 0 0 0 0 0 0 0 0 0 0 0 0 
1752 1080 0 0 0 0 0 0 0 0 0 0 0 0 0 0 
1768 1080 0 0 0 0 0 0 0 0 0 0 0 0 0 0 
1784 1080 0 0 0 0 0 0 0 0 0 0 0 0 0 0 
1800 1080 0 0 0 0 0 0 0 0 0 0 0 0 0 0 
1816 1080 0 0 0 0 0 0 0 0 0 0 0 0 0 0 
1832 1080 0 0 0 0 0 0 0 0 0 0 0 0 0 0 
1848 1080 0 0 0 0 0 0 0 0 0 0 0 0 0 0 
1864 1080 0 0 0 0 0 0 0 0 0 0 0 0 0 0 
1880 1080 0 0 0 0 0 0 0 0 0 0 0 0 0 0 
1896 1080 0 0 0 0 0 0 0 0 0 0 0 0 0 0 
1912 1080 0 0 0 0 0 0 0 0 0 0 0 0 0 0 
1928 1080 0 0 0 0 0 0 0 0 0 0 0 0 0 0 
1944 1080 0 0 0 0 0 0 0 0 0 0 0 0 0 0 
1960 1080 0 0 0 0 0 0 0 0 0 0 0 0 0 0 
1976 1080 0 0 0 0 0 0 0 0 0 0 0 0 0 0 
1992 1080 0 0 0 0 0 0 0 0 0 0 0 0 0 0 
2008 1080 0 0 0 0 0 0 0 0 0 0 0 0 0 0 
2024 1080 0 0 0 0 0 0 0 0 0 0 0 0 0 0 
2040 1080 0 0 0 0 0 0 0 0 0 0 0 0 0 0 
2056 1080 0 0 0 0 0 0 0 0 0 0 0 0 0 0 
2072 1080 0 0 0 0 0 0 0 0 0 0 0 0 0 0 
2088 1080 0 0 0 0 0 0 0 0 0 0 0 0 0 0 
2104 1080 0 0 0 0 0 0 0 0 0 0 0 0 0 0 
2120 1080 0 0 0 0 0 0 0 0 0 0 0 0 0 0 
2136 1080 0 0 0 0 0 0 0 0 0 0 0 0 0 0 
2152 1080 0 0 0 0 0 0 0 0 0 0 0 0 0 0 
2168 1080 0 0 0 0 0 0 0 0 0 0 0 0 0 0 
2184 1080 0 0 0 0 0 0 0 0 0 0 0 0 0 0 
2200 1080 0 0 0 0 0 0 0 0 0 0 0 0 0 0 
2216 1080 0 0 0 0 0 0 0 0 0 0 0 0 0 0 
2232 1080 0 0 0 0 0 0 0 0 0 0 0 0 0 0 
2248 1080 0 0 0 0 0 0 0 0 0 0 0 0 0 0 
2264 1080 0 0 0 0 0 0 0 0 0 0 0 0 0 0 
2280 1080 0 0 0 0 0 0 0 0 0 0 0 0 0 0 
2296 1080 0 0 0 0 0 0 0 0 0 0 0 0 0 0 
2312 1080 0 0 0 0 0 0 0 0 0 0 0 0 0 0 
2328 1080 0 0 0 0 0 0 0 0 0 0 0 0 0 0 
2344 1080 0 0 0 0 0 0 0 0 0 0 0 0 0 0 
2360 1080 0 0 0 0 0 0 0 0 0 0 0 0 0 0 
2376 1080 0 0 0 0 0 0 0 0 0 0 0 0 0 0 
2392 1080 0 0 0 0 0 0 0 0 0 0 0 0 0 0 
2408 1080 0 0 0 0 0 0 0 0 0 0 0 0 0 0 
2424 1080 0 0 0 0 0 0 0 0 0 0 0 0 0 0 
2440 1080 0 0 0 0 0 0 0 0 0 0 0 0 0 0 
2456 1080 0 0 0 0 0 0 0 0 0 0 0 0 0 0 
2472 1080 0 0 0 0 0 0 0 0 0 0 0 0 0 0 
2488 1080 0 0 0 0 0 0 0 0 0 0 0 0 0 0 
2504 1080 0 0 0 0 0 0 0 0 0 0 0 0 0 0 
2520 1080 0 0 0 0 0 0 0 0 0 0 0 0 0 0 
2536 1080 0 0 0 0 0 0 0 0 0 0 0 0 0 0 
24 1096 0 0 0 0 0 0 0 0 0 0 0 0 0 0 
40 1096 0 0 0 0 0 0 0 0 0 0 0 0 0 0 
56 1096 0 0 0 0 0 0 0 0 0 0 0 0 0 0 
72 1096 0 0 0 0 0 0 0 0 0 0 0 0 0 0 
88 1096 0 0 0 0 0 0 0 0 0 0 0 0 0 0 
104 1096 0 0 0 0 0 0 0 0 0 0 0 0 0 0 
120 1096 0 0 0 0 0 0 0 0 0 0 0 0 0 0 
136 1096 0 0 0 0 0 0 0 0 0 0 0 0 0 0 
152 1096 0 0 0 0 0 0 0 0 0 0 0 0 0 0 
168 1096 0 0 0 0 0 0 0 0 0 0 0 0 0 0 
184 1096 0 0 0 0 0 0 0 0 0 0 0 0 0 0 
200 1096 0 0 0 0 0 0 0 0 0 0 0 0 0 0 
216 1096 0 0 0 0 0 0 0 0 0 0 0 0 0 0 
232 1096 0 0 0 0 0 0 0 0 0 0 0 0 0 0 
248 1096 0 0 0 0 0 0 0 0 0 0 0 0 0 0 
264 1096 0 0 0 0 0 0 0 0 0 0 0 0 0 0 
280 1096 0 0 0 0 0 0 0 0 0 0 0 0 0 0 
296 1096 0 0 0 0 0 0 0 0 0 0 0 0 0 0 
312 1096 0 0 0 0 0 0 0 0 0 0 0 0 0 0 
328 1096 0 0 0 0 0 0 0 0 0 0 0 0 0 0 
344 1096 0 0 0 0 0 0 0 0 0 0 0 0 0 0 
360 1096 0 0 0 0 0 0 0 0 0 0 0 0 0 0 
376 1096 0 0 0 0 0 0 0 0 0 0 0 0 0 0 
392 1096 0 0 0 0 0 0 0 0 0 0 0 0 0 0 
408 1096 0 0 0 0 0 0 0 0 0 0 0 0 0 0 
424 1096 0 0 0 0 0 0 0 0 0 0 0 0 0 0 
440 1096 0 0 0 0 0 0 0 0 0 0 0 0 0 0 
456 1096 0 0 0 0 0 0 0 0 0 0 0 0 0 0 
472 1096 0 0 0 0 0 0 0 0 0 0 0 0 0 0 
488 1096 0 0 0 0 0 0 0 0 0 0 0 0 0 0 
504 1096 0 0 0 0 0 0 0 0 0 0 0 0 0 0 
520 1096 0 0 0 0 0 0 0 0 0 0 0 0 0 0 
536 1096 0 0 0 0 0 0 0 0 0 0 0 0 0 0 
552 1096 0 0 0 0 0 0 0 0 0 0 0 0 0 0 
568 1096 0 0 0 0 0 0 0 0 0 0 0 0 0 0 
584 1096 0 0 0 0 0 0 0 0 0 0 0 0 0 0 
600 1096 0 0 0 0 0 0 0 0 0 0 0 0 0 0 
616 1096 0 0 0 0 0 0 0 0 0 0 0 0 0 0 
632 1096 0 0 0 0 0 0 0 0 0 0 0 0 0 0 
648 1096 0 0 0 0 0 0 0 0 0 0 0 0 0 0 
664 1096 0 0 0 0 0 0 0 0 0 0 0 0 0 0 
680 1096 0 0 0 0 0 0 0 0 0 0 0 0 0 0 
696 1096 0 0 0 0 0 0 0 0 0 0 0 0 0 0 
712 1096 0 0 0 0 0 0 0 0 0 0 0 0 0 0 
728 1096 0 0 0 0 0 0 0 0 0 0 0 0 0 0 
744 1096 0 0 0 0 0 0 0 0 0 0 0 0 0 0 
760 1096 0 0 0 0 0 0 0 0 0 0 0 0 0 0 
776 1096 0 0 0 0 0 0 0 0 0 0 0 0 0 0 
792 1096 0 0 0 0 0 0 0 0 0 0 0 0 0 0 
808 1096 0 0 0 0 0 0 0 0 0 0 0 0 0 0 
824 1096 0 0 0 0 0 0 0 0 0 0 0 0 0 0 
840 1096 0 0 0 0 0 0 0 0 0 0 0 0 0 0 
856 1096 0 0 0 0 0 0 0 0 0 0 0 0 0 0 
872 1096 0 0 0 0 0 0 0 0 0 0 0 0 0 0 
888 1096 0 0 0 0 0 0 0 0 0 0 0 0 0 0 
904 1096 0 0 0 0 0 0 0 0 0 0 0 0 0 0 
920 1096 0 0 0 0 0 0 0 0 0 0 0 0 0 0 
936 1096 0 0 0 0 0 0 0 0 0 0 0 0 0 0 
952 1096 0 0 0 0 0 0 0 0 0 0 0 0 0 0 
968 1096 0 0 0 0 0 0 0 0 0 0 0 0 0 0 
984 1096 0 0 0 0 0 0 0 0 0 0 0 0 0 0 
1000 1096 0 0 0 0 0 0 0 0 0 0 0 0 0 0 
1016 1096 0 0 0 0 0 0 0 0 0 0 0 0 0 0 
1032 1096 0 0 0 0 0 0 0 0 0 0 0 0 0 0 
1048 1096 0 0 0 0 0 0 0 0 0 0 0 0 0 0 
1064 1096 0 0 0 0 0 0 0 0 0 0 0 0 0 0 
1080 1096 0 0 0 0 0 0 0 0 0 0 0 0 0 0 
1096 1096 0 0 0 0 0 0 0 0 0 0 0 0 0 0 
1112 1096 0 0 0 0 0 0 0 0 0 0 0 0 0 0 
1128 1096 0 0 0 0 0 0 0 0 0 0 0 0 0 0 
1144 1096 0 0 0 0 0 0 0 0 0 0 0 0 0 0 
1160 1096 0 0 0 0 0 0 0 0 0 0 0 0 0 0 
1176 1096 0 0 0 0 0 0 0 0 0 0 0 0 0 0 
1192 1096 0 0 0 0 0 0 0 0 0 0 0 0 0 0 
1208 1096 0 0 0 0 0 0 0 0 0 0 0 0 0 0 
1224 1096 0 0 0 0 0 0 0 0 0 0 0 0 0 0 
1240 1096 0 0 0 0 0 0 0 0 0 0 0 0 0 0 
1256 1096 0 0 0 0 0 0 0 0 0 0 0 0 0 0 
1272 1096 0 0 0 0 0 0 0 0 0 0 0 0 0 0 
1288 1096 0 0 0 0 0 0 0 0 0 0 0 0 0 0 
1304 1096 0 0 0 0 0 0 0 0 0 0 0 0 0 0 
1320 1096 0 0 0 0 0 0 0 0 0 0 0 0 0 0 
1336 1096 0 0 0 0 0 0 0 0 0 0 0 0 0 0 
1352 1096 0 0 0 0 0 0 0 0 0 0 0 0 0 0 
1368 1096 0 0 0 0 0 0 0 0 0 0 0 0 0 0 
1384 1096 0 0 0 0 0 0 0 0 0 0 0 0 0 0 
1400 1096 0 0 0 0 0 0 0 0 0 0 0 0 0 0 
1416 1096 0 0 0 0 0 0 0 0 0 0 0 0 0 0 
1432 1096 0 0 0 0 0 0 0 0 0 0 0 0 0 0 
1448 1096 0 0 0 0 0 0 0 0 0 0 0 0 0 0 
1464 1096 0 0 0 0 0 0 0 0 0 0 0 0 0 0 
1480 1096 0 0 0 0 0 0 0 0 0 0 0 0 0 0 
1496 1096 0 0 0 0 0 0 0 0 0 0 0 0 0 0 
1512 1096 0 0 0 0 0 0 0 0 0 0 0 0 0 0 
1528 1096 0 0 0 0 0 0 0 0 0 0 0 0 0 0 
1544 1096 0 0 0 0 0 0 0 0 0 0 0 0 0 0 
1560 1096 0 0 0 0 0 0 0 0 0 0 0 0 0 0 
1576 1096 0 0 0 0 0 0 0 0 0 0 0 0 0 0 
1592 1096 0 0 0 0 0 0 0 0 0 0 0 0 0 0 
1608 1096 0 0 0 0 0 0 0 0 0 0 0 0 0 0 
1624 1096 0 0 0 0 0 0 0 0 0 0 0 0 0 0 
1640 1096 0 0 0 0 0 0 0 0 0 0 0 0 0 0 
1656 1096 0 0 0 0 0 0 0 0 0 0 0 0 0 0 
1672 1096 0 0 0 0 0 0 0 0 0 0 0 0 0 0 
1688 1096 0 0 0 0 0 0 0 0 0 0 0 0 0 0 
1704 1096 0 0 0 0 0 0 0 0 0 0 0 0 0 0 
1720 1096 0 0 0 0 0 0 0 0 0 0 0 0 0 0 
1736 1096 0 0 0 0 0 0 0 0 0 0 0 0 0 0 
1752 1096 0 0 0 0 0 0 0 0 0 0 0 0 0 0 
1768 1096 0 0 0 0 0 0 0 0 0 0 0 0 0 0 
1784 1096 0 0 0 0 0 0 0 0 0 0 0 0 0 0 
1800 1096 0 0 0 0 0 0 0 0 0 0 0 0 0 0 
1816 1096 0 0 0 0 0 0 0 0 0 0 0 0 0 0 
1832 1096 0 0 0 0 0 0 0 0 0 0 0 0 0 0 
1848 1096 0 0 0 0 0 0 0 0 0 0 0 0 0 0 
1864 1096 0 0 0 0 0 0 0 0 0 0 0 0 0 0 
1880 1096 0 0 0 0 0 0 0 0 0 0 0 0 0 0 
1896 1096 0 0 0 0 0 0 0 0 0 0 0 0 0 0 
1912 1096 0 0 0 0 0 0 0 0 0 0 0 0 0 0 
1928 1096 0 0 0 0 0 0 0 0 0 0 0 0 0 0 
1944 1096 0 0 0 0 0 0 0 0 0 0 0 0 0 0 
1960 1096 0 0 0 0 0 0 0 0 0 0 0 0 0 0 
1976 1096 0 0 0 0 0 0 0 0 0 0 0 0 0 0 
1992 1096 0 0 0 0 0 0 0 0 0 0 0 0 0 0 
2008 1096 0 0 0 0 0 0 0 0 0 0 0 0 0 0 
2024 1096 0 0 0 0 0 0 0 0 0 0 0 0 0 0 
2040 1096 0 0 0 0 0 0 0 0 0 0 0 0 0 0 
2056 1096 0 0 0 0 0 0 0 0 0 0 0 0 0 0 
2072 1096 0 0 0 0 0 0 0 0 0 0 0 0 0 0 
2088 1096 0 0 0 0 0 0 0 0 0 0 0 0 0 0 
2104 1096 0 0 0 0 0 0 0 0 0 0 0 0 0 0 
2120 1096 0 0 0 0 0 0 0 0 0 0 0 0 0 0 
2136 1096 0 0 0 0 0 0 0 0 0 0 0 0 0 0 
2152 1096 0 0 0 0 0 0 0 0 0 0 0 0 0 0 
2168 1096 0 0 0 0 0 0 0 0 0 0 0 0 0 0 
2184 1096 0 0 0 0 0 0 0 0 0 0 0 0 0 0 
2200 1096 0 0 0 0 0 0 0 0 0 0 0 0 0 0 
2216 1096 0 0 0 0 0 0 0 0 0 0 0 0 0 0 
2232 1096 0 0 0 0 0 0 0 0 0 0 0 0 0 0 
2248 1096 0 0 0 0 0 0 0 0 0 0 0 0 0 0 
2264 1096 0 0 0 0 0 0 0 0 0 0 0 0 0 0 
2280 1096 0 0 0 0 0 0 0 0 0 0 0 0 0 0 
2296 1096 0 0 0 0 0 0 0 0 0 0 0 0 0 0 
2312 1096 0 0 0 0 0 0 0 0 0 0 0 0 0 0 
2328 1096 0 0 0 0 0 0 0 0 0 0 0 0 0 0 
2344 1096 0 0 0 0 0 0 0 0 0 0 0 0 0 0 
2360 1096 0 0 0 0 0 0 0 0 0 0 0 0 0 0 
2376 1096 0 0 0 0 0 0 0 0 0 0 0 0 0 0 
2392 1096 0 0 0 0 0 0 0 0 0 0 0 0 0 0 
2408 1096 0 0 0 0 0 0 0 0 0 0 0 0 0 0 
2424 1096 0 0 0 0 0 0 0 0 0 0 0 0 0 0 
2440 1096 0 0 0 0 0 0 0 0 0 0 0 0 0 0 
2456 1096 0 0 0 0 0 0 0 0 0 0 0 0 0 0 
2472 1096 0 0 0 0 0 0 0 0 0 0 0 0 0 0 
2488 1096 0 0 0 0 0 0 0 0 0 0 0 0 0 0 
2504 1096 0 0 0 0 0 0 0 0 0 0 0 0 0 0 
2520 1096 0 0 0 0 0 0 0 0 0 0 0 0 0 0 
2536 1096 0 0 0 0 0 0 0 0 0 0 0 0 0 0 
24 1112 0 0 0 0 0 0 0 0 0 0 0 0 0 0 
40 1112 0 0 0 0 0 0 0 0 0 0 0 0 0 0 
56 1112 0 0 0 0 0 0 0 0 0 0 0 0 0 0 
72 1112 0 0 0 0 0 0 0 0 0 0 0 0 0 0 
88 1112 0 0 0 0 0 0 0 0 0 0 0 0 0 0 
104 1112 0 0 0 0 0 0 0 0 0 0 0 0 0 0 
120 1112 0 0 0 0 0 0 0 0 0 0 0 0 0 0 
136 1112 0 0 0 0 0 0 0 0 0 0 0 0 0 0 
152 1112 0 0 0 0 0 0 0 0 0 0 0 0 0 0 
168 1112 0 0 0 0 0 0 0 0 0 0 0 0 0 0 
184 1112 0 0 0 0 0 0 0 0 0 0 0 0 0 0 
200 1112 0 0 0 0 0 0 0 0 0 0 0 0 0 0 
216 1112 0 0 0 0 0 0 0 0 0 0 0 0 0 0 
232 1112 0 0 0 0 0 0 0 0 0 0 0 0 0 0 
248 1112 0 0 0 0 0 0 0 0 0 0 0 0 0 0 
264 1112 0 0 0 0 0 0 0 0 0 0 0 0 0 0 
280 1112 0 0 0 0 0 0 0 0 0 0 0 0 0 0 
296 1112 0 0 0 0 0 0 0 0 0 0 0 0 0 0 
312 1112 0 0 0 0 0 0 0 0 0 0 0 0 0 0 
328 1112 0 0 0 0 0 0 0 0 0 0 0 0 0 0 
344 1112 0 0 0 0 0 0 0 0 0 0 0 0 0 0 
360 1112 0 0 0 0 0 0 0 0 0 0 0 0 0 0 
376 1112 0 0 0 0 0 0 0 0 0 0 0 0 0 0 
392 1112 0 0 0 0 0 0 0 0 0 0 0 0 0 0 
408 1112 0 0 0 0 0 0 0 0 0 0 0 0 0 0 
424 1112 0 0 0 0 0 0 0 0 0 0 0 0 0 0 
440 1112 0 0 0 0 0 0 0 0 0 0 0 0 0 0 
456 1112 0 0 0 0 0 0 0 0 0 0 0 0 0 0 
472 1112 0 0 0 0 0 0 0 0 0 0 0 0 0 0 
488 1112 0 0 0 0 0 0 0 0 0 0 0 0 0 0 
504 1112 0 0 0 0 0 0 0 0 0 0 0 0 0 0 
520 1112 0 0 0 0 0 0 0 0 0 0 0 0 0 0 
536 1112 0 0 0 0 0 0 0 0 0 0 0 0 0 0 
552 1112 0 0 0 0 0 0 0 0 0 0 0 0 0 0 
568 1112 0 0 0 0 0 0 0 0 0 0 0 0 0 0 
584 1112 0 0 0 0 0 0 0 0 0 0 0 0 0 0 
600 1112 0 0 0 0 0 0 0 0 0 0 0 0 0 0 
616 1112 0 0 0 0 0 0 0 0 0 0 0 0 0 0 
632 1112 0 0 0 0 0 0 0 0 0 0 0 0 0 0 
648 1112 0 0 0 0 0 0 0 0 0 0 0 0 0 0 
664 1112 0 0 0 0 0 0 0 0 0 0 0 0 0 0 
680 1112 0 0 0 0 0 0 0 0 0 0 0 0 0 0 
696 1112 0 0 0 0 0 0 0 0 0 0 0 0 0 0 
712 1112 0 0 0 0 0 0 0 0 0 0 0 0 0 0 
728 1112 0 0 0 0 0 0 0 0 0 0 0 0 0 0 
744 1112 0 0 0 0 0 0 0 0 0 0 0 0 0 0 
760 1112 0 0 0 0 0 0 0 0 0 0 0 0 0 0 
776 1112 0 0 0 0 0 0 0 0 0 0 0 0 0 0 
792 1112 0 0 0 0 0 0 0 0 0 0 0 0 0 0 
808 1112 0 0 0 0 0 0 0 0 0 0 0 0 0 0 
824 1112 0 0 0 0 0 0 0 0 0 0 0 0 0 0 
840 1112 0 0 0 0 0 0 0 0 0 0 0 0 0 0 
856 1112 0 0 0 0 0 0 0 0 0 0 0 0 0 0 
872 1112 0 0 0 0 0 0 0 0 0 0 0 0 0 0 
888 1112 0 0 0 0 0 0 0 0 0 0 0 0 0 0 
904 1112 0 0 0 0 0 0 0 0 0 0 0 0 0 0 
920 1112 0 0 0 0 0 0 0 0 0 0 0 0 0 0 
936 1112 0 0 0 0 0 0 0 0 0 0 0 0 0 0 
952 1112 0 0 0 0 0 0 0 0 0 0 0 0 0 0 
968 1112 0 0 0 0 0 0 0 0 0 0 0 0 0 0 
984 1112 0 0 0 0 0 0 0 0 0 0 0 0 0 0 
1000 1112 0 0 0 0 0 0 0 0 0 0 0 0 0 0 
1016 1112 0 0 0 0 0 0 0 0 0 0 0 0 0 0 
1032 1112 0 0 0 0 0 0 0 0 0 0 0 0 0 0 
1048 1112 0 0 0 0 0 0 0 0 0 0 0 0 0 0 
1064 1112 0 0 0 0 0 0 0 0 0 0 0 0 0 0 
1080 1112 0 0 0 0 0 0 0 0 0 0 0 0 0 0 
1096 1112 0 0 0 0 0 0 0 0 0 0 0 0 0 0 
1112 1112 0 0 0 0 0 0 0 0 0 0 0 0 0 0 
1128 1112 0 0 0 0 0 0 0 0 0 0 0 0 0 0 
1144 1112 0 0 0 0 0 0 0 0 0 0 0 0 0 0 
1160 1112 0 0 0 0 0 0 0 0 0 0 0 0 0 0 
1176 1112 0 0 0 0 0 0 0 0 0 0 0 0 0 0 
1192 1112 0 0 0 0 0 0 0 0 0 0 0 0 0 0 
1208 1112 0 0 0 0 0 0 0 0 0 0 0 0 0 0 
1224 1112 0 0 0 0 0 0 0 0 0 0 0 0 0 0 
1240 1112 0 0 0 0 0 0 0 0 0 0 0 0 0 0 
1256 1112 0 0 0 0 0 0 0 0 0 0 0 0 0 0 
1272 1112 0 0 0 0 0 0 0 0 0 0 0 0 0 0 
1288 1112 0 0 0 0 0 0 0 0 0 0 0 0 0 0 
1304 1112 0 0 0 0 0 0 0 0 0 0 0 0 0 0 
1320 1112 0 0 0 0 0 0 0 0 0 0 0 0 0 0 
1336 1112 0 0 0 0 0 0 0 0 0 0 0 0 0 0 
1352 1112 0 0 0 0 0 0 0 0 0 0 0 0 0 0 
1368 1112 0 0 0 0 0 0 0 0 0 0 0 0 0 0 
1384 1112 0 0 0 0 0 0 0 0 0 0 0 0 0 0 
1400 1112 0 0 0 0 0 0 0 0 0 0 0 0 0 0 
1416 1112 0 0 0 0 0 0 0 0 0 0 0 0 0 0 
1432 1112 0 0 0 0 0 0 0 0 0 0 0 0 0 0 
1448 1112 0 0 0 0 0 0 0 0 0 0 0 0 0 0 
1464 1112 0 0 0 0 0 0 0 0 0 0 0 0 0 0 
1480 1112 0 0 0 0 0 0 0 0 0 0 0 0 0 0 
1496 1112 0 0 0 0 0 0 0 0 0 0 0 0 0 0 
1512 1112 0 0 0 0 0 0 0 0 0 0 0 0 0 0 
1528 1112 0 0 0 0 0 0 0 0 0 0 0 0 0 0 
1544 1112 0 0 0 0 0 0 0 0 0 0 0 0 0 0 
1560 1112 0 0 0 0 0 0 0 0 0 0 0 0 0 0 
1576 1112 0 0 0 0 0 0 0 0 0 0 0 0 0 0 
1592 1112 0 0 0 0 0 0 0 0 0 0 0 0 0 0 
1608 1112 0 0 0 0 0 0 0 0 0 0 0 0 0 0 
1624 1112 0 0 0 0 0 0 0 0 0 0 0 0 0 0 
1640 1112 0 0 0 0 0 0 0 0 0 0 0 0 0 0 
1656 1112 0 0 0 0 0 0 0 0 0 0 0 0 0 0 
1672 1112 0 0 0 0 0 0 0 0 0 0 0 0 0 0 
1688 1112 0 0 0 0 0 0 0 0 0 0 0 0 0 0 
1704 1112 0 0 0 0 0 0 0 0 0 0 0 0 0 0 
1720 1112 0 0 0 0 0 0 0 0 0 0 0 0 0 0 
1736 1112 0 0 0 0 0 0 0 0 0 0 0 0 0 0 
1752 1112 0 0 0 0 0 0 0 0 0 0 0 0 0 0 
1768 1112 0 0 0 0 0 0 0 0 0 0 0 0 0 0 
1784 1112 0 0 0 0 0 0 0 0 0 0 0 0 0 0 
1800 1112 0 0 0 0 0 0 0 0 0 0 0 0 0 0 
1816 1112 0 0 0 0 0 0 0 0 0 0 0 0 0 0 
1832 1112 0 0 0 0 0 0 0 0 0 0 0 0 0 0 
1848 1112 0 0 0 0 0 0 0 0 0 0 0 0 0 0 
1864 1112 0 0 0 0 0 0 0 0 0 0 0 0 0 0 
1880 1112 0 0 0 0 0 0 0 0 0 0 0 0 0 0 
1896 1112 0 0 0 0 0 0 0 0 0 0 0 0 0 0 
1912 1112 0 0 0 0 0 0 0 0 0 0 0 0 0 0 
1928 1112 0 0 0 0 0 0 0 0 0 0 0 0 0 0 
1944 1112 0 0 0 0 0 0 0 0 0 0 0 0 0 0 
1960 1112 0 0 0 0 0 0 0 0 0 0 0 0 0 0 
1976 1112 0 0 0 0 0 0 0 0 0 0 0 0 0 0 
1992 1112 0 0 0 0 0 0 0 0 0 0 0 0 0 0 
2008 1112 0 0 0 0 0 0 0 0 0 0 0 0 0 0 
2024 1112 0 0 0 0 0 0 0 0 0 0 0 0 0 0 
2040 1112 0 0 0 0 0 0 0 0 0 0 0 0 0 0 
2056 1112 0 0 0 0 0 0 0 0 0 0 0 0 0 0 
2072 1112 0 0 0 0 0 0 0 0 0 0 0 0 0 0 
2088 1112 0 0 0 0 0 0 0 0 0 0 0 0 0 0 
2104 1112 0 0 0 0 0 0 0 0 0 0 0 0 0 0 
2120 1112 0 0 0 0 0 0 0 0 0 0 0 0 0 0 
2136 1112 0 0 0 0 0 0 0 0 0 0 0 0 0 0 
2152 1112 0 0 0 0 0 0 0 0 0 0 0 0 0 0 
2168 1112 0 0 0 0 0 0 0 0 0 0 0 0 0 0 
2184 1112 0 0 0 0 0 0 0 0 0 0 0 0 0 0 
2200 1112 0 0 0 0 0 0 0 0 0 0 0 0 0 0 
2216 1112 0 0 0 0 0 0 0 0 0 0 0 0 0 0 
2232 1112 0 0 0 0 0 0 0 0 0 0 0 0 0 0 
2248 1112 0 0 0 0 0 0 0 0 0 0 0 0 0 0 
2264 1112 0 0 0 0 0 0 0 0 0 0 0 0 0 0 
2280 1112 0 0 0 0 0 0 0 0 0 0 0 0 0 0 
2296 1112 0 0 0 0 0 0 0 0 0 0 0 0 0 0 
2312 1112 0 0 0 0 0 0 0 0 0 0 0 0 0 0 
2328 1112 0 0 0 0 0 0 0 0 0 0 0 0 0 0 
2344 1112 0 0 0 0 0 0 0 0 0 0 0 0 0 0 
2360 1112 0 0 0 0 0 0 0 0 0 0 0 0 0 0 
2376 1112 0 0 0 0 0 0 0 0 0 0 0 0 0 0 
2392 1112 0 0 0 0 0 0 0 0 0 0 0 0 0 0 
2408 1112 0 0 0 0 0 0 0 0 0 0 0 0 0 0 
2424 1112 0 0 0 0 0 0 0 0 0 0 0 0 0 0 
2440 1112 0 0 0 0 0 0 0 0 0 0 0 0 0 0 
2456 1112 0 0 0 0 0 0 0 0 0 0 0 0 0 0 
2472 1112 0 0 0 0 0 0 0 0 0 0 0 0 0 0 
2488 1112 0 0 0 0 0 0 0 0 0 0 0 0 0 0 
2504 1112 0 0 0 0 0 0 0 0 0 0 0 0 0 0 
2520 1112 0 0 0 0 0 0 0 0 0 0 0 0 0 0 
2536 1112 0 0 0 0 0 0 0 0 0 0 0 0 0 0 
24 1128 0 0 0 0 0 0 0 0 0 0 0 0 0 0 
40 1128 0 0 0 0 0 0 0 0 0 0 0 0 0 0 
56 1128 0 0 0 0 0 0 0 0 0 0 0 0 0 0 
72 1128 0 0 0 0 0 0 0 0 0 0 0 0 0 0 
88 1128 0 0 0 0 0 0 0 0 0 0 0 0 0 0 
104 1128 0 0 0 0 0 0 0 0 0 0 0 0 0 0 
120 1128 0 0 0 0 0 0 0 0 0 0 0 0 0 0 
136 1128 0 0 0 0 0 0 0 0 0 0 0 0 0 0 
152 1128 0 0 0 0 0 0 0 0 0 0 0 0 0 0 
168 1128 0 0 0 0 0 0 0 0 0 0 0 0 0 0 
184 1128 0 0 0 0 0 0 0 0 0 0 0 0 0 0 
200 1128 0 0 0 0 0 0 0 0 0 0 0 0 0 0 
216 1128 0 0 0 0 0 0 0 0 0 0 0 0 0 0 
232 1128 0 0 0 0 0 0 0 0 0 0 0 0 0 0 
248 1128 0 0 0 0 0 0 0 0 0 0 0 0 0 0 
264 1128 0 0 0 0 0 0 0 0 0 0 0 0 0 0 
280 1128 0 0 0 0 0 0 0 0 0 0 0 0 0 0 
296 1128 0 0 0 0 0 0 0 0 0 0 0 0 0 0 
312 1128 0 0 0 0 0 0 0 0 0 0 0 0 0 0 
328 1128 0 0 0 0 0 0 0 0 0 0 0 0 0 0 
344 1128 0 0 0 0 0 0 0 0 0 0 0 0 0 0 
360 1128 0 0 0 0 0 0 0 0 0 0 0 0 0 0 
376 1128 0 0 0 0 0 0 0 0 0 0 0 0 0 0 
392 1128 0 0 0 0 0 0 0 0 0 0 0 0 0 0 
408 1128 0 0 0 0 0 0 0 0 0 0 0 0 0 0 
424 1128 0 0 0 0 0 0 0 0 0 0 0 0 0 0 
440 1128 0 0 0 0 0 0 0 0 0 0 0 0 0 0 
456 1128 0 0 0 0 0 0 0 0 0 0 0 0 0 0 
472 1128 0 0 0 0 0 0 0 0 0 0 0 0 0 0 
488 1128 0 0 0 0 0 0 0 0 0 0 0 0 0 0 
504 1128 0 0 0 0 0 0 0 0 0 0 0 0 0 0 
520 1128 0 0 0 0 0 0 0 0 0 0 0 0 0 0 
536 1128 0 0 0 0 0 0 0 0 0 0 0 0 0 0 
552 1128 0 0 0 0 0 0 0 0 0 0 0 0 0 0 
568 1128 0 0 0 0 0 0 0 0 0 0 0 0 0 0 
584 1128 0 0 0 0 0 0 0 0 0 0 0 0 0 0 
600 1128 0 0 0 0 0 0 0 0 0 0 0 0 0 0 
616 1128 0 0 0 0 0 0 0 0 0 0 0 0 0 0 
632 1128 0 0 0 0 0 0 0 0 0 0 0 0 0 0 
648 1128 0 0 0 0 0 0 0 0 0 0 0 0 0 0 
664 1128 0 0 0 0 0 0 0 0 0 0 0 0 0 0 
680 1128 0 0 0 0 0 0 0 0 0 0 0 0 0 0 
696 1128 0 0 0 0 0 0 0 0 0 0 0 0 0 0 
712 1128 0 0 0 0 0 0 0 0 0 0 0 0 0 0 
728 1128 0 0 0 0 0 0 0 0 0 0 0 0 0 0 
744 1128 0 0 0 0 0 0 0 0 0 0 0 0 0 0 
760 1128 0 0 0 0 0 0 0 0 0 0 0 0 0 0 
776 1128 0 0 0 0 0 0 0 0 0 0 0 0 0 0 
792 1128 0 0 0 0 0 0 0 0 0 0 0 0 0 0 
808 1128 0 0 0 0 0 0 0 0 0 0 0 0 0 0 
824 1128 0 0 0 0 0 0 0 0 0 0 0 0 0 0 
840 1128 0 0 0 0 0 0 0 0 0 0 0 0 0 0 
856 1128 0 0 0 0 0 0 0 0 0 0 0 0 0 0 
872 1128 0 0 0 0 0 0 0 0 0 0 0 0 0 0 
888 1128 0 0 0 0 0 0 0 0 0 0 0 0 0 0 
904 1128 0 0 0 0 0 0 0 0 0 0 0 0 0 0 
920 1128 0 0 0 0 0 0 0 0 0 0 0 0 0 0 
936 1128 0 0 0 0 0 0 0 0 0 0 0 0 0 0 
952 1128 0 0 0 0 0 0 0 0 0 0 0 0 0 0 
968 1128 0 0 0 0 0 0 0 0 0 0 0 0 0 0 
984 1128 0 0 0 0 0 0 0 0 0 0 0 0 0 0 
1000 1128 0 0 0 0 0 0 0 0 0 0 0 0 0 0 
1016 1128 0 0 0 0 0 0 0 0 0 0 0 0 0 0 
1032 1128 0 0 0 0 0 0 0 0 0 0 0 0 0 0 
1048 1128 0 0 0 0 0 0 0 0 0 0 0 0 0 0 
1064 1128 0 0 0 0 0 0 0 0 0 0 0 0 0 0 
1080 1128 0 0 0 0 0 0 0 0 0 0 0 0 0 0 
1096 1128 0 0 0 0 0 0 0 0 0 0 0 0 0 0 
1112 1128 0 0 0 0 0 0 0 0 0 0 0 0 0 0 
1128 1128 0 0 0 0 0 0 0 0 0 0 0 0 0 0 
1144 1128 0 0 0 0 0 0 0 0 0 0 0 0 0 0 
1160 1128 0 0 0 0 0 0 0 0 0 0 0 0 0 0 
1176 1128 0 0 0 0 0 0 0 0 0 0 0 0 0 0 
1192 1128 0 0 0 0 0 0 0 0 0 0 0 0 0 0 
1208 1128 0 0 0 0 0 0 0 0 0 0 0 0 0 0 
1224 1128 0 0 0 0 0 0 0 0 0 0 0 0 0 0 
1240 1128 0 0 0 0 0 0 0 0 0 0 0 0 0 0 
1256 1128 0 0 0 0 0 0 0 0 0 0 0 0 0 0 
1272 1128 0 0 0 0 0 0 0 0 0 0 0 0 0 0 
1288 1128 0 0 0 0 0 0 0 0 0 0 0 0 0 0 
1304 1128 0 0 0 0 0 0 0 0 0 0 0 0 0 0 
1320 1128 0 0 0 0 0 0 0 0 0 0 0 0 0 0 
1336 1128 0 0 0 0 0 0 0 0 0 0 0 0 0 0 
1352 1128 0 0 0 0 0 0 0 0 0 0 0 0 0 0 
1368 1128 0 0 0 0 0 0 0 0 0 0 0 0 0 0 
1384 1128 0 0 0 0 0 0 0 0 0 0 0 0 0 0 
1400 1128 0 0 0 0 0 0 0 0 0 0 0 0 0 0 
1416 1128 0 0 0 0 0 0 0 0 0 0 0 0 0 0 
1432 1128 0 0 0 0 0 0 0 0 0 0 0 0 0 0 
1448 1128 0 0 0 0 0 0 0 0 0 0 0 0 0 0 
1464 1128 0 0 0 0 0 0 0 0 0 0 0 0 0 0 
1480 1128 0 0 0 0 0 0 0 0 0 0 0 0 0 0 
1496 1128 0 0 0 0 0 0 0 0 0 0 0 0 0 0 
1512 1128 0 0 0 0 0 0 0 0 0 0 0 0 0 0 
1528 1128 0 0 0 0 0 0 0 0 0 0 0 0 0 0 
1544 1128 0 0 0 0 0 0 0 0 0 0 0 0 0 0 
1560 1128 0 0 0 0 0 0 0 0 0 0 0 0 0 0 
1576 1128 0 0 0 0 0 0 0 0 0 0 0 0 0 0 
1592 1128 0 0 0 0 0 0 0 0 0 0 0 0 0 0 
1608 1128 0 0 0 0 0 0 0 0 0 0 0 0 0 0 
1624 1128 0 0 0 0 0 0 0 0 0 0 0 0 0 0 
1640 1128 0 0 0 0 0 0 0 0 0 0 0 0 0 0 
1656 1128 0 0 0 0 0 0 0 0 0 0 0 0 0 0 
1672 1128 0 0 0 0 0 0 0 0 0 0 0 0 0 0 
1688 1128 0 0 0 0 0 0 0 0 0 0 0 0 0 0 
1704 1128 0 0 0 0 0 0 0 0 0 0 0 0 0 0 
1720 1128 0 0 0 0 0 0 0 0 0 0 0 0 0 0 
1736 1128 0 0 0 0 0 0 0 0 0 0 0 0 0 0 
1752 1128 0 0 0 0 0 0 0 0 0 0 0 0 0 0 
1768 1128 0 0 0 0 0 0 0 0 0 0 0 0 0 0 
1784 1128 0 0 0 0 0 0 0 0 0 0 0 0 0 0 
1800 1128 0 0 0 0 0 0 0 0 0 0 0 0 0 0 
1816 1128 0 0 0 0 0 0 0 0 0 0 0 0 0 0 
1832 1128 0 0 0 0 0 0 0 0 0 0 0 0 0 0 
1848 1128 0 0 0 0 0 0 0 0 0 0 0 0 0 0 
1864 1128 0 0 0 0 0 0 0 0 0 0 0 0 0 0 
1880 1128 0 0 0 0 0 0 0 0 0 0 0 0 0 0 
1896 1128 0 0 0 0 0 0 0 0 0 0 0 0 0 0 
1912 1128 0 0 0 0 0 0 0 0 0 0 0 0 0 0 
1928 1128 0 0 0 0 0 0 0 0 0 0 0 0 0 0 
1944 1128 0 0 0 0 0 0 0 0 0 0 0 0 0 0 
1960 1128 0 0 0 0 0 0 0 0 0 0 0 0 0 0 
1976 1128 0 0 0 0 0 0 0 0 0 0 0 0 0 0 
1992 1128 0 0 0 0 0 0 0 0 0 0 0 0 0 0 
2008 1128 0 0 0 0 0 0 0 0 0 0 0 0 0 0 
2024 1128 0 0 0 0 0 0 0 0 0 0 0 0 0 0 
2040 1128 0 0 0 0 0 0 0 0 0 0 0 0 0 0 
2056 1128 0 0 0 0 0 0 0 0 0 0 0 0 0 0 
2072 1128 0 0 0 0 0 0 0 0 0 0 0 0 0 0 
2088 1128 0 0 0 0 0 0 0 0 0 0 0 0 0 0 
2104 1128 0 0 0 0 0 0 0 0 0 0 0 0 0 0 
2120 1128 0 0 0 0 0 0 0 0 0 0 0 0 0 0 
2136 1128 0 0 0 0 0 0 0 0 0 0 0 0 0 0 
2152 1128 0 0 0 0 0 0 0 0 0 0 0 0 0 0 
2168 1128 0 0 0 0 0 0 0 0 0 0 0 0 0 0 
2184 1128 0 0 0 0 0 0 0 0 0 0 0 0 0 0 
2200 1128 0 0 0 0 0 0 0 0 0 0 0 0 0 0 
2216 1128 0 0 0 0 0 0 0 0 0 0 0 0 0 0 
2232 1128 0 0 0 0 0 0 0 0 0 0 0 0 0 0 
2248 1128 0 0 0 0 0 0 0 0 0 0 0 0 0 0 
2264 1128 0 0 0 0 0 0 0 0 0 0 0 0 0 0 
2280 1128 0 0 0 0 0 0 0 0 0 0 0 0 0 0 
2296 1128 0 0 0 0 0 0 0 0 0 0 0 0 0 0 
2312 1128 0 0 0 0 0 0 0 0 0 0 0 0 0 0 
2328 1128 0 0 0 0 0 0 0 0 0 0 0 0 0 0 
2344 1128 0 0 0 0 0 0 0 0 0 0 0 0 0 0 
2360 1128 0 0 0 0 0 0 0 0 0 0 0 0 0 0 
2376 1128 0 0 0 0 0 0 0 0 0 0 0 0 0 0 
2392 1128 0 0 0 0 0 0 0 0 0 0 0 0 0 0 
2408 1128 0 0 0 0 0 0 0 0 0 0 0 0 0 0 
2424 1128 0 0 0 0 0 0 0 0 0 0 0 0 0 0 
2440 1128 0 0 0 0 0 0 0 0 0 0 0 0 0 0 
2456 1128 0 0 0 0 0 0 0 0 0 0 0 0 0 0 
2472 1128 0 0 0 0 0 0 0 0 0 0 0 0 0 0 
2488 1128 0 0 0 0 0 0 0 0 0 0 0 0 0 0 
2504 1128 0 0 0 0 0 0 0 0 0 0 0 0 0 0 
2520 1128 0 0 0 0 0 0 0 0 0 0 0 0 0 0 
2536 1128 0 0 0 0 0 0 0 0 0 0 0 0 0 0 
24 1144 0 0 0 0 0 0 0 0 0 0 0 0 0 0 
40 1144 0 0 0 0 0 0 0 0 0 0 0 0 0 0 
56 1144 0 0 0 0 0 0 0 0 0 0 0 0 0 0 
72 1144 0 0 0 0 0 0 0 0 0 0 0 0 0 0 
88 1144 0 0 0 0 0 0 0 0 0 0 0 0 0 0 
104 1144 0 0 0 0 0 0 0 0 0 0 0 0 0 0 
120 1144 0 0 0 0 0 0 0 0 0 0 0 0 0 0 
136 1144 0 0 0 0 0 0 0 0 0 0 0 0 0 0 
152 1144 0 0 0 0 0 0 0 0 0 0 0 0 0 0 
168 1144 0 0 0 0 0 0 0 0 0 0 0 0 0 0 
184 1144 0 0 0 0 0 0 0 0 0 0 0 0 0 0 
200 1144 0 0 0 0 0 0 0 0 0 0 0 0 0 0 
216 1144 0 0 0 0 0 0 0 0 0 0 0 0 0 0 
232 1144 0 0 0 0 0 0 0 0 0 0 0 0 0 0 
248 1144 0 0 0 0 0 0 0 0 0 0 0 0 0 0 
264 1144 0 0 0 0 0 0 0 0 0 0 0 0 0 0 
280 1144 0 0 0 0 0 0 0 0 0 0 0 0 0 0 
296 1144 0 0 0 0 0 0 0 0 0 0 0 0 0 0 
312 1144 0 0 0 0 0 0 0 0 0 0 0 0 0 0 
328 1144 0 0 0 0 0 0 0 0 0 0 0 0 0 0 
344 1144 0 0 0 0 0 0 0 0 0 0 0 0 0 0 
360 1144 0 0 0 0 0 0 0 0 0 0 0 0 0 0 
376 1144 0 0 0 0 0 0 0 0 0 0 0 0 0 0 
392 1144 0 0 0 0 0 0 0 0 0 0 0 0 0 0 
408 1144 0 0 0 0 0 0 0 0 0 0 0 0 0 0 
424 1144 0 0 0 0 0 0 0 0 0 0 0 0 0 0 
440 1144 0 0 0 0 0 0 0 0 0 0 0 0 0 0 
456 1144 0 0 0 0 0 0 0 0 0 0 0 0 0 0 
472 1144 0 0 0 0 0 0 0 0 0 0 0 0 0 0 
488 1144 0 0 0 0 0 0 0 0 0 0 0 0 0 0 
504 1144 0 0 0 0 0 0 0 0 0 0 0 0 0 0 
520 1144 0 0 0 0 0 0 0 0 0 0 0 0 0 0 
536 1144 0 0 0 0 0 0 0 0 0 0 0 0 0 0 
552 1144 0 0 0 0 0 0 0 0 0 0 0 0 0 0 
568 1144 0 0 0 0 0 0 0 0 0 0 0 0 0 0 
584 1144 0 0 0 0 0 0 0 0 0 0 0 0 0 0 
600 1144 0 0 0 0 0 0 0 0 0 0 0 0 0 0 
616 1144 0 0 0 0 0 0 0 0 0 0 0 0 0 0 
632 1144 0 0 0 0 0 0 0 0 0 0 0 0 0 0 
648 1144 0 0 0 0 0 0 0 0 0 0 0 0 0 0 
664 1144 0 0 0 0 0 0 0 0 0 0 0 0 0 0 
680 1144 0 0 0 0 0 0 0 0 0 0 0 0 0 0 
696 1144 0 0 0 0 0 0 0 0 0 0 0 0 0 0 
712 1144 0 0 0 0 0 0 0 0 0 0 0 0 0 0 
728 1144 0 0 0 0 0 0 0 0 0 0 0 0 0 0 
744 1144 0 0 0 0 0 0 0 0 0 0 0 0 0 0 
760 1144 0 0 0 0 0 0 0 0 0 0 0 0 0 0 
776 1144 0 0 0 0 0 0 0 0 0 0 0 0 0 0 
792 1144 0 0 0 0 0 0 0 0 0 0 0 0 0 0 
808 1144 0 0 0 0 0 0 0 0 0 0 0 0 0 0 
824 1144 0 0 0 0 0 0 0 0 0 0 0 0 0 0 
840 1144 0 0 0 0 0 0 0 0 0 0 0 0 0 0 
856 1144 0 0 0 0 0 0 0 0 0 0 0 0 0 0 
872 1144 0 0 0 0 0 0 0 0 0 0 0 0 0 0 
888 1144 0 0 0 0 0 0 0 0 0 0 0 0 0 0 
904 1144 0 0 0 0 0 0 0 0 0 0 0 0 0 0 
920 1144 0 0 0 0 0 0 0 0 0 0 0 0 0 0 
936 1144 0 0 0 0 0 0 0 0 0 0 0 0 0 0 
952 1144 0 0 0 0 0 0 0 0 0 0 0 0 0 0 
968 1144 0 0 0 0 0 0 0 0 0 0 0 0 0 0 
984 1144 0 0 0 0 0 0 0 0 0 0 0 0 0 0 
1000 1144 0 0 0 0 0 0 0 0 0 0 0 0 0 0 
1016 1144 0 0 0 0 0 0 0 0 0 0 0 0 0 0 
1032 1144 0 0 0 0 0 0 0 0 0 0 0 0 0 0 
1048 1144 0 0 0 0 0 0 0 0 0 0 0 0 0 0 
1064 1144 0 0 0 0 0 0 0 0 0 0 0 0 0 0 
1080 1144 0 0 0 0 0 0 0 0 0 0 0 0 0 0 
1096 1144 0 0 0 0 0 0 0 0 0 0 0 0 0 0 
1112 1144 0 0 0 0 0 0 0 0 0 0 0 0 0 0 
1128 1144 0 0 0 0 0 0 0 0 0 0 0 0 0 0 
1144 1144 0 0 0 0 0 0 0 0 0 0 0 0 0 0 
1160 1144 0 0 0 0 0 0 0 0 0 0 0 0 0 0 
1176 1144 0 0 0 0 0 0 0 0 0 0 0 0 0 0 
1192 1144 0 0 0 0 0 0 0 0 0 0 0 0 0 0 
1208 1144 0 0 0 0 0 0 0 0 0 0 0 0 0 0 
1224 1144 0 0 0 0 0 0 0 0 0 0 0 0 0 0 
1240 1144 0 0 0 0 0 0 0 0 0 0 0 0 0 0 
1256 1144 0 0 0 0 0 0 0 0 0 0 0 0 0 0 
1272 1144 0 0 0 0 0 0 0 0 0 0 0 0 0 0 
1288 1144 0 0 0 0 0 0 0 0 0 0 0 0 0 0 
1304 1144 0 0 0 0 0 0 0 0 0 0 0 0 0 0 
1320 1144 0 0 0 0 0 0 0 0 0 0 0 0 0 0 
1336 1144 0 0 0 0 0 0 0 0 0 0 0 0 0 0 
1352 1144 0 0 0 0 0 0 0 0 0 0 0 0 0 0 
1368 1144 0 0 0 0 0 0 0 0 0 0 0 0 0 0 
1384 1144 0 0 0 0 0 0 0 0 0 0 0 0 0 0 
1400 1144 0 0 0 0 0 0 0 0 0 0 0 0 0 0 
1416 1144 0 0 0 0 0 0 0 0 0 0 0 0 0 0 
1432 1144 0 0 0 0 0 0 0 0 0 0 0 0 0 0 
1448 1144 0 0 0 0 0 0 0 0 0 0 0 0 0 0 
1464 1144 0 0 0 0 0 0 0 0 0 0 0 0 0 0 
1480 1144 0 0 0 0 0 0 0 0 0 0 0 0 0 0 
1496 1144 0 0 0 0 0 0 0 0 0 0 0 0 0 0 
1512 1144 0 0 0 0 0 0 0 0 0 0 0 0 0 0 
1528 1144 0 0 0 0 0 0 0 0 0 0 0 0 0 0 
1544 1144 0 0 0 0 0 0 0 0 0 0 0 0 0 0 
1560 1144 0 0 0 0 0 0 0 0 0 0 0 0 0 0 
1576 1144 0 0 0 0 0 0 0 0 0 0 0 0 0 0 
1592 1144 0 0 0 0 0 0 0 0 0 0 0 0 0 0 
1608 1144 0 0 0 0 0 0 0 0 0 0 0 0 0 0 
1624 1144 0 0 0 0 0 0 0 0 0 0 0 0 0 0 
1640 1144 0 0 0 0 0 0 0 0 0 0 0 0 0 0 
1656 1144 0 0 0 0 0 0 0 0 0 0 0 0 0 0 
1672 1144 0 0 0 0 0 0 0 0 0 0 0 0 0 0 
1688 1144 0 0 0 0 0 0 0 0 0 0 0 0 0 0 
1704 1144 0 0 0 0 0 0 0 0 0 0 0 0 0 0 
1720 1144 0 0 0 0 0 0 0 0 0 0 0 0 0 0 
1736 1144 0 0 0 0 0 0 0 0 0 0 0 0 0 0 
1752 1144 0 0 0 0 0 0 0 0 0 0 0 0 0 0 
1768 1144 0 0 0 0 0 0 0 0 0 0 0 0 0 0 
1784 1144 0 0 0 0 0 0 0 0 0 0 0 0 0 0 
1800 1144 0 0 0 0 0 0 0 0 0 0 0 0 0 0 
1816 1144 0 0 0 0 0 0 0 0 0 0 0 0 0 0 
1832 1144 0 0 0 0 0 0 0 0 0 0 0 0 0 0 
1848 1144 0 0 0 0 0 0 0 0 0 0 0 0 0 0 
1864 1144 0 0 0 0 0 0 0 0 0 0 0 0 0 0 
1880 1144 0 0 0 0 0 0 0 0 0 0 0 0 0 0 
1896 1144 0 0 0 0 0 0 0 0 0 0 0 0 0 0 
1912 1144 0 0 0 0 0 0 0 0 0 0 0 0 0 0 
1928 1144 0 0 0 0 0 0 0 0 0 0 0 0 0 0 
1944 1144 0 0 0 0 0 0 0 0 0 0 0 0 0 0 
1960 1144 0 0 0 0 0 0 0 0 0 0 0 0 0 0 
1976 1144 0 0 0 0 0 0 0 0 0 0 0 0 0 0 
1992 1144 0 0 0 0 0 0 0 0 0 0 0 0 0 0 
2008 1144 0 0 0 0 0 0 0 0 0 0 0 0 0 0 
2024 1144 0 0 0 0 0 0 0 0 0 0 0 0 0 0 
2040 1144 0 0 0 0 0 0 0 0 0 0 0 0 0 0 
2056 1144 0 0 0 0 0 0 0 0 0 0 0 0 0 0 
2072 1144 0 0 0 0 0 0 0 0 0 0 0 0 0 0 
2088 1144 0 0 0 0 0 0 0 0 0 0 0 0 0 0 
2104 1144 0 0 0 0 0 0 0 0 0 0 0 0 0 0 
2120 1144 0 0 0 0 0 0 0 0 0 0 0 0 0 0 
2136 1144 0 0 0 0 0 0 0 0 0 0 0 0 0 0 
2152 1144 0 0 0 0 0 0 0 0 0 0 0 0 0 0 
2168 1144 0 0 0 0 0 0 0 0 0 0 0 0 0 0 
2184 1144 0 0 0 0 0 0 0 0 0 0 0 0 0 0 
2200 1144 0 0 0 0 0 0 0 0 0 0 0 0 0 0 
2216 1144 0 0 0 0 0 0 0 0 0 0 0 0 0 0 
2232 1144 0 0 0 0 0 0 0 0 0 0 0 0 0 0 
2248 1144 0 0 0 0 0 0 0 0 0 0 0 0 0 0 
2264 1144 0 0 0 0 0 0 0 0 0 0 0 0 0 0 
2280 1144 0 0 0 0 0 0 0 0 0 0 0 0 0 0 
2296 1144 0 0 0 0 0 0 0 0 0 0 0 0 0 0 
2312 1144 0 0 0 0 0 0 0 0 0 0 0 0 0 0 
2328 1144 0 0 0 0 0 0 0 0 0 0 0 0 0 0 
2344 1144 0 0 0 0 0 0 0 0 0 0 0 0 0 0 
2360 1144 0 0 0 0 0 0 0 0 0 0 0 0 0 0 
2376 1144 0 0 0 0 0 0 0 0 0 0 0 0 0 0 
2392 1144 0 0 0 0 0 0 0 0 0 0 0 0 0 0 
2408 1144 0 0 0 0 0 0 0 0 0 0 0 0 0 0 
2424 1144 0 0 0 0 0 0 0 0 0 0 0 0 0 0 
2440 1144 0 0 0 0 0 0 0 0 0 0 0 0 0 0 
2456 1144 0 0 0 0 0 0 0 0 0 0 0 0 0 0 
2472 1144 0 0 0 0 0 0 0 0 0 0 0 0 0 0 
2488 1144 0 0 0 0 0 0 0 0 0 0 0 0 0 0 
2504 1144 0 0 0 0 0 0 0 0 0 0 0 0 0 0 
2520 1144 0 0 0 0 0 0 0 0 0 0 0 0 0 0 
2536 1144 0 0 0 0 0 0 0 0 0 0 0 0 0 0 
24 1160 0 0 0 0 0 0 0 0 0 0 0 0 0 0 
40 1160 0 0 0 0 0 0 0 0 0 0 0 0 0 0 
56 1160 0 0 0 0 0 0 0 0 0 0 0 0 0 0 
72 1160 0 0 0 0 0 0 0 0 0 0 0 0 0 0 
88 1160 0 0 0 0 0 0 0 0 0 0 0 0 0 0 
104 1160 0 0 0 0 0 0 0 0 0 0 0 0 0 0 
120 1160 0 0 0 0 0 0 0 0 0 0 0 0 0 0 
136 1160 0 0 0 0 0 0 0 0 0 0 0 0 0 0 
152 1160 0 0 0 0 0 0 0 0 0 0 0 0 0 0 
168 1160 0 0 0 0 0 0 0 0 0 0 0 0 0 0 
184 1160 0 0 0 0 0 0 0 0 0 0 0 0 0 0 
200 1160 0 0 0 0 0 0 0 0 0 0 0 0 0 0 
216 1160 0 0 0 0 0 0 0 0 0 0 0 0 0 0 
232 1160 0 0 0 0 0 0 0 0 0 0 0 0 0 0 
248 1160 0 0 0 0 0 0 0 0 0 0 0 0 0 0 
264 1160 0 0 0 0 0 0 0 0 0 0 0 0 0 0 
280 1160 0 0 0 0 0 0 0 0 0 0 0 0 0 0 
296 1160 0 0 0 0 0 0 0 0 0 0 0 0 0 0 
312 1160 0 0 0 0 0 0 0 0 0 0 0 0 0 0 
328 1160 0 0 0 0 0 0 0 0 0 0 0 0 0 0 
344 1160 0 0 0 0 0 0 0 0 0 0 0 0 0 0 
360 1160 0 0 0 0 0 0 0 0 0 0 0 0 0 0 
376 1160 0 0 0 0 0 0 0 0 0 0 0 0 0 0 
392 1160 0 0 0 0 0 0 0 0 0 0 0 0 0 0 
408 1160 0 0 0 0 0 0 0 0 0 0 0 0 0 0 
424 1160 0 0 0 0 0 0 0 0 0 0 0 0 0 0 
440 1160 0 0 0 0 0 0 0 0 0 0 0 0 0 0 
456 1160 0 0 0 0 0 0 0 0 0 0 0 0 0 0 
472 1160 0 0 0 0 0 0 0 0 0 0 0 0 0 0 
488 1160 0 0 0 0 0 0 0 0 0 0 0 0 0 0 
504 1160 0 0 0 0 0 0 0 0 0 0 0 0 0 0 
520 1160 0 0 0 0 0 0 0 0 0 0 0 0 0 0 
536 1160 0 0 0 0 0 0 0 0 0 0 0 0 0 0 
552 1160 0 0 0 0 0 0 0 0 0 0 0 0 0 0 
568 1160 0 0 0 0 0 0 0 0 0 0 0 0 0 0 
584 1160 0 0 0 0 0 0 0 0 0 0 0 0 0 0 
600 1160 0 0 0 0 0 0 0 0 0 0 0 0 0 0 
616 1160 0 0 0 0 0 0 0 0 0 0 0 0 0 0 
632 1160 0 0 0 0 0 0 0 0 0 0 0 0 0 0 
648 1160 0 0 0 0 0 0 0 0 0 0 0 0 0 0 
664 1160 0 0 0 0 0 0 0 0 0 0 0 0 0 0 
680 1160 0 0 0 0 0 0 0 0 0 0 0 0 0 0 
696 1160 0 0 0 0 0 0 0 0 0 0 0 0 0 0 
712 1160 0 0 0 0 0 0 0 0 0 0 0 0 0 0 
728 1160 0 0 0 0 0 0 0 0 0 0 0 0 0 0 
744 1160 0 0 0 0 0 0 0 0 0 0 0 0 0 0 
760 1160 0 0 0 0 0 0 0 0 0 0 0 0 0 0 
776 1160 0 0 0 0 0 0 0 0 0 0 0 0 0 0 
792 1160 0 0 0 0 0 0 0 0 0 0 0 0 0 0 
808 1160 0 0 0 0 0 0 0 0 0 0 0 0 0 0 
824 1160 0 0 0 0 0 0 0 0 0 0 0 0 0 0 
840 1160 0 0 0 0 0 0 0 0 0 0 0 0 0 0 
856 1160 0 0 0 0 0 0 0 0 0 0 0 0 0 0 
872 1160 0 0 0 0 0 0 0 0 0 0 0 0 0 0 
888 1160 0 0 0 0 0 0 0 0 0 0 0 0 0 0 
904 1160 0 0 0 0 0 0 0 0 0 0 0 0 0 0 
920 1160 0 0 0 0 0 0 0 0 0 0 0 0 0 0 
936 1160 0 0 0 0 0 0 0 0 0 0 0 0 0 0 
952 1160 0 0 0 0 0 0 0 0 0 0 0 0 0 0 
968 1160 0 0 0 0 0 0 0 0 0 0 0 0 0 0 
984 1160 0 0 0 0 0 0 0 0 0 0 0 0 0 0 
1000 1160 0 0 0 0 0 0 0 0 0 0 0 0 0 0 
1016 1160 0 0 0 0 0 0 0 0 0 0 0 0 0 0 
1032 1160 0 0 0 0 0 0 0 0 0 0 0 0 0 0 
1048 1160 0 0 0 0 0 0 0 0 0 0 0 0 0 0 
1064 1160 0 0 0 0 0 0 0 0 0 0 0 0 0 0 
1080 1160 0 0 0 0 0 0 0 0 0 0 0 0 0 0 
1096 1160 0 0 0 0 0 0 0 0 0 0 0 0 0 0 
1112 1160 0 0 0 0 0 0 0 0 0 0 0 0 0 0 
1128 1160 0 0 0 0 0 0 0 0 0 0 0 0 0 0 
1144 1160 0 0 0 0 0 0 0 0 0 0 0 0 0 0 
1160 1160 0 0 0 0 0 0 0 0 0 0 0 0 0 0 
1176 1160 0 0 0 0 0 0 0 0 0 0 0 0 0 0 
1192 1160 0 0 0 0 0 0 0 0 0 0 0 0 0 0 
1208 1160 0 0 0 0 0 0 0 0 0 0 0 0 0 0 
1224 1160 0 0 0 0 0 0 0 0 0 0 0 0 0 0 
1240 1160 0 0 0 0 0 0 0 0 0 0 0 0 0 0 
1256 1160 0 0 0 0 0 0 0 0 0 0 0 0 0 0 
1272 1160 0 0 0 0 0 0 0 0 0 0 0 0 0 0 
1288 1160 0 0 0 0 0 0 0 0 0 0 0 0 0 0 
1304 1160 0 0 0 0 0 0 0 0 0 0 0 0 0 0 
1320 1160 0 0 0 0 0 0 0 0 0 0 0 0 0 0 
1336 1160 0 0 0 0 0 0 0 0 0 0 0 0 0 0 
1352 1160 0 0 0 0 0 0 0 0 0 0 0 0 0 0 
1368 1160 0 0 0 0 0 0 0 0 0 0 0 0 0 0 
1384 1160 0 0 0 0 0 0 0 0 0 0 0 0 0 0 
1400 1160 0 0 0 0 0 0 0 0 0 0 0 0 0 0 
1416 1160 0 0 0 0 0 0 0 0 0 0 0 0 0 0 
1432 1160 0 0 0 0 0 0 0 0 0 0 0 0 0 0 
1448 1160 0 0 0 0 0 0 0 0 0 0 0 0 0 0 
1464 1160 0 0 0 0 0 0 0 0 0 0 0 0 0 0 
1480 1160 0 0 0 0 0 0 0 0 0 0 0 0 0 0 
1496 1160 0 0 0 0 0 0 0 0 0 0 0 0 0 0 
1512 1160 0 0 0 0 0 0 0 0 0 0 0 0 0 0 
1528 1160 0 0 0 0 0 0 0 0 0 0 0 0 0 0 
1544 1160 0 0 0 0 0 0 0 0 0 0 0 0 0 0 
1560 1160 0 0 0 0 0 0 0 0 0 0 0 0 0 0 
1576 1160 0 0 0 0 0 0 0 0 0 0 0 0 0 0 
1592 1160 0 0 0 0 0 0 0 0 0 0 0 0 0 0 
1608 1160 0 0 0 0 0 0 0 0 0 0 0 0 0 0 
1624 1160 0 0 0 0 0 0 0 0 0 0 0 0 0 0 
1640 1160 0 0 0 0 0 0 0 0 0 0 0 0 0 0 
1656 1160 0 0 0 0 0 0 0 0 0 0 0 0 0 0 
1672 1160 0 0 0 0 0 0 0 0 0 0 0 0 0 0 
1688 1160 0 0 0 0 0 0 0 0 0 0 0 0 0 0 
1704 1160 0 0 0 0 0 0 0 0 0 0 0 0 0 0 
1720 1160 0 0 0 0 0 0 0 0 0 0 0 0 0 0 
1736 1160 0 0 0 0 0 0 0 0 0 0 0 0 0 0 
1752 1160 0 0 0 0 0 0 0 0 0 0 0 0 0 0 
1768 1160 0 0 0 0 0 0 0 0 0 0 0 0 0 0 
1784 1160 0 0 0 0 0 0 0 0 0 0 0 0 0 0 
1800 1160 0 0 0 0 0 0 0 0 0 0 0 0 0 0 
1816 1160 0 0 0 0 0 0 0 0 0 0 0 0 0 0 
1832 1160 0 0 0 0 0 0 0 0 0 0 0 0 0 0 
1848 1160 0 0 0 0 0 0 0 0 0 0 0 0 0 0 
1864 1160 0 0 0 0 0 0 0 0 0 0 0 0 0 0 
1880 1160 0 0 0 0 0 0 0 0 0 0 0 0 0 0 
1896 1160 0 0 0 0 0 0 0 0 0 0 0 0 0 0 
1912 1160 0 0 0 0 0 0 0 0 0 0 0 0 0 0 
1928 1160 0 0 0 0 0 0 0 0 0 0 0 0 0 0 
1944 1160 0 0 0 0 0 0 0 0 0 0 0 0 0 0 
1960 1160 0 0 0 0 0 0 0 0 0 0 0 0 0 0 
1976 1160 0 0 0 0 0 0 0 0 0 0 0 0 0 0 
1992 1160 0 0 0 0 0 0 0 0 0 0 0 0 0 0 
2008 1160 0 0 0 0 0 0 0 0 0 0 0 0 0 0 
2024 1160 0 0 0 0 0 0 0 0 0 0 0 0 0 0 
2040 1160 0 0 0 0 0 0 0 0 0 0 0 0 0 0 
2056 1160 0 0 0 0 0 0 0 0 0 0 0 0 0 0 
2072 1160 0 0 0 0 0 0 0 0 0 0 0 0 0 0 
2088 1160 0 0 0 0 0 0 0 0 0 0 0 0 0 0 
2104 1160 0 0 0 0 0 0 0 0 0 0 0 0 0 0 
2120 1160 0 0 0 0 0 0 0 0 0 0 0 0 0 0 
2136 1160 0 0 0 0 0 0 0 0 0 0 0 0 0 0 
2152 1160 0 0 0 0 0 0 0 0 0 0 0 0 0 0 
2168 1160 0 0 0 0 0 0 0 0 0 0 0 0 0 0 
2184 1160 0 0 0 0 0 0 0 0 0 0 0 0 0 0 
2200 1160 0 0 0 0 0 0 0 0 0 0 0 0 0 0 
2216 1160 0 0 0 0 0 0 0 0 0 0 0 0 0 0 
2232 1160 0 0 0 0 0 0 0 0 0 0 0 0 0 0 
2248 1160 0 0 0 0 0 0 0 0 0 0 0 0 0 0 
2264 1160 0 0 0 0 0 0 0 0 0 0 0 0 0 0 
2280 1160 0 0 0 0 0 0 0 0 0 0 0 0 0 0 
2296 1160 0 0 0 0 0 0 0 0 0 0 0 0 0 0 
2312 1160 0 0 0 0 0 0 0 0 0 0 0 0 0 0 
2328 1160 0 0 0 0 0 0 0 0 0 0 0 0 0 0 
2344 1160 0 0 0 0 0 0 0 0 0 0 0 0 0 0 
2360 1160 0 0 0 0 0 0 0 0 0 0 0 0 0 0 
2376 1160 0 0 0 0 0 0 0 0 0 0 0 0 0 0 
2392 1160 0 0 0 0 0 0 0 0 0 0 0 0 0 0 
2408 1160 0 0 0 0 0 0 0 0 0 0 0 0 0 0 
2424 1160 0 0 0 0 0 0 0 0 0 0 0 0 0 0 
2440 1160 0 0 0 0 0 0 0 0 0 0 0 0 0 0 
2456 1160 0 0 0 0 0 0 0 0 0 0 0 0 0 0 
2472 1160 0 0 0 0 0 0 0 0 0 0 0 0 0 0 
2488 1160 0 0 0 0 0 0 0 0 0 0 0 0 0 0 
2504 1160 0 0 0 0 0 0 0 0 0 0 0 0 0 0 
2520 1160 0 0 0 0 0 0 0 0 0 0 0 0 0 0 
2536 1160 0 0 0 0 0 0 0 0 0 0 0 0 0 0 
24 1176 0 0 0 0 0 0 0 0 0 0 0 0 0 0 
40 1176 0 0 0 0 0 0 0 0 0 0 0 0 0 0 
56 1176 0 0 0 0 0 0 0 0 0 0 0 0 0 0 
72 1176 0 0 0 0 0 0 0 0 0 0 0 0 0 0 
88 1176 0 0 0 0 0 0 0 0 0 0 0 0 0 0 
104 1176 0 0 0 0 0 0 0 0 0 0 0 0 0 0 
120 1176 0 0 0 0 0 0 0 0 0 0 0 0 0 0 
136 1176 0 0 0 0 0 0 0 0 0 0 0 0 0 0 
152 1176 0 0 0 0 0 0 0 0 0 0 0 0 0 0 
168 1176 0 0 0 0 0 0 0 0 0 0 0 0 0 0 
184 1176 0 0 0 0 0 0 0 0 0 0 0 0 0 0 
200 1176 0 0 0 0 0 0 0 0 0 0 0 0 0 0 
216 1176 0 0 0 0 0 0 0 0 0 0 0 0 0 0 
232 1176 0 0 0 0 0 0 0 0 0 0 0 0 0 0 
248 1176 0 0 0 0 0 0 0 0 0 0 0 0 0 0 
264 1176 0 0 0 0 0 0 0 0 0 0 0 0 0 0 
280 1176 0 0 0 0 0 0 0 0 0 0 0 0 0 0 
296 1176 0 0 0 0 0 0 0 0 0 0 0 0 0 0 
312 1176 0 0 0 0 0 0 0 0 0 0 0 0 0 0 
328 1176 0 0 0 0 0 0 0 0 0 0 0 0 0 0 
344 1176 0 0 0 0 0 0 0 0 0 0 0 0 0 0 
360 1176 0 0 0 0 0 0 0 0 0 0 0 0 0 0 
376 1176 0 0 0 0 0 0 0 0 0 0 0 0 0 0 
392 1176 0 0 0 0 0 0 0 0 0 0 0 0 0 0 
408 1176 0 0 0 0 0 0 0 0 0 0 0 0 0 0 
424 1176 0 0 0 0 0 0 0 0 0 0 0 0 0 0 
440 1176 0 0 0 0 0 0 0 0 0 0 0 0 0 0 
456 1176 0 0 0 0 0 0 0 0 0 0 0 0 0 0 
472 1176 0 0 0 0 0 0 0 0 0 0 0 0 0 0 
488 1176 0 0 0 0 0 0 0 0 0 0 0 0 0 0 
504 1176 0 0 0 0 0 0 0 0 0 0 0 0 0 0 
520 1176 0 0 0 0 0 0 0 0 0 0 0 0 0 0 
536 1176 0 0 0 0 0 0 0 0 0 0 0 0 0 0 
552 1176 0 0 0 0 0 0 0 0 0 0 0 0 0 0 
568 1176 0 0 0 0 0 0 0 0 0 0 0 0 0 0 
584 1176 0 0 0 0 0 0 0 0 0 0 0 0 0 0 
600 1176 0 0 0 0 0 0 0 0 0 0 0 0 0 0 
616 1176 0 0 0 0 0 0 0 0 0 0 0 0 0 0 
632 1176 0 0 0 0 0 0 0 0 0 0 0 0 0 0 
648 1176 0 0 0 0 0 0 0 0 0 0 0 0 0 0 
664 1176 0 0 0 0 0 0 0 0 0 0 0 0 0 0 
680 1176 0 0 0 0 0 0 0 0 0 0 0 0 0 0 
696 1176 0 0 0 0 0 0 0 0 0 0 0 0 0 0 
712 1176 0 0 0 0 0 0 0 0 0 0 0 0 0 0 
728 1176 0 0 0 0 0 0 0 0 0 0 0 0 0 0 
744 1176 0 0 0 0 0 0 0 0 0 0 0 0 0 0 
760 1176 0 0 0 0 0 0 0 0 0 0 0 0 0 0 
776 1176 0 0 0 0 0 0 0 0 0 0 0 0 0 0 
792 1176 0 0 0 0 0 0 0 0 0 0 0 0 0 0 
808 1176 0 0 0 0 0 0 0 0 0 0 0 0 0 0 
824 1176 0 0 0 0 0 0 0 0 0 0 0 0 0 0 
840 1176 0 0 0 0 0 0 0 0 0 0 0 0 0 0 
856 1176 0 0 0 0 0 0 0 0 0 0 0 0 0 0 
872 1176 0 0 0 0 0 0 0 0 0 0 0 0 0 0 
888 1176 0 0 0 0 0 0 0 0 0 0 0 0 0 0 
904 1176 0 0 0 0 0 0 0 0 0 0 0 0 0 0 
920 1176 0 0 0 0 0 0 0 0 0 0 0 0 0 0 
936 1176 0 0 0 0 0 0 0 0 0 0 0 0 0 0 
952 1176 0 0 0 0 0 0 0 0 0 0 0 0 0 0 
968 1176 0 0 0 0 0 0 0 0 0 0 0 0 0 0 
984 1176 0 0 0 0 0 0 0 0 0 0 0 0 0 0 
1000 1176 0 0 0 0 0 0 0 0 0 0 0 0 0 0 
1016 1176 0 0 0 0 0 0 0 0 0 0 0 0 0 0 
1032 1176 0 0 0 0 0 0 0 0 0 0 0 0 0 0 
1048 1176 0 0 0 0 0 0 0 0 0 0 0 0 0 0 
1064 1176 0 0 0 0 0 0 0 0 0 0 0 0 0 0 
1080 1176 0 0 0 0 0 0 0 0 0 0 0 0 0 0 
1096 1176 0 0 0 0 0 0 0 0 0 0 0 0 0 0 
1112 1176 0 0 0 0 0 0 0 0 0 0 0 0 0 0 
1128 1176 0 0 0 0 0 0 0 0 0 0 0 0 0 0 
1144 1176 0 0 0 0 0 0 0 0 0 0 0 0 0 0 
1160 1176 0 0 0 0 0 0 0 0 0 0 0 0 0 0 
1176 1176 0 0 0 0 0 0 0 0 0 0 0 0 0 0 
1192 1176 0 0 0 0 0 0 0 0 0 0 0 0 0 0 
1208 1176 0 0 0 0 0 0 0 0 0 0 0 0 0 0 
1224 1176 0 0 0 0 0 0 0 0 0 0 0 0 0 0 
1240 1176 0 0 0 0 0 0 0 0 0 0 0 0 0 0 
1256 1176 0 0 0 0 0 0 0 0 0 0 0 0 0 0 
1272 1176 0 0 0 0 0 0 0 0 0 0 0 0 0 0 
1288 1176 0 0 0 0 0 0 0 0 0 0 0 0 0 0 
1304 1176 0 0 0 0 0 0 0 0 0 0 0 0 0 0 
1320 1176 0 0 0 0 0 0 0 0 0 0 0 0 0 0 
1336 1176 0 0 0 0 0 0 0 0 0 0 0 0 0 0 
1352 1176 0 0 0 0 0 0 0 0 0 0 0 0 0 0 
1368 1176 0 0 0 0 0 0 0 0 0 0 0 0 0 0 
1384 1176 0 0 0 0 0 0 0 0 0 0 0 0 0 0 
1400 1176 0 0 0 0 0 0 0 0 0 0 0 0 0 0 
1416 1176 0 0 0 0 0 0 0 0 0 0 0 0 0 0 
1432 1176 0 0 0 0 0 0 0 0 0 0 0 0 0 0 
1448 1176 0 0 0 0 0 0 0 0 0 0 0 0 0 0 
1464 1176 0 0 0 0 0 0 0 0 0 0 0 0 0 0 
1480 1176 0 0 0 0 0 0 0 0 0 0 0 0 0 0 
1496 1176 0 0 0 0 0 0 0 0 0 0 0 0 0 0 
1512 1176 0 0 0 0 0 0 0 0 0 0 0 0 0 0 
1528 1176 0 0 0 0 0 0 0 0 0 0 0 0 0 0 
1544 1176 0 0 0 0 0 0 0 0 0 0 0 0 0 0 
1560 1176 0 0 0 0 0 0 0 0 0 0 0 0 0 0 
1576 1176 0 0 0 0 0 0 0 0 0 0 0 0 0 0 
1592 1176 0 0 0 0 0 0 0 0 0 0 0 0 0 0 
1608 1176 0 0 0 0 0 0 0 0 0 0 0 0 0 0 
1624 1176 0 0 0 0 0 0 0 0 0 0 0 0 0 0 
1640 1176 0 0 0 0 0 0 0 0 0 0 0 0 0 0 
1656 1176 0 0 0 0 0 0 0 0 0 0 0 0 0 0 
1672 1176 0 0 0 0 0 0 0 0 0 0 0 0 0 0 
1688 1176 0 0 0 0 0 0 0 0 0 0 0 0 0 0 
1704 1176 0 0 0 0 0 0 0 0 0 0 0 0 0 0 
1720 1176 0 0 0 0 0 0 0 0 0 0 0 0 0 0 
1736 1176 0 0 0 0 0 0 0 0 0 0 0 0 0 0 
1752 1176 0 0 0 0 0 0 0 0 0 0 0 0 0 0 
1768 1176 0 0 0 0 0 0 0 0 0 0 0 0 0 0 
1784 1176 0 0 0 0 0 0 0 0 0 0 0 0 0 0 
1800 1176 0 0 0 0 0 0 0 0 0 0 0 0 0 0 
1816 1176 0 0 0 0 0 0 0 0 0 0 0 0 0 0 
1832 1176 0 0 0 0 0 0 0 0 0 0 0 0 0 0 
1848 1176 0 0 0 0 0 0 0 0 0 0 0 0 0 0 
1864 1176 0 0 0 0 0 0 0 0 0 0 0 0 0 0 
1880 1176 0 0 0 0 0 0 0 0 0 0 0 0 0 0 
1896 1176 0 0 0 0 0 0 0 0 0 0 0 0 0 0 
1912 1176 0 0 0 0 0 0 0 0 0 0 0 0 0 0 
1928 1176 0 0 0 0 0 0 0 0 0 0 0 0 0 0 
1944 1176 0 0 0 0 0 0 0 0 0 0 0 0 0 0 
1960 1176 0 0 0 0 0 0 0 0 0 0 0 0 0 0 
1976 1176 0 0 0 0 0 0 0 0 0 0 0 0 0 0 
1992 1176 0 0 0 0 0 0 0 0 0 0 0 0 0 0 
2008 1176 0 0 0 0 0 0 0 0 0 0 0 0 0 0 
2024 1176 0 0 0 0 0 0 0 0 0 0 0 0 0 0 
2040 1176 0 0 0 0 0 0 0 0 0 0 0 0 0 0 
2056 1176 0 0 0 0 0 0 0 0 0 0 0 0 0 0 
2072 1176 0 0 0 0 0 0 0 0 0 0 0 0 0 0 
2088 1176 0 0 0 0 0 0 0 0 0 0 0 0 0 0 
2104 1176 0 0 0 0 0 0 0 0 0 0 0 0 0 0 
2120 1176 0 0 0 0 0 0 0 0 0 0 0 0 0 0 
2136 1176 0 0 0 0 0 0 0 0 0 0 0 0 0 0 
2152 1176 0 0 0 0 0 0 0 0 0 0 0 0 0 0 
2168 1176 0 0 0 0 0 0 0 0 0 0 0 0 0 0 
2184 1176 0 0 0 0 0 0 0 0 0 0 0 0 0 0 
2200 1176 0 0 0 0 0 0 0 0 0 0 0 0 0 0 
2216 1176 0 0 0 0 0 0 0 0 0 0 0 0 0 0 
2232 1176 0 0 0 0 0 0 0 0 0 0 0 0 0 0 
2248 1176 0 0 0 0 0 0 0 0 0 0 0 0 0 0 
2264 1176 0 0 0 0 0 0 0 0 0 0 0 0 0 0 
2280 1176 0 0 0 0 0 0 0 0 0 0 0 0 0 0 
2296 1176 0 0 0 0 0 0 0 0 0 0 0 0 0 0 
2312 1176 0 0 0 0 0 0 0 0 0 0 0 0 0 0 
2328 1176 0 0 0 0 0 0 0 0 0 0 0 0 0 0 
2344 1176 0 0 0 0 0 0 0 0 0 0 0 0 0 0 
2360 1176 0 0 0 0 0 0 0 0 0 0 0 0 0 0 
2376 1176 0 0 0 0 0 0 0 0 0 0 0 0 0 0 
2392 1176 0 0 0 0 0 0 0 0 0 0 0 0 0 0 
2408 1176 0 0 0 0 0 0 0 0 0 0 0 0 0 0 
2424 1176 0 0 0 0 0 0 0 0 0 0 0 0 0 0 
2440 1176 0 0 0 0 0 0 0 0 0 0 0 0 0 0 
2456 1176 0 0 0 0 0 0 0 0 0 0 0 0 0 0 
2472 1176 0 0 0 0 0 0 0 0 0 0 0 0 0 0 
2488 1176 0 0 0 0 0 0 0 0 0 0 0 0 0 0 
2504 1176 0 0 0 0 0 0 0 0 0 0 0 0 0 0 
2520 1176 0 0 0 0 0 0 0 0 0 0 0 0 0 0 
2536 1176 0 0 0 0 0 0 0 0 0 0 0 0 0 0 
24 1192 0 0 0 0 0 0 0 0 0 0 0 0 0 0 
40 1192 0 0 0 0 0 0 0 0 0 0 0 0 0 0 
56 1192 0 0 0 0 0 0 0 0 0 0 0 0 0 0 
72 1192 0 0 0 0 0 0 0 0 0 0 0 0 0 0 
88 1192 0 0 0 0 0 0 0 0 0 0 0 0 0 0 
104 1192 0 0 0 0 0 0 0 0 0 0 0 0 0 0 
120 1192 0 0 0 0 0 0 0 0 0 0 0 0 0 0 
136 1192 0 0 0 0 0 0 0 0 0 0 0 0 0 0 
152 1192 0 0 0 0 0 0 0 0 0 0 0 0 0 0 
168 1192 0 0 0 0 0 0 0 0 0 0 0 0 0 0 
184 1192 0 0 0 0 0 0 0 0 0 0 0 0 0 0 
200 1192 0 0 0 0 0 0 0 0 0 0 0 0 0 0 
216 1192 0 0 0 0 0 0 0 0 0 0 0 0 0 0 
232 1192 0 0 0 0 0 0 0 0 0 0 0 0 0 0 
248 1192 0 0 0 0 0 0 0 0 0 0 0 0 0 0 
264 1192 0 0 0 0 0 0 0 0 0 0 0 0 0 0 
280 1192 0 0 0 0 0 0 0 0 0 0 0 0 0 0 
296 1192 0 0 0 0 0 0 0 0 0 0 0 0 0 0 
312 1192 0 0 0 0 0 0 0 0 0 0 0 0 0 0 
328 1192 0 0 0 0 0 0 0 0 0 0 0 0 0 0 
344 1192 0 0 0 0 0 0 0 0 0 0 0 0 0 0 
360 1192 0 0 0 0 0 0 0 0 0 0 0 0 0 0 
376 1192 0 0 0 0 0 0 0 0 0 0 0 0 0 0 
392 1192 0 0 0 0 0 0 0 0 0 0 0 0 0 0 
408 1192 0 0 0 0 0 0 0 0 0 0 0 0 0 0 
424 1192 0 0 0 0 0 0 0 0 0 0 0 0 0 0 
440 1192 0 0 0 0 0 0 0 0 0 0 0 0 0 0 
456 1192 0 0 0 0 0 0 0 0 0 0 0 0 0 0 
472 1192 0 0 0 0 0 0 0 0 0 0 0 0 0 0 
488 1192 0 0 0 0 0 0 0 0 0 0 0 0 0 0 
504 1192 0 0 0 0 0 0 0 0 0 0 0 0 0 0 
520 1192 0 0 0 0 0 0 0 0 0 0 0 0 0 0 
536 1192 0 0 0 0 0 0 0 0 0 0 0 0 0 0 
552 1192 0 0 0 0 0 0 0 0 0 0 0 0 0 0 
568 1192 0 0 0 0 0 0 0 0 0 0 0 0 0 0 
584 1192 0 0 0 0 0 0 0 0 0 0 0 0 0 0 
600 1192 0 0 0 0 0 0 0 0 0 0 0 0 0 0 
616 1192 0 0 0 0 0 0 0 0 0 0 0 0 0 0 
632 1192 0 0 0 0 0 0 0 0 0 0 0 0 0 0 
648 1192 0 0 0 0 0 0 0 0 0 0 0 0 0 0 
664 1192 0 0 0 0 0 0 0 0 0 0 0 0 0 0 
680 1192 0 0 0 0 0 0 0 0 0 0 0 0 0 0 
696 1192 0 0 0 0 0 0 0 0 0 0 0 0 0 0 
712 1192 0 0 0 0 0 0 0 0 0 0 0 0 0 0 
728 1192 0 0 0 0 0 0 0 0 0 0 0 0 0 0 
744 1192 0 0 0 0 0 0 0 0 0 0 0 0 0 0 
760 1192 0 0 0 0 0 0 0 0 0 0 0 0 0 0 
776 1192 0 0 0 0 0 0 0 0 0 0 0 0 0 0 
792 1192 0 0 0 0 0 0 0 0 0 0 0 0 0 0 
808 1192 0 0 0 0 0 0 0 0 0 0 0 0 0 0 
824 1192 0 0 0 0 0 0 0 0 0 0 0 0 0 0 
840 1192 0 0 0 0 0 0 0 0 0 0 0 0 0 0 
856 1192 0 0 0 0 0 0 0 0 0 0 0 0 0 0 
872 1192 0 0 0 0 0 0 0 0 0 0 0 0 0 0 
888 1192 0 0 0 0 0 0 0 0 0 0 0 0 0 0 
904 1192 0 0 0 0 0 0 0 0 0 0 0 0 0 0 
920 1192 0 0 0 0 0 0 0 0 0 0 0 0 0 0 
936 1192 0 0 0 0 0 0 0 0 0 0 0 0 0 0 
952 1192 0 0 0 0 0 0 0 0 0 0 0 0 0 0 
968 1192 0 0 0 0 0 0 0 0 0 0 0 0 0 0 
984 1192 0 0 0 0 0 0 0 0 0 0 0 0 0 0 
1000 1192 0 0 0 0 0 0 0 0 0 0 0 0 0 0 
1016 1192 0 0 0 0 0 0 0 0 0 0 0 0 0 0 
1032 1192 0 0 0 0 0 0 0 0 0 0 0 0 0 0 
1048 1192 0 0 0 0 0 0 0 0 0 0 0 0 0 0 
1064 1192 0 0 0 0 0 0 0 0 0 0 0 0 0 0 
1080 1192 0 0 0 0 0 0 0 0 0 0 0 0 0 0 
1096 1192 0 0 0 0 0 0 0 0 0 0 0 0 0 0 
1112 1192 0 0 0 0 0 0 0 0 0 0 0 0 0 0 
1128 1192 0 0 0 0 0 0 0 0 0 0 0 0 0 0 
1144 1192 0 0 0 0 0 0 0 0 0 0 0 0 0 0 
1160 1192 0 0 0 0 0 0 0 0 0 0 0 0 0 0 
1176 1192 0 0 0 0 0 0 0 0 0 0 0 0 0 0 
1192 1192 0 0 0 0 0 0 0 0 0 0 0 0 0 0 
1208 1192 0 0 0 0 0 0 0 0 0 0 0 0 0 0 
1224 1192 0 0 0 0 0 0 0 0 0 0 0 0 0 0 
1240 1192 0 0 0 0 0 0 0 0 0 0 0 0 0 0 
1256 1192 0 0 0 0 0 0 0 0 0 0 0 0 0 0 
1272 1192 0 0 0 0 0 0 0 0 0 0 0 0 0 0 
1288 1192 0 0 0 0 0 0 0 0 0 0 0 0 0 0 
1304 1192 0 0 0 0 0 0 0 0 0 0 0 0 0 0 
1320 1192 0 0 0 0 0 0 0 0 0 0 0 0 0 0 
1336 1192 0 0 0 0 0 0 0 0 0 0 0 0 0 0 
1352 1192 0 0 0 0 0 0 0 0 0 0 0 0 0 0 
1368 1192 0 0 0 0 0 0 0 0 0 0 0 0 0 0 
1384 1192 0 0 0 0 0 0 0 0 0 0 0 0 0 0 
1400 1192 0 0 0 0 0 0 0 0 0 0 0 0 0 0 
1416 1192 0 0 0 0 0 0 0 0 0 0 0 0 0 0 
1432 1192 0 0 0 0 0 0 0 0 0 0 0 0 0 0 
1448 1192 0 0 0 0 0 0 0 0 0 0 0 0 0 0 
1464 1192 0 0 0 0 0 0 0 0 0 0 0 0 0 0 
1480 1192 0 0 0 0 0 0 0 0 0 0 0 0 0 0 
1496 1192 0 0 0 0 0 0 0 0 0 0 0 0 0 0 
1512 1192 0 0 0 0 0 0 0 0 0 0 0 0 0 0 
1528 1192 0 0 0 0 0 0 0 0 0 0 0 0 0 0 
1544 1192 0 0 0 0 0 0 0 0 0 0 0 0 0 0 
1560 1192 0 0 0 0 0 0 0 0 0 0 0 0 0 0 
1576 1192 0 0 0 0 0 0 0 0 0 0 0 0 0 0 
1592 1192 0 0 0 0 0 0 0 0 0 0 0 0 0 0 
1608 1192 0 0 0 0 0 0 0 0 0 0 0 0 0 0 
1624 1192 0 0 0 0 0 0 0 0 0 0 0 0 0 0 
1640 1192 0 0 0 0 0 0 0 0 0 0 0 0 0 0 
1656 1192 0 0 0 0 0 0 0 0 0 0 0 0 0 0 
1672 1192 0 0 0 0 0 0 0 0 0 0 0 0 0 0 
1688 1192 0 0 0 0 0 0 0 0 0 0 0 0 0 0 
1704 1192 0 0 0 0 0 0 0 0 0 0 0 0 0 0 
1720 1192 0 0 0 0 0 0 0 0 0 0 0 0 0 0 
1736 1192 0 0 0 0 0 0 0 0 0 0 0 0 0 0 
1752 1192 0 0 0 0 0 0 0 0 0 0 0 0 0 0 
1768 1192 0 0 0 0 0 0 0 0 0 0 0 0 0 0 
1784 1192 0 0 0 0 0 0 0 0 0 0 0 0 0 0 
1800 1192 0 0 0 0 0 0 0 0 0 0 0 0 0 0 
1816 1192 0 0 0 0 0 0 0 0 0 0 0 0 0 0 
1832 1192 0 0 0 0 0 0 0 0 0 0 0 0 0 0 
1848 1192 0 0 0 0 0 0 0 0 0 0 0 0 0 0 
1864 1192 0 0 0 0 0 0 0 0 0 0 0 0 0 0 
1880 1192 0 0 0 0 0 0 0 0 0 0 0 0 0 0 
1896 1192 0 0 0 0 0 0 0 0 0 0 0 0 0 0 
1912 1192 0 0 0 0 0 0 0 0 0 0 0 0 0 0 
1928 1192 0 0 0 0 0 0 0 0 0 0 0 0 0 0 
1944 1192 0 0 0 0 0 0 0 0 0 0 0 0 0 0 
1960 1192 0 0 0 0 0 0 0 0 0 0 0 0 0 0 
1976 1192 0 0 0 0 0 0 0 0 0 0 0 0 0 0 
1992 1192 0 0 0 0 0 0 0 0 0 0 0 0 0 0 
2008 1192 0 0 0 0 0 0 0 0 0 0 0 0 0 0 
2024 1192 0 0 0 0 0 0 0 0 0 0 0 0 0 0 
2040 1192 0 0 0 0 0 0 0 0 0 0 0 0 0 0 
2056 1192 0 0 0 0 0 0 0 0 0 0 0 0 0 0 
2072 1192 0 0 0 0 0 0 0 0 0 0 0 0 0 0 
2088 1192 0 0 0 0 0 0 0 0 0 0 0 0 0 0 
2104 1192 0 0 0 0 0 0 0 0 0 0 0 0 0 0 
2120 1192 0 0 0 0 0 0 0 0 0 0 0 0 0 0 
2136 1192 0 0 0 0 0 0 0 0 0 0 0 0 0 0 
2152 1192 0 0 0 0 0 0 0 0 0 0 0 0 0 0 
2168 1192 0 0 0 0 0 0 0 0 0 0 0 0 0 0 
2184 1192 0 0 0 0 0 0 0 0 0 0 0 0 0 0 
2200 1192 0 0 0 0 0 0 0 0 0 0 0 0 0 0 
2216 1192 0 0 0 0 0 0 0 0 0 0 0 0 0 0 
2232 1192 0 0 0 0 0 0 0 0 0 0 0 0 0 0 
2248 1192 0 0 0 0 0 0 0 0 0 0 0 0 0 0 
2264 1192 0 0 0 0 0 0 0 0 0 0 0 0 0 0 
2280 1192 0 0 0 0 0 0 0 0 0 0 0 0 0 0 
2296 1192 0 0 0 0 0 0 0 0 0 0 0 0 0 0 
2312 1192 0 0 0 0 0 0 0 0 0 0 0 0 0 0 
2328 1192 0 0 0 0 0 0 0 0 0 0 0 0 0 0 
2344 1192 0 0 0 0 0 0 0 0 0 0 0 0 0 0 
2360 1192 0 0 0 0 0 0 0 0 0 0 0 0 0 0 
2376 1192 0 0 0 0 0 0 0 0 0 0 0 0 0 0 
2392 1192 0 0 0 0 0 0 0 0 0 0 0 0 0 0 
2408 1192 0 0 0 0 0 0 0 0 0 0 0 0 0 0 
2424 1192 0 0 0 0 0 0 0 0 0 0 0 0 0 0 
2440 1192 0 0 0 0 0 0 0 0 0 0 0 0 0 0 
2456 1192 0 0 0 0 0 0 0 0 0 0 0 0 0 0 
2472 1192 0 0 0 0 0 0 0 0 0 0 0 0 0 0 
2488 1192 0 0 0 0 0 0 0 0 0 0 0 0 0 0 
2504 1192 0 0 0 0 0 0 0 0 0 0 0 0 0 0 
2520 1192 0 0 0 0 0 0 0 0 0 0 0 0 0 0 
2536 1192 0 0 0 0 0 0 0 0 0 0 0 0 0 0 
24 1208 0 0 0 0 0 0 0 0 0 0 0 0 0 0 
40 1208 0 0 0 0 0 0 0 0 0 0 0 0 0 0 
56 1208 0 0 0 0 0 0 0 0 0 0 0 0 0 0 
72 1208 0 0 0 0 0 0 0 0 0 0 0 0 0 0 
88 1208 0 0 0 0 0 0 0 0 0 0 0 0 0 0 
104 1208 0 0 0 0 0 0 0 0 0 0 0 0 0 0 
120 1208 0 0 0 0 0 0 0 0 0 0 0 0 0 0 
136 1208 0 0 0 0 0 0 0 0 0 0 0 0 0 0 
152 1208 0 0 0 0 0 0 0 0 0 0 0 0 0 0 
168 1208 0 0 0 0 0 0 0 0 0 0 0 0 0 0 
184 1208 0 0 0 0 0 0 0 0 0 0 0 0 0 0 
200 1208 0 0 0 0 0 0 0 0 0 0 0 0 0 0 
216 1208 0 0 0 0 0 0 0 0 0 0 0 0 0 0 
232 1208 0 0 0 0 0 0 0 0 0 0 0 0 0 0 
248 1208 0 0 0 0 0 0 0 0 0 0 0 0 0 0 
264 1208 0 0 0 0 0 0 0 0 0 0 0 0 0 0 
280 1208 0 0 0 0 0 0 0 0 0 0 0 0 0 0 
296 1208 0 0 0 0 0 0 0 0 0 0 0 0 0 0 
312 1208 0 0 0 0 0 0 0 0 0 0 0 0 0 0 
328 1208 0 0 0 0 0 0 0 0 0 0 0 0 0 0 
344 1208 0 0 0 0 0 0 0 0 0 0 0 0 0 0 
360 1208 0 0 0 0 0 0 0 0 0 0 0 0 0 0 
376 1208 0 0 0 0 0 0 0 0 0 0 0 0 0 0 
392 1208 0 0 0 0 0 0 0 0 0 0 0 0 0 0 
408 1208 0 0 0 0 0 0 0 0 0 0 0 0 0 0 
424 1208 0 0 0 0 0 0 0 0 0 0 0 0 0 0 
440 1208 0 0 0 0 0 0 0 0 0 0 0 0 0 0 
456 1208 0 0 0 0 0 0 0 0 0 0 0 0 0 0 
472 1208 0 0 0 0 0 0 0 0 0 0 0 0 0 0 
488 1208 0 0 0 0 0 0 0 0 0 0 0 0 0 0 
504 1208 0 0 0 0 0 0 0 0 0 0 0 0 0 0 
520 1208 0 0 0 0 0 0 0 0 0 0 0 0 0 0 
536 1208 0 0 0 0 0 0 0 0 0 0 0 0 0 0 
552 1208 0 0 0 0 0 0 0 0 0 0 0 0 0 0 
568 1208 0 0 0 0 0 0 0 0 0 0 0 0 0 0 
584 1208 0 0 0 0 0 0 0 0 0 0 0 0 0 0 
600 1208 0 0 0 0 0 0 0 0 0 0 0 0 0 0 
616 1208 0 0 0 0 0 0 0 0 0 0 0 0 0 0 
632 1208 0 0 0 0 0 0 0 0 0 0 0 0 0 0 
648 1208 0 0 0 0 0 0 0 0 0 0 0 0 0 0 
664 1208 0 0 0 0 0 0 0 0 0 0 0 0 0 0 
680 1208 0 0 0 0 0 0 0 0 0 0 0 0 0 0 
696 1208 0 0 0 0 0 0 0 0 0 0 0 0 0 0 
712 1208 0 0 0 0 0 0 0 0 0 0 0 0 0 0 
728 1208 0 0 0 0 0 0 0 0 0 0 0 0 0 0 
744 1208 0 0 0 0 0 0 0 0 0 0 0 0 0 0 
760 1208 0 0 0 0 0 0 0 0 0 0 0 0 0 0 
776 1208 0 0 0 0 0 0 0 0 0 0 0 0 0 0 
792 1208 0 0 0 0 0 0 0 0 0 0 0 0 0 0 
808 1208 0 0 0 0 0 0 0 0 0 0 0 0 0 0 
824 1208 0 0 0 0 0 0 0 0 0 0 0 0 0 0 
840 1208 0 0 0 0 0 0 0 0 0 0 0 0 0 0 
856 1208 0 0 0 0 0 0 0 0 0 0 0 0 0 0 
872 1208 0 0 0 0 0 0 0 0 0 0 0 0 0 0 
888 1208 0 0 0 0 0 0 0 0 0 0 0 0 0 0 
904 1208 0 0 0 0 0 0 0 0 0 0 0 0 0 0 
920 1208 0 0 0 0 0 0 0 0 0 0 0 0 0 0 
936 1208 0 0 0 0 0 0 0 0 0 0 0 0 0 0 
952 1208 0 0 0 0 0 0 0 0 0 0 0 0 0 0 
968 1208 0 0 0 0 0 0 0 0 0 0 0 0 0 0 
984 1208 0 0 0 0 0 0 0 0 0 0 0 0 0 0 
1000 1208 0 0 0 0 0 0 0 0 0 0 0 0 0 0 
1016 1208 0 0 0 0 0 0 0 0 0 0 0 0 0 0 
1032 1208 0 0 0 0 0 0 0 0 0 0 0 0 0 0 
1048 1208 0 0 0 0 0 0 0 0 0 0 0 0 0 0 
1064 1208 0 0 0 0 0 0 0 0 0 0 0 0 0 0 
1080 1208 0 0 0 0 0 0 0 0 0 0 0 0 0 0 
1096 1208 0 0 0 0 0 0 0 0 0 0 0 0 0 0 
1112 1208 0 0 0 0 0 0 0 0 0 0 0 0 0 0 
1128 1208 0 0 0 0 0 0 0 0 0 0 0 0 0 0 
1144 1208 0 0 0 0 0 0 0 0 0 0 0 0 0 0 
1160 1208 0 0 0 0 0 0 0 0 0 0 0 0 0 0 
1176 1208 0 0 0 0 0 0 0 0 0 0 0 0 0 0 
1192 1208 0 0 0 0 0 0 0 0 0 0 0 0 0 0 
1208 1208 0 0 0 0 0 0 0 0 0 0 0 0 0 0 
1224 1208 0 0 0 0 0 0 0 0 0 0 0 0 0 0 
1240 1208 0 0 0 0 0 0 0 0 0 0 0 0 0 0 
1256 1208 0 0 0 0 0 0 0 0 0 0 0 0 0 0 
1272 1208 0 0 0 0 0 0 0 0 0 0 0 0 0 0 
1288 1208 0 0 0 0 0 0 0 0 0 0 0 0 0 0 
1304 1208 0 0 0 0 0 0 0 0 0 0 0 0 0 0 
1320 1208 0 0 0 0 0 0 0 0 0 0 0 0 0 0 
1336 1208 0 0 0 0 0 0 0 0 0 0 0 0 0 0 
1352 1208 0 0 0 0 0 0 0 0 0 0 0 0 0 0 
1368 1208 0 0 0 0 0 0 0 0 0 0 0 0 0 0 
1384 1208 0 0 0 0 0 0 0 0 0 0 0 0 0 0 
1400 1208 0 0 0 0 0 0 0 0 0 0 0 0 0 0 
1416 1208 0 0 0 0 0 0 0 0 0 0 0 0 0 0 
1432 1208 0 0 0 0 0 0 0 0 0 0 0 0 0 0 
1448 1208 0 0 0 0 0 0 0 0 0 0 0 0 0 0 
1464 1208 0 0 0 0 0 0 0 0 0 0 0 0 0 0 
1480 1208 0 0 0 0 0 0 0 0 0 0 0 0 0 0 
1496 1208 0 0 0 0 0 0 0 0 0 0 0 0 0 0 
1512 1208 0 0 0 0 0 0 0 0 0 0 0 0 0 0 
1528 1208 0 0 0 0 0 0 0 0 0 0 0 0 0 0 
1544 1208 0 0 0 0 0 0 0 0 0 0 0 0 0 0 
1560 1208 0 0 0 0 0 0 0 0 0 0 0 0 0 0 
1576 1208 0 0 0 0 0 0 0 0 0 0 0 0 0 0 
1592 1208 0 0 0 0 0 0 0 0 0 0 0 0 0 0 
1608 1208 0 0 0 0 0 0 0 0 0 0 0 0 0 0 
1624 1208 0 0 0 0 0 0 0 0 0 0 0 0 0 0 
1640 1208 0 0 0 0 0 0 0 0 0 0 0 0 0 0 
1656 1208 0 0 0 0 0 0 0 0 0 0 0 0 0 0 
1672 1208 0 0 0 0 0 0 0 0 0 0 0 0 0 0 
1688 1208 0 0 0 0 0 0 0 0 0 0 0 0 0 0 
1704 1208 0 0 0 0 0 0 0 0 0 0 0 0 0 0 
1720 1208 0 0 0 0 0 0 0 0 0 0 0 0 0 0 
1736 1208 0 0 0 0 0 0 0 0 0 0 0 0 0 0 
1752 1208 0 0 0 0 0 0 0 0 0 0 0 0 0 0 
1768 1208 0 0 0 0 0 0 0 0 0 0 0 0 0 0 
1784 1208 0 0 0 0 0 0 0 0 0 0 0 0 0 0 
1800 1208 0 0 0 0 0 0 0 0 0 0 0 0 0 0 
1816 1208 0 0 0 0 0 0 0 0 0 0 0 0 0 0 
1832 1208 0 0 0 0 0 0 0 0 0 0 0 0 0 0 
1848 1208 0 0 0 0 0 0 0 0 0 0 0 0 0 0 
1864 1208 0 0 0 0 0 0 0 0 0 0 0 0 0 0 
1880 1208 0 0 0 0 0 0 0 0 0 0 0 0 0 0 
1896 1208 0 0 0 0 0 0 0 0 0 0 0 0 0 0 
1912 1208 0 0 0 0 0 0 0 0 0 0 0 0 0 0 
1928 1208 0 0 0 0 0 0 0 0 0 0 0 0 0 0 
1944 1208 0 0 0 0 0 0 0 0 0 0 0 0 0 0 
1960 1208 0 0 0 0 0 0 0 0 0 0 0 0 0 0 
1976 1208 0 0 0 0 0 0 0 0 0 0 0 0 0 0 
1992 1208 0 0 0 0 0 0 0 0 0 0 0 0 0 0 
2008 1208 0 0 0 0 0 0 0 0 0 0 0 0 0 0 
2024 1208 0 0 0 0 0 0 0 0 0 0 0 0 0 0 
2040 1208 0 0 0 0 0 0 0 0 0 0 0 0 0 0 
2056 1208 0 0 0 0 0 0 0 0 0 0 0 0 0 0 
2072 1208 0 0 0 0 0 0 0 0 0 0 0 0 0 0 
2088 1208 0 0 0 0 0 0 0 0 0 0 0 0 0 0 
2104 1208 0 0 0 0 0 0 0 0 0 0 0 0 0 0 
2120 1208 0 0 0 0 0 0 0 0 0 0 0 0 0 0 
2136 1208 0 0 0 0 0 0 0 0 0 0 0 0 0 0 
2152 1208 0 0 0 0 0 0 0 0 0 0 0 0 0 0 
2168 1208 0 0 0 0 0 0 0 0 0 0 0 0 0 0 
2184 1208 0 0 0 0 0 0 0 0 0 0 0 0 0 0 
2200 1208 0 0 0 0 0 0 0 0 0 0 0 0 0 0 
2216 1208 0 0 0 0 0 0 0 0 0 0 0 0 0 0 
2232 1208 0 0 0 0 0 0 0 0 0 0 0 0 0 0 
2248 1208 0 0 0 0 0 0 0 0 0 0 0 0 0 0 
2264 1208 0 0 0 0 0 0 0 0 0 0 0 0 0 0 
2280 1208 0 0 0 0 0 0 0 0 0 0 0 0 0 0 
2296 1208 0 0 0 0 0 0 0 0 0 0 0 0 0 0 
2312 1208 0 0 0 0 0 0 0 0 0 0 0 0 0 0 
2328 1208 0 0 0 0 0 0 0 0 0 0 0 0 0 0 
2344 1208 0 0 0 0 0 0 0 0 0 0 0 0 0 0 
2360 1208 0 0 0 0 0 0 0 0 0 0 0 0 0 0 
2376 1208 0 0 0 0 0 0 0 0 0 0 0 0 0 0 
2392 1208 0 0 0 0 0 0 0 0 0 0 0 0 0 0 
2408 1208 0 0 0 0 0 0 0 0 0 0 0 0 0 0 
2424 1208 0 0 0 0 0 0 0 0 0 0 0 0 0 0 
2440 1208 0 0 0 0 0 0 0 0 0 0 0 0 0 0 
2456 1208 0 0 0 0 0 0 0 0 0 0 0 0 0 0 
2472 1208 0 0 0 0 0 0 0 0 0 0 0 0 0 0 
2488 1208 0 0 0 0 0 0 0 0 0 0 0 0 0 0 
2504 1208 0 0 0 0 0 0 0 0 0 0 0 0 0 0 
2520 1208 0 0 0 0 0 0 0 0 0 0 0 0 0 0 
2536 1208 0 0 0 0 0 0 0 0 0 0 0 0 0 0 
24 1224 0 0 0 0 0 0 0 0 0 0 0 0 0 0 
40 1224 0 0 0 0 0 0 0 0 0 0 0 0 0 0 
56 1224 0 0 0 0 0 0 0 0 0 0 0 0 0 0 
72 1224 0 0 0 0 0 0 0 0 0 0 0 0 0 0 
88 1224 0 0 0 0 0 0 0 0 0 0 0 0 0 0 
104 1224 0 0 0 0 0 0 0 0 0 0 0 0 0 0 
120 1224 0 0 0 0 0 0 0 0 0 0 0 0 0 0 
136 1224 0 0 0 0 0 0 0 0 0 0 0 0 0 0 
152 1224 0 0 0 0 0 0 0 0 0 0 0 0 0 0 
168 1224 0 0 0 0 0 0 0 0 0 0 0 0 0 0 
184 1224 0 0 0 0 0 0 0 0 0 0 0 0 0 0 
200 1224 0 0 0 0 0 0 0 0 0 0 0 0 0 0 
216 1224 0 0 0 0 0 0 0 0 0 0 0 0 0 0 
232 1224 0 0 0 0 0 0 0 0 0 0 0 0 0 0 
248 1224 0 0 0 0 0 0 0 0 0 0 0 0 0 0 
264 1224 0 0 0 0 0 0 0 0 0 0 0 0 0 0 
280 1224 0 0 0 0 0 0 0 0 0 0 0 0 0 0 
296 1224 0 0 0 0 0 0 0 0 0 0 0 0 0 0 
312 1224 0 0 0 0 0 0 0 0 0 0 0 0 0 0 
328 1224 0 0 0 0 0 0 0 0 0 0 0 0 0 0 
344 1224 0 0 0 0 0 0 0 0 0 0 0 0 0 0 
360 1224 0 0 0 0 0 0 0 0 0 0 0 0 0 0 
376 1224 0 0 0 0 0 0 0 0 0 0 0 0 0 0 
392 1224 0 0 0 0 0 0 0 0 0 0 0 0 0 0 
408 1224 0 0 0 0 0 0 0 0 0 0 0 0 0 0 
424 1224 0 0 0 0 0 0 0 0 0 0 0 0 0 0 
440 1224 0 0 0 0 0 0 0 0 0 0 0 0 0 0 
456 1224 0 0 0 0 0 0 0 0 0 0 0 0 0 0 
472 1224 0 0 0 0 0 0 0 0 0 0 0 0 0 0 
488 1224 0 0 0 0 0 0 0 0 0 0 0 0 0 0 
504 1224 0 0 0 0 0 0 0 0 0 0 0 0 0 0 
520 1224 0 0 0 0 0 0 0 0 0 0 0 0 0 0 
536 1224 0 0 0 0 0 0 0 0 0 0 0 0 0 0 
552 1224 0 0 0 0 0 0 0 0 0 0 0 0 0 0 
568 1224 0 0 0 0 0 0 0 0 0 0 0 0 0 0 
584 1224 0 0 0 0 0 0 0 0 0 0 0 0 0 0 
600 1224 0 0 0 0 0 0 0 0 0 0 0 0 0 0 
616 1224 0 0 0 0 0 0 0 0 0 0 0 0 0 0 
632 1224 0 0 0 0 0 0 0 0 0 0 0 0 0 0 
648 1224 0 0 0 0 0 0 0 0 0 0 0 0 0 0 
664 1224 0 0 0 0 0 0 0 0 0 0 0 0 0 0 
680 1224 0 0 0 0 0 0 0 0 0 0 0 0 0 0 
696 1224 0 0 0 0 0 0 0 0 0 0 0 0 0 0 
712 1224 0 0 0 0 0 0 0 0 0 0 0 0 0 0 
728 1224 0 0 0 0 0 0 0 0 0 0 0 0 0 0 
744 1224 0 0 0 0 0 0 0 0 0 0 0 0 0 0 
760 1224 0 0 0 0 0 0 0 0 0 0 0 0 0 0 
776 1224 0 0 0 0 0 0 0 0 0 0 0 0 0 0 
792 1224 0 0 0 0 0 0 0 0 0 0 0 0 0 0 
808 1224 0 0 0 0 0 0 0 0 0 0 0 0 0 0 
824 1224 0 0 0 0 0 0 0 0 0 0 0 0 0 0 
840 1224 0 0 0 0 0 0 0 0 0 0 0 0 0 0 
856 1224 0 0 0 0 0 0 0 0 0 0 0 0 0 0 
872 1224 0 0 0 0 0 0 0 0 0 0 0 0 0 0 
888 1224 0 0 0 0 0 0 0 0 0 0 0 0 0 0 
904 1224 0 0 0 0 0 0 0 0 0 0 0 0 0 0 
920 1224 0 0 0 0 0 0 0 0 0 0 0 0 0 0 
936 1224 0 0 0 0 0 0 0 0 0 0 0 0 0 0 
952 1224 0 0 0 0 0 0 0 0 0 0 0 0 0 0 
968 1224 0 0 0 0 0 0 0 0 0 0 0 0 0 0 
984 1224 0 0 0 0 0 0 0 0 0 0 0 0 0 0 
1000 1224 0 0 0 0 0 0 0 0 0 0 0 0 0 0 
1016 1224 0 0 0 0 0 0 0 0 0 0 0 0 0 0 
1032 1224 0 0 0 0 0 0 0 0 0 0 0 0 0 0 
1048 1224 0 0 0 0 0 0 0 0 0 0 0 0 0 0 
1064 1224 0 0 0 0 0 0 0 0 0 0 0 0 0 0 
1080 1224 0 0 0 0 0 0 0 0 0 0 0 0 0 0 
1096 1224 0 0 0 0 0 0 0 0 0 0 0 0 0 0 
1112 1224 0 0 0 0 0 0 0 0 0 0 0 0 0 0 
1128 1224 0 0 0 0 0 0 0 0 0 0 0 0 0 0 
1144 1224 0 0 0 0 0 0 0 0 0 0 0 0 0 0 
1160 1224 0 0 0 0 0 0 0 0 0 0 0 0 0 0 
1176 1224 0 0 0 0 0 0 0 0 0 0 0 0 0 0 
1192 1224 0 0 0 0 0 0 0 0 0 0 0 0 0 0 
1208 1224 0 0 0 0 0 0 0 0 0 0 0 0 0 0 
1224 1224 0 0 0 0 0 0 0 0 0 0 0 0 0 0 
1240 1224 0 0 0 0 0 0 0 0 0 0 0 0 0 0 
1256 1224 0 0 0 0 0 0 0 0 0 0 0 0 0 0 
1272 1224 0 0 0 0 0 0 0 0 0 0 0 0 0 0 
1288 1224 0 0 0 0 0 0 0 0 0 0 0 0 0 0 
1304 1224 0 0 0 0 0 0 0 0 0 0 0 0 0 0 
1320 1224 0 0 0 0 0 0 0 0 0 0 0 0 0 0 
1336 1224 0 0 0 0 0 0 0 0 0 0 0 0 0 0 
1352 1224 0 0 0 0 0 0 0 0 0 0 0 0 0 0 
1368 1224 0 0 0 0 0 0 0 0 0 0 0 0 0 0 
1384 1224 0 0 0 0 0 0 0 0 0 0 0 0 0 0 
1400 1224 0 0 0 0 0 0 0 0 0 0 0 0 0 0 
1416 1224 0 0 0 0 0 0 0 0 0 0 0 0 0 0 
1432 1224 0 0 0 0 0 0 0 0 0 0 0 0 0 0 
1448 1224 0 0 0 0 0 0 0 0 0 0 0 0 0 0 
1464 1224 0 0 0 0 0 0 0 0 0 0 0 0 0 0 
1480 1224 0 0 0 0 0 0 0 0 0 0 0 0 0 0 
1496 1224 0 0 0 0 0 0 0 0 0 0 0 0 0 0 
1512 1224 0 0 0 0 0 0 0 0 0 0 0 0 0 0 
1528 1224 0 0 0 0 0 0 0 0 0 0 0 0 0 0 
1544 1224 0 0 0 0 0 0 0 0 0 0 0 0 0 0 
1560 1224 0 0 0 0 0 0 0 0 0 0 0 0 0 0 
1576 1224 0 0 0 0 0 0 0 0 0 0 0 0 0 0 
1592 1224 0 0 0 0 0 0 0 0 0 0 0 0 0 0 
1608 1224 0 0 0 0 0 0 0 0 0 0 0 0 0 0 
1624 1224 0 0 0 0 0 0 0 0 0 0 0 0 0 0 
1640 1224 0 0 0 0 0 0 0 0 0 0 0 0 0 0 
1656 1224 0 0 0 0 0 0 0 0 0 0 0 0 0 0 
1672 1224 0 0 0 0 0 0 0 0 0 0 0 0 0 0 
1688 1224 0 0 0 0 0 0 0 0 0 0 0 0 0 0 
1704 1224 0 0 0 0 0 0 0 0 0 0 0 0 0 0 
1720 1224 0 0 0 0 0 0 0 0 0 0 0 0 0 0 
1736 1224 0 0 0 0 0 0 0 0 0 0 0 0 0 0 
1752 1224 0 0 0 0 0 0 0 0 0 0 0 0 0 0 
1768 1224 0 0 0 0 0 0 0 0 0 0 0 0 0 0 
1784 1224 0 0 0 0 0 0 0 0 0 0 0 0 0 0 
1800 1224 0 0 0 0 0 0 0 0 0 0 0 0 0 0 
1816 1224 0 0 0 0 0 0 0 0 0 0 0 0 0 0 
1832 1224 0 0 0 0 0 0 0 0 0 0 0 0 0 0 
1848 1224 0 0 0 0 0 0 0 0 0 0 0 0 0 0 
1864 1224 0 0 0 0 0 0 0 0 0 0 0 0 0 0 
1880 1224 0 0 0 0 0 0 0 0 0 0 0 0 0 0 
1896 1224 0 0 0 0 0 0 0 0 0 0 0 0 0 0 
1912 1224 0 0 0 0 0 0 0 0 0 0 0 0 0 0 
1928 1224 0 0 0 0 0 0 0 0 0 0 0 0 0 0 
1944 1224 0 0 0 0 0 0 0 0 0 0 0 0 0 0 
1960 1224 0 0 0 0 0 0 0 0 0 0 0 0 0 0 
1976 1224 0 0 0 0 0 0 0 0 0 0 0 0 0 0 
1992 1224 0 0 0 0 0 0 0 0 0 0 0 0 0 0 
2008 1224 0 0 0 0 0 0 0 0 0 0 0 0 0 0 
2024 1224 0 0 0 0 0 0 0 0 0 0 0 0 0 0 
2040 1224 0 0 0 0 0 0 0 0 0 0 0 0 0 0 
2056 1224 0 0 0 0 0 0 0 0 0 0 0 0 0 0 
2072 1224 0 0 0 0 0 0 0 0 0 0 0 0 0 0 
2088 1224 0 0 0 0 0 0 0 0 0 0 0 0 0 0 
2104 1224 0 0 0 0 0 0 0 0 0 0 0 0 0 0 
2120 1224 0 0 0 0 0 0 0 0 0 0 0 0 0 0 
2136 1224 0 0 0 0 0 0 0 0 0 0 0 0 0 0 
2152 1224 0 0 0 0 0 0 0 0 0 0 0 0 0 0 
2168 1224 0 0 0 0 0 0 0 0 0 0 0 0 0 0 
2184 1224 0 0 0 0 0 0 0 0 0 0 0 0 0 0 
2200 1224 0 0 0 0 0 0 0 0 0 0 0 0 0 0 
2216 1224 0 0 0 0 0 0 0 0 0 0 0 0 0 0 
2232 1224 0 0 0 0 0 0 0 0 0 0 0 0 0 0 
2248 1224 0 0 0 0 0 0 0 0 0 0 0 0 0 0 
2264 1224 0 0 0 0 0 0 0 0 0 0 0 0 0 0 
2280 1224 0 0 0 0 0 0 0 0 0 0 0 0 0 0 
2296 1224 0 0 0 0 0 0 0 0 0 0 0 0 0 0 
2312 1224 0 0 0 0 0 0 0 0 0 0 0 0 0 0 
2328 1224 0 0 0 0 0 0 0 0 0 0 0 0 0 0 
2344 1224 0 0 0 0 0 0 0 0 0 0 0 0 0 0 
2360 1224 0 0 0 0 0 0 0 0 0 0 0 0 0 0 
2376 1224 0 0 0 0 0 0 0 0 0 0 0 0 0 0 
2392 1224 0 0 0 0 0 0 0 0 0 0 0 0 0 0 
2408 1224 0 0 0 0 0 0 0 0 0 0 0 0 0 0 
2424 1224 0 0 0 0 0 0 0 0 0 0 0 0 0 0 
2440 1224 0 0 0 0 0 0 0 0 0 0 0 0 0 0 
2456 1224 0 0 0 0 0 0 0 0 0 0 0 0 0 0 
2472 1224 0 0 0 0 0 0 0 0 0 0 0 0 0 0 
2488 1224 0 0 0 0 0 0 0 0 0 0 0 0 0 0 
2504 1224 0 0 0 0 0 0 0 0 0 0 0 0 0 0 
2520 1224 0 0 0 0 0 0 0 0 0 0 0 0 0 0 
2536 1224 0 0 0 0 0 0 0 0 0 0 0 0 0 0 
24 1240 0 0 0 0 0 0 0 0 0 0 0 0 0 0 
40 1240 0 0 0 0 0 0 0 0 0 0 0 0 0 0 
56 1240 0 0 0 0 0 0 0 0 0 0 0 0 0 0 
72 1240 0 0 0 0 0 0 0 0 0 0 0 0 0 0 
88 1240 0 0 0 0 0 0 0 0 0 0 0 0 0 0 
104 1240 0 0 0 0 0 0 0 0 0 0 0 0 0 0 
120 1240 0 0 0 0 0 0 0 0 0 0 0 0 0 0 
136 1240 0 0 0 0 0 0 0 0 0 0 0 0 0 0 
152 1240 0 0 0 0 0 0 0 0 0 0 0 0 0 0 
168 1240 0 0 0 0 0 0 0 0 0 0 0 0 0 0 
184 1240 0 0 0 0 0 0 0 0 0 0 0 0 0 0 
200 1240 0 0 0 0 0 0 0 0 0 0 0 0 0 0 
216 1240 0 0 0 0 0 0 0 0 0 0 0 0 0 0 
232 1240 0 0 0 0 0 0 0 0 0 0 0 0 0 0 
248 1240 0 0 0 0 0 0 0 0 0 0 0 0 0 0 
264 1240 0 0 0 0 0 0 0 0 0 0 0 0 0 0 
280 1240 0 0 0 0 0 0 0 0 0 0 0 0 0 0 
296 1240 0 0 0 0 0 0 0 0 0 0 0 0 0 0 
312 1240 0 0 0 0 0 0 0 0 0 0 0 0 0 0 
328 1240 0 0 0 0 0 0 0 0 0 0 0 0 0 0 
344 1240 0 0 0 0 0 0 0 0 0 0 0 0 0 0 
360 1240 0 0 0 0 0 0 0 0 0 0 0 0 0 0 
376 1240 0 0 0 0 0 0 0 0 0 0 0 0 0 0 
392 1240 0 0 0 0 0 0 0 0 0 0 0 0 0 0 
408 1240 0 0 0 0 0 0 0 0 0 0 0 0 0 0 
424 1240 0 0 0 0 0 0 0 0 0 0 0 0 0 0 
440 1240 0 0 0 0 0 0 0 0 0 0 0 0 0 0 
456 1240 0 0 0 0 0 0 0 0 0 0 0 0 0 0 
472 1240 0 0 0 0 0 0 0 0 0 0 0 0 0 0 
488 1240 0 0 0 0 0 0 0 0 0 0 0 0 0 0 
504 1240 0 0 0 0 0 0 0 0 0 0 0 0 0 0 
520 1240 0 0 0 0 0 0 0 0 0 0 0 0 0 0 
536 1240 0 0 0 0 0 0 0 0 0 0 0 0 0 0 
552 1240 0 0 0 0 0 0 0 0 0 0 0 0 0 0 
568 1240 0 0 0 0 0 0 0 0 0 0 0 0 0 0 
584 1240 0 0 0 0 0 0 0 0 0 0 0 0 0 0 
600 1240 0 0 0 0 0 0 0 0 0 0 0 0 0 0 
616 1240 0 0 0 0 0 0 0 0 0 0 0 0 0 0 
632 1240 0 0 0 0 0 0 0 0 0 0 0 0 0 0 
648 1240 0 0 0 0 0 0 0 0 0 0 0 0 0 0 
664 1240 0 0 0 0 0 0 0 0 0 0 0 0 0 0 
680 1240 0 0 0 0 0 0 0 0 0 0 0 0 0 0 
696 1240 0 0 0 0 0 0 0 0 0 0 0 0 0 0 
712 1240 0 0 0 0 0 0 0 0 0 0 0 0 0 0 
728 1240 0 0 0 0 0 0 0 0 0 0 0 0 0 0 
744 1240 0 0 0 0 0 0 0 0 0 0 0 0 0 0 
760 1240 0 0 0 0 0 0 0 0 0 0 0 0 0 0 
776 1240 0 0 0 0 0 0 0 0 0 0 0 0 0 0 
792 1240 0 0 0 0 0 0 0 0 0 0 0 0 0 0 
808 1240 0 0 0 0 0 0 0 0 0 0 0 0 0 0 
824 1240 0 0 0 0 0 0 0 0 0 0 0 0 0 0 
840 1240 0 0 0 0 0 0 0 0 0 0 0 0 0 0 
856 1240 0 0 0 0 0 0 0 0 0 0 0 0 0 0 
872 1240 0 0 0 0 0 0 0 0 0 0 0 0 0 0 
888 1240 0 0 0 0 0 0 0 0 0 0 0 0 0 0 
904 1240 0 0 0 0 0 0 0 0 0 0 0 0 0 0 
920 1240 0 0 0 0 0 0 0 0 0 0 0 0 0 0 
936 1240 0 0 0 0 0 0 0 0 0 0 0 0 0 0 
952 1240 0 0 0 0 0 0 0 0 0 0 0 0 0 0 
968 1240 0 0 0 0 0 0 0 0 0 0 0 0 0 0 
984 1240 0 0 0 0 0 0 0 0 0 0 0 0 0 0 
1000 1240 0 0 0 0 0 0 0 0 0 0 0 0 0 0 
1016 1240 0 0 0 0 0 0 0 0 0 0 0 0 0 0 
1032 1240 0 0 0 0 0 0 0 0 0 0 0 0 0 0 
1048 1240 0 0 0 0 0 0 0 0 0 0 0 0 0 0 
1064 1240 0 0 0 0 0 0 0 0 0 0 0 0 0 0 
1080 1240 0 0 0 0 0 0 0 0 0 0 0 0 0 0 
1096 1240 0 0 0 0 0 0 0 0 0 0 0 0 0 0 
1112 1240 0 0 0 0 0 0 0 0 0 0 0 0 0 0 
1128 1240 0 0 0 0 0 0 0 0 0 0 0 0 0 0 
1144 1240 0 0 0 0 0 0 0 0 0 0 0 0 0 0 
1160 1240 0 0 0 0 0 0 0 0 0 0 0 0 0 0 
1176 1240 0 0 0 0 0 0 0 0 0 0 0 0 0 0 
1192 1240 0 0 0 0 0 0 0 0 0 0 0 0 0 0 
1208 1240 0 0 0 0 0 0 0 0 0 0 0 0 0 0 
1224 1240 0 0 0 0 0 0 0 0 0 0 0 0 0 0 
1240 1240 0 0 0 0 0 0 0 0 0 0 0 0 0 0 
1256 1240 0 0 0 0 0 0 0 0 0 0 0 0 0 0 
1272 1240 0 0 0 0 0 0 0 0 0 0 0 0 0 0 
1288 1240 0 0 0 0 0 0 0 0 0 0 0 0 0 0 
1304 1240 0 0 0 0 0 0 0 0 0 0 0 0 0 0 
1320 1240 0 0 0 0 0 0 0 0 0 0 0 0 0 0 
1336 1240 0 0 0 0 0 0 0 0 0 0 0 0 0 0 
1352 1240 0 0 0 0 0 0 0 0 0 0 0 0 0 0 
1368 1240 0 0 0 0 0 0 0 0 0 0 0 0 0 0 
1384 1240 0 0 0 0 0 0 0 0 0 0 0 0 0 0 
1400 1240 0 0 0 0 0 0 0 0 0 0 0 0 0 0 
1416 1240 0 0 0 0 0 0 0 0 0 0 0 0 0 0 
1432 1240 0 0 0 0 0 0 0 0 0 0 0 0 0 0 
1448 1240 0 0 0 0 0 0 0 0 0 0 0 0 0 0 
1464 1240 0 0 0 0 0 0 0 0 0 0 0 0 0 0 
1480 1240 0 0 0 0 0 0 0 0 0 0 0 0 0 0 
1496 1240 0 0 0 0 0 0 0 0 0 0 0 0 0 0 
1512 1240 0 0 0 0 0 0 0 0 0 0 0 0 0 0 
1528 1240 0 0 0 0 0 0 0 0 0 0 0 0 0 0 
1544 1240 0 0 0 0 0 0 0 0 0 0 0 0 0 0 
1560 1240 0 0 0 0 0 0 0 0 0 0 0 0 0 0 
1576 1240 0 0 0 0 0 0 0 0 0 0 0 0 0 0 
1592 1240 0 0 0 0 0 0 0 0 0 0 0 0 0 0 
1608 1240 0 0 0 0 0 0 0 0 0 0 0 0 0 0 
1624 1240 0 0 0 0 0 0 0 0 0 0 0 0 0 0 
1640 1240 0 0 0 0 0 0 0 0 0 0 0 0 0 0 
1656 1240 0 0 0 0 0 0 0 0 0 0 0 0 0 0 
1672 1240 0 0 0 0 0 0 0 0 0 0 0 0 0 0 
1688 1240 0 0 0 0 0 0 0 0 0 0 0 0 0 0 
1704 1240 0 0 0 0 0 0 0 0 0 0 0 0 0 0 
1720 1240 0 0 0 0 0 0 0 0 0 0 0 0 0 0 
1736 1240 0 0 0 0 0 0 0 0 0 0 0 0 0 0 
1752 1240 0 0 0 0 0 0 0 0 0 0 0 0 0 0 
1768 1240 0 0 0 0 0 0 0 0 0 0 0 0 0 0 
1784 1240 0 0 0 0 0 0 0 0 0 0 0 0 0 0 
1800 1240 0 0 0 0 0 0 0 0 0 0 0 0 0 0 
1816 1240 0 0 0 0 0 0 0 0 0 0 0 0 0 0 
1832 1240 0 0 0 0 0 0 0 0 0 0 0 0 0 0 
1848 1240 0 0 0 0 0 0 0 0 0 0 0 0 0 0 
1864 1240 0 0 0 0 0 0 0 0 0 0 0 0 0 0 
1880 1240 0 0 0 0 0 0 0 0 0 0 0 0 0 0 
1896 1240 0 0 0 0 0 0 0 0 0 0 0 0 0 0 
1912 1240 0 0 0 0 0 0 0 0 0 0 0 0 0 0 
1928 1240 0 0 0 0 0 0 0 0 0 0 0 0 0 0 
1944 1240 0 0 0 0 0 0 0 0 0 0 0 0 0 0 
1960 1240 0 0 0 0 0 0 0 0 0 0 0 0 0 0 
1976 1240 0 0 0 0 0 0 0 0 0 0 0 0 0 0 
1992 1240 0 0 0 0 0 0 0 0 0 0 0 0 0 0 
2008 1240 0 0 0 0 0 0 0 0 0 0 0 0 0 0 
2024 1240 0 0 0 0 0 0 0 0 0 0 0 0 0 0 
2040 1240 0 0 0 0 0 0 0 0 0 0 0 0 0 0 
2056 1240 0 0 0 0 0 0 0 0 0 0 0 0 0 0 
2072 1240 0 0 0 0 0 0 0 0 0 0 0 0 0 0 
2088 1240 0 0 0 0 0 0 0 0 0 0 0 0 0 0 
2104 1240 0 0 0 0 0 0 0 0 0 0 0 0 0 0 
2120 1240 0 0 0 0 0 0 0 0 0 0 0 0 0 0 
2136 1240 0 0 0 0 0 0 0 0 0 0 0 0 0 0 
2152 1240 0 0 0 0 0 0 0 0 0 0 0 0 0 0 
2168 1240 0 0 0 0 0 0 0 0 0 0 0 0 0 0 
2184 1240 0 0 0 0 0 0 0 0 0 0 0 0 0 0 
2200 1240 0 0 0 0 0 0 0 0 0 0 0 0 0 0 
2216 1240 0 0 0 0 0 0 0 0 0 0 0 0 0 0 
2232 1240 0 0 0 0 0 0 0 0 0 0 0 0 0 0 
2248 1240 0 0 0 0 0 0 0 0 0 0 0 0 0 0 
2264 1240 0 0 0 0 0 0 0 0 0 0 0 0 0 0 
2280 1240 0 0 0 0 0 0 0 0 0 0 0 0 0 0 
2296 1240 0 0 0 0 0 0 0 0 0 0 0 0 0 0 
2312 1240 0 0 0 0 0 0 0 0 0 0 0 0 0 0 
2328 1240 0 0 0 0 0 0 0 0 0 0 0 0 0 0 
2344 1240 0 0 0 0 0 0 0 0 0 0 0 0 0 0 
2360 1240 0 0 0 0 0 0 0 0 0 0 0 0 0 0 
2376 1240 0 0 0 0 0 0 0 0 0 0 0 0 0 0 
2392 1240 0 0 0 0 0 0 0 0 0 0 0 0 0 0 
2408 1240 0 0 0 0 0 0 0 0 0 0 0 0 0 0 
2424 1240 0 0 0 0 0 0 0 0 0 0 0 0 0 0 
2440 1240 0 0 0 0 0 0 0 0 0 0 0 0 0 0 
2456 1240 0 0 0 0 0 0 0 0 0 0 0 0 0 0 
2472 1240 0 0 0 0 0 0 0 0 0 0 0 0 0 0 
2488 1240 0 0 0 0 0 0 0 0 0 0 0 0 0 0 
2504 1240 0 0 0 0 0 0 0 0 0 0 0 0 0 0 
2520 1240 0 0 0 0 0 0 0 0 0 0 0 0 0 0 
2536 1240 0 0 0 0 0 0 0 0 0 0 0 0 0 0 
24 1256 0 0 0 0 0 0 0 0 0 0 0 0 0 0 
40 1256 0 0 0 0 0 0 0 0 0 0 0 0 0 0 
56 1256 0 0 0 0 0 0 0 0 0 0 0 0 0 0 
72 1256 0 0 0 0 0 0 0 0 0 0 0 0 0 0 
88 1256 0 0 0 0 0 0 0 0 0 0 0 0 0 0 
104 1256 0 0 0 0 0 0 0 0 0 0 0 0 0 0 
120 1256 0 0 0 0 0 0 0 0 0 0 0 0 0 0 
136 1256 0 0 0 0 0 0 0 0 0 0 0 0 0 0 
152 1256 0 0 0 0 0 0 0 0 0 0 0 0 0 0 
168 1256 0 0 0 0 0 0 0 0 0 0 0 0 0 0 
184 1256 0 0 0 0 0 0 0 0 0 0 0 0 0 0 
200 1256 0 0 0 0 0 0 0 0 0 0 0 0 0 0 
216 1256 0 0 0 0 0 0 0 0 0 0 0 0 0 0 
232 1256 0 0 0 0 0 0 0 0 0 0 0 0 0 0 
248 1256 0 0 0 0 0 0 0 0 0 0 0 0 0 0 
264 1256 0 0 0 0 0 0 0 0 0 0 0 0 0 0 
280 1256 0 0 0 0 0 0 0 0 0 0 0 0 0 0 
296 1256 0 0 0 0 0 0 0 0 0 0 0 0 0 0 
312 1256 0 0 0 0 0 0 0 0 0 0 0 0 0 0 
328 1256 0 0 0 0 0 0 0 0 0 0 0 0 0 0 
344 1256 0 0 0 0 0 0 0 0 0 0 0 0 0 0 
360 1256 0 0 0 0 0 0 0 0 0 0 0 0 0 0 
376 1256 0 0 0 0 0 0 0 0 0 0 0 0 0 0 
392 1256 0 0 0 0 0 0 0 0 0 0 0 0 0 0 
408 1256 0 0 0 0 0 0 0 0 0 0 0 0 0 0 
424 1256 0 0 0 0 0 0 0 0 0 0 0 0 0 0 
440 1256 0 0 0 0 0 0 0 0 0 0 0 0 0 0 
456 1256 0 0 0 0 0 0 0 0 0 0 0 0 0 0 
472 1256 0 0 0 0 0 0 0 0 0 0 0 0 0 0 
488 1256 0 0 0 0 0 0 0 0 0 0 0 0 0 0 
504 1256 0 0 0 0 0 0 0 0 0 0 0 0 0 0 
520 1256 0 0 0 0 0 0 0 0 0 0 0 0 0 0 
536 1256 0 0 0 0 0 0 0 0 0 0 0 0 0 0 
552 1256 0 0 0 0 0 0 0 0 0 0 0 0 0 0 
568 1256 0 0 0 0 0 0 0 0 0 0 0 0 0 0 
584 1256 0 0 0 0 0 0 0 0 0 0 0 0 0 0 
600 1256 0 0 0 0 0 0 0 0 0 0 0 0 0 0 
616 1256 0 0 0 0 0 0 0 0 0 0 0 0 0 0 
632 1256 0 0 0 0 0 0 0 0 0 0 0 0 0 0 
648 1256 0 0 0 0 0 0 0 0 0 0 0 0 0 0 
664 1256 0 0 0 0 0 0 0 0 0 0 0 0 0 0 
680 1256 0 0 0 0 0 0 0 0 0 0 0 0 0 0 
696 1256 0 0 0 0 0 0 0 0 0 0 0 0 0 0 
712 1256 0 0 0 0 0 0 0 0 0 0 0 0 0 0 
728 1256 0 0 0 0 0 0 0 0 0 0 0 0 0 0 
744 1256 0 0 0 0 0 0 0 0 0 0 0 0 0 0 
760 1256 0 0 0 0 0 0 0 0 0 0 0 0 0 0 
776 1256 0 0 0 0 0 0 0 0 0 0 0 0 0 0 
792 1256 0 0 0 0 0 0 0 0 0 0 0 0 0 0 
808 1256 0 0 0 0 0 0 0 0 0 0 0 0 0 0 
824 1256 0 0 0 0 0 0 0 0 0 0 0 0 0 0 
840 1256 0 0 0 0 0 0 0 0 0 0 0 0 0 0 
856 1256 0 0 0 0 0 0 0 0 0 0 0 0 0 0 
872 1256 0 0 0 0 0 0 0 0 0 0 0 0 0 0 
888 1256 0 0 0 0 0 0 0 0 0 0 0 0 0 0 
904 1256 0 0 0 0 0 0 0 0 0 0 0 0 0 0 
920 1256 0 0 0 0 0 0 0 0 0 0 0 0 0 0 
936 1256 0 0 0 0 0 0 0 0 0 0 0 0 0 0 
952 1256 0 0 0 0 0 0 0 0 0 0 0 0 0 0 
968 1256 0 0 0 0 0 0 0 0 0 0 0 0 0 0 
984 1256 0 0 0 0 0 0 0 0 0 0 0 0 0 0 
1000 1256 0 0 0 0 0 0 0 0 0 0 0 0 0 0 
1016 1256 0 0 0 0 0 0 0 0 0 0 0 0 0 0 
1032 1256 0 0 0 0 0 0 0 0 0 0 0 0 0 0 
1048 1256 0 0 0 0 0 0 0 0 0 0 0 0 0 0 
1064 1256 0 0 0 0 0 0 0 0 0 0 0 0 0 0 
1080 1256 0 0 0 0 0 0 0 0 0 0 0 0 0 0 
1096 1256 0 0 0 0 0 0 0 0 0 0 0 0 0 0 
1112 1256 0 0 0 0 0 0 0 0 0 0 0 0 0 0 
1128 1256 0 0 0 0 0 0 0 0 0 0 0 0 0 0 
1144 1256 0 0 0 0 0 0 0 0 0 0 0 0 0 0 
1160 1256 0 0 0 0 0 0 0 0 0 0 0 0 0 0 
1176 1256 0 0 0 0 0 0 0 0 0 0 0 0 0 0 
1192 1256 0 0 0 0 0 0 0 0 0 0 0 0 0 0 
1208 1256 0 0 0 0 0 0 0 0 0 0 0 0 0 0 
1224 1256 0 0 0 0 0 0 0 0 0 0 0 0 0 0 
1240 1256 0 0 0 0 0 0 0 0 0 0 0 0 0 0 
1256 1256 0 0 0 0 0 0 0 0 0 0 0 0 0 0 
1272 1256 0 0 0 0 0 0 0 0 0 0 0 0 0 0 
1288 1256 0 0 0 0 0 0 0 0 0 0 0 0 0 0 
1304 1256 0 0 0 0 0 0 0 0 0 0 0 0 0 0 
1320 1256 0 0 0 0 0 0 0 0 0 0 0 0 0 0 
1336 1256 0 0 0 0 0 0 0 0 0 0 0 0 0 0 
1352 1256 0 0 0 0 0 0 0 0 0 0 0 0 0 0 
1368 1256 0 0 0 0 0 0 0 0 0 0 0 0 0 0 
1384 1256 0 0 0 0 0 0 0 0 0 0 0 0 0 0 
1400 1256 0 0 0 0 0 0 0 0 0 0 0 0 0 0 
1416 1256 0 0 0 0 0 0 0 0 0 0 0 0 0 0 
1432 1256 0 0 0 0 0 0 0 0 0 0 0 0 0 0 
1448 1256 0 0 0 0 0 0 0 0 0 0 0 0 0 0 
1464 1256 0 0 0 0 0 0 0 0 0 0 0 0 0 0 
1480 1256 0 0 0 0 0 0 0 0 0 0 0 0 0 0 
1496 1256 0 0 0 0 0 0 0 0 0 0 0 0 0 0 
1512 1256 0 0 0 0 0 0 0 0 0 0 0 0 0 0 
1528 1256 0 0 0 0 0 0 0 0 0 0 0 0 0 0 
1544 1256 0 0 0 0 0 0 0 0 0 0 0 0 0 0 
1560 1256 0 0 0 0 0 0 0 0 0 0 0 0 0 0 
1576 1256 0 0 0 0 0 0 0 0 0 0 0 0 0 0 
1592 1256 0 0 0 0 0 0 0 0 0 0 0 0 0 0 
1608 1256 0 0 0 0 0 0 0 0 0 0 0 0 0 0 
1624 1256 0 0 0 0 0 0 0 0 0 0 0 0 0 0 
1640 1256 0 0 0 0 0 0 0 0 0 0 0 0 0 0 
1656 1256 0 0 0 0 0 0 0 0 0 0 0 0 0 0 
1672 1256 0 0 0 0 0 0 0 0 0 0 0 0 0 0 
1688 1256 0 0 0 0 0 0 0 0 0 0 0 0 0 0 
1704 1256 0 0 0 0 0 0 0 0 0 0 0 0 0 0 
1720 1256 0 0 0 0 0 0 0 0 0 0 0 0 0 0 
1736 1256 0 0 0 0 0 0 0 0 0 0 0 0 0 0 
1752 1256 0 0 0 0 0 0 0 0 0 0 0 0 0 0 
1768 1256 0 0 0 0 0 0 0 0 0 0 0 0 0 0 
1784 1256 0 0 0 0 0 0 0 0 0 0 0 0 0 0 
1800 1256 0 0 0 0 0 0 0 0 0 0 0 0 0 0 
1816 1256 0 0 0 0 0 0 0 0 0 0 0 0 0 0 
1832 1256 0 0 0 0 0 0 0 0 0 0 0 0 0 0 
1848 1256 0 0 0 0 0 0 0 0 0 0 0 0 0 0 
1864 1256 0 0 0 0 0 0 0 0 0 0 0 0 0 0 
1880 1256 0 0 0 0 0 0 0 0 0 0 0 0 0 0 
1896 1256 0 0 0 0 0 0 0 0 0 0 0 0 0 0 
1912 1256 0 0 0 0 0 0 0 0 0 0 0 0 0 0 
1928 1256 0 0 0 0 0 0 0 0 0 0 0 0 0 0 
1944 1256 0 0 0 0 0 0 0 0 0 0 0 0 0 0 
1960 1256 0 0 0 0 0 0 0 0 0 0 0 0 0 0 
1976 1256 0 0 0 0 0 0 0 0 0 0 0 0 0 0 
1992 1256 0 0 0 0 0 0 0 0 0 0 0 0 0 0 
2008 1256 0 0 0 0 0 0 0 0 0 0 0 0 0 0 
2024 1256 0 0 0 0 0 0 0 0 0 0 0 0 0 0 
2040 1256 0 0 0 0 0 0 0 0 0 0 0 0 0 0 
2056 1256 0 0 0 0 0 0 0 0 0 0 0 0 0 0 
2072 1256 0 0 0 0 0 0 0 0 0 0 0 0 0 0 
2088 1256 0 0 0 0 0 0 0 0 0 0 0 0 0 0 
2104 1256 0 0 0 0 0 0 0 0 0 0 0 0 0 0 
2120 1256 0 0 0 0 0 0 0 0 0 0 0 0 0 0 
2136 1256 0 0 0 0 0 0 0 0 0 0 0 0 0 0 
2152 1256 0 0 0 0 0 0 0 0 0 0 0 0 0 0 
2168 1256 0 0 0 0 0 0 0 0 0 0 0 0 0 0 
2184 1256 0 0 0 0 0 0 0 0 0 0 0 0 0 0 
2200 1256 0 0 0 0 0 0 0 0 0 0 0 0 0 0 
2216 1256 0 0 0 0 0 0 0 0 0 0 0 0 0 0 
2232 1256 0 0 0 0 0 0 0 0 0 0 0 0 0 0 
2248 1256 0 0 0 0 0 0 0 0 0 0 0 0 0 0 
2264 1256 0 0 0 0 0 0 0 0 0 0 0 0 0 0 
2280 1256 0 0 0 0 0 0 0 0 0 0 0 0 0 0 
2296 1256 0 0 0 0 0 0 0 0 0 0 0 0 0 0 
2312 1256 0 0 0 0 0 0 0 0 0 0 0 0 0 0 
2328 1256 0 0 0 0 0 0 0 0 0 0 0 0 0 0 
2344 1256 0 0 0 0 0 0 0 0 0 0 0 0 0 0 
2360 1256 0 0 0 0 0 0 0 0 0 0 0 0 0 0 
2376 1256 0 0 0 0 0 0 0 0 0 0 0 0 0 0 
2392 1256 0 0 0 0 0 0 0 0 0 0 0 0 0 0 
2408 1256 0 0 0 0 0 0 0 0 0 0 0 0 0 0 
2424 1256 0 0 0 0 0 0 0 0 0 0 0 0 0 0 
2440 1256 0 0 0 0 0 0 0 0 0 0 0 0 0 0 
2456 1256 0 0 0 0 0 0 0 0 0 0 0 0 0 0 
2472 1256 0 0 0 0 0 0 0 0 0 0 0 0 0 0 
2488 1256 0 0 0 0 0 0 0 0 0 0 0 0 0 0 
2504 1256 0 0 0 0 0 0 0 0 0 0 0 0 0 0 
2520 1256 0 0 0 0 0 0 0 0 0 0 0 0 0 0 
2536 1256 0 0 0 0 0 0 0 0 0 0 0 0 0 0 
24 1272 0 0 0 0 0 0 0 0 0 0 0 0 0 0 
40 1272 0 0 0 0 0 0 0 0 0 0 0 0 0 0 
56 1272 0 0 0 0 0 0 0 0 0 0 0 0 0 0 
72 1272 0 0 0 0 0 0 0 0 0 0 0 0 0 0 
88 1272 0 0 0 0 0 0 0 0 0 0 0 0 0 0 
104 1272 0 0 0 0 0 0 0 0 0 0 0 0 0 0 
120 1272 0 0 0 0 0 0 0 0 0 0 0 0 0 0 
136 1272 0 0 0 0 0 0 0 0 0 0 0 0 0 0 
152 1272 0 0 0 0 0 0 0 0 0 0 0 0 0 0 
168 1272 0 0 0 0 0 0 0 0 0 0 0 0 0 0 
184 1272 0 0 0 0 0 0 0 0 0 0 0 0 0 0 
200 1272 0 0 0 0 0 0 0 0 0 0 0 0 0 0 
216 1272 0 0 0 0 0 0 0 0 0 0 0 0 0 0 
232 1272 0 0 0 0 0 0 0 0 0 0 0 0 0 0 
248 1272 0 0 0 0 0 0 0 0 0 0 0 0 0 0 
264 1272 0 0 0 0 0 0 0 0 0 0 0 0 0 0 
280 1272 0 0 0 0 0 0 0 0 0 0 0 0 0 0 
296 1272 0 0 0 0 0 0 0 0 0 0 0 0 0 0 
312 1272 0 0 0 0 0 0 0 0 0 0 0 0 0 0 
328 1272 0 0 0 0 0 0 0 0 0 0 0 0 0 0 
344 1272 0 0 0 0 0 0 0 0 0 0 0 0 0 0 
360 1272 0 0 0 0 0 0 0 0 0 0 0 0 0 0 
376 1272 0 0 0 0 0 0 0 0 0 0 0 0 0 0 
392 1272 0 0 0 0 0 0 0 0 0 0 0 0 0 0 
408 1272 0 0 0 0 0 0 0 0 0 0 0 0 0 0 
424 1272 0 0 0 0 0 0 0 0 0 0 0 0 0 0 
440 1272 0 0 0 0 0 0 0 0 0 0 0 0 0 0 
456 1272 0 0 0 0 0 0 0 0 0 0 0 0 0 0 
472 1272 0 0 0 0 0 0 0 0 0 0 0 0 0 0 
488 1272 0 0 0 0 0 0 0 0 0 0 0 0 0 0 
504 1272 0 0 0 0 0 0 0 0 0 0 0 0 0 0 
520 1272 0 0 0 0 0 0 0 0 0 0 0 0 0 0 
536 1272 0 0 0 0 0 0 0 0 0 0 0 0 0 0 
552 1272 0 0 0 0 0 0 0 0 0 0 0 0 0 0 
568 1272 0 0 0 0 0 0 0 0 0 0 0 0 0 0 
584 1272 0 0 0 0 0 0 0 0 0 0 0 0 0 0 
600 1272 0 0 0 0 0 0 0 0 0 0 0 0 0 0 
616 1272 0 0 0 0 0 0 0 0 0 0 0 0 0 0 
632 1272 0 0 0 0 0 0 0 0 0 0 0 0 0 0 
648 1272 0 0 0 0 0 0 0 0 0 0 0 0 0 0 
664 1272 0 0 0 0 0 0 0 0 0 0 0 0 0 0 
680 1272 0 0 0 0 0 0 0 0 0 0 0 0 0 0 
696 1272 0 0 0 0 0 0 0 0 0 0 0 0 0 0 
712 1272 0 0 0 0 0 0 0 0 0 0 0 0 0 0 
728 1272 0 0 0 0 0 0 0 0 0 0 0 0 0 0 
744 1272 0 0 0 0 0 0 0 0 0 0 0 0 0 0 
760 1272 0 0 0 0 0 0 0 0 0 0 0 0 0 0 
776 1272 0 0 0 0 0 0 0 0 0 0 0 0 0 0 
792 1272 0 0 0 0 0 0 0 0 0 0 0 0 0 0 
808 1272 0 0 0 0 0 0 0 0 0 0 0 0 0 0 
824 1272 0 0 0 0 0 0 0 0 0 0 0 0 0 0 
840 1272 0 0 0 0 0 0 0 0 0 0 0 0 0 0 
856 1272 0 0 0 0 0 0 0 0 0 0 0 0 0 0 
872 1272 0 0 0 0 0 0 0 0 0 0 0 0 0 0 
888 1272 0 0 0 0 0 0 0 0 0 0 0 0 0 0 
904 1272 0 0 0 0 0 0 0 0 0 0 0 0 0 0 
920 1272 0 0 0 0 0 0 0 0 0 0 0 0 0 0 
936 1272 0 0 0 0 0 0 0 0 0 0 0 0 0 0 
952 1272 0 0 0 0 0 0 0 0 0 0 0 0 0 0 
968 1272 0 0 0 0 0 0 0 0 0 0 0 0 0 0 
984 1272 0 0 0 0 0 0 0 0 0 0 0 0 0 0 
1000 1272 0 0 0 0 0 0 0 0 0 0 0 0 0 0 
1016 1272 0 0 0 0 0 0 0 0 0 0 0 0 0 0 
1032 1272 0 0 0 0 0 0 0 0 0 0 0 0 0 0 
1048 1272 0 0 0 0 0 0 0 0 0 0 0 0 0 0 
1064 1272 0 0 0 0 0 0 0 0 0 0 0 0 0 0 
1080 1272 0 0 0 0 0 0 0 0 0 0 0 0 0 0 
1096 1272 0 0 0 0 0 0 0 0 0 0 0 0 0 0 
1112 1272 0 0 0 0 0 0 0 0 0 0 0 0 0 0 
1128 1272 0 0 0 0 0 0 0 0 0 0 0 0 0 0 
1144 1272 0 0 0 0 0 0 0 0 0 0 0 0 0 0 
1160 1272 0 0 0 0 0 0 0 0 0 0 0 0 0 0 
1176 1272 0 0 0 0 0 0 0 0 0 0 0 0 0 0 
1192 1272 0 0 0 0 0 0 0 0 0 0 0 0 0 0 
1208 1272 0 0 0 0 0 0 0 0 0 0 0 0 0 0 
1224 1272 0 0 0 0 0 0 0 0 0 0 0 0 0 0 
1240 1272 0 0 0 0 0 0 0 0 0 0 0 0 0 0 
1256 1272 0 0 0 0 0 0 0 0 0 0 0 0 0 0 
1272 1272 0 0 0 0 0 0 0 0 0 0 0 0 0 0 
1288 1272 0 0 0 0 0 0 0 0 0 0 0 0 0 0 
1304 1272 0 0 0 0 0 0 0 0 0 0 0 0 0 0 
1320 1272 0 0 0 0 0 0 0 0 0 0 0 0 0 0 
1336 1272 0 0 0 0 0 0 0 0 0 0 0 0 0 0 
1352 1272 0 0 0 0 0 0 0 0 0 0 0 0 0 0 
1368 1272 0 0 0 0 0 0 0 0 0 0 0 0 0 0 
1384 1272 0 0 0 0 0 0 0 0 0 0 0 0 0 0 
1400 1272 0 0 0 0 0 0 0 0 0 0 0 0 0 0 
1416 1272 0 0 0 0 0 0 0 0 0 0 0 0 0 0 
1432 1272 0 0 0 0 0 0 0 0 0 0 0 0 0 0 
1448 1272 0 0 0 0 0 0 0 0 0 0 0 0 0 0 
1464 1272 0 0 0 0 0 0 0 0 0 0 0 0 0 0 
1480 1272 0 0 0 0 0 0 0 0 0 0 0 0 0 0 
1496 1272 0 0 0 0 0 0 0 0 0 0 0 0 0 0 
1512 1272 0 0 0 0 0 0 0 0 0 0 0 0 0 0 
1528 1272 0 0 0 0 0 0 0 0 0 0 0 0 0 0 
1544 1272 0 0 0 0 0 0 0 0 0 0 0 0 0 0 
1560 1272 0 0 0 0 0 0 0 0 0 0 0 0 0 0 
1576 1272 0 0 0 0 0 0 0 0 0 0 0 0 0 0 
1592 1272 0 0 0 0 0 0 0 0 0 0 0 0 0 0 
1608 1272 0 0 0 0 0 0 0 0 0 0 0 0 0 0 
1624 1272 0 0 0 0 0 0 0 0 0 0 0 0 0 0 
1640 1272 0 0 0 0 0 0 0 0 0 0 0 0 0 0 
1656 1272 0 0 0 0 0 0 0 0 0 0 0 0 0 0 
1672 1272 0 0 0 0 0 0 0 0 0 0 0 0 0 0 
1688 1272 0 0 0 0 0 0 0 0 0 0 0 0 0 0 
1704 1272 0 0 0 0 0 0 0 0 0 0 0 0 0 0 
1720 1272 0 0 0 0 0 0 0 0 0 0 0 0 0 0 
1736 1272 0 0 0 0 0 0 0 0 0 0 0 0 0 0 
1752 1272 0 0 0 0 0 0 0 0 0 0 0 0 0 0 
1768 1272 0 0 0 0 0 0 0 0 0 0 0 0 0 0 
1784 1272 0 0 0 0 0 0 0 0 0 0 0 0 0 0 
1800 1272 0 0 0 0 0 0 0 0 0 0 0 0 0 0 
1816 1272 0 0 0 0 0 0 0 0 0 0 0 0 0 0 
1832 1272 0 0 0 0 0 0 0 0 0 0 0 0 0 0 
1848 1272 0 0 0 0 0 0 0 0 0 0 0 0 0 0 
1864 1272 0 0 0 0 0 0 0 0 0 0 0 0 0 0 
1880 1272 0 0 0 0 0 0 0 0 0 0 0 0 0 0 
1896 1272 0 0 0 0 0 0 0 0 0 0 0 0 0 0 
1912 1272 0 0 0 0 0 0 0 0 0 0 0 0 0 0 
1928 1272 0 0 0 0 0 0 0 0 0 0 0 0 0 0 
1944 1272 0 0 0 0 0 0 0 0 0 0 0 0 0 0 
1960 1272 0 0 0 0 0 0 0 0 0 0 0 0 0 0 
1976 1272 0 0 0 0 0 0 0 0 0 0 0 0 0 0 
1992 1272 0 0 0 0 0 0 0 0 0 0 0 0 0 0 
2008 1272 0 0 0 0 0 0 0 0 0 0 0 0 0 0 
2024 1272 0 0 0 0 0 0 0 0 0 0 0 0 0 0 
2040 1272 0 0 0 0 0 0 0 0 0 0 0 0 0 0 
2056 1272 0 0 0 0 0 0 0 0 0 0 0 0 0 0 
2072 1272 0 0 0 0 0 0 0 0 0 0 0 0 0 0 
2088 1272 0 0 0 0 0 0 0 0 0 0 0 0 0 0 
2104 1272 0 0 0 0 0 0 0 0 0 0 0 0 0 0 
2120 1272 0 0 0 0 0 0 0 0 0 0 0 0 0 0 
2136 1272 0 0 0 0 0 0 0 0 0 0 0 0 0 0 
2152 1272 0 0 0 0 0 0 0 0 0 0 0 0 0 0 
2168 1272 0 0 0 0 0 0 0 0 0 0 0 0 0 0 
2184 1272 0 0 0 0 0 0 0 0 0 0 0 0 0 0 
2200 1272 0 0 0 0 0 0 0 0 0 0 0 0 0 0 
2216 1272 0 0 0 0 0 0 0 0 0 0 0 0 0 0 
2232 1272 0 0 0 0 0 0 0 0 0 0 0 0 0 0 
2248 1272 0 0 0 0 0 0 0 0 0 0 0 0 0 0 
2264 1272 0 0 0 0 0 0 0 0 0 0 0 0 0 0 
2280 1272 0 0 0 0 0 0 0 0 0 0 0 0 0 0 
2296 1272 0 0 0 0 0 0 0 0 0 0 0 0 0 0 
2312 1272 0 0 0 0 0 0 0 0 0 0 0 0 0 0 
2328 1272 0 0 0 0 0 0 0 0 0 0 0 0 0 0 
2344 1272 0 0 0 0 0 0 0 0 0 0 0 0 0 0 
2360 1272 0 0 0 0 0 0 0 0 0 0 0 0 0 0 
2376 1272 0 0 0 0 0 0 0 0 0 0 0 0 0 0 
2392 1272 0 0 0 0 0 0 0 0 0 0 0 0 0 0 
2408 1272 0 0 0 0 0 0 0 0 0 0 0 0 0 0 
2424 1272 0 0 0 0 0 0 0 0 0 0 0 0 0 0 
2440 1272 0 0 0 0 0 0 0 0 0 0 0 0 0 0 
2456 1272 0 0 0 0 0 0 0 0 0 0 0 0 0 0 
2472 1272 0 0 0 0 0 0 0 0 0 0 0 0 0 0 
2488 1272 0 0 0 0 0 0 0 0 0 0 0 0 0 0 
2504 1272 0 0 0 0 0 0 0 0 0 0 0 0 0 0 
2520 1272 0 0 0 0 0 0 0 0 0 0 0 0 0 0 
2536 1272 0 0 0 0 0 0 0 0 0 0 0 0 0 0 
24 1288 0 0 0 0 0 0 0 0 0 0 0 0 0 0 
40 1288 0 0 0 0 0 0 0 0 0 0 0 0 0 0 
56 1288 0 0 0 0 0 0 0 0 0 0 0 0 0 0 
72 1288 0 0 0 0 0 0 0 0 0 0 0 0 0 0 
88 1288 0 0 0 0 0 0 0 0 0 0 0 0 0 0 
104 1288 0 0 0 0 0 0 0 0 0 0 0 0 0 0 
120 1288 0 0 0 0 0 0 0 0 0 0 0 0 0 0 
136 1288 0 0 0 0 0 0 0 0 0 0 0 0 0 0 
152 1288 0 0 0 0 0 0 0 0 0 0 0 0 0 0 
168 1288 0 0 0 0 0 0 0 0 0 0 0 0 0 0 
184 1288 0 0 0 0 0 0 0 0 0 0 0 0 0 0 
200 1288 0 0 0 0 0 0 0 0 0 0 0 0 0 0 
216 1288 0 0 0 0 0 0 0 0 0 0 0 0 0 0 
232 1288 0 0 0 0 0 0 0 0 0 0 0 0 0 0 
248 1288 0 0 0 0 0 0 0 0 0 0 0 0 0 0 
264 1288 0 0 0 0 0 0 0 0 0 0 0 0 0 0 
280 1288 0 0 0 0 0 0 0 0 0 0 0 0 0 0 
296 1288 0 0 0 0 0 0 0 0 0 0 0 0 0 0 
312 1288 0 0 0 0 0 0 0 0 0 0 0 0 0 0 
328 1288 0 0 0 0 0 0 0 0 0 0 0 0 0 0 
344 1288 0 0 0 0 0 0 0 0 0 0 0 0 0 0 
360 1288 0 0 0 0 0 0 0 0 0 0 0 0 0 0 
376 1288 0 0 0 0 0 0 0 0 0 0 0 0 0 0 
392 1288 0 0 0 0 0 0 0 0 0 0 0 0 0 0 
408 1288 0 0 0 0 0 0 0 0 0 0 0 0 0 0 
424 1288 0 0 0 0 0 0 0 0 0 0 0 0 0 0 
440 1288 0 0 0 0 0 0 0 0 0 0 0 0 0 0 
456 1288 0 0 0 0 0 0 0 0 0 0 0 0 0 0 
472 1288 0 0 0 0 0 0 0 0 0 0 0 0 0 0 
488 1288 0 0 0 0 0 0 0 0 0 0 0 0 0 0 
504 1288 0 0 0 0 0 0 0 0 0 0 0 0 0 0 
520 1288 0 0 0 0 0 0 0 0 0 0 0 0 0 0 
536 1288 0 0 0 0 0 0 0 0 0 0 0 0 0 0 
552 1288 0 0 0 0 0 0 0 0 0 0 0 0 0 0 
568 1288 0 0 0 0 0 0 0 0 0 0 0 0 0 0 
584 1288 0 0 0 0 0 0 0 0 0 0 0 0 0 0 
600 1288 0 0 0 0 0 0 0 0 0 0 0 0 0 0 
616 1288 0 0 0 0 0 0 0 0 0 0 0 0 0 0 
632 1288 0 0 0 0 0 0 0 0 0 0 0 0 0 0 
648 1288 0 0 0 0 0 0 0 0 0 0 0 0 0 0 
664 1288 0 0 0 0 0 0 0 0 0 0 0 0 0 0 
680 1288 0 0 0 0 0 0 0 0 0 0 0 0 0 0 
696 1288 0 0 0 0 0 0 0 0 0 0 0 0 0 0 
712 1288 0 0 0 0 0 0 0 0 0 0 0 0 0 0 
728 1288 0 0 0 0 0 0 0 0 0 0 0 0 0 0 
744 1288 0 0 0 0 0 0 0 0 0 0 0 0 0 0 
760 1288 0 0 0 0 0 0 0 0 0 0 0 0 0 0 
776 1288 0 0 0 0 0 0 0 0 0 0 0 0 0 0 
792 1288 0 0 0 0 0 0 0 0 0 0 0 0 0 0 
808 1288 0 0 0 0 0 0 0 0 0 0 0 0 0 0 
824 1288 0 0 0 0 0 0 0 0 0 0 0 0 0 0 
840 1288 0 0 0 0 0 0 0 0 0 0 0 0 0 0 
856 1288 0 0 0 0 0 0 0 0 0 0 0 0 0 0 
872 1288 0 0 0 0 0 0 0 0 0 0 0 0 0 0 
888 1288 0 0 0 0 0 0 0 0 0 0 0 0 0 0 
904 1288 0 0 0 0 0 0 0 0 0 0 0 0 0 0 
920 1288 0 0 0 0 0 0 0 0 0 0 0 0 0 0 
936 1288 0 0 0 0 0 0 0 0 0 0 0 0 0 0 
952 1288 0 0 0 0 0 0 0 0 0 0 0 0 0 0 
968 1288 0 0 0 0 0 0 0 0 0 0 0 0 0 0 
984 1288 0 0 0 0 0 0 0 0 0 0 0 0 0 0 
1000 1288 0 0 0 0 0 0 0 0 0 0 0 0 0 0 
1016 1288 0 0 0 0 0 0 0 0 0 0 0 0 0 0 
1032 1288 0 0 0 0 0 0 0 0 0 0 0 0 0 0 
1048 1288 0 0 0 0 0 0 0 0 0 0 0 0 0 0 
1064 1288 0 0 0 0 0 0 0 0 0 0 0 0 0 0 
1080 1288 0 0 0 0 0 0 0 0 0 0 0 0 0 0 
1096 1288 0 0 0 0 0 0 0 0 0 0 0 0 0 0 
1112 1288 0 0 0 0 0 0 0 0 0 0 0 0 0 0 
1128 1288 0 0 0 0 0 0 0 0 0 0 0 0 0 0 
1144 1288 0 0 0 0 0 0 0 0 0 0 0 0 0 0 
1160 1288 0 0 0 0 0 0 0 0 0 0 0 0 0 0 
1176 1288 0 0 0 0 0 0 0 0 0 0 0 0 0 0 
1192 1288 0 0 0 0 0 0 0 0 0 0 0 0 0 0 
1208 1288 0 0 0 0 0 0 0 0 0 0 0 0 0 0 
1224 1288 0 0 0 0 0 0 0 0 0 0 0 0 0 0 
1240 1288 0 0 0 0 0 0 0 0 0 0 0 0 0 0 
1256 1288 0 0 0 0 0 0 0 0 0 0 0 0 0 0 
1272 1288 0 0 0 0 0 0 0 0 0 0 0 0 0 0 
1288 1288 0 0 0 0 0 0 0 0 0 0 0 0 0 0 
1304 1288 0 0 0 0 0 0 0 0 0 0 0 0 0 0 
1320 1288 0 0 0 0 0 0 0 0 0 0 0 0 0 0 
1336 1288 0 0 0 0 0 0 0 0 0 0 0 0 0 0 
1352 1288 0 0 0 0 0 0 0 0 0 0 0 0 0 0 
1368 1288 0 0 0 0 0 0 0 0 0 0 0 0 0 0 
1384 1288 0 0 0 0 0 0 0 0 0 0 0 0 0 0 
1400 1288 0 0 0 0 0 0 0 0 0 0 0 0 0 0 
1416 1288 0 0 0 0 0 0 0 0 0 0 0 0 0 0 
1432 1288 0 0 0 0 0 0 0 0 0 0 0 0 0 0 
1448 1288 0 0 0 0 0 0 0 0 0 0 0 0 0 0 
1464 1288 0 0 0 0 0 0 0 0 0 0 0 0 0 0 
1480 1288 0 0 0 0 0 0 0 0 0 0 0 0 0 0 
1496 1288 0 0 0 0 0 0 0 0 0 0 0 0 0 0 
1512 1288 0 0 0 0 0 0 0 0 0 0 0 0 0 0 
1528 1288 0 0 0 0 0 0 0 0 0 0 0 0 0 0 
1544 1288 0 0 0 0 0 0 0 0 0 0 0 0 0 0 
1560 1288 0 0 0 0 0 0 0 0 0 0 0 0 0 0 
1576 1288 0 0 0 0 0 0 0 0 0 0 0 0 0 0 
1592 1288 0 0 0 0 0 0 0 0 0 0 0 0 0 0 
1608 1288 0 0 0 0 0 0 0 0 0 0 0 0 0 0 
1624 1288 0 0 0 0 0 0 0 0 0 0 0 0 0 0 
1640 1288 0 0 0 0 0 0 0 0 0 0 0 0 0 0 
1656 1288 0 0 0 0 0 0 0 0 0 0 0 0 0 0 
1672 1288 0 0 0 0 0 0 0 0 0 0 0 0 0 0 
1688 1288 0 0 0 0 0 0 0 0 0 0 0 0 0 0 
1704 1288 0 0 0 0 0 0 0 0 0 0 0 0 0 0 
1720 1288 0 0 0 0 0 0 0 0 0 0 0 0 0 0 
1736 1288 0 0 0 0 0 0 0 0 0 0 0 0 0 0 
1752 1288 0 0 0 0 0 0 0 0 0 0 0 0 0 0 
1768 1288 0 0 0 0 0 0 0 0 0 0 0 0 0 0 
1784 1288 0 0 0 0 0 0 0 0 0 0 0 0 0 0 
1800 1288 0 0 0 0 0 0 0 0 0 0 0 0 0 0 
1816 1288 0 0 0 0 0 0 0 0 0 0 0 0 0 0 
1832 1288 0 0 0 0 0 0 0 0 0 0 0 0 0 0 
1848 1288 0 0 0 0 0 0 0 0 0 0 0 0 0 0 
1864 1288 0 0 0 0 0 0 0 0 0 0 0 0 0 0 
1880 1288 0 0 0 0 0 0 0 0 0 0 0 0 0 0 
1896 1288 0 0 0 0 0 0 0 0 0 0 0 0 0 0 
1912 1288 0 0 0 0 0 0 0 0 0 0 0 0 0 0 
1928 1288 0 0 0 0 0 0 0 0 0 0 0 0 0 0 
1944 1288 0 0 0 0 0 0 0 0 0 0 0 0 0 0 
1960 1288 0 0 0 0 0 0 0 0 0 0 0 0 0 0 
1976 1288 0 0 0 0 0 0 0 0 0 0 0 0 0 0 
1992 1288 0 0 0 0 0 0 0 0 0 0 0 0 0 0 
2008 1288 0 0 0 0 0 0 0 0 0 0 0 0 0 0 
2024 1288 0 0 0 0 0 0 0 0 0 0 0 0 0 0 
2040 1288 0 0 0 0 0 0 0 0 0 0 0 0 0 0 
2056 1288 0 0 0 0 0 0 0 0 0 0 0 0 0 0 
2072 1288 0 0 0 0 0 0 0 0 0 0 0 0 0 0 
2088 1288 0 0 0 0 0 0 0 0 0 0 0 0 0 0 
2104 1288 0 0 0 0 0 0 0 0 0 0 0 0 0 0 
2120 1288 0 0 0 0 0 0 0 0 0 0 0 0 0 0 
2136 1288 0 0 0 0 0 0 0 0 0 0 0 0 0 0 
2152 1288 0 0 0 0 0 0 0 0 0 0 0 0 0 0 
2168 1288 0 0 0 0 0 0 0 0 0 0 0 0 0 0 
2184 1288 0 0 0 0 0 0 0 0 0 0 0 0 0 0 
2200 1288 0 0 0 0 0 0 0 0 0 0 0 0 0 0 
2216 1288 0 0 0 0 0 0 0 0 0 0 0 0 0 0 
2232 1288 0 0 0 0 0 0 0 0 0 0 0 0 0 0 
2248 1288 0 0 0 0 0 0 0 0 0 0 0 0 0 0 
2264 1288 0 0 0 0 0 0 0 0 0 0 0 0 0 0 
2280 1288 0 0 0 0 0 0 0 0 0 0 0 0 0 0 
2296 1288 0 0 0 0 0 0 0 0 0 0 0 0 0 0 
2312 1288 0 0 0 0 0 0 0 0 0 0 0 0 0 0 
2328 1288 0 0 0 0 0 0 0 0 0 0 0 0 0 0 
2344 1288 0 0 0 0 0 0 0 0 0 0 0 0 0 0 
2360 1288 0 0 0 0 0 0 0 0 0 0 0 0 0 0 
2376 1288 0 0 0 0 0 0 0 0 0 0 0 0 0 0 
2392 1288 0 0 0 0 0 0 0 0 0 0 0 0 0 0 
2408 1288 0 0 0 0 0 0 0 0 0 0 0 0 0 0 
2424 1288 0 0 0 0 0 0 0 0 0 0 0 0 0 0 
2440 1288 0 0 0 0 0 0 0 0 0 0 0 0 0 0 
2456 1288 0 0 0 0 0 0 0 0 0 0 0 0 0 0 
2472 1288 0 0 0 0 0 0 0 0 0 0 0 0 0 0 
2488 1288 0 0 0 0 0 0 0 0 0 0 0 0 0 0 
2504 1288 0 0 0 0 0 0 0 0 0 0 0 0 0 0 
2520 1288 0 0 0 0 0 0 0 0 0 0 0 0 0 0 
2536 1288 0 0 0 0 0 0 0 0 0 0 0 0 0 0 
24 1304 0 0 0 0 0 0 0 0 0 0 0 0 0 0 
40 1304 0 0 0 0 0 0 0 0 0 0 0 0 0 0 
56 1304 0 0 0 0 0 0 0 0 0 0 0 0 0 0 
72 1304 0 0 0 0 0 0 0 0 0 0 0 0 0 0 
88 1304 0 0 0 0 0 0 0 0 0 0 0 0 0 0 
104 1304 0 0 0 0 0 0 0 0 0 0 0 0 0 0 
120 1304 0 0 0 0 0 0 0 0 0 0 0 0 0 0 
136 1304 0 0 0 0 0 0 0 0 0 0 0 0 0 0 
152 1304 0 0 0 0 0 0 0 0 0 0 0 0 0 0 
168 1304 0 0 0 0 0 0 0 0 0 0 0 0 0 0 
184 1304 0 0 0 0 0 0 0 0 0 0 0 0 0 0 
200 1304 0 0 0 0 0 0 0 0 0 0 0 0 0 0 
216 1304 0 0 0 0 0 0 0 0 0 0 0 0 0 0 
232 1304 0 0 0 0 0 0 0 0 0 0 0 0 0 0 
248 1304 0 0 0 0 0 0 0 0 0 0 0 0 0 0 
264 1304 0 0 0 0 0 0 0 0 0 0 0 0 0 0 
280 1304 0 0 0 0 0 0 0 0 0 0 0 0 0 0 
296 1304 0 0 0 0 0 0 0 0 0 0 0 0 0 0 
312 1304 0 0 0 0 0 0 0 0 0 0 0 0 0 0 
328 1304 0 0 0 0 0 0 0 0 0 0 0 0 0 0 
344 1304 0 0 0 0 0 0 0 0 0 0 0 0 0 0 
360 1304 0 0 0 0 0 0 0 0 0 0 0 0 0 0 
376 1304 0 0 0 0 0 0 0 0 0 0 0 0 0 0 
392 1304 0 0 0 0 0 0 0 0 0 0 0 0 0 0 
408 1304 0 0 0 0 0 0 0 0 0 0 0 0 0 0 
424 1304 0 0 0 0 0 0 0 0 0 0 0 0 0 0 
440 1304 0 0 0 0 0 0 0 0 0 0 0 0 0 0 
456 1304 0 0 0 0 0 0 0 0 0 0 0 0 0 0 
472 1304 0 0 0 0 0 0 0 0 0 0 0 0 0 0 
488 1304 0 0 0 0 0 0 0 0 0 0 0 0 0 0 
504 1304 0 0 0 0 0 0 0 0 0 0 0 0 0 0 
520 1304 0 0 0 0 0 0 0 0 0 0 0 0 0 0 
536 1304 0 0 0 0 0 0 0 0 0 0 0 0 0 0 
552 1304 0 0 0 0 0 0 0 0 0 0 0 0 0 0 
568 1304 0 0 0 0 0 0 0 0 0 0 0 0 0 0 
584 1304 0 0 0 0 0 0 0 0 0 0 0 0 0 0 
600 1304 0 0 0 0 0 0 0 0 0 0 0 0 0 0 
616 1304 0 0 0 0 0 0 0 0 0 0 0 0 0 0 
632 1304 0 0 0 0 0 0 0 0 0 0 0 0 0 0 
648 1304 0 0 0 0 0 0 0 0 0 0 0 0 0 0 
664 1304 0 0 0 0 0 0 0 0 0 0 0 0 0 0 
680 1304 0 0 0 0 0 0 0 0 0 0 0 0 0 0 
696 1304 0 0 0 0 0 0 0 0 0 0 0 0 0 0 
712 1304 0 0 0 0 0 0 0 0 0 0 0 0 0 0 
728 1304 0 0 0 0 0 0 0 0 0 0 0 0 0 0 
744 1304 0 0 0 0 0 0 0 0 0 0 0 0 0 0 
760 1304 0 0 0 0 0 0 0 0 0 0 0 0 0 0 
776 1304 0 0 0 0 0 0 0 0 0 0 0 0 0 0 
792 1304 0 0 0 0 0 0 0 0 0 0 0 0 0 0 
808 1304 0 0 0 0 0 0 0 0 0 0 0 0 0 0 
824 1304 0 0 0 0 0 0 0 0 0 0 0 0 0 0 
840 1304 0 0 0 0 0 0 0 0 0 0 0 0 0 0 
856 1304 0 0 0 0 0 0 0 0 0 0 0 0 0 0 
872 1304 0 0 0 0 0 0 0 0 0 0 0 0 0 0 
888 1304 0 0 0 0 0 0 0 0 0 0 0 0 0 0 
904 1304 0 0 0 0 0 0 0 0 0 0 0 0 0 0 
920 1304 0 0 0 0 0 0 0 0 0 0 0 0 0 0 
936 1304 0 0 0 0 0 0 0 0 0 0 0 0 0 0 
952 1304 0 0 0 0 0 0 0 0 0 0 0 0 0 0 
968 1304 0 0 0 0 0 0 0 0 0 0 0 0 0 0 
984 1304 0 0 0 0 0 0 0 0 0 0 0 0 0 0 
1000 1304 0 0 0 0 0 0 0 0 0 0 0 0 0 0 
1016 1304 0 0 0 0 0 0 0 0 0 0 0 0 0 0 
1032 1304 0 0 0 0 0 0 0 0 0 0 0 0 0 0 
1048 1304 0 0 0 0 0 0 0 0 0 0 0 0 0 0 
1064 1304 0 0 0 0 0 0 0 0 0 0 0 0 0 0 
1080 1304 0 0 0 0 0 0 0 0 0 0 0 0 0 0 
1096 1304 0 0 0 0 0 0 0 0 0 0 0 0 0 0 
1112 1304 0 0 0 0 0 0 0 0 0 0 0 0 0 0 
1128 1304 0 0 0 0 0 0 0 0 0 0 0 0 0 0 
1144 1304 0 0 0 0 0 0 0 0 0 0 0 0 0 0 
1160 1304 0 0 0 0 0 0 0 0 0 0 0 0 0 0 
1176 1304 0 0 0 0 0 0 0 0 0 0 0 0 0 0 
1192 1304 0 0 0 0 0 0 0 0 0 0 0 0 0 0 
1208 1304 0 0 0 0 0 0 0 0 0 0 0 0 0 0 
1224 1304 0 0 0 0 0 0 0 0 0 0 0 0 0 0 
1240 1304 0 0 0 0 0 0 0 0 0 0 0 0 0 0 
1256 1304 0 0 0 0 0 0 0 0 0 0 0 0 0 0 
1272 1304 0 0 0 0 0 0 0 0 0 0 0 0 0 0 
1288 1304 0 0 0 0 0 0 0 0 0 0 0 0 0 0 
1304 1304 0 0 0 0 0 0 0 0 0 0 0 0 0 0 
1320 1304 0 0 0 0 0 0 0 0 0 0 0 0 0 0 
1336 1304 0 0 0 0 0 0 0 0 0 0 0 0 0 0 
1352 1304 0 0 0 0 0 0 0 0 0 0 0 0 0 0 
1368 1304 0 0 0 0 0 0 0 0 0 0 0 0 0 0 
1384 1304 0 0 0 0 0 0 0 0 0 0 0 0 0 0 
1400 1304 0 0 0 0 0 0 0 0 0 0 0 0 0 0 
1416 1304 0 0 0 0 0 0 0 0 0 0 0 0 0 0 
1432 1304 0 0 0 0 0 0 0 0 0 0 0 0 0 0 
1448 1304 0 0 0 0 0 0 0 0 0 0 0 0 0 0 
1464 1304 0 0 0 0 0 0 0 0 0 0 0 0 0 0 
1480 1304 0 0 0 0 0 0 0 0 0 0 0 0 0 0 
1496 1304 0 0 0 0 0 0 0 0 0 0 0 0 0 0 
1512 1304 0 0 0 0 0 0 0 0 0 0 0 0 0 0 
1528 1304 0 0 0 0 0 0 0 0 0 0 0 0 0 0 
1544 1304 0 0 0 0 0 0 0 0 0 0 0 0 0 0 
1560 1304 0 0 0 0 0 0 0 0 0 0 0 0 0 0 
1576 1304 0 0 0 0 0 0 0 0 0 0 0 0 0 0 
1592 1304 0 0 0 0 0 0 0 0 0 0 0 0 0 0 
1608 1304 0 0 0 0 0 0 0 0 0 0 0 0 0 0 
1624 1304 0 0 0 0 0 0 0 0 0 0 0 0 0 0 
1640 1304 0 0 0 0 0 0 0 0 0 0 0 0 0 0 
1656 1304 0 0 0 0 0 0 0 0 0 0 0 0 0 0 
1672 1304 0 0 0 0 0 0 0 0 0 0 0 0 0 0 
1688 1304 0 0 0 0 0 0 0 0 0 0 0 0 0 0 
1704 1304 0 0 0 0 0 0 0 0 0 0 0 0 0 0 
1720 1304 0 0 0 0 0 0 0 0 0 0 0 0 0 0 
1736 1304 0 0 0 0 0 0 0 0 0 0 0 0 0 0 
1752 1304 0 0 0 0 0 0 0 0 0 0 0 0 0 0 
1768 1304 0 0 0 0 0 0 0 0 0 0 0 0 0 0 
1784 1304 0 0 0 0 0 0 0 0 0 0 0 0 0 0 
1800 1304 0 0 0 0 0 0 0 0 0 0 0 0 0 0 
1816 1304 0 0 0 0 0 0 0 0 0 0 0 0 0 0 
1832 1304 0 0 0 0 0 0 0 0 0 0 0 0 0 0 
1848 1304 0 0 0 0 0 0 0 0 0 0 0 0 0 0 
1864 1304 0 0 0 0 0 0 0 0 0 0 0 0 0 0 
1880 1304 0 0 0 0 0 0 0 0 0 0 0 0 0 0 
1896 1304 0 0 0 0 0 0 0 0 0 0 0 0 0 0 
1912 1304 0 0 0 0 0 0 0 0 0 0 0 0 0 0 
1928 1304 0 0 0 0 0 0 0 0 0 0 0 0 0 0 
1944 1304 0 0 0 0 0 0 0 0 0 0 0 0 0 0 
1960 1304 0 0 0 0 0 0 0 0 0 0 0 0 0 0 
1976 1304 0 0 0 0 0 0 0 0 0 0 0 0 0 0 
1992 1304 0 0 0 0 0 0 0 0 0 0 0 0 0 0 
2008 1304 0 0 0 0 0 0 0 0 0 0 0 0 0 0 
2024 1304 0 0 0 0 0 0 0 0 0 0 0 0 0 0 
2040 1304 0 0 0 0 0 0 0 0 0 0 0 0 0 0 
2056 1304 0 0 0 0 0 0 0 0 0 0 0 0 0 0 
2072 1304 0 0 0 0 0 0 0 0 0 0 0 0 0 0 
2088 1304 0 0 0 0 0 0 0 0 0 0 0 0 0 0 
2104 1304 0 0 0 0 0 0 0 0 0 0 0 0 0 0 
2120 1304 0 0 0 0 0 0 0 0 0 0 0 0 0 0 
2136 1304 0 0 0 0 0 0 0 0 0 0 0 0 0 0 
2152 1304 0 0 0 0 0 0 0 0 0 0 0 0 0 0 
2168 1304 0 0 0 0 0 0 0 0 0 0 0 0 0 0 
2184 1304 0 0 0 0 0 0 0 0 0 0 0 0 0 0 
2200 1304 0 0 0 0 0 0 0 0 0 0 0 0 0 0 
2216 1304 0 0 0 0 0 0 0 0 0 0 0 0 0 0 
2232 1304 0 0 0 0 0 0 0 0 0 0 0 0 0 0 
2248 1304 0 0 0 0 0 0 0 0 0 0 0 0 0 0 
2264 1304 0 0 0 0 0 0 0 0 0 0 0 0 0 0 
2280 1304 0 0 0 0 0 0 0 0 0 0 0 0 0 0 
2296 1304 0 0 0 0 0 0 0 0 0 0 0 0 0 0 
2312 1304 0 0 0 0 0 0 0 0 0 0 0 0 0 0 
2328 1304 0 0 0 0 0 0 0 0 0 0 0 0 0 0 
2344 1304 0 0 0 0 0 0 0 0 0 0 0 0 0 0 
2360 1304 0 0 0 0 0 0 0 0 0 0 0 0 0 0 
2376 1304 0 0 0 0 0 0 0 0 0 0 0 0 0 0 
2392 1304 0 0 0 0 0 0 0 0 0 0 0 0 0 0 
2408 1304 0 0 0 0 0 0 0 0 0 0 0 0 0 0 
2424 1304 0 0 0 0 0 0 0 0 0 0 0 0 0 0 
2440 1304 0 0 0 0 0 0 0 0 0 0 0 0 0 0 
2456 1304 0 0 0 0 0 0 0 0 0 0 0 0 0 0 
2472 1304 0 0 0 0 0 0 0 0 0 0 0 0 0 0 
2488 1304 0 0 0 0 0 0 0 0 0 0 0 0 0 0 
2504 1304 0 0 0 0 0 0 0 0 0 0 0 0 0 0 
2520 1304 0 0 0 0 0 0 0 0 0 0 0 0 0 0 
2536 1304 0 0 0 0 0 0 0 0 0 0 0 0 0 0 
24 1320 0 0 0 0 0 0 0 0 0 0 0 0 0 0 
40 1320 0 0 0 0 0 0 0 0 0 0 0 0 0 0 
56 1320 0 0 0 0 0 0 0 0 0 0 0 0 0 0 
72 1320 0 0 0 0 0 0 0 0 0 0 0 0 0 0 
88 1320 0 0 0 0 0 0 0 0 0 0 0 0 0 0 
104 1320 0 0 0 0 0 0 0 0 0 0 0 0 0 0 
120 1320 0 0 0 0 0 0 0 0 0 0 0 0 0 0 
136 1320 0 0 0 0 0 0 0 0 0 0 0 0 0 0 
152 1320 0 0 0 0 0 0 0 0 0 0 0 0 0 0 
168 1320 0 0 0 0 0 0 0 0 0 0 0 0 0 0 
184 1320 0 0 0 0 0 0 0 0 0 0 0 0 0 0 
200 1320 0 0 0 0 0 0 0 0 0 0 0 0 0 0 
216 1320 0 0 0 0 0 0 0 0 0 0 0 0 0 0 
232 1320 0 0 0 0 0 0 0 0 0 0 0 0 0 0 
248 1320 0 0 0 0 0 0 0 0 0 0 0 0 0 0 
264 1320 0 0 0 0 0 0 0 0 0 0 0 0 0 0 
280 1320 0 0 0 0 0 0 0 0 0 0 0 0 0 0 
296 1320 0 0 0 0 0 0 0 0 0 0 0 0 0 0 
312 1320 0 0 0 0 0 0 0 0 0 0 0 0 0 0 
328 1320 0 0 0 0 0 0 0 0 0 0 0 0 0 0 
344 1320 0 0 0 0 0 0 0 0 0 0 0 0 0 0 
360 1320 0 0 0 0 0 0 0 0 0 0 0 0 0 0 
376 1320 0 0 0 0 0 0 0 0 0 0 0 0 0 0 
392 1320 0 0 0 0 0 0 0 0 0 0 0 0 0 0 
408 1320 0 0 0 0 0 0 0 0 0 0 0 0 0 0 
424 1320 0 0 0 0 0 0 0 0 0 0 0 0 0 0 
440 1320 0 0 0 0 0 0 0 0 0 0 0 0 0 0 
456 1320 0 0 0 0 0 0 0 0 0 0 0 0 0 0 
472 1320 0 0 0 0 0 0 0 0 0 0 0 0 0 0 
488 1320 0 0 0 0 0 0 0 0 0 0 0 0 0 0 
504 1320 0 0 0 0 0 0 0 0 0 0 0 0 0 0 
520 1320 0 0 0 0 0 0 0 0 0 0 0 0 0 0 
536 1320 0 0 0 0 0 0 0 0 0 0 0 0 0 0 
552 1320 0 0 0 0 0 0 0 0 0 0 0 0 0 0 
568 1320 0 0 0 0 0 0 0 0 0 0 0 0 0 0 
584 1320 0 0 0 0 0 0 0 0 0 0 0 0 0 0 
600 1320 0 0 0 0 0 0 0 0 0 0 0 0 0 0 
616 1320 0 0 0 0 0 0 0 0 0 0 0 0 0 0 
632 1320 0 0 0 0 0 0 0 0 0 0 0 0 0 0 
648 1320 0 0 0 0 0 0 0 0 0 0 0 0 0 0 
664 1320 0 0 0 0 0 0 0 0 0 0 0 0 0 0 
680 1320 0 0 0 0 0 0 0 0 0 0 0 0 0 0 
696 1320 0 0 0 0 0 0 0 0 0 0 0 0 0 0 
712 1320 0 0 0 0 0 0 0 0 0 0 0 0 0 0 
728 1320 0 0 0 0 0 0 0 0 0 0 0 0 0 0 
744 1320 0 0 0 0 0 0 0 0 0 0 0 0 0 0 
760 1320 0 0 0 0 0 0 0 0 0 0 0 0 0 0 
776 1320 0 0 0 0 0 0 0 0 0 0 0 0 0 0 
792 1320 0 0 0 0 0 0 0 0 0 0 0 0 0 0 
808 1320 0 0 0 0 0 0 0 0 0 0 0 0 0 0 
824 1320 0 0 0 0 0 0 0 0 0 0 0 0 0 0 
840 1320 0 0 0 0 0 0 0 0 0 0 0 0 0 0 
856 1320 0 0 0 0 0 0 0 0 0 0 0 0 0 0 
872 1320 0 0 0 0 0 0 0 0 0 0 0 0 0 0 
888 1320 0 0 0 0 0 0 0 0 0 0 0 0 0 0 
904 1320 0 0 0 0 0 0 0 0 0 0 0 0 0 0 
920 1320 0 0 0 0 0 0 0 0 0 0 0 0 0 0 
936 1320 0 0 0 0 0 0 0 0 0 0 0 0 0 0 
952 1320 0 0 0 0 0 0 0 0 0 0 0 0 0 0 
968 1320 0 0 0 0 0 0 0 0 0 0 0 0 0 0 
984 1320 0 0 0 0 0 0 0 0 0 0 0 0 0 0 
1000 1320 0 0 0 0 0 0 0 0 0 0 0 0 0 0 
1016 1320 0 0 0 0 0 0 0 0 0 0 0 0 0 0 
1032 1320 0 0 0 0 0 0 0 0 0 0 0 0 0 0 
1048 1320 0 0 0 0 0 0 0 0 0 0 0 0 0 0 
1064 1320 0 0 0 0 0 0 0 0 0 0 0 0 0 0 
1080 1320 0 0 0 0 0 0 0 0 0 0 0 0 0 0 
1096 1320 0 0 0 0 0 0 0 0 0 0 0 0 0 0 
1112 1320 0 0 0 0 0 0 0 0 0 0 0 0 0 0 
1128 1320 0 0 0 0 0 0 0 0 0 0 0 0 0 0 
1144 1320 0 0 0 0 0 0 0 0 0 0 0 0 0 0 
1160 1320 0 0 0 0 0 0 0 0 0 0 0 0 0 0 
1176 1320 0 0 0 0 0 0 0 0 0 0 0 0 0 0 
1192 1320 0 0 0 0 0 0 0 0 0 0 0 0 0 0 
1208 1320 0 0 0 0 0 0 0 0 0 0 0 0 0 0 
1224 1320 0 0 0 0 0 0 0 0 0 0 0 0 0 0 
1240 1320 0 0 0 0 0 0 0 0 0 0 0 0 0 0 
1256 1320 0 0 0 0 0 0 0 0 0 0 0 0 0 0 
1272 1320 0 0 0 0 0 0 0 0 0 0 0 0 0 0 
1288 1320 0 0 0 0 0 0 0 0 0 0 0 0 0 0 
1304 1320 0 0 0 0 0 0 0 0 0 0 0 0 0 0 
1320 1320 0 0 0 0 0 0 0 0 0 0 0 0 0 0 
1336 1320 0 0 0 0 0 0 0 0 0 0 0 0 0 0 
1352 1320 0 0 0 0 0 0 0 0 0 0 0 0 0 0 
1368 1320 0 0 0 0 0 0 0 0 0 0 0 0 0 0 
1384 1320 0 0 0 0 0 0 0 0 0 0 0 0 0 0 
1400 1320 0 0 0 0 0 0 0 0 0 0 0 0 0 0 
1416 1320 0 0 0 0 0 0 0 0 0 0 0 0 0 0 
1432 1320 0 0 0 0 0 0 0 0 0 0 0 0 0 0 
1448 1320 0 0 0 0 0 0 0 0 0 0 0 0 0 0 
1464 1320 0 0 0 0 0 0 0 0 0 0 0 0 0 0 
1480 1320 0 0 0 0 0 0 0 0 0 0 0 0 0 0 
1496 1320 0 0 0 0 0 0 0 0 0 0 0 0 0 0 
1512 1320 0 0 0 0 0 0 0 0 0 0 0 0 0 0 
1528 1320 0 0 0 0 0 0 0 0 0 0 0 0 0 0 
1544 1320 0 0 0 0 0 0 0 0 0 0 0 0 0 0 
1560 1320 0 0 0 0 0 0 0 0 0 0 0 0 0 0 
1576 1320 0 0 0 0 0 0 0 0 0 0 0 0 0 0 
1592 1320 0 0 0 0 0 0 0 0 0 0 0 0 0 0 
1608 1320 0 0 0 0 0 0 0 0 0 0 0 0 0 0 
1624 1320 0 0 0 0 0 0 0 0 0 0 0 0 0 0 
1640 1320 0 0 0 0 0 0 0 0 0 0 0 0 0 0 
1656 1320 0 0 0 0 0 0 0 0 0 0 0 0 0 0 
1672 1320 0 0 0 0 0 0 0 0 0 0 0 0 0 0 
1688 1320 0 0 0 0 0 0 0 0 0 0 0 0 0 0 
1704 1320 0 0 0 0 0 0 0 0 0 0 0 0 0 0 
1720 1320 0 0 0 0 0 0 0 0 0 0 0 0 0 0 
1736 1320 0 0 0 0 0 0 0 0 0 0 0 0 0 0 
1752 1320 0 0 0 0 0 0 0 0 0 0 0 0 0 0 
1768 1320 0 0 0 0 0 0 0 0 0 0 0 0 0 0 
1784 1320 0 0 0 0 0 0 0 0 0 0 0 0 0 0 
1800 1320 0 0 0 0 0 0 0 0 0 0 0 0 0 0 
1816 1320 0 0 0 0 0 0 0 0 0 0 0 0 0 0 
1832 1320 0 0 0 0 0 0 0 0 0 0 0 0 0 0 
1848 1320 0 0 0 0 0 0 0 0 0 0 0 0 0 0 
1864 1320 0 0 0 0 0 0 0 0 0 0 0 0 0 0 
1880 1320 0 0 0 0 0 0 0 0 0 0 0 0 0 0 
1896 1320 0 0 0 0 0 0 0 0 0 0 0 0 0 0 
1912 1320 0 0 0 0 0 0 0 0 0 0 0 0 0 0 
1928 1320 0 0 0 0 0 0 0 0 0 0 0 0 0 0 
1944 1320 0 0 0 0 0 0 0 0 0 0 0 0 0 0 
1960 1320 0 0 0 0 0 0 0 0 0 0 0 0 0 0 
1976 1320 0 0 0 0 0 0 0 0 0 0 0 0 0 0 
1992 1320 0 0 0 0 0 0 0 0 0 0 0 0 0 0 
2008 1320 0 0 0 0 0 0 0 0 0 0 0 0 0 0 
2024 1320 0 0 0 0 0 0 0 0 0 0 0 0 0 0 
2040 1320 0 0 0 0 0 0 0 0 0 0 0 0 0 0 
2056 1320 0 0 0 0 0 0 0 0 0 0 0 0 0 0 
2072 1320 0 0 0 0 0 0 0 0 0 0 0 0 0 0 
2088 1320 0 0 0 0 0 0 0 0 0 0 0 0 0 0 
2104 1320 0 0 0 0 0 0 0 0 0 0 0 0 0 0 
2120 1320 0 0 0 0 0 0 0 0 0 0 0 0 0 0 
2136 1320 0 0 0 0 0 0 0 0 0 0 0 0 0 0 
2152 1320 0 0 0 0 0 0 0 0 0 0 0 0 0 0 
2168 1320 0 0 0 0 0 0 0 0 0 0 0 0 0 0 
2184 1320 0 0 0 0 0 0 0 0 0 0 0 0 0 0 
2200 1320 0 0 0 0 0 0 0 0 0 0 0 0 0 0 
2216 1320 0 0 0 0 0 0 0 0 0 0 0 0 0 0 
2232 1320 0 0 0 0 0 0 0 0 0 0 0 0 0 0 
2248 1320 0 0 0 0 0 0 0 0 0 0 0 0 0 0 
2264 1320 0 0 0 0 0 0 0 0 0 0 0 0 0 0 
2280 1320 0 0 0 0 0 0 0 0 0 0 0 0 0 0 
2296 1320 0 0 0 0 0 0 0 0 0 0 0 0 0 0 
2312 1320 0 0 0 0 0 0 0 0 0 0 0 0 0 0 
2328 1320 0 0 0 0 0 0 0 0 0 0 0 0 0 0 
2344 1320 0 0 0 0 0 0 0 0 0 0 0 0 0 0 
2360 1320 0 0 0 0 0 0 0 0 0 0 0 0 0 0 
2376 1320 0 0 0 0 0 0 0 0 0 0 0 0 0 0 
2392 1320 0 0 0 0 0 0 0 0 0 0 0 0 0 0 
2408 1320 0 0 0 0 0 0 0 0 0 0 0 0 0 0 
2424 1320 0 0 0 0 0 0 0 0 0 0 0 0 0 0 
2440 1320 0 0 0 0 0 0 0 0 0 0 0 0 0 0 
2456 1320 0 0 0 0 0 0 0 0 0 0 0 0 0 0 
2472 1320 0 0 0 0 0 0 0 0 0 0 0 0 0 0 
2488 1320 0 0 0 0 0 0 0 0 0 0 0 0 0 0 
2504 1320 0 0 0 0 0 0 0 0 0 0 0 0 0 0 
2520 1320 0 0 0 0 0 0 0 0 0 0 0 0 0 0 
2536 1320 0 0 0 0 0 0 0 0 0 0 0 0 0 0 
24 1336 0 0 0 0 0 0 0 0 0 0 0 0 0 0 
40 1336 0 0 0 0 0 0 0 0 0 0 0 0 0 0 
56 1336 0 0 0 0 0 0 0 0 0 0 0 0 0 0 
72 1336 0 0 0 0 0 0 0 0 0 0 0 0 0 0 
88 1336 0 0 0 0 0 0 0 0 0 0 0 0 0 0 
104 1336 0 0 0 0 0 0 0 0 0 0 0 0 0 0 
120 1336 0 0 0 0 0 0 0 0 0 0 0 0 0 0 
136 1336 0 0 0 0 0 0 0 0 0 0 0 0 0 0 
152 1336 0 0 0 0 0 0 0 0 0 0 0 0 0 0 
168 1336 0 0 0 0 0 0 0 0 0 0 0 0 0 0 
184 1336 0 0 0 0 0 0 0 0 0 0 0 0 0 0 
200 1336 0 0 0 0 0 0 0 0 0 0 0 0 0 0 
216 1336 0 0 0 0 0 0 0 0 0 0 0 0 0 0 
232 1336 0 0 0 0 0 0 0 0 0 0 0 0 0 0 
248 1336 0 0 0 0 0 0 0 0 0 0 0 0 0 0 
264 1336 0 0 0 0 0 0 0 0 0 0 0 0 0 0 
280 1336 0 0 0 0 0 0 0 0 0 0 0 0 0 0 
296 1336 0 0 0 0 0 0 0 0 0 0 0 0 0 0 
312 1336 0 0 0 0 0 0 0 0 0 0 0 0 0 0 
328 1336 0 0 0 0 0 0 0 0 0 0 0 0 0 0 
344 1336 0 0 0 0 0 0 0 0 0 0 0 0 0 0 
360 1336 0 0 0 0 0 0 0 0 0 0 0 0 0 0 
376 1336 0 0 0 0 0 0 0 0 0 0 0 0 0 0 
392 1336 0 0 0 0 0 0 0 0 0 0 0 0 0 0 
408 1336 0 0 0 0 0 0 0 0 0 0 0 0 0 0 
424 1336 0 0 0 0 0 0 0 0 0 0 0 0 0 0 
440 1336 0 0 0 0 0 0 0 0 0 0 0 0 0 0 
456 1336 0 0 0 0 0 0 0 0 0 0 0 0 0 0 
472 1336 0 0 0 0 0 0 0 0 0 0 0 0 0 0 
488 1336 0 0 0 0 0 0 0 0 0 0 0 0 0 0 
504 1336 0 0 0 0 0 0 0 0 0 0 0 0 0 0 
520 1336 0 0 0 0 0 0 0 0 0 0 0 0 0 0 
536 1336 0 0 0 0 0 0 0 0 0 0 0 0 0 0 
552 1336 0 0 0 0 0 0 0 0 0 0 0 0 0 0 
568 1336 0 0 0 0 0 0 0 0 0 0 0 0 0 0 
584 1336 0 0 0 0 0 0 0 0 0 0 0 0 0 0 
600 1336 0 0 0 0 0 0 0 0 0 0 0 0 0 0 
616 1336 0 0 0 0 0 0 0 0 0 0 0 0 0 0 
632 1336 0 0 0 0 0 0 0 0 0 0 0 0 0 0 
648 1336 0 0 0 0 0 0 0 0 0 0 0 0 0 0 
664 1336 0 0 0 0 0 0 0 0 0 0 0 0 0 0 
680 1336 0 0 0 0 0 0 0 0 0 0 0 0 0 0 
696 1336 0 0 0 0 0 0 0 0 0 0 0 0 0 0 
712 1336 0 0 0 0 0 0 0 0 0 0 0 0 0 0 
728 1336 0 0 0 0 0 0 0 0 0 0 0 0 0 0 
744 1336 0 0 0 0 0 0 0 0 0 0 0 0 0 0 
760 1336 0 0 0 0 0 0 0 0 0 0 0 0 0 0 
776 1336 0 0 0 0 0 0 0 0 0 0 0 0 0 0 
792 1336 0 0 0 0 0 0 0 0 0 0 0 0 0 0 
808 1336 0 0 0 0 0 0 0 0 0 0 0 0 0 0 
824 1336 0 0 0 0 0 0 0 0 0 0 0 0 0 0 
840 1336 0 0 0 0 0 0 0 0 0 0 0 0 0 0 
856 1336 0 0 0 0 0 0 0 0 0 0 0 0 0 0 
872 1336 0 0 0 0 0 0 0 0 0 0 0 0 0 0 
888 1336 0 0 0 0 0 0 0 0 0 0 0 0 0 0 
904 1336 0 0 0 0 0 0 0 0 0 0 0 0 0 0 
920 1336 0 0 0 0 0 0 0 0 0 0 0 0 0 0 
936 1336 0 0 0 0 0 0 0 0 0 0 0 0 0 0 
952 1336 0 0 0 0 0 0 0 0 0 0 0 0 0 0 
968 1336 0 0 0 0 0 0 0 0 0 0 0 0 0 0 
984 1336 0 0 0 0 0 0 0 0 0 0 0 0 0 0 
1000 1336 0 0 0 0 0 0 0 0 0 0 0 0 0 0 
1016 1336 0 0 0 0 0 0 0 0 0 0 0 0 0 0 
1032 1336 0 0 0 0 0 0 0 0 0 0 0 0 0 0 
1048 1336 0 0 0 0 0 0 0 0 0 0 0 0 0 0 
1064 1336 0 0 0 0 0 0 0 0 0 0 0 0 0 0 
1080 1336 0 0 0 0 0 0 0 0 0 0 0 0 0 0 
1096 1336 0 0 0 0 0 0 0 0 0 0 0 0 0 0 
1112 1336 0 0 0 0 0 0 0 0 0 0 0 0 0 0 
1128 1336 0 0 0 0 0 0 0 0 0 0 0 0 0 0 
1144 1336 0 0 0 0 0 0 0 0 0 0 0 0 0 0 
1160 1336 0 0 0 0 0 0 0 0 0 0 0 0 0 0 
1176 1336 0 0 0 0 0 0 0 0 0 0 0 0 0 0 
1192 1336 0 0 0 0 0 0 0 0 0 0 0 0 0 0 
1208 1336 0 0 0 0 0 0 0 0 0 0 0 0 0 0 
1224 1336 0 0 0 0 0 0 0 0 0 0 0 0 0 0 
1240 1336 0 0 0 0 0 0 0 0 0 0 0 0 0 0 
1256 1336 0 0 0 0 0 0 0 0 0 0 0 0 0 0 
1272 1336 0 0 0 0 0 0 0 0 0 0 0 0 0 0 
1288 1336 0 0 0 0 0 0 0 0 0 0 0 0 0 0 
1304 1336 0 0 0 0 0 0 0 0 0 0 0 0 0 0 
1320 1336 0 0 0 0 0 0 0 0 0 0 0 0 0 0 
1336 1336 0 0 0 0 0 0 0 0 0 0 0 0 0 0 
1352 1336 0 0 0 0 0 0 0 0 0 0 0 0 0 0 
1368 1336 0 0 0 0 0 0 0 0 0 0 0 0 0 0 
1384 1336 0 0 0 0 0 0 0 0 0 0 0 0 0 0 
1400 1336 0 0 0 0 0 0 0 0 0 0 0 0 0 0 
1416 1336 0 0 0 0 0 0 0 0 0 0 0 0 0 0 
1432 1336 0 0 0 0 0 0 0 0 0 0 0 0 0 0 
1448 1336 0 0 0 0 0 0 0 0 0 0 0 0 0 0 
1464 1336 0 0 0 0 0 0 0 0 0 0 0 0 0 0 
1480 1336 0 0 0 0 0 0 0 0 0 0 0 0 0 0 
1496 1336 0 0 0 0 0 0 0 0 0 0 0 0 0 0 
1512 1336 0 0 0 0 0 0 0 0 0 0 0 0 0 0 
1528 1336 0 0 0 0 0 0 0 0 0 0 0 0 0 0 
1544 1336 0 0 0 0 0 0 0 0 0 0 0 0 0 0 
1560 1336 0 0 0 0 0 0 0 0 0 0 0 0 0 0 
1576 1336 0 0 0 0 0 0 0 0 0 0 0 0 0 0 
1592 1336 0 0 0 0 0 0 0 0 0 0 0 0 0 0 
1608 1336 0 0 0 0 0 0 0 0 0 0 0 0 0 0 
1624 1336 0 0 0 0 0 0 0 0 0 0 0 0 0 0 
1640 1336 0 0 0 0 0 0 0 0 0 0 0 0 0 0 
1656 1336 0 0 0 0 0 0 0 0 0 0 0 0 0 0 
1672 1336 0 0 0 0 0 0 0 0 0 0 0 0 0 0 
1688 1336 0 0 0 0 0 0 0 0 0 0 0 0 0 0 
1704 1336 0 0 0 0 0 0 0 0 0 0 0 0 0 0 
1720 1336 0 0 0 0 0 0 0 0 0 0 0 0 0 0 
1736 1336 0 0 0 0 0 0 0 0 0 0 0 0 0 0 
1752 1336 0 0 0 0 0 0 0 0 0 0 0 0 0 0 
1768 1336 0 0 0 0 0 0 0 0 0 0 0 0 0 0 
1784 1336 0 0 0 0 0 0 0 0 0 0 0 0 0 0 
1800 1336 0 0 0 0 0 0 0 0 0 0 0 0 0 0 
1816 1336 0 0 0 0 0 0 0 0 0 0 0 0 0 0 
1832 1336 0 0 0 0 0 0 0 0 0 0 0 0 0 0 
1848 1336 0 0 0 0 0 0 0 0 0 0 0 0 0 0 
1864 1336 0 0 0 0 0 0 0 0 0 0 0 0 0 0 
1880 1336 0 0 0 0 0 0 0 0 0 0 0 0 0 0 
1896 1336 0 0 0 0 0 0 0 0 0 0 0 0 0 0 
1912 1336 0 0 0 0 0 0 0 0 0 0 0 0 0 0 
1928 1336 0 0 0 0 0 0 0 0 0 0 0 0 0 0 
1944 1336 0 0 0 0 0 0 0 0 0 0 0 0 0 0 
1960 1336 0 0 0 0 0 0 0 0 0 0 0 0 0 0 
1976 1336 0 0 0 0 0 0 0 0 0 0 0 0 0 0 
1992 1336 0 0 0 0 0 0 0 0 0 0 0 0 0 0 
2008 1336 0 0 0 0 0 0 0 0 0 0 0 0 0 0 
2024 1336 0 0 0 0 0 0 0 0 0 0 0 0 0 0 
2040 1336 0 0 0 0 0 0 0 0 0 0 0 0 0 0 
2056 1336 0 0 0 0 0 0 0 0 0 0 0 0 0 0 
2072 1336 0 0 0 0 0 0 0 0 0 0 0 0 0 0 
2088 1336 0 0 0 0 0 0 0 0 0 0 0 0 0 0 
2104 1336 0 0 0 0 0 0 0 0 0 0 0 0 0 0 
2120 1336 0 0 0 0 0 0 0 0 0 0 0 0 0 0 
2136 1336 0 0 0 0 0 0 0 0 0 0 0 0 0 0 
2152 1336 0 0 0 0 0 0 0 0 0 0 0 0 0 0 
2168 1336 0 0 0 0 0 0 0 0 0 0 0 0 0 0 
2184 1336 0 0 0 0 0 0 0 0 0 0 0 0 0 0 
2200 1336 0 0 0 0 0 0 0 0 0 0 0 0 0 0 
2216 1336 0 0 0 0 0 0 0 0 0 0 0 0 0 0 
2232 1336 0 0 0 0 0 0 0 0 0 0 0 0 0 0 
2248 1336 0 0 0 0 0 0 0 0 0 0 0 0 0 0 
2264 1336 0 0 0 0 0 0 0 0 0 0 0 0 0 0 
2280 1336 0 0 0 0 0 0 0 0 0 0 0 0 0 0 
2296 1336 0 0 0 0 0 0 0 0 0 0 0 0 0 0 
2312 1336 0 0 0 0 0 0 0 0 0 0 0 0 0 0 
2328 1336 0 0 0 0 0 0 0 0 0 0 0 0 0 0 
2344 1336 0 0 0 0 0 0 0 0 0 0 0 0 0 0 
2360 1336 0 0 0 0 0 0 0 0 0 0 0 0 0 0 
2376 1336 0 0 0 0 0 0 0 0 0 0 0 0 0 0 
2392 1336 0 0 0 0 0 0 0 0 0 0 0 0 0 0 
2408 1336 0 0 0 0 0 0 0 0 0 0 0 0 0 0 
2424 1336 0 0 0 0 0 0 0 0 0 0 0 0 0 0 
2440 1336 0 0 0 0 0 0 0 0 0 0 0 0 0 0 
2456 1336 0 0 0 0 0 0 0 0 0 0 0 0 0 0 
2472 1336 0 0 0 0 0 0 0 0 0 0 0 0 0 0 
2488 1336 0 0 0 0 0 0 0 0 0 0 0 0 0 0 
2504 1336 0 0 0 0 0 0 0 0 0 0 0 0 0 0 
2520 1336 0 0 0 0 0 0 0 0 0 0 0 0 0 0 
2536 1336 0 0 0 0 0 0 0 0 0 0 0 0 0 0 
24 1352 0 0 0 0 0 0 0 0 0 0 0 0 0 0 
40 1352 0 0 0 0 0 0 0 0 0 0 0 0 0 0 
56 1352 0 0 0 0 0 0 0 0 0 0 0 0 0 0 
72 1352 0 0 0 0 0 0 0 0 0 0 0 0 0 0 
88 1352 0 0 0 0 0 0 0 0 0 0 0 0 0 0 
104 1352 0 0 0 0 0 0 0 0 0 0 0 0 0 0 
120 1352 0 0 0 0 0 0 0 0 0 0 0 0 0 0 
136 1352 0 0 0 0 0 0 0 0 0 0 0 0 0 0 
152 1352 0 0 0 0 0 0 0 0 0 0 0 0 0 0 
168 1352 0 0 0 0 0 0 0 0 0 0 0 0 0 0 
184 1352 0 0 0 0 0 0 0 0 0 0 0 0 0 0 
200 1352 0 0 0 0 0 0 0 0 0 0 0 0 0 0 
216 1352 0 0 0 0 0 0 0 0 0 0 0 0 0 0 
232 1352 0 0 0 0 0 0 0 0 0 0 0 0 0 0 
248 1352 0 0 0 0 0 0 0 0 0 0 0 0 0 0 
264 1352 0 0 0 0 0 0 0 0 0 0 0 0 0 0 
280 1352 0 0 0 0 0 0 0 0 0 0 0 0 0 0 
296 1352 0 0 0 0 0 0 0 0 0 0 0 0 0 0 
312 1352 0 0 0 0 0 0 0 0 0 0 0 0 0 0 
328 1352 0 0 0 0 0 0 0 0 0 0 0 0 0 0 
344 1352 0 0 0 0 0 0 0 0 0 0 0 0 0 0 
360 1352 0 0 0 0 0 0 0 0 0 0 0 0 0 0 
376 1352 0 0 0 0 0 0 0 0 0 0 0 0 0 0 
392 1352 0 0 0 0 0 0 0 0 0 0 0 0 0 0 
408 1352 0 0 0 0 0 0 0 0 0 0 0 0 0 0 
424 1352 0 0 0 0 0 0 0 0 0 0 0 0 0 0 
440 1352 0 0 0 0 0 0 0 0 0 0 0 0 0 0 
456 1352 0 0 0 0 0 0 0 0 0 0 0 0 0 0 
472 1352 0 0 0 0 0 0 0 0 0 0 0 0 0 0 
488 1352 0 0 0 0 0 0 0 0 0 0 0 0 0 0 
504 1352 0 0 0 0 0 0 0 0 0 0 0 0 0 0 
520 1352 0 0 0 0 0 0 0 0 0 0 0 0 0 0 
536 1352 0 0 0 0 0 0 0 0 0 0 0 0 0 0 
552 1352 0 0 0 0 0 0 0 0 0 0 0 0 0 0 
568 1352 0 0 0 0 0 0 0 0 0 0 0 0 0 0 
584 1352 0 0 0 0 0 0 0 0 0 0 0 0 0 0 
600 1352 0 0 0 0 0 0 0 0 0 0 0 0 0 0 
616 1352 0 0 0 0 0 0 0 0 0 0 0 0 0 0 
632 1352 0 0 0 0 0 0 0 0 0 0 0 0 0 0 
648 1352 0 0 0 0 0 0 0 0 0 0 0 0 0 0 
664 1352 0 0 0 0 0 0 0 0 0 0 0 0 0 0 
680 1352 0 0 0 0 0 0 0 0 0 0 0 0 0 0 
696 1352 0 0 0 0 0 0 0 0 0 0 0 0 0 0 
712 1352 0 0 0 0 0 0 0 0 0 0 0 0 0 0 
728 1352 0 0 0 0 0 0 0 0 0 0 0 0 0 0 
744 1352 0 0 0 0 0 0 0 0 0 0 0 0 0 0 
760 1352 0 0 0 0 0 0 0 0 0 0 0 0 0 0 
776 1352 0 0 0 0 0 0 0 0 0 0 0 0 0 0 
792 1352 0 0 0 0 0 0 0 0 0 0 0 0 0 0 
808 1352 0 0 0 0 0 0 0 0 0 0 0 0 0 0 
824 1352 0 0 0 0 0 0 0 0 0 0 0 0 0 0 
840 1352 0 0 0 0 0 0 0 0 0 0 0 0 0 0 
856 1352 0 0 0 0 0 0 0 0 0 0 0 0 0 0 
872 1352 0 0 0 0 0 0 0 0 0 0 0 0 0 0 
888 1352 0 0 0 0 0 0 0 0 0 0 0 0 0 0 
904 1352 0 0 0 0 0 0 0 0 0 0 0 0 0 0 
920 1352 0 0 0 0 0 0 0 0 0 0 0 0 0 0 
936 1352 0 0 0 0 0 0 0 0 0 0 0 0 0 0 
952 1352 0 0 0 0 0 0 0 0 0 0 0 0 0 0 
968 1352 0 0 0 0 0 0 0 0 0 0 0 0 0 0 
984 1352 0 0 0 0 0 0 0 0 0 0 0 0 0 0 
1000 1352 0 0 0 0 0 0 0 0 0 0 0 0 0 0 
1016 1352 0 0 0 0 0 0 0 0 0 0 0 0 0 0 
1032 1352 0 0 0 0 0 0 0 0 0 0 0 0 0 0 
1048 1352 0 0 0 0 0 0 0 0 0 0 0 0 0 0 
1064 1352 0 0 0 0 0 0 0 0 0 0 0 0 0 0 
1080 1352 0 0 0 0 0 0 0 0 0 0 0 0 0 0 
1096 1352 0 0 0 0 0 0 0 0 0 0 0 0 0 0 
1112 1352 0 0 0 0 0 0 0 0 0 0 0 0 0 0 
1128 1352 0 0 0 0 0 0 0 0 0 0 0 0 0 0 
1144 1352 0 0 0 0 0 0 0 0 0 0 0 0 0 0 
1160 1352 0 0 0 0 0 0 0 0 0 0 0 0 0 0 
1176 1352 0 0 0 0 0 0 0 0 0 0 0 0 0 0 
1192 1352 0 0 0 0 0 0 0 0 0 0 0 0 0 0 
1208 1352 0 0 0 0 0 0 0 0 0 0 0 0 0 0 
1224 1352 0 0 0 0 0 0 0 0 0 0 0 0 0 0 
1240 1352 0 0 0 0 0 0 0 0 0 0 0 0 0 0 
1256 1352 0 0 0 0 0 0 0 0 0 0 0 0 0 0 
1272 1352 0 0 0 0 0 0 0 0 0 0 0 0 0 0 
1288 1352 0 0 0 0 0 0 0 0 0 0 0 0 0 0 
1304 1352 0 0 0 0 0 0 0 0 0 0 0 0 0 0 
1320 1352 0 0 0 0 0 0 0 0 0 0 0 0 0 0 
1336 1352 0 0 0 0 0 0 0 0 0 0 0 0 0 0 
1352 1352 0 0 0 0 0 0 0 0 0 0 0 0 0 0 
1368 1352 0 0 0 0 0 0 0 0 0 0 0 0 0 0 
1384 1352 0 0 0 0 0 0 0 0 0 0 0 0 0 0 
1400 1352 0 0 0 0 0 0 0 0 0 0 0 0 0 0 
1416 1352 0 0 0 0 0 0 0 0 0 0 0 0 0 0 
1432 1352 0 0 0 0 0 0 0 0 0 0 0 0 0 0 
1448 1352 0 0 0 0 0 0 0 0 0 0 0 0 0 0 
1464 1352 0 0 0 0 0 0 0 0 0 0 0 0 0 0 
1480 1352 0 0 0 0 0 0 0 0 0 0 0 0 0 0 
1496 1352 0 0 0 0 0 0 0 0 0 0 0 0 0 0 
1512 1352 0 0 0 0 0 0 0 0 0 0 0 0 0 0 
1528 1352 0 0 0 0 0 0 0 0 0 0 0 0 0 0 
1544 1352 0 0 0 0 0 0 0 0 0 0 0 0 0 0 
1560 1352 0 0 0 0 0 0 0 0 0 0 0 0 0 0 
1576 1352 0 0 0 0 0 0 0 0 0 0 0 0 0 0 
1592 1352 0 0 0 0 0 0 0 0 0 0 0 0 0 0 
1608 1352 0 0 0 0 0 0 0 0 0 0 0 0 0 0 
1624 1352 0 0 0 0 0 0 0 0 0 0 0 0 0 0 
1640 1352 0 0 0 0 0 0 0 0 0 0 0 0 0 0 
1656 1352 0 0 0 0 0 0 0 0 0 0 0 0 0 0 
1672 1352 0 0 0 0 0 0 0 0 0 0 0 0 0 0 
1688 1352 0 0 0 0 0 0 0 0 0 0 0 0 0 0 
1704 1352 0 0 0 0 0 0 0 0 0 0 0 0 0 0 
1720 1352 0 0 0 0 0 0 0 0 0 0 0 0 0 0 
1736 1352 0 0 0 0 0 0 0 0 0 0 0 0 0 0 
1752 1352 0 0 0 0 0 0 0 0 0 0 0 0 0 0 
1768 1352 0 0 0 0 0 0 0 0 0 0 0 0 0 0 
1784 1352 0 0 0 0 0 0 0 0 0 0 0 0 0 0 
1800 1352 0 0 0 0 0 0 0 0 0 0 0 0 0 0 
1816 1352 0 0 0 0 0 0 0 0 0 0 0 0 0 0 
1832 1352 0 0 0 0 0 0 0 0 0 0 0 0 0 0 
1848 1352 0 0 0 0 0 0 0 0 0 0 0 0 0 0 
1864 1352 0 0 0 0 0 0 0 0 0 0 0 0 0 0 
1880 1352 0 0 0 0 0 0 0 0 0 0 0 0 0 0 
1896 1352 0 0 0 0 0 0 0 0 0 0 0 0 0 0 
1912 1352 0 0 0 0 0 0 0 0 0 0 0 0 0 0 
1928 1352 0 0 0 0 0 0 0 0 0 0 0 0 0 0 
1944 1352 0 0 0 0 0 0 0 0 0 0 0 0 0 0 
1960 1352 0 0 0 0 0 0 0 0 0 0 0 0 0 0 
1976 1352 0 0 0 0 0 0 0 0 0 0 0 0 0 0 
1992 1352 0 0 0 0 0 0 0 0 0 0 0 0 0 0 
2008 1352 0 0 0 0 0 0 0 0 0 0 0 0 0 0 
2024 1352 0 0 0 0 0 0 0 0 0 0 0 0 0 0 
2040 1352 0 0 0 0 0 0 0 0 0 0 0 0 0 0 
2056 1352 0 0 0 0 0 0 0 0 0 0 0 0 0 0 
2072 1352 0 0 0 0 0 0 0 0 0 0 0 0 0 0 
2088 1352 0 0 0 0 0 0 0 0 0 0 0 0 0 0 
2104 1352 0 0 0 0 0 0 0 0 0 0 0 0 0 0 
2120 1352 0 0 0 0 0 0 0 0 0 0 0 0 0 0 
2136 1352 0 0 0 0 0 0 0 0 0 0 0 0 0 0 
2152 1352 0 0 0 0 0 0 0 0 0 0 0 0 0 0 
2168 1352 0 0 0 0 0 0 0 0 0 0 0 0 0 0 
2184 1352 0 0 0 0 0 0 0 0 0 0 0 0 0 0 
2200 1352 0 0 0 0 0 0 0 0 0 0 0 0 0 0 
2216 1352 0 0 0 0 0 0 0 0 0 0 0 0 0 0 
2232 1352 0 0 0 0 0 0 0 0 0 0 0 0 0 0 
2248 1352 0 0 0 0 0 0 0 0 0 0 0 0 0 0 
2264 1352 0 0 0 0 0 0 0 0 0 0 0 0 0 0 
2280 1352 0 0 0 0 0 0 0 0 0 0 0 0 0 0 
2296 1352 0 0 0 0 0 0 0 0 0 0 0 0 0 0 
2312 1352 0 0 0 0 0 0 0 0 0 0 0 0 0 0 
2328 1352 0 0 0 0 0 0 0 0 0 0 0 0 0 0 
2344 1352 0 0 0 0 0 0 0 0 0 0 0 0 0 0 
2360 1352 0 0 0 0 0 0 0 0 0 0 0 0 0 0 
2376 1352 0 0 0 0 0 0 0 0 0 0 0 0 0 0 
2392 1352 0 0 0 0 0 0 0 0 0 0 0 0 0 0 
2408 1352 0 0 0 0 0 0 0 0 0 0 0 0 0 0 
2424 1352 0 0 0 0 0 0 0 0 0 0 0 0 0 0 
2440 1352 0 0 0 0 0 0 0 0 0 0 0 0 0 0 
2456 1352 0 0 0 0 0 0 0 0 0 0 0 0 0 0 
2472 1352 0 0 0 0 0 0 0 0 0 0 0 0 0 0 
2488 1352 0 0 0 0 0 0 0 0 0 0 0 0 0 0 
2504 1352 0 0 0 0 0 0 0 0 0 0 0 0 0 0 
2520 1352 0 0 0 0 0 0 0 0 0 0 0 0 0 0 
2536 1352 0 0 0 0 0 0 0 0 0 0 0 0 0 0 
24 1368 0 0 0 0 0 0 0 0 0 0 0 0 0 0 
40 1368 0 0 0 0 0 0 0 0 0 0 0 0 0 0 
56 1368 0 0 0 0 0 0 0 0 0 0 0 0 0 0 
72 1368 0 0 0 0 0 0 0 0 0 0 0 0 0 0 
88 1368 0 0 0 0 0 0 0 0 0 0 0 0 0 0 
104 1368 0 0 0 0 0 0 0 0 0 0 0 0 0 0 
120 1368 0 0 0 0 0 0 0 0 0 0 0 0 0 0 
136 1368 0 0 0 0 0 0 0 0 0 0 0 0 0 0 
152 1368 0 0 0 0 0 0 0 0 0 0 0 0 0 0 
168 1368 0 0 0 0 0 0 0 0 0 0 0 0 0 0 
184 1368 0 0 0 0 0 0 0 0 0 0 0 0 0 0 
200 1368 0 0 0 0 0 0 0 0 0 0 0 0 0 0 
216 1368 0 0 0 0 0 0 0 0 0 0 0 0 0 0 
232 1368 0 0 0 0 0 0 0 0 0 0 0 0 0 0 
248 1368 0 0 0 0 0 0 0 0 0 0 0 0 0 0 
264 1368 0 0 0 0 0 0 0 0 0 0 0 0 0 0 
280 1368 0 0 0 0 0 0 0 0 0 0 0 0 0 0 
296 1368 0 0 0 0 0 0 0 0 0 0 0 0 0 0 
312 1368 0 0 0 0 0 0 0 0 0 0 0 0 0 0 
328 1368 0 0 0 0 0 0 0 0 0 0 0 0 0 0 
344 1368 0 0 0 0 0 0 0 0 0 0 0 0 0 0 
360 1368 0 0 0 0 0 0 0 0 0 0 0 0 0 0 
376 1368 0 0 0 0 0 0 0 0 0 0 0 0 0 0 
392 1368 0 0 0 0 0 0 0 0 0 0 0 0 0 0 
408 1368 0 0 0 0 0 0 0 0 0 0 0 0 0 0 
424 1368 0 0 0 0 0 0 0 0 0 0 0 0 0 0 
440 1368 0 0 0 0 0 0 0 0 0 0 0 0 0 0 
456 1368 0 0 0 0 0 0 0 0 0 0 0 0 0 0 
472 1368 0 0 0 0 0 0 0 0 0 0 0 0 0 0 
488 1368 0 0 0 0 0 0 0 0 0 0 0 0 0 0 
504 1368 0 0 0 0 0 0 0 0 0 0 0 0 0 0 
520 1368 0 0 0 0 0 0 0 0 0 0 0 0 0 0 
536 1368 0 0 0 0 0 0 0 0 0 0 0 0 0 0 
552 1368 0 0 0 0 0 0 0 0 0 0 0 0 0 0 
568 1368 0 0 0 0 0 0 0 0 0 0 0 0 0 0 
584 1368 0 0 0 0 0 0 0 0 0 0 0 0 0 0 
600 1368 0 0 0 0 0 0 0 0 0 0 0 0 0 0 
616 1368 0 0 0 0 0 0 0 0 0 0 0 0 0 0 
632 1368 0 0 0 0 0 0 0 0 0 0 0 0 0 0 
648 1368 0 0 0 0 0 0 0 0 0 0 0 0 0 0 
664 1368 0 0 0 0 0 0 0 0 0 0 0 0 0 0 
680 1368 0 0 0 0 0 0 0 0 0 0 0 0 0 0 
696 1368 0 0 0 0 0 0 0 0 0 0 0 0 0 0 
712 1368 0 0 0 0 0 0 0 0 0 0 0 0 0 0 
728 1368 0 0 0 0 0 0 0 0 0 0 0 0 0 0 
744 1368 0 0 0 0 0 0 0 0 0 0 0 0 0 0 
760 1368 0 0 0 0 0 0 0 0 0 0 0 0 0 0 
776 1368 0 0 0 0 0 0 0 0 0 0 0 0 0 0 
792 1368 0 0 0 0 0 0 0 0 0 0 0 0 0 0 
808 1368 0 0 0 0 0 0 0 0 0 0 0 0 0 0 
824 1368 0 0 0 0 0 0 0 0 0 0 0 0 0 0 
840 1368 0 0 0 0 0 0 0 0 0 0 0 0 0 0 
856 1368 0 0 0 0 0 0 0 0 0 0 0 0 0 0 
872 1368 0 0 0 0 0 0 0 0 0 0 0 0 0 0 
888 1368 0 0 0 0 0 0 0 0 0 0 0 0 0 0 
904 1368 0 0 0 0 0 0 0 0 0 0 0 0 0 0 
920 1368 0 0 0 0 0 0 0 0 0 0 0 0 0 0 
936 1368 0 0 0 0 0 0 0 0 0 0 0 0 0 0 
952 1368 0 0 0 0 0 0 0 0 0 0 0 0 0 0 
968 1368 0 0 0 0 0 0 0 0 0 0 0 0 0 0 
984 1368 0 0 0 0 0 0 0 0 0 0 0 0 0 0 
1000 1368 0 0 0 0 0 0 0 0 0 0 0 0 0 0 
1016 1368 0 0 0 0 0 0 0 0 0 0 0 0 0 0 
1032 1368 0 0 0 0 0 0 0 0 0 0 0 0 0 0 
1048 1368 0 0 0 0 0 0 0 0 0 0 0 0 0 0 
1064 1368 0 0 0 0 0 0 0 0 0 0 0 0 0 0 
1080 1368 0 0 0 0 0 0 0 0 0 0 0 0 0 0 
1096 1368 0 0 0 0 0 0 0 0 0 0 0 0 0 0 
1112 1368 0 0 0 0 0 0 0 0 0 0 0 0 0 0 
1128 1368 0 0 0 0 0 0 0 0 0 0 0 0 0 0 
1144 1368 0 0 0 0 0 0 0 0 0 0 0 0 0 0 
1160 1368 0 0 0 0 0 0 0 0 0 0 0 0 0 0 
1176 1368 0 0 0 0 0 0 0 0 0 0 0 0 0 0 
1192 1368 0 0 0 0 0 0 0 0 0 0 0 0 0 0 
1208 1368 0 0 0 0 0 0 0 0 0 0 0 0 0 0 
1224 1368 0 0 0 0 0 0 0 0 0 0 0 0 0 0 
1240 1368 0 0 0 0 0 0 0 0 0 0 0 0 0 0 
1256 1368 0 0 0 0 0 0 0 0 0 0 0 0 0 0 
1272 1368 0 0 0 0 0 0 0 0 0 0 0 0 0 0 
1288 1368 0 0 0 0 0 0 0 0 0 0 0 0 0 0 
1304 1368 0 0 0 0 0 0 0 0 0 0 0 0 0 0 
1320 1368 0 0 0 0 0 0 0 0 0 0 0 0 0 0 
1336 1368 0 0 0 0 0 0 0 0 0 0 0 0 0 0 
1352 1368 0 0 0 0 0 0 0 0 0 0 0 0 0 0 
1368 1368 0 0 0 0 0 0 0 0 0 0 0 0 0 0 
1384 1368 0 0 0 0 0 0 0 0 0 0 0 0 0 0 
1400 1368 0 0 0 0 0 0 0 0 0 0 0 0 0 0 
1416 1368 0 0 0 0 0 0 0 0 0 0 0 0 0 0 
1432 1368 0 0 0 0 0 0 0 0 0 0 0 0 0 0 
1448 1368 0 0 0 0 0 0 0 0 0 0 0 0 0 0 
1464 1368 0 0 0 0 0 0 0 0 0 0 0 0 0 0 
1480 1368 0 0 0 0 0 0 0 0 0 0 0 0 0 0 
1496 1368 0 0 0 0 0 0 0 0 0 0 0 0 0 0 
1512 1368 0 0 0 0 0 0 0 0 0 0 0 0 0 0 
1528 1368 0 0 0 0 0 0 0 0 0 0 0 0 0 0 
1544 1368 0 0 0 0 0 0 0 0 0 0 0 0 0 0 
1560 1368 0 0 0 0 0 0 0 0 0 0 0 0 0 0 
1576 1368 0 0 0 0 0 0 0 0 0 0 0 0 0 0 
1592 1368 0 0 0 0 0 0 0 0 0 0 0 0 0 0 
1608 1368 0 0 0 0 0 0 0 0 0 0 0 0 0 0 
1624 1368 0 0 0 0 0 0 0 0 0 0 0 0 0 0 
1640 1368 0 0 0 0 0 0 0 0 0 0 0 0 0 0 
1656 1368 0 0 0 0 0 0 0 0 0 0 0 0 0 0 
1672 1368 0 0 0 0 0 0 0 0 0 0 0 0 0 0 
1688 1368 0 0 0 0 0 0 0 0 0 0 0 0 0 0 
1704 1368 0 0 0 0 0 0 0 0 0 0 0 0 0 0 
1720 1368 0 0 0 0 0 0 0 0 0 0 0 0 0 0 
1736 1368 0 0 0 0 0 0 0 0 0 0 0 0 0 0 
1752 1368 0 0 0 0 0 0 0 0 0 0 0 0 0 0 
1768 1368 0 0 0 0 0 0 0 0 0 0 0 0 0 0 
1784 1368 0 0 0 0 0 0 0 0 0 0 0 0 0 0 
1800 1368 0 0 0 0 0 0 0 0 0 0 0 0 0 0 
1816 1368 0 0 0 0 0 0 0 0 0 0 0 0 0 0 
1832 1368 0 0 0 0 0 0 0 0 0 0 0 0 0 0 
1848 1368 0 0 0 0 0 0 0 0 0 0 0 0 0 0 
1864 1368 0 0 0 0 0 0 0 0 0 0 0 0 0 0 
1880 1368 0 0 0 0 0 0 0 0 0 0 0 0 0 0 
1896 1368 0 0 0 0 0 0 0 0 0 0 0 0 0 0 
1912 1368 0 0 0 0 0 0 0 0 0 0 0 0 0 0 
1928 1368 0 0 0 0 0 0 0 0 0 0 0 0 0 0 
1944 1368 0 0 0 0 0 0 0 0 0 0 0 0 0 0 
1960 1368 0 0 0 0 0 0 0 0 0 0 0 0 0 0 
1976 1368 0 0 0 0 0 0 0 0 0 0 0 0 0 0 
1992 1368 0 0 0 0 0 0 0 0 0 0 0 0 0 0 
2008 1368 0 0 0 0 0 0 0 0 0 0 0 0 0 0 
2024 1368 0 0 0 0 0 0 0 0 0 0 0 0 0 0 
2040 1368 0 0 0 0 0 0 0 0 0 0 0 0 0 0 
2056 1368 0 0 0 0 0 0 0 0 0 0 0 0 0 0 
2072 1368 0 0 0 0 0 0 0 0 0 0 0 0 0 0 
2088 1368 0 0 0 0 0 0 0 0 0 0 0 0 0 0 
2104 1368 0 0 0 0 0 0 0 0 0 0 0 0 0 0 
2120 1368 0 0 0 0 0 0 0 0 0 0 0 0 0 0 
2136 1368 0 0 0 0 0 0 0 0 0 0 0 0 0 0 
2152 1368 0 0 0 0 0 0 0 0 0 0 0 0 0 0 
2168 1368 0 0 0 0 0 0 0 0 0 0 0 0 0 0 
2184 1368 0 0 0 0 0 0 0 0 0 0 0 0 0 0 
2200 1368 0 0 0 0 0 0 0 0 0 0 0 0 0 0 
2216 1368 0 0 0 0 0 0 0 0 0 0 0 0 0 0 
2232 1368 0 0 0 0 0 0 0 0 0 0 0 0 0 0 
2248 1368 0 0 0 0 0 0 0 0 0 0 0 0 0 0 
2264 1368 0 0 0 0 0 0 0 0 0 0 0 0 0 0 
2280 1368 0 0 0 0 0 0 0 0 0 0 0 0 0 0 
2296 1368 0 0 0 0 0 0 0 0 0 0 0 0 0 0 
2312 1368 0 0 0 0 0 0 0 0 0 0 0 0 0 0 
2328 1368 0 0 0 0 0 0 0 0 0 0 0 0 0 0 
2344 1368 0 0 0 0 0 0 0 0 0 0 0 0 0 0 
2360 1368 0 0 0 0 0 0 0 0 0 0 0 0 0 0 
2376 1368 0 0 0 0 0 0 0 0 0 0 0 0 0 0 
2392 1368 0 0 0 0 0 0 0 0 0 0 0 0 0 0 
2408 1368 0 0 0 0 0 0 0 0 0 0 0 0 0 0 
2424 1368 0 0 0 0 0 0 0 0 0 0 0 0 0 0 
2440 1368 0 0 0 0 0 0 0 0 0 0 0 0 0 0 
2456 1368 0 0 0 0 0 0 0 0 0 0 0 0 0 0 
2472 1368 0 0 0 0 0 0 0 0 0 0 0 0 0 0 
2488 1368 0 0 0 0 0 0 0 0 0 0 0 0 0 0 
2504 1368 0 0 0 0 0 0 0 0 0 0 0 0 0 0 
2520 1368 0 0 0 0 0 0 0 0 0 0 0 0 0 0 
2536 1368 0 0 0 0 0 0 0 0 0 0 0 0 0 0 
24 1384 0 0 0 0 0 0 0 0 0 0 0 0 0 0 
40 1384 0 0 0 0 0 0 0 0 0 0 0 0 0 0 
56 1384 0 0 0 0 0 0 0 0 0 0 0 0 0 0 
72 1384 0 0 0 0 0 0 0 0 0 0 0 0 0 0 
88 1384 0 0 0 0 0 0 0 0 0 0 0 0 0 0 
104 1384 0 0 0 0 0 0 0 0 0 0 0 0 0 0 
120 1384 0 0 0 0 0 0 0 0 0 0 0 0 0 0 
136 1384 0 0 0 0 0 0 0 0 0 0 0 0 0 0 
152 1384 0 0 0 0 0 0 0 0 0 0 0 0 0 0 
168 1384 0 0 0 0 0 0 0 0 0 0 0 0 0 0 
184 1384 0 0 0 0 0 0 0 0 0 0 0 0 0 0 
200 1384 0 0 0 0 0 0 0 0 0 0 0 0 0 0 
216 1384 0 0 0 0 0 0 0 0 0 0 0 0 0 0 
232 1384 0 0 0 0 0 0 0 0 0 0 0 0 0 0 
248 1384 0 0 0 0 0 0 0 0 0 0 0 0 0 0 
264 1384 0 0 0 0 0 0 0 0 0 0 0 0 0 0 
280 1384 0 0 0 0 0 0 0 0 0 0 0 0 0 0 
296 1384 0 0 0 0 0 0 0 0 0 0 0 0 0 0 
312 1384 0 0 0 0 0 0 0 0 0 0 0 0 0 0 
328 1384 0 0 0 0 0 0 0 0 0 0 0 0 0 0 
344 1384 0 0 0 0 0 0 0 0 0 0 0 0 0 0 
360 1384 0 0 0 0 0 0 0 0 0 0 0 0 0 0 
376 1384 0 0 0 0 0 0 0 0 0 0 0 0 0 0 
392 1384 0 0 0 0 0 0 0 0 0 0 0 0 0 0 
408 1384 0 0 0 0 0 0 0 0 0 0 0 0 0 0 
424 1384 0 0 0 0 0 0 0 0 0 0 0 0 0 0 
440 1384 0 0 0 0 0 0 0 0 0 0 0 0 0 0 
456 1384 0 0 0 0 0 0 0 0 0 0 0 0 0 0 
472 1384 0 0 0 0 0 0 0 0 0 0 0 0 0 0 
488 1384 0 0 0 0 0 0 0 0 0 0 0 0 0 0 
504 1384 0 0 0 0 0 0 0 0 0 0 0 0 0 0 
520 1384 0 0 0 0 0 0 0 0 0 0 0 0 0 0 
536 1384 0 0 0 0 0 0 0 0 0 0 0 0 0 0 
552 1384 0 0 0 0 0 0 0 0 0 0 0 0 0 0 
568 1384 0 0 0 0 0 0 0 0 0 0 0 0 0 0 
584 1384 0 0 0 0 0 0 0 0 0 0 0 0 0 0 
600 1384 0 0 0 0 0 0 0 0 0 0 0 0 0 0 
616 1384 0 0 0 0 0 0 0 0 0 0 0 0 0 0 
632 1384 0 0 0 0 0 0 0 0 0 0 0 0 0 0 
648 1384 0 0 0 0 0 0 0 0 0 0 0 0 0 0 
664 1384 0 0 0 0 0 0 0 0 0 0 0 0 0 0 
680 1384 0 0 0 0 0 0 0 0 0 0 0 0 0 0 
696 1384 0 0 0 0 0 0 0 0 0 0 0 0 0 0 
712 1384 0 0 0 0 0 0 0 0 0 0 0 0 0 0 
728 1384 0 0 0 0 0 0 0 0 0 0 0 0 0 0 
744 1384 0 0 0 0 0 0 0 0 0 0 0 0 0 0 
760 1384 0 0 0 0 0 0 0 0 0 0 0 0 0 0 
776 1384 0 0 0 0 0 0 0 0 0 0 0 0 0 0 
792 1384 0 0 0 0 0 0 0 0 0 0 0 0 0 0 
808 1384 0 0 0 0 0 0 0 0 0 0 0 0 0 0 
824 1384 0 0 0 0 0 0 0 0 0 0 0 0 0 0 
840 1384 0 0 0 0 0 0 0 0 0 0 0 0 0 0 
856 1384 0 0 0 0 0 0 0 0 0 0 0 0 0 0 
872 1384 0 0 0 0 0 0 0 0 0 0 0 0 0 0 
888 1384 0 0 0 0 0 0 0 0 0 0 0 0 0 0 
904 1384 0 0 0 0 0 0 0 0 0 0 0 0 0 0 
920 1384 0 0 0 0 0 0 0 0 0 0 0 0 0 0 
936 1384 0 0 0 0 0 0 0 0 0 0 0 0 0 0 
952 1384 0 0 0 0 0 0 0 0 0 0 0 0 0 0 
968 1384 0 0 0 0 0 0 0 0 0 0 0 0 0 0 
984 1384 0 0 0 0 0 0 0 0 0 0 0 0 0 0 
1000 1384 0 0 0 0 0 0 0 0 0 0 0 0 0 0 
1016 1384 0 0 0 0 0 0 0 0 0 0 0 0 0 0 
1032 1384 0 0 0 0 0 0 0 0 0 0 0 0 0 0 
1048 1384 0 0 0 0 0 0 0 0 0 0 0 0 0 0 
1064 1384 0 0 0 0 0 0 0 0 0 0 0 0 0 0 
1080 1384 0 0 0 0 0 0 0 0 0 0 0 0 0 0 
1096 1384 0 0 0 0 0 0 0 0 0 0 0 0 0 0 
1112 1384 0 0 0 0 0 0 0 0 0 0 0 0 0 0 
1128 1384 0 0 0 0 0 0 0 0 0 0 0 0 0 0 
1144 1384 0 0 0 0 0 0 0 0 0 0 0 0 0 0 
1160 1384 0 0 0 0 0 0 0 0 0 0 0 0 0 0 
1176 1384 0 0 0 0 0 0 0 0 0 0 0 0 0 0 
1192 1384 0 0 0 0 0 0 0 0 0 0 0 0 0 0 
1208 1384 0 0 0 0 0 0 0 0 0 0 0 0 0 0 
1224 1384 0 0 0 0 0 0 0 0 0 0 0 0 0 0 
1240 1384 0 0 0 0 0 0 0 0 0 0 0 0 0 0 
1256 1384 0 0 0 0 0 0 0 0 0 0 0 0 0 0 
1272 1384 0 0 0 0 0 0 0 0 0 0 0 0 0 0 
1288 1384 0 0 0 0 0 0 0 0 0 0 0 0 0 0 
1304 1384 0 0 0 0 0 0 0 0 0 0 0 0 0 0 
1320 1384 0 0 0 0 0 0 0 0 0 0 0 0 0 0 
1336 1384 0 0 0 0 0 0 0 0 0 0 0 0 0 0 
1352 1384 0 0 0 0 0 0 0 0 0 0 0 0 0 0 
1368 1384 0 0 0 0 0 0 0 0 0 0 0 0 0 0 
1384 1384 0 0 0 0 0 0 0 0 0 0 0 0 0 0 
1400 1384 0 0 0 0 0 0 0 0 0 0 0 0 0 0 
1416 1384 0 0 0 0 0 0 0 0 0 0 0 0 0 0 
1432 1384 0 0 0 0 0 0 0 0 0 0 0 0 0 0 
1448 1384 0 0 0 0 0 0 0 0 0 0 0 0 0 0 
1464 1384 0 0 0 0 0 0 0 0 0 0 0 0 0 0 
1480 1384 0 0 0 0 0 0 0 0 0 0 0 0 0 0 
1496 1384 0 0 0 0 0 0 0 0 0 0 0 0 0 0 
1512 1384 0 0 0 0 0 0 0 0 0 0 0 0 0 0 
1528 1384 0 0 0 0 0 0 0 0 0 0 0 0 0 0 
1544 1384 0 0 0 0 0 0 0 0 0 0 0 0 0 0 
1560 1384 0 0 0 0 0 0 0 0 0 0 0 0 0 0 
1576 1384 0 0 0 0 0 0 0 0 0 0 0 0 0 0 
1592 1384 0 0 0 0 0 0 0 0 0 0 0 0 0 0 
1608 1384 0 0 0 0 0 0 0 0 0 0 0 0 0 0 
1624 1384 0 0 0 0 0 0 0 0 0 0 0 0 0 0 
1640 1384 0 0 0 0 0 0 0 0 0 0 0 0 0 0 
1656 1384 0 0 0 0 0 0 0 0 0 0 0 0 0 0 
1672 1384 0 0 0 0 0 0 0 0 0 0 0 0 0 0 
1688 1384 0 0 0 0 0 0 0 0 0 0 0 0 0 0 
1704 1384 0 0 0 0 0 0 0 0 0 0 0 0 0 0 
1720 1384 0 0 0 0 0 0 0 0 0 0 0 0 0 0 
1736 1384 0 0 0 0 0 0 0 0 0 0 0 0 0 0 
1752 1384 0 0 0 0 0 0 0 0 0 0 0 0 0 0 
1768 1384 0 0 0 0 0 0 0 0 0 0 0 0 0 0 
1784 1384 0 0 0 0 0 0 0 0 0 0 0 0 0 0 
1800 1384 0 0 0 0 0 0 0 0 0 0 0 0 0 0 
1816 1384 0 0 0 0 0 0 0 0 0 0 0 0 0 0 
1832 1384 0 0 0 0 0 0 0 0 0 0 0 0 0 0 
1848 1384 0 0 0 0 0 0 0 0 0 0 0 0 0 0 
1864 1384 0 0 0 0 0 0 0 0 0 0 0 0 0 0 
1880 1384 0 0 0 0 0 0 0 0 0 0 0 0 0 0 
1896 1384 0 0 0 0 0 0 0 0 0 0 0 0 0 0 
1912 1384 0 0 0 0 0 0 0 0 0 0 0 0 0 0 
1928 1384 0 0 0 0 0 0 0 0 0 0 0 0 0 0 
1944 1384 0 0 0 0 0 0 0 0 0 0 0 0 0 0 
1960 1384 0 0 0 0 0 0 0 0 0 0 0 0 0 0 
1976 1384 0 0 0 0 0 0 0 0 0 0 0 0 0 0 
1992 1384 0 0 0 0 0 0 0 0 0 0 0 0 0 0 
2008 1384 0 0 0 0 0 0 0 0 0 0 0 0 0 0 
2024 1384 0 0 0 0 0 0 0 0 0 0 0 0 0 0 
2040 1384 0 0 0 0 0 0 0 0 0 0 0 0 0 0 
2056 1384 0 0 0 0 0 0 0 0 0 0 0 0 0 0 
2072 1384 0 0 0 0 0 0 0 0 0 0 0 0 0 0 
2088 1384 0 0 0 0 0 0 0 0 0 0 0 0 0 0 
2104 1384 0 0 0 0 0 0 0 0 0 0 0 0 0 0 
2120 1384 0 0 0 0 0 0 0 0 0 0 0 0 0 0 
2136 1384 0 0 0 0 0 0 0 0 0 0 0 0 0 0 
2152 1384 0 0 0 0 0 0 0 0 0 0 0 0 0 0 
2168 1384 0 0 0 0 0 0 0 0 0 0 0 0 0 0 
2184 1384 0 0 0 0 0 0 0 0 0 0 0 0 0 0 
2200 1384 0 0 0 0 0 0 0 0 0 0 0 0 0 0 
2216 1384 0 0 0 0 0 0 0 0 0 0 0 0 0 0 
2232 1384 0 0 0 0 0 0 0 0 0 0 0 0 0 0 
2248 1384 0 0 0 0 0 0 0 0 0 0 0 0 0 0 
2264 1384 0 0 0 0 0 0 0 0 0 0 0 0 0 0 
2280 1384 0 0 0 0 0 0 0 0 0 0 0 0 0 0 
2296 1384 0 0 0 0 0 0 0 0 0 0 0 0 0 0 
2312 1384 0 0 0 0 0 0 0 0 0 0 0 0 0 0 
2328 1384 0 0 0 0 0 0 0 0 0 0 0 0 0 0 
2344 1384 0 0 0 0 0 0 0 0 0 0 0 0 0 0 
2360 1384 0 0 0 0 0 0 0 0 0 0 0 0 0 0 
2376 1384 0 0 0 0 0 0 0 0 0 0 0 0 0 0 
2392 1384 0 0 0 0 0 0 0 0 0 0 0 0 0 0 
2408 1384 0 0 0 0 0 0 0 0 0 0 0 0 0 0 
2424 1384 0 0 0 0 0 0 0 0 0 0 0 0 0 0 
2440 1384 0 0 0 0 0 0 0 0 0 0 0 0 0 0 
2456 1384 0 0 0 0 0 0 0 0 0 0 0 0 0 0 
2472 1384 0 0 0 0 0 0 0 0 0 0 0 0 0 0 
2488 1384 0 0 0 0 0 0 0 0 0 0 0 0 0 0 
2504 1384 0 0 0 0 0 0 0 0 0 0 0 0 0 0 
2520 1384 0 0 0 0 0 0 0 0 0 0 0 0 0 0 
2536 1384 0 0 0 0 0 0 0 0 0 0 0 0 0 0 
24 1400 0 0 0 0 0 0 0 0 0 0 0 0 0 0 
40 1400 0 0 0 0 0 0 0 0 0 0 0 0 0 0 
56 1400 0 0 0 0 0 0 0 0 0 0 0 0 0 0 
72 1400 0 0 0 0 0 0 0 0 0 0 0 0 0 0 
88 1400 0 0 0 0 0 0 0 0 0 0 0 0 0 0 
104 1400 0 0 0 0 0 0 0 0 0 0 0 0 0 0 
120 1400 0 0 0 0 0 0 0 0 0 0 0 0 0 0 
136 1400 0 0 0 0 0 0 0 0 0 0 0 0 0 0 
152 1400 0 0 0 0 0 0 0 0 0 0 0 0 0 0 
168 1400 0 0 0 0 0 0 0 0 0 0 0 0 0 0 
184 1400 0 0 0 0 0 0 0 0 0 0 0 0 0 0 
200 1400 0 0 0 0 0 0 0 0 0 0 0 0 0 0 
216 1400 0 0 0 0 0 0 0 0 0 0 0 0 0 0 
232 1400 0 0 0 0 0 0 0 0 0 0 0 0 0 0 
248 1400 0 0 0 0 0 0 0 0 0 0 0 0 0 0 
264 1400 0 0 0 0 0 0 0 0 0 0 0 0 0 0 
280 1400 0 0 0 0 0 0 0 0 0 0 0 0 0 0 
296 1400 0 0 0 0 0 0 0 0 0 0 0 0 0 0 
312 1400 0 0 0 0 0 0 0 0 0 0 0 0 0 0 
328 1400 0 0 0 0 0 0 0 0 0 0 0 0 0 0 
344 1400 0 0 0 0 0 0 0 0 0 0 0 0 0 0 
360 1400 0 0 0 0 0 0 0 0 0 0 0 0 0 0 
376 1400 0 0 0 0 0 0 0 0 0 0 0 0 0 0 
392 1400 0 0 0 0 0 0 0 0 0 0 0 0 0 0 
408 1400 0 0 0 0 0 0 0 0 0 0 0 0 0 0 
424 1400 0 0 0 0 0 0 0 0 0 0 0 0 0 0 
440 1400 0 0 0 0 0 0 0 0 0 0 0 0 0 0 
456 1400 0 0 0 0 0 0 0 0 0 0 0 0 0 0 
472 1400 0 0 0 0 0 0 0 0 0 0 0 0 0 0 
488 1400 0 0 0 0 0 0 0 0 0 0 0 0 0 0 
504 1400 0 0 0 0 0 0 0 0 0 0 0 0 0 0 
520 1400 0 0 0 0 0 0 0 0 0 0 0 0 0 0 
536 1400 0 0 0 0 0 0 0 0 0 0 0 0 0 0 
552 1400 0 0 0 0 0 0 0 0 0 0 0 0 0 0 
568 1400 0 0 0 0 0 0 0 0 0 0 0 0 0 0 
584 1400 0 0 0 0 0 0 0 0 0 0 0 0 0 0 
600 1400 0 0 0 0 0 0 0 0 0 0 0 0 0 0 
616 1400 0 0 0 0 0 0 0 0 0 0 0 0 0 0 
632 1400 0 0 0 0 0 0 0 0 0 0 0 0 0 0 
648 1400 0 0 0 0 0 0 0 0 0 0 0 0 0 0 
664 1400 0 0 0 0 0 0 0 0 0 0 0 0 0 0 
680 1400 0 0 0 0 0 0 0 0 0 0 0 0 0 0 
696 1400 0 0 0 0 0 0 0 0 0 0 0 0 0 0 
712 1400 0 0 0 0 0 0 0 0 0 0 0 0 0 0 
728 1400 0 0 0 0 0 0 0 0 0 0 0 0 0 0 
744 1400 0 0 0 0 0 0 0 0 0 0 0 0 0 0 
760 1400 0 0 0 0 0 0 0 0 0 0 0 0 0 0 
776 1400 0 0 0 0 0 0 0 0 0 0 0 0 0 0 
792 1400 0 0 0 0 0 0 0 0 0 0 0 0 0 0 
808 1400 0 0 0 0 0 0 0 0 0 0 0 0 0 0 
824 1400 0 0 0 0 0 0 0 0 0 0 0 0 0 0 
840 1400 0 0 0 0 0 0 0 0 0 0 0 0 0 0 
856 1400 0 0 0 0 0 0 0 0 0 0 0 0 0 0 
872 1400 0 0 0 0 0 0 0 0 0 0 0 0 0 0 
888 1400 0 0 0 0 0 0 0 0 0 0 0 0 0 0 
904 1400 0 0 0 0 0 0 0 0 0 0 0 0 0 0 
920 1400 0 0 0 0 0 0 0 0 0 0 0 0 0 0 
936 1400 0 0 0 0 0 0 0 0 0 0 0 0 0 0 
952 1400 0 0 0 0 0 0 0 0 0 0 0 0 0 0 
968 1400 0 0 0 0 0 0 0 0 0 0 0 0 0 0 
984 1400 0 0 0 0 0 0 0 0 0 0 0 0 0 0 
1000 1400 0 0 0 0 0 0 0 0 0 0 0 0 0 0 
1016 1400 0 0 0 0 0 0 0 0 0 0 0 0 0 0 
1032 1400 0 0 0 0 0 0 0 0 0 0 0 0 0 0 
1048 1400 0 0 0 0 0 0 0 0 0 0 0 0 0 0 
1064 1400 0 0 0 0 0 0 0 0 0 0 0 0 0 0 
1080 1400 0 0 0 0 0 0 0 0 0 0 0 0 0 0 
1096 1400 0 0 0 0 0 0 0 0 0 0 0 0 0 0 
1112 1400 0 0 0 0 0 0 0 0 0 0 0 0 0 0 
1128 1400 0 0 0 0 0 0 0 0 0 0 0 0 0 0 
1144 1400 0 0 0 0 0 0 0 0 0 0 0 0 0 0 
1160 1400 0 0 0 0 0 0 0 0 0 0 0 0 0 0 
1176 1400 0 0 0 0 0 0 0 0 0 0 0 0 0 0 
1192 1400 0 0 0 0 0 0 0 0 0 0 0 0 0 0 
1208 1400 0 0 0 0 0 0 0 0 0 0 0 0 0 0 
1224 1400 0 0 0 0 0 0 0 0 0 0 0 0 0 0 
1240 1400 0 0 0 0 0 0 0 0 0 0 0 0 0 0 
1256 1400 0 0 0 0 0 0 0 0 0 0 0 0 0 0 
1272 1400 0 0 0 0 0 0 0 0 0 0 0 0 0 0 
1288 1400 0 0 0 0 0 0 0 0 0 0 0 0 0 0 
1304 1400 0 0 0 0 0 0 0 0 0 0 0 0 0 0 
1320 1400 0 0 0 0 0 0 0 0 0 0 0 0 0 0 
1336 1400 0 0 0 0 0 0 0 0 0 0 0 0 0 0 
1352 1400 0 0 0 0 0 0 0 0 0 0 0 0 0 0 
1368 1400 0 0 0 0 0 0 0 0 0 0 0 0 0 0 
1384 1400 0 0 0 0 0 0 0 0 0 0 0 0 0 0 
1400 1400 0 0 0 0 0 0 0 0 0 0 0 0 0 0 
1416 1400 0 0 0 0 0 0 0 0 0 0 0 0 0 0 
1432 1400 0 0 0 0 0 0 0 0 0 0 0 0 0 0 
1448 1400 0 0 0 0 0 0 0 0 0 0 0 0 0 0 
1464 1400 0 0 0 0 0 0 0 0 0 0 0 0 0 0 
1480 1400 0 0 0 0 0 0 0 0 0 0 0 0 0 0 
1496 1400 0 0 0 0 0 0 0 0 0 0 0 0 0 0 
1512 1400 0 0 0 0 0 0 0 0 0 0 0 0 0 0 
1528 1400 0 0 0 0 0 0 0 0 0 0 0 0 0 0 
1544 1400 0 0 0 0 0 0 0 0 0 0 0 0 0 0 
1560 1400 0 0 0 0 0 0 0 0 0 0 0 0 0 0 
1576 1400 0 0 0 0 0 0 0 0 0 0 0 0 0 0 
1592 1400 0 0 0 0 0 0 0 0 0 0 0 0 0 0 
1608 1400 0 0 0 0 0 0 0 0 0 0 0 0 0 0 
1624 1400 0 0 0 0 0 0 0 0 0 0 0 0 0 0 
1640 1400 0 0 0 0 0 0 0 0 0 0 0 0 0 0 
1656 1400 0 0 0 0 0 0 0 0 0 0 0 0 0 0 
1672 1400 0 0 0 0 0 0 0 0 0 0 0 0 0 0 
1688 1400 0 0 0 0 0 0 0 0 0 0 0 0 0 0 
1704 1400 0 0 0 0 0 0 0 0 0 0 0 0 0 0 
1720 1400 0 0 0 0 0 0 0 0 0 0 0 0 0 0 
1736 1400 0 0 0 0 0 0 0 0 0 0 0 0 0 0 
1752 1400 0 0 0 0 0 0 0 0 0 0 0 0 0 0 
1768 1400 0 0 0 0 0 0 0 0 0 0 0 0 0 0 
1784 1400 0 0 0 0 0 0 0 0 0 0 0 0 0 0 
1800 1400 0 0 0 0 0 0 0 0 0 0 0 0 0 0 
1816 1400 0 0 0 0 0 0 0 0 0 0 0 0 0 0 
1832 1400 0 0 0 0 0 0 0 0 0 0 0 0 0 0 
1848 1400 0 0 0 0 0 0 0 0 0 0 0 0 0 0 
1864 1400 0 0 0 0 0 0 0 0 0 0 0 0 0 0 
1880 1400 0 0 0 0 0 0 0 0 0 0 0 0 0 0 
1896 1400 0 0 0 0 0 0 0 0 0 0 0 0 0 0 
1912 1400 0 0 0 0 0 0 0 0 0 0 0 0 0 0 
1928 1400 0 0 0 0 0 0 0 0 0 0 0 0 0 0 
1944 1400 0 0 0 0 0 0 0 0 0 0 0 0 0 0 
1960 1400 0 0 0 0 0 0 0 0 0 0 0 0 0 0 
1976 1400 0 0 0 0 0 0 0 0 0 0 0 0 0 0 
1992 1400 0 0 0 0 0 0 0 0 0 0 0 0 0 0 
2008 1400 0 0 0 0 0 0 0 0 0 0 0 0 0 0 
2024 1400 0 0 0 0 0 0 0 0 0 0 0 0 0 0 
2040 1400 0 0 0 0 0 0 0 0 0 0 0 0 0 0 
2056 1400 0 0 0 0 0 0 0 0 0 0 0 0 0 0 
2072 1400 0 0 0 0 0 0 0 0 0 0 0 0 0 0 
2088 1400 0 0 0 0 0 0 0 0 0 0 0 0 0 0 
2104 1400 0 0 0 0 0 0 0 0 0 0 0 0 0 0 
2120 1400 0 0 0 0 0 0 0 0 0 0 0 0 0 0 
2136 1400 0 0 0 0 0 0 0 0 0 0 0 0 0 0 
2152 1400 0 0 0 0 0 0 0 0 0 0 0 0 0 0 
2168 1400 0 0 0 0 0 0 0 0 0 0 0 0 0 0 
2184 1400 0 0 0 0 0 0 0 0 0 0 0 0 0 0 
2200 1400 0 0 0 0 0 0 0 0 0 0 0 0 0 0 
2216 1400 0 0 0 0 0 0 0 0 0 0 0 0 0 0 
2232 1400 0 0 0 0 0 0 0 0 0 0 0 0 0 0 
2248 1400 0 0 0 0 0 0 0 0 0 0 0 0 0 0 
2264 1400 0 0 0 0 0 0 0 0 0 0 0 0 0 0 
2280 1400 0 0 0 0 0 0 0 0 0 0 0 0 0 0 
2296 1400 0 0 0 0 0 0 0 0 0 0 0 0 0 0 
2312 1400 0 0 0 0 0 0 0 0 0 0 0 0 0 0 
2328 1400 0 0 0 0 0 0 0 0 0 0 0 0 0 0 
2344 1400 0 0 0 0 0 0 0 0 0 0 0 0 0 0 
2360 1400 0 0 0 0 0 0 0 0 0 0 0 0 0 0 
2376 1400 0 0 0 0 0 0 0 0 0 0 0 0 0 0 
2392 1400 0 0 0 0 0 0 0 0 0 0 0 0 0 0 
2408 1400 0 0 0 0 0 0 0 0 0 0 0 0 0 0 
2424 1400 0 0 0 0 0 0 0 0 0 0 0 0 0 0 
2440 1400 0 0 0 0 0 0 0 0 0 0 0 0 0 0 
2456 1400 0 0 0 0 0 0 0 0 0 0 0 0 0 0 
2472 1400 0 0 0 0 0 0 0 0 0 0 0 0 0 0 
2488 1400 0 0 0 0 0 0 0 0 0 0 0 0 0 0 
2504 1400 0 0 0 0 0 0 0 0 0 0 0 0 0 0 
2520 1400 0 0 0 0 0 0 0 0 0 0 0 0 0 0 
2536 1400 0 0 0 0 0 0 0 0 0 0 0 0 0 0 
24 1416 0 0 0 0 0 0 0 0 0 0 0 0 0 0 
40 1416 0 0 0 0 0 0 0 0 0 0 0 0 0 0 
56 1416 0 0 0 0 0 0 0 0 0 0 0 0 0 0 
72 1416 0 0 0 0 0 0 0 0 0 0 0 0 0 0 
88 1416 0 0 0 0 0 0 0 0 0 0 0 0 0 0 
104 1416 0 0 0 0 0 0 0 0 0 0 0 0 0 0 
120 1416 0 0 0 0 0 0 0 0 0 0 0 0 0 0 
136 1416 0 0 0 0 0 0 0 0 0 0 0 0 0 0 
152 1416 0 0 0 0 0 0 0 0 0 0 0 0 0 0 
168 1416 0 0 0 0 0 0 0 0 0 0 0 0 0 0 
184 1416 0 0 0 0 0 0 0 0 0 0 0 0 0 0 
200 1416 0 0 0 0 0 0 0 0 0 0 0 0 0 0 
216 1416 0 0 0 0 0 0 0 0 0 0 0 0 0 0 
232 1416 0 0 0 0 0 0 0 0 0 0 0 0 0 0 
248 1416 0 0 0 0 0 0 0 0 0 0 0 0 0 0 
264 1416 0 0 0 0 0 0 0 0 0 0 0 0 0 0 
280 1416 0 0 0 0 0 0 0 0 0 0 0 0 0 0 
296 1416 0 0 0 0 0 0 0 0 0 0 0 0 0 0 
312 1416 0 0 0 0 0 0 0 0 0 0 0 0 0 0 
328 1416 0 0 0 0 0 0 0 0 0 0 0 0 0 0 
344 1416 0 0 0 0 0 0 0 0 0 0 0 0 0 0 
360 1416 0 0 0 0 0 0 0 0 0 0 0 0 0 0 
376 1416 0 0 0 0 0 0 0 0 0 0 0 0 0 0 
392 1416 0 0 0 0 0 0 0 0 0 0 0 0 0 0 
408 1416 0 0 0 0 0 0 0 0 0 0 0 0 0 0 
424 1416 0 0 0 0 0 0 0 0 0 0 0 0 0 0 
440 1416 0 0 0 0 0 0 0 0 0 0 0 0 0 0 
456 1416 0 0 0 0 0 0 0 0 0 0 0 0 0 0 
472 1416 0 0 0 0 0 0 0 0 0 0 0 0 0 0 
488 1416 0 0 0 0 0 0 0 0 0 0 0 0 0 0 
504 1416 0 0 0 0 0 0 0 0 0 0 0 0 0 0 
520 1416 0 0 0 0 0 0 0 0 0 0 0 0 0 0 
536 1416 0 0 0 0 0 0 0 0 0 0 0 0 0 0 
552 1416 0 0 0 0 0 0 0 0 0 0 0 0 0 0 
568 1416 0 0 0 0 0 0 0 0 0 0 0 0 0 0 
584 1416 0 0 0 0 0 0 0 0 0 0 0 0 0 0 
600 1416 0 0 0 0 0 0 0 0 0 0 0 0 0 0 
616 1416 0 0 0 0 0 0 0 0 0 0 0 0 0 0 
632 1416 0 0 0 0 0 0 0 0 0 0 0 0 0 0 
648 1416 0 0 0 0 0 0 0 0 0 0 0 0 0 0 
664 1416 0 0 0 0 0 0 0 0 0 0 0 0 0 0 
680 1416 0 0 0 0 0 0 0 0 0 0 0 0 0 0 
696 1416 0 0 0 0 0 0 0 0 0 0 0 0 0 0 
712 1416 0 0 0 0 0 0 0 0 0 0 0 0 0 0 
728 1416 0 0 0 0 0 0 0 0 0 0 0 0 0 0 
744 1416 0 0 0 0 0 0 0 0 0 0 0 0 0 0 
760 1416 0 0 0 0 0 0 0 0 0 0 0 0 0 0 
776 1416 0 0 0 0 0 0 0 0 0 0 0 0 0 0 
792 1416 0 0 0 0 0 0 0 0 0 0 0 0 0 0 
808 1416 0 0 0 0 0 0 0 0 0 0 0 0 0 0 
824 1416 0 0 0 0 0 0 0 0 0 0 0 0 0 0 
840 1416 0 0 0 0 0 0 0 0 0 0 0 0 0 0 
856 1416 0 0 0 0 0 0 0 0 0 0 0 0 0 0 
872 1416 0 0 0 0 0 0 0 0 0 0 0 0 0 0 
888 1416 0 0 0 0 0 0 0 0 0 0 0 0 0 0 
904 1416 0 0 0 0 0 0 0 0 0 0 0 0 0 0 
920 1416 0 0 0 0 0 0 0 0 0 0 0 0 0 0 
936 1416 0 0 0 0 0 0 0 0 0 0 0 0 0 0 
952 1416 0 0 0 0 0 0 0 0 0 0 0 0 0 0 
968 1416 0 0 0 0 0 0 0 0 0 0 0 0 0 0 
984 1416 0 0 0 0 0 0 0 0 0 0 0 0 0 0 
1000 1416 0 0 0 0 0 0 0 0 0 0 0 0 0 0 
1016 1416 0 0 0 0 0 0 0 0 0 0 0 0 0 0 
1032 1416 0 0 0 0 0 0 0 0 0 0 0 0 0 0 
1048 1416 0 0 0 0 0 0 0 0 0 0 0 0 0 0 
1064 1416 0 0 0 0 0 0 0 0 0 0 0 0 0 0 
1080 1416 0 0 0 0 0 0 0 0 0 0 0 0 0 0 
1096 1416 0 0 0 0 0 0 0 0 0 0 0 0 0 0 
1112 1416 0 0 0 0 0 0 0 0 0 0 0 0 0 0 
1128 1416 0 0 0 0 0 0 0 0 0 0 0 0 0 0 
1144 1416 0 0 0 0 0 0 0 0 0 0 0 0 0 0 
1160 1416 0 0 0 0 0 0 0 0 0 0 0 0 0 0 
1176 1416 0 0 0 0 0 0 0 0 0 0 0 0 0 0 
1192 1416 0 0 0 0 0 0 0 0 0 0 0 0 0 0 
1208 1416 0 0 0 0 0 0 0 0 0 0 0 0 0 0 
1224 1416 0 0 0 0 0 0 0 0 0 0 0 0 0 0 
1240 1416 0 0 0 0 0 0 0 0 0 0 0 0 0 0 
1256 1416 0 0 0 0 0 0 0 0 0 0 0 0 0 0 
1272 1416 0 0 0 0 0 0 0 0 0 0 0 0 0 0 
1288 1416 0 0 0 0 0 0 0 0 0 0 0 0 0 0 
1304 1416 0 0 0 0 0 0 0 0 0 0 0 0 0 0 
1320 1416 0 0 0 0 0 0 0 0 0 0 0 0 0 0 
1336 1416 0 0 0 0 0 0 0 0 0 0 0 0 0 0 
1352 1416 0 0 0 0 0 0 0 0 0 0 0 0 0 0 
1368 1416 0 0 0 0 0 0 0 0 0 0 0 0 0 0 
1384 1416 0 0 0 0 0 0 0 0 0 0 0 0 0 0 
1400 1416 0 0 0 0 0 0 0 0 0 0 0 0 0 0 
1416 1416 0 0 0 0 0 0 0 0 0 0 0 0 0 0 
1432 1416 0 0 0 0 0 0 0 0 0 0 0 0 0 0 
1448 1416 0 0 0 0 0 0 0 0 0 0 0 0 0 0 
1464 1416 0 0 0 0 0 0 0 0 0 0 0 0 0 0 
1480 1416 0 0 0 0 0 0 0 0 0 0 0 0 0 0 
1496 1416 0 0 0 0 0 0 0 0 0 0 0 0 0 0 
1512 1416 0 0 0 0 0 0 0 0 0 0 0 0 0 0 
1528 1416 0 0 0 0 0 0 0 0 0 0 0 0 0 0 
1544 1416 0 0 0 0 0 0 0 0 0 0 0 0 0 0 
1560 1416 0 0 0 0 0 0 0 0 0 0 0 0 0 0 
1576 1416 0 0 0 0 0 0 0 0 0 0 0 0 0 0 
1592 1416 0 0 0 0 0 0 0 0 0 0 0 0 0 0 
1608 1416 0 0 0 0 0 0 0 0 0 0 0 0 0 0 
1624 1416 0 0 0 0 0 0 0 0 0 0 0 0 0 0 
1640 1416 0 0 0 0 0 0 0 0 0 0 0 0 0 0 
1656 1416 0 0 0 0 0 0 0 0 0 0 0 0 0 0 
1672 1416 0 0 0 0 0 0 0 0 0 0 0 0 0 0 
1688 1416 0 0 0 0 0 0 0 0 0 0 0 0 0 0 
1704 1416 0 0 0 0 0 0 0 0 0 0 0 0 0 0 
1720 1416 0 0 0 0 0 0 0 0 0 0 0 0 0 0 
1736 1416 0 0 0 0 0 0 0 0 0 0 0 0 0 0 
1752 1416 0 0 0 0 0 0 0 0 0 0 0 0 0 0 
1768 1416 0 0 0 0 0 0 0 0 0 0 0 0 0 0 
1784 1416 0 0 0 0 0 0 0 0 0 0 0 0 0 0 
1800 1416 0 0 0 0 0 0 0 0 0 0 0 0 0 0 
1816 1416 0 0 0 0 0 0 0 0 0 0 0 0 0 0 
1832 1416 0 0 0 0 0 0 0 0 0 0 0 0 0 0 
1848 1416 0 0 0 0 0 0 0 0 0 0 0 0 0 0 
1864 1416 0 0 0 0 0 0 0 0 0 0 0 0 0 0 
1880 1416 0 0 0 0 0 0 0 0 0 0 0 0 0 0 
1896 1416 0 0 0 0 0 0 0 0 0 0 0 0 0 0 
1912 1416 0 0 0 0 0 0 0 0 0 0 0 0 0 0 
1928 1416 0 0 0 0 0 0 0 0 0 0 0 0 0 0 
1944 1416 0 0 0 0 0 0 0 0 0 0 0 0 0 0 
1960 1416 0 0 0 0 0 0 0 0 0 0 0 0 0 0 
1976 1416 0 0 0 0 0 0 0 0 0 0 0 0 0 0 
1992 1416 0 0 0 0 0 0 0 0 0 0 0 0 0 0 
2008 1416 0 0 0 0 0 0 0 0 0 0 0 0 0 0 
2024 1416 0 0 0 0 0 0 0 0 0 0 0 0 0 0 
2040 1416 0 0 0 0 0 0 0 0 0 0 0 0 0 0 
2056 1416 0 0 0 0 0 0 0 0 0 0 0 0 0 0 
2072 1416 0 0 0 0 0 0 0 0 0 0 0 0 0 0 
2088 1416 0 0 0 0 0 0 0 0 0 0 0 0 0 0 
2104 1416 0 0 0 0 0 0 0 0 0 0 0 0 0 0 
2120 1416 0 0 0 0 0 0 0 0 0 0 0 0 0 0 
2136 1416 0 0 0 0 0 0 0 0 0 0 0 0 0 0 
2152 1416 0 0 0 0 0 0 0 0 0 0 0 0 0 0 
2168 1416 0 0 0 0 0 0 0 0 0 0 0 0 0 0 
2184 1416 0 0 0 0 0 0 0 0 0 0 0 0 0 0 
2200 1416 0 0 0 0 0 0 0 0 0 0 0 0 0 0 
2216 1416 0 0 0 0 0 0 0 0 0 0 0 0 0 0 
2232 1416 0 0 0 0 0 0 0 0 0 0 0 0 0 0 
2248 1416 0 0 0 0 0 0 0 0 0 0 0 0 0 0 
2264 1416 0 0 0 0 0 0 0 0 0 0 0 0 0 0 
2280 1416 0 0 0 0 0 0 0 0 0 0 0 0 0 0 
2296 1416 0 0 0 0 0 0 0 0 0 0 0 0 0 0 
2312 1416 0 0 0 0 0 0 0 0 0 0 0 0 0 0 
2328 1416 0 0 0 0 0 0 0 0 0 0 0 0 0 0 
2344 1416 0 0 0 0 0 0 0 0 0 0 0 0 0 0 
2360 1416 0 0 0 0 0 0 0 0 0 0 0 0 0 0 
2376 1416 0 0 0 0 0 0 0 0 0 0 0 0 0 0 
2392 1416 0 0 0 0 0 0 0 0 0 0 0 0 0 0 
2408 1416 0 0 0 0 0 0 0 0 0 0 0 0 0 0 
2424 1416 0 0 0 0 0 0 0 0 0 0 0 0 0 0 
2440 1416 0 0 0 0 0 0 0 0 0 0 0 0 0 0 
2456 1416 0 0 0 0 0 0 0 0 0 0 0 0 0 0 
2472 1416 0 0 0 0 0 0 0 0 0 0 0 0 0 0 
2488 1416 0 0 0 0 0 0 0 0 0 0 0 0 0 0 
2504 1416 0 0 0 0 0 0 0 0 0 0 0 0 0 0 
2520 1416 0 0 0 0 0 0 0 0 0 0 0 0 0 0 
2536 1416 0 0 0 0 0 0 0 0 0 0 0 0 0 0 
