48 48 0 0 0 0 0 0 0 0 0 0 0 0 0 0 
80 48 0 0 0 0 0 0 0 0 0 0 0 0 0 0 
112 48 0 0 0 0 0 0 0 0 0 0 0 0 0 0 
144 48 0 0 0 0 0 0 0 0 0 0 0 0 0 0 
176 48 0 0 0 0 0 0 0 0 0 0 0 0 0 0 
208 48 0 0 0 0 0 0 0 0 0 0 0 0 0 0 
240 48 0 0 0 0 0 0 0 0 0 0 0 0 0 0 
272 48 0 0 0 0 0 0 0 0 0 0 0 0 0 0 
304 48 0 0 0 0 0 0 0 0 0 0 0 0 0 0 
336 48 0 0 0 0 0 0 0 0 0 0 0 0 0 0 
368 48 0 0 0 0 0 0 0 0 0 0 0 0 0 0 
400 48 0 0 0 0 0 0 0 0 0 0 0 0 0 0 
432 48 0 0 0 0 0 0 0 0 0 0 0 0 0 0 
464 48 0 0 0 0 0 0 0 0 0 0 0 0 0 0 
496 48 0 0 0 0 0 0 0 0 0 0 0 0 0 0 
528 48 0 0 0 0 0 0 0 0 0 0 0 0 0 0 
560 48 0 0 0 0 0 0 0 0 0 0 0 0 0 0 
592 48 0 0 0 0 0 0 0 0 0 0 0 0 0 0 
624 48 0 0 0 0 0 0 0 0 0 0 0 0 0 0 
656 48 0 0 0 0 0 0 0 0 0 0 0 0 0 0 
688 48 0 0 0 0 0 0 0 0 0 0 0 0 0 0 
720 48 0 0 0 0 0 0 0 0 0 0 0 0 0 0 
752 48 0 0 0 0 0 0 0 0 0 0 0 0 0 0 
784 48 0 0 0 0 0 0 0 0 0 0 0 0 0 0 
816 48 0 0 0 0 0 0 0 0 0 0 0 0 0 0 
848 48 0 0 0 0 0 0 0 0 0 0 0 0 0 0 
880 48 0 0 0 0 0 0 0 0 0 0 0 0 0 0 
912 48 0 0 0 0 0 0 0 0 0 0 0 0 0 0 
944 48 0 0 0 0 0 0 0 0 0 0 0 0 0 0 
976 48 0 0 0 0 0 0 0 0 0 0 0 0 0 0 
1008 48 0 0 0 0 0 0 0 0 0 0 0 0 0 0 
1040 48 0 0 0 0 0 0 0 0 0 0 0 0 0 0 
1072 48 0 0 0 0 0 0 0 0 0 0 0 0 0 0 
1104 48 0 0 0 0 0 0 0 0 0 0 0 0 0 0 
1136 48 0 0 0 0 0 0 0 0 0 0 0 0 0 0 
1168 48 0 0 0 0 0 0 0 0 0 0 0 0 0 0 
1200 48 0 0 0 0 0 0 0 0 0 0 0 0 0 0 
1232 48 0 0 0 0 0 0 0 0 0 0 0 0 0 0 
1264 48 0 0 0 0 0 0 0 0 0 0 0 0 0 0 
1296 48 0 0 0 0 0 0 0 0 0 0 0 0 0 0 
1328 48 0 0 0 0 0 0 0 0 0 0 0 0 0 0 
1360 48 0 0 0 0 0 0 0 0 0 0 0 0 0 0 
1392 48 0 0 0 0 0 0 0 0 0 0 0 0 0 0 
1424 48 0 0 0 0 0 0 0 0 0 0 0 0 0 0 
1456 48 0 0 0 0 0 0 0 0 0 0 0 0 0 0 
1488 48 0 0 0 0 0 0 0 0 0 0 0 0 0 0 
1520 48 0 0 0 0 0 0 0 0 0 0 0 0 0 0 
1552 48 0 0 0 0 0 0 0 0 0 0 0 0 0 0 
1584 48 0 0 0 0 0 0 0 0 0 0 0 0 0 0 
1616 48 0 0 0 0 0 0 0 0 0 0 0 0 0 0 
1648 48 0 0 0 0 0 0 0 0 0 0 0 0 0 0 
1680 48 0 0 0 0 0 0 0 0 0 0 0 0 0 0 
1712 48 0 0 0 0 0 0 0 0 0 0 0 0 0 0 
1744 48 0 0 0 0 0 0 0 0 0 0 0 0 0 0 
1776 48 0 0 0 0 0 0 0 0 0 0 0 0 0 0 
1808 48 0 0 0 0 0 0 0 0 0 0 0 0 0 0 
1840 48 0 0 0 0 0 0 0 0 0 0 0 0 0 0 
1872 48 0 0 0 0 0 0 0 0 0 0 0 0 0 0 
1904 48 0 0 0 0 0 0 0 0 0 0 0 0 0 0 
1936 48 0 0 0 0 0 0 0 0 0 0 0 0 0 0 
1968 48 0 0 0 0 0 0 0 0 0 0 0 0 0 0 
2000 48 0 0 0 0 0 0 0 0 0 0 0 0 0 0 
2032 48 0 0 0 0 0 0 0 0 0 0 0 0 0 0 
2064 48 0 0 0 0 0 0 0 0 0 0 0 0 0 0 
2096 48 0 0 0 0 0 0 0 0 0 0 0 0 0 0 
2128 48 0 0 0 0 0 0 0 0 0 0 0 0 0 0 
2160 48 0 0 0 0 0 0 0 0 0 0 0 0 0 0 
2192 48 0 0 0 0 0 0 0 0 0 0 0 0 0 0 
2224 48 0 0 0 0 0 0 0 0 0 0 0 0 0 0 
2256 48 0 0 0 0 0 0 0 0 0 0 0 0 0 0 
2288 48 0 0 0 0 0 0 0 0 0 0 0 0 0 0 
2320 48 0 0 0 0 0 0 0 0 0 0 0 0 0 0 
2352 48 0 0 0 0 0 0 0 0 0 0 0 0 0 0 
2384 48 0 0 0 0 0 0 0 0 0 0 0 0 0 0 
2416 48 0 0 0 0 0 0 0 0 0 0 0 0 0 0 
2448 48 0 0 0 0 0 0 0 0 0 0 0 0 0 0 
2480 48 0 0 0 0 0 0 0 0 0 0 0 0 0 0 
2512 48 0 0 0 0 0 0 0 0 0 0 0 0 0 0 
48 80 0 0 0 0 0 0 0 0 0 0 0 0 0 0 
80 80 0 0 0 0 0 0 0 0 0 0 0 0 0 0 
112 80 0 0 0 0 0 0 0 0 0 0 0 0 0 0 
144 80 0 0 0 0 0 0 0 0 0 0 0 0 0 0 
176 80 0 0 0 0 0 0 0 0 0 0 0 0 0 0 
208 80 0 0 0 0 0 0 0 0 0 0 0 0 0 0 
240 80 0 0 0 0 0 0 0 0 0 0 0 0 0 0 
272 80 0 0 0 0 0 0 0 0 0 0 0 0 0 0 
304 80 0 0 0 0 0 0 0 0 0 0 0 0 0 0 
336 80 0 0 0 0 0 0 0 0 0 0 0 0 0 0 
368 80 0 0 0 0 0 0 0 0 0 0 0 0 0 0 
400 80 0 0 0 0 0 0 0 0 0 0 0 0 0 0 
432 80 0 0 0 0 0 0 0 0 0 0 0 0 0 0 
464 80 0 0 0 0 0 0 0 0 0 0 0 0 0 0 
496 80 0 0 0 0 0 0 0 0 0 0 0 0 0 0 
528 80 0 0 0 0 0 0 0 0 0 0 0 0 0 0 
560 80 0 0 0 0 0 0 0 0 0 0 0 0 0 0 
592 80 0 0 0 0 0 0 0 0 0 0 0 0 0 0 
624 80 0 0 0 0 0 0 0 0 0 0 0 0 0 0 
656 80 0 0 0 0 0 0 0 0 0 0 0 0 0 0 
688 80 0 0 0 0 0 0 0 0 0 0 0 0 0 0 
720 80 0 0 0 0 0 0 0 0 0 0 0 0 0 0 
752 80 0 0 0 0 0 0 0 0 0 0 0 0 0 0 
784 80 0 0 0 0 0 0 0 0 0 0 0 0 0 0 
816 80 0 0 0 0 0 0 0 0 0 0 0 0 0 0 
848 80 0 0 0 0 0 0 0 0 0 0 0 0 0 0 
880 80 0 0 0 0 0 0 0 0 0 0 0 0 0 0 
912 80 0 0 0 0 0 0 0 0 0 0 0 0 0 0 
944 80 0 0 0 0 0 0 0 0 0 0 0 0 0 0 
976 80 0 0 0 0 0 0 0 0 0 0 0 0 0 0 
1008 80 0 0 0 0 0 0 0 0 0 0 0 0 0 0 
1040 80 0 0 0 0 0 0 0 0 0 0 0 0 0 0 
1072 80 0 0 0 0 0 0 0 0 0 0 0 0 0 0 
1104 80 0 0 0 0 0 0 0 0 0 0 0 0 0 0 
1136 80 0 0 0 0 0 0 0 0 0 0 0 0 0 0 
1168 80 0 0 0 0 0 0 0 0 0 0 0 0 0 0 
1200 80 0 0 0 0 0 0 0 0 0 0 0 0 0 0 
1232 80 0 0 0 0 0 0 0 0 0 0 0 0 0 0 
1264 80 0 0 0 0 0 0 0 0 0 0 0 0 0 0 
1296 80 0 0 0 0 0 0 0 0 0 0 0 0 0 0 
1328 80 0 0 0 0 0 0 0 0 0 0 0 0 0 0 
1360 80 0 0 0 0 0 0 0 0 0 0 0 0 0 0 
1392 80 0 0 0 0 0 0 0 0 0 0 0 0 0 0 
1424 80 0 0 0 0 0 0 0 0 0 0 0 0 0 0 
1456 80 0 0 0 0 0 0 0 0 0 0 0 0 0 0 
1488 80 0 0 0 0 0 0 0 0 0 0 0 0 0 0 
1520 80 0 0 0 0 0 0 0 0 0 0 0 0 0 0 
1552 80 0 0 0 0 0 0 0 0 0 0 0 0 0 0 
1584 80 0 0 0 0 0 0 0 0 0 0 0 0 0 0 
1616 80 0 0 0 0 0 0 0 0 0 0 0 0 0 0 
1648 80 0 0 0 0 0 0 0 0 0 0 0 0 0 0 
1680 80 0 0 0 0 0 0 0 0 0 0 0 0 0 0 
1712 80 0 0 0 0 0 0 0 0 0 0 0 0 0 0 
1744 80 0 0 0 0 0 0 0 0 0 0 0 0 0 0 
1776 80 0 0 0 0 0 0 0 0 0 0 0 0 0 0 
1808 80 0 0 0 0 0 0 0 0 0 0 0 0 0 0 
1840 80 0 0 0 0 0 0 0 0 0 0 0 0 0 0 
1872 80 0 0 0 0 0 0 0 0 0 0 0 0 0 0 
1904 80 0 0 0 0 0 0 0 0 0 0 0 0 0 0 
1936 80 0 0 0 0 0 0 0 0 0 0 0 0 0 0 
1968 80 0 0 0 0 0 0 0 0 0 0 0 0 0 0 
2000 80 0 0 0 0 0 0 0 0 0 0 0 0 0 0 
2032 80 0 0 0 0 0 0 0 0 0 0 0 0 0 0 
2064 80 0 0 0 0 0 0 0 0 0 0 0 0 0 0 
2096 80 0 0 0 0 0 0 0 0 0 0 0 0 0 0 
2128 80 0 0 0 0 0 0 0 0 0 0 0 0 0 0 
2160 80 0 0 0 0 0 0 0 0 0 0 0 0 0 0 
2192 80 0 0 0 0 0 0 0 0 0 0 0 0 0 0 
2224 80 0 0 0 0 0 0 0 0 0 0 0 0 0 0 
2256 80 0 0 0 0 0 0 0 0 0 0 0 0 0 0 
2288 80 0 0 0 0 0 0 0 0 0 0 0 0 0 0 
2320 80 0 0 0 0 0 0 0 0 0 0 0 0 0 0 
2352 80 0 0 0 0 0 0 0 0 0 0 0 0 0 0 
2384 80 0 0 0 0 0 0 0 0 0 0 0 0 0 0 
2416 80 0 0 0 0 0 0 0 0 0 0 0 0 0 0 
2448 80 0 0 0 0 0 0 0 0 0 0 0 0 0 0 
2480 80 0 0 0 0 0 0 0 0 0 0 0 0 0 0 
2512 80 0 0 0 0 0 0 0 0 0 0 0 0 0 0 
48 112 0 0 0 0 0 0 0 0 0 0 0 0 0 0 
80 112 0 0 0 0 0 0 0 0 0 0 0 0 0 0 
112 112 0 0 0 0 0 0 0 0 0 0 0 0 0 0 
144 112 0 0 0 0 0 0 0 0 0 0 0 0 0 0 
176 112 0 0 0 0 0 0 0 0 0 0 0 0 0 0 
208 112 0 0 0 0 0 0 0 0 0 0 0 0 0 0 
240 112 0 0 0 0 0 0 0 0 0 0 0 0 0 0 
272 112 0 0 0 0 0 0 0 0 0 0 0 0 0 0 
304 112 0 0 0 0 0 0 0 0 0 0 0 0 0 0 
336 112 0 0 0 0 0 0 0 0 0 0 0 0 0 0 
368 112 0 0 0 0 0 0 0 0 0 0 0 0 0 0 
400 112 0 0 0 0 0 0 0 0 0 0 0 0 0 0 
432 112 0 0 0 0 0 0 0 0 0 0 0 0 0 0 
464 112 0 0 0 0 0 0 0 0 0 0 0 0 0 0 
496 112 0 0 0 0 0 0 0 0 0 0 0 0 0 0 
528 112 0 0 0 0 0 0 0 0 0 0 0 0 0 0 
560 112 0 0 0 0 0 0 0 0 0 0 0 0 0 0 
592 112 0 0 0 0 0 0 0 0 0 0 0 0 0 0 
624 112 0 0 0 0 0 0 0 0 0 0 0 0 0 0 
656 112 0 0 0 0 0 0 0 0 0 0 0 0 0 0 
688 112 0 0 0 0 0 0 0 0 0 0 0 0 0 0 
720 112 0 0 0 0 0 0 0 0 0 0 0 0 0 0 
752 112 0 0 0 0 0 0 0 0 0 0 0 0 0 0 
784 112 0 0 0 0 0 0 0 0 0 0 0 0 0 0 
816 112 0 0 0 0 0 0 0 0 0 0 0 0 0 0 
848 112 0 0 0 0 0 0 0 0 0 0 0 0 0 0 
880 112 0 0 0 0 0 0 0 0 0 0 0 0 0 0 
912 112 0 0 0 0 0 0 0 0 0 0 0 0 0 0 
944 112 0 0 0 0 0 0 0 0 0 0 0 0 0 0 
976 112 0 0 0 0 0 0 0 0 0 0 0 0 0 0 
1008 112 0 0 0 0 0 0 0 0 0 0 0 0 0 0 
1040 112 0 0 0 0 0 0 0 0 0 0 0 0 0 0 
1072 112 0 0 0 0 0 0 0 0 0 0 0 0 0 0 
1104 112 0 0 0 0 0 0 0 0 0 0 0 0 0 0 
1136 112 0 0 0 0 0 0 0 0 0 0 0 0 0 0 
1168 112 0 0 0 0 0 0 0 0 0 0 0 0 0 0 
1200 112 0 0 0 0 0 0 0 0 0 0 0 0 0 0 
1232 112 0 0 0 0 0 0 0 0 0 0 0 0 0 0 
1264 112 0 0 0 0 0 0 0 0 0 0 0 0 0 0 
1296 112 0 0 0 0 0 0 0 0 0 0 0 0 0 0 
1328 112 0 0 0 0 0 0 0 0 0 0 0 0 0 0 
1360 112 0 0 0 0 0 0 0 0 0 0 0 0 0 0 
1392 112 0 0 0 0 0 0 0 0 0 0 0 0 0 0 
1424 112 0 0 0 0 0 0 0 0 0 0 0 0 0 0 
1456 112 0 0 0 0 0 0 0 0 0 0 0 0 0 0 
1488 112 0 0 0 0 0 0 0 0 0 0 0 0 0 0 
1520 112 0 0 0 0 0 0 0 0 0 0 0 0 0 0 
1552 112 0 0 0 0 0 0 0 0 0 0 0 0 0 0 
1584 112 0 0 0 0 0 0 0 0 0 0 0 0 0 0 
1616 112 0 0 0 0 0 0 0 0 0 0 0 0 0 0 
1648 112 0 0 0 0 0 0 0 0 0 0 0 0 0 0 
1680 112 0 0 0 0 0 0 0 0 0 0 0 0 0 0 
1712 112 0 0 0 0 0 0 0 0 0 0 0 0 0 0 
1744 112 0 0 0 0 0 0 0 0 0 0 0 0 0 0 
1776 112 0 0 0 0 0 0 0 0 0 0 0 0 0 0 
1808 112 0 0 0 0 0 0 0 0 0 0 0 0 0 0 
1840 112 0 0 0 0 0 0 0 0 0 0 0 0 0 0 
1872 112 0 0 0 0 0 0 0 0 0 0 0 0 0 0 
1904 112 0 0 0 0 0 0 0 0 0 0 0 0 0 0 
1936 112 0 0 0 0 0 0 0 0 0 0 0 0 0 0 
1968 112 0 0 0 0 0 0 0 0 0 0 0 0 0 0 
2000 112 0 0 0 0 0 0 0 0 0 0 0 0 0 0 
2032 112 0 0 0 0 0 0 0 0 0 0 0 0 0 0 
2064 112 0 0 0 0 0 0 0 0 0 0 0 0 0 0 
2096 112 0 0 0 0 0 0 0 0 0 0 0 0 0 0 
2128 112 0 0 0 0 0 0 0 0 0 0 0 0 0 0 
2160 112 0 0 0 0 0 0 0 0 0 0 0 0 0 0 
2192 112 0 0 0 0 0 0 0 0 0 0 0 0 0 0 
2224 112 0 0 0 0 0 0 0 0 0 0 0 0 0 0 
2256 112 0 0 0 0 0 0 0 0 0 0 0 0 0 0 
2288 112 0 0 0 0 0 0 0 0 0 0 0 0 0 0 
2320 112 0 0 0 0 0 0 0 0 0 0 0 0 0 0 
2352 112 0 0 0 0 0 0 0 0 0 0 0 0 0 0 
2384 112 0 0 0 0 0 0 0 0 0 0 0 0 0 0 
2416 112 0 0 0 0 0 0 0 0 0 0 0 0 0 0 
2448 112 0 0 0 0 0 0 0 0 0 0 0 0 0 0 
2480 112 0 0 0 0 0 0 0 0 0 0 0 0 0 0 
2512 112 0 0 0 0 0 0 0 0 0 0 0 0 0 0 
48 144 0 0 0 0 0 0 0 0 0 0 0 0 0 0 
80 144 0 0 0 0 0 0 0 0 0 0 0 0 0 0 
112 144 0 0 0 0 0 0 0 0 0 0 0 0 0 0 
144 144 0 0 0 0 0 0 0 0 0 0 0 0 0 0 
176 144 0 0 0 0 0 0 0 0 0 0 0 0 0 0 
208 144 0 0 0 0 0 0 0 0 0 0 0 0 0 0 
240 144 0 0 0 0 0 0 0 0 0 0 0 0 0 0 
272 144 0 0 0 0 0 0 0 0 0 0 0 0 0 0 
304 144 0 0 0 0 0 0 0 0 0 0 0 0 0 0 
336 144 0 0 0 0 0 0 0 0 0 0 0 0 0 0 
368 144 0 0 0 0 0 0 0 0 0 0 0 0 0 0 
400 144 0 0 0 0 0 0 0 0 0 0 0 0 0 0 
432 144 0 0 0 0 0 0 0 0 0 0 0 0 0 0 
464 144 0 0 0 0 0 0 0 0 0 0 0 0 0 0 
496 144 0 0 0 0 0 0 0 0 0 0 0 0 0 0 
528 144 0 0 0 0 0 0 0 0 0 0 0 0 0 0 
560 144 0 0 0 0 0 0 0 0 0 0 0 0 0 0 
592 144 0 0 0 0 0 0 0 0 0 0 0 0 0 0 
624 144 0 0 0 0 0 0 0 0 0 0 0 0 0 0 
656 144 0 0 0 0 0 0 0 0 0 0 0 0 0 0 
688 144 0 0 0 0 0 0 0 0 0 0 0 0 0 0 
720 144 0 0 0 0 0 0 0 0 0 0 0 0 0 0 
752 144 0 0 0 0 0 0 0 0 0 0 0 0 0 0 
784 144 0 0 0 0 0 0 0 0 0 0 0 0 0 0 
816 144 0 0 0 0 0 0 0 0 0 0 0 0 0 0 
848 144 0 0 0 0 0 0 0 0 0 0 0 0 0 0 
880 144 0 0 0 0 0 0 0 0 0 0 0 0 0 0 
912 144 0 0 0 0 0 0 0 0 0 0 0 0 0 0 
944 144 0 0 0 0 0 0 0 0 0 0 0 0 0 0 
976 144 0 0 0 0 0 0 0 0 0 0 0 0 0 0 
1008 144 0 0 0 0 0 0 0 0 0 0 0 0 0 0 
1040 144 0 0 0 0 0 0 0 0 0 0 0 0 0 0 
1072 144 0 0 0 0 0 0 0 0 0 0 0 0 0 0 
1104 144 0 0 0 0 0 0 0 0 0 0 0 0 0 0 
1136 144 0 0 0 0 0 0 0 0 0 0 0 0 0 0 
1168 144 0 0 0 0 0 0 0 0 0 0 0 0 0 0 
1200 144 0 0 0 0 0 0 0 0 0 0 0 0 0 0 
1232 144 0 0 0 0 0 0 0 0 0 0 0 0 0 0 
1264 144 0 0 0 0 0 0 0 0 0 0 0 0 0 0 
1296 144 0 0 0 0 0 0 0 0 0 0 0 0 0 0 
1328 144 0 0 0 0 0 0 0 0 0 0 0 0 0 0 
1360 144 0 0 0 0 0 0 0 0 0 0 0 0 0 0 
1392 144 0 0 0 0 0 0 0 0 0 0 0 0 0 0 
1424 144 0 0 0 0 0 0 0 0 0 0 0 0 0 0 
1456 144 0 0 0 0 0 0 0 0 0 0 0 0 0 0 
1488 144 0 0 0 0 0 0 0 0 0 0 0 0 0 0 
1520 144 0 0 0 0 0 0 0 0 0 0 0 0 0 0 
1552 144 0 0 0 0 0 0 0 0 0 0 0 0 0 0 
1584 144 0 0 0 0 0 0 0 0 0 0 0 0 0 0 
1616 144 0 0 0 0 0 0 0 0 0 0 0 0 0 0 
1648 144 0 0 0 0 0 0 0 0 0 0 0 0 0 0 
1680 144 0 0 0 0 0 0 0 0 0 0 0 0 0 0 
1712 144 0 0 0 0 0 0 0 0 0 0 0 0 0 0 
1744 144 0 0 0 0 0 0 0 0 0 0 0 0 0 0 
1776 144 0 0 0 0 0 0 0 0 0 0 0 0 0 0 
1808 144 0 0 0 0 0 0 0 0 0 0 0 0 0 0 
1840 144 0 0 0 0 0 0 0 0 0 0 0 0 0 0 
1872 144 0 0 0 0 0 0 0 0 0 0 0 0 0 0 
1904 144 0 0 0 0 0 0 0 0 0 0 0 0 0 0 
1936 144 0 0 0 0 0 0 0 0 0 0 0 0 0 0 
1968 144 0 0 0 0 0 0 0 0 0 0 0 0 0 0 
2000 144 0 0 0 0 0 0 0 0 0 0 0 0 0 0 
2032 144 0 0 0 0 0 0 0 0 0 0 0 0 0 0 
2064 144 0 0 0 0 0 0 0 0 0 0 0 0 0 0 
2096 144 0 0 0 0 0 0 0 0 0 0 0 0 0 0 
2128 144 0 0 0 0 0 0 0 0 0 0 0 0 0 0 
2160 144 0 0 0 0 0 0 0 0 0 0 0 0 0 0 
2192 144 0 0 0 0 0 0 0 0 0 0 0 0 0 0 
2224 144 0 0 0 0 0 0 0 0 0 0 0 0 0 0 
2256 144 0 0 0 0 0 0 0 0 0 0 0 0 0 0 
2288 144 0 0 0 0 0 0 0 0 0 0 0 0 0 0 
2320 144 0 0 0 0 0 0 0 0 0 0 0 0 0 0 
2352 144 0 0 0 0 0 0 0 0 0 0 0 0 0 0 
2384 144 0 0 0 0 0 0 0 0 0 0 0 0 0 0 
2416 144 0 0 0 0 0 0 0 0 0 0 0 0 0 0 
2448 144 0 0 0 0 0 0 0 0 0 0 0 0 0 0 
2480 144 0 0 0 0 0 0 0 0 0 0 0 0 0 0 
2512 144 0 0 0 0 0 0 0 0 0 0 0 0 0 0 
48 176 0 0 0 0 0 0 0 0 0 0 0 0 0 0 
80 176 0 0 0 0 0 0 0 0 0 0 0 0 0 0 
112 176 0 0 0 0 0 0 0 0 0 0 0 0 0 0 
144 176 0 0 0 0 0 0 0 0 0 0 0 0 0 0 
176 176 0 0 0 0 0 0 0 0 0 0 0 0 0 0 
208 176 0 0 0 0 0 0 0 0 0 0 0 0 0 0 
240 176 0 0 0 0 0 0 0 0 0 0 0 0 0 0 
272 176 0 0 0 0 0 0 0 0 0 0 0 0 0 0 
304 176 0 0 0 0 0 0 0 0 0 0 0 0 0 0 
336 176 0 0 0 0 0 0 0 0 0 0 0 0 0 0 
368 176 0 0 0 0 0 0 0 0 0 0 0 0 0 0 
400 176 0 0 0 0 0 0 0 0 0 0 0 0 0 0 
432 176 0 0 0 0 0 0 0 0 0 0 0 0 0 0 
464 176 0 0 0 0 0 0 0 0 0 0 0 0 0 0 
496 176 0 0 0 0 0 0 0 0 0 0 0 0 0 0 
528 176 0 0 0 0 0 0 0 0 0 0 0 0 0 0 
560 176 0 0 0 0 0 0 0 0 0 0 0 0 0 0 
592 176 0 0 0 0 0 0 0 0 0 0 0 0 0 0 
624 176 0 0 0 0 0 0 0 0 0 0 0 0 0 0 
656 176 0 0 0 0 0 0 0 0 0 0 0 0 0 0 
688 176 0 0 0 0 0 0 0 0 0 0 0 0 0 0 
720 176 0 0 0 0 0 0 0 0 0 0 0 0 0 0 
752 176 0 0 0 0 0 0 0 0 0 0 0 0 0 0 
784 176 0 0 0 0 0 0 0 0 0 0 0 0 0 0 
816 176 0 0 0 0 0 0 0 0 0 0 0 0 0 0 
848 176 0 0 0 0 0 0 0 0 0 0 0 0 0 0 
880 176 0 0 0 0 0 0 0 0 0 0 0 0 0 0 
912 176 0 0 0 0 0 0 0 0 0 0 0 0 0 0 
944 176 0 0 0 0 0 0 0 0 0 0 0 0 0 0 
976 176 0 0 0 0 0 0 0 0 0 0 0 0 0 0 
1008 176 0 0 0 0 0 0 0 0 0 0 0 0 0 0 
1040 176 0 0 0 0 0 0 0 0 0 0 0 0 0 0 
1072 176 0 0 0 0 0 0 0 0 0 0 0 0 0 0 
1104 176 0 0 0 0 0 0 0 0 0 0 0 0 0 0 
1136 176 0 0 0 0 0 0 0 0 0 0 0 0 0 0 
1168 176 0 0 0 0 0 0 0 0 0 0 0 0 0 0 
1200 176 0 0 0 0 0 0 0 0 0 0 0 0 0 0 
1232 176 0 0 0 0 0 0 0 0 0 0 0 0 0 0 
1264 176 0 0 0 0 0 0 0 0 0 0 0 0 0 0 
1296 176 0 0 0 0 0 0 0 0 0 0 0 0 0 0 
1328 176 0 0 0 0 0 0 0 0 0 0 0 0 0 0 
1360 176 0 0 0 0 0 0 0 0 0 0 0 0 0 0 
1392 176 0 0 0 0 0 0 0 0 0 0 0 0 0 0 
1424 176 0 0 0 0 0 0 0 0 0 0 0 0 0 0 
1456 176 0 0 0 0 0 0 0 0 0 0 0 0 0 0 
1488 176 0 0 0 0 0 0 0 0 0 0 0 0 0 0 
1520 176 0 0 0 0 0 0 0 0 0 0 0 0 0 0 
1552 176 0 0 0 0 0 0 0 0 0 0 0 0 0 0 
1584 176 0 0 0 0 0 0 0 0 0 0 0 0 0 0 
1616 176 0 0 0 0 0 0 0 0 0 0 0 0 0 0 
1648 176 0 0 0 0 0 0 0 0 0 0 0 0 0 0 
1680 176 0 0 0 0 0 0 0 0 0 0 0 0 0 0 
1712 176 0 0 0 0 0 0 0 0 0 0 0 0 0 0 
1744 176 0 0 0 0 0 0 0 0 0 0 0 0 0 0 
1776 176 0 0 0 0 0 0 0 0 0 0 0 0 0 0 
1808 176 0 0 0 0 0 0 0 0 0 0 0 0 0 0 
1840 176 0 0 0 0 0 0 0 0 0 0 0 0 0 0 
1872 176 0 0 0 0 0 0 0 0 0 0 0 0 0 0 
1904 176 0 0 0 0 0 0 0 0 0 0 0 0 0 0 
1936 176 0 0 0 0 0 0 0 0 0 0 0 0 0 0 
1968 176 0 0 0 0 0 0 0 0 0 0 0 0 0 0 
2000 176 0 0 0 0 0 0 0 0 0 0 0 0 0 0 
2032 176 0 0 0 0 0 0 0 0 0 0 0 0 0 0 
2064 176 0 0 0 0 0 0 0 0 0 0 0 0 0 0 
2096 176 0 0 0 0 0 0 0 0 0 0 0 0 0 0 
2128 176 0 0 0 0 0 0 0 0 0 0 0 0 0 0 
2160 176 0 0 0 0 0 0 0 0 0 0 0 0 0 0 
2192 176 0 0 0 0 0 0 0 0 0 0 0 0 0 0 
2224 176 0 0 0 0 0 0 0 0 0 0 0 0 0 0 
2256 176 0 0 0 0 0 0 0 0 0 0 0 0 0 0 
2288 176 0 0 0 0 0 0 0 0 0 0 0 0 0 0 
2320 176 0 0 0 0 0 0 0 0 0 0 0 0 0 0 
2352 176 0 0 0 0 0 0 0 0 0 0 0 0 0 0 
2384 176 0 0 0 0 0 0 0 0 0 0 0 0 0 0 
2416 176 0 0 0 0 0 0 0 0 0 0 0 0 0 0 
2448 176 0 0 0 0 0 0 0 0 0 0 0 0 0 0 
2480 176 0 0 0 0 0 0 0 0 0 0 0 0 0 0 
2512 176 0 0 0 0 0 0 0 0 0 0 0 0 0 0 
48 208 0 0 0 0 0 0 0 0 0 0 0 0 0 0 
80 208 0 0 0 0 0 0 0 0 0 0 0 0 0 0 
112 208 0 0 0 0 0 0 0 0 0 0 0 0 0 0 
144 208 0 0 0 0 0 0 0 0 0 0 0 0 0 0 
176 208 0 0 0 0 0 0 0 0 0 0 0 0 0 0 
208 208 0 0 0 0 0 0 0 0 0 0 0 0 0 0 
240 208 0 0 0 0 0 0 0 0 0 0 0 0 0 0 
272 208 0 0 0 0 0 0 0 0 0 0 0 0 0 0 
304 208 0 0 0 0 0 0 0 0 0 0 0 0 0 0 
336 208 0 0 0 0 0 0 0 0 0 0 0 0 0 0 
368 208 0 0 0 0 0 0 0 0 0 0 0 0 0 0 
400 208 0 0 0 0 0 0 0 0 0 0 0 0 0 0 
432 208 0 0 0 0 0 0 0 0 0 0 0 0 0 0 
464 208 0 0 0 0 0 0 0 0 0 0 0 0 0 0 
496 208 0 0 0 0 0 0 0 0 0 0 0 0 0 0 
528 208 0 0 0 0 0 0 0 0 0 0 0 0 0 0 
560 208 0 0 0 0 0 0 0 0 0 0 0 0 0 0 
592 208 0 0 0 0 0 0 0 0 0 0 0 0 0 0 
624 208 0 0 0 0 0 0 0 0 0 0 0 0 0 0 
656 208 0 0 0 0 0 0 0 0 0 0 0 0 0 0 
688 208 0 0 0 0 0 0 0 0 0 0 0 0 0 0 
720 208 0 0 0 0 0 0 0 0 0 0 0 0 0 0 
752 208 0 0 0 0 0 0 0 0 0 0 0 0 0 0 
784 208 0 0 0 0 0 0 0 0 0 0 0 0 0 0 
816 208 0 0 0 0 0 0 0 0 0 0 0 0 0 0 
848 208 0 0 0 0 0 0 0 0 0 0 0 0 0 0 
880 208 0 0 0 0 0 0 0 0 0 0 0 0 0 0 
912 208 0 0 0 0 0 0 0 0 0 0 0 0 0 0 
944 208 0 0 0 0 0 0 0 0 0 0 0 0 0 0 
976 208 0 0 0 0 0 0 0 0 0 0 0 0 0 0 
1008 208 0 0 0 0 0 0 0 0 0 0 0 0 0 0 
1040 208 0 0 0 0 0 0 0 0 0 0 0 0 0 0 
1072 208 0 0 0 0 0 0 0 0 0 0 0 0 0 0 
1104 208 0 0 0 0 0 0 0 0 0 0 0 0 0 0 
1136 208 0 0 0 0 0 0 0 0 0 0 0 0 0 0 
1168 208 0 0 0 0 0 0 0 0 0 0 0 0 0 0 
1200 208 0 0 0 0 0 0 0 0 0 0 0 0 0 0 
1232 208 0 0 0 0 0 0 0 0 0 0 0 0 0 0 
1264 208 0 0 0 0 0 0 0 0 0 0 0 0 0 0 
1296 208 0 0 0 0 0 0 0 0 0 0 0 0 0 0 
1328 208 0 0 0 0 0 0 0 0 0 0 0 0 0 0 
1360 208 0 0 0 0 0 0 0 0 0 0 0 0 0 0 
1392 208 0 0 0 0 0 0 0 0 0 0 0 0 0 0 
1424 208 0 0 0 0 0 0 0 0 0 0 0 0 0 0 
1456 208 0 0 0 0 0 0 0 0 0 0 0 0 0 0 
1488 208 0 0 0 0 0 0 0 0 0 0 0 0 0 0 
1520 208 0 0 0 0 0 0 0 0 0 0 0 0 0 0 
1552 208 0 0 0 0 0 0 0 0 0 0 0 0 0 0 
1584 208 0 0 0 0 0 0 0 0 0 0 0 0 0 0 
1616 208 0 0 0 0 0 0 0 0 0 0 0 0 0 0 
1648 208 0 0 0 0 0 0 0 0 0 0 0 0 0 0 
1680 208 0 0 0 0 0 0 0 0 0 0 0 0 0 0 
1712 208 0 0 0 0 0 0 0 0 0 0 0 0 0 0 
1744 208 0 0 0 0 0 0 0 0 0 0 0 0 0 0 
1776 208 0 0 0 0 0 0 0 0 0 0 0 0 0 0 
1808 208 0 0 0 0 0 0 0 0 0 0 0 0 0 0 
1840 208 0 0 0 0 0 0 0 0 0 0 0 0 0 0 
1872 208 0 0 0 0 0 0 0 0 0 0 0 0 0 0 
1904 208 0 0 0 0 0 0 0 0 0 0 0 0 0 0 
1936 208 0 0 0 0 0 0 0 0 0 0 0 0 0 0 
1968 208 0 0 0 0 0 0 0 0 0 0 0 0 0 0 
2000 208 0 0 0 0 0 0 0 0 0 0 0 0 0 0 
2032 208 0 0 0 0 0 0 0 0 0 0 0 0 0 0 
2064 208 0 0 0 0 0 0 0 0 0 0 0 0 0 0 
2096 208 0 0 0 0 0 0 0 0 0 0 0 0 0 0 
2128 208 0 0 0 0 0 0 0 0 0 0 0 0 0 0 
2160 208 0 0 0 0 0 0 0 0 0 0 0 0 0 0 
2192 208 0 0 0 0 0 0 0 0 0 0 0 0 0 0 
2224 208 0 0 0 0 0 0 0 0 0 0 0 0 0 0 
2256 208 0 0 0 0 0 0 0 0 0 0 0 0 0 0 
2288 208 0 0 0 0 0 0 0 0 0 0 0 0 0 0 
2320 208 0 0 0 0 0 0 0 0 0 0 0 0 0 0 
2352 208 0 0 0 0 0 0 0 0 0 0 0 0 0 0 
2384 208 0 0 0 0 0 0 0 0 0 0 0 0 0 0 
2416 208 0 0 0 0 0 0 0 0 0 0 0 0 0 0 
2448 208 0 0 0 0 0 0 0 0 0 0 0 0 0 0 
2480 208 0 0 0 0 0 0 0 0 0 0 0 0 0 0 
2512 208 0 0 0 0 0 0 0 0 0 0 0 0 0 0 
48 240 0 0 0 0 0 0 0 0 0 0 0 0 0 0 
80 240 0 0 0 0 0 0 0 0 0 0 0 0 0 0 
112 240 0 0 0 0 0 0 0 0 0 0 0 0 0 0 
144 240 0 0 0 0 0 0 0 0 0 0 0 0 0 0 
176 240 0 0 0 0 0 0 0 0 0 0 0 0 0 0 
208 240 0 0 0 0 0 0 0 0 0 0 0 0 0 0 
240 240 0 0 0 0 0 0 0 0 0 0 0 0 0 0 
272 240 0 0 0 0 0 0 0 0 0 0 0 0 0 0 
304 240 0 0 0 0 0 0 0 0 0 0 0 0 0 0 
336 240 0 0 0 0 0 0 0 0 0 0 0 0 0 0 
368 240 0 0 0 0 0 0 0 0 0 0 0 0 0 0 
400 240 0 0 0 0 0 0 0 0 0 0 0 0 0 0 
432 240 0 0 0 0 0 0 0 0 0 0 0 0 0 0 
464 240 0 0 0 0 0 0 0 0 0 0 0 0 0 0 
496 240 0 0 0 0 0 0 0 0 0 0 0 0 0 0 
528 240 0 0 0 0 0 0 0 0 0 0 0 0 0 0 
560 240 0 0 0 0 0 0 0 0 0 0 0 0 0 0 
592 240 0 0 0 0 0 0 0 0 0 0 0 0 0 0 
624 240 0 0 0 0 0 0 0 0 0 0 0 0 0 0 
656 240 0 0 0 0 0 0 0 0 0 0 0 0 0 0 
688 240 0 0 0 0 0 0 0 0 0 0 0 0 0 0 
720 240 0 0 0 0 0 0 0 0 0 0 0 0 0 0 
752 240 0 0 0 0 0 0 0 0 0 0 0 0 0 0 
784 240 0 0 0 0 0 0 0 0 0 0 0 0 0 0 
816 240 0 0 0 0 0 0 0 0 0 0 0 0 0 0 
848 240 0 0 0 0 0 0 0 0 0 0 0 0 0 0 
880 240 0 0 0 0 0 0 0 0 0 0 0 0 0 0 
912 240 0 0 0 0 0 0 0 0 0 0 0 0 0 0 
944 240 0 0 0 0 0 0 0 0 0 0 0 0 0 0 
976 240 0 0 0 0 0 0 0 0 0 0 0 0 0 0 
1008 240 0 0 0 0 0 0 0 0 0 0 0 0 0 0 
1040 240 0 0 0 0 0 0 0 0 0 0 0 0 0 0 
1072 240 0 0 0 0 0 0 0 0 0 0 0 0 0 0 
1104 240 0 0 0 0 0 0 0 0 0 0 0 0 0 0 
1136 240 0 0 0 0 0 0 0 0 0 0 0 0 0 0 
1168 240 0 0 0 0 0 0 0 0 0 0 0 0 0 0 
1200 240 0 0 0 0 0 0 0 0 0 0 0 0 0 0 
1232 240 0 0 0 0 0 0 0 0 0 0 0 0 0 0 
1264 240 0 0 0 0 0 0 0 0 0 0 0 0 0 0 
1296 240 0 0 0 0 0 0 0 0 0 0 0 0 0 0 
1328 240 0 0 0 0 0 0 0 0 0 0 0 0 0 0 
1360 240 0 0 0 0 0 0 0 0 0 0 0 0 0 0 
1392 240 0 0 0 0 0 0 0 0 0 0 0 0 0 0 
1424 240 0 0 0 0 0 0 0 0 0 0 0 0 0 0 
1456 240 0 0 0 0 0 0 0 0 0 0 0 0 0 0 
1488 240 0 0 0 0 0 0 0 0 0 0 0 0 0 0 
1520 240 0 0 0 0 0 0 0 0 0 0 0 0 0 0 
1552 240 0 0 0 0 0 0 0 0 0 0 0 0 0 0 
1584 240 0 0 0 0 0 0 0 0 0 0 0 0 0 0 
1616 240 0 0 0 0 0 0 0 0 0 0 0 0 0 0 
1648 240 0 0 0 0 0 0 0 0 0 0 0 0 0 0 
1680 240 0 0 0 0 0 0 0 0 0 0 0 0 0 0 
1712 240 0 0 0 0 0 0 0 0 0 0 0 0 0 0 
1744 240 0 0 0 0 0 0 0 0 0 0 0 0 0 0 
1776 240 0 0 0 0 0 0 0 0 0 0 0 0 0 0 
1808 240 0 0 0 0 0 0 0 0 0 0 0 0 0 0 
1840 240 0 0 0 0 0 0 0 0 0 0 0 0 0 0 
1872 240 0 0 0 0 0 0 0 0 0 0 0 0 0 0 
1904 240 0 0 0 0 0 0 0 0 0 0 0 0 0 0 
1936 240 0 0 0 0 0 0 0 0 0 0 0 0 0 0 
1968 240 0 0 0 0 0 0 0 0 0 0 0 0 0 0 
2000 240 0 0 0 0 0 0 0 0 0 0 0 0 0 0 
2032 240 0 0 0 0 0 0 0 0 0 0 0 0 0 0 
2064 240 0 0 0 0 0 0 0 0 0 0 0 0 0 0 
2096 240 0 0 0 0 0 0 0 0 0 0 0 0 0 0 
2128 240 0 0 0 0 0 0 0 0 0 0 0 0 0 0 
2160 240 0 0 0 0 0 0 0 0 0 0 0 0 0 0 
2192 240 0 0 0 0 0 0 0 0 0 0 0 0 0 0 
2224 240 0 0 0 0 0 0 0 0 0 0 0 0 0 0 
2256 240 0 0 0 0 0 0 0 0 0 0 0 0 0 0 
2288 240 0 0 0 0 0 0 0 0 0 0 0 0 0 0 
2320 240 0 0 0 0 0 0 0 0 0 0 0 0 0 0 
2352 240 0 0 0 0 0 0 0 0 0 0 0 0 0 0 
2384 240 0 0 0 0 0 0 0 0 0 0 0 0 0 0 
2416 240 0 0 0 0 0 0 0 0 0 0 0 0 0 0 
2448 240 0 0 0 0 0 0 0 0 0 0 0 0 0 0 
2480 240 0 0 0 0 0 0 0 0 0 0 0 0 0 0 
2512 240 0 0 0 0 0 0 0 0 0 0 0 0 0 0 
48 272 0 0 0 0 0 0 0 0 0 0 0 0 0 0 
80 272 0 0 0 0 0 0 0 0 0 0 0 0 0 0 
112 272 0 0 0 0 0 0 0 0 0 0 0 0 0 0 
144 272 0 0 0 0 0 0 0 0 0 0 0 0 0 0 
176 272 0 0 0 0 0 0 0 0 0 0 0 0 0 0 
208 272 0 0 0 0 0 0 0 0 0 0 0 0 0 0 
240 272 0 0 0 0 0 0 0 0 0 0 0 0 0 0 
272 272 0 0 0 0 0 0 0 0 0 0 0 0 0 0 
304 272 0 0 0 0 0 0 0 0 0 0 0 0 0 0 
336 272 0 0 0 0 0 0 0 0 0 0 0 0 0 0 
368 272 0 0 0 0 0 0 0 0 0 0 0 0 0 0 
400 272 0 0 0 0 0 0 0 0 0 0 0 0 0 0 
432 272 0 0 0 0 0 0 0 0 0 0 0 0 0 0 
464 272 0 0 0 0 0 0 0 0 0 0 0 0 0 0 
496 272 0 0 0 0 0 0 0 0 0 0 0 0 0 0 
528 272 0 0 0 0 0 0 0 0 0 0 0 0 0 0 
560 272 0 0 0 0 0 0 0 0 0 0 0 0 0 0 
592 272 0 0 0 0 0 0 0 0 0 0 0 0 0 0 
624 272 0 0 0 0 0 0 0 0 0 0 0 0 0 0 
656 272 0 0 0 0 0 0 0 0 0 0 0 0 0 0 
688 272 0 0 0 0 0 0 0 0 0 0 0 0 0 0 
720 272 0 0 0 0 0 0 0 0 0 0 0 0 0 0 
752 272 0 0 0 0 0 0 0 0 0 0 0 0 0 0 
784 272 0 0 0 0 0 0 0 0 0 0 0 0 0 0 
816 272 0 0 0 0 0 0 0 0 0 0 0 0 0 0 
848 272 0 0 0 0 0 0 0 0 0 0 0 0 0 0 
880 272 0 0 0 0 0 0 0 0 0 0 0 0 0 0 
912 272 0 0 0 0 0 0 0 0 0 0 0 0 0 0 
944 272 0 0 0 0 0 0 0 0 0 0 0 0 0 0 
976 272 0 0 0 0 0 0 0 0 0 0 0 0 0 0 
1008 272 0 0 0 0 0 0 0 0 0 0 0 0 0 0 
1040 272 0 0 0 0 0 0 0 0 0 0 0 0 0 0 
1072 272 0 0 0 0 0 0 0 0 0 0 0 0 0 0 
1104 272 0 0 0 0 0 0 0 0 0 0 0 0 0 0 
1136 272 0 0 0 0 0 0 0 0 0 0 0 0 0 0 
1168 272 0 0 0 0 0 0 0 0 0 0 0 0 0 0 
1200 272 0 0 0 0 0 0 0 0 0 0 0 0 0 0 
1232 272 0 0 0 0 0 0 0 0 0 0 0 0 0 0 
1264 272 0 0 0 0 0 0 0 0 0 0 0 0 0 0 
1296 272 0 0 0 0 0 0 0 0 0 0 0 0 0 0 
1328 272 0 0 0 0 0 0 0 0 0 0 0 0 0 0 
1360 272 0 0 0 0 0 0 0 0 0 0 0 0 0 0 
1392 272 0 0 0 0 0 0 0 0 0 0 0 0 0 0 
1424 272 0 0 0 0 0 0 0 0 0 0 0 0 0 0 
1456 272 0 0 0 0 0 0 0 0 0 0 0 0 0 0 
1488 272 0 0 0 0 0 0 0 0 0 0 0 0 0 0 
1520 272 0 0 0 0 0 0 0 0 0 0 0 0 0 0 
1552 272 0 0 0 0 0 0 0 0 0 0 0 0 0 0 
1584 272 0 0 0 0 0 0 0 0 0 0 0 0 0 0 
1616 272 0 0 0 0 0 0 0 0 0 0 0 0 0 0 
1648 272 0 0 0 0 0 0 0 0 0 0 0 0 0 0 
1680 272 0 0 0 0 0 0 0 0 0 0 0 0 0 0 
1712 272 0 0 0 0 0 0 0 0 0 0 0 0 0 0 
1744 272 0 0 0 0 0 0 0 0 0 0 0 0 0 0 
1776 272 0 0 0 0 0 0 0 0 0 0 0 0 0 0 
1808 272 0 0 0 0 0 0 0 0 0 0 0 0 0 0 
1840 272 0 0 0 0 0 0 0 0 0 0 0 0 0 0 
1872 272 0 0 0 0 0 0 0 0 0 0 0 0 0 0 
1904 272 0 0 0 0 0 0 0 0 0 0 0 0 0 0 
1936 272 0 0 0 0 0 0 0 0 0 0 0 0 0 0 
1968 272 0 0 0 0 0 0 0 0 0 0 0 0 0 0 
2000 272 0 0 0 0 0 0 0 0 0 0 0 0 0 0 
2032 272 0 0 0 0 0 0 0 0 0 0 0 0 0 0 
2064 272 0 0 0 0 0 0 0 0 0 0 0 0 0 0 
2096 272 0 0 0 0 0 0 0 0 0 0 0 0 0 0 
2128 272 0 0 0 0 0 0 0 0 0 0 0 0 0 0 
2160 272 0 0 0 0 0 0 0 0 0 0 0 0 0 0 
2192 272 0 0 0 0 0 0 0 0 0 0 0 0 0 0 
2224 272 0 0 0 0 0 0 0 0 0 0 0 0 0 0 
2256 272 0 0 0 0 0 0 0 0 0 0 0 0 0 0 
2288 272 0 0 0 0 0 0 0 0 0 0 0 0 0 0 
2320 272 0 0 0 0 0 0 0 0 0 0 0 0 0 0 
2352 272 0 0 0 0 0 0 0 0 0 0 0 0 0 0 
2384 272 0 0 0 0 0 0 0 0 0 0 0 0 0 0 
2416 272 0 0 0 0 0 0 0 0 0 0 0 0 0 0 
2448 272 0 0 0 0 0 0 0 0 0 0 0 0 0 0 
2480 272 0 0 0 0 0 0 0 0 0 0 0 0 0 0 
2512 272 0 0 0 0 0 0 0 0 0 0 0 0 0 0 
48 304 0 0 0 0 0 0 0 0 0 0 0 0 0 0 
80 304 0 0 0 0 0 0 0 0 0 0 0 0 0 0 
112 304 0 0 0 0 0 0 0 0 0 0 0 0 0 0 
144 304 0 0 0 0 0 0 0 0 0 0 0 0 0 0 
176 304 0 0 0 0 0 0 0 0 0 0 0 0 0 0 
208 304 0 0 0 0 0 0 0 0 0 0 0 0 0 0 
240 304 0 0 0 0 0 0 0 0 0 0 0 0 0 0 
272 304 0 0 0 0 0 0 0 0 0 0 0 0 0 0 
304 304 0 0 0 0 0 0 0 0 0 0 0 0 0 0 
336 304 0 0 0 0 0 0 0 0 0 0 0 0 0 0 
368 304 0 0 0 0 0 0 0 0 0 0 0 0 0 0 
400 304 0 0 0 0 0 0 0 0 0 0 0 0 0 0 
432 304 0 0 0 0 0 0 0 0 0 0 0 0 0 0 
464 304 0 0 0 0 0 0 0 0 0 0 0 0 0 0 
496 304 0 0 0 0 0 0 0 0 0 0 0 0 0 0 
528 304 0 0 0 0 0 0 0 0 0 0 0 0 0 0 
560 304 0 0 0 0 0 0 0 0 0 0 0 0 0 0 
592 304 0 0 0 0 0 0 0 0 0 0 0 0 0 0 
624 304 0 0 0 0 0 0 0 0 0 0 0 0 0 0 
656 304 0 0 0 0 0 0 0 0 0 0 0 0 0 0 
688 304 0 0 0 0 0 0 0 0 0 0 0 0 0 0 
720 304 0 0 0 0 0 0 0 0 0 0 0 0 0 0 
752 304 0 0 0 0 0 0 0 0 0 0 0 0 0 0 
784 304 0 0 0 0 0 0 0 0 0 0 0 0 0 0 
816 304 0 0 0 0 0 0 0 0 0 0 0 0 0 0 
848 304 0 0 0 0 0 0 0 0 0 0 0 0 0 0 
880 304 0 0 0 0 0 0 0 0 0 0 0 0 0 0 
912 304 0 0 0 0 0 0 0 0 0 0 0 0 0 0 
944 304 0 0 0 0 0 0 0 0 0 0 0 0 0 0 
976 304 0 0 0 0 0 0 0 0 0 0 0 0 0 0 
1008 304 0 0 0 0 0 0 0 0 0 0 0 0 0 0 
1040 304 0 0 0 0 0 0 0 0 0 0 0 0 0 0 
1072 304 0 0 0 0 0 0 0 0 0 0 0 0 0 0 
1104 304 0 0 0 0 0 0 0 0 0 0 0 0 0 0 
1136 304 0 0 0 0 0 0 0 0 0 0 0 0 0 0 
1168 304 0 0 0 0 0 0 0 0 0 0 0 0 0 0 
1200 304 0 0 0 0 0 0 0 0 0 0 0 0 0 0 
1232 304 0 0 0 0 0 0 0 0 0 0 0 0 0 0 
1264 304 0 0 0 0 0 0 0 0 0 0 0 0 0 0 
1296 304 0 0 0 0 0 0 0 0 0 0 0 0 0 0 
1328 304 0 0 0 0 0 0 0 0 0 0 0 0 0 0 
1360 304 0 0 0 0 0 0 0 0 0 0 0 0 0 0 
1392 304 0 0 0 0 0 0 0 0 0 0 0 0 0 0 
1424 304 0 0 0 0 0 0 0 0 0 0 0 0 0 0 
1456 304 0 0 0 0 0 0 0 0 0 0 0 0 0 0 
1488 304 0 0 0 0 0 0 0 0 0 0 0 0 0 0 
1520 304 0 0 0 0 0 0 0 0 0 0 0 0 0 0 
1552 304 0 0 0 0 0 0 0 0 0 0 0 0 0 0 
1584 304 0 0 0 0 0 0 0 0 0 0 0 0 0 0 
1616 304 0 0 0 0 0 0 0 0 0 0 0 0 0 0 
1648 304 0 0 0 0 0 0 0 0 0 0 0 0 0 0 
1680 304 0 0 0 0 0 0 0 0 0 0 0 0 0 0 
1712 304 0 0 0 0 0 0 0 0 0 0 0 0 0 0 
1744 304 0 0 0 0 0 0 0 0 0 0 0 0 0 0 
1776 304 0 0 0 0 0 0 0 0 0 0 0 0 0 0 
1808 304 0 0 0 0 0 0 0 0 0 0 0 0 0 0 
1840 304 0 0 0 0 0 0 0 0 0 0 0 0 0 0 
1872 304 0 0 0 0 0 0 0 0 0 0 0 0 0 0 
1904 304 0 0 0 0 0 0 0 0 0 0 0 0 0 0 
1936 304 0 0 0 0 0 0 0 0 0 0 0 0 0 0 
1968 304 0 0 0 0 0 0 0 0 0 0 0 0 0 0 
2000 304 0 0 0 0 0 0 0 0 0 0 0 0 0 0 
2032 304 0 0 0 0 0 0 0 0 0 0 0 0 0 0 
2064 304 0 0 0 0 0 0 0 0 0 0 0 0 0 0 
2096 304 0 0 0 0 0 0 0 0 0 0 0 0 0 0 
2128 304 0 0 0 0 0 0 0 0 0 0 0 0 0 0 
2160 304 0 0 0 0 0 0 0 0 0 0 0 0 0 0 
2192 304 0 0 0 0 0 0 0 0 0 0 0 0 0 0 
2224 304 0 0 0 0 0 0 0 0 0 0 0 0 0 0 
2256 304 0 0 0 0 0 0 0 0 0 0 0 0 0 0 
2288 304 0 0 0 0 0 0 0 0 0 0 0 0 0 0 
2320 304 0 0 0 0 0 0 0 0 0 0 0 0 0 0 
2352 304 0 0 0 0 0 0 0 0 0 0 0 0 0 0 
2384 304 0 0 0 0 0 0 0 0 0 0 0 0 0 0 
2416 304 0 0 0 0 0 0 0 0 0 0 0 0 0 0 
2448 304 0 0 0 0 0 0 0 0 0 0 0 0 0 0 
2480 304 0 0 0 0 0 0 0 0 0 0 0 0 0 0 
2512 304 0 0 0 0 0 0 0 0 0 0 0 0 0 0 
48 336 0 0 0 0 0 0 0 0 0 0 0 0 0 0 
80 336 0 0 0 0 0 0 0 0 0 0 0 0 0 0 
112 336 0 0 0 0 0 0 0 0 0 0 0 0 0 0 
144 336 0 0 0 0 0 0 0 0 0 0 0 0 0 0 
176 336 0 0 0 0 0 0 0 0 0 0 0 0 0 0 
208 336 0 0 0 0 0 0 0 0 0 0 0 0 0 0 
240 336 0 0 0 0 0 0 0 0 0 0 0 0 0 0 
272 336 0 0 0 0 0 0 0 0 0 0 0 0 0 0 
304 336 0 0 0 0 0 0 0 0 0 0 0 0 0 0 
336 336 0 0 0 0 0 0 0 0 0 0 0 0 0 0 
368 336 0 0 0 0 0 0 0 0 0 0 0 0 0 0 
400 336 0 0 0 0 0 0 0 0 0 0 0 0 0 0 
432 336 0 0 0 0 0 0 0 0 0 0 0 0 0 0 
464 336 0 0 0 0 0 0 0 0 0 0 0 0 0 0 
496 336 0 0 0 0 0 0 0 0 0 0 0 0 0 0 
528 336 0 0 0 0 0 0 0 0 0 0 0 0 0 0 
560 336 0 0 0 0 0 0 0 0 0 0 0 0 0 0 
592 336 0 0 0 0 0 0 0 0 0 0 0 0 0 0 
624 336 0 0 0 0 0 0 0 0 0 0 0 0 0 0 
656 336 0 0 0 0 0 0 0 0 0 0 0 0 0 0 
688 336 0 0 0 0 0 0 0 0 0 0 0 0 0 0 
720 336 0 0 0 0 0 0 0 0 0 0 0 0 0 0 
752 336 0 0 0 0 0 0 0 0 0 0 0 0 0 0 
784 336 0 0 0 0 0 0 0 0 0 0 0 0 0 0 
816 336 0 0 0 0 0 0 0 0 0 0 0 0 0 0 
848 336 0 0 0 0 0 0 0 0 0 0 0 0 0 0 
880 336 0 0 0 0 0 0 0 0 0 0 0 0 0 0 
912 336 0 0 0 0 0 0 0 0 0 0 0 0 0 0 
944 336 0 0 0 0 0 0 0 0 0 0 0 0 0 0 
976 336 0 0 0 0 0 0 0 0 0 0 0 0 0 0 
1008 336 0 0 0 0 0 0 0 0 0 0 0 0 0 0 
1040 336 0 0 0 0 0 0 0 0 0 0 0 0 0 0 
1072 336 0 0 0 0 0 0 0 0 0 0 0 0 0 0 
1104 336 0 0 0 0 0 0 0 0 0 0 0 0 0 0 
1136 336 0 0 0 0 0 0 0 0 0 0 0 0 0 0 
1168 336 0 0 0 0 0 0 0 0 0 0 0 0 0 0 
1200 336 0 0 0 0 0 0 0 0 0 0 0 0 0 0 
1232 336 0 0 0 0 0 0 0 0 0 0 0 0 0 0 
1264 336 0 0 0 0 0 0 0 0 0 0 0 0 0 0 
1296 336 0 0 0 0 0 0 0 0 0 0 0 0 0 0 
1328 336 0 0 0 0 0 0 0 0 0 0 0 0 0 0 
1360 336 0 0 0 0 0 0 0 0 0 0 0 0 0 0 
1392 336 0 0 0 0 0 0 0 0 0 0 0 0 0 0 
1424 336 0 0 0 0 0 0 0 0 0 0 0 0 0 0 
1456 336 0 0 0 0 0 0 0 0 0 0 0 0 0 0 
1488 336 0 0 0 0 0 0 0 0 0 0 0 0 0 0 
1520 336 0 0 0 0 0 0 0 0 0 0 0 0 0 0 
1552 336 0 0 0 0 0 0 0 0 0 0 0 0 0 0 
1584 336 0 0 0 0 0 0 0 0 0 0 0 0 0 0 
1616 336 0 0 0 0 0 0 0 0 0 0 0 0 0 0 
1648 336 0 0 0 0 0 0 0 0 0 0 0 0 0 0 
1680 336 0 0 0 0 0 0 0 0 0 0 0 0 0 0 
1712 336 0 0 0 0 0 0 0 0 0 0 0 0 0 0 
1744 336 0 0 0 0 0 0 0 0 0 0 0 0 0 0 
1776 336 0 0 0 0 0 0 0 0 0 0 0 0 0 0 
1808 336 0 0 0 0 0 0 0 0 0 0 0 0 0 0 
1840 336 0 0 0 0 0 0 0 0 0 0 0 0 0 0 
1872 336 0 0 0 0 0 0 0 0 0 0 0 0 0 0 
1904 336 0 0 0 0 0 0 0 0 0 0 0 0 0 0 
1936 336 0 0 0 0 0 0 0 0 0 0 0 0 0 0 
1968 336 0 0 0 0 0 0 0 0 0 0 0 0 0 0 
2000 336 0 0 0 0 0 0 0 0 0 0 0 0 0 0 
2032 336 0 0 0 0 0 0 0 0 0 0 0 0 0 0 
2064 336 0 0 0 0 0 0 0 0 0 0 0 0 0 0 
2096 336 0 0 0 0 0 0 0 0 0 0 0 0 0 0 
2128 336 0 0 0 0 0 0 0 0 0 0 0 0 0 0 
2160 336 0 0 0 0 0 0 0 0 0 0 0 0 0 0 
2192 336 0 0 0 0 0 0 0 0 0 0 0 0 0 0 
2224 336 0 0 0 0 0 0 0 0 0 0 0 0 0 0 
2256 336 0 0 0 0 0 0 0 0 0 0 0 0 0 0 
2288 336 0 0 0 0 0 0 0 0 0 0 0 0 0 0 
2320 336 0 0 0 0 0 0 0 0 0 0 0 0 0 0 
2352 336 0 0 0 0 0 0 0 0 0 0 0 0 0 0 
2384 336 0 0 0 0 0 0 0 0 0 0 0 0 0 0 
2416 336 0 0 0 0 0 0 0 0 0 0 0 0 0 0 
2448 336 0 0 0 0 0 0 0 0 0 0 0 0 0 0 
2480 336 0 0 0 0 0 0 0 0 0 0 0 0 0 0 
2512 336 0 0 0 0 0 0 0 0 0 0 0 0 0 0 
48 368 0 0 0 0 0 0 0 0 0 0 0 0 0 0 
80 368 0 0 0 0 0 0 0 0 0 0 0 0 0 0 
112 368 0 0 0 0 0 0 0 0 0 0 0 0 0 0 
144 368 0 0 0 0 0 0 0 0 0 0 0 0 0 0 
176 368 0 0 0 0 0 0 0 0 0 0 0 0 0 0 
208 368 0 0 0 0 0 0 0 0 0 0 0 0 0 0 
240 368 0 0 0 0 0 0 0 0 0 0 0 0 0 0 
272 368 0 0 0 0 0 0 0 0 0 0 0 0 0 0 
304 368 0 0 0 0 0 0 0 0 0 0 0 0 0 0 
336 368 0 0 0 0 0 0 0 0 0 0 0 0 0 0 
368 368 0 0 0 0 0 0 0 0 0 0 0 0 0 0 
400 368 0 0 0 0 0 0 0 0 0 0 0 0 0 0 
432 368 0 0 0 0 0 0 0 0 0 0 0 0 0 0 
464 368 0 0 0 0 0 0 0 0 0 0 0 0 0 0 
496 368 0 0 0 0 0 0 0 0 0 0 0 0 0 0 
528 368 0 0 0 0 0 0 0 0 0 0 0 0 0 0 
560 368 0 0 0 0 0 0 0 0 0 0 0 0 0 0 
592 368 0 0 0 0 0 0 0 0 0 0 0 0 0 0 
624 368 0 0 0 0 0 0 0 0 0 0 0 0 0 0 
656 368 0 0 0 0 0 0 0 0 0 0 0 0 0 0 
688 368 0 0 0 0 0 0 0 0 0 0 -0.001068849799 0.000752417478 0.001307123542 0 
720 368 0 0 0 0 0 0 0 0 0 0 -0.003206549398 0.002257252433 0.003921370626 0 
752 368 0 0 0 0 0 0 0 0 0 0 -0.003186235503 0.003030925624 0.004397568285 0 
784 368 0 0 0 0 0 0 0 0 0 0 -0.001007908116 0.003073437051 0.003234485133 0 
816 368 0 0 0 0 0 0 0 0 0 0 -0.001606070125 0.001814114909 0.002422906137 0 
848 368 0 0 0 0 0 0 0 0 0 0 -0.004980721532 -0.000747040802 0.005036432958 0 
880 368 0 0 0 0 0 0 0 0 0 0 -0.01225341644 -0.004824313114 0.013168910793 0 
912 368 0 0 0 0 0 0 0 0 0 0 -0.02342415485 -0.010417702027 0.02563629353 0 
944 368 0 0 0 0 0 0 0 0 0 0 -0.017187978622 -0.014088793232 0.022224326848 0 
976 368 0 0 0 0 0 0 0 0 0 0 0.006455112244 -0.015837586729 0.017102562015 0 
1008 368 0 0 0 0 0 0 0 0 0 0 0.01626375195 -0.013477503441 0.021122327677 0 
1040 368 0 0 0 0 0 0 0 0 0 0 0.012237940495 -0.007008543367 0.014102725541 0 
1072 368 0 0 0 0 0 0 0 0 0 0 0.01233891726 -0.00203870439 0.012506206249 0 
1104 368 0 0 0 0 0 0 0 0 0 0 0.016566682245 0.00143201349 0.016628458234 0 
1136 368 0 0 0 0 0 0 0 0 0 0 0.015465341707 0.003197372591 0.015792402781 0 
1168 368 0 0 0 0 0 0 0 0 0 0 0.009034895644 0.003257372915 0.009604156267 0 
1200 368 0 0 0 0 0 0 0 0 0 0 0.004119617907 0.00285780722 0.005013812303 0 
1232 368 0 0 0 0 0 0 0 0 0 0 0.000719508496 0.001998675505 0.002124240159 0 
1264 368 0 0 0 0 0 0 0 0 0 0 0.00039262676 0.001355327807 0.001411052528 0 
1296 368 0 0 0 0 0 0 0 0 0 0 0.003138972697 0.000927764126 0.003273208803 0 
1328 368 0 0 0 0 0 0 0 0 0 0 0.001669429683 0.000532214606 0.001752212274 0 
1360 368 0 0 0 0 0 0 0 0 0 0 -0.004016002283 0.000168679248 0.004019543137 0 
1392 368 0 0 0 0 0 0 0 0 0 0 -0.006533662416 -0.000135898687 0.006535075594 0 
1424 368 0 0 0 0 0 0 0 0 0 0 -0.005883550716 -0.000381519197 0.005895907558 0 
1456 368 0 0 0 0 0 0 0 0 0 0 -0.004923031303 -0.000571942768 0.004956143232 0 
1488 368 0 0 0 0 0 0 0 0 0 0 -0.003652104176 -0.0007071694 0.003719939982 0 
1520 368 0 0 0 0 0 0 0 0 0 0 -0.002627088467 -0.000693494117 0.002717080768 0 
1552 368 0 0 0 0 0 0 0 0 0 0 -0.001847984176 -0.000530916918 0.001922737187 0 
1584 368 0 0 0 0 0 0 0 0 0 0 -0.001672547727 -0.000284947271 0.001696646942 0 
1616 368 0 0 0 0 0 0 0 0 0 0 -0.002100779119 0.000044414825 0.002101248577 0 
1648 368 0 0 0 0 0 0 0 0 0 0 -0.001746712783 0.000268674431 0.001767255357 0 
1680 368 0 0 0 0 0 0 0 0 0 0 -0.00061034872 0.000387831547 0.000723145123 0 
1712 368 0 0 0 0 0 0 0 0 0 0 0.000000000447 0.000367183042 0.000367183042 0 
1744 368 0 0 0 0 0 0 0 0 0 0 0.000084334716 0.000206728914 0.000223269318 0 
1776 368 0 0 0 0 0 0 0 0 0 0 0.000094876388 0.000094876388 0.000134175475 0 
1808 368 0 0 0 0 0 0 0 0 0 0 0.000031625463 0.000031625463 0.000044725158 0 
1840 368 0 0 0 0 0 0 0 0 0 0 0 0 0 0 
1872 368 0 0 0 0 0 0 0 0 0 0 0 0 0 0 
1904 368 0 0 0 0 0 0 0 0 0 0 0 0 0 0 
1936 368 0 0 0 0 0 0 0 0 0 0 0 0 0 0 
1968 368 0 0 0 0 0 0 0 0 0 0 0 0 0 0 
2000 368 0 0 0 0 0 0 0 0 0 0 0 0 0 0 
2032 368 0 0 0 0 0 0 0 0 0 0 0 0 0 0 
2064 368 0 0 0 0 0 0 0 0 0 0 0 0 0 0 
2096 368 0 0 0 0 0 0 0 0 0 0 0 0 0 0 
2128 368 0 0 0 0 0 0 0 0 0 0 0 0 0 0 
2160 368 0 0 0 0 0 0 0 0 0 0 0 0 0 0 
2192 368 0 0 0 0 0 0 0 0 0 0 0 0 0 0 
2224 368 0 0 0 0 0 0 0 0 0 0 0 0 0 0 
2256 368 0 0 0 0 0 0 0 0 0 0 0 0 0 0 
2288 368 0 0 0 0 0 0 0 0 0 0 0 0 0 0 
2320 368 0 0 0 0 0 0 0 0 0 0 0 0 0 0 
2352 368 0 0 0 0 0 0 0 0 0 0 0 0 0 0 
2384 368 0 0 0 0 0 0 0 0 0 0 0 0 0 0 
2416 368 0 0 0 0 0 0 0 0 0 0 0 0 0 0 
2448 368 0 0 0 0 0 0 0 0 0 0 0 0 0 0 
2480 368 0 0 0 0 0 0 0 0 0 0 0 0 0 0 
2512 368 0 0 0 0 0 0 0 0 0 0 0 0 0 0 
48 400 0 0 0 0 0 0 0 0 0 0 0 0 0 0 
80 400 0 0 0 0 0 0 0 0 0 0 0 0 0 0 
112 400 0 0 0 0 0 0 0 0 0 0 0 0 0 0 
144 400 0 0 0 0 0 0 0 0 0 0 0 0 0 0 
176 400 0 0 0 0 0 0 0 0 0 0 0 0 0 0 
208 400 0 0 0 0 0 0 0 0 0 0 0 0 0 0 
240 400 0 0 0 0 0 0 0 0 0 0 0 0 0 0 
272 400 0 0 0 0 0 0 0 0 0 0 0 0 0 0 
304 400 0 0 0 0 0 0 0 0 0 0 0 0 0 0 
336 400 0 0 0 0 0 0 0 0 0 0 0 0 0 0 
368 400 0 0 0 0 0 0 0 0 0 0 0 0 0 0 
400 400 0 0 0 0 0 0 0 0 0 0 0 0 0 0 
432 400 0 0 0 0 0 0 0 0 0 0 0 0 0 0 
464 400 0 0 0 0 0 0 0 0 0 0 0 0 0 0 
496 400 0 0 0 0 0 0 0 0 0 0 0 0 0 0 
528 400 0 0 0 0 0 0 0 0 0 0 0 0 0 0 
560 400 0 0 0 0 0 0 0 0 0 0 0 0 0 0 
592 400 0 0 0 0 0 0 0 0 0 0 0 0 0 0 
624 400 0 0 0 0 0 0 0 0 0 0 0 0 0 0 
656 400 0 0 0 0 0 0 0 0 0 0 0 0 0 0 
688 400 0 0 0 0 0 0 0 0 0 0 -0.003206549398 0.002257252433 0.003921370626 0 
720 400 0 0 0 0 0 0 0 0 0 0 -0.009619648193 0.006771757299 0.011764111878 0 
752 400 0 0 0 0 0 0 0 0 0 0 -0.00955870651 0.009092776872 0.013192704855 0 
784 400 0 0 0 0 0 0 0 0 0 0 -0.003023724348 0.009220311153 0.0097034554 0 
816 400 0 0 0 0 0 0 0 0 0 0 -0.004818210376 0.005442344727 0.007268718412 0 
848 400 0 0 0 0 0 0 0 0 0 0 -0.014942164595 -0.002241122407 0.015109298873 0 
880 400 0 0 0 0 0 0 0 0 0 0 -0.036760249319 -0.014472939343 0.039506732379 0 
912 400 0 0 0 0 0 0 0 0 0 0 -0.07027246455 -0.031253106081 0.07690888059 0 
944 400 0 0 0 0 0 0 0 0 0 0 -0.051563935866 -0.042266379695 0.066672980543 0 
976 400 0 0 0 0 0 0 0 0 0 0 0.019365336732 -0.047512760187 0.051307686046 0 
1008 400 0 0 0 0 0 0 0 0 0 0 0.048791255849 -0.040432510322 0.06336698303 0 
1040 400 0 0 0 0 0 0 0 0 0 0 0.036713821485 -0.021025630101 0.042308176623 0 
1072 400 0 0 0 0 0 0 0 0 0 0 0.03701675178 -0.00611611317 0.037518618747 0 
1104 400 0 0 0 0 0 0 0 0 0 0 0.049700046736 0.004296040469 0.049885374703 0 
1136 400 0 0 0 0 0 0 0 0 0 0 0.04639602512 0.009592117774 0.047377208342 0 
1168 400 0 0 0 0 0 0 0 0 0 0 0.027104686933 0.009772118745 0.028812468802 0 
1200 400 0 0 0 0 0 0 0 0 0 0 0.012358853722 0.008573421659 0.015041436908 0 
1232 400 0 0 0 0 0 0 0 0 0 0 0.002158525489 0.005996026516 0.006372720476 0 
1264 400 0 0 0 0 0 0 0 0 0 0 0.001177880279 0.004065983422 0.004233157585 0 
1296 400 0 0 0 0 0 0 0 0 0 0 0.009416918092 0.002783292379 0.009819626409 0 
1328 400 0 0 0 0 0 0 0 0 0 0 0.005008289049 0.001596643819 0.005256636823 0 
1360 400 0 0 0 0 0 0 0 0 0 0 -0.01204800685 0.000506037743 0.01205862941 0 
1392 400 0 0 0 0 0 0 0 0 0 0 -0.019600987249 -0.00040769606 0.019605226783 0 
1424 400 0 0 0 0 0 0 0 0 0 0 -0.017650652149 -0.00114455759 0.017687722674 0 
1456 400 0 0 0 0 0 0 0 0 0 0 -0.014769093909 -0.001715828303 0.014868429697 0 
1488 400 0 0 0 0 0 0 0 0 0 0 -0.010956312527 -0.002121508199 0.011159819946 0 
1520 400 0 0 0 0 0 0 0 0 0 0 -0.0078812654 -0.00208048235 0.008151242305 0 
1552 400 0 0 0 0 0 0 0 0 0 0 -0.005543952528 -0.001592750755 0.00576821156 0 
1584 400 0 0 0 0 0 0 0 0 0 0 -0.00501764318 -0.000854841814 0.005089940825 0 
1616 400 0 0 0 0 0 0 0 0 0 0 -0.006302337356 0.000133244474 0.00630374573 0 
1648 400 0 0 0 0 0 0 0 0 0 0 -0.005240138349 0.000806023293 0.00530176607 0 
1680 400 0 0 0 0 0 0 0 0 0 0 -0.001831046159 0.001163494641 0.002169435368 0 
1712 400 0 0 0 0 0 0 0 0 0 0 0.00000000134 0.001101549125 0.001101549125 0 
1744 400 0 0 0 0 0 0 0 0 0 0 0.000253004148 0.000620186743 0.000669807954 0 
1776 400 0 0 0 0 0 0 0 0 0 0 0.000284629164 0.000284629164 0.000402526424 0 
1808 400 0 0 0 0 0 0 0 0 0 0 0.000094876388 0.000094876388 0.000134175475 0 
1840 400 0 0 0 0 0 0 0 0 0 0 0 0 0 0 
1872 400 0 0 0 0 0 0 0 0 0 0 0 0 0 0 
1904 400 0 0 0 0 0 0 0 0 0 0 0 0 0 0 
1936 400 0 0 0 0 0 0 0 0 0 0 0 0 0 0 
1968 400 0 0 0 0 0 0 0 0 0 0 0 0 0 0 
2000 400 0 0 0 0 0 0 0 0 0 0 0 0 0 0 
2032 400 0 0 0 0 0 0 0 0 0 0 0 0 0 0 
2064 400 0 0 0 0 0 0 0 0 0 0 0 0 0 0 
2096 400 0 0 0 0 0 0 0 0 0 0 0 0 0 0 
2128 400 0 0 0 0 0 0 0 0 0 0 0 0 0 0 
2160 400 0 0 0 0 0 0 0 0 0 0 0 0 0 0 
2192 400 0 0 0 0 0 0 0 0 0 0 0 0 0 0 
2224 400 0 0 0 0 0 0 0 0 0 0 0 0 0 0 
2256 400 0 0 0 0 0 0 0 0 0 0 0 0 0 0 
2288 400 0 0 0 0 0 0 0 0 0 0 0 0 0 0 
2320 400 0 0 0 0 0 0 0 0 0 0 0 0 0 0 
2352 400 0 0 0 0 0 0 0 0 0 0 0 0 0 0 
2384 400 0 0 0 0 0 0 0 0 0 0 0 0 0 0 
2416 400 0 0 0 0 0 0 0 0 0 0 0 0 0 0 
2448 400 0 0 0 0 0 0 0 0 0 0 0 0 0 0 
2480 400 0 0 0 0 0 0 0 0 0 0 0 0 0 0 
2512 400 0 0 0 0 0 0 0 0 0 0 0 0 0 0 
48 432 0 0 0 0 0 0 0 0 0 0 0 0 0 0 
80 432 0 0 0 0 0 0 0 0 0 0 0 0 0 0 
112 432 0 0 0 0 0 0 0 0 0 0 0 0 0 0 
144 432 0 0 0 0 0 0 0 0 0 0 0 0 0 0 
176 432 0 0 0 0 0 0 0 0 0 0 0 0 0 0 
208 432 0 0 0 0 0 0 0 0 0 0 0 0 0 0 
240 432 0 0 0 0 0 0 0 0 0 0 0 0 0 0 
272 432 0 0 0 0 0 0 0 0 0 0 0 0 0 0 
304 432 0 0 0 0 0 0 0 0 0 0 0 0 0 0 
336 432 0 0 0 0 0 0 0 0 0 0 0 0 0 0 
368 432 0 0 0 0 0 0 0 0 0 0 0 0 0 0 
400 432 0 0 0 0 0 0 0 0 0 0 0 0 0 0 
432 432 0 0 0 0 0 0 0 0 0 0 0 0 0 0 
464 432 0 0 0 0 0 0 0 0 0 0 0 0 0 0 
496 432 0 0 0 0 0 0 0 0 0 0 0.000104608511 0.000141755663 0.000176174938 0 
528 432 0 0 0 0 0 0 0 0 0 0 0.000313825534 0.00042526699 0.000528524813 0 
560 432 0 0 0 0 0 0 0 0 0 0 -0.000091929214 0.001317758236 0.001320960919 0 
592 432 0 0 0 0 0 0 0 0 0 0 -0.001112655732 0.002819229403 0.003030850904 0 
624 432 0 0 0 0 0 0 0 0 0 0 0.000622922049 0.005943931026 0.005976482906 0 
656 432 0 0 0 0 0 0 0 0 0 0 0.005114804128 0.010691863107 0.011852306019 0 
688 432 0 0 0 0 0 0 0 0 0 0 0.002066570608 0.018855117801 0.018968030508 0 
720 432 0 0 0 0 0 0 0 0 0 0 -0.008521778511 0.030433695108 0.031604279883 0 
752 432 0 0 0 0 0 0 0 0 0 0 -0.009221885294 0.036258249779 0.037412616126 0 
784 432 0 0 0 0 0 0 0 0 0 0 -0.00003374974 0.036328781816 0.036328797493 0 
816 432 -0.033270444214 -0.023598875301 0.040790064644 120.091524292422 400348.9375 -0.033270444214 -0.023598875301 0.040790064644 120.091524292422 400348.9375 -0.003189011008 0.034661110021 0.034807504063 0 
848 432 0.000788934825 -0.029746713937 0.029757174063 150.643802816052 1556974 0.000788934825 -0.029746713937 0.029757174063 150.643802816052 1556974 -0.018687669098 0.031255234393 0.036415912089 0 
880 432 -0.022928389827 -0.02266478849 0.032239784388 71.549259488164 2392168.75 -0.022928389827 -0.02266478849 0.032239784388 71.549259488164 2392168.75 -0.041584891648 0.021079442392 0.046622377727 0 
912 432 -0.014063726385 -0.009436050649 0.016935980978 37.150973765813 2397108.5 -0.014063726385 -0.009436050649 0.016935980978 37.150973765813 2397108.5 -0.071880678659 0.004133734018 0.071999442508 0 
944 432 0.016944077414 -0.002577906523 0.017139059527 159.195787825401 2041381.75 0.016944077414 -0.002577906523 0.017139059527 159.195787825401 2041381.75 -0.041945959842 -0.009033375681 0.042907638285 0 
976 432 0.001072576862 0.008928798827 0.008992990027 104.059198335207 1701000.75 0.001072576862 0.008928798827 0.008992990027 104.059198335207 1701000.75 0.048219264804 -0.018421886703 0.05161844058 0 
1008 432 -0.046988897991 0.014368040443 0.049136515145 172.951704822373 1770903 -0.046988897991 0.014368040443 0.049136515145 172.951704822373 1770903 0.067131499737 -0.011781576471 0.068157492626 0 
1040 432 -0.047230000856 0.009152816136 0.048108700087 132.675456070245 1622182.875 -0.047230000856 0.009152816136 0.048108700087 132.675456070245 1622182.875 0.014790744957 0.010887555015 0.01836586482 0 
1072 432 0.022725923672 -0.003193323287 0.022949181257 105.310791075518 1734036.875 0.022725923672 -0.003193323287 0.022949181257 105.310791075518 1734036.875 -0.003796221512 0.029583888105 0.029826460286 0 
1104 432 0.035120843147 -0.002545093646 0.035212939739 79.751603001558 2091131.75 0.035120843147 -0.002545093646 0.035212939739 79.751603001558 2091131.75 0.011370600328 0.044307422799 0.045743177272 0 
1136 432 0.016496092149 0.0019634644 0.016612532879 69.060252862056 2032222.875 0.016496092149 0.0019634644 0.016612532879 69.060252862056 2032222.875 0.012730149375 0.050486906 0.052067114195 0 
1168 432 0.02361462866 0.004129936695 0.023973048698 79.743670529318 1569339 0.02361462866 0.004129936695 0.023973048698 79.743670529318 1569339 0.00028242563 0.048122337707 0.048123166465 0 
1200 432 0.027761289758 0.002818023438 0.027903950709 94.140852212355 924752.9375 0.027761289758 0.002818023438 0.027903950709 94.140852212355 924752.9375 -0.007276245975 0.041532459665 0.042165020589 0 
1232 432 -0.009539060869 0.001969578519 0.009740273189 60.392489580204 769050.9375 -0.009539060869 0.001969578519 0.009740273189 60.392489580204 769050.9375 -0.00994586544 0.030717271875 0.032287319969 0 
1264 432 -0.007185179758 0.001181406491 0.007281657054 54.962662562361 705168.9375 -0.007185179758 0.001181406491 0.007281657054 54.962662562361 705168.9375 -0.011404693114 0.023697035968 0.026298603361 0 
1296 432 0.002198861489 -0.000110898878 0.002201656287 122.536219201263 418231.9375 -32 0 32 60.351028777064 250508.96875 -0.011652728996 0.020471751947 0.023555863831 0 
1328 432 -0.006377021278 0.000807341632 0.006427923529 22.227166401844 124035.9921875 -0.006377021278 0.000807341632 0.006427923529 22.227166401844 124035.9921875 -0.029237028388 0.016502818718 0.033573007828 0 
1360 432 0 0 0 0 0 0 0 0 0 0 -0.06415759129 0.011790236283 0.065231941499 0 
1392 432 0 0 0 0 0 0 0 0 0 0 -0.065704679345 0.004264323092 0.065842914116 0 
1424 432 0 0 0 0 0 0 0 0 0 0 -0.033878292554 -0.006074920856 0.034418648576 0 
1456 432 0 0 0 0 0 0 0 0 0 0 -0.01729124371 -0.013462968542 0.021914347606 0 
1488 432 0 0 0 0 0 0 0 0 0 0 -0.015943532812 -0.017899819965 0.023970811278 0 
1520 432 0 0 0 0 0 0 0 0 0 0 -0.015696842109 -0.020369032668 0.025715527295 0 
1552 432 0 0 0 0 0 0 0 0 0 0 -0.0165511716 -0.020870606652 0.026636882388 0 
1584 432 0 0 0 0 0 0 0 0 0 0 -0.018547769344 -0.020148313351 0.027385658263 0 
1616 432 0 0 0 0 0 0 0 0 0 0 -0.02168663534 -0.018202152764 0.028313045008 0 
1648 432 0 0 0 0 0 0 0 0 0 0 -0.020043591605 -0.018830109365 0.027501246937 0 
1680 432 0 0 0 0 0 0 0 0 0 0 -0.013618638138 -0.022032183152 0.025901436237 0 
1712 432 0 0 0 0 0 0 0 0 0 0 -0.008517775597 -0.024949549278 0.026363469238 0 
1744 432 0 0 0 0 0 0 0 0 0 0 -0.004741003983 -0.027582207742 0.027986698674 0 
1776 432 0 0 0 0 0 0 0 0 0 0 -0.004522314845 -0.027368181929 0.027739299083 0 
1808 432 0 0 0 0 0 0 0 0 0 0 -0.007861708183 -0.024307471837 0.025547204205 0 
1840 432 0 0 0 0 0 0 0 0 0 0 -0.00963600934 -0.021122120173 0.023216301096 0 
1872 432 0 0 0 0 0 0 0 0 0 0 -0.009845218315 -0.017812126934 0.020351908746 0 
1904 432 0 0 0 0 0 0 0 0 0 0 -0.008445667573 -0.014657875615 0.016916932887 0 
1936 432 0 0 0 0 0 0 0 0 0 0 -0.005437357113 -0.011659366214 0.012864900811 0 
1968 432 0 0 0 0 0 0 0 0 0 0 -0.006133153474 -0.008355729197 0.010365026867 0 
2000 432 0 0 0 0 0 0 0 0 0 0 -0.010533056656 -0.004746964564 0.01155330927 0 
2032 432 0 0 0 0 0 0 0 0 0 0 -0.010583569197 -0.002034288462 0.010777303304 0 
2064 432 0 0 0 0 0 0 0 0 0 0 -0.006284691098 -0.000217700889 0.006288460533 0 
2096 432 0 0 0 0 0 0 0 0 0 0 -0.003088115636 0.000637750373 0.003153281421 0 
2128 432 0 0 0 0 0 0 0 0 0 0 -0.00099384281 0.000532065326 0.001127305213 0 
2160 432 0 0 0 0 0 0 0 0 0 0 -0.000005923417 0.000405598876 0.000405642127 0 
2192 432 0 0 0 0 0 0 0 0 0 0 -0.000124357456 0.000258351023 0.000286722912 0 
2224 432 0 0 0 0 0 0 0 0 0 0 -0.000137680857 0.000138545323 0.000195322361 0 
2256 432 0 0 0 0 0 0 0 0 0 0 -0.000045893619 0.000046181774 0.000065107454 0 
2288 432 0 0 0 0 0 0 0 0 0 0 0 0 0 0 
2320 432 0 0 0 0 0 0 0 0 0 0 0 0 0 0 
2352 432 0 0 0 0 0 0 0 0 0 0 0 0 0 0 
2384 432 0 0 0 0 0 0 0 0 0 0 0 0 0 0 
2416 432 0 0 0 0 0 0 0 0 0 0 0 0 0 0 
2448 432 0 0 0 0 0 0 0 0 0 0 0 0 0 0 
2480 432 0 0 0 0 0 0 0 0 0 0 0 0 0 0 
2512 432 0 0 0 0 0 0 0 0 0 0 0 0 0 0 
48 464 0 0 0 0 0 0 0 0 0 0 0 0 0 0 
80 464 0 0 0 0 0 0 0 0 0 0 0 0 0 0 
112 464 0 0 0 0 0 0 0 0 0 0 0 0 0 0 
144 464 0 0 0 0 0 0 0 0 0 0 0 0 0 0 
176 464 0 0 0 0 0 0 0 0 0 0 0 0 0 0 
208 464 0 0 0 0 0 0 0 0 0 0 0 0 0 0 
240 464 0 0 0 0 0 0 0 0 0 0 0 0 0 0 
272 464 0 0 0 0 0 0 0 0 0 0 0 0 0 0 
304 464 0 0 0 0 0 0 0 0 0 0 0 0 0 0 
336 464 0 0 0 0 0 0 0 0 0 0 0 0 0 0 
368 464 0 0 0 0 0 0 0 0 0 0 0 0 0 0 
400 464 0 0 0 0 0 0 0 0 0 0 0 0 0 0 
432 464 0 0 0 0 0 0 0 0 0 0 0 0 0 0 
464 464 0 0 0 0 0 0 0 0 0 0 0 0 0 0 
496 464 0 0 0 0 0 0 0 0 0 0 0.000313825534 0.00042526699 0.000528524813 0 
528 464 0 0 0 0 0 0 0 0 0 0 0.000941476601 0.00127580097 0.00158557444 0 
560 464 0 0 0 0 0 0 0 0 0 0 -0.000275787642 0.003953274709 0.003962882757 0 
592 464 0 0 0 0 0 0 0 0 0 0 -0.003337967195 0.008457688208 0.009092552712 0 
624 464 0 0 0 0 0 0 0 0 0 0 0.001868766147 0.017831793079 0.017929448717 0 
656 464 0 0 0 0 0 0 0 0 0 0 0.015344412384 0.032075589322 0.035556918057 0 
688 464 0 0 0 0 0 0 0 0 0 0 0.014750510218 0.050546013582 0.052654316449 0 
720 464 -0.027498650851 -0.061620550161 0.067477907501 156.01891383727 413664.9375 -0.027498650851 -0.061620550161 0.067477907501 156.01891383727 413664.9375 0.00008705965 0.073243065859 0.073243117601 0 
752 464 -0.129227375493 -0.083707385967 0.153969610775 121.458765217201 2448995 -0.129227375493 -0.083707385967 0.153969610775 121.458765217201 2448995 -0.002175771854 0.084527344345 0.084555342381 0 
784 464 -0.033618473704 -0.053470423924 0.063160810704 153.23039975962 4776310 -0.033618473704 -0.053470423924 0.063160810704 153.23039975962 4776310 0.007962015707 0.084398849039 0.08477357733 0 
816 464 0.012773664179 -0.031221367891 0.033733370859 155.648444401604 7578413 0.012773664179 -0.031221367891 0.033733370859 155.648444401604 7578413 0.003281527978 0.08947041079 0.089530569265 0 
848 464 -0.010933302647 0.006789461239 0.012869883087 48.925161713738 12001605 -0.010933302647 0.006789461239 0.012869883087 48.925161713738 12001605 -0.01621723504 0.099742029599 0.101051824233 0 
880 464 -0.145510070672 0.136463639844 0.199488109085 32.131246622586 14070539 31 0 31 104.706316817083 13757874 -0.026727343426 0.101832832092 0.105281891028 0 
912 464 -0.169568971804 0.220784864817 0.278387486664 21.086646099327 11776775 -0.030202762874 -26.635139305007 26.635156429126 163.496401985166 8431352 -0.028248797178 0.095742818269 0.099823252762 0 
944 464 0.472861200045 0.130378213847 0.490506058224 66.825502206681 9641640 25.899994214348 -27.265129313201 37.605810412339 128.711078818579 6871171.5 0.01166594945 0.085610218813 0.086401411688 0 
976 464 0.04302244805 0.053526182278 0.06867301672 13.685402988282 10037592 -13 31 33.615472627943 75.227466450633 6108786.5 0.09301689646 0.071435033723 0.117282168594 0 
1008 464 -0.126469821791 0.047089472796 0.134951970241 114.103217107757 8868844 23.295611069331 -26.668497303397 35.410369152479 94.336550954349 5546924.5 0.071284483614 0.072475298112 0.101657003893 0 
1040 464 0.041830015501 0.026822133136 0.049690814269 88.43382036561 6167669.5 0.718537062908 -26.966824331027 26.976395422874 150.423778795304 3692248.25 -0.053531289087 0.08873101198 0.103628139992 0 
1072 464 0.032949806836 0.005866078803 0.03346790479 126.246874699104 6115701 10 -32 33.52610922848 151.012502410836 3032076 -0.110100002618 0.105061299436 0.152183728485 0 
1104 464 -0.006243973747 0.006993402496 0.009375227283 2.742507018571 7822287 -4 -32 32.249030993194 133.857809239981 3292600.5 -0.098421656978 0.12146616048 0.156335698751 0 
1136 464 0.02383621638 0.033415501958 0.041045840013 69.69608200878 9594659 0.02383621638 0.033415501958 0.041045840013 69.69608200878 9594659 -0.085532285527 0.125881737268 0.152190616153 0 
1168 464 0.026146078788 0.02934483734 0.03930314128 72.823543639129 8966343 0.026146078788 0.02934483734 0.03930314128 72.823543639129 8966343 -0.071431888264 0.1183080298 0.138200233632 0 
1200 464 -0.001888703023 0.011582524699 0.011735504996 19.04167059609 7249997 -0.001888703023 0.011582524699 0.011735504996 19.04167059609 7249997 -0.054785681185 0.101734921238 0.115548539853 0 
1232 464 -0.020494552843 0.011986990374 0.023742675385 34.628687030652 8608916 -0.020494552843 0.011986990374 0.023742675385 34.628687030652 8608916 -0.035593664291 0.076162411582 0.084069149369 0 
1264 464 -0.013378525368 -0.004912076414 0.014251787106 78.361657809361 9957442 -0.013378525368 -0.004912076414 0.014251787106 78.361657809361 9957442 -0.037355093419 0.060248485446 0.070889230513 0 
1296 464 0.011953537355 0.01869861912 0.02219291356 80.639322298062 9360130 0.011953537355 0.01869861912 0.02219291356 80.639322298062 9360130 -0.060069968567 0.053993142829 0.08076918098 0 
1328 464 0.002076599069 0.052047238146 0.052088648114 68.16519474631 9015798 0.002076599069 0.052047238146 0.052088648114 68.16519474631 9015798 -0.101066522628 0.045250739303 0.110734237721 0 
1360 464 0 0.025781007292 0.025781007292 78.020875263157 8732218 0 0.025781007292 0.025781007292 78.020875263157 8732218 -0.160344755603 0.034021274869 0.163914269644 0 
1392 464 -0.027192952719 0 0.027192952719 5.473816447337 7731632 -0.027192952719 0 0.027192952719 5.473816447337 7731632 -0.144844738703 0.01388015877 0.145508271715 0 
1424 464 -0.028939837868 0.000561212705 0.028945278985 16.64994420299 7735157.5 -0.028939837868 0.000561212705 0.028945278985 16.64994420299 7735157.5 -0.05456647193 -0.015172608994 0.056636630572 0 
1456 464 -0.024528856545 0.002028263668 0.024612571115 75.501365378128 8386853.5 -0.024528856545 0.002028263668 0.024612571115 75.501365378128 8386853.5 -0.012489480706 -0.035813363483 0.037928671639 0 
1488 464 0.005268889781 -0.005784332562 0.007824302059 63.50877598255 7951989 0.005268889781 -0.005784332562 0.007824302059 63.50877598255 7951989 -0.018613765032 -0.048042104697 0.051521996006 0 
1520 464 -0.021619481453 -0.013778079784 0.025636642932 32.350076877487 6946145.5 -0.021619481453 -0.013778079784 0.025636642932 32.350076877487 6946145.5 -0.026073818595 -0.055559145073 0.061373142475 0 
1552 464 -0.025316601681 -0.015497653244 0.02968345628 27.670911409616 5727048 -0.025316601681 -0.015497653244 0.02968345628 27.670911409616 5727048 -0.034869641394 -0.058364484609 0.067987535288 0 
1584 464 -0.037745482305 -0.002963096996 0.037861608237 49.509231782816 5077529.5 -0.037745482305 -0.002963096996 0.037861608237 49.509231782816 5077529.5 -0.04226292622 -0.058165361882 0.071898291047 0 
1616 464 -0.024771526714 0.003181073871 0.024974942777 56.036172855844 4950827 -0.024771526714 0.003181073871 0.024974942777 56.036172855844 4950827 -0.048253673073 -0.054961776891 0.073138320216 0 
1648 464 -0.066849501062 -0.004005954801 0.066969421874 48.363315726131 4724952.5 -0.066849501062 -0.004005954801 0.066969421874 48.363315726131 4724952.5 -0.046157072552 -0.058639723541 0.074626352742 0 
1680 464 -0.022180790064 -0.003049808473 0.022389479216 54.703436950685 4823758 -0.022180790064 -0.003049808473 0.022389479216 54.703436950685 4823758 -0.035973124655 -0.069199201832 0.077990994555 0 
1712 464 -0.003551836569 -0.006966485643 0.007819684471 8.828844412802 4288306 -0.003551836569 -0.006966485643 0.007819684471 8.828844412802 4288306 -0.025553330364 -0.077786112165 0.081875832444 0 
1744 464 -0.001828645564 -0.013629690058 0.013751814268 2.368746575086 3595560.75 -0.001828645564 -0.013629690058 0.013751814268 2.368746575086 3595560.75 -0.014897689676 -0.084400454541 0.085705180032 0 
1776 464 -0.023493043788 -0.005735215263 0.02418296509 66.472375265219 3170938 -0.023493043788 -0.005735215263 0.02418296509 66.472375265219 3170938 -0.014325955638 -0.08286355689 0.084092818156 0 
1808 464 -0.021529705165 0.004176476736 0.021931054749 82.934373927709 2461983.75 -0.021529705165 0.004176476736 0.021931054749 82.934373927709 2461983.75 -0.023838128251 -0.073175419214 0.076960368604 0 
1840 464 -0.036926284537 -0.000122078422 0.036926486332 65.28788869693 2234224 -0.036926284537 -0.000122078422 0.036926486332 65.28788869693 2234224 -0.02890802802 -0.063366360518 0.069648903289 0 
1872 464 -0.040724471382 -0.003246135743 0.0408536408 56.512054020787 2344521 -0.040724471382 -0.003246135743 0.0408536408 56.512054020787 2344521 -0.029535654946 -0.053436380803 0.061055726238 0 
1904 464 -0.010697289346 -0.002350229064 0.010952423294 47.658842710649 2291661.75 -0.010697289346 -0.002350229064 0.010952423294 47.658842710649 2291661.75 -0.025337002719 -0.043973626844 0.05075079866 0 
1936 464 -0.008574715872 -0.001789442771 0.008759443916 53.210181234682 2074824.75 -0.008574715872 -0.001789442771 0.008759443916 53.210181234682 2074824.75 -0.01631207134 -0.034978098641 0.038594702434 0 
1968 464 -0.003452097483 -0.00103463974 0.003603811375 37.036940063887 1858489.75 -0.003452097483 -0.00103463974 0.003603811375 37.036940063887 1858489.75 -0.018399460423 -0.02506718759 0.031095080601 0 
2000 464 0.004432429666 -0.000960468763 0.004535298555 143.513726225354 1652976.75 0.004432429666 -0.000960468763 0.004535298555 143.513726225354 1652976.75 -0.031599169968 -0.014240893693 0.03465992781 0 
2032 464 -0.010305309586 0.0000833941 0.010305647007 11.343883888769 1464337.75 -0.010305309586 0.0000833941 0.010305647007 11.343883888769 1464337.75 -0.031750707592 -0.006102865386 0.032331909911 0 
2064 464 0.000738225045 0.000074374253 0.000741962093 176.230936335336 1244123.75 0.000738225045 0.000074374253 0.000741962093 176.230936335336 1244123.75 -0.018854073294 -0.000653102668 0.018865381599 0 
2096 464 0 0 0 0 509179.9375 0 0 0 0 509179.9375 -0.009264346908 0.00191325112 0.009459844262 0 
2128 464 0 0 0 0 0 0 0 0 0 0 -0.002981528431 0.001596195979 0.003381915638 0 
2160 464 0 0 0 0 0 0 0 0 0 0 -0.000017770251 0.001216796629 0.001216926381 0 
2192 464 0 0 0 0 0 0 0 0 0 0 -0.000373072369 0.00077505307 0.000860168736 0 
2224 464 0 0 0 0 0 0 0 0 0 0 -0.000413042571 0.000415635968 0.000585967084 0 
2256 464 0 0 0 0 0 0 0 0 0 0 -0.000137680857 0.000138545323 0.000195322361 0 
2288 464 0 0 0 0 0 0 0 0 0 0 0 0 0 0 
2320 464 0 0 0 0 0 0 0 0 0 0 0 0 0 0 
2352 464 0 0 0 0 0 0 0 0 0 0 0 0 0 0 
2384 464 0 0 0 0 0 0 0 0 0 0 0 0 0 0 
2416 464 0 0 0 0 0 0 0 0 0 0 0 0 0 0 
2448 464 0 0 0 0 0 0 0 0 0 0 0 0 0 0 
2480 464 0 0 0 0 0 0 0 0 0 0 0 0 0 0 
2512 464 0 0 0 0 0 0 0 0 0 0 0 0 0 0 
48 496 0 0 0 0 0 0 0 0 0 0 0 0 0 0 
80 496 0 0 0 0 0 0 0 0 0 0 0 0 0 0 
112 496 0 0 0 0 0 0 0 0 0 0 0 0 0 0 
144 496 0 0 0 0 0 0 0 0 0 0 0 0 0 0 
176 496 0 0 0 0 0 0 0 0 0 0 0 0 0 0 
208 496 0 0 0 0 0 0 0 0 0 0 0 0 0 0 
240 496 0 0 0 0 0 0 0 0 0 0 0 0 0 0 
272 496 0 0 0 0 0 0 0 0 0 0 0 0 0 0 
304 496 0 0 0 0 0 0 0 0 0 0 0 0 0 0 
336 496 0 0 0 0 0 0 0 0 0 0 0 0 0 0 
368 496 0 0 0 0 0 0 0 0 0 0 0 0 0 0 
400 496 0 0 0 0 0 0 0 0 0 0 0 0 0 0 
432 496 0 0 0 0 0 0 0 0 0 0 0.000416954644 -0.000083923239 0.000425316688 0 
464 496 0 0 0 0 0 0 0 0 0 0 0.001250863931 -0.000251769716 0.001275950064 0 
496 496 0 0 0 0 0 0 0 0 0 0 0.001847517416 0.000418226638 0.001894263477 0 
528 496 0 0 0 0 0 0 0 0 0 0 0.002206915096 0.001926065823 0.00292919849 0 
560 496 0 0 0 0 0 0 0 0 0 0 0.000607810502 0.005559197536 0.005592326068 0 
592 496 0 0 0 0 0 0 0 0 0 0 -0.002949796366 0.011317621778 0.011695719786 0 
624 496 -0.020022961435 -0.027335252182 0.033884140782 152.736249723336 612634.875 -0.020022961435 -0.027335252182 0.033884140782 152.736249723336 612634.875 0.003722074541 0.023609920872 0.023901510465 0 
656 496 -0.030007213253 -0.027759474991 0.040878127392 158.69089441668 2032710.75 -0.030007213253 -0.027759474991 0.040878127392 158.69089441668 2032710.75 0.020623423223 0.042436094821 0.047182069995 0 
688 496 0.051090141429 0.049550650351 0.071172111824 28.21080340623 6570914.5 0.051090141429 0.049550650351 0.071172111824 28.21080340623 6570914.5 0.021332267005 0.066981744592 0.070296655142 0 
720 496 0.011998438227 0.094001695159 0.094764345683 3.832210421904 12586323 0.011998438227 0.094001695159 0.094764345683 3.832210421904 12586323 0.005848605888 0.097246870186 0.097422584403 0 
752 496 -0.108515792016 0.081116065713 0.135482446219 54.433494073717 19345648 0 -32 32 178.788218437938 8114504 0.002657483458 0.125633107315 0.12566121069 0 
784 496 -0.025830738804 0.108297396313 0.111335318365 17.834939408163 25657156 0 -32 32 175.580409278754 16681679 0.011758899716 0.152140455979 0.152594200637 0 
816 496 0.037702394832 0.159205494864 0.163608863363 14.828443461089 28653334 -31 -32 44.553338819891 134.404047317176 23691758 -0.011154116205 0.424448725166 0.424595259752 0 
848 496 0.075570487183 0.339274808698 0.347589260982 16.567515854428 30626126 -24 -32 40 139.11972849832 28931448 -0.066081564302 0.942557914878 0.944871523563 0 
880 496 -0.143441775314 3.838915265837 3.841594195277 1.540097807305 31077716 -0.139590533418 -26.796607220153 26.796970799479 176.021564346614 30462768 -0.068587461548 1.066412845053 1.068616206117 0 
912 496 -0.180889457402 3.331212145181 3.336119804804 1.764467560938 27500212 -1.236880598753 -26.696613418098 26.725251011187 176.003606160985 26417614 -0.018671807943 0.79601351569 0.796232474578 0 
944 496 2.919728916954 0.405050372185 2.947691088379 77.555041574654 27145230 -16 31 34.885527085025 31.846369207659 24146822 0.042782155333 0.537980748201 0.539679162327 0 
976 496 -0.228854286784 0.317799759223 0.391626060856 57.365047005144 29036876 -0.228854286784 0.317799759223 0.391626060856 57.365047005144 29036876 0.115774428277 0.292314542585 0.314406599883 0 
1008 496 -0.269045407096 0.357517067641 0.447441487497 51.825627562682 26075804 31 0 31 75.137246775655 25649356 0.069711816713 0.262683367706 0.271776174561 0 
1040 496 0.151994061322 0.325826486514 0.359534551874 37.002278594349 20792168 0.151994061322 0.325826486514 0.359534551874 37.002278594349 20792168 -0.095405679361 0.449087223564 0.459109549044 0 
1072 496 -0.274006011324 0.428643472483 0.508738165212 19.441632509223 17004810 20 -32 37.735924528226 161.141321110649 14063308 -0.175470447192 0.751264704163 0.771484629503 0 
1104 496 0.001514404868 4.125042941227 4.125043219215 8.316828830218 15370487 30 -31 43.139309220246 144.234985084982 13620060 -0.17048248678 1.169215809504 1.181579403803 0 
1136 496 0.293743313884 9.041846909794 9.046617084558 7.941116401626 15246409 -25 -31 39.82461550348 135.035106010588 13792197 -0.150240880646 1.4104059323 1.418385425787 0 
1168 496 0.145747060596 13.348680696643 13.34947633979 5.074340969647 13877634 -8 -31 32.015621187164 161.080921854273 12624932 -0.11474562879 1.474835072554 1.479292077502 0 
1200 496 21.542539823179 18.190265544832 28.195155304144 52.928790915896 11889256 -0.036202619077 1.443590148345 1.444044024961 1.669569292017 11770445 -0.080423710226 1.482039024575 1.484219540206 0 
1232 496 0.017458390316 1.297031434867 1.297148926849 2.661985690107 12830047 -16.822540051708 20.028599564136 26.156120780647 38.136955128456 12728068 -0.047275124954 1.432017788363 1.432797921421 0 
1264 496 -0.057254026888 2.89864068293 2.899206069312 0.945349896203 14381577 -23 -31 38.600518131238 141.350058525074 13322133 -0.051833122805 1.429295244665 1.430234795074 0 
1296 496 0.195598612284 1.679403189783 1.690755420213 10.296286543187 14065047 -0.076622867556 22.723775327565 22.723904510481 3.459831986899 13661650 -0.094097703778 1.47387139348 1.476872121199 0 
1328 496 0.116008343331 1.021036851836 1.02760604734 13.20195563924 13346689 31 0 31 96.719910815992 13188467 -0.151882157083 1.289045140737 1.297962081302 0 
1360 496 -0.038349353093 0.015715197689 0.041444424487 53.281524086057 12864950 -21 -32 38.275318418009 132.289984749286 11492440 -0.22518648272 0.874816486436 0.903334288588 0 
1392 496 -0.173444947296 0.014370216081 0.174039227914 65.485479522771 12214702 -32 -32 45.254833995939 115.221717288794 11023354 -0.188887770304 0.525280586553 0.558209892764 0 
1424 496 -0.112814837878 0.033321324728 0.117632896449 63.408417325288 12562298 27 -32 41.868842830917 149.980394394149 11310549 -0.042986019835 0.240437441088 0.244249792177 0 
1456 496 -0.042136133351 -0.013069735327 0.044116569623 114.977496484128 13649185 25 -32 40.607881008494 134.256553156817 11720740 0.020360793233 0.14971163953 0.151089830603 0 
1488 496 0.027996459156 -0.019883726536 0.034338961928 125.122310509891 14074878 0.027996459156 -0.019883726536 0.034338961928 125.122310509891 14074878 0.001152668902 0.253103181877 0.253105806575 0 
1520 496 -0.07365479413 -0.025913389108 0.078080294782 98.256428389031 13950560 -0.07365479413 -0.025913389108 0.078080294782 98.256428389031 13950560 -0.079135658093 0.402369914006 0.410078041449 0 
1552 496 -0.045082349021 -0.046033467049 0.064432121506 115.342119181912 13397478 -0.045082349021 -0.046033467049 0.064432121506 115.342119181912 13397478 -0.220504187752 0.597511835914 0.636900691532 0 
1584 496 -0.046837781895 -0.02758811571 0.05435882579 98.346085032433 13152820 -0.046837781895 -0.02758811571 0.05435882579 98.346085032433 13152820 -0.311357348369 0.764765753165 0.825717903159 0 
1616 496 -0.056992878342 -0.007392779192 0.05747035206 76.135431808089 12750668 -0.056992878342 -0.007392779192 0.05747035206 76.135431808089 12750668 -0.351695139944 0.904131665757 0.97012552821 0 
1648 496 -0.075621309129 0.011059090678 0.076425688619 64.972276286522 11194543 -0.029452476622 -20.564779111617 20.564800202238 163.210348087404 8361620.5 -0.289088524071 0.96311842655 1.005569131542 0 
1680 496 -0.031694484149 0.010244622383 0.033309047018 64.614087877438 10571266 -32 0 32 82.526500101796 10355307 -0.123537500751 0.941726035543 0.94979441992 0 
1712 496 -0.017859956911 -0.006815025821 0.019116030911 107.706620035974 9384269 -0.017859956911 -0.006815025821 0.019116030911 107.706620035974 9384269 -0.03822917443 0.688240163505 0.689301089828 0 
1744 496 -0.014984599982 -0.009320422715 0.017646770702 112.588069013574 8271782 -0.014984599982 -0.009320422715 0.017646770702 112.588069013574 8271782 -0.03316354511 0.202660810436 0.205356336183 0 
1776 496 -0.024490852622 -0.002252493231 0.024594218587 43.70397444461 8058930.5 -0.024490852622 -0.002252493231 0.024594218587 43.70397444461 8058930.5 -0.035244550858 -0.040485450657 0.05367727713 0 
1808 496 -0.025577709258 0.014696528831 0.029499274068 72.692695485948 7685804.5 -0.025577709258 0.014696528831 0.029499274068 72.692695485948 7685804.5 -0.044472191673 -0.041198619773 0.060622620394 0 
1840 496 -0.045519012905 0.012396026964 0.047176710571 53.800315436922 7753711.5 -0.045519012905 0.012396026964 0.047176710571 53.800315436922 7753711.5 -0.049681352205 -0.039612677978 0.063540546216 0 
1872 496 -0.06604357004 0.003415398029 0.06613182356 38.040891171477 8174876 -0.06604357004 0.003415398029 0.06613182356 38.040891171477 8174876 -0.050872032455 -0.03572762527 0.062164514746 0 
1904 496 -0.027815894692 0.004877387398 0.028240270986 41.689901324729 8193374.5 -0.027815894692 0.004877387398 0.028240270986 41.689901324729 8193374.5 -0.044854810001 -0.027750999612 0.052745350124 0 
1936 496 -0.016466458438 0.002027482159 0.016590808823 33.39276684276 7562328.5 -0.016466458438 0.002027482159 0.016590808823 33.39276684276 7562328.5 -0.031629684841 -0.015682801005 0.03530420953 0 
1968 496 -0.017453303311 -0.000289422172 0.01745570284 3.013005961277 7271483 -0.017453303311 -0.000289422172 0.01745570284 3.013005961277 7271483 -0.04473709134 -0.003099319913 0.044844320995 0 
2000 496 -0.027703848911 -0.005193338984 0.028186415421 17.391848632722 6833220.5 -0.027703848911 -0.005193338984 0.028186415421 17.391848632722 6833220.5 -0.084177029496 0.009999443663 0.084768869099 0 
2032 496 -0.026700142978 -0.001952336674 0.026771426064 15.482414270365 6958124 -0.026700142978 -0.001952336674 0.026771426064 15.482414270365 6958124 -0.088824919235 0.017749521592 0.090580968166 0 
2064 496 -0.002868663701 0.001258187977 0.003132454056 4.729703869482 8936790 -0.002868663701 0.001258187977 0.003132454056 4.729703869482 8936790 -0.058680760555 0.020150913875 0.06204426637 0 
2096 496 -0.004269450842 -0.000247854246 0.004276639127 30.245109495586 7893171 -0.004269450842 -0.000247854246 0.004276639127 30.245109495586 7893171 -0.035264261383 0.017908112353 0.039550835882 0 
2128 496 -0.002724969964 0.001222243603 0.002986526533 6.523494666632 3132861.5 -0.002724969964 0.001222243603 0.002986526533 6.523494666632 3132861.5 -0.018575421717 0.011021117026 0.021598872944 0 
2160 496 0.005071367023 0.00120253318 0.005211990937 132.061168931117 340867.9375 0.005071367023 0.00120253318 0.005211990937 132.061168931117 340867.9375 -0.008381353186 0.005781716246 0.010182108033 0 
2192 496 0 0 0 0 0 0 0 0 0 0 -0.004682055791 0.002189910013 0.00516888308 0 
2224 496 0 0 0 0 0 0 0 0 0 0 -0.002030329082 0.000102016463 0.00203289044 0 
2256 496 0 0 0 0 0 0 0 0 0 0 -0.00042617306 -0.000481964404 0.000643360835 0 
2288 496 0 0 0 0 0 0 0 0 0 0 0.000229148597 -0.000531696292 0.000578973252 0 
2320 496 0 0 0 0 0 0 0 0 0 0 -0.000064364112 -0.0000471792 0.000079803608 0 
2352 496 0 0 0 0 0 0 0 0 0 0 -0.00015834035 0.000146309509 0.000215587891 0 
2384 496 0 0 0 0 0 0 0 0 0 0 -0.000052780117 0.000048769836 0.00007186263 0 
2416 496 0 0 0 0 0 0 0 0 0 0 0 0 0 0 
2448 496 0 0 0 0 0 0 0 0 0 0 0 0 0 0 
2480 496 0 0 0 0 0 0 0 0 0 0 0 0 0 0 
2512 496 0 0 0 0 0 0 0 0 0 0 0 0 0 0 
48 528 0 0 0 0 0 0 0 0 0 0 0 0 0 0 
80 528 0 0 0 0 0 0 0 0 0 0 0 0 0 0 
112 528 0 0 0 0 0 0 0 0 0 0 0 0 0 0 
144 528 0 0 0 0 0 0 0 0 0 0 0 0 0 0 
176 528 0 0 0 0 0 0 0 0 0 0 0 0 0 0 
208 528 0 0 0 0 0 0 0 0 0 0 0 0 0 0 
240 528 0 0 0 0 0 0 0 0 0 0 0 0 0 0 
272 528 0 0 0 0 0 0 0 0 0 0 0 0 0 0 
304 528 0 0 0 0 0 0 0 0 0 0 0 0 0 0 
336 528 0 0 0 0 0 0 0 0 0 0 0 0 0 0 
368 528 0 0 0 0 0 0 0 0 0 0 0 0 0 0 
400 528 0 0 0 0 0 0 0 0 0 0 0 0 0 0 
432 528 0 0 0 0 0 0 0 0 0 0 0.001250863931 -0.000251769716 0.001275950064 0 
464 528 0 0 0 0 0 0 0 0 0 0 0.003752591794 -0.000755309148 0.003827850191 0 
496 528 0 0 0 0 0 0 0 0 0 0 0.004705684157 0.000120634608 0.004707230193 0 
528 528 0 0 0 0 0 0 0 0 0 0 0.004110141019 0.00237606155 0.004747518055 0 
560 528 0.000667983279 -0.005138643854 0.005181878262 149.954605898432 916088.875 0.000667983279 -0.005138643854 0.005181878262 149.954605898432 916088.875 0.002558865218 0.006135526718 0.006647742422 0 
592 528 0.000119359034 0.005359310128 0.005360639106 1.015193434968 5166121 0.000119359034 0.005359310128 0.005360639106 1.015193434968 5166121 0.000051856755 0.011399030113 0.011399148066 0 
624 528 -0.019120297098 0.017296788512 0.025783030349 62.741206693269 10276422 -0.019120297098 0.017296788512 0.025783030349 62.741206693269 10276422 0.006182847231 0.023278314408 0.024085421349 0 
656 528 -0.023807482744 0.031823738469 0.039743509718 63.436818807531 13271666 -0.023807482744 0.031823738469 0.039743509718 63.436818807531 13271666 0.020951836645 0.041773379604 0.046733229102 0 
688 528 0.055293080805 0.072187118285 0.09093021957 19.70639189239 18857038 0 -32 32 162.255403477937 14381158 0.02181184097 0.06816231083 0.071567150455 0 
720 528 0.031300971876 0.135841939576 0.1394015186 8.086710730439 26123936 -30.305251125903 0.083789186518 30.305366957551 94.730602587777 25202282 0.008762860205 0.102445108088 0.102819200007 0 
752 528 0.042408434989 1.470978584275 1.471589776654 0.242953861267 32625732 0 -32 32 178.105661475414 32250406 0.005277880644 0.159575538689 0.159662796456 0 
784 528 0.080608576024 4.544218933091 4.544933822884 1.698034156672 38711648 0.080608576024 4.544218933091 4.544933822884 1.698034156672 38711648 0.011356902286 0.239553602635 0.23982265899 0 
816 528 -0.166451223871 3.713699754443 3.717428126552 0.005480940151 41559240 -32 19 37.215588131857 56.7394297556 41446204 -0.046495943556 1.039596053149 1.040635299464 0 
848 528 -0.089351885273 4.520119023388 4.521002073103 2.628889143906 40716352 -16 -30 34 148.166171606254 40606984 -0.168280656883 2.559702890231 2.565228501662 0 
880 528 -0.023716782656 5.818291120126 5.818339457639 3.048774033608 40020524 -0.023716782656 5.818291120126 5.818339457639 3.048774033608 40020524 -0.167165246015 2.914819481276 2.919609019698 0 
912 528 0.172548423869 5.070707469892 5.073642400071 3.123289091819 41170908 0.172548423869 5.070707469892 5.073642400071 3.123289091819 41170908 -0.043149710951 2.104945826282 2.105388047163 0 
944 528 0.330871594953 3.869164750988 3.883286222085 2.704108175804 43684364 -28.944406095221 -26.66149501757 39.352432717393 134.832679628983 42624860 0.051402657806 1.348078212484 1.349057856507 0 
976 528 -0.240540279232 3.621760869623 3.629739856059 14.049607288705 45127472 31 0 31 79.750127910922 45048276 0.116491860257 0.644216639883 0.654664366381 0 
1008 528 -18.540950008238 0.101027189027 18.541225248104 96.060390969041 43837416 31 0 31 83.627414981611 43684832 0.062413499034 0.558842632311 0.562317110312 0 
1040 528 0.077702629432 1.349122759422 1.351358545542 9.091919388458 41779764 0.077702629432 1.349122759422 1.351358545542 9.091919388458 41779764 -0.110832425865 1.091956189767 1.097566465866 0 
1072 528 -0.412923735821 1.347865906929 1.409698022509 11.233052725744 38562564 -0.412923735821 1.347865906929 1.409698022509 11.233052725744 38562564 -0.199907555235 1.968194102288 1.978320260959 0 
1104 528 -0.140598484858 3.371945323768 3.374875286648 1.288751577223 36307340 -0.140598484858 3.371945323768 3.374875286648 1.288751577223 36307340 -0.204811889076 3.187556369871 3.194129540425 0 
1136 528 -0.022731080665 3.483067924328 3.483142096945 2.286323449073 33980072 -0.022731080665 3.483067924328 3.483142096945 2.286323449073 33980072 -0.18139563598 3.904059491098 3.908271342523 0 
1168 528 -0.166715860024 4.475010888809 4.478115299201 0.330017738918 32537190 -0.166715860024 4.475010888809 4.478115299201 0.330017738918 32537190 -0.129658795948 4.117703465968 4.119744316947 0 
1200 528 -0.280875471959 4.398642703801 4.407601237232 2.500486275901 30920636 -18 -28 33.286633954186 146.111596658878 23858920 -0.084190333097 4.182444769675 4.18329203661 0 
1232 528 -0.928569560035 4.336375351673 4.434680667018 11.457540510174 28882256 20 -28 34.409301068171 145.091280115717 22306148 -0.044990247428 4.098283402218 4.098530342362 0 
1264 528 -3.333337572066 4.330327902244 5.464693871599 36.827256543479 28044544 13 -28 30.870698080866 155.855814560325 22202076 -0.054838781272 4.130837313626 4.131201302718 0 
1296 528 0.145177012756 4.32566216965 4.328097685008 3.444399462352 27484234 1 -28 28.017851452244 179.47676293799 21809560 -0.11373593463 4.2801065039 4.281617398548 0 
1328 528 -0.375080153091 3.402024519809 3.422638741472 3.516247297505 24691158 -32 -29 43.185645763378 129.40912417098 18929090 -0.181683931753 3.747886023018 3.752287128218 0 
1360 528 -2.833326551063 2.444837962677 3.742321740405 43.381117015544 22097146 -1 -30 30.016662039607 172.262415647382 16800088 -0.258682772641 2.534175870982 2.547344523603 0 
1392 528 -0.532251156821 1.36930350094 1.469109720757 13.913664663928 20871482 30 -31 43.139309220246 143.26673528896 16874094 -0.197833774147 1.538465606439 1.551133335465 0 
1424 528 -6.5 0.372197935388 6.510647533319 86.787753504182 19867118 20.266960793333 -28.302758213085 34.810857821474 144.329410124006 16950596 0.00086306373 0.76075522939 0.760755718956 0 
1456 528 1.855532822854 1.146693135307 2.181262754289 49.775135169303 20493400 1.855532822854 1.146693135307 2.181262754289 49.775135169303 20493400 0.08125957811 0.543112040497 0.549157361389 0 
1488 528 0.213915305647 3.140772485375 3.148048850141 1.093390428752 21090862 24 -32 40 140.327144077428 17857884 0.043355768992 0.88553603976 0.886596751865 0 
1520 528 0.005749034618 5.84294386566 5.842946693976 7.419070997727 21021438 -28 -31 41.773197148411 130.548141717734 17039312 -0.174882360603 1.353418144566 1.364670111819 0 
1552 528 -0.29692194326 6.514061666357 6.520825257089 13.803511088528 22503250 0 -31 31 163.586656892538 17966326 -0.573454810675 1.946758354917 2.029462616637 0 
1584 528 -2.003548008284 6.528743582994 6.82925306267 1.576954022655 23359578 31 -30 43.139309220246 152.698023346548 19310358 -0.825831035792 2.448645031788 2.584155450312 0 
1616 528 -1.76886492714 6.400668086123 6.640589964693 2.606618191852 22687784 -1.76886492714 6.400668086123 6.640589964693 2.606618191852 22687784 -0.932011035954 2.85907817518 3.007153568232 0 
1648 528 -0.271454136529 5.824062821644 5.830385501722 11.141351097664 22266808 -0.271454136529 5.824062821644 5.830385501722 11.141351097664 22266808 -0.748837946165 3.046444340908 3.137129482802 0 
1680 528 -0.176490629609 5.519793601394 5.522614448278 3.412286924004 21604256 -0.176490629609 5.519793601394 5.522614448278 3.412286924004 21604256 -0.276311766423 3.010743528973 3.02339623429 0 
1712 528 -0.260036191831 4.215868131803 4.223880079479 2.356509418757 19977536 -0.260036191831 4.215868131803 4.223880079479 2.356509418757 19977536 -0.046545307797 2.273129277733 2.27360576595 0 
1744 528 -0.133836476361 2.67332923828 2.676677309398 1.219275934922 17416350 -0.133836476361 2.67332923828 2.676677309398 1.219275934922 17416350 -0.059538570286 0.833601587187 0.835725102837 0 
1776 528 -0.028938937019 2.464767496713 2.464937377486 33.321394266118 16208794 11 -32 33.837848631377 164.976332336768 12719233 -0.067278100503 0.099766136771 0.120331312855 0 
1808 528 0.021149649523 2.338883266607 2.33897888885 44.764778743548 14437477 0.021149649523 2.338883266607 2.33897888885 44.764778743548 14437477 -0.069763898449 0.071622926484 0.09998422438 0 
1840 528 0.256372991327 3.593366485721 3.602500494293 59.212136952518 12630000 -6 -32 32.557641192199 114.24912811062 10570425 -0.071955981896 0.050138927449 0.087701626988 0 
1872 528 -0.003107499321 3.476480708923 3.476482097763 64.393559785178 11974948 -8 -32 32.984845004941 101.518982152769 10313114 -0.073854350845 0.035314139665 0.081863017285 0 
1904 528 -0.022237468532 3.034294146188 3.034375631098 62.666891378827 12019494 3 -32 32.140317359976 122.269036903064 10552807 -0.066999089418 0.034010006081 0.075136931641 0 
1936 528 -0.110534132125 2.075876169134 2.078816890431 44.980026935115 11894181 -0.110534132125 2.075876169134 2.078816890431 44.980026935115 11894181 -0.051390197617 0.046226526694 0.069121951515 0 
1968 528 -0.093816330846 1.703017537679 1.705599670959 52.793179933203 12247088 -32 -32 45.254833995939 79.053680373606 11031508 -0.085146046224 0.057547873835 0.102769679238 0 
2000 528 -0.185748372735 0.817131970838 0.837977992396 55.196248751908 13004538 -23 -32 39.408120990476 76.29035611719 11776371 -0.168266635242 0.067974047502 0.181477634075 0 
2032 528 -0.160747814779 0.446657559562 0.474702891786 49.279774081404 13432962 7 -32 32.756678708318 123.265990849656 12168771 -0.181806204127 0.069522872471 0.194645641245 0 
2064 528 -0.120214866952 0.277771486269 0.302669147454 40.284101711558 15239719 31 -24 39.204591567825 168.566936684792 14356795 -0.125764752881 0.062194348741 0.140302922573 0 
2096 528 -0.000259666682 -0.010021741531 0.010025104992 119.463748499034 19887122 -32 17 36.235341863987 2.968494877806 16267945 -0.081087859061 0.048622334074 0.094548253596 0 
2128 528 0.000229724836 -0.007964594938 0.007967907255 122.740522312943 22976540 0.000229724836 -0.007964594938 0.007967907255 122.740522312943 22976540 -0.047775522669 0.02880682847 0.055788295661 0 
2160 528 0.004230850403 0.000391923412 0.004248964474 145.378434023842 16840168 0.004230850403 0.000391923412 0.004248964474 145.378434023842 16840168 -0.025096672223 0.014100357729 0.028786508033 0 
2192 528 -0.00029119545 -0.000808518956 0.000859358885 89.228354909587 5333011.5 -0.00029119545 -0.000808518956 0.000859358885 89.228354909587 5333011.5 -0.013051307723 0.004502921852 0.013806264465 0 
2224 528 0 -0.001999059537 0.001999059537 80.865091041436 121337.984375 0 -0.001999059537 0.001999059537 80.865091041436 121337.984375 -0.004989540391 -0.000802313193 0.005053634313 0 
2256 528 0 0 0 0 0 0 0 0 0 0 -0.000911370227 -0.001815347406 0.002031275928 0 
2288 528 0 0 0 0 0 0 0 0 0 0 0.000687445791 -0.001595088875 0.001736919755 0 
2320 528 0 0 0 0 0 0 0 0 0 0 -0.000193092336 -0.000141537601 0.000239410824 0 
2352 528 0 0 0 0 0 0 0 0 0 0 -0.00047502105 0.000438928527 0.000646763674 0 
2384 528 0 0 0 0 0 0 0 0 0 0 -0.00015834035 0.000146309509 0.000215587891 0 
2416 528 0 0 0 0 0 0 0 0 0 0 0 0 0 0 
2448 528 0 0 0 0 0 0 0 0 0 0 0 0 0 0 
2480 528 0 0 0 0 0 0 0 0 0 0 0 0 0 0 
2512 528 0 0 0 0 0 0 0 0 0 0 0 0 0 0 
48 560 0 0 0 0 0 0 0 0 0 0 0 0 0 0 
80 560 0 0 0 0 0 0 0 0 0 0 0 0 0 0 
112 560 0 0 0 0 0 0 0 0 0 0 0 0 0 0 
144 560 0 0 0 0 0 0 0 0 0 0 0 0 0 0 
176 560 0 0 0 0 0 0 0 0 0 0 0 0 0 0 
208 560 0 0 0 0 0 0 0 0 0 0 0 0 0 0 
240 560 0 0 0 0 0 0 0 0 0 0 0 0 0 0 
272 560 0 0 0 0 0 0 0 0 0 0 0 0 0 0 
304 560 0 0 0 0 0 0 0 0 0 0 0 0 0 0 
336 560 0 0 0 0 0 0 0 0 0 0 0 0 0 0 
368 560 0 0 0 0 0 0 0 0 0 0 -0.000067474753 0.00008615979 0.000109436519 0 
400 560 0 0 0 0 0 0 0 0 0 0 -0.000202424258 0.000258479369 0.000328309556 0 
432 560 0 0 0 0 0 0 0 0 0 0 0.001148931145 0.000287550577 0.001184368232 0 
464 560 0 0 0 0 0 0 0 0 0 0 0.003986591454 0.000173373414 0.003990359603 0 
496 560 -0.001026914706 -0.000322944693 0.001076497602 177.603234470081 673820.875 -0.001026914706 -0.000322944693 0.001076497602 177.603234470081 673820.875 0.005274606989 0.001419305896 0.005462225564 0 
528 560 0.003453289057 0.003421379726 0.004861177279 5.970102599474 6895535 0.003453289057 0.003421379726 0.004861177279 5.970102599474 6895535 0.005012977749 0.004025348024 0.006429103563 0 
560 560 0.003117448651 0.00435326336 0.00535438026 8.427223868708 16726071 0.003117448651 0.00435326336 0.00535438026 8.427223868708 16726071 0.003955312442 0.007702852857 0.008659009104 0 
592 560 0.002779390329 0.005410916242 0.006083011193 17.60785023794 23052928 0.002779390329 0.005410916242 0.006083011193 17.60785023794 23052928 0.00210161107 0.012451820397 0.012627929374 0 
624 560 -0.019207801602 0.011978919437 0.022637008487 70.849165020461 25615216 31 31 43.840620433566 32.201163399051 23372276 0.00542968665 0.023901101424 0.024510082546 0 
656 560 0.166037530114 -0.017735851658 0.166982100359 77.757088261567 26280224 17.785701506333 26.65980006378 32.04802829369 15.368632391552 25754116 0.013939539184 0.042050695939 0.044300923034 0 
688 560 0.160603621588 -0.023455257181 0.162307339195 77.114248188105 26919884 -19 -32 37.215588131857 170.495014439403 26671844 0.019409458758 0.050054208875 0.053685667691 0 
720 560 0.107185684805 0.446040541165 0.458738417173 10.992560302814 29133150 0 -32 32 155.495194717856 29061294 0.021839445374 0.047911640231 0.052654407639 0 
752 560 0.164064153323 0.687388940798 0.706696966412 8.107753478697 31831146 12.430956839814 -26.59565393072 29.357409557997 149.632049263341 31757500 0.008041977902 0.08642253717 0.086795900477 0 
784 560 -0.152930507025 1.294889008813 1.303888524807 0.826625912387 33682924 -32 31 44.553338819891 38.347142168607 33413176 -0.021982943657 0.165586899694 0.167039729292 0 
816 560 -0.238618861294 0.1439113877 0.278656506249 53.426895479481 34009040 -0.238618861294 0.1439113877 0.278656506249 53.426895479481 34009040 -0.095535594581 0.996026228303 1.000597470164 0 
848 560 -0.332904235669 1.153312285908 1.200397625353 11.385643992625 32245754 -0.332904235669 1.153312285908 1.200397625353 11.385643992625 32245754 -0.212615974871 2.577740522998 2.586494105286 0 
880 560 -0.124077234545 1.427188769701 1.432572142858 1.034599389514 34897800 -0.124077234545 1.427188769701 1.432572142858 1.034599389514 34897800 -0.204085085291 2.967599242082 2.974608542925 0 
912 560 -0.072102401977 1.960445156396 1.961770620538 0.256457333359 41070260 0 33 33 1.849851088633 40700712 -0.069942925841 2.165602385553 2.16673157202 0 
944 560 -0.144865426893 1.510802972641 1.517732392107 5.995999497095 45069076 0 32 32 0.518859660328 44840348 0.012852361508 1.419200600105 1.419258794771 0 
976 560 -0.141812573518 1.271848901085 1.27973060962 9.842695143456 47153560 0.039726322036 -31.05215842522 31.052183836981 176.446268015337 47059536 0.044300776756 0.728393885739 0.729739824597 0 
1008 560 -0.11837662467 1.655402069819 1.659629186905 1.859128829023 48361936 -13 -32 34.539832078341 151.941204785603 48244592 -0.069128044418 0.663350164889 0.666942372161 0 
1040 560 0.041641875681 2.154044874961 2.154447346573 16.083290014757 49656292 25.166674673908 -14.725687255374 29.15831578273 135.308821175087 49584372 -0.327434102012 1.224069437557 1.267106577649 0 
1072 560 -0.063198395186 2.982774059312 2.983443501402 10.4394106791 50421168 28.713376938962 -28.918695584783 40.752287905886 146.857319817601 50399456 -0.431126744022 2.0904296043 2.134424090931 0 
1104 560 -0.047721769394 3.654318008616 3.654629594825 5.89912126275 50579832 -0.093247194146 32.833222477288 32.833354889233 6.484583750478 50558564 -0.380205970447 3.26243066512 3.284510682686 0 
1136 560 0.018030061527 4.492940622106 4.492976799059 4.54808532185 50183032 -0.36980979977 31.887380435584 31.889524774315 3.653709328331 50160352 -0.297980449135 3.946283767767 3.957517899366 0 
1168 560 0.424331568404 6.804830058572 6.81804733087 6.117995228199 49627496 0.076958029048 -26.337402164512 26.337514600156 177.617619074184 49606124 -0.184450180084 4.141988912239 4.146093826489 0 
1200 560 -0.090823085115 5.563140376021 5.563881709392 0.548805553515 50034848 10.533268459114 -24.096327510762 26.297960832309 157.872462523481 49992652 -0.109525612955 4.227372287802 4.228790881514 0 
1232 560 -0.14432824548 4.043359054804 4.045934142879 1.046316305558 50155088 -17 35 38.910152916687 24.908511700227 49920976 -0.073206747747 4.202433894456 4.203071479905 0 
1264 560 -8.730750267265 3.920184873851 9.570467578677 64.913865368821 49545564 -32 -27 41.868842830917 129.250371283035 49247640 -0.06943176438 4.392326939268 4.392875676744 0 
1296 560 -16.114623115411 3.993230361155 16.602016951835 74.909623385657 48424440 30 -28 41.036569057366 134.197806757874 48152148 -0.098200662853 4.79705142224 4.798056452127 0 
1328 560 -0.43372718657 4.260074931402 4.282097347507 3.873248535137 46857336 -0.021152351535 -25.330186690086 25.330195521878 178.012030400912 46137652 -0.148383646821 4.380393966873 4.382906457097 0 
1360 560 -4.934776983101 3.273282271847 5.921689007718 52.438861520235 45098912 -0.325133390263 -25.970078458582 25.972113638793 175.278259402959 43745588 -0.219980716284 3.142354573169 3.150045043972 0 
1392 560 -0.216265859427 2.290362927227 2.300550642862 1.086904056327 42971600 -4.722168697913 -27.110425930714 27.518613180106 165.811978927156 41254012 -0.15668154888 2.080294099198 2.086186148673 0 
1424 560 16.089756514398 1.385975828769 16.149340348464 83.08573501048 41124904 16.089756514398 1.385975828769 16.149340348464 83.08573501048 41124904 0.041513855391 1.19421254496 1.194933890526 0 
1456 560 3.928558345383 1.323164577024 4.145399277629 64.859669136106 41507128 3.928558345383 1.323164577024 4.145399277629 64.859669136106 41507128 0.120217182152 1.050817343331 1.057671621975 0 
1488 560 0.061953658234 1.355175996323 1.356591403769 0.138291559216 40551408 0.061953658234 1.355175996323 1.356591403769 0.138291559216 40551408 0.079428431403 1.650108494313 1.652019043086 0 
1520 560 0.07145287519 2.433333507625 2.434382359595 7.099287274479 37919924 0.07145287519 2.433333507625 2.434382359595 7.099287274479 37919924 -0.216797007541 2.286093867865 2.296350608066 0 
1552 560 -0.401586991892 2.751215039752 2.780369814793 6.254654174083 37527200 -0.401586991892 2.751215039752 2.780369814793 6.254654174083 37527200 -0.768459134679 2.958773463986 3.056937986427 0 
1584 560 -1.642215846129 3.647078682314 3.99975696765 6.378049111205 36063528 -20.642627970675 -26.120639772637 33.292730612966 123.81821901733 33420260 -1.11221893672 3.451081945149 3.62587886661 0 
1616 560 -1.646653254113 3.826120436519 4.165412888782 4.936590389747 34031972 27.300024973032 -26.483526209959 38.035095951525 152.479324868157 31837790 -1.248076413663 3.763019311352 3.964594439782 0 
1648 560 -0.417843336713 3.865763246796 3.888279636846 8.047227835088 34757720 -18.5 -26.742289001502 32.517687818168 131.108697609806 32543496 -0.987255514466 3.896940904773 4.02005247057 0 
1680 560 -0.211140898305 3.474636944121 3.481046160623 1.414513981587 35653304 -9.5 -26.545661790102 28.194363973576 155.417144442132 33430276 -0.32975623913 3.852846725412 3.866932513862 0 
1712 560 -0.077816896571 3.487780859266 3.488648849003 1.131262950694 35297648 3.166688296941 -25.268930314731 25.466581121554 173.003831002559 32643328 -0.007894975713 3.079964667616 3.079974786327 0 
1744 560 0.166722649304 4.401069644944 4.404226431672 2.956143335214 33933348 28.749962018264 -22.83593226936 36.715665848005 129.246602096054 30489170 -0.021671724215 1.578294731386 1.578443512689 0 
1776 560 -0.080983977164 3.013847819096 3.014935667842 2.601565066496 33705620 -0.080983977164 3.013847819096 3.014935667842 2.601565066496 33705620 -0.048280768465 0.666897162447 0.668642548664 0 
1808 560 -0.044474755886 0.966197991028 0.967221051145 11.600052515897 32406552 -0.044474755886 0.966197991028 0.967221051145 11.600052515897 32406552 -0.087722108463 0.345771960801 0.356725969323 0 
1840 560 -0.054250832186 0.329101825917 0.33354334743 24.806584294786 28793498 -0.054250832186 0.329101825917 0.33354334743 24.806584294786 28793498 -0.109904184339 0.161917611394 0.195694258002 0 
1872 560 -0.318197709423 0.239846619756 0.398467292623 8.118495259289 25596880 -0.318197709423 0.239846619756 0.398467292623 8.118495259289 25596880 -0.114826996093 0.115334114227 0.162748876912 0 
1904 560 -9 0.196350579221 9.002141609082 42.635722912186 25379722 -9 0.196350579221 9.002141609082 42.635722912186 25379722 -0.100470995865 0.096636544145 0.139402448595 0 
1936 560 -0.333346050253 0.168290170729 0.373418225028 30.937601963449 26449928 -0.333346050253 0.168290170729 0.373418225028 30.937601963449 26449928 -0.066836183653 0.105824901148 0.125163833228 0 
1968 560 -0.416672495022 0.163592082828 0.447636390022 8.281852557592 27340584 -0.416672495022 0.163592082828 0.447636390022 8.281852557592 27340584 -0.215261199595 0.122870443578 0.247859899855 0 
2000 560 -0.209177170958 0.157851838119 0.262053986132 21.888546031293 27923834 -0.209177170958 0.157851838119 0.262053986132 21.888546031293 27923834 -0.54574604369 0.147773171435 0.565398668551 0 
2032 560 -1.328353395854 0.272102347289 1.355935998371 6.642085901417 28548918 4 -32 32.249030993194 115.343531503157 24759782 -0.573046176669 0.188613216026 0.603288377026 0 
2064 560 -0.274058295894 0.77253023088 0.819701718414 30.918381931104 25659696 26 -32 41.231056256177 168.643125864565 22637960 -0.297161598533 0.245390577351 0.385384938854 0 
2096 560 -0.067645313276 1.222853733578 1.224723292068 28.158170656508 24431868 31 -31 43.840620433566 166.324407745087 23293890 -0.13412304883 0.2203821178 0.257986957177 0 
2128 560 -0.046827661227 0.11297514008 0.122295593265 13.947074387821 31238980 -32 2 32.062439083763 49.962815680555 28364942 -0.083930527558 0.113587837372 0.14123218562 0 
2160 560 -0.006213558692 0.008880055257 0.010838066847 10.110440664132 35395772 -32 17 36.235341863987 16.928805317605 28236602 -0.047895017196 0.047741919437 0.067625613074 0 
2192 560 -0.000156030832 -0.001359440156 0.00136836514 124.737929407884 28912192 -0.000156030832 -0.001359440156 0.00136836514 124.737929407884 28912192 -0.026016517742 0.022844363995 0.034622596115 0 
2224 560 0.000614589203 -0.001056703693 0.001222433058 154.872473620452 17047422 0.000614589203 -0.001056703693 0.001222433058 154.872473620452 17047422 -0.011369501629 0.007869613884 0.013827378275 0 
2256 560 0 -0.000037550261 0.000037550261 125.47435367582 5564327 0 -0.000037550261 0.000037550261 125.47435367582 5564327 -0.003953968856 0.002817669105 0.004855216668 0 
2288 560 -0.00121307349 0.001739023645 0.002120318497 32.932862531659 267055 -0.00121307349 0.001739023645 0.002120318497 32.932862531659 267055 -0.000015648358 0.000456045699 0.000456314092 0 
2320 560 0 0 0 0 0 0 0 0 0 0 0.000445459863 0.000784743666 0.000902361963 0 
2352 560 0 0 0 0 0 0 0 0 0 0 0.00050701048 0.000667286097 0.000838051527 0 
2384 560 0 0 0 0 0 0 0 0 0 0 0.000169003493 0.00010367299 0.000198268176 0 
2416 560 0 0 0 0 0 0 0 0 0 0 -0.000072806031 -0.000289931453 0.000298933046 0 
2448 560 0 0 0 0 0 0 0 0 0 0 -0.000218418094 -0.000513527234 0.000558047206 0 
2480 560 0 0 0 0 0 0 0 0 0 0 -0.000364030157 -0.000737123014 0.000822112093 0 
2512 560 0 0 0 0 0 0 0 0 0 0 -0.00050964222 -0.000960718795 0.001087527377 0 
48 592 0 0 0 0 0 0 0 0 0 0 0 0 0 0 
80 592 0 0 0 0 0 0 0 0 0 0 0 0 0 0 
112 592 0 0 0 0 0 0 0 0 0 0 0 0 0 0 
144 592 0 0 0 0 0 0 0 0 0 0 0 0 0 0 
176 592 0 0 0 0 0 0 0 0 0 0 0 0 0 0 
208 592 0 0 0 0 0 0 0 0 0 0 0 0 0 0 
240 592 0 0 0 0 0 0 0 0 0 0 0 0 0 0 
272 592 0 0 0 0 0 0 0 0 0 0 0 0 0 0 
304 592 0 0 0 0 0 0 0 0 0 0 0 0 0 0 
336 592 0 0 0 0 0 0 0 0 0 0 0 0 0 0 
368 592 0 0 0 0 0 0 0 0 0 0 -0.000202424258 0.000258479369 0.000328309556 0 
400 592 0 0 0 0 0 0 0 0 0 0 -0.000607272773 0.000775438107 0.000984928667 0 
432 592 0 0 0 0 0 0 0 0 0 0 0.000111156283 0.00153403764 0.001538059557 0 
464 592 0.002472046626 0.007939578726 0.008315523127 20.322749619392 2981250.5 0.002472046626 0.007939578726 0.008315523127 20.322749619392 2981250.5 0.001952862912 0.002534277968 0.003199412191 0 
496 592 0.004863850669 -0.001486701037 0.005085992854 67.513078992812 13029535 0.004863850669 -0.001486701037 0.005085992854 67.513078992812 13029535 0.003554285913 0.004314240503 0.005589778123 0 
528 592 0.002181168037 -0.004826372541 0.005296354021 120.112600226576 26159798 0.002181168037 -0.004826372541 0.005296354021 120.112600226576 26159798 0.004915425286 0.006873925245 0.008450577141 0 
560 592 0.00272138915 -0.002150267497 0.003468372704 103.257203575384 35196872 -30 -32 43.863424398923 161.903939283846 29268530 0.004797152175 0.010261175954 0.011327153259 0 
592 592 0.010339782383 -0.028153665323 0.029992331867 147.370530119531 36846012 -32 -32 45.254833995939 147.463084947094 35957160 0.003199466578 0.014475992631 0.014825348193 0 
624 592 0.034879153946 -0.141056722346 0.145305038794 162.825559551906 35898260 0.034879153946 -0.141056722346 0.145305038794 162.825559551906 35898260 0.001462592799 0.025478281922 0.025520227809 0 
656 592 0.027289860542 -0.014821372489 0.031054944387 119.054290527267 35796284 0.027289860542 -0.014821372489 0.031054944387 119.054290527267 35796284 -0.000413469162 0.043268043828 0.043270019337 0 
688 592 0.054598314602 -0.066369147244 0.085940907973 92.421047554191 34157668 0.054598314602 -0.066369147244 0.085940907973 92.421047554191 34157668 0.01412512037 0.012657438726 0.018966543717 0 
720 592 0.037438445561 0.031416780805 0.048873830647 95.81110016858 32258526 31 -32 44.553338819891 9.899748551679 32000432 0.045078361395 -0.066353533384 0.080217517156 0 
752 592 0.060719099905 -0.715403771283 0.717975880555 1.805196770819 30353474 -16 -32 35.777087639997 33.22153696388 30042124 0.010949775234 -0.093825897241 0.094462672897 0 
784 592 -0.515610443616 -1.044185352193 1.164550204714 25.397982795124 29625304 10 31 32.572994949805 146.200919292683 29207284 -0.088260638114 -0.069759652845 0.112500441801 0 
816 592 -0.212431389005 -0.393498051697 0.447177606465 123.320694097293 29315480 -32 -32 45.254833995939 106.683251190937 29053962 -0.158273069281 0.293739250628 0.333666168227 0 
848 592 -0.227548562722 0.20407540812 0.305655231587 36.81657136386 29439492 -0.227548562722 0.20407540812 0.305655231587 36.81657136386 29439492 -0.199087518266 0.996670813179 1.016360442841 0 
880 592 -0.082375842428 0.484254204043 0.491210661071 1.323181556234 34090980 -0.082375842428 0.484254204043 0.491210661071 1.323181556234 34090980 -0.179346979376 1.224752127471 1.237813844144 0 
912 592 -0.098754803823 0.355656076356 0.36911211837 9.735072620772 40346432 0 31 31 5.7832726152 40152768 -0.099051452611 0.977983193504 0.982986427699 0 
944 592 -0.14660533161 0.443389844751 0.466998584243 12.75684119651 44396420 0.174801647219 -28.566936307256 28.567471109615 174.811139643668 44327456 -0.072868733561 0.751347911064 0.754873191862 0 
976 592 -0.260193944133 1.250001017549 1.276794201286 1.277047110356 46361520 8.947744509155 -30.524727541706 31.809135846428 174.143950354226 46328868 -0.100798822227 0.544846280152 0.554091934211 0 
1008 592 -0.039840660233 1.805621708509 1.806061192885 28.153902997625 47539988 -11 31 32.893768406797 9.88126218473 47465800 -0.324912813641 0.576205965441 0.661499547299 0 
1040 592 0.041938617157 1.975814987879 1.976260031963 42.610888455049 49369636 -0.281349127273 27.451384923782 27.452826658927 40.8077081143 49299336 -0.745210707802 0.845426966932 1.12698081414 0 
1072 592 -0.19242188989 2.327538881031 2.335479271246 33.13604444612 50565576 0.022971471334 25.666059426168 25.666069706055 37.913324392005 50529288 -0.869128013553 1.117971210202 1.416066075712 0 
1104 592 -0.333554162282 2.249970008309 2.274560049211 18.124095127417 50688528 -0.248604272851 24.405981523871 24.407247657776 25.973071215555 50662132 -0.696664730893 1.393838695251 1.558245184702 0 
1136 592 -0.181255820678 1.709190676087 1.718774691387 11.965690661009 49879368 -0.07154896361 22.5 22.500113760917 17.836956663748 49843336 -0.499995320108 1.537078762306 1.61635591429 0 
1168 592 -0.145975728968 1.20483096085 1.213641857251 3.314959024272 48322720 0.120507804756 20.069248922978 20.069610720277 10.567202592217 48259368 -0.279119781198 1.547691411367 1.572659072106 0 
1200 592 -0.006801372438 1.086457241256 1.086478529813 5.167564406545 48500612 -0.006801372438 1.086457241256 1.086478529813 5.167564406545 48500612 -0.156429549799 1.616821578957 1.624371331387 0 
1232 592 0.06843567711 1.290917406368 1.292730131143 7.359325644507 51764668 -32 32 45.254833995939 40.675266936356 51624244 -0.131924625911 1.744469265076 1.749450520511 0 
1264 592 0.067705088451 2.016906376885 2.01804244557 4.395684918728 53859940 14.605848246559 -15.274046227621 21.133558412274 138.754137703556 53835056 -0.095612072127 2.21376412159 2.215827893673 0 
1296 592 -0.304971731988 2.829760825935 2.846147236056 5.251648685026 52541300 -0.452876955534 -13.866753370192 13.874146696882 177.229885404608 52512400 -0.047491888447 3.0247061485 3.025078968266 0 
1328 592 0.001596934923 3.299413286174 3.299413672637 0.962293115144 52559472 9.226550776462 -16.927806142579 19.279000493577 152.341838304542 52534112 -0.051981302287 3.186568972302 3.186992919827 0 
1360 592 -0.138292571704 3.629758423169 3.632391918001 0.132157734441 54048036 31 4 31.256999216176 84.961672923421 54022416 -0.109080313649 2.699352592996 2.701555651128 0 
1392 592 -0.087913845118 3.401625274363 3.402761136394 0.262067477251 53636688 -0.087913845118 3.401625274363 3.402761136394 0.262067477251 53636688 -0.065431094504 2.150766064828 2.151761114469 0 
1424 592 -0.04466266421 2.754288946358 2.75465104026 3.862845706743 52959748 -28.603396184891 19.623264413561 34.687559434967 58.481896827547 52925720 0.078966355147 1.540809387795 1.542831570446 0 
1456 592 1 1.949467086265 2.190986517628 22.466174367661 52859716 23.416744345695 21.971301006465 32.110465329364 42.134178086736 52806472 0.137233605361 1.672827548032 1.678447219276 0 
1488 592 0.119396168652 1.788342130322 1.792323358151 1.360605454583 51284980 -28.38380924311 21.434819427764 35.568133364714 55.39971052408 51229596 0.109370656136 2.546820545537 2.549167870423 0 
1520 592 0.087184287716 3.029531093387 3.03078533483 5.311313024717 49172088 -2.284618517661 21.40780394362 21.529364864289 2.428588787736 49099492 -0.204879598905 3.2003970839 3.206948260369 0 
1552 592 0.097454400493 3.212567592716 3.214045410062 14.237208616661 48338936 -26.533872037884 21.914452228876 34.41350871118 37.946882829964 48203780 -0.805517159764 3.633557163122 3.721773173146 0 
1584 592 -1.240835754064 3.136238179636 3.372782721725 4.346211902967 46540020 -1.240835754064 3.136238179636 3.372782721725 4.346211902967 46540020 -1.170521051153 3.772076493246 3.949516502319 0 
1616 592 -1.269901903188 2.97947270815 3.23881281681 3.31164118655 45589416 -1.269901903188 2.97947270815 3.23881281681 3.31164118655 45589416 -1.299891273071 3.615955074273 3.842505487435 0 
1648 592 -0.77095562694 2.334136415363 2.458163010102 2.330255994306 46614056 -0.77095562694 2.334136415363 2.458163010102 2.330255994306 46614056 -1.004341228977 3.514608118145 3.655293630935 0 
1680 592 -0.059670468003 1.95338712863 1.95429829838 2.929748651678 48354172 -0.059670468003 1.95338712863 1.95429829838 2.929748651678 48354172 -0.283870918871 3.46803562486 3.479634146556 0 
1712 592 -0.099536027224 2.326689372198 2.328817480056 3.881780545484 48158208 -0.099536027224 2.326689372198 2.328817480056 3.881780545484 48158208 0.077721821823 3.108746333156 3.109717743703 0 
1744 592 0.04085858606 2.804095644997 2.804393305217 1.055851861622 47529624 0.04085858606 2.804095644997 2.804393305217 1.055851861622 47529624 0.080436993103 2.436740243032 2.438067497398 0 
1776 592 0.086682334485 2.521773333121 2.52326268366 1.218513431579 48149924 -13 -31 33.615472627943 157.999195194107 47398688 0.021747445257 1.660907626373 1.661049997658 0 
1808 592 0.281397362539 2.206681724276 2.2245513498 14.442060570542 46625544 31 -32 44.553338819891 143.084271544857 46301940 -0.098346821714 0.781248483179 0.787414306329 0 
1840 592 -0.021607017566 1.07838356044 1.078600003076 27.793396068424 44724416 -26 -32 41.231056256177 111.964892526605 44578944 -0.163525959534 0.29572337386 0.337924626638 0 
1872 592 -1.139374180385 0.303362346784 1.179068376463 34.708652677311 42711644 -0.064042085713 -29.07861451164 29.078685033978 139.491779000953 42509516 -0.173789968201 0.204332298414 0.268243622893 0 
1904 592 -0.383695911066 0.240396264865 0.452783520382 15.717022336276 41579128 16.390197781509 -19.84603395374 25.739146198155 177.337520861983 41477708 -0.145270529341 0.16012861458 0.216205226353 0 
1936 592 -0.037144697699 0.337171949558 0.339211810136 19.26112185952 42770724 -0.26647773921 24.107901706779 24.109374423431 24.914490527294 42687224 -0.077967642952 0.163112322356 0.180788780216 0 
1968 592 0.091195129862 1.794106776185 1.796423022582 69.00255989167 44397964 0.091195129862 1.794106776185 1.796423022582 69.00255989167 44397964 -0.435082551452 0.192868389316 0.47591495267 0 
2000 592 -0.871796372337 3.04168215459 3.16415221574 62.4221170364 43436548 21.876537390823 -16.060926409052 27.139201265496 155.299997952308 43204176 -1.21661525484 0.249396815459 1.241914429368 0 
2032 592 -0.93223016009 3.267526483258 3.397908531756 57.533188058011 40704100 -33 -28 43.278170016765 56.857385252268 40392068 -1.26254483686 0.375020552256 1.317064873003 0 
2064 592 -0.188446260668 1.81167878861 1.821453273147 39.218630512018 36269384 -29.861911774638 -12.712627637357 32.455271933576 67.903085985668 35729656 -0.572871297513 0.569739599705 0.807950948379 0 
2096 592 -0.353376928575 0.406050891457 0.538286708086 21.003335679134 29010114 31 -12 33.241540277189 131.19023961388 28064676 -0.194369830688 0.533187463531 0.567510794917 0 
2128 592 -0.193405775866 1.807645950738 1.817963057204 19.475279429695 24818460 -32 31 44.553338819891 20.327076524539 22747354 -0.127040436385 0.265364143733 0.294206392276 0 
2160 592 -0.010494695505 1.927496066315 1.927524636494 35.423459269723 31307892 11 -32 33.837848631377 163.234991576325 28245526 -0.076776388106 0.106706401369 0.131456722399 0 
2192 592 -0.027290222061 0.066792426838 0.07215250864 15.070935265188 40242672 20.110062223458 27.69344934951 34.22487018975 73.280910554202 37498316 -0.043577685849 0.057214236441 0.071919980225 0 
2224 592 -0.010213054767 -0.006194456881 0.011944780606 82.210725006454 39720040 -32 31 44.553338819891 6.882313002013 29217256 -0.021170212795 0.026117797695 0.033620191347 0 
2256 592 -0.006259850012 -0.009631212217 0.011486773739 111.524251886686 32311904 -0.006259850012 -0.009631212217 0.011486773739 111.524251886686 32311904 -0.009553968945 0.013417085129 0.016471080595 0 
2288 592 0.000408079513 0.000702660768 0.000812564486 48.638531291652 21257448 0.000408079513 0.000702660768 0.000812564486 48.638531291652 21257448 -0.001880133851 0.005621707432 0.005927773422 0 
2320 592 -0.000879661244 -0.000686635255 0.001115917505 162.100569430556 8352743 -0.000879661244 -0.000686635255 0.001115917505 162.100569430556 8352743 0.001851292485 0.002731664602 0.003299890205 0 
2352 592 -0.000239636558 -0.001319427593 0.001341012622 116.899918916308 1154588.75 -0.000239636558 -0.001319427593 0.001341012622 116.899918916308 1154588.75 0.00278775424 0.000831382218 0.002909084065 0 
2384 592 0 0 0 0 0 0 0 0 0 0 0.000929251413 -0.00007913972 0.000932615293 0 
2416 592 0 0 0 0 0 0 0 0 0 0 -0.000218418094 -0.00086979436 0.000896799137 0 
2448 592 0 0 0 0 0 0 0 0 0 0 -0.000655254283 -0.001540581701 0.001674141617 0 
2480 592 0 0 0 0 0 0 0 0 0 0 -0.001092090472 -0.002211369043 0.002466336279 0 
2512 592 0 0 0 0 0 0 0 0 0 0 -0.001528926661 -0.002882156384 0.00326258213 0 
48 624 0 0 0 0 0 0 0 0 0 0 0 0 0 0 
80 624 0 0 0 0 0 0 0 0 0 0 0 0 0 0 
112 624 0 0 0 0 0 0 0 0 0 0 0 0 0 0 
144 624 0 0 0 0 0 0 0 0 0 0 0 0 0 0 
176 624 0 0 0 0 0 0 0 0 0 0 0 0 0 0 
208 624 0 0 0 0 0 0 0 0 0 0 0 0 0 0 
240 624 0 0 0 0 0 0 0 0 0 0 0 0 0 0 
272 624 0 0 0 0 0 0 0 0 0 0 0 0 0 0 
304 624 0 0 0 0 0 0 0 0 0 0 0 0 0 0 
336 624 0 0 0 0 0 0 0 0 0 0 0 0 0 0 
368 624 0 0 0 0 0 0 0 0 0 0 -0.000265642662 0.000283562441 0.000388553319 0 
400 624 0 0 0 0 0 0 0 0 0 0 -0.000796927986 0.000850687322 0.001165659956 0 
432 624 -0.006791588056 -0.005312303926 0.00862242665 114.187536340722 2409847.5 -0.006791588056 -0.005312303926 0.00862242665 114.187536340722 2409847.5 -0.000495453573 0.0020103715 0.00207052356 0 
464 624 0.002818202677 -0.001904857344 0.003401580196 114.419979163318 12990773 -28 -32 42.520583250939 148.449332973492 4447120.5 0.000638780576 0.003762614976 0.003816452814 0 
496 624 0.004573935067 -0.000118744902 0.004575476188 72.836825914044 27229268 -19 -32 37.215588131857 167.950585418282 22183568 0.001902189428 0.005635867098 0.005948220117 0 
528 624 0.002004663245 -0.003547375696 0.004074622566 127.173486898866 35206160 24 31 39.204591567825 14.391588373775 34455744 0.003294772982 0.007630127867 0.008311099823 0 
560 624 -0.125200132291 -0.085221135268 0.151452022178 140.62991243243 37315172 30.023451951489 -0.141273412192 30.023784326103 73.881994393892 37274596 0.002984198973 0.010147542572 0.010577242729 0 
592 624 -0.124260748743 -0.225411605643 0.257392940145 155.34235414145 37922784 14.187652344378 20.138934112157 24.634653361043 30.955652173421 37840064 0.000970467402 0.013188111213 0.013223769672 0 
624 624 -0.015575833797 -0.185381912584 0.186035104515 145.484724118274 39389712 0.301990319852 20.974956934726 20.977130799204 30.537418900645 39270396 -0.011786121229 0.020652757009 0.023779172099 0 
656 624 -0.111655844322 -0.029615293005 0.115516635819 57.538170893434 40352580 31 -21 37.443290453698 171.431231701842 40251984 -0.035285566918 0.032541479961 0.048000199487 0 
688 624 -0.03577488278 0.118755881969 0.124027423339 81.081957493031 38734856 0.336328858729 18.122796824659 18.125917407102 98.909932761479 38634440 -0.028774494767 -0.003965532301 0.029046462703 0 
720 624 0.021874108002 0.074223472012 0.077379586445 158.597268209668 34954132 0.021874108002 0.074223472012 0.077379586445 158.597268209668 34954132 0.007747095224 -0.088868279777 0.089205317302 0 
752 624 0 -0.582747291029 0.582747291029 8.079470763112 31002142 0 31 31 171.920529236888 30340858 -0.018518347981 -0.130451751022 0.131759586204 0 
784 624 -0.325876070495 -0.822533972504 0.884735751083 18.273511466576 30337588 -6 31 31.575306807694 129.159670891884 29541790 -0.107570824382 -0.128715946034 0.167747658767 0 
816 624 -0.094077411904 -0.042420181012 0.103198988307 12.93932923356 32677284 -32 5 32.388269481403 20.212285417942 32497216 -0.153614658412 -0.030783425609 0.156668703229 0 
848 624 -0.232590748567 0.25296059574 0.343638646424 1.203515191916 36184052 -0.384901139029 -18.086075632794 18.090170830646 134.979584925281 36097356 -0.156649850073 0.163345810254 0.226320633738 0 
880 624 -0.18282479552 0.374911408057 0.417113257699 17.488752195919 40217984 0 -32 32 136.515163486242 40148408 -0.256288702363 0.270215127568 0.372424642211 0 
912 624 -0.224634491278 1.041435626283 1.06538669898 45.19034509133 43683840 -0.169704487238 -31.346459397843 31.346918770329 122.327425334655 43610616 -0.452531215284 0.289824526333 0.537385110392 0 
944 624 -0.115695045164 0.432809890616 0.448006411662 41.885208871053 45745640 -0.540231892467 -29.289519915714 29.294501658001 122.092213275983 45680468 -0.474581685852 0.309953255584 0.566832247841 0 
976 624 -0.751441419158 0.131942060404 0.762937031301 35.757220084349 46105956 9.582511796498 27.994381735597 29.589017237623 63.180138753509 46054620 -0.322440114067 0.330601315319 0.461806081435 0 
1008 624 -0.275717802671 0.094809096775 0.291563151892 19.503959760339 45930356 31 8 32.015621187164 127.049558341645 45873000 -0.507206570154 0.403163464542 0.64791919554 0 
1040 624 -1.363059540405 0.442722646198 1.433155487777 9.156220692886 46038072 -20.53844069821 20.69083811236 29.153701790781 18.061731911502 45758764 -1.028881054113 0.527639703253 1.156287109658 0 
1072 624 -1.692047009604 0.378365219122 1.73383486 10.844219350056 46699692 30 0 30 156.55101082739 46542856 -1.21902339988 0.528756464032 1.32875936411 0 
1104 624 -1.254912614941 0.353727397398 1.303813154868 4.926117127714 47873892 30 -19 35.510561809129 168.320444580178 47692560 -1.077633607456 0.40651374688 1.151758489581 0 
1136 624 -1.042850532991 1.034661708577 1.469034405776 25.990147622794 48005448 -32 -21 38.275318418009 52.058901669552 47926368 -0.870005526907 0.295903190487 0.918949571516 0 
1168 624 -0.435520008744 0.56174762659 0.71080100872 33.933639827663 46617712 0.225254458712 23.951633924716 23.95269311027 72.258700354934 46536340 -0.596139158232 0.196924794853 0.627822642795 0 
1200 624 -0.080443343297 0.274030328472 0.28559368411 44.192938607063 44676392 9.330681586778 -31.131309009948 32.499538758984 136.131659406978 44409660 -0.409146484611 0.230985762599 0.469846004977 0 
1232 624 -0.015683964814 0.244667374409 0.245169555313 34.153760313314 46246164 13.571225677801 0.174185128729 13.572343454867 127.086240998112 46033676 -0.309027506044 0.398086093725 0.503954896304 0 
1264 624 0.017887405408 0.282481759471 0.283047529058 17.284344204234 49405688 0.017887405408 0.282481759471 0.283047529058 17.284344204234 49405688 -0.210509416804 0.86610080125 0.891316336936 0 
1296 624 -0.183175236589 1.176814898378 1.190985504674 4.873101464899 48711628 5 -31 31.400636936215 174.811839426675 48483364 -0.113592216892 1.635029885172 1.638970993381 0 
1328 624 0.013254920861 1.094018195312 1.094098489443 3.025835580641 50159096 3 -31 31.144823004795 176.804144391156 49969384 -0.080548697649 1.978206022166 1.97984523608 0 
1360 624 0.078899770621 0.941738805052 0.945038174226 8.151693174689 53019968 0.032895237847 31.15584280705 31.155860172916 3.423077338363 52880632 -0.111378859073 1.895629212232 1.89889845977 0 
1392 624 0.14710898795 0.965385332185 0.976529515137 9.910836537438 52581224 0 -31 31 178.753452698242 52406528 -0.036523119821 1.678468545918 1.678865866565 0 
1424 624 0.1204976787 1.09975797657 1.106339594157 0.057498316708 51526580 0.1204976787 1.09975797657 1.106339594157 0.057498316708 51526580 0.144018520107 1.326724023222 1.334517878459 0 
1456 624 0.690414990813 1.089415545005 1.289767067822 21.751287485118 50024876 0.369157732643 20.562482814608 20.565796287346 9.58459320772 49749600 0.286207324688 1.527401996021 1.553985678877 0 
1488 624 0.207341501831 1.643101504066 1.656131954599 2.513522408741 48465532 28.609504700871 19.653719970989 34.709832438767 45.806697384436 48246600 0.390043293922 2.280502464316 2.313617354034 0 
1520 624 0.235327888549 1.052228233733 1.078222366209 8.948957856617 48851956 -10.640545232643 17.990572985356 20.901720483954 34.259870475594 48746884 0.176965384755 2.768348750687 2.773999198419 0 
1552 624 0.256346879374 1.594572885668 1.615046875565 15.864430858773 49789164 -2.5 22.040324295112 22.181656724278 0.260270870419 49703864 -0.353026402814 2.990940855133 3.011702980041 0 
1584 624 0.247944498775 1.503347121963 1.523656471645 18.938924983574 50022412 4.968074401023 25.389506529126 25.871003170473 20.644963271473 49928084 -0.498235551652 2.954041722227 2.995763869465 0 
1616 624 0.169376060546 1.34216383633 1.352808934565 12.751428513699 50990156 0.050881529643 25.652292981507 25.652343443419 5.672582271829 50896860 -0.258662061759 2.657651351969 2.670209124922 0 
1648 624 0.365299479506 1.254016408814 1.306139679859 15.656818360247 52258084 -29.968328763769 20.168214396755 36.122812748273 56.644278465575 52164644 0.025529169266 2.503648621601 2.503778775956 0 
1680 624 0.009978735867 1.550918699453 1.550950801116 7.723905764142 52897816 0.009978735867 1.550918699453 1.550950801116 7.723905764142 52897816 0.354338141423 2.492033531122 2.517098853582 0 
1712 624 -0.035052757285 1.800715547344 1.801056683794 11.367260968002 52670284 20 -30 36.05551275464 136.057851212386 52419180 0.432653889942 2.392111113779 2.430922657994 0 
1744 624 0.033323872692 1.89917590821 1.899468244224 5.735273394937 52795664 14 -30 33.105890714494 148.242596411521 52528160 0.260476414824 2.203881369572 2.219220821331 0 
1776 624 0.05345427665 1.176607694587 1.17782130506 0.409507188587 53337016 -14.833303076473 18.705621225841 23.873146956426 41.424651982761 53021532 0.088094200595 1.674944689584 1.677259759651 0 
1808 624 0.318155193548 0.546807952553 0.632630748665 36.182191394585 50699628 2.681752915856 19.311359837254 19.496677087792 13.895654376859 50432348 -0.084492752745 0.805301073815 0.809721461217 0 
1840 624 0.077969654869 1.833955368086 1.835612039406 42.769393735837 49337064 -19.100004409663 22.458852846239 29.482371675599 85.583141524754 49139380 0.403640244119 0.400778538561 0.568813575473 0 
1872 624 0.918600831523 2.48944101669 2.653515416057 53.194858986309 48721584 -13.93474531727 24.828487084712 28.471580531697 102.751753440456 48559552 1.552493191186 0.46137708382 1.619599926572 0 
1904 624 2.294428537745 2.704598076908 3.546724273528 34.751047457517 47290340 -30 5 30.413812651491 155.598120527681 47217980 2.056165077753 0.548623594437 2.128098370692 0 
1936 624 1.190618348136 2.943113315954 3.174820946363 48.887629925313 47816460 19.575140967963 -11.696996226271 22.803637092206 49.947029080728 47750564 1.914655903819 0.662518070411 2.026039837627 0 
1968 624 1.17540855435 3.748282277851 3.928257285883 35.776736651723 49498292 -11.726672936649 -13.316299803609 17.743694615912 168.180540893343 49406792 1.008832834629 0.755048711767 1.260096125447 0 
2000 624 0.342205173001 3.501208722729 3.517892394679 44.256142204113 49833116 18.645369344308 -15.938827325575 24.529492748529 169.199013403269 49577420 -0.661304129818 0.826215518503 1.058279374802 0 
2032 624 -0.808398433792 2.678102651021 2.797452740827 32.351557000373 46832512 -1.267335959953 -15.929736534707 15.980070290852 126.302995932415 46281184 -1.141796323003 0.987373051829 1.50950468257 0 
2064 624 0.19810335728 1.880589408559 1.890994834406 25.268895855001 45082532 0.19810335728 1.880589408559 1.890994834406 25.268895855001 45082532 -0.432643744925 1.238521311743 1.311912973358 0 
2096 624 0.203741765179 1.35104768168 1.366323733619 11.375841744816 41949288 0 -31 31 177.199903112363 41139232 -0.058654307975 1.199232927712 1.200666457744 0 
2128 624 -3.299359318415 0.371970052091 3.320261078841 82.261299317866 35267000 6 -32 32.557641192199 170.686675066961 33926476 -0.019828012153 0.869507899735 0.869733946542 0 
2160 624 -1.762613386788 0.420206149942 1.812009701887 74.207053957221 33467672 31 0 31 92.383951745054 33124948 -0.023568230906 0.566110795734 0.566601177686 0 
2192 624 -0.086657237373 1.064221778872 1.067744103901 8.935145178985 36762840 24 31 39.204591567825 51.337149183673 36144692 -0.069874964234 0.28904161571 0.29736772898 0 
2224 624 -0.102708286121 1.24448413099 1.248715237484 27.131783543205 42497760 -32 13 34.539832078341 36.040793407789 41740560 -0.069701742649 0.112199716781 0.132087506502 0 
2256 624 -0.042528583615 0.04677903523 0.063221503947 9.343915305178 49237092 22.240155944307 -14.164832057025 26.367916179153 155.424442033698 47587232 -0.023048566151 0.035585098947 0.042397354501 0 
2288 624 -0.004481909682 0.005408778349 0.007024414397 171.758621286359 47688076 -29.008780131417 -30.881628461656 42.369615305743 74.613870203312 40153008 0.002186004506 -0.003580547966 0.00419510899 0 
2320 624 -0.00250258492 0.001621465446 0.002981959335 171.508846999043 37924752 -0.00250258492 0.001621465446 0.002981959335 171.508846999043 37924752 0.006001969323 -0.005297223961 0.00800526186 0 
2352 624 -0.000220562577 0.001821894697 0.00183519703 138.145335635057 26112352 -0.000220562577 0.001821894697 0.00183519703 138.145335635057 26112352 0.006066691254 -0.005318954622 0.008068210523 0 
2384 624 0.000236480362 0.002049720022 0.002063316537 140.279716221025 11901938 0.000236480362 0.002049720022 0.002063316537 140.279716221025 11901938 0.002380170298 -0.003645739951 0.004353921271 0 
2416 624 0.002614795876 0.000913327001 0.002769715452 100.86617258348 2198005.5 0.002614795876 0.000913327001 0.002769715452 100.86617258348 2198005.5 0.000476033371 -0.003228478895 0.00326338532 0 
2448 624 0 0 0 0 0 0 0 0 0 0 0.000354280475 -0.004067171454 0.004082572509 0 
2480 624 0 0 0 0 0 0 0 0 0 0 0.000232527578 -0.004905864013 0.004911371579 0 
2512 624 0 0 0 0 0 0 0 0 0 0 0.000110774682 -0.005744556572 0.00574562453 0 
48 656 0 0 0 0 0 0 0 0 0 0 0 0 0 0 
80 656 0 0 0 0 0 0 0 0 0 0 0 0 0 0 
112 656 0 0 0 0 0 0 0 0 0 0 0 0 0 0 
144 656 0 0 0 0 0 0 0 0 0 0 0 0 0 0 
176 656 0 0 0 0 0 0 0 0 0 0 0 0 0 0 
208 656 0 0 0 0 0 0 0 0 0 0 0 0 0 0 
240 656 0 0 0 0 0 0 0 0 0 0 0 0 0 0 
272 656 0 0 0 0 0 0 0 0 0 0 0 0 0 0 
304 656 0 0 0 0 0 0 0 0 0 0 0 0 0 0 
336 656 0 0 0 0 0 0 0 0 0 0 0 0 0 0 
368 656 0 0 0 0 0 0 0 0 0 0 -0.000257129965 0.000161409005 0.000303592961 0 
400 656 0 0 0 0 0 0 0 0 0 0 -0.000771389895 0.000484227014 0.000910778882 0 
432 656 -0.004879735932 0.002438057699 0.005454901292 42.104375226039 5223094.5 -0.004879735932 0.002438057699 0.005454901292 42.104375226039 5223094.5 -0.000670898425 0.001716552158 0.001843001901 0 
464 656 0.003192178317 -0.002538160816 0.004078267124 127.830396064182 19724314 0.003192178317 -0.002538160816 0.004078267124 127.830396064182 19724314 0.000044344448 0.003858384437 0.003858639255 0 
496 656 -0.000455354027 -0.0024811005 0.002522539788 172.983729048438 31533106 -18.5 -24.736992711251 30.889622988902 146.591804941531 28387704 0.000318317534 0.005384185681 0.005393587072 0 
528 656 0.009348249982 0.014185998258 0.016989182567 32.009448457653 34842412 31 -32 44.553338819891 134.534855961599 34393380 0.000151020836 0.00629395589 0.00629576747 0 
560 656 -0.101612555331 0.21728854034 0.239873760891 13.669218422095 36047780 -19.738262918443 -25.475073267903 32.226982189504 130.83783098037 35968120 -0.001483547162 0.00736195271 0.007509944067 0 
592 656 -0.416596424062 1.333018017713 1.396599304056 10.743452572559 36403876 31 -32 44.553338819891 164.007965568627 36237684 -0.004585386458 0.008588176142 0.00973563241 0 
624 656 -3.40001648168 0.852136251462 3.50517449876 1.286793847117 35888168 31 0 31 164.643151340666 35868504 -0.034316455433 0.009424526685 0.035587087781 0 
656 656 -0.923069472932 -0.004147089643 0.923078788735 6.470124285747 35604868 -3 -32 32.140317359976 90.856887268912 35125548 -0.090676754086 0.009871004339 0.091212446838 0 
688 656 -2.933949141035 0.070910727741 2.934805937961 1.28737170433 35232044 -2.933949141035 0.070910727741 2.934805937961 1.28737170433 35232044 -0.109289386655 0.000185295794 0.109289543735 0 
720 656 -0.332198740456 -0.108935804311 0.349604079813 5.870237993641 34110656 -0.332198740456 -0.108935804311 0.349604079813 5.870237993641 34110656 -0.09015435314 -0.019632598949 0.092267254926 0 
752 656 -0.416238855713 -0.144985114627 0.440766909453 2.933634003168 34551608 -30 -32 43.863424398923 30.576897422467 34236860 -0.080362391741 -0.023455024171 0.083715304247 0 
784 656 -0.172914747279 0.112285712147 0.206173691287 41.034262061742 36383160 0 -32 32 81.964237520184 35938680 -0.079913502459 -0.011281979874 0.080705953592 0 
816 656 0.055785092372 0.077766566737 0.095705879824 110.258143818124 37412308 -27 -32 41.868842830917 65.23925525838 37183720 -0.081560361977 0.022458199591 0.084595882729 0 
848 656 -0.303688627873 0.168995121417 0.34754299556 13.258678469296 38447040 -30 31 43.139309220246 3.585669521022 38404488 -0.085302970293 0.077765514224 0.115429943877 0 
880 656 -0.480261136472 0.177371445728 0.511968152296 6.823228587692 40045072 31 11 32.893768406797 147.016229871037 39994368 -0.434910254254 0.103988242374 0.447169412871 0 
912 656 -1.339574389685 0.148086389837 1.347734812326 1.19608997703 40763812 22 -32 38.832975677895 129.620715186079 40613988 -1.13038221386 0.101126384041 1.134896689113 0 
944 656 -1.09726141867 0.041963913499 1.098063564161 2.366265405304 40753896 -1.09726141867 0.041963913499 1.098063564161 2.366265405304 40753896 -1.192286495363 0.095016633664 1.196066573272 0 
976 656 -1.198180781788 0.012990002677 1.198251194874 7.237224671589 40467224 -1.198180781788 0.012990002677 1.198251194874 7.237224671589 40467224 -0.620623098764 0.085658991242 0.626506578976 0 
1008 656 -0.611068901012 0.033235177399 0.611972040865 10.063816656376 39597936 -0.611068901012 0.033235177399 0.611972040865 10.063816656376 39597936 -0.616009313957 0.144222662194 0.63266709348 0 
1040 656 -1.401763506619 0.281742645142 1.429797134764 1.572756838887 38736880 -1.401763506619 0.281742645142 1.429797134764 1.572756838887 38736880 -1.178445140943 0.27070764652 1.209138362677 0 
1072 656 -1.699082065691 0.297276889285 1.724892290798 2.3726936343 38653816 30 0 30 167.703104935767 38479504 -1.480812903003 0.322785365791 1.515584786829 0 
1104 656 -1.249731454572 0.296272768296 1.284369986328 2.177707244201 40705192 29 -32 43.185645763378 143.343584224126 40393288 -1.523112600137 0.300455820008 1.552464393303 0 
1136 656 -1.678989532862 0.187037423303 1.6893752837 2.63360207527 42537072 -10 -32 33.52610922848 81.63605115215 42297584 -1.408011069531 0.222757052311 1.425523018501 0 
1168 656 -1.349707625773 0.08572617255 1.352427318465 0.881940122952 42047804 23 31 38.600518131238 122.056852677976 41786388 -1.135508311185 0.089689062698 1.139044886182 0 
1200 656 -0.225000470648 0.079894400027 0.238764165962 14.945717914504 40080864 9 -32 33.241540277189 110.312131600599 39764356 -0.867676417389 0.069864838729 0.870484612721 0 
1232 656 -0.167634141798 0.183796549534 0.248761687397 32.517858443092 39987260 14.984174397219 0.135604615676 14.984787985756 164.366158641895 39784236 -0.604515388144 0.163284380404 0.626179401918 0 
1264 656 -0.000128060213 0.221875287338 0.221875324294 49.817395061379 42516176 0.342680772328 24.87351867356 24.875879106389 50.639774695544 42408352 -0.414123798411 0.349336978246 0.541788560954 0 
1296 656 -0.047183321185 0.22440757878 0.229314254272 13.399008072672 43334948 1.749943133278 24.580390389364 24.642603203868 29.345071321771 43252976 -0.29650164819 0.628022632255 0.69449669114 0 
1328 656 -0.089290787485 0.172265349093 0.194031428454 10.179820431554 44658504 0.323851497853 22.291874376435 22.294226674353 18.051692027764 44463796 -0.234085832906 0.755305116465 0.790747744939 0 
1360 656 -0.238323068684 0.143449308486 0.278164679951 41.717407521525 47140556 28 31 41.773197148411 59.327551368054 46889416 -0.226876352557 0.731184430876 0.765574001195 0 
1392 656 0.059264349052 0.160805258129 0.171378511227 26.250988541284 48042444 -30.528558825183 -31.171889731745 43.631177080051 129.577624440954 47939536 -0.069957624831 0.663401542467 0.667079962089 0 
1424 656 0.133022071116 0.12630858415 0.183435901159 23.274025918507 47860000 -15.848791540548 -30.138458841005 34.051591660401 175.470544461448 47761244 0.23667035027 0.551956451238 0.60055705704 0 
1456 656 0.305419932362 0.265128079175 0.404443115223 6.336651132477 46506252 0 31 31 42.702845724599 46311872 0.567138340134 0.614540687299 0.836245270956 0 
1488 656 0.271131748208 0.234340268782 0.358368227469 1.892149224217 44748904 -15.62309967342 29.95387385185 33.78336576095 74.816142738149 44530328 0.921446344761 0.85115425065 1.254403015252 0 
1520 656 1.316284038097 0.021370540163 1.316457507456 45.897115052682 44466416 -17 -32 36.235341863987 164.806733813202 44225524 0.92873794344 0.989948868224 1.357406692662 0 
1552 656 0.209491438339 0.610006671535 0.644976590315 10.787508682299 45301504 0 -31 31 150.258747118596 45118264 0.589013136171 1.030924540021 1.18732551636 0 
1584 656 0.159267484136 0.005411945796 0.159359407192 45.833853192844 45570256 -32 -32 45.254833995939 177.219971845603 45471808 0.904637561783 0.996977632093 1.34622937016 0 
1616 656 0.981172945518 0.009225989466 0.981216320644 24.798973013944 45986440 5 31 31.400636936215 55.499942419965 45876200 1.875611220274 0.88810814444 2.075247822753 0 
1648 656 1.890448081134 0.00679764749 1.890460302539 22.13650533341 46502488 1.951020747568 29.024436524893 29.089936361997 63.811838801102 46389544 2.102355680264 0.864062415142 2.272994338664 0 
1680 656 1.322540797128 0.065357559205 1.324154738168 27.436250559699 45707328 3.926884165619 -21.412903661849 21.769999138305 109.873476258176 45592364 1.584870941751 0.924840444197 1.834978405657 0 
1712 656 1.016123973289 0.218219378655 1.039291886966 29.22679478728 45208688 19.785703783875 -21.537389156597 29.246080180188 88.774661456308 45066120 1.056901228646 0.930059009486 1.407852963998 0 
1744 656 0.032549269454 0.270542990592 0.272493971861 23.651897410404 46874228 4.125031127737 -22.64218151368 23.014870529795 139.162664967332 46640956 0.51844654095 0.879718111007 1.021122309352 0 
1776 656 0.031886587028 0.182169414865 0.184939044403 2.075898477648 49332608 0.161058605381 -21.765995434543 21.766591307113 167.571782964912 49027736 0.150759497549 0.709008352082 0.724859482537 0 
1808 656 0.143500439762 0.23738362811 0.277386667139 37.456034690429 49927608 25.714222633554 23.496062377981 34.83225793597 53.883580903713 49665248 -0.046159901555 0.41792973271 0.420471161906 0 
1840 656 0.89340581303 1.301122147793 1.578319609658 38.838660675164 49318136 -14 -32 34.928498393146 130.315568221956 49109472 1.591594426618 0.477083105497 1.661559841953 0 
1872 656 4.475616837272 0.747838181274 4.537665481219 0.44313761423 48675608 3 -32 32.140317359976 94.573324535931 48522520 5.064022482068 0.886468470444 5.141026166825 0 
1904 656 6.81594065541 1.072012720638 6.89972885636 2.043934062838 48268852 5 32 32.388269481403 70.137135587051 48164876 6.503835825415 1.262121483716 6.625166494784 0 
1936 656 10.101521373324 0.784790304413 10.131960811097 10.739989835468 47550088 -27 12 29.546573405388 140.855117900801 47405224 5.911034456661 1.604042145313 6.124808531846 0 
1968 656 6.227484952247 0.965067565133 6.301819121153 14.919009134801 47863472 6.227484952247 0.965067565133 6.301819121153 14.919009134801 47863472 4.116484958648 1.80941141093 4.496600723744 0 
2000 656 0.657762743617 0.851480260663 1.075950956684 6.873737001426 48197164 -31 5 31.400636936215 111.649759537367 48048364 1.120187331376 1.878229280566 2.186907608417 0 
2032 656 -0.180096115118 1.891964719419 1.900517063909 0.503477466706 49668820 -0.180096115118 1.891964719419 1.900517063909 0.503477466706 49668820 -0.210800635097 2.025670714745 2.036609621978 0 
2064 656 -0.160091190548 3.712836103451 3.716285930923 5.608833815353 52031776 31 4 31.256999216176 79.507754248815 52029340 0.12352105923 2.251735713466 2.255121099935 0 
2096 656 0.198689156961 2.606958566442 2.614519142833 2.657500095919 50061720 31 21 37.443290453698 48.869659109926 49877528 0.273023519308 2.218518510344 2.235255292541 0 
2128 656 0.21928507222 1.630940593815 1.645616347589 0.621882920795 46820188 0 -31 31 172.964209736602 46588336 0.237706745139 1.92601910538 1.9406323946 0 
2160 656 0.528131309571 2.13634552727 2.200657831657 9.405621078844 44836816 0 32 32 4.480206687113 44614228 0.111729454403 1.425955102532 1.430325636146 0 
2192 656 0.461942718378 2.145089002093 2.194264774808 20.46203788229 42675824 -7 -32 32.756678708318 159.351865022948 42427828 -0.104908352898 0.718326501799 0.725946778831 0 
2224 656 0.09433127098 1.635696026382 1.638413830327 33.834196231296 41993488 -32 10 33.52610922848 42.11239468874 41729188 -0.156964091191 0.266115371142 0.308958114769 0 
2256 656 -0.168031594749 0.918871137927 0.934108550945 22.298332844862 45298740 0.058181741707 -20.896056450138 20.896137448879 147.49816880784 45019804 -0.044437760475 0.069321710559 0.082342055542 0 
2288 656 -0.112952872188 0.229964884622 0.256207336926 178.007101941537 49789832 -32 16 35.777087639997 140.731243814775 49587940 0.012182766714 -0.027150720495 0.029758720204 0 
2320 656 0.000216461461 0.0096503381 0.009652765459 149.750749572588 53205220 -32 2 32.062439083763 122.540629946867 52581992 0.012897490376 -0.02330192202 0.026633152796 0 
2352 656 0.001537699312 0.006836409318 0.007007211395 137.13932115853 49928808 -32 -32 45.254833995939 75.184226418225 43945544 0.01034382152 -0.017783724423 0.020573174232 0 
2384 656 0.002619062457 0.003130483399 0.004081594598 116.973332528029 37802688 0.002619062457 0.003130483399 0.004081594598 116.973332528029 37802688 0.004521760146 -0.010596127702 0.011520600552 0 
2416 656 0.003487139212 -0.0013842005 0.00375181968 53.0826569141 23130676 0.003487139212 -0.0013842005 0.00375181968 53.0826569141 23130676 0.002010548366 -0.007365985058 0.007635446327 0 
2448 656 0.003402164686 -0.000951010698 0.003532583459 55.2344470194 9613348 0.003402164686 -0.000951010698 0.003532583459 55.2344470194 9613348 0.00281018618 -0.008093296492 0.008567297968 0 
2480 656 0.002114758281 -0.001603899385 0.002654184587 30.565395656301 1785841.75 0.002114758281 -0.001603899385 0.002654184587 30.565395656301 1785841.75 0.003609823994 -0.008820607925 0.009530684836 0 
2512 656 0 0 0 0 0 0 0 0 0 0 0.004409461807 -0.009547919359 0.010516944305 0 
48 688 0 0 0 0 0 0 0 0 0 0 0 0 0 0 
80 688 0 0 0 0 0 0 0 0 0 0 0 0 0 0 
112 688 0 0 0 0 0 0 0 0 0 0 0 0 0 0 
144 688 0 0 0 0 0 0 0 0 0 0 0 0 0 0 
176 688 0 0 0 0 0 0 0 0 0 0 0 0 0 0 
208 688 0 0 0 0 0 0 0 0 0 0 0 0 0 0 
240 688 0 0 0 0 0 0 0 0 0 0 0 0 0 0 
272 688 0 0 0 0 0 0 0 0 0 0 0 0 0 0 
304 688 0 0 0 0 0 0 0 0 0 0 0 0 0 0 
336 688 0 0 0 0 0 0 0 0 0 0 0 0 0 0 
368 688 0 0 0 0 0 0 0 0 0 0 -0.00020883822 0.00011063157 0.000236331856 0 
400 688 0 0 0 0 0 0 0 0 0 0 -0.00062651466 0.000331894709 0.000708995569 0 
432 688 -0.002467923487 0.00532714979 0.005871045156 10.612804185865 2813246.75 -0.002467923487 0.00532714979 0.005871045156 10.612804185865 2813246.75 -0.000301286433 0.001186821618 0.001224466851 0 
464 688 0.003263473294 0.00117758922 0.003469434292 54.164813844443 9714793 0.003263473294 0.00117758922 0.003469434292 54.164813844443 9714793 0.000766846462 0.002675412299 0.002783142911 0 
496 688 0.000305509849 0.001157309045 0.001196954675 8.934069913422 17286848 0.000305509849 0.001157309045 0.001196954675 8.934069913422 17286848 0.00035344674 0.003447480725 0.003465551608 0 
528 688 -0.001410206613 0.004233106452 0.004461823946 5.326750310046 23085164 -0.001410206613 0.004233106452 0.004461823946 5.326750310046 23085164 -0.0015414856 0.003503026896 0.003827188954 0 
560 688 -0.006004656779 0.002343879809 0.006445903784 28.572708623415 27555836 15 -32 35.341194094145 165.010416771594 19805758 -0.003961878846 0.004704146111 0.006150241834 0 
592 688 -0.019572603622 0.017924971743 0.026540373482 3.10332487778 29614834 -30.561149759853 -30.340274204633 43.064093087588 90.379586568715 27097996 -0.006907732997 0.007050838369 0.009870719167 0 
624 688 -0.033557833337 0.063051609641 0.071425721254 54.393490725392 29479146 15 -32 35.341194094145 122.69818506494 28949000 -0.045726516539 0.006087696035 0.046129972446 0 
656 688 -0.014255305744 0.008500975171 0.016597599848 29.94582425357 30725922 24.970580334491 -31.308645034062 40.046986604614 129.437915837702 30340790 -0.120418229472 0.001814719109 0.120431902728 0 
688 688 -0.095584309653 -0.002355404066 0.095613326374 2.88015104401 30061506 -12.156847205343 -30.627692016829 32.952153985009 69.81925932818 29271738 -0.152408328735 0.003907224757 0.152458404403 0 
720 688 -0.295515539335 -0.012714977366 0.295788952867 7.451011372753 26627766 28.075057828573 -30.048458484251 41.123213995959 138.042747850027 24704630 -0.141696814329 0.012365212978 0.142235317988 0 
752 688 -0.197573267318 -0.013564469463 0.198038356867 15.509342991414 27318808 -0.197573267318 -0.013564469463 0.198038356867 15.509342991414 27318808 -0.112473560846 0.023050362237 0.114811241125 0 
784 688 -0.082553220301 -0.022829137681 0.085651641604 44.510607775196 31405994 -0.082553220301 -0.022829137681 0.085651641604 44.510607775196 31405994 -0.064738568285 0.035962672533 0.074056708266 0 
816 688 -12.071434177522 -0.19814329741 12.073060252834 43.868126338112 33072418 -12.071434177522 -0.19814329741 12.073060252834 43.868126338112 33072418 -0.039333134293 0.036586113469 0.053718145464 0 
848 688 -0.238822218121 -0.107773932914 0.262013878419 58.790244650839 33463914 -0.238822218121 -0.107773932914 0.262013878419 58.790244650839 33463914 -0.036257258871 0.024920685045 0.043995788025 0 
880 688 -0.44561531397 -0.029433236748 0.446586300137 6.032913619951 34135016 -0.44561531397 -0.029433236748 0.446586300137 6.032913619951 34135016 -0.390903039591 0.015385763863 0.391205710709 0 
912 688 -3.593158398169 -0.06293133736 3.5937094523 1.417873399022 32773812 -3.593158398169 -0.06293133736 3.5937094523 1.417873399022 32773812 -1.103270476456 0.007981349924 1.103299345674 0 
944 688 -3.780650893759 -0.057774356497 3.781092310001 0.653276782078 32191990 -3.780650893759 -0.057774356497 3.781092310001 0.653276782078 32191990 -1.167206617073 -0.004527114959 1.167215396449 0 
976 688 -0.063568641073 0.1290679565 0.143873241164 65.954657245619 34136752 -22 -32 38.832975677895 53.315618755048 34002752 -0.582711461442 -0.022139630786 0.583131898071 0 
1008 688 -0.27935759481 0.248316466726 0.373766950686 39.928344617158 35620368 -18 -32 36.715119501372 62.347281310503 35579404 -0.511210119099 0.015217324292 0.51143655797 0 
1040 688 -0.356320302691 0.179929159122 0.399172469506 20.351716682541 35849740 -32 -11 33.837848631377 25.410853174772 35825464 -0.952702590043 0.107543750274 0.958753296368 0 
1072 688 -1.658976688455 0.2378321175 1.675937877414 0.67437548322 35656072 18.699741596414 -12.803839714022 22.663156161379 153.084294765412 35624008 -1.232442211166 0.161904013157 1.243031260001 0 
1104 688 -1.29338255172 0.204124793146 1.309391215898 1.447284765546 36876272 -8.313660737644 20.560012253923 22.177264455792 60.46222734977 36796444 -1.350428982469 0.17829811294 1.362148543211 0 
1136 688 -1.912707247956 0.096815628221 1.915155942019 1.32793675913 37872648 -2.444476846414 23.31407202992 23.441873254263 79.788808614364 37740288 -1.507617476606 0.111389982906 1.511726888052 0 
1168 688 -3.041695444089 -0.028069985167 3.041824961871 0.77634230704 37421664 28.484753687229 0.006318764329 28.484754388074 178.707634180621 37316088 -1.704007693575 -0.038820376943 1.70444983541 0 
1200 688 -3.153256970253 -0.104639693361 3.154992707737 1.030963300035 36672988 -28.330177451563 -0.051173680406 28.33022366983 2.828110537607 36528224 -1.487969068634 -0.07620018614 1.489918929868 0 
1232 688 -0.5 -0.07022558288 0.504907548459 7.94500260458 37195244 8.861570075759 -22.326148971029 24.020498581091 111.598881663413 37133676 -0.859501601783 -0.000749444685 0.859501928523 0 
1264 688 -0.120147507467 0.160545955467 0.200525378363 45.917281133834 38952668 -26.885878852225 -25.258982951392 36.889926828272 50.48567804781 38909112 -0.465447539398 0.05939980973 0.469222494482 0 
1296 688 -0.050412111372 0.17519879143 0.182307425772 55.123322621915 39738980 30 -32 43.863424398923 151.976299287484 39688732 -0.305806881479 0.104247577103 0.323087304133 0 
1328 688 -2.033809248435 0.062166478988 2.034759133198 0.846370467345 39981352 28 -32 42.520583250939 133.783083321462 39950636 -2.545766463635 0.115476049727 2.548384116539 0 
1360 688 -4.674914033199 0.071309401456 4.675457865123 0.131680830556 41142028 -7 -32 32.756678708318 78.40313264704 41095324 -7.185326285866 0.0930852276 7.185929215763 0 
1392 688 -5.86688109701 0.093148779775 5.867620514453 0.173048013267 42938236 7.608391572275 -30.899045153872 31.821983183612 104.569537825638 42844392 -6.746276331626 0.086731270865 6.746833824544 0 
1424 688 -0.59468500087 0.098756890687 0.602829307282 4.941806517645 44177692 -1 -32 32.015621187164 92.697109873849 44057300 -1.228616600914 0.096414179521 1.232393786926 0 
1456 688 0.741064235366 0.198075892718 0.767079044307 11.584413538932 43783904 -1 -32 32.015621187164 95.170023847268 43650204 1.72145525039 0.101673691162 1.724455194712 0 
1488 688 1.857692748361 0.24161672997 1.873339529161 4.621045944762 42526244 -9.487935100343 -18.033448139135 20.377099014707 120.539601544403 42412044 2.103939222285 0.102509805787 2.106435024242 0 
1520 688 1.61084238696 0.203705269079 1.623671466855 4.436042159443 41693220 -10.806718765271 -17.217446340205 20.327951912318 124.886146365359 41576412 2.09381225192 0.101351712977 2.096263799242 0 
1552 688 0.999163327983 -0.069694614799 1.001591081888 7.313478798902 41717772 20.475915447595 29.727697702122 36.097079162805 52.118222095271 41649988 1.691074339293 0.098199412731 1.693923122718 0 
1584 688 1.80052839173 -0.274279074688 1.821299398846 11.77341300293 41965236 24 31 39.204591567825 49.141206500323 41921752 2.090806790522 0.11367280001 2.09389458683 0 
1616 688 1.07237003867 0.000319512761 1.072370086269 2.552319474207 41741420 28 31 41.773197148411 45.341447069189 41691104 3.293009605606 0.147771874816 3.296323526233 0 
1648 688 2.633611066997 -0.045774094832 2.634008830655 3.908322208277 41534496 3 -32 32.140317359976 87.556754691407 41471880 3.508487036713 0.178504587012 3.513025074543 0 
1680 688 2.343189118992 0.052787315116 2.343783639331 3.010644425346 40738564 -12.286480185416 27.344529143102 29.978006428123 109.894216090674 40675748 2.737239083845 0.205870936599 2.744970062618 0 
1712 688 2.211606962138 0.202739713922 2.220880173845 0.757380153644 39877592 22.627473436968 -23.164872105221 32.382307728016 51.667456388972 39817204 2.07134322276 0.217527458507 2.082734006464 0 
1744 688 1.001121013129 0.12720389604 1.009170012483 0.80130025771 40868432 1.197071745366 -30.92090887093 30.944071906715 95.82554165501 40818052 1.510799453458 0.213474152737 1.525806738239 0 
1776 688 0.035077807239 0.08913533909 0.095789149884 54.986981579994 42460920 -30 -32 43.863424398923 146.684072077664 42408640 0.876595213246 0.210964620663 0.901623668199 0 
1808 688 0.23519965514 0.066319855048 0.244371031327 35.471720033637 43712024 0.3710802385 -31.339262956959 31.341459813302 140.540323897681 43636224 0.168730502122 0.209998862286 0.269387276069 0 
1840 688 0.982857625506 0.083131628604 0.986367061337 10.890797037935 44106020 1.066723245428 -31.407066847006 31.425176951206 103.780185161162 44010344 1.556952763066 0.438386175021 1.617493228693 0 
1872 688 4.939620193543 0.230054917274 4.944974511706 7.412988035587 44248588 4.05002566438 -31.180796793431 31.442722473656 92.678893095313 44117484 5.041261996079 0.896126558868 5.120289574098 0 
1904 688 8.221222584676 0.934874554791 8.274206380069 4.130392262903 44352860 18 32 36.715119501372 50.024344636029 44215964 6.890804343698 1.291807518673 7.010845253493 0 
1936 688 10.604761689541 0.977088220006 10.649679426237 7.620752646902 43156068 7.114953116163 -30.429634352779 31.250363272913 89.724658611752 43045620 7.105579805922 1.625429054434 7.289120933921 0 
1968 688 6.720875854644 1.29843615807 6.845152205037 6.093894167297 42884136 2 32 32.062439083763 69.39525495804 42776020 5.92512836714 1.8147066746 6.196798083036 0 
2000 688 0.338514335511 0.667049496255 0.748028733272 34.053742853406 42418508 -29 10 30.675723300356 131.935023014558 42320396 3.34945002735 1.859640379171 3.831067452494 0 
2032 688 -0.734420792666 0.856751385431 1.128448863324 86.72151586382 43494376 12.840825187721 -20.715893015643 24.372833543459 102.089324678098 43351728 2.041616629129 1.963469400112 2.832562540442 0 
2064 688 30.106420550982 2.14657774961 30.1828486798 42.65022560434 45646280 -7.100048582898 2.047416777077 7.389357572792 117.185712075236 45640496 2.001628172478 2.126193737423 2.920139577129 0 
2096 688 -5.185799855932 2.07370948342 5.585050686199 108.239180306948 46159844 -5.185799855932 2.07370948342 5.585050686199 108.239180306948 46159844 1.768662640927 2.10521383077 2.74956229438 0 
2128 688 1.301611787702 1.176488888529 1.754513992739 12.649370822622 46086916 1.301611787702 1.176488888529 1.754513992739 12.649370822622 46086916 1.342720034477 1.900529680153 2.326995951034 0 
2160 688 4.78520292385 1.001770947816 4.888937722483 45.740239878938 44738472 31 1 31.016124838542 55.716605391749 44702692 0.867754509576 1.365476530291 1.617876399378 0 
2192 688 4.058090262095 0.162936104485 4.061359963049 53.193891980643 43474096 14.090016650563 21.376287777574 25.602231316095 1.11629564514 43404036 0.343766066225 0.500054381182 0.606819159575 0 
2224 688 5.529390849793 0.141062622547 5.531189911154 7.318127803116 42773060 -32 0 32 174.143252015416 42734096 0.200845431482 -0.020602132891 0.201899319531 0 
2256 688 4.583644831939 0.105582732545 4.584860702221 25.432836698984 43758444 31 27 41.109609582189 65.168094616539 43629804 0.438992605348 -0.196493011931 0.480961548658 0 
2288 688 4.197921159454 0.094719391687 4.198989619439 28.712571395949 44347328 17.274039216039 -23.902684582072 29.491198026992 26.725036154702 44282828 0.425184176239 -0.220582899805 0.47899728539 0 
2320 688 9.899952353412 0.061931124557 9.900146062762 30.581786442245 44255380 6 31 31.575306807694 109.269303309061 44081012 0.159420144157 -0.092871796512 0.184499194986 0 
2352 688 0.991521607207 0.067253596375 0.993799850967 50.197377483557 44799156 22.655412990881 -31.26583398133 38.611139744062 7.755661056864 44454816 0.0225400585 -0.023600859363 0.032635177338 0 
2384 688 0.025467715208 0.015029341123 0.029571702901 71.830565963187 45494924 6.160847376468 -30.896534851593 31.504791797944 37.43868134812 44895764 0.014543919268 -0.012770088358 0.019354605249 0 
2416 688 0.004189126418 0.004732790047 0.006320449492 88.752218455175 41319280 30 -32 43.863424398923 6.582441102996 37160456 0.009066665382 -0.007679620458 0.011881960761 0 
2448 688 0.003055008334 0.002061007862 0.003685217677 87.750912467217 29860008 0.003055008334 0.002061007862 0.003685217677 87.750912467217 29860008 0.00610829684 -0.008329455664 0.010329139459 0 
2480 688 0.005130359453 -0.002538152031 0.00572388014 44.346102226175 14847052 0.005130359453 -0.002538152031 0.00572388014 44.346102226175 14847052 0.003149928299 -0.008979290871 0.009515761285 0 
2512 688 -0.002766450217 -0.000951787094 0.002925601729 72.154087975957 3273449.5 -0.002766450217 -0.000951787094 0.002925601729 72.154087975957 3273449.5 0.000191559757 -0.009629126077 0.009631031312 0 
48 720 0 0 0 0 0 0 0 0 0 0 0 0 0 0 
80 720 0 0 0 0 0 0 0 0 0 0 0 0 0 0 
112 720 0 0 0 0 0 0 0 0 0 0 0 0 0 0 
144 720 0 0 0 0 0 0 0 0 0 0 0 0 0 0 
176 720 0 0 0 0 0 0 0 0 0 0 0 0 0 0 
208 720 0 0 0 0 0 0 0 0 0 0 0 0 0 0 
240 720 0 0 0 0 0 0 0 0 0 0 0 0 0 0 
272 720 0 0 0 0 0 0 0 0 0 0 0 0 0 0 
304 720 0 0 0 0 0 0 0 0 0 0 0 0 0 0 
336 720 0 0 0 0 0 0 0 0 0 0 0 0 0 0 
368 720 0 0 0 0 0 0 0 0 0 0 -0.000120767427 0.000131230135 0.000178342703 0 
400 720 0 0 0 0 0 0 0 0 0 0 -0.000362302281 0.000393690406 0.00053502811 0 
432 720 0 0 0 0 0 0 0 0 0 0 0.000613382402 0.000421179881 0.000744063481 0 
464 720 0 0 0 0 0 0 0 0 0 0 0.00280628662 0.00021369856 0.002814411425 0 
496 720 -0.0028515317 0.000875796145 0.002982993785 167.887170384983 627295.875 -0.0028515317 0.000875796145 0.002982993785 167.887170384983 627295.875 0.002007577044 -0.000174247772 0.002015124779 0 
528 720 -0.002046624103 -0.002194447552 0.003000711629 24.380542045944 4184644.5 -0.002046624103 -0.002194447552 0.003000711629 24.380542045944 4184644.5 -0.001782746326 -0.000742659114 0.001931250119 0 
560 720 -0.004628558265 -0.005313145819 0.007046493462 74.973741688909 9436344 -0.004628558265 -0.005313145819 0.007046493462 74.973741688909 9436344 -0.004450796079 0.002174122774 0.004953422612 0 
592 720 -0.002919949842 0.008653667063 0.00913302035 16.316385168445 12385045 -0.002919949842 0.008653667063 0.00913302035 16.316385168445 12385045 -0.005996572215 0.008576097893 0.010464622946 0 
624 720 -0.003486016004 0.036886760115 0.037051118463 71.579303274152 13403226 -0.003486016004 0.036886760115 0.037051118463 71.579303274152 13403226 -0.046016304548 0.010642265059 0.047230901852 0 
656 720 0 0.036747711394 0.036747711394 86.152959998213 14878196 0 0.036747711394 0.036747711394 86.152959998213 14878196 -0.124509993077 0.008372624272 0.124791182433 0 
688 720 -0.068977698705 0.00756609365 0.069391416557 3.652620859446 14042128 -0.068977698705 0.00756609365 0.069391416557 3.652620859446 14042128 -0.158131321009 0.007200254587 0.158295162119 0 
720 720 -0.267812816814 -0.010519080352 0.268019320015 5.026530624644 10394586 -0.267812816814 -0.010519080352 0.268019320015 5.026530624644 10394586 -0.146880288345 0.007125156002 0.147053007288 0 
752 720 -0.150036274625 0.007647776313 0.150231062653 1.594575070276 9528100 -0.150036274625 0.007647776313 0.150231062653 1.594575070276 9528100 -0.114851855295 0.009064408202 0.115208993402 0 
784 720 -0.068786967022 0.061048451973 0.091970431772 29.739591738272 12535268 -0.068786967022 0.061048451973 0.091970431772 29.739591738272 12535268 -0.062046021858 0.013018011187 0.063396982922 0 
816 720 -0.032540878765 0.052448358116 0.061723083687 34.880969544635 16263249 -0.032540878765 0.052448358116 0.061723083687 34.880969544635 16263249 -0.026932975361 0.011600316026 0.02932494661 0 
848 720 0.036917142064 -0.012948609901 0.039122140491 172.498927905225 19755116 -0.041515303675 -29.399336916278 29.399366228497 116.748375974909 14362151 -0.009512715805 0.004811322718 0.010660233969 0 
880 720 0.013058850425 -0.002218793949 0.013246003964 172.388518970345 22682660 12.46555607809 -28.007562386349 30.65638007269 116.024206684087 20294278 -0.124267058374 0.004407692036 0.124345203149 0 
912 720 -0.076112242669 0.127542941732 0.148527019326 57.569795245767 23202206 -22.296409921318 -24.740180013846 33.304750449403 49.577344693113 22658606 -0.37119600307 0.010389423982 0.371341369667 0 
944 720 -3.373803869771 2.989385618797 4.507657809723 39.918806581086 25009640 -0.033777409933 -22 22.000025929835 91.5360271229 24741846 -0.399342050979 0.011322009715 0.39950251762 0 
976 720 -0.012350295024 2.220228548072 2.220262897825 87.703963899741 28602324 13.359513730169 -29.188258157037 32.100327433664 116.570972195188 28261736 -0.208705202102 0.007205449235 0.208829547438 0 
1008 720 -0.367225221299 0.902904158606 0.974725747473 63.080396264535 30595360 -0.367225221299 0.902904158606 0.974725747473 63.080396264535 30595360 -0.192808985579 0.016147450835 0.193483965973 0 
1040 720 -0.12929545195 0.387812390752 0.408797950479 65.3704317567 31464992 -0.12929545195 0.387812390752 0.408797950479 65.3704317567 31464992 -0.351653401412 0.038148014515 0.353716533026 0 
1072 720 -0.084755352368 0.150143649053 0.172413993359 54.997999975802 32068076 -2 31 31.064449134018 80.751128486059 31667564 -0.47391132437 0.046112406128 0.476149448561 0 
1104 720 -0.253431192117 0.161456520824 0.300492224948 28.407698358202 33129994 -13.833261039294 -30.646711571896 33.624099112872 69.79940701784 32869640 -0.559582754454 0.040040625673 0.561013467563 0 
1136 720 -3.667007605583 0.091457139623 3.66814792338 3.300491664865 34381224 16 -32 35.777087639997 114.69325085223 34257780 -1.168824748132 -0.038198017726 1.169448750653 0 
1168 720 -3.724188696093 -0.057659813192 3.724635028853 3.797521134573 33937152 18 31 35.84689665787 124.825918672085 33676832 -2.301637305403 -0.18860352407 2.309351765088 0 
1200 720 -3.703606002479 -0.103479975634 3.70505135281 3.615095981894 33262468 17.986813055077 0.295324451079 17.989237349307 175.725108980275 33082742 -2.270024438346 -0.207209312008 2.279461921084 0 
1232 720 -1.357537688749 -0.163788679708 1.367382648703 1.876710580962 34122580 -11.444644783356 29.018896977676 31.194170545443 73.479267972135 33980992 -1.073986146962 -0.094015381541 1.078093287166 0 
1264 720 -0.32341804111 -0.028599307862 0.32468007288 4.470127239534 33547942 -0.32341804111 -0.028599307862 0.32468007288 4.470127239534 33547942 -0.364480639766 -0.0037107043 0.364499528245 0 
1296 720 -1.775315106959 -0.004936922857 1.775321971419 24.395883886104 32371980 -1.775315106959 -0.004936922857 1.775321971419 24.395883886104 32371980 -0.141507916758 0.063704719716 0.155186281028 0 
1328 720 -2.128603504911 0.024369368009 2.128742996986 0.176382614961 32667714 15.735095572397 23.245396479697 28.070299075193 123.615014997134 31782110 -7.015590589837 0.05871882195 7.015836316809 0 
1360 720 1.672331011572 -0.030370198228 1.672606756295 178.908633654349 33505628 -19.96415294532 25.110330625067 32.07952784759 51.564253682268 32666324 -20.986728659002 -0.018668397596 20.986736962083 0 
1392 720 0.96427052233 -0.023172122348 0.964548903628 178.476230115143 34592168 -20 -32 37.735924528226 57.847441240146 33882128 -20.065479240205 -0.051542268889 20.065545438502 0 
1424 720 3.823509370391 0.043735884398 3.823759502512 179.882335751826 34939924 -32 31 44.553338819891 44.62831457143 34130852 -4.251842333446 -0.039902791931 4.252029569663 0 
1456 720 7.902574010185 -0.033304241233 7.902644187798 0.070317328947 33471004 -29 0 29 179.828854083778 33441198 3.749158055454 -0.011198992392 3.749174781496 0 
1488 720 -24.685785158497 -0.123289635121 24.686093032831 179.783142857495 32522204 5.245615976608 -0.013636266879 5.245633700691 0.651953557461 32471910 3.937521926495 0.034569129727 3.937673671898 0 
1520 720 0.250068701245 0.08908290078 0.265462084964 18.007865860894 33675524 -4 31 31.256999216176 95.752632272212 32581390 3.672188310195 0.102557284945 3.673620146698 0 
1552 720 4.391132633076 0.015045308472 4.39115840782 3.538336363793 35648664 -30 0 30 176.26535225696 35589132 2.953157206552 0.192765473261 2.959441841681 0 
1584 720 3.377490299824 2.353310543639 4.116492589597 29.19198901046 36006720 24.950677482585 2.114781401501 25.040139920058 0.830647161494 36001232 3.060272134566 0.304127225979 3.075346957204 0 
1616 720 -11.414939969869 1.795010720982 11.555211724765 164.823577473951 34637656 -11.414939969869 1.795010720982 11.555211724765 164.823577473951 34637656 3.993533094236 0.436642543097 4.017332857158 0 
1648 720 6.297526293667 0.089195098103 6.298157919975 5.200840431557 33313914 6.297526293667 0.089195098103 6.298157919975 5.200840431557 33313914 4.243923238616 0.446975137213 4.267396305542 0 
1680 720 3.47579314877 0.129728673695 3.478213268593 2.887382531137 33215714 3.47579314877 0.129728673695 3.478213268593 2.887382531137 33215714 3.811442567707 0.335125008326 3.826147307428 0 
1712 720 4.480497293209 0.261108351321 4.488099103806 0.852575882712 34801652 -29 0 29 175.812190557142 34669224 3.475979872285 0.254516460842 3.48528545479 0 
1744 720 2.909739202275 0.088342345309 2.9110799706 1.886735893409 35419480 -29 0 29 176.374246003253 35330260 3.237535152351 0.205149494761 3.244028387346 0 
1776 720 -1.633294531483 -0.035940409107 1.633689915369 176.697581990108 34203116 -1.633294531483 -0.035940409107 1.633689915369 176.697581990108 34203116 2.265601347684 0.180813495329 2.27280509211 0 
1808 720 -0.172640511694 0.102599062458 0.200826576665 131.323967540599 34955400 -0.172640511694 0.102599062458 0.200826576665 131.323967540599 34955400 0.560178458285 0.181508462545 0.588850768108 0 
1840 720 -3.981479576393 0.082223179671 3.982328498317 135.289924852701 37099168 -3.981479576393 0.082223179671 3.982328498317 135.289924852701 37099168 0.299715253463 0.284687747133 0.41337192276 0 
1872 720 1.199770156939 -0.107463417837 1.204573291939 23.400758751551 38788508 1.199770156939 -0.107463417837 1.204573291939 23.400758751551 38788508 1.48421173322 0.490351349092 1.563115131583 0 
1904 720 3.10988707667 0.263409741587 3.121022640354 6.370292291916 39894516 28.071471131013 -24.152865515688 37.031991629916 51.920635874997 39816124 3.2170706326 0.637681699306 3.279661782069 0 
1936 720 5.312050894779 0.411487644769 5.327964601094 3.099371668207 39905824 33.078365866521 -21.244690402986 39.313040568216 40.239571574513 39873000 5.498291951603 0.726678797772 5.546104620379 0 
1968 720 5.625956232809 0.04732107671 5.626155242951 6.349999344259 39407180 34.88767487531 23.297217894714 41.951283887851 26.902208444257 39355000 6.434763060104 0.770934502777 6.480780481335 0 
2000 720 2.793284285443 0.070977741478 2.794185917058 5.829812225787 39031020 2.793284285443 0.070977741478 2.794185917058 5.829812225787 39031020 6.026483958102 0.770448814318 6.075532920884 0 
2032 720 2.751458744728 0.446016568887 2.787374392445 1.091944870164 39263320 -9 -32 33.241540277189 113.824352706189 39214288 5.615455469674 0.800769107931 5.672263330991 0 
2064 720 5.19399190124 -0.050993383185 5.194242215692 9.970680884129 39118760 -4 -32 32.249030993194 106.533198902713 39049112 5.201677594819 0.861895383616 5.272600255353 0 
2096 720 4.238788310037 -0.087899486062 4.239699595131 12.169911381161 39197864 -26.615684262863 -0.115254768205 26.615933807439 169.266165561211 39139168 4.428263056882 0.859318888991 4.510869390031 0 
2128 720 4.343823486684 -0.08731375715 4.344700930519 14.683241119036 38794836 -27 31 41.109609582189 117.523101068533 38230664 3.295211855861 0.793039624056 3.389296832726 0 
2160 720 4.169993900828 -0.018447268455 4.170034704251 9.978623839556 38694316 -19.627155188123 30.26947563824 36.075842002546 113.234784785503 38142500 2.244506934612 0.384675079012 2.277232156793 0 
2192 720 4.618806117208 0.046959837607 4.61904483359 16.576085569119 39134460 0.819324334152 29.360240387093 29.371670159397 104.395097811865 38956948 1.276148293136 -0.365774746141 1.327533664729 0 
2224 720 9.895778546709 -0.09365641963 9.896221732077 36.150335169809 37635204 -20 -32 37.735924528226 85.312800924181 37367792 1.003726825371 -0.74795279532 1.25175913178 0 
2256 720 1.221871307337 -2.534227444138 2.813410426922 36.165871844167 34988888 -31 3 31.144823004795 157.434334004723 34381440 1.427242531317 -0.761859068524 1.617853665661 0 
2288 720 5.614243998507 -0.35672337505 5.625565504114 21.557466170298 33144596 5.614243998507 -0.35672337505 5.625565504114 21.557466170298 33144596 1.241190233082 -0.583877085896 1.371665282105 0 
2320 720 0.333006171799 -0.445270408277 0.556020545433 27.553206557931 34218236 -32 0 32 154.345066550537 34017480 0.445569930666 -0.214006847436 0.494298992376 0 
2352 720 0.263326850614 -0.482556206155 0.549728589717 33.284828623602 36765896 -28 31 41.773197148411 160.183408709401 36546712 0.042655402194 -0.022770359444 0.048352586338 0 
2384 720 0.088384004433 -1.056399303276 1.060090194371 67.81833763344 38041940 -20 31 36.891733491393 140.227671728439 37953212 0.032446647665 -0.01016762192 0.034002433445 0 
2416 720 0.044384850585 -0.036787773979 0.057648549641 28.749767095835 39141836 8 31 32.015621187164 86.433109915666 38899096 0.021644384419 -0.004169385096 0.022042303622 0 
2448 720 0.012098999299 -0.004948738595 0.013071946975 2.739012992725 36241344 0 -32 32 65.015419832982 33221848 0.010248612456 -0.004775648972 0.011306674152 0 
2480 720 0.002483470868 -0.003377523887 0.004192289966 48.359374052065 19885268 0.002483470868 -0.003377523887 0.004192289966 48.359374052065 19885268 -0.001147159507 -0.005381912849 0.005502813903 0 
2512 720 -0.002548237807 -0.002049976286 0.003270461542 13.295087815496 3726779.75 -0.002548237807 -0.002049976286 0.003270461542 13.295087815496 3726779.75 -0.012542931469 -0.005988176726 0.013899042785 0 
48 752 0 0 0 0 0 0 0 0 0 0 0 0 0 0 
80 752 0 0 0 0 0 0 0 0 0 0 0 0 0 0 
112 752 0 0 0 0 0 0 0 0 0 0 0 0 0 0 
144 752 0 0 0 0 0 0 0 0 0 0 0 0 0 0 
176 752 0 0 0 0 0 0 0 0 0 0 0 0 0 0 
208 752 0 0 0 0 0 0 0 0 0 0 0 0 0 0 
240 752 0 0 0 0 0 0 0 0 0 0 0 0 0 0 
272 752 0 0 0 0 0 0 0 0 0 0 0 0 0 0 
304 752 0 0 0 0 0 0 0 0 0 0 0 0 0 0 
336 752 0 0 0 0 0 0 0 0 0 0 0 0 0 0 
368 752 0 0 0 0 0 0 0 0 0 0 -0.000057549023 0.000106147064 0.000120743899 0 
400 752 0 0 0 0 0 0 0 0 0 0 -0.000172647068 0.000318441191 0.000362231697 0 
432 752 0 0 0 0 0 0 0 0 0 0 0.000803037614 0.000028769259 0.000803552786 0 
464 752 0 0 0 0 0 0 0 0 0 0 0.002869505025 -0.000762868732 0.002969179649 0 
496 752 0 0 0 0 0 0 0 0 0 0 0.002125981648 -0.001488834015 0.002595462327 0 
528 752 0 0 0 0 0 0 0 0 0 0 -0.001427532517 -0.00214912659 0.002580037633 0 
560 752 0 0 0 0 0 0 0 0 0 0 -0.003521441022 0.000681833329 0.003586843119 0 
592 752 0.000663148555 -0.000265220416 0.000714218366 142.48063365705 206262 0.000663148555 -0.000265220416 0.000714218366 142.48063365705 206262 -0.004155743868 0.007004045741 0.008144130638 0 
624 752 0.002559775892 0.000166594594 0.002565191294 160.640527185484 365766 0.002559775892 0.000166594594 0.002565191294 160.640527185484 365766 -0.034620898914 0.009689662178 0.035951303102 0 
656 752 0.006290149769 0.000771721079 0.006337313116 167.745291372752 159503.984375 0.006290149769 0.000771721079 0.006337313116 167.745291372752 159503.984375 -0.094916906159 0.008738682641 0.095318327981 0 
688 752 0 0 0 0 0 0 0 0 0 0 -0.12074461286 0.006635077126 0.120926778602 0 
720 752 0 0 0 0 0 0 0 0 0 0 -0.112104019015 0.003378845635 0.112154927119 0 
752 752 0 0 0 0 4813.9990234375 0 0 0 0 4813.9990234375 -0.086259663609 -0.000975451213 0.086265178787 0 
784 752 -0.066030632663 0.039586087454 0.076987679338 39.403982270322 863071.9375 -0.066030632663 0.039586087454 0.076987679338 39.403982270322 863071.9375 -0.043211546643 -0.006427813419 0.043687006634 0 
816 752 -0.021422724814 0.026522845546 0.034093906704 98.012525721358 3212472 -0.021422724814 0.026522845546 0.034093906704 98.012525721358 3212472 -0.010587284381 -0.011329910994 0.015506691255 0 
848 752 0.042234072196 0.027865499509 0.050598447774 86.894500434048 5969425 0.042234072196 0.027865499509 0.050598447774 86.894500434048 5969425 0.011613123177 -0.015681743938 0.019513629157 0 
880 752 0.01567823344 0.049754044454 0.052165812016 110.741677847275 8329990 0.01567823344 0.049754044454 0.052165812016 110.741677847275 8329990 0.015376809582 -0.012114305772 0.019575563268 0 
912 752 0.006452674979 0.063413990788 0.063741440539 125.915103434674 11382013 0.006452674979 0.063413990788 0.063741440539 125.915103434674 11382013 0.000703774832 -0.000627596496 0.000942961492 0 
944 752 -0.012415554524 0.050280221593 0.051790411058 40.735042498002 16358343 0 31 31 54.605464652083 9939354 -0.010117066608 0.007188372845 0.012410791309 0 
976 752 0.004345874709 0.023329699888 0.023731024501 66.994331783449 20310606 11.642843337999 -30.229585366841 32.394191338021 144.621880637686 15999617 -0.017085714738 0.011333602249 0.02050297998 0 
1008 752 -0.004676651513 0.007646669192 0.008963404437 44.827389119586 24011106 19.928560562684 -31.239751745144 37.05495398997 136.257680796418 21670560 -0.030097140092 0.007349656743 0.03098153153 0 
1040 752 -0.015048890371 0.010927370812 0.018597756162 41.519815723057 28111698 0.058143730427 29.963506866984 29.963563280444 95.646669561923 27290926 -0.04915134267 -0.004763463674 0.049381626871 0 
1072 752 0.114225358659 0.235749037984 0.261963817103 126.836785525163 29691730 -24.057007115214 -30.987911048959 39.229965874567 41.190927746673 29485212 -0.085621056176 -0.016620752192 0.087219347992 0 
1104 752 -0.349576174053 0.449762412033 0.569639999248 63.580617434726 30495566 4 -32 32.249030993194 85.688393464383 30361972 -0.139506280612 -0.028222208813 0.142332341372 0 
1136 752 -4.042679754024 0.579308742515 4.083975785034 14.702521956556 32147128 17.068642697785 1.800319281457 17.16332465054 179.473368568047 32018854 -0.770314119785 -0.088415294448 0.77537159313 0 
1168 752 -3.631000178368 0.015502444542 3.631033271824 5.937878691612 31619360 -20 -32 37.735924528226 52.301359197488 31413618 -1.978044573697 -0.197200009098 1.987850140006 0 
1200 752 -3.23240879029 -0.219711879273 3.239867265405 1.805842809336 30122308 -32.175106647615 30.307781534589 44.201799842696 48.982548539873 30031850 -2.01976954604 -0.201398484785 2.029785793818 0 
1232 752 -0.21726273759 0.051225177941 0.223219882628 19.702370408859 29514798 -6 -32 32.557641192199 72.944612567145 29410712 -0.895489036815 -0.101010721509 0.901168009261 0 
1264 752 -0.180992054124 0.057356912776 0.189862948201 22.366484187641 26872126 0 -32 32 85.217077061297 26665170 -0.237717814686 -0.019890372787 0.238548498944 0 
1296 752 -0.307274255166 0.103201087046 0.324141839718 23.525667326419 23999756 -1 -32 32.015621187164 130.300889812172 23643368 -0.046455879651 0.04196256138 0.062601959328 0 
1328 752 -0.091248495464 0.138956506463 0.166238378881 56.424216317766 22266008 -37 31 48.270073544589 39.673449099054 21483876 -6.951673446683 0.034469998655 6.951758906214 0 
1360 752 -20.057343512124 -0.055390826006 20.057419996274 0.0423761003 20635454 1.174750858386 -0.005103351733 1.174761943322 179.635244432727 20521776 -20.953370515782 -0.042368060962 20.953413350197 0 
1392 752 -32.5 -0.175229337586 32.500472386117 0.091632959988 19691504 -0.401930327056 -0.046671166291 0.404630925129 6.406099613291 19652936 -20.064950803717 -0.07609313572 20.065095088758 0 
1424 752 3.304937983555 -0.072791740172 3.305739510697 177.846690546572 19918840 -16 31 34.885527085025 63.591993358604 17792448 -4.286414310489 -0.066705225621 4.286933312788 0 
1456 752 8.332759860486 0.048080533958 8.332898573142 0.933010805086 19823840 -29 0 29 179.397585677559 19668392 3.648243368039 -0.03835945795 3.648445027741 0 
1488 752 -24.744514646088 -0.481262986386 24.749194312796 179.022836611065 20968080 5.352831835444 0.441947425293 5.371045166936 4.582765371315 20956230 3.739022231867 0.00894416729 3.739032929585 0 
1520 752 2.515111386742 0.189155925126 2.522214354834 2.938764994657 23777788 -29 -11 31.016124838542 160.589971370839 23575882 3.435162161128 0.081687505538 3.436133280565 0 
1552 752 3.974942703409 0.014463718057 3.974969018059 3.551944381356 26818046 -24.052254263102 -0.122198033978 24.052564676067 176.53066305856 26735086 2.736663155822 0.179870556793 2.74256789262 0 
1584 752 5.212233011801 4.545295379987 6.915712765915 34.799566152145 28288430 23 -32 39.408120990476 60.583595538781 27917608 2.687227935051 0.296211630171 2.703504263871 0 
1616 752 -11.968905630057 3.363809769432 12.432615096839 156.836689225729 27441580 8.493763541798 -28.302437627855 29.549483832761 80.760643884413 27228388 3.286856498817 0.430710725672 3.314956617065 0 
1648 752 4.774369855224 0.922462078898 4.862668382841 2.925202726708 25840658 -7 31 31.780497164141 94.714114697796 25655552 3.540590369342 0.49824288319 3.575475651452 0 
1680 752 3.437873512751 0.444656189264 3.466510264853 0.860879047585 24539560 -29 31 42.449970553582 124.860219577476 24042184 3.448429546626 0.498808102724 3.484318564854 0 
1712 752 4.774751174551 2.030045728336 5.188384569209 14.7842773939 26089820 -29 1 29.017236257094 169.775959788616 25759218 3.429034468577 0.497131719362 3.464883451588 0 
1744 752 3.429519525469 0.273452893402 3.440404142028 3.502361160148 24776102 -17.153575474706 0.17399247021 17.154457873862 171.357658464692 24310378 3.482405135194 0.493213733105 3.517158698744 0 
1776 752 1.818919367131 0.096100451038 1.821456274746 6.386291338946 20443410 33 -32 45.967379738245 53.529230040225 19139692 2.59242690898 0.42966784532 2.627792178941 0 
1808 752 -1.5 0.112260745498 1.504194959099 153.73305367602 20774218 -10 31 32.572994949805 85.891815762347 19600706 0.759099789935 0.306494056007 0.818639784915 0 
1840 752 -21.666658188963 0.088623968964 21.666839439227 65.689193385813 23255042 -8 31 32.015621187164 9.606154680866 21554294 -0.167728156099 0.375374867376 0.411143558147 0 
1872 752 -0.380317211784 0.162912341472 0.413740996982 50.347021719609 25888004 16.071454187732 25.23347245537 29.916881051745 48.958139300075 23984744 -0.18805692912 0.636310279426 0.663518033133 0 
1904 752 -8.642852471589 0.146312758435 8.644090829516 148.14851808679 28267782 -8.642852471589 0.146312758435 8.644090829516 148.14851808679 28267782 1.046925908292 0.626116380028 1.219867033242 0 
1936 752 -7 0.253733650708 7.004597116573 172.356710551202 29892416 13 31 33.615472627943 61.6816635302 28010386 3.537220356136 0.344793169181 3.553985112149 0 
1968 752 -12.179371771401 -0.068494373842 12.179564369272 178.401273319283 31283248 10.503709746665 0.007965382285 10.503712766898 1.877493728402 31258374 5.388461504654 0.180725520814 5.391491361489 0 
2000 752 12.104629472495 -0.068374150005 12.104822579897 1.485889865187 33868720 37 0 37 1.162252651218 33672904 6.600649353846 0.133913434926 6.602007626509 0 
2032 752 7.956765971239 0.376959026697 7.96569035482 1.74382523613 36708816 -11.925194270752 -0.157710544164 11.926237085138 179.78910544925 36621408 6.981108764098 0.118027032071 6.982106412571 0 
2064 752 6.343188016744 0.021100855705 6.343223113045 0.976826795571 36180752 -7.539040409653 -0.446614316403 7.552257586046 177.777171038567 36129768 6.52983973541 0.133066312247 6.531195419952 0 
2096 752 4.956005503323 0.187253981606 4.95954177345 0.541693452753 32299416 4.956005503323 0.187253981606 4.95954177345 0.541693452753 32299416 5.393574904938 0.152738032988 5.395737128687 0 
2128 752 5.097422070914 0.115147657206 5.098722462735 1.543173533712 27243084 -29 0 29 177.162769815157 26596946 3.57231427268 0.177042194292 3.576698645588 0 
2160 752 5.461865965519 0.084224771463 5.462515321481 2.798174956755 24863358 33 0 33 1.914714704562 24636940 2.214996080192 -0.074048474009 2.216233474111 0 
2192 752 18.549993476344 -0.139864457905 18.550520748458 24.004682933137 24876692 18.549993476344 -0.139864457905 18.550520748458 24.004682933137 24876692 1.321620327475 -0.600533971916 1.451661579509 0 
2224 752 10.175697415321 -0.480863714619 10.187052949711 35.384463989547 23927014 10.175697415321 -0.480863714619 10.187052949711 35.384463989547 23927014 1.06894390107 -0.83785863621 1.358178249681 0 
2256 752 1.312054148436 -2.505375321813 2.828142781327 34.012622072447 22902612 -28 31 41.773197148411 160.435684892675 21824546 1.456966800976 -0.786022466889 1.655470802401 0 
2288 752 1.213360802354 -2.180561186941 2.49541409924 36.291300673593 22147956 -26.682363280081 29.247770946198 39.590158063987 156.988992687131 21510736 1.250670934846 -0.573003225527 1.375685459591 0 
2320 752 0.276209707836 -1.854949417016 1.875401061745 57.698424984283 24281600 0.276209707836 -1.854949417016 1.875401061745 57.698424984283 24281600 0.450056302678 -0.198800912123 0.492008616023 0 
2352 752 0.040931513482 -0.04081699952 0.057804984609 34.316406352885 29202012 -28 31 41.773197148411 142.692495493375 27796614 0.046679390461 -0.008738621305 0.047490304233 0 
2384 752 0.031494218487 -0.01784935551 0.03620062555 25.568417126877 30167196 24 31 39.204591567825 56.227183622517 25346352 0.040540198197 -0.002816353074 0.040637907358 0 
2416 752 0.004664452899 -0.013357279128 0.014148287053 70.539393461259 25402812 0.004664452899 -0.013357279128 0.014148287053 70.539393461259 25402812 0.028890547661 -0.000106422789 0.028890743672 0 
2448 752 0.010059691242 -0.005587705993 0.011507382245 26.079116146538 17486498 0.010059691242 -0.005587705993 0.011507382245 26.079116146538 17486498 0.011730438854 -0.000608830451 0.011746227914 0 
2480 752 -0.001524092447 -0.001339506837 0.002029072782 29.745407595931 6824057 -0.001524092447 -0.001339506837 0.002029072782 29.745407595931 6824057 -0.005429669953 -0.001111238113 0.0055422167 0 
2512 752 -0.00203513618 -0.001341686605 0.002437601734 29.309476475752 453329.96875 -0.00203513618 -0.001341686605 0.002437601734 29.309476475752 453329.96875 -0.02258977876 -0.001613645775 0.022647338853 0 
48 784 0 0 0 0 0 0 0 0 0 0 0 0 0 0 
80 784 0 0 0 0 0 0 0 0 0 0 0 0 0 0 
112 784 0 0 0 0 0 0 0 0 0 0 0 0 0 0 
144 784 0 0 0 0 0 0 0 0 0 0 0 0 0 0 
176 784 0 0 0 0 0 0 0 0 0 0 0 0 0 0 
208 784 0 0 0 0 0 0 0 0 0 0 0 0 0 0 
240 784 0 0 0 0 0 0 0 0 0 0 0 0 0 0 
272 784 0 0 0 0 0 0 0 0 0 0 0 0 0 0 
304 784 0 0 0 0 0 0 0 0 0 0 0 0 0 0 
336 784 0 0 0 0 0 0 0 0 0 0 0 0 0 0 
368 784 0 0 0 0 0 0 0 0 0 0 -0.000019183008 0.000035382355 0.000040247966 0 
400 784 0 0 0 0 0 0 0 0 0 0 -0.000057549023 0.000106147064 0.000120743899 0 
432 784 0 0 0 0 0 0 0 0 0 0 0.000267679205 0.000009589753 0.000267850929 0 
464 784 0 0 0 0 0 0 0 0 0 0 0.000956501675 -0.000254289577 0.00098972655 0 
496 784 0 0 0 0 0 0 0 0 0 0 0.000708660549 -0.000496278005 0.000865154109 0 
528 784 0 0 0 0 0 0 0 0 0 0 -0.000475844172 -0.00071637553 0.000860012544 0 
560 784 0 0 0 0 0 0 0 0 0 0 -0.001173813674 0.000227277776 0.001195614373 0 
592 784 0 0 0 0 0 0 0 0 0 0 -0.001385247956 0.002334681914 0.002714710213 0 
624 784 0 0 0 0 0 0 0 0 0 0 -0.011540299638 0.003229887393 0.011983767701 0 
656 784 0 0 0 0 0 0 0 0 0 0 -0.03163896872 0.002912894214 0.031772775994 0 
688 784 0 0 0 0 0 0 0 0 0 0 -0.040248204287 0.002211692375 0.040308926201 0 
720 784 0 0 0 0 0 0 0 0 0 0 -0.037368006338 0.001126281878 0.037384975706 0 
752 784 0 0 0 0 0 0 0 0 0 0 -0.026696985789 -0.007069216009 0.027617075609 0 
784 784 0 0 0 0 0 0 0 0 0 0 -0.00823514264 -0.022374801286 0.023842174961 0 
816 784 0 0 0 0 0 0 0 0 0 0 0.009703938649 -0.03220456759 0.033634812308 0 
848 784 0 0 0 0 0 0 0 0 0 0 0.027120258076 -0.036558514922 0.045519593709 0 
880 784 0.010389758699 -0.000482923052 0.010400975939 47.986238122972 159634.984375 0.010389758699 -0.000482923052 0.010400975939 47.986238122972 159634.984375 0.028028564276 -0.034180229561 0.04420281109 0 
912 784 0.00467587952 0.026179988654 0.026594278618 143.502539215543 1950489.875 0.00467587952 0.026179988654 0.026594278618 143.502539215543 1950489.875 0.012428857251 -0.025069711509 0.027981546199 0 
944 784 -0.005210944662 0.032852658782 0.033263360223 172.571837963889 5369878.5 -0.005210944662 0.032852658782 0.033263360223 172.571837963889 5369878.5 0.000468336042 -0.01692802557 0.016934502896 0 
976 784 0.002317629127 0.022427100295 0.022546534821 147.065662996204 7898216.5 0.002317629127 0.022427100295 0.022546534821 147.065662996204 7898216.5 -0.007852999351 -0.009755171744 0.012523297271 0 
1008 784 -0.00344817806 0.001339362901 0.003699165435 47.070471054833 11366190 -0.00344817806 0.001339362901 0.003699165435 47.070471054833 11366190 -0.023074582637 -0.011176057985 0.025638655112 0 
1040 784 -0.012760960638 -0.009408336292 0.015854302514 11.280529536539 15614052 -0.012760960638 -0.009408336292 0.015854302514 11.280529536539 15614052 -0.045196413816 -0.021190684293 0.049917541232 0 
1072 784 -0.027461533588 -0.021984850423 0.035177684334 17.416143328965 18832536 -0.027461533588 -0.021984850423 0.035177684334 17.416143328965 18832536 -0.067571406585 -0.026295461804 0.072507560291 0 
1104 784 0.013727314157 -0.046153168502 0.048151366717 90.197231122935 23266548 7 31 31.780497164141 119.091155592773 14459355 -0.090199560943 -0.026490390518 0.094009050543 0 
1136 784 -0.072477466637 -0.020514472645 0.075324808383 8.633553854544 27021242 -14.398195485402 27.1156670377 30.701261083794 69.2024774481 21180988 -0.312085591567 -0.039261847259 0.314545559679 0 
1168 784 -0.127755790151 0.017112670619 0.128896801407 12.664973829938 28058170 8.55453888075 -23.738541315947 25.232884878095 104.781672755909 24912690 -0.733229498458 -0.064609832029 0.736070599742 0 
1200 784 0.014017883367 0.002394003775 0.014220840628 174.866215008504 27613106 -16.470671214617 26.807856191816 31.4633781381 62.991359528528 26417158 -0.737204391717 -0.058767704472 0.739543073969 0 
1232 784 0.065524215566 0.024421575834 0.069927363683 163.396839759356 26612704 -32 0 32 3.837802271264 26476244 -0.324010271343 -0.021735464588 0.324738489182 0 
1264 784 -0.043034226151 0.987705537736 0.988642591585 80.237196585976 24634428 0.01821425542 25.393529030072 25.393535562426 82.773086881314 24616162 -0.085159064156 0.010860804268 0.085848839697 0 
1296 784 0.033444845927 4.757987181403 4.758104725215 28.291451077088 20775142 31 31 43.840620433566 72.8887141874 20544874 -0.020650770158 0.039021102097 0.044148620782 0 
1328 784 -1.924129712237 8.626409870856 8.838394786924 76.386040486054 15895975 -33.474629239771 -6.421274894793 34.084946442889 11.898768178744 15601349 -2.354015034174 0.042729579842 2.354402811354 0 
1360 784 -6.856245946789 10.0805885396 12.191241683584 55.600885318602 10912545 -6.995571781748 -12.064912423019 13.946330568601 60.071443523695 10908102 -7.085251856205 0.021986237503 7.085285968858 0 
1392 784 -30.767496849635 -29.195841493478 42.415044770748 43.609708276192 9408373 -31 31 43.840620433566 44.888897553306 9392989 -6.744691022162 0.013078670372 6.744703702613 0 
1424 784 18.69758752652 7.925996157246 20.308155859077 156.339352988724 10920756 17 -32 36.235341863987 118.667802890602 10889567 -1.332332532045 0.016006878451 1.332428683308 0 
1456 784 13.663989742123 0.755375116757 13.684853204907 2.3487879023 12563380 25.558063227594 23.270170158698 34.564655577055 41.501887347716 12501624 1.418711188142 0.020192294486 1.418854877751 0 
1488 784 0.9818263765 -9.262100503109 9.313994243249 84.922583749101 16342064 1 31 31.016124838542 87.178780489152 16128241 1.508440138399 0.025634918476 1.508657946713 0 
1520 784 1.324511359858 -7.592563455006 7.707227138257 81.709348802313 21379240 -13.098210776007 -7.151406466544 14.923328716558 152.9711218489 21337258 1.382733804719 0.038742374756 1.383276453322 0 
1552 784 2.739389465885 -0.014166805408 2.739426097593 3.56652338405 24538002 -27.125980091416 7.071894792257 28.032668297411 162.117702735584 24495446 1.041592187101 0.059514663325 1.04329108085 0 
1584 784 8.023414672269 9.672229260674 12.566909002385 45.035719711457 26484756 31 0 31 5.287519267042 26446680 0.971674191978 0.089926012586 0.975826533302 0 
1616 784 1.160559452688 0.204856237555 1.178500878782 3.687373455605 26743302 -19.913079849064 -16.164736150084 25.648185976342 147.254603825282 26704802 1.172979819351 0.129976422541 1.180159110891 0 
1648 784 1.203731713955 0.204211735367 1.220930985782 3.738196563243 25711946 -31 0 31 166.633311957439 25692802 1.398488428892 0.332307824943 1.437427694273 0 
1680 784 1.143694655522 3.508598368864 3.690298088104 49.02518415 22832418 1 31 31.016124838542 65.231941989557 22785768 1.648200020603 0.696920219792 1.789486267249 0 
1712 784 2.020366084702 2.21391269754 2.99721346396 21.52605149552 22648376 23.79587857457 -14.779831350586 28.012269666835 57.935868872332 22160690 1.930507011635 0.945373234067 2.149555273461 0 
1744 784 3.70693946949 2.899228089334 4.706051821267 12.390940306942 20166088 -30 -29 41.72529209005 161.609339026873 18610792 2.245409401989 1.077666867768 2.490628286281 0 
1776 784 1.122017581673 0.64560680505 1.294500521556 2.639888160112 13367645 -11.246704293216 -30.902908403044 32.885834415839 137.274459714585 13016665 1.857071897134 0.957527670636 2.089395910583 0 
1808 784 -0.051265416122 5.434607378397 5.43484916996 53.155066349218 11899238 -23.442930494306 -31.093857150481 38.940967407801 164.39953113169 11626572 0.765494497072 0.584955642673 0.963407976375 0 
1840 784 4.214309074557 5.74175071822 7.122366340345 23.999351753001 12577289 11.250016881499 -28.800796173433 30.920037840496 146.385212731829 12348020 0.154622534381 0.71044753575 0.727078970396 0 
1872 784 0.464863692714 3.072269792027 3.107239921185 7.553856787814 13349700 31 -31 43.840620433566 133.949725909853 12951312 0.02445600906 1.334003349869 1.334227504529 0 
1904 784 -1.524677207359 1.455097082597 2.107592965072 63.172147226316 14880202 24 -31 39.204591567825 125.418706802667 13862797 0.380370170774 1.257111560839 1.313396719658 0 
1936 784 -6.855532822854 0.409920181043 6.867777285269 155.148367131174 15864446 32 0 32 21.429759484039 15788266 1.222365019522 0.479772168659 1.313147963776 0 
1968 784 -12.284274744425 0.065984498397 12.284451959715 178.785862980442 18152226 10.541223296075 0.068469049638 10.541445659324 0.53422642198 18132564 2.786223700791 0.044079728711 2.786572362838 0 
2000 784 8.915799993859 0.736450763689 8.946163940921 5.286373562042 24321104 23 -32 39.408120990476 53.728883350608 23117884 5.071946214583 -0.049965759004 5.072192324892 0 
2032 784 7.348451841186 0.277120793322 7.353675298537 2.950730237913 32529722 24.032595223902 0.179856929922 24.033268227837 1.219833003253 32025626 6.138576512403 -0.084756827469 6.139161613643 0 
2064 784 7.180469775174 0.022194955968 7.180504077588 0.754177990806 34148476 0 31 31 90.57707631177 33888980 5.986114594251 -0.060293476684 5.986418231199 0 
2096 784 3.974706488733 0.248681299558 3.982478381652 3.758556009353 28533088 0.901663899245 24.414987671972 24.431631562582 88.063442387155 28408124 4.664598185095 -0.01452873724 4.664620811234 0 
2128 784 8.951263267694 8.170282276624 12.119349263359 41.003988243647 22384904 -30 12 32.310988842807 156.814254163746 22039312 2.174027284934 0.052537390862 2.174661999732 0 
2160 784 8.70016042795 9.388046054297 12.79953906161 47.964165195376 18634438 -17.435130621474 7.568668833159 19.007065204652 157.320402099862 18630882 0.779221946317 -0.010694128772 0.779295326569 0 
2192 784 3.455243790593 5.344010904115 6.363738067813 80.154988745193 18829804 -22.787853256211 -29.06965257181 36.93685093064 105.052850421696 17821154 0.480182169244 -0.204223296143 0.521806544945 0 
2224 784 0.068478305432 0.057704484559 0.089549348703 76.331810871584 20392612 0.068478305432 0.057704484559 0.089549348703 76.331810871584 20392612 0.39649665858 -0.290319655561 0.491421512218 0 
2256 784 0.064434245203 -0.072778211476 0.097203086476 21.49114434615 22214478 19 31 36.359317925396 85.484492098102 20146794 0.528165414327 -0.268983207027 0.592714662003 0 
2288 784 0.087782061507 -0.020275092677 0.09009311686 9.501227702022 21384740 -24 -32 40 104.363088694338 17804004 0.453626281531 -0.187961318696 0.491025722973 0 
2320 784 -0.001789269436 0.092464949786 0.092482260051 106.396114991996 18157716 -26 -32 41.231056256177 113.806323893319 10869946 0.172879260192 -0.047253990571 0.179221031772 0 
2352 784 0.008966267886 0.072477901183 0.073030405446 54.830676472549 15343325 0.008966267886 0.072477901183 0.073030405446 54.830676472549 15343325 0.034612023303 0.018494355055 0.039243258351 0 
2384 784 0.022769796331 0.028904222144 0.036795620429 38.322090951196 11965558 0.022769796331 0.028904222144 0.036795620429 38.322090951196 11965558 0.038824570864 0.00928371818 0.03991910227 0 
2416 784 0.000979528821 0.003241230374 0.003386008129 64.856886963352 6647584.5 0.000979528821 0.003241230374 0.003386008129 64.856886963352 6647584.5 0.030805155107 0.004509266461 0.031133439662 0 
2448 784 0.003507818284 0.003070660923 0.004661946762 19.633508554135 1491811.75 0.003507818284 0.003070660923 0.004661946762 19.633508554135 1491811.75 0.010553776033 0.004170999899 0.011348102427 0 
2480 784 0 0 0 0 0 0 0 0 0 0 -0.009697603042 0.003832733336 0.010427528451 0 
2512 784 0 0 0 0 0 0 0 0 0 0 -0.029948982116 0.003494466774 0.030152161247 0 
48 816 0 0 0 0 0 0 0 0 0 0 0 0 0 0 
80 816 0 0 0 0 0 0 0 0 0 0 0 0 0 0 
112 816 0 0 0 0 0 0 0 0 0 0 0 0 0 0 
144 816 0 0 0 0 0 0 0 0 0 0 0 0 0 0 
176 816 0 0 0 0 0 0 0 0 0 0 0 0 0 0 
208 816 0 0 0 0 0 0 0 0 0 0 0 0 0 0 
240 816 0 0 0 0 0 0 0 0 0 0 0 0 0 0 
272 816 0 0 0 0 0 0 0 0 0 0 0 0 0 0 
304 816 0 0 0 0 0 0 0 0 0 0 0 0 0 0 
336 816 0 0 0 0 0 0 0 0 0 0 0 0 0 0 
368 816 0 0 0 0 0 0 0 0 0 0 0 0 0 0 
400 816 0 0 0 0 0 0 0 0 0 0 0 0 0 0 
432 816 0 0 0 0 0 0 0 0 0 0 0 0 0 0 
464 816 0 0 0 0 0 0 0 0 0 0 0 0 0 0 
496 816 0 0 0 0 0 0 0 0 0 0 0 0 0 0 
528 816 0 0 0 0 0 0 0 0 0 0 0 0 0 0 
560 816 0 0 0 0 0 0 0 0 0 0 0 0 0 0 
592 816 0 0 0 0 0 0 0 0 0 0 0 0 0 0 
624 816 0 0 0 0 0 0 0 0 0 0 0 0 0 0 
656 816 0 0 0 0 0 0 0 0 0 0 0 0 0 0 
688 816 0 0 0 0 0 0 0 0 0 0 0 0 0 0 
720 816 0 0 0 0 0 0 0 0 0 0 0 0 0 0 
752 816 0 0 0 0 0 0 0 0 0 0 0.002313264841 -0.007587073805 0.007931890263 0 
784 816 0 0 0 0 0 0 0 0 0 0 0.006939794522 -0.022761221415 0.023795670789 0 
816 816 0 0 0 0 0 0 0 0 0 0 0.014887162623 -0.031981421916 0.035276606395 0 
848 816 0 0 0 0 0 0 0 0 0 0 0.026155369144 -0.03524767531 0.043891934906 0 
880 816 0 0 0 0 0 0 0 0 0 0 0.025765831218 -0.033909893592 0.04258824887 0 
912 816 0 0 0 0 0 0 0 0 0 0 0.013718548845 -0.027968076762 0.031151434961 0 
944 816 0 0 0 0 0 0 0 0 0 0 0.004320778025 -0.021739668583 0.02216488919 0 
976 816 0 0 0 0 0 0 0 0 0 0 -0.002427481243 -0.015224669055 0.015416978077 0 
1008 816 0 0 0 0 0 0 0 0 0 0 -0.014353820797 -0.015010529377 0.020768923026 0 
1040 816 -0.010806860565 0.004161094763 0.011580282592 54.906304799474 700560 -0.010806860565 0.004161094763 0.011580282592 54.906304799474 700560 -0.031458240639 -0.021097249549 0.037877629844 0 
1072 816 -0.028825441841 -0.002064481672 0.028899276494 23.471267197206 3165717.5 -0.028825441841 -0.002064481672 0.028899276494 23.471267197206 3165717.5 -0.042417362183 -0.022144919386 0.047850079092 0 
1104 816 0.017956603546 -0.033874298036 0.038339375038 96.903339006477 7677731 0.017956603546 -0.033874298036 0.038339375038 96.903339006477 7677731 -0.047231185429 -0.018153538888 0.050599761375 0 
1136 816 -0.00931092393 -0.010705811679 0.014188294758 40.481877811069 11233132 -0.00931092393 -0.010705811679 0.014188294758 40.481877811069 11233132 -0.061620655739 -0.009214102068 0.062305737221 0 
1168 816 -0.037425254458 0.030552359079 0.048312486135 36.101194463894 12287082 -0.037425254458 0.030552359079 0.048312486135 36.101194463894 12287082 -0.085585773113 0.004673391075 0.085713272855 0 
1200 816 0.007086944604 0.012695601463 0.014539707023 107.753196942002 12750521 0.007086944604 0.012695601463 0.014539707023 107.753196942002 12750521 -0.075671724292 0.015282771245 0.077199565764 0 
1232 816 0.02901108729 0.03885988177 0.048494675965 91.392207760105 13440144 0.02901108729 0.03885988177 0.048494675965 91.392207760105 13440144 -0.031878509274 0.022614038443 0.039084959873 0 
1264 816 -0.019705032541 0.049482039328 0.053261247859 1.940762004171 14188262 -0.019705032541 0.049482039328 0.053261247859 1.940762004171 14188262 -0.011612010679 0.03230140744 0.034325205238 0 
1296 816 0.035047737902 0.048571948805 0.059896395073 54.353076029213 13251724 0.035047737902 0.048571948805 0.059896395073 54.353076029213 13251724 -0.014872228505 0.044344878235 0.046772335909 0 
1328 816 -0.02339200888 0.076155852389 0.079667433325 34.838190659064 10927194 -32 -31 44.553338819891 82.177580957103 7004774.5 -0.065299191617 0.051177114789 0.082964338749 0 
1360 816 -0.115128392124 0.082951385811 0.141899538692 17.81425104981 9013940 24.184244031337 -30.258586401036 38.735767842605 146.592626623917 7042666 -0.162892900015 0.052798117103 0.171235913421 0 
1392 816 -0.021398353622 0.064170784891 0.067644505846 45.00904855401 8487943 15.388907950727 -30.253148918449 33.942178884064 143.510633503486 7423969 -0.105261955213 0.05259527055 0.117670479304 0 
1424 816 0.12156424299 0.032210603124 0.125759246687 10.332833787241 8907962 -9.459403334988 25.878749823377 27.553402763994 84.905430864714 8193424 0.107593642789 0.050568575132 0.11888470364 0 
1456 816 0.260986626893 0.03838692579 0.26379457062 1.38395889189 10467182 20.660637637809 25.751299398224 33.01501731482 41.508176723667 9796222 0.257571091327 0.04426459464 0.261346936898 0 
1488 816 0.070813846766 0.06246170834 0.094424922041 35.832491064136 14837599 0.276603810238 -26.176871865256 26.178333222684 94.976169094431 14391121 0.344670390401 0.033683329074 0.34631235132 0 
1520 816 0.271931411599 0.027221013465 0.27329046121 1.989193311092 20006326 0.097310348969 -22.520387804133 22.520598041627 93.47964140472 19876050 0.314774445177 0.02050569141 0.315441650257 0 
1552 816 0.161233246006 -1.058475455117 1.070685037115 82.953363572015 23951230 0.196594671887 29.012065366788 29.012731452102 87.997334798799 23854350 0.167883255657 0.004731681646 0.167949922123 0 
1584 816 -23.994539723071 17.882055281615 29.925003552494 147.065251046382 25779938 -1 -32 32.015621187164 88.029147366548 25732612 0.092974048969 -0.006111381916 0.093174689539 0 
1616 816 -32 18 36.715119501372 158.247677522374 25590404 0 -32 32 82.394568934834 25537822 0.090046825113 -0.012023499278 0.090845997423 0 
1648 816 14.835062719947 13.092374771045 19.786090140557 3.395410809489 24603228 0 -32 32 128.033929744347 24560706 0.244069725621 0.190921035848 0.309872349354 0 
1680 816 -4.361006600343 4.139707689599 6.012949220105 89.133001165305 22042364 0 31 31 42.641758198749 21981298 0.555042750493 0.602722223463 0.8193573906 0 
1712 816 -0.453110712326 1.910891897364 1.963878092203 58.485663654265 22242684 3.193758155825 -30.847451270896 31.012341754021 128.942946615833 21994422 0.88773788698 0.883223413384 1.252262813442 0 
1744 816 1.277707104364 1.019858980941 1.63482347229 1.135185349305 22986340 -19 -31 36.359317925396 161.236132395714 22008914 1.242155135081 1.032424605613 1.615193470109 0 
1776 816 1.154569497196 -0.092661384931 1.158281855212 43.094397290074 15630240 1 -32 32.015621187164 126.71597868429 14785288 1.153955462138 0.918091297045 1.474620235283 0 
1808 816 -29.511516343562 -29.048259298104 41.409310126422 176.376546268908 9774574 -3.668670323372 17.995602264809 18.365751898977 60.59939677319 9772350 0.62313886815 0.540223487682 0.824708109359 0 
1840 816 -22.804973022762 5.048945612236 23.357196885847 100.329143677586 9584362 -12.069934049008 -30.186131528151 32.509780752601 178.98114545065 9579152 0.275167466306 0.654186154684 0.709701810265 0 
1872 816 3.423137418257 1.936571849783 3.932960756687 55.510546663784 9658677 -21 32 38.275318418009 38.266194007474 9601769 0.110041256607 1.259979298053 1.264775438439 0 
1904 816 3.250390253021 5.231289540765 6.158849491281 30.262395414678 9966909 31 -8 32.015621187164 102.878503399437 9931785 0.032756435059 1.178749562578 1.179204611302 0 
1936 816 22.475183573863 -17.019890445992 28.192384565205 121.112533426011 9754746 -16 31 34.885527085025 33.322768560279 9746055 0.043313001661 0.410496948259 0.412775678356 0 
1968 816 -9 -32 33.241540277189 104.782068140245 11169290 0.675562209667 30.458064837374 30.465555926928 89.655953248207 11168584 1.119833084371 -0.018111174389 1.119979531728 0 
2000 816 4.984516497854 0.804366883054 5.049000970482 11.046840066978 16833660 3.285036958228 22.726222753442 22.962418610764 83.654832230436 16727004 3.262316683189 -0.107074805365 3.264073399199 0 
2032 816 6.862128640446 0.133870260837 6.863434324358 2.995862152475 27064940 0 31 31 91.878245663426 26275610 4.626137843547 -0.151706412837 4.628624653523 0 
2064 816 6.790616866802 -0.146007014424 6.792186354919 0.439018130129 30132846 1.957232009533 -24.584224255067 24.66201207044 83.777331526513 28516052 5.211296565447 -0.152005996805 5.213512991842 0 
2096 816 3.575970689181 -0.135634190668 3.578542022048 0.661185259344 23472556 35 -32 47.423622805518 40.925265469238 20090536 4.13852142237 -0.109163506238 4.139960897703 0 
2128 816 0.634273194509 0.030058315852 0.634985029449 3.656488609819 18767394 0.634273194509 0.030058315852 0.634985029449 3.656488609819 18767394 1.407812414318 -0.023178941135 1.408003216338 0 
2160 816 -0.034871043786 0.128998838304 0.133628926428 93.63896520364 15843000 -8 -32 32.984845004941 115.523973089882 8962894 0.042148656283 0.008565841323 0.043010264636 0 
2192 816 -0.018723863929 0.096732324079 0.098527791014 119.496294083209 15026370 -0.018723863929 0.096732324079 0.098527791014 119.496294083209 15026370 0.041530148268 -0.013929158864 0.043803820402 0 
2224 816 0.019463363953 0.006306820665 0.020459680429 44.999442376377 14719150 0.019463363953 0.006306820665 0.020459680429 44.999442376377 14719150 0.042992387244 -0.021948527693 0.048270935653 0 
2256 816 -0.027179729413 -0.065929562525 0.07131230543 93.990794579314 13445050 -0.027179729413 -0.065929562525 0.07131230543 93.990794579314 13445050 0.046535373213 -0.015492265162 0.049046419236 0 
2288 816 0.00812869563 -0.034053554998 0.035010288497 73.196528481745 11204874 0.00812869563 -0.034053554998 0.035010288497 73.196528481745 11204874 0.039488698477 -0.0023308511 0.039557428813 0 
2320 816 -0.037220343594 0.0072736192 0.037924392066 130.196824868041 7510197 -0.037220343594 0.0072736192 0.037924392066 130.196824868041 7510197 0.021852363039 0.017535714496 0.028018334234 0 
2352 816 0.001725662004 0.009168289038 0.00932927828 28.399002444835 3079487 0.001725662004 0.009168289038 0.00932927828 28.399002444835 3079487 0.017774577602 0.021903974675 0.028208504312 0 
2384 816 -0.006127527525 0.001472883993 0.006302061633 144.915441264995 243368.984375 -0.006127527525 0.001472883993 0.006302061633 144.915441264995 243368.984375 0.027255342168 0.010773929438 0.029307528593 0 
2416 816 0 0 0 0 0 0 0 0 0 0 0.023821844123 0.005112833315 0.0243643453 0 
2448 816 0 0 0 0 0 0 0 0 0 0 0.007474083467 0.004920686305 0.008948467879 0 
2480 816 0 0 0 0 0 0 0 0 0 0 -0.00887367719 0.004728539296 0.010054910777 0 
2512 816 0 0 0 0 0 0 0 0 0 0 -0.025221437846 0.004536392286 0.025626154257 0 
48 848 0 0 0 0 0 0 0 0 0 0 0 0 0 0 
80 848 0 0 0 0 0 0 0 0 0 0 0 0 0 0 
112 848 0 0 0 0 0 0 0 0 0 0 0 0 0 0 
144 848 0 0 0 0 0 0 0 0 0 0 0 0 0 0 
176 848 0 0 0 0 0 0 0 0 0 0 0 0 0 0 
208 848 0 0 0 0 0 0 0 0 0 0 0 0 0 0 
240 848 0 0 0 0 0 0 0 0 0 0 0 0 0 0 
272 848 0 0 0 0 0 0 0 0 0 0 0 0 0 0 
304 848 0 0 0 0 0 0 0 0 0 0 0 0 0 0 
336 848 0 0 0 0 0 0 0 0 0 0 0 0 0 0 
368 848 0 0 0 0 0 0 0 0 0 0 0 0 0 0 
400 848 0 0 0 0 0 0 0 0 0 0 0 0 0 0 
432 848 0 0 0 0 0 0 0 0 0 0 0 0 0 0 
464 848 0 0 0 0 0 0 0 0 0 0 0 0 0 0 
496 848 0 0 0 0 0 0 0 0 0 0 0 0 0 0 
528 848 0 0 0 0 0 0 0 0 0 0 0 0 0 0 
560 848 0 0 0 0 0 0 0 0 0 0 0 0 0 0 
592 848 0 0 0 0 0 0 0 0 0 0 0 0 0 0 
624 848 0 0 0 0 0 0 0 0 0 0 0 0 0 0 
656 848 0 0 0 0 0 0 0 0 0 0 0 0 0 0 
688 848 0 0 0 0 0 0 0 0 0 0 0 0 0 0 
720 848 0 0 0 0 0 0 0 0 0 0 0 0 0 0 
752 848 0 0 0 0 0 0 0 0 0 0 0.00077108828 -0.002529024602 0.002643963421 0 
784 848 0 0 0 0 0 0 0 0 0 0 0.002313264841 -0.007587073805 0.007931890263 0 
816 848 0 0 0 0 0 0 0 0 0 0 0.004962387541 -0.010660473972 0.011758868798 0 
848 848 0 0 0 0 0 0 0 0 0 0 0.008718456381 -0.011749225103 0.014630644969 0 
880 848 0 0 0 0 0 0 0 0 0 0 0.008588610406 -0.011303297864 0.014196082957 0 
912 848 0 0 0 0 0 0 0 0 0 0 0.004572849615 -0.009322692254 0.010383811654 0 
944 848 0 0 0 0 0 0 0 0 0 0 0.001440259342 -0.007246556194 0.007388296397 0 
976 848 0 0 0 0 0 0 0 0 0 0 -0.000809160414 -0.005074889685 0.005138992692 0 
1008 848 0 0 0 0 0 0 0 0 0 0 -0.003934854574 -0.004153757434 0.005721606535 0 
1040 848 0 0 0 0 0 0 0 0 0 0 -0.007936823137 -0.004483159441 0.009115474759 0 
1072 848 0 0 0 0 0 0 0 0 0 0 -0.01015892297 -0.004169124937 0.01098113467 0 
1104 848 0 0 0 0 0 0 0 0 0 0 -0.01060115407 -0.003211653923 0.011076966577 0 
1136 848 0 0 0 0 0 0 0 0 0 0 -0.018919312301 0.001727941126 0.018998056703 0 
1168 848 0 0 0 0 0 0 0 0 0 0 -0.035113397662 0.010649660212 0.036692859769 0 
1200 848 -0.006577254611 -0.001614861386 0.006772595921 44.33721485946 68944 -0.006577254611 -0.001614861386 0.006772595921 44.33721485946 68944 -0.035171543765 0.020752942365 0.04083775346 0 
1232 848 0.00842186637 0.013687166141 0.016070667383 62.398375335536 615452 0.00842186637 0.013687166141 0.016070667383 62.398375335536 615452 -0.01909375061 0.032037787585 0.037295993695 0 
1264 848 -0.020373527313 0.012385581923 0.023842886879 37.679900024811 1787965.875 -0.020373527313 0.012385581923 0.023842886879 37.679900024811 1787965.875 -0.017076654253 0.044431436728 0.047600049267 0 
1296 848 -0.006810272632 0.026333424093 0.027199798488 12.186248012509 3142851.75 -0.006810272632 0.026333424093 0.027199798488 12.186248012509 3142851.75 -0.029120254694 0.057933889794 0.064840765111 0 
1328 848 -0.036891601322 0.082409003003 0.090289722693 30.916581408467 3953707 -0.036891601322 0.082409003003 0.090289722693 30.916581408467 3953707 -0.085525919014 0.059812603498 0.104365848631 0 
1360 848 -0.015151965531 0.107289273186 0.10835391179 66.91840973315 4327471 -0.015151965531 0.107289273186 0.10835391179 66.91840973315 4327471 -0.186293647214 0.05006757784 0.192904342468 0 
1392 848 -0.054378708525 0.038573944648 0.066670781806 19.205422056368 4363439.5 -0.054378708525 0.038573944648 0.066670781806 19.205422056368 4363439.5 -0.146663602872 0.042456664814 0.15268523437 0 
1424 848 0.002625467603 -0.010452362882 0.010777057574 123.842305026768 3784302 0.002625467603 -0.010452362882 0.010777057574 123.842305026768 3784302 0.033364214012 0.036979864421 0.049806436825 0 
1456 848 0.181864147258 0.056614504996 0.190472492066 5.683375029125 4675197 0.181864147258 0.056614504996 0.190472492066 5.683375029125 4675197 0.164823077593 0.033857442511 0.168264593187 0 
1488 848 0.034678285178 0.123190852894 0.127978786131 66.669557313433 7409326 0.034678285178 0.123190852894 0.127978786131 66.669557313433 7409326 0.247712987871 0.033089399084 0.249913250332 0 
1520 848 0.072899708912 0.077867710305 0.106666526463 40.234259725958 9471480 0.072899708912 0.077867710305 0.106666526463 40.234259725958 9471480 0.231284082503 0.0269774555 0.232852120292 0 
1552 848 0 0.030729896992 0.030729896992 82.348471250545 11849915 0 0.030729896992 0.030729896992 82.348471250545 11849915 0.11553636149 0.015521611758 0.116574316459 0 
1584 848 0.018749558738 0.034928089575 0.039642368676 52.771093912553 15446347 0.018749558738 0.034928089575 0.039642368676 52.771093912553 15446347 0.051127506024 0.008099446663 0.051765074215 0 
1616 848 0.015279271383 0.034986434423 0.038177306449 59.351671315308 20073404 12 31 33.241540277189 61.782261741587 16242359 0.038057516104 0.004710960215 0.038347981409 0 
1648 848 0.004132641191 -0.010433136607 0.011221811916 112.160858195226 25357810 24 31 39.204591567825 8.483458241819 24227654 0.077334259528 0.074082515905 0.107092515423 0 
1680 848 -5.491235502352 -0.432027202407 5.508204321366 132.50391312017 26308596 -21 31 37.443290453698 72.119862773243 25429874 0.168957736296 0.216214113736 0.274399817115 0 
1712 848 -19.752006076261 0.034432685773 19.752036088629 133.967293444116 26036662 -0.678069345384 -0.193175847594 0.70504960481 149.968949409603 25914594 0.30072709461 0.310682257314 0.432389003609 0 
1744 848 1.087856357732 -0.239998543899 1.114015599591 49.543421180088 27073570 26.222485582429 -0.126852175862 26.222792406515 37.379509036909 26767118 0.472642334472 0.357486946639 0.592610912279 0 
1776 848 2.242612687856 -0.153634482789 2.247869040232 36.722088679139 22587960 -15 31 34.438350715445 83.017937265752 21421170 0.483077603991 0.311358724546 0.574724479058 0 
1808 848 0.112618030695 -0.09804265578 0.149315716487 68.467653330014 15881418 0.112618030695 -0.09804265578 0.149315716487 68.467653330014 15881418 0.332032903168 0.172297591033 0.374075271386 0 
1840 848 0.001024476151 -0.024551091811 0.024572457355 134.424527474628 12747575 31 4 31.256999216176 39.461619271534 12039318 0.193906639678 0.206590724177 0.28333639411 0 
1872 848 0.05226448779 0.04389179398 0.068250027566 40.559968293759 11452643 -0.04874215367 -30.275944851508 30.275984087212 170.675800061101 10118518 0.068698813521 0.414238123978 0.419896118505 0 
1904 848 0.043825472482 0.048701211724 0.06551702116 41.385071003708 11036905 22 -32 38.832975677895 144.892987398567 9154386 0.004084701146 0.391030385246 0.391051719046 0 
1936 848 -0.03371103065 -0.001745780927 0.033756204445 92.991406356618 10441099 -4 -32 32.249030993194 172.901882473565 7975611 0.000064302554 0.136967507981 0.136967523075 0 
1968 848 -0.038004777232 -0.032475501601 0.049990212009 138.625219324948 10031150 25 -32 40.607881008494 51.140741142026 6703113.5 0.389289655393 -0.005847188487 0.389333565737 0 
2000 848 0.840978284895 -0.050156824599 0.842472659923 1.584334388668 10666940 18 -32 36.715119501372 58.813443695943 5186587 1.171760759664 -0.037413704157 1.172357907444 0 
2032 848 2.476374361489 -0.064508142369 2.477214419195 0.448863285769 13401992 2.476374361489 -0.064508142369 2.477214419195 0.448863285769 13401992 2.443792757533 -0.082821724034 2.445195795788 0 
2064 848 4.474501977458 -0.153269213932 4.477126243274 0.026940707645 13791080 4.474501977458 -0.153269213932 4.477126243274 0.026940707645 13791080 4.205385648998 -0.142071248118 4.207784773054 0 
2096 848 2.610222054113 -0.113761355097 2.612699909613 0.526569477296 9298670 2.610222054113 -0.113761355097 2.612699909613 0.526569477296 9298670 3.815344616764 -0.131166274006 3.817598608563 0 
2128 848 0.64436929674 -0.030925544488 0.645110982609 0.494834334912 6328669 0.64436929674 -0.030925544488 0.645110982609 0.494834334912 6328669 1.273669660829 -0.050106801699 1.274654893096 0 
2160 848 0.008976513864 -0.014574088084 0.017116712436 18.561952993932 4843040 0.008976513864 -0.014574088084 0.017116712436 18.561952993932 4843040 0.003776210091 -0.016268563723 0.016701075662 0 
2192 848 -0.031268264255 0.009589051672 0.032705569273 117.864006160438 2900721 -0.031268264255 0.009589051672 0.032705569273 117.864006160438 2900721 0.005664264548 -0.029651560079 0.030187727771 0 
2224 848 -0.000499190489 0.027127464928 0.027132057507 166.615591732578 1094517 -0.000499190489 0.027127464928 0.027132057507 166.615591732578 1094517 0.008431087063 -0.032745252603 0.033813234053 0 
2256 848 0.032662108024 0.003690144941 0.032869902195 71.146976520267 58048 0.032662108024 0.003690144941 0.032869902195 71.146976520267 58048 0.012076677634 -0.025549641296 0.028260048001 0 
2288 848 0 0 0 0 0 0 0 0 0 0 0.008258185686 -0.016111822736 0.018104929238 0 
2320 848 0 0 0 0 0 0 0 0 0 0 -0.003024388781 -0.004431796923 0.005365421835 0 
2352 848 0 0 0 0 0 0 0 0 0 0 -0.00383294664 0.001490237556 0.004112455218 0 
2384 848 0 0 0 0 0 0 0 0 0 0 0.005832512109 0.001654280701 0.006062577186 0 
2416 848 0 0 0 0 0 0 0 0 0 0 0.007940614708 0.001704277772 0.008121448433 0 
2448 848 0 0 0 0 0 0 0 0 0 0 0.002491361156 0.001640228768 0.002982822626 0 
2480 848 0 0 0 0 0 0 0 0 0 0 -0.002957892397 0.001576179765 0.003351636926 0 
2512 848 0 0 0 0 0 0 0 0 0 0 -0.008407145949 0.001512130762 0.008542051419 0 
48 880 0 0 0 0 0 0 0 0 0 0 0 0 0 0 
80 880 0 0 0 0 0 0 0 0 0 0 0 0 0 0 
112 880 0 0 0 0 0 0 0 0 0 0 0 0 0 0 
144 880 0 0 0 0 0 0 0 0 0 0 0 0 0 0 
176 880 0 0 0 0 0 0 0 0 0 0 0 0 0 0 
208 880 0 0 0 0 0 0 0 0 0 0 0 0 0 0 
240 880 0 0 0 0 0 0 0 0 0 0 0 0 0 0 
272 880 0 0 0 0 0 0 0 0 0 0 0 0 0 0 
304 880 0 0 0 0 0 0 0 0 0 0 0 0 0 0 
336 880 0 0 0 0 0 0 0 0 0 0 0 0 0 0 
368 880 0 0 0 0 0 0 0 0 0 0 0 0 0 0 
400 880 0 0 0 0 0 0 0 0 0 0 0 0 0 0 
432 880 0 0 0 0 0 0 0 0 0 0 0 0 0 0 
464 880 0 0 0 0 0 0 0 0 0 0 0 0 0 0 
496 880 0 0 0 0 0 0 0 0 0 0 0 0 0 0 
528 880 0 0 0 0 0 0 0 0 0 0 0 0 0 0 
560 880 0 0 0 0 0 0 0 0 0 0 0 0 0 0 
592 880 0 0 0 0 0 0 0 0 0 0 0 0 0 0 
624 880 0 0 0 0 0 0 0 0 0 0 0 0 0 0 
656 880 0 0 0 0 0 0 0 0 0 0 0 0 0 0 
688 880 0 0 0 0 0 0 0 0 0 0 0 0 0 0 
720 880 0 0 0 0 0 0 0 0 0 0 0 0 0 0 
752 880 0 0 0 0 0 0 0 0 0 0 0 0 0 0 
784 880 0 0 0 0 0 0 0 0 0 0 0 0 0 0 
816 880 0 0 0 0 0 0 0 0 0 0 0 0 0 0 
848 880 0 0 0 0 0 0 0 0 0 0 0 0 0 0 
880 880 0 0 0 0 0 0 0 0 0 0 0 0 0 0 
912 880 0 0 0 0 0 0 0 0 0 0 0 0 0 0 
944 880 0 0 0 0 0 0 0 0 0 0 0 0 0 0 
976 880 0 0 0 0 0 0 0 0 0 0 0 0 0 0 
1008 880 0 0 0 0 0 0 0 0 0 0 0.000955971403 0.000955971403 0.001351947724 0 
1040 880 0 0 0 0 0 0 0 0 0 0 0.00286791421 0.00286791421 0.004055843171 0 
1072 880 0 0 0 0 0 0 0 0 0 0 0.004477722478 0.003614079215 0.005754265128 0 
1104 880 0 0 0 0 0 0 0 0 0 0 0.005785396207 0.003194466419 0.006608738531 0 
1136 880 0 0 0 0 0 0 0 0 0 0 0.001823519563 0.005399222043 0.005698843941 0 
1168 880 0 0 0 0 0 0 0 0 0 0 -0.007407907453 0.010228346086 0.012629178773 0 
1200 880 0 0 0 0 0 0 0 0 0 0 -0.011191090126 0.017616020944 0.020870186681 0 
1232 880 0 0 0 0 0 0 0 0 0 0 -0.009526028458 0.027562246617 0.029162007077 0 
1264 880 0 0 0 0 0 0 0 0 0 0 -0.01485673203 0.037872338529 0.040682139967 0 
1296 880 0 0 0 0 0 0 0 0 0 0 -0.027183200841 0.04854629668 0.055638739466 0 
1328 880 0 0 0 0 0 0 0 0 0 0 -0.071729462034 0.048097760889 0.086362667434 0 
1360 880 0 0 0 0 0 0 0 0 0 0 -0.14849551561 0.036526731156 0.152921941674 0 
1392 880 0 0 0 0 0 0 0 0 0 0 -0.125523320026 0.028040521459 0.128617163373 0 
1424 880 0 0 0 0 0 0 0 0 0 0 -0.002812875283 0.022639131799 0.02281321012 0 
1456 880 0 0 0 0 0 0 0 0 0 0 0.088836803044 0.021490399835 0.091399206015 0 
1488 880 0 0 0 0 0 0 0 0 0 0 0.149425714954 0.024594325567 0.151436208153 0 
1520 880 -0.021592518954 -0.000892297545 0.021610947913 173.482372185382 164649 -0.021592518954 -0.000892297545 0.021610947913 173.482372185382 164649 0.142600872587 0.022289889529 0.144332421991 0 
1552 880 0.019170985901 -0.005002534301 0.019812926332 26.661887986814 1023250.9375 0.019170985901 -0.005002534301 0.019812926332 26.661887986814 1023250.9375 0.068362275941 0.014577091721 0.069899158613 0 
1584 880 0.015152190188 -0.013777167988 0.020479238884 68.902626563362 3631911.5 0.015152190188 -0.013777167988 0.020479238884 68.902626563362 3631911.5 0.023284238881 0.011672011946 0.026045952529 0 
1616 880 0.016942244519 -0.035469943848 0.039308479568 125.980464730079 8519300 0.016942244519 -0.035469943848 0.039308479568 125.980464730079 8519300 0.007366761406 0.013574650205 0.015444749976 0 
1648 880 0.003378268454 -0.038970931542 0.039117083263 166.165554775208 17090696 0.003378268454 -0.038970931542 0.039117083263 166.165554775208 17090696 -0.006235209613 0.018327495848 0.019359104911 0 
1680 880 -0.008195450651 -0.042519053694 0.04330167824 135.042657869973 23367930 -0.008195450651 -0.042519053694 0.04330167824 135.042657869973 23367930 -0.017521674178 0.025930548874 0.031295405907 0 
1712 880 -0.026080342691 -0.027280806447 0.037741577541 156.282726718247 22774340 -0.026080342691 -0.027280806447 0.037741577541 156.282726718247 22774340 0.00967378397 0.026587218843 0.028292442491 0 
1744 880 0.293045343989 0.004148452213 0.293074705987 14.264996384682 19550068 0.293045343989 0.004148452213 0.293074705987 14.264996384682 19550068 0.075351164829 0.020297505756 0.078037085934 0 
1776 880 0.390563034234 0.017809117847 0.390968858592 0.486142449525 16109535 0.390563034234 0.017809117847 0.390968858592 0.486142449525 16109535 0.121280255419 0.006561807374 0.12145763735 0 
1808 880 0.049161974921 0.010529622982 0.050276960313 17.75111822948 12137926 0.049161974921 0.010529622982 0.050276960313 17.75111822948 12137926 0.147461055739 -0.014619876301 0.148184019863 0 
1840 880 -0.003789050352 -0.019156064909 0.01952720475 90.905815093635 8490178 -0.003789050352 -0.019156064909 0.01952720475 90.905815093635 8490178 0.118005942216 -0.021408738661 0.119932216228 0 
1872 880 0.049494512775 0.003775667147 0.049638316422 27.115902777827 7128558 0.049494512775 0.003775667147 0.049638316422 27.115902777827 7128558 0.032914914849 -0.013804779705 0.035692626161 0 
1904 880 0.039572857003 0.003919753773 0.039766512055 153.642078794511 6691339 0.039572857003 0.003919753773 0.039766512055 153.642078794511 6691339 -0.012437137128 -0.007776025342 0.014667956574 0 
1936 880 -0.036096503761 -0.053053363508 0.064168660289 45.339766680016 5900115 -0.036096503761 -0.053053363508 0.064168660289 45.339766680016 5900115 -0.018050213715 -0.003322475573 0.018353448153 0 
1968 880 -0.021726325905 -0.050424519532 0.054905968777 108.218758793965 4601651 -0.021726325905 -0.050424519532 0.054905968777 108.218758793965 4601651 0.017679040943 -0.001574987872 0.017749058439 0 
2000 880 -0.025542322125 -0.022227303814 0.033859463291 137.438048298353 2827128.5 -0.025542322125 -0.022227303814 0.033859463291 137.438048298353 2827128.5 0.094750626848 -0.002533562238 0.094784493593 0 
2032 880 0.585920193133 -0.059063954607 0.588889653037 3.707848090692 1037561.9375 0.585920193133 -0.059063954607 0.588889653037 3.707848090692 1037561.9375 1.014465160894 -0.036284534724 1.01511385082 0 
2064 880 1.608335366282 -0.12289497251 1.613023814053 2.248814884288 142049 1.608335366282 -0.12289497251 1.613023814053 2.248814884288 142049 2.77682264308 -0.10282790533 2.778725889547 0 
2096 880 0 0 0 0 0 0 0 0 0 0 2.74031716047 -0.106625743418 2.742390779799 0 
2128 880 0 0 0 0 0 0 0 0 0 0 0.904948713064 -0.047678048986 0.906203823448 0 
2160 880 0 0 0 0 0 0 0 0 0 0 -0.011557509754 -0.021514324685 0.024422166128 0 
2192 880 0 0 0 0 0 0 0 0 0 0 -0.009201507983 -0.028134570515 0.029601044022 0 
2224 880 0 0 0 0 0 0 0 0 0 0 -0.006637172271 -0.028607711294 0.029367553545 0 
2256 880 0 0 0 0 0 0 0 0 0 0 -0.003864502617 -0.022933747023 0.023257066302 0 
2288 880 0 0 0 0 0 0 0 0 0 0 -0.005517803033 -0.017251731416 0.018112658202 0 
2320 880 0 0 0 0 0 0 0 0 0 0 -0.011597073519 -0.011561664474 0.01637571982 0 
2352 880 0 0 0 0 0 0 0 0 0 0 -0.010977531571 -0.006537473252 0.012776727121 0 
2384 880 0 0 0 0 0 0 0 0 0 0 -0.00365917719 -0.002179157751 0.00425890904 0 
2416 880 0 0 0 0 0 0 0 0 0 0 0 0 0 0 
2448 880 0 0 0 0 0 0 0 0 0 0 0 0 0 0 
2480 880 0 0 0 0 0 0 0 0 0 0 0 0 0 0 
2512 880 0 0 0 0 0 0 0 0 0 0 0 0 0 0 
48 912 0 0 0 0 0 0 0 0 0 0 0 0 0 0 
80 912 0 0 0 0 0 0 0 0 0 0 0 0 0 0 
112 912 0 0 0 0 0 0 0 0 0 0 0 0 0 0 
144 912 0 0 0 0 0 0 0 0 0 0 0 0 0 0 
176 912 0 0 0 0 0 0 0 0 0 0 0 0 0 0 
208 912 0 0 0 0 0 0 0 0 0 0 0 0 0 0 
240 912 0 0 0 0 0 0 0 0 0 0 0 0 0 0 
272 912 0 0 0 0 0 0 0 0 0 0 0 0 0 0 
304 912 0 0 0 0 0 0 0 0 0 0 0 0 0 0 
336 912 0 0 0 0 0 0 0 0 0 0 0 0 0 0 
368 912 0 0 0 0 0 0 0 0 0 0 0 0 0 0 
400 912 0 0 0 0 0 0 0 0 0 0 0 0 0 0 
432 912 0 0 0 0 0 0 0 0 0 0 0 0 0 0 
464 912 0 0 0 0 0 0 0 0 0 0 0 0 0 0 
496 912 0 0 0 0 0 0 0 0 0 0 0 0 0 0 
528 912 0 0 0 0 0 0 0 0 0 0 0 0 0 0 
560 912 0 0 0 0 0 0 0 0 0 0 0 0 0 0 
592 912 0 0 0 0 0 0 0 0 0 0 0 0 0 0 
624 912 0 0 0 0 0 0 0 0 0 0 0 0 0 0 
656 912 0 0 0 0 0 0 0 0 0 0 0 0 0 0 
688 912 0 0 0 0 0 0 0 0 0 0 0 0 0 0 
720 912 0 0 0 0 0 0 0 0 0 0 0 0 0 0 
752 912 0 0 0 0 0 0 0 0 0 0 0 0 0 0 
784 912 0 0 0 0 0 0 0 0 0 0 0 0 0 0 
816 912 0 0 0 0 0 0 0 0 0 0 0 0 0 0 
848 912 0 0 0 0 0 0 0 0 0 0 0 0 0 0 
880 912 0 0 0 0 0 0 0 0 0 0 0 0 0 0 
912 912 0 0 0 0 0 0 0 0 0 0 0 0 0 0 
944 912 0 0 0 0 0 0 0 0 0 0 0 0 0 0 
976 912 0 0 0 0 0 0 0 0 0 0 0 0 0 0 
1008 912 0 0 0 0 0 0 0 0 0 0 0.000318657134 0.000318657134 0.000450649241 0 
1040 912 0 0 0 0 0 0 0 0 0 0 0.000955971403 0.000955971403 0.001351947724 0 
1072 912 0 0 0 0 0 0 0 0 0 0 0.001492574159 0.001204693072 0.001918088376 0 
1104 912 0 0 0 0 0 0 0 0 0 0 0.001928465402 0.00106482214 0.002202912844 0 
1136 912 0 0 0 0 0 0 0 0 0 0 0.000607839854 0.001799740681 0.001899614647 0 
1168 912 0 0 0 0 0 0 0 0 0 0 -0.002469302484 0.003409448695 0.004209726258 0 
1200 912 0 0 0 0 0 0 0 0 0 0 -0.003730363375 0.005872006981 0.006956728894 0 
1232 912 0 0 0 0 0 0 0 0 0 0 -0.003175342819 0.009187415539 0.009720669026 0 
1264 912 0 0 0 0 0 0 0 0 0 0 -0.00495224401 0.012624112843 0.013560713322 0 
1296 912 0 0 0 0 0 0 0 0 0 0 -0.009061066947 0.016182098893 0.018546246489 0 
1328 912 0 0 0 0 0 0 0 0 0 0 -0.023909820678 0.016032586963 0.028787555811 0 
1360 912 0 0 0 0 0 0 0 0 0 0 -0.049498505203 0.012175577052 0.050973980558 0 
1392 912 0 0 0 0 0 0 0 0 0 0 -0.041841106675 0.009346840486 0.042872387791 0 
1424 912 0 0 0 0 0 0 0 0 0 0 -0.000937625094 0.007546377266 0.007604403373 0 
1456 912 0 0 0 0 0 0 0 0 0 0 0.029612267681 0.007163466612 0.030466402005 0 
1488 912 0 0 0 0 0 0 0 0 0 0 0.049808571651 0.008198108522 0.050478736051 0 
1520 912 0 0 0 0 0 0 0 0 0 0 0.048724815428 0.006442993496 0.049148955265 0 
1552 912 0 0 0 0 0 0 0 0 0 0 0.026360999011 0.001898121534 0.026429247704 0 
1584 912 0 0 0 0 0 0 0 0 0 0 0.009444247541 0.004606313933 0.010507708583 0 
1616 912 0.010147557249 -0.001803378556 0.010306555794 107.992658518278 59313 0.010147557249 -0.001803378556 0.010306555794 107.992658518278 59313 -0.002025438981 0.014567570693 0.014707702709 0 
1648 912 -0.000304444646 -0.002766686885 0.002783386941 158.044519754712 2843771.75 -0.000304444646 -0.002766686885 0.002783386941 158.044519754712 2843771.75 -0.006638681804 0.023655975675 0.024569844958 0 
1680 912 -0.005691672908 0.004880943511 0.007497916381 41.532704908801 7089996 -0.005691672908 0.004880943511 0.007497916381 41.532704908801 7089996 -0.004395480927 0.031871528878 0.032173197006 0 
1712 912 -0.004699892731 0.014834663931 0.0155613703 42.808708004431 7008382 -0.004699892731 0.014834663931 0.0155613703 42.808708004431 7008382 0.014577955059 0.030938297974 0.034200804891 0 
1744 912 0.013158505277 0.003752884305 0.013683216059 6.609686918357 4483086 0.013158505277 0.003752884305 0.013683216059 6.609686918357 4483086 0.050281626154 0.020856282962 0.054435525787 0 
1776 912 -0.000231819211 -0.008696556468 0.008699645657 94.61634414691 2740232 -0.000231819211 -0.008696556468 0.008699645657 94.61634414691 2740232 0.068563416422 0.00370054553 0.068663207824 0 
1808 912 0.014604517715 -0.006672320179 0.016056518747 8.080810105651 1094055 0.014604517715 -0.006672320179 0.016056518747 8.080810105651 1094055 0.069423325862 -0.020528914321 0.072394989446 0 
1840 912 -0.013014359817 0.000105032745 0.013014783645 148.330131682025 134064 -0.013014359817 0.000105032745 0.013014783645 148.330131682025 134064 0.047465373919 -0.02981223383 0.05605114635 0 
1872 912 0 0 0 0 0 0 0 0 0 0 0.002689560592 -0.024149412995 0.024298721863 0 
1904 912 0 0 0 0 0 0 0 0 0 0 -0.016809079763 -0.017669669186 0.024387750442 0 
1936 912 0 0 0 0 0 0 0 0 0 0 -0.011030547146 -0.010373002403 0.015141735343 0 
1968 912 0 0 0 0 0 0 0 0 0 0 0.005001241022 -0.005294572543 0.00728319368 0 
2000 912 0 0 0 0 0 0 0 0 0 0 0.031286284741 -0.002434379608 0.031380851119 0 
2032 912 0 0 0 0 0 0 0 0 0 0 0.338155053631 -0.012094844908 0.338371283607 0 
2064 912 0 0 0 0 0 0 0 0 0 0 0.925607547693 -0.034275968443 0.926241963182 0 
2096 912 0 0 0 0 0 0 0 0 0 0 0.91343905349 -0.035541914473 0.914130259933 0 
2128 912 0 0 0 0 0 0 0 0 0 0 0.301649571021 -0.015892682995 0.302067941149 0 
2160 912 0 0 0 0 0 0 0 0 0 0 -0.003852503251 -0.007171441562 0.008140722043 0 
2192 912 0 0 0 0 0 0 0 0 0 0 -0.003067169328 -0.009378190172 0.009867014674 0 
2224 912 0 0 0 0 0 0 0 0 0 0 -0.002212390757 -0.009535903765 0.009789184515 0 
2256 912 0 0 0 0 0 0 0 0 0 0 -0.001288167539 -0.007644582341 0.007752355434 0 
2288 912 0 0 0 0 0 0 0 0 0 0 -0.001839267678 -0.005750577139 0.006037552734 0 
2320 912 0 0 0 0 0 0 0 0 0 0 -0.003865691173 -0.003853888158 0.005458573273 0 
2352 912 0 0 0 0 0 0 0 0 0 0 -0.00365917719 -0.002179157751 0.00425890904 0 
2384 912 0 0 0 0 0 0 0 0 0 0 -0.00121972573 -0.000726385917 0.001419636347 0 
2416 912 0 0 0 0 0 0 0 0 0 0 0 0 0 0 
2448 912 0 0 0 0 0 0 0 0 0 0 0 0 0 0 
2480 912 0 0 0 0 0 0 0 0 0 0 0 0 0 0 
2512 912 0 0 0 0 0 0 0 0 0 0 0 0 0 0 
48 944 0 0 0 0 0 0 0 0 0 0 0 0 0 0 
80 944 0 0 0 0 0 0 0 0 0 0 0 0 0 0 
112 944 0 0 0 0 0 0 0 0 0 0 0 0 0 0 
144 944 0 0 0 0 0 0 0 0 0 0 0 0 0 0 
176 944 0 0 0 0 0 0 0 0 0 0 0 0 0 0 
208 944 0 0 0 0 0 0 0 0 0 0 0 0 0 0 
240 944 0 0 0 0 0 0 0 0 0 0 0 0 0 0 
272 944 0 0 0 0 0 0 0 0 0 0 0 0 0 0 
304 944 0 0 0 0 0 0 0 0 0 0 0 0 0 0 
336 944 0 0 0 0 0 0 0 0 0 0 0 0 0 0 
368 944 0 0 0 0 0 0 0 0 0 0 0 0 0 0 
400 944 0 0 0 0 0 0 0 0 0 0 0 0 0 0 
432 944 0 0 0 0 0 0 0 0 0 0 0 0 0 0 
464 944 0 0 0 0 0 0 0 0 0 0 0 0 0 0 
496 944 0 0 0 0 0 0 0 0 0 0 0 0 0 0 
528 944 0 0 0 0 0 0 0 0 0 0 0 0 0 0 
560 944 0 0 0 0 0 0 0 0 0 0 0 0 0 0 
592 944 0 0 0 0 0 0 0 0 0 0 0 0 0 0 
624 944 0 0 0 0 0 0 0 0 0 0 0 0 0 0 
656 944 0 0 0 0 0 0 0 0 0 0 0 0 0 0 
688 944 0 0 0 0 0 0 0 0 0 0 0 0 0 0 
720 944 0 0 0 0 0 0 0 0 0 0 0 0 0 0 
752 944 0 0 0 0 0 0 0 0 0 0 0 0 0 0 
784 944 0 0 0 0 0 0 0 0 0 0 0 0 0 0 
816 944 0 0 0 0 0 0 0 0 0 0 0 0 0 0 
848 944 0 0 0 0 0 0 0 0 0 0 0 0 0 0 
880 944 0 0 0 0 0 0 0 0 0 0 0 0 0 0 
912 944 0 0 0 0 0 0 0 0 0 0 0 0 0 0 
944 944 0 0 0 0 0 0 0 0 0 0 0 0 0 0 
976 944 0 0 0 0 0 0 0 0 0 0 0 0 0 0 
1008 944 0 0 0 0 0 0 0 0 0 0 0 0 0 0 
1040 944 0 0 0 0 0 0 0 0 0 0 0 0 0 0 
1072 944 0 0 0 0 0 0 0 0 0 0 0 0 0 0 
1104 944 0 0 0 0 0 0 0 0 0 0 0 0 0 0 
1136 944 0 0 0 0 0 0 0 0 0 0 0 0 0 0 
1168 944 0 0 0 0 0 0 0 0 0 0 0 0 0 0 
1200 944 0 0 0 0 0 0 0 0 0 0 0 0 0 0 
1232 944 0 0 0 0 0 0 0 0 0 0 0 0 0 0 
1264 944 0 0 0 0 0 0 0 0 0 0 0 0 0 0 
1296 944 0 0 0 0 0 0 0 0 0 0 0 0 0 0 
1328 944 0 0 0 0 0 0 0 0 0 0 0 0 0 0 
1360 944 0 0 0 0 0 0 0 0 0 0 0 0 0 0 
1392 944 0 0 0 0 0 0 0 0 0 0 0 0 0 0 
1424 944 0 0 0 0 0 0 0 0 0 0 0 0 0 0 
1456 944 0 0 0 0 0 0 0 0 0 0 0 0 0 0 
1488 944 0 0 0 0 0 0 0 0 0 0 0 0 0 0 
1520 944 0 0 0 0 0 0 0 0 0 0 0.001340090136 -0.00111034089 0.001740315622 0 
1552 944 0 0 0 0 0 0 0 0 0 0 0.004020270409 -0.00333102267 0.005220946867 0 
1584 944 0 0 0 0 0 0 0 0 0 0 0.001893188903 0.000805098695 0.002057267151 0 
1616 944 0 0 0 0 0 0 0 0 0 0 -0.005041154381 0.011298023203 0.012371684032 0 
1648 944 0 0 0 0 0 0 0 0 0 0 -0.005130313424 0.019740161692 0.020395933405 0 
1680 944 0 0 0 0 0 0 0 0 0 0 0.001625711773 0.02613151416 0.026182035274 0 
1712 944 0 0 0 0 0 0 0 0 0 0 0.012772530452 0.024835378154 0.027927290277 0 
1744 944 0 0 0 0 0 0 0 0 0 0 0.028310142612 0.015851753674 0.032445990034 0 
1776 944 0 0 0 0 0 0 0 0 0 0 0.031653747692 0.001702435956 0.031699495756 0 
1808 944 0 0 0 0 0 0 0 0 0 0 0.022803345693 -0.017612574999 0.028813111128 0 
1840 944 0 0 0 0 0 0 0 0 0 0 0.009146317328 -0.025510486061 0.027100553863 0 
1872 944 0 0 0 0 0 0 0 0 0 0 -0.009317337403 -0.02199129723 0.023883674971 0 
1904 944 0 0 0 0 0 0 0 0 0 0 -0.014246288311 -0.016962368331 0.02215126791 0 
1936 944 0 0 0 0 0 0 0 0 0 0 -0.005640535397 -0.010423699363 0.011851968105 0 
1968 944 0 0 0 0 0 0 0 0 0 0 -0.001003244205 -0.00536577366 0.005458756809 0 
2000 944 0 0 0 0 0 0 0 0 0 0 -0.000334414735 -0.00178859122 0.001819585603 0 
2032 944 0 0 0 0 0 0 0 0 0 0 0 0 0 0 
2064 944 0 0 0 0 0 0 0 0 0 0 0 0 0 0 
2096 944 0 0 0 0 0 0 0 0 0 0 0 0 0 0 
2128 944 0 0 0 0 0 0 0 0 0 0 0 0 0 0 
2160 944 0 0 0 0 0 0 0 0 0 0 0 0 0 0 
2192 944 0 0 0 0 0 0 0 0 0 0 0 0 0 0 
2224 944 0 0 0 0 0 0 0 0 0 0 0 0 0 0 
2256 944 0 0 0 0 0 0 0 0 0 0 0 0 0 0 
2288 944 0 0 0 0 0 0 0 0 0 0 0 0 0 0 
2320 944 0 0 0 0 0 0 0 0 0 0 0 0 0 0 
2352 944 0 0 0 0 0 0 0 0 0 0 0 0 0 0 
2384 944 0 0 0 0 0 0 0 0 0 0 0 0 0 0 
2416 944 0 0 0 0 0 0 0 0 0 0 0 0 0 0 
2448 944 0 0 0 0 0 0 0 0 0 0 0 0 0 0 
2480 944 0 0 0 0 0 0 0 0 0 0 0 0 0 0 
2512 944 0 0 0 0 0 0 0 0 0 0 0 0 0 0 
48 976 0 0 0 0 0 0 0 0 0 0 0 0 0 0 
80 976 0 0 0 0 0 0 0 0 0 0 0 0 0 0 
112 976 0 0 0 0 0 0 0 0 0 0 0 0 0 0 
144 976 0 0 0 0 0 0 0 0 0 0 0 0 0 0 
176 976 0 0 0 0 0 0 0 0 0 0 0 0 0 0 
208 976 0 0 0 0 0 0 0 0 0 0 0 0 0 0 
240 976 0 0 0 0 0 0 0 0 0 0 0 0 0 0 
272 976 0 0 0 0 0 0 0 0 0 0 0 0 0 0 
304 976 0 0 0 0 0 0 0 0 0 0 0 0 0 0 
336 976 0 0 0 0 0 0 0 0 0 0 0 0 0 0 
368 976 0 0 0 0 0 0 0 0 0 0 0 0 0 0 
400 976 0 0 0 0 0 0 0 0 0 0 0 0 0 0 
432 976 0 0 0 0 0 0 0 0 0 0 0 0 0 0 
464 976 0 0 0 0 0 0 0 0 0 0 0 0 0 0 
496 976 0 0 0 0 0 0 0 0 0 0 0 0 0 0 
528 976 0 0 0 0 0 0 0 0 0 0 0 0 0 0 
560 976 0 0 0 0 0 0 0 0 0 0 0 0 0 0 
592 976 0 0 0 0 0 0 0 0 0 0 0 0 0 0 
624 976 0 0 0 0 0 0 0 0 0 0 0 0 0 0 
656 976 0 0 0 0 0 0 0 0 0 0 0 0 0 0 
688 976 0 0 0 0 0 0 0 0 0 0 0 0 0 0 
720 976 0 0 0 0 0 0 0 0 0 0 0 0 0 0 
752 976 0 0 0 0 0 0 0 0 0 0 0 0 0 0 
784 976 0 0 0 0 0 0 0 0 0 0 0 0 0 0 
816 976 0 0 0 0 0 0 0 0 0 0 0 0 0 0 
848 976 0 0 0 0 0 0 0 0 0 0 0 0 0 0 
880 976 0 0 0 0 0 0 0 0 0 0 0 0 0 0 
912 976 0 0 0 0 0 0 0 0 0 0 0 0 0 0 
944 976 0 0 0 0 0 0 0 0 0 0 0 0 0 0 
976 976 0 0 0 0 0 0 0 0 0 0 0 0 0 0 
1008 976 0 0 0 0 0 0 0 0 0 0 0 0 0 0 
1040 976 0 0 0 0 0 0 0 0 0 0 0 0 0 0 
1072 976 0 0 0 0 0 0 0 0 0 0 0 0 0 0 
1104 976 0 0 0 0 0 0 0 0 0 0 0 0 0 0 
1136 976 0 0 0 0 0 0 0 0 0 0 0 0 0 0 
1168 976 0 0 0 0 0 0 0 0 0 0 0 0 0 0 
1200 976 0 0 0 0 0 0 0 0 0 0 0 0 0 0 
1232 976 0 0 0 0 0 0 0 0 0 0 0 0 0 0 
1264 976 0 0 0 0 0 0 0 0 0 0 0 0 0 0 
1296 976 0 0 0 0 0 0 0 0 0 0 0 0 0 0 
1328 976 0 0 0 0 0 0 0 0 0 0 0 0 0 0 
1360 976 0 0 0 0 0 0 0 0 0 0 0 0 0 0 
1392 976 0 0 0 0 0 0 0 0 0 0 0 0 0 0 
1424 976 0 0 0 0 0 0 0 0 0 0 0 0 0 0 
1456 976 0 0 0 0 0 0 0 0 0 0 0 0 0 0 
1488 976 0 0 0 0 0 0 0 0 0 0 0 0 0 0 
1520 976 0 0 0 0 0 0 0 0 0 0 0.000446696712 -0.00037011363 0.000580105207 0 
1552 976 0 0 0 0 0 0 0 0 0 0 0.001340090136 -0.00111034089 0.001740315622 0 
1584 976 0 0 0 0 0 0 0 0 0 0 0.000631062968 0.000268366232 0.000685755717 0 
1616 976 0 0 0 0 0 0 0 0 0 0 -0.001680384794 0.003766007734 0.004123894677 0 
1648 976 0 0 0 0 0 0 0 0 0 0 -0.001710104475 0.006580053897 0.006798644468 0 
1680 976 0 0 0 0 0 0 0 0 0 0 0.000541903924 0.00871050472 0.008727345091 0 
1712 976 0 0 0 0 0 0 0 0 0 0 0.004257510151 0.008278459385 0.009309096759 0 
1744 976 0 0 0 0 0 0 0 0 0 0 0.009436714204 0.005283917891 0.010815330011 0 
1776 976 0 0 0 0 0 0 0 0 0 0 0.010551249231 0.000567478652 0.010566498585 0 
1808 976 0 0 0 0 0 0 0 0 0 0 0.007601115231 -0.005870858333 0.009604370376 0 
1840 976 0 0 0 0 0 0 0 0 0 0 0.003048772443 -0.008503495354 0.009033517954 0 
1872 976 0 0 0 0 0 0 0 0 0 0 -0.003105779134 -0.00733043241 0.00796122499 0 
1904 976 0 0 0 0 0 0 0 0 0 0 -0.00474876277 -0.005654122777 0.00738375597 0 
1936 976 0 0 0 0 0 0 0 0 0 0 -0.001880178466 -0.003474566454 0.003950656035 0 
1968 976 0 0 0 0 0 0 0 0 0 0 -0.000334414735 -0.00178859122 0.001819585603 0 
2000 976 0 0 0 0 0 0 0 0 0 0 -0.000111471578 -0.000596197073 0.000606528534 0 
2032 976 0 0 0 0 0 0 0 0 0 0 0 0 0 0 
2064 976 0 0 0 0 0 0 0 0 0 0 0 0 0 0 
2096 976 0 0 0 0 0 0 0 0 0 0 0 0 0 0 
2128 976 0 0 0 0 0 0 0 0 0 0 0 0 0 0 
2160 976 0 0 0 0 0 0 0 0 0 0 0 0 0 0 
2192 976 0 0 0 0 0 0 0 0 0 0 0 0 0 0 
2224 976 0 0 0 0 0 0 0 0 0 0 0 0 0 0 
2256 976 0 0 0 0 0 0 0 0 0 0 0 0 0 0 
2288 976 0 0 0 0 0 0 0 0 0 0 0 0 0 0 
2320 976 0 0 0 0 0 0 0 0 0 0 0 0 0 0 
2352 976 0 0 0 0 0 0 0 0 0 0 0 0 0 0 
2384 976 0 0 0 0 0 0 0 0 0 0 0 0 0 0 
2416 976 0 0 0 0 0 0 0 0 0 0 0 0 0 0 
2448 976 0 0 0 0 0 0 0 0 0 0 0 0 0 0 
2480 976 0 0 0 0 0 0 0 0 0 0 0 0 0 0 
2512 976 0 0 0 0 0 0 0 0 0 0 0 0 0 0 
48 1008 0 0 0 0 0 0 0 0 0 0 0 0 0 0 
80 1008 0 0 0 0 0 0 0 0 0 0 0 0 0 0 
112 1008 0 0 0 0 0 0 0 0 0 0 0 0 0 0 
144 1008 0 0 0 0 0 0 0 0 0 0 0 0 0 0 
176 1008 0 0 0 0 0 0 0 0 0 0 0 0 0 0 
208 1008 0 0 0 0 0 0 0 0 0 0 0 0 0 0 
240 1008 0 0 0 0 0 0 0 0 0 0 0 0 0 0 
272 1008 0 0 0 0 0 0 0 0 0 0 0 0 0 0 
304 1008 0 0 0 0 0 0 0 0 0 0 0 0 0 0 
336 1008 0 0 0 0 0 0 0 0 0 0 0 0 0 0 
368 1008 0 0 0 0 0 0 0 0 0 0 0 0 0 0 
400 1008 0 0 0 0 0 0 0 0 0 0 0 0 0 0 
432 1008 0 0 0 0 0 0 0 0 0 0 0 0 0 0 
464 1008 0 0 0 0 0 0 0 0 0 0 0 0 0 0 
496 1008 0 0 0 0 0 0 0 0 0 0 0 0 0 0 
528 1008 0 0 0 0 0 0 0 0 0 0 0 0 0 0 
560 1008 0 0 0 0 0 0 0 0 0 0 0 0 0 0 
592 1008 0 0 0 0 0 0 0 0 0 0 0 0 0 0 
624 1008 0 0 0 0 0 0 0 0 0 0 0 0 0 0 
656 1008 0 0 0 0 0 0 0 0 0 0 0 0 0 0 
688 1008 0 0 0 0 0 0 0 0 0 0 0 0 0 0 
720 1008 0 0 0 0 0 0 0 0 0 0 0 0 0 0 
752 1008 0 0 0 0 0 0 0 0 0 0 0 0 0 0 
784 1008 0 0 0 0 0 0 0 0 0 0 0 0 0 0 
816 1008 0 0 0 0 0 0 0 0 0 0 0 0 0 0 
848 1008 0 0 0 0 0 0 0 0 0 0 0 0 0 0 
880 1008 0 0 0 0 0 0 0 0 0 0 0 0 0 0 
912 1008 0 0 0 0 0 0 0 0 0 0 0 0 0 0 
944 1008 0 0 0 0 0 0 0 0 0 0 0 0 0 0 
976 1008 0 0 0 0 0 0 0 0 0 0 0 0 0 0 
1008 1008 0 0 0 0 0 0 0 0 0 0 0 0 0 0 
1040 1008 0 0 0 0 0 0 0 0 0 0 0 0 0 0 
1072 1008 0 0 0 0 0 0 0 0 0 0 0 0 0 0 
1104 1008 0 0 0 0 0 0 0 0 0 0 0 0 0 0 
1136 1008 0 0 0 0 0 0 0 0 0 0 0 0 0 0 
1168 1008 0 0 0 0 0 0 0 0 0 0 0 0 0 0 
1200 1008 0 0 0 0 0 0 0 0 0 0 0 0 0 0 
1232 1008 0 0 0 0 0 0 0 0 0 0 0 0 0 0 
1264 1008 0 0 0 0 0 0 0 0 0 0 0 0 0 0 
1296 1008 0 0 0 0 0 0 0 0 0 0 0 0 0 0 
1328 1008 0 0 0 0 0 0 0 0 0 0 0 0 0 0 
1360 1008 0 0 0 0 0 0 0 0 0 0 0 0 0 0 
1392 1008 0 0 0 0 0 0 0 0 0 0 0 0 0 0 
1424 1008 0 0 0 0 0 0 0 0 0 0 0 0 0 0 
1456 1008 0 0 0 0 0 0 0 0 0 0 0 0 0 0 
1488 1008 0 0 0 0 0 0 0 0 0 0 0 0 0 0 
1520 1008 0 0 0 0 0 0 0 0 0 0 0 0 0 0 
1552 1008 0 0 0 0 0 0 0 0 0 0 0 0 0 0 
1584 1008 0 0 0 0 0 0 0 0 0 0 0 0 0 0 
1616 1008 0 0 0 0 0 0 0 0 0 0 0 0 0 0 
1648 1008 0 0 0 0 0 0 0 0 0 0 0 0 0 0 
1680 1008 0 0 0 0 0 0 0 0 0 0 0 0 0 0 
1712 1008 0 0 0 0 0 0 0 0 0 0 0 0 0 0 
1744 1008 0 0 0 0 0 0 0 0 0 0 0 0 0 0 
1776 1008 0 0 0 0 0 0 0 0 0 0 0 0 0 0 
1808 1008 0 0 0 0 0 0 0 0 0 0 0 0 0 0 
1840 1008 0 0 0 0 0 0 0 0 0 0 0 0 0 0 
1872 1008 0 0 0 0 0 0 0 0 0 0 0 0 0 0 
1904 1008 0 0 0 0 0 0 0 0 0 0 0 0 0 0 
1936 1008 0 0 0 0 0 0 0 0 0 0 0 0 0 0 
1968 1008 0 0 0 0 0 0 0 0 0 0 0 0 0 0 
2000 1008 0 0 0 0 0 0 0 0 0 0 0 0 0 0 
2032 1008 0 0 0 0 0 0 0 0 0 0 0 0 0 0 
2064 1008 0 0 0 0 0 0 0 0 0 0 0 0 0 0 
2096 1008 0 0 0 0 0 0 0 0 0 0 0 0 0 0 
2128 1008 0 0 0 0 0 0 0 0 0 0 0 0 0 0 
2160 1008 0 0 0 0 0 0 0 0 0 0 0 0 0 0 
2192 1008 0 0 0 0 0 0 0 0 0 0 0 0 0 0 
2224 1008 0 0 0 0 0 0 0 0 0 0 0 0 0 0 
2256 1008 0 0 0 0 0 0 0 0 0 0 0 0 0 0 
2288 1008 0 0 0 0 0 0 0 0 0 0 0 0 0 0 
2320 1008 0 0 0 0 0 0 0 0 0 0 0 0 0 0 
2352 1008 0 0 0 0 0 0 0 0 0 0 0 0 0 0 
2384 1008 0 0 0 0 0 0 0 0 0 0 0 0 0 0 
2416 1008 0 0 0 0 0 0 0 0 0 0 0 0 0 0 
2448 1008 0 0 0 0 0 0 0 0 0 0 0 0 0 0 
2480 1008 0 0 0 0 0 0 0 0 0 0 0 0 0 0 
2512 1008 0 0 0 0 0 0 0 0 0 0 0 0 0 0 
48 1040 0 0 0 0 0 0 0 0 0 0 0 0 0 0 
80 1040 0 0 0 0 0 0 0 0 0 0 0 0 0 0 
112 1040 0 0 0 0 0 0 0 0 0 0 0 0 0 0 
144 1040 0 0 0 0 0 0 0 0 0 0 0 0 0 0 
176 1040 0 0 0 0 0 0 0 0 0 0 0 0 0 0 
208 1040 0 0 0 0 0 0 0 0 0 0 0 0 0 0 
240 1040 0 0 0 0 0 0 0 0 0 0 0 0 0 0 
272 1040 0 0 0 0 0 0 0 0 0 0 0 0 0 0 
304 1040 0 0 0 0 0 0 0 0 0 0 0 0 0 0 
336 1040 0 0 0 0 0 0 0 0 0 0 0 0 0 0 
368 1040 0 0 0 0 0 0 0 0 0 0 0 0 0 0 
400 1040 0 0 0 0 0 0 0 0 0 0 0 0 0 0 
432 1040 0 0 0 0 0 0 0 0 0 0 0 0 0 0 
464 1040 0 0 0 0 0 0 0 0 0 0 0 0 0 0 
496 1040 0 0 0 0 0 0 0 0 0 0 0 0 0 0 
528 1040 0 0 0 0 0 0 0 0 0 0 0 0 0 0 
560 1040 0 0 0 0 0 0 0 0 0 0 0 0 0 0 
592 1040 0 0 0 0 0 0 0 0 0 0 0 0 0 0 
624 1040 0 0 0 0 0 0 0 0 0 0 0 0 0 0 
656 1040 0 0 0 0 0 0 0 0 0 0 0 0 0 0 
688 1040 0 0 0 0 0 0 0 0 0 0 0 0 0 0 
720 1040 0 0 0 0 0 0 0 0 0 0 0 0 0 0 
752 1040 0 0 0 0 0 0 0 0 0 0 0 0 0 0 
784 1040 0 0 0 0 0 0 0 0 0 0 0 0 0 0 
816 1040 0 0 0 0 0 0 0 0 0 0 0 0 0 0 
848 1040 0 0 0 0 0 0 0 0 0 0 0 0 0 0 
880 1040 0 0 0 0 0 0 0 0 0 0 0 0 0 0 
912 1040 0 0 0 0 0 0 0 0 0 0 0 0 0 0 
944 1040 0 0 0 0 0 0 0 0 0 0 0 0 0 0 
976 1040 0 0 0 0 0 0 0 0 0 0 0 0 0 0 
1008 1040 0 0 0 0 0 0 0 0 0 0 0 0 0 0 
1040 1040 0 0 0 0 0 0 0 0 0 0 0 0 0 0 
1072 1040 0 0 0 0 0 0 0 0 0 0 0 0 0 0 
1104 1040 0 0 0 0 0 0 0 0 0 0 0 0 0 0 
1136 1040 0 0 0 0 0 0 0 0 0 0 0 0 0 0 
1168 1040 0 0 0 0 0 0 0 0 0 0 0 0 0 0 
1200 1040 0 0 0 0 0 0 0 0 0 0 0 0 0 0 
1232 1040 0 0 0 0 0 0 0 0 0 0 0 0 0 0 
1264 1040 0 0 0 0 0 0 0 0 0 0 0 0 0 0 
1296 1040 0 0 0 0 0 0 0 0 0 0 0 0 0 0 
1328 1040 0 0 0 0 0 0 0 0 0 0 0 0 0 0 
1360 1040 0 0 0 0 0 0 0 0 0 0 0 0 0 0 
1392 1040 0 0 0 0 0 0 0 0 0 0 0 0 0 0 
1424 1040 0 0 0 0 0 0 0 0 0 0 0 0 0 0 
1456 1040 0 0 0 0 0 0 0 0 0 0 0 0 0 0 
1488 1040 0 0 0 0 0 0 0 0 0 0 0 0 0 0 
1520 1040 0 0 0 0 0 0 0 0 0 0 0 0 0 0 
1552 1040 0 0 0 0 0 0 0 0 0 0 0 0 0 0 
1584 1040 0 0 0 0 0 0 0 0 0 0 0 0 0 0 
1616 1040 0 0 0 0 0 0 0 0 0 0 0 0 0 0 
1648 1040 0 0 0 0 0 0 0 0 0 0 0 0 0 0 
1680 1040 0 0 0 0 0 0 0 0 0 0 0 0 0 0 
1712 1040 0 0 0 0 0 0 0 0 0 0 0 0 0 0 
1744 1040 0 0 0 0 0 0 0 0 0 0 0 0 0 0 
1776 1040 0 0 0 0 0 0 0 0 0 0 0 0 0 0 
1808 1040 0 0 0 0 0 0 0 0 0 0 0 0 0 0 
1840 1040 0 0 0 0 0 0 0 0 0 0 0 0 0 0 
1872 1040 0 0 0 0 0 0 0 0 0 0 0 0 0 0 
1904 1040 0 0 0 0 0 0 0 0 0 0 0 0 0 0 
1936 1040 0 0 0 0 0 0 0 0 0 0 0 0 0 0 
1968 1040 0 0 0 0 0 0 0 0 0 0 0 0 0 0 
2000 1040 0 0 0 0 0 0 0 0 0 0 0 0 0 0 
2032 1040 0 0 0 0 0 0 0 0 0 0 0 0 0 0 
2064 1040 0 0 0 0 0 0 0 0 0 0 0 0 0 0 
2096 1040 0 0 0 0 0 0 0 0 0 0 0 0 0 0 
2128 1040 0 0 0 0 0 0 0 0 0 0 0 0 0 0 
2160 1040 0 0 0 0 0 0 0 0 0 0 0 0 0 0 
2192 1040 0 0 0 0 0 0 0 0 0 0 0 0 0 0 
2224 1040 0 0 0 0 0 0 0 0 0 0 0 0 0 0 
2256 1040 0 0 0 0 0 0 0 0 0 0 0 0 0 0 
2288 1040 0 0 0 0 0 0 0 0 0 0 0 0 0 0 
2320 1040 0 0 0 0 0 0 0 0 0 0 0 0 0 0 
2352 1040 0 0 0 0 0 0 0 0 0 0 0 0 0 0 
2384 1040 0 0 0 0 0 0 0 0 0 0 0 0 0 0 
2416 1040 0 0 0 0 0 0 0 0 0 0 0 0 0 0 
2448 1040 0 0 0 0 0 0 0 0 0 0 0 0 0 0 
2480 1040 0 0 0 0 0 0 0 0 0 0 0 0 0 0 
2512 1040 0 0 0 0 0 0 0 0 0 0 0 0 0 0 
48 1072 0 0 0 0 0 0 0 0 0 0 0 0 0 0 
80 1072 0 0 0 0 0 0 0 0 0 0 0 0 0 0 
112 1072 0 0 0 0 0 0 0 0 0 0 0 0 0 0 
144 1072 0 0 0 0 0 0 0 0 0 0 0 0 0 0 
176 1072 0 0 0 0 0 0 0 0 0 0 0 0 0 0 
208 1072 0 0 0 0 0 0 0 0 0 0 0 0 0 0 
240 1072 0 0 0 0 0 0 0 0 0 0 0 0 0 0 
272 1072 0 0 0 0 0 0 0 0 0 0 0 0 0 0 
304 1072 0 0 0 0 0 0 0 0 0 0 0 0 0 0 
336 1072 0 0 0 0 0 0 0 0 0 0 0 0 0 0 
368 1072 0 0 0 0 0 0 0 0 0 0 0 0 0 0 
400 1072 0 0 0 0 0 0 0 0 0 0 0 0 0 0 
432 1072 0 0 0 0 0 0 0 0 0 0 0 0 0 0 
464 1072 0 0 0 0 0 0 0 0 0 0 0 0 0 0 
496 1072 0 0 0 0 0 0 0 0 0 0 0 0 0 0 
528 1072 0 0 0 0 0 0 0 0 0 0 0 0 0 0 
560 1072 0 0 0 0 0 0 0 0 0 0 0 0 0 0 
592 1072 0 0 0 0 0 0 0 0 0 0 0 0 0 0 
624 1072 0 0 0 0 0 0 0 0 0 0 0 0 0 0 
656 1072 0 0 0 0 0 0 0 0 0 0 0 0 0 0 
688 1072 0 0 0 0 0 0 0 0 0 0 0 0 0 0 
720 1072 0 0 0 0 0 0 0 0 0 0 0 0 0 0 
752 1072 0 0 0 0 0 0 0 0 0 0 0 0 0 0 
784 1072 0 0 0 0 0 0 0 0 0 0 0 0 0 0 
816 1072 0 0 0 0 0 0 0 0 0 0 0 0 0 0 
848 1072 0 0 0 0 0 0 0 0 0 0 0 0 0 0 
880 1072 0 0 0 0 0 0 0 0 0 0 0 0 0 0 
912 1072 0 0 0 0 0 0 0 0 0 0 0 0 0 0 
944 1072 0 0 0 0 0 0 0 0 0 0 0 0 0 0 
976 1072 0 0 0 0 0 0 0 0 0 0 0 0 0 0 
1008 1072 0 0 0 0 0 0 0 0 0 0 0 0 0 0 
1040 1072 0 0 0 0 0 0 0 0 0 0 0 0 0 0 
1072 1072 0 0 0 0 0 0 0 0 0 0 0 0 0 0 
1104 1072 0 0 0 0 0 0 0 0 0 0 0 0 0 0 
1136 1072 0 0 0 0 0 0 0 0 0 0 0 0 0 0 
1168 1072 0 0 0 0 0 0 0 0 0 0 0 0 0 0 
1200 1072 0 0 0 0 0 0 0 0 0 0 0 0 0 0 
1232 1072 0 0 0 0 0 0 0 0 0 0 0 0 0 0 
1264 1072 0 0 0 0 0 0 0 0 0 0 0 0 0 0 
1296 1072 0 0 0 0 0 0 0 0 0 0 0 0 0 0 
1328 1072 0 0 0 0 0 0 0 0 0 0 0 0 0 0 
1360 1072 0 0 0 0 0 0 0 0 0 0 0 0 0 0 
1392 1072 0 0 0 0 0 0 0 0 0 0 0 0 0 0 
1424 1072 0 0 0 0 0 0 0 0 0 0 0 0 0 0 
1456 1072 0 0 0 0 0 0 0 0 0 0 0 0 0 0 
1488 1072 0 0 0 0 0 0 0 0 0 0 0 0 0 0 
1520 1072 0 0 0 0 0 0 0 0 0 0 0 0 0 0 
1552 1072 0 0 0 0 0 0 0 0 0 0 0 0 0 0 
1584 1072 0 0 0 0 0 0 0 0 0 0 0 0 0 0 
1616 1072 0 0 0 0 0 0 0 0 0 0 0 0 0 0 
1648 1072 0 0 0 0 0 0 0 0 0 0 0 0 0 0 
1680 1072 0 0 0 0 0 0 0 0 0 0 0 0 0 0 
1712 1072 0 0 0 0 0 0 0 0 0 0 0 0 0 0 
1744 1072 0 0 0 0 0 0 0 0 0 0 0 0 0 0 
1776 1072 0 0 0 0 0 0 0 0 0 0 0 0 0 0 
1808 1072 0 0 0 0 0 0 0 0 0 0 0 0 0 0 
1840 1072 0 0 0 0 0 0 0 0 0 0 0 0 0 0 
1872 1072 0 0 0 0 0 0 0 0 0 0 0 0 0 0 
1904 1072 0 0 0 0 0 0 0 0 0 0 0 0 0 0 
1936 1072 0 0 0 0 0 0 0 0 0 0 0 0 0 0 
1968 1072 0 0 0 0 0 0 0 0 0 0 0 0 0 0 
2000 1072 0 0 0 0 0 0 0 0 0 0 0 0 0 0 
2032 1072 0 0 0 0 0 0 0 0 0 0 0 0 0 0 
2064 1072 0 0 0 0 0 0 0 0 0 0 0 0 0 0 
2096 1072 0 0 0 0 0 0 0 0 0 0 0 0 0 0 
2128 1072 0 0 0 0 0 0 0 0 0 0 0 0 0 0 
2160 1072 0 0 0 0 0 0 0 0 0 0 0 0 0 0 
2192 1072 0 0 0 0 0 0 0 0 0 0 0 0 0 0 
2224 1072 0 0 0 0 0 0 0 0 0 0 0 0 0 0 
2256 1072 0 0 0 0 0 0 0 0 0 0 0 0 0 0 
2288 1072 0 0 0 0 0 0 0 0 0 0 0 0 0 0 
2320 1072 0 0 0 0 0 0 0 0 0 0 0 0 0 0 
2352 1072 0 0 0 0 0 0 0 0 0 0 0 0 0 0 
2384 1072 0 0 0 0 0 0 0 0 0 0 0 0 0 0 
2416 1072 0 0 0 0 0 0 0 0 0 0 0 0 0 0 
2448 1072 0 0 0 0 0 0 0 0 0 0 0 0 0 0 
2480 1072 0 0 0 0 0 0 0 0 0 0 0 0 0 0 
2512 1072 0 0 0 0 0 0 0 0 0 0 0 0 0 0 
48 1104 0 0 0 0 0 0 0 0 0 0 0 0 0 0 
80 1104 0 0 0 0 0 0 0 0 0 0 0 0 0 0 
112 1104 0 0 0 0 0 0 0 0 0 0 0 0 0 0 
144 1104 0 0 0 0 0 0 0 0 0 0 0 0 0 0 
176 1104 0 0 0 0 0 0 0 0 0 0 0 0 0 0 
208 1104 0 0 0 0 0 0 0 0 0 0 0 0 0 0 
240 1104 0 0 0 0 0 0 0 0 0 0 0 0 0 0 
272 1104 0 0 0 0 0 0 0 0 0 0 0 0 0 0 
304 1104 0 0 0 0 0 0 0 0 0 0 0 0 0 0 
336 1104 0 0 0 0 0 0 0 0 0 0 0 0 0 0 
368 1104 0 0 0 0 0 0 0 0 0 0 0 0 0 0 
400 1104 0 0 0 0 0 0 0 0 0 0 0 0 0 0 
432 1104 0 0 0 0 0 0 0 0 0 0 0 0 0 0 
464 1104 0 0 0 0 0 0 0 0 0 0 0 0 0 0 
496 1104 0 0 0 0 0 0 0 0 0 0 0 0 0 0 
528 1104 0 0 0 0 0 0 0 0 0 0 0 0 0 0 
560 1104 0 0 0 0 0 0 0 0 0 0 0 0 0 0 
592 1104 0 0 0 0 0 0 0 0 0 0 0 0 0 0 
624 1104 0 0 0 0 0 0 0 0 0 0 0 0 0 0 
656 1104 0 0 0 0 0 0 0 0 0 0 0 0 0 0 
688 1104 0 0 0 0 0 0 0 0 0 0 0 0 0 0 
720 1104 0 0 0 0 0 0 0 0 0 0 0 0 0 0 
752 1104 0 0 0 0 0 0 0 0 0 0 0 0 0 0 
784 1104 0 0 0 0 0 0 0 0 0 0 0 0 0 0 
816 1104 0 0 0 0 0 0 0 0 0 0 0 0 0 0 
848 1104 0 0 0 0 0 0 0 0 0 0 0 0 0 0 
880 1104 0 0 0 0 0 0 0 0 0 0 0 0 0 0 
912 1104 0 0 0 0 0 0 0 0 0 0 0 0 0 0 
944 1104 0 0 0 0 0 0 0 0 0 0 0 0 0 0 
976 1104 0 0 0 0 0 0 0 0 0 0 0 0 0 0 
1008 1104 0 0 0 0 0 0 0 0 0 0 0 0 0 0 
1040 1104 0 0 0 0 0 0 0 0 0 0 0 0 0 0 
1072 1104 0 0 0 0 0 0 0 0 0 0 0 0 0 0 
1104 1104 0 0 0 0 0 0 0 0 0 0 0 0 0 0 
1136 1104 0 0 0 0 0 0 0 0 0 0 0 0 0 0 
1168 1104 0 0 0 0 0 0 0 0 0 0 0 0 0 0 
1200 1104 0 0 0 0 0 0 0 0 0 0 0 0 0 0 
1232 1104 0 0 0 0 0 0 0 0 0 0 0 0 0 0 
1264 1104 0 0 0 0 0 0 0 0 0 0 0 0 0 0 
1296 1104 0 0 0 0 0 0 0 0 0 0 0 0 0 0 
1328 1104 0 0 0 0 0 0 0 0 0 0 0 0 0 0 
1360 1104 0 0 0 0 0 0 0 0 0 0 0 0 0 0 
1392 1104 0 0 0 0 0 0 0 0 0 0 0 0 0 0 
1424 1104 0 0 0 0 0 0 0 0 0 0 0 0 0 0 
1456 1104 0 0 0 0 0 0 0 0 0 0 0 0 0 0 
1488 1104 0 0 0 0 0 0 0 0 0 0 0 0 0 0 
1520 1104 0 0 0 0 0 0 0 0 0 0 0 0 0 0 
1552 1104 0 0 0 0 0 0 0 0 0 0 0 0 0 0 
1584 1104 0 0 0 0 0 0 0 0 0 0 0 0 0 0 
1616 1104 0 0 0 0 0 0 0 0 0 0 0 0 0 0 
1648 1104 0 0 0 0 0 0 0 0 0 0 0 0 0 0 
1680 1104 0 0 0 0 0 0 0 0 0 0 0 0 0 0 
1712 1104 0 0 0 0 0 0 0 0 0 0 0 0 0 0 
1744 1104 0 0 0 0 0 0 0 0 0 0 0 0 0 0 
1776 1104 0 0 0 0 0 0 0 0 0 0 0 0 0 0 
1808 1104 0 0 0 0 0 0 0 0 0 0 0 0 0 0 
1840 1104 0 0 0 0 0 0 0 0 0 0 0 0 0 0 
1872 1104 0 0 0 0 0 0 0 0 0 0 0 0 0 0 
1904 1104 0 0 0 0 0 0 0 0 0 0 0 0 0 0 
1936 1104 0 0 0 0 0 0 0 0 0 0 0 0 0 0 
1968 1104 0 0 0 0 0 0 0 0 0 0 0 0 0 0 
2000 1104 0 0 0 0 0 0 0 0 0 0 0 0 0 0 
2032 1104 0 0 0 0 0 0 0 0 0 0 0 0 0 0 
2064 1104 0 0 0 0 0 0 0 0 0 0 0 0 0 0 
2096 1104 0 0 0 0 0 0 0 0 0 0 0 0 0 0 
2128 1104 0 0 0 0 0 0 0 0 0 0 0 0 0 0 
2160 1104 0 0 0 0 0 0 0 0 0 0 0 0 0 0 
2192 1104 0 0 0 0 0 0 0 0 0 0 0 0 0 0 
2224 1104 0 0 0 0 0 0 0 0 0 0 0 0 0 0 
2256 1104 0 0 0 0 0 0 0 0 0 0 0 0 0 0 
2288 1104 0 0 0 0 0 0 0 0 0 0 0 0 0 0 
2320 1104 0 0 0 0 0 0 0 0 0 0 0 0 0 0 
2352 1104 0 0 0 0 0 0 0 0 0 0 0 0 0 0 
2384 1104 0 0 0 0 0 0 0 0 0 0 0 0 0 0 
2416 1104 0 0 0 0 0 0 0 0 0 0 0 0 0 0 
2448 1104 0 0 0 0 0 0 0 0 0 0 0 0 0 0 
2480 1104 0 0 0 0 0 0 0 0 0 0 0 0 0 0 
2512 1104 0 0 0 0 0 0 0 0 0 0 0 0 0 0 
48 1136 0 0 0 0 0 0 0 0 0 0 0 0 0 0 
80 1136 0 0 0 0 0 0 0 0 0 0 0 0 0 0 
112 1136 0 0 0 0 0 0 0 0 0 0 0 0 0 0 
144 1136 0 0 0 0 0 0 0 0 0 0 0 0 0 0 
176 1136 0 0 0 0 0 0 0 0 0 0 0 0 0 0 
208 1136 0 0 0 0 0 0 0 0 0 0 0 0 0 0 
240 1136 0 0 0 0 0 0 0 0 0 0 0 0 0 0 
272 1136 0 0 0 0 0 0 0 0 0 0 0 0 0 0 
304 1136 0 0 0 0 0 0 0 0 0 0 0 0 0 0 
336 1136 0 0 0 0 0 0 0 0 0 0 0 0 0 0 
368 1136 0 0 0 0 0 0 0 0 0 0 0 0 0 0 
400 1136 0 0 0 0 0 0 0 0 0 0 0 0 0 0 
432 1136 0 0 0 0 0 0 0 0 0 0 0 0 0 0 
464 1136 0 0 0 0 0 0 0 0 0 0 0 0 0 0 
496 1136 0 0 0 0 0 0 0 0 0 0 0 0 0 0 
528 1136 0 0 0 0 0 0 0 0 0 0 0 0 0 0 
560 1136 0 0 0 0 0 0 0 0 0 0 0 0 0 0 
592 1136 0 0 0 0 0 0 0 0 0 0 0 0 0 0 
624 1136 0 0 0 0 0 0 0 0 0 0 0 0 0 0 
656 1136 0 0 0 0 0 0 0 0 0 0 0 0 0 0 
688 1136 0 0 0 0 0 0 0 0 0 0 0 0 0 0 
720 1136 0 0 0 0 0 0 0 0 0 0 0 0 0 0 
752 1136 0 0 0 0 0 0 0 0 0 0 0 0 0 0 
784 1136 0 0 0 0 0 0 0 0 0 0 0 0 0 0 
816 1136 0 0 0 0 0 0 0 0 0 0 0 0 0 0 
848 1136 0 0 0 0 0 0 0 0 0 0 0 0 0 0 
880 1136 0 0 0 0 0 0 0 0 0 0 0 0 0 0 
912 1136 0 0 0 0 0 0 0 0 0 0 0 0 0 0 
944 1136 0 0 0 0 0 0 0 0 0 0 0 0 0 0 
976 1136 0 0 0 0 0 0 0 0 0 0 0 0 0 0 
1008 1136 0 0 0 0 0 0 0 0 0 0 0 0 0 0 
1040 1136 0 0 0 0 0 0 0 0 0 0 0 0 0 0 
1072 1136 0 0 0 0 0 0 0 0 0 0 0 0 0 0 
1104 1136 0 0 0 0 0 0 0 0 0 0 0 0 0 0 
1136 1136 0 0 0 0 0 0 0 0 0 0 0 0 0 0 
1168 1136 0 0 0 0 0 0 0 0 0 0 0 0 0 0 
1200 1136 0 0 0 0 0 0 0 0 0 0 0 0 0 0 
1232 1136 0 0 0 0 0 0 0 0 0 0 0 0 0 0 
1264 1136 0 0 0 0 0 0 0 0 0 0 0 0 0 0 
1296 1136 0 0 0 0 0 0 0 0 0 0 0 0 0 0 
1328 1136 0 0 0 0 0 0 0 0 0 0 0 0 0 0 
1360 1136 0 0 0 0 0 0 0 0 0 0 0 0 0 0 
1392 1136 0 0 0 0 0 0 0 0 0 0 0 0 0 0 
1424 1136 0 0 0 0 0 0 0 0 0 0 0 0 0 0 
1456 1136 0 0 0 0 0 0 0 0 0 0 0 0 0 0 
1488 1136 0 0 0 0 0 0 0 0 0 0 0 0 0 0 
1520 1136 0 0 0 0 0 0 0 0 0 0 0 0 0 0 
1552 1136 0 0 0 0 0 0 0 0 0 0 0 0 0 0 
1584 1136 0 0 0 0 0 0 0 0 0 0 0 0 0 0 
1616 1136 0 0 0 0 0 0 0 0 0 0 0 0 0 0 
1648 1136 0 0 0 0 0 0 0 0 0 0 0 0 0 0 
1680 1136 0 0 0 0 0 0 0 0 0 0 0 0 0 0 
1712 1136 0 0 0 0 0 0 0 0 0 0 0 0 0 0 
1744 1136 0 0 0 0 0 0 0 0 0 0 0 0 0 0 
1776 1136 0 0 0 0 0 0 0 0 0 0 0 0 0 0 
1808 1136 0 0 0 0 0 0 0 0 0 0 0 0 0 0 
1840 1136 0 0 0 0 0 0 0 0 0 0 0 0 0 0 
1872 1136 0 0 0 0 0 0 0 0 0 0 0 0 0 0 
1904 1136 0 0 0 0 0 0 0 0 0 0 0 0 0 0 
1936 1136 0 0 0 0 0 0 0 0 0 0 0 0 0 0 
1968 1136 0 0 0 0 0 0 0 0 0 0 0 0 0 0 
2000 1136 0 0 0 0 0 0 0 0 0 0 0 0 0 0 
2032 1136 0 0 0 0 0 0 0 0 0 0 0 0 0 0 
2064 1136 0 0 0 0 0 0 0 0 0 0 0 0 0 0 
2096 1136 0 0 0 0 0 0 0 0 0 0 0 0 0 0 
2128 1136 0 0 0 0 0 0 0 0 0 0 0 0 0 0 
2160 1136 0 0 0 0 0 0 0 0 0 0 0 0 0 0 
2192 1136 0 0 0 0 0 0 0 0 0 0 0 0 0 0 
2224 1136 0 0 0 0 0 0 0 0 0 0 0 0 0 0 
2256 1136 0 0 0 0 0 0 0 0 0 0 0 0 0 0 
2288 1136 0 0 0 0 0 0 0 0 0 0 0 0 0 0 
2320 1136 0 0 0 0 0 0 0 0 0 0 0 0 0 0 
2352 1136 0 0 0 0 0 0 0 0 0 0 0 0 0 0 
2384 1136 0 0 0 0 0 0 0 0 0 0 0 0 0 0 
2416 1136 0 0 0 0 0 0 0 0 0 0 0 0 0 0 
2448 1136 0 0 0 0 0 0 0 0 0 0 0 0 0 0 
2480 1136 0 0 0 0 0 0 0 0 0 0 0 0 0 0 
2512 1136 0 0 0 0 0 0 0 0 0 0 0 0 0 0 
48 1168 0 0 0 0 0 0 0 0 0 0 0 0 0 0 
80 1168 0 0 0 0 0 0 0 0 0 0 0 0 0 0 
112 1168 0 0 0 0 0 0 0 0 0 0 0 0 0 0 
144 1168 0 0 0 0 0 0 0 0 0 0 0 0 0 0 
176 1168 0 0 0 0 0 0 0 0 0 0 0 0 0 0 
208 1168 0 0 0 0 0 0 0 0 0 0 0 0 0 0 
240 1168 0 0 0 0 0 0 0 0 0 0 0 0 0 0 
272 1168 0 0 0 0 0 0 0 0 0 0 0 0 0 0 
304 1168 0 0 0 0 0 0 0 0 0 0 0 0 0 0 
336 1168 0 0 0 0 0 0 0 0 0 0 0 0 0 0 
368 1168 0 0 0 0 0 0 0 0 0 0 0 0 0 0 
400 1168 0 0 0 0 0 0 0 0 0 0 0 0 0 0 
432 1168 0 0 0 0 0 0 0 0 0 0 0 0 0 0 
464 1168 0 0 0 0 0 0 0 0 0 0 0 0 0 0 
496 1168 0 0 0 0 0 0 0 0 0 0 0 0 0 0 
528 1168 0 0 0 0 0 0 0 0 0 0 0 0 0 0 
560 1168 0 0 0 0 0 0 0 0 0 0 0 0 0 0 
592 1168 0 0 0 0 0 0 0 0 0 0 0 0 0 0 
624 1168 0 0 0 0 0 0 0 0 0 0 0 0 0 0 
656 1168 0 0 0 0 0 0 0 0 0 0 0 0 0 0 
688 1168 0 0 0 0 0 0 0 0 0 0 0 0 0 0 
720 1168 0 0 0 0 0 0 0 0 0 0 0 0 0 0 
752 1168 0 0 0 0 0 0 0 0 0 0 0 0 0 0 
784 1168 0 0 0 0 0 0 0 0 0 0 0 0 0 0 
816 1168 0 0 0 0 0 0 0 0 0 0 0 0 0 0 
848 1168 0 0 0 0 0 0 0 0 0 0 0 0 0 0 
880 1168 0 0 0 0 0 0 0 0 0 0 0 0 0 0 
912 1168 0 0 0 0 0 0 0 0 0 0 0 0 0 0 
944 1168 0 0 0 0 0 0 0 0 0 0 0 0 0 0 
976 1168 0 0 0 0 0 0 0 0 0 0 0 0 0 0 
1008 1168 0 0 0 0 0 0 0 0 0 0 0 0 0 0 
1040 1168 0 0 0 0 0 0 0 0 0 0 0 0 0 0 
1072 1168 0 0 0 0 0 0 0 0 0 0 0 0 0 0 
1104 1168 0 0 0 0 0 0 0 0 0 0 0 0 0 0 
1136 1168 0 0 0 0 0 0 0 0 0 0 0 0 0 0 
1168 1168 0 0 0 0 0 0 0 0 0 0 0 0 0 0 
1200 1168 0 0 0 0 0 0 0 0 0 0 0 0 0 0 
1232 1168 0 0 0 0 0 0 0 0 0 0 0 0 0 0 
1264 1168 0 0 0 0 0 0 0 0 0 0 0 0 0 0 
1296 1168 0 0 0 0 0 0 0 0 0 0 0 0 0 0 
1328 1168 0 0 0 0 0 0 0 0 0 0 0 0 0 0 
1360 1168 0 0 0 0 0 0 0 0 0 0 0 0 0 0 
1392 1168 0 0 0 0 0 0 0 0 0 0 0 0 0 0 
1424 1168 0 0 0 0 0 0 0 0 0 0 0 0 0 0 
1456 1168 0 0 0 0 0 0 0 0 0 0 0 0 0 0 
1488 1168 0 0 0 0 0 0 0 0 0 0 0 0 0 0 
1520 1168 0 0 0 0 0 0 0 0 0 0 0 0 0 0 
1552 1168 0 0 0 0 0 0 0 0 0 0 0 0 0 0 
1584 1168 0 0 0 0 0 0 0 0 0 0 0 0 0 0 
1616 1168 0 0 0 0 0 0 0 0 0 0 0 0 0 0 
1648 1168 0 0 0 0 0 0 0 0 0 0 0 0 0 0 
1680 1168 0 0 0 0 0 0 0 0 0 0 0 0 0 0 
1712 1168 0 0 0 0 0 0 0 0 0 0 0 0 0 0 
1744 1168 0 0 0 0 0 0 0 0 0 0 0 0 0 0 
1776 1168 0 0 0 0 0 0 0 0 0 0 0 0 0 0 
1808 1168 0 0 0 0 0 0 0 0 0 0 0 0 0 0 
1840 1168 0 0 0 0 0 0 0 0 0 0 0 0 0 0 
1872 1168 0 0 0 0 0 0 0 0 0 0 0 0 0 0 
1904 1168 0 0 0 0 0 0 0 0 0 0 0 0 0 0 
1936 1168 0 0 0 0 0 0 0 0 0 0 0 0 0 0 
1968 1168 0 0 0 0 0 0 0 0 0 0 0 0 0 0 
2000 1168 0 0 0 0 0 0 0 0 0 0 0 0 0 0 
2032 1168 0 0 0 0 0 0 0 0 0 0 0 0 0 0 
2064 1168 0 0 0 0 0 0 0 0 0 0 0 0 0 0 
2096 1168 0 0 0 0 0 0 0 0 0 0 0 0 0 0 
2128 1168 0 0 0 0 0 0 0 0 0 0 0 0 0 0 
2160 1168 0 0 0 0 0 0 0 0 0 0 0 0 0 0 
2192 1168 0 0 0 0 0 0 0 0 0 0 0 0 0 0 
2224 1168 0 0 0 0 0 0 0 0 0 0 0 0 0 0 
2256 1168 0 0 0 0 0 0 0 0 0 0 0 0 0 0 
2288 1168 0 0 0 0 0 0 0 0 0 0 0 0 0 0 
2320 1168 0 0 0 0 0 0 0 0 0 0 0 0 0 0 
2352 1168 0 0 0 0 0 0 0 0 0 0 0 0 0 0 
2384 1168 0 0 0 0 0 0 0 0 0 0 0 0 0 0 
2416 1168 0 0 0 0 0 0 0 0 0 0 0 0 0 0 
2448 1168 0 0 0 0 0 0 0 0 0 0 0 0 0 0 
2480 1168 0 0 0 0 0 0 0 0 0 0 0 0 0 0 
2512 1168 0 0 0 0 0 0 0 0 0 0 0 0 0 0 
48 1200 0 0 0 0 0 0 0 0 0 0 0 0 0 0 
80 1200 0 0 0 0 0 0 0 0 0 0 0 0 0 0 
112 1200 0 0 0 0 0 0 0 0 0 0 0 0 0 0 
144 1200 0 0 0 0 0 0 0 0 0 0 0 0 0 0 
176 1200 0 0 0 0 0 0 0 0 0 0 0 0 0 0 
208 1200 0 0 0 0 0 0 0 0 0 0 0 0 0 0 
240 1200 0 0 0 0 0 0 0 0 0 0 0 0 0 0 
272 1200 0 0 0 0 0 0 0 0 0 0 0 0 0 0 
304 1200 0 0 0 0 0 0 0 0 0 0 0 0 0 0 
336 1200 0 0 0 0 0 0 0 0 0 0 0 0 0 0 
368 1200 0 0 0 0 0 0 0 0 0 0 0 0 0 0 
400 1200 0 0 0 0 0 0 0 0 0 0 0 0 0 0 
432 1200 0 0 0 0 0 0 0 0 0 0 0 0 0 0 
464 1200 0 0 0 0 0 0 0 0 0 0 0 0 0 0 
496 1200 0 0 0 0 0 0 0 0 0 0 0 0 0 0 
528 1200 0 0 0 0 0 0 0 0 0 0 0 0 0 0 
560 1200 0 0 0 0 0 0 0 0 0 0 0 0 0 0 
592 1200 0 0 0 0 0 0 0 0 0 0 0 0 0 0 
624 1200 0 0 0 0 0 0 0 0 0 0 0 0 0 0 
656 1200 0 0 0 0 0 0 0 0 0 0 0 0 0 0 
688 1200 0 0 0 0 0 0 0 0 0 0 0 0 0 0 
720 1200 0 0 0 0 0 0 0 0 0 0 0 0 0 0 
752 1200 0 0 0 0 0 0 0 0 0 0 0 0 0 0 
784 1200 0 0 0 0 0 0 0 0 0 0 0 0 0 0 
816 1200 0 0 0 0 0 0 0 0 0 0 0 0 0 0 
848 1200 0 0 0 0 0 0 0 0 0 0 0 0 0 0 
880 1200 0 0 0 0 0 0 0 0 0 0 0 0 0 0 
912 1200 0 0 0 0 0 0 0 0 0 0 0 0 0 0 
944 1200 0 0 0 0 0 0 0 0 0 0 0 0 0 0 
976 1200 0 0 0 0 0 0 0 0 0 0 0 0 0 0 
1008 1200 0 0 0 0 0 0 0 0 0 0 0 0 0 0 
1040 1200 0 0 0 0 0 0 0 0 0 0 0 0 0 0 
1072 1200 0 0 0 0 0 0 0 0 0 0 0 0 0 0 
1104 1200 0 0 0 0 0 0 0 0 0 0 0 0 0 0 
1136 1200 0 0 0 0 0 0 0 0 0 0 0 0 0 0 
1168 1200 0 0 0 0 0 0 0 0 0 0 0 0 0 0 
1200 1200 0 0 0 0 0 0 0 0 0 0 0 0 0 0 
1232 1200 0 0 0 0 0 0 0 0 0 0 0 0 0 0 
1264 1200 0 0 0 0 0 0 0 0 0 0 0 0 0 0 
1296 1200 0 0 0 0 0 0 0 0 0 0 0 0 0 0 
1328 1200 0 0 0 0 0 0 0 0 0 0 0 0 0 0 
1360 1200 0 0 0 0 0 0 0 0 0 0 0 0 0 0 
1392 1200 0 0 0 0 0 0 0 0 0 0 0 0 0 0 
1424 1200 0 0 0 0 0 0 0 0 0 0 0 0 0 0 
1456 1200 0 0 0 0 0 0 0 0 0 0 0 0 0 0 
1488 1200 0 0 0 0 0 0 0 0 0 0 0 0 0 0 
1520 1200 0 0 0 0 0 0 0 0 0 0 0 0 0 0 
1552 1200 0 0 0 0 0 0 0 0 0 0 0 0 0 0 
1584 1200 0 0 0 0 0 0 0 0 0 0 0 0 0 0 
1616 1200 0 0 0 0 0 0 0 0 0 0 0 0 0 0 
1648 1200 0 0 0 0 0 0 0 0 0 0 0 0 0 0 
1680 1200 0 0 0 0 0 0 0 0 0 0 0 0 0 0 
1712 1200 0 0 0 0 0 0 0 0 0 0 0 0 0 0 
1744 1200 0 0 0 0 0 0 0 0 0 0 0 0 0 0 
1776 1200 0 0 0 0 0 0 0 0 0 0 0 0 0 0 
1808 1200 0 0 0 0 0 0 0 0 0 0 0 0 0 0 
1840 1200 0 0 0 0 0 0 0 0 0 0 0 0 0 0 
1872 1200 0 0 0 0 0 0 0 0 0 0 0 0 0 0 
1904 1200 0 0 0 0 0 0 0 0 0 0 0 0 0 0 
1936 1200 0 0 0 0 0 0 0 0 0 0 0 0 0 0 
1968 1200 0 0 0 0 0 0 0 0 0 0 0 0 0 0 
2000 1200 0 0 0 0 0 0 0 0 0 0 0 0 0 0 
2032 1200 0 0 0 0 0 0 0 0 0 0 0 0 0 0 
2064 1200 0 0 0 0 0 0 0 0 0 0 0 0 0 0 
2096 1200 0 0 0 0 0 0 0 0 0 0 0 0 0 0 
2128 1200 0 0 0 0 0 0 0 0 0 0 0 0 0 0 
2160 1200 0 0 0 0 0 0 0 0 0 0 0 0 0 0 
2192 1200 0 0 0 0 0 0 0 0 0 0 0 0 0 0 
2224 1200 0 0 0 0 0 0 0 0 0 0 0 0 0 0 
2256 1200 0 0 0 0 0 0 0 0 0 0 0 0 0 0 
2288 1200 0 0 0 0 0 0 0 0 0 0 0 0 0 0 
2320 1200 0 0 0 0 0 0 0 0 0 0 0 0 0 0 
2352 1200 0 0 0 0 0 0 0 0 0 0 0 0 0 0 
2384 1200 0 0 0 0 0 0 0 0 0 0 0 0 0 0 
2416 1200 0 0 0 0 0 0 0 0 0 0 0 0 0 0 
2448 1200 0 0 0 0 0 0 0 0 0 0 0 0 0 0 
2480 1200 0 0 0 0 0 0 0 0 0 0 0 0 0 0 
2512 1200 0 0 0 0 0 0 0 0 0 0 0 0 0 0 
48 1232 0 0 0 0 0 0 0 0 0 0 0 0 0 0 
80 1232 0 0 0 0 0 0 0 0 0 0 0 0 0 0 
112 1232 0 0 0 0 0 0 0 0 0 0 0 0 0 0 
144 1232 0 0 0 0 0 0 0 0 0 0 0 0 0 0 
176 1232 0 0 0 0 0 0 0 0 0 0 0 0 0 0 
208 1232 0 0 0 0 0 0 0 0 0 0 0 0 0 0 
240 1232 0 0 0 0 0 0 0 0 0 0 0 0 0 0 
272 1232 0 0 0 0 0 0 0 0 0 0 0 0 0 0 
304 1232 0 0 0 0 0 0 0 0 0 0 0 0 0 0 
336 1232 0 0 0 0 0 0 0 0 0 0 0 0 0 0 
368 1232 0 0 0 0 0 0 0 0 0 0 0 0 0 0 
400 1232 0 0 0 0 0 0 0 0 0 0 0 0 0 0 
432 1232 0 0 0 0 0 0 0 0 0 0 0 0 0 0 
464 1232 0 0 0 0 0 0 0 0 0 0 0 0 0 0 
496 1232 0 0 0 0 0 0 0 0 0 0 0 0 0 0 
528 1232 0 0 0 0 0 0 0 0 0 0 0 0 0 0 
560 1232 0 0 0 0 0 0 0 0 0 0 0 0 0 0 
592 1232 0 0 0 0 0 0 0 0 0 0 0 0 0 0 
624 1232 0 0 0 0 0 0 0 0 0 0 0 0 0 0 
656 1232 0 0 0 0 0 0 0 0 0 0 0 0 0 0 
688 1232 0 0 0 0 0 0 0 0 0 0 0 0 0 0 
720 1232 0 0 0 0 0 0 0 0 0 0 0 0 0 0 
752 1232 0 0 0 0 0 0 0 0 0 0 0 0 0 0 
784 1232 0 0 0 0 0 0 0 0 0 0 0 0 0 0 
816 1232 0 0 0 0 0 0 0 0 0 0 0 0 0 0 
848 1232 0 0 0 0 0 0 0 0 0 0 0 0 0 0 
880 1232 0 0 0 0 0 0 0 0 0 0 0 0 0 0 
912 1232 0 0 0 0 0 0 0 0 0 0 0 0 0 0 
944 1232 0 0 0 0 0 0 0 0 0 0 0 0 0 0 
976 1232 0 0 0 0 0 0 0 0 0 0 0 0 0 0 
1008 1232 0 0 0 0 0 0 0 0 0 0 0 0 0 0 
1040 1232 0 0 0 0 0 0 0 0 0 0 0 0 0 0 
1072 1232 0 0 0 0 0 0 0 0 0 0 0 0 0 0 
1104 1232 0 0 0 0 0 0 0 0 0 0 0 0 0 0 
1136 1232 0 0 0 0 0 0 0 0 0 0 0 0 0 0 
1168 1232 0 0 0 0 0 0 0 0 0 0 0 0 0 0 
1200 1232 0 0 0 0 0 0 0 0 0 0 0 0 0 0 
1232 1232 0 0 0 0 0 0 0 0 0 0 0 0 0 0 
1264 1232 0 0 0 0 0 0 0 0 0 0 0 0 0 0 
1296 1232 0 0 0 0 0 0 0 0 0 0 0 0 0 0 
1328 1232 0 0 0 0 0 0 0 0 0 0 0 0 0 0 
1360 1232 0 0 0 0 0 0 0 0 0 0 0 0 0 0 
1392 1232 0 0 0 0 0 0 0 0 0 0 0 0 0 0 
1424 1232 0 0 0 0 0 0 0 0 0 0 0 0 0 0 
1456 1232 0 0 0 0 0 0 0 0 0 0 0 0 0 0 
1488 1232 0 0 0 0 0 0 0 0 0 0 0 0 0 0 
1520 1232 0 0 0 0 0 0 0 0 0 0 0 0 0 0 
1552 1232 0 0 0 0 0 0 0 0 0 0 0 0 0 0 
1584 1232 0 0 0 0 0 0 0 0 0 0 0 0 0 0 
1616 1232 0 0 0 0 0 0 0 0 0 0 0 0 0 0 
1648 1232 0 0 0 0 0 0 0 0 0 0 0 0 0 0 
1680 1232 0 0 0 0 0 0 0 0 0 0 0 0 0 0 
1712 1232 0 0 0 0 0 0 0 0 0 0 0 0 0 0 
1744 1232 0 0 0 0 0 0 0 0 0 0 0 0 0 0 
1776 1232 0 0 0 0 0 0 0 0 0 0 0 0 0 0 
1808 1232 0 0 0 0 0 0 0 0 0 0 0 0 0 0 
1840 1232 0 0 0 0 0 0 0 0 0 0 0 0 0 0 
1872 1232 0 0 0 0 0 0 0 0 0 0 0 0 0 0 
1904 1232 0 0 0 0 0 0 0 0 0 0 0 0 0 0 
1936 1232 0 0 0 0 0 0 0 0 0 0 0 0 0 0 
1968 1232 0 0 0 0 0 0 0 0 0 0 0 0 0 0 
2000 1232 0 0 0 0 0 0 0 0 0 0 0 0 0 0 
2032 1232 0 0 0 0 0 0 0 0 0 0 0 0 0 0 
2064 1232 0 0 0 0 0 0 0 0 0 0 0 0 0 0 
2096 1232 0 0 0 0 0 0 0 0 0 0 0 0 0 0 
2128 1232 0 0 0 0 0 0 0 0 0 0 0 0 0 0 
2160 1232 0 0 0 0 0 0 0 0 0 0 0 0 0 0 
2192 1232 0 0 0 0 0 0 0 0 0 0 0 0 0 0 
2224 1232 0 0 0 0 0 0 0 0 0 0 0 0 0 0 
2256 1232 0 0 0 0 0 0 0 0 0 0 0 0 0 0 
2288 1232 0 0 0 0 0 0 0 0 0 0 0 0 0 0 
2320 1232 0 0 0 0 0 0 0 0 0 0 0 0 0 0 
2352 1232 0 0 0 0 0 0 0 0 0 0 0 0 0 0 
2384 1232 0 0 0 0 0 0 0 0 0 0 0 0 0 0 
2416 1232 0 0 0 0 0 0 0 0 0 0 0 0 0 0 
2448 1232 0 0 0 0 0 0 0 0 0 0 0 0 0 0 
2480 1232 0 0 0 0 0 0 0 0 0 0 0 0 0 0 
2512 1232 0 0 0 0 0 0 0 0 0 0 0 0 0 0 
48 1264 0 0 0 0 0 0 0 0 0 0 0 0 0 0 
80 1264 0 0 0 0 0 0 0 0 0 0 0 0 0 0 
112 1264 0 0 0 0 0 0 0 0 0 0 0 0 0 0 
144 1264 0 0 0 0 0 0 0 0 0 0 0 0 0 0 
176 1264 0 0 0 0 0 0 0 0 0 0 0 0 0 0 
208 1264 0 0 0 0 0 0 0 0 0 0 0 0 0 0 
240 1264 0 0 0 0 0 0 0 0 0 0 0 0 0 0 
272 1264 0 0 0 0 0 0 0 0 0 0 0 0 0 0 
304 1264 0 0 0 0 0 0 0 0 0 0 0 0 0 0 
336 1264 0 0 0 0 0 0 0 0 0 0 0 0 0 0 
368 1264 0 0 0 0 0 0 0 0 0 0 0 0 0 0 
400 1264 0 0 0 0 0 0 0 0 0 0 0 0 0 0 
432 1264 0 0 0 0 0 0 0 0 0 0 0 0 0 0 
464 1264 0 0 0 0 0 0 0 0 0 0 0 0 0 0 
496 1264 0 0 0 0 0 0 0 0 0 0 0 0 0 0 
528 1264 0 0 0 0 0 0 0 0 0 0 0 0 0 0 
560 1264 0 0 0 0 0 0 0 0 0 0 0 0 0 0 
592 1264 0 0 0 0 0 0 0 0 0 0 0 0 0 0 
624 1264 0 0 0 0 0 0 0 0 0 0 0 0 0 0 
656 1264 0 0 0 0 0 0 0 0 0 0 0 0 0 0 
688 1264 0 0 0 0 0 0 0 0 0 0 0 0 0 0 
720 1264 0 0 0 0 0 0 0 0 0 0 0 0 0 0 
752 1264 0 0 0 0 0 0 0 0 0 0 0 0 0 0 
784 1264 0 0 0 0 0 0 0 0 0 0 0 0 0 0 
816 1264 0 0 0 0 0 0 0 0 0 0 0 0 0 0 
848 1264 0 0 0 0 0 0 0 0 0 0 0 0 0 0 
880 1264 0 0 0 0 0 0 0 0 0 0 0 0 0 0 
912 1264 0 0 0 0 0 0 0 0 0 0 0 0 0 0 
944 1264 0 0 0 0 0 0 0 0 0 0 0 0 0 0 
976 1264 0 0 0 0 0 0 0 0 0 0 0 0 0 0 
1008 1264 0 0 0 0 0 0 0 0 0 0 0 0 0 0 
1040 1264 0 0 0 0 0 0 0 0 0 0 0 0 0 0 
1072 1264 0 0 0 0 0 0 0 0 0 0 0 0 0 0 
1104 1264 0 0 0 0 0 0 0 0 0 0 0 0 0 0 
1136 1264 0 0 0 0 0 0 0 0 0 0 0 0 0 0 
1168 1264 0 0 0 0 0 0 0 0 0 0 0 0 0 0 
1200 1264 0 0 0 0 0 0 0 0 0 0 0 0 0 0 
1232 1264 0 0 0 0 0 0 0 0 0 0 0 0 0 0 
1264 1264 0 0 0 0 0 0 0 0 0 0 0 0 0 0 
1296 1264 0 0 0 0 0 0 0 0 0 0 0 0 0 0 
1328 1264 0 0 0 0 0 0 0 0 0 0 0 0 0 0 
1360 1264 0 0 0 0 0 0 0 0 0 0 0 0 0 0 
1392 1264 0 0 0 0 0 0 0 0 0 0 0 0 0 0 
1424 1264 0 0 0 0 0 0 0 0 0 0 0 0 0 0 
1456 1264 0 0 0 0 0 0 0 0 0 0 0 0 0 0 
1488 1264 0 0 0 0 0 0 0 0 0 0 0 0 0 0 
1520 1264 0 0 0 0 0 0 0 0 0 0 0 0 0 0 
1552 1264 0 0 0 0 0 0 0 0 0 0 0 0 0 0 
1584 1264 0 0 0 0 0 0 0 0 0 0 0 0 0 0 
1616 1264 0 0 0 0 0 0 0 0 0 0 0 0 0 0 
1648 1264 0 0 0 0 0 0 0 0 0 0 0 0 0 0 
1680 1264 0 0 0 0 0 0 0 0 0 0 0 0 0 0 
1712 1264 0 0 0 0 0 0 0 0 0 0 0 0 0 0 
1744 1264 0 0 0 0 0 0 0 0 0 0 0 0 0 0 
1776 1264 0 0 0 0 0 0 0 0 0 0 0 0 0 0 
1808 1264 0 0 0 0 0 0 0 0 0 0 0 0 0 0 
1840 1264 0 0 0 0 0 0 0 0 0 0 0 0 0 0 
1872 1264 0 0 0 0 0 0 0 0 0 0 0 0 0 0 
1904 1264 0 0 0 0 0 0 0 0 0 0 0 0 0 0 
1936 1264 0 0 0 0 0 0 0 0 0 0 0 0 0 0 
1968 1264 0 0 0 0 0 0 0 0 0 0 0 0 0 0 
2000 1264 0 0 0 0 0 0 0 0 0 0 0 0 0 0 
2032 1264 0 0 0 0 0 0 0 0 0 0 0 0 0 0 
2064 1264 0 0 0 0 0 0 0 0 0 0 0 0 0 0 
2096 1264 0 0 0 0 0 0 0 0 0 0 0 0 0 0 
2128 1264 0 0 0 0 0 0 0 0 0 0 0 0 0 0 
2160 1264 0 0 0 0 0 0 0 0 0 0 0 0 0 0 
2192 1264 0 0 0 0 0 0 0 0 0 0 0 0 0 0 
2224 1264 0 0 0 0 0 0 0 0 0 0 0 0 0 0 
2256 1264 0 0 0 0 0 0 0 0 0 0 0 0 0 0 
2288 1264 0 0 0 0 0 0 0 0 0 0 0 0 0 0 
2320 1264 0 0 0 0 0 0 0 0 0 0 0 0 0 0 
2352 1264 0 0 0 0 0 0 0 0 0 0 0 0 0 0 
2384 1264 0 0 0 0 0 0 0 0 0 0 0 0 0 0 
2416 1264 0 0 0 0 0 0 0 0 0 0 0 0 0 0 
2448 1264 0 0 0 0 0 0 0 0 0 0 0 0 0 0 
2480 1264 0 0 0 0 0 0 0 0 0 0 0 0 0 0 
2512 1264 0 0 0 0 0 0 0 0 0 0 0 0 0 0 
48 1296 0 0 0 0 0 0 0 0 0 0 0 0 0 0 
80 1296 0 0 0 0 0 0 0 0 0 0 0 0 0 0 
112 1296 0 0 0 0 0 0 0 0 0 0 0 0 0 0 
144 1296 0 0 0 0 0 0 0 0 0 0 0 0 0 0 
176 1296 0 0 0 0 0 0 0 0 0 0 0 0 0 0 
208 1296 0 0 0 0 0 0 0 0 0 0 0 0 0 0 
240 1296 0 0 0 0 0 0 0 0 0 0 0 0 0 0 
272 1296 0 0 0 0 0 0 0 0 0 0 0 0 0 0 
304 1296 0 0 0 0 0 0 0 0 0 0 0 0 0 0 
336 1296 0 0 0 0 0 0 0 0 0 0 0 0 0 0 
368 1296 0 0 0 0 0 0 0 0 0 0 0 0 0 0 
400 1296 0 0 0 0 0 0 0 0 0 0 0 0 0 0 
432 1296 0 0 0 0 0 0 0 0 0 0 0 0 0 0 
464 1296 0 0 0 0 0 0 0 0 0 0 0 0 0 0 
496 1296 0 0 0 0 0 0 0 0 0 0 0 0 0 0 
528 1296 0 0 0 0 0 0 0 0 0 0 0 0 0 0 
560 1296 0 0 0 0 0 0 0 0 0 0 0 0 0 0 
592 1296 0 0 0 0 0 0 0 0 0 0 0 0 0 0 
624 1296 0 0 0 0 0 0 0 0 0 0 0 0 0 0 
656 1296 0 0 0 0 0 0 0 0 0 0 0 0 0 0 
688 1296 0 0 0 0 0 0 0 0 0 0 0 0 0 0 
720 1296 0 0 0 0 0 0 0 0 0 0 0 0 0 0 
752 1296 0 0 0 0 0 0 0 0 0 0 0 0 0 0 
784 1296 0 0 0 0 0 0 0 0 0 0 0 0 0 0 
816 1296 0 0 0 0 0 0 0 0 0 0 0 0 0 0 
848 1296 0 0 0 0 0 0 0 0 0 0 0 0 0 0 
880 1296 0 0 0 0 0 0 0 0 0 0 0 0 0 0 
912 1296 0 0 0 0 0 0 0 0 0 0 0 0 0 0 
944 1296 0 0 0 0 0 0 0 0 0 0 0 0 0 0 
976 1296 0 0 0 0 0 0 0 0 0 0 0 0 0 0 
1008 1296 0 0 0 0 0 0 0 0 0 0 0 0 0 0 
1040 1296 0 0 0 0 0 0 0 0 0 0 0 0 0 0 
1072 1296 0 0 0 0 0 0 0 0 0 0 0 0 0 0 
1104 1296 0 0 0 0 0 0 0 0 0 0 0 0 0 0 
1136 1296 0 0 0 0 0 0 0 0 0 0 0 0 0 0 
1168 1296 0 0 0 0 0 0 0 0 0 0 0 0 0 0 
1200 1296 0 0 0 0 0 0 0 0 0 0 0 0 0 0 
1232 1296 0 0 0 0 0 0 0 0 0 0 0 0 0 0 
1264 1296 0 0 0 0 0 0 0 0 0 0 0 0 0 0 
1296 1296 0 0 0 0 0 0 0 0 0 0 0 0 0 0 
1328 1296 0 0 0 0 0 0 0 0 0 0 0 0 0 0 
1360 1296 0 0 0 0 0 0 0 0 0 0 0 0 0 0 
1392 1296 0 0 0 0 0 0 0 0 0 0 0 0 0 0 
1424 1296 0 0 0 0 0 0 0 0 0 0 0 0 0 0 
1456 1296 0 0 0 0 0 0 0 0 0 0 0 0 0 0 
1488 1296 0 0 0 0 0 0 0 0 0 0 0 0 0 0 
1520 1296 0 0 0 0 0 0 0 0 0 0 0 0 0 0 
1552 1296 0 0 0 0 0 0 0 0 0 0 0 0 0 0 
1584 1296 0 0 0 0 0 0 0 0 0 0 0 0 0 0 
1616 1296 0 0 0 0 0 0 0 0 0 0 0 0 0 0 
1648 1296 0 0 0 0 0 0 0 0 0 0 0 0 0 0 
1680 1296 0 0 0 0 0 0 0 0 0 0 0 0 0 0 
1712 1296 0 0 0 0 0 0 0 0 0 0 0 0 0 0 
1744 1296 0 0 0 0 0 0 0 0 0 0 0 0 0 0 
1776 1296 0 0 0 0 0 0 0 0 0 0 0 0 0 0 
1808 1296 0 0 0 0 0 0 0 0 0 0 0 0 0 0 
1840 1296 0 0 0 0 0 0 0 0 0 0 0 0 0 0 
1872 1296 0 0 0 0 0 0 0 0 0 0 0 0 0 0 
1904 1296 0 0 0 0 0 0 0 0 0 0 0 0 0 0 
1936 1296 0 0 0 0 0 0 0 0 0 0 0 0 0 0 
1968 1296 0 0 0 0 0 0 0 0 0 0 0 0 0 0 
2000 1296 0 0 0 0 0 0 0 0 0 0 0 0 0 0 
2032 1296 0 0 0 0 0 0 0 0 0 0 0 0 0 0 
2064 1296 0 0 0 0 0 0 0 0 0 0 0 0 0 0 
2096 1296 0 0 0 0 0 0 0 0 0 0 0 0 0 0 
2128 1296 0 0 0 0 0 0 0 0 0 0 0 0 0 0 
2160 1296 0 0 0 0 0 0 0 0 0 0 0 0 0 0 
2192 1296 0 0 0 0 0 0 0 0 0 0 0 0 0 0 
2224 1296 0 0 0 0 0 0 0 0 0 0 0 0 0 0 
2256 1296 0 0 0 0 0 0 0 0 0 0 0 0 0 0 
2288 1296 0 0 0 0 0 0 0 0 0 0 0 0 0 0 
2320 1296 0 0 0 0 0 0 0 0 0 0 0 0 0 0 
2352 1296 0 0 0 0 0 0 0 0 0 0 0 0 0 0 
2384 1296 0 0 0 0 0 0 0 0 0 0 0 0 0 0 
2416 1296 0 0 0 0 0 0 0 0 0 0 0 0 0 0 
2448 1296 0 0 0 0 0 0 0 0 0 0 0 0 0 0 
2480 1296 0 0 0 0 0 0 0 0 0 0 0 0 0 0 
2512 1296 0 0 0 0 0 0 0 0 0 0 0 0 0 0 
48 1328 0 0 0 0 0 0 0 0 0 0 0 0 0 0 
80 1328 0 0 0 0 0 0 0 0 0 0 0 0 0 0 
112 1328 0 0 0 0 0 0 0 0 0 0 0 0 0 0 
144 1328 0 0 0 0 0 0 0 0 0 0 0 0 0 0 
176 1328 0 0 0 0 0 0 0 0 0 0 0 0 0 0 
208 1328 0 0 0 0 0 0 0 0 0 0 0 0 0 0 
240 1328 0 0 0 0 0 0 0 0 0 0 0 0 0 0 
272 1328 0 0 0 0 0 0 0 0 0 0 0 0 0 0 
304 1328 0 0 0 0 0 0 0 0 0 0 0 0 0 0 
336 1328 0 0 0 0 0 0 0 0 0 0 0 0 0 0 
368 1328 0 0 0 0 0 0 0 0 0 0 0 0 0 0 
400 1328 0 0 0 0 0 0 0 0 0 0 0 0 0 0 
432 1328 0 0 0 0 0 0 0 0 0 0 0 0 0 0 
464 1328 0 0 0 0 0 0 0 0 0 0 0 0 0 0 
496 1328 0 0 0 0 0 0 0 0 0 0 0 0 0 0 
528 1328 0 0 0 0 0 0 0 0 0 0 0 0 0 0 
560 1328 0 0 0 0 0 0 0 0 0 0 0 0 0 0 
592 1328 0 0 0 0 0 0 0 0 0 0 0 0 0 0 
624 1328 0 0 0 0 0 0 0 0 0 0 0 0 0 0 
656 1328 0 0 0 0 0 0 0 0 0 0 0 0 0 0 
688 1328 0 0 0 0 0 0 0 0 0 0 0 0 0 0 
720 1328 0 0 0 0 0 0 0 0 0 0 0 0 0 0 
752 1328 0 0 0 0 0 0 0 0 0 0 0 0 0 0 
784 1328 0 0 0 0 0 0 0 0 0 0 0 0 0 0 
816 1328 0 0 0 0 0 0 0 0 0 0 0 0 0 0 
848 1328 0 0 0 0 0 0 0 0 0 0 0 0 0 0 
880 1328 0 0 0 0 0 0 0 0 0 0 0 0 0 0 
912 1328 0 0 0 0 0 0 0 0 0 0 0 0 0 0 
944 1328 0 0 0 0 0 0 0 0 0 0 0 0 0 0 
976 1328 0 0 0 0 0 0 0 0 0 0 0 0 0 0 
1008 1328 0 0 0 0 0 0 0 0 0 0 0 0 0 0 
1040 1328 0 0 0 0 0 0 0 0 0 0 0 0 0 0 
1072 1328 0 0 0 0 0 0 0 0 0 0 0 0 0 0 
1104 1328 0 0 0 0 0 0 0 0 0 0 0 0 0 0 
1136 1328 0 0 0 0 0 0 0 0 0 0 0 0 0 0 
1168 1328 0 0 0 0 0 0 0 0 0 0 0 0 0 0 
1200 1328 0 0 0 0 0 0 0 0 0 0 0 0 0 0 
1232 1328 0 0 0 0 0 0 0 0 0 0 0 0 0 0 
1264 1328 0 0 0 0 0 0 0 0 0 0 0 0 0 0 
1296 1328 0 0 0 0 0 0 0 0 0 0 0 0 0 0 
1328 1328 0 0 0 0 0 0 0 0 0 0 0 0 0 0 
1360 1328 0 0 0 0 0 0 0 0 0 0 0 0 0 0 
1392 1328 0 0 0 0 0 0 0 0 0 0 0 0 0 0 
1424 1328 0 0 0 0 0 0 0 0 0 0 0 0 0 0 
1456 1328 0 0 0 0 0 0 0 0 0 0 0 0 0 0 
1488 1328 0 0 0 0 0 0 0 0 0 0 0 0 0 0 
1520 1328 0 0 0 0 0 0 0 0 0 0 0 0 0 0 
1552 1328 0 0 0 0 0 0 0 0 0 0 0 0 0 0 
1584 1328 0 0 0 0 0 0 0 0 0 0 0 0 0 0 
1616 1328 0 0 0 0 0 0 0 0 0 0 0 0 0 0 
1648 1328 0 0 0 0 0 0 0 0 0 0 0 0 0 0 
1680 1328 0 0 0 0 0 0 0 0 0 0 0 0 0 0 
1712 1328 0 0 0 0 0 0 0 0 0 0 0 0 0 0 
1744 1328 0 0 0 0 0 0 0 0 0 0 0 0 0 0 
1776 1328 0 0 0 0 0 0 0 0 0 0 0 0 0 0 
1808 1328 0 0 0 0 0 0 0 0 0 0 0 0 0 0 
1840 1328 0 0 0 0 0 0 0 0 0 0 0 0 0 0 
1872 1328 0 0 0 0 0 0 0 0 0 0 0 0 0 0 
1904 1328 0 0 0 0 0 0 0 0 0 0 0 0 0 0 
1936 1328 0 0 0 0 0 0 0 0 0 0 0 0 0 0 
1968 1328 0 0 0 0 0 0 0 0 0 0 0 0 0 0 
2000 1328 0 0 0 0 0 0 0 0 0 0 0 0 0 0 
2032 1328 0 0 0 0 0 0 0 0 0 0 0 0 0 0 
2064 1328 0 0 0 0 0 0 0 0 0 0 0 0 0 0 
2096 1328 0 0 0 0 0 0 0 0 0 0 0 0 0 0 
2128 1328 0 0 0 0 0 0 0 0 0 0 0 0 0 0 
2160 1328 0 0 0 0 0 0 0 0 0 0 0 0 0 0 
2192 1328 0 0 0 0 0 0 0 0 0 0 0 0 0 0 
2224 1328 0 0 0 0 0 0 0 0 0 0 0 0 0 0 
2256 1328 0 0 0 0 0 0 0 0 0 0 0 0 0 0 
2288 1328 0 0 0 0 0 0 0 0 0 0 0 0 0 0 
2320 1328 0 0 0 0 0 0 0 0 0 0 0 0 0 0 
2352 1328 0 0 0 0 0 0 0 0 0 0 0 0 0 0 
2384 1328 0 0 0 0 0 0 0 0 0 0 0 0 0 0 
2416 1328 0 0 0 0 0 0 0 0 0 0 0 0 0 0 
2448 1328 0 0 0 0 0 0 0 0 0 0 0 0 0 0 
2480 1328 0 0 0 0 0 0 0 0 0 0 0 0 0 0 
2512 1328 0 0 0 0 0 0 0 0 0 0 0 0 0 0 
48 1360 0 0 0 0 0 0 0 0 0 0 0 0 0 0 
80 1360 0 0 0 0 0 0 0 0 0 0 0 0 0 0 
112 1360 0 0 0 0 0 0 0 0 0 0 0 0 0 0 
144 1360 0 0 0 0 0 0 0 0 0 0 0 0 0 0 
176 1360 0 0 0 0 0 0 0 0 0 0 0 0 0 0 
208 1360 0 0 0 0 0 0 0 0 0 0 0 0 0 0 
240 1360 0 0 0 0 0 0 0 0 0 0 0 0 0 0 
272 1360 0 0 0 0 0 0 0 0 0 0 0 0 0 0 
304 1360 0 0 0 0 0 0 0 0 0 0 0 0 0 0 
336 1360 0 0 0 0 0 0 0 0 0 0 0 0 0 0 
368 1360 0 0 0 0 0 0 0 0 0 0 0 0 0 0 
400 1360 0 0 0 0 0 0 0 0 0 0 0 0 0 0 
432 1360 0 0 0 0 0 0 0 0 0 0 0 0 0 0 
464 1360 0 0 0 0 0 0 0 0 0 0 0 0 0 0 
496 1360 0 0 0 0 0 0 0 0 0 0 0 0 0 0 
528 1360 0 0 0 0 0 0 0 0 0 0 0 0 0 0 
560 1360 0 0 0 0 0 0 0 0 0 0 0 0 0 0 
592 1360 0 0 0 0 0 0 0 0 0 0 0 0 0 0 
624 1360 0 0 0 0 0 0 0 0 0 0 0 0 0 0 
656 1360 0 0 0 0 0 0 0 0 0 0 0 0 0 0 
688 1360 0 0 0 0 0 0 0 0 0 0 0 0 0 0 
720 1360 0 0 0 0 0 0 0 0 0 0 0 0 0 0 
752 1360 0 0 0 0 0 0 0 0 0 0 0 0 0 0 
784 1360 0 0 0 0 0 0 0 0 0 0 0 0 0 0 
816 1360 0 0 0 0 0 0 0 0 0 0 0 0 0 0 
848 1360 0 0 0 0 0 0 0 0 0 0 0 0 0 0 
880 1360 0 0 0 0 0 0 0 0 0 0 0 0 0 0 
912 1360 0 0 0 0 0 0 0 0 0 0 0 0 0 0 
944 1360 0 0 0 0 0 0 0 0 0 0 0 0 0 0 
976 1360 0 0 0 0 0 0 0 0 0 0 0 0 0 0 
1008 1360 0 0 0 0 0 0 0 0 0 0 0 0 0 0 
1040 1360 0 0 0 0 0 0 0 0 0 0 0 0 0 0 
1072 1360 0 0 0 0 0 0 0 0 0 0 0 0 0 0 
1104 1360 0 0 0 0 0 0 0 0 0 0 0 0 0 0 
1136 1360 0 0 0 0 0 0 0 0 0 0 0 0 0 0 
1168 1360 0 0 0 0 0 0 0 0 0 0 0 0 0 0 
1200 1360 0 0 0 0 0 0 0 0 0 0 0 0 0 0 
1232 1360 0 0 0 0 0 0 0 0 0 0 0 0 0 0 
1264 1360 0 0 0 0 0 0 0 0 0 0 0 0 0 0 
1296 1360 0 0 0 0 0 0 0 0 0 0 0 0 0 0 
1328 1360 0 0 0 0 0 0 0 0 0 0 0 0 0 0 
1360 1360 0 0 0 0 0 0 0 0 0 0 0 0 0 0 
1392 1360 0 0 0 0 0 0 0 0 0 0 0 0 0 0 
1424 1360 0 0 0 0 0 0 0 0 0 0 0 0 0 0 
1456 1360 0 0 0 0 0 0 0 0 0 0 0 0 0 0 
1488 1360 0 0 0 0 0 0 0 0 0 0 0 0 0 0 
1520 1360 0 0 0 0 0 0 0 0 0 0 0 0 0 0 
1552 1360 0 0 0 0 0 0 0 0 0 0 0 0 0 0 
1584 1360 0 0 0 0 0 0 0 0 0 0 0 0 0 0 
1616 1360 0 0 0 0 0 0 0 0 0 0 0 0 0 0 
1648 1360 0 0 0 0 0 0 0 0 0 0 0 0 0 0 
1680 1360 0 0 0 0 0 0 0 0 0 0 0 0 0 0 
1712 1360 0 0 0 0 0 0 0 0 0 0 0 0 0 0 
1744 1360 0 0 0 0 0 0 0 0 0 0 0 0 0 0 
1776 1360 0 0 0 0 0 0 0 0 0 0 0 0 0 0 
1808 1360 0 0 0 0 0 0 0 0 0 0 0 0 0 0 
1840 1360 0 0 0 0 0 0 0 0 0 0 0 0 0 0 
1872 1360 0 0 0 0 0 0 0 0 0 0 0 0 0 0 
1904 1360 0 0 0 0 0 0 0 0 0 0 0 0 0 0 
1936 1360 0 0 0 0 0 0 0 0 0 0 0 0 0 0 
1968 1360 0 0 0 0 0 0 0 0 0 0 0 0 0 0 
2000 1360 0 0 0 0 0 0 0 0 0 0 0 0 0 0 
2032 1360 0 0 0 0 0 0 0 0 0 0 0 0 0 0 
2064 1360 0 0 0 0 0 0 0 0 0 0 0 0 0 0 
2096 1360 0 0 0 0 0 0 0 0 0 0 0 0 0 0 
2128 1360 0 0 0 0 0 0 0 0 0 0 0 0 0 0 
2160 1360 0 0 0 0 0 0 0 0 0 0 0 0 0 0 
2192 1360 0 0 0 0 0 0 0 0 0 0 0 0 0 0 
2224 1360 0 0 0 0 0 0 0 0 0 0 0 0 0 0 
2256 1360 0 0 0 0 0 0 0 0 0 0 0 0 0 0 
2288 1360 0 0 0 0 0 0 0 0 0 0 0 0 0 0 
2320 1360 0 0 0 0 0 0 0 0 0 0 0 0 0 0 
2352 1360 0 0 0 0 0 0 0 0 0 0 0 0 0 0 
2384 1360 0 0 0 0 0 0 0 0 0 0 0 0 0 0 
2416 1360 0 0 0 0 0 0 0 0 0 0 0 0 0 0 
2448 1360 0 0 0 0 0 0 0 0 0 0 0 0 0 0 
2480 1360 0 0 0 0 0 0 0 0 0 0 0 0 0 0 
2512 1360 0 0 0 0 0 0 0 0 0 0 0 0 0 0 
48 1392 0 0 0 0 0 0 0 0 0 0 0 0 0 0 
80 1392 0 0 0 0 0 0 0 0 0 0 0 0 0 0 
112 1392 0 0 0 0 0 0 0 0 0 0 0 0 0 0 
144 1392 0 0 0 0 0 0 0 0 0 0 0 0 0 0 
176 1392 0 0 0 0 0 0 0 0 0 0 0 0 0 0 
208 1392 0 0 0 0 0 0 0 0 0 0 0 0 0 0 
240 1392 0 0 0 0 0 0 0 0 0 0 0 0 0 0 
272 1392 0 0 0 0 0 0 0 0 0 0 0 0 0 0 
304 1392 0 0 0 0 0 0 0 0 0 0 0 0 0 0 
336 1392 0 0 0 0 0 0 0 0 0 0 0 0 0 0 
368 1392 0 0 0 0 0 0 0 0 0 0 0 0 0 0 
400 1392 0 0 0 0 0 0 0 0 0 0 0 0 0 0 
432 1392 0 0 0 0 0 0 0 0 0 0 0 0 0 0 
464 1392 0 0 0 0 0 0 0 0 0 0 0 0 0 0 
496 1392 0 0 0 0 0 0 0 0 0 0 0 0 0 0 
528 1392 0 0 0 0 0 0 0 0 0 0 0 0 0 0 
560 1392 0 0 0 0 0 0 0 0 0 0 0 0 0 0 
592 1392 0 0 0 0 0 0 0 0 0 0 0 0 0 0 
624 1392 0 0 0 0 0 0 0 0 0 0 0 0 0 0 
656 1392 0 0 0 0 0 0 0 0 0 0 0 0 0 0 
688 1392 0 0 0 0 0 0 0 0 0 0 0 0 0 0 
720 1392 0 0 0 0 0 0 0 0 0 0 0 0 0 0 
752 1392 0 0 0 0 0 0 0 0 0 0 0 0 0 0 
784 1392 0 0 0 0 0 0 0 0 0 0 0 0 0 0 
816 1392 0 0 0 0 0 0 0 0 0 0 0 0 0 0 
848 1392 0 0 0 0 0 0 0 0 0 0 0 0 0 0 
880 1392 0 0 0 0 0 0 0 0 0 0 0 0 0 0 
912 1392 0 0 0 0 0 0 0 0 0 0 0 0 0 0 
944 1392 0 0 0 0 0 0 0 0 0 0 0 0 0 0 
976 1392 0 0 0 0 0 0 0 0 0 0 0 0 0 0 
1008 1392 0 0 0 0 0 0 0 0 0 0 0 0 0 0 
1040 1392 0 0 0 0 0 0 0 0 0 0 0 0 0 0 
1072 1392 0 0 0 0 0 0 0 0 0 0 0 0 0 0 
1104 1392 0 0 0 0 0 0 0 0 0 0 0 0 0 0 
1136 1392 0 0 0 0 0 0 0 0 0 0 0 0 0 0 
1168 1392 0 0 0 0 0 0 0 0 0 0 0 0 0 0 
1200 1392 0 0 0 0 0 0 0 0 0 0 0 0 0 0 
1232 1392 0 0 0 0 0 0 0 0 0 0 0 0 0 0 
1264 1392 0 0 0 0 0 0 0 0 0 0 0 0 0 0 
1296 1392 0 0 0 0 0 0 0 0 0 0 0 0 0 0 
1328 1392 0 0 0 0 0 0 0 0 0 0 0 0 0 0 
1360 1392 0 0 0 0 0 0 0 0 0 0 0 0 0 0 
1392 1392 0 0 0 0 0 0 0 0 0 0 0 0 0 0 
1424 1392 0 0 0 0 0 0 0 0 0 0 0 0 0 0 
1456 1392 0 0 0 0 0 0 0 0 0 0 0 0 0 0 
1488 1392 0 0 0 0 0 0 0 0 0 0 0 0 0 0 
1520 1392 0 0 0 0 0 0 0 0 0 0 0 0 0 0 
1552 1392 0 0 0 0 0 0 0 0 0 0 0 0 0 0 
1584 1392 0 0 0 0 0 0 0 0 0 0 0 0 0 0 
1616 1392 0 0 0 0 0 0 0 0 0 0 0 0 0 0 
1648 1392 0 0 0 0 0 0 0 0 0 0 0 0 0 0 
1680 1392 0 0 0 0 0 0 0 0 0 0 0 0 0 0 
1712 1392 0 0 0 0 0 0 0 0 0 0 0 0 0 0 
1744 1392 0 0 0 0 0 0 0 0 0 0 0 0 0 0 
1776 1392 0 0 0 0 0 0 0 0 0 0 0 0 0 0 
1808 1392 0 0 0 0 0 0 0 0 0 0 0 0 0 0 
1840 1392 0 0 0 0 0 0 0 0 0 0 0 0 0 0 
1872 1392 0 0 0 0 0 0 0 0 0 0 0 0 0 0 
1904 1392 0 0 0 0 0 0 0 0 0 0 0 0 0 0 
1936 1392 0 0 0 0 0 0 0 0 0 0 0 0 0 0 
1968 1392 0 0 0 0 0 0 0 0 0 0 0 0 0 0 
2000 1392 0 0 0 0 0 0 0 0 0 0 0 0 0 0 
2032 1392 0 0 0 0 0 0 0 0 0 0 0 0 0 0 
2064 1392 0 0 0 0 0 0 0 0 0 0 0 0 0 0 
2096 1392 0 0 0 0 0 0 0 0 0 0 0 0 0 0 
2128 1392 0 0 0 0 0 0 0 0 0 0 0 0 0 0 
2160 1392 0 0 0 0 0 0 0 0 0 0 0 0 0 0 
2192 1392 0 0 0 0 0 0 0 0 0 0 0 0 0 0 
2224 1392 0 0 0 0 0 0 0 0 0 0 0 0 0 0 
2256 1392 0 0 0 0 0 0 0 0 0 0 0 0 0 0 
2288 1392 0 0 0 0 0 0 0 0 0 0 0 0 0 0 
2320 1392 0 0 0 0 0 0 0 0 0 0 0 0 0 0 
2352 1392 0 0 0 0 0 0 0 0 0 0 0 0 0 0 
2384 1392 0 0 0 0 0 0 0 0 0 0 0 0 0 0 
2416 1392 0 0 0 0 0 0 0 0 0 0 0 0 0 0 
2448 1392 0 0 0 0 0 0 0 0 0 0 0 0 0 0 
2480 1392 0 0 0 0 0 0 0 0 0 0 0 0 0 0 
2512 1392 0 0 0 0 0 0 0 0 0 0 0 0 0 0 
