24 24 0 0 0 0 0 0 0 0 0 0 0 0 0 0 
40 24 0 0 0 0 0 0 0 0 0 0 0 0 0 0 
56 24 0 0 0 0 0 0 0 0 0 0 0 0 0 0 
72 24 0 0 0 0 0 0 0 0 0 0 0 0 0 0 
88 24 0 0 0 0 0 0 0 0 0 0 0 0 0 0 
104 24 0 0 0 0 0 0 0 0 0 0 0 0 0 0 
120 24 0 0 0 0 0 0 0 0 0 0 0 0 0 0 
136 24 0 0 0 0 0 0 0 0 0 0 0 0 0 0 
152 24 0 0 0 0 0 0 0 0 0 0 0 0 0 0 
168 24 0 0 0 0 0 0 0 0 0 0 0 0 0 0 
184 24 0 0 0 0 0 0 0 0 0 0 0 0 0 0 
200 24 0 0 0 0 0 0 0 0 0 0 0 0 0 0 
216 24 0 0 0 0 0 0 0 0 0 0 0 0 0 0 
232 24 0 0 0 0 0 0 0 0 0 0 0 0 0 0 
248 24 0 0 0 0 0 0 0 0 0 0 0 0 0 0 
264 24 0 0 0 0 0 0 0 0 0 0 0 0 0 0 
280 24 0 0 0 0 0 0 0 0 0 0 0 0 0 0 
296 24 0 0 0 0 0 0 0 0 0 0 0 0 0 0 
312 24 0 0 0 0 0 0 0 0 0 0 0 0 0 0 
328 24 0 0 0 0 0 0 0 0 0 0 0 0 0 0 
344 24 0 0 0 0 0 0 0 0 0 0 0 0 0 0 
360 24 0 0 0 0 0 0 0 0 0 0 0 0 0 0 
376 24 0 0 0 0 0 0 0 0 0 0 0 0 0 0 
392 24 0 0 0 0 0 0 0 0 0 0 0 0 0 0 
408 24 0 0 0 0 0 0 0 0 0 0 0 0 0 0 
424 24 0 0 0 0 0 0 0 0 0 0 0 0 0 0 
440 24 0 0 0 0 0 0 0 0 0 0 0 0 0 0 
456 24 0 0 0 0 0 0 0 0 0 0 0 0 0 0 
472 24 0 0 0 0 0 0 0 0 0 0 0 0 0 0 
488 24 0 0 0 0 0 0 0 0 0 0 0 0 0 0 
504 24 0 0 0 0 0 0 0 0 0 0 0 0 0 0 
520 24 0 0 0 0 0 0 0 0 0 0 0 0 0 0 
536 24 0 0 0 0 0 0 0 0 0 0 0 0 0 0 
552 24 0 0 0 0 0 0 0 0 0 0 0 0 0 0 
568 24 0 0 0 0 0 0 0 0 0 0 0 0 0 0 
584 24 0 0 0 0 0 0 0 0 0 0 0 0 0 0 
600 24 0 0 0 0 0 0 0 0 0 0 0 0 0 0 
616 24 0 0 0 0 0 0 0 0 0 0 0 0 0 0 
632 24 0 0 0 0 0 0 0 0 0 0 0 0 0 0 
648 24 0 0 0 0 0 0 0 0 0 0 0 0 0 0 
664 24 0 0 0 0 0 0 0 0 0 0 0 0 0 0 
680 24 0 0 0 0 0 0 0 0 0 0 0 0 0 0 
696 24 0 0 0 0 0 0 0 0 0 0 0 0 0 0 
712 24 0 0 0 0 0 0 0 0 0 0 0 0 0 0 
728 24 0 0 0 0 0 0 0 0 0 0 0 0 0 0 
744 24 0 0 0 0 0 0 0 0 0 0 0 0 0 0 
760 24 0 0 0 0 0 0 0 0 0 0 0 0 0 0 
776 24 0 0 0 0 0 0 0 0 0 0 0 0 0 0 
792 24 0 0 0 0 0 0 0 0 0 0 0 0 0 0 
808 24 0 0 0 0 0 0 0 0 0 0 0 0 0 0 
824 24 0 0 0 0 0 0 0 0 0 0 0 0 0 0 
840 24 0 0 0 0 0 0 0 0 0 0 0 0 0 0 
856 24 0 0 0 0 0 0 0 0 0 0 0 0 0 0 
872 24 0 0 0 0 0 0 0 0 0 0 0 0 0 0 
888 24 0 0 0 0 0 0 0 0 0 0 0 0 0 0 
904 24 0 0 0 0 0 0 0 0 0 0 0 0 0 0 
920 24 0 0 0 0 0 0 0 0 0 0 0 0 0 0 
936 24 0 0 0 0 0 0 0 0 0 0 0 0 0 0 
952 24 0 0 0 0 0 0 0 0 0 0 0 0 0 0 
968 24 0 0 0 0 0 0 0 0 0 0 0 0 0 0 
984 24 0 0 0 0 0 0 0 0 0 0 0 0 0 0 
1000 24 0 0 0 0 0 0 0 0 0 0 0 0 0 0 
1016 24 0 0 0 0 0 0 0 0 0 0 0 0 0 0 
1032 24 0 0 0 0 0 0 0 0 0 0 0 0 0 0 
1048 24 0 0 0 0 0 0 0 0 0 0 0 0 0 0 
1064 24 0 0 0 0 0 0 0 0 0 0 0 0 0 0 
1080 24 0 0 0 0 0 0 0 0 0 0 0 0 0 0 
1096 24 0 0 0 0 0 0 0 0 0 0 0 0 0 0 
1112 24 0 0 0 0 0 0 0 0 0 0 0 0 0 0 
1128 24 0 0 0 0 0 0 0 0 0 0 0 0 0 0 
1144 24 0 0 0 0 0 0 0 0 0 0 0 0 0 0 
1160 24 0 0 0 0 0 0 0 0 0 0 0 0 0 0 
1176 24 0 0 0 0 0 0 0 0 0 0 0 0 0 0 
1192 24 0 0 0 0 0 0 0 0 0 0 0 0 0 0 
1208 24 0 0 0 0 0 0 0 0 0 0 0 0 0 0 
1224 24 0 0 0 0 0 0 0 0 0 0 0 0 0 0 
1240 24 0 0 0 0 0 0 0 0 0 0 0 0 0 0 
1256 24 0 0 0 0 0 0 0 0 0 0 0 0 0 0 
1272 24 0 0 0 0 0 0 0 0 0 0 0 0 0 0 
1288 24 0 0 0 0 0 0 0 0 0 0 0 0 0 0 
1304 24 0 0 0 0 0 0 0 0 0 0 0 0 0 0 
1320 24 0 0 0 0 0 0 0 0 0 0 0 0 0 0 
1336 24 0 0 0 0 0 0 0 0 0 0 0 0 0 0 
1352 24 0 0 0 0 0 0 0 0 0 0 0 0 0 0 
1368 24 0 0 0 0 0 0 0 0 0 0 0 0 0 0 
1384 24 0 0 0 0 0 0 0 0 0 0 0 0 0 0 
1400 24 0 0 0 0 0 0 0 0 0 0 0 0 0 0 
1416 24 0 0 0 0 0 0 0 0 0 0 0 0 0 0 
1432 24 0 0 0 0 0 0 0 0 0 0 0 0 0 0 
1448 24 0 0 0 0 0 0 0 0 0 0 0 0 0 0 
1464 24 0 0 0 0 0 0 0 0 0 0 0 0 0 0 
1480 24 0 0 0 0 0 0 0 0 0 0 0 0 0 0 
1496 24 0 0 0 0 0 0 0 0 0 0 0 0 0 0 
1512 24 0 0 0 0 0 0 0 0 0 0 0 0 0 0 
1528 24 0 0 0 0 0 0 0 0 0 0 0 0 0 0 
1544 24 0 0 0 0 0 0 0 0 0 0 0 0 0 0 
1560 24 0 0 0 0 0 0 0 0 0 0 0 0 0 0 
1576 24 0 0 0 0 0 0 0 0 0 0 0 0 0 0 
1592 24 0 0 0 0 0 0 0 0 0 0 0 0 0 0 
1608 24 0 0 0 0 0 0 0 0 0 0 0 0 0 0 
1624 24 0 0 0 0 0 0 0 0 0 0 0 0 0 0 
1640 24 0 0 0 0 0 0 0 0 0 0 0 0 0 0 
1656 24 0 0 0 0 0 0 0 0 0 0 0 0 0 0 
1672 24 0 0 0 0 0 0 0 0 0 0 0 0 0 0 
1688 24 0 0 0 0 0 0 0 0 0 0 0 0 0 0 
1704 24 0 0 0 0 0 0 0 0 0 0 0 0 0 0 
1720 24 0 0 0 0 0 0 0 0 0 0 0 0 0 0 
1736 24 0 0 0 0 0 0 0 0 0 0 0 0 0 0 
1752 24 0 0 0 0 0 0 0 0 0 0 0 0 0 0 
1768 24 0 0 0 0 0 0 0 0 0 0 0 0 0 0 
1784 24 0 0 0 0 0 0 0 0 0 0 0 0 0 0 
1800 24 0 0 0 0 0 0 0 0 0 0 0 0 0 0 
1816 24 0 0 0 0 0 0 0 0 0 0 0 0 0 0 
1832 24 0 0 0 0 0 0 0 0 0 0 0 0 0 0 
1848 24 0 0 0 0 0 0 0 0 0 0 0 0 0 0 
1864 24 0 0 0 0 0 0 0 0 0 0 0 0 0 0 
1880 24 0 0 0 0 0 0 0 0 0 0 0 0 0 0 
1896 24 0 0 0 0 0 0 0 0 0 0 0 0 0 0 
1912 24 0 0 0 0 0 0 0 0 0 0 0 0 0 0 
1928 24 0 0 0 0 0 0 0 0 0 0 0 0 0 0 
1944 24 0 0 0 0 0 0 0 0 0 0 0 0 0 0 
1960 24 0 0 0 0 0 0 0 0 0 0 0 0 0 0 
1976 24 0 0 0 0 0 0 0 0 0 0 0 0 0 0 
1992 24 0 0 0 0 0 0 0 0 0 0 0 0 0 0 
2008 24 0 0 0 0 0 0 0 0 0 0 0 0 0 0 
2024 24 0 0 0 0 0 0 0 0 0 0 0 0 0 0 
2040 24 0 0 0 0 0 0 0 0 0 0 0 0 0 0 
2056 24 0 0 0 0 0 0 0 0 0 0 0 0 0 0 
2072 24 0 0 0 0 0 0 0 0 0 0 0 0 0 0 
2088 24 0 0 0 0 0 0 0 0 0 0 0 0 0 0 
2104 24 0 0 0 0 0 0 0 0 0 0 0 0 0 0 
2120 24 0 0 0 0 0 0 0 0 0 0 0 0 0 0 
2136 24 0 0 0 0 0 0 0 0 0 0 0 0 0 0 
2152 24 0 0 0 0 0 0 0 0 0 0 0 0 0 0 
2168 24 0 0 0 0 0 0 0 0 0 0 0 0 0 0 
2184 24 0 0 0 0 0 0 0 0 0 0 0 0 0 0 
2200 24 0 0 0 0 0 0 0 0 0 0 0 0 0 0 
2216 24 0 0 0 0 0 0 0 0 0 0 0 0 0 0 
2232 24 0 0 0 0 0 0 0 0 0 0 0 0 0 0 
2248 24 0 0 0 0 0 0 0 0 0 0 0 0 0 0 
2264 24 0 0 0 0 0 0 0 0 0 0 0 0 0 0 
2280 24 0 0 0 0 0 0 0 0 0 0 0 0 0 0 
2296 24 0 0 0 0 0 0 0 0 0 0 0 0 0 0 
2312 24 0 0 0 0 0 0 0 0 0 0 0 0 0 0 
2328 24 0 0 0 0 0 0 0 0 0 0 0 0 0 0 
2344 24 0 0 0 0 0 0 0 0 0 0 0 0 0 0 
2360 24 0 0 0 0 0 0 0 0 0 0 0 0 0 0 
2376 24 0 0 0 0 0 0 0 0 0 0 0 0 0 0 
2392 24 0 0 0 0 0 0 0 0 0 0 0 0 0 0 
2408 24 0 0 0 0 0 0 0 0 0 0 0 0 0 0 
2424 24 0 0 0 0 0 0 0 0 0 0 0 0 0 0 
2440 24 0 0 0 0 0 0 0 0 0 0 0 0 0 0 
2456 24 0 0 0 0 0 0 0 0 0 0 0 0 0 0 
2472 24 0 0 0 0 0 0 0 0 0 0 0 0 0 0 
2488 24 0 0 0 0 0 0 0 0 0 0 0 0 0 0 
2504 24 0 0 0 0 0 0 0 0 0 0 0 0 0 0 
2520 24 0 0 0 0 0 0 0 0 0 0 0 0 0 0 
2536 24 0 0 0 0 0 0 0 0 0 0 0 0 0 0 
24 40 0 0 0 0 0 0 0 0 0 0 0 0 0 0 
40 40 0 0 0 0 0 0 0 0 0 0 0 0 0 0 
56 40 0 0 0 0 0 0 0 0 0 0 0 0 0 0 
72 40 0 0 0 0 0 0 0 0 0 0 0 0 0 0 
88 40 0 0 0 0 0 0 0 0 0 0 0 0 0 0 
104 40 0 0 0 0 0 0 0 0 0 0 0 0 0 0 
120 40 0 0 0 0 0 0 0 0 0 0 0 0 0 0 
136 40 0 0 0 0 0 0 0 0 0 0 0 0 0 0 
152 40 0 0 0 0 0 0 0 0 0 0 0 0 0 0 
168 40 0 0 0 0 0 0 0 0 0 0 0 0 0 0 
184 40 0 0 0 0 0 0 0 0 0 0 0 0 0 0 
200 40 0 0 0 0 0 0 0 0 0 0 0 0 0 0 
216 40 0 0 0 0 0 0 0 0 0 0 0 0 0 0 
232 40 0 0 0 0 0 0 0 0 0 0 0 0 0 0 
248 40 0 0 0 0 0 0 0 0 0 0 0 0 0 0 
264 40 0 0 0 0 0 0 0 0 0 0 0 0 0 0 
280 40 0 0 0 0 0 0 0 0 0 0 0 0 0 0 
296 40 0 0 0 0 0 0 0 0 0 0 0 0 0 0 
312 40 0 0 0 0 0 0 0 0 0 0 0 0 0 0 
328 40 0 0 0 0 0 0 0 0 0 0 0 0 0 0 
344 40 0 0 0 0 0 0 0 0 0 0 0 0 0 0 
360 40 0 0 0 0 0 0 0 0 0 0 0 0 0 0 
376 40 0 0 0 0 0 0 0 0 0 0 0 0 0 0 
392 40 0 0 0 0 0 0 0 0 0 0 0 0 0 0 
408 40 0 0 0 0 0 0 0 0 0 0 0 0 0 0 
424 40 0 0 0 0 0 0 0 0 0 0 0 0 0 0 
440 40 0 0 0 0 0 0 0 0 0 0 0 0 0 0 
456 40 0 0 0 0 0 0 0 0 0 0 0 0 0 0 
472 40 0 0 0 0 0 0 0 0 0 0 0 0 0 0 
488 40 0 0 0 0 0 0 0 0 0 0 0 0 0 0 
504 40 0 0 0 0 0 0 0 0 0 0 0 0 0 0 
520 40 0 0 0 0 0 0 0 0 0 0 0 0 0 0 
536 40 0 0 0 0 0 0 0 0 0 0 0 0 0 0 
552 40 0 0 0 0 0 0 0 0 0 0 0 0 0 0 
568 40 0 0 0 0 0 0 0 0 0 0 0 0 0 0 
584 40 0 0 0 0 0 0 0 0 0 0 0 0 0 0 
600 40 0 0 0 0 0 0 0 0 0 0 0 0 0 0 
616 40 0 0 0 0 0 0 0 0 0 0 0 0 0 0 
632 40 0 0 0 0 0 0 0 0 0 0 0 0 0 0 
648 40 0 0 0 0 0 0 0 0 0 0 0 0 0 0 
664 40 0 0 0 0 0 0 0 0 0 0 0 0 0 0 
680 40 0 0 0 0 0 0 0 0 0 0 0 0 0 0 
696 40 0 0 0 0 0 0 0 0 0 0 0 0 0 0 
712 40 0 0 0 0 0 0 0 0 0 0 0 0 0 0 
728 40 0 0 0 0 0 0 0 0 0 0 0 0 0 0 
744 40 0 0 0 0 0 0 0 0 0 0 0 0 0 0 
760 40 0 0 0 0 0 0 0 0 0 0 0 0 0 0 
776 40 0 0 0 0 0 0 0 0 0 0 0 0 0 0 
792 40 0 0 0 0 0 0 0 0 0 0 0 0 0 0 
808 40 0 0 0 0 0 0 0 0 0 0 0 0 0 0 
824 40 0 0 0 0 0 0 0 0 0 0 0 0 0 0 
840 40 0 0 0 0 0 0 0 0 0 0 0 0 0 0 
856 40 0 0 0 0 0 0 0 0 0 0 0 0 0 0 
872 40 0 0 0 0 0 0 0 0 0 0 0 0 0 0 
888 40 0 0 0 0 0 0 0 0 0 0 0 0 0 0 
904 40 0 0 0 0 0 0 0 0 0 0 0 0 0 0 
920 40 0 0 0 0 0 0 0 0 0 0 0 0 0 0 
936 40 0 0 0 0 0 0 0 0 0 0 0 0 0 0 
952 40 0 0 0 0 0 0 0 0 0 0 0 0 0 0 
968 40 0 0 0 0 0 0 0 0 0 0 0 0 0 0 
984 40 0 0 0 0 0 0 0 0 0 0 0 0 0 0 
1000 40 0 0 0 0 0 0 0 0 0 0 0 0 0 0 
1016 40 0 0 0 0 0 0 0 0 0 0 0 0 0 0 
1032 40 0 0 0 0 0 0 0 0 0 0 0 0 0 0 
1048 40 0 0 0 0 0 0 0 0 0 0 0 0 0 0 
1064 40 0 0 0 0 0 0 0 0 0 0 0 0 0 0 
1080 40 0 0 0 0 0 0 0 0 0 0 0 0 0 0 
1096 40 0 0 0 0 0 0 0 0 0 0 0 0 0 0 
1112 40 0 0 0 0 0 0 0 0 0 0 0 0 0 0 
1128 40 0 0 0 0 0 0 0 0 0 0 0 0 0 0 
1144 40 0 0 0 0 0 0 0 0 0 0 0 0 0 0 
1160 40 0 0 0 0 0 0 0 0 0 0 0 0 0 0 
1176 40 0 0 0 0 0 0 0 0 0 0 0 0 0 0 
1192 40 0 0 0 0 0 0 0 0 0 0 0 0 0 0 
1208 40 0 0 0 0 0 0 0 0 0 0 0 0 0 0 
1224 40 0 0 0 0 0 0 0 0 0 0 0 0 0 0 
1240 40 0 0 0 0 0 0 0 0 0 0 0 0 0 0 
1256 40 0 0 0 0 0 0 0 0 0 0 0 0 0 0 
1272 40 0 0 0 0 0 0 0 0 0 0 0 0 0 0 
1288 40 0 0 0 0 0 0 0 0 0 0 0 0 0 0 
1304 40 0 0 0 0 0 0 0 0 0 0 0 0 0 0 
1320 40 0 0 0 0 0 0 0 0 0 0 0 0 0 0 
1336 40 0 0 0 0 0 0 0 0 0 0 0 0 0 0 
1352 40 0 0 0 0 0 0 0 0 0 0 0 0 0 0 
1368 40 0 0 0 0 0 0 0 0 0 0 0 0 0 0 
1384 40 0 0 0 0 0 0 0 0 0 0 0 0 0 0 
1400 40 0 0 0 0 0 0 0 0 0 0 0 0 0 0 
1416 40 0 0 0 0 0 0 0 0 0 0 0 0 0 0 
1432 40 0 0 0 0 0 0 0 0 0 0 0 0 0 0 
1448 40 0 0 0 0 0 0 0 0 0 0 0 0 0 0 
1464 40 0 0 0 0 0 0 0 0 0 0 0 0 0 0 
1480 40 0 0 0 0 0 0 0 0 0 0 0 0 0 0 
1496 40 0 0 0 0 0 0 0 0 0 0 0 0 0 0 
1512 40 0 0 0 0 0 0 0 0 0 0 0 0 0 0 
1528 40 0 0 0 0 0 0 0 0 0 0 0 0 0 0 
1544 40 0 0 0 0 0 0 0 0 0 0 0 0 0 0 
1560 40 0 0 0 0 0 0 0 0 0 0 0 0 0 0 
1576 40 0 0 0 0 0 0 0 0 0 0 0 0 0 0 
1592 40 0 0 0 0 0 0 0 0 0 0 0 0 0 0 
1608 40 0 0 0 0 0 0 0 0 0 0 0 0 0 0 
1624 40 0 0 0 0 0 0 0 0 0 0 0 0 0 0 
1640 40 0 0 0 0 0 0 0 0 0 0 0 0 0 0 
1656 40 0 0 0 0 0 0 0 0 0 0 0 0 0 0 
1672 40 0 0 0 0 0 0 0 0 0 0 0 0 0 0 
1688 40 0 0 0 0 0 0 0 0 0 0 0 0 0 0 
1704 40 0 0 0 0 0 0 0 0 0 0 0 0 0 0 
1720 40 0 0 0 0 0 0 0 0 0 0 0 0 0 0 
1736 40 0 0 0 0 0 0 0 0 0 0 0 0 0 0 
1752 40 0 0 0 0 0 0 0 0 0 0 0 0 0 0 
1768 40 0 0 0 0 0 0 0 0 0 0 0 0 0 0 
1784 40 0 0 0 0 0 0 0 0 0 0 0 0 0 0 
1800 40 0 0 0 0 0 0 0 0 0 0 0 0 0 0 
1816 40 0 0 0 0 0 0 0 0 0 0 0 0 0 0 
1832 40 0 0 0 0 0 0 0 0 0 0 0 0 0 0 
1848 40 0 0 0 0 0 0 0 0 0 0 0 0 0 0 
1864 40 0 0 0 0 0 0 0 0 0 0 0 0 0 0 
1880 40 0 0 0 0 0 0 0 0 0 0 0 0 0 0 
1896 40 0 0 0 0 0 0 0 0 0 0 0 0 0 0 
1912 40 0 0 0 0 0 0 0 0 0 0 0 0 0 0 
1928 40 0 0 0 0 0 0 0 0 0 0 0 0 0 0 
1944 40 0 0 0 0 0 0 0 0 0 0 0 0 0 0 
1960 40 0 0 0 0 0 0 0 0 0 0 0 0 0 0 
1976 40 0 0 0 0 0 0 0 0 0 0 0 0 0 0 
1992 40 0 0 0 0 0 0 0 0 0 0 0 0 0 0 
2008 40 0 0 0 0 0 0 0 0 0 0 0 0 0 0 
2024 40 0 0 0 0 0 0 0 0 0 0 0 0 0 0 
2040 40 0 0 0 0 0 0 0 0 0 0 0 0 0 0 
2056 40 0 0 0 0 0 0 0 0 0 0 0 0 0 0 
2072 40 0 0 0 0 0 0 0 0 0 0 0 0 0 0 
2088 40 0 0 0 0 0 0 0 0 0 0 0 0 0 0 
2104 40 0 0 0 0 0 0 0 0 0 0 0 0 0 0 
2120 40 0 0 0 0 0 0 0 0 0 0 0 0 0 0 
2136 40 0 0 0 0 0 0 0 0 0 0 0 0 0 0 
2152 40 0 0 0 0 0 0 0 0 0 0 0 0 0 0 
2168 40 0 0 0 0 0 0 0 0 0 0 0 0 0 0 
2184 40 0 0 0 0 0 0 0 0 0 0 0 0 0 0 
2200 40 0 0 0 0 0 0 0 0 0 0 0 0 0 0 
2216 40 0 0 0 0 0 0 0 0 0 0 0 0 0 0 
2232 40 0 0 0 0 0 0 0 0 0 0 0 0 0 0 
2248 40 0 0 0 0 0 0 0 0 0 0 0 0 0 0 
2264 40 0 0 0 0 0 0 0 0 0 0 0 0 0 0 
2280 40 0 0 0 0 0 0 0 0 0 0 0 0 0 0 
2296 40 0 0 0 0 0 0 0 0 0 0 0 0 0 0 
2312 40 0 0 0 0 0 0 0 0 0 0 0 0 0 0 
2328 40 0 0 0 0 0 0 0 0 0 0 0 0 0 0 
2344 40 0 0 0 0 0 0 0 0 0 0 0 0 0 0 
2360 40 0 0 0 0 0 0 0 0 0 0 0 0 0 0 
2376 40 0 0 0 0 0 0 0 0 0 0 0 0 0 0 
2392 40 0 0 0 0 0 0 0 0 0 0 0 0 0 0 
2408 40 0 0 0 0 0 0 0 0 0 0 0 0 0 0 
2424 40 0 0 0 0 0 0 0 0 0 0 0 0 0 0 
2440 40 0 0 0 0 0 0 0 0 0 0 0 0 0 0 
2456 40 0 0 0 0 0 0 0 0 0 0 0 0 0 0 
2472 40 0 0 0 0 0 0 0 0 0 0 0 0 0 0 
2488 40 0 0 0 0 0 0 0 0 0 0 0 0 0 0 
2504 40 0 0 0 0 0 0 0 0 0 0 0 0 0 0 
2520 40 0 0 0 0 0 0 0 0 0 0 0 0 0 0 
2536 40 0 0 0 0 0 0 0 0 0 0 0 0 0 0 
24 56 0 0 0 0 0 0 0 0 0 0 0 0 0 0 
40 56 0 0 0 0 0 0 0 0 0 0 0 0 0 0 
56 56 0 0 0 0 0 0 0 0 0 0 0 0 0 0 
72 56 0 0 0 0 0 0 0 0 0 0 0 0 0 0 
88 56 0 0 0 0 0 0 0 0 0 0 0 0 0 0 
104 56 0 0 0 0 0 0 0 0 0 0 0 0 0 0 
120 56 0 0 0 0 0 0 0 0 0 0 0 0 0 0 
136 56 0 0 0 0 0 0 0 0 0 0 0 0 0 0 
152 56 0 0 0 0 0 0 0 0 0 0 0 0 0 0 
168 56 0 0 0 0 0 0 0 0 0 0 0 0 0 0 
184 56 0 0 0 0 0 0 0 0 0 0 0 0 0 0 
200 56 0 0 0 0 0 0 0 0 0 0 0 0 0 0 
216 56 0 0 0 0 0 0 0 0 0 0 0 0 0 0 
232 56 0 0 0 0 0 0 0 0 0 0 0 0 0 0 
248 56 0 0 0 0 0 0 0 0 0 0 0 0 0 0 
264 56 0 0 0 0 0 0 0 0 0 0 0 0 0 0 
280 56 0 0 0 0 0 0 0 0 0 0 0 0 0 0 
296 56 0 0 0 0 0 0 0 0 0 0 0 0 0 0 
312 56 0 0 0 0 0 0 0 0 0 0 0 0 0 0 
328 56 0 0 0 0 0 0 0 0 0 0 0 0 0 0 
344 56 0 0 0 0 0 0 0 0 0 0 0 0 0 0 
360 56 0 0 0 0 0 0 0 0 0 0 0 0 0 0 
376 56 0 0 0 0 0 0 0 0 0 0 0 0 0 0 
392 56 0 0 0 0 0 0 0 0 0 0 0 0 0 0 
408 56 0 0 0 0 0 0 0 0 0 0 0 0 0 0 
424 56 0 0 0 0 0 0 0 0 0 0 0 0 0 0 
440 56 0 0 0 0 0 0 0 0 0 0 0 0 0 0 
456 56 0 0 0 0 0 0 0 0 0 0 0 0 0 0 
472 56 0 0 0 0 0 0 0 0 0 0 0 0 0 0 
488 56 0 0 0 0 0 0 0 0 0 0 0 0 0 0 
504 56 0 0 0 0 0 0 0 0 0 0 0 0 0 0 
520 56 0 0 0 0 0 0 0 0 0 0 0 0 0 0 
536 56 0 0 0 0 0 0 0 0 0 0 0 0 0 0 
552 56 0 0 0 0 0 0 0 0 0 0 0 0 0 0 
568 56 0 0 0 0 0 0 0 0 0 0 0 0 0 0 
584 56 0 0 0 0 0 0 0 0 0 0 0 0 0 0 
600 56 0 0 0 0 0 0 0 0 0 0 0 0 0 0 
616 56 0 0 0 0 0 0 0 0 0 0 0 0 0 0 
632 56 0 0 0 0 0 0 0 0 0 0 0 0 0 0 
648 56 0 0 0 0 0 0 0 0 0 0 0 0 0 0 
664 56 0 0 0 0 0 0 0 0 0 0 0 0 0 0 
680 56 0 0 0 0 0 0 0 0 0 0 0 0 0 0 
696 56 0 0 0 0 0 0 0 0 0 0 0 0 0 0 
712 56 0 0 0 0 0 0 0 0 0 0 0 0 0 0 
728 56 0 0 0 0 0 0 0 0 0 0 0 0 0 0 
744 56 0 0 0 0 0 0 0 0 0 0 0 0 0 0 
760 56 0 0 0 0 0 0 0 0 0 0 0 0 0 0 
776 56 0 0 0 0 0 0 0 0 0 0 0 0 0 0 
792 56 0 0 0 0 0 0 0 0 0 0 0 0 0 0 
808 56 0 0 0 0 0 0 0 0 0 0 0 0 0 0 
824 56 0 0 0 0 0 0 0 0 0 0 0 0 0 0 
840 56 0 0 0 0 0 0 0 0 0 0 0 0 0 0 
856 56 0 0 0 0 0 0 0 0 0 0 0 0 0 0 
872 56 0 0 0 0 0 0 0 0 0 0 0 0 0 0 
888 56 0 0 0 0 0 0 0 0 0 0 0 0 0 0 
904 56 0 0 0 0 0 0 0 0 0 0 0 0 0 0 
920 56 0 0 0 0 0 0 0 0 0 0 0 0 0 0 
936 56 0 0 0 0 0 0 0 0 0 0 0 0 0 0 
952 56 0 0 0 0 0 0 0 0 0 0 0 0 0 0 
968 56 0 0 0 0 0 0 0 0 0 0 0 0 0 0 
984 56 0 0 0 0 0 0 0 0 0 0 0 0 0 0 
1000 56 0 0 0 0 0 0 0 0 0 0 0 0 0 0 
1016 56 0 0 0 0 0 0 0 0 0 0 0 0 0 0 
1032 56 0 0 0 0 0 0 0 0 0 0 0 0 0 0 
1048 56 0 0 0 0 0 0 0 0 0 0 0 0 0 0 
1064 56 0 0 0 0 0 0 0 0 0 0 0 0 0 0 
1080 56 0 0 0 0 0 0 0 0 0 0 0 0 0 0 
1096 56 0 0 0 0 0 0 0 0 0 0 0 0 0 0 
1112 56 0 0 0 0 0 0 0 0 0 0 0 0 0 0 
1128 56 0 0 0 0 0 0 0 0 0 0 0 0 0 0 
1144 56 0 0 0 0 0 0 0 0 0 0 0 0 0 0 
1160 56 0 0 0 0 0 0 0 0 0 0 0 0 0 0 
1176 56 0 0 0 0 0 0 0 0 0 0 0 0 0 0 
1192 56 0 0 0 0 0 0 0 0 0 0 0 0 0 0 
1208 56 0 0 0 0 0 0 0 0 0 0 0 0 0 0 
1224 56 0 0 0 0 0 0 0 0 0 0 0 0 0 0 
1240 56 0 0 0 0 0 0 0 0 0 0 0 0 0 0 
1256 56 0 0 0 0 0 0 0 0 0 0 0 0 0 0 
1272 56 0 0 0 0 0 0 0 0 0 0 0 0 0 0 
1288 56 0 0 0 0 0 0 0 0 0 0 0 0 0 0 
1304 56 0 0 0 0 0 0 0 0 0 0 0 0 0 0 
1320 56 0 0 0 0 0 0 0 0 0 0 0 0 0 0 
1336 56 0 0 0 0 0 0 0 0 0 0 0 0 0 0 
1352 56 0 0 0 0 0 0 0 0 0 0 0 0 0 0 
1368 56 0 0 0 0 0 0 0 0 0 0 0 0 0 0 
1384 56 0 0 0 0 0 0 0 0 0 0 0 0 0 0 
1400 56 0 0 0 0 0 0 0 0 0 0 0 0 0 0 
1416 56 0 0 0 0 0 0 0 0 0 0 0 0 0 0 
1432 56 0 0 0 0 0 0 0 0 0 0 0 0 0 0 
1448 56 0 0 0 0 0 0 0 0 0 0 0 0 0 0 
1464 56 0 0 0 0 0 0 0 0 0 0 0 0 0 0 
1480 56 0 0 0 0 0 0 0 0 0 0 0 0 0 0 
1496 56 0 0 0 0 0 0 0 0 0 0 0 0 0 0 
1512 56 0 0 0 0 0 0 0 0 0 0 0 0 0 0 
1528 56 0 0 0 0 0 0 0 0 0 0 0 0 0 0 
1544 56 0 0 0 0 0 0 0 0 0 0 0 0 0 0 
1560 56 0 0 0 0 0 0 0 0 0 0 0 0 0 0 
1576 56 0 0 0 0 0 0 0 0 0 0 0 0 0 0 
1592 56 0 0 0 0 0 0 0 0 0 0 0 0 0 0 
1608 56 0 0 0 0 0 0 0 0 0 0 0 0 0 0 
1624 56 0 0 0 0 0 0 0 0 0 0 0 0 0 0 
1640 56 0 0 0 0 0 0 0 0 0 0 0 0 0 0 
1656 56 0 0 0 0 0 0 0 0 0 0 0 0 0 0 
1672 56 0 0 0 0 0 0 0 0 0 0 0 0 0 0 
1688 56 0 0 0 0 0 0 0 0 0 0 0 0 0 0 
1704 56 0 0 0 0 0 0 0 0 0 0 0 0 0 0 
1720 56 0 0 0 0 0 0 0 0 0 0 0 0 0 0 
1736 56 0 0 0 0 0 0 0 0 0 0 0 0 0 0 
1752 56 0 0 0 0 0 0 0 0 0 0 0 0 0 0 
1768 56 0 0 0 0 0 0 0 0 0 0 0 0 0 0 
1784 56 0 0 0 0 0 0 0 0 0 0 0 0 0 0 
1800 56 0 0 0 0 0 0 0 0 0 0 0 0 0 0 
1816 56 0 0 0 0 0 0 0 0 0 0 0 0 0 0 
1832 56 0 0 0 0 0 0 0 0 0 0 0 0 0 0 
1848 56 0 0 0 0 0 0 0 0 0 0 0 0 0 0 
1864 56 0 0 0 0 0 0 0 0 0 0 0 0 0 0 
1880 56 0 0 0 0 0 0 0 0 0 0 0 0 0 0 
1896 56 0 0 0 0 0 0 0 0 0 0 0 0 0 0 
1912 56 0 0 0 0 0 0 0 0 0 0 0 0 0 0 
1928 56 0 0 0 0 0 0 0 0 0 0 0 0 0 0 
1944 56 0 0 0 0 0 0 0 0 0 0 0 0 0 0 
1960 56 0 0 0 0 0 0 0 0 0 0 0 0 0 0 
1976 56 0 0 0 0 0 0 0 0 0 0 0 0 0 0 
1992 56 0 0 0 0 0 0 0 0 0 0 0 0 0 0 
2008 56 0 0 0 0 0 0 0 0 0 0 0 0 0 0 
2024 56 0 0 0 0 0 0 0 0 0 0 0 0 0 0 
2040 56 0 0 0 0 0 0 0 0 0 0 0 0 0 0 
2056 56 0 0 0 0 0 0 0 0 0 0 0 0 0 0 
2072 56 0 0 0 0 0 0 0 0 0 0 0 0 0 0 
2088 56 0 0 0 0 0 0 0 0 0 0 0 0 0 0 
2104 56 0 0 0 0 0 0 0 0 0 0 0 0 0 0 
2120 56 0 0 0 0 0 0 0 0 0 0 0 0 0 0 
2136 56 0 0 0 0 0 0 0 0 0 0 0 0 0 0 
2152 56 0 0 0 0 0 0 0 0 0 0 0 0 0 0 
2168 56 0 0 0 0 0 0 0 0 0 0 0 0 0 0 
2184 56 0 0 0 0 0 0 0 0 0 0 0 0 0 0 
2200 56 0 0 0 0 0 0 0 0 0 0 0 0 0 0 
2216 56 0 0 0 0 0 0 0 0 0 0 0 0 0 0 
2232 56 0 0 0 0 0 0 0 0 0 0 0 0 0 0 
2248 56 0 0 0 0 0 0 0 0 0 0 0 0 0 0 
2264 56 0 0 0 0 0 0 0 0 0 0 0 0 0 0 
2280 56 0 0 0 0 0 0 0 0 0 0 0 0 0 0 
2296 56 0 0 0 0 0 0 0 0 0 0 0 0 0 0 
2312 56 0 0 0 0 0 0 0 0 0 0 0 0 0 0 
2328 56 0 0 0 0 0 0 0 0 0 0 0 0 0 0 
2344 56 0 0 0 0 0 0 0 0 0 0 0 0 0 0 
2360 56 0 0 0 0 0 0 0 0 0 0 0 0 0 0 
2376 56 0 0 0 0 0 0 0 0 0 0 0 0 0 0 
2392 56 0 0 0 0 0 0 0 0 0 0 0 0 0 0 
2408 56 0 0 0 0 0 0 0 0 0 0 0 0 0 0 
2424 56 0 0 0 0 0 0 0 0 0 0 0 0 0 0 
2440 56 0 0 0 0 0 0 0 0 0 0 0 0 0 0 
2456 56 0 0 0 0 0 0 0 0 0 0 0 0 0 0 
2472 56 0 0 0 0 0 0 0 0 0 0 0 0 0 0 
2488 56 0 0 0 0 0 0 0 0 0 0 0 0 0 0 
2504 56 0 0 0 0 0 0 0 0 0 0 0 0 0 0 
2520 56 0 0 0 0 0 0 0 0 0 0 0 0 0 0 
2536 56 0 0 0 0 0 0 0 0 0 0 0 0 0 0 
24 72 0 0 0 0 0 0 0 0 0 0 0 0 0 0 
40 72 0 0 0 0 0 0 0 0 0 0 0 0 0 0 
56 72 0 0 0 0 0 0 0 0 0 0 0 0 0 0 
72 72 0 0 0 0 0 0 0 0 0 0 0 0 0 0 
88 72 0 0 0 0 0 0 0 0 0 0 0 0 0 0 
104 72 0 0 0 0 0 0 0 0 0 0 0 0 0 0 
120 72 0 0 0 0 0 0 0 0 0 0 0 0 0 0 
136 72 0 0 0 0 0 0 0 0 0 0 0 0 0 0 
152 72 0 0 0 0 0 0 0 0 0 0 0 0 0 0 
168 72 0 0 0 0 0 0 0 0 0 0 0 0 0 0 
184 72 0 0 0 0 0 0 0 0 0 0 0 0 0 0 
200 72 0 0 0 0 0 0 0 0 0 0 0 0 0 0 
216 72 0 0 0 0 0 0 0 0 0 0 0 0 0 0 
232 72 0 0 0 0 0 0 0 0 0 0 0 0 0 0 
248 72 0 0 0 0 0 0 0 0 0 0 0 0 0 0 
264 72 0 0 0 0 0 0 0 0 0 0 0 0 0 0 
280 72 0 0 0 0 0 0 0 0 0 0 0 0 0 0 
296 72 0 0 0 0 0 0 0 0 0 0 0 0 0 0 
312 72 0 0 0 0 0 0 0 0 0 0 0 0 0 0 
328 72 0 0 0 0 0 0 0 0 0 0 0 0 0 0 
344 72 0 0 0 0 0 0 0 0 0 0 0 0 0 0 
360 72 0 0 0 0 0 0 0 0 0 0 0 0 0 0 
376 72 0 0 0 0 0 0 0 0 0 0 0 0 0 0 
392 72 0 0 0 0 0 0 0 0 0 0 0 0 0 0 
408 72 0 0 0 0 0 0 0 0 0 0 0 0 0 0 
424 72 0 0 0 0 0 0 0 0 0 0 0 0 0 0 
440 72 0 0 0 0 0 0 0 0 0 0 0 0 0 0 
456 72 0 0 0 0 0 0 0 0 0 0 0 0 0 0 
472 72 0 0 0 0 0 0 0 0 0 0 0 0 0 0 
488 72 0 0 0 0 0 0 0 0 0 0 0 0 0 0 
504 72 0 0 0 0 0 0 0 0 0 0 0 0 0 0 
520 72 0 0 0 0 0 0 0 0 0 0 0 0 0 0 
536 72 0 0 0 0 0 0 0 0 0 0 0 0 0 0 
552 72 0 0 0 0 0 0 0 0 0 0 0 0 0 0 
568 72 0 0 0 0 0 0 0 0 0 0 0 0 0 0 
584 72 0 0 0 0 0 0 0 0 0 0 0 0 0 0 
600 72 0 0 0 0 0 0 0 0 0 0 0 0 0 0 
616 72 0 0 0 0 0 0 0 0 0 0 0 0 0 0 
632 72 0 0 0 0 0 0 0 0 0 0 0 0 0 0 
648 72 0 0 0 0 0 0 0 0 0 0 0 0 0 0 
664 72 0 0 0 0 0 0 0 0 0 0 0 0 0 0 
680 72 0 0 0 0 0 0 0 0 0 0 0 0 0 0 
696 72 0 0 0 0 0 0 0 0 0 0 0 0 0 0 
712 72 0 0 0 0 0 0 0 0 0 0 0 0 0 0 
728 72 0 0 0 0 0 0 0 0 0 0 0 0 0 0 
744 72 0 0 0 0 0 0 0 0 0 0 0 0 0 0 
760 72 0 0 0 0 0 0 0 0 0 0 0 0 0 0 
776 72 0 0 0 0 0 0 0 0 0 0 0 0 0 0 
792 72 0 0 0 0 0 0 0 0 0 0 0 0 0 0 
808 72 0 0 0 0 0 0 0 0 0 0 0 0 0 0 
824 72 0 0 0 0 0 0 0 0 0 0 0 0 0 0 
840 72 0 0 0 0 0 0 0 0 0 0 0 0 0 0 
856 72 0 0 0 0 0 0 0 0 0 0 0 0 0 0 
872 72 0 0 0 0 0 0 0 0 0 0 0 0 0 0 
888 72 0 0 0 0 0 0 0 0 0 0 0 0 0 0 
904 72 0 0 0 0 0 0 0 0 0 0 0 0 0 0 
920 72 0 0 0 0 0 0 0 0 0 0 0 0 0 0 
936 72 0 0 0 0 0 0 0 0 0 0 0 0 0 0 
952 72 0 0 0 0 0 0 0 0 0 0 0 0 0 0 
968 72 0 0 0 0 0 0 0 0 0 0 0 0 0 0 
984 72 0 0 0 0 0 0 0 0 0 0 0 0 0 0 
1000 72 0 0 0 0 0 0 0 0 0 0 0 0 0 0 
1016 72 0 0 0 0 0 0 0 0 0 0 0 0 0 0 
1032 72 0 0 0 0 0 0 0 0 0 0 0 0 0 0 
1048 72 0 0 0 0 0 0 0 0 0 0 0 0 0 0 
1064 72 0 0 0 0 0 0 0 0 0 0 0 0 0 0 
1080 72 0 0 0 0 0 0 0 0 0 0 0 0 0 0 
1096 72 0 0 0 0 0 0 0 0 0 0 0 0 0 0 
1112 72 0 0 0 0 0 0 0 0 0 0 0 0 0 0 
1128 72 0 0 0 0 0 0 0 0 0 0 0 0 0 0 
1144 72 0 0 0 0 0 0 0 0 0 0 0 0 0 0 
1160 72 0 0 0 0 0 0 0 0 0 0 0 0 0 0 
1176 72 0 0 0 0 0 0 0 0 0 0 0 0 0 0 
1192 72 0 0 0 0 0 0 0 0 0 0 0 0 0 0 
1208 72 0 0 0 0 0 0 0 0 0 0 0 0 0 0 
1224 72 0 0 0 0 0 0 0 0 0 0 0 0 0 0 
1240 72 0 0 0 0 0 0 0 0 0 0 0 0 0 0 
1256 72 0 0 0 0 0 0 0 0 0 0 0 0 0 0 
1272 72 0 0 0 0 0 0 0 0 0 0 0 0 0 0 
1288 72 0 0 0 0 0 0 0 0 0 0 0 0 0 0 
1304 72 0 0 0 0 0 0 0 0 0 0 0 0 0 0 
1320 72 0 0 0 0 0 0 0 0 0 0 0 0 0 0 
1336 72 0 0 0 0 0 0 0 0 0 0 0 0 0 0 
1352 72 0 0 0 0 0 0 0 0 0 0 0 0 0 0 
1368 72 0 0 0 0 0 0 0 0 0 0 0 0 0 0 
1384 72 0 0 0 0 0 0 0 0 0 0 0 0 0 0 
1400 72 0 0 0 0 0 0 0 0 0 0 0 0 0 0 
1416 72 0 0 0 0 0 0 0 0 0 0 0 0 0 0 
1432 72 0 0 0 0 0 0 0 0 0 0 0 0 0 0 
1448 72 0 0 0 0 0 0 0 0 0 0 0 0 0 0 
1464 72 0 0 0 0 0 0 0 0 0 0 0 0 0 0 
1480 72 0 0 0 0 0 0 0 0 0 0 0 0 0 0 
1496 72 0 0 0 0 0 0 0 0 0 0 0 0 0 0 
1512 72 0 0 0 0 0 0 0 0 0 0 0 0 0 0 
1528 72 0 0 0 0 0 0 0 0 0 0 0 0 0 0 
1544 72 0 0 0 0 0 0 0 0 0 0 0 0 0 0 
1560 72 0 0 0 0 0 0 0 0 0 0 0 0 0 0 
1576 72 0 0 0 0 0 0 0 0 0 0 0 0 0 0 
1592 72 0 0 0 0 0 0 0 0 0 0 0 0 0 0 
1608 72 0 0 0 0 0 0 0 0 0 0 0 0 0 0 
1624 72 0 0 0 0 0 0 0 0 0 0 0 0 0 0 
1640 72 0 0 0 0 0 0 0 0 0 0 0 0 0 0 
1656 72 0 0 0 0 0 0 0 0 0 0 0 0 0 0 
1672 72 0 0 0 0 0 0 0 0 0 0 0 0 0 0 
1688 72 0 0 0 0 0 0 0 0 0 0 0 0 0 0 
1704 72 0 0 0 0 0 0 0 0 0 0 0 0 0 0 
1720 72 0 0 0 0 0 0 0 0 0 0 0 0 0 0 
1736 72 0 0 0 0 0 0 0 0 0 0 0 0 0 0 
1752 72 0 0 0 0 0 0 0 0 0 0 0 0 0 0 
1768 72 0 0 0 0 0 0 0 0 0 0 0 0 0 0 
1784 72 0 0 0 0 0 0 0 0 0 0 0 0 0 0 
1800 72 0 0 0 0 0 0 0 0 0 0 0 0 0 0 
1816 72 0 0 0 0 0 0 0 0 0 0 0 0 0 0 
1832 72 0 0 0 0 0 0 0 0 0 0 0 0 0 0 
1848 72 0 0 0 0 0 0 0 0 0 0 0 0 0 0 
1864 72 0 0 0 0 0 0 0 0 0 0 0 0 0 0 
1880 72 0 0 0 0 0 0 0 0 0 0 0 0 0 0 
1896 72 0 0 0 0 0 0 0 0 0 0 0 0 0 0 
1912 72 0 0 0 0 0 0 0 0 0 0 0 0 0 0 
1928 72 0 0 0 0 0 0 0 0 0 0 0 0 0 0 
1944 72 0 0 0 0 0 0 0 0 0 0 0 0 0 0 
1960 72 0 0 0 0 0 0 0 0 0 0 0 0 0 0 
1976 72 0 0 0 0 0 0 0 0 0 0 0 0 0 0 
1992 72 0 0 0 0 0 0 0 0 0 0 0 0 0 0 
2008 72 0 0 0 0 0 0 0 0 0 0 0 0 0 0 
2024 72 0 0 0 0 0 0 0 0 0 0 0 0 0 0 
2040 72 0 0 0 0 0 0 0 0 0 0 0 0 0 0 
2056 72 0 0 0 0 0 0 0 0 0 0 0 0 0 0 
2072 72 0 0 0 0 0 0 0 0 0 0 0 0 0 0 
2088 72 0 0 0 0 0 0 0 0 0 0 0 0 0 0 
2104 72 0 0 0 0 0 0 0 0 0 0 0 0 0 0 
2120 72 0 0 0 0 0 0 0 0 0 0 0 0 0 0 
2136 72 0 0 0 0 0 0 0 0 0 0 0 0 0 0 
2152 72 0 0 0 0 0 0 0 0 0 0 0 0 0 0 
2168 72 0 0 0 0 0 0 0 0 0 0 0 0 0 0 
2184 72 0 0 0 0 0 0 0 0 0 0 0 0 0 0 
2200 72 0 0 0 0 0 0 0 0 0 0 0 0 0 0 
2216 72 0 0 0 0 0 0 0 0 0 0 0 0 0 0 
2232 72 0 0 0 0 0 0 0 0 0 0 0 0 0 0 
2248 72 0 0 0 0 0 0 0 0 0 0 0 0 0 0 
2264 72 0 0 0 0 0 0 0 0 0 0 0 0 0 0 
2280 72 0 0 0 0 0 0 0 0 0 0 0 0 0 0 
2296 72 0 0 0 0 0 0 0 0 0 0 0 0 0 0 
2312 72 0 0 0 0 0 0 0 0 0 0 0 0 0 0 
2328 72 0 0 0 0 0 0 0 0 0 0 0 0 0 0 
2344 72 0 0 0 0 0 0 0 0 0 0 0 0 0 0 
2360 72 0 0 0 0 0 0 0 0 0 0 0 0 0 0 
2376 72 0 0 0 0 0 0 0 0 0 0 0 0 0 0 
2392 72 0 0 0 0 0 0 0 0 0 0 0 0 0 0 
2408 72 0 0 0 0 0 0 0 0 0 0 0 0 0 0 
2424 72 0 0 0 0 0 0 0 0 0 0 0 0 0 0 
2440 72 0 0 0 0 0 0 0 0 0 0 0 0 0 0 
2456 72 0 0 0 0 0 0 0 0 0 0 0 0 0 0 
2472 72 0 0 0 0 0 0 0 0 0 0 0 0 0 0 
2488 72 0 0 0 0 0 0 0 0 0 0 0 0 0 0 
2504 72 0 0 0 0 0 0 0 0 0 0 0 0 0 0 
2520 72 0 0 0 0 0 0 0 0 0 0 0 0 0 0 
2536 72 0 0 0 0 0 0 0 0 0 0 0 0 0 0 
24 88 0 0 0 0 0 0 0 0 0 0 0 0 0 0 
40 88 0 0 0 0 0 0 0 0 0 0 0 0 0 0 
56 88 0 0 0 0 0 0 0 0 0 0 0 0 0 0 
72 88 0 0 0 0 0 0 0 0 0 0 0 0 0 0 
88 88 0 0 0 0 0 0 0 0 0 0 0 0 0 0 
104 88 0 0 0 0 0 0 0 0 0 0 0 0 0 0 
120 88 0 0 0 0 0 0 0 0 0 0 0 0 0 0 
136 88 0 0 0 0 0 0 0 0 0 0 0 0 0 0 
152 88 0 0 0 0 0 0 0 0 0 0 0 0 0 0 
168 88 0 0 0 0 0 0 0 0 0 0 0 0 0 0 
184 88 0 0 0 0 0 0 0 0 0 0 0 0 0 0 
200 88 0 0 0 0 0 0 0 0 0 0 0 0 0 0 
216 88 0 0 0 0 0 0 0 0 0 0 0 0 0 0 
232 88 0 0 0 0 0 0 0 0 0 0 0 0 0 0 
248 88 0 0 0 0 0 0 0 0 0 0 0 0 0 0 
264 88 0 0 0 0 0 0 0 0 0 0 0 0 0 0 
280 88 0 0 0 0 0 0 0 0 0 0 0 0 0 0 
296 88 0 0 0 0 0 0 0 0 0 0 0 0 0 0 
312 88 0 0 0 0 0 0 0 0 0 0 0 0 0 0 
328 88 0 0 0 0 0 0 0 0 0 0 0 0 0 0 
344 88 0 0 0 0 0 0 0 0 0 0 0 0 0 0 
360 88 0 0 0 0 0 0 0 0 0 0 0 0 0 0 
376 88 0 0 0 0 0 0 0 0 0 0 0 0 0 0 
392 88 0 0 0 0 0 0 0 0 0 0 0 0 0 0 
408 88 0 0 0 0 0 0 0 0 0 0 0 0 0 0 
424 88 0 0 0 0 0 0 0 0 0 0 0 0 0 0 
440 88 0 0 0 0 0 0 0 0 0 0 0 0 0 0 
456 88 0 0 0 0 0 0 0 0 0 0 0 0 0 0 
472 88 0 0 0 0 0 0 0 0 0 0 0 0 0 0 
488 88 0 0 0 0 0 0 0 0 0 0 0 0 0 0 
504 88 0 0 0 0 0 0 0 0 0 0 0 0 0 0 
520 88 0 0 0 0 0 0 0 0 0 0 0 0 0 0 
536 88 0 0 0 0 0 0 0 0 0 0 0 0 0 0 
552 88 0 0 0 0 0 0 0 0 0 0 0 0 0 0 
568 88 0 0 0 0 0 0 0 0 0 0 0 0 0 0 
584 88 0 0 0 0 0 0 0 0 0 0 0 0 0 0 
600 88 0 0 0 0 0 0 0 0 0 0 0 0 0 0 
616 88 0 0 0 0 0 0 0 0 0 0 0 0 0 0 
632 88 0 0 0 0 0 0 0 0 0 0 0 0 0 0 
648 88 0 0 0 0 0 0 0 0 0 0 0 0 0 0 
664 88 0 0 0 0 0 0 0 0 0 0 0 0 0 0 
680 88 0 0 0 0 0 0 0 0 0 0 0 0 0 0 
696 88 0 0 0 0 0 0 0 0 0 0 0 0 0 0 
712 88 0 0 0 0 0 0 0 0 0 0 0 0 0 0 
728 88 0 0 0 0 0 0 0 0 0 0 0 0 0 0 
744 88 0 0 0 0 0 0 0 0 0 0 0 0 0 0 
760 88 0 0 0 0 0 0 0 0 0 0 0 0 0 0 
776 88 0 0 0 0 0 0 0 0 0 0 0 0 0 0 
792 88 0 0 0 0 0 0 0 0 0 0 0 0 0 0 
808 88 0 0 0 0 0 0 0 0 0 0 0 0 0 0 
824 88 0 0 0 0 0 0 0 0 0 0 0 0 0 0 
840 88 0 0 0 0 0 0 0 0 0 0 0 0 0 0 
856 88 0 0 0 0 0 0 0 0 0 0 0 0 0 0 
872 88 0 0 0 0 0 0 0 0 0 0 0 0 0 0 
888 88 0 0 0 0 0 0 0 0 0 0 0 0 0 0 
904 88 0 0 0 0 0 0 0 0 0 0 0 0 0 0 
920 88 0 0 0 0 0 0 0 0 0 0 0 0 0 0 
936 88 0 0 0 0 0 0 0 0 0 0 0 0 0 0 
952 88 0 0 0 0 0 0 0 0 0 0 0 0 0 0 
968 88 0 0 0 0 0 0 0 0 0 0 0 0 0 0 
984 88 0 0 0 0 0 0 0 0 0 0 0 0 0 0 
1000 88 0 0 0 0 0 0 0 0 0 0 0 0 0 0 
1016 88 0 0 0 0 0 0 0 0 0 0 0 0 0 0 
1032 88 0 0 0 0 0 0 0 0 0 0 0 0 0 0 
1048 88 0 0 0 0 0 0 0 0 0 0 0 0 0 0 
1064 88 0 0 0 0 0 0 0 0 0 0 0 0 0 0 
1080 88 0 0 0 0 0 0 0 0 0 0 0 0 0 0 
1096 88 0 0 0 0 0 0 0 0 0 0 0 0 0 0 
1112 88 0 0 0 0 0 0 0 0 0 0 0 0 0 0 
1128 88 0 0 0 0 0 0 0 0 0 0 0 0 0 0 
1144 88 0 0 0 0 0 0 0 0 0 0 0 0 0 0 
1160 88 0 0 0 0 0 0 0 0 0 0 0 0 0 0 
1176 88 0 0 0 0 0 0 0 0 0 0 0 0 0 0 
1192 88 0 0 0 0 0 0 0 0 0 0 0 0 0 0 
1208 88 0 0 0 0 0 0 0 0 0 0 0 0 0 0 
1224 88 0 0 0 0 0 0 0 0 0 0 0 0 0 0 
1240 88 0 0 0 0 0 0 0 0 0 0 0 0 0 0 
1256 88 0 0 0 0 0 0 0 0 0 0 0 0 0 0 
1272 88 0 0 0 0 0 0 0 0 0 0 0 0 0 0 
1288 88 0 0 0 0 0 0 0 0 0 0 0 0 0 0 
1304 88 0 0 0 0 0 0 0 0 0 0 0 0 0 0 
1320 88 0 0 0 0 0 0 0 0 0 0 0 0 0 0 
1336 88 0 0 0 0 0 0 0 0 0 0 0 0 0 0 
1352 88 0 0 0 0 0 0 0 0 0 0 0 0 0 0 
1368 88 0 0 0 0 0 0 0 0 0 0 0 0 0 0 
1384 88 0 0 0 0 0 0 0 0 0 0 0 0 0 0 
1400 88 0 0 0 0 0 0 0 0 0 0 0 0 0 0 
1416 88 0 0 0 0 0 0 0 0 0 0 0 0 0 0 
1432 88 0 0 0 0 0 0 0 0 0 0 0 0 0 0 
1448 88 0 0 0 0 0 0 0 0 0 0 0 0 0 0 
1464 88 0 0 0 0 0 0 0 0 0 0 0 0 0 0 
1480 88 0 0 0 0 0 0 0 0 0 0 0 0 0 0 
1496 88 0 0 0 0 0 0 0 0 0 0 0 0 0 0 
1512 88 0 0 0 0 0 0 0 0 0 0 0 0 0 0 
1528 88 0 0 0 0 0 0 0 0 0 0 0 0 0 0 
1544 88 0 0 0 0 0 0 0 0 0 0 0 0 0 0 
1560 88 0 0 0 0 0 0 0 0 0 0 0 0 0 0 
1576 88 0 0 0 0 0 0 0 0 0 0 0 0 0 0 
1592 88 0 0 0 0 0 0 0 0 0 0 0 0 0 0 
1608 88 0 0 0 0 0 0 0 0 0 0 0 0 0 0 
1624 88 0 0 0 0 0 0 0 0 0 0 0 0 0 0 
1640 88 0 0 0 0 0 0 0 0 0 0 0 0 0 0 
1656 88 0 0 0 0 0 0 0 0 0 0 0 0 0 0 
1672 88 0 0 0 0 0 0 0 0 0 0 0 0 0 0 
1688 88 0 0 0 0 0 0 0 0 0 0 0 0 0 0 
1704 88 0 0 0 0 0 0 0 0 0 0 0 0 0 0 
1720 88 0 0 0 0 0 0 0 0 0 0 0 0 0 0 
1736 88 0 0 0 0 0 0 0 0 0 0 0 0 0 0 
1752 88 0 0 0 0 0 0 0 0 0 0 0 0 0 0 
1768 88 0 0 0 0 0 0 0 0 0 0 0 0 0 0 
1784 88 0 0 0 0 0 0 0 0 0 0 0 0 0 0 
1800 88 0 0 0 0 0 0 0 0 0 0 0 0 0 0 
1816 88 0 0 0 0 0 0 0 0 0 0 0 0 0 0 
1832 88 0 0 0 0 0 0 0 0 0 0 0 0 0 0 
1848 88 0 0 0 0 0 0 0 0 0 0 0 0 0 0 
1864 88 0 0 0 0 0 0 0 0 0 0 0 0 0 0 
1880 88 0 0 0 0 0 0 0 0 0 0 0 0 0 0 
1896 88 0 0 0 0 0 0 0 0 0 0 0 0 0 0 
1912 88 0 0 0 0 0 0 0 0 0 0 0 0 0 0 
1928 88 0 0 0 0 0 0 0 0 0 0 0 0 0 0 
1944 88 0 0 0 0 0 0 0 0 0 0 0 0 0 0 
1960 88 0 0 0 0 0 0 0 0 0 0 0 0 0 0 
1976 88 0 0 0 0 0 0 0 0 0 0 0 0 0 0 
1992 88 0 0 0 0 0 0 0 0 0 0 0 0 0 0 
2008 88 0 0 0 0 0 0 0 0 0 0 0 0 0 0 
2024 88 0 0 0 0 0 0 0 0 0 0 0 0 0 0 
2040 88 0 0 0 0 0 0 0 0 0 0 0 0 0 0 
2056 88 0 0 0 0 0 0 0 0 0 0 0 0 0 0 
2072 88 0 0 0 0 0 0 0 0 0 0 0 0 0 0 
2088 88 0 0 0 0 0 0 0 0 0 0 0 0 0 0 
2104 88 0 0 0 0 0 0 0 0 0 0 0 0 0 0 
2120 88 0 0 0 0 0 0 0 0 0 0 0 0 0 0 
2136 88 0 0 0 0 0 0 0 0 0 0 0 0 0 0 
2152 88 0 0 0 0 0 0 0 0 0 0 0 0 0 0 
2168 88 0 0 0 0 0 0 0 0 0 0 0 0 0 0 
2184 88 0 0 0 0 0 0 0 0 0 0 0 0 0 0 
2200 88 0 0 0 0 0 0 0 0 0 0 0 0 0 0 
2216 88 0 0 0 0 0 0 0 0 0 0 0 0 0 0 
2232 88 0 0 0 0 0 0 0 0 0 0 0 0 0 0 
2248 88 0 0 0 0 0 0 0 0 0 0 0 0 0 0 
2264 88 0 0 0 0 0 0 0 0 0 0 0 0 0 0 
2280 88 0 0 0 0 0 0 0 0 0 0 0 0 0 0 
2296 88 0 0 0 0 0 0 0 0 0 0 0 0 0 0 
2312 88 0 0 0 0 0 0 0 0 0 0 0 0 0 0 
2328 88 0 0 0 0 0 0 0 0 0 0 0 0 0 0 
2344 88 0 0 0 0 0 0 0 0 0 0 0 0 0 0 
2360 88 0 0 0 0 0 0 0 0 0 0 0 0 0 0 
2376 88 0 0 0 0 0 0 0 0 0 0 0 0 0 0 
2392 88 0 0 0 0 0 0 0 0 0 0 0 0 0 0 
2408 88 0 0 0 0 0 0 0 0 0 0 0 0 0 0 
2424 88 0 0 0 0 0 0 0 0 0 0 0 0 0 0 
2440 88 0 0 0 0 0 0 0 0 0 0 0 0 0 0 
2456 88 0 0 0 0 0 0 0 0 0 0 0 0 0 0 
2472 88 0 0 0 0 0 0 0 0 0 0 0 0 0 0 
2488 88 0 0 0 0 0 0 0 0 0 0 0 0 0 0 
2504 88 0 0 0 0 0 0 0 0 0 0 0 0 0 0 
2520 88 0 0 0 0 0 0 0 0 0 0 0 0 0 0 
2536 88 0 0 0 0 0 0 0 0 0 0 0 0 0 0 
24 104 0 0 0 0 0 0 0 0 0 0 0 0 0 0 
40 104 0 0 0 0 0 0 0 0 0 0 0 0 0 0 
56 104 0 0 0 0 0 0 0 0 0 0 0 0 0 0 
72 104 0 0 0 0 0 0 0 0 0 0 0 0 0 0 
88 104 0 0 0 0 0 0 0 0 0 0 0 0 0 0 
104 104 0 0 0 0 0 0 0 0 0 0 0 0 0 0 
120 104 0 0 0 0 0 0 0 0 0 0 0 0 0 0 
136 104 0 0 0 0 0 0 0 0 0 0 0 0 0 0 
152 104 0 0 0 0 0 0 0 0 0 0 0 0 0 0 
168 104 0 0 0 0 0 0 0 0 0 0 0 0 0 0 
184 104 0 0 0 0 0 0 0 0 0 0 0 0 0 0 
200 104 0 0 0 0 0 0 0 0 0 0 0 0 0 0 
216 104 0 0 0 0 0 0 0 0 0 0 0 0 0 0 
232 104 0 0 0 0 0 0 0 0 0 0 0 0 0 0 
248 104 0 0 0 0 0 0 0 0 0 0 0 0 0 0 
264 104 0 0 0 0 0 0 0 0 0 0 0 0 0 0 
280 104 0 0 0 0 0 0 0 0 0 0 0 0 0 0 
296 104 0 0 0 0 0 0 0 0 0 0 0 0 0 0 
312 104 0 0 0 0 0 0 0 0 0 0 0 0 0 0 
328 104 0 0 0 0 0 0 0 0 0 0 0 0 0 0 
344 104 0 0 0 0 0 0 0 0 0 0 0 0 0 0 
360 104 0 0 0 0 0 0 0 0 0 0 0 0 0 0 
376 104 0 0 0 0 0 0 0 0 0 0 0 0 0 0 
392 104 0 0 0 0 0 0 0 0 0 0 0 0 0 0 
408 104 0 0 0 0 0 0 0 0 0 0 0 0 0 0 
424 104 0 0 0 0 0 0 0 0 0 0 0 0 0 0 
440 104 0 0 0 0 0 0 0 0 0 0 0 0 0 0 
456 104 0 0 0 0 0 0 0 0 0 0 0 0 0 0 
472 104 0 0 0 0 0 0 0 0 0 0 0 0 0 0 
488 104 0 0 0 0 0 0 0 0 0 0 0 0 0 0 
504 104 0 0 0 0 0 0 0 0 0 0 0 0 0 0 
520 104 0 0 0 0 0 0 0 0 0 0 0 0 0 0 
536 104 0 0 0 0 0 0 0 0 0 0 0 0 0 0 
552 104 0 0 0 0 0 0 0 0 0 0 0 0 0 0 
568 104 0 0 0 0 0 0 0 0 0 0 0 0 0 0 
584 104 0 0 0 0 0 0 0 0 0 0 0 0 0 0 
600 104 0 0 0 0 0 0 0 0 0 0 0 0 0 0 
616 104 0 0 0 0 0 0 0 0 0 0 0 0 0 0 
632 104 0 0 0 0 0 0 0 0 0 0 0 0 0 0 
648 104 0 0 0 0 0 0 0 0 0 0 0 0 0 0 
664 104 0 0 0 0 0 0 0 0 0 0 0 0 0 0 
680 104 0 0 0 0 0 0 0 0 0 0 0 0 0 0 
696 104 0 0 0 0 0 0 0 0 0 0 0 0 0 0 
712 104 0 0 0 0 0 0 0 0 0 0 0 0 0 0 
728 104 0 0 0 0 0 0 0 0 0 0 0 0 0 0 
744 104 0 0 0 0 0 0 0 0 0 0 0 0 0 0 
760 104 0 0 0 0 0 0 0 0 0 0 0 0 0 0 
776 104 0 0 0 0 0 0 0 0 0 0 0 0 0 0 
792 104 0 0 0 0 0 0 0 0 0 0 0 0 0 0 
808 104 0 0 0 0 0 0 0 0 0 0 0 0 0 0 
824 104 0 0 0 0 0 0 0 0 0 0 0 0 0 0 
840 104 0 0 0 0 0 0 0 0 0 0 0 0 0 0 
856 104 0 0 0 0 0 0 0 0 0 0 0 0 0 0 
872 104 0 0 0 0 0 0 0 0 0 0 0 0 0 0 
888 104 0 0 0 0 0 0 0 0 0 0 0 0 0 0 
904 104 0 0 0 0 0 0 0 0 0 0 0 0 0 0 
920 104 0 0 0 0 0 0 0 0 0 0 0 0 0 0 
936 104 0 0 0 0 0 0 0 0 0 0 0 0 0 0 
952 104 0 0 0 0 0 0 0 0 0 0 0 0 0 0 
968 104 0 0 0 0 0 0 0 0 0 0 0 0 0 0 
984 104 0 0 0 0 0 0 0 0 0 0 0 0 0 0 
1000 104 0 0 0 0 0 0 0 0 0 0 0 0 0 0 
1016 104 0 0 0 0 0 0 0 0 0 0 0 0 0 0 
1032 104 0 0 0 0 0 0 0 0 0 0 0 0 0 0 
1048 104 0 0 0 0 0 0 0 0 0 0 0 0 0 0 
1064 104 0 0 0 0 0 0 0 0 0 0 0 0 0 0 
1080 104 0 0 0 0 0 0 0 0 0 0 0 0 0 0 
1096 104 0 0 0 0 0 0 0 0 0 0 0 0 0 0 
1112 104 0 0 0 0 0 0 0 0 0 0 0 0 0 0 
1128 104 0 0 0 0 0 0 0 0 0 0 0 0 0 0 
1144 104 0 0 0 0 0 0 0 0 0 0 0 0 0 0 
1160 104 0 0 0 0 0 0 0 0 0 0 0 0 0 0 
1176 104 0 0 0 0 0 0 0 0 0 0 0 0 0 0 
1192 104 0 0 0 0 0 0 0 0 0 0 0 0 0 0 
1208 104 0 0 0 0 0 0 0 0 0 0 0 0 0 0 
1224 104 0 0 0 0 0 0 0 0 0 0 0 0 0 0 
1240 104 0 0 0 0 0 0 0 0 0 0 0 0 0 0 
1256 104 0 0 0 0 0 0 0 0 0 0 0 0 0 0 
1272 104 0 0 0 0 0 0 0 0 0 0 0 0 0 0 
1288 104 0 0 0 0 0 0 0 0 0 0 0 0 0 0 
1304 104 0 0 0 0 0 0 0 0 0 0 0 0 0 0 
1320 104 0 0 0 0 0 0 0 0 0 0 0 0 0 0 
1336 104 0 0 0 0 0 0 0 0 0 0 0 0 0 0 
1352 104 0 0 0 0 0 0 0 0 0 0 0 0 0 0 
1368 104 0 0 0 0 0 0 0 0 0 0 0 0 0 0 
1384 104 0 0 0 0 0 0 0 0 0 0 0 0 0 0 
1400 104 0 0 0 0 0 0 0 0 0 0 0 0 0 0 
1416 104 0 0 0 0 0 0 0 0 0 0 0 0 0 0 
1432 104 0 0 0 0 0 0 0 0 0 0 0 0 0 0 
1448 104 0 0 0 0 0 0 0 0 0 0 0 0 0 0 
1464 104 0 0 0 0 0 0 0 0 0 0 0 0 0 0 
1480 104 0 0 0 0 0 0 0 0 0 0 0 0 0 0 
1496 104 0 0 0 0 0 0 0 0 0 0 0 0 0 0 
1512 104 0 0 0 0 0 0 0 0 0 0 0 0 0 0 
1528 104 0 0 0 0 0 0 0 0 0 0 0 0 0 0 
1544 104 0 0 0 0 0 0 0 0 0 0 0 0 0 0 
1560 104 0 0 0 0 0 0 0 0 0 0 0 0 0 0 
1576 104 0 0 0 0 0 0 0 0 0 0 0 0 0 0 
1592 104 0 0 0 0 0 0 0 0 0 0 0 0 0 0 
1608 104 0 0 0 0 0 0 0 0 0 0 0 0 0 0 
1624 104 0 0 0 0 0 0 0 0 0 0 0 0 0 0 
1640 104 0 0 0 0 0 0 0 0 0 0 0 0 0 0 
1656 104 0 0 0 0 0 0 0 0 0 0 0 0 0 0 
1672 104 0 0 0 0 0 0 0 0 0 0 0 0 0 0 
1688 104 0 0 0 0 0 0 0 0 0 0 0 0 0 0 
1704 104 0 0 0 0 0 0 0 0 0 0 0 0 0 0 
1720 104 0 0 0 0 0 0 0 0 0 0 0 0 0 0 
1736 104 0 0 0 0 0 0 0 0 0 0 0 0 0 0 
1752 104 0 0 0 0 0 0 0 0 0 0 0 0 0 0 
1768 104 0 0 0 0 0 0 0 0 0 0 0 0 0 0 
1784 104 0 0 0 0 0 0 0 0 0 0 0 0 0 0 
1800 104 0 0 0 0 0 0 0 0 0 0 0 0 0 0 
1816 104 0 0 0 0 0 0 0 0 0 0 0 0 0 0 
1832 104 0 0 0 0 0 0 0 0 0 0 0 0 0 0 
1848 104 0 0 0 0 0 0 0 0 0 0 0 0 0 0 
1864 104 0 0 0 0 0 0 0 0 0 0 0 0 0 0 
1880 104 0 0 0 0 0 0 0 0 0 0 0 0 0 0 
1896 104 0 0 0 0 0 0 0 0 0 0 0 0 0 0 
1912 104 0 0 0 0 0 0 0 0 0 0 0 0 0 0 
1928 104 0 0 0 0 0 0 0 0 0 0 0 0 0 0 
1944 104 0 0 0 0 0 0 0 0 0 0 0 0 0 0 
1960 104 0 0 0 0 0 0 0 0 0 0 0 0 0 0 
1976 104 0 0 0 0 0 0 0 0 0 0 0 0 0 0 
1992 104 0 0 0 0 0 0 0 0 0 0 0 0 0 0 
2008 104 0 0 0 0 0 0 0 0 0 0 0 0 0 0 
2024 104 0 0 0 0 0 0 0 0 0 0 0 0 0 0 
2040 104 0 0 0 0 0 0 0 0 0 0 0 0 0 0 
2056 104 0 0 0 0 0 0 0 0 0 0 0 0 0 0 
2072 104 0 0 0 0 0 0 0 0 0 0 0 0 0 0 
2088 104 0 0 0 0 0 0 0 0 0 0 0 0 0 0 
2104 104 0 0 0 0 0 0 0 0 0 0 0 0 0 0 
2120 104 0 0 0 0 0 0 0 0 0 0 0 0 0 0 
2136 104 0 0 0 0 0 0 0 0 0 0 0 0 0 0 
2152 104 0 0 0 0 0 0 0 0 0 0 0 0 0 0 
2168 104 0 0 0 0 0 0 0 0 0 0 0 0 0 0 
2184 104 0 0 0 0 0 0 0 0 0 0 0 0 0 0 
2200 104 0 0 0 0 0 0 0 0 0 0 0 0 0 0 
2216 104 0 0 0 0 0 0 0 0 0 0 0 0 0 0 
2232 104 0 0 0 0 0 0 0 0 0 0 0 0 0 0 
2248 104 0 0 0 0 0 0 0 0 0 0 0 0 0 0 
2264 104 0 0 0 0 0 0 0 0 0 0 0 0 0 0 
2280 104 0 0 0 0 0 0 0 0 0 0 0 0 0 0 
2296 104 0 0 0 0 0 0 0 0 0 0 0 0 0 0 
2312 104 0 0 0 0 0 0 0 0 0 0 0 0 0 0 
2328 104 0 0 0 0 0 0 0 0 0 0 0 0 0 0 
2344 104 0 0 0 0 0 0 0 0 0 0 0 0 0 0 
2360 104 0 0 0 0 0 0 0 0 0 0 0 0 0 0 
2376 104 0 0 0 0 0 0 0 0 0 0 0 0 0 0 
2392 104 0 0 0 0 0 0 0 0 0 0 0 0 0 0 
2408 104 0 0 0 0 0 0 0 0 0 0 0 0 0 0 
2424 104 0 0 0 0 0 0 0 0 0 0 0 0 0 0 
2440 104 0 0 0 0 0 0 0 0 0 0 0 0 0 0 
2456 104 0 0 0 0 0 0 0 0 0 0 0 0 0 0 
2472 104 0 0 0 0 0 0 0 0 0 0 0 0 0 0 
2488 104 0 0 0 0 0 0 0 0 0 0 0 0 0 0 
2504 104 0 0 0 0 0 0 0 0 0 0 0 0 0 0 
2520 104 0 0 0 0 0 0 0 0 0 0 0 0 0 0 
2536 104 0 0 0 0 0 0 0 0 0 0 0 0 0 0 
24 120 0 0 0 0 0 0 0 0 0 0 0 0 0 0 
40 120 0 0 0 0 0 0 0 0 0 0 0 0 0 0 
56 120 0 0 0 0 0 0 0 0 0 0 0 0 0 0 
72 120 0 0 0 0 0 0 0 0 0 0 0 0 0 0 
88 120 0 0 0 0 0 0 0 0 0 0 0 0 0 0 
104 120 0 0 0 0 0 0 0 0 0 0 0 0 0 0 
120 120 0 0 0 0 0 0 0 0 0 0 0 0 0 0 
136 120 0 0 0 0 0 0 0 0 0 0 0 0 0 0 
152 120 0 0 0 0 0 0 0 0 0 0 0 0 0 0 
168 120 0 0 0 0 0 0 0 0 0 0 0 0 0 0 
184 120 0 0 0 0 0 0 0 0 0 0 0 0 0 0 
200 120 0 0 0 0 0 0 0 0 0 0 0 0 0 0 
216 120 0 0 0 0 0 0 0 0 0 0 0 0 0 0 
232 120 0 0 0 0 0 0 0 0 0 0 0 0 0 0 
248 120 0 0 0 0 0 0 0 0 0 0 0 0 0 0 
264 120 0 0 0 0 0 0 0 0 0 0 0 0 0 0 
280 120 0 0 0 0 0 0 0 0 0 0 0 0 0 0 
296 120 0 0 0 0 0 0 0 0 0 0 0 0 0 0 
312 120 0 0 0 0 0 0 0 0 0 0 0 0 0 0 
328 120 0 0 0 0 0 0 0 0 0 0 0 0 0 0 
344 120 0 0 0 0 0 0 0 0 0 0 0 0 0 0 
360 120 0 0 0 0 0 0 0 0 0 0 0 0 0 0 
376 120 0 0 0 0 0 0 0 0 0 0 0 0 0 0 
392 120 0 0 0 0 0 0 0 0 0 0 0 0 0 0 
408 120 0 0 0 0 0 0 0 0 0 0 0 0 0 0 
424 120 0 0 0 0 0 0 0 0 0 0 0 0 0 0 
440 120 0 0 0 0 0 0 0 0 0 0 0 0 0 0 
456 120 0 0 0 0 0 0 0 0 0 0 0 0 0 0 
472 120 0 0 0 0 0 0 0 0 0 0 0 0 0 0 
488 120 0 0 0 0 0 0 0 0 0 0 0 0 0 0 
504 120 0 0 0 0 0 0 0 0 0 0 0 0 0 0 
520 120 0 0 0 0 0 0 0 0 0 0 0 0 0 0 
536 120 0 0 0 0 0 0 0 0 0 0 0 0 0 0 
552 120 0 0 0 0 0 0 0 0 0 0 0 0 0 0 
568 120 0 0 0 0 0 0 0 0 0 0 0 0 0 0 
584 120 0 0 0 0 0 0 0 0 0 0 0 0 0 0 
600 120 0 0 0 0 0 0 0 0 0 0 0 0 0 0 
616 120 0 0 0 0 0 0 0 0 0 0 0 0 0 0 
632 120 0 0 0 0 0 0 0 0 0 0 0 0 0 0 
648 120 0 0 0 0 0 0 0 0 0 0 0 0 0 0 
664 120 0 0 0 0 0 0 0 0 0 0 0 0 0 0 
680 120 0 0 0 0 0 0 0 0 0 0 0 0 0 0 
696 120 0 0 0 0 0 0 0 0 0 0 0 0 0 0 
712 120 0 0 0 0 0 0 0 0 0 0 0 0 0 0 
728 120 0 0 0 0 0 0 0 0 0 0 0 0 0 0 
744 120 0 0 0 0 0 0 0 0 0 0 0 0 0 0 
760 120 0 0 0 0 0 0 0 0 0 0 0 0 0 0 
776 120 0 0 0 0 0 0 0 0 0 0 0 0 0 0 
792 120 0 0 0 0 0 0 0 0 0 0 0 0 0 0 
808 120 0 0 0 0 0 0 0 0 0 0 0 0 0 0 
824 120 0 0 0 0 0 0 0 0 0 0 0 0 0 0 
840 120 0 0 0 0 0 0 0 0 0 0 0 0 0 0 
856 120 0 0 0 0 0 0 0 0 0 0 0 0 0 0 
872 120 0 0 0 0 0 0 0 0 0 0 0 0 0 0 
888 120 0 0 0 0 0 0 0 0 0 0 0 0 0 0 
904 120 0 0 0 0 0 0 0 0 0 0 0 0 0 0 
920 120 0 0 0 0 0 0 0 0 0 0 0 0 0 0 
936 120 0 0 0 0 0 0 0 0 0 0 0 0 0 0 
952 120 0 0 0 0 0 0 0 0 0 0 0 0 0 0 
968 120 0 0 0 0 0 0 0 0 0 0 0 0 0 0 
984 120 0 0 0 0 0 0 0 0 0 0 0 0 0 0 
1000 120 0 0 0 0 0 0 0 0 0 0 0 0 0 0 
1016 120 0 0 0 0 0 0 0 0 0 0 0 0 0 0 
1032 120 0 0 0 0 0 0 0 0 0 0 0 0 0 0 
1048 120 0 0 0 0 0 0 0 0 0 0 0 0 0 0 
1064 120 0 0 0 0 0 0 0 0 0 0 0 0 0 0 
1080 120 0 0 0 0 0 0 0 0 0 0 0 0 0 0 
1096 120 0 0 0 0 0 0 0 0 0 0 0 0 0 0 
1112 120 0 0 0 0 0 0 0 0 0 0 0 0 0 0 
1128 120 0 0 0 0 0 0 0 0 0 0 0 0 0 0 
1144 120 0 0 0 0 0 0 0 0 0 0 0 0 0 0 
1160 120 0 0 0 0 0 0 0 0 0 0 0 0 0 0 
1176 120 0 0 0 0 0 0 0 0 0 0 0 0 0 0 
1192 120 0 0 0 0 0 0 0 0 0 0 0 0 0 0 
1208 120 0 0 0 0 0 0 0 0 0 0 0 0 0 0 
1224 120 0 0 0 0 0 0 0 0 0 0 0 0 0 0 
1240 120 0 0 0 0 0 0 0 0 0 0 0 0 0 0 
1256 120 0 0 0 0 0 0 0 0 0 0 0 0 0 0 
1272 120 0 0 0 0 0 0 0 0 0 0 0 0 0 0 
1288 120 0 0 0 0 0 0 0 0 0 0 0 0 0 0 
1304 120 0 0 0 0 0 0 0 0 0 0 0 0 0 0 
1320 120 0 0 0 0 0 0 0 0 0 0 0 0 0 0 
1336 120 0 0 0 0 0 0 0 0 0 0 0 0 0 0 
1352 120 0 0 0 0 0 0 0 0 0 0 0 0 0 0 
1368 120 0 0 0 0 0 0 0 0 0 0 0 0 0 0 
1384 120 0 0 0 0 0 0 0 0 0 0 0 0 0 0 
1400 120 0 0 0 0 0 0 0 0 0 0 0 0 0 0 
1416 120 0 0 0 0 0 0 0 0 0 0 0 0 0 0 
1432 120 0 0 0 0 0 0 0 0 0 0 0 0 0 0 
1448 120 0 0 0 0 0 0 0 0 0 0 0 0 0 0 
1464 120 0 0 0 0 0 0 0 0 0 0 0 0 0 0 
1480 120 0 0 0 0 0 0 0 0 0 0 0 0 0 0 
1496 120 0 0 0 0 0 0 0 0 0 0 0 0 0 0 
1512 120 0 0 0 0 0 0 0 0 0 0 0 0 0 0 
1528 120 0 0 0 0 0 0 0 0 0 0 0 0 0 0 
1544 120 0 0 0 0 0 0 0 0 0 0 0 0 0 0 
1560 120 0 0 0 0 0 0 0 0 0 0 0 0 0 0 
1576 120 0 0 0 0 0 0 0 0 0 0 0 0 0 0 
1592 120 0 0 0 0 0 0 0 0 0 0 0 0 0 0 
1608 120 0 0 0 0 0 0 0 0 0 0 0 0 0 0 
1624 120 0 0 0 0 0 0 0 0 0 0 0 0 0 0 
1640 120 0 0 0 0 0 0 0 0 0 0 0 0 0 0 
1656 120 0 0 0 0 0 0 0 0 0 0 0 0 0 0 
1672 120 0 0 0 0 0 0 0 0 0 0 0 0 0 0 
1688 120 0 0 0 0 0 0 0 0 0 0 0 0 0 0 
1704 120 0 0 0 0 0 0 0 0 0 0 0 0 0 0 
1720 120 0 0 0 0 0 0 0 0 0 0 0 0 0 0 
1736 120 0 0 0 0 0 0 0 0 0 0 0 0 0 0 
1752 120 0 0 0 0 0 0 0 0 0 0 0 0 0 0 
1768 120 0 0 0 0 0 0 0 0 0 0 0 0 0 0 
1784 120 0 0 0 0 0 0 0 0 0 0 0 0 0 0 
1800 120 0 0 0 0 0 0 0 0 0 0 0 0 0 0 
1816 120 0 0 0 0 0 0 0 0 0 0 0 0 0 0 
1832 120 0 0 0 0 0 0 0 0 0 0 0 0 0 0 
1848 120 0 0 0 0 0 0 0 0 0 0 0 0 0 0 
1864 120 0 0 0 0 0 0 0 0 0 0 0 0 0 0 
1880 120 0 0 0 0 0 0 0 0 0 0 0 0 0 0 
1896 120 0 0 0 0 0 0 0 0 0 0 0 0 0 0 
1912 120 0 0 0 0 0 0 0 0 0 0 0 0 0 0 
1928 120 0 0 0 0 0 0 0 0 0 0 0 0 0 0 
1944 120 0 0 0 0 0 0 0 0 0 0 0 0 0 0 
1960 120 0 0 0 0 0 0 0 0 0 0 0 0 0 0 
1976 120 0 0 0 0 0 0 0 0 0 0 0 0 0 0 
1992 120 0 0 0 0 0 0 0 0 0 0 0 0 0 0 
2008 120 0 0 0 0 0 0 0 0 0 0 0 0 0 0 
2024 120 0 0 0 0 0 0 0 0 0 0 0 0 0 0 
2040 120 0 0 0 0 0 0 0 0 0 0 0 0 0 0 
2056 120 0 0 0 0 0 0 0 0 0 0 0 0 0 0 
2072 120 0 0 0 0 0 0 0 0 0 0 0 0 0 0 
2088 120 0 0 0 0 0 0 0 0 0 0 0 0 0 0 
2104 120 0 0 0 0 0 0 0 0 0 0 0 0 0 0 
2120 120 0 0 0 0 0 0 0 0 0 0 0 0 0 0 
2136 120 0 0 0 0 0 0 0 0 0 0 0 0 0 0 
2152 120 0 0 0 0 0 0 0 0 0 0 0 0 0 0 
2168 120 0 0 0 0 0 0 0 0 0 0 0 0 0 0 
2184 120 0 0 0 0 0 0 0 0 0 0 0 0 0 0 
2200 120 0 0 0 0 0 0 0 0 0 0 0 0 0 0 
2216 120 0 0 0 0 0 0 0 0 0 0 0 0 0 0 
2232 120 0 0 0 0 0 0 0 0 0 0 0 0 0 0 
2248 120 0 0 0 0 0 0 0 0 0 0 0 0 0 0 
2264 120 0 0 0 0 0 0 0 0 0 0 0 0 0 0 
2280 120 0 0 0 0 0 0 0 0 0 0 0 0 0 0 
2296 120 0 0 0 0 0 0 0 0 0 0 0 0 0 0 
2312 120 0 0 0 0 0 0 0 0 0 0 0 0 0 0 
2328 120 0 0 0 0 0 0 0 0 0 0 0 0 0 0 
2344 120 0 0 0 0 0 0 0 0 0 0 0 0 0 0 
2360 120 0 0 0 0 0 0 0 0 0 0 0 0 0 0 
2376 120 0 0 0 0 0 0 0 0 0 0 0 0 0 0 
2392 120 0 0 0 0 0 0 0 0 0 0 0 0 0 0 
2408 120 0 0 0 0 0 0 0 0 0 0 0 0 0 0 
2424 120 0 0 0 0 0 0 0 0 0 0 0 0 0 0 
2440 120 0 0 0 0 0 0 0 0 0 0 0 0 0 0 
2456 120 0 0 0 0 0 0 0 0 0 0 0 0 0 0 
2472 120 0 0 0 0 0 0 0 0 0 0 0 0 0 0 
2488 120 0 0 0 0 0 0 0 0 0 0 0 0 0 0 
2504 120 0 0 0 0 0 0 0 0 0 0 0 0 0 0 
2520 120 0 0 0 0 0 0 0 0 0 0 0 0 0 0 
2536 120 0 0 0 0 0 0 0 0 0 0 0 0 0 0 
24 136 0 0 0 0 0 0 0 0 0 0 0 0 0 0 
40 136 0 0 0 0 0 0 0 0 0 0 0 0 0 0 
56 136 0 0 0 0 0 0 0 0 0 0 0 0 0 0 
72 136 0 0 0 0 0 0 0 0 0 0 0 0 0 0 
88 136 0 0 0 0 0 0 0 0 0 0 0 0 0 0 
104 136 0 0 0 0 0 0 0 0 0 0 0 0 0 0 
120 136 0 0 0 0 0 0 0 0 0 0 0 0 0 0 
136 136 0 0 0 0 0 0 0 0 0 0 0 0 0 0 
152 136 0 0 0 0 0 0 0 0 0 0 0 0 0 0 
168 136 0 0 0 0 0 0 0 0 0 0 0 0 0 0 
184 136 0 0 0 0 0 0 0 0 0 0 0 0 0 0 
200 136 0 0 0 0 0 0 0 0 0 0 0 0 0 0 
216 136 0 0 0 0 0 0 0 0 0 0 0 0 0 0 
232 136 0 0 0 0 0 0 0 0 0 0 0 0 0 0 
248 136 0 0 0 0 0 0 0 0 0 0 0 0 0 0 
264 136 0 0 0 0 0 0 0 0 0 0 0 0 0 0 
280 136 0 0 0 0 0 0 0 0 0 0 0 0 0 0 
296 136 0 0 0 0 0 0 0 0 0 0 0 0 0 0 
312 136 0 0 0 0 0 0 0 0 0 0 0 0 0 0 
328 136 0 0 0 0 0 0 0 0 0 0 0 0 0 0 
344 136 0 0 0 0 0 0 0 0 0 0 0 0 0 0 
360 136 0 0 0 0 0 0 0 0 0 0 0 0 0 0 
376 136 0 0 0 0 0 0 0 0 0 0 0 0 0 0 
392 136 0 0 0 0 0 0 0 0 0 0 0 0 0 0 
408 136 0 0 0 0 0 0 0 0 0 0 0 0 0 0 
424 136 0 0 0 0 0 0 0 0 0 0 0 0 0 0 
440 136 0 0 0 0 0 0 0 0 0 0 0 0 0 0 
456 136 0 0 0 0 0 0 0 0 0 0 0 0 0 0 
472 136 0 0 0 0 0 0 0 0 0 0 0 0 0 0 
488 136 0 0 0 0 0 0 0 0 0 0 0 0 0 0 
504 136 0 0 0 0 0 0 0 0 0 0 0 0 0 0 
520 136 0 0 0 0 0 0 0 0 0 0 0 0 0 0 
536 136 0 0 0 0 0 0 0 0 0 0 0 0 0 0 
552 136 0 0 0 0 0 0 0 0 0 0 0 0 0 0 
568 136 0 0 0 0 0 0 0 0 0 0 0 0 0 0 
584 136 0 0 0 0 0 0 0 0 0 0 0 0 0 0 
600 136 0 0 0 0 0 0 0 0 0 0 0 0 0 0 
616 136 0 0 0 0 0 0 0 0 0 0 0 0 0 0 
632 136 0 0 0 0 0 0 0 0 0 0 0 0 0 0 
648 136 0 0 0 0 0 0 0 0 0 0 0 0 0 0 
664 136 0 0 0 0 0 0 0 0 0 0 0 0 0 0 
680 136 0 0 0 0 0 0 0 0 0 0 0 0 0 0 
696 136 0 0 0 0 0 0 0 0 0 0 0 0 0 0 
712 136 0 0 0 0 0 0 0 0 0 0 0 0 0 0 
728 136 0 0 0 0 0 0 0 0 0 0 0 0 0 0 
744 136 0 0 0 0 0 0 0 0 0 0 0 0 0 0 
760 136 0 0 0 0 0 0 0 0 0 0 0 0 0 0 
776 136 0 0 0 0 0 0 0 0 0 0 0 0 0 0 
792 136 0 0 0 0 0 0 0 0 0 0 0 0 0 0 
808 136 0 0 0 0 0 0 0 0 0 0 0 0 0 0 
824 136 0 0 0 0 0 0 0 0 0 0 0 0 0 0 
840 136 0 0 0 0 0 0 0 0 0 0 0 0 0 0 
856 136 0 0 0 0 0 0 0 0 0 0 0 0 0 0 
872 136 0 0 0 0 0 0 0 0 0 0 0 0 0 0 
888 136 0 0 0 0 0 0 0 0 0 0 0 0 0 0 
904 136 0 0 0 0 0 0 0 0 0 0 0 0 0 0 
920 136 0 0 0 0 0 0 0 0 0 0 0 0 0 0 
936 136 0 0 0 0 0 0 0 0 0 0 0 0 0 0 
952 136 0 0 0 0 0 0 0 0 0 0 0 0 0 0 
968 136 0 0 0 0 0 0 0 0 0 0 0 0 0 0 
984 136 0 0 0 0 0 0 0 0 0 0 0 0 0 0 
1000 136 0 0 0 0 0 0 0 0 0 0 0 0 0 0 
1016 136 0 0 0 0 0 0 0 0 0 0 0 0 0 0 
1032 136 0 0 0 0 0 0 0 0 0 0 0 0 0 0 
1048 136 0 0 0 0 0 0 0 0 0 0 0 0 0 0 
1064 136 0 0 0 0 0 0 0 0 0 0 0 0 0 0 
1080 136 0 0 0 0 0 0 0 0 0 0 0 0 0 0 
1096 136 0 0 0 0 0 0 0 0 0 0 0 0 0 0 
1112 136 0 0 0 0 0 0 0 0 0 0 0 0 0 0 
1128 136 0 0 0 0 0 0 0 0 0 0 0 0 0 0 
1144 136 0 0 0 0 0 0 0 0 0 0 0 0 0 0 
1160 136 0 0 0 0 0 0 0 0 0 0 0 0 0 0 
1176 136 0 0 0 0 0 0 0 0 0 0 0 0 0 0 
1192 136 0 0 0 0 0 0 0 0 0 0 0 0 0 0 
1208 136 0 0 0 0 0 0 0 0 0 0 0 0 0 0 
1224 136 0 0 0 0 0 0 0 0 0 0 0 0 0 0 
1240 136 0 0 0 0 0 0 0 0 0 0 0 0 0 0 
1256 136 0 0 0 0 0 0 0 0 0 0 0 0 0 0 
1272 136 0 0 0 0 0 0 0 0 0 0 0 0 0 0 
1288 136 0 0 0 0 0 0 0 0 0 0 0 0 0 0 
1304 136 0 0 0 0 0 0 0 0 0 0 0 0 0 0 
1320 136 0 0 0 0 0 0 0 0 0 0 0 0 0 0 
1336 136 0 0 0 0 0 0 0 0 0 0 0 0 0 0 
1352 136 0 0 0 0 0 0 0 0 0 0 0 0 0 0 
1368 136 0 0 0 0 0 0 0 0 0 0 0 0 0 0 
1384 136 0 0 0 0 0 0 0 0 0 0 0 0 0 0 
1400 136 0 0 0 0 0 0 0 0 0 0 0 0 0 0 
1416 136 0 0 0 0 0 0 0 0 0 0 0 0 0 0 
1432 136 0 0 0 0 0 0 0 0 0 0 0 0 0 0 
1448 136 0 0 0 0 0 0 0 0 0 0 0 0 0 0 
1464 136 0 0 0 0 0 0 0 0 0 0 0 0 0 0 
1480 136 0 0 0 0 0 0 0 0 0 0 0 0 0 0 
1496 136 0 0 0 0 0 0 0 0 0 0 0 0 0 0 
1512 136 0 0 0 0 0 0 0 0 0 0 0 0 0 0 
1528 136 0 0 0 0 0 0 0 0 0 0 0 0 0 0 
1544 136 0 0 0 0 0 0 0 0 0 0 0 0 0 0 
1560 136 0 0 0 0 0 0 0 0 0 0 0 0 0 0 
1576 136 0 0 0 0 0 0 0 0 0 0 0 0 0 0 
1592 136 0 0 0 0 0 0 0 0 0 0 0 0 0 0 
1608 136 0 0 0 0 0 0 0 0 0 0 0 0 0 0 
1624 136 0 0 0 0 0 0 0 0 0 0 0 0 0 0 
1640 136 0 0 0 0 0 0 0 0 0 0 0 0 0 0 
1656 136 0 0 0 0 0 0 0 0 0 0 0 0 0 0 
1672 136 0 0 0 0 0 0 0 0 0 0 0 0 0 0 
1688 136 0 0 0 0 0 0 0 0 0 0 0 0 0 0 
1704 136 0 0 0 0 0 0 0 0 0 0 0 0 0 0 
1720 136 0 0 0 0 0 0 0 0 0 0 0 0 0 0 
1736 136 0 0 0 0 0 0 0 0 0 0 0 0 0 0 
1752 136 0 0 0 0 0 0 0 0 0 0 0 0 0 0 
1768 136 0 0 0 0 0 0 0 0 0 0 0 0 0 0 
1784 136 0 0 0 0 0 0 0 0 0 0 0 0 0 0 
1800 136 0 0 0 0 0 0 0 0 0 0 0 0 0 0 
1816 136 0 0 0 0 0 0 0 0 0 0 0 0 0 0 
1832 136 0 0 0 0 0 0 0 0 0 0 0 0 0 0 
1848 136 0 0 0 0 0 0 0 0 0 0 0 0 0 0 
1864 136 0 0 0 0 0 0 0 0 0 0 0 0 0 0 
1880 136 0 0 0 0 0 0 0 0 0 0 0 0 0 0 
1896 136 0 0 0 0 0 0 0 0 0 0 0 0 0 0 
1912 136 0 0 0 0 0 0 0 0 0 0 0 0 0 0 
1928 136 0 0 0 0 0 0 0 0 0 0 0 0 0 0 
1944 136 0 0 0 0 0 0 0 0 0 0 0 0 0 0 
1960 136 0 0 0 0 0 0 0 0 0 0 0 0 0 0 
1976 136 0 0 0 0 0 0 0 0 0 0 0 0 0 0 
1992 136 0 0 0 0 0 0 0 0 0 0 0 0 0 0 
2008 136 0 0 0 0 0 0 0 0 0 0 0 0 0 0 
2024 136 0 0 0 0 0 0 0 0 0 0 0 0 0 0 
2040 136 0 0 0 0 0 0 0 0 0 0 0 0 0 0 
2056 136 0 0 0 0 0 0 0 0 0 0 0 0 0 0 
2072 136 0 0 0 0 0 0 0 0 0 0 0 0 0 0 
2088 136 0 0 0 0 0 0 0 0 0 0 0 0 0 0 
2104 136 0 0 0 0 0 0 0 0 0 0 0 0 0 0 
2120 136 0 0 0 0 0 0 0 0 0 0 0 0 0 0 
2136 136 0 0 0 0 0 0 0 0 0 0 0 0 0 0 
2152 136 0 0 0 0 0 0 0 0 0 0 0 0 0 0 
2168 136 0 0 0 0 0 0 0 0 0 0 0 0 0 0 
2184 136 0 0 0 0 0 0 0 0 0 0 0 0 0 0 
2200 136 0 0 0 0 0 0 0 0 0 0 0 0 0 0 
2216 136 0 0 0 0 0 0 0 0 0 0 0 0 0 0 
2232 136 0 0 0 0 0 0 0 0 0 0 0 0 0 0 
2248 136 0 0 0 0 0 0 0 0 0 0 0 0 0 0 
2264 136 0 0 0 0 0 0 0 0 0 0 0 0 0 0 
2280 136 0 0 0 0 0 0 0 0 0 0 0 0 0 0 
2296 136 0 0 0 0 0 0 0 0 0 0 0 0 0 0 
2312 136 0 0 0 0 0 0 0 0 0 0 0 0 0 0 
2328 136 0 0 0 0 0 0 0 0 0 0 0 0 0 0 
2344 136 0 0 0 0 0 0 0 0 0 0 0 0 0 0 
2360 136 0 0 0 0 0 0 0 0 0 0 0 0 0 0 
2376 136 0 0 0 0 0 0 0 0 0 0 0 0 0 0 
2392 136 0 0 0 0 0 0 0 0 0 0 0 0 0 0 
2408 136 0 0 0 0 0 0 0 0 0 0 0 0 0 0 
2424 136 0 0 0 0 0 0 0 0 0 0 0 0 0 0 
2440 136 0 0 0 0 0 0 0 0 0 0 0 0 0 0 
2456 136 0 0 0 0 0 0 0 0 0 0 0 0 0 0 
2472 136 0 0 0 0 0 0 0 0 0 0 0 0 0 0 
2488 136 0 0 0 0 0 0 0 0 0 0 0 0 0 0 
2504 136 0 0 0 0 0 0 0 0 0 0 0 0 0 0 
2520 136 0 0 0 0 0 0 0 0 0 0 0 0 0 0 
2536 136 0 0 0 0 0 0 0 0 0 0 0 0 0 0 
24 152 0 0 0 0 0 0 0 0 0 0 0 0 0 0 
40 152 0 0 0 0 0 0 0 0 0 0 0 0 0 0 
56 152 0 0 0 0 0 0 0 0 0 0 0 0 0 0 
72 152 0 0 0 0 0 0 0 0 0 0 0 0 0 0 
88 152 0 0 0 0 0 0 0 0 0 0 0 0 0 0 
104 152 0 0 0 0 0 0 0 0 0 0 0 0 0 0 
120 152 0 0 0 0 0 0 0 0 0 0 0 0 0 0 
136 152 0 0 0 0 0 0 0 0 0 0 0 0 0 0 
152 152 0 0 0 0 0 0 0 0 0 0 0 0 0 0 
168 152 0 0 0 0 0 0 0 0 0 0 0 0 0 0 
184 152 0 0 0 0 0 0 0 0 0 0 0 0 0 0 
200 152 0 0 0 0 0 0 0 0 0 0 0 0 0 0 
216 152 0 0 0 0 0 0 0 0 0 0 0 0 0 0 
232 152 0 0 0 0 0 0 0 0 0 0 0 0 0 0 
248 152 0 0 0 0 0 0 0 0 0 0 0 0 0 0 
264 152 0 0 0 0 0 0 0 0 0 0 0 0 0 0 
280 152 0 0 0 0 0 0 0 0 0 0 0 0 0 0 
296 152 0 0 0 0 0 0 0 0 0 0 0 0 0 0 
312 152 0 0 0 0 0 0 0 0 0 0 0 0 0 0 
328 152 0 0 0 0 0 0 0 0 0 0 0 0 0 0 
344 152 0 0 0 0 0 0 0 0 0 0 0 0 0 0 
360 152 0 0 0 0 0 0 0 0 0 0 0 0 0 0 
376 152 0 0 0 0 0 0 0 0 0 0 0 0 0 0 
392 152 0 0 0 0 0 0 0 0 0 0 0 0 0 0 
408 152 0 0 0 0 0 0 0 0 0 0 0 0 0 0 
424 152 0 0 0 0 0 0 0 0 0 0 0 0 0 0 
440 152 0 0 0 0 0 0 0 0 0 0 0 0 0 0 
456 152 0 0 0 0 0 0 0 0 0 0 0 0 0 0 
472 152 0 0 0 0 0 0 0 0 0 0 0 0 0 0 
488 152 0 0 0 0 0 0 0 0 0 0 0 0 0 0 
504 152 0 0 0 0 0 0 0 0 0 0 0 0 0 0 
520 152 0 0 0 0 0 0 0 0 0 0 0 0 0 0 
536 152 0 0 0 0 0 0 0 0 0 0 0 0 0 0 
552 152 0 0 0 0 0 0 0 0 0 0 0 0 0 0 
568 152 0 0 0 0 0 0 0 0 0 0 0 0 0 0 
584 152 0 0 0 0 0 0 0 0 0 0 0 0 0 0 
600 152 0 0 0 0 0 0 0 0 0 0 0 0 0 0 
616 152 0 0 0 0 0 0 0 0 0 0 0 0 0 0 
632 152 0 0 0 0 0 0 0 0 0 0 0 0 0 0 
648 152 0 0 0 0 0 0 0 0 0 0 0 0 0 0 
664 152 0 0 0 0 0 0 0 0 0 0 0 0 0 0 
680 152 0 0 0 0 0 0 0 0 0 0 0 0 0 0 
696 152 0 0 0 0 0 0 0 0 0 0 0 0 0 0 
712 152 0 0 0 0 0 0 0 0 0 0 0 0 0 0 
728 152 0 0 0 0 0 0 0 0 0 0 0 0 0 0 
744 152 0 0 0 0 0 0 0 0 0 0 0 0 0 0 
760 152 0 0 0 0 0 0 0 0 0 0 0 0 0 0 
776 152 0 0 0 0 0 0 0 0 0 0 0 0 0 0 
792 152 0 0 0 0 0 0 0 0 0 0 0 0 0 0 
808 152 0 0 0 0 0 0 0 0 0 0 0 0 0 0 
824 152 0 0 0 0 0 0 0 0 0 0 0 0 0 0 
840 152 0 0 0 0 0 0 0 0 0 0 0 0 0 0 
856 152 0 0 0 0 0 0 0 0 0 0 0 0 0 0 
872 152 0 0 0 0 0 0 0 0 0 0 0 0 0 0 
888 152 0 0 0 0 0 0 0 0 0 0 0 0 0 0 
904 152 0 0 0 0 0 0 0 0 0 0 0 0 0 0 
920 152 0 0 0 0 0 0 0 0 0 0 0 0 0 0 
936 152 0 0 0 0 0 0 0 0 0 0 0 0 0 0 
952 152 0 0 0 0 0 0 0 0 0 0 0 0 0 0 
968 152 0 0 0 0 0 0 0 0 0 0 0 0 0 0 
984 152 0 0 0 0 0 0 0 0 0 0 0 0 0 0 
1000 152 0 0 0 0 0 0 0 0 0 0 0 0 0 0 
1016 152 0 0 0 0 0 0 0 0 0 0 0 0 0 0 
1032 152 0 0 0 0 0 0 0 0 0 0 0 0 0 0 
1048 152 0 0 0 0 0 0 0 0 0 0 0 0 0 0 
1064 152 0 0 0 0 0 0 0 0 0 0 0 0 0 0 
1080 152 0 0 0 0 0 0 0 0 0 0 0 0 0 0 
1096 152 0 0 0 0 0 0 0 0 0 0 0 0 0 0 
1112 152 0 0 0 0 0 0 0 0 0 0 0 0 0 0 
1128 152 0 0 0 0 0 0 0 0 0 0 0 0 0 0 
1144 152 0 0 0 0 0 0 0 0 0 0 0 0 0 0 
1160 152 0 0 0 0 0 0 0 0 0 0 0 0 0 0 
1176 152 0 0 0 0 0 0 0 0 0 0 0 0 0 0 
1192 152 0 0 0 0 0 0 0 0 0 0 0 0 0 0 
1208 152 0 0 0 0 0 0 0 0 0 0 0 0 0 0 
1224 152 0 0 0 0 0 0 0 0 0 0 0 0 0 0 
1240 152 0 0 0 0 0 0 0 0 0 0 0 0 0 0 
1256 152 0 0 0 0 0 0 0 0 0 0 0 0 0 0 
1272 152 0 0 0 0 0 0 0 0 0 0 0 0 0 0 
1288 152 0 0 0 0 0 0 0 0 0 0 0 0 0 0 
1304 152 0 0 0 0 0 0 0 0 0 0 0 0 0 0 
1320 152 0 0 0 0 0 0 0 0 0 0 0 0 0 0 
1336 152 0 0 0 0 0 0 0 0 0 0 0 0 0 0 
1352 152 0 0 0 0 0 0 0 0 0 0 0 0 0 0 
1368 152 0 0 0 0 0 0 0 0 0 0 0 0 0 0 
1384 152 0 0 0 0 0 0 0 0 0 0 0 0 0 0 
1400 152 0 0 0 0 0 0 0 0 0 0 0 0 0 0 
1416 152 0 0 0 0 0 0 0 0 0 0 0 0 0 0 
1432 152 0 0 0 0 0 0 0 0 0 0 0 0 0 0 
1448 152 0 0 0 0 0 0 0 0 0 0 0 0 0 0 
1464 152 0 0 0 0 0 0 0 0 0 0 0 0 0 0 
1480 152 0 0 0 0 0 0 0 0 0 0 0 0 0 0 
1496 152 0 0 0 0 0 0 0 0 0 0 0 0 0 0 
1512 152 0 0 0 0 0 0 0 0 0 0 0 0 0 0 
1528 152 0 0 0 0 0 0 0 0 0 0 0 0 0 0 
1544 152 0 0 0 0 0 0 0 0 0 0 0 0 0 0 
1560 152 0 0 0 0 0 0 0 0 0 0 0 0 0 0 
1576 152 0 0 0 0 0 0 0 0 0 0 0 0 0 0 
1592 152 0 0 0 0 0 0 0 0 0 0 0 0 0 0 
1608 152 0 0 0 0 0 0 0 0 0 0 0 0 0 0 
1624 152 0 0 0 0 0 0 0 0 0 0 0 0 0 0 
1640 152 0 0 0 0 0 0 0 0 0 0 0 0 0 0 
1656 152 0 0 0 0 0 0 0 0 0 0 0 0 0 0 
1672 152 0 0 0 0 0 0 0 0 0 0 0 0 0 0 
1688 152 0 0 0 0 0 0 0 0 0 0 0 0 0 0 
1704 152 0 0 0 0 0 0 0 0 0 0 0 0 0 0 
1720 152 0 0 0 0 0 0 0 0 0 0 0 0 0 0 
1736 152 0 0 0 0 0 0 0 0 0 0 0 0 0 0 
1752 152 0 0 0 0 0 0 0 0 0 0 0 0 0 0 
1768 152 0 0 0 0 0 0 0 0 0 0 0 0 0 0 
1784 152 0 0 0 0 0 0 0 0 0 0 0 0 0 0 
1800 152 0 0 0 0 0 0 0 0 0 0 0 0 0 0 
1816 152 0 0 0 0 0 0 0 0 0 0 0 0 0 0 
1832 152 0 0 0 0 0 0 0 0 0 0 0 0 0 0 
1848 152 0 0 0 0 0 0 0 0 0 0 0 0 0 0 
1864 152 0 0 0 0 0 0 0 0 0 0 0 0 0 0 
1880 152 0 0 0 0 0 0 0 0 0 0 0 0 0 0 
1896 152 0 0 0 0 0 0 0 0 0 0 0 0 0 0 
1912 152 0 0 0 0 0 0 0 0 0 0 0 0 0 0 
1928 152 0 0 0 0 0 0 0 0 0 0 0 0 0 0 
1944 152 0 0 0 0 0 0 0 0 0 0 0 0 0 0 
1960 152 0 0 0 0 0 0 0 0 0 0 0 0 0 0 
1976 152 0 0 0 0 0 0 0 0 0 0 0 0 0 0 
1992 152 0 0 0 0 0 0 0 0 0 0 0 0 0 0 
2008 152 0 0 0 0 0 0 0 0 0 0 0 0 0 0 
2024 152 0 0 0 0 0 0 0 0 0 0 0 0 0 0 
2040 152 0 0 0 0 0 0 0 0 0 0 0 0 0 0 
2056 152 0 0 0 0 0 0 0 0 0 0 0 0 0 0 
2072 152 0 0 0 0 0 0 0 0 0 0 0 0 0 0 
2088 152 0 0 0 0 0 0 0 0 0 0 0 0 0 0 
2104 152 0 0 0 0 0 0 0 0 0 0 0 0 0 0 
2120 152 0 0 0 0 0 0 0 0 0 0 0 0 0 0 
2136 152 0 0 0 0 0 0 0 0 0 0 0 0 0 0 
2152 152 0 0 0 0 0 0 0 0 0 0 0 0 0 0 
2168 152 0 0 0 0 0 0 0 0 0 0 0 0 0 0 
2184 152 0 0 0 0 0 0 0 0 0 0 0 0 0 0 
2200 152 0 0 0 0 0 0 0 0 0 0 0 0 0 0 
2216 152 0 0 0 0 0 0 0 0 0 0 0 0 0 0 
2232 152 0 0 0 0 0 0 0 0 0 0 0 0 0 0 
2248 152 0 0 0 0 0 0 0 0 0 0 0 0 0 0 
2264 152 0 0 0 0 0 0 0 0 0 0 0 0 0 0 
2280 152 0 0 0 0 0 0 0 0 0 0 0 0 0 0 
2296 152 0 0 0 0 0 0 0 0 0 0 0 0 0 0 
2312 152 0 0 0 0 0 0 0 0 0 0 0 0 0 0 
2328 152 0 0 0 0 0 0 0 0 0 0 0 0 0 0 
2344 152 0 0 0 0 0 0 0 0 0 0 0 0 0 0 
2360 152 0 0 0 0 0 0 0 0 0 0 0 0 0 0 
2376 152 0 0 0 0 0 0 0 0 0 0 0 0 0 0 
2392 152 0 0 0 0 0 0 0 0 0 0 0 0 0 0 
2408 152 0 0 0 0 0 0 0 0 0 0 0 0 0 0 
2424 152 0 0 0 0 0 0 0 0 0 0 0 0 0 0 
2440 152 0 0 0 0 0 0 0 0 0 0 0 0 0 0 
2456 152 0 0 0 0 0 0 0 0 0 0 0 0 0 0 
2472 152 0 0 0 0 0 0 0 0 0 0 0 0 0 0 
2488 152 0 0 0 0 0 0 0 0 0 0 0 0 0 0 
2504 152 0 0 0 0 0 0 0 0 0 0 0 0 0 0 
2520 152 0 0 0 0 0 0 0 0 0 0 0 0 0 0 
2536 152 0 0 0 0 0 0 0 0 0 0 0 0 0 0 
24 168 0 0 0 0 0 0 0 0 0 0 0 0 0 0 
40 168 0 0 0 0 0 0 0 0 0 0 0 0 0 0 
56 168 0 0 0 0 0 0 0 0 0 0 0 0 0 0 
72 168 0 0 0 0 0 0 0 0 0 0 0 0 0 0 
88 168 0 0 0 0 0 0 0 0 0 0 0 0 0 0 
104 168 0 0 0 0 0 0 0 0 0 0 0 0 0 0 
120 168 0 0 0 0 0 0 0 0 0 0 0 0 0 0 
136 168 0 0 0 0 0 0 0 0 0 0 0 0 0 0 
152 168 0 0 0 0 0 0 0 0 0 0 0 0 0 0 
168 168 0 0 0 0 0 0 0 0 0 0 0 0 0 0 
184 168 0 0 0 0 0 0 0 0 0 0 0 0 0 0 
200 168 0 0 0 0 0 0 0 0 0 0 0 0 0 0 
216 168 0 0 0 0 0 0 0 0 0 0 0 0 0 0 
232 168 0 0 0 0 0 0 0 0 0 0 0 0 0 0 
248 168 0 0 0 0 0 0 0 0 0 0 0 0 0 0 
264 168 0 0 0 0 0 0 0 0 0 0 0 0 0 0 
280 168 0 0 0 0 0 0 0 0 0 0 0 0 0 0 
296 168 0 0 0 0 0 0 0 0 0 0 0 0 0 0 
312 168 0 0 0 0 0 0 0 0 0 0 0 0 0 0 
328 168 0 0 0 0 0 0 0 0 0 0 0 0 0 0 
344 168 0 0 0 0 0 0 0 0 0 0 0 0 0 0 
360 168 0 0 0 0 0 0 0 0 0 0 0 0 0 0 
376 168 0 0 0 0 0 0 0 0 0 0 0 0 0 0 
392 168 0 0 0 0 0 0 0 0 0 0 0 0 0 0 
408 168 0 0 0 0 0 0 0 0 0 0 0 0 0 0 
424 168 0 0 0 0 0 0 0 0 0 0 0 0 0 0 
440 168 0 0 0 0 0 0 0 0 0 0 0 0 0 0 
456 168 0 0 0 0 0 0 0 0 0 0 0 0 0 0 
472 168 0 0 0 0 0 0 0 0 0 0 0 0 0 0 
488 168 0 0 0 0 0 0 0 0 0 0 0 0 0 0 
504 168 0 0 0 0 0 0 0 0 0 0 0 0 0 0 
520 168 0 0 0 0 0 0 0 0 0 0 0 0 0 0 
536 168 0 0 0 0 0 0 0 0 0 0 0 0 0 0 
552 168 0 0 0 0 0 0 0 0 0 0 0 0 0 0 
568 168 0 0 0 0 0 0 0 0 0 0 0 0 0 0 
584 168 0 0 0 0 0 0 0 0 0 0 0 0 0 0 
600 168 0 0 0 0 0 0 0 0 0 0 0 0 0 0 
616 168 0 0 0 0 0 0 0 0 0 0 0 0 0 0 
632 168 0 0 0 0 0 0 0 0 0 0 0 0 0 0 
648 168 0 0 0 0 0 0 0 0 0 0 0 0 0 0 
664 168 0 0 0 0 0 0 0 0 0 0 0 0 0 0 
680 168 0 0 0 0 0 0 0 0 0 0 0 0 0 0 
696 168 0 0 0 0 0 0 0 0 0 0 0 0 0 0 
712 168 0 0 0 0 0 0 0 0 0 0 0 0 0 0 
728 168 0 0 0 0 0 0 0 0 0 0 0 0 0 0 
744 168 0 0 0 0 0 0 0 0 0 0 0 0 0 0 
760 168 0 0 0 0 0 0 0 0 0 0 0 0 0 0 
776 168 0 0 0 0 0 0 0 0 0 0 0 0 0 0 
792 168 0 0 0 0 0 0 0 0 0 0 0 0 0 0 
808 168 0 0 0 0 0 0 0 0 0 0 0 0 0 0 
824 168 0 0 0 0 0 0 0 0 0 0 0 0 0 0 
840 168 0 0 0 0 0 0 0 0 0 0 0 0 0 0 
856 168 0 0 0 0 0 0 0 0 0 0 0 0 0 0 
872 168 0 0 0 0 0 0 0 0 0 0 0 0 0 0 
888 168 0 0 0 0 0 0 0 0 0 0 0 0 0 0 
904 168 0 0 0 0 0 0 0 0 0 0 0 0 0 0 
920 168 0 0 0 0 0 0 0 0 0 0 0 0 0 0 
936 168 0 0 0 0 0 0 0 0 0 0 0 0 0 0 
952 168 0 0 0 0 0 0 0 0 0 0 0 0 0 0 
968 168 0 0 0 0 0 0 0 0 0 0 0 0 0 0 
984 168 0 0 0 0 0 0 0 0 0 0 0 0 0 0 
1000 168 0 0 0 0 0 0 0 0 0 0 0 0 0 0 
1016 168 0 0 0 0 0 0 0 0 0 0 0 0 0 0 
1032 168 0 0 0 0 0 0 0 0 0 0 0 0 0 0 
1048 168 0 0 0 0 0 0 0 0 0 0 0 0 0 0 
1064 168 0 0 0 0 0 0 0 0 0 0 0 0 0 0 
1080 168 0 0 0 0 0 0 0 0 0 0 0 0 0 0 
1096 168 0 0 0 0 0 0 0 0 0 0 0 0 0 0 
1112 168 0 0 0 0 0 0 0 0 0 0 0 0 0 0 
1128 168 0 0 0 0 0 0 0 0 0 0 0 0 0 0 
1144 168 0 0 0 0 0 0 0 0 0 0 0 0 0 0 
1160 168 0 0 0 0 0 0 0 0 0 0 0 0 0 0 
1176 168 0 0 0 0 0 0 0 0 0 0 0 0 0 0 
1192 168 0 0 0 0 0 0 0 0 0 0 0 0 0 0 
1208 168 0 0 0 0 0 0 0 0 0 0 0 0 0 0 
1224 168 0 0 0 0 0 0 0 0 0 0 0 0 0 0 
1240 168 0 0 0 0 0 0 0 0 0 0 0 0 0 0 
1256 168 0 0 0 0 0 0 0 0 0 0 0 0 0 0 
1272 168 0 0 0 0 0 0 0 0 0 0 0 0 0 0 
1288 168 0 0 0 0 0 0 0 0 0 0 0 0 0 0 
1304 168 0 0 0 0 0 0 0 0 0 0 0 0 0 0 
1320 168 0 0 0 0 0 0 0 0 0 0 0 0 0 0 
1336 168 0 0 0 0 0 0 0 0 0 0 0 0 0 0 
1352 168 0 0 0 0 0 0 0 0 0 0 0 0 0 0 
1368 168 0 0 0 0 0 0 0 0 0 0 0 0 0 0 
1384 168 0 0 0 0 0 0 0 0 0 0 0 0 0 0 
1400 168 0 0 0 0 0 0 0 0 0 0 0 0 0 0 
1416 168 0 0 0 0 0 0 0 0 0 0 0 0 0 0 
1432 168 0 0 0 0 0 0 0 0 0 0 0 0 0 0 
1448 168 0 0 0 0 0 0 0 0 0 0 0 0 0 0 
1464 168 0 0 0 0 0 0 0 0 0 0 0 0 0 0 
1480 168 0 0 0 0 0 0 0 0 0 0 0 0 0 0 
1496 168 0 0 0 0 0 0 0 0 0 0 0 0 0 0 
1512 168 0 0 0 0 0 0 0 0 0 0 0 0 0 0 
1528 168 0 0 0 0 0 0 0 0 0 0 0 0 0 0 
1544 168 0 0 0 0 0 0 0 0 0 0 0 0 0 0 
1560 168 0 0 0 0 0 0 0 0 0 0 0 0 0 0 
1576 168 0 0 0 0 0 0 0 0 0 0 0 0 0 0 
1592 168 0 0 0 0 0 0 0 0 0 0 0 0 0 0 
1608 168 0 0 0 0 0 0 0 0 0 0 0 0 0 0 
1624 168 0 0 0 0 0 0 0 0 0 0 0 0 0 0 
1640 168 0 0 0 0 0 0 0 0 0 0 0 0 0 0 
1656 168 0 0 0 0 0 0 0 0 0 0 0 0 0 0 
1672 168 0 0 0 0 0 0 0 0 0 0 0 0 0 0 
1688 168 0 0 0 0 0 0 0 0 0 0 0 0 0 0 
1704 168 0 0 0 0 0 0 0 0 0 0 0 0 0 0 
1720 168 0 0 0 0 0 0 0 0 0 0 0 0 0 0 
1736 168 0 0 0 0 0 0 0 0 0 0 0 0 0 0 
1752 168 0 0 0 0 0 0 0 0 0 0 0 0 0 0 
1768 168 0 0 0 0 0 0 0 0 0 0 0 0 0 0 
1784 168 0 0 0 0 0 0 0 0 0 0 0 0 0 0 
1800 168 0 0 0 0 0 0 0 0 0 0 0 0 0 0 
1816 168 0 0 0 0 0 0 0 0 0 0 0 0 0 0 
1832 168 0 0 0 0 0 0 0 0 0 0 0 0 0 0 
1848 168 0 0 0 0 0 0 0 0 0 0 0 0 0 0 
1864 168 0 0 0 0 0 0 0 0 0 0 0 0 0 0 
1880 168 0 0 0 0 0 0 0 0 0 0 0 0 0 0 
1896 168 0 0 0 0 0 0 0 0 0 0 0 0 0 0 
1912 168 0 0 0 0 0 0 0 0 0 0 0 0 0 0 
1928 168 0 0 0 0 0 0 0 0 0 0 0 0 0 0 
1944 168 0 0 0 0 0 0 0 0 0 0 0 0 0 0 
1960 168 0 0 0 0 0 0 0 0 0 0 0 0 0 0 
1976 168 0 0 0 0 0 0 0 0 0 0 0 0 0 0 
1992 168 0 0 0 0 0 0 0 0 0 0 0 0 0 0 
2008 168 0 0 0 0 0 0 0 0 0 0 0 0 0 0 
2024 168 0 0 0 0 0 0 0 0 0 0 0 0 0 0 
2040 168 0 0 0 0 0 0 0 0 0 0 0 0 0 0 
2056 168 0 0 0 0 0 0 0 0 0 0 0 0 0 0 
2072 168 0 0 0 0 0 0 0 0 0 0 0 0 0 0 
2088 168 0 0 0 0 0 0 0 0 0 0 0 0 0 0 
2104 168 0 0 0 0 0 0 0 0 0 0 0 0 0 0 
2120 168 0 0 0 0 0 0 0 0 0 0 0 0 0 0 
2136 168 0 0 0 0 0 0 0 0 0 0 0 0 0 0 
2152 168 0 0 0 0 0 0 0 0 0 0 0 0 0 0 
2168 168 0 0 0 0 0 0 0 0 0 0 0 0 0 0 
2184 168 0 0 0 0 0 0 0 0 0 0 0 0 0 0 
2200 168 0 0 0 0 0 0 0 0 0 0 0 0 0 0 
2216 168 0 0 0 0 0 0 0 0 0 0 0 0 0 0 
2232 168 0 0 0 0 0 0 0 0 0 0 0 0 0 0 
2248 168 0 0 0 0 0 0 0 0 0 0 0 0 0 0 
2264 168 0 0 0 0 0 0 0 0 0 0 0 0 0 0 
2280 168 0 0 0 0 0 0 0 0 0 0 0 0 0 0 
2296 168 0 0 0 0 0 0 0 0 0 0 0 0 0 0 
2312 168 0 0 0 0 0 0 0 0 0 0 0 0 0 0 
2328 168 0 0 0 0 0 0 0 0 0 0 0 0 0 0 
2344 168 0 0 0 0 0 0 0 0 0 0 0 0 0 0 
2360 168 0 0 0 0 0 0 0 0 0 0 0 0 0 0 
2376 168 0 0 0 0 0 0 0 0 0 0 0 0 0 0 
2392 168 0 0 0 0 0 0 0 0 0 0 0 0 0 0 
2408 168 0 0 0 0 0 0 0 0 0 0 0 0 0 0 
2424 168 0 0 0 0 0 0 0 0 0 0 0 0 0 0 
2440 168 0 0 0 0 0 0 0 0 0 0 0 0 0 0 
2456 168 0 0 0 0 0 0 0 0 0 0 0 0 0 0 
2472 168 0 0 0 0 0 0 0 0 0 0 0 0 0 0 
2488 168 0 0 0 0 0 0 0 0 0 0 0 0 0 0 
2504 168 0 0 0 0 0 0 0 0 0 0 0 0 0 0 
2520 168 0 0 0 0 0 0 0 0 0 0 0 0 0 0 
2536 168 0 0 0 0 0 0 0 0 0 0 0 0 0 0 
24 184 0 0 0 0 0 0 0 0 0 0 0 0 0 0 
40 184 0 0 0 0 0 0 0 0 0 0 0 0 0 0 
56 184 0 0 0 0 0 0 0 0 0 0 0 0 0 0 
72 184 0 0 0 0 0 0 0 0 0 0 0 0 0 0 
88 184 0 0 0 0 0 0 0 0 0 0 0 0 0 0 
104 184 0 0 0 0 0 0 0 0 0 0 0 0 0 0 
120 184 0 0 0 0 0 0 0 0 0 0 0 0 0 0 
136 184 0 0 0 0 0 0 0 0 0 0 0 0 0 0 
152 184 0 0 0 0 0 0 0 0 0 0 0 0 0 0 
168 184 0 0 0 0 0 0 0 0 0 0 0 0 0 0 
184 184 0 0 0 0 0 0 0 0 0 0 0 0 0 0 
200 184 0 0 0 0 0 0 0 0 0 0 0 0 0 0 
216 184 0 0 0 0 0 0 0 0 0 0 0 0 0 0 
232 184 0 0 0 0 0 0 0 0 0 0 0 0 0 0 
248 184 0 0 0 0 0 0 0 0 0 0 0 0 0 0 
264 184 0 0 0 0 0 0 0 0 0 0 0 0 0 0 
280 184 0 0 0 0 0 0 0 0 0 0 0 0 0 0 
296 184 0 0 0 0 0 0 0 0 0 0 0 0 0 0 
312 184 0 0 0 0 0 0 0 0 0 0 0 0 0 0 
328 184 0 0 0 0 0 0 0 0 0 0 0 0 0 0 
344 184 0 0 0 0 0 0 0 0 0 0 0 0 0 0 
360 184 0 0 0 0 0 0 0 0 0 0 0 0 0 0 
376 184 0 0 0 0 0 0 0 0 0 0 0 0 0 0 
392 184 0 0 0 0 0 0 0 0 0 0 0 0 0 0 
408 184 0 0 0 0 0 0 0 0 0 0 0 0 0 0 
424 184 0 0 0 0 0 0 0 0 0 0 0 0 0 0 
440 184 0 0 0 0 0 0 0 0 0 0 0 0 0 0 
456 184 0 0 0 0 0 0 0 0 0 0 0 0 0 0 
472 184 0 0 0 0 0 0 0 0 0 0 0 0 0 0 
488 184 0 0 0 0 0 0 0 0 0 0 0 0 0 0 
504 184 0 0 0 0 0 0 0 0 0 0 0 0 0 0 
520 184 0 0 0 0 0 0 0 0 0 0 0 0 0 0 
536 184 0 0 0 0 0 0 0 0 0 0 0 0 0 0 
552 184 0 0 0 0 0 0 0 0 0 0 0 0 0 0 
568 184 0 0 0 0 0 0 0 0 0 0 0 0 0 0 
584 184 0 0 0 0 0 0 0 0 0 0 0 0 0 0 
600 184 0 0 0 0 0 0 0 0 0 0 0 0 0 0 
616 184 0 0 0 0 0 0 0 0 0 0 0 0 0 0 
632 184 0 0 0 0 0 0 0 0 0 0 0 0 0 0 
648 184 0 0 0 0 0 0 0 0 0 0 0 0 0 0 
664 184 0 0 0 0 0 0 0 0 0 0 0 0 0 0 
680 184 0 0 0 0 0 0 0 0 0 0 0 0 0 0 
696 184 0 0 0 0 0 0 0 0 0 0 0 0 0 0 
712 184 0 0 0 0 0 0 0 0 0 0 0 0 0 0 
728 184 0 0 0 0 0 0 0 0 0 0 0 0 0 0 
744 184 0 0 0 0 0 0 0 0 0 0 0 0 0 0 
760 184 0 0 0 0 0 0 0 0 0 0 0 0 0 0 
776 184 0 0 0 0 0 0 0 0 0 0 0 0 0 0 
792 184 0 0 0 0 0 0 0 0 0 0 0 0 0 0 
808 184 0 0 0 0 0 0 0 0 0 0 0 0 0 0 
824 184 0 0 0 0 0 0 0 0 0 0 0 0 0 0 
840 184 0 0 0 0 0 0 0 0 0 0 0 0 0 0 
856 184 0 0 0 0 0 0 0 0 0 0 0 0 0 0 
872 184 0 0 0 0 0 0 0 0 0 0 0 0 0 0 
888 184 0 0 0 0 0 0 0 0 0 0 0 0 0 0 
904 184 0 0 0 0 0 0 0 0 0 0 0 0 0 0 
920 184 0 0 0 0 0 0 0 0 0 0 0 0 0 0 
936 184 0 0 0 0 0 0 0 0 0 0 0 0 0 0 
952 184 0 0 0 0 0 0 0 0 0 0 0 0 0 0 
968 184 0 0 0 0 0 0 0 0 0 0 0 0 0 0 
984 184 0 0 0 0 0 0 0 0 0 0 0 0 0 0 
1000 184 0 0 0 0 0 0 0 0 0 0 0 0 0 0 
1016 184 0 0 0 0 0 0 0 0 0 0 0 0 0 0 
1032 184 0 0 0 0 0 0 0 0 0 0 0 0 0 0 
1048 184 0 0 0 0 0 0 0 0 0 0 0 0 0 0 
1064 184 0 0 0 0 0 0 0 0 0 0 0 0 0 0 
1080 184 0 0 0 0 0 0 0 0 0 0 0 0 0 0 
1096 184 0 0 0 0 0 0 0 0 0 0 0 0 0 0 
1112 184 0 0 0 0 0 0 0 0 0 0 0 0 0 0 
1128 184 0 0 0 0 0 0 0 0 0 0 0 0 0 0 
1144 184 0 0 0 0 0 0 0 0 0 0 0 0 0 0 
1160 184 0 0 0 0 0 0 0 0 0 0 0 0 0 0 
1176 184 0 0 0 0 0 0 0 0 0 0 0 0 0 0 
1192 184 0 0 0 0 0 0 0 0 0 0 0 0 0 0 
1208 184 0 0 0 0 0 0 0 0 0 0 0 0 0 0 
1224 184 0 0 0 0 0 0 0 0 0 0 0 0 0 0 
1240 184 0 0 0 0 0 0 0 0 0 0 0 0 0 0 
1256 184 0 0 0 0 0 0 0 0 0 0 0 0 0 0 
1272 184 0 0 0 0 0 0 0 0 0 0 0 0 0 0 
1288 184 0 0 0 0 0 0 0 0 0 0 0 0 0 0 
1304 184 0 0 0 0 0 0 0 0 0 0 0 0 0 0 
1320 184 0 0 0 0 0 0 0 0 0 0 0 0 0 0 
1336 184 0 0 0 0 0 0 0 0 0 0 0 0 0 0 
1352 184 0 0 0 0 0 0 0 0 0 0 0 0 0 0 
1368 184 0 0 0 0 0 0 0 0 0 0 0 0 0 0 
1384 184 0 0 0 0 0 0 0 0 0 0 0 0 0 0 
1400 184 0 0 0 0 0 0 0 0 0 0 0 0 0 0 
1416 184 0 0 0 0 0 0 0 0 0 0 0 0 0 0 
1432 184 0 0 0 0 0 0 0 0 0 0 0 0 0 0 
1448 184 0 0 0 0 0 0 0 0 0 0 0 0 0 0 
1464 184 0 0 0 0 0 0 0 0 0 0 0 0 0 0 
1480 184 0 0 0 0 0 0 0 0 0 0 0 0 0 0 
1496 184 0 0 0 0 0 0 0 0 0 0 0 0 0 0 
1512 184 0 0 0 0 0 0 0 0 0 0 0 0 0 0 
1528 184 0 0 0 0 0 0 0 0 0 0 0 0 0 0 
1544 184 0 0 0 0 0 0 0 0 0 0 0 0 0 0 
1560 184 0 0 0 0 0 0 0 0 0 0 0 0 0 0 
1576 184 0 0 0 0 0 0 0 0 0 0 0 0 0 0 
1592 184 0 0 0 0 0 0 0 0 0 0 0 0 0 0 
1608 184 0 0 0 0 0 0 0 0 0 0 0 0 0 0 
1624 184 0 0 0 0 0 0 0 0 0 0 0 0 0 0 
1640 184 0 0 0 0 0 0 0 0 0 0 0 0 0 0 
1656 184 0 0 0 0 0 0 0 0 0 0 0 0 0 0 
1672 184 0 0 0 0 0 0 0 0 0 0 0 0 0 0 
1688 184 0 0 0 0 0 0 0 0 0 0 0 0 0 0 
1704 184 0 0 0 0 0 0 0 0 0 0 0 0 0 0 
1720 184 0 0 0 0 0 0 0 0 0 0 0 0 0 0 
1736 184 0 0 0 0 0 0 0 0 0 0 0 0 0 0 
1752 184 0 0 0 0 0 0 0 0 0 0 0 0 0 0 
1768 184 0 0 0 0 0 0 0 0 0 0 0 0 0 0 
1784 184 0 0 0 0 0 0 0 0 0 0 0 0 0 0 
1800 184 0 0 0 0 0 0 0 0 0 0 0 0 0 0 
1816 184 0 0 0 0 0 0 0 0 0 0 0 0 0 0 
1832 184 0 0 0 0 0 0 0 0 0 0 0 0 0 0 
1848 184 0 0 0 0 0 0 0 0 0 0 0 0 0 0 
1864 184 0 0 0 0 0 0 0 0 0 0 0 0 0 0 
1880 184 0 0 0 0 0 0 0 0 0 0 0 0 0 0 
1896 184 0 0 0 0 0 0 0 0 0 0 0 0 0 0 
1912 184 0 0 0 0 0 0 0 0 0 0 0 0 0 0 
1928 184 0 0 0 0 0 0 0 0 0 0 0 0 0 0 
1944 184 0 0 0 0 0 0 0 0 0 0 0 0 0 0 
1960 184 0 0 0 0 0 0 0 0 0 0 0 0 0 0 
1976 184 0 0 0 0 0 0 0 0 0 0 0 0 0 0 
1992 184 0 0 0 0 0 0 0 0 0 0 0 0 0 0 
2008 184 0 0 0 0 0 0 0 0 0 0 0 0 0 0 
2024 184 0 0 0 0 0 0 0 0 0 0 0 0 0 0 
2040 184 0 0 0 0 0 0 0 0 0 0 0 0 0 0 
2056 184 0 0 0 0 0 0 0 0 0 0 0 0 0 0 
2072 184 0 0 0 0 0 0 0 0 0 0 0 0 0 0 
2088 184 0 0 0 0 0 0 0 0 0 0 0 0 0 0 
2104 184 0 0 0 0 0 0 0 0 0 0 0 0 0 0 
2120 184 0 0 0 0 0 0 0 0 0 0 0 0 0 0 
2136 184 0 0 0 0 0 0 0 0 0 0 0 0 0 0 
2152 184 0 0 0 0 0 0 0 0 0 0 0 0 0 0 
2168 184 0 0 0 0 0 0 0 0 0 0 0 0 0 0 
2184 184 0 0 0 0 0 0 0 0 0 0 0 0 0 0 
2200 184 0 0 0 0 0 0 0 0 0 0 0 0 0 0 
2216 184 0 0 0 0 0 0 0 0 0 0 0 0 0 0 
2232 184 0 0 0 0 0 0 0 0 0 0 0 0 0 0 
2248 184 0 0 0 0 0 0 0 0 0 0 0 0 0 0 
2264 184 0 0 0 0 0 0 0 0 0 0 0 0 0 0 
2280 184 0 0 0 0 0 0 0 0 0 0 0 0 0 0 
2296 184 0 0 0 0 0 0 0 0 0 0 0 0 0 0 
2312 184 0 0 0 0 0 0 0 0 0 0 0 0 0 0 
2328 184 0 0 0 0 0 0 0 0 0 0 0 0 0 0 
2344 184 0 0 0 0 0 0 0 0 0 0 0 0 0 0 
2360 184 0 0 0 0 0 0 0 0 0 0 0 0 0 0 
2376 184 0 0 0 0 0 0 0 0 0 0 0 0 0 0 
2392 184 0 0 0 0 0 0 0 0 0 0 0 0 0 0 
2408 184 0 0 0 0 0 0 0 0 0 0 0 0 0 0 
2424 184 0 0 0 0 0 0 0 0 0 0 0 0 0 0 
2440 184 0 0 0 0 0 0 0 0 0 0 0 0 0 0 
2456 184 0 0 0 0 0 0 0 0 0 0 0 0 0 0 
2472 184 0 0 0 0 0 0 0 0 0 0 0 0 0 0 
2488 184 0 0 0 0 0 0 0 0 0 0 0 0 0 0 
2504 184 0 0 0 0 0 0 0 0 0 0 0 0 0 0 
2520 184 0 0 0 0 0 0 0 0 0 0 0 0 0 0 
2536 184 0 0 0 0 0 0 0 0 0 0 0 0 0 0 
24 200 0 0 0 0 0 0 0 0 0 0 0 0 0 0 
40 200 0 0 0 0 0 0 0 0 0 0 0 0 0 0 
56 200 0 0 0 0 0 0 0 0 0 0 0 0 0 0 
72 200 0 0 0 0 0 0 0 0 0 0 0 0 0 0 
88 200 0 0 0 0 0 0 0 0 0 0 0 0 0 0 
104 200 0 0 0 0 0 0 0 0 0 0 0 0 0 0 
120 200 0 0 0 0 0 0 0 0 0 0 0 0 0 0 
136 200 0 0 0 0 0 0 0 0 0 0 0 0 0 0 
152 200 0 0 0 0 0 0 0 0 0 0 0 0 0 0 
168 200 0 0 0 0 0 0 0 0 0 0 0 0 0 0 
184 200 0 0 0 0 0 0 0 0 0 0 0 0 0 0 
200 200 0 0 0 0 0 0 0 0 0 0 0 0 0 0 
216 200 0 0 0 0 0 0 0 0 0 0 0 0 0 0 
232 200 0 0 0 0 0 0 0 0 0 0 0 0 0 0 
248 200 0 0 0 0 0 0 0 0 0 0 0 0 0 0 
264 200 0 0 0 0 0 0 0 0 0 0 0 0 0 0 
280 200 0 0 0 0 0 0 0 0 0 0 0 0 0 0 
296 200 0 0 0 0 0 0 0 0 0 0 0 0 0 0 
312 200 0 0 0 0 0 0 0 0 0 0 0 0 0 0 
328 200 0 0 0 0 0 0 0 0 0 0 0 0 0 0 
344 200 0 0 0 0 0 0 0 0 0 0 0 0 0 0 
360 200 0 0 0 0 0 0 0 0 0 0 0 0 0 0 
376 200 0 0 0 0 0 0 0 0 0 0 0 0 0 0 
392 200 0 0 0 0 0 0 0 0 0 0 0 0 0 0 
408 200 0 0 0 0 0 0 0 0 0 0 0 0 0 0 
424 200 0 0 0 0 0 0 0 0 0 0 0 0 0 0 
440 200 0 0 0 0 0 0 0 0 0 0 0 0 0 0 
456 200 0 0 0 0 0 0 0 0 0 0 0 0 0 0 
472 200 0 0 0 0 0 0 0 0 0 0 0 0 0 0 
488 200 0 0 0 0 0 0 0 0 0 0 0 0 0 0 
504 200 0 0 0 0 0 0 0 0 0 0 0 0 0 0 
520 200 0 0 0 0 0 0 0 0 0 0 0 0 0 0 
536 200 0 0 0 0 0 0 0 0 0 0 0 0 0 0 
552 200 0 0 0 0 0 0 0 0 0 0 0 0 0 0 
568 200 0 0 0 0 0 0 0 0 0 0 0 0 0 0 
584 200 0 0 0 0 0 0 0 0 0 0 0 0 0 0 
600 200 0 0 0 0 0 0 0 0 0 0 0 0 0 0 
616 200 0 0 0 0 0 0 0 0 0 0 0 0 0 0 
632 200 0 0 0 0 0 0 0 0 0 0 0 0 0 0 
648 200 0 0 0 0 0 0 0 0 0 0 0 0 0 0 
664 200 0 0 0 0 0 0 0 0 0 0 0 0 0 0 
680 200 0 0 0 0 0 0 0 0 0 0 0 0 0 0 
696 200 0 0 0 0 0 0 0 0 0 0 0 0 0 0 
712 200 0 0 0 0 0 0 0 0 0 0 0 0 0 0 
728 200 0 0 0 0 0 0 0 0 0 0 0 0 0 0 
744 200 0 0 0 0 0 0 0 0 0 0 0 0 0 0 
760 200 0 0 0 0 0 0 0 0 0 0 0 0 0 0 
776 200 0 0 0 0 0 0 0 0 0 0 0 0 0 0 
792 200 0 0 0 0 0 0 0 0 0 0 0 0 0 0 
808 200 0 0 0 0 0 0 0 0 0 0 0 0 0 0 
824 200 0 0 0 0 0 0 0 0 0 0 0 0 0 0 
840 200 0 0 0 0 0 0 0 0 0 0 0 0 0 0 
856 200 0 0 0 0 0 0 0 0 0 0 0 0 0 0 
872 200 0 0 0 0 0 0 0 0 0 0 0 0 0 0 
888 200 0 0 0 0 0 0 0 0 0 0 0 0 0 0 
904 200 0 0 0 0 0 0 0 0 0 0 0 0 0 0 
920 200 0 0 0 0 0 0 0 0 0 0 0 0 0 0 
936 200 0 0 0 0 0 0 0 0 0 0 0 0 0 0 
952 200 0 0 0 0 0 0 0 0 0 0 0 0 0 0 
968 200 0 0 0 0 0 0 0 0 0 0 0 0 0 0 
984 200 0 0 0 0 0 0 0 0 0 0 0 0 0 0 
1000 200 0 0 0 0 0 0 0 0 0 0 0 0 0 0 
1016 200 0 0 0 0 0 0 0 0 0 0 0 0 0 0 
1032 200 0 0 0 0 0 0 0 0 0 0 0 0 0 0 
1048 200 0 0 0 0 0 0 0 0 0 0 0 0 0 0 
1064 200 0 0 0 0 0 0 0 0 0 0 0 0 0 0 
1080 200 0 0 0 0 0 0 0 0 0 0 0 0 0 0 
1096 200 0 0 0 0 0 0 0 0 0 0 0 0 0 0 
1112 200 0 0 0 0 0 0 0 0 0 0 0 0 0 0 
1128 200 0 0 0 0 0 0 0 0 0 0 0 0 0 0 
1144 200 0 0 0 0 0 0 0 0 0 0 0 0 0 0 
1160 200 0 0 0 0 0 0 0 0 0 0 0 0 0 0 
1176 200 0 0 0 0 0 0 0 0 0 0 0 0 0 0 
1192 200 0 0 0 0 0 0 0 0 0 0 0 0 0 0 
1208 200 0 0 0 0 0 0 0 0 0 0 0 0 0 0 
1224 200 0 0 0 0 0 0 0 0 0 0 0 0 0 0 
1240 200 0 0 0 0 0 0 0 0 0 0 0 0 0 0 
1256 200 0 0 0 0 0 0 0 0 0 0 0 0 0 0 
1272 200 0 0 0 0 0 0 0 0 0 0 0 0 0 0 
1288 200 0 0 0 0 0 0 0 0 0 0 0 0 0 0 
1304 200 0 0 0 0 0 0 0 0 0 0 0 0 0 0 
1320 200 0 0 0 0 0 0 0 0 0 0 0 0 0 0 
1336 200 0 0 0 0 0 0 0 0 0 0 0 0 0 0 
1352 200 0 0 0 0 0 0 0 0 0 0 0 0 0 0 
1368 200 0 0 0 0 0 0 0 0 0 0 0 0 0 0 
1384 200 0 0 0 0 0 0 0 0 0 0 0 0 0 0 
1400 200 0 0 0 0 0 0 0 0 0 0 0 0 0 0 
1416 200 0 0 0 0 0 0 0 0 0 0 0 0 0 0 
1432 200 0 0 0 0 0 0 0 0 0 0 0 0 0 0 
1448 200 0 0 0 0 0 0 0 0 0 0 0 0 0 0 
1464 200 0 0 0 0 0 0 0 0 0 0 0 0 0 0 
1480 200 0 0 0 0 0 0 0 0 0 0 0 0 0 0 
1496 200 0 0 0 0 0 0 0 0 0 0 0 0 0 0 
1512 200 0 0 0 0 0 0 0 0 0 0 0 0 0 0 
1528 200 0 0 0 0 0 0 0 0 0 0 0 0 0 0 
1544 200 0 0 0 0 0 0 0 0 0 0 0 0 0 0 
1560 200 0 0 0 0 0 0 0 0 0 0 0 0 0 0 
1576 200 0 0 0 0 0 0 0 0 0 0 0 0 0 0 
1592 200 0 0 0 0 0 0 0 0 0 0 0 0 0 0 
1608 200 0 0 0 0 0 0 0 0 0 0 0 0 0 0 
1624 200 0 0 0 0 0 0 0 0 0 0 0 0 0 0 
1640 200 0 0 0 0 0 0 0 0 0 0 0 0 0 0 
1656 200 0 0 0 0 0 0 0 0 0 0 0 0 0 0 
1672 200 0 0 0 0 0 0 0 0 0 0 0 0 0 0 
1688 200 0 0 0 0 0 0 0 0 0 0 0 0 0 0 
1704 200 0 0 0 0 0 0 0 0 0 0 0 0 0 0 
1720 200 0 0 0 0 0 0 0 0 0 0 0 0 0 0 
1736 200 0 0 0 0 0 0 0 0 0 0 0 0 0 0 
1752 200 0 0 0 0 0 0 0 0 0 0 0 0 0 0 
1768 200 0 0 0 0 0 0 0 0 0 0 0 0 0 0 
1784 200 0 0 0 0 0 0 0 0 0 0 0 0 0 0 
1800 200 0 0 0 0 0 0 0 0 0 0 0 0 0 0 
1816 200 0 0 0 0 0 0 0 0 0 0 0 0 0 0 
1832 200 0 0 0 0 0 0 0 0 0 0 0 0 0 0 
1848 200 0 0 0 0 0 0 0 0 0 0 0 0 0 0 
1864 200 0 0 0 0 0 0 0 0 0 0 0 0 0 0 
1880 200 0 0 0 0 0 0 0 0 0 0 0 0 0 0 
1896 200 0 0 0 0 0 0 0 0 0 0 0 0 0 0 
1912 200 0 0 0 0 0 0 0 0 0 0 0 0 0 0 
1928 200 0 0 0 0 0 0 0 0 0 0 0 0 0 0 
1944 200 0 0 0 0 0 0 0 0 0 0 0 0 0 0 
1960 200 0 0 0 0 0 0 0 0 0 0 0 0 0 0 
1976 200 0 0 0 0 0 0 0 0 0 0 0 0 0 0 
1992 200 0 0 0 0 0 0 0 0 0 0 0 0 0 0 
2008 200 0 0 0 0 0 0 0 0 0 0 0 0 0 0 
2024 200 0 0 0 0 0 0 0 0 0 0 0 0 0 0 
2040 200 0 0 0 0 0 0 0 0 0 0 0 0 0 0 
2056 200 0 0 0 0 0 0 0 0 0 0 0 0 0 0 
2072 200 0 0 0 0 0 0 0 0 0 0 0 0 0 0 
2088 200 0 0 0 0 0 0 0 0 0 0 0 0 0 0 
2104 200 0 0 0 0 0 0 0 0 0 0 0 0 0 0 
2120 200 0 0 0 0 0 0 0 0 0 0 0 0 0 0 
2136 200 0 0 0 0 0 0 0 0 0 0 0 0 0 0 
2152 200 0 0 0 0 0 0 0 0 0 0 0 0 0 0 
2168 200 0 0 0 0 0 0 0 0 0 0 0 0 0 0 
2184 200 0 0 0 0 0 0 0 0 0 0 0 0 0 0 
2200 200 0 0 0 0 0 0 0 0 0 0 0 0 0 0 
2216 200 0 0 0 0 0 0 0 0 0 0 0 0 0 0 
2232 200 0 0 0 0 0 0 0 0 0 0 0 0 0 0 
2248 200 0 0 0 0 0 0 0 0 0 0 0 0 0 0 
2264 200 0 0 0 0 0 0 0 0 0 0 0 0 0 0 
2280 200 0 0 0 0 0 0 0 0 0 0 0 0 0 0 
2296 200 0 0 0 0 0 0 0 0 0 0 0 0 0 0 
2312 200 0 0 0 0 0 0 0 0 0 0 0 0 0 0 
2328 200 0 0 0 0 0 0 0 0 0 0 0 0 0 0 
2344 200 0 0 0 0 0 0 0 0 0 0 0 0 0 0 
2360 200 0 0 0 0 0 0 0 0 0 0 0 0 0 0 
2376 200 0 0 0 0 0 0 0 0 0 0 0 0 0 0 
2392 200 0 0 0 0 0 0 0 0 0 0 0 0 0 0 
2408 200 0 0 0 0 0 0 0 0 0 0 0 0 0 0 
2424 200 0 0 0 0 0 0 0 0 0 0 0 0 0 0 
2440 200 0 0 0 0 0 0 0 0 0 0 0 0 0 0 
2456 200 0 0 0 0 0 0 0 0 0 0 0 0 0 0 
2472 200 0 0 0 0 0 0 0 0 0 0 0 0 0 0 
2488 200 0 0 0 0 0 0 0 0 0 0 0 0 0 0 
2504 200 0 0 0 0 0 0 0 0 0 0 0 0 0 0 
2520 200 0 0 0 0 0 0 0 0 0 0 0 0 0 0 
2536 200 0 0 0 0 0 0 0 0 0 0 0 0 0 0 
24 216 0 0 0 0 0 0 0 0 0 0 0 0 0 0 
40 216 0 0 0 0 0 0 0 0 0 0 0 0 0 0 
56 216 0 0 0 0 0 0 0 0 0 0 0 0 0 0 
72 216 0 0 0 0 0 0 0 0 0 0 0 0 0 0 
88 216 0 0 0 0 0 0 0 0 0 0 0 0 0 0 
104 216 0 0 0 0 0 0 0 0 0 0 0 0 0 0 
120 216 0 0 0 0 0 0 0 0 0 0 0 0 0 0 
136 216 0 0 0 0 0 0 0 0 0 0 0 0 0 0 
152 216 0 0 0 0 0 0 0 0 0 0 0 0 0 0 
168 216 0 0 0 0 0 0 0 0 0 0 0 0 0 0 
184 216 0 0 0 0 0 0 0 0 0 0 0 0 0 0 
200 216 0 0 0 0 0 0 0 0 0 0 0 0 0 0 
216 216 0 0 0 0 0 0 0 0 0 0 0 0 0 0 
232 216 0 0 0 0 0 0 0 0 0 0 0 0 0 0 
248 216 0 0 0 0 0 0 0 0 0 0 0 0 0 0 
264 216 0 0 0 0 0 0 0 0 0 0 0 0 0 0 
280 216 0 0 0 0 0 0 0 0 0 0 0 0 0 0 
296 216 0 0 0 0 0 0 0 0 0 0 0 0 0 0 
312 216 0 0 0 0 0 0 0 0 0 0 0 0 0 0 
328 216 0 0 0 0 0 0 0 0 0 0 0 0 0 0 
344 216 0 0 0 0 0 0 0 0 0 0 0 0 0 0 
360 216 0 0 0 0 0 0 0 0 0 0 0 0 0 0 
376 216 0 0 0 0 0 0 0 0 0 0 0 0 0 0 
392 216 0 0 0 0 0 0 0 0 0 0 0 0 0 0 
408 216 0 0 0 0 0 0 0 0 0 0 0 0 0 0 
424 216 0 0 0 0 0 0 0 0 0 0 0 0 0 0 
440 216 0 0 0 0 0 0 0 0 0 0 0 0 0 0 
456 216 0 0 0 0 0 0 0 0 0 0 0 0 0 0 
472 216 0 0 0 0 0 0 0 0 0 0 0 0 0 0 
488 216 0 0 0 0 0 0 0 0 0 0 0 0 0 0 
504 216 0 0 0 0 0 0 0 0 0 0 0 0 0 0 
520 216 0 0 0 0 0 0 0 0 0 0 0 0 0 0 
536 216 0 0 0 0 0 0 0 0 0 0 0 0 0 0 
552 216 0 0 0 0 0 0 0 0 0 0 0 0 0 0 
568 216 0 0 0 0 0 0 0 0 0 0 0 0 0 0 
584 216 0 0 0 0 0 0 0 0 0 0 0 0 0 0 
600 216 0 0 0 0 0 0 0 0 0 0 0 0 0 0 
616 216 0 0 0 0 0 0 0 0 0 0 0 0 0 0 
632 216 0 0 0 0 0 0 0 0 0 0 0 0 0 0 
648 216 0 0 0 0 0 0 0 0 0 0 0 0 0 0 
664 216 0 0 0 0 0 0 0 0 0 0 0 0 0 0 
680 216 0 0 0 0 0 0 0 0 0 0 0 0 0 0 
696 216 0 0 0 0 0 0 0 0 0 0 0 0 0 0 
712 216 0 0 0 0 0 0 0 0 0 0 0 0 0 0 
728 216 0 0 0 0 0 0 0 0 0 0 0 0 0 0 
744 216 0 0 0 0 0 0 0 0 0 0 0 0 0 0 
760 216 0 0 0 0 0 0 0 0 0 0 0 0 0 0 
776 216 0 0 0 0 0 0 0 0 0 0 0 0 0 0 
792 216 0 0 0 0 0 0 0 0 0 0 0 0 0 0 
808 216 0 0 0 0 0 0 0 0 0 0 0 0 0 0 
824 216 0 0 0 0 0 0 0 0 0 0 0 0 0 0 
840 216 0 0 0 0 0 0 0 0 0 0 0 0 0 0 
856 216 0 0 0 0 0 0 0 0 0 0 0 0 0 0 
872 216 0 0 0 0 0 0 0 0 0 0 0 0 0 0 
888 216 0 0 0 0 0 0 0 0 0 0 0 0 0 0 
904 216 0 0 0 0 0 0 0 0 0 0 0 0 0 0 
920 216 0 0 0 0 0 0 0 0 0 0 0 0 0 0 
936 216 0 0 0 0 0 0 0 0 0 0 0 0 0 0 
952 216 0 0 0 0 0 0 0 0 0 0 0 0 0 0 
968 216 0 0 0 0 0 0 0 0 0 0 0 0 0 0 
984 216 0 0 0 0 0 0 0 0 0 0 0 0 0 0 
1000 216 0 0 0 0 0 0 0 0 0 0 0 0 0 0 
1016 216 0 0 0 0 0 0 0 0 0 0 0 0 0 0 
1032 216 0 0 0 0 0 0 0 0 0 0 0 0 0 0 
1048 216 0 0 0 0 0 0 0 0 0 0 0 0 0 0 
1064 216 0 0 0 0 0 0 0 0 0 0 0 0 0 0 
1080 216 0 0 0 0 0 0 0 0 0 0 0 0 0 0 
1096 216 0 0 0 0 0 0 0 0 0 0 0 0 0 0 
1112 216 0 0 0 0 0 0 0 0 0 0 0 0 0 0 
1128 216 0 0 0 0 0 0 0 0 0 0 0 0 0 0 
1144 216 0 0 0 0 0 0 0 0 0 0 0 0 0 0 
1160 216 0 0 0 0 0 0 0 0 0 0 0 0 0 0 
1176 216 0 0 0 0 0 0 0 0 0 0 0 0 0 0 
1192 216 0 0 0 0 0 0 0 0 0 0 0 0 0 0 
1208 216 0 0 0 0 0 0 0 0 0 0 0 0 0 0 
1224 216 0 0 0 0 0 0 0 0 0 0 0 0 0 0 
1240 216 0 0 0 0 0 0 0 0 0 0 0 0 0 0 
1256 216 0 0 0 0 0 0 0 0 0 0 0 0 0 0 
1272 216 0 0 0 0 0 0 0 0 0 0 0 0 0 0 
1288 216 0 0 0 0 0 0 0 0 0 0 0 0 0 0 
1304 216 0 0 0 0 0 0 0 0 0 0 0 0 0 0 
1320 216 0 0 0 0 0 0 0 0 0 0 0 0 0 0 
1336 216 0 0 0 0 0 0 0 0 0 0 0 0 0 0 
1352 216 0 0 0 0 0 0 0 0 0 0 0 0 0 0 
1368 216 0 0 0 0 0 0 0 0 0 0 0 0 0 0 
1384 216 0 0 0 0 0 0 0 0 0 0 0 0 0 0 
1400 216 0 0 0 0 0 0 0 0 0 0 0 0 0 0 
1416 216 0 0 0 0 0 0 0 0 0 0 0 0 0 0 
1432 216 0 0 0 0 0 0 0 0 0 0 0 0 0 0 
1448 216 0 0 0 0 0 0 0 0 0 0 0 0 0 0 
1464 216 0 0 0 0 0 0 0 0 0 0 0 0 0 0 
1480 216 0 0 0 0 0 0 0 0 0 0 0 0 0 0 
1496 216 0 0 0 0 0 0 0 0 0 0 0 0 0 0 
1512 216 0 0 0 0 0 0 0 0 0 0 0 0 0 0 
1528 216 0 0 0 0 0 0 0 0 0 0 0 0 0 0 
1544 216 0 0 0 0 0 0 0 0 0 0 0 0 0 0 
1560 216 0 0 0 0 0 0 0 0 0 0 0 0 0 0 
1576 216 0 0 0 0 0 0 0 0 0 0 0 0 0 0 
1592 216 0 0 0 0 0 0 0 0 0 0 0 0 0 0 
1608 216 0 0 0 0 0 0 0 0 0 0 0 0 0 0 
1624 216 0 0 0 0 0 0 0 0 0 0 0 0 0 0 
1640 216 0 0 0 0 0 0 0 0 0 0 0 0 0 0 
1656 216 0 0 0 0 0 0 0 0 0 0 0 0 0 0 
1672 216 0 0 0 0 0 0 0 0 0 0 0 0 0 0 
1688 216 0 0 0 0 0 0 0 0 0 0 0 0 0 0 
1704 216 0 0 0 0 0 0 0 0 0 0 0 0 0 0 
1720 216 0 0 0 0 0 0 0 0 0 0 0 0 0 0 
1736 216 0 0 0 0 0 0 0 0 0 0 0 0 0 0 
1752 216 0 0 0 0 0 0 0 0 0 0 0 0 0 0 
1768 216 0 0 0 0 0 0 0 0 0 0 0 0 0 0 
1784 216 0 0 0 0 0 0 0 0 0 0 0 0 0 0 
1800 216 0 0 0 0 0 0 0 0 0 0 0 0 0 0 
1816 216 0 0 0 0 0 0 0 0 0 0 0 0 0 0 
1832 216 0 0 0 0 0 0 0 0 0 0 0 0 0 0 
1848 216 0 0 0 0 0 0 0 0 0 0 0 0 0 0 
1864 216 0 0 0 0 0 0 0 0 0 0 0 0 0 0 
1880 216 0 0 0 0 0 0 0 0 0 0 0 0 0 0 
1896 216 0 0 0 0 0 0 0 0 0 0 0 0 0 0 
1912 216 0 0 0 0 0 0 0 0 0 0 0 0 0 0 
1928 216 0 0 0 0 0 0 0 0 0 0 0 0 0 0 
1944 216 0 0 0 0 0 0 0 0 0 0 0 0 0 0 
1960 216 0 0 0 0 0 0 0 0 0 0 0 0 0 0 
1976 216 0 0 0 0 0 0 0 0 0 0 0 0 0 0 
1992 216 0 0 0 0 0 0 0 0 0 0 0 0 0 0 
2008 216 0 0 0 0 0 0 0 0 0 0 0 0 0 0 
2024 216 0 0 0 0 0 0 0 0 0 0 0 0 0 0 
2040 216 0 0 0 0 0 0 0 0 0 0 0 0 0 0 
2056 216 0 0 0 0 0 0 0 0 0 0 0 0 0 0 
2072 216 0 0 0 0 0 0 0 0 0 0 0 0 0 0 
2088 216 0 0 0 0 0 0 0 0 0 0 0 0 0 0 
2104 216 0 0 0 0 0 0 0 0 0 0 0 0 0 0 
2120 216 0 0 0 0 0 0 0 0 0 0 0 0 0 0 
2136 216 0 0 0 0 0 0 0 0 0 0 0 0 0 0 
2152 216 0 0 0 0 0 0 0 0 0 0 0 0 0 0 
2168 216 0 0 0 0 0 0 0 0 0 0 0 0 0 0 
2184 216 0 0 0 0 0 0 0 0 0 0 0 0 0 0 
2200 216 0 0 0 0 0 0 0 0 0 0 0 0 0 0 
2216 216 0 0 0 0 0 0 0 0 0 0 0 0 0 0 
2232 216 0 0 0 0 0 0 0 0 0 0 0 0 0 0 
2248 216 0 0 0 0 0 0 0 0 0 0 0 0 0 0 
2264 216 0 0 0 0 0 0 0 0 0 0 0 0 0 0 
2280 216 0 0 0 0 0 0 0 0 0 0 0 0 0 0 
2296 216 0 0 0 0 0 0 0 0 0 0 0 0 0 0 
2312 216 0 0 0 0 0 0 0 0 0 0 0 0 0 0 
2328 216 0 0 0 0 0 0 0 0 0 0 0 0 0 0 
2344 216 0 0 0 0 0 0 0 0 0 0 0 0 0 0 
2360 216 0 0 0 0 0 0 0 0 0 0 0 0 0 0 
2376 216 0 0 0 0 0 0 0 0 0 0 0 0 0 0 
2392 216 0 0 0 0 0 0 0 0 0 0 0 0 0 0 
2408 216 0 0 0 0 0 0 0 0 0 0 0 0 0 0 
2424 216 0 0 0 0 0 0 0 0 0 0 0 0 0 0 
2440 216 0 0 0 0 0 0 0 0 0 0 0 0 0 0 
2456 216 0 0 0 0 0 0 0 0 0 0 0 0 0 0 
2472 216 0 0 0 0 0 0 0 0 0 0 0 0 0 0 
2488 216 0 0 0 0 0 0 0 0 0 0 0 0 0 0 
2504 216 0 0 0 0 0 0 0 0 0 0 0 0 0 0 
2520 216 0 0 0 0 0 0 0 0 0 0 0 0 0 0 
2536 216 0 0 0 0 0 0 0 0 0 0 0 0 0 0 
24 232 0 0 0 0 0 0 0 0 0 0 0 0 0 0 
40 232 0 0 0 0 0 0 0 0 0 0 0 0 0 0 
56 232 0 0 0 0 0 0 0 0 0 0 0 0 0 0 
72 232 0 0 0 0 0 0 0 0 0 0 0 0 0 0 
88 232 0 0 0 0 0 0 0 0 0 0 0 0 0 0 
104 232 0 0 0 0 0 0 0 0 0 0 0 0 0 0 
120 232 0 0 0 0 0 0 0 0 0 0 0 0 0 0 
136 232 0 0 0 0 0 0 0 0 0 0 0 0 0 0 
152 232 0 0 0 0 0 0 0 0 0 0 0 0 0 0 
168 232 0 0 0 0 0 0 0 0 0 0 0 0 0 0 
184 232 0 0 0 0 0 0 0 0 0 0 0 0 0 0 
200 232 0 0 0 0 0 0 0 0 0 0 0 0 0 0 
216 232 0 0 0 0 0 0 0 0 0 0 0 0 0 0 
232 232 0 0 0 0 0 0 0 0 0 0 0 0 0 0 
248 232 0 0 0 0 0 0 0 0 0 0 0 0 0 0 
264 232 0 0 0 0 0 0 0 0 0 0 0 0 0 0 
280 232 0 0 0 0 0 0 0 0 0 0 0 0 0 0 
296 232 0 0 0 0 0 0 0 0 0 0 0 0 0 0 
312 232 0 0 0 0 0 0 0 0 0 0 0 0 0 0 
328 232 0 0 0 0 0 0 0 0 0 0 0 0 0 0 
344 232 0 0 0 0 0 0 0 0 0 0 0 0 0 0 
360 232 0 0 0 0 0 0 0 0 0 0 0 0 0 0 
376 232 0 0 0 0 0 0 0 0 0 0 0 0 0 0 
392 232 0 0 0 0 0 0 0 0 0 0 0 0 0 0 
408 232 0 0 0 0 0 0 0 0 0 0 0 0 0 0 
424 232 0 0 0 0 0 0 0 0 0 0 0 0 0 0 
440 232 0 0 0 0 0 0 0 0 0 0 0 0 0 0 
456 232 0 0 0 0 0 0 0 0 0 0 0 0 0 0 
472 232 0 0 0 0 0 0 0 0 0 0 0 0 0 0 
488 232 0 0 0 0 0 0 0 0 0 0 0 0 0 0 
504 232 0 0 0 0 0 0 0 0 0 0 0 0 0 0 
520 232 0 0 0 0 0 0 0 0 0 0 0 0 0 0 
536 232 0 0 0 0 0 0 0 0 0 0 0 0 0 0 
552 232 0 0 0 0 0 0 0 0 0 0 0 0 0 0 
568 232 0 0 0 0 0 0 0 0 0 0 0 0 0 0 
584 232 0 0 0 0 0 0 0 0 0 0 0 0 0 0 
600 232 0 0 0 0 0 0 0 0 0 0 0 0 0 0 
616 232 0 0 0 0 0 0 0 0 0 0 0 0 0 0 
632 232 0 0 0 0 0 0 0 0 0 0 0 0 0 0 
648 232 0 0 0 0 0 0 0 0 0 0 0 0 0 0 
664 232 0 0 0 0 0 0 0 0 0 0 0 0 0 0 
680 232 0 0 0 0 0 0 0 0 0 0 0 0 0 0 
696 232 0 0 0 0 0 0 0 0 0 0 0 0 0 0 
712 232 0 0 0 0 0 0 0 0 0 0 0 0 0 0 
728 232 0 0 0 0 0 0 0 0 0 0 0 0 0 0 
744 232 0 0 0 0 0 0 0 0 0 0 0 0 0 0 
760 232 0 0 0 0 0 0 0 0 0 0 0 0 0 0 
776 232 0 0 0 0 0 0 0 0 0 0 0 0 0 0 
792 232 0 0 0 0 0 0 0 0 0 0 0 0 0 0 
808 232 0 0 0 0 0 0 0 0 0 0 0 0 0 0 
824 232 0 0 0 0 0 0 0 0 0 0 0 0 0 0 
840 232 0 0 0 0 0 0 0 0 0 0 0 0 0 0 
856 232 0 0 0 0 0 0 0 0 0 0 0 0 0 0 
872 232 0 0 0 0 0 0 0 0 0 0 0 0 0 0 
888 232 0 0 0 0 0 0 0 0 0 0 0 0 0 0 
904 232 0 0 0 0 0 0 0 0 0 0 0 0 0 0 
920 232 0 0 0 0 0 0 0 0 0 0 0 0 0 0 
936 232 0 0 0 0 0 0 0 0 0 0 0 0 0 0 
952 232 0 0 0 0 0 0 0 0 0 0 0 0 0 0 
968 232 0 0 0 0 0 0 0 0 0 0 0 0 0 0 
984 232 0 0 0 0 0 0 0 0 0 0 0 0 0 0 
1000 232 0 0 0 0 0 0 0 0 0 0 0 0 0 0 
1016 232 0 0 0 0 0 0 0 0 0 0 0 0 0 0 
1032 232 0 0 0 0 0 0 0 0 0 0 0 0 0 0 
1048 232 0 0 0 0 0 0 0 0 0 0 0 0 0 0 
1064 232 0 0 0 0 0 0 0 0 0 0 0 0 0 0 
1080 232 0 0 0 0 0 0 0 0 0 0 0 0 0 0 
1096 232 0 0 0 0 0 0 0 0 0 0 0 0 0 0 
1112 232 0 0 0 0 0 0 0 0 0 0 0 0 0 0 
1128 232 0 0 0 0 0 0 0 0 0 0 0 0 0 0 
1144 232 0 0 0 0 0 0 0 0 0 0 0 0 0 0 
1160 232 0 0 0 0 0 0 0 0 0 0 0 0 0 0 
1176 232 0 0 0 0 0 0 0 0 0 0 0 0 0 0 
1192 232 0 0 0 0 0 0 0 0 0 0 0 0 0 0 
1208 232 0 0 0 0 0 0 0 0 0 0 0 0 0 0 
1224 232 0 0 0 0 0 0 0 0 0 0 0 0 0 0 
1240 232 0 0 0 0 0 0 0 0 0 0 0 0 0 0 
1256 232 0 0 0 0 0 0 0 0 0 0 0 0 0 0 
1272 232 0 0 0 0 0 0 0 0 0 0 0 0 0 0 
1288 232 0 0 0 0 0 0 0 0 0 0 0 0 0 0 
1304 232 0 0 0 0 0 0 0 0 0 0 0 0 0 0 
1320 232 0 0 0 0 0 0 0 0 0 0 0 0 0 0 
1336 232 0 0 0 0 0 0 0 0 0 0 0 0 0 0 
1352 232 0 0 0 0 0 0 0 0 0 0 0 0 0 0 
1368 232 0 0 0 0 0 0 0 0 0 0 0 0 0 0 
1384 232 0 0 0 0 0 0 0 0 0 0 0 0 0 0 
1400 232 0 0 0 0 0 0 0 0 0 0 0 0 0 0 
1416 232 0 0 0 0 0 0 0 0 0 0 0 0 0 0 
1432 232 0 0 0 0 0 0 0 0 0 0 0 0 0 0 
1448 232 0 0 0 0 0 0 0 0 0 0 0 0 0 0 
1464 232 0 0 0 0 0 0 0 0 0 0 0 0 0 0 
1480 232 0 0 0 0 0 0 0 0 0 0 0 0 0 0 
1496 232 0 0 0 0 0 0 0 0 0 0 0 0 0 0 
1512 232 0 0 0 0 0 0 0 0 0 0 0 0 0 0 
1528 232 0 0 0 0 0 0 0 0 0 0 0 0 0 0 
1544 232 0 0 0 0 0 0 0 0 0 0 0 0 0 0 
1560 232 0 0 0 0 0 0 0 0 0 0 0 0 0 0 
1576 232 0 0 0 0 0 0 0 0 0 0 0 0 0 0 
1592 232 0 0 0 0 0 0 0 0 0 0 0 0 0 0 
1608 232 0 0 0 0 0 0 0 0 0 0 0 0 0 0 
1624 232 0 0 0 0 0 0 0 0 0 0 0 0 0 0 
1640 232 0 0 0 0 0 0 0 0 0 0 0 0 0 0 
1656 232 0 0 0 0 0 0 0 0 0 0 0 0 0 0 
1672 232 0 0 0 0 0 0 0 0 0 0 0 0 0 0 
1688 232 0 0 0 0 0 0 0 0 0 0 0 0 0 0 
1704 232 0 0 0 0 0 0 0 0 0 0 0 0 0 0 
1720 232 0 0 0 0 0 0 0 0 0 0 0 0 0 0 
1736 232 0 0 0 0 0 0 0 0 0 0 0 0 0 0 
1752 232 0 0 0 0 0 0 0 0 0 0 0 0 0 0 
1768 232 0 0 0 0 0 0 0 0 0 0 0 0 0 0 
1784 232 0 0 0 0 0 0 0 0 0 0 0 0 0 0 
1800 232 0 0 0 0 0 0 0 0 0 0 0 0 0 0 
1816 232 0 0 0 0 0 0 0 0 0 0 0 0 0 0 
1832 232 0 0 0 0 0 0 0 0 0 0 0 0 0 0 
1848 232 0 0 0 0 0 0 0 0 0 0 0 0 0 0 
1864 232 0 0 0 0 0 0 0 0 0 0 0 0 0 0 
1880 232 0 0 0 0 0 0 0 0 0 0 0 0 0 0 
1896 232 0 0 0 0 0 0 0 0 0 0 0 0 0 0 
1912 232 0 0 0 0 0 0 0 0 0 0 0 0 0 0 
1928 232 0 0 0 0 0 0 0 0 0 0 0 0 0 0 
1944 232 0 0 0 0 0 0 0 0 0 0 0 0 0 0 
1960 232 0 0 0 0 0 0 0 0 0 0 0 0 0 0 
1976 232 0 0 0 0 0 0 0 0 0 0 0 0 0 0 
1992 232 0 0 0 0 0 0 0 0 0 0 0 0 0 0 
2008 232 0 0 0 0 0 0 0 0 0 0 0 0 0 0 
2024 232 0 0 0 0 0 0 0 0 0 0 0 0 0 0 
2040 232 0 0 0 0 0 0 0 0 0 0 0 0 0 0 
2056 232 0 0 0 0 0 0 0 0 0 0 0 0 0 0 
2072 232 0 0 0 0 0 0 0 0 0 0 0 0 0 0 
2088 232 0 0 0 0 0 0 0 0 0 0 0 0 0 0 
2104 232 0 0 0 0 0 0 0 0 0 0 0 0 0 0 
2120 232 0 0 0 0 0 0 0 0 0 0 0 0 0 0 
2136 232 0 0 0 0 0 0 0 0 0 0 0 0 0 0 
2152 232 0 0 0 0 0 0 0 0 0 0 0 0 0 0 
2168 232 0 0 0 0 0 0 0 0 0 0 0 0 0 0 
2184 232 0 0 0 0 0 0 0 0 0 0 0 0 0 0 
2200 232 0 0 0 0 0 0 0 0 0 0 0 0 0 0 
2216 232 0 0 0 0 0 0 0 0 0 0 0 0 0 0 
2232 232 0 0 0 0 0 0 0 0 0 0 0 0 0 0 
2248 232 0 0 0 0 0 0 0 0 0 0 0 0 0 0 
2264 232 0 0 0 0 0 0 0 0 0 0 0 0 0 0 
2280 232 0 0 0 0 0 0 0 0 0 0 0 0 0 0 
2296 232 0 0 0 0 0 0 0 0 0 0 0 0 0 0 
2312 232 0 0 0 0 0 0 0 0 0 0 0 0 0 0 
2328 232 0 0 0 0 0 0 0 0 0 0 0 0 0 0 
2344 232 0 0 0 0 0 0 0 0 0 0 0 0 0 0 
2360 232 0 0 0 0 0 0 0 0 0 0 0 0 0 0 
2376 232 0 0 0 0 0 0 0 0 0 0 0 0 0 0 
2392 232 0 0 0 0 0 0 0 0 0 0 0 0 0 0 
2408 232 0 0 0 0 0 0 0 0 0 0 0 0 0 0 
2424 232 0 0 0 0 0 0 0 0 0 0 0 0 0 0 
2440 232 0 0 0 0 0 0 0 0 0 0 0 0 0 0 
2456 232 0 0 0 0 0 0 0 0 0 0 0 0 0 0 
2472 232 0 0 0 0 0 0 0 0 0 0 0 0 0 0 
2488 232 0 0 0 0 0 0 0 0 0 0 0 0 0 0 
2504 232 0 0 0 0 0 0 0 0 0 0 0 0 0 0 
2520 232 0 0 0 0 0 0 0 0 0 0 0 0 0 0 
2536 232 0 0 0 0 0 0 0 0 0 0 0 0 0 0 
24 248 0 0 0 0 0 0 0 0 0 0 0 0 0 0 
40 248 0 0 0 0 0 0 0 0 0 0 0 0 0 0 
56 248 0 0 0 0 0 0 0 0 0 0 0 0 0 0 
72 248 0 0 0 0 0 0 0 0 0 0 0 0 0 0 
88 248 0 0 0 0 0 0 0 0 0 0 0 0 0 0 
104 248 0 0 0 0 0 0 0 0 0 0 0 0 0 0 
120 248 0 0 0 0 0 0 0 0 0 0 0 0 0 0 
136 248 0 0 0 0 0 0 0 0 0 0 0 0 0 0 
152 248 0 0 0 0 0 0 0 0 0 0 0 0 0 0 
168 248 0 0 0 0 0 0 0 0 0 0 0 0 0 0 
184 248 0 0 0 0 0 0 0 0 0 0 0 0 0 0 
200 248 0 0 0 0 0 0 0 0 0 0 0 0 0 0 
216 248 0 0 0 0 0 0 0 0 0 0 0 0 0 0 
232 248 0 0 0 0 0 0 0 0 0 0 0 0 0 0 
248 248 0 0 0 0 0 0 0 0 0 0 0 0 0 0 
264 248 0 0 0 0 0 0 0 0 0 0 0 0 0 0 
280 248 0 0 0 0 0 0 0 0 0 0 0 0 0 0 
296 248 0 0 0 0 0 0 0 0 0 0 0 0 0 0 
312 248 0 0 0 0 0 0 0 0 0 0 0 0 0 0 
328 248 0 0 0 0 0 0 0 0 0 0 0 0 0 0 
344 248 0 0 0 0 0 0 0 0 0 0 0 0 0 0 
360 248 0 0 0 0 0 0 0 0 0 0 0 0 0 0 
376 248 0 0 0 0 0 0 0 0 0 0 0 0 0 0 
392 248 0 0 0 0 0 0 0 0 0 0 0 0 0 0 
408 248 0 0 0 0 0 0 0 0 0 0 0 0 0 0 
424 248 0 0 0 0 0 0 0 0 0 0 0 0 0 0 
440 248 0 0 0 0 0 0 0 0 0 0 0 0 0 0 
456 248 0 0 0 0 0 0 0 0 0 0 0 0 0 0 
472 248 0 0 0 0 0 0 0 0 0 0 0 0 0 0 
488 248 0 0 0 0 0 0 0 0 0 0 0 0 0 0 
504 248 0 0 0 0 0 0 0 0 0 0 0 0 0 0 
520 248 0 0 0 0 0 0 0 0 0 0 0 0 0 0 
536 248 0 0 0 0 0 0 0 0 0 0 0 0 0 0 
552 248 0 0 0 0 0 0 0 0 0 0 0 0 0 0 
568 248 0 0 0 0 0 0 0 0 0 0 0 0 0 0 
584 248 0 0 0 0 0 0 0 0 0 0 0 0 0 0 
600 248 0 0 0 0 0 0 0 0 0 0 0 0 0 0 
616 248 0 0 0 0 0 0 0 0 0 0 0 0 0 0 
632 248 0 0 0 0 0 0 0 0 0 0 0 0 0 0 
648 248 0 0 0 0 0 0 0 0 0 0 0 0 0 0 
664 248 0 0 0 0 0 0 0 0 0 0 0 0 0 0 
680 248 0 0 0 0 0 0 0 0 0 0 0 0 0 0 
696 248 0 0 0 0 0 0 0 0 0 0 0 0 0 0 
712 248 0 0 0 0 0 0 0 0 0 0 0 0 0 0 
728 248 0 0 0 0 0 0 0 0 0 0 0 0 0 0 
744 248 0 0 0 0 0 0 0 0 0 0 0 0 0 0 
760 248 0 0 0 0 0 0 0 0 0 0 0 0 0 0 
776 248 0 0 0 0 0 0 0 0 0 0 0 0 0 0 
792 248 0 0 0 0 0 0 0 0 0 0 0 0 0 0 
808 248 0 0 0 0 0 0 0 0 0 0 0 0 0 0 
824 248 0 0 0 0 0 0 0 0 0 0 0 0 0 0 
840 248 0 0 0 0 0 0 0 0 0 0 0 0 0 0 
856 248 0 0 0 0 0 0 0 0 0 0 0 0 0 0 
872 248 0 0 0 0 0 0 0 0 0 0 0 0 0 0 
888 248 0 0 0 0 0 0 0 0 0 0 0 0 0 0 
904 248 0 0 0 0 0 0 0 0 0 0 0 0 0 0 
920 248 0 0 0 0 0 0 0 0 0 0 0 0 0 0 
936 248 0 0 0 0 0 0 0 0 0 0 0 0 0 0 
952 248 0 0 0 0 0 0 0 0 0 0 0 0 0 0 
968 248 0 0 0 0 0 0 0 0 0 0 0 0 0 0 
984 248 0 0 0 0 0 0 0 0 0 0 0 0 0 0 
1000 248 0 0 0 0 0 0 0 0 0 0 0 0 0 0 
1016 248 0 0 0 0 0 0 0 0 0 0 0 0 0 0 
1032 248 0 0 0 0 0 0 0 0 0 0 0 0 0 0 
1048 248 0 0 0 0 0 0 0 0 0 0 0 0 0 0 
1064 248 0 0 0 0 0 0 0 0 0 0 0 0 0 0 
1080 248 0 0 0 0 0 0 0 0 0 0 0 0 0 0 
1096 248 0 0 0 0 0 0 0 0 0 0 0 0 0 0 
1112 248 0 0 0 0 0 0 0 0 0 0 0 0 0 0 
1128 248 0 0 0 0 0 0 0 0 0 0 0 0 0 0 
1144 248 0 0 0 0 0 0 0 0 0 0 0 0 0 0 
1160 248 0 0 0 0 0 0 0 0 0 0 0 0 0 0 
1176 248 0 0 0 0 0 0 0 0 0 0 0 0 0 0 
1192 248 0 0 0 0 0 0 0 0 0 0 0 0 0 0 
1208 248 0 0 0 0 0 0 0 0 0 0 0 0 0 0 
1224 248 0 0 0 0 0 0 0 0 0 0 0 0 0 0 
1240 248 0 0 0 0 0 0 0 0 0 0 0 0 0 0 
1256 248 0 0 0 0 0 0 0 0 0 0 0 0 0 0 
1272 248 0 0 0 0 0 0 0 0 0 0 0 0 0 0 
1288 248 0 0 0 0 0 0 0 0 0 0 0 0 0 0 
1304 248 0 0 0 0 0 0 0 0 0 0 0 0 0 0 
1320 248 0 0 0 0 0 0 0 0 0 0 0 0 0 0 
1336 248 0 0 0 0 0 0 0 0 0 0 0 0 0 0 
1352 248 0 0 0 0 0 0 0 0 0 0 0 0 0 0 
1368 248 0 0 0 0 0 0 0 0 0 0 0 0 0 0 
1384 248 0 0 0 0 0 0 0 0 0 0 0 0 0 0 
1400 248 0 0 0 0 0 0 0 0 0 0 0 0 0 0 
1416 248 0 0 0 0 0 0 0 0 0 0 0 0 0 0 
1432 248 0 0 0 0 0 0 0 0 0 0 0 0 0 0 
1448 248 0 0 0 0 0 0 0 0 0 0 0 0 0 0 
1464 248 0 0 0 0 0 0 0 0 0 0 0 0 0 0 
1480 248 0 0 0 0 0 0 0 0 0 0 0 0 0 0 
1496 248 0 0 0 0 0 0 0 0 0 0 0 0 0 0 
1512 248 0 0 0 0 0 0 0 0 0 0 0 0 0 0 
1528 248 0 0 0 0 0 0 0 0 0 0 0 0 0 0 
1544 248 0 0 0 0 0 0 0 0 0 0 0 0 0 0 
1560 248 0 0 0 0 0 0 0 0 0 0 0 0 0 0 
1576 248 0 0 0 0 0 0 0 0 0 0 0 0 0 0 
1592 248 0 0 0 0 0 0 0 0 0 0 0 0 0 0 
1608 248 0 0 0 0 0 0 0 0 0 0 0 0 0 0 
1624 248 0 0 0 0 0 0 0 0 0 0 0 0 0 0 
1640 248 0 0 0 0 0 0 0 0 0 0 0 0 0 0 
1656 248 0 0 0 0 0 0 0 0 0 0 0 0 0 0 
1672 248 0 0 0 0 0 0 0 0 0 0 0 0 0 0 
1688 248 0 0 0 0 0 0 0 0 0 0 0 0 0 0 
1704 248 0 0 0 0 0 0 0 0 0 0 0 0 0 0 
1720 248 0 0 0 0 0 0 0 0 0 0 0 0 0 0 
1736 248 0 0 0 0 0 0 0 0 0 0 0 0 0 0 
1752 248 0 0 0 0 0 0 0 0 0 0 0 0 0 0 
1768 248 0 0 0 0 0 0 0 0 0 0 0 0 0 0 
1784 248 0 0 0 0 0 0 0 0 0 0 0 0 0 0 
1800 248 0 0 0 0 0 0 0 0 0 0 0 0 0 0 
1816 248 0 0 0 0 0 0 0 0 0 0 0 0 0 0 
1832 248 0 0 0 0 0 0 0 0 0 0 0 0 0 0 
1848 248 0 0 0 0 0 0 0 0 0 0 0 0 0 0 
1864 248 0 0 0 0 0 0 0 0 0 0 0 0 0 0 
1880 248 0 0 0 0 0 0 0 0 0 0 0 0 0 0 
1896 248 0 0 0 0 0 0 0 0 0 0 0 0 0 0 
1912 248 0 0 0 0 0 0 0 0 0 0 0 0 0 0 
1928 248 0 0 0 0 0 0 0 0 0 0 0 0 0 0 
1944 248 0 0 0 0 0 0 0 0 0 0 0 0 0 0 
1960 248 0 0 0 0 0 0 0 0 0 0 0 0 0 0 
1976 248 0 0 0 0 0 0 0 0 0 0 0 0 0 0 
1992 248 0 0 0 0 0 0 0 0 0 0 0 0 0 0 
2008 248 0 0 0 0 0 0 0 0 0 0 0 0 0 0 
2024 248 0 0 0 0 0 0 0 0 0 0 0 0 0 0 
2040 248 0 0 0 0 0 0 0 0 0 0 0 0 0 0 
2056 248 0 0 0 0 0 0 0 0 0 0 0 0 0 0 
2072 248 0 0 0 0 0 0 0 0 0 0 0 0 0 0 
2088 248 0 0 0 0 0 0 0 0 0 0 0 0 0 0 
2104 248 0 0 0 0 0 0 0 0 0 0 0 0 0 0 
2120 248 0 0 0 0 0 0 0 0 0 0 0 0 0 0 
2136 248 0 0 0 0 0 0 0 0 0 0 0 0 0 0 
2152 248 0 0 0 0 0 0 0 0 0 0 0 0 0 0 
2168 248 0 0 0 0 0 0 0 0 0 0 0 0 0 0 
2184 248 0 0 0 0 0 0 0 0 0 0 0 0 0 0 
2200 248 0 0 0 0 0 0 0 0 0 0 0 0 0 0 
2216 248 0 0 0 0 0 0 0 0 0 0 0 0 0 0 
2232 248 0 0 0 0 0 0 0 0 0 0 0 0 0 0 
2248 248 0 0 0 0 0 0 0 0 0 0 0 0 0 0 
2264 248 0 0 0 0 0 0 0 0 0 0 0 0 0 0 
2280 248 0 0 0 0 0 0 0 0 0 0 0 0 0 0 
2296 248 0 0 0 0 0 0 0 0 0 0 0 0 0 0 
2312 248 0 0 0 0 0 0 0 0 0 0 0 0 0 0 
2328 248 0 0 0 0 0 0 0 0 0 0 0 0 0 0 
2344 248 0 0 0 0 0 0 0 0 0 0 0 0 0 0 
2360 248 0 0 0 0 0 0 0 0 0 0 0 0 0 0 
2376 248 0 0 0 0 0 0 0 0 0 0 0 0 0 0 
2392 248 0 0 0 0 0 0 0 0 0 0 0 0 0 0 
2408 248 0 0 0 0 0 0 0 0 0 0 0 0 0 0 
2424 248 0 0 0 0 0 0 0 0 0 0 0 0 0 0 
2440 248 0 0 0 0 0 0 0 0 0 0 0 0 0 0 
2456 248 0 0 0 0 0 0 0 0 0 0 0 0 0 0 
2472 248 0 0 0 0 0 0 0 0 0 0 0 0 0 0 
2488 248 0 0 0 0 0 0 0 0 0 0 0 0 0 0 
2504 248 0 0 0 0 0 0 0 0 0 0 0 0 0 0 
2520 248 0 0 0 0 0 0 0 0 0 0 0 0 0 0 
2536 248 0 0 0 0 0 0 0 0 0 0 0 0 0 0 
24 264 0 0 0 0 0 0 0 0 0 0 0 0 0 0 
40 264 0 0 0 0 0 0 0 0 0 0 0 0 0 0 
56 264 0 0 0 0 0 0 0 0 0 0 0 0 0 0 
72 264 0 0 0 0 0 0 0 0 0 0 0 0 0 0 
88 264 0 0 0 0 0 0 0 0 0 0 0 0 0 0 
104 264 0 0 0 0 0 0 0 0 0 0 0 0 0 0 
120 264 0 0 0 0 0 0 0 0 0 0 0 0 0 0 
136 264 0 0 0 0 0 0 0 0 0 0 0 0 0 0 
152 264 0 0 0 0 0 0 0 0 0 0 0 0 0 0 
168 264 0 0 0 0 0 0 0 0 0 0 0 0 0 0 
184 264 0 0 0 0 0 0 0 0 0 0 0 0 0 0 
200 264 0 0 0 0 0 0 0 0 0 0 0 0 0 0 
216 264 0 0 0 0 0 0 0 0 0 0 0 0 0 0 
232 264 0 0 0 0 0 0 0 0 0 0 0 0 0 0 
248 264 0 0 0 0 0 0 0 0 0 0 0 0 0 0 
264 264 0 0 0 0 0 0 0 0 0 0 0 0 0 0 
280 264 0 0 0 0 0 0 0 0 0 0 0 0 0 0 
296 264 0 0 0 0 0 0 0 0 0 0 0 0 0 0 
312 264 0 0 0 0 0 0 0 0 0 0 0 0 0 0 
328 264 0 0 0 0 0 0 0 0 0 0 0 0 0 0 
344 264 0 0 0 0 0 0 0 0 0 0 0 0 0 0 
360 264 0 0 0 0 0 0 0 0 0 0 0 0 0 0 
376 264 0 0 0 0 0 0 0 0 0 0 0 0 0 0 
392 264 0 0 0 0 0 0 0 0 0 0 0 0 0 0 
408 264 0 0 0 0 0 0 0 0 0 0 0 0 0 0 
424 264 0 0 0 0 0 0 0 0 0 0 0 0 0 0 
440 264 0 0 0 0 0 0 0 0 0 0 0 0 0 0 
456 264 0 0 0 0 0 0 0 0 0 0 0 0 0 0 
472 264 0 0 0 0 0 0 0 0 0 0 0 0 0 0 
488 264 0 0 0 0 0 0 0 0 0 0 0 0 0 0 
504 264 0 0 0 0 0 0 0 0 0 0 0 0 0 0 
520 264 0 0 0 0 0 0 0 0 0 0 0 0 0 0 
536 264 0 0 0 0 0 0 0 0 0 0 0 0 0 0 
552 264 0 0 0 0 0 0 0 0 0 0 0 0 0 0 
568 264 0 0 0 0 0 0 0 0 0 0 0 0 0 0 
584 264 0 0 0 0 0 0 0 0 0 0 0 0 0 0 
600 264 0 0 0 0 0 0 0 0 0 0 0 0 0 0 
616 264 0 0 0 0 0 0 0 0 0 0 0 0 0 0 
632 264 0 0 0 0 0 0 0 0 0 0 0 0 0 0 
648 264 0 0 0 0 0 0 0 0 0 0 0 0 0 0 
664 264 0 0 0 0 0 0 0 0 0 0 0 0 0 0 
680 264 0 0 0 0 0 0 0 0 0 0 0 0 0 0 
696 264 0 0 0 0 0 0 0 0 0 0 0 0 0 0 
712 264 0 0 0 0 0 0 0 0 0 0 0 0 0 0 
728 264 0 0 0 0 0 0 0 0 0 0 0 0 0 0 
744 264 0 0 0 0 0 0 0 0 0 0 0 0 0 0 
760 264 0 0 0 0 0 0 0 0 0 0 0 0 0 0 
776 264 0 0 0 0 0 0 0 0 0 0 0 0 0 0 
792 264 0 0 0 0 0 0 0 0 0 0 0 0 0 0 
808 264 0 0 0 0 0 0 0 0 0 0 0 0 0 0 
824 264 0 0 0 0 0 0 0 0 0 0 0 0 0 0 
840 264 0 0 0 0 0 0 0 0 0 0 0 0 0 0 
856 264 0 0 0 0 0 0 0 0 0 0 0 0 0 0 
872 264 0 0 0 0 0 0 0 0 0 0 0 0 0 0 
888 264 0 0 0 0 0 0 0 0 0 0 0 0 0 0 
904 264 0 0 0 0 0 0 0 0 0 0 0 0 0 0 
920 264 0 0 0 0 0 0 0 0 0 0 0 0 0 0 
936 264 0 0 0 0 0 0 0 0 0 0 0 0 0 0 
952 264 0 0 0 0 0 0 0 0 0 0 0 0 0 0 
968 264 0 0 0 0 0 0 0 0 0 0 0 0 0 0 
984 264 0 0 0 0 0 0 0 0 0 0 0 0 0 0 
1000 264 0 0 0 0 0 0 0 0 0 0 0 0 0 0 
1016 264 0 0 0 0 0 0 0 0 0 0 0 0 0 0 
1032 264 0 0 0 0 0 0 0 0 0 0 0 0 0 0 
1048 264 0 0 0 0 0 0 0 0 0 0 0 0 0 0 
1064 264 0 0 0 0 0 0 0 0 0 0 0 0 0 0 
1080 264 0 0 0 0 0 0 0 0 0 0 0 0 0 0 
1096 264 0 0 0 0 0 0 0 0 0 0 0 0 0 0 
1112 264 0 0 0 0 0 0 0 0 0 0 0 0 0 0 
1128 264 0 0 0 0 0 0 0 0 0 0 0 0 0 0 
1144 264 0 0 0 0 0 0 0 0 0 0 0 0 0 0 
1160 264 0 0 0 0 0 0 0 0 0 0 0 0 0 0 
1176 264 0 0 0 0 0 0 0 0 0 0 0 0 0 0 
1192 264 0 0 0 0 0 0 0 0 0 0 0 0 0 0 
1208 264 0 0 0 0 0 0 0 0 0 0 0 0 0 0 
1224 264 0 0 0 0 0 0 0 0 0 0 0 0 0 0 
1240 264 0 0 0 0 0 0 0 0 0 0 0 0 0 0 
1256 264 0 0 0 0 0 0 0 0 0 0 0 0 0 0 
1272 264 0 0 0 0 0 0 0 0 0 0 0 0 0 0 
1288 264 0 0 0 0 0 0 0 0 0 0 0 0 0 0 
1304 264 0 0 0 0 0 0 0 0 0 0 0 0 0 0 
1320 264 0 0 0 0 0 0 0 0 0 0 0 0 0 0 
1336 264 0 0 0 0 0 0 0 0 0 0 0 0 0 0 
1352 264 0 0 0 0 0 0 0 0 0 0 0 0 0 0 
1368 264 0 0 0 0 0 0 0 0 0 0 0 0 0 0 
1384 264 0 0 0 0 0 0 0 0 0 0 0 0 0 0 
1400 264 0 0 0 0 0 0 0 0 0 0 0 0 0 0 
1416 264 0 0 0 0 0 0 0 0 0 0 0 0 0 0 
1432 264 0 0 0 0 0 0 0 0 0 0 0 0 0 0 
1448 264 0 0 0 0 0 0 0 0 0 0 0 0 0 0 
1464 264 0 0 0 0 0 0 0 0 0 0 0 0 0 0 
1480 264 0 0 0 0 0 0 0 0 0 0 0 0 0 0 
1496 264 0 0 0 0 0 0 0 0 0 0 0 0 0 0 
1512 264 0 0 0 0 0 0 0 0 0 0 0 0 0 0 
1528 264 0 0 0 0 0 0 0 0 0 0 0 0 0 0 
1544 264 0 0 0 0 0 0 0 0 0 0 0 0 0 0 
1560 264 0 0 0 0 0 0 0 0 0 0 0 0 0 0 
1576 264 0 0 0 0 0 0 0 0 0 0 0 0 0 0 
1592 264 0 0 0 0 0 0 0 0 0 0 0 0 0 0 
1608 264 0 0 0 0 0 0 0 0 0 0 0 0 0 0 
1624 264 0 0 0 0 0 0 0 0 0 0 0 0 0 0 
1640 264 0 0 0 0 0 0 0 0 0 0 0 0 0 0 
1656 264 0 0 0 0 0 0 0 0 0 0 0 0 0 0 
1672 264 0 0 0 0 0 0 0 0 0 0 0 0 0 0 
1688 264 0 0 0 0 0 0 0 0 0 0 0 0 0 0 
1704 264 0 0 0 0 0 0 0 0 0 0 0 0 0 0 
1720 264 0 0 0 0 0 0 0 0 0 0 0 0 0 0 
1736 264 0 0 0 0 0 0 0 0 0 0 0 0 0 0 
1752 264 0 0 0 0 0 0 0 0 0 0 0 0 0 0 
1768 264 0 0 0 0 0 0 0 0 0 0 0 0 0 0 
1784 264 0 0 0 0 0 0 0 0 0 0 0 0 0 0 
1800 264 0 0 0 0 0 0 0 0 0 0 0 0 0 0 
1816 264 0 0 0 0 0 0 0 0 0 0 0 0 0 0 
1832 264 0 0 0 0 0 0 0 0 0 0 0 0 0 0 
1848 264 0 0 0 0 0 0 0 0 0 0 0 0 0 0 
1864 264 0 0 0 0 0 0 0 0 0 0 0 0 0 0 
1880 264 0 0 0 0 0 0 0 0 0 0 0 0 0 0 
1896 264 0 0 0 0 0 0 0 0 0 0 0 0 0 0 
1912 264 0 0 0 0 0 0 0 0 0 0 0 0 0 0 
1928 264 0 0 0 0 0 0 0 0 0 0 0 0 0 0 
1944 264 0 0 0 0 0 0 0 0 0 0 0 0 0 0 
1960 264 0 0 0 0 0 0 0 0 0 0 0 0 0 0 
1976 264 0 0 0 0 0 0 0 0 0 0 0 0 0 0 
1992 264 0 0 0 0 0 0 0 0 0 0 0 0 0 0 
2008 264 0 0 0 0 0 0 0 0 0 0 0 0 0 0 
2024 264 0 0 0 0 0 0 0 0 0 0 0 0 0 0 
2040 264 0 0 0 0 0 0 0 0 0 0 0 0 0 0 
2056 264 0 0 0 0 0 0 0 0 0 0 0 0 0 0 
2072 264 0 0 0 0 0 0 0 0 0 0 0 0 0 0 
2088 264 0 0 0 0 0 0 0 0 0 0 0 0 0 0 
2104 264 0 0 0 0 0 0 0 0 0 0 0 0 0 0 
2120 264 0 0 0 0 0 0 0 0 0 0 0 0 0 0 
2136 264 0 0 0 0 0 0 0 0 0 0 0 0 0 0 
2152 264 0 0 0 0 0 0 0 0 0 0 0 0 0 0 
2168 264 0 0 0 0 0 0 0 0 0 0 0 0 0 0 
2184 264 0 0 0 0 0 0 0 0 0 0 0 0 0 0 
2200 264 0 0 0 0 0 0 0 0 0 0 0 0 0 0 
2216 264 0 0 0 0 0 0 0 0 0 0 0 0 0 0 
2232 264 0 0 0 0 0 0 0 0 0 0 0 0 0 0 
2248 264 0 0 0 0 0 0 0 0 0 0 0 0 0 0 
2264 264 0 0 0 0 0 0 0 0 0 0 0 0 0 0 
2280 264 0 0 0 0 0 0 0 0 0 0 0 0 0 0 
2296 264 0 0 0 0 0 0 0 0 0 0 0 0 0 0 
2312 264 0 0 0 0 0 0 0 0 0 0 0 0 0 0 
2328 264 0 0 0 0 0 0 0 0 0 0 0 0 0 0 
2344 264 0 0 0 0 0 0 0 0 0 0 0 0 0 0 
2360 264 0 0 0 0 0 0 0 0 0 0 0 0 0 0 
2376 264 0 0 0 0 0 0 0 0 0 0 0 0 0 0 
2392 264 0 0 0 0 0 0 0 0 0 0 0 0 0 0 
2408 264 0 0 0 0 0 0 0 0 0 0 0 0 0 0 
2424 264 0 0 0 0 0 0 0 0 0 0 0 0 0 0 
2440 264 0 0 0 0 0 0 0 0 0 0 0 0 0 0 
2456 264 0 0 0 0 0 0 0 0 0 0 0 0 0 0 
2472 264 0 0 0 0 0 0 0 0 0 0 0 0 0 0 
2488 264 0 0 0 0 0 0 0 0 0 0 0 0 0 0 
2504 264 0 0 0 0 0 0 0 0 0 0 0 0 0 0 
2520 264 0 0 0 0 0 0 0 0 0 0 0 0 0 0 
2536 264 0 0 0 0 0 0 0 0 0 0 0 0 0 0 
24 280 0 0 0 0 0 0 0 0 0 0 0 0 0 0 
40 280 0 0 0 0 0 0 0 0 0 0 0 0 0 0 
56 280 0 0 0 0 0 0 0 0 0 0 0 0 0 0 
72 280 0 0 0 0 0 0 0 0 0 0 0 0 0 0 
88 280 0 0 0 0 0 0 0 0 0 0 0 0 0 0 
104 280 0 0 0 0 0 0 0 0 0 0 0 0 0 0 
120 280 0 0 0 0 0 0 0 0 0 0 0 0 0 0 
136 280 0 0 0 0 0 0 0 0 0 0 0 0 0 0 
152 280 0 0 0 0 0 0 0 0 0 0 0 0 0 0 
168 280 0 0 0 0 0 0 0 0 0 0 0 0 0 0 
184 280 0 0 0 0 0 0 0 0 0 0 0 0 0 0 
200 280 0 0 0 0 0 0 0 0 0 0 0 0 0 0 
216 280 0 0 0 0 0 0 0 0 0 0 0 0 0 0 
232 280 0 0 0 0 0 0 0 0 0 0 0 0 0 0 
248 280 0 0 0 0 0 0 0 0 0 0 0 0 0 0 
264 280 0 0 0 0 0 0 0 0 0 0 0 0 0 0 
280 280 0 0 0 0 0 0 0 0 0 0 0 0 0 0 
296 280 0 0 0 0 0 0 0 0 0 0 0 0 0 0 
312 280 0 0 0 0 0 0 0 0 0 0 0 0 0 0 
328 280 0 0 0 0 0 0 0 0 0 0 0 0 0 0 
344 280 0 0 0 0 0 0 0 0 0 0 0 0 0 0 
360 280 0 0 0 0 0 0 0 0 0 0 0 0 0 0 
376 280 0 0 0 0 0 0 0 0 0 0 0 0 0 0 
392 280 0 0 0 0 0 0 0 0 0 0 0 0 0 0 
408 280 0 0 0 0 0 0 0 0 0 0 0 0 0 0 
424 280 0 0 0 0 0 0 0 0 0 0 0 0 0 0 
440 280 0 0 0 0 0 0 0 0 0 0 0 0 0 0 
456 280 0 0 0 0 0 0 0 0 0 0 0 0 0 0 
472 280 0 0 0 0 0 0 0 0 0 0 0 0 0 0 
488 280 0 0 0 0 0 0 0 0 0 0 0 0 0 0 
504 280 0 0 0 0 0 0 0 0 0 0 0 0 0 0 
520 280 0 0 0 0 0 0 0 0 0 0 0 0 0 0 
536 280 0 0 0 0 0 0 0 0 0 0 0 0 0 0 
552 280 0 0 0 0 0 0 0 0 0 0 0 0 0 0 
568 280 0 0 0 0 0 0 0 0 0 0 0 0 0 0 
584 280 0 0 0 0 0 0 0 0 0 0 0 0 0 0 
600 280 0 0 0 0 0 0 0 0 0 0 0 0 0 0 
616 280 0 0 0 0 0 0 0 0 0 0 0 0 0 0 
632 280 0 0 0 0 0 0 0 0 0 0 0 0 0 0 
648 280 0 0 0 0 0 0 0 0 0 0 0 0 0 0 
664 280 0 0 0 0 0 0 0 0 0 0 0 0 0 0 
680 280 0 0 0 0 0 0 0 0 0 0 0 0 0 0 
696 280 0 0 0 0 0 0 0 0 0 0 0 0 0 0 
712 280 0 0 0 0 0 0 0 0 0 0 0 0 0 0 
728 280 0 0 0 0 0 0 0 0 0 0 0 0 0 0 
744 280 0 0 0 0 0 0 0 0 0 0 0 0 0 0 
760 280 0 0 0 0 0 0 0 0 0 0 0 0 0 0 
776 280 0 0 0 0 0 0 0 0 0 0 0 0 0 0 
792 280 0 0 0 0 0 0 0 0 0 0 0 0 0 0 
808 280 0 0 0 0 0 0 0 0 0 0 0 0 0 0 
824 280 0 0 0 0 0 0 0 0 0 0 0 0 0 0 
840 280 0 0 0 0 0 0 0 0 0 0 0 0 0 0 
856 280 0 0 0 0 0 0 0 0 0 0 0 0 0 0 
872 280 0 0 0 0 0 0 0 0 0 0 0 0 0 0 
888 280 0 0 0 0 0 0 0 0 0 0 0 0 0 0 
904 280 0 0 0 0 0 0 0 0 0 0 0 0 0 0 
920 280 0 0 0 0 0 0 0 0 0 0 0 0 0 0 
936 280 0 0 0 0 0 0 0 0 0 0 0 0 0 0 
952 280 0 0 0 0 0 0 0 0 0 0 0 0 0 0 
968 280 0 0 0 0 0 0 0 0 0 0 0 0 0 0 
984 280 0 0 0 0 0 0 0 0 0 0 0 0 0 0 
1000 280 0 0 0 0 0 0 0 0 0 0 0 0 0 0 
1016 280 0 0 0 0 0 0 0 0 0 0 0 0 0 0 
1032 280 0 0 0 0 0 0 0 0 0 0 0 0 0 0 
1048 280 0 0 0 0 0 0 0 0 0 0 0 0 0 0 
1064 280 0 0 0 0 0 0 0 0 0 0 0 0 0 0 
1080 280 0 0 0 0 0 0 0 0 0 0 0 0 0 0 
1096 280 0 0 0 0 0 0 0 0 0 0 0 0 0 0 
1112 280 0 0 0 0 0 0 0 0 0 0 0 0 0 0 
1128 280 0 0 0 0 0 0 0 0 0 0 0 0 0 0 
1144 280 0 0 0 0 0 0 0 0 0 0 0 0 0 0 
1160 280 0 0 0 0 0 0 0 0 0 0 0 0 0 0 
1176 280 0 0 0 0 0 0 0 0 0 0 0 0 0 0 
1192 280 0 0 0 0 0 0 0 0 0 0 0 0 0 0 
1208 280 0 0 0 0 0 0 0 0 0 0 0 0 0 0 
1224 280 0 0 0 0 0 0 0 0 0 0 0 0 0 0 
1240 280 0 0 0 0 0 0 0 0 0 0 0 0 0 0 
1256 280 0 0 0 0 0 0 0 0 0 0 0 0 0 0 
1272 280 0 0 0 0 0 0 0 0 0 0 0 0 0 0 
1288 280 0 0 0 0 0 0 0 0 0 0 0 0 0 0 
1304 280 0 0 0 0 0 0 0 0 0 0 0 0 0 0 
1320 280 0 0 0 0 0 0 0 0 0 0 0 0 0 0 
1336 280 0 0 0 0 0 0 0 0 0 0 0 0 0 0 
1352 280 0 0 0 0 0 0 0 0 0 0 0 0 0 0 
1368 280 0 0 0 0 0 0 0 0 0 0 0 0 0 0 
1384 280 0 0 0 0 0 0 0 0 0 0 0 0 0 0 
1400 280 0 0 0 0 0 0 0 0 0 0 0 0 0 0 
1416 280 0 0 0 0 0 0 0 0 0 0 0 0 0 0 
1432 280 0 0 0 0 0 0 0 0 0 0 0 0 0 0 
1448 280 0 0 0 0 0 0 0 0 0 0 0 0 0 0 
1464 280 0 0 0 0 0 0 0 0 0 0 0 0 0 0 
1480 280 0 0 0 0 0 0 0 0 0 0 0 0 0 0 
1496 280 0 0 0 0 0 0 0 0 0 0 0 0 0 0 
1512 280 0 0 0 0 0 0 0 0 0 0 0 0 0 0 
1528 280 0 0 0 0 0 0 0 0 0 0 0 0 0 0 
1544 280 0 0 0 0 0 0 0 0 0 0 0 0 0 0 
1560 280 0 0 0 0 0 0 0 0 0 0 0 0 0 0 
1576 280 0 0 0 0 0 0 0 0 0 0 0 0 0 0 
1592 280 0 0 0 0 0 0 0 0 0 0 0 0 0 0 
1608 280 0 0 0 0 0 0 0 0 0 0 0 0 0 0 
1624 280 0 0 0 0 0 0 0 0 0 0 0 0 0 0 
1640 280 0 0 0 0 0 0 0 0 0 0 0 0 0 0 
1656 280 0 0 0 0 0 0 0 0 0 0 0 0 0 0 
1672 280 0 0 0 0 0 0 0 0 0 0 0 0 0 0 
1688 280 0 0 0 0 0 0 0 0 0 0 0 0 0 0 
1704 280 0 0 0 0 0 0 0 0 0 0 0 0 0 0 
1720 280 0 0 0 0 0 0 0 0 0 0 0 0 0 0 
1736 280 0 0 0 0 0 0 0 0 0 0 0 0 0 0 
1752 280 0 0 0 0 0 0 0 0 0 0 0 0 0 0 
1768 280 0 0 0 0 0 0 0 0 0 0 0 0 0 0 
1784 280 0 0 0 0 0 0 0 0 0 0 0 0 0 0 
1800 280 0 0 0 0 0 0 0 0 0 0 0 0 0 0 
1816 280 0 0 0 0 0 0 0 0 0 0 0 0 0 0 
1832 280 0 0 0 0 0 0 0 0 0 0 0 0 0 0 
1848 280 0 0 0 0 0 0 0 0 0 0 0 0 0 0 
1864 280 0 0 0 0 0 0 0 0 0 0 0 0 0 0 
1880 280 0 0 0 0 0 0 0 0 0 0 0 0 0 0 
1896 280 0 0 0 0 0 0 0 0 0 0 0 0 0 0 
1912 280 0 0 0 0 0 0 0 0 0 0 0 0 0 0 
1928 280 0 0 0 0 0 0 0 0 0 0 0 0 0 0 
1944 280 0 0 0 0 0 0 0 0 0 0 0 0 0 0 
1960 280 0 0 0 0 0 0 0 0 0 0 0 0 0 0 
1976 280 0 0 0 0 0 0 0 0 0 0 0 0 0 0 
1992 280 0 0 0 0 0 0 0 0 0 0 0 0 0 0 
2008 280 0 0 0 0 0 0 0 0 0 0 0 0 0 0 
2024 280 0 0 0 0 0 0 0 0 0 0 0 0 0 0 
2040 280 0 0 0 0 0 0 0 0 0 0 0 0 0 0 
2056 280 0 0 0 0 0 0 0 0 0 0 0 0 0 0 
2072 280 0 0 0 0 0 0 0 0 0 0 0 0 0 0 
2088 280 0 0 0 0 0 0 0 0 0 0 0 0 0 0 
2104 280 0 0 0 0 0 0 0 0 0 0 0 0 0 0 
2120 280 0 0 0 0 0 0 0 0 0 0 0 0 0 0 
2136 280 0 0 0 0 0 0 0 0 0 0 0 0 0 0 
2152 280 0 0 0 0 0 0 0 0 0 0 0 0 0 0 
2168 280 0 0 0 0 0 0 0 0 0 0 0 0 0 0 
2184 280 0 0 0 0 0 0 0 0 0 0 0 0 0 0 
2200 280 0 0 0 0 0 0 0 0 0 0 0 0 0 0 
2216 280 0 0 0 0 0 0 0 0 0 0 0 0 0 0 
2232 280 0 0 0 0 0 0 0 0 0 0 0 0 0 0 
2248 280 0 0 0 0 0 0 0 0 0 0 0 0 0 0 
2264 280 0 0 0 0 0 0 0 0 0 0 0 0 0 0 
2280 280 0 0 0 0 0 0 0 0 0 0 0 0 0 0 
2296 280 0 0 0 0 0 0 0 0 0 0 0 0 0 0 
2312 280 0 0 0 0 0 0 0 0 0 0 0 0 0 0 
2328 280 0 0 0 0 0 0 0 0 0 0 0 0 0 0 
2344 280 0 0 0 0 0 0 0 0 0 0 0 0 0 0 
2360 280 0 0 0 0 0 0 0 0 0 0 0 0 0 0 
2376 280 0 0 0 0 0 0 0 0 0 0 0 0 0 0 
2392 280 0 0 0 0 0 0 0 0 0 0 0 0 0 0 
2408 280 0 0 0 0 0 0 0 0 0 0 0 0 0 0 
2424 280 0 0 0 0 0 0 0 0 0 0 0 0 0 0 
2440 280 0 0 0 0 0 0 0 0 0 0 0 0 0 0 
2456 280 0 0 0 0 0 0 0 0 0 0 0 0 0 0 
2472 280 0 0 0 0 0 0 0 0 0 0 0 0 0 0 
2488 280 0 0 0 0 0 0 0 0 0 0 0 0 0 0 
2504 280 0 0 0 0 0 0 0 0 0 0 0 0 0 0 
2520 280 0 0 0 0 0 0 0 0 0 0 0 0 0 0 
2536 280 0 0 0 0 0 0 0 0 0 0 0 0 0 0 
24 296 0 0 0 0 0 0 0 0 0 0 0 0 0 0 
40 296 0 0 0 0 0 0 0 0 0 0 0 0 0 0 
56 296 0 0 0 0 0 0 0 0 0 0 0 0 0 0 
72 296 0 0 0 0 0 0 0 0 0 0 0 0 0 0 
88 296 0 0 0 0 0 0 0 0 0 0 0 0 0 0 
104 296 0 0 0 0 0 0 0 0 0 0 0 0 0 0 
120 296 0 0 0 0 0 0 0 0 0 0 0 0 0 0 
136 296 0 0 0 0 0 0 0 0 0 0 0 0 0 0 
152 296 0 0 0 0 0 0 0 0 0 0 0 0 0 0 
168 296 0 0 0 0 0 0 0 0 0 0 0 0 0 0 
184 296 0 0 0 0 0 0 0 0 0 0 0 0 0 0 
200 296 0 0 0 0 0 0 0 0 0 0 0 0 0 0 
216 296 0 0 0 0 0 0 0 0 0 0 0 0 0 0 
232 296 0 0 0 0 0 0 0 0 0 0 0 0 0 0 
248 296 0 0 0 0 0 0 0 0 0 0 0 0 0 0 
264 296 0 0 0 0 0 0 0 0 0 0 0 0 0 0 
280 296 0 0 0 0 0 0 0 0 0 0 0 0 0 0 
296 296 0 0 0 0 0 0 0 0 0 0 0 0 0 0 
312 296 0 0 0 0 0 0 0 0 0 0 0 0 0 0 
328 296 0 0 0 0 0 0 0 0 0 0 0 0 0 0 
344 296 0 0 0 0 0 0 0 0 0 0 0 0 0 0 
360 296 0 0 0 0 0 0 0 0 0 0 0 0 0 0 
376 296 0 0 0 0 0 0 0 0 0 0 0 0 0 0 
392 296 0 0 0 0 0 0 0 0 0 0 0 0 0 0 
408 296 0 0 0 0 0 0 0 0 0 0 0 0 0 0 
424 296 0 0 0 0 0 0 0 0 0 0 0 0 0 0 
440 296 0 0 0 0 0 0 0 0 0 0 0 0 0 0 
456 296 0 0 0 0 0 0 0 0 0 0 0 0 0 0 
472 296 0 0 0 0 0 0 0 0 0 0 0 0 0 0 
488 296 0 0 0 0 0 0 0 0 0 0 0 0 0 0 
504 296 0 0 0 0 0 0 0 0 0 0 0 0 0 0 
520 296 0 0 0 0 0 0 0 0 0 0 0 0 0 0 
536 296 0 0 0 0 0 0 0 0 0 0 0 0 0 0 
552 296 0 0 0 0 0 0 0 0 0 0 0 0 0 0 
568 296 0 0 0 0 0 0 0 0 0 0 0 0 0 0 
584 296 0 0 0 0 0 0 0 0 0 0 0 0 0 0 
600 296 0 0 0 0 0 0 0 0 0 0 0 0 0 0 
616 296 0 0 0 0 0 0 0 0 0 0 0 0 0 0 
632 296 0 0 0 0 0 0 0 0 0 0 0 0 0 0 
648 296 0 0 0 0 0 0 0 0 0 0 0 0 0 0 
664 296 0 0 0 0 0 0 0 0 0 0 0 0 0 0 
680 296 0 0 0 0 0 0 0 0 0 0 0 0 0 0 
696 296 0 0 0 0 0 0 0 0 0 0 0 0 0 0 
712 296 0 0 0 0 0 0 0 0 0 0 0 0 0 0 
728 296 0 0 0 0 0 0 0 0 0 0 0 0 0 0 
744 296 0 0 0 0 0 0 0 0 0 0 0 0 0 0 
760 296 0 0 0 0 0 0 0 0 0 0 0 0 0 0 
776 296 0 0 0 0 0 0 0 0 0 0 0 0 0 0 
792 296 0 0 0 0 0 0 0 0 0 0 0 0 0 0 
808 296 0 0 0 0 0 0 0 0 0 0 0 0 0 0 
824 296 0 0 0 0 0 0 0 0 0 0 0 0 0 0 
840 296 0 0 0 0 0 0 0 0 0 0 0 0 0 0 
856 296 0 0 0 0 0 0 0 0 0 0 0 0 0 0 
872 296 0 0 0 0 0 0 0 0 0 0 0 0 0 0 
888 296 0 0 0 0 0 0 0 0 0 0 0 0 0 0 
904 296 0 0 0 0 0 0 0 0 0 0 0 0 0 0 
920 296 0 0 0 0 0 0 0 0 0 0 0 0 0 0 
936 296 0 0 0 0 0 0 0 0 0 0 0 0 0 0 
952 296 0 0 0 0 0 0 0 0 0 0 0 0 0 0 
968 296 0 0 0 0 0 0 0 0 0 0 0 0 0 0 
984 296 0 0 0 0 0 0 0 0 0 0 0 0 0 0 
1000 296 0 0 0 0 0 0 0 0 0 0 0 0 0 0 
1016 296 0 0 0 0 0 0 0 0 0 0 0 0 0 0 
1032 296 0 0 0 0 0 0 0 0 0 0 0 0 0 0 
1048 296 0 0 0 0 0 0 0 0 0 0 0 0 0 0 
1064 296 0 0 0 0 0 0 0 0 0 0 0 0 0 0 
1080 296 0 0 0 0 0 0 0 0 0 0 0 0 0 0 
1096 296 0 0 0 0 0 0 0 0 0 0 0 0 0 0 
1112 296 0 0 0 0 0 0 0 0 0 0 0 0 0 0 
1128 296 0 0 0 0 0 0 0 0 0 0 0 0 0 0 
1144 296 0 0 0 0 0 0 0 0 0 0 0 0 0 0 
1160 296 0 0 0 0 0 0 0 0 0 0 0 0 0 0 
1176 296 0 0 0 0 0 0 0 0 0 0 0 0 0 0 
1192 296 0 0 0 0 0 0 0 0 0 0 0 0 0 0 
1208 296 0 0 0 0 0 0 0 0 0 0 0 0 0 0 
1224 296 0 0 0 0 0 0 0 0 0 0 0 0 0 0 
1240 296 0 0 0 0 0 0 0 0 0 0 0 0 0 0 
1256 296 0 0 0 0 0 0 0 0 0 0 0 0 0 0 
1272 296 0 0 0 0 0 0 0 0 0 0 0 0 0 0 
1288 296 0 0 0 0 0 0 0 0 0 0 0 0 0 0 
1304 296 0 0 0 0 0 0 0 0 0 0 0 0 0 0 
1320 296 0 0 0 0 0 0 0 0 0 0 0 0 0 0 
1336 296 0 0 0 0 0 0 0 0 0 0 0 0 0 0 
1352 296 0 0 0 0 0 0 0 0 0 0 0 0 0 0 
1368 296 0 0 0 0 0 0 0 0 0 0 0 0 0 0 
1384 296 0 0 0 0 0 0 0 0 0 0 0 0 0 0 
1400 296 0 0 0 0 0 0 0 0 0 0 0 0 0 0 
1416 296 0 0 0 0 0 0 0 0 0 0 0 0 0 0 
1432 296 0 0 0 0 0 0 0 0 0 0 0 0 0 0 
1448 296 0 0 0 0 0 0 0 0 0 0 0 0 0 0 
1464 296 0 0 0 0 0 0 0 0 0 0 0 0 0 0 
1480 296 0 0 0 0 0 0 0 0 0 0 0 0 0 0 
1496 296 0 0 0 0 0 0 0 0 0 0 0 0 0 0 
1512 296 0 0 0 0 0 0 0 0 0 0 0 0 0 0 
1528 296 0 0 0 0 0 0 0 0 0 0 0 0 0 0 
1544 296 0 0 0 0 0 0 0 0 0 0 0 0 0 0 
1560 296 0 0 0 0 0 0 0 0 0 0 0 0 0 0 
1576 296 0 0 0 0 0 0 0 0 0 0 0 0 0 0 
1592 296 0 0 0 0 0 0 0 0 0 0 0 0 0 0 
1608 296 0 0 0 0 0 0 0 0 0 0 0 0 0 0 
1624 296 0 0 0 0 0 0 0 0 0 0 0 0 0 0 
1640 296 0 0 0 0 0 0 0 0 0 0 0 0 0 0 
1656 296 0 0 0 0 0 0 0 0 0 0 0 0 0 0 
1672 296 0 0 0 0 0 0 0 0 0 0 0 0 0 0 
1688 296 0 0 0 0 0 0 0 0 0 0 0 0 0 0 
1704 296 0 0 0 0 0 0 0 0 0 0 0 0 0 0 
1720 296 0 0 0 0 0 0 0 0 0 0 0 0 0 0 
1736 296 0 0 0 0 0 0 0 0 0 0 0 0 0 0 
1752 296 0 0 0 0 0 0 0 0 0 0 0 0 0 0 
1768 296 0 0 0 0 0 0 0 0 0 0 0 0 0 0 
1784 296 0 0 0 0 0 0 0 0 0 0 0 0 0 0 
1800 296 0 0 0 0 0 0 0 0 0 0 0 0 0 0 
1816 296 0 0 0 0 0 0 0 0 0 0 0 0 0 0 
1832 296 0 0 0 0 0 0 0 0 0 0 0 0 0 0 
1848 296 0 0 0 0 0 0 0 0 0 0 0 0 0 0 
1864 296 0 0 0 0 0 0 0 0 0 0 0 0 0 0 
1880 296 0 0 0 0 0 0 0 0 0 0 0 0 0 0 
1896 296 0 0 0 0 0 0 0 0 0 0 0 0 0 0 
1912 296 0 0 0 0 0 0 0 0 0 0 0 0 0 0 
1928 296 0 0 0 0 0 0 0 0 0 0 0 0 0 0 
1944 296 0 0 0 0 0 0 0 0 0 0 0 0 0 0 
1960 296 0 0 0 0 0 0 0 0 0 0 0 0 0 0 
1976 296 0 0 0 0 0 0 0 0 0 0 0 0 0 0 
1992 296 0 0 0 0 0 0 0 0 0 0 0 0 0 0 
2008 296 0 0 0 0 0 0 0 0 0 0 0 0 0 0 
2024 296 0 0 0 0 0 0 0 0 0 0 0 0 0 0 
2040 296 0 0 0 0 0 0 0 0 0 0 0 0 0 0 
2056 296 0 0 0 0 0 0 0 0 0 0 0 0 0 0 
2072 296 0 0 0 0 0 0 0 0 0 0 0 0 0 0 
2088 296 0 0 0 0 0 0 0 0 0 0 0 0 0 0 
2104 296 0 0 0 0 0 0 0 0 0 0 0 0 0 0 
2120 296 0 0 0 0 0 0 0 0 0 0 0 0 0 0 
2136 296 0 0 0 0 0 0 0 0 0 0 0 0 0 0 
2152 296 0 0 0 0 0 0 0 0 0 0 0 0 0 0 
2168 296 0 0 0 0 0 0 0 0 0 0 0 0 0 0 
2184 296 0 0 0 0 0 0 0 0 0 0 0 0 0 0 
2200 296 0 0 0 0 0 0 0 0 0 0 0 0 0 0 
2216 296 0 0 0 0 0 0 0 0 0 0 0 0 0 0 
2232 296 0 0 0 0 0 0 0 0 0 0 0 0 0 0 
2248 296 0 0 0 0 0 0 0 0 0 0 0 0 0 0 
2264 296 0 0 0 0 0 0 0 0 0 0 0 0 0 0 
2280 296 0 0 0 0 0 0 0 0 0 0 0 0 0 0 
2296 296 0 0 0 0 0 0 0 0 0 0 0 0 0 0 
2312 296 0 0 0 0 0 0 0 0 0 0 0 0 0 0 
2328 296 0 0 0 0 0 0 0 0 0 0 0 0 0 0 
2344 296 0 0 0 0 0 0 0 0 0 0 0 0 0 0 
2360 296 0 0 0 0 0 0 0 0 0 0 0 0 0 0 
2376 296 0 0 0 0 0 0 0 0 0 0 0 0 0 0 
2392 296 0 0 0 0 0 0 0 0 0 0 0 0 0 0 
2408 296 0 0 0 0 0 0 0 0 0 0 0 0 0 0 
2424 296 0 0 0 0 0 0 0 0 0 0 0 0 0 0 
2440 296 0 0 0 0 0 0 0 0 0 0 0 0 0 0 
2456 296 0 0 0 0 0 0 0 0 0 0 0 0 0 0 
2472 296 0 0 0 0 0 0 0 0 0 0 0 0 0 0 
2488 296 0 0 0 0 0 0 0 0 0 0 0 0 0 0 
2504 296 0 0 0 0 0 0 0 0 0 0 0 0 0 0 
2520 296 0 0 0 0 0 0 0 0 0 0 0 0 0 0 
2536 296 0 0 0 0 0 0 0 0 0 0 0 0 0 0 
24 312 0 0 0 0 0 0 0 0 0 0 0 0 0 0 
40 312 0 0 0 0 0 0 0 0 0 0 0 0 0 0 
56 312 0 0 0 0 0 0 0 0 0 0 0 0 0 0 
72 312 0 0 0 0 0 0 0 0 0 0 0 0 0 0 
88 312 0 0 0 0 0 0 0 0 0 0 0 0 0 0 
104 312 0 0 0 0 0 0 0 0 0 0 0 0 0 0 
120 312 0 0 0 0 0 0 0 0 0 0 0 0 0 0 
136 312 0 0 0 0 0 0 0 0 0 0 0 0 0 0 
152 312 0 0 0 0 0 0 0 0 0 0 0 0 0 0 
168 312 0 0 0 0 0 0 0 0 0 0 0 0 0 0 
184 312 0 0 0 0 0 0 0 0 0 0 0 0 0 0 
200 312 0 0 0 0 0 0 0 0 0 0 0 0 0 0 
216 312 0 0 0 0 0 0 0 0 0 0 0 0 0 0 
232 312 0 0 0 0 0 0 0 0 0 0 0 0 0 0 
248 312 0 0 0 0 0 0 0 0 0 0 0 0 0 0 
264 312 0 0 0 0 0 0 0 0 0 0 0 0 0 0 
280 312 0 0 0 0 0 0 0 0 0 0 0 0 0 0 
296 312 0 0 0 0 0 0 0 0 0 0 0 0 0 0 
312 312 0 0 0 0 0 0 0 0 0 0 0 0 0 0 
328 312 0 0 0 0 0 0 0 0 0 0 0 0 0 0 
344 312 0 0 0 0 0 0 0 0 0 0 0 0 0 0 
360 312 0 0 0 0 0 0 0 0 0 0 0 0 0 0 
376 312 0 0 0 0 0 0 0 0 0 0 0 0 0 0 
392 312 0 0 0 0 0 0 0 0 0 0 0 0 0 0 
408 312 0 0 0 0 0 0 0 0 0 0 0 0 0 0 
424 312 0 0 0 0 0 0 0 0 0 0 0 0 0 0 
440 312 0 0 0 0 0 0 0 0 0 0 0 0 0 0 
456 312 0 0 0 0 0 0 0 0 0 0 0 0 0 0 
472 312 0 0 0 0 0 0 0 0 0 0 0 0 0 0 
488 312 0 0 0 0 0 0 0 0 0 0 0 0 0 0 
504 312 0 0 0 0 0 0 0 0 0 0 0 0 0 0 
520 312 0 0 0 0 0 0 0 0 0 0 0 0 0 0 
536 312 0 0 0 0 0 0 0 0 0 0 0 0 0 0 
552 312 0 0 0 0 0 0 0 0 0 0 0 0 0 0 
568 312 0 0 0 0 0 0 0 0 0 0 0 0 0 0 
584 312 0 0 0 0 0 0 0 0 0 0 0 0 0 0 
600 312 0 0 0 0 0 0 0 0 0 0 0 0 0 0 
616 312 0 0 0 0 0 0 0 0 0 0 0 0 0 0 
632 312 0 0 0 0 0 0 0 0 0 0 0 0 0 0 
648 312 0 0 0 0 0 0 0 0 0 0 0 0 0 0 
664 312 0 0 0 0 0 0 0 0 0 0 0 0 0 0 
680 312 0 0 0 0 0 0 0 0 0 0 0 0 0 0 
696 312 0 0 0 0 0 0 0 0 0 0 0 0 0 0 
712 312 0 0 0 0 0 0 0 0 0 0 0 0 0 0 
728 312 0 0 0 0 0 0 0 0 0 0 0 0 0 0 
744 312 0 0 0 0 0 0 0 0 0 0 0 0 0 0 
760 312 0 0 0 0 0 0 0 0 0 0 0 0 0 0 
776 312 0 0 0 0 0 0 0 0 0 0 0 0 0 0 
792 312 0 0 0 0 0 0 0 0 0 0 0 0 0 0 
808 312 0 0 0 0 0 0 0 0 0 0 0 0 0 0 
824 312 0 0 0 0 0 0 0 0 0 0 0 0 0 0 
840 312 0 0 0 0 0 0 0 0 0 0 0 0 0 0 
856 312 0 0 0 0 0 0 0 0 0 0 0 0 0 0 
872 312 0 0 0 0 0 0 0 0 0 0 0 0 0 0 
888 312 0 0 0 0 0 0 0 0 0 0 0 0 0 0 
904 312 0 0 0 0 0 0 0 0 0 0 0 0 0 0 
920 312 0 0 0 0 0 0 0 0 0 0 0 0 0 0 
936 312 0 0 0 0 0 0 0 0 0 0 0 0 0 0 
952 312 0 0 0 0 0 0 0 0 0 0 0 0 0 0 
968 312 0 0 0 0 0 0 0 0 0 0 0 0 0 0 
984 312 0 0 0 0 0 0 0 0 0 0 0 0 0 0 
1000 312 0 0 0 0 0 0 0 0 0 0 0 0 0 0 
1016 312 0 0 0 0 0 0 0 0 0 0 0 0 0 0 
1032 312 0 0 0 0 0 0 0 0 0 0 0 0 0 0 
1048 312 0 0 0 0 0 0 0 0 0 0 0 0 0 0 
1064 312 0 0 0 0 0 0 0 0 0 0 0 0 0 0 
1080 312 0 0 0 0 0 0 0 0 0 0 0 0 0 0 
1096 312 0 0 0 0 0 0 0 0 0 0 0 0 0 0 
1112 312 0 0 0 0 0 0 0 0 0 0 0 0 0 0 
1128 312 0 0 0 0 0 0 0 0 0 0 0 0 0 0 
1144 312 0 0 0 0 0 0 0 0 0 0 0 0 0 0 
1160 312 0 0 0 0 0 0 0 0 0 0 0 0 0 0 
1176 312 0 0 0 0 0 0 0 0 0 0 0 0 0 0 
1192 312 0 0 0 0 0 0 0 0 0 0 0 0 0 0 
1208 312 0 0 0 0 0 0 0 0 0 0 0 0 0 0 
1224 312 0 0 0 0 0 0 0 0 0 0 0 0 0 0 
1240 312 0 0 0 0 0 0 0 0 0 0 0 0 0 0 
1256 312 0 0 0 0 0 0 0 0 0 0 0 0 0 0 
1272 312 0 0 0 0 0 0 0 0 0 0 0 0 0 0 
1288 312 0 0 0 0 0 0 0 0 0 0 0 0 0 0 
1304 312 0 0 0 0 0 0 0 0 0 0 0 0 0 0 
1320 312 0 0 0 0 0 0 0 0 0 0 0 0 0 0 
1336 312 0 0 0 0 0 0 0 0 0 0 0 0 0 0 
1352 312 0 0 0 0 0 0 0 0 0 0 0 0 0 0 
1368 312 0 0 0 0 0 0 0 0 0 0 0 0 0 0 
1384 312 0 0 0 0 0 0 0 0 0 0 0 0 0 0 
1400 312 0 0 0 0 0 0 0 0 0 0 0 0 0 0 
1416 312 0 0 0 0 0 0 0 0 0 0 0 0 0 0 
1432 312 0 0 0 0 0 0 0 0 0 0 0 0 0 0 
1448 312 0 0 0 0 0 0 0 0 0 0 0 0 0 0 
1464 312 0 0 0 0 0 0 0 0 0 0 0 0 0 0 
1480 312 0 0 0 0 0 0 0 0 0 0 0 0 0 0 
1496 312 0 0 0 0 0 0 0 0 0 0 0 0 0 0 
1512 312 0 0 0 0 0 0 0 0 0 0 0 0 0 0 
1528 312 0 0 0 0 0 0 0 0 0 0 0 0 0 0 
1544 312 0 0 0 0 0 0 0 0 0 0 0 0 0 0 
1560 312 0 0 0 0 0 0 0 0 0 0 0 0 0 0 
1576 312 0 0 0 0 0 0 0 0 0 0 0 0 0 0 
1592 312 0 0 0 0 0 0 0 0 0 0 0 0 0 0 
1608 312 0 0 0 0 0 0 0 0 0 0 0 0 0 0 
1624 312 0 0 0 0 0 0 0 0 0 0 0 0 0 0 
1640 312 0 0 0 0 0 0 0 0 0 0 0 0 0 0 
1656 312 0 0 0 0 0 0 0 0 0 0 0 0 0 0 
1672 312 0 0 0 0 0 0 0 0 0 0 0 0 0 0 
1688 312 0 0 0 0 0 0 0 0 0 0 0 0 0 0 
1704 312 0 0 0 0 0 0 0 0 0 0 0 0 0 0 
1720 312 0 0 0 0 0 0 0 0 0 0 0 0 0 0 
1736 312 0 0 0 0 0 0 0 0 0 0 0 0 0 0 
1752 312 0 0 0 0 0 0 0 0 0 0 0 0 0 0 
1768 312 0 0 0 0 0 0 0 0 0 0 0 0 0 0 
1784 312 0 0 0 0 0 0 0 0 0 0 0 0 0 0 
1800 312 0 0 0 0 0 0 0 0 0 0 0 0 0 0 
1816 312 0 0 0 0 0 0 0 0 0 0 0 0 0 0 
1832 312 0 0 0 0 0 0 0 0 0 0 0 0 0 0 
1848 312 0 0 0 0 0 0 0 0 0 0 0 0 0 0 
1864 312 0 0 0 0 0 0 0 0 0 0 0 0 0 0 
1880 312 0 0 0 0 0 0 0 0 0 0 0 0 0 0 
1896 312 0 0 0 0 0 0 0 0 0 0 0 0 0 0 
1912 312 0 0 0 0 0 0 0 0 0 0 0 0 0 0 
1928 312 0 0 0 0 0 0 0 0 0 0 0 0 0 0 
1944 312 0 0 0 0 0 0 0 0 0 0 0 0 0 0 
1960 312 0 0 0 0 0 0 0 0 0 0 0 0 0 0 
1976 312 0 0 0 0 0 0 0 0 0 0 0 0 0 0 
1992 312 0 0 0 0 0 0 0 0 0 0 0 0 0 0 
2008 312 0 0 0 0 0 0 0 0 0 0 0 0 0 0 
2024 312 0 0 0 0 0 0 0 0 0 0 0 0 0 0 
2040 312 0 0 0 0 0 0 0 0 0 0 0 0 0 0 
2056 312 0 0 0 0 0 0 0 0 0 0 0 0 0 0 
2072 312 0 0 0 0 0 0 0 0 0 0 0 0 0 0 
2088 312 0 0 0 0 0 0 0 0 0 0 0 0 0 0 
2104 312 0 0 0 0 0 0 0 0 0 0 0 0 0 0 
2120 312 0 0 0 0 0 0 0 0 0 0 0 0 0 0 
2136 312 0 0 0 0 0 0 0 0 0 0 0 0 0 0 
2152 312 0 0 0 0 0 0 0 0 0 0 0 0 0 0 
2168 312 0 0 0 0 0 0 0 0 0 0 0 0 0 0 
2184 312 0 0 0 0 0 0 0 0 0 0 0 0 0 0 
2200 312 0 0 0 0 0 0 0 0 0 0 0 0 0 0 
2216 312 0 0 0 0 0 0 0 0 0 0 0 0 0 0 
2232 312 0 0 0 0 0 0 0 0 0 0 0 0 0 0 
2248 312 0 0 0 0 0 0 0 0 0 0 0 0 0 0 
2264 312 0 0 0 0 0 0 0 0 0 0 0 0 0 0 
2280 312 0 0 0 0 0 0 0 0 0 0 0 0 0 0 
2296 312 0 0 0 0 0 0 0 0 0 0 0 0 0 0 
2312 312 0 0 0 0 0 0 0 0 0 0 0 0 0 0 
2328 312 0 0 0 0 0 0 0 0 0 0 0 0 0 0 
2344 312 0 0 0 0 0 0 0 0 0 0 0 0 0 0 
2360 312 0 0 0 0 0 0 0 0 0 0 0 0 0 0 
2376 312 0 0 0 0 0 0 0 0 0 0 0 0 0 0 
2392 312 0 0 0 0 0 0 0 0 0 0 0 0 0 0 
2408 312 0 0 0 0 0 0 0 0 0 0 0 0 0 0 
2424 312 0 0 0 0 0 0 0 0 0 0 0 0 0 0 
2440 312 0 0 0 0 0 0 0 0 0 0 0 0 0 0 
2456 312 0 0 0 0 0 0 0 0 0 0 0 0 0 0 
2472 312 0 0 0 0 0 0 0 0 0 0 0 0 0 0 
2488 312 0 0 0 0 0 0 0 0 0 0 0 0 0 0 
2504 312 0 0 0 0 0 0 0 0 0 0 0 0 0 0 
2520 312 0 0 0 0 0 0 0 0 0 0 0 0 0 0 
2536 312 0 0 0 0 0 0 0 0 0 0 0 0 0 0 
24 328 0 0 0 0 0 0 0 0 0 0 0 0 0 0 
40 328 0 0 0 0 0 0 0 0 0 0 0 0 0 0 
56 328 0 0 0 0 0 0 0 0 0 0 0 0 0 0 
72 328 0 0 0 0 0 0 0 0 0 0 0 0 0 0 
88 328 0 0 0 0 0 0 0 0 0 0 0 0 0 0 
104 328 0 0 0 0 0 0 0 0 0 0 0 0 0 0 
120 328 0 0 0 0 0 0 0 0 0 0 0 0 0 0 
136 328 0 0 0 0 0 0 0 0 0 0 0 0 0 0 
152 328 0 0 0 0 0 0 0 0 0 0 0 0 0 0 
168 328 0 0 0 0 0 0 0 0 0 0 0 0 0 0 
184 328 0 0 0 0 0 0 0 0 0 0 0 0 0 0 
200 328 0 0 0 0 0 0 0 0 0 0 0 0 0 0 
216 328 0 0 0 0 0 0 0 0 0 0 0 0 0 0 
232 328 0 0 0 0 0 0 0 0 0 0 0 0 0 0 
248 328 0 0 0 0 0 0 0 0 0 0 0 0 0 0 
264 328 0 0 0 0 0 0 0 0 0 0 0 0 0 0 
280 328 0 0 0 0 0 0 0 0 0 0 0 0 0 0 
296 328 0 0 0 0 0 0 0 0 0 0 0 0 0 0 
312 328 0 0 0 0 0 0 0 0 0 0 0 0 0 0 
328 328 0 0 0 0 0 0 0 0 0 0 0 0 0 0 
344 328 0 0 0 0 0 0 0 0 0 0 0 0 0 0 
360 328 0 0 0 0 0 0 0 0 0 0 0 0 0 0 
376 328 0 0 0 0 0 0 0 0 0 0 0 0 0 0 
392 328 0 0 0 0 0 0 0 0 0 0 0 0 0 0 
408 328 0 0 0 0 0 0 0 0 0 0 0 0 0 0 
424 328 0 0 0 0 0 0 0 0 0 0 0 0 0 0 
440 328 0 0 0 0 0 0 0 0 0 0 0 0 0 0 
456 328 0 0 0 0 0 0 0 0 0 0 0 0 0 0 
472 328 0 0 0 0 0 0 0 0 0 0 0 0 0 0 
488 328 0 0 0 0 0 0 0 0 0 0 0 0 0 0 
504 328 0 0 0 0 0 0 0 0 0 0 0 0 0 0 
520 328 0 0 0 0 0 0 0 0 0 0 0 0 0 0 
536 328 0 0 0 0 0 0 0 0 0 0 0 0 0 0 
552 328 0 0 0 0 0 0 0 0 0 0 0 0 0 0 
568 328 0 0 0 0 0 0 0 0 0 0 0 0 0 0 
584 328 0 0 0 0 0 0 0 0 0 0 0 0 0 0 
600 328 0 0 0 0 0 0 0 0 0 0 0 0 0 0 
616 328 0 0 0 0 0 0 0 0 0 0 0 0 0 0 
632 328 0 0 0 0 0 0 0 0 0 0 0 0 0 0 
648 328 0 0 0 0 0 0 0 0 0 0 0 0 0 0 
664 328 0 0 0 0 0 0 0 0 0 0 0 0 0 0 
680 328 0 0 0 0 0 0 0 0 0 0 0 0 0 0 
696 328 0 0 0 0 0 0 0 0 0 0 0 0 0 0 
712 328 0 0 0 0 0 0 0 0 0 0 0 0 0 0 
728 328 0 0 0 0 0 0 0 0 0 0 0 0 0 0 
744 328 0 0 0 0 0 0 0 0 0 0 0 0 0 0 
760 328 0 0 0 0 0 0 0 0 0 0 0 0 0 0 
776 328 0 0 0 0 0 0 0 0 0 0 0 0 0 0 
792 328 0 0 0 0 0 0 0 0 0 0 0 0 0 0 
808 328 0 0 0 0 0 0 0 0 0 0 0 0 0 0 
824 328 0 0 0 0 0 0 0 0 0 0 0 0 0 0 
840 328 0 0 0 0 0 0 0 0 0 0 0 0 0 0 
856 328 0 0 0 0 0 0 0 0 0 0 0 0 0 0 
872 328 0 0 0 0 0 0 0 0 0 0 0 0 0 0 
888 328 0 0 0 0 0 0 0 0 0 0 0 0 0 0 
904 328 0 0 0 0 0 0 0 0 0 0 0 0 0 0 
920 328 0 0 0 0 0 0 0 0 0 0 0 0 0 0 
936 328 0 0 0 0 0 0 0 0 0 0 0 0 0 0 
952 328 0 0 0 0 0 0 0 0 0 0 0 0 0 0 
968 328 0 0 0 0 0 0 0 0 0 0 0 0 0 0 
984 328 0 0 0 0 0 0 0 0 0 0 0 0 0 0 
1000 328 0 0 0 0 0 0 0 0 0 0 0 0 0 0 
1016 328 0 0 0 0 0 0 0 0 0 0 0 0 0 0 
1032 328 0 0 0 0 0 0 0 0 0 0 0 0 0 0 
1048 328 0 0 0 0 0 0 0 0 0 0 0 0 0 0 
1064 328 0 0 0 0 0 0 0 0 0 0 0 0 0 0 
1080 328 0 0 0 0 0 0 0 0 0 0 0 0 0 0 
1096 328 0 0 0 0 0 0 0 0 0 0 0 0 0 0 
1112 328 0 0 0 0 0 0 0 0 0 0 0 0 0 0 
1128 328 0 0 0 0 0 0 0 0 0 0 0 0 0 0 
1144 328 0 0 0 0 0 0 0 0 0 0 0 0 0 0 
1160 328 0 0 0 0 0 0 0 0 0 0 0 0 0 0 
1176 328 0 0 0 0 0 0 0 0 0 0 0 0 0 0 
1192 328 0 0 0 0 0 0 0 0 0 0 0 0 0 0 
1208 328 0 0 0 0 0 0 0 0 0 0 0 0 0 0 
1224 328 0 0 0 0 0 0 0 0 0 0 0 0 0 0 
1240 328 0 0 0 0 0 0 0 0 0 0 0 0 0 0 
1256 328 0 0 0 0 0 0 0 0 0 0 0 0 0 0 
1272 328 0 0 0 0 0 0 0 0 0 0 0 0 0 0 
1288 328 0 0 0 0 0 0 0 0 0 0 0 0 0 0 
1304 328 0 0 0 0 0 0 0 0 0 0 0 0 0 0 
1320 328 0 0 0 0 0 0 0 0 0 0 0 0 0 0 
1336 328 0 0 0 0 0 0 0 0 0 0 0 0 0 0 
1352 328 0 0 0 0 0 0 0 0 0 0 0 0 0 0 
1368 328 0 0 0 0 0 0 0 0 0 0 0 0 0 0 
1384 328 0 0 0 0 0 0 0 0 0 0 0 0 0 0 
1400 328 0 0 0 0 0 0 0 0 0 0 0 0 0 0 
1416 328 0 0 0 0 0 0 0 0 0 0 0 0 0 0 
1432 328 0 0 0 0 0 0 0 0 0 0 0 0 0 0 
1448 328 0 0 0 0 0 0 0 0 0 0 0 0 0 0 
1464 328 0 0 0 0 0 0 0 0 0 0 0 0 0 0 
1480 328 0 0 0 0 0 0 0 0 0 0 0 0 0 0 
1496 328 0 0 0 0 0 0 0 0 0 0 0 0 0 0 
1512 328 0 0 0 0 0 0 0 0 0 0 0 0 0 0 
1528 328 0 0 0 0 0 0 0 0 0 0 0 0 0 0 
1544 328 0 0 0 0 0 0 0 0 0 0 0 0 0 0 
1560 328 0 0 0 0 0 0 0 0 0 0 0 0 0 0 
1576 328 0 0 0 0 0 0 0 0 0 0 0 0 0 0 
1592 328 0 0 0 0 0 0 0 0 0 0 0 0 0 0 
1608 328 0 0 0 0 0 0 0 0 0 0 0 0 0 0 
1624 328 0 0 0 0 0 0 0 0 0 0 0 0 0 0 
1640 328 0 0 0 0 0 0 0 0 0 0 0 0 0 0 
1656 328 0 0 0 0 0 0 0 0 0 0 0 0 0 0 
1672 328 0 0 0 0 0 0 0 0 0 0 0 0 0 0 
1688 328 0 0 0 0 0 0 0 0 0 0 0 0 0 0 
1704 328 0 0 0 0 0 0 0 0 0 0 0 0 0 0 
1720 328 0 0 0 0 0 0 0 0 0 0 0 0 0 0 
1736 328 0 0 0 0 0 0 0 0 0 0 0 0 0 0 
1752 328 0 0 0 0 0 0 0 0 0 0 0 0 0 0 
1768 328 0 0 0 0 0 0 0 0 0 0 0 0 0 0 
1784 328 0 0 0 0 0 0 0 0 0 0 0 0 0 0 
1800 328 0 0 0 0 0 0 0 0 0 0 0 0 0 0 
1816 328 0 0 0 0 0 0 0 0 0 0 0 0 0 0 
1832 328 0 0 0 0 0 0 0 0 0 0 0 0 0 0 
1848 328 0 0 0 0 0 0 0 0 0 0 0 0 0 0 
1864 328 0 0 0 0 0 0 0 0 0 0 0 0 0 0 
1880 328 0 0 0 0 0 0 0 0 0 0 0 0 0 0 
1896 328 0 0 0 0 0 0 0 0 0 0 0 0 0 0 
1912 328 0 0 0 0 0 0 0 0 0 0 0 0 0 0 
1928 328 0 0 0 0 0 0 0 0 0 0 0 0 0 0 
1944 328 0 0 0 0 0 0 0 0 0 0 0 0 0 0 
1960 328 0 0 0 0 0 0 0 0 0 0 0 0 0 0 
1976 328 0 0 0 0 0 0 0 0 0 0 0 0 0 0 
1992 328 0 0 0 0 0 0 0 0 0 0 0 0 0 0 
2008 328 0 0 0 0 0 0 0 0 0 0 0 0 0 0 
2024 328 0 0 0 0 0 0 0 0 0 0 0 0 0 0 
2040 328 0 0 0 0 0 0 0 0 0 0 0 0 0 0 
2056 328 0 0 0 0 0 0 0 0 0 0 0 0 0 0 
2072 328 0 0 0 0 0 0 0 0 0 0 0 0 0 0 
2088 328 0 0 0 0 0 0 0 0 0 0 0 0 0 0 
2104 328 0 0 0 0 0 0 0 0 0 0 0 0 0 0 
2120 328 0 0 0 0 0 0 0 0 0 0 0 0 0 0 
2136 328 0 0 0 0 0 0 0 0 0 0 0 0 0 0 
2152 328 0 0 0 0 0 0 0 0 0 0 0 0 0 0 
2168 328 0 0 0 0 0 0 0 0 0 0 0 0 0 0 
2184 328 0 0 0 0 0 0 0 0 0 0 0 0 0 0 
2200 328 0 0 0 0 0 0 0 0 0 0 0 0 0 0 
2216 328 0 0 0 0 0 0 0 0 0 0 0 0 0 0 
2232 328 0 0 0 0 0 0 0 0 0 0 0 0 0 0 
2248 328 0 0 0 0 0 0 0 0 0 0 0 0 0 0 
2264 328 0 0 0 0 0 0 0 0 0 0 0 0 0 0 
2280 328 0 0 0 0 0 0 0 0 0 0 0 0 0 0 
2296 328 0 0 0 0 0 0 0 0 0 0 0 0 0 0 
2312 328 0 0 0 0 0 0 0 0 0 0 0 0 0 0 
2328 328 0 0 0 0 0 0 0 0 0 0 0 0 0 0 
2344 328 0 0 0 0 0 0 0 0 0 0 0 0 0 0 
2360 328 0 0 0 0 0 0 0 0 0 0 0 0 0 0 
2376 328 0 0 0 0 0 0 0 0 0 0 0 0 0 0 
2392 328 0 0 0 0 0 0 0 0 0 0 0 0 0 0 
2408 328 0 0 0 0 0 0 0 0 0 0 0 0 0 0 
2424 328 0 0 0 0 0 0 0 0 0 0 0 0 0 0 
2440 328 0 0 0 0 0 0 0 0 0 0 0 0 0 0 
2456 328 0 0 0 0 0 0 0 0 0 0 0 0 0 0 
2472 328 0 0 0 0 0 0 0 0 0 0 0 0 0 0 
2488 328 0 0 0 0 0 0 0 0 0 0 0 0 0 0 
2504 328 0 0 0 0 0 0 0 0 0 0 0 0 0 0 
2520 328 0 0 0 0 0 0 0 0 0 0 0 0 0 0 
2536 328 0 0 0 0 0 0 0 0 0 0 0 0 0 0 
24 344 0 0 0 0 0 0 0 0 0 0 0 0 0 0 
40 344 0 0 0 0 0 0 0 0 0 0 0 0 0 0 
56 344 0 0 0 0 0 0 0 0 0 0 0 0 0 0 
72 344 0 0 0 0 0 0 0 0 0 0 0 0 0 0 
88 344 0 0 0 0 0 0 0 0 0 0 0 0 0 0 
104 344 0 0 0 0 0 0 0 0 0 0 0 0 0 0 
120 344 0 0 0 0 0 0 0 0 0 0 0 0 0 0 
136 344 0 0 0 0 0 0 0 0 0 0 0 0 0 0 
152 344 0 0 0 0 0 0 0 0 0 0 0 0 0 0 
168 344 0 0 0 0 0 0 0 0 0 0 0 0 0 0 
184 344 0 0 0 0 0 0 0 0 0 0 0 0 0 0 
200 344 0 0 0 0 0 0 0 0 0 0 0 0 0 0 
216 344 0 0 0 0 0 0 0 0 0 0 0 0 0 0 
232 344 0 0 0 0 0 0 0 0 0 0 0 0 0 0 
248 344 0 0 0 0 0 0 0 0 0 0 0 0 0 0 
264 344 0 0 0 0 0 0 0 0 0 0 0 0 0 0 
280 344 0 0 0 0 0 0 0 0 0 0 0 0 0 0 
296 344 0 0 0 0 0 0 0 0 0 0 0 0 0 0 
312 344 0 0 0 0 0 0 0 0 0 0 0 0 0 0 
328 344 0 0 0 0 0 0 0 0 0 0 0 0 0 0 
344 344 0 0 0 0 0 0 0 0 0 0 0 0 0 0 
360 344 0 0 0 0 0 0 0 0 0 0 0 0 0 0 
376 344 0 0 0 0 0 0 0 0 0 0 0 0 0 0 
392 344 0 0 0 0 0 0 0 0 0 0 0 0 0 0 
408 344 0 0 0 0 0 0 0 0 0 0 0 0 0 0 
424 344 0 0 0 0 0 0 0 0 0 0 0 0 0 0 
440 344 0 0 0 0 0 0 0 0 0 0 0 0 0 0 
456 344 0 0 0 0 0 0 0 0 0 0 0 0 0 0 
472 344 0 0 0 0 0 0 0 0 0 0 0 0 0 0 
488 344 0 0 0 0 0 0 0 0 0 0 0 0 0 0 
504 344 0 0 0 0 0 0 0 0 0 0 0 0 0 0 
520 344 0 0 0 0 0 0 0 0 0 0 0 0 0 0 
536 344 0 0 0 0 0 0 0 0 0 0 0 0 0 0 
552 344 0 0 0 0 0 0 0 0 0 0 0 0 0 0 
568 344 0 0 0 0 0 0 0 0 0 0 0 0 0 0 
584 344 0 0 0 0 0 0 0 0 0 0 0 0 0 0 
600 344 0 0 0 0 0 0 0 0 0 0 0 0 0 0 
616 344 0 0 0 0 0 0 0 0 0 0 0 0 0 0 
632 344 0 0 0 0 0 0 0 0 0 0 0 0 0 0 
648 344 0 0 0 0 0 0 0 0 0 0 0 0 0 0 
664 344 0 0 0 0 0 0 0 0 0 0 0 0 0 0 
680 344 0 0 0 0 0 0 0 0 0 0 0 0 0 0 
696 344 0 0 0 0 0 0 0 0 0 0 0 0 0 0 
712 344 0 0 0 0 0 0 0 0 0 0 0 0 0 0 
728 344 0 0 0 0 0 0 0 0 0 0 0 0 0 0 
744 344 0 0 0 0 0 0 0 0 0 0 0 0 0 0 
760 344 0 0 0 0 0 0 0 0 0 0 0 0 0 0 
776 344 0 0 0 0 0 0 0 0 0 0 0 0 0 0 
792 344 0 0 0 0 0 0 0 0 0 0 0 0 0 0 
808 344 0 0 0 0 0 0 0 0 0 0 0 0 0 0 
824 344 0 0 0 0 0 0 0 0 0 0 0 0 0 0 
840 344 0 0 0 0 0 0 0 0 0 0 0 0 0 0 
856 344 0 0 0 0 0 0 0 0 0 0 0 0 0 0 
872 344 0 0 0 0 0 0 0 0 0 0 0 0 0 0 
888 344 0 0 0 0 0 0 0 0 0 0 0 0 0 0 
904 344 0 0 0 0 0 0 0 0 0 0 0 0 0 0 
920 344 0 0 0 0 0 0 0 0 0 0 0 0 0 0 
936 344 0 0 0 0 0 0 0 0 0 0 0 0 0 0 
952 344 0 0 0 0 0 0 0 0 0 0 0 0 0 0 
968 344 0 0 0 0 0 0 0 0 0 0 0 0 0 0 
984 344 0 0 0 0 0 0 0 0 0 0 0 0 0 0 
1000 344 0 0 0 0 0 0 0 0 0 0 0 0 0 0 
1016 344 0 0 0 0 0 0 0 0 0 0 0 0 0 0 
1032 344 0 0 0 0 0 0 0 0 0 0 0 0 0 0 
1048 344 0 0 0 0 0 0 0 0 0 0 0 0 0 0 
1064 344 0 0 0 0 0 0 0 0 0 0 0 0 0 0 
1080 344 0 0 0 0 0 0 0 0 0 0 0 0 0 0 
1096 344 0 0 0 0 0 0 0 0 0 0 0 0 0 0 
1112 344 0 0 0 0 0 0 0 0 0 0 0 0 0 0 
1128 344 0 0 0 0 0 0 0 0 0 0 0 0 0 0 
1144 344 0 0 0 0 0 0 0 0 0 0 0 0 0 0 
1160 344 0 0 0 0 0 0 0 0 0 0 0 0 0 0 
1176 344 0 0 0 0 0 0 0 0 0 0 0 0 0 0 
1192 344 0 0 0 0 0 0 0 0 0 0 0 0 0 0 
1208 344 0 0 0 0 0 0 0 0 0 0 0 0 0 0 
1224 344 0 0 0 0 0 0 0 0 0 0 0 0 0 0 
1240 344 0 0 0 0 0 0 0 0 0 0 0 0 0 0 
1256 344 0 0 0 0 0 0 0 0 0 0 0 0 0 0 
1272 344 0 0 0 0 0 0 0 0 0 0 0 0 0 0 
1288 344 0 0 0 0 0 0 0 0 0 0 0 0 0 0 
1304 344 0 0 0 0 0 0 0 0 0 0 0 0 0 0 
1320 344 0 0 0 0 0 0 0 0 0 0 0 0 0 0 
1336 344 0 0 0 0 0 0 0 0 0 0 0 0 0 0 
1352 344 0 0 0 0 0 0 0 0 0 0 0 0 0 0 
1368 344 0 0 0 0 0 0 0 0 0 0 0 0 0 0 
1384 344 0 0 0 0 0 0 0 0 0 0 0 0 0 0 
1400 344 0 0 0 0 0 0 0 0 0 0 0 0 0 0 
1416 344 0 0 0 0 0 0 0 0 0 0 0 0 0 0 
1432 344 0 0 0 0 0 0 0 0 0 0 0 0 0 0 
1448 344 0 0 0 0 0 0 0 0 0 0 0 0 0 0 
1464 344 0 0 0 0 0 0 0 0 0 0 0 0 0 0 
1480 344 0 0 0 0 0 0 0 0 0 0 0 0 0 0 
1496 344 0 0 0 0 0 0 0 0 0 0 0 0 0 0 
1512 344 0 0 0 0 0 0 0 0 0 0 0 0 0 0 
1528 344 0 0 0 0 0 0 0 0 0 0 0 0 0 0 
1544 344 0 0 0 0 0 0 0 0 0 0 0 0 0 0 
1560 344 0 0 0 0 0 0 0 0 0 0 0 0 0 0 
1576 344 0 0 0 0 0 0 0 0 0 0 0 0 0 0 
1592 344 0 0 0 0 0 0 0 0 0 0 0 0 0 0 
1608 344 0 0 0 0 0 0 0 0 0 0 0 0 0 0 
1624 344 0 0 0 0 0 0 0 0 0 0 0 0 0 0 
1640 344 0 0 0 0 0 0 0 0 0 0 0 0 0 0 
1656 344 0 0 0 0 0 0 0 0 0 0 0 0 0 0 
1672 344 0 0 0 0 0 0 0 0 0 0 0 0 0 0 
1688 344 0 0 0 0 0 0 0 0 0 0 0 0 0 0 
1704 344 0 0 0 0 0 0 0 0 0 0 0 0 0 0 
1720 344 0 0 0 0 0 0 0 0 0 0 0 0 0 0 
1736 344 0 0 0 0 0 0 0 0 0 0 0 0 0 0 
1752 344 0 0 0 0 0 0 0 0 0 0 0 0 0 0 
1768 344 0 0 0 0 0 0 0 0 0 0 0 0 0 0 
1784 344 0 0 0 0 0 0 0 0 0 0 0 0 0 0 
1800 344 0 0 0 0 0 0 0 0 0 0 0 0 0 0 
1816 344 0 0 0 0 0 0 0 0 0 0 0 0 0 0 
1832 344 0 0 0 0 0 0 0 0 0 0 0 0 0 0 
1848 344 0 0 0 0 0 0 0 0 0 0 0 0 0 0 
1864 344 0 0 0 0 0 0 0 0 0 0 0 0 0 0 
1880 344 0 0 0 0 0 0 0 0 0 0 0 0 0 0 
1896 344 0 0 0 0 0 0 0 0 0 0 0 0 0 0 
1912 344 0 0 0 0 0 0 0 0 0 0 0 0 0 0 
1928 344 0 0 0 0 0 0 0 0 0 0 0 0 0 0 
1944 344 0 0 0 0 0 0 0 0 0 0 0 0 0 0 
1960 344 0 0 0 0 0 0 0 0 0 0 0 0 0 0 
1976 344 0 0 0 0 0 0 0 0 0 0 0 0 0 0 
1992 344 0 0 0 0 0 0 0 0 0 0 0 0 0 0 
2008 344 0 0 0 0 0 0 0 0 0 0 0 0 0 0 
2024 344 0 0 0 0 0 0 0 0 0 0 0 0 0 0 
2040 344 0 0 0 0 0 0 0 0 0 0 0 0 0 0 
2056 344 0 0 0 0 0 0 0 0 0 0 0 0 0 0 
2072 344 0 0 0 0 0 0 0 0 0 0 0 0 0 0 
2088 344 0 0 0 0 0 0 0 0 0 0 0 0 0 0 
2104 344 0 0 0 0 0 0 0 0 0 0 0 0 0 0 
2120 344 0 0 0 0 0 0 0 0 0 0 0 0 0 0 
2136 344 0 0 0 0 0 0 0 0 0 0 0 0 0 0 
2152 344 0 0 0 0 0 0 0 0 0 0 0 0 0 0 
2168 344 0 0 0 0 0 0 0 0 0 0 0 0 0 0 
2184 344 0 0 0 0 0 0 0 0 0 0 0 0 0 0 
2200 344 0 0 0 0 0 0 0 0 0 0 0 0 0 0 
2216 344 0 0 0 0 0 0 0 0 0 0 0 0 0 0 
2232 344 0 0 0 0 0 0 0 0 0 0 0 0 0 0 
2248 344 0 0 0 0 0 0 0 0 0 0 0 0 0 0 
2264 344 0 0 0 0 0 0 0 0 0 0 0 0 0 0 
2280 344 0 0 0 0 0 0 0 0 0 0 0 0 0 0 
2296 344 0 0 0 0 0 0 0 0 0 0 0 0 0 0 
2312 344 0 0 0 0 0 0 0 0 0 0 0 0 0 0 
2328 344 0 0 0 0 0 0 0 0 0 0 0 0 0 0 
2344 344 0 0 0 0 0 0 0 0 0 0 0 0 0 0 
2360 344 0 0 0 0 0 0 0 0 0 0 0 0 0 0 
2376 344 0 0 0 0 0 0 0 0 0 0 0 0 0 0 
2392 344 0 0 0 0 0 0 0 0 0 0 0 0 0 0 
2408 344 0 0 0 0 0 0 0 0 0 0 0 0 0 0 
2424 344 0 0 0 0 0 0 0 0 0 0 0 0 0 0 
2440 344 0 0 0 0 0 0 0 0 0 0 0 0 0 0 
2456 344 0 0 0 0 0 0 0 0 0 0 0 0 0 0 
2472 344 0 0 0 0 0 0 0 0 0 0 0 0 0 0 
2488 344 0 0 0 0 0 0 0 0 0 0 0 0 0 0 
2504 344 0 0 0 0 0 0 0 0 0 0 0 0 0 0 
2520 344 0 0 0 0 0 0 0 0 0 0 0 0 0 0 
2536 344 0 0 0 0 0 0 0 0 0 0 0 0 0 0 
24 360 0 0 0 0 0 0 0 0 0 0 0 0 0 0 
40 360 0 0 0 0 0 0 0 0 0 0 0 0 0 0 
56 360 0 0 0 0 0 0 0 0 0 0 0 0 0 0 
72 360 0 0 0 0 0 0 0 0 0 0 0 0 0 0 
88 360 0 0 0 0 0 0 0 0 0 0 0 0 0 0 
104 360 0 0 0 0 0 0 0 0 0 0 0 0 0 0 
120 360 0 0 0 0 0 0 0 0 0 0 0 0 0 0 
136 360 0 0 0 0 0 0 0 0 0 0 0 0 0 0 
152 360 0 0 0 0 0 0 0 0 0 0 0 0 0 0 
168 360 0 0 0 0 0 0 0 0 0 0 0 0 0 0 
184 360 0 0 0 0 0 0 0 0 0 0 0 0 0 0 
200 360 0 0 0 0 0 0 0 0 0 0 0 0 0 0 
216 360 0 0 0 0 0 0 0 0 0 0 0 0 0 0 
232 360 0 0 0 0 0 0 0 0 0 0 0 0 0 0 
248 360 0 0 0 0 0 0 0 0 0 0 0 0 0 0 
264 360 0 0 0 0 0 0 0 0 0 0 0 0 0 0 
280 360 0 0 0 0 0 0 0 0 0 0 0 0 0 0 
296 360 0 0 0 0 0 0 0 0 0 0 0 0 0 0 
312 360 0 0 0 0 0 0 0 0 0 0 0 0 0 0 
328 360 0 0 0 0 0 0 0 0 0 0 0 0 0 0 
344 360 0 0 0 0 0 0 0 0 0 0 0 0 0 0 
360 360 0 0 0 0 0 0 0 0 0 0 0 0 0 0 
376 360 0 0 0 0 0 0 0 0 0 0 0 0 0 0 
392 360 0 0 0 0 0 0 0 0 0 0 0 0 0 0 
408 360 0 0 0 0 0 0 0 0 0 0 0 0 0 0 
424 360 0 0 0 0 0 0 0 0 0 0 0 0 0 0 
440 360 0 0 0 0 0 0 0 0 0 0 0 0 0 0 
456 360 0 0 0 0 0 0 0 0 0 0 0 0 0 0 
472 360 0 0 0 0 0 0 0 0 0 0 0 0 0 0 
488 360 0 0 0 0 0 0 0 0 0 0 0 0 0 0 
504 360 0 0 0 0 0 0 0 0 0 0 0 0 0 0 
520 360 0 0 0 0 0 0 0 0 0 0 0 0 0 0 
536 360 0 0 0 0 0 0 0 0 0 0 0 0 0 0 
552 360 0 0 0 0 0 0 0 0 0 0 0 0 0 0 
568 360 0 0 0 0 0 0 0 0 0 0 0 0 0 0 
584 360 0 0 0 0 0 0 0 0 0 0 0 0 0 0 
600 360 0 0 0 0 0 0 0 0 0 0 0 0 0 0 
616 360 0 0 0 0 0 0 0 0 0 0 0 0 0 0 
632 360 0 0 0 0 0 0 0 0 0 0 0 0 0 0 
648 360 0 0 0 0 0 0 0 0 0 0 0 0 0 0 
664 360 0 0 0 0 0 0 0 0 0 0 0 0 0 0 
680 360 0 0 0 0 0 0 0 0 0 0 0 0 0 0 
696 360 0 0 0 0 0 0 0 0 0 0 0 0 0 0 
712 360 0 0 0 0 0 0 0 0 0 0 0 0 0 0 
728 360 0 0 0 0 0 0 0 0 0 0 0 0 0 0 
744 360 0 0 0 0 0 0 0 0 0 0 0 0 0 0 
760 360 0 0 0 0 0 0 0 0 0 0 0 0 0 0 
776 360 0 0 0 0 0 0 0 0 0 0 0 0 0 0 
792 360 0 0 0 0 0 0 0 0 0 0 0 0 0 0 
808 360 0 0 0 0 0 0 0 0 0 0 0 0 0 0 
824 360 0 0 0 0 0 0 0 0 0 0 0 0 0 0 
840 360 0 0 0 0 0 0 0 0 0 0 0 0 0 0 
856 360 0 0 0 0 0 0 0 0 0 0 0 0 0 0 
872 360 0 0 0 0 0 0 0 0 0 0 0 0 0 0 
888 360 0 0 0 0 0 0 0 0 0 0 0 0 0 0 
904 360 0 0 0 0 0 0 0 0 0 0 0 0 0 0 
920 360 0 0 0 0 0 0 0 0 0 0 0 0 0 0 
936 360 0 0 0 0 0 0 0 0 0 0 0 0 0 0 
952 360 0 0 0 0 0 0 0 0 0 0 0 0 0 0 
968 360 0 0 0 0 0 0 0 0 0 0 0 0 0 0 
984 360 0 0 0 0 0 0 0 0 0 0 0 0 0 0 
1000 360 0 0 0 0 0 0 0 0 0 0 0 0 0 0 
1016 360 0 0 0 0 0 0 0 0 0 0 0 0 0 0 
1032 360 0 0 0 0 0 0 0 0 0 0 0 0 0 0 
1048 360 0 0 0 0 0 0 0 0 0 0 0 0 0 0 
1064 360 0 0 0 0 0 0 0 0 0 0 0 0 0 0 
1080 360 0 0 0 0 0 0 0 0 0 0 0 0 0 0 
1096 360 0 0 0 0 0 0 0 0 0 0 0 0 0 0 
1112 360 0 0 0 0 0 0 0 0 0 0 0 0 0 0 
1128 360 0 0 0 0 0 0 0 0 0 0 0 0 0 0 
1144 360 0 0 0 0 0 0 0 0 0 0 0 0 0 0 
1160 360 0 0 0 0 0 0 0 0 0 0 0 0 0 0 
1176 360 0 0 0 0 0 0 0 0 0 0 0 0 0 0 
1192 360 0 0 0 0 0 0 0 0 0 0 0 0 0 0 
1208 360 0 0 0 0 0 0 0 0 0 0 0 0 0 0 
1224 360 0 0 0 0 0 0 0 0 0 0 0 0 0 0 
1240 360 0 0 0 0 0 0 0 0 0 0 0 0 0 0 
1256 360 0 0 0 0 0 0 0 0 0 0 0 0 0 0 
1272 360 0 0 0 0 0 0 0 0 0 0 0 0 0 0 
1288 360 0 0 0 0 0 0 0 0 0 0 0 0 0 0 
1304 360 0 0 0 0 0 0 0 0 0 0 0 0 0 0 
1320 360 0 0 0 0 0 0 0 0 0 0 0 0 0 0 
1336 360 0 0 0 0 0 0 0 0 0 0 0 0 0 0 
1352 360 0 0 0 0 0 0 0 0 0 0 0 0 0 0 
1368 360 0 0 0 0 0 0 0 0 0 0 0 0 0 0 
1384 360 0 0 0 0 0 0 0 0 0 0 0 0 0 0 
1400 360 0 0 0 0 0 0 0 0 0 0 0 0 0 0 
1416 360 0 0 0 0 0 0 0 0 0 0 0 0 0 0 
1432 360 0 0 0 0 0 0 0 0 0 0 0 0 0 0 
1448 360 0 0 0 0 0 0 0 0 0 0 0 0 0 0 
1464 360 0 0 0 0 0 0 0 0 0 0 0 0 0 0 
1480 360 0 0 0 0 0 0 0 0 0 0 0 0 0 0 
1496 360 0 0 0 0 0 0 0 0 0 0 0 0 0 0 
1512 360 0 0 0 0 0 0 0 0 0 0 0 0 0 0 
1528 360 0 0 0 0 0 0 0 0 0 0 0 0 0 0 
1544 360 0 0 0 0 0 0 0 0 0 0 0 0 0 0 
1560 360 0 0 0 0 0 0 0 0 0 0 0 0 0 0 
1576 360 0 0 0 0 0 0 0 0 0 0 0 0 0 0 
1592 360 0 0 0 0 0 0 0 0 0 0 0 0 0 0 
1608 360 0 0 0 0 0 0 0 0 0 0 0 0 0 0 
1624 360 0 0 0 0 0 0 0 0 0 0 0 0 0 0 
1640 360 0 0 0 0 0 0 0 0 0 0 0 0 0 0 
1656 360 0 0 0 0 0 0 0 0 0 0 0 0 0 0 
1672 360 0 0 0 0 0 0 0 0 0 0 0 0 0 0 
1688 360 0 0 0 0 0 0 0 0 0 0 0 0 0 0 
1704 360 0 0 0 0 0 0 0 0 0 0 0 0 0 0 
1720 360 0 0 0 0 0 0 0 0 0 0 0 0 0 0 
1736 360 0 0 0 0 0 0 0 0 0 0 0 0 0 0 
1752 360 0 0 0 0 0 0 0 0 0 0 0 0 0 0 
1768 360 0 0 0 0 0 0 0 0 0 0 0 0 0 0 
1784 360 0 0 0 0 0 0 0 0 0 0 0 0 0 0 
1800 360 0 0 0 0 0 0 0 0 0 0 0 0 0 0 
1816 360 0 0 0 0 0 0 0 0 0 0 0 0 0 0 
1832 360 0 0 0 0 0 0 0 0 0 0 0 0 0 0 
1848 360 0 0 0 0 0 0 0 0 0 0 0 0 0 0 
1864 360 0 0 0 0 0 0 0 0 0 0 0 0 0 0 
1880 360 0 0 0 0 0 0 0 0 0 0 0 0 0 0 
1896 360 0 0 0 0 0 0 0 0 0 0 0 0 0 0 
1912 360 0 0 0 0 0 0 0 0 0 0 0 0 0 0 
1928 360 0 0 0 0 0 0 0 0 0 0 0 0 0 0 
1944 360 0 0 0 0 0 0 0 0 0 0 0 0 0 0 
1960 360 0 0 0 0 0 0 0 0 0 0 0 0 0 0 
1976 360 0 0 0 0 0 0 0 0 0 0 0 0 0 0 
1992 360 0 0 0 0 0 0 0 0 0 0 0 0 0 0 
2008 360 0 0 0 0 0 0 0 0 0 0 0 0 0 0 
2024 360 0 0 0 0 0 0 0 0 0 0 0 0 0 0 
2040 360 0 0 0 0 0 0 0 0 0 0 0 0 0 0 
2056 360 0 0 0 0 0 0 0 0 0 0 0 0 0 0 
2072 360 0 0 0 0 0 0 0 0 0 0 0 0 0 0 
2088 360 0 0 0 0 0 0 0 0 0 0 0 0 0 0 
2104 360 0 0 0 0 0 0 0 0 0 0 0 0 0 0 
2120 360 0 0 0 0 0 0 0 0 0 0 0 0 0 0 
2136 360 0 0 0 0 0 0 0 0 0 0 0 0 0 0 
2152 360 0 0 0 0 0 0 0 0 0 0 0 0 0 0 
2168 360 0 0 0 0 0 0 0 0 0 0 0 0 0 0 
2184 360 0 0 0 0 0 0 0 0 0 0 0 0 0 0 
2200 360 0 0 0 0 0 0 0 0 0 0 0 0 0 0 
2216 360 0 0 0 0 0 0 0 0 0 0 0 0 0 0 
2232 360 0 0 0 0 0 0 0 0 0 0 0 0 0 0 
2248 360 0 0 0 0 0 0 0 0 0 0 0 0 0 0 
2264 360 0 0 0 0 0 0 0 0 0 0 0 0 0 0 
2280 360 0 0 0 0 0 0 0 0 0 0 0 0 0 0 
2296 360 0 0 0 0 0 0 0 0 0 0 0 0 0 0 
2312 360 0 0 0 0 0 0 0 0 0 0 0 0 0 0 
2328 360 0 0 0 0 0 0 0 0 0 0 0 0 0 0 
2344 360 0 0 0 0 0 0 0 0 0 0 0 0 0 0 
2360 360 0 0 0 0 0 0 0 0 0 0 0 0 0 0 
2376 360 0 0 0 0 0 0 0 0 0 0 0 0 0 0 
2392 360 0 0 0 0 0 0 0 0 0 0 0 0 0 0 
2408 360 0 0 0 0 0 0 0 0 0 0 0 0 0 0 
2424 360 0 0 0 0 0 0 0 0 0 0 0 0 0 0 
2440 360 0 0 0 0 0 0 0 0 0 0 0 0 0 0 
2456 360 0 0 0 0 0 0 0 0 0 0 0 0 0 0 
2472 360 0 0 0 0 0 0 0 0 0 0 0 0 0 0 
2488 360 0 0 0 0 0 0 0 0 0 0 0 0 0 0 
2504 360 0 0 0 0 0 0 0 0 0 0 0 0 0 0 
2520 360 0 0 0 0 0 0 0 0 0 0 0 0 0 0 
2536 360 0 0 0 0 0 0 0 0 0 0 0 0 0 0 
24 376 0 0 0 0 0 0 0 0 0 0 0 0 0 0 
40 376 0 0 0 0 0 0 0 0 0 0 0 0 0 0 
56 376 0 0 0 0 0 0 0 0 0 0 0 0 0 0 
72 376 0 0 0 0 0 0 0 0 0 0 0 0 0 0 
88 376 0 0 0 0 0 0 0 0 0 0 0 0 0 0 
104 376 0 0 0 0 0 0 0 0 0 0 0 0 0 0 
120 376 0 0 0 0 0 0 0 0 0 0 0 0 0 0 
136 376 0 0 0 0 0 0 0 0 0 0 0 0 0 0 
152 376 0 0 0 0 0 0 0 0 0 0 0 0 0 0 
168 376 0 0 0 0 0 0 0 0 0 0 0 0 0 0 
184 376 0 0 0 0 0 0 0 0 0 0 0 0 0 0 
200 376 0 0 0 0 0 0 0 0 0 0 0 0 0 0 
216 376 0 0 0 0 0 0 0 0 0 0 0 0 0 0 
232 376 0 0 0 0 0 0 0 0 0 0 0 0 0 0 
248 376 0 0 0 0 0 0 0 0 0 0 0 0 0 0 
264 376 0 0 0 0 0 0 0 0 0 0 0 0 0 0 
280 376 0 0 0 0 0 0 0 0 0 0 0 0 0 0 
296 376 0 0 0 0 0 0 0 0 0 0 0 0 0 0 
312 376 0 0 0 0 0 0 0 0 0 0 0 0 0 0 
328 376 0 0 0 0 0 0 0 0 0 0 0 0 0 0 
344 376 0 0 0 0 0 0 0 0 0 0 0 0 0 0 
360 376 0 0 0 0 0 0 0 0 0 0 0 0 0 0 
376 376 0 0 0 0 0 0 0 0 0 0 0 0 0 0 
392 376 0 0 0 0 0 0 0 0 0 0 0 0 0 0 
408 376 0 0 0 0 0 0 0 0 0 0 0 0 0 0 
424 376 0 0 0 0 0 0 0 0 0 0 0 0 0 0 
440 376 0 0 0 0 0 0 0 0 0 0 0 0 0 0 
456 376 0 0 0 0 0 0 0 0 0 0 0 0 0 0 
472 376 0 0 0 0 0 0 0 0 0 0 0 0 0 0 
488 376 0 0 0 0 0 0 0 0 0 0 0 0 0 0 
504 376 0 0 0 0 0 0 0 0 0 0 0 0 0 0 
520 376 0 0 0 0 0 0 0 0 0 0 0 0 0 0 
536 376 0 0 0 0 0 0 0 0 0 0 0 0 0 0 
552 376 0 0 0 0 0 0 0 0 0 0 0 0 0 0 
568 376 0 0 0 0 0 0 0 0 0 0 0 0 0 0 
584 376 0 0 0 0 0 0 0 0 0 0 0 0 0 0 
600 376 0 0 0 0 0 0 0 0 0 0 0 0 0 0 
616 376 0 0 0 0 0 0 0 0 0 0 0 0 0 0 
632 376 0 0 0 0 0 0 0 0 0 0 0 0 0 0 
648 376 0 0 0 0 0 0 0 0 0 0 0 0 0 0 
664 376 0 0 0 0 0 0 0 0 0 0 0 0 0 0 
680 376 0 0 0 0 0 0 0 0 0 0 0 0 0 0 
696 376 0 0 0 0 0 0 0 0 0 0 0 0 0 0 
712 376 0 0 0 0 0 0 0 0 0 0 0 0 0 0 
728 376 0 0 0 0 0 0 0 0 0 0 0 0 0 0 
744 376 0 0 0 0 0 0 0 0 0 0 0 0 0 0 
760 376 0 0 0 0 0 0 0 0 0 0 0 0 0 0 
776 376 0 0 0 0 0 0 0 0 0 0 0 0 0 0 
792 376 0 0 0 0 0 0 0 0 0 0 0 0 0 0 
808 376 0 0 0 0 0 0 0 0 0 0 0 0 0 0 
824 376 0 0 0 0 0 0 0 0 0 0 0 0 0 0 
840 376 0 0 0 0 0 0 0 0 0 0 0 0 0 0 
856 376 0 0 0 0 0 0 0 0 0 0 0 0 0 0 
872 376 0 0 0 0 0 0 0 0 0 0 0 0 0 0 
888 376 0 0 0 0 0 0 0 0 0 0 0 0 0 0 
904 376 0 0 0 0 0 0 0 0 0 0 0 0 0 0 
920 376 0 0 0 0 0 0 0 0 0 0 0 0 0 0 
936 376 0 0 0 0 0 0 0 0 0 0 0 0 0 0 
952 376 0 0 0 0 0 0 0 0 0 0 0 0 0 0 
968 376 0 0 0 0 0 0 0 0 0 0 0 0 0 0 
984 376 0 0 0 0 0 0 0 0 0 0 0 0 0 0 
1000 376 0 0 0 0 0 0 0 0 0 0 0 0 0 0 
1016 376 0 0 0 0 0 0 0 0 0 0 0 0 0 0 
1032 376 0 0 0 0 0 0 0 0 0 0 0 0 0 0 
1048 376 0 0 0 0 0 0 0 0 0 0 0 0 0 0 
1064 376 0 0 0 0 0 0 0 0 0 0 0 0 0 0 
1080 376 0 0 0 0 0 0 0 0 0 0 0 0 0 0 
1096 376 0 0 0 0 0 0 0 0 0 0 0 0 0 0 
1112 376 0 0 0 0 0 0 0 0 0 0 0 0 0 0 
1128 376 0 0 0 0 0 0 0 0 0 0 0 0 0 0 
1144 376 0 0 0 0 0 0 0 0 0 0 0 0 0 0 
1160 376 0 0 0 0 0 0 0 0 0 0 0 0 0 0 
1176 376 0 0 0 0 0 0 0 0 0 0 0 0 0 0 
1192 376 0 0 0 0 0 0 0 0 0 0 0 0 0 0 
1208 376 0 0 0 0 0 0 0 0 0 0 0 0 0 0 
1224 376 0 0 0 0 0 0 0 0 0 0 0 0 0 0 
1240 376 0 0 0 0 0 0 0 0 0 0 0 0 0 0 
1256 376 0 0 0 0 0 0 0 0 0 0 0 0 0 0 
1272 376 0 0 0 0 0 0 0 0 0 0 0 0 0 0 
1288 376 0 0 0 0 0 0 0 0 0 0 0 0 0 0 
1304 376 0 0 0 0 0 0 0 0 0 0 0 0 0 0 
1320 376 0 0 0 0 0 0 0 0 0 0 0 0 0 0 
1336 376 0 0 0 0 0 0 0 0 0 0 0 0 0 0 
1352 376 0 0 0 0 0 0 0 0 0 0 0 0 0 0 
1368 376 0 0 0 0 0 0 0 0 0 0 0 0 0 0 
1384 376 0 0 0 0 0 0 0 0 0 0 0 0 0 0 
1400 376 0 0 0 0 0 0 0 0 0 0 0 0 0 0 
1416 376 0 0 0 0 0 0 0 0 0 0 0 0 0 0 
1432 376 0 0 0 0 0 0 0 0 0 0 0 0 0 0 
1448 376 0 0 0 0 0 0 0 0 0 0 0 0 0 0 
1464 376 0 0 0 0 0 0 0 0 0 0 0 0 0 0 
1480 376 0 0 0 0 0 0 0 0 0 0 0 0 0 0 
1496 376 0 0 0 0 0 0 0 0 0 0 0 0 0 0 
1512 376 0 0 0 0 0 0 0 0 0 0 0 0 0 0 
1528 376 0 0 0 0 0 0 0 0 0 0 0 0 0 0 
1544 376 0 0 0 0 0 0 0 0 0 0 0 0 0 0 
1560 376 0 0 0 0 0 0 0 0 0 0 0 0 0 0 
1576 376 0 0 0 0 0 0 0 0 0 0 0 0 0 0 
1592 376 0 0 0 0 0 0 0 0 0 0 0 0 0 0 
1608 376 0 0 0 0 0 0 0 0 0 0 0 0 0 0 
1624 376 0 0 0 0 0 0 0 0 0 0 0 0 0 0 
1640 376 0 0 0 0 0 0 0 0 0 0 0 0 0 0 
1656 376 0 0 0 0 0 0 0 0 0 0 0 0 0 0 
1672 376 0 0 0 0 0 0 0 0 0 0 0 0 0 0 
1688 376 0 0 0 0 0 0 0 0 0 0 0 0 0 0 
1704 376 0 0 0 0 0 0 0 0 0 0 0 0 0 0 
1720 376 0 0 0 0 0 0 0 0 0 0 0 0 0 0 
1736 376 0 0 0 0 0 0 0 0 0 0 0 0 0 0 
1752 376 0 0 0 0 0 0 0 0 0 0 0 0 0 0 
1768 376 0 0 0 0 0 0 0 0 0 0 0 0 0 0 
1784 376 0 0 0 0 0 0 0 0 0 0 0 0 0 0 
1800 376 0 0 0 0 0 0 0 0 0 0 0 0 0 0 
1816 376 0 0 0 0 0 0 0 0 0 0 0 0 0 0 
1832 376 0 0 0 0 0 0 0 0 0 0 0 0 0 0 
1848 376 0 0 0 0 0 0 0 0 0 0 0 0 0 0 
1864 376 0 0 0 0 0 0 0 0 0 0 0 0 0 0 
1880 376 0 0 0 0 0 0 0 0 0 0 0 0 0 0 
1896 376 0 0 0 0 0 0 0 0 0 0 0 0 0 0 
1912 376 0 0 0 0 0 0 0 0 0 0 0 0 0 0 
1928 376 0 0 0 0 0 0 0 0 0 0 0 0 0 0 
1944 376 0 0 0 0 0 0 0 0 0 0 0 0 0 0 
1960 376 0 0 0 0 0 0 0 0 0 0 0 0 0 0 
1976 376 0 0 0 0 0 0 0 0 0 0 0 0 0 0 
1992 376 0 0 0 0 0 0 0 0 0 0 0 0 0 0 
2008 376 0 0 0 0 0 0 0 0 0 0 0 0 0 0 
2024 376 0 0 0 0 0 0 0 0 0 0 0 0 0 0 
2040 376 0 0 0 0 0 0 0 0 0 0 0 0 0 0 
2056 376 0 0 0 0 0 0 0 0 0 0 0 0 0 0 
2072 376 0 0 0 0 0 0 0 0 0 0 0 0 0 0 
2088 376 0 0 0 0 0 0 0 0 0 0 0 0 0 0 
2104 376 0 0 0 0 0 0 0 0 0 0 0 0 0 0 
2120 376 0 0 0 0 0 0 0 0 0 0 0 0 0 0 
2136 376 0 0 0 0 0 0 0 0 0 0 0 0 0 0 
2152 376 0 0 0 0 0 0 0 0 0 0 0 0 0 0 
2168 376 0 0 0 0 0 0 0 0 0 0 0 0 0 0 
2184 376 0 0 0 0 0 0 0 0 0 0 0 0 0 0 
2200 376 0 0 0 0 0 0 0 0 0 0 0 0 0 0 
2216 376 0 0 0 0 0 0 0 0 0 0 0 0 0 0 
2232 376 0 0 0 0 0 0 0 0 0 0 0 0 0 0 
2248 376 0 0 0 0 0 0 0 0 0 0 0 0 0 0 
2264 376 0 0 0 0 0 0 0 0 0 0 0 0 0 0 
2280 376 0 0 0 0 0 0 0 0 0 0 0 0 0 0 
2296 376 0 0 0 0 0 0 0 0 0 0 0 0 0 0 
2312 376 0 0 0 0 0 0 0 0 0 0 0 0 0 0 
2328 376 0 0 0 0 0 0 0 0 0 0 0 0 0 0 
2344 376 0 0 0 0 0 0 0 0 0 0 0 0 0 0 
2360 376 0 0 0 0 0 0 0 0 0 0 0 0 0 0 
2376 376 0 0 0 0 0 0 0 0 0 0 0 0 0 0 
2392 376 0 0 0 0 0 0 0 0 0 0 0 0 0 0 
2408 376 0 0 0 0 0 0 0 0 0 0 0 0 0 0 
2424 376 0 0 0 0 0 0 0 0 0 0 0 0 0 0 
2440 376 0 0 0 0 0 0 0 0 0 0 0 0 0 0 
2456 376 0 0 0 0 0 0 0 0 0 0 0 0 0 0 
2472 376 0 0 0 0 0 0 0 0 0 0 0 0 0 0 
2488 376 0 0 0 0 0 0 0 0 0 0 0 0 0 0 
2504 376 0 0 0 0 0 0 0 0 0 0 0 0 0 0 
2520 376 0 0 0 0 0 0 0 0 0 0 0 0 0 0 
2536 376 0 0 0 0 0 0 0 0 0 0 0 0 0 0 
24 392 0 0 0 0 0 0 0 0 0 0 0 0 0 0 
40 392 0 0 0 0 0 0 0 0 0 0 0 0 0 0 
56 392 0 0 0 0 0 0 0 0 0 0 0 0 0 0 
72 392 0 0 0 0 0 0 0 0 0 0 0 0 0 0 
88 392 0 0 0 0 0 0 0 0 0 0 0 0 0 0 
104 392 0 0 0 0 0 0 0 0 0 0 0 0 0 0 
120 392 0 0 0 0 0 0 0 0 0 0 0 0 0 0 
136 392 0 0 0 0 0 0 0 0 0 0 0 0 0 0 
152 392 0 0 0 0 0 0 0 0 0 0 0 0 0 0 
168 392 0 0 0 0 0 0 0 0 0 0 0 0 0 0 
184 392 0 0 0 0 0 0 0 0 0 0 0 0 0 0 
200 392 0 0 0 0 0 0 0 0 0 0 0 0 0 0 
216 392 0 0 0 0 0 0 0 0 0 0 0 0 0 0 
232 392 0 0 0 0 0 0 0 0 0 0 0 0 0 0 
248 392 0 0 0 0 0 0 0 0 0 0 0 0 0 0 
264 392 0 0 0 0 0 0 0 0 0 0 0 0 0 0 
280 392 0 0 0 0 0 0 0 0 0 0 0 0 0 0 
296 392 0 0 0 0 0 0 0 0 0 0 0 0 0 0 
312 392 0 0 0 0 0 0 0 0 0 0 0 0 0 0 
328 392 0 0 0 0 0 0 0 0 0 0 0 0 0 0 
344 392 0 0 0 0 0 0 0 0 0 0 0 0 0 0 
360 392 0 0 0 0 0 0 0 0 0 0 0 0 0 0 
376 392 0 0 0 0 0 0 0 0 0 0 0 0 0 0 
392 392 0 0 0 0 0 0 0 0 0 0 0 0 0 0 
408 392 0 0 0 0 0 0 0 0 0 0 0 0 0 0 
424 392 0 0 0 0 0 0 0 0 0 0 0 0 0 0 
440 392 0 0 0 0 0 0 0 0 0 0 0 0 0 0 
456 392 0 0 0 0 0 0 0 0 0 0 0 0 0 0 
472 392 0 0 0 0 0 0 0 0 0 0 0 0 0 0 
488 392 0 0 0 0 0 0 0 0 0 0 0 0 0 0 
504 392 0 0 0 0 0 0 0 0 0 0 0 0 0 0 
520 392 0 0 0 0 0 0 0 0 0 0 0 0 0 0 
536 392 0 0 0 0 0 0 0 0 0 0 0 0 0 0 
552 392 0 0 0 0 0 0 0 0 0 0 0 0 0 0 
568 392 0 0 0 0 0 0 0 0 0 0 0 0 0 0 
584 392 0 0 0 0 0 0 0 0 0 0 0 0 0 0 
600 392 0 0 0 0 0 0 0 0 0 0 0 0 0 0 
616 392 0 0 0 0 0 0 0 0 0 0 0 0 0 0 
632 392 0 0 0 0 0 0 0 0 0 0 0 0 0 0 
648 392 0 0 0 0 0 0 0 0 0 0 0 0 0 0 
664 392 0 0 0 0 0 0 0 0 0 0 0 0 0 0 
680 392 0 0 0 0 0 0 0 0 0 0 0 0 0 0 
696 392 0 0 0 0 0 0 0 0 0 0 0 0 0 0 
712 392 0 0 0 0 0 0 0 0 0 0 0 0 0 0 
728 392 0 0 0 0 0 0 0 0 0 0 0 0 0 0 
744 392 0 0 0 0 0 0 0 0 0 0 0 0 0 0 
760 392 0 0 0 0 0 0 0 0 0 0 0 0 0 0 
776 392 0 0 0 0 0 0 0 0 0 0 0 0 0 0 
792 392 0 0 0 0 0 0 0 0 0 0 0 0 0 0 
808 392 0 0 0 0 0 0 0 0 0 0 0 0 0 0 
824 392 0 0 0 0 0 0 0 0 0 0 0 0 0 0 
840 392 0 0 0 0 0 0 0 0 0 0 0 0 0 0 
856 392 0 0 0 0 0 0 0 0 0 0 0 0 0 0 
872 392 0 0 0 0 0 0 0 0 0 0 0 0 0 0 
888 392 0 0 0 0 0 0 0 0 0 0 0 0 0 0 
904 392 0 0 0 0 0 0 0 0 0 0 0 0 0 0 
920 392 0 0 0 0 0 0 0 0 0 0 0 0 0 0 
936 392 0 0 0 0 0 0 0 0 0 0 0 0 0 0 
952 392 0 0 0 0 0 0 0 0 0 0 0 0 0 0 
968 392 0 0 0 0 0 0 0 0 0 0 0 0 0 0 
984 392 0 0 0 0 0 0 0 0 0 0 0 0 0 0 
1000 392 0 0 0 0 0 0 0 0 0 0 0 0 0 0 
1016 392 0 0 0 0 0 0 0 0 0 0 0 0 0 0 
1032 392 0 0 0 0 0 0 0 0 0 0 0 0 0 0 
1048 392 0 0 0 0 0 0 0 0 0 0 0 0 0 0 
1064 392 0 0 0 0 0 0 0 0 0 0 0 0 0 0 
1080 392 0 0 0 0 0 0 0 0 0 0 0 0 0 0 
1096 392 0 0 0 0 0 0 0 0 0 0 0 0 0 0 
1112 392 0 0 0 0 0 0 0 0 0 0 0 0 0 0 
1128 392 0 0 0 0 0 0 0 0 0 0 0 0 0 0 
1144 392 0 0 0 0 0 0 0 0 0 0 0 0 0 0 
1160 392 0 0 0 0 0 0 0 0 0 0 0 0 0 0 
1176 392 0 0 0 0 0 0 0 0 0 0 0 0 0 0 
1192 392 0 0 0 0 0 0 0 0 0 0 0 0 0 0 
1208 392 0 0 0 0 0 0 0 0 0 0 0 0 0 0 
1224 392 0 0 0 0 0 0 0 0 0 0 0 0 0 0 
1240 392 0 0 0 0 0 0 0 0 0 0 0 0 0 0 
1256 392 0 0 0 0 0 0 0 0 0 0 0 0 0 0 
1272 392 0 0 0 0 0 0 0 0 0 0 0 0 0 0 
1288 392 0 0 0 0 0 0 0 0 0 0 0 0 0 0 
1304 392 0 0 0 0 0 0 0 0 0 0 0 0 0 0 
1320 392 0 0 0 0 0 0 0 0 0 0 0 0 0 0 
1336 392 0 0 0 0 0 0 0 0 0 0 0 0 0 0 
1352 392 0 0 0 0 0 0 0 0 0 0 0 0 0 0 
1368 392 0 0 0 0 0 0 0 0 0 0 0 0 0 0 
1384 392 0 0 0 0 0 0 0 0 0 0 0 0 0 0 
1400 392 0 0 0 0 0 0 0 0 0 0 0 0 0 0 
1416 392 0 0 0 0 0 0 0 0 0 0 0 0 0 0 
1432 392 0 0 0 0 0 0 0 0 0 0 0 0 0 0 
1448 392 0 0 0 0 0 0 0 0 0 0 0 0 0 0 
1464 392 0 0 0 0 0 0 0 0 0 0 0 0 0 0 
1480 392 0 0 0 0 0 0 0 0 0 0 0 0 0 0 
1496 392 0 0 0 0 0 0 0 0 0 0 0 0 0 0 
1512 392 0 0 0 0 0 0 0 0 0 0 0 0 0 0 
1528 392 0 0 0 0 0 0 0 0 0 0 0 0 0 0 
1544 392 0 0 0 0 0 0 0 0 0 0 0 0 0 0 
1560 392 0 0 0 0 0 0 0 0 0 0 0 0 0 0 
1576 392 0 0 0 0 0 0 0 0 0 0 0 0 0 0 
1592 392 0 0 0 0 0 0 0 0 0 0 0 0 0 0 
1608 392 0 0 0 0 0 0 0 0 0 0 0 0 0 0 
1624 392 0 0 0 0 0 0 0 0 0 0 0 0 0 0 
1640 392 0 0 0 0 0 0 0 0 0 0 0 0 0 0 
1656 392 0 0 0 0 0 0 0 0 0 0 0 0 0 0 
1672 392 0 0 0 0 0 0 0 0 0 0 0 0 0 0 
1688 392 0 0 0 0 0 0 0 0 0 0 0 0 0 0 
1704 392 0 0 0 0 0 0 0 0 0 0 0 0 0 0 
1720 392 0 0 0 0 0 0 0 0 0 0 0 0 0 0 
1736 392 0 0 0 0 0 0 0 0 0 0 0 0 0 0 
1752 392 0 0 0 0 0 0 0 0 0 0 0 0 0 0 
1768 392 0 0 0 0 0 0 0 0 0 0 0 0 0 0 
1784 392 0 0 0 0 0 0 0 0 0 0 0 0 0 0 
1800 392 0 0 0 0 0 0 0 0 0 0 0 0 0 0 
1816 392 0 0 0 0 0 0 0 0 0 0 0 0 0 0 
1832 392 0 0 0 0 0 0 0 0 0 0 0 0 0 0 
1848 392 0 0 0 0 0 0 0 0 0 0 0 0 0 0 
1864 392 0 0 0 0 0 0 0 0 0 0 0 0 0 0 
1880 392 0 0 0 0 0 0 0 0 0 0 0 0 0 0 
1896 392 0 0 0 0 0 0 0 0 0 0 0 0 0 0 
1912 392 0 0 0 0 0 0 0 0 0 0 0 0 0 0 
1928 392 0 0 0 0 0 0 0 0 0 0 0 0 0 0 
1944 392 0 0 0 0 0 0 0 0 0 0 0 0 0 0 
1960 392 0 0 0 0 0 0 0 0 0 0 0 0 0 0 
1976 392 0 0 0 0 0 0 0 0 0 0 0 0 0 0 
1992 392 0 0 0 0 0 0 0 0 0 0 0 0 0 0 
2008 392 0 0 0 0 0 0 0 0 0 0 0 0 0 0 
2024 392 0 0 0 0 0 0 0 0 0 0 0 0 0 0 
2040 392 0 0 0 0 0 0 0 0 0 0 0 0 0 0 
2056 392 0 0 0 0 0 0 0 0 0 0 0 0 0 0 
2072 392 0 0 0 0 0 0 0 0 0 0 0 0 0 0 
2088 392 0 0 0 0 0 0 0 0 0 0 0 0 0 0 
2104 392 0 0 0 0 0 0 0 0 0 0 0 0 0 0 
2120 392 0 0 0 0 0 0 0 0 0 0 0 0 0 0 
2136 392 0 0 0 0 0 0 0 0 0 0 0 0 0 0 
2152 392 0 0 0 0 0 0 0 0 0 0 0 0 0 0 
2168 392 0 0 0 0 0 0 0 0 0 0 0 0 0 0 
2184 392 0 0 0 0 0 0 0 0 0 0 0 0 0 0 
2200 392 0 0 0 0 0 0 0 0 0 0 0 0 0 0 
2216 392 0 0 0 0 0 0 0 0 0 0 0 0 0 0 
2232 392 0 0 0 0 0 0 0 0 0 0 0 0 0 0 
2248 392 0 0 0 0 0 0 0 0 0 0 0 0 0 0 
2264 392 0 0 0 0 0 0 0 0 0 0 0 0 0 0 
2280 392 0 0 0 0 0 0 0 0 0 0 0 0 0 0 
2296 392 0 0 0 0 0 0 0 0 0 0 0 0 0 0 
2312 392 0 0 0 0 0 0 0 0 0 0 0 0 0 0 
2328 392 0 0 0 0 0 0 0 0 0 0 0 0 0 0 
2344 392 0 0 0 0 0 0 0 0 0 0 0 0 0 0 
2360 392 0 0 0 0 0 0 0 0 0 0 0 0 0 0 
2376 392 0 0 0 0 0 0 0 0 0 0 0 0 0 0 
2392 392 0 0 0 0 0 0 0 0 0 0 0 0 0 0 
2408 392 0 0 0 0 0 0 0 0 0 0 0 0 0 0 
2424 392 0 0 0 0 0 0 0 0 0 0 0 0 0 0 
2440 392 0 0 0 0 0 0 0 0 0 0 0 0 0 0 
2456 392 0 0 0 0 0 0 0 0 0 0 0 0 0 0 
2472 392 0 0 0 0 0 0 0 0 0 0 0 0 0 0 
2488 392 0 0 0 0 0 0 0 0 0 0 0 0 0 0 
2504 392 0 0 0 0 0 0 0 0 0 0 0 0 0 0 
2520 392 0 0 0 0 0 0 0 0 0 0 0 0 0 0 
2536 392 0 0 0 0 0 0 0 0 0 0 0 0 0 0 
24 408 0 0 0 0 0 0 0 0 0 0 0 0 0 0 
40 408 0 0 0 0 0 0 0 0 0 0 0 0 0 0 
56 408 0 0 0 0 0 0 0 0 0 0 0 0 0 0 
72 408 0 0 0 0 0 0 0 0 0 0 0 0 0 0 
88 408 0 0 0 0 0 0 0 0 0 0 0 0 0 0 
104 408 0 0 0 0 0 0 0 0 0 0 0 0 0 0 
120 408 0 0 0 0 0 0 0 0 0 0 0 0 0 0 
136 408 0 0 0 0 0 0 0 0 0 0 0 0 0 0 
152 408 0 0 0 0 0 0 0 0 0 0 0 0 0 0 
168 408 0 0 0 0 0 0 0 0 0 0 0 0 0 0 
184 408 0 0 0 0 0 0 0 0 0 0 0 0 0 0 
200 408 0 0 0 0 0 0 0 0 0 0 0 0 0 0 
216 408 0 0 0 0 0 0 0 0 0 0 0 0 0 0 
232 408 0 0 0 0 0 0 0 0 0 0 0 0 0 0 
248 408 0 0 0 0 0 0 0 0 0 0 0 0 0 0 
264 408 0 0 0 0 0 0 0 0 0 0 0 0 0 0 
280 408 0 0 0 0 0 0 0 0 0 0 0 0 0 0 
296 408 0 0 0 0 0 0 0 0 0 0 0 0 0 0 
312 408 0 0 0 0 0 0 0 0 0 0 0 0 0 0 
328 408 0 0 0 0 0 0 0 0 0 0 0 0 0 0 
344 408 0 0 0 0 0 0 0 0 0 0 0 0 0 0 
360 408 0 0 0 0 0 0 0 0 0 0 0 0 0 0 
376 408 0 0 0 0 0 0 0 0 0 0 0 0 0 0 
392 408 0 0 0 0 0 0 0 0 0 0 0 0 0 0 
408 408 0 0 0 0 0 0 0 0 0 0 0 0 0 0 
424 408 0 0 0 0 0 0 0 0 0 0 0 0 0 0 
440 408 0 0 0 0 0 0 0 0 0 0 0 0 0 0 
456 408 0 0 0 0 0 0 0 0 0 0 0 0 0 0 
472 408 0 0 0 0 0 0 0 0 0 0 0 0 0 0 
488 408 0 0 0 0 0 0 0 0 0 0 0 0 0 0 
504 408 0 0 0 0 0 0 0 0 0 0 0 0 0 0 
520 408 0 0 0 0 0 0 0 0 0 0 0 0 0 0 
536 408 0 0 0 0 0 0 0 0 0 0 0 0 0 0 
552 408 0 0 0 0 0 0 0 0 0 0 0 0 0 0 
568 408 0 0 0 0 0 0 0 0 0 0 0 0 0 0 
584 408 0 0 0 0 0 0 0 0 0 0 0 0 0 0 
600 408 0 0 0 0 0 0 0 0 0 0 0 0 0 0 
616 408 0 0 0 0 0 0 0 0 0 0 0 0 0 0 
632 408 0 0 0 0 0 0 0 0 0 0 0 0 0 0 
648 408 0 0 0 0 0 0 0 0 0 0 0 0 0 0 
664 408 0 0 0 0 0 0 0 0 0 0 0 0 0 0 
680 408 0 0 0 0 0 0 0 0 0 0 0 0 0 0 
696 408 0 0 0 0 0 0 0 0 0 0 0 0 0 0 
712 408 0 0 0 0 0 0 0 0 0 0 0 0 0 0 
728 408 0 0 0 0 0 0 0 0 0 0 0 0 0 0 
744 408 0 0 0 0 0 0 0 0 0 0 0 0 0 0 
760 408 0 0 0 0 0 0 0 0 0 0 0.000052370089 0.000339123828 0.000343143697 0 
776 408 0 0 0 0 0 0 0 0 0 0 0.000157110266 0.001017371484 0.001029431091 0 
792 408 0 0 0 0 0 0 0 0 0 0 0.000724925835 0.001526997372 0.001690336783 0 
808 408 0 0 0 0 0 0 0 0 0 0 0.001755816795 0.001868001493 0.002563654071 0 
824 408 0 0 0 0 0 0 0 0 0 0 0.001959805256 0.001502847153 0.002469693545 0 
840 408 0 0 0 0 0 0 0 0 0 0 0.001336891216 0.000431534352 0.001404813162 0 
856 408 0 0 0 0 0 0 0 0 0 0 0.000264300111 -0.000747891037 0.000793218477 0 
872 408 0 0 0 0 0 0 0 0 0 0 -0.001257968058 -0.002035429013 0.002392792282 0 
888 408 0 0 0 0 0 0 0 0 0 0 -0.001747786585 -0.00245568883 0.003014160841 0 
904 408 0 0 0 0 0 0 0 0 0 0 -0.001205155469 -0.002008670486 0.002342468105 0 
920 408 0 0 0 0 0 0 0 0 0 0 -0.000306681461 -0.001379613051 0.001413288961 0 
936 408 0 0 0 0 0 0 0 0 0 0 0.00094763544 -0.000568516524 0.001105090026 0 
952 408 0 0 0 0 0 0 0 0 0 0 0.001210285217 0.000272309323 0.001240541282 0 
968 408 0 0 0 0 0 0 0 0 0 0 0.00048126787 0.00114286449 0.00124006371 0 
984 408 0 0 0 0 0 0 0 0 0 0 -0.000251833084 0.001636015051 0.001655284009 0 
1000 408 0 0 0 0 0 0 0 0 0 0 -0.000989017645 0.001751761006 0.002011671575 0 
1016 408 0 0 0 0 0 0 0 0 0 0 -0.001869455643 0.001784025496 0.002584107461 0 
1032 408 0 0 0 0 0 0 0 0 0 0 -0.002893147079 0.00173280852 0.003372376816 0 
1048 408 0 0 0 0 0 0 0 0 0 0 -0.003182247937 0.001387048982 0.003471398394 0 
1064 408 0 0 0 0 0 0 0 0 0 0 -0.002736758219 0.00074674688 0.00283680744 0 
1080 408 0 0 0 0 0 0 0 0 0 0 -0.002248398372 0.000229996589 0.00226013134 0 
1096 408 0 0 0 0 0 0 0 0 0 0 -0.001717168397 -0.000163201892 0.001724906421 0 
1112 408 0 0 0 0 0 0 0 0 0 0 -0.001319608707 -0.000443189066 0.00139204299 0 
1128 408 0 0 0 0 0 0 0 0 0 0 -0.0010557193 -0.000609964933 0.00121926226 0 
1144 408 0 0 0 0 0 0 0 0 0 0 0.000154990017 -0.000619317396 0.000638416746 0 
1160 408 0 0 0 0 0 0 0 0 0 0 0.002312519245 -0.000471246454 0.002360046287 0 
1176 408 0 0 0 0 0 0 0 0 0 0 0.003044379987 -0.00025120575 0.003054726475 0 
1192 408 0 0 0 0 0 0 0 0 0 0 0.002350572245 0.000040804715 0.002350926392 0 
1208 408 0 0 0 0 0 0 0 0 0 0 0.001517902904 0.000174734118 0.001527927105 0 
1224 408 0 0 0 0 0 0 0 0 0 0 0.000546371966 0.000150582457 0.0005667428 0 
1240 408 0 0 0 0 0 0 0 0 0 0 0.000045454873 0.000103879969 0.000113389565 0 
1256 408 0 0 0 0 0 0 0 0 0 0 0.000015151624 0.000034626656 0.000037796522 0 
1272 408 0 0 0 0 0 0 0 0 0 0 0 0 0 0 
1288 408 0 0 0 0 0 0 0 0 0 0 0 0 0 0 
1304 408 0 0 0 0 0 0 0 0 0 0 0 0 0 0 
1320 408 0 0 0 0 0 0 0 0 0 0 0 0 0 0 
1336 408 0 0 0 0 0 0 0 0 0 0 0 0 0 0 
1352 408 0 0 0 0 0 0 0 0 0 0 0 0 0 0 
1368 408 0 0 0 0 0 0 0 0 0 0 0 0 0 0 
1384 408 0 0 0 0 0 0 0 0 0 0 0 0 0 0 
1400 408 0 0 0 0 0 0 0 0 0 0 0 0 0 0 
1416 408 0 0 0 0 0 0 0 0 0 0 0 0 0 0 
1432 408 0 0 0 0 0 0 0 0 0 0 0 0 0 0 
1448 408 0 0 0 0 0 0 0 0 0 0 0 0 0 0 
1464 408 0 0 0 0 0 0 0 0 0 0 0 0 0 0 
1480 408 0 0 0 0 0 0 0 0 0 0 0 0 0 0 
1496 408 0 0 0 0 0 0 0 0 0 0 0 0 0 0 
1512 408 0 0 0 0 0 0 0 0 0 0 0 0 0 0 
1528 408 0 0 0 0 0 0 0 0 0 0 0 0 0 0 
1544 408 0 0 0 0 0 0 0 0 0 0 0 0 0 0 
1560 408 0 0 0 0 0 0 0 0 0 0 0 0 0 0 
1576 408 0 0 0 0 0 0 0 0 0 0 0 0 0 0 
1592 408 0 0 0 0 0 0 0 0 0 0 0 0 0 0 
1608 408 0 0 0 0 0 0 0 0 0 0 0 0 0 0 
1624 408 0 0 0 0 0 0 0 0 0 0 0 0 0 0 
1640 408 0 0 0 0 0 0 0 0 0 0 0 0 0 0 
1656 408 0 0 0 0 0 0 0 0 0 0 0 0 0 0 
1672 408 0 0 0 0 0 0 0 0 0 0 0 0 0 0 
1688 408 0 0 0 0 0 0 0 0 0 0 0 0 0 0 
1704 408 0 0 0 0 0 0 0 0 0 0 0 0 0 0 
1720 408 0 0 0 0 0 0 0 0 0 0 0 0 0 0 
1736 408 0 0 0 0 0 0 0 0 0 0 0 0 0 0 
1752 408 0 0 0 0 0 0 0 0 0 0 0 0 0 0 
1768 408 0 0 0 0 0 0 0 0 0 0 0 0 0 0 
1784 408 0 0 0 0 0 0 0 0 0 0 0 0 0 0 
1800 408 0 0 0 0 0 0 0 0 0 0 0 0 0 0 
1816 408 0 0 0 0 0 0 0 0 0 0 0 0 0 0 
1832 408 0 0 0 0 0 0 0 0 0 0 0 0 0 0 
1848 408 0 0 0 0 0 0 0 0 0 0 0 0 0 0 
1864 408 0 0 0 0 0 0 0 0 0 0 0 0 0 0 
1880 408 0 0 0 0 0 0 0 0 0 0 0 0 0 0 
1896 408 0 0 0 0 0 0 0 0 0 0 0 0 0 0 
1912 408 0 0 0 0 0 0 0 0 0 0 0 0 0 0 
1928 408 0 0 0 0 0 0 0 0 0 0 0 0 0 0 
1944 408 0 0 0 0 0 0 0 0 0 0 0 0 0 0 
1960 408 0 0 0 0 0 0 0 0 0 0 0 0 0 0 
1976 408 0 0 0 0 0 0 0 0 0 0 0 0 0 0 
1992 408 0 0 0 0 0 0 0 0 0 0 0 0 0 0 
2008 408 0 0 0 0 0 0 0 0 0 0 0 0 0 0 
2024 408 0 0 0 0 0 0 0 0 0 0 0 0 0 0 
2040 408 0 0 0 0 0 0 0 0 0 0 0 0 0 0 
2056 408 0 0 0 0 0 0 0 0 0 0 0 0 0 0 
2072 408 0 0 0 0 0 0 0 0 0 0 0 0 0 0 
2088 408 0 0 0 0 0 0 0 0 0 0 0 0 0 0 
2104 408 0 0 0 0 0 0 0 0 0 0 0 0 0 0 
2120 408 0 0 0 0 0 0 0 0 0 0 0 0 0 0 
2136 408 0 0 0 0 0 0 0 0 0 0 0 0 0 0 
2152 408 0 0 0 0 0 0 0 0 0 0 0 0 0 0 
2168 408 0 0 0 0 0 0 0 0 0 0 0 0 0 0 
2184 408 0 0 0 0 0 0 0 0 0 0 0 0 0 0 
2200 408 0 0 0 0 0 0 0 0 0 0 0 0 0 0 
2216 408 0 0 0 0 0 0 0 0 0 0 0 0 0 0 
2232 408 0 0 0 0 0 0 0 0 0 0 0 0 0 0 
2248 408 0 0 0 0 0 0 0 0 0 0 0 0 0 0 
2264 408 0 0 0 0 0 0 0 0 0 0 0 0 0 0 
2280 408 0 0 0 0 0 0 0 0 0 0 0 0 0 0 
2296 408 0 0 0 0 0 0 0 0 0 0 0 0 0 0 
2312 408 0 0 0 0 0 0 0 0 0 0 0 0 0 0 
2328 408 0 0 0 0 0 0 0 0 0 0 0 0 0 0 
2344 408 0 0 0 0 0 0 0 0 0 0 0 0 0 0 
2360 408 0 0 0 0 0 0 0 0 0 0 0 0 0 0 
2376 408 0 0 0 0 0 0 0 0 0 0 0 0 0 0 
2392 408 0 0 0 0 0 0 0 0 0 0 0 0 0 0 
2408 408 0 0 0 0 0 0 0 0 0 0 0 0 0 0 
2424 408 0 0 0 0 0 0 0 0 0 0 0 0 0 0 
2440 408 0 0 0 0 0 0 0 0 0 0 0 0 0 0 
2456 408 0 0 0 0 0 0 0 0 0 0 0 0 0 0 
2472 408 0 0 0 0 0 0 0 0 0 0 0 0 0 0 
2488 408 0 0 0 0 0 0 0 0 0 0 0 0 0 0 
2504 408 0 0 0 0 0 0 0 0 0 0 0 0 0 0 
2520 408 0 0 0 0 0 0 0 0 0 0 0 0 0 0 
2536 408 0 0 0 0 0 0 0 0 0 0 0 0 0 0 
24 424 0 0 0 0 0 0 0 0 0 0 0 0 0 0 
40 424 0 0 0 0 0 0 0 0 0 0 0 0 0 0 
56 424 0 0 0 0 0 0 0 0 0 0 0 0 0 0 
72 424 0 0 0 0 0 0 0 0 0 0 0 0 0 0 
88 424 0 0 0 0 0 0 0 0 0 0 0 0 0 0 
104 424 0 0 0 0 0 0 0 0 0 0 0 0 0 0 
120 424 0 0 0 0 0 0 0 0 0 0 0 0 0 0 
136 424 0 0 0 0 0 0 0 0 0 0 0 0 0 0 
152 424 0 0 0 0 0 0 0 0 0 0 0 0 0 0 
168 424 0 0 0 0 0 0 0 0 0 0 0 0 0 0 
184 424 0 0 0 0 0 0 0 0 0 0 0 0 0 0 
200 424 0 0 0 0 0 0 0 0 0 0 0 0 0 0 
216 424 0 0 0 0 0 0 0 0 0 0 0 0 0 0 
232 424 0 0 0 0 0 0 0 0 0 0 0 0 0 0 
248 424 0 0 0 0 0 0 0 0 0 0 0 0 0 0 
264 424 0 0 0 0 0 0 0 0 0 0 0 0 0 0 
280 424 0 0 0 0 0 0 0 0 0 0 0 0 0 0 
296 424 0 0 0 0 0 0 0 0 0 0 0 0 0 0 
312 424 0 0 0 0 0 0 0 0 0 0 0 0 0 0 
328 424 0 0 0 0 0 0 0 0 0 0 0 0 0 0 
344 424 0 0 0 0 0 0 0 0 0 0 0 0 0 0 
360 424 0 0 0 0 0 0 0 0 0 0 0 0 0 0 
376 424 0 0 0 0 0 0 0 0 0 0 0 0 0 0 
392 424 0 0 0 0 0 0 0 0 0 0 0 0 0 0 
408 424 0 0 0 0 0 0 0 0 0 0 0 0 0 0 
424 424 0 0 0 0 0 0 0 0 0 0 0 0 0 0 
440 424 0 0 0 0 0 0 0 0 0 0 0 0 0 0 
456 424 0 0 0 0 0 0 0 0 0 0 0 0 0 0 
472 424 0 0 0 0 0 0 0 0 0 0 0 0 0 0 
488 424 0 0 0 0 0 0 0 0 0 0 0 0 0 0 
504 424 0 0 0 0 0 0 0 0 0 0 0 0 0 0 
520 424 0 0 0 0 0 0 0 0 0 0 0 0 0 0 
536 424 0 0 0 0 0 0 0 0 0 0 0 0 0 0 
552 424 0 0 0 0 0 0 0 0 0 0 0 0 0 0 
568 424 0 0 0 0 0 0 0 0 0 0 0 0 0 0 
584 424 0 0 0 0 0 0 0 0 0 0 0 0 0 0 
600 424 0 0 0 0 0 0 0 0 0 0 0 0 0 0 
616 424 0 0 0 0 0 0 0 0 0 0 0 0 0 0 
632 424 0 0 0 0 0 0 0 0 0 0 0 0 0 0 
648 424 0 0 0 0 0 0 0 0 0 0 0 0 0 0 
664 424 0 0 0 0 0 0 0 0 0 0 0 0 0 0 
680 424 0 0 0 0 0 0 0 0 0 0 0 0 0 0 
696 424 0 0 0 0 0 0 0 0 0 0 0 0 0 0 
712 424 0 0 0 0 0 0 0 0 0 0 0 0 0 0 
728 424 0 0 0 0 0 0 0 0 0 0 0 0 0 0 
744 424 0 0 0 0 0 0 0 0 0 0 0 0 0 0 
760 424 0 0 0 0 0 0 0 0 0 0 0.000157110266 0.001017371484 0.001029431091 0 
776 424 0 0 0 0 0 0 0 0 0 0 0.000471330797 0.003052114451 0.003088293274 0 
792 424 0 0 0 0 0 0 0 0 0 0 0.002174777504 0.004580992117 0.00507101035 0 
808 424 0 0 0 0 0 0 0 0 0 0 0.005267450386 0.00560400448 0.007690962214 0 
824 424 0 0 0 0 0 0 0 0 0 0 0.005879415768 0.004508541459 0.007409080635 0 
840 424 0 0 0 0 0 0 0 0 0 0 0.004010673648 0.001294603055 0.004214439486 0 
856 424 0 0 0 0 0 0 0 0 0 0 0.000792900334 -0.002243673111 0.002379655431 0 
872 424 0 0 0 0 0 0 0 0 0 0 -0.003773904174 -0.00610628704 0.007178376845 0 
888 424 0 0 0 0 0 0 0 0 0 0 -0.005243359755 -0.007367066489 0.009042482523 0 
904 424 0 0 0 0 0 0 0 0 0 0 -0.003615466407 -0.006026011457 0.007027404316 0 
920 424 0 0 0 0 0 0 0 0 0 0 -0.000920044383 -0.004138839152 0.004239866884 0 
936 424 0 0 0 0 0 0 0 0 0 0 0.002842906319 -0.001705549573 0.003315270077 0 
952 424 0 0 0 0 0 0 0 0 0 0 0.00363085565 0.000816927968 0.003721623846 0 
968 424 0 0 0 0 0 0 0 0 0 0 0.001443803611 0.003428593471 0.003720191131 0 
984 424 0 0 0 0 0 0 0 0 0 0 -0.000755499251 0.004908045154 0.004965852027 0 
1000 424 0 0 0 0 0 0 0 0 0 0 -0.002967052935 0.005255283018 0.006035014724 0 
1016 424 0 0 0 0 0 0 0 0 0 0 -0.00560836693 0.005352076487 0.007752322384 0 
1032 424 0 0 0 0 0 0 0 0 0 0 -0.008679441236 0.00519842556 0.010117130447 0 
1048 424 0 0 0 0 0 0 0 0 0 0 -0.009546743812 0.004161146945 0.010414195183 0 
1064 424 0 0 0 0 0 0 0 0 0 0 -0.008210274658 0.002240240641 0.008510422321 0 
1080 424 0 0 0 0 0 0 0 0 0 0 -0.006745195117 0.000689989767 0.006780394019 0 
1096 424 0 0 0 0 0 0 0 0 0 0 -0.005151505192 -0.000489605677 0.005174719264 0 
1112 424 0 0 0 0 0 0 0 0 0 0 -0.00395882612 -0.001329567199 0.004176128971 0 
1128 424 0 0 0 0 0 0 0 0 0 0 -0.0031671579 -0.001829894799 0.003657786781 0 
1144 424 0 0 0 0 0 0 0 0 0 0 0.000464970051 -0.001857952187 0.001915250239 0 
1160 424 0 0 0 0 0 0 0 0 0 0 0.006937557734 -0.001413739362 0.007080138861 0 
1176 424 0 0 0 0 0 0 0 0 0 0 0.009133139962 -0.000753617251 0.009164179424 0 
1192 424 0 0 0 0 0 0 0 0 0 0 0.007051716734 0.000122414146 0.007052779177 0 
1208 424 0 0 0 0 0 0 0 0 0 0 0.004553708713 0.000524202353 0.004583781316 0 
1224 424 0 0 0 0 0 0 0 0 0 0 0.001639115899 0.00045174737 0.001700228401 0 
1240 424 0 0 0 0 0 0 0 0 0 0 0.000136364619 0.000311639908 0.000340168696 0 
1256 424 0 0 0 0 0 0 0 0 0 0 0.000045454873 0.000103879969 0.000113389565 0 
1272 424 0 0 0 0 0 0 0 0 0 0 0 0 0 0 
1288 424 0 0 0 0 0 0 0 0 0 0 0 0 0 0 
1304 424 0 0 0 0 0 0 0 0 0 0 0 0 0 0 
1320 424 0 0 0 0 0 0 0 0 0 0 0 0 0 0 
1336 424 0 0 0 0 0 0 0 0 0 0 0 0 0 0 
1352 424 0 0 0 0 0 0 0 0 0 0 0 0 0 0 
1368 424 0 0 0 0 0 0 0 0 0 0 0 0 0 0 
1384 424 0 0 0 0 0 0 0 0 0 0 0 0 0 0 
1400 424 0 0 0 0 0 0 0 0 0 0 0 0 0 0 
1416 424 0 0 0 0 0 0 0 0 0 0 0 0 0 0 
1432 424 0 0 0 0 0 0 0 0 0 0 0 0 0 0 
1448 424 0 0 0 0 0 0 0 0 0 0 0 0 0 0 
1464 424 0 0 0 0 0 0 0 0 0 0 0 0 0 0 
1480 424 0 0 0 0 0 0 0 0 0 0 0 0 0 0 
1496 424 0 0 0 0 0 0 0 0 0 0 0 0 0 0 
1512 424 0 0 0 0 0 0 0 0 0 0 0 0 0 0 
1528 424 0 0 0 0 0 0 0 0 0 0 0 0 0 0 
1544 424 0 0 0 0 0 0 0 0 0 0 0 0 0 0 
1560 424 0 0 0 0 0 0 0 0 0 0 0 0 0 0 
1576 424 0 0 0 0 0 0 0 0 0 0 0 0 0 0 
1592 424 0 0 0 0 0 0 0 0 0 0 0 0 0 0 
1608 424 0 0 0 0 0 0 0 0 0 0 0 0 0 0 
1624 424 0 0 0 0 0 0 0 0 0 0 0 0 0 0 
1640 424 0 0 0 0 0 0 0 0 0 0 0 0 0 0 
1656 424 0 0 0 0 0 0 0 0 0 0 0 0 0 0 
1672 424 0 0 0 0 0 0 0 0 0 0 0 0 0 0 
1688 424 0 0 0 0 0 0 0 0 0 0 0 0 0 0 
1704 424 0 0 0 0 0 0 0 0 0 0 0 0 0 0 
1720 424 0 0 0 0 0 0 0 0 0 0 0 0 0 0 
1736 424 0 0 0 0 0 0 0 0 0 0 0 0 0 0 
1752 424 0 0 0 0 0 0 0 0 0 0 0 0 0 0 
1768 424 0 0 0 0 0 0 0 0 0 0 0 0 0 0 
1784 424 0 0 0 0 0 0 0 0 0 0 0 0 0 0 
1800 424 0 0 0 0 0 0 0 0 0 0 0 0 0 0 
1816 424 0 0 0 0 0 0 0 0 0 0 0 0 0 0 
1832 424 0 0 0 0 0 0 0 0 0 0 0 0 0 0 
1848 424 0 0 0 0 0 0 0 0 0 0 0 0 0 0 
1864 424 0 0 0 0 0 0 0 0 0 0 0 0 0 0 
1880 424 0 0 0 0 0 0 0 0 0 0 0 0 0 0 
1896 424 0 0 0 0 0 0 0 0 0 0 0 0 0 0 
1912 424 0 0 0 0 0 0 0 0 0 0 0 0 0 0 
1928 424 0 0 0 0 0 0 0 0 0 0 0 0 0 0 
1944 424 0 0 0 0 0 0 0 0 0 0 0 0 0 0 
1960 424 0 0 0 0 0 0 0 0 0 0 0 0 0 0 
1976 424 0 0 0 0 0 0 0 0 0 0 0 0 0 0 
1992 424 0 0 0 0 0 0 0 0 0 0 0 0 0 0 
2008 424 0 0 0 0 0 0 0 0 0 0 0 0 0 0 
2024 424 0 0 0 0 0 0 0 0 0 0 0 0 0 0 
2040 424 0 0 0 0 0 0 0 0 0 0 0 0 0 0 
2056 424 0 0 0 0 0 0 0 0 0 0 0 0 0 0 
2072 424 0 0 0 0 0 0 0 0 0 0 0 0 0 0 
2088 424 0 0 0 0 0 0 0 0 0 0 0 0 0 0 
2104 424 0 0 0 0 0 0 0 0 0 0 0 0 0 0 
2120 424 0 0 0 0 0 0 0 0 0 0 0 0 0 0 
2136 424 0 0 0 0 0 0 0 0 0 0 0 0 0 0 
2152 424 0 0 0 0 0 0 0 0 0 0 0 0 0 0 
2168 424 0 0 0 0 0 0 0 0 0 0 0 0 0 0 
2184 424 0 0 0 0 0 0 0 0 0 0 0 0 0 0 
2200 424 0 0 0 0 0 0 0 0 0 0 0 0 0 0 
2216 424 0 0 0 0 0 0 0 0 0 0 0 0 0 0 
2232 424 0 0 0 0 0 0 0 0 0 0 0 0 0 0 
2248 424 0 0 0 0 0 0 0 0 0 0 0 0 0 0 
2264 424 0 0 0 0 0 0 0 0 0 0 0 0 0 0 
2280 424 0 0 0 0 0 0 0 0 0 0 0 0 0 0 
2296 424 0 0 0 0 0 0 0 0 0 0 0 0 0 0 
2312 424 0 0 0 0 0 0 0 0 0 0 0 0 0 0 
2328 424 0 0 0 0 0 0 0 0 0 0 0 0 0 0 
2344 424 0 0 0 0 0 0 0 0 0 0 0 0 0 0 
2360 424 0 0 0 0 0 0 0 0 0 0 0 0 0 0 
2376 424 0 0 0 0 0 0 0 0 0 0 0 0 0 0 
2392 424 0 0 0 0 0 0 0 0 0 0 0 0 0 0 
2408 424 0 0 0 0 0 0 0 0 0 0 0 0 0 0 
2424 424 0 0 0 0 0 0 0 0 0 0 0 0 0 0 
2440 424 0 0 0 0 0 0 0 0 0 0 0 0 0 0 
2456 424 0 0 0 0 0 0 0 0 0 0 0 0 0 0 
2472 424 0 0 0 0 0 0 0 0 0 0 0 0 0 0 
2488 424 0 0 0 0 0 0 0 0 0 0 0 0 0 0 
2504 424 0 0 0 0 0 0 0 0 0 0 0 0 0 0 
2520 424 0 0 0 0 0 0 0 0 0 0 0 0 0 0 
2536 424 0 0 0 0 0 0 0 0 0 0 0 0 0 0 
24 440 0 0 0 0 0 0 0 0 0 0 0 0 0 0 
40 440 0 0 0 0 0 0 0 0 0 0 0 0 0 0 
56 440 0 0 0 0 0 0 0 0 0 0 0 0 0 0 
72 440 0 0 0 0 0 0 0 0 0 0 0 0 0 0 
88 440 0 0 0 0 0 0 0 0 0 0 0 0 0 0 
104 440 0 0 0 0 0 0 0 0 0 0 0 0 0 0 
120 440 0 0 0 0 0 0 0 0 0 0 0 0 0 0 
136 440 0 0 0 0 0 0 0 0 0 0 0 0 0 0 
152 440 0 0 0 0 0 0 0 0 0 0 0 0 0 0 
168 440 0 0 0 0 0 0 0 0 0 0 0 0 0 0 
184 440 0 0 0 0 0 0 0 0 0 0 0 0 0 0 
200 440 0 0 0 0 0 0 0 0 0 0 0 0 0 0 
216 440 0 0 0 0 0 0 0 0 0 0 0 0 0 0 
232 440 0 0 0 0 0 0 0 0 0 0 0 0 0 0 
248 440 0 0 0 0 0 0 0 0 0 0 0 0 0 0 
264 440 0 0 0 0 0 0 0 0 0 0 0 0 0 0 
280 440 0 0 0 0 0 0 0 0 0 0 0 0 0 0 
296 440 0 0 0 0 0 0 0 0 0 0 0 0 0 0 
312 440 0 0 0 0 0 0 0 0 0 0 0 0 0 0 
328 440 0 0 0 0 0 0 0 0 0 0 0 0 0 0 
344 440 0 0 0 0 0 0 0 0 0 0 0 0 0 0 
360 440 0 0 0 0 0 0 0 0 0 0 0 0 0 0 
376 440 0 0 0 0 0 0 0 0 0 0 0 0 0 0 
392 440 0 0 0 0 0 0 0 0 0 0 0 0 0 0 
408 440 0 0 0 0 0 0 0 0 0 0 0 0 0 0 
424 440 0 0 0 0 0 0 0 0 0 0 0 0 0 0 
440 440 0 0 0 0 0 0 0 0 0 0 0 0 0 0 
456 440 0 0 0 0 0 0 0 0 0 0 0 0 0 0 
472 440 0 0 0 0 0 0 0 0 0 0 0 0 0 0 
488 440 0 0 0 0 0 0 0 0 0 0 0 0 0 0 
504 440 0 0 0 0 0 0 0 0 0 0 0 0 0 0 
520 440 0 0 0 0 0 0 0 0 0 0 0 0 0 0 
536 440 0 0 0 0 0 0 0 0 0 0 0 0 0 0 
552 440 0 0 0 0 0 0 0 0 0 0 0 0 0 0 
568 440 0 0 0 0 0 0 0 0 0 0 0 0 0 0 
584 440 0 0 0 0 0 0 0 0 0 0 0 0 0 0 
600 440 0 0 0 0 0 0 0 0 0 0 0 0 0 0 
616 440 0 0 0 0 0 0 0 0 0 0 0 0 0 0 
632 440 0 0 0 0 0 0 0 0 0 0 0.000131149187 -0.000067319507 0.000147417859 0 
648 440 0 0 0 0 0 0 0 0 0 0 0.000393447561 -0.00020195852 0.000442253577 0 
664 440 0 0 0 0 0 0 0 0 0 0 0.000201633351 -0.000340533769 0.000395751508 0 
680 440 0 0 0 0 0 0 0 0 0 0 -0.000444293443 -0.000483045255 0.000656299766 0 
696 440 0 0 0 0 0 0 0 0 0 0 -0.00034838804 -0.000099500406 0.000362318309 0 
712 440 0 0 0 0 0 0 0 0 0 0 0.00048934956 0.000810100778 0.00094642816 0 
728 440 0 0 0 0 0 0 0 0 0 0 0.001322600617 0.00160626721 0.002080713037 0 
744 440 0 0 0 0 0 0 0 0 0 0 0.00215136513 0.002288998888 0.003141319442 0 
760 440 0 0 0 0 0 0 0 0 0 0 0.002503988223 0.003552445997 0.004346243157 0 
776 440 0 0 0 0 0 0 0 0 0 0 0.002380469895 0.005396608535 0.005898306588 0 
792 440 0 0 0 0 0 0 0 0 0 0 0.003948395285 0.004775135991 0.006196107574 0 
808 440 0 0 0 0 0 0 0 0 0 0 0.007207764392 0.001688028366 0.007402790507 0 
824 440 0.006453801309 0.002960652518 0.007100493974 57.218480438451 78432.9921875 0.006453801309 0.002960652518 0.007100493974 57.218480438451 78432.9921875 0.008547486034 -0.005461176257 0.010143173252 0 
840 440 0.017060768055 0.002104985406 0.01719013584 71.491170641269 284068.96875 0.017060768055 0.002104985406 0.01719013584 71.491170641269 284068.96875 0.007967560211 -0.016672477879 0.018478461363 0 
856 440 -0.006931182339 0.001950609179 0.007200428097 120.41768905033 556766.9375 -0.006931182339 0.001950609179 0.007200428097 120.41768905033 556766.9375 0.006417574595 -0.024462772901 0.025290561909 0 
872 440 -0.012459983232 -0.002961020211 0.012806983362 84.330656898707 767427 -0.012459983232 -0.002961020211 0.012806983362 84.330656898707 767427 0.003897529184 -0.028832061324 0.029094303462 0 
888 440 -0.012021003898 -0.00421717812 0.01273927494 73.949683564429 1009458.9375 -0.012021003898 -0.00421717812 0.01273927494 73.949683564429 1009458.9375 0.001685758605 -0.029402054498 0.029450341098 0 
904 440 -0.011027905568 -0.003539366745 0.011581960895 71.729507529 1119038 -0.011027905568 -0.003539366745 0.011581960895 71.729507529 1119038 -0.000217737142 -0.026172752424 0.026173658111 0 
920 440 0.00695288047 -0.007995162167 0.010595525702 41.649928839784 963479 0.00695288047 -0.007995162167 0.010595525702 41.649928839784 963479 -0.00025915435 -0.023252999877 0.023254443968 0 
936 440 -0.003188569454 -0.00327366908 0.004569888884 48.571382246396 794599.875 -0.003188569454 -0.00327366908 0.004569888884 48.571382246396 794599.875 0.00156150698 -0.020642796859 0.020701772055 0 
952 440 -0.005131749842 0.002366394261 0.005651077618 129.193689603103 583918 -0.005131749842 0.002366394261 0.005651077618 129.193689603103 583918 0.004473256844 -0.017374422724 0.017941030957 0 
968 440 0.015725146577 0.000741249023 0.015742607312 60.475879878351 393093.96875 0.015725146577 0.000741249023 0.015742607312 60.475879878351 393093.96875 0.008476095243 -0.013447877473 0.015896213357 0 
984 440 -0.003061820952 -0.000209359586 0.003068970345 123.703582076055 300206.96875 -0.003061820952 -0.000209359586 0.003068970345 123.703582076055 300206.96875 0.007830136584 -0.010162049127 0.012828806702 0 
1000 440 -0.002216548434 0.000282633347 0.002234495148 115.905292312195 225255 -0.002216548434 0.000282633347 0.002234495148 115.905292312195 225255 0.002535380867 -0.007516937688 0.007933001219 0 
1016 440 -0.01150597818 0.000150082694 0.01150695697 60.692064712416 210184.984375 -0.01150597818 0.000150082694 0.01150695697 60.692064712416 210184.984375 -0.002637742341 -0.004558545986 0.005266690248 0 
1032 440 -0.007512823049 -0.000443470973 0.007525900389 6.122831894313 175430.984375 -0.007512823049 -0.000443470973 0.007525900389 6.122831894313 175430.984375 -0.00768923304 -0.001286874022 0.007796175312 0 
1048 440 0.007214558872 -0.000757173582 0.007254183038 175.176657145437 89566.984375 0.007214558872 -0.000757173582 0.007254183038 175.176657145437 89566.984375 -0.008738838714 0.000178163813 0.008740654691 0 
1064 440 -0.012386222329 0 0.012386222329 1.617801190219 47218.9921875 -16 0 16 1.617801190219 26032 -0.005786559364 -0.000163432479 0.005788866853 0 
1080 440 -0.012072670989 -0.012072670989 0.017073335047 13.546313181862 14117.998046875 -0.012072670989 -0.012072670989 0.017073335047 13.546313181862 14117.998046875 -0.00158662733 -0.000970523242 0.001859919796 0 
1096 440 0 0 0 0 0 0 0 0 0 0 0.003860957388 -0.002243108476 0.004465257841 0 
1112 440 0 0 0 0 0 0 0 0 0 0 0.003995372897 -0.002803773239 0.004880998767 0 
1128 440 0 0 0 0 0 0 0 0 0 0 -0.001183380802 -0.002652517532 0.002904520508 0 
1144 440 0 0 0 0 0 0 0 0 0 0 0.000552852524 -0.001892747741 0.001971836688 0 
1160 440 0 0 0 0 0 0 0 0 0 0 0.009204072874 -0.000524463866 0.00921900319 0 
1176 440 0 0 0 0 0 0 0 0 0 0 0.010374952283 0.001461281177 0.010477355466 0 
1192 440 0 0 0 0 0 0 0 0 0 0 0.00406549075 0.004064487387 0.005748762716 0 
1208 440 0 0 0 0 0 0 0 0 0 0 -0.001016584579 0.004754489098 0.004861955449 0 
1224 440 0 0 0 0 0 0 0 0 0 0 -0.004871273705 0.003531286308 0.006016584621 0 
1240 440 0 0 0 0 0 0 0 0 0 0 -0.005281831576 0.001395751937 0.005463137218 0 
1256 440 0 0 0 0 0 0 0 0 0 0 -0.002248258191 -0.001652114014 0.002790008174 0 
1272 440 0 0 0 0 0 0 0 0 0 0 -0.000468149928 -0.003394357247 0.003426488797 0 
1288 440 0 0 0 0 0 0 0 0 0 0 0.000058493214 -0.003830977762 0.003831424287 0 
1304 440 0 0 0 0 0 0 0 0 0 0 -0.001772224878 -0.001484287879 0.002311685862 0 
1320 440 0 0 0 0 0 0 0 0 0 0 -0.005960304203 0.0036457124 0.006986876634 0 
1336 440 0 0 0 0 0 0 0 0 0 0 -0.007303041333 0.007584955137 0.010529290439 0 
1352 440 0 0 0 0 0 0 0 0 0 0 -0.005800436269 0.010333440333 0.011850107596 0 
1368 440 0 0 0 0 0 0 0 0 0 0 -0.004689008228 0.011231839558 0.012171319485 0 
1384 440 0 0 0 0 0 0 0 0 0 0 -0.00396875721 0.010280152811 0.011019644985 0 
1400 440 0 0 0 0 0 0 0 0 0 0 -0.002125021887 0.007962283803 0.008240975754 0 
1416 440 0 0 0 0 0 0 0 0 0 0 0.000842197742 0.004278232533 0.004360340657 0 
1432 440 0 0 0 0 0 0 0 0 0 0 0.001848990154 0.000879944627 0.002047698009 0 
1448 440 0 0 0 0 0 0 0 0 0 0 0.00089535535 -0.002232579916 0.002405426008 0 
1464 440 0 0 0 0 0 0 0 0 0 0 0.000614405474 -0.003602558762 0.003654575724 0 
1480 440 0 0 0 0 0 0 0 0 0 0 0.001006140525 -0.003229991912 0.003383070574 0 
1496 440 0 0 0 0 0 0 0 0 0 0 0.001677374147 -0.002331133763 0.002871892868 0 
1512 440 0 0 0 0 0 0 0 0 0 0 0.002628106339 -0.000905984314 0.002779883182 0 
1528 440 0 0 0 0 0 0 0 0 0 0 0.001714142843 -0.000093027079 0.001716665292 0 
1544 440 0 0 0 0 0 0 0 0 0 0 -0.001064516341 0.000107737943 0.001069954441 0 
1560 440 0 0 0 0 0 0 0 0 0 0 -0.002245565476 0.000099096941 0.00224775099 0 
1576 440 0 0 0 0 0 0 0 0 0 0 -0.001829004562 -0.000118950086 0.001832868465 0 
1592 440 0 0 0 0 0 0 0 0 0 0 -0.001416651227 -0.000230584958 0.001435294437 0 
1608 440 0 0 0 0 0 0 0 0 0 0 -0.001008505471 -0.000235807675 0.001035706785 0 
1624 440 0 0 0 0 0 0 0 0 0 0 -0.001231790998 -0.000122154598 0.00123783311 0 
1640 440 0 0 0 0 0 0 0 0 0 0 -0.002086507806 0.000110374272 0.002089425113 0 
1656 440 0 0 0 0 0 0 0 0 0 0 -0.001521627767 0.000308881094 0.001552661776 0 
1672 440 0 0 0 0 0 0 0 0 0 0 0.000462849119 0.000473365868 0.000662045733 0 
1688 440 0 0 0 0 0 0 0 0 0 0 0.002012584931 0.000405484234 0.002053025954 0 
1704 440 0 0 0 0 0 0 0 0 0 0 0.00312757967 0.000105236193 0.003129349652 0 
1720 440 0 0 0 0 0 0 0 0 0 0 0.003265365963 -0.00030799472 0.003279859085 0 
1736 440 0 0 0 0 0 0 0 0 0 0 0.00242594381 -0.000834208502 0.002565366874 0 
1752 440 0 0 0 0 0 0 0 0 0 0 0.001691009895 -0.000952370837 0.001940753636 0 
1768 440 0 0 0 0 0 0 0 0 0 0 0.001060564217 -0.000662481724 0.001250471308 0 
1784 440 0 0 0 0 0 0 0 0 0 0 0.000810792393 -0.000392033458 0.000900596767 0 
1800 440 0 0 0 0 0 0 0 0 0 0 0.000941694426 -0.000141026039 0.000952195744 0 
1816 440 0 0 0 0 0 0 0 0 0 0 0.000935721427 -0.000003859277 0.000935729386 0 
1832 440 0 0 0 0 0 0 0 0 0 0 0.000792873398 0.000019466827 0.000793112339 0 
1848 440 0 0 0 0 0 0 0 0 0 0 0.000936741329 0.000419001701 0.001026180658 0 
1864 440 0 0 0 0 0 0 0 0 0 0 0.001367325221 0.001194745345 0.001815762842 0 
1880 440 0 0 0 0 0 0 0 0 0 0 0.001186962875 0.001186962875 0.001678618996 0 
1896 440 0 0 0 0 0 0 0 0 0 0 0.000395654292 0.000395654292 0.000559539665 0 
1912 440 0 0 0 0 0 0 0 0 0 0 0 0 0 0 
1928 440 0 0 0 0 0 0 0 0 0 0 0 0 0 0 
1944 440 0 0 0 0 0 0 0 0 0 0 0 0 0 0 
1960 440 0 0 0 0 0 0 0 0 0 0 0 0 0 0 
1976 440 0 0 0 0 0 0 0 0 0 0 0 0 0 0 
1992 440 0 0 0 0 0 0 0 0 0 0 0 0 0 0 
2008 440 0 0 0 0 0 0 0 0 0 0 0 0 0 0 
2024 440 0 0 0 0 0 0 0 0 0 0 0 0 0 0 
2040 440 0 0 0 0 0 0 0 0 0 0 0 0 0 0 
2056 440 0 0 0 0 0 0 0 0 0 0 0 0 0 0 
2072 440 0 0 0 0 0 0 0 0 0 0 0 0 0 0 
2088 440 0 0 0 0 0 0 0 0 0 0 0 0 0 0 
2104 440 0 0 0 0 0 0 0 0 0 0 0 0 0 0 
2120 440 0 0 0 0 0 0 0 0 0 0 0 0 0 0 
2136 440 0 0 0 0 0 0 0 0 0 0 0 0 0 0 
2152 440 0 0 0 0 0 0 0 0 0 0 0 0 0 0 
2168 440 0 0 0 0 0 0 0 0 0 0 0 0 0 0 
2184 440 0 0 0 0 0 0 0 0 0 0 0 0 0 0 
2200 440 0 0 0 0 0 0 0 0 0 0 0 0 0 0 
2216 440 0 0 0 0 0 0 0 0 0 0 0 0 0 0 
2232 440 0 0 0 0 0 0 0 0 0 0 0 0 0 0 
2248 440 0 0 0 0 0 0 0 0 0 0 0 0 0 0 
2264 440 0 0 0 0 0 0 0 0 0 0 0 0 0 0 
2280 440 0 0 0 0 0 0 0 0 0 0 0 0 0 0 
2296 440 0 0 0 0 0 0 0 0 0 0 0 0 0 0 
2312 440 0 0 0 0 0 0 0 0 0 0 0 0 0 0 
2328 440 0 0 0 0 0 0 0 0 0 0 0 0 0 0 
2344 440 0 0 0 0 0 0 0 0 0 0 0 0 0 0 
2360 440 0 0 0 0 0 0 0 0 0 0 0 0 0 0 
2376 440 0 0 0 0 0 0 0 0 0 0 0 0 0 0 
2392 440 0 0 0 0 0 0 0 0 0 0 0 0 0 0 
2408 440 0 0 0 0 0 0 0 0 0 0 0 0 0 0 
2424 440 0 0 0 0 0 0 0 0 0 0 0 0 0 0 
2440 440 0 0 0 0 0 0 0 0 0 0 0 0 0 0 
2456 440 0 0 0 0 0 0 0 0 0 0 0 0 0 0 
2472 440 0 0 0 0 0 0 0 0 0 0 0 0 0 0 
2488 440 0 0 0 0 0 0 0 0 0 0 0 0 0 0 
2504 440 0 0 0 0 0 0 0 0 0 0 0 0 0 0 
2520 440 0 0 0 0 0 0 0 0 0 0 0 0 0 0 
2536 440 0 0 0 0 0 0 0 0 0 0 0 0 0 0 
24 456 0 0 0 0 0 0 0 0 0 0 0 0 0 0 
40 456 0 0 0 0 0 0 0 0 0 0 0 0 0 0 
56 456 0 0 0 0 0 0 0 0 0 0 0 0 0 0 
72 456 0 0 0 0 0 0 0 0 0 0 0 0 0 0 
88 456 0 0 0 0 0 0 0 0 0 0 0 0 0 0 
104 456 0 0 0 0 0 0 0 0 0 0 0 0 0 0 
120 456 0 0 0 0 0 0 0 0 0 0 0 0 0 0 
136 456 0 0 0 0 0 0 0 0 0 0 0 0 0 0 
152 456 0 0 0 0 0 0 0 0 0 0 0 0 0 0 
168 456 0 0 0 0 0 0 0 0 0 0 0 0 0 0 
184 456 0 0 0 0 0 0 0 0 0 0 0 0 0 0 
200 456 0 0 0 0 0 0 0 0 0 0 0 0 0 0 
216 456 0 0 0 0 0 0 0 0 0 0 0 0 0 0 
232 456 0 0 0 0 0 0 0 0 0 0 0 0 0 0 
248 456 0 0 0 0 0 0 0 0 0 0 0 0 0 0 
264 456 0 0 0 0 0 0 0 0 0 0 0 0 0 0 
280 456 0 0 0 0 0 0 0 0 0 0 0 0 0 0 
296 456 0 0 0 0 0 0 0 0 0 0 0 0 0 0 
312 456 0 0 0 0 0 0 0 0 0 0 0 0 0 0 
328 456 0 0 0 0 0 0 0 0 0 0 0 0 0 0 
344 456 0 0 0 0 0 0 0 0 0 0 0 0 0 0 
360 456 0 0 0 0 0 0 0 0 0 0 0 0 0 0 
376 456 0 0 0 0 0 0 0 0 0 0 0 0 0 0 
392 456 0 0 0 0 0 0 0 0 0 0 0 0 0 0 
408 456 0 0 0 0 0 0 0 0 0 0 0 0 0 0 
424 456 0 0 0 0 0 0 0 0 0 0 0 0 0 0 
440 456 0 0 0 0 0 0 0 0 0 0 0 0 0 0 
456 456 0 0 0 0 0 0 0 0 0 0 0 0 0 0 
472 456 0 0 0 0 0 0 0 0 0 0 0 0 0 0 
488 456 0 0 0 0 0 0 0 0 0 0 0 0 0 0 
504 456 0 0 0 0 0 0 0 0 0 0 0 0 0 0 
520 456 0 0 0 0 0 0 0 0 0 0 0 0 0 0 
536 456 0 0 0 0 0 0 0 0 0 0 0 0 0 0 
552 456 0 0 0 0 0 0 0 0 0 0 0 0 0 0 
568 456 0 0 0 0 0 0 0 0 0 0 0 0 0 0 
584 456 0 0 0 0 0 0 0 0 0 0 0 0 0 0 
600 456 0 0 0 0 0 0 0 0 0 0 0 0 0 0 
616 456 0 0 0 0 0 0 0 0 0 0 0 0 0 0 
632 456 0 0 0 0 0 0 0 0 0 0 0.000393447561 -0.00020195852 0.000442253577 0 
648 456 0 0 0 0 0 0 0 0 0 0 0.001180342682 -0.000605875559 0.001326760732 0 
664 456 0 0 0 0 0 0 0 0 0 0 0.000604900052 -0.001021601308 0.001187254524 0 
680 456 0 0 0 0 0 0 0 0 0 0 -0.00133288033 -0.001449135766 0.001968899298 0 
696 456 0 0 0 0 0 0 0 0 0 0 -0.00104516412 -0.000298501219 0.001086954928 0 
712 456 0 0 0 0 0 0 0 0 0 0 0.001468048681 0.002430302334 0.002839284481 0 
728 456 0 0 0 0 0 0 0 0 0 0 0.003967801851 0.004818801629 0.00624213911 0 
744 456 0.004804138689 -0.00024003979 0.00481013177 49.635791369105 183630.96875 0.004804138689 -0.00024003979 0.00481013177 49.635791369105 183630.96875 0.00645409539 0.006866996665 0.009423958325 0 
760 456 0.001733652119 -0.00210134551 0.002724188433 98.717041901221 575760.9375 0.001733652119 -0.00210134551 0.002724188433 98.717041901221 575760.9375 0.00709300396 0.007944347367 0.010650040388 0 
776 456 -0.006748454334 -0.001859788495 0.007000032081 141.571336866027 1107780 -0.006748454334 -0.001859788495 0.007000032081 141.571336866027 1107780 0.00588452756 0.008050853735 0.009972156761 0 
792 456 -0.005656565921 0.005959889724 0.008216874316 114.269899373047 1463659.875 -0.005656565921 0.005959889724 0.008216874316 114.269899373047 1463659.875 0.006045779177 0.002109428997 0.006403212987 0 
808 456 0.001730591899 0.012191699073 0.012313913863 134.436906247495 1184988 0.001730591899 0.012191699073 0.012313913863 134.436906247495 1184988 0.007576758812 -0.009879926848 0.012450711972 0 
824 456 0.007835859066 0.011934965044 0.014277397449 127.384015702427 956462.9375 0.007835859066 0.011934965044 0.014277397449 127.384015702427 956462.9375 0.009964016055 -0.028406305997 0.030103153262 0 
840 456 0.006471171681 0.004690069716 0.007992047101 112.058341397333 1190220 0.006471171681 0.004690069716 0.007992047101 112.058341397333 1190220 0.013207550905 -0.05346970845 0.055076756646 0 
856 456 -0.013044014975 -0.012833734215 0.018298936051 59.731209323727 1509462 3 15 15.297058540778 154.42442940824 977891.875 0.017138322893 -0.067405190406 0.069549851224 0 
872 456 -0.011492942743 -0.017089968813 0.020595018012 51.136963482807 1694167 -16 -16 22.62741699797 62.21627317005 1372409.125 0.021756332018 -0.070212751864 0.073506248083 0 
888 456 -0.013145590648 -0.008155990071 0.015470188348 73.703257343766 1894794.875 0 -16 16 15.520187312022 1710722.875 0.019039568495 -0.068560652857 0.071155240768 0 
904 456 -0.009753395218 -0.009218851179 0.013420727825 54.804005764871 2061041 15 9 17.492855684536 112.773635403404 1959646 0.008988032327 -0.062448893386 0.063092384724 0 
920 456 0.007226285429 -0.017199881764 0.018656235789 21.154181285472 1954871.125 6.364256987568 -8.114751236304 10.312756887996 36.471631106795 1823353.875 0.001675988636 -0.058722095227 0.058746007573 0 
936 456 -0.001122420207 -0.013345357519 0.013392475291 1.917740137323 1789363.75 3.885480596446 9.332319753385 10.108864992905 160.285602350826 1548173.75 -0.002896562576 -0.057380258383 0.057453321287 0 
952 456 -0.000506333954 -0.003645186241 0.003680184344 11.845411616439 1570815.125 -16 11 19.416487838948 128.445876157422 1239513.125 0.003737488801 -0.054301742754 0.054430213013 0 
968 456 0.019158034501 -0.000882209235 0.019178336192 63.804291634726 1390795.75 0.019158034501 -0.000882209235 0.019178336192 63.804291634726 1390795.75 0.021578142767 -0.04948654834 0.053986430813 0 
984 456 -0.003059925182 -0.002195280724 0.003765952678 84.684697767402 1306688 -0.003059925182 -0.002195280724 0.003765952678 84.684697767402 1306688 0.02550507442 -0.043574267792 0.050489856752 0 
1000 456 -0.005646829622 0.000667981577 0.005686201208 119.742903361113 1265782 -0.005646829622 0.000667981577 0.005686201208 119.742903361113 1265782 0.015518283759 -0.036564901111 0.039721645536 0 
1016 456 -0.014573166471 0.005597539087 0.015611201902 125.154933135725 1382228 -0.014573166471 0.005597539087 0.015611201902 125.154933135725 1382228 0.007042418122 -0.027947841923 0.028821476734 0 
1032 456 -0.01501880011 0.007113340724 0.016618182 115.594066973527 1181486 -0.01501880011 0.007113340724 0.016618182 115.594066973527 1181486 0.00007747751 -0.017723090228 0.017723259575 0 
1048 456 -0.006944085153 0.005146697197 0.008643425863 122.436659495068 935644 -0.006944085153 0.005146697197 0.008643425863 122.436659495068 935644 -0.000758532644 -0.010561900413 0.010589103461 0 
1064 456 -0.013196200965 0.007435032061 0.015146597693 154.445755045682 955813 -0.013196200965 0.007435032061 0.015146597693 154.445755045682 955813 0.004534387662 -0.00646427248 0.007896042691 0 
1080 456 -0.002860217213 0.010396372833 0.010782643952 125.141892771696 1215581 -0.002860217213 0.010396372833 0.010782643952 125.141892771696 1215581 0.013227304991 -0.004751542439 0.01405484802 0 
1096 456 0.004771472729 0.005719972685 0.007448828064 62.256214582245 1822832 0.004771472729 0.005719972685 0.007448828064 62.256214582245 1822832 0.025320219342 -0.00542371029 0.025894596749 0 
1112 456 0.011711190334 0.003492070801 0.012220742101 28.783840796647 1885843.875 0.011711190334 0.003492070801 0.012220742101 28.783840796647 1885843.875 0.022542988343 -0.004865807188 0.023062142204 0 
1128 456 -0.010116301393 0.004619516199 0.011121127811 172.386119154479 1520080.875 -0.010116301393 0.004619516199 0.011121127811 172.386119154479 1520080.875 0.004895611995 -0.003077833133 0.005782739281 0 
1144 456 -0.009310900706 0.00230214875 0.009591285672 133.935895353858 1784558 -0.009310900706 0.00230214875 0.009591285672 133.935895353858 1784558 0.000418637436 -0.000723704059 0.000836065109 0 
1160 456 -0.002476913855 0.000695318022 0.002572658041 150.766235194349 1905365 -0.002476913855 0.000695318022 0.002572658041 150.766235194349 1905365 0.009112064666 0.002196580035 0.009373083074 0 
1176 456 0.001202454744 0 0.001202454744 43.362409840855 1324806 0.001202454744 0 0.001202454744 43.362409840855 1324806 0.006769816951 0.006393489534 0.009311666337 0 
1192 456 0.01099270638 -0.002046046514 0.011181498106 129.654751021272 834893 0.01099270638 -0.002046046514 0.011181498106 129.654751021272 834893 -0.006608105707 0.011867024438 0.013582832181 0 
1208 456 -0.017544130696 -0.001802692225 0.01763650252 46.124984411715 590503 -0.017544130696 -0.001802692225 0.01763650252 46.124984411715 590503 -0.015192976973 0.012865594351 0.019908542571 0 
1224 456 -0.001643173834 0 0.001643173834 26.31534724587 534572 -0.001643173834 0 0.001643173834 26.31534724587 534572 -0.018984796845 0.009389199271 0.021179697217 0 
1240 456 0.004627314139 0.00172341203 0.004937832031 147.874302352379 692962 0.004627314139 0.00172341203 0.004937832031 147.874302352379 692962 -0.01620913371 0.003356216056 0.016552951455 0 
1256 456 -0.006655667018 -0.00008619049 0.006656225075 36.573239759498 872256.9375 -0.006655667018 -0.00008619049 0.006656225075 36.573239759498 872256.9375 -0.006865987568 -0.005233355294 0.008633063936 0 
1272 456 -0.003257059549 -0.001465557572 0.003571595708 57.921303034885 792785 -0.003257059549 -0.001465557572 0.003571595708 57.921303034885 792785 -0.001404449785 -0.010183071741 0.010279466391 0 
1288 456 0.002071110686 0.001598255828 0.002616088906 126.782265660985 682551 0.002071110686 0.001598255828 0.002616088906 126.782265660985 682551 0.000175479641 -0.011492933285 0.011494272861 0 
1304 456 0.004023107603 0.002566160012 0.004771852051 172.584862521553 555241 0.004023107603 0.002566160012 0.004771852051 172.584862521553 555241 -0.005316674633 -0.004452863638 0.006935057587 0 
1320 456 -0.025879550675 0.001968938557 0.025954341875 27.101955863291 336395 -0.025879550675 0.001968938557 0.025954341875 27.101955863291 336395 -0.017880912609 0.0109371372 0.020960629901 0 
1336 456 -0.006482555407 0.001416660594 0.006635544578 33.757511393911 271642 -0.006482555407 0.001416660594 0.006635544578 33.757511393911 271642 -0.021909124 0.022754865412 0.031587871318 0 
1352 456 -0.009853037353 0.00041897269 0.009861941147 58.258462938592 201705.984375 -0.009853037353 0.00041897269 0.009861941147 58.258462938592 201705.984375 -0.017401308808 0.031000320999 0.035550322787 0 
1368 456 0.004181914614 -0.00002403928 0.004181983707 112.988654088813 90852.984375 0.004181914614 -0.00002403928 0.004181983707 112.988654088813 90852.984375 -0.014067024684 0.033695518673 0.036513958455 0 
1384 456 0.003499713281 0.003499713281 0.004949341987 66.109587051377 39441.9921875 0.003499713281 0.003499713281 0.004949341987 66.109587051377 39441.9921875 -0.011906271629 0.030840458432 0.033058934956 0 
1400 456 0 0 0 0 0 0 0 0 0 0 -0.00637506566 0.023886851408 0.024722927261 0 
1416 456 0 0 0 0 0 0 0 0 0 0 0.002526593225 0.0128346976 0.013081021971 0 
1432 456 0 0 0 0 0 0 0 0 0 0 0.005546970461 0.002639833882 0.006143094027 0 
1448 456 0 0 0 0 0 0 0 0 0 0 0.00268606605 -0.006697739747 0.007216278025 0 
1464 456 0 0 0 0 0 0 0 0 0 0 0.001843216421 -0.010807676286 0.010963727171 0 
1480 456 0 0 0 0 0 0 0 0 0 0 0.003018421574 -0.009689975736 0.010149211721 0 
1496 456 0 0 0 0 0 0 0 0 0 0 0.00503212244 -0.006993401288 0.008615678605 0 
1512 456 0 0 0 0 0 0 0 0 0 0 0.007884319017 -0.002717952943 0.008339649547 0 
1528 456 0 0 0 0 0 0 0 0 0 0 0.005142428529 -0.000279081237 0.005149995875 0 
1544 456 0 0 0 0 0 0 0 0 0 0 -0.003193549024 0.00032321383 0.003209863322 0 
1560 456 0 0 0 0 0 0 0 0 0 0 -0.006736696428 0.000297290823 0.006743252969 0 
1576 456 0 0 0 0 0 0 0 0 0 0 -0.005487013685 -0.000356850259 0.005498605394 0 
1592 456 0 0 0 0 0 0 0 0 0 0 -0.00424995368 -0.000691754875 0.004305883311 0 
1608 456 0 0 0 0 0 0 0 0 0 0 -0.003025516414 -0.000707423025 0.003107120356 0 
1624 456 0 0 0 0 0 0 0 0 0 0 -0.003695372993 -0.000366463795 0.00371349933 0 
1640 456 0 0 0 0 0 0 0 0 0 0 -0.006259523418 0.000331122816 0.00626827534 0 
1656 456 0 0 0 0 0 0 0 0 0 0 -0.004564883301 0.000926643282 0.004657985329 0 
1672 456 0 0 0 0 0 0 0 0 0 0 0.001388547357 0.001420097604 0.001986137198 0 
1688 456 0 0 0 0 0 0 0 0 0 0 0.006037754794 0.001216452702 0.006159077863 0 
1704 456 0 0 0 0 0 0 0 0 0 0 0.009382739009 0.000315708578 0.009388048957 0 
1720 456 0 0 0 0 0 0 0 0 0 0 0.009796097888 -0.000923984159 0.009839577255 0 
1736 456 0 0 0 0 0 0 0 0 0 0 0.007277831431 -0.002502625507 0.007696100621 0 
1752 456 0 0 0 0 0 0 0 0 0 0 0.005073029685 -0.002857112511 0.005822260909 0 
1768 456 0 0 0 0 0 0 0 0 0 0 0.00318169265 -0.001987445172 0.003751413924 0 
1784 456 0 0 0 0 0 0 0 0 0 0 0.00243237718 -0.001176100374 0.002701790302 0 
1800 456 0 0 0 0 0 0 0 0 0 0 0.002825083277 -0.000423078117 0.002856587232 0 
1816 456 0 0 0 0 0 0 0 0 0 0 0.002807164282 -0.000011577832 0.002807188158 0 
1832 456 0 0 0 0 0 0 0 0 0 0 0.002378620195 0.000058400481 0.002379337018 0 
1848 456 0 0 0 0 0 0 0 0 0 0 0.002810223988 0.001257005102 0.003078541975 0 
1864 456 0 0 0 0 0 0 0 0 0 0 0.004101975662 0.003584236034 0.005447288525 0 
1880 456 0 0 0 0 0 0 0 0 0 0 0.003560888624 0.003560888624 0.005035856987 0 
1896 456 0 0 0 0 0 0 0 0 0 0 0.001186962875 0.001186962875 0.001678618996 0 
1912 456 0 0 0 0 0 0 0 0 0 0 0 0 0 0 
1928 456 0 0 0 0 0 0 0 0 0 0 0 0 0 0 
1944 456 0 0 0 0 0 0 0 0 0 0 0 0 0 0 
1960 456 0 0 0 0 0 0 0 0 0 0 0 0 0 0 
1976 456 0 0 0 0 0 0 0 0 0 0 0 0 0 0 
1992 456 0 0 0 0 0 0 0 0 0 0 0 0 0 0 
2008 456 0 0 0 0 0 0 0 0 0 0 0 0 0 0 
2024 456 0 0 0 0 0 0 0 0 0 0 0 0 0 0 
2040 456 0 0 0 0 0 0 0 0 0 0 0 0 0 0 
2056 456 0 0 0 0 0 0 0 0 0 0 0 0 0 0 
2072 456 0 0 0 0 0 0 0 0 0 0 0 0 0 0 
2088 456 0 0 0 0 0 0 0 0 0 0 0 0 0 0 
2104 456 0 0 0 0 0 0 0 0 0 0 0 0 0 0 
2120 456 0 0 0 0 0 0 0 0 0 0 0 0 0 0 
2136 456 0 0 0 0 0 0 0 0 0 0 0 0 0 0 
2152 456 0 0 0 0 0 0 0 0 0 0 0 0 0 0 
2168 456 0 0 0 0 0 0 0 0 0 0 0 0 0 0 
2184 456 0 0 0 0 0 0 0 0 0 0 0 0 0 0 
2200 456 0 0 0 0 0 0 0 0 0 0 0 0 0 0 
2216 456 0 0 0 0 0 0 0 0 0 0 0 0 0 0 
2232 456 0 0 0 0 0 0 0 0 0 0 0 0 0 0 
2248 456 0 0 0 0 0 0 0 0 0 0 0 0 0 0 
2264 456 0 0 0 0 0 0 0 0 0 0 0 0 0 0 
2280 456 0 0 0 0 0 0 0 0 0 0 0 0 0 0 
2296 456 0 0 0 0 0 0 0 0 0 0 0 0 0 0 
2312 456 0 0 0 0 0 0 0 0 0 0 0 0 0 0 
2328 456 0 0 0 0 0 0 0 0 0 0 0 0 0 0 
2344 456 0 0 0 0 0 0 0 0 0 0 0 0 0 0 
2360 456 0 0 0 0 0 0 0 0 0 0 0 0 0 0 
2376 456 0 0 0 0 0 0 0 0 0 0 0 0 0 0 
2392 456 0 0 0 0 0 0 0 0 0 0 0 0 0 0 
2408 456 0 0 0 0 0 0 0 0 0 0 0 0 0 0 
2424 456 0 0 0 0 0 0 0 0 0 0 0 0 0 0 
2440 456 0 0 0 0 0 0 0 0 0 0 0 0 0 0 
2456 456 0 0 0 0 0 0 0 0 0 0 0 0 0 0 
2472 456 0 0 0 0 0 0 0 0 0 0 0 0 0 0 
2488 456 0 0 0 0 0 0 0 0 0 0 0 0 0 0 
2504 456 0 0 0 0 0 0 0 0 0 0 0 0 0 0 
2520 456 0 0 0 0 0 0 0 0 0 0 0 0 0 0 
2536 456 0 0 0 0 0 0 0 0 0 0 0 0 0 0 
24 472 0 0 0 0 0 0 0 0 0 0 0 0 0 0 
40 472 0 0 0 0 0 0 0 0 0 0 0 0 0 0 
56 472 0 0 0 0 0 0 0 0 0 0 0 0 0 0 
72 472 0 0 0 0 0 0 0 0 0 0 0 0 0 0 
88 472 0 0 0 0 0 0 0 0 0 0 0 0 0 0 
104 472 0 0 0 0 0 0 0 0 0 0 0 0 0 0 
120 472 0 0 0 0 0 0 0 0 0 0 0 0 0 0 
136 472 0 0 0 0 0 0 0 0 0 0 0 0 0 0 
152 472 0 0 0 0 0 0 0 0 0 0 0 0 0 0 
168 472 0 0 0 0 0 0 0 0 0 0 0 0 0 0 
184 472 0 0 0 0 0 0 0 0 0 0 0 0 0 0 
200 472 0 0 0 0 0 0 0 0 0 0 0 0 0 0 
216 472 0 0 0 0 0 0 0 0 0 0 0 0 0 0 
232 472 0 0 0 0 0 0 0 0 0 0 0 0 0 0 
248 472 0 0 0 0 0 0 0 0 0 0 0 0 0 0 
264 472 0 0 0 0 0 0 0 0 0 0 0 0 0 0 
280 472 0 0 0 0 0 0 0 0 0 0 0 0 0 0 
296 472 0 0 0 0 0 0 0 0 0 0 0 0 0 0 
312 472 0 0 0 0 0 0 0 0 0 0 0 0 0 0 
328 472 0 0 0 0 0 0 0 0 0 0 0 0 0 0 
344 472 0 0 0 0 0 0 0 0 0 0 0 0 0 0 
360 472 0 0 0 0 0 0 0 0 0 0 0 0 0 0 
376 472 0 0 0 0 0 0 0 0 0 0 0 0 0 0 
392 472 0 0 0 0 0 0 0 0 0 0 0 0 0 0 
408 472 0 0 0 0 0 0 0 0 0 0 0 0 0 0 
424 472 0 0 0 0 0 0 0 0 0 0 0 0 0 0 
440 472 0 0 0 0 0 0 0 0 0 0 0 0 0 0 
456 472 0 0 0 0 0 0 0 0 0 0 0 0 0 0 
472 472 0 0 0 0 0 0 0 0 0 0 0 0 0 0 
488 472 0 0 0 0 0 0 0 0 0 0 0 0 0 0 
504 472 0 0 0 0 0 0 0 0 0 0 0 0 0 0 
520 472 0 0 0 0 0 0 0 0 0 0 0 0 0 0 
536 472 0 0 0 0 0 0 0 0 0 0 0.000149486754 -0.000945083933 0.000956833282 0 
552 472 0 0 0 0 0 0 0 0 0 0 0.000448460262 -0.002835251798 0.002870499845 0 
568 472 0 0 0 0 0 0 0 0 0 0 0.000586373974 -0.003801529938 0.003846487269 0 
584 472 0 0 0 0 0 0 0 0 0 0 0.000563227891 -0.003843918355 0.003884962545 0 
600 472 0 0 0 0 0 0 0 0 0 0 0.000495513412 -0.00333946171 0.003376024001 0 
616 472 0 0 0 0 0 0 0 0 0 0 0.000383230539 -0.002288160003 0.00232003057 0 
632 472 0 0 0 0 0 0 0 0 0 0 0.00058970102 -0.001819141313 0.001912334283 0 
648 472 0 0 0 0 0 0 0 0 0 0 0.001114924857 -0.001932405639 0.002230974897 0 
664 472 0 0 0 0 0 0 0 0 0 0 0.002154344835 -0.0032029754 0.003860084595 0 
680 472 0.006513734887 -0.000022057938 0.006513772235 56.440746648482 63813.9921875 0.006513734887 -0.000022057938 0.006513772235 56.440746648482 63813.9921875 0.003707960954 -0.005630850596 0.00674206592 0 
696 472 -0.000398397594 -0.002646918907 0.002676733148 60.434940648848 583863.9375 -0.000398397594 -0.002646918907 0.002676733148 60.434940648848 583863.9375 0.005281553448 -0.004144931241 0.006713811273 0 
712 472 -0.00133766797 -0.001074076226 0.001715516056 151.580633281375 1421944 -0.00133766797 -0.001074076226 0.001715516056 151.580633281375 1421944 0.006875122315 0.001254782665 0.006988689891 0 
728 472 0.004276312739 0.007791754212 0.008888097904 24.75209545858 2079400.75 0.004276312739 0.007791754212 0.008888097904 24.75209545858 2079400.75 0.010084528287 0.00745910963 0.012543365866 0 
744 472 0.008345326846 0.013897386284 0.016210546742 14.876774131185 2543634 0.008345326846 0.013897386284 0.016210546742 14.876774131185 2543634 0.014909771363 0.014468049654 0.020775604513 0 
760 472 0.005618387217 0.0060643841 0.008266984301 10.671214340939 2780180 0.005618387217 0.0060643841 0.008266984301 10.671214340939 2780180 0.014711682049 0.023413789956 0.027652109301 0 
776 472 -0.007131470166 -0.000542642505 0.007152085543 109.818811855453 2732962 -16 -16 22.62741699797 150.467489113704 1764306 0.009490260346 0.034296330537 0.03558515603 0 
792 472 -0.001982697727 0.005993989033 0.006313398039 16.702805246718 2706055 0 -16 16 178.399570829965 2012264 -0.001440806297 0.051567823307 0.051587947462 0 
808 472 0.005981061232 0.009465309837 0.011196659491 45.803481403726 2258927 -16 -3 16.2788205961 87.104671547632 1963812.125 -0.018081517879 0.075228268266 0.077370754391 0 
824 472 -0.000468507966 0.015664006249 0.015671011182 72.231655682112 1680602.875 2.906584914051 6.163849794662 6.814783940357 45.272073577161 1627987.125 0.176831845107 0.062555335021 0.187570443789 0 
840 472 0.050512467531 0.391432049852 0.394677791404 81.316243848457 1730038 -6 15 16.155494421404 110.470767880777 1714516 0.583299282661 0.013549023572 0.583456621517 0 
856 472 0.485550019045 0.322981317119 0.583160142844 147.589200060764 2091288.75 -16 15 21.931712199461 44.372904404763 2056569 -0.780983222445 -0.016639021139 0.781160451358 0 
872 472 0.35460091627 0.034993468903 0.356323382176 174.77385983014 2131264.75 -17.302049329704 0.183600405258 17.303023438588 1.017764096974 2108726.75 -3.916015670211 -0.028008799112 3.916115833599 0 
888 472 0.171620426499 -0.157697518993 0.233070972642 137.049755986206 1955297.875 -15.495394594236 0.306661523274 15.498428788782 1.504917670473 1946331.75 -4.153285748677 -0.026904766822 4.153372891595 0 
904 472 -0.785282759044 -0.140322034449 0.797721307853 9.61975030701 1913293.125 -16.164962821684 13.788724078261 21.246998252291 40.975695451287 1910544.875 -1.492793457842 -0.01332692427 1.492852944762 0 
920 472 -2.416891573261 -0.149403001702 2.421504931611 0.133528636211 1866516.125 15 0 15 176.596223532197 1863971.875 -0.150219985994 -0.008934647892 0.150485454862 0 
936 472 -0.163957565628 -0.054714351183 0.172846011097 12.215080209716 1950120.875 0.135715494599 -15.025302916514 15.025915826614 84.278195629281 1948598.75 -0.125565333133 -0.013727937691 0.126313535134 0 
952 472 0.181273065497 0.497493227126 0.529489787731 161.484205180062 1997339.75 -11.670888680904 4.545645092228 12.524876522607 109.775629427123 1994117.875 -0.000344249231 -0.013106343025 0.013110863245 0 
968 472 0.214839090696 0.067503725838 0.225194555647 19.239227884598 2175754 -16 3 16.2788205961 171.17654232429 2151805.5 0.225443265712 -0.007069863896 0.225554093358 0 
984 472 0.203487980916 0.023187200684 0.204804796459 2.795462995821 2318237.75 -15.243538429149 -0.002397798105 15.243538617735 176.303732374859 2310498 0.253282354542 0.016402474653 0.253812908058 0 
1000 472 0.062881683865 -0.014936287741 0.064631252945 47.930773524298 2329084 15 0 15 34.568926811371 2318713.25 0.083173017256 0.057310672623 0.101006257212 0 
1016 472 0.075886259945 -0.035351902812 0.083716673852 123.168038112134 2384097.25 15 9 17.492855684536 67.225644791778 2359681 -0.011835295248 0.082239017479 0.083086281717 0 
1032 472 -0.016722339595 -0.025523424402 0.030513633588 127.575012758919 2002488 -16 0 16 70.806874641624 1950015.875 -0.031742582972 0.091187509223 0.096554406487 0 
1048 472 0.020946927077 -0.033178677063 0.039237716112 175.320704764516 1821381.125 -16 0 16 62.413560891801 1810041.125 -0.045468169779 0.087022746598 0.098185095043 0 
1064 472 -0.034720640325 -0.211203046589 0.214037963346 133.426395643279 2017448.875 -16 0 16 52.762009906225 2003756.125 -0.053012055667 0.069744729605 0.087604824945 0 
1080 472 0.000392817695 -0.013602360295 0.013608031134 163.120024397521 2392419.75 15 -5 15.811388300842 126.969088994253 2313418 -0.01548731917 0.046195223677 0.048722230508 0 
1096 472 0.043457842568 -0.013316343216 0.045452272521 30.748624293 3194684 0.043457842568 -0.013316343216 0.045452272521 30.748624293 3194684 0.067106039712 0.016374228815 0.069074857474 0 
1112 472 0.017716631946 -0.00923552377 0.019979337997 26.734925392375 3590819 -16 0 16 179.202292090834 3493378.25 0.086520385072 -0.001204669103 0.086528771288 0 
1128 472 -0.053196966639 -0.02305543224 0.05797818741 147.869618401122 3598308.75 -0.053196966639 -0.02305543224 0.05797818741 147.869618401122 3598308.75 0.042755716909 -0.006541470075 0.043253232933 0 
1144 472 -0.021199833291 -0.032697884766 0.038969021026 113.77518725525 4153983.5 -0.021199833291 -0.032697884766 0.038969021026 113.77518725525 4153983.5 0.018029385754 -0.002914429781 0.018263423874 0 
1160 472 -0.004344473158 -0.016782149105 0.017335367767 142.612553569955 4499755 -0.004344473158 -0.016782149105 0.017335367767 142.612553569955 4499755 0.012341391604 0.009676451781 0.01568259117 0 
1176 472 0.003395683634 -0.003342363547 0.004764668028 137.495662084973 3798726.5 0.003395683634 -0.003342363547 0.004764668028 137.495662084973 3798726.5 -0.00160168859 0.03109100494 0.031132234011 0 
1192 472 0.006402114417 0.014379584064 0.015740378232 45.209297755223 3028931.25 0.006402114417 0.014379584064 0.015740378232 45.209297755223 3028931.25 -0.023799854827 0.061329229694 0.065785313746 0 
1208 472 -0.04016212331 0.022324638723 0.045949816571 32.532057025962 2999605.75 -0.04016212331 0.022324638723 0.045949816571 32.532057025962 2999605.75 -0.032970185909 0.060977389747 0.069320092464 0 
1224 472 -0.013534533724 0.020323977091 0.024418182731 10.444966128389 3194934 -0.013534533724 0.020323977091 0.024418182731 10.444966128389 3194934 -0.029112681834 0.030035485097 0.041829159788 0 
1240 472 -0.001513296217 0.008102958814 0.008243058109 60.715322428247 3540976.75 0 -16 16 108.706071221373 2120706.75 -0.023095343401 0.007820070179 0.024383362861 0 
1256 472 -0.006818034545 -0.001262440318 0.006933927503 10.316435996132 4005572.5 0 -16 16 69.193376195911 2323251 -0.014918170611 -0.005668855009 0.015958938922 0 
1272 472 -0.002931639192 -0.007457551303 0.00801308803 13.407915496846 3952604 -0.002931639192 -0.007457551303 0.00801308803 13.407915496846 3952604 -0.00907323919 -0.01302157452 0.015870887574 0 
1288 472 0.00852164196 -0.013053742294 0.015589052876 54.469646776797 3531441.25 0.00852164196 -0.013053742294 0.015589052876 54.469646776797 3531441.25 -0.005560549138 -0.014238088352 0.015285380814 0 
1304 472 0 -0.01050153614 0.01050153614 71.427804157503 3328610 15 -16 21.931712199461 114.580193891508 1514652.875 -0.013040166822 -0.004381457383 0.013756566416 0 
1320 472 -0.058760215021 -0.005361703382 0.059004328083 32.91948380878 2737856 0 -16 16 117.70584370593 1093935 -0.031512092242 0.016548318387 0.035592959963 0 
1336 472 -0.001964611423 -0.010740771702 0.010918968577 122.161130714545 2611010 -0.001964611423 -0.010740771702 0.010918968577 122.161130714545 2611010 -0.03613837989 0.033145610748 0.049036863816 0 
1352 472 -0.002778384965 -0.019240821988 0.019440387182 141.124042352864 2776316 -0.002778384965 -0.019240821988 0.019440387182 141.124042352864 2776316 -0.026919029765 0.0454104197 0.052789585913 0 
1368 472 0.002581143677 -0.01739171815 0.017582211548 166.406947515112 2393080 0.002581143677 -0.01739171815 0.017582211548 166.406947515112 2393080 -0.020107280561 0.049680301635 0.05359510334 0 
1384 472 -0.009270723215 -0.012667769322 0.01569772877 124.936465262127 2323941 -0.009270723215 -0.012667769322 0.01569772877 124.936465262127 2323941 -0.015703132276 0.045955256552 0.048564122231 0 
1400 472 -0.02311126781 -0.009798762249 0.025102717809 102.097948871128 1986620 -0.02311126781 -0.009798762249 0.025102717809 102.097948871128 1986620 -0.00708284603 0.036856481358 0.037530879632 0 
1416 472 0.059201957204 -0.007485032257 0.059673255691 82.790549699196 1776601 0.059201957204 -0.007485032257 0.059673255691 82.790549699196 1776601 0.005753578178 0.022383976052 0.023111599809 0 
1432 472 0.025486769348 -0.002522515385 0.025611296251 51.239594978369 1891125 -16 0 16 134.412761838797 1835482 0.008562614192 0.008739958613 0.012235409203 0 
1448 472 -0.028781096945 0.004641585014 0.02915297331 117.415638001013 1892539 -0.028781096945 0.004641585014 0.02915297331 117.415638001013 1892539 0.001344262013 -0.004075570959 0.0042915404 0 
1464 472 -0.002834449329 0.014263391266 0.014542298078 162.18830119042 1791754.75 -0.002834449329 0.014263391266 0.014542298078 162.18830119042 1791754.75 -0.000958741191 -0.008321528828 0.008376576073 0 
1480 472 0.006159019139 0.011317635754 0.012884967823 128.974310570617 1527873.875 0.006159019139 0.011317635754 0.012884967823 128.974310570617 1527873.875 0.001653604581 -0.003997914993 0.004326399473 0 
1496 472 0.029794671615 -0.000292495045 0.029796107296 40.961741706995 1119677 0.029794671615 -0.000292495045 0.029796107296 40.961741706995 1119677 0.004074138473 0.003467276036 0.005349823119 0 
1512 472 0.020590086549 -0.00141792028 0.020638850792 69.814867408202 872813.9375 0.020590086549 -0.00141792028 0.020638850792 69.814867408202 872813.9375 0.006302860485 0.01407404426 0.015420919951 0 
1528 472 0.002533268763 0.001972558838 0.003210675784 42.355844398119 937274.9375 -16 0 16 99.737637099963 880101.9375 0.003722531669 0.021691900544 0.022008993417 0 
1544 472 -0.013133368286 0.001867303679 0.013265450824 73.976889749151 784888.875 -0.013133368286 0.001867303679 0.013265450824 73.976889749151 784888.875 -0.003666847977 0.026320844888 0.026575038094 0 
1560 472 0.003230396159 0.000857074272 0.003342160327 89.264615309785 590667 0.003230396159 0.000857074272 0.003342160327 89.264615309785 590667 -0.006598792122 0.026224911702 0.027042375104 0 
1576 472 -0.019974637059 0.000975594139 0.019998447678 73.86936442968 601939.875 -0.019974637059 0.000975594139 0.019998447678 73.86936442968 601939.875 -0.005073300766 0.021404100986 0.021997134352 0 
1592 472 0.00384781793 -0.002840735213 0.004782831732 150.980533090615 623495.9375 0.00384781793 -0.002840735213 0.004782831732 150.980533090615 623495.9375 -0.006997538052 0.015324116755 0.016846189276 0 
1608 472 0.005767158734 -0.003173313533 0.006582555632 175.981815633731 641250.9375 0.005767158734 -0.003173313533 0.006582555632 175.981815633731 641250.9375 -0.012371503981 0.007984959009 0.01472459443 0 
1624 472 0.005293230063 0.000393619776 0.005307845234 163.206277436801 494238.9375 0.005293230063 0.000393619776 0.005307845234 163.206277436801 494238.9375 -0.013243552825 0.002945938085 0.013567248897 0 
1640 472 -0.002283849486 0.000645390347 0.002373288262 14.545886476642 404086.96875 -0.002283849486 0.000645390347 0.002373288262 14.545886476642 404086.96875 -0.009613684585 0.000207053981 0.009615914031 0 
1656 472 -0.008817214713 -0.000553665353 0.008834580953 11.69721344049 377723.96875 -0.008817214713 -0.000553665353 0.008834580953 11.69721344049 377723.96875 -0.004186415296 -0.001144512548 0.004340044009 0 
1672 472 -0.006277481616 -0.000186897892 0.006280263231 158.245923374612 225185.96875 -0.006277481616 -0.000186897892 0.006280263231 158.245923374612 225185.96875 0.003038255043 -0.001108761505 0.003234245782 0 
1688 472 0.006838634419 0.006838634419 0.009671289543 53.496998982059 83283.9921875 0.006838634419 0.006838634419 0.009671289543 53.496998982059 83283.9921875 0.008966183827 -0.001339525038 0.009065692458 0 
1704 472 0.004126970348 0.004126970348 0.005836417437 52.693240117857 15410.998046875 0.004126970348 0.004126970348 0.005836417437 52.693240117857 15410.998046875 0.013597371056 -0.001836803148 0.01372087262 0 
1720 472 0 0 0 0 0 0 0 0 0 0 0.014702757209 -0.003021815669 0.01501007793 0 
1736 472 0 0 0 0 0 0 0 0 0 0 0.012282342284 -0.004894562601 0.013221674441 0 
1752 472 0 0 0 0 0 0 0 0 0 0 0.010004100879 -0.005354998528 0.011347160158 0 
1768 472 0 0 0 0 0 0 0 0 0 0 0.007868032996 -0.00440312345 0.009016287448 0 
1784 472 0 0 0 0 0 0 0 0 0 0 0.005855358372 -0.003328778318 0.006735427733 0 
1800 472 0 0 0 0 0 0 0 0 0 0 0.003966077008 -0.00213196313 0.004502780654 0 
1816 472 0 0 0 0 0 0 0 0 0 0 0.002004927275 -0.001075246207 0.002275057754 0 
1832 472 0 0 0 0 0 0 0 0 0 0 -0.000028090826 -0.000158627547 0.000161095603 0 
1848 472 0 0 0 0 0 0 0 0 0 0 0.000303553264 0.001564506518 0.001593682914 0 
1864 472 0 0 0 0 0 0 0 0 0 0 0.002999859545 0.00409415599 0.005075556183 0 
1880 472 0 0 0 0 0 0 0 0 0 0 0.004404348173 0.004157148703 0.006056415455 0 
1896 472 0 0 0 0 0 0 0 0 0 0 0.004517019147 0.001753484657 0.004845427784 0 
1912 472 0 0 0 0 0 0 0 0 0 0 0.003281672651 0.000951881226 0.003416936238 0 
1928 472 0 0 0 0 0 0 0 0 0 0 0.000698308687 0.001752338409 0.00188635228 0 
1944 472 0 0 0 0 0 0 0 0 0 0 -0.000661146001 0.001963668175 0.002071981355 0 
1960 472 0 0 0 0 0 0 0 0 0 0 -0.000796691413 0.001585870522 0.001774740127 0 
1976 472 0 0 0 0 0 0 0 0 0 0 -0.000322906194 0.001235233318 0.001276741853 0 
1992 472 0 0 0 0 0 0 0 0 0 0 0.000760209654 0.000911756563 0.001187105197 0 
2008 472 0 0 0 0 0 0 0 0 0 0 0.002252177074 0.00079977918 0.002389968265 0 
2024 472 0 0 0 0 0 0 0 0 0 0 0.004152996064 0.000899301168 0.004249249216 0 
2040 472 0 0 0 0 0 0 0 0 0 0 0.005339076087 0.000541079842 0.00536642347 0 
2056 472 0 0 0 0 0 0 0 0 0 0 0.005810417142 -0.000274884799 0.005816915765 0 
2072 472 0 0 0 0 0 0 0 0 0 0 0.004766524813 -0.00084833466 0.004841428559 0 
2088 472 0 0 0 0 0 0 0 0 0 0 0.002207399102 -0.001179269744 0.002502656174 0 
2104 472 0 0 0 0 0 0 0 0 0 0 0.000809202493 -0.001307178637 0.001537375902 0 
2120 472 0 0 0 0 0 0 0 0 0 0 0.000571934984 -0.00123206134 0.001358338975 0 
2136 472 0 0 0 0 0 0 0 0 0 0 0.000339975922 -0.000895877018 0.000958216708 0 
2152 472 0 0 0 0 0 0 0 0 0 0 0.000113325307 -0.000298625673 0.000319405569 0 
2168 472 0 0 0 0 0 0 0 0 0 0 0 0 0 0 
2184 472 0 0 0 0 0 0 0 0 0 0 0 0 0 0 
2200 472 0 0 0 0 0 0 0 0 0 0 0 0 0 0 
2216 472 0 0 0 0 0 0 0 0 0 0 0 0 0 0 
2232 472 0 0 0 0 0 0 0 0 0 0 0 0 0 0 
2248 472 0 0 0 0 0 0 0 0 0 0 0 0 0 0 
2264 472 0 0 0 0 0 0 0 0 0 0 0 0 0 0 
2280 472 0 0 0 0 0 0 0 0 0 0 0 0 0 0 
2296 472 0 0 0 0 0 0 0 0 0 0 0 0 0 0 
2312 472 0 0 0 0 0 0 0 0 0 0 0 0 0 0 
2328 472 0 0 0 0 0 0 0 0 0 0 0 0 0 0 
2344 472 0 0 0 0 0 0 0 0 0 0 0 0 0 0 
2360 472 0 0 0 0 0 0 0 0 0 0 0 0 0 0 
2376 472 0 0 0 0 0 0 0 0 0 0 0 0 0 0 
2392 472 0 0 0 0 0 0 0 0 0 0 0 0 0 0 
2408 472 0 0 0 0 0 0 0 0 0 0 0 0 0 0 
2424 472 0 0 0 0 0 0 0 0 0 0 0 0 0 0 
2440 472 0 0 0 0 0 0 0 0 0 0 0 0 0 0 
2456 472 0 0 0 0 0 0 0 0 0 0 0 0 0 0 
2472 472 0 0 0 0 0 0 0 0 0 0 0 0 0 0 
2488 472 0 0 0 0 0 0 0 0 0 0 0 0 0 0 
2504 472 0 0 0 0 0 0 0 0 0 0 0 0 0 0 
2520 472 0 0 0 0 0 0 0 0 0 0 0 0 0 0 
2536 472 0 0 0 0 0 0 0 0 0 0 0 0 0 0 
24 488 0 0 0 0 0 0 0 0 0 0 0 0 0 0 
40 488 0 0 0 0 0 0 0 0 0 0 0 0 0 0 
56 488 0 0 0 0 0 0 0 0 0 0 0 0 0 0 
72 488 0 0 0 0 0 0 0 0 0 0 0 0 0 0 
88 488 0 0 0 0 0 0 0 0 0 0 0 0 0 0 
104 488 0 0 0 0 0 0 0 0 0 0 0 0 0 0 
120 488 0 0 0 0 0 0 0 0 0 0 0 0 0 0 
136 488 0 0 0 0 0 0 0 0 0 0 0 0 0 0 
152 488 0 0 0 0 0 0 0 0 0 0 0 0 0 0 
168 488 0 0 0 0 0 0 0 0 0 0 0 0 0 0 
184 488 0 0 0 0 0 0 0 0 0 0 0 0 0 0 
200 488 0 0 0 0 0 0 0 0 0 0 0 0 0 0 
216 488 0 0 0 0 0 0 0 0 0 0 0 0 0 0 
232 488 0 0 0 0 0 0 0 0 0 0 0 0 0 0 
248 488 0 0 0 0 0 0 0 0 0 0 0 0 0 0 
264 488 0 0 0 0 0 0 0 0 0 0 0 0 0 0 
280 488 0 0 0 0 0 0 0 0 0 0 0 0 0 0 
296 488 0 0 0 0 0 0 0 0 0 0 0 0 0 0 
312 488 0 0 0 0 0 0 0 0 0 0 0 0 0 0 
328 488 0 0 0 0 0 0 0 0 0 0 0 0 0 0 
344 488 0 0 0 0 0 0 0 0 0 0 0 0 0 0 
360 488 0 0 0 0 0 0 0 0 0 0 0 0 0 0 
376 488 0 0 0 0 0 0 0 0 0 0 0 0 0 0 
392 488 0 0 0 0 0 0 0 0 0 0 0 0 0 0 
408 488 0 0 0 0 0 0 0 0 0 0 0 0 0 0 
424 488 0 0 0 0 0 0 0 0 0 0 0 0 0 0 
440 488 0 0 0 0 0 0 0 0 0 0 0 0 0 0 
456 488 0 0 0 0 0 0 0 0 0 0 0 0 0 0 
472 488 0 0 0 0 0 0 0 0 0 0 0 0 0 0 
488 488 0 0 0 0 0 0 0 0 0 0 0 0 0 0 
504 488 0 0 0 0 0 0 0 0 0 0 0 0 0 0 
520 488 0 0 0 0 0 0 0 0 0 0 0 0 0 0 
536 488 0 0 0 0 0 0 0 0 0 0 0.000448460262 -0.002835251798 0.002870499845 0 
552 488 0 0 0 0 0 0 0 0 0 0 0.001345380787 -0.008505755393 0.008611499536 0 
568 488 0 0 0 0 0 0 0 0 0 0 0.001759121923 -0.011404589815 0.011539461807 0 
584 488 0 0 0 0 0 0 0 0 0 0 0.001689683673 -0.011531755065 0.011654887636 0 
600 488 0 0 0 0 0 0 0 0 0 0 0.001486540237 -0.01001838513 0.010128072003 0 
616 488 0 0 0 0 0 0 0 0 0 0 0.001149691616 -0.00686448001 0.006960091711 0 
632 488 -0.000144975761 -0.002612056333 0.002616076501 11.503310263257 287194.96875 -0.000144975761 -0.002612056333 0.002616076501 11.503310263257 287194.96875 0.000719909566 -0.004918867887 0.004971270569 0 
648 488 -0.001937719128 -0.001585096811 0.002503455077 53.416042226364 1014563.875 -0.001937719128 -0.001585096811 0.002503455077 53.416042226364 1014563.875 0.000197194085 -0.004181548761 0.004186195833 0 
664 488 0.002838346103 -0.000882237704 0.002972297422 37.570107551782 1995482 0.002838346103 -0.000882237704 0.002972297422 37.570107551782 1995482 0.0048499677 -0.006884656047 0.008421441419 0 
680 488 -0.002140804764 -0.002400386832 0.003216349169 90.136631263546 2965983 -0.002140804764 -0.002400386832 0.003216349169 90.136631263546 2965983 0.014678230409 -0.013028189743 0.019626109546 0 
696 488 -0.010739142121 -0.005583724445 0.012104013886 120.5362369113 3429854.25 -0.010739142121 -0.005583724445 0.012104013886 120.5362369113 3429854.25 0.018631764664 -0.01163879047 0.021968252049 0 
712 488 -0.013667117056 -0.004091605384 0.014266440454 154.10037242536 3205064 -16 -16 22.62741699797 125.766804923924 2039380.25 0.016710570464 -0.002716458228 0.016929923524 0 
728 488 0.007012394368 0.00626831884 0.009405609807 15.953140823917 3156544 -16 -4 16.492422502471 168.19612950737 2528604.5 0.019672779926 0.009527191213 0.021858308315 0 
744 488 0.017358895116 0.018881207762 0.025648221112 5.045802191941 3604230 -16 -4 16.492422502471 151.676676053425 3249889.25 0.027518393049 0.025092157853 0.037240815535 0 
760 488 0.066727361076 0.073167671651 0.099025496166 15.451861408945 4140809 -16 -15 21.931712199461 160.064678768446 4078575.75 0.025360022492 0.049960773762 0.056028650311 0 
776 488 0.161089072619 0.104514033685 0.19202310422 48.109486649591 3507122 0.161089072619 0.104514033685 0.19202310422 48.109486649591 3507122 0.013197668254 0.084133038939 0.085161885187 0 
792 488 0.066739491666 0.765592164884 0.768495623072 11.874028093425 2562880 15 15 21.213203435596 51.891938328613 2540370 -0.018511361137 0.153150318921 0.154265001464 0 
808 488 0.453661158549 1.326766447542 1.402183173876 34.064280259305 2321997.25 -16 -16 22.62741699797 119.812813319153 2285816 -0.069767065682 0.257012613707 0.266313587822 0 
824 488 -4.711792953016 0.385680631363 4.727551415003 147.610512576883 2112575 -7 -16 17.464249196573 141.339390223877 2062374 0.50915097319 0.267423746796 0.575108836526 0 
840 488 1.468080932111 1.88848753504 2.391996403264 46.014117800286 2335077.25 1 -16 16.031219541881 92.548606854566 2245990.5 1.718242755478 0.184383718187 1.728107497317 0 
856 488 -1.212390807645 1.668621353454 2.06256846957 50.934174826732 2941857.25 -18 3 18.248287590895 6.397989980919 2893939 -2.38794706142 0.1278357349 2.39136637579 0 
872 488 1.210831418041 0.494246754082 1.307819779952 157.320923158634 3145316.25 -27 2 27.073972741362 3.762007200909 3141291 -11.809418477502 0.097779796933 11.809823269866 0 
888 488 -18.535437182302 0.33683660997 18.538497523825 0.603600423247 2966454.75 3 0 3 179.562503205884 2951610.75 -12.515290192911 0.095565603608 12.515655052668 0 
904 488 -3.741819048843 5.61851993289 6.750479688923 54.796396139215 2469320.75 -4.052603015848 -12.272072441614 12.9239062677 73.266044265397 2469308.75 -4.505562207647 0.121193154924 4.507191873859 0 
920 488 -7.777716522408 9.215525739819 12.058971306219 34.37552569261 2048030 -12 -16 20 68.590890574658 2035355 -0.45594707824 0.126109342128 0.473065856227 0 
936 488 -0.792799566931 9.610202787714 9.642848581945 68.530186638789 2069804.75 -2 -16 16.124515496597 99.628825453745 2055287.875 -0.366444804691 0.110314165219 0.382689181887 0 
952 488 -0.134820735865 6.491475317422 6.492875204986 2.995312677658 2266404 -13 -16 20.615528128088 136.721029754515 2251923 -0.007771957252 0.106211776463 0.106495750051 0 
968 488 0.164120114557 0.28476615247 0.328674875211 49.643935345089 3116466 0.164120114557 0.28476615247 0.328674875211 49.643935345089 3116466 0.620071464079 0.113802175859 0.630428073451 0 
984 488 0.310384323919 0.172030851507 0.354870458625 15.197263237931 3799172.5 -15.398050315378 0.139479566092 15.398682023611 165.680817498109 3793359.75 0.691161976949 0.16976817821 0.711706479324 0 
1000 488 -0.012059812382 0.163765120142 0.164208567528 41.07053618396 3264281.25 15 15 21.213203435596 8.141174758769 3152198.75 0.205499581358 0.274109783513 0.342587582022 0 
1016 488 -0.191743686272 2.478816510001 2.486221416423 5.881282083726 2575040 -9 -16 18.357559750686 140.337776707257 2533917 -0.059270882454 0.32600203222 0.33134628792 0 
1032 488 0.336335721094 2.175516508282 2.201361804677 26.374328539105 2312656 -16 -13 20.615528128088 111.507903711709 2281320 -0.103149414487 0.325444924329 0.341400352198 0 
1048 488 0.1627282809 0.77654030581 0.793407423681 37.834628023609 2168585.5 -8 -16 17.888543819998 127.435704677793 2143735.75 -0.14286775012 0.292932104848 0.325914731295 0 
1064 488 -0.075788959977 0.028364263386 0.080922789694 31.492287313645 2065460 -7 -16 17.464249196573 118.381434117576 2054566 -0.178425889352 0.228463573777 0.289881704379 0 
1080 488 -0.041510999887 -0.04007842173 0.057701325808 103.980376731055 2227968 -8.235236162393 13.121536801958 15.491734657407 2.099176515817 2201612.75 -0.087730499812 0.151869775106 0.175388338233 0 
1096 488 0.172701493239 0.164068614586 0.238210654798 17.486225469232 2948176.25 -16 1 16.031219541881 150.378308866348 2836590.25 0.129218418498 0.063150708837 0.143824238937 0 
1112 488 0.179054134755 0.031108702147 0.181736442472 7.465519705894 3486243.75 -16 0 16 177.609387332618 3435431.25 0.195927563083 0.008179641015 0.196098231769 0 
1128 488 0.058569715678 -0.078836207072 0.098211807539 46.770820962806 3516270.75 -16 15 21.931712199461 143.467056282684 3411967.75 0.112396933942 -0.013043428359 0.113151234121 0 
1144 488 0.026027548073 -0.065705891911 0.070673173768 59.380388053655 3886991.5 0 15 15 99.010004883868 3724995.75 0.053385097478 -0.008464924906 0.054052045164 0 
1160 488 0.065992535058 -0.021206252218 0.069316086276 67.051327308761 4146033.75 -10 15 18.02775637732 74.453195502761 3924042 0.01889205369 0.021915151374 0.028934124358 0 
1176 488 0.031449534271 0.018252908838 0.036362644113 70.90867407555 3661086 0 15 15 11.039007268618 3334689 -0.01473956434 0.075553827395 0.076978150088 0 
1192 488 -0.043314074007 0.165009783396 0.170599934418 2.601106131088 3313754 -0.043314074007 0.165009783396 0.170599934418 2.601106131088 3313754 -0.047509756611 0.152451103155 0.159682547031 0 
1208 488 -0.069686932302 0.303320322207 0.311222567301 7.089482015321 3690600.25 -0.069686932302 0.303320322207 0.311222567301 7.089482015321 3690600.25 -0.054348211388 0.149089875285 0.158686858289 0 
1224 488 -0.058620069854 0.169835694389 0.179667681229 9.259459457637 4003600 -0.058620069854 0.169835694389 0.179667681229 9.259459457637 4003600 -0.03525492867 0.065470143786 0.074358924972 0 
1240 488 -0.042164463747 0.023980178743 0.048506607546 0.057055513622 4178614 -0.042164463747 0.023980178743 0.048506607546 0.057055513622 4178614 -0.025940460648 0.014787314305 0.029859205665 0 
1256 488 -0.027158451279 -0.04023955419 0.048546917485 49.590599979355 4410030.5 -0.027158451279 -0.04023955419 0.048546917485 49.590599979355 4410030.5 -0.02640480732 -0.00295861316 0.026570044062 0 
1272 488 -0.047421825032 -0.160371201791 0.167235617777 46.625939217124 4485202.5 -0.047421825032 -0.160371201791 0.167235617777 46.625939217124 4485202.5 -0.023474518146 -0.011909865583 0.026322953869 0 
1288 488 -0.01117310684 -0.337662328243 0.337847134412 52.974602930215 4254633 -0.01117310684 -0.337662328243 0.337847134412 52.974602930215 4254633 -0.017149593125 -0.012066442964 0.020969205759 0 
1304 488 -0.02012651379 -0.273229504148 0.273969776608 82.872158651162 4345625.5 -0.02012651379 -0.273229504148 0.273969776608 82.872158651162 4345625.5 -0.024942701444 -0.001270069116 0.024975016134 0 
1320 488 -0.02860820885 0.093947177913 0.098206424695 49.454220983288 4369925 -0.02860820885 0.093947177913 0.098206424695 49.454220983288 4369925 -0.046853843103 0.020479255961 0.05113396658 0 
1336 488 0.075621212695 0.565198465307 0.570234927898 59.834746981378 4672356 0.075621212695 0.565198465307 0.570234927898 59.834746981378 4672356 -0.049990809002 0.038757191145 0.063255046045 0 
1352 488 -0.041829284785 0.734305904914 0.735496329738 29.414163746828 4934631 -0.041829284785 0.734305904914 0.735496329738 29.414163746828 4934631 -0.034353599142 0.053563736435 0.063633667464 0 
1368 488 0.205461335768 0.925513989119 0.948045623665 33.59268333626 4608966.5 0.205461335768 0.925513989119 0.948045623665 33.59268333626 4608966.5 -0.022809775858 0.059186188444 0.063429415709 0 
1384 488 -0.007374530933 1.687300459563 1.687316575082 15.185754574661 4701646.5 15 2 15.132745950422 97.841527073368 4680268.5 -0.01535933915 0.055624547171 0.057706148261 0 
1400 488 -0.024879080545 0.199378699167 0.200924947008 1.93368805511 4430238 -8 -16 17.888543819998 148.255860403952 4049867.5 -0.004248362997 0.046871173653 0.04706331382 0 
1416 488 0.074877989457 0.126891350879 0.147336785064 12.820804713926 4162233.25 0.074877989457 0.126891350879 0.147336785064 12.820804713926 4162233.25 0.0105231526 0.032926067889 0.034566785897 0 
1432 488 0.021554498752 0.092540826541 0.095017898279 16.488467474716 4469071 -16 0 16 119.599963332076 4403963 0.010895921345 0.01918031882 0.022059141688 0 
1448 488 -0.072114079757 0.020131242677 0.074871272401 45.347121283693 4722729.5 -0.072114079757 0.020131242677 0.074871272401 45.347121283693 4722729.5 -0.003130056762 0.005633926447 0.006445027737 0 
1464 488 -0.022222648796 -0.02922809475 0.036716857739 79.08375266556 4571920 -0.022222648796 -0.02922809475 0.036716857739 79.08375266556 4571920 -0.007791467362 0.003855883612 0.008693376909 0 
1480 488 -0.000723416539 -0.032569400536 0.032577433643 166.153910087282 4239171 -0.000723416539 -0.032569400536 0.032577433643 166.153910087282 4239171 -0.003088310456 0.013846190316 0.01418642477 0 
1496 488 0.024941763519 -0.007348886793 0.026001878866 108.775801809418 3700224.5 0.024941763519 -0.007348886793 0.026001878866 108.775801809418 3700224.5 -0.001196577754 0.029050898211 0.029075530695 0 
1512 488 0.007695646785 0.014364567029 0.016296127312 30.629206346115 3488964.75 0.007695646785 0.014364567029 0.016296127312 30.629206346115 3488964.75 -0.002116269255 0.049470007295 0.049515252371 0 
1528 488 -0.003286620013 0.012468058924 0.012893966203 12.55264317166 3987965 -0.003286620013 0.012468058924 0.012893966203 12.55264317166 3987965 -0.002545547738 0.065819918264 0.065869123674 0 
1544 488 -0.007107509445 -0.00256381831 0.007555782874 108.013382207708 3950854 -0.007107509445 -0.00256381831 0.007555782874 108.013382207708 3950854 -0.002484413202 0.078100631117 0.078140136229 0 
1560 488 0.011705510802 0.000532352854 0.011717609939 88.743448625299 3440456 0.011705510802 0.000532352854 0.011717609939 88.743448625299 3440456 -0.001831852558 0.077881959578 0.077903499995 0 
1576 488 -0.005709153025 0.010862229716 0.012271204614 27.209400611126 3258975 -0.005709153025 0.010862229716 0.012271204614 27.209400611126 3258975 -0.000587865806 0.065163903648 0.065166555263 0 
1592 488 -0.015172525513 0.007464177703 0.016909153711 52.384463389619 3349735.5 -0.015172525513 0.007464177703 0.016909153711 52.384463389619 3349735.5 -0.009659404344 0.047817029931 0.04878291139 0 
1608 488 0.004272858539 0.003738031892 0.005677165007 97.161484620418 3108266 0 -16 16 131.658053698514 1480141 -0.02904646817 0.025841338428 0.038877655343 0 
1624 488 0.006906210956 0.002105828093 0.007220128927 144.856069356164 2706599 0.006906210956 0.002105828093 0.007220128927 144.856069356164 2706599 -0.029876330492 0.00981505104 0.031447263006 0 
1640 488 -0.01235805677 0.004687373688 0.013217149436 22.006219728153 2733187 -0.01235805677 0.004687373688 0.013217149436 22.006219728153 2733187 -0.012148991307 -0.000261832232 0.012151812453 0 
1656 488 -0.034720116336 0.004652122445 0.03503039711 93.889133429119 2655972 -0.034720116336 0.004652122445 0.03503039711 93.889133429119 2655972 -0.000386223752 -0.005904586399 0.005917204519 0 
1672 488 -0.008326922971 0.001984378302 0.008560105339 140.669178701249 2226064.75 -0.008326922971 0.001984378302 0.008560105339 140.669178701249 2226064.75 0.005411972175 -0.007113211458 0.008937965097 0 
1688 488 0.018743306928 -0.001234656203 0.018783927453 30.155313143926 2161341 0.018743306928 -0.001234656203 0.018783927453 30.155313143926 2161341 0.01079787203 -0.007262448987 0.013012962986 0 
1704 488 0.010800050526 -0.003449784808 0.011337641139 4.223485692424 1969481 0.010800050526 -0.003449784808 0.011337641139 4.223485692424 1969481 0.015771475812 -0.006352298984 0.01700268072 0 
1720 488 0.001708364983 0.001576316482 0.002324496626 62.853448014892 1397351 0.001708364983 0.001576316482 0.002324496626 62.853448014892 1397351 0.017985343925 -0.006601489251 0.019158607894 0 
1736 488 0.009691176984 0.002582344557 0.010029327731 39.590050913831 1188524 0.009691176984 0.002582344557 0.010029327731 39.590050913831 1188524 0.017439476368 -0.008010019786 0.01919103314 0 
1752 488 0.030083917289 -0.003658913702 0.030305605569 20.194800953261 1256601 0.030083917289 -0.003658913702 0.030305605569 20.194800953261 1256601 0.016484223478 -0.008446028889 0.018522014676 0 
1768 488 -0.006435414216 -0.005809189391 0.008669558092 110.312283746946 1394076 -0.006435414216 -0.005809189391 0.008669558092 110.312283746946 1394076 0.015119585255 -0.007909516559 0.01706347885 0 
1784 488 -0.014204200601 -0.002443781426 0.014412889452 138.511531131605 1295436 -0.014204200601 -0.002443781426 0.014412889452 138.511531131605 1295436 0.011079735968 -0.006850067289 0.013026280014 0 
1800 488 0.000570746313 -0.001834562978 0.001921294531 22.363029858542 1195425 0.000570746313 -0.001834562978 0.001921294531 22.363029858542 1195425 0.004364675617 -0.00526768108 0.006840969026 0 
1816 488 -0.005255908401 -0.002228144829 0.005708695341 42.303946671892 1279165.75 -0.005255908401 -0.002228144829 0.005708695341 42.303946671892 1279165.75 -0.001470989594 -0.003194864403 0.003517238823 0 
1832 488 -0.014137609172 0.000550977986 0.014148341594 7.84435872104 1240682 -0.014137609172 0.000550977986 0.014148341594 7.84435872104 1240682 -0.006427259665 -0.000631617257 0.006458220123 0 
1848 488 -0.024240198788 0.00188331786 0.024313249957 7.075139558432 1002287.875 -0.024240198788 0.00188331786 0.024313249957 7.075139558432 1002287.875 -0.006583270843 0.001341505948 0.006718563329 0 
1864 488 -0.006101896241 0.00266553511 0.006658694704 30.963148755788 786462 -0.006101896241 0.00266553511 0.006658694704 30.963148755788 786462 -0.001939023129 0.002724505214 0.00334406031 0 
1880 488 0 -0.001414679358 0.001414679358 128.677377647181 830203.875 0 -0.001414679358 0.001414679358 128.677377647181 830203.875 0.003717341521 0.002975743111 0.004761688255 0 
1896 488 0.001341036308 -0.001097676085 0.001732994855 50.706968269552 749700.875 0.001341036308 -0.001097676085 0.001732994855 50.706968269552 749700.875 0.010385823107 0.002095219639 0.01059505861 0 
1912 488 0.005759865955 0.003335503505 0.006655947675 13.899554367139 546923.9375 0.005759865955 0.003335503505 0.006655947675 13.899554367139 546923.9375 0.009845017953 0.002855643678 0.010250808715 0 
1928 488 0.010746937236 0.000522069664 0.010759610434 65.491512118369 506994.9375 0.010746937236 0.000522069664 0.010759610434 65.491512118369 506994.9375 0.002094926061 0.005257015228 0.005659056839 0 
1944 488 -0.001965515565 0.00062805727 0.002063421278 53.671506917084 319357 -0.001965515565 0.00062805727 0.002063421278 53.671506917084 319357 -0.001983438003 0.005891004524 0.006215944064 0 
1960 488 0.004715326763 0.002498504243 0.00533636861 88.755794892028 134517 0.004715326763 0.002498504243 0.00533636861 88.755794892028 134517 -0.002390074238 0.004757611565 0.005324220381 0 
1976 488 0.011065902598 0.002209209506 0.011284272548 93.359867860956 74744.9921875 -16 0 16 75.349970901121 32735.99609375 -0.000968718583 0.003705699954 0.00383022556 0 
1992 488 -0.005014562361 -0.005014562361 0.0070916621 174.820866554795 22474.998046875 -0.005014562361 -0.005014562361 0.0070916621 174.820866554795 22474.998046875 0.002280628962 0.00273526969 0.003561315591 0 
2008 488 0 0 0 0 0 0 0 0 0 0 0.006756531221 0.002399337539 0.007169904795 0 
2024 488 0 0 0 0 0 0 0 0 0 0 0.012458988193 0.002697903503 0.012747747649 0 
2040 488 0 0 0 0 0 0 0 0 0 0 0.016017228261 0.001623239525 0.01609927041 0 
2056 488 0 0 0 0 0 0 0 0 0 0 0.017431251425 -0.000824654396 0.017450747294 0 
2072 488 0 0 0 0 0 0 0 0 0 0 0.01429957444 -0.002545003981 0.014524285677 0 
2088 488 0 0 0 0 0 0 0 0 0 0 0.006622197307 -0.003537809232 0.007507968523 0 
2104 488 0 0 0 0 0 0 0 0 0 0 0.002427607478 -0.003921535911 0.004612127705 0 
2120 488 0 0 0 0 0 0 0 0 0 0 0.001715804951 -0.003696184019 0.004075016924 0 
2136 488 0 0 0 0 0 0 0 0 0 0 0.001019927766 -0.002687631054 0.002874650123 0 
2152 488 0 0 0 0 0 0 0 0 0 0 0.000339975922 -0.000895877018 0.000958216708 0 
2168 488 0 0 0 0 0 0 0 0 0 0 0 0 0 0 
2184 488 0 0 0 0 0 0 0 0 0 0 0 0 0 0 
2200 488 0 0 0 0 0 0 0 0 0 0 0 0 0 0 
2216 488 0 0 0 0 0 0 0 0 0 0 0 0 0 0 
2232 488 0 0 0 0 0 0 0 0 0 0 0 0 0 0 
2248 488 0 0 0 0 0 0 0 0 0 0 0 0 0 0 
2264 488 0 0 0 0 0 0 0 0 0 0 0 0 0 0 
2280 488 0 0 0 0 0 0 0 0 0 0 0 0 0 0 
2296 488 0 0 0 0 0 0 0 0 0 0 0 0 0 0 
2312 488 0 0 0 0 0 0 0 0 0 0 0 0 0 0 
2328 488 0 0 0 0 0 0 0 0 0 0 0 0 0 0 
2344 488 0 0 0 0 0 0 0 0 0 0 0 0 0 0 
2360 488 0 0 0 0 0 0 0 0 0 0 0 0 0 0 
2376 488 0 0 0 0 0 0 0 0 0 0 0 0 0 0 
2392 488 0 0 0 0 0 0 0 0 0 0 0 0 0 0 
2408 488 0 0 0 0 0 0 0 0 0 0 0 0 0 0 
2424 488 0 0 0 0 0 0 0 0 0 0 0 0 0 0 
2440 488 0 0 0 0 0 0 0 0 0 0 0 0 0 0 
2456 488 0 0 0 0 0 0 0 0 0 0 0 0 0 0 
2472 488 0 0 0 0 0 0 0 0 0 0 0 0 0 0 
2488 488 0 0 0 0 0 0 0 0 0 0 0 0 0 0 
2504 488 0 0 0 0 0 0 0 0 0 0 0 0 0 0 
2520 488 0 0 0 0 0 0 0 0 0 0 0 0 0 0 
2536 488 0 0 0 0 0 0 0 0 0 0 0 0 0 0 
24 504 0 0 0 0 0 0 0 0 0 0 0 0 0 0 
40 504 0 0 0 0 0 0 0 0 0 0 0 0 0 0 
56 504 0 0 0 0 0 0 0 0 0 0 0 0 0 0 
72 504 0 0 0 0 0 0 0 0 0 0 0 0 0 0 
88 504 0 0 0 0 0 0 0 0 0 0 0 0 0 0 
104 504 0 0 0 0 0 0 0 0 0 0 0 0 0 0 
120 504 0 0 0 0 0 0 0 0 0 0 0 0 0 0 
136 504 0 0 0 0 0 0 0 0 0 0 0 0 0 0 
152 504 0 0 0 0 0 0 0 0 0 0 0 0 0 0 
168 504 0 0 0 0 0 0 0 0 0 0 0 0 0 0 
184 504 0 0 0 0 0 0 0 0 0 0 0 0 0 0 
200 504 0 0 0 0 0 0 0 0 0 0 0 0 0 0 
216 504 0 0 0 0 0 0 0 0 0 0 0 0 0 0 
232 504 0 0 0 0 0 0 0 0 0 0 0 0 0 0 
248 504 0 0 0 0 0 0 0 0 0 0 0 0 0 0 
264 504 0 0 0 0 0 0 0 0 0 0 0 0 0 0 
280 504 0 0 0 0 0 0 0 0 0 0 0 0 0 0 
296 504 0 0 0 0 0 0 0 0 0 0 0 0 0 0 
312 504 0 0 0 0 0 0 0 0 0 0 0 0 0 0 
328 504 0 0 0 0 0 0 0 0 0 0 0 0 0 0 
344 504 0 0 0 0 0 0 0 0 0 0 0 0 0 0 
360 504 0 0 0 0 0 0 0 0 0 0 0 0 0 0 
376 504 0 0 0 0 0 0 0 0 0 0 0 0 0 0 
392 504 0 0 0 0 0 0 0 0 0 0 0 0 0 0 
408 504 0 0 0 0 0 0 0 0 0 0 0 0 0 0 
424 504 0 0 0 0 0 0 0 0 0 0 0 0 0 0 
440 504 0 0 0 0 0 0 0 0 0 0 0 0 0 0 
456 504 0 0 0 0 0 0 0 0 0 0 0 0 0 0 
472 504 0 0 0 0 0 0 0 0 0 0 0 0 0 0 
488 504 0 0 0 0 0 0 0 0 0 0 0 0 0 0 
504 504 0 0 0 0 0 0 0 0 0 0 0.000217095996 0.000968050564 0.000992095039 0 
520 504 0 0 0 0 0 0 0 0 0 0 0.000651287988 0.002904151693 0.002976285117 0 
536 504 0 0 0 0 0 0 0 0 0 0 0.001746536061 0.001239382269 0.002141601415 0 
552 504 0 0 0 0 0 0 0 0 0 0 0.003502840216 -0.004026257707 0.005336725654 0 
568 504 0 0 0 0 0 0 0 0 0 0 0.003754282521 -0.006913193885 0.007866821908 0 
584 504 -0.005574412627 -0.008321416949 0.010015990024 52.440356851079 359296.9375 -0.005574412627 -0.008321416949 0.010015990024 52.440356851079 359296.9375 0.002500862977 -0.007421426263 0.007831467513 0 
600 504 -0.0029047614 -0.004893165424 0.005690404789 38.352158534569 1300473 -0.0029047614 -0.004893165424 0.005690404789 38.352158534569 1300473 0.000693300137 -0.005156735793 0.005203132625 0 
616 504 -0.000179941401 -0.002072294855 0.002080092516 80.953413807745 2448869 -0.000179941401 -0.002072294855 0.002080092516 80.953413807745 2448869 -0.001668406 -0.000119122474 0.001672653205 0 
632 504 0 -0.004177804092 0.004177804092 148.167269265689 3526426.75 0 -0.004177804092 0.004177804092 148.167269265689 3526426.75 -0.003380520379 0.00544527308 0.006409283653 0 
648 504 -0.001317646708 -0.003758388834 0.003982672404 139.616702632616 4148417 -0.001317646708 -0.003758388834 0.003982672404 139.616702632616 4148417 -0.004443043001 0.011536450868 0.012362456461 0 
664 504 0.000176612994 -0.008979528813 0.008981265493 172.433576795394 4252700.5 0.000176612994 -0.008979528813 0.008981265493 172.433576795394 4252700.5 0.019650095111 0.17409679718 0.175202228942 0 
680 504 -0.015924702506 -0.015367746052 0.022130607055 141.934126698115 4198141 -16 -4 16.492422502471 111.990037422959 3556425.75 0.068898893957 0.493126312015 0.497916275281 0 
696 504 -0.030113038932 0.014255645581 0.033316940806 75.282233975114 4200725 -0.030113038932 0.014255645581 0.033316940806 75.282233975114 4200725 0.148914386777 0.794542330109 0.808376774112 0 
712 504 0.06169898825 0.890668584416 0.892803053543 9.577928232709 3892006 -11 16 19.416487838948 48.04915215815 3689927.25 0.259696573572 1.078344851461 1.109175337355 0 
728 504 0.246783987949 0.848891657262 0.88403584909 1.541924079919 3042829 4 16 16.492422502471 0.631676231894 2875517.25 0.367526191295 1.404129042064 1.451431661518 0 
744 504 0.45721798387 0.954780765028 1.058609745866 10.660129777721 3020940 0 16 16 14.928335816162 2978156.75 0.472403239945 1.771894901919 1.833787437124 0 
760 504 0.14357427202 6.573820294952 6.575387961323 10.318615742526 4306101 0 -15 15 168.430225589428 4271628.5 0.408859313728 1.997155554582 2.038577015377 0 
776 504 0.789255127036 4.342730173642 4.41386780688 5.439352118116 4545945 -1 -14 14.035668847618 179.224364822255 4447474 0.176894412643 2.079911000056 2.087419795197 0 
792 504 0.073153425634 2.259214387981 2.260398432698 1.124539603166 4319871 1 -14 14.035668847618 175.184331843306 4036487 0.025846253701 2.028351918201 2.02851658433 0 
808 504 -2.533319563798 1.220830901525 2.812140839723 62.893262454079 4111120 -2.533319563798 1.220830901525 2.812140839723 62.893262454079 4111120 -0.044285163099 1.842478309017 1.843010443505 0 
824 504 -6.622110819092 1.0983683667 6.712582570763 130.802700081671 4101272 1 16 16.031219541881 46.643923667813 3849127.75 1.642950113612 1.367870579699 2.137838861706 0 
840 504 5.368784259092 0.006236435968 5.368787881246 6.709845940893 4791543.5 5 15 15.811388300842 64.788649889164 4472461 5.087552083835 0.604528730245 5.123342775125 0 
856 504 -13.084463809088 0.05712925731 13.084588527094 147.455110610658 5267866 15 0 15 32.294726709502 5264020 0.974683885685 0.616044025109 1.153047665054 0 
872 504 -1.813486987438 8.175956400438 8.374664059858 70.023827957972 5338190.5 -1 -15 15.033296378373 93.655944879372 5247880.5 -10.695654480836 1.40241646429 10.787205231789 0 
888 504 -11.67440538972 8.569176340605 14.481799762457 28.427640842275 5332670.5 -5 -15 15.811388300842 79.4165985796 5139582 -12.524924885707 1.72718247611 12.64345295789 0 
904 504 -1.058831054936 9.370145746663 9.429780194501 64.141388383674 4887369.5 -3 -15 15.297058540778 98.101576453411 4546909 -4.513127328929 1.590342060569 4.785133870305 0 
920 504 0.324081420452 8.709008586824 8.715036393066 22.416106755515 4240996 0 -15 15 159.71501226237 3867549.25 -0.474949260062 1.284989305183 1.369954128454 0 
936 504 -1.159959191523 0.377228611935 1.219756841203 45.147769488196 3379543 -10 -16 18.867962264113 121.157353162211 3202144.25 -0.410390679107 0.811124209952 0.909034099178 0 
952 504 0.223691119874 0.289340622573 0.365726281502 12.693738517341 3798409 0 -16 16 154.985895398062 3578270 0.225107512252 0.482434517381 0.532368721501 0 
968 504 1.046620456849 0.329125747008 1.097150007081 5.662116409392 5864180 1 -16 16.031219541881 98.218098241755 5508717 1.431545314016 0.298920227471 1.462421036662 0 
984 504 0.703241438079 0.393689376507 0.805940348541 19.625396183279 6693525.5 8 -16 17.888543819998 73.050574059326 6432891.5 1.51073103213 0.255944827725 1.532258465886 0 
1000 504 -0.008169408803 0.369156502415 0.369246885587 53.885375021512 5296541.5 -0.008169408803 0.369156502415 0.369246885587 53.885375021512 5296541.5 0.462664666594 0.353508318142 0.582260014693 0 
1016 504 -0.110966987426 0.252867952636 0.276144660946 11.051717838635 3886404 4 15 15.52417469626 27.57318600862 3633060 -0.089755987295 0.400174652371 0.410116921933 0 
1032 504 0.440768747978 0.152635130081 0.466448895517 91.207898725428 3443476.25 3 15 15.297058540778 31.618442480131 3294565 -0.146530929539 0.395943830413 0.422188145444 0 
1048 504 0.263563653615 0.182907417778 0.32081290963 95.274039432993 2675842 0 -16 16 139.966157373926 2634696 -0.310678508039 0.369808402765 0.482990051775 0 
1064 504 0.366124448514 2.930830584031 2.953610506498 68.192142142367 1983282.125 15 1 15.033296378373 147.257466133263 1976460 -0.582198722795 0.32176836943 0.665199395963 0 
1080 504 -0.088759660551 2.882915392161 2.884281441832 34.953258943736 2044480 0 -16 16 143.283266490261 2031990.875 -0.472065470098 0.632938546663 0.789592940641 0 
1096 504 0.243676033887 10.433933781765 10.436778821636 0.47094469016 3088038 0 -15 15 179.133091572796 3083978 0.019721250052 1.303318934464 1.303468132574 0 
1112 504 1.357909554419 7.987234930824 8.101841778149 1.638491693437 3390574 -16 -2 16.124515496597 105.135125049061 3328648.25 0.229767195227 1.632788260361 1.648875515973 0 
1128 504 0.324892269556 1.491748063753 1.526717810379 6.718323347832 2567685 15 1 15.033296378373 80.617500362398 2533328.25 0.158072365428 1.621346524353 1.629033893061 0 
1144 504 0.042909895515 1.339742533561 1.340429526445 1.304441388586 2749776.25 2 -15 15.132745950422 169.266446539177 2712782.75 0.08618850462 1.571658955182 1.574020434979 0 
1160 504 0.108345311583 1.247226120322 1.251923201221 4.419690589281 2828904 15 1 15.033296378373 85.640850884043 2787713.75 0.014115612802 1.483725552849 1.483792696673 0 
1176 504 -0.089664947773 1.405571174425 1.408428247812 1.629534885661 2222214.75 -2 -15 15.132745950422 170.384794499808 2206320.5 -0.048820429181 1.3837955401 1.38465646682 0 
1192 504 -0.915807784465 3.610485998427 3.724823894216 9.620154173723 2278176.75 -1 -15 15.033296378373 171.573058241496 2250089 -0.10261962133 1.271868916935 1.276002087987 0 
1208 504 -0.048171216091 2.880689685771 2.881092419859 4.570808185769 2462018 -16 -13 20.615528128088 123.565033537615 2437533.75 -0.112801913131 1.165347127435 1.170793832844 0 
1224 504 -0.306287835246 1.030210517346 1.074777162053 12.292469620943 2445681.25 -2 -15 15.132745950422 168.140293309654 2432342 -0.079367304583 1.0642301716 1.067185563611 0 
1240 504 -0.203689412612 -0.045139191899 0.208631070207 131.77541252157 2493108.5 0 -16 16 150.719851527527 2476908.5 0.438201903113 0.781500939985 0.895971331622 0 
1256 504 0.345620379143 -0.035326877272 0.347421120165 18.25794962843 2474485 -2.914739359182 -11.193158806815 11.56643893368 117.017723929364 2452955 1.439905709957 0.317159432591 1.474421432036 0 
1272 504 -0.777470881118 -0.089249063141 0.782576747839 175.383709411769 2565400 5.692534528883 11.414635982655 12.755346486045 61.562082241348 2546936.25 2.337139744918 0.078848368161 2.338469425166 0 
1288 504 -0.357269389864 -0.071373669784 0.364328996475 169.920836730769 2711500 7 15 16.552945357247 63.764706213066 2684659.75 3.129904007997 0.066567746697 3.130611819465 0 
1304 504 1.804985269251 -0.023755319814 1.805141583764 8.018004923215 2925025.25 10 15 18.02775637732 49.04595087343 2839399.5 2.56435098274 0.326862561758 2.585098662906 0 
1320 504 0.026895073509 0.007568606332 0.027939734803 37.597499777558 3239640 -10 15 18.02775637732 70.37530920524 3047466.75 0.640480669149 0.859732813344 1.072080219896 0 
1336 504 -0.164457365161 1.060524570208 1.073200162584 2.487736975126 3484773 5 16 16.76305461424 28.656507185189 3223402.5 -0.236209848173 1.181848307624 1.205222184747 0 
1352 504 -0.119545562762 1.122441564622 1.128789709188 3.170110764943 3503421.75 -16 16 22.62741699797 42.090745219765 3266839.75 -0.065720569225 1.293209044598 1.294877919438 0 
1368 504 0.245930728498 1.175573150254 1.201022129196 13.122046209503 3308071 0.245930728498 1.175573150254 1.201022129196 13.122046209503 3308071 -0.030164875959 1.32300190031 1.323345740147 0 
1384 504 0.017868584739 1.254362631346 1.254489895232 6.634700571882 3286594 0.017868584739 1.254362631346 1.254489895232 6.634700571882 3286594 -0.129542768373 1.27122687476 1.277810273847 0 
1400 504 -0.04287419447 1.159986337407 1.160778402419 6.056477592363 3287789 6 -15 16.155494421404 166.37181087056 2893225.5 -0.17715405182 1.2334474184 1.246104366429 0 
1416 504 0.046679908285 1.09042530891 1.091424009334 10.590177945777 3242507 -12 -15 19.209372712299 133.201286439069 2881300.75 -0.172998726299 1.209663531229 1.221971529163 0 
1432 504 0.022954839846 1.04705082379 1.047302416817 8.761512603964 3427423 14 -15 20.518284528683 144.480533566732 2990892 -0.148600660257 1.127882283281 1.137629377771 0 
1448 504 -0.070275202651 0.027422956471 0.075436215767 62.677080480427 4035591.25 0 -16 16 173.993922322685 3613685.25 -0.103959853696 0.988103674556 0.993557508578 0 
1464 504 -0.267855964134 -0.377358091542 0.462759059095 139.240668409234 4259592 -0.267855964134 -0.377358091542 0.462759059095 139.240668409234 4259592 -0.084023701539 0.890292081655 0.894248272617 0 
1480 504 1.770800177178 -0.144717445536 1.776703803828 100.745971134268 4147783 1.770800177178 -0.144717445536 1.776703803828 100.745971134268 4147783 -0.088792203787 0.834447504577 0.839158324363 0 
1496 504 -0.189951081641 0.370937407383 0.4167444944 19.099992859821 4052525.5 -0.189951081641 0.370937407383 0.4167444944 19.099992859821 4052525.5 -0.110136207391 0.782049107152 0.789766288326 0 
1512 504 -0.094635500622 0.594624144295 0.602107756931 2.37494673294 4084939 -0.094635500622 0.594624144295 0.602107756931 2.37494673294 4084939 -0.148055712351 0.733096889381 0.747898083418 0 
1528 504 0.001586108593 0.353373174504 0.353376734095 10.034935020499 4510940.5 0.001586108593 0.353373174504 0.353376734095 10.034935020499 4510940.5 -0.12732591873 0.73884777688 0.749738572424 0 
1544 504 0.192372446095 0.325439391632 0.378044912203 34.020839574974 4521812.5 0.192372446095 0.325439391632 0.378044912203 34.020839574974 4521812.5 -0.047946826528 0.799301769649 0.800738544806 0 
1560 504 0.123141439817 0.895774674951 0.904199138732 5.348533900618 4079204 2 -16 16.124515496597 170.396172268679 3609010.75 0.037664001967 0.870030617784 0.870845481659 0 
1576 504 0.176828356685 1.688464285907 1.697698416242 1.775883483924 4050258.5 15 -16 21.931712199461 129.093086739386 3755577.75 0.129506566756 0.951034321286 0.959811560202 0 
1592 504 0.10461175961 1.369916266432 1.373904726422 3.034237444387 4171254 0.10461175961 1.369916266432 1.373904726422 3.034237444387 4171254 0.134129569238 1.032588756716 1.041263790708 0 
1608 504 0.086606007699 1.110883529341 1.114254376851 1.810905130563 3815486 0.086606007699 1.110883529341 1.114254376851 1.810905130563 3815486 0.051533009415 1.114693924072 1.115884490179 0 
1624 504 0.143714317372 0.928897238351 0.939948873308 8.53138167951 3504429.25 0.143714317372 0.928897238351 0.939948873308 8.53138167951 3504429.25 0.005610838717 1.220467328425 1.220480225675 0 
1640 504 -0.155671607879 0.855804314638 0.869847500688 10.155069586651 3491252.75 -0.155671607879 0.855804314638 0.869847500688 10.155069586651 3491252.75 -0.003636942854 1.349908969775 1.349913869117 0 
1656 504 -0.178890959109 0.905680173185 0.923178504598 10.633389612612 3388115 15 1 15.033296378373 86.725836272166 3371695.25 -0.013308380247 1.412253686521 1.412316390925 0 
1672 504 0.007782650285 0.836509096436 0.83654529947 1.485656440186 3124367.75 0.007782650285 0.836509096436 0.83654529947 1.485656440186 3124367.75 -0.023403473461 1.40750147866 1.407696037858 0 
1688 504 0.15876054049 0.847490043229 0.862232151215 11.666588672468 3202676.75 0.15876054049 0.847490043229 0.862232151215 11.666588672468 3202676.75 -0.025304049423 1.372349149547 1.372582413985 0 
1704 504 -0.007068239636 0.299840898267 0.299924197565 0.51697162773 3062025.75 -0.007068239636 0.299840898267 0.299924197565 0.51697162773 3062025.75 -0.019010108131 1.306796699181 1.306934962881 0 
1720 504 -0.587720729485 -0.079244328129 0.593039053864 48.704539139375 2575918.5 6 16 17.088007490635 69.530573649467 2476511 -1.447491590267 1.259415447724 1.918686835797 0 
1736 504 -0.319391409151 0.093898326314 0.33290804725 0.455146662077 2360661.75 -1.305862109077 4.112410548967 4.314764926526 56.455447109682 2283156 -4.310748495831 1.230205395176 4.482851537652 0 
1752 504 -0.307167351404 0.162192373638 0.347358817126 13.353708087867 2425028.75 -20 1 20.024984394501 11.619109296584 2372090 -4.270360020399 1.10292041013 4.410488423622 0 
1768 504 -0.463394487209 -0.030194331973 0.464377161862 37.218584191188 2615610 -0.463394487209 -0.030194331973 0.464377161862 37.218584191188 2615610 -1.326326163969 0.877560492585 1.590362698058 0 
1784 504 -0.013671155796 -0.008000629386 0.015840156924 131.387264739541 2560504.75 -0.013671155796 -0.008000629386 0.015840156924 131.387264739541 2560504.75 0.137021117892 0.701626420864 0.714880704176 0 
1800 504 0.00233292525 -0.004412917623 0.004991631213 140.381012307661 2468394.75 0.00233292525 -0.004412917623 0.004991631213 140.381012307661 2468394.75 0.119681825186 0.575118194969 0.587439084046 0 
1816 504 -0.005055952852 -0.005452978892 0.007436238164 148.246471007076 2634792.25 -0.005055952852 -0.005452978892 0.007436238164 148.246471007076 2634792.25 0.078673475863 0.401637514935 0.409270337561 0 
1832 504 -0.012608357485 -0.000842272679 0.012636459225 98.239028914903 2719467 -0.012608357485 -0.000842272679 0.012636459225 98.239028914903 2719467 0.013996069923 0.181184380762 0.181724158562 0 
1848 504 -0.02706123002 0.004027641187 0.027359314022 66.146203253022 2522067 -0.02706123002 0.004027641187 0.027359314022 66.146203253022 2522067 -0.014400980308 0.052323953068 0.054269552224 0 
1864 504 0.011514166548 0 0.011514166548 113.407248238782 2380244 0.011514166548 0 0.011514166548 113.407248238782 2380244 -0.006517674832 0.015056231856 0.016406407373 0 
1880 504 -0.000518982263 -0.005204192151 0.005230005596 31.207767872386 2582122 -0.000518982263 -0.005204192151 0.005230005596 31.207767872386 2582122 0.002747912349 -0.005757797349 0.006379910076 0 
1896 504 0.008877567783 -0.00150349494 0.009003982829 27.452230855792 2457330.25 0.008877567783 -0.00150349494 0.009003982829 27.452230855792 2457330.25 0.013395781232 -0.010118134544 0.016787602613 0 
1912 504 0.011027362044 0.001508945624 0.011130122666 49.343793542362 2122400.75 0.011027362044 0.001508945624 0.011130122666 49.343793542362 2122400.75 0.013382931007 -0.011861900478 0.017883163179 0 
1928 504 0.012585571342 0.00067573901 0.012603699029 79.223297512068 2017037 0.012585571342 0.00067573901 0.012603699029 79.223297512068 2017037 0.002709361672 -0.010989095149 0.011318164731 0 
1944 504 -0.018741191721 0.003831056871 0.019128754896 89.232244280386 1576671 -0.018741191721 0.003831056871 0.019128754896 89.232244280386 1576671 -0.002738678611 -0.01253870065 0.012834304598 0 
1960 504 -0.021651608 0.001414534022 0.02169776568 83.570040665952 1394270 -0.021651608 0.001414534022 0.02169776568 83.570040665952 1394270 -0.002961189843 -0.01651071698 0.016774159307 0 
1976 504 0.005876047251 -0.002889355676 0.006548000268 65.178832336141 1451006 0.005876047251 -0.002889355676 0.006548000268 65.178832336141 1451006 -0.000413449464 -0.017376844425 0.017381762357 0 
1992 504 -0.002130817615 -0.003551565488 0.004141738901 48.915074676974 1195496 -0.002130817615 -0.003551565488 0.004141738901 48.915074676974 1195496 0.004904542525 -0.015137082985 0.015911813809 0 
2008 504 -0.001883097964 -0.001985192491 0.002736246913 92.500362668862 1038187.9375 -0.001883097964 -0.001985192491 0.002736246913 92.500362668862 1038187.9375 0.012810576475 -0.011131275908 0.016971039242 0 
2024 504 0.010933479969 0.006991612293 0.012977812863 45.548874217222 1078283 0.010933479969 0.006991612293 0.012977812863 45.548874217222 1078283 0.023304652387 -0.005359423192 0.023912972208 0 
2040 504 0.012719439381 0.010115198929 0.016251196495 44.33398937474 1119833 -16 0 16 174.159664502648 1047207 0.02748177022 -0.002811044253 0.027625163605 0 
2056 504 0.019002769982 0.000640380125 0.019013557103 9.762776927709 1082206 0.019002769982 0.000640380125 0.019013557103 9.762776927709 1082206 0.025341929974 -0.003486139092 0.025580589919 0 
2072 504 -0.000854183635 -0.002523005403 0.002663679024 98.279041143016 1157498.875 -0.000854183635 -0.002523005403 0.002663679024 98.279041143016 1157498.875 0.019134534219 -0.003520440519 0.019455690716 0 
2088 504 0.001791072967 -0.004395664757 0.004746557808 49.62467721703 1251177.875 0.001791072967 -0.004395664757 0.004746557808 49.62467721703 1251177.875 0.008859582955 -0.002913948535 0.009326484128 0 
2104 504 0.009472174143 -0.006009079762 0.01121744724 6.950219915345 689359 0.009472174143 -0.006009079762 0.01121744724 6.950219915345 689359 0.002912316745 -0.002387183313 0.003765665013 0 
2120 504 -0.000284592028 -0.003346191306 0.00335827171 38.537150858854 64611.99609375 -0.000284592028 -0.003346191306 0.00335827171 38.537150858854 64611.99609375 0.001292735589 -0.001940144853 0.002331378853 0 
2136 504 0 0 0 0 0 0 0 0 0 0 0.000380418941 -0.001087396849 0.001152020173 0 
2152 504 0 0 0 0 0 0 0 0 0 0 0.000175366799 0.000171060698 0.000244980156 0 
2168 504 0 0 0 0 0 0 0 0 0 0 0.000196725218 0.000685204314 0.000712885519 0 
2184 504 0 0 0 0 0 0 0 0 0 0 0.000444494198 0.000455033999 0.000636106148 0 
2200 504 0 0 0 0 0 0 0 0 0 0 0.000426284016 0.000254961631 0.000496712689 0 
2216 504 0 0 0 0 0 0 0 0 0 0 0.000142094672 0.00008498721 0.000165570896 0 
2232 504 0 0 0 0 0 0 0 0 0 0 0 0 0 0 
2248 504 0 0 0 0 0 0 0 0 0 0 0 0 0 0 
2264 504 0 0 0 0 0 0 0 0 0 0 0 0 0 0 
2280 504 0 0 0 0 0 0 0 0 0 0 0 0 0 0 
2296 504 0 0 0 0 0 0 0 0 0 0 0 0 0 0 
2312 504 0 0 0 0 0 0 0 0 0 0 0 0 0 0 
2328 504 0 0 0 0 0 0 0 0 0 0 0 0 0 0 
2344 504 0 0 0 0 0 0 0 0 0 0 0 0 0 0 
2360 504 0 0 0 0 0 0 0 0 0 0 0 0 0 0 
2376 504 0 0 0 0 0 0 0 0 0 0 0 0 0 0 
2392 504 0 0 0 0 0 0 0 0 0 0 0 0 0 0 
2408 504 0 0 0 0 0 0 0 0 0 0 0 0 0 0 
2424 504 0 0 0 0 0 0 0 0 0 0 0 0 0 0 
2440 504 0 0 0 0 0 0 0 0 0 0 0 0 0 0 
2456 504 0 0 0 0 0 0 0 0 0 0 0 0 0 0 
2472 504 0 0 0 0 0 0 0 0 0 0 0 0 0 0 
2488 504 0 0 0 0 0 0 0 0 0 0 0 0 0 0 
2504 504 0 0 0 0 0 0 0 0 0 0 0 0 0 0 
2520 504 0 0 0 0 0 0 0 0 0 0 0 0 0 0 
2536 504 0 0 0 0 0 0 0 0 0 0 0 0 0 0 
24 520 0 0 0 0 0 0 0 0 0 0 0 0 0 0 
40 520 0 0 0 0 0 0 0 0 0 0 0 0 0 0 
56 520 0 0 0 0 0 0 0 0 0 0 0 0 0 0 
72 520 0 0 0 0 0 0 0 0 0 0 0 0 0 0 
88 520 0 0 0 0 0 0 0 0 0 0 0 0 0 0 
104 520 0 0 0 0 0 0 0 0 0 0 0 0 0 0 
120 520 0 0 0 0 0 0 0 0 0 0 0 0 0 0 
136 520 0 0 0 0 0 0 0 0 0 0 0 0 0 0 
152 520 0 0 0 0 0 0 0 0 0 0 0 0 0 0 
168 520 0 0 0 0 0 0 0 0 0 0 0 0 0 0 
184 520 0 0 0 0 0 0 0 0 0 0 0 0 0 0 
200 520 0 0 0 0 0 0 0 0 0 0 0 0 0 0 
216 520 0 0 0 0 0 0 0 0 0 0 0 0 0 0 
232 520 0 0 0 0 0 0 0 0 0 0 0 0 0 0 
248 520 0 0 0 0 0 0 0 0 0 0 0 0 0 0 
264 520 0 0 0 0 0 0 0 0 0 0 0 0 0 0 
280 520 0 0 0 0 0 0 0 0 0 0 0 0 0 0 
296 520 0 0 0 0 0 0 0 0 0 0 0 0 0 0 
312 520 0 0 0 0 0 0 0 0 0 0 0 0 0 0 
328 520 0 0 0 0 0 0 0 0 0 0 0 0 0 0 
344 520 0 0 0 0 0 0 0 0 0 0 0 0 0 0 
360 520 0 0 0 0 0 0 0 0 0 0 0 0 0 0 
376 520 0 0 0 0 0 0 0 0 0 0 0 0 0 0 
392 520 0 0 0 0 0 0 0 0 0 0 0 0 0 0 
408 520 0 0 0 0 0 0 0 0 0 0 0 0 0 0 
424 520 0 0 0 0 0 0 0 0 0 0 0 0 0 0 
440 520 0 0 0 0 0 0 0 0 0 0 0 0 0 0 
456 520 0 0 0 0 0 0 0 0 0 0 0 0 0 0 
472 520 0 0 0 0 0 0 0 0 0 0 0 0 0 0 
488 520 0 0 0 0 0 0 0 0 0 0 0 0 0 0 
504 520 0 0 0 0 0 0 0 0 0 0 0.000651287988 0.002904151693 0.002976285117 0 
520 520 0 0 0 0 0 0 0 0 0 0 0.001953863963 0.008712455079 0.008928855352 0 
536 520 0 0 0 0 0 0 0 0 0 0 0.00404371415 0.011278818268 0.01198179309 0 
552 520 -0.000572705009 0 0.000572705009 123.132874856392 15353.9970703125 -0.000572705009 0 0.000572705009 123.132874856392 15353.9970703125 0.006920838549 0.010603241258 0.012662019247 0 
568 520 0.007864966137 -0.001437927329 0.007995331596 66.167572644366 554969 0.007864966137 -0.001437927329 0.007995331596 66.167572644366 554969 0.006571855767 0.009672657853 0.011693998382 0 
584 520 0.001055116907 -0.012871229561 0.012914403668 155.865647671157 1780277.875 15 13 19.849433241279 29.637598020217 637861 0.002996765805 0.008487068052 0.009000607169 0 
600 520 -0.000659625474 -0.023080503835 0.02308992774 168.851284568063 3019596.25 -0.000659625474 -0.023080503835 0.02308992774 168.851284568063 3019596.25 -0.001884206888 0.011245486303 0.011402245296 0 
616 520 -0.005516007133 -0.02386945674 0.024498516277 142.77475534884 4046645 -16 -4 16.492422502471 79.823096599971 3584659 -0.00807106231 0.017947912606 0.019679166997 0 
632 520 -0.019698209693 -0.022951130155 0.030245228392 117.556328946952 4751409.5 -0.019698209693 -0.022951130155 0.030245228392 117.556328946952 4751409.5 -0.011711588815 0.029273281588 0.031529134582 0 
648 520 -0.007991497075 -0.039032610376 0.039842297854 152.61824075023 4356551 -0.007991497075 -0.039032610376 0.039842297854 152.61824075023 4356551 -0.012805786401 0.04522159325 0.04699979427 0 
664 520 -0.013955661378 -0.037376091688 0.039896525092 164.454912200662 3144118 -0.013955661378 -0.037376091688 0.039896525092 164.454912200662 3144118 0.046554727069 0.53974138428 0.541745424085 0 
680 520 -0.239357604934 0.971009138539 1.000075402241 20.123304126548 2302970 -16 -15 21.931712199461 139.428130018241 2187666 0.166369951597 1.512832654679 1.521953219339 0 
696 520 0.215638893574 2.471426253705 2.480815966557 4.330893863246 2939828.75 -16 -14 21.260291625469 140.503408181856 2686718 0.396129419787 2.414398430496 2.446679034611 0 
712 520 0.447805953759 3.458439158553 3.487310078791 5.400685274661 5179834.5 -16 18 24.083189157585 54.411954290924 4676342 0.735833131639 3.244438711733 3.326835275725 0 
728 520 1.343154403337 4.377018227192 4.578466152804 2.948215172081 6100844 5 -12 13 143.268924556062 5686009.5 1.053644762393 4.191264662185 4.321674068437 0 
744 520 2.567965748332 5.452116472767 6.026609504292 10.817105885822 6249226.5 1 -11 11.045361017187 160.402078921734 5686318.5 1.349564312051 5.254876281851 5.425407686978 0 
760 520 1.059431797941 6.214424178895 6.304083090325 1.561995110843 7687451.5 1 -11 11.045361017187 163.56883228846 7217277.5 1.165209555758 5.864998132418 5.979625105481 0 
776 520 0.304788670226 6.425979744199 6.433203852386 2.036550763064 8795001 0 -10 10 175.247905867842 8279483 0.500580493514 6.021630213887 6.042401117377 0 
792 520 0.772674284801 5.403324270209 5.458290824005 6.809879119812 9241124 2 -11 11.180339887499 168.366920331525 8800772 0.131632038218 5.677172621146 5.678698439235 0 
808 520 -0.966659068174 4.38768323819 4.49290484573 13.116543400484 9161240 3 -12 12.369316876853 165.271679048153 8701992 0.058364189869 4.831625354196 4.831977849904 0 
824 520 -3.233375123003 3.470966448285 4.743661325514 89.738783836183 8666210 15 -13 19.849433241279 84.14597640493 8241738.5 3.578229266374 3.363895833729 4.911162781146 0 
840 520 24.053594070366 1.42519386333 24.095778992389 3.404561036634 8914039 2 -15 15.132745950422 89.200772137911 8703682 10.691227267731 1.273984059745 10.766864718885 0 
856 520 17.462209686558 1.28669709968 17.50955043865 4.629078801084 8829964 -5 -15 15.811388300842 117.278232139425 8720061 9.306909618869 1.447985849488 9.418876242638 0 
872 520 0.157300648763 6.700052308589 6.701898569207 9.757956102482 8696535 -16 3 16.2788205961 70.967304677528 8688654 -0.574723680212 3.885901202958 3.928172026242 0 
888 520 -3.866954266009 7.582949242686 8.512018239675 13.64732295342 8838081 -20 -12 23.323807579381 80.29694980003 8556659 -4.182189827064 4.867945850684 6.417757283879 0 
904 520 -0.514147560005 8.625030195419 8.640341057235 15.617384263468 8437382 -0.514147560005 8.625030195419 8.640341057235 15.617384263468 8437382 -1.515488821687 4.394119792665 4.648117373835 0 
920 520 -0.029476913663 6.942383734628 6.942446312884 3.176597602374 8210804 11 -13 17.029386365926 143.183512016343 7953876.5 -0.20722653146 3.467705241273 3.473891546334 0 
936 520 0.450901615745 2.249846265434 2.294585035507 18.358232076718 7300797 3 -14 14.317821063276 174.93071353616 6868036 -0.257402956381 2.088702196508 2.104503064301 0 
952 520 0.337730470074 1.283118180109 1.326821063499 17.298416645849 7246764 0 -15 15 147.955189497974 6939775 0.69829415928 1.115561879731 1.316090057858 0 
968 520 2.066667021294 0.281975564023 2.085814659938 3.877928591026 8820362 12 -16 20 64.777479176942 8781290 2.659864815523 0.54828429094 2.715786534423 0 
984 520 2.395387686066 11.917019662629 12.155379048226 72.845999695635 8831941 3 -16 16.2788205961 85.169022678197 8823262 2.711989520085 0.2749324232 2.725889761964 0 
1000 520 -0.026497615354 -0.052636244909 0.0589296012 135.794252954086 7603929.5 0 -16 16 109.073109313336 7504166.5 0.854668272965 0.295506276511 0.904312897326 0 
1016 520 -0.30630192369 0.129101198137 0.33239733425 48.422427302793 6958170.5 4 -16 16.492422502471 175.313289711314 6669101.5 -0.103290609773 0.304756877935 0.321785184115 0 
1032 520 -0.143244337581 0.225271797661 0.266957530462 4.311615088797 6741243 1 -16 16.031219541881 155.436755142072 6258360 -0.161887128129 0.302684227472 0.343256731638 0 
1048 520 0.305777297035 0.215257659965 0.373946006204 114.797454405506 5367012.5 0 -16 16 120.058197474643 4797986.5 -0.548900443537 0.317651640349 0.634187875579 0 
1064 520 -0.883842541753 0.122202814315 0.892250618626 7.587157389572 3745967.75 -17 0 17 15.459140885434 3657681.25 -1.264330555996 0.349659116564 1.311790094726 0 
1080 520 -1.386829796461 0.982723023926 1.69971804312 16.562654383388 2800441 14 1 14.035668847618 124.029918146485 2737895.75 -1.168492230026 1.489401538347 1.893063927621 0 
1096 520 2.463648529578 10.626673305948 10.908517297444 17.053831553674 3035720 -2.437173133264 -8.225747979403 8.579204083256 159.495004746397 3015322 -0.261385465628 3.736878905695 3.746009385663 0 
1112 520 1.037797104188 9.506968780777 9.56344489335 4.019834457476 2972437.5 0 -12 12 177.789995734423 2940593 0.188039281503 4.872621188933 4.87624815019 0 
1128 520 0.391896424517 7.389987917353 7.400371897828 0.932896324491 2190681.25 -13.62914086221 8.907778196247 16.281952985913 58.93473863112 2174314 0.179782011367 4.896628388061 4.899927667055 0 
1144 520 0.362531206368 6.332585341585 6.342954042404 1.868561802319 2057698.125 15 -12 19.209372712299 127.251847226411 2011062 0.116439607179 4.737457210484 4.738887950067 0 
1160 520 0.419709806392 6.22239135651 6.236530326644 3.884757961 1962071.875 0.419709806392 6.22239135651 6.236530326644 3.884757961 1962071.875 -0.00198793106 4.395107656205 4.395108105781 0 
1176 520 -0.479304318818 4.911071001582 4.93440482861 4.070496923879 1743632 -0.479304318818 4.911071001582 4.93440482861 4.070496923879 1743632 -0.103844283114 3.955816143055 3.957178918471 0 
1192 520 -0.752295855826 3.08161046269 3.172108462593 10.553280044459 1931107 -0.752295855826 3.08161046269 3.172108462593 10.553280044459 1931107 -0.189129448985 3.419582671034 3.424808840288 0 
1208 520 0.003738574011 2.989850988321 2.989853325717 3.904330611911 2101066 15 18 23.43074902772 43.638257865928 2085573.875 -0.208331291137 3.109749146195 3.116719698518 0 
1224 520 -0.377506858601 2.730394242377 2.756367926655 4.818104598239 2115661.75 13 18 22.203603311175 38.891409795286 2108729.25 -0.161449809572 3.026315568537 3.030619072299 0 
1240 520 0.780020329504 1.729483069372 1.897246268064 6.404975386145 2151817 16 2 16.124515496597 52.193987585094 2149946.25 1.36933174788 2.30796094722 2.683608236991 0 
1256 520 0.370525227066 0.421172741839 0.560959376747 36.375186091847 2227014 16.472365509646 0.314810445605 16.475373473765 11.190353764354 2223093.25 4.384013381219 0.954685282243 4.486757996019 0 
1272 520 -1.505310363735 1.112375307519 1.87172062978 141.437563390278 2337120 19.710337470614 -3.622437146976 20.040445456359 12.513059427019 2336424.75 7.072769550001 0.259253126713 7.077519430644 0 
1288 520 -1.88398894135 2.878092829472 3.439888467114 121.862844750417 2397973.75 24 2 24.083189157585 3.41787637418 2396751.25 9.435600254227 0.22166448063 9.438203605536 0 
1304 520 0.504252454266 3.795850079784 3.829196830385 75.230395288343 2351815 15.104425223727 4.130637391252 15.659049351642 8.092265574748 2349841 7.754840885731 0.980016435237 7.816520285673 0 
1320 520 -1.097206462794 2.445044286026 2.67994469768 62.869768661937 2241155.5 17 -14 22.022715545545 90.770709959835 2216460 2.030491444512 2.534308990534 3.247401663752 0 
1336 520 -0.232637191415 3.152619527287 3.16119122273 5.527173612079 2295580.25 12 -13 17.691806012954 147.038088234728 2276550.25 -0.594795497403 3.462418960184 3.513136310987 0 
1352 520 0.242284347286 3.127077380423 3.136449369604 6.271763689252 2246929 15 -13 19.849433241279 132.755750558061 2228041.25 -0.121019940014 3.764346344188 3.766291176327 0 
1368 520 0.776393714012 3.255529619728 3.346828394777 14.042646110615 1977416 -16 18 24.083189157585 41.004501677425 1966736 -0.042172580862 3.841127437232 3.841358941265 0 
1384 520 0.129861155319 3.866117245199 3.868297619533 7.465026814183 1914671.875 -16 0 16 84.458789582655 1911721 -0.358253419947 3.692762239318 3.710099522794 0 
1400 520 -0.218231622013 3.328031853679 3.335179314512 4.56566021408 2096103.125 15 -13 19.849433241279 139.231772934051 2058481.875 -0.525799912499 3.596585215598 3.634816468688 0 
1416 520 -0.573687734294 3.35404156502 3.402750716165 0.987428874649 2196414.75 -0.573687734294 3.35404156502 3.402750716165 0.987428874649 2196414.75 -0.544812058519 3.552596366073 3.594128700999 0 
1432 520 0.001418065662 4.895077024282 4.895077229684 8.037574885999 2059165.125 -16 5 16.76305461424 64.624998618038 2047034.125 -0.469927130616 3.334845851997 3.367792803109 0 
1448 520 0.186729613212 2.636191482623 2.642796526694 9.893520169248 2308114 15 17 22.671568097509 47.265515295366 2267791 -0.30114512879 2.94333367337 2.958699292154 0 
1464 520 0.138333203713 2.096822008344 2.101380167872 8.725674484056 2659354 0.138333203713 2.096822008344 2.101380167872 8.725674484056 2659354 -0.229655443722 2.650987065301 2.660916015816 0 
1480 520 0.272233371137 3.466238563568 3.476912536709 10.424579776566 2842525 10 -14 17.204650534085 150.396192419472 2773622 -0.25545807541 2.457806027789 2.471046195142 0 
1496 520 -0.100861054279 5.641373344816 5.642274910697 7.09431279917 3058056 11 -14 17.804493814765 149.961357563024 3000083.75 -0.322744750437 2.262461902861 2.28536606167 0 
1512 520 -0.077573313634 5.536109678482 5.536653139864 11.000505724158 2824856.25 0 -14 14 168.196704433105 2738162 -0.431515468802 2.064954690518 2.109560018987 0 
1528 520 -0.039159345801 5.990779542486 5.990907525662 9.918604565221 2639024 5 -14 14.866068747319 170.639294920969 2550159 -0.370618581308 2.040775476393 2.074155895263 0 
1544 520 0.023071010272 6.41478264019 6.414824127939 3.865367727993 2804893.25 -15 -14 20.518284528683 129.365763827548 2718227.25 -0.140054087956 2.189924260484 2.194398189529 0 
1560 520 -0.163239072353 5.73198175573 5.734305698405 4.297517315215 2929399 13 -14 19.104973174543 134.454844325963 2796363 0.111888771453 2.40267088632 2.405274721346 0 
1576 520 2.305634471209 5.38926581873 5.861751988933 14.979839088105 3185223 2 -14 14.142135623731 163.687540121249 3061713 0.385209996919 2.679015353902 2.706567938953 0 
1592 520 0.102362002365 5.352564596829 5.353543288585 7.037072448937 3279257.25 15 -14 20.518284528683 124.892407342417 3197280 0.424369382694 2.969639297108 2.99980781516 0 
1608 520 0.356739806785 2.896412288512 2.918298722679 3.014768677271 3217781 -16 3 16.2788205961 83.387110979068 3207083 0.229366928775 3.27454271594 3.282565945496 0 
1624 520 0.026476439553 2.274925181307 2.275079247498 0.802242190806 3121771 15 2 15.132745950422 80.93631459681 3098036.5 0.093217954802 3.634902770239 3.636097872196 0 
1640 520 0.025807484332 2.40033319445 2.400471926648 0.390783473962 2785960 0.025807484332 2.40033319445 2.400471926648 0.390783473962 2785960 0.015922460774 4.050719460004 4.050750753677 0 
1656 520 -0.157599725291 2.99953615012 3.003673549054 2.429042680323 2386996.75 -0.157599725291 2.99953615012 3.003673549054 2.429042680323 2386996.75 -0.042952884782 4.253330306209 4.253547183707 0 
1672 520 -0.136288436244 2.933103971075 2.936268625823 1.53413459489 2149828.25 -0.136288436244 2.933103971075 2.936268625823 1.53413459489 2149828.25 -0.083408081868 4.242735308852 4.243555090852 0 
1688 520 0.368455513031 2.410695741838 2.43869092441 10.065333367713 2142127.25 7 19 20.248456731317 21.60024357577 2127733.75 -0.099339580532 4.137495270565 4.138687650235 0 
1704 520 -0.054073504897 2.725730109385 2.72626641639 0.183728028811 2053102.875 0 -13 13 178.679777471558 2033427.875 -0.090747380774 3.937610191348 3.938655748619 0 
1720 520 -3.344631082446 2.73124282516 4.318129739558 1.660692817679 1968609 11 3 11.401754250991 123.848937319825 1965790.125 -4.381728045368 3.795028995256 5.796704731 0 
1736 520 -1.679101223781 2.717708869875 3.194577033208 42.331471903917 1972488 -28 3 28.160255680657 9.843715951281 1970999 -12.972281574315 3.709751682286 13.492306948314 0 
1752 520 -4.358226659275 2.659142607555 5.105406841862 16.866726273928 1941805 -9 18 20.124611797498 48.912502344885 1913729.875 -12.850528630751 3.328744318528 13.274661006138 0 
1768 520 -0.518174598664 1.779385974707 1.853299587678 40.32781357328 1942302.25 -0.518174598664 1.779385974707 1.853299587678 40.32781357328 1942302.25 -4.016469214678 2.652006903979 4.813020420818 0 
1784 520 0.104135820269 1.77742513776 1.780473080224 6.895449047123 1952400 0.104135820269 1.77742513776 1.780473080224 6.895449047123 1952400 0.383679504144 2.122100686143 2.156506731737 0 
1800 520 0.009350579126 0.878177817412 0.878227597109 10.766791571869 1999691 0.009350579126 0.878177817412 0.878227597109 10.766791571869 1999691 0.349917525715 1.739025665019 1.773880643785 0 
1816 520 -0.000650425205 0.925518210485 0.925518439034 11.33902627077 2088113 -0.000650425205 0.925518210485 0.925518439034 11.33902627077 2088113 0.242438323646 1.213421891807 1.237404149132 0 
1832 520 0 -0.002861405181 0.002861405181 173.591917028374 2224637.75 0 -0.002861405181 0.002861405181 173.591917028374 2224637.75 0.061241897938 0.545289366509 0.548717653525 0 
1848 520 -0.058196979012 0.002451071863 0.058248571823 79.067408788815 2221238 -0.058196979012 0.002451071863 0.058248571823 79.067408788815 2221238 -0.023149575131 0.154511847878 0.156236404092 0 
1864 520 0.198493464508 -0.0120153101 0.198856790503 108.107278308772 2283795 0.198493464508 -0.0120153101 0.198856790503 108.107278308772 2283795 -0.010736095561 0.041089335916 0.042468779991 0 
1880 520 -0.002980013264 -0.014976002473 0.015269614571 15.136685438817 2471780.5 -0.002980013264 -0.014976002473 0.015269614571 15.136685438817 2471780.5 0.001496060657 -0.022043472675 0.022094182154 0 
1896 520 0.067621708215 -0.013638910121 0.068983442153 57.37494534836 2434464 0.067621708215 -0.013638910121 0.068983442153 57.37494534836 2434464 0.013546893524 -0.034886577893 0.037424479171 0 
1912 520 0.043878213468 0.000320649473 0.04387938506 72.58843869684 2307837.75 0.043878213468 0.000320649473 0.04387938506 72.58843869684 2307837.75 0.013895411812 -0.043200751243 0.045380473525 0 
1928 520 0.050792408342 0.013441267486 0.052540807158 101.726207557767 2249425 0.050792408342 0.013441267486 0.052540807158 101.726207557767 2249425 0.002541615521 -0.046985992723 0.047054684375 0 
1944 520 -0.168229571904 0.024030672736 0.169937229868 94.987758946244 2061083.25 -0.168229571904 0.024030672736 0.169937229868 94.987758946244 2061083.25 -0.002926867825 -0.053325447346 0.053405710275 0 
1960 520 -0.216090216148 -0.009100089682 0.216281744831 85.278390130946 2107975 -0.216090216148 -0.009100089682 0.216281744831 85.278390130946 2107975 -0.002510038227 -0.062219115113 0.062269724404 0 
1976 520 -0.006631409865 -0.021946679677 0.022926673235 18.05328672851 2192614 -0.006631409865 -0.021946679677 0.022926673235 18.05328672851 2192614 0.001342901163 -0.062012399818 0.062026938622 0 
1992 520 0.006959059183 0.004965315487 0.008548851537 116.206811069867 2054065.125 15 -1 15.033296378373 76.884732817712 2014828 0.008631950343 -0.052705301461 0.053407484203 0 
2008 520 -0.003008731683 0.005776229108 0.006512855676 179.644767229341 1942204.125 -0.003008731683 0.005776229108 0.006512855676 179.644767229341 1942204.125 0.020414312837 -0.039792061161 0.044723062284 0 
2024 520 0.008991379099 0.002099354466 0.009233211103 45.529477441602 2016932 0.008991379099 0.002099354466 0.009233211103 45.529477441602 2016932 0.036689988646 -0.023272678918 0.043448508039 0 
2040 520 0.019393854574 -0.004324885081 0.019870234679 5.235108309827 2012186.875 7.85120730852 -15.476762081002 17.354296894812 45.295241626589 1708486.875 0.039732701963 -0.012761771493 0.041731887292 0 
2056 520 0.027848344755 -0.00499175451 0.028292188298 5.457454446054 1933242.25 10 15 18.02775637732 71.929609795072 1573594 0.02954245279 -0.008259338887 0.0306752864 0 
2072 520 0.026042095223 0.001898034147 0.02611117112 15.250627270204 3114518.75 -1.666625420707 -15.146564995881 15.237981213645 85.197087742062 2328486.25 0.01927140415 -0.003774644273 0.019637590415 0 
2088 520 -0.000236125691 0.002600384577 0.002611083165 90.750216578064 4408324 -2 -16 16.124515496597 101.563264798949 3057218 0.008919556045 0.000692312347 0.008946383427 0 
2104 520 0.003312296765 0.001767178334 0.003754228166 27.441185428647 3961441.5 0.003312296765 0.001767178334 0.003754228166 27.441185428647 3961441.5 0.002263330294 0.003295879157 0.003998185018 0 
2120 520 -0.000289681737 -0.000586328738 0.000653985395 143.906126971135 2400844 -0.000289681737 -0.000586328738 0.000653985395 143.906126971135 2400844 -0.000697273102 0.004036056157 0.004095844123 0 
2136 520 -0.000743636445 -0.003176964381 0.003262835858 144.814546480483 731435.875 -0.000743636445 -0.003176964381 0.003262835858 144.814546480483 731435.875 -0.001578550553 0.003904825597 0.004211826776 0 
2152 520 0 0 0 0 0 0 0 0 0 0 -0.000380502061 0.002902187477 0.002927024764 0 
2168 520 0 0 0 0 0 0 0 0 0 0 0.000590175655 0.002055612943 0.002138656558 0 
2184 520 0 0 0 0 0 0 0 0 0 0 0.001333482593 0.001365101996 0.001908318445 0 
2200 520 0 0 0 0 0 0 0 0 0 0 0.001278852047 0.000764884892 0.001490138066 0 
2216 520 0 0 0 0 0 0 0 0 0 0 0.000426284016 0.000254961631 0.000496712689 0 
2232 520 0 0 0 0 0 0 0 0 0 0 0 0 0 0 
2248 520 0 0 0 0 0 0 0 0 0 0 0 0 0 0 
2264 520 0 0 0 0 0 0 0 0 0 0 0 0 0 0 
2280 520 0 0 0 0 0 0 0 0 0 0 0 0 0 0 
2296 520 0 0 0 0 0 0 0 0 0 0 0 0 0 0 
2312 520 0 0 0 0 0 0 0 0 0 0 0 0 0 0 
2328 520 0 0 0 0 0 0 0 0 0 0 0 0 0 0 
2344 520 0 0 0 0 0 0 0 0 0 0 0 0 0 0 
2360 520 0 0 0 0 0 0 0 0 0 0 0 0 0 0 
2376 520 0 0 0 0 0 0 0 0 0 0 0 0 0 0 
2392 520 0 0 0 0 0 0 0 0 0 0 0 0 0 0 
2408 520 0 0 0 0 0 0 0 0 0 0 0 0 0 0 
2424 520 0 0 0 0 0 0 0 0 0 0 0 0 0 0 
2440 520 0 0 0 0 0 0 0 0 0 0 0 0 0 0 
2456 520 0 0 0 0 0 0 0 0 0 0 0 0 0 0 
2472 520 0 0 0 0 0 0 0 0 0 0 0 0 0 0 
2488 520 0 0 0 0 0 0 0 0 0 0 0 0 0 0 
2504 520 0 0 0 0 0 0 0 0 0 0 0 0 0 0 
2520 520 0 0 0 0 0 0 0 0 0 0 0 0 0 0 
2536 520 0 0 0 0 0 0 0 0 0 0 0 0 0 0 
24 536 0 0 0 0 0 0 0 0 0 0 0 0 0 0 
40 536 0 0 0 0 0 0 0 0 0 0 0 0 0 0 
56 536 0 0 0 0 0 0 0 0 0 0 0 0 0 0 
72 536 0 0 0 0 0 0 0 0 0 0 0 0 0 0 
88 536 0 0 0 0 0 0 0 0 0 0 0 0 0 0 
104 536 0 0 0 0 0 0 0 0 0 0 0 0 0 0 
120 536 0 0 0 0 0 0 0 0 0 0 0 0 0 0 
136 536 0 0 0 0 0 0 0 0 0 0 0 0 0 0 
152 536 0 0 0 0 0 0 0 0 0 0 0 0 0 0 
168 536 0 0 0 0 0 0 0 0 0 0 0 0 0 0 
184 536 0 0 0 0 0 0 0 0 0 0 0 0 0 0 
200 536 0 0 0 0 0 0 0 0 0 0 0 0 0 0 
216 536 0 0 0 0 0 0 0 0 0 0 0 0 0 0 
232 536 0 0 0 0 0 0 0 0 0 0 0 0 0 0 
248 536 0 0 0 0 0 0 0 0 0 0 0 0 0 0 
264 536 0 0 0 0 0 0 0 0 0 0 0 0 0 0 
280 536 0 0 0 0 0 0 0 0 0 0 0 0 0 0 
296 536 0 0 0 0 0 0 0 0 0 0 0 0 0 0 
312 536 0 0 0 0 0 0 0 0 0 0 0 0 0 0 
328 536 0 0 0 0 0 0 0 0 0 0 0 0 0 0 
344 536 0 0 0 0 0 0 0 0 0 0 0 0 0 0 
360 536 0 0 0 0 0 0 0 0 0 0 0 0 0 0 
376 536 0 0 0 0 0 0 0 0 0 0 0 0 0 0 
392 536 0 0 0 0 0 0 0 0 0 0 0 0 0 0 
408 536 0 0 0 0 0 0 0 0 0 0 0 0 0 0 
424 536 0 0 0 0 0 0 0 0 0 0 0 0 0 0 
440 536 0 0 0 0 0 0 0 0 0 0 0 0 0 0 
456 536 0 0 0 0 0 0 0 0 0 0 0 0 0 0 
472 536 0 0 0 0 0 0 0 0 0 0 0 0 0 0 
488 536 0 0 0 0 0 0 0 0 0 0 0 0 0 0 
504 536 0 0 0 0 0 0 0 0 0 0 0.000701557919 0.003488652113 0.003558493653 0 
520 536 0 0 0 0 0 0 0 0 0 0 0.002104673758 0.010465956338 0.010675480958 0 
536 536 0.000871454952 0.013087425973 0.013116407753 13.698209088322 106881.9921875 0.000871454952 0.013087425973 0.013116407753 13.698209088322 106881.9921875 0.004596329053 0.014570820294 0.015278581243 0 
552 536 0.01009741799 0.033978344565 0.035446942737 10.806348432918 1083808.875 0.01009741799 0.033978344565 0.035446942737 10.806348432918 1083808.875 0.008176523804 0.015803243983 0.017793202688 0 
568 536 0.023909370479 0.037060809514 0.044103986198 7.584524631532 2843304 0.023909370479 0.037060809514 0.044103986198 7.584524631532 2843304 0.007566625449 0.016048542024 0.017742872422 0 
584 536 0.008583865857 0.028488553947 0.029753662951 6.522648509012 3958385 0.008583865857 0.028488553947 0.029753662951 6.522648509012 3958385 0.002766633989 0.015306714419 0.015554734647 0 
600 536 0.02648945983 0.075949671801 0.080436584517 91.108541452722 4117424.25 0.02648945983 0.075949671801 0.080436584517 91.108541452722 4117424.25 -0.069833347064 0.022850729948 0.073476882223 0 
616 536 -0.174053519387 1.210369413756 1.222819997124 71.391660956086 3844442.25 -0.174053519387 1.210369413756 1.222819997124 71.391660956086 3844442.25 -0.21023331771 0.038680588609 0.213762100968 0 
632 536 -0.196768586814 2.181797280872 2.190652243414 71.635351366287 3367161 12 -16 20 140.081184012507 3028922 -0.238873284237 0.056076868157 0.24536719639 0 
648 536 0.016189781112 2.027697512677 2.027762143825 64.733391129126 2809133 10 -16 18.867962264113 147.729450063933 2655176.75 -0.155753246645 0.075039568591 0.172887277423 0 
664 536 0.016336397437 0.22480916533 0.225401949187 4.656651015453 2683119 0.016336397437 0.22480916533 0.225401949187 4.656651015453 2683119 -0.004990079112 0.571354104436 0.571375895139 0 
680 536 -0.037965539197 1.374269765891 1.374794083348 9.447041641031 3556076.25 0 -15 15 172.13540751618 3253222.25 0.213416218362 1.545020475693 1.55969059514 0 
696 536 0.203683027573 4.198561376975 4.203499067676 8.480336222646 5046025 0 -14 14 168.742275391294 4641633 0.486964087924 2.446409997579 2.49440491885 0 
712 536 0.439060392826 5.486757847007 5.504297021441 9.407938331745 6780351 -9 -13 15.811388300842 159.287948758447 6569352.5 0.815653529573 3.275522670094 3.375550242939 0 
728 536 4.982441997679 7.1606773573 8.723533027139 20.004710482764 7638992 5 -12 13 142.554418924106 7599057.5 1.1161844731 4.216924158752 4.362145932755 0 
744 536 1.090463849867 7.912486858957 7.987274860742 6.912530939761 8184762 1 -11 11.045361017187 160.046219328138 8142778 1.388556918504 5.270614463551 5.450455681805 0 
760 536 1.094686517355 6.975302575234 7.060678762509 2.321472024267 9342455 1 -11 11.045361017187 163.564992122853 9282673 1.170084121929 5.887469300413 6.002615397949 0 
776 536 -0.103330024415 6.271402623567 6.272253818273 5.286657396355 10183189 -0.103330024415 6.271402623567 6.272253818273 5.286657396355 10183189 0.460766083373 6.067488669337 6.084958844242 0 
792 536 -0.132289078989 5.301068857653 5.302719249027 2.189747953802 10728705 -0.132289078989 5.301068857653 5.302719249027 2.189747953802 10728705 0.075630999779 5.699784615966 5.70028637145 0 
808 536 3.166670057675 4.434198021974 5.448844955791 35.35663351457 10979570 3.166670057675 4.434198021974 5.448844955791 35.35663351457 10979570 0.014678871146 4.784357140301 4.784379658348 0 
824 536 2.864382810602 4.807894315545 5.596475376085 14.705309883947 10886039 -11 -13 17.029386365926 174.745975345125 10854218 3.357987090144 3.300992838899 4.708782328802 0 
840 536 0.244936637656 6.792161332359 6.796576308794 80.885088958341 10850168 -2 -15 15.132745950422 104.644268231403 10840935 10.105555656772 1.24969171176 10.182533304957 0 
856 536 2.792256750141 5.849835950423 6.482073619265 55.783024805056 10439934 5 -15 15.811388300842 80.2658458311 10432096 10.113667844203 1.547752208764 10.231413106829 0 
872 536 2.979822201439 6.840524032022 7.461374497025 15.338626781963 10528399 10 -12 15.620499351813 101.317227657928 10491036 3.382323652435 4.195174329911 5.388840408489 0 
888 536 0.143195508971 6.313385998703 6.315009716731 1.184237118136 11043009 -16 -11 19.416487838948 124.623603199362 10969028 0.010837330388 5.395649245622 5.39566012917 0 
904 536 -0.011741700665 5.392609046492 5.392621829486 0.115950916411 11245120 -14 -11 17.804493814765 128.148423637245 11096836 -0.000791121941 5.149176955897 5.149177016671 0 
920 536 0.087871433567 4.484105557449 4.484966447943 1.882594164365 11657218 -1 -12 12.041594578792 174.476400066767 11520075 -0.05783432715 4.360066576539 4.360450132871 0 
936 536 1.90955539647 3.393886424497 3.89420940302 32.393994569232 11575441 2 -13 13.152946437966 174.283740303706 11413271 -0.160292285241 3.02831810755 3.032557365859 0 
952 536 1.281687386972 2.42762458568 2.745192832375 9.747897216638 11188476 14 -14 19.798989873223 116.915659297538 11048244 0.685004628328 2.097715583048 2.206726536794 0 
968 536 3.831040488717 1.673089596087 4.180442563022 8.736195026071 10991991 -6.844927307599 -10.256845757901 12.33109543989 156.045267480093 10972038 2.478056413555 1.568259003032 2.932609740377 0 
984 536 14.857634803742 1.115232780298 14.899431402427 25.851781875718 10441306 -14 1 14.035668847618 145.769957758287 10438749 2.352102743377 1.36590395033 2.719941344392 0 
1000 536 -0.147738240395 10.238749033074 10.239814859164 12.46934988417 10050754 0 -15 15 168.357332186313 9949620 0.307143617795 1.490650424942 1.521964484255 0 
1016 536 -0.120967517315 10.089398357673 10.090123505689 20.139261608619 10304360 0 -15 15 159.173819719232 10195728 -0.582929222354 1.532462277745 1.639587481955 0 
1032 536 -5.232093626341 7.424439352053 9.082791608702 23.131595096589 10662213 0 -15 15 167.958771681419 10586285 -0.318115777068 1.491339508738 1.524890546217 0 
1048 536 0.355963381879 1.272318089356 1.321174950467 35.422469014888 9949828 0 -15 15 160.207846988147 9721280 -0.545972718778 1.517149477639 1.612398445531 0 
1064 536 -0.872472150289 1.368551774012 1.62300388514 5.673964942425 8519657 -1 -15 15.033296378373 137.993842511801 7961089 -1.266500047482 1.609892184449 2.048359152058 0 
1080 536 -1.366246227196 2.458962945875 2.81302817663 6.085208613278 7177747 -1 -14 14.035668847618 152.942215489861 6325483 -1.202149907095 2.835917060257 3.08019317118 0 
1096 536 -0.078118912088 7.118327026687 7.118755665373 3.25749197822 6733190.5 13 -11 17.029386365926 134.12260817865 5665245 -0.352922297618 5.195224105063 5.207197677253 0 
1112 536 -0.19770178269 7.096612544228 7.099365858847 2.378054250786 6375552.5 5 -10 11.180339887499 152.652662780753 5111795.5 0.08655971384 6.339366713313 6.339957642597 0 
1128 536 0.066050858965 6.396295731359 6.396636756841 0.471242852949 6092117.5 -2 -10 10.198039027186 169.752949837398 4584376.5 0.116296127277 6.268344885006 6.269423608802 0 
1144 536 -0.097171901087 5.394671026726 5.39554611369 1.682393603599 5436030 0 -11 11 179.34953916387 3960270 0.06783276095 5.974785456771 5.975170502831 0 
1160 536 0.057546609079 5.350509288491 5.350818746551 1.233687249836 4827501 0 -11 11 179.382525248833 3411800.25 -0.058830385144 5.458688428609 5.45900543825 0 
1176 536 -0.144472278394 4.382294909764 4.384675691013 0.099781447287 3929685.5 10 -12 15.620499351813 142.182411652232 3003603 -0.16612564042 4.785996349155 4.788878656066 0 
1192 536 -3.5 3.378831620375 4.864823030578 42.335328883946 3259122 11 -13 17.029386365926 143.437454948077 2836124 -0.254053004879 3.956709218409 3.964856966945 0 
1208 536 0.050339599027 3.344504999324 3.344883819467 6.101892149132 3047974.5 -3 -13 13.341664064126 161.765809635918 2836513.25 -0.314489609108 3.429414637729 3.443804360254 0 
1224 536 -0.324318111757 3.480891272453 3.495967146335 0.865705559157 2695568 0 -13 13 173.811356536686 2608639 -0.347435453107 3.204112607114 3.222894505432 0 
1240 536 0.620988869477 8.665366950901 8.687589514346 31.323375982708 2410407 1 -14 14.035668847618 140.492009479602 2392466.25 1.714566461145 2.410635260196 2.958192101163 0 
1256 536 4.96445836948 3.276288122923 5.948101442201 23.293388944075 2568977.5 -1 -15 15.033296378373 103.943451823567 2512364 5.871516133646 1.048982596973 5.964483732598 0 
1272 536 13.258603829706 0.374798236593 13.263900226979 0.469818286282 3034853.25 7 -16 17.464249196573 68.459663824615 2867596.25 9.476112025478 0.345658419624 9.482414189566 0 
1288 536 17.577994807979 0.373367174339 17.581959632425 0.157939734251 2986047.25 5 -16 16.76305461424 74.020728918573 2843528.75 12.528354136641 0.300662728147 12.531961356835 0 
1304 536 -0.640793101473 5.126127440796 5.166023455055 90.821154436638 2524346 9 -15 17.492855684536 65.340404407707 2483578.5 9.594894554514 1.059991520527 9.653268023619 0 
1320 536 -0.113097937656 8.228139900963 8.228917144638 15.230425377578 2151954.75 0 -14 14 165.557070524022 2105514 0.675733279095 2.623644796765 2.709266964341 0 
1336 536 -1.705540840716 7.757349103718 7.942627693421 24.149717406257 1917252.75 -15 -13 19.849433241279 94.364827682415 1873332 -2.830012072816 3.817631856498 4.75218700432 0 
1352 536 0.170452217093 7.546093526399 7.548018380176 12.532107744064 1954236.125 15 -12 19.209372712299 139.897930952779 1937323.75 -0.922341501219 4.641952699727 4.73269888239 0 
1368 536 -0.091077500416 5.356914753137 5.357688940529 1.382864783039 1874110.125 -16 18 24.083189157585 39.276633729926 1869787.125 -0.209145184824 5.081398469022 5.085700749092 0 
1384 536 -0.697900879533 5.214866102143 5.261358579391 0.033763015144 1854294 15 5 15.811388300842 79.221365378956 1851846 -0.690423123632 5.135969164385 5.182167823137 0 
1400 536 -0.852808150166 6.21404298033 6.272289207488 2.539096901004 2398975 10 -11 14.866068747319 148.079799077202 2301181 -0.933226330379 5.108101489832 5.192649825873 0 
1416 536 -1.849800498798 5.852419929922 6.13779935494 6.915575280918 2560787.75 15 5 15.811388300842 82.189891161321 2501294 -0.937554805066 4.997795445363 5.084974761609 0 
1432 536 -0.338459043776 5.406208509543 5.416792867829 5.722865281182 2280257 -16 4 16.492422502471 66.658528795899 2254159 -0.760181252537 4.639495845913 4.701361211495 0 
1448 536 0.152666631597 6.217396148098 6.219270211431 7.086043433862 2313216.75 -12.840765006002 -9.197385984099 15.794845832736 119.933244047786 2296521 -0.401105672793 4.033202691481 4.053098778875 0 
1464 536 0.27693300065 6.238806276911 6.2449496113 6.283886109185 2402477 12 -13 17.691806012954 141.032874817621 2325522.25 -0.243834229977 3.727903030919 3.735868860071 0 
1480 536 0.074436167296 5.385974726317 5.386489069471 5.220123148049 2436336.25 15 -13 19.849433241279 135.342707864992 2392910.25 -0.288366924089 3.723596864228 3.73474618819 0 
1496 536 -1.518706726549 3.163025380004 3.508731918488 19.860122217235 2326601.75 13.934548188102 3.174723769482 14.291623568337 82.952890398002 2322512.75 -0.374812844611 3.697939697898 3.716886153459 0 
1512 536 -0.207283105095 3.021207861852 3.028310292915 3.92220412875 2035812 -0.207283105095 3.021207861852 3.028310292915 3.92220412875 2035812 -0.503171991545 3.65093153193 3.685442050001 0 
1528 536 -1.374579486703 3.016396006785 3.314832369067 17.76767188602 1814831.75 -1.374579486703 3.016396006785 3.314832369067 17.76767188602 1814831.75 -0.438704601977 3.717042031484 3.742841593177 0 
1544 536 -0.072182070692 3.14583988886 3.146667897581 1.351335412568 2046745.875 -0.072182070692 3.14583988886 3.146667897581 1.351335412568 2046745.875 -0.181410675907 3.89627119656 3.900492157469 0 
1560 536 -0.428667996567 4.127042585621 4.149245323527 7.048133248375 2258221.25 15 4 15.52417469626 73.950388087609 2254171.25 0.080777127855 4.138457062805 4.1392453183 0 
1576 536 1.102966758652 4.069970115955 4.216775120333 10.686864926149 2403796.25 1.102966758652 4.069970115955 4.216775120333 10.686864926149 2403796.25 0.347858809309 4.44359963022 4.457194568885 0 
1592 536 0.234586898335 4.183869332807 4.190440741362 1.400656030115 2627033.25 0.234586898335 4.183869332807 4.190440741362 1.400656030115 2627033.25 0.381826767393 4.735493075378 4.750861642613 0 
1608 536 0.602937877014 5.218044505047 5.252763324212 4.504673249335 2829850 -16 5 16.76305461424 74.732520290482 2827550 0.182681002106 5.014137398281 5.017464120188 0 
1624 536 0.123592761356 5.274499952878 5.27594777491 1.37101813142 2956495.75 11 -11 15.556349186104 135.028701692775 2806307 -0.002660707936 5.311440119823 5.31144078625 0 
1640 536 0.151427046877 6.980932097565 6.982574246031 3.015684461099 2938150.75 -16 -11 19.416487838948 122.735476355216 2769163.75 -0.174198362734 5.627401240004 5.630096782967 0 
1656 536 -0.135009561974 7.875929349871 7.877086435096 1.389899339682 2707599 -12 -11 16.2788205961 130.13847690003 2528983.75 -0.236778802831 5.716208003286 5.721109869449 0 
1672 536 0.03494511936 8.376774032444 8.376846921844 2.194068003808 2417023.25 -16 -11 19.416487838948 122.553472561697 2321073 -0.190402028224 5.57786040967 5.581109180272 0 
1688 536 0.012686984877 10.63718993683 10.637197502716 1.635051659106 2263221 -16 -11 19.416487838948 122.941808017844 2234760 -0.148237484304 5.419789434904 5.421816288888 0 
1704 536 -0.021889873525 13.123041979753 13.123060236428 1.10968331888 2024162.875 0 -11 11 178.794744617434 2016289.875 -0.110285171068 5.241995078989 5.243155083258 0 
1720 536 -3.884891265755 11.32004968161 11.968120359558 21.504784504785 1816544 -4 -11 11.70469991072 119.570566689828 1813199 -4.38755429918 5.146921453648 6.763241321902 0 
1736 536 -12.155207645704 7.779983481821 14.43181263347 11.038954111205 1744122 -26 -11 28.231188426986 44.514564903323 1741972 -12.980044868641 5.134568558884 13.958701912348 0 
1752 536 -11.852502667505 5.082009797758 12.896070838349 2.659949165427 1660236.875 -12 -12 16.970562748477 65.548302453561 1657502.875 -12.852800314865 4.817819083094 13.726101291015 0 
1768 536 -16.089016054312 6.530370102521 17.363817877178 24.24115543197 1560658.875 -16 -12 20 83.202792752272 1557970.875 -4.005820637853 4.196673026278 5.801608696917 0 
1784 536 -0.142746658947 6.45633288568 6.457910725564 7.511324212224 1533560 11 -13 17.029386365926 133.518895418036 1531282 0.391855146397 3.581037989797 3.6024135715 0 
1800 536 0.059220140218 5.977403951688 5.977697301358 5.965383385894 1504705.875 -16 6 17.088007490635 75.976968046254 1504489.125 0.340227037888 2.970913973652 2.990331800344 0 
1816 536 1.103699556849 2.258506687668 2.513763149151 20.0920569868 1484764.875 15 15 21.213203435596 39.047965984856 1483864.125 0.216620695709 2.077738969734 2.089000658727 0 
1832 536 0.076550995197 -0.050886720752 0.091921233752 122.276975073437 1447905.875 -0.373934636495 -10.136195001496 10.143090072592 179.223968863954 1447359.875 0.021036119862 0.901512978044 0.901758375575 0 
1848 536 -0.045942989235 0.029178135477 0.054425378729 44.573007846063 1371470 -0.930886878019 -9.735920338927 9.780321836504 161.530754217109 1371171 -0.057837190994 0.250369071101 0.256962667378 0 
1864 536 0.15910152686 -0.006930405319 0.159252398309 101.633947233105 1368938 -3.317239511124 -9.714066562064 10.264851053297 152.005826878403 1368392.875 -0.019999236858 0.124307248905 0.125905764782 0 
1880 536 0.248952082062 0.004429707822 0.248991488759 100.848138572509 1432543 3 15 15.297058540778 23.177451083346 1431562 -0.01126594739 0.053611361966 0.054782293694 0 
1896 536 0.174148414683 0.043639081888 0.179532837678 115.503902217197 1422401 2 -16 16.124515496597 147.553297237984 1420232 -0.031637322588 0.038281410282 0.049662728013 0 
1912 536 0.297880166241 0.00033480327 0.297880354392 150.24509016079 1402360 4 -16 16.492422502471 133.726755577908 1398154.875 -0.049861162574 0.028429363001 0.057396552282 0 
1928 536 0.119431616314 0.009562314602 0.119813809037 155.37945328311 1372675 4 -16 16.492422502471 124.079157799813 1361494.875 -0.065937467348 0.024055220124 0.070188341022 0 
1944 536 0.001519380984 0.058799365109 0.058818992305 75.046965670821 1459726.875 0 -16 16 106.433233134398 1444084.875 -0.062091119074 0.018313551033 0.064735563791 0 
1960 536 -0.226642725499 0.038800421695 0.22993998727 6.582842983568 1547209 -3.238696747324 14.150782800233 14.516673533578 60.811215615947 1532923.875 -0.038322117752 0.011204355727 0.039926461104 0 
1976 536 0.095417838464 -0.026251459612 0.098963139748 62.300342106435 1463859 -7 15 16.552945357247 68.099252511811 1443056.125 0.010645934752 0.011383517185 0.015585903575 0 
1992 536 0.0192358283 -0.02468190239 0.031292385592 64.600134522883 1553605.875 0 15 15 77.468814552812 1519828.75 0.084813038439 0.018851035408 0.086882754475 0 
2008 536 -0.029979047519 0.13451087492 0.137811170671 70.414363959856 1814261 -0.029979047519 0.13451087492 0.137811170671 70.414363959856 1814261 0.052745499308 0.033151435997 0.062298518489 0 
2024 536 0.004970648499 0.8088583968 0.80887366963 57.957441946936 2115134.75 -16 15 21.931712199461 10.757738413955 2080885 -0.085556682642 0.054284718953 0.101325103783 0 
2040 536 0.08075343362 0.353405598259 0.362514322369 72.151592244783 2057142 0.08075343362 0.353405598259 0.362514322369 72.151592244783 2057142 -0.124173008993 0.073785882132 0.144441311834 0 
2056 536 0.023830085467 0.116446783874 0.118860112939 46.112540576332 1836904.125 0.023830085467 0.116446783874 0.118860112939 46.112540576332 1836904.125 -0.063103479746 0.091654925534 0.11127746641 0 
2072 536 0.042451061488 0.044969352624 0.061841210344 58.775794424258 3137755.5 0.042451061488 0.044969352624 0.061841210344 58.775794424258 3137755.5 -0.02812937778 0.101943470069 0.105753170089 0 
2088 536 0.010976990997 0.042087360743 0.043495290155 25.040983802483 5200221.5 0.010976990997 0.042087360743 0.043495290155 25.040983802483 5200221.5 -0.019250703096 0.104651515737 0.106407374348 0 
2104 536 -0.005377328269 0.020689487638 0.021376869697 6.77129371741 6980297 -16 5 16.76305461424 64.848081446177 6601376.5 -0.011467553728 0.083738075647 0.084519643288 0 
2120 536 0 0.008999011069 0.008999011069 6.95160053571 7525227.5 0 0.008999011069 0.008999011069 6.95160053571 7525227.5 -0.004779929676 0.039203149799 0.039493476447 0 
2136 536 0.000086799528 0.002885271464 0.002886576792 3.988613247089 5568230 0.000086799528 0.002885271464 0.002886576792 3.988613247089 5568230 -0.000558842879 0.014126298161 0.01413734788 0 
2152 536 0.002680380219 0.000663581326 0.002761300109 68.094530876821 2447847.75 0.002680380219 0.000663581326 0.002761300109 68.094530876821 2447847.75 0.001195706661 0.008507520731 0.008591136328 0 
2168 536 -0.000461452056 0.000650000375 0.000797143957 62.534254887487 408510 -0.000461452056 0.000650000375 0.000797143957 62.534254887487 408510 0.002422002491 0.004720338531 0.005305439842 0 
2184 536 0 0 0 0 0 0 0 0 0 0 0.003120044612 0.002764751561 0.004168756358 0 
2200 536 0 0 0 0 0 0 0 0 0 0 0.002868743254 0.001051849723 0.003055499255 0 
2216 536 0 0 0 0 0 0 0 0 0 0 0.001668098417 -0.000418366983 0.00171976256 0 
2232 536 0 0 0 0 0 0 0 0 0 0 0.000769386562 -0.000902590666 0.001186012476 0 
2248 536 0 0 0 0 0 0 0 0 0 0 0.000172607687 -0.000400821327 0.000436407092 0 
2264 536 0 0 0 0 0 0 0 0 0 0 -0.000094336312 -0.000112452493 0.000146781821 0 
2280 536 0 0 0 0 0 0 0 0 0 0 -0.000031445437 -0.000037484164 0.000048927274 0 
2296 536 0 0 0 0 0 0 0 0 0 0 0 0 0 0 
2312 536 0 0 0 0 0 0 0 0 0 0 0 0 0 0 
2328 536 0 0 0 0 0 0 0 0 0 0 0 0 0 0 
2344 536 0 0 0 0 0 0 0 0 0 0 0 0 0 0 
2360 536 0 0 0 0 0 0 0 0 0 0 0 0 0 0 
2376 536 0 0 0 0 0 0 0 0 0 0 0 0 0 0 
2392 536 0 0 0 0 0 0 0 0 0 0 0 0 0 0 
2408 536 0 0 0 0 0 0 0 0 0 0 0 0 0 0 
2424 536 0 0 0 0 0 0 0 0 0 0 0 0 0 0 
2440 536 0 0 0 0 0 0 0 0 0 0 0 0 0 0 
2456 536 0 0 0 0 0 0 0 0 0 0 0 0 0 0 
2472 536 0 0 0 0 0 0 0 0 0 0 0 0 0 0 
2488 536 0 0 0 0 0 0 0 0 0 0 0 0 0 0 
2504 536 0 0 0 0 0 0 0 0 0 0 0 0 0 0 
2520 536 0 0 0 0 0 0 0 0 0 0 0 0 0 0 
2536 536 0 0 0 0 0 0 0 0 0 0 0 0 0 0 
24 552 0 0 0 0 0 0 0 0 0 0 0 0 0 0 
40 552 0 0 0 0 0 0 0 0 0 0 0 0 0 0 
56 552 0 0 0 0 0 0 0 0 0 0 0 0 0 0 
72 552 0 0 0 0 0 0 0 0 0 0 0 0 0 0 
88 552 0 0 0 0 0 0 0 0 0 0 0 0 0 0 
104 552 0 0 0 0 0 0 0 0 0 0 0 0 0 0 
120 552 0 0 0 0 0 0 0 0 0 0 0 0 0 0 
136 552 0 0 0 0 0 0 0 0 0 0 0 0 0 0 
152 552 0 0 0 0 0 0 0 0 0 0 0 0 0 0 
168 552 0 0 0 0 0 0 0 0 0 0 0 0 0 0 
184 552 0 0 0 0 0 0 0 0 0 0 0 0 0 0 
200 552 0 0 0 0 0 0 0 0 0 0 0 0 0 0 
216 552 0 0 0 0 0 0 0 0 0 0 0 0 0 0 
232 552 0 0 0 0 0 0 0 0 0 0 0 0 0 0 
248 552 0 0 0 0 0 0 0 0 0 0 0 0 0 0 
264 552 0 0 0 0 0 0 0 0 0 0 0 0 0 0 
280 552 0 0 0 0 0 0 0 0 0 0 0 0 0 0 
296 552 0 0 0 0 0 0 0 0 0 0 0 0 0 0 
312 552 0 0 0 0 0 0 0 0 0 0 0 0 0 0 
328 552 0 0 0 0 0 0 0 0 0 0 0 0 0 0 
344 552 0 0 0 0 0 0 0 0 0 0 0 0 0 0 
360 552 0 0 0 0 0 0 0 0 0 0 0 0 0 0 
376 552 0 0 0 0 0 0 0 0 0 0 0 0 0 0 
392 552 0 0 0 0 0 0 0 0 0 0 0 0 0 0 
408 552 0 0 0 0 0 0 0 0 0 0 0 0 0 0 
424 552 0 0 0 0 0 0 0 0 0 0 0 0 0 0 
440 552 0 0 0 0 0 0 0 0 0 0 0 0 0 0 
456 552 0 0 0 0 0 0 0 0 0 0 0 0 0 0 
472 552 0 0 0 0 0 0 0 0 0 0 0 0 0 0 
488 552 0 0 0 0 0 0 0 0 0 0 0 0 0 0 
504 552 0 0 0 0 0 0 0 0 0 0 0.000367905791 0.002721551822 0.002746306428 0 
520 552 -0.000829098842 -0.001891671635 0.002065387728 164.031399061575 62724.98828125 -0.000829098842 -0.001891671635 0.002065387728 164.031399061575 62724.98828125 0.001103717374 0.008164655467 0.008238919283 0 
536 552 -0.000871373667 0.000577398793 0.001045314036 73.498918114905 1413463.875 -0.000871373667 0.000577398793 0.001045314036 73.498918114905 1413463.875 0.00340438077 0.011115388349 0.011625044799 0 
552 552 0.010977453836 0.011543515025 0.015929759315 11.425749751444 3758243 15 13 19.849433241279 16.95118423702 2293613.25 0.007269895979 0.011573750466 0.013667592597 0 
568 552 0.044804725373 0.022592141888 0.050178364768 34.356056907431 5228295 -16 0 16 118.8850710337 4884202.5 0.006738591566 0.01221445863 0.013949968312 0 
584 552 0.429685183163 -0.048637072996 0.432429094187 88.552079055235 5556113.5 -16 15 21.931712199461 54.753487523932 5529923.5 0.001810467531 0.013037512839 0.013162618802 0 
600 552 7.851939756512 0.018493938046 7.851961536179 171.558970381235 5445124.5 7.851939756512 0.018493938046 7.851961536179 171.558970381235 5445124.5 -0.203154120391 0.029658995142 0.205307702302 0 
616 552 -0.279827752708 0.181159432138 0.333350132801 27.09045036076 5277870.5 -0.279827752708 0.181159432138 0.333350132801 27.09045036076 5277870.5 -0.608155172199 0.062078905537 0.61131538831 0 
632 552 -1.188140575002 0.345550597232 1.237369484516 9.070748899615 4869714 8 -16 17.888543819998 123.710481231087 4648664 -0.684865606645 0.085856032787 0.690226164044 0 
648 552 -0.203619510359 0.404511971832 0.452869562186 50.160369220475 4683284 9 -16 18.357559750686 132.478035980366 4393809 -0.433285423731 0.100990376891 0.444899218523 0 
664 552 -0.15894528129 0.340613568772 0.37587392258 1.637245744144 4856313 -0.15894528129 0.340613568772 0.37587392258 1.637245744144 4856313 -0.134984323432 0.268934957648 0.300909918443 0 
680 552 0.032557504291 0.95096993692 0.951527094733 17.644235453652 5332021 -9 -16 18.357559750686 170.247300235052 5279014.5 0.210037694252 0.589689775057 0.625979124104 0 
696 552 0.009593894942 5.158135120479 5.158144042574 25.216805415053 6317112 0 -16 16 154.676627183637 6274173.5 0.421418391188 0.890577031356 0.985251698405 0 
712 552 0.249142949623 4.855814347512 4.862201681014 20.139221120015 6889604 -8 -15 17 175.003900214408 6840787.5 0.499157767374 1.171596726544 1.273498082597 0 
728 552 2.460811343877 1.676176073854 2.977441636827 35.192466860997 6800067.5 2.460811343877 1.676176073854 2.977441636827 35.192466860997 6800067.5 0.555145323414 1.481107531766 1.581728753852 0 
744 552 -0.007952708613 0.735357905352 0.735400907355 18.571642939299 7285617.5 -0.007952708613 0.735357905352 0.735400907355 18.571642939299 7285617.5 0.589381059307 1.819109447021 1.912205327184 0 
760 552 0.062568264853 1.881285323111 1.882325491173 9.686831714588 8065805.5 0.062568264853 1.881285323111 1.882325491173 9.686831714588 8065805.5 0.423483012242 2.064569058568 2.107553856786 0 
776 552 -0.209135614168 2.105910408563 2.116269442676 7.155485682806 8406628 -0.209135614168 2.105910408563 2.116269442676 7.155485682806 8406628 0.057451182219 2.217486366406 2.21823047124 0 
792 552 -0.344338598641 2.089924492681 2.118101379921 5.476389603976 8684095 -0.344338598641 2.089924492681 2.118101379921 5.476389603976 8684095 -0.142156861618 2.096187902662 2.101002688378 0 
808 552 -2.940916647735 1.175727465377 3.167226831435 62.322874188743 9152360 -2.940916647735 1.175727465377 3.167226831435 62.322874188743 9152360 -0.175341119269 1.700673667334 1.70968869414 0 
824 552 -0.008432575129 1.016725219227 1.016760187918 40.268973106877 9222916 -14 16 21.260291625469 80.979706078777 9110172 0.982223584923 1.17916159521 1.534661278066 0 
840 552 2.52770062693 -0.073347915636 2.528764594839 10.731694408482 8962787 2.52770062693 -0.073347915636 2.528764594839 10.731694408482 8962787 3.330537250957 0.531651686288 3.372703944248 0 
856 552 2.100027479028 -0.08571475292 2.101776018405 17.426479693477 8922728 2.100027479028 -0.08571475292 2.101776018405 17.426479693477 8922728 3.394958561685 0.915343102934 3.516190642108 0 
872 552 0.822126761659 1.880868718612 2.052695678586 3.158547630125 8880399 0.822126761659 1.880868718612 2.052695678586 3.158547630125 8880399 1.175487517106 2.330235845148 2.609936780247 0 
888 552 -0.156369384429 2.909712808014 2.913911462195 4.013422827412 9352209 -0.156369384429 2.909712808014 2.913911462195 4.013422827412 9352209 0.054156586649 3.310292660925 3.31073563379 0 
904 552 -0.056619324372 2.958950923212 2.959492577093 1.556381387446 9968186 -0.056619324372 2.958950923212 2.959492577093 1.556381387446 9968186 0.030965770311 3.855513550264 3.855637899907 0 
920 552 -0.38837348549 2.947974665377 2.973447257298 7.117912604174 10319576 -0.38837348549 2.947974665377 2.973447257298 7.117912604174 10319576 -0.026772647134 3.962073310982 3.962163764438 0 
936 552 -0.353042744237 2.983675818214 3.004490067791 4.869575012091 10952312 -0.353042744237 2.983675818214 3.004490067791 4.869575012091 10952312 -0.119058665686 3.629971943077 3.631923907986 0 
952 552 0.001632494165 3.058022253451 3.058022689196 3.061692055815 11344043 0.001632494165 3.058022253451 3.058022689196 3.061692055815 11344043 0.185238919395 3.428895627332 3.433895554672 0 
968 552 0.197362602033 3.045539138187 3.051927364619 11.071071609042 11222667 5 -13 13.928388277184 144.183615932005 11129854 0.88612010811 3.358844363747 3.473765148347 0 
984 552 -14.779915344512 3.356032158661 15.156148898745 84.171446597135 11132671 -13 -13 18.38477631085 141.964507937055 11060895 0.431070702007 3.528859409115 3.555090811699 0 
1000 552 -6.245134275516 6.736478233494 9.185958910726 26.156852223743 11362628 7 -13 14.764823060233 168.374825888728 11298960 -1.179909298916 3.938940763438 4.111865792014 0 
1016 552 -6 6.629370989348 8.941395848212 21.622568696329 11532588 13 -10.293896560297 16.582047714142 148.898044846972 11469968 -1.528671825037 4.083290851802 4.360057537358 0 
1032 552 -0.151411322349 5.250732333397 5.252914945581 7.174825218111 11620103 -14.735136440567 -10.514761565444 18.102056698074 116.684495018392 11573821 -0.615216876355 3.961909674209 4.009391483947 0 
1048 552 -0.003498082921 5.130054820175 5.130056012811 4.311425105199 11838631 0.064479221651 -10.6587049769 10.658900006784 175.996109331003 11819269 -0.301895333761 3.968301914636 3.979768947848 0 
1064 552 -7.37139777012 -10.824733926382 13.096273121095 137.579788613471 12154168 -6.986054200195 7.322962140018 10.12080667695 35.484973598922 12152381 -0.588707197253 4.102467573083 4.144492291258 0 
1080 552 5 -12 13 164.37203471891 11929254 4 19 19.416487838948 18.880557706579 11928923 -0.573038501306 4.672485112394 4.707492989853 0 
1096 552 -0.172401412547 5.342254524934 5.345035608508 0.721793370217 11500250 -14 -11 17.804493814765 125.587066322768 11427878 -0.254889245918 5.678354532567 5.684072371567 0 
1112 552 -0.094176582836 6.342232497827 6.342931679062 0.141608618925 11417233 -15 -10 18.02775637732 122.980946660282 11239190 -0.074671507763 6.033024833499 6.033486925128 0 
1128 552 -0.125014308133 5.424447174603 5.425887552032 0.99677234246 11222997 5 -11 12.083045973595 155.879504093565 10991235 -0.03238528684 5.736496015189 5.736587429743 0 
1144 552 -0.086019075843 5.387095302168 5.387782018238 0.268177606497 11106724 3 -11 11.401754250991 165.391503025489 10790116 -0.059632034069 5.283643694043 5.283980191587 0 
1160 552 0.078385929252 4.377258489817 4.37796028312 2.942368234047 10419443 6 -12 13.416407864999 155.351400277171 9901400 -0.15641174945 4.674467870061 4.677083974401 0 
1176 552 -0.150332619427 3.413142837976 3.416451950326 0.958870359144 9500708 0 -13 13 176.519154576019 8760908 -0.235664501098 3.8743361584 3.881496931 0 
1192 552 -6.32354160941 2.450551390286 6.781768250417 62.92833898343 8469456 1 -14 14.035668847618 178.196715508986 7646857 -0.297390289013 2.883248559059 2.89854502075 0 
1208 552 0.140324819457 2.447491140934 2.451510542483 14.757434924453 7757433 0 -14 14 168.52397737015 6940241 -0.431276867043 2.124343602036 2.167679744694 0 
1224 552 -0.431301292881 1.432898926362 1.496402398558 4.996333284676 6530646 0 -15 15 158.251919099212 5765261 -0.637324235188 1.597621287331 1.720051149963 0 
1240 552 0.901137056331 1.375351197373 1.644274584858 20.29485350989 5565537 1 -15 15.033296378373 122.658052104556 4888668 1.473906042906 1.089523878913 1.832883331267 0 
1256 552 5.324643120406 0.276441962025 5.331814373931 2.832878735697 5454019.5 5 -16 16.76305461424 78.450837276618 4928978.5 5.902413967239 0.600051376783 5.932836783144 0 
1272 552 11.159114915255 0.187791895291 11.160694937494 1.063875804886 6053872 -2 -16 16.124515496597 99.153006921396 5686538.5 9.547167171349 0.338064246895 9.553150707108 0 
1288 552 16.603948737651 0.236920402621 16.605638950661 0.583953159886 5739043.5 3 -16 16.2788205961 80.781791252908 5371253 12.408165655239 0.303562489248 12.411878387767 0 
1304 552 8.482207980478 0.228669218552 8.485289731978 2.46607741554 5211246 -1 -16 16.031219541881 97.586656937901 4707548 8.084511989089 0.566787817629 8.104355775256 0 
1320 552 -14.570811359961 1.267546502134 14.625840756095 13.259247723226 4933919 -3 -15 15.297058540778 96.921083150446 4258748 -3.423793827102 1.127740232037 3.604741627559 0 
1336 552 -6.319139962299 2.412521204745 6.764006832231 2.956047605049 4434951 -1 -14 14.035668847618 103.854191385065 3571859 -6.941859574411 2.247486996565 7.296616486466 0 
1352 552 -8.388904714791 3.365270029218 9.038736896458 35.96932685248 3876420 9 -13 15.811388300842 177.476972510359 3315810.25 -2.46968525284 3.926028111214 4.638215387209 0 
1368 552 0.022372732325 5.259197702117 5.259245288927 6.254480999591 3695536 15 5 15.811388300842 77.5757962537 3657290.75 -0.531082687845 5.043814995679 5.071697795804 0 
1384 552 -0.995935468871 5.305805954873 5.398468698522 0.736684673387 3175571 -15.751408589334 5.292705747606 16.616847073945 60.059109865926 3145186.75 -1.126051879427 5.600847649961 5.712922827523 0 
1400 552 -1.47650076896 7.029076867587 7.18247701919 1.774747270213 2994507 -17 -11 20.248456731317 109.267635729177 2719015 -1.399433305459 5.767996241101 5.935334380958 0 
1416 552 -1.704575318926 6.580411046905 6.797601530255 0.828046089154 3130500 13 -11 17.029386365926 143.930878103607 2807701 -1.351226965939 5.545260769099 5.70751533601 0 
1432 552 -0.791960658459 5.317823771532 5.376472017003 2.959483385356 3202260 -0.791960658459 5.317823771532 5.376472017003 2.959483385356 3202260 -1.01936302602 5.041832265028 5.143848128346 0 
1448 552 -0.103415925491 4.206631563047 4.207902560762 4.009986104378 3367917.25 15 4 15.52417469626 80.486846002649 3342639.5 -0.403841485704 4.257710728888 4.276819916301 0 
1464 552 0.393849917013 4.036390305969 4.055559697409 7.332022722158 3824900 -16 4 16.492422502471 74.204715382971 3803454 -0.126560060304 4.121039978511 4.122982895107 0 
1480 552 0.188216065693 4.178833362586 4.183069872671 4.897225928585 3696911 0.188216065693 4.178833362586 4.183069872671 4.897225928585 3696911 -0.187518749821 4.631820013895 4.635614298305 0 
1496 552 -3.784245378376 5.387610673452 6.583833370647 32.087884903239 3270142 6 -11 12.529964086142 154.385772104092 2745777 -0.266340489913 5.088482492263 5.095448099101 0 
1512 552 -3.240759791169 5.384601341331 6.284620563656 27.259464794085 3155761 9 -11 14.212670403552 144.493053096319 2598433 -0.363025280581 5.491027413615 5.503014574887 0 
1528 552 -0.209358986643 5.349134176314 5.353229644009 1.048984516831 3203292.25 -7 -11 13.038404810405 144.238475990708 2581809.25 -0.331583980737 5.767647442154 5.777171016446 0 
1544 552 0.029000728317 5.388201388061 5.388279432299 1.973210876999 3451770.25 -14 -11 17.804493814765 126.492393807428 2595316 -0.172016590381 5.918342577878 5.92084188072 0 
1560 552 -0.131623355274 6.287898742861 6.289276214965 0.674352285994 4228299 -0.131623355274 6.287898742861 6.289276214965 0.674352285994 4228299 -0.055670928827 6.07738914724 6.077644124108 0 
1576 552 -0.16859109195 6.331749880923 6.333993962016 1.685344920891 4170297 -0.16859109195 6.331749880923 6.333993962016 1.685344920891 4170297 0.017453003924 6.24478715024 6.244811539122 0 
1592 552 -0.403376018738 6.37440615431 6.387156333816 3.679729934974 4382649 -0.403376018738 6.37440615431 6.387156333816 3.679729934974 4382649 0.006501723336 6.330150091526 6.330153430498 0 
1608 552 0.108795756691 6.316641889402 6.317578751042 1.787532830568 5118239.5 0.108795756691 6.316641889402 6.317578751042 1.787532830568 5118239.5 -0.088524770593 6.333477971097 6.334096608465 0 
1624 552 0.075766895638 6.304118637895 6.304573928755 3.272214568331 5442432.5 0.075766895638 6.304118637895 6.304573928755 3.272214568331 5442432.5 -0.282025149498 6.25007937718 6.256439115503 0 
1640 552 -0.423088842487 6.402743323045 6.416706805632 1.612654525 5494387.5 -0.423088842487 6.402743323045 6.416706805632 1.612654525 5494387.5 -0.573999413381 6.079954309775 6.106989416686 0 
1656 552 -16 6 17.088007490635 63.58966745118 5321462.5 9 -11 14.212670403552 146.564880466736 4014080.5 -0.594786134392 5.800886777753 5.831299851146 0 
1672 552 -0.624994992968 5.37263402402 5.408864492413 2.994914486181 5200427.5 -0.624994992968 5.37263402402 5.408864492413 2.994914486181 5200427.5 -0.344385312532 5.412876781116 5.423821189073 0 
1688 552 -0.357184908993 5.272244125899 5.284329586834 1.988284779143 4994688 -0.357184908993 5.272244125899 5.284329586834 1.988284779143 4994688 -0.171997760739 5.219231642566 5.222064933382 0 
1704 552 0.066681660076 5.201636943957 5.202064334524 1.586411236927 4889144.5 0.066681660076 5.201636943957 5.202064334524 1.586411236927 4889144.5 -0.077623479013 5.219951362102 5.220528481601 0 
1720 552 -0.916614689007 5.213255903229 5.293223932601 5.437477748067 4521364 -0.916614689007 5.213255903229 5.293223932601 5.437477748067 4521364 -1.464970351703 5.315092822903 5.513288478525 0 
1736 552 -4.228148772394 5.265572454537 6.75303600727 0.548974283494 3973095 -4.228148772394 5.265572454537 6.75303600727 0.548974283494 3973095 -4.334038378809 5.504656024968 7.006077834438 0 
1752 552 -4.068204293537 5.29270703151 6.675554950366 0.027683906336 3521467.25 -4 -11 11.70469991072 122.497134671718 2707467.25 -4.27717507274 5.570144703828 7.022872533689 0 
1768 552 -1.052252017464 5.30639598061 5.409720197135 2.000136187232 3160873 -1 -11 11.045361017187 161.589255046256 2510638 -1.294380433495 5.511558859482 5.661510555333 0 
1784 552 0.004952403466 5.322967834352 5.32297013817 1.768690249193 2886656.5 0 -11 11 178.178002696548 2370228.5 0.161548044654 5.078438331829 5.081007150253 0 
1800 552 0.020481180022 4.395432068002 4.395479785319 0.94844764528 2483305 0 -12 12 178.784575942935 2176277 0.090610361705 4.270783120869 4.27174422258 0 
1816 552 -0.460274501893 3.247593882543 3.280048573272 8.090036483263 2051213.25 0 -14 14 179.976646285976 1953763 0.001220592052 2.994588748715 2.994588997471 0 
1832 552 0.127436062587 4.682960841586 4.684694461102 6.434708791529 1792737.125 0 -15 15 175.124080027909 1758831.125 -0.106621264305 1.249855215366 1.254394735871 0 
1848 552 0.120597360557 9.125422961112 9.126219805733 19.972129997509 1623473 0 -16 16 160.785020393231 1608120.875 -0.118463827897 0.339895622736 0.359948208601 0 
1864 552 -0.437518778848 9.469278079935 9.479380255955 4.739105366151 1596858.125 -7 -16 17.464249196573 148.986102584037 1588715.75 -0.034307098723 0.264709970825 0.266923857452 0 
1880 552 8.256783445823 10.373865201169 13.258640657445 47.643942501749 1635798 11 -16 19.416487838948 154.618379627571 1628367.125 -0.035538111791 0.221206706573 0.224043219988 0 
1896 552 0.028161204191 8.164574669226 8.164623235814 30.45715016993 1652951.875 -15 -16 21.931712199461 106.588083586931 1638414.125 -0.122156867102 0.20938582998 0.242414368338 0 
1912 552 -0.143741637706 0.348589147554 0.377062398288 18.814839343591 1763844.875 -6 -16 17.088007490635 118.220186165961 1711301 -0.17788679215 0.203028442253 0.269933805191 0 
1928 552 -0.163569371301 0.301044284936 0.342611442775 16.56697108136 1883302.125 -14 -16 21.260291625469 93.730105431285 1768276 -0.202727886936 0.202134543391 0.286281277371 0 
1944 552 -0.244747613234 0.326943184843 0.40840328145 4.868910195869 1972046 -11 -16 19.416487838948 103.804271485458 1833404.125 -0.180231432359 0.202378294487 0.270998788355 0 
1960 552 -1.785709614405 0.347704239393 1.819246290382 50.532602167896 2040316.875 -12 -16 20 114.681175126674 1912634 -0.11039742842 0.203759695541 0.231744699462 0 
1976 552 1.899994506238 0.376586096066 1.936955397392 71.068379691036 2001449.875 6 -16 17.088007490635 151.723275411076 1862964 0.027495651304 0.202810906586 0.20466625191 0 
1992 552 0.023140019029 0.372156178161 0.372874887092 45.920938399422 2099624 0 -16 16 130.521090909884 1956206 0.233447806813 0.199531927622 0.307100746737 0 
2008 552 0.378129316157 0.225108921035 0.440063411416 31.369686271693 2708958 0 -16 16 152.135980019271 2554636 0.109804135887 0.207699215567 0.234938103349 0 
2024 552 0.259099040237 0.082597987168 0.271946208166 128.818525768888 3047862 13 -16 20.615528128088 162.593611027782 2957102.75 -0.343435361476 0.227312770422 0.411848203965 0 
2040 552 -0.142794431628 0.239589173474 0.278914362753 30.252217272037 2579229.5 0 -16 16 118.952966918546 2561264.5 -0.464235362649 0.256831916623 0.530544159642 0 
2056 552 -2.029945789974 0.338606150149 2.057992719897 40.078194067855 2153075.25 -3 -16 16.2788205961 128.928601161397 2138889.5 -0.252595867632 0.29625665417 0.389323358514 0 
2072 552 0.230383354511 0.38195603021 0.446057058065 52.521707371001 2646476 0 -16 16 158.575295074103 2551562 -0.123067811572 0.313633902507 0.336915287642 0 
2088 552 0.130849797059 0.062156464744 0.144862332923 78.349722548267 3583508 -16 0 16 76.241555025579 3420094.75 -0.075651194469 0.308963661635 0.318090627708 0 
2104 552 0.037230684195 0.114670868049 0.120563393386 27.089255676757 5081866 0.037230684195 0.114670868049 0.120563393386 27.089255676757 5081866 -0.038280335323 0.238939406157 0.241986412608 0 
2120 552 0.050732924809 0.323111580147 0.327070210941 14.961951312119 7867842 0.050732924809 0.323111580147 0.327070210941 14.961951312119 7867842 -0.010955234133 0.103561136073 0.104138974739 0 
2136 552 -0.003960602816 0.003337131903 0.005179075594 56.516311 9964808 10.175639420247 -7.673591288785 12.744710309701 120.387264150238 9216612 0.003439541962 0.029577020842 0.02977634314 0 
2152 552 0.002121308031 -0.011877668612 0.012065610611 153.771050438925 8849265 0.002121308031 -0.011877668612 0.012065610611 153.771050438925 8849265 0.004903992963 0.016987060462 0.017680762714 0 
2168 552 0.006188301294 -0.002028712845 0.006512353546 74.892615023604 5351929 0.006188301294 -0.002028712845 0.006512353546 74.892615023604 5351929 0.005692205727 0.00867938108 0.010379444203 0 
2184 552 -0.00034103062 0.001820268112 0.001851938952 61.887669520838 1783876.875 -0.00034103062 0.001820268112 0.001851938952 61.887669520838 1783876.875 0.005804180254 0.004653982694 0.007439627903 0 
2200 552 0.002707571924 0 0.002707571924 12.12044370371 71763.9921875 0.002707571924 0 0.002707571924 12.12044370371 71763.9921875 0.005195957637 0.001115856124 0.005314424772 0 
2216 552 0 0 0 0 0 0 0 0 0 0 0.003867537877 -0.00193499863 0.004324588874 0 
2232 552 0 0 0 0 0 0 0 0 0 0 0.002308159686 -0.002707771999 0.003558037427 0 
2248 552 0 0 0 0 0 0 0 0 0 0 0.000517823062 -0.001202463982 0.001309221277 0 
2264 552 0 0 0 0 0 0 0 0 0 0 -0.000283008937 -0.00033735748 0.000440345464 0 
2280 552 0 0 0 0 0 0 0 0 0 0 -0.000094336312 -0.000112452493 0.000146781821 0 
2296 552 0 0 0 0 0 0 0 0 0 0 0 0 0 0 
2312 552 0 0 0 0 0 0 0 0 0 0 0 0 0 0 
2328 552 0 0 0 0 0 0 0 0 0 0 0 0 0 0 
2344 552 0 0 0 0 0 0 0 0 0 0 0 0 0 0 
2360 552 0 0 0 0 0 0 0 0 0 0 0 0 0 0 
2376 552 0 0 0 0 0 0 0 0 0 0 0 0 0 0 
2392 552 0 0 0 0 0 0 0 0 0 0 0 0 0 0 
2408 552 0 0 0 0 0 0 0 0 0 0 0 0 0 0 
2424 552 0 0 0 0 0 0 0 0 0 0 0 0 0 0 
2440 552 0 0 0 0 0 0 0 0 0 0 0 0 0 0 
2456 552 0 0 0 0 0 0 0 0 0 0 0 0 0 0 
2472 552 0 0 0 0 0 0 0 0 0 0 0 0 0 0 
2488 552 0 0 0 0 0 0 0 0 0 0 0 0 0 0 
2504 552 0 0 0 0 0 0 0 0 0 0 0 0 0 0 
2520 552 0 0 0 0 0 0 0 0 0 0 0 0 0 0 
2536 552 0 0 0 0 0 0 0 0 0 0 0 0 0 0 
24 568 0 0 0 0 0 0 0 0 0 0 0 0 0 0 
40 568 0 0 0 0 0 0 0 0 0 0 0 0 0 0 
56 568 0 0 0 0 0 0 0 0 0 0 0 0 0 0 
72 568 0 0 0 0 0 0 0 0 0 0 0 0 0 0 
88 568 0 0 0 0 0 0 0 0 0 0 0 0 0 0 
104 568 0 0 0 0 0 0 0 0 0 0 0 0 0 0 
120 568 0 0 0 0 0 0 0 0 0 0 0 0 0 0 
136 568 0 0 0 0 0 0 0 0 0 0 0 0 0 0 
152 568 0 0 0 0 0 0 0 0 0 0 0 0 0 0 
168 568 0 0 0 0 0 0 0 0 0 0 0 0 0 0 
184 568 0 0 0 0 0 0 0 0 0 0 0 0 0 0 
200 568 0 0 0 0 0 0 0 0 0 0 0 0 0 0 
216 568 0 0 0 0 0 0 0 0 0 0 0 0 0 0 
232 568 0 0 0 0 0 0 0 0 0 0 0 0 0 0 
248 568 0 0 0 0 0 0 0 0 0 0 0 0 0 0 
264 568 0 0 0 0 0 0 0 0 0 0 0 0 0 0 
280 568 0 0 0 0 0 0 0 0 0 0 0 0 0 0 
296 568 0 0 0 0 0 0 0 0 0 0 0 0 0 0 
312 568 0 0 0 0 0 0 0 0 0 0 0 0 0 0 
328 568 0 0 0 0 0 0 0 0 0 0 0 0 0 0 
344 568 0 0 0 0 0 0 0 0 0 0 0 0 0 0 
360 568 0 0 0 0 0 0 0 0 0 0 0 0 0 0 
376 568 0 0 0 0 0 0 0 0 0 0 0 0 0 0 
392 568 0 0 0 0 0 0 0 0 0 0 0 0 0 0 
408 568 0 0 0 0 0 0 0 0 0 0 0 0 0 0 
424 568 0 0 0 0 0 0 0 0 0 0 0 0 0 0 
440 568 0 0 0 0 0 0 0 0 0 0 0 0 0 0 
456 568 0 0 0 0 0 0 0 0 0 0 0 0 0 0 
472 568 0 0 0 0 0 0 0 0 0 0 0 0 0 0 
488 568 0 0 0 0 0 0 0 0 0 0 0 0 0 0 
504 568 0 0 0 0 0 0 0 0 0 0 0.000100183852 0.000866676022 0.000872447209 0 
520 568 -0.000783185823 0.000080938824 0.000787357051 90.693547108377 68349.984375 -0.000783185823 0.000080938824 0.000787357051 90.693547108377 68349.984375 0.000300551555 0.002600028067 0.002617341626 0 
536 568 -0.001499949089 0.003533145962 0.003838354811 67.103317375354 3486352.75 -0.001499949089 0.003533145962 0.003838354811 67.103317375354 3486352.75 0.002333866113 0.002408335467 0.003353656327 0 
552 568 0.006555471305 0.011448933385 0.013192887466 57.512562132046 7266546.5 0.006555471305 0.011448933385 0.013192887466 57.512562132046 7266546.5 0.006200127526 0.000291598224 0.006206980817 0 
568 568 0.094633242549 0.039674992661 0.102613623063 106.927817162581 7635414 0.094633242549 0.039674992661 0.102613623063 106.927817162581 7635414 0.002812100035 -0.027598112759 0.027741011778 0 
584 568 0.134053690328 0.024152536119 0.136212102589 105.717418402299 7420279.5 0.134053690328 0.024152536119 0.136212102589 105.717418402299 7420279.5 -0.007830216358 -0.081260797479 0.081637182063 0 
600 568 0.005726461781 -0.011462838233 0.012813626531 91.361666089115 7075457.5 0.005726461781 -0.011462838233 0.012813626531 91.361666089115 7075457.5 -0.217352127926 -0.10220197714 0.24018158057 0 
616 568 -0.056035634143 -0.079557663692 0.097310914835 46.619086797591 6680134.5 7 15 16.552945357247 123.239243305726 6623457.5 -0.625753634667 -0.090421651741 0.632252865872 0 
632 568 -0.070795914309 -0.201272189134 0.213360154671 64.922398021768 6388633.5 -16 15 21.931712199461 48.851068813874 6353793 -0.700985649982 -0.069951347802 0.704467226023 0 
648 568 -0.298595488425 -0.260649104413 0.396354918399 35.857920181059 6381189.5 -16 12 20 42.13024087001 6366573.5 -0.44304817387 -0.040791065325 0.444922010447 0 
664 568 -0.335625558917 -0.248692578916 0.417723011823 28.672701621919 6297044.5 -0.110698343257 11.548128390168 11.548658945479 97.315876780117 6286987.5 -0.168024995925 -0.02321104771 0.16962061193 0 
680 568 -4.227803624151 -0.152724973154 4.230561239576 170.034215192612 6067572.5 15 0 15 7.896934441476 6064044.5 0.124083883853 -0.017211294957 0.125271859993 0 
696 568 -0.139889441197 0.039384801153 0.145327968128 173.361070911598 6297990.5 0 15 15 99.085229792882 6281948.5 0.258945583752 -0.04140789953 0.262235446666 0 
712 568 -0.04549522021 0.193902242112 0.199168005859 125.251145005799 6755879 6 -16 17.088007490635 47.397251738071 6735069.5 0.236560103771 -0.095800861427 0.255222427984 0 
728 568 0.033417236213 0.225563936993 0.228025878681 116.963561288226 6895720 -16 -16 22.62741699797 99.609381040837 6854446.5 0.179581064997 -0.127577372755 0.220284690673 0 
744 568 0.021121138395 0.115667259685 0.117579834368 136.88506245186 7198484 0 -16 16 32.766593342617 7165220 0.088008467432 -0.136737433515 0.162611857083 0 
760 568 -0.061447975062 0.027869027419 0.067472485715 82.268146061911 7584532 -4 15 15.52417469626 132.940603478282 7576636.5 -0.040949916893 -0.065209000796 0.077000710895 0 
776 568 -0.197861911258 0.164648180596 0.257406991553 16.995745226205 7436337 0 -16 16 112.7693430879 7432064 -0.207294087977 0.087007925402 0.224813740668 0 
792 568 -0.172706610139 0.134248331302 0.218746857447 11.795542980149 7279368 -16 -13 20.615528128088 65.156959431721 7272074.5 -0.281387867822 0.137625854395 0.313241133882 0 
808 568 -1.253986984814 -0.006419640069 1.254003417005 18.51271227538 7291106.5 -14.546729598861 -15.010152518046 20.902440542611 64.117663797621 7244251 -0.263231256429 0.086644786182 0.277124544806 0 
824 568 -0.142857853431 0.013603949341 0.143504124416 22.781718467393 6557940.5 -0.142857853431 0.013603949341 0.143504124416 22.781718467393 6557940.5 -0.190386359332 0.102175971741 0.216071504417 0 
840 568 -0.094571972288 0.05811510671 0.111001007069 39.590049662787 5417753.5 -0.094571972288 0.05811510671 0.111001007069 39.590049662787 5417753.5 -0.062853176529 0.184219411072 0.194646636795 0 
856 568 -0.195622526745 0.025846731205 0.197322645645 84.663773783756 5255811.5 -0.195622526745 0.025846731205 0.197322645645 84.663773783756 5255811.5 0.020218323657 0.528603482105 0.528990001706 0 
872 568 0.035352985982 0.952098346311 0.952754477642 0.839674085532 5745856 0.035352985982 0.952098346311 0.952754477642 0.839674085532 5745856 0.058828141226 1.135328184839 1.136851282047 0 
888 568 -0.063367176334 1.229822945013 1.231454373949 4.965544850865 6876110 -0.063367176334 1.229822945013 1.231454373949 4.965544850865 6876110 0.064156347499 1.822638392183 1.823767185137 0 
904 568 0.016821748034 2.304857132625 2.304918517653 0.382501884359 7799705 -16 -14 21.260291625469 131.986586614182 7757628.5 0.036202942476 2.590534104135 2.590787061441 0 
920 568 -0.494823260237 2.961775840662 3.002826366809 9.068958424231 8282558.5 -0.494823260237 2.961775840662 3.002826366809 9.068958424231 8282558.5 -0.022684948684 3.125586854503 3.125669175063 0 
936 568 -0.367368189225 3.21120616154 3.232151666981 4.646484311378 9156999 -0.367368189225 3.21120616154 3.232151666981 4.646484311378 9156999 -0.11250732598 3.427796643285 3.429642507043 0 
952 568 -0.125705134339 3.506051405156 3.508304182422 0.582528185023 9968170 -0.125705134339 3.506051405156 3.508304182422 0.582528185023 9968170 -0.094624131407 3.685168381199 3.686383013746 0 
968 568 0.164364046605 3.537028293226 3.540845193863 2.205426946935 10203481 0.164364046605 3.537028293226 3.540845193863 2.205426946935 10203481 0.030964635035 3.897702068244 3.897825062957 0 
984 568 0.059312373174 3.351921598248 3.352446324465 6.741858168273 10200612 0.059312373174 3.351921598248 3.352446324465 6.741858168273 10200612 -0.425149101611 4.238400796991 4.259670535914 0 
1000 568 -0.931893756978 3.55954953413 3.679513399924 2.593830619129 10273930 -0.931893756978 3.55954953413 3.679513399924 2.593830619129 10273930 -1.462965341346 4.70726456744 4.9293617536 0 
1016 568 -0.591654832742 3.785559400821 3.831516073078 8.424083410751 10409057 -0.591654832742 3.785559400821 3.831516073078 8.424083410751 10409057 -1.521993280753 4.884418771471 5.116054171112 0 
1032 568 -0.026985538286 3.941984665932 3.942077031937 6.803746628409 10703688 -15 -12 19.209372712299 121.463839577469 10621160 -0.602232919833 4.769863409085 4.807731422517 0 
1048 568 -0.095555725024 4.040198498935 4.041328346891 0.650222261431 11352962 -4 -12 12.649110640674 159.559964981041 11324384 -0.164773168993 4.706507326688 4.709390768814 0 
1064 568 -0.229442436179 2.508180513868 2.518653076878 2.670039857755 12067724 -4 19 19.416487838948 9.331962150807 12063352 -0.209614028233 4.694350524282 4.699028078832 0 
1080 568 -2.140656629282 -2.333595527177 3.166714210178 133.047592835107 12191646 -3 19 19.235384061671 4.551038062278 12183711 -0.369895068481 4.783651283009 4.797931008166 0 
1096 568 -9.891981252723 -8.827126870548 13.257807582439 124.349243705848 12299933 -12 19 22.472205054244 24.880704349189 12297115 -0.645616289735 4.974409602871 5.016131107807 0 
1112 568 -0.313843195555 4.288380884386 4.299849783535 2.896265028274 12534099 6.900138902785 -10.559936871883 12.614443452483 153.920317405514 12533705 -0.615403146173 4.95346104469 4.991542582567 0 
1128 568 -7.974753259769 4.271226235523 9.046549790347 58.441443273281 12694918 0 -12 12 176.614657086232 12693583 -0.279255637793 4.720805608467 4.729057972173 0 
1144 568 -3.649900801893 8.777986576387 9.506567424622 20.784628996093 12761022 3 -12 12.369316876853 167.756746558256 12757418 -0.136537416116 4.36168843407 4.363824980667 0 
1160 568 2.37504507547 7.577815101987 7.941292138589 20.167792458974 12772637 14 -13 19.104973174543 135.644618444214 12767370 -0.187248481143 3.876109521497 3.880629719045 0 
1176 568 3.771942431374 7.734509839154 8.605242132419 30.115526438973 12771698 -2 -13 13.152946437966 167.135737570307 12766261 -0.233345143013 3.240975471968 3.249364855731 0 
1192 568 -15.443441928238 11.72156152577 19.388009263286 46.417405778806 12550143 14 -14 19.798989873223 141.384121710945 12546572 -0.274827401725 2.456286285481 2.471613322706 0 
1208 568 -14.116079851113 15.693930665618 21.108367300675 68.168631371617 12376227 -14 -13 19.104973174543 159.077386581476 12374208 1.541717159563 3.133392406502 3.492139712729 0 
1224 568 1.263788078218 5.112242762174 5.266135809685 30.808470710789 12223312 19 -11 21.9544984001 75.374518969911 12168910 5.216288540853 5.272293835032 7.416653451817 0 
1240 568 5.744933045068 4.184422752342 7.107295509731 0.685396067136 11247504 6 -12 13.416407864999 98.817932397257 11092092 6.816240000683 4.841003507846 8.360409242967 0 
1256 568 4.472979995785 1.231094954713 4.63930434766 0.78757753956 10238794 17 -15 22.671568097509 57.599705556026 10071776 6.341571539054 1.839521424944 6.602981800502 0 
1272 568 7.142460892979 0.037754870975 7.142560677938 4.613182365515 9944886 10 -16 18.867962264113 62.910660404836 9812060 7.147422314592 0.614766378425 7.173812336768 0 
1288 568 16.383557211962 1.101098989295 16.420516614951 3.356532651051 9885736 10 -15 18.02775637732 63.511392921816 9768116 9.233792327297 1.16673836829 9.307212212241 0 
1304 568 9.916648115758 1.253099956776 9.995507458525 7.133252105111 9929019 1 -15 15.033296378373 100.521087882684 9768410 5.463372979038 1.396167615426 5.638947447747 0 
1320 568 -14.267176464156 1.290519998318 14.325423767743 12.20872774178 9891312 7 -15 16.552945357247 132.394175334337 9673564 -4.163835730185 1.303054119834 4.362966654374 0 
1336 568 -6.398246286687 1.354632305559 6.540075246384 4.392281458616 9582952 6 -15 16.155494421404 128.147785947969 9243141 -6.816894177774 1.999390343031 7.104055741249 0 
1352 568 -11.781228404001 3.400635937544 12.262204837914 38.292099800473 9234578 -2 -13 13.152946437966 135.64665173428 8748270 -2.49580236373 3.485176285016 4.286663408344 0 
1368 568 0.032275840701 4.468498939904 4.468615502123 7.970390529679 8852042 -14 -12 18.439088914586 123.044742703786 8138111 -0.599151673727 4.516556139161 4.556123581108 0 
1384 568 -0.949439728447 5.437050013348 5.51932501721 2.570354844384 8689521 -9 -11 14.212670403552 128.23489403856 7597792 -1.126942107766 5.093529905468 5.216708292798 0 
1400 568 -0.214299729339 5.434468187657 5.438691833213 13.369126285323 8188128.5 4 -11 11.70469991072 175.644218951914 6774204.5 -1.463700733553 5.232750634554 5.433608289234 0 
1416 568 -0.636334878334 4.403473907174 4.449213922543 9.842378208144 8156008.5 0 -12 12 161.934875217859 6751372 -1.609427551088 4.934218326421 5.190064309331 0 
1432 568 0.611100560898 4.377227327854 4.419679057945 23.658118719721 8346669.5 6 -12 13.416407864999 169.145427361173 7107331 -1.244638668986 4.424836511103 4.596553444302 0 
1448 568 -0.088628764446 3.448989216851 3.450127776741 4.221336442261 8256521.5 0 -13 13 174.30665639069 7252980.5 -0.369334087245 3.704605188602 3.722970221667 0 
1464 568 6.983869061973 3.385774313254 7.761307542874 63.935863778647 8782596 2 -13 13.152946437966 171.053773111282 7914842 0.012792367511 3.663544643505 3.663566977636 0 
1480 568 1.76313125985 4.318014863148 4.664105937672 23.519704126949 8965240 -15 -12 19.209372712299 127.351273568632 8037506 -0.098259304717 4.301654875812 4.302776959309 0 
1496 568 -5.327606893775 3.454818271286 6.349737356947 46.020212762699 8338974 -1 -13 13.038404810405 164.58389567401 7191173 -0.614287006566 3.155117085866 3.214360333248 0 
1512 568 -3.10000366239 3.649645085213 4.788520852503 41.357058412139 7412808 -4 -16 16.492422502471 84.262169787353 6468371 -1.535290738038 0.223931273666 1.551535647554 0 
1528 568 -0.475014136966 3.515574007193 3.547520124026 114.473470299691 6801373.5 0 -17 17 57.831493229668 6124497 -2.061395944648 -1.296548451851 2.435239439687 0 
1544 568 -0.433370373539 3.592622852557 3.618666721512 115.797634136606 7201139.5 -2 -17 17.117242768624 50.614295739231 6395224.5 -2.192602626396 -1.406322090685 2.604850878655 0 
1560 568 -0.077966786322 4.690716972419 4.691364890424 176.059154356914 8046307 -16 -17 23.345235059858 48.157395582564 7105678.5 0.126617464355 -1.479021634641 1.484431533623 0 
1576 568 0.196946693547 5.29260442751 5.296267518375 105.05823283856 7194166 -1 -17 17.029386365926 76.1771389903 6565146.5 4.896264327605 -1.514647083719 5.125188792035 0 
1592 568 -0.482218796857 4.655472652333 4.680380388885 92.885168818816 7338858.5 -1 -16 16.031219541881 96.60483404087 6827645 5.405653386608 0.28599458748 5.413213596396 0 
1608 568 0.933205527346 4.618660139276 4.711994698469 11.448417494877 8758321 14 -13 19.104973174543 110.007596962807 8111295 1.654784641362 3.922903378957 4.257638210314 0 
1624 568 -0.366753999058 5.416885506263 5.429286977476 0.451897723467 9251186 13 -11 17.029386365926 133.657799846403 8566557 -0.330561286964 5.529028749545 5.538901486552 0 
1640 568 -0.837303325312 5.401811073321 5.466318663455 2.65676362314 9029724 -0.837303325312 5.401811073321 5.466318663455 2.65676362314 9029724 -0.55038439837 5.104370699241 5.133957851526 0 
1656 568 -0.029595011581 4.553863293051 4.553959459252 9.622207583074 8318432 0 -13 13 170.750145576713 7629342.5 0.629938560455 3.868029761314 3.918989260557 0 
1672 568 3.38890999086 5.287987649815 6.280726415849 27.796178314379 7802132 3 -15 15.297058540778 108.239317747212 7112410.5 3.210407589511 1.820005935764 3.690411697494 0 
1688 568 -0.166668362144 5.22428570572 5.226943607686 65.027331201033 7990620 10 -15 18.02775637732 83.109866573378 7264787 3.394616009357 1.71473903344 3.803123427367 0 
1704 568 0.688823400798 5.039832026249 5.086686989613 10.630261165285 8428845 9 -13 15.811388300842 126.89185722704 7613680 1.182563819995 3.552229054344 3.743900164653 0 
1720 568 0.106972327841 5.987366632765 5.988322158508 13.024044374291 8173813 8 -13 15.264337522474 160.392985151161 7192592.5 -0.729382436849 3.431331044385 3.507995364214 0 
1736 568 -2.109805152496 6.084661890851 6.440061188178 40.870213753594 7682133.5 -16 -15 21.931712199461 73.15861906346 6576196 -2.341222761174 1.352045003563 2.703580904855 0 
1752 568 -1.963403245233 5.92961557352 6.246222310575 40.222471456969 7527778.5 3 -15 15.297058540778 132.766817410187 6318159 -2.355502197492 1.441016588088 2.761325661622 0 
1768 568 0.047846891277 5.842639259978 5.842835172006 12.263513053375 7799924 -16 -13 20.615528128088 117.299545372627 6391541.5 -0.772220745804 3.698245797961 3.778008319524 0 
1784 568 0.051735463876 5.591392236501 5.591631577691 0.59767165691 7964443.5 -15 -12 19.209372712299 128.592262014742 6450468 -0.005363870137 4.549875482163 4.549878643908 0 
1800 568 0.007938415598 4.723389561977 4.723396232864 0.883888079761 7571738 -15 -13 19.849433241279 130.126789819237 6105561 -0.054931570491 3.995905640693 3.996283194014 0 
1816 568 -0.211903542766 2.498038118321 2.507009683272 2.74363872335 7135550.5 8 -14 16.124515496597 152.360157782465 5673718.5 -0.106460255393 2.896373102088 2.89832898969 0 
1832 568 -0.029088797516 1.373467232986 1.373775235701 6.071279608916 6270779 0 -15 15 172.715428832888 4902848 -0.159949924843 1.251277866348 1.261459582099 0 
1848 568 0.024022872107 0.335482307661 0.336341310484 57.607496335972 5084032.5 0 -16 16 126.488290010758 4073423.5 -0.535651399624 0.396191793468 0.666250973081 0 
1864 568 -1.166703981113 0.346516494675 1.217075125301 1.516435524755 4508884.5 -1 -16 16.031219541881 101.448893860363 3716343.75 -1.233564679737 0.331114883449 1.277230944323 0 
1880 568 11 0.369922645054 11.006218367965 166.517842799757 4355091 0 -16 16 101.556064319445 3627254 -1.414166436653 0.289156750655 1.443425902845 0 
1896 568 -9.166668362144 0.301305295236 9.17161892702 12.20132631481 4390162 -1 -16 16.031219541881 100.507607068137 3678392.75 -1.077456670373 0.270317395086 1.110848491297 0 
1912 568 -0.107518505903 0.236218857837 0.259537238002 46.856479475751 4711126.5 0 -16 16 108.670163734425 4012801.5 -0.756179973598 0.255513988785 0.798182655121 0 
1928 568 -0.150041677184 0.204598605715 0.25371853372 25.222697647425 5119186 0 -16 16 118.522972991697 4398050 -0.450336346329 0.24474653175 0.512546280475 0 
1944 568 -0.346162785393 0.190127098371 0.39493922004 15.791254794194 5355793 -12 -16 20 97.698791128261 4585553.5 -0.246276229426 0.242596026853 0.345694682379 0 
1960 568 -8.10000183113 0.216711293069 8.102900310929 58.432377003976 5475338.5 -7 -16 17.464249196573 126.335552151382 4679931 -0.14399962289 0.249062474095 0.287694295034 0 
1976 568 -11.89999816887 0.282611488005 11.90335354731 92.20898412876 5500236.5 15 -16 21.931712199461 133.278171952476 4720288.5 0.016870480049 0.270450529697 0.270976202111 0 
1992 568 0.06099440958 0.335978106714 0.341469773467 27.321789515462 5582387.5 4 -16 16.492422502471 128.35239404799 4848459.5 0.236334079392 0.306760193658 0.387241027649 0 
2008 568 3.028307592511 0.217998122633 3.036143945259 75.157213254651 5857313 3.028307592511 0.217998122633 3.036143945259 75.157213254651 5857313 0.124768337438 0.658720112123 0.670432192054 0 
2024 568 0.232947746517 1.227699966722 1.249604681848 24.219380705145 6113398.5 0.232947746517 1.227699966722 1.249604681848 24.219380705145 6113398.5 -0.31782674581 1.326330285091 1.363878977586 0 
2040 568 -0.403434841386 1.343908957262 1.403157495313 1.756790334741 5728093.5 -8 -15 17 136.974805956193 4960356 -0.448792374856 1.680463048334 1.739359264943 0 
2056 568 -3.075011189576 1.263825566264 3.324597551278 58.802618329387 5266874.5 -7 -15 16.552945357247 146.128322913849 4394177 -0.268128549699 1.721118401852 1.741878719187 0 
2072 568 0.007939055097 1.207215820844 1.207241925503 5.825264679151 4530802.5 15 16 21.931712199461 48.60086363128 4179641.25 -0.155200691286 1.627157363406 1.634542241688 0 
2088 568 0.039890588784 1.268548229854 1.269175271796 6.298604145226 3247458.75 -16 -14 21.260291625469 126.688442506506 3173720.75 -0.110008799618 1.398579932996 1.402899770109 0 
2104 568 0.388767187992 1.150277646002 1.214198743761 22.343129112361 2958933.25 0 -15 15 176.33093251162 2902414.25 -0.064178191961 1.000829719517 1.002885321357 0 
2120 568 0.047436245546 0.071175772123 0.085534717681 36.019208148783 4787549.5 -0.059725137255 -14.973507386909 14.973626499878 177.434370761036 4612669.5 -0.017708868316 0.433906722969 0.43426794523 0 
2136 568 -0.026935127668 -0.024510283709 0.036417785627 133.354223470688 7630833 -16 15 21.931712199461 47.900433499814 6939384 0.00227388448 0.123733325633 0.123754217798 0 
2152 568 -0.03603775333 -0.020361119015 0.041391965798 116.023337260566 10103030 -0.03603775333 -0.020361119015 0.041391965798 116.023337260566 10103030 -0.004229933575 0.07030952751 0.070436652367 0 
2168 568 0.005338168838 -0.00269812692 0.005981298807 126.26840383594 10028601 15 -16 21.931712199461 146.302130197951 8539511 -0.005970720749 0.035854432508 0.03634817515 0 
2184 568 0.000897554237 -0.007386745741 0.007441076283 178.691058471728 7289099 0.000897554237 -0.007386745741 0.007441076283 178.691058471728 7289099 -0.00294847704 0.020368040629 0.020580344893 0 
2200 568 0.000932173045 -0.003109660296 0.003246372398 172.794622363988 4538850 0.000932173045 -0.003109660296 0.003246372398 172.794622363988 4538850 -0.00152798556 0.009148920022 0.009275638923 0 
2216 568 -0.001246275556 0.000865789499 0.001517496036 17.330530662191 1978825.75 -0.001246275556 0.000865789499 0.001517496036 17.330530662191 1978825.75 -0.001709246309 0.002197070686 0.002783638365 0 
2232 568 0 -0.000023337503 0.000023337503 57.441553955345 284642.96875 0 -0.000023337503 0.000023337503 57.441553955345 284642.96875 -0.001998187813 -0.001275853461 0.002370771307 0 
2248 568 0 0 0 0 0 0 0 0 0 0 -0.002394810069 -0.00126985242 0.002710653139 0 
2264 568 0 0 0 0 0 0 0 0 0 0 -0.001346507636 -0.001210181975 0.001810420732 0 
2280 568 0 0 0 0 0 0 0 0 0 0 0.001146719488 -0.001096842126 0.001586829617 0 
2296 568 0 0 0 0 0 0 0 0 0 0 0.001892383566 -0.000912820606 0.00210103713 0 
2312 568 0 0 0 0 0 0 0 0 0 0 0.000890484598 -0.000658117414 0.001107285578 0 
2328 568 0 0 0 0 0 0 0 0 0 0 0.000292151336 -0.000398074363 0.000493776874 0 
2344 568 0 0 0 0 0 0 0 0 0 0 0.000097383779 -0.000132691454 0.000164592291 0 
2360 568 0 0 0 0 0 0 0 0 0 0 0 0 0 0 
2376 568 0 0 0 0 0 0 0 0 0 0 0 0 0 0 
2392 568 0 0 0 0 0 0 0 0 0 0 0 0 0 0 
2408 568 0 0 0 0 0 0 0 0 0 0 0 0 0 0 
2424 568 0 0 0 0 0 0 0 0 0 0 0 0 0 0 
2440 568 0 0 0 0 0 0 0 0 0 0 0 0 0 0 
2456 568 0 0 0 0 0 0 0 0 0 0 0 0 0 0 
2472 568 0 0 0 0 0 0 0 0 0 0 0 0 0 0 
2488 568 0 0 0 0 0 0 0 0 0 0 0 0 0 0 
2504 568 0 0 0 0 0 0 0 0 0 0 0 0 0 0 
2520 568 0 0 0 0 0 0 0 0 0 0 0 0 0 0 
2536 568 0 0 0 0 0 0 0 0 0 0 0 0 0 0 
24 584 0 0 0 0 0 0 0 0 0 0 0 0 0 0 
40 584 0 0 0 0 0 0 0 0 0 0 0 0 0 0 
56 584 0 0 0 0 0 0 0 0 0 0 0 0 0 0 
72 584 0 0 0 0 0 0 0 0 0 0 0 0 0 0 
88 584 0 0 0 0 0 0 0 0 0 0 0 0 0 0 
104 584 0 0 0 0 0 0 0 0 0 0 0 0 0 0 
120 584 0 0 0 0 0 0 0 0 0 0 0 0 0 0 
136 584 0 0 0 0 0 0 0 0 0 0 0 0 0 0 
152 584 0 0 0 0 0 0 0 0 0 0 0 0 0 0 
168 584 0 0 0 0 0 0 0 0 0 0 0 0 0 0 
184 584 0 0 0 0 0 0 0 0 0 0 0 0 0 0 
200 584 0 0 0 0 0 0 0 0 0 0 0 0 0 0 
216 584 0 0 0 0 0 0 0 0 0 0 0 0 0 0 
232 584 0 0 0 0 0 0 0 0 0 0 0 0 0 0 
248 584 0 0 0 0 0 0 0 0 0 0 0 0 0 0 
264 584 0 0 0 0 0 0 0 0 0 0 0 0 0 0 
280 584 0 0 0 0 0 0 0 0 0 0 0 0 0 0 
296 584 0 0 0 0 0 0 0 0 0 0 0 0 0 0 
312 584 0 0 0 0 0 0 0 0 0 0 0 0 0 0 
328 584 0 0 0 0 0 0 0 0 0 0 0 0 0 0 
344 584 0 0 0 0 0 0 0 0 0 0 0 0 0 0 
360 584 0 0 0 0 0 0 0 0 0 0 0 0 0 0 
376 584 0 0 0 0 0 0 0 0 0 0 0 0 0 0 
392 584 0 0 0 0 0 0 0 0 0 0 0 0 0 0 
408 584 0 0 0 0 0 0 0 0 0 0 0 0 0 0 
424 584 0 0 0 0 0 0 0 0 0 0 0 0 0 0 
440 584 0 0 0 0 0 0 0 0 0 0 0 0 0 0 
456 584 0 0 0 0 0 0 0 0 0 0 0 0 0 0 
472 584 0 0 0 0 0 0 0 0 0 0 0 0 0 0 
488 584 0 0 0 0 0 0 0 0 0 0 0 0 0 0 
504 584 0 0 0 0 0 0 0 0 0 0 -0.000101607899 -0.002075975288 0.002078460382 0 
520 584 0 0 0 0 5624.99951171875 0 0 0 0 5624.99951171875 -0.000304823697 -0.006227925864 0.006235381147 0 
536 584 -0.001153153696 0.010252120506 0.010316769761 179.580994830823 4626749.5 -0.001153153696 0.010252120506 0.010316769761 179.580994830823 4626749.5 0.001384785083 -0.011550338349 0.011633054015 0 
552 584 0.001532328097 0.015118216578 0.015195673789 158.820470437131 10106397 0.001532328097 0.015118216578 0.015195673789 158.820470437131 10106397 0.004967218442 -0.018043212745 0.018714453912 0 
568 584 0.018998781017 0.02093269914 0.028268915321 140.106088830999 10745668 0.018998781017 0.02093269914 0.028268915321 140.106088830999 10745668 -0.004212849145 -0.10338917214 0.103474968054 0 
584 584 0.081313222646 -0.052225523467 0.096640289106 62.870987871658 10184309 0.081313222646 -0.052225523467 0.096640289106 62.870987871658 10184309 -0.026155417678 -0.267588216535 0.268863458846 0 
600 584 -0.002565212205 -0.031419343242 0.03152388687 12.117384405979 9547413 -0.002565212205 -0.031419343242 0.03152388687 12.117384405979 9547413 -0.112427369669 -0.372732186896 0.389318888058 0 
616 584 -0.070587908252 -0.00942827293 0.071214781625 50.262446386744 9085397 -0.070587908252 -0.00942827293 0.071214781625 50.262446386744 9085397 -0.263028705115 -0.418821083223 0.494565667497 0 
632 584 -0.00376130738 -0.1012139806 0.101283845218 32.797512471038 8926582 -0.00376130738 -0.1012139806 0.101283845218 32.797512471038 8926582 -0.287233414247 -0.41134527361 0.501705061148 0 
648 584 -0.314834388273 -0.199701776433 0.372829037964 29.768382216852 8947351 -0.314834388273 -0.199701776433 0.372829037964 29.768382216852 8947351 -0.185041497063 -0.350304758057 0.396173925382 0 
664 584 -0.452387527008 -0.221554679494 0.503727059624 45.064334311483 8865871 -0.452387527008 -0.221554679494 0.503727059624 45.064334311483 8865871 -0.104112096593 -0.305083911637 0.322359305429 0 
680 584 -0.395860392784 -0.15443484887 0.424918313468 59.529676130586 8742863 -0.395860392784 -0.15443484887 0.424918313468 59.529676130586 8742863 -0.044445212836 -0.275682734351 0.279242451936 0 
696 584 -0.098443245499 -0.182884801712 0.207696709848 28.218222833339 8724071 -0.098443245499 -0.182884801712 0.207696709848 28.218222833339 8724071 -0.000454334385 -0.349544795079 0.349545090348 0 
712 584 0.035157869006 -0.457831248678 0.459179189445 1.36316006596 8708680 0.035157869006 -0.457831248678 0.459179189445 1.36316006596 8708680 0.027860538762 -0.526670093819 0.527406482083 0 
728 584 -0.22944234427 -1.407436639463 1.426016017949 8.270661973661 8558114 -0.22944234427 -1.407436639463 1.426016017949 8.270661973661 8558114 -0.01050830215 -0.609130554811 0.609221189076 0 
744 584 -0.019228109881 -0.408228988932 0.408681572394 8.259826492977 8454180 -12 15 19.209372712299 130.383653490694 8387168.5 -0.11556085712 -0.596926178056 0.608009188867 0 
760 584 -0.388792528543 -0.230869397308 0.452172874977 35.319596086868 8268329 10 15 18.02775637732 170.288017082531 8180797.5 -0.223214665475 -0.501864877677 0.549266003253 0 
776 584 -0.286663362556 -0.246658512077 0.378174966135 3.459857375615 7640911.5 0 15 15 134.170094055112 7577498.5 -0.333469727215 -0.323946653676 0.46491235023 0 
792 584 -0.81344115794 -0.087381634677 0.818121059202 21.082655027353 7308919 15 14 20.518284528683 164.188915371066 7291247.5 -0.342062018835 -0.175901528835 0.384639795882 0 
808 584 -1.629754362735 0.172202164679 1.638826674293 19.085147119853 6703269 0 -16 16 76.946426725264 6633294 -0.248991540336 -0.057729503156 0.255596327621 0 
824 584 -0.252380540194 -0.128474204739 0.283198796523 50.63924073029 5663566.5 -16 -6 17.088007490635 44.216936433046 5581764 -0.15984274262 0.070035968493 0.174512862709 0 
840 584 -0.094426929531 0.026920930709 0.098189518437 54.299758962061 5299994 -0.094426929531 0.026920930709 0.098189518437 54.299758962061 5299994 -0.074615625686 0.207394886111 0.220409007034 0 
856 584 -0.785709614405 0.094075775841 0.791321584293 81.612450234729 5245695 -0.785709614405 0.094075775841 0.791321584293 81.612450234729 5245695 -0.010552869881 0.387533346275 0.387677001559 0 
872 584 0.086459291031 0.187540534013 0.206510679878 21.717432063247 5654780 0.086459291031 0.187540534013 0.206510679878 21.717432063247 5654780 0.032345524795 0.610451348985 0.61130768231 0 
888 584 -0.038358568871 0.32008962913 0.322379823318 9.340593699518 7129713 -0.038358568871 0.32008962913 0.322379823318 9.340593699518 7129713 0.04083661294 0.932686439396 0.933580003637 0 
904 584 0.107549625544 1.123265079581 1.128402127329 4.838011340471 8506279 12 16 20 36.238663949021 8468493 0.014920394552 1.35423861751 1.354320808128 0 
920 584 -0.258761253211 1.192826486139 1.220570527335 10.828973239835 9254772 -0.258761253211 1.192826486139 1.220570527335 10.828973239835 9254772 -0.045571231802 1.850607207102 1.85116821822 0 
936 584 -0.263969682052 2.181616778717 2.197528557772 3.575548587205 10016860 -0.263969682052 2.181616778717 2.197528557772 3.575548587205 10016860 -0.140638266122 2.421792208174 2.425872342369 0 
952 584 -0.249211060776 2.654437107873 2.666109996318 2.276657515201 10509880 8 -14 16.124515496597 153.34193726118 10422056 -0.154584524078 2.866533844648 2.870698984149 0 
968 584 -0.180966458337 3.392817275909 3.397640052558 1.481026206051 10812952 -0.180966458337 3.392817275909 3.397640052558 1.481026206051 10812952 -0.087410005671 3.184832116523 3.186031405923 0 
984 584 0.066850059306 3.212886384871 3.213581779342 4.738070144345 10861280 0.066850059306 3.212886384871 3.213581779342 4.738070144345 10861280 -0.216556667476 3.494528113956 3.501231716048 0 
1000 584 0.137660814246 3.095049068314 3.098108977271 10.673746228204 10791674 0.137660814246 3.095049068314 3.098108977271 10.673746228204 10791674 -0.542024509494 3.795621836949 3.834127762349 0 
1016 584 0.168606357705 3.12394181298 3.128488541571 11.228476177188 11185068 0.168606357705 3.12394181298 3.128488541571 11.228476177188 11185068 -0.562893589502 3.935846036751 3.97589401495 0 
1032 584 -0.075315446878 3.220128502446 3.221009156895 2.73859027766 11701024 -2.937275695717 -11.141792187637 11.522461614827 161.152876055638 11616868 -0.2791639075 3.915200713364 3.92514064884 0 
1048 584 -0.145313444781 3.29131406194 3.294520337099 0.462215308647 11929196 -14.980236531562 -12.019251499288 19.205985867554 126.675700909805 11901986 -0.134606224473 3.731765713795 3.734192573813 0 
1064 584 -0.176415956832 2.903584561151 2.908938963536 1.291077389175 12115028 -7 18 19.313207915828 19.06468075724 12101992 -0.129220540422 3.385541038044 3.388006208428 0 
1080 584 0.129656150616 0.933334405317 0.942297102585 18.501408227493 12045481 0 18 18 10.592657231695 12031896 -0.59271960862 3.169415572104 3.224362200984 0 
1096 584 -0.883393343507 1.812602145962 2.016410260562 0.335038039063 12087765 -16 18 24.083189157585 15.315658225137 12083311 -1.525103429069 3.083389315973 3.439946241326 0 
1112 584 -0.853000201601 2.544884801678 2.684035766852 7.817058453409 12235727 -13 -13 18.38477631085 108.652704303573 12233728 -1.535635201389 3.100675346886 3.460110269707 0 
1128 584 -0.667133192251 3.033495904781 3.105988425691 1.434660522772 12227127 -10.778484875276 -10.331394322909 14.930286161424 122.818194178299 12223231 -0.624314925582 3.221273664841 3.281215194117 0 
1144 584 -0.240757768129 3.250673959511 3.25957750237 1.330002912777 12013257 -0.240757768129 3.250673959511 3.25957750237 1.330002912777 12013257 -0.162883385193 3.208919676852 3.213050962817 0 
1160 584 -1.100014652297 2.855240105712 3.059808539196 18.241686415731 11815224 -1.100014652297 2.855240105712 3.059808539196 18.241686415731 11815224 -0.151340580223 3.063613382917 3.067349170083 0 
1176 584 0.138147672321 1.960717172811 1.965577933109 7.187120363191 11993900 0.138147672321 1.960717172811 1.965577933109 7.187120363191 11993900 -0.159167566164 2.885914289858 2.890300261655 0 
1192 584 0.001355695137 1.819246773162 1.819247278291 4.026770791055 12320374 0 17 17 3.984074222118 12312414 -0.186364343014 2.675822397674 2.682304451817 0 
1208 584 5.053352445287 5.678022704768 7.60107313293 0.70960836543 12571007 6 21 21.840329667842 25.013584187157 12556880 5.604492470712 6.456561051128 8.549708560016 0 
1224 584 1.865100573851 4.408271361281 4.786591328416 27.490999474047 13237006 32 4 32.249030993194 32.451192640326 13236533 17.213402875015 14.22813025022 22.332508344447 0 
1240 584 28.613584089019 4.994622435744 29.046229491881 27.703052352893 13233023 1 5 5.099019513593 41.085552759718 13232904 17.741568334475 13.665074146996 22.394139822947 0 
1256 584 -0.823735281801 0.292305435351 0.874060799956 126.912157311937 12939933 -9 19 21.023796041629 81.795746251683 12930185 7.188988849092 4.767392741456 8.626099595046 0 
1272 584 1.506625614896 0.743297987924 1.680003762589 1.051980987913 12715821 1.506625614896 0.743297987924 1.680003762589 1.051980987913 12715821 2.276877455206 1.175764814214 2.562536603518 0 
1288 584 16.157180690445 -0.161642351983 16.157989234854 44.455256281124 12708259 16.157180690445 -0.161642351983 16.157989234854 44.455256281124 12708259 3.005234152815 2.890190365272 4.169488297232 0 
1304 584 -7.044185954465 -1.243608311337 7.153119416948 126.024296095666 12740814 12 18 21.633307652784 7.677826752774 12726062 1.731477524362 3.54813091392 3.948068819015 0 
1320 584 12.211913557934 -5.010293431141 13.199767915104 138.428235649755 12731113 -17 -5 17.720045146669 80.268624588704 12731076 -1.544392430154 3.149586460156 3.507854450845 0 
1336 584 10.90825485617 -7.981796883766 13.51662330247 164.813053879791 12840367 -2 18 18.110770276275 32.279151989108 12835349 -2.455115882904 3.073341895894 3.933576541462 0 
1352 584 -1.14661394213 -9.661414022928 9.729216024671 156.455419752402 12762079 -1 18 18.02775637732 13.596560766064 12757340 -1.000692833889 3.319397221132 3.46695602214 0 
1368 584 15 18 23.43074902772 46.541759488432 12380678 15 -13 19.849433241279 137.650571616192 12380253 -0.41335214247 3.499621899469 3.523948557077 0 
1384 584 -8.488303355554 15.063655735231 17.290604904557 18.544732123023 11948498 -9 -13 15.811388300842 134.448511672526 11932523 -0.693093808646 3.614015930906 3.67987638059 0 
1400 584 7.640415670781 14.002214674733 15.951111792588 46.44229850875 11609081 11 -13 17.029386365926 157.586512262778 11569534 -1.126028614661 3.502364670193 3.678926300437 0 
1416 584 -7.357156871829 12.251533974021 14.290830695004 2.570813097592 11719212 -1 -13 13.038404810405 147.186910668284 11666144 -1.712156560515 3.164668117329 3.598139016291 0 
1432 584 -14.369579929804 12.279307127312 18.901487001976 22.237686592417 11685662 -11 -14 17.804493814765 114.595503518038 11640766 -1.436008181433 2.788508584139 3.136542622214 0 
1448 584 -0.141588466908 12.704380766626 12.705169733513 6.506634450251 11746783 -1 -14 14.035668847618 168.769222116618 11711354 -0.297583477417 2.373886070624 2.392465465233 0 
1464 584 -6.732934674562 13.573439872722 15.151589992814 30.61342557258 12130867 -8 -14 16.124515496597 154.485410160293 12113141 0.174223053469 2.355417025904 2.361851612248 0 
1480 584 -16 14 21.260291625469 48.382471049465 12229682 -16 -14 21.260291625469 130.754321380884 12220250 -0.020588588775 2.733101449981 2.733178996311 0 
1496 584 -0.665646385324 11.010968742206 11.031070562376 142.526835643981 11278191 -1 -18 18.02775637732 30.83384117687 11261901 -1.41865239457 -2.102156521294 2.536067163274 0 
1512 584 -3.200012819053 -26.044855860634 26.240704998977 11.302328877697 8803507 -1 3 3.162277660168 143.258156826329 8773215 -4.019968363916 -12.150356887919 12.798098223982 0 
1528 584 0.15968772887 -29.84174553709 29.84217279072 18.158168589876 7211068.5 3 -2 3.605551275464 74.161505541072 7178517.5 -5.62814049371 -17.47554565053 18.359484230247 0 
1544 584 0 -34 34 19.052430007624 7116288 1 -3 3.162277660168 37.487378830546 7109060.5 -6.243168783953 -18.077722809127 19.12540766699 0 
1560 584 0.139876851315 -31.378978888208 31.379290648454 1.684478300193 7793237 1 -3 3.162277660168 16.495067050953 7741723 0.627642307401 -18.530775282837 18.541401442421 0 
1576 584 0.301172857763 -29.632934982851 29.634465420995 37.922342723658 7203042 0 -3 3 38.504645473819 7135079 14.984292780352 -18.834703071658 24.068133910315 0 
1592 584 3.565949562566 0.998919971384 3.703219868168 54.589133657343 8318370 3 -29 29.154759474227 45.153737169472 8300917.5 16.579281757209 -13.396973436758 21.315522063748 0 
1608 584 2.179550622054 3.168711784373 3.845929703793 77.757726884302 9490617 16.76256504899 -9.818423667771 19.426400344415 8.079727386729 9394853 5.41260923797 -2.217586378136 5.849275861801 0 
1624 584 -0.035456220576 4.10212612514 4.10227935301 2.201144624591 9696840 13 18 22.203603311175 38.534014241463 9548127 -0.148269120334 3.148288236918 3.151777681684 0 
1640 584 -0.5 3.645745576479 3.679872390235 5.617550313266 9972143 -0.5 3.645745576479 3.679872390235 5.617550313266 9972143 -0.103353317702 2.700650408404 2.702627339589 0 
1656 584 2.618269335603 3.381719801828 4.276840321059 53.624055862246 9813206 2.618269335603 3.381719801828 4.276840321059 53.624055862246 9813206 3.43739528171 -0.082363046031 3.438381886015 0 
1672 584 4.029413665689 5.608809488449 6.90615076341 80.712484244977 9480362 5 -21 21.587033144923 50.201248737443 9388532 10.473976677902 -5.200752126386 11.694101510135 0 
1688 584 -1.369227453553 5.907020158077 6.063635128163 128.818988207231 9772838 -6 -21 21.840329667842 80.176901983105 9668967 10.551603825984 -5.093688392471 11.716740363262 0 
1704 584 2.597494877746 4.249245916809 4.980268115417 54.840195749328 10256149 15 -16 21.931712199461 50.570648559623 10035944 3.670276725955 0.238828155716 3.678038897707 0 
1720 584 -1.832071347802 3.828217206211 4.244023138646 77.447769843967 9745469 -1.832071347802 3.828217206211 4.244023138646 77.447769843967 9745469 -2.180790554618 -0.504363881905 2.238354388492 0 
1736 584 -3.874971378123 2.840652388267 4.804654948302 82.530653203233 8811006 -15.464296372545 -15.630806519357 21.987873356546 0.979558996625 8666039 -7.001598015734 -7.323264505332 10.131760843456 0 
1752 584 -15.5 2.761307212679 15.744040698715 56.983827407148 8834466 -12.210561481412 -16.870191330158 20.825493204424 7.220544463156 8710920 -7.087781689121 -7.569565264125 10.369906825063 0 
1768 584 -1.663269891997 4.497191162341 4.794913459517 96.709972454645 9957492 0.737984465371 -13.489806424426 13.509977736458 66.124644644774 9829374 -2.439341574781 -1.243266158282 2.737900301104 0 
1784 584 0.280379736696 4.916578574396 4.924566749975 6.387266424071 10383111 12.079050078399 -13.559100237312 18.159092764837 141.427300157937 10256925 -0.108880597974 1.995349440801 1.998317886503 0 
1800 584 0.203027378839 4.881315529428 4.885535939321 4.953388920475 10725191 -6.078986488581 -12.514752714346 13.913055459876 151.520366578423 10626246 -0.096398758701 2.146281533124 2.148445284411 0 
1816 584 0.148452171909 4.193303357864 4.195930301902 5.443132500093 11432669 11.973668367087 -13.313921910921 17.906123277111 141.449445713581 11369604 -0.106421846627 1.783092029854 1.786265040907 0 
1832 584 0.006537249932 1.940516802848 1.940527814222 8.914396826164 11058793 2 -16 16.124515496597 178.403637904885 10963430 -0.138949861752 0.905780930989 0.916376646922 0 
1848 584 -1.020028212876 0.113863568419 1.026363711009 11.385142262576 10079561 -1.020028212876 0.113863568419 1.026363711009 11.385142262576 10079561 -1.309399906176 0.419257583297 1.37488364433 0 
1864 584 -3.110441458512 -0.110037153946 3.1123872256 7.136216027433 9237960 -3.110441458512 -0.110037153946 3.1123872256 7.136216027433 9237960 -3.617771979899 0.323521986778 3.632208773525 0 
1880 584 2.599989012647 -0.124560260367 2.60297101873 179.190378014488 8776254 -1 15 15.033296378373 82.633474409397 8592828 -4.147150921974 0.257461494213 4.155135038796 0 
1896 584 0.57998820675 -0.079782393309 0.585449869972 176.530722682494 8692989 0.57998820675 -0.079782393309 0.585449869972 176.530722682494 8692989 -2.8975367324 0.221076105601 2.90595832043 0 
1912 584 -0.88358098203 -0.06581533505 0.886028786289 10.206011725587 8850402 -16 -16 22.62741699797 50.946085359109 8694753 -1.784740706918 0.185886002597 1.79439488321 0 
1928 584 -0.045509513219 -0.074863986611 0.08761125661 69.341389334432 8961104 15 -16 21.931712199461 143.789026999919 8871199 -0.808762845527 0.1518911852 0.822902346847 0 
1944 584 0.045484845023 -0.045898208796 0.064618238117 162.844129711325 9193755 0 -16 16 118.103300717796 9122151 -0.260225510275 0.138966748131 0.29500690379 0 
1960 584 -0.794084373756 -0.081094710451 0.798214472874 52.428741808218 9521642 1 -16 16.031219541881 140.174043093871 9438544 -0.139128701162 0.14711269139 0.202481948467 0 
1976 584 0.537016623774 -0.189491251512 0.569467987343 115.09332877519 9467377 0.537016623774 -0.189491251512 0.569467987343 115.09332877519 9467377 -0.021229579012 0.214302386518 0.215351359161 0 
1992 584 -0.283401307507 -0.252188970517 0.379362067091 147.013569461109 9214576 11 15 18.601075237738 20.905041928016 9174043 0.093471856173 0.340535833516 0.353131196306 0 
2008 584 1.017453303311 1.007778745511 1.432071654744 41.244721615777 9030038 -16 16 22.62741699797 49.028978928574 8997970 0.097638103963 1.386214125663 1.389648445303 0 
2024 584 0.033220952392 3.592978181872 3.593131760329 0.679011546175 9440863 -6 -13 14.317821063276 155.075593969945 9384876 -0.008730835643 3.351337262959 3.351348635637 0 
2040 584 -0.425425532992 4.494716399292 4.514804801338 4.380481309637 10333886 15 4 15.52417469626 76.095047104573 10270742 -0.077844045613 4.344679277265 4.345376591014 0 
2056 584 -0.245407616703 4.290064175066 4.297077556261 1.834713297738 10218818 15 4 15.52417469626 76.507833095383 10165698 -0.109701525946 4.36624016858 4.367618073334 0 
2072 584 -0.074341290869 4.34717643034 4.347812041019 0.784692921274 8089384.5 0 -12 12 178.235584462797 7800731.5 -0.124528016923 4.042513852765 4.044431415761 0 
2088 584 -0.221783874981 4.512455867278 4.517902836641 0.737139124779 4873428 15 3 15.297058540778 80.76670942539 4647988.5 -0.122323518544 3.373500329821 3.375717333914 0 
2104 584 -1 2.447121120179 2.64355854424 20.072028100619 3764833.75 15 2 15.132745950422 84.560386350944 3687865 -0.089161123645 2.369409015728 2.371085993755 0 
2120 584 -0.014986653207 1.275441731277 1.275529776076 0.71914312529 3805254.75 15 8 17 63.31986017992 3689827 -0.025040832224 1.030239910486 1.030544184612 0 
2136 584 -0.044861141554 0.233098246182 0.237375892614 10.110270787878 3645381.5 15 -16 21.931712199461 137.631057226425 3259166 -0.004055815328 0.296595212535 0.296622942027 0 
2152 584 -0.079432005556 0.155942227851 0.175006919674 18.15140795234 4950065 15 -16 21.931712199461 145.689047246769 4147161 -0.026206072955 0.168474921873 0.170500901933 0 
2168 584 -0.055056172267 0.097118541439 0.111638672493 8.861939087395 7844945 0 -16 16 159.313185150484 6972609 -0.032566776935 0.086245492817 0.092189370272 0 
2184 584 -0.013260335707 0.017644153105 0.022071534651 12.052971648114 10593321 -16 -3 16.2788205961 75.7461988471 9948726 -0.023137927269 0.049906925367 0.055009679856 0 
2200 584 0.001053068164 -0.004462244565 0.00458482051 158.75188609315 11038143 0.001053068164 -0.004462244565 0.00458482051 158.75188609315 11038143 -0.017303086338 0.025151041416 0.030528211234 0 
2216 584 -0.000871525511 -0.012868584 0.012898062291 124.618061067457 9199996 -0.000871525511 -0.012868584 0.012898062291 124.618061067457 9199996 -0.015062254143 0.011977840965 0.019244224433 0 
2232 584 -0.001514416736 -0.008013556209 0.00815539951 94.902371143319 6284196.5 -0.001514416736 -0.008013556209 0.00815539951 94.902371143319 6284196.5 -0.012149655933 0.003393164945 0.012614583133 0 
2248 584 -0.00011914016 -0.000512987234 0.00052664056 72.898063555822 2964638.5 -0.00011914016 -0.000512987234 0.00052664056 72.898063555822 2964638.5 -0.008565291707 -0.000602986642 0.008586490256 0 
2264 584 -0.002204655926 0.002274377451 0.003167538562 85.631077719915 662008 -0.002204655926 0.002274377451 0.003167538562 85.631077719915 662008 -0.003284832409 -0.002730925978 0.004271777224 0 
2280 584 0 0 0 0 0 0 0 0 0 0 0.003691721964 -0.002990653062 0.004751085855 0 
2296 584 0 0 0 0 0 0 0 0 0 0 0.005677150699 -0.002738461817 0.006303111389 0 
2312 584 0 0 0 0 0 0 0 0 0 0 0.002671453795 -0.001974352241 0.003321856733 0 
2328 584 0 0 0 0 0 0 0 0 0 0 0.000876454008 -0.00119422309 0.001481330623 0 
2344 584 0 0 0 0 0 0 0 0 0 0 0.000292151336 -0.000398074363 0.000493776874 0 
2360 584 0 0 0 0 0 0 0 0 0 0 0 0 0 0 
2376 584 0 0 0 0 0 0 0 0 0 0 0 0 0 0 
2392 584 0 0 0 0 0 0 0 0 0 0 0 0 0 0 
2408 584 0 0 0 0 0 0 0 0 0 0 0 0 0 0 
2424 584 0 0 0 0 0 0 0 0 0 0 0 0 0 0 
2440 584 0 0 0 0 0 0 0 0 0 0 0 0 0 0 
2456 584 0 0 0 0 0 0 0 0 0 0 0 0 0 0 
2472 584 0 0 0 0 0 0 0 0 0 0 0 0 0 0 
2488 584 0 0 0 0 0 0 0 0 0 0 0 0 0 0 
2504 584 0 0 0 0 0 0 0 0 0 0 0 0 0 0 
2520 584 0 0 0 0 0 0 0 0 0 0 0 0 0 0 
2536 584 0 0 0 0 0 0 0 0 0 0 0 0 0 0 
24 600 0 0 0 0 0 0 0 0 0 0 0 0 0 0 
40 600 0 0 0 0 0 0 0 0 0 0 0 0 0 0 
56 600 0 0 0 0 0 0 0 0 0 0 0 0 0 0 
72 600 0 0 0 0 0 0 0 0 0 0 0 0 0 0 
88 600 0 0 0 0 0 0 0 0 0 0 0 0 0 0 
104 600 0 0 0 0 0 0 0 0 0 0 0 0 0 0 
120 600 0 0 0 0 0 0 0 0 0 0 0 0 0 0 
136 600 0 0 0 0 0 0 0 0 0 0 0 0 0 0 
152 600 0 0 0 0 0 0 0 0 0 0 0 0 0 0 
168 600 0 0 0 0 0 0 0 0 0 0 0 0 0 0 
184 600 0 0 0 0 0 0 0 0 0 0 0 0 0 0 
200 600 0 0 0 0 0 0 0 0 0 0 0 0 0 0 
216 600 0 0 0 0 0 0 0 0 0 0 0 0 0 0 
232 600 0 0 0 0 0 0 0 0 0 0 0 0 0 0 
248 600 0 0 0 0 0 0 0 0 0 0 0 0 0 0 
264 600 0 0 0 0 0 0 0 0 0 0 0 0 0 0 
280 600 0 0 0 0 0 0 0 0 0 0 0 0 0 0 
296 600 0 0 0 0 0 0 0 0 0 0 0 0 0 0 
312 600 0 0 0 0 0 0 0 0 0 0 0 0 0 0 
328 600 0 0 0 0 0 0 0 0 0 0 0 0 0 0 
344 600 0 0 0 0 0 0 0 0 0 0 0 0 0 0 
360 600 0 0 0 0 0 0 0 0 0 0 0 0 0 0 
376 600 0 0 0 0 0 0 0 0 0 0 0 0 0 0 
392 600 0 0 0 0 0 0 0 0 0 0 0 0 0 0 
408 600 0 0 0 0 0 0 0 0 0 0 0 0 0 0 
424 600 0 0 0 0 0 0 0 0 0 0 0 0 0 0 
440 600 0 0 0 0 0 0 0 0 0 0 0 0 0 0 
456 600 0 0 0 0 0 0 0 0 0 0 0 0 0 0 
472 600 0 0 0 0 0 0 0 0 0 0 0 0 0 0 
488 600 0 0 0 0 0 0 0 0 0 0 0 0 0 0 
504 600 0 0 0 0 0 0 0 0 0 0 -0.000239724865 -0.003360411784 0.003368951672 0 
520 600 0 0 0 0 0 0 0 0 0 0 -0.000719174596 -0.010081235352 0.010106855017 0 
536 600 -0.001729421212 0.001387751999 0.002217375327 131.129668978282 3912292 -0.001729421212 0.001387751999 0.002217375327 131.129668978282 3912292 0.000725203613 -0.017413150142 0.017428244838 0 
552 600 0.005327096258 0.007654799824 0.009325980639 135.994821408422 9321780 -16 0 16 99.170511303786 7916198 0.004093409763 -0.025356156153 0.025684443898 0 
568 600 -0.179704575346 0.034171785994 0.182924698601 93.824018053255 10819622 10 -16 18.867962264113 38.947922639228 10738661 -0.015959976257 -0.131070132626 0.132038253959 0 
584 600 -0.006741030548 -0.00449796269 0.008103897902 46.213033256693 10586503 0 -16 16 10.073707621026 10525031 -0.059434954445 -0.334555079558 0.339793488855 0 
600 600 -0.076876407569 -0.012783218508 0.077931974927 68.39283191102 10289300 6 -16 17.088007490635 32.722296144318 10248368 -0.098789013767 -0.458223852364 0.468751925987 0 
616 600 -0.193100722084 0.067638295946 0.204604076078 94.35825610593 10311782 7 -16 17.464249196573 38.575187747794 10292138 -0.134022154223 -0.502076451044 0.519656329237 0 
632 600 -0.113782625673 -0.423576453027 0.438592632706 0.037250573165 10521030 0 -16 16 15.073296002944 10497838 -0.131833033161 -0.489501923404 0.506943864396 0 
648 600 -0.143238456117 -0.761969699268 0.775316114829 1.723462581653 10636000 0 15 15 167.63007015184 10603676 -0.092221650582 -0.420500269443 0.430494261794 0 
664 600 -0.158233070878 -0.609624356028 0.629825023465 0.18653944721 10551148 12 15 19.209372712299 155.704161692316 10518129 -0.094068093262 -0.367329845961 0.379183361849 0 
680 600 -0.112559330991 -0.578667432861 0.589513020083 11.594134976283 10306603 -0.112559330991 -0.578667432861 0.589513020083 11.594134976283 10306603 -0.137372361199 -0.329990652958 0.357442298366 0 
696 600 -0.038329003602 -1.109632020799 1.110293805305 16.737470344474 9829106 -0.038329003602 -1.109632020799 1.110293805305 16.737470344474 9829106 -0.143892274138 -0.424725718836 0.448438315488 0 
712 600 0.07647037615 -1.485774235326 1.487740836567 12.839216997614 9134682 0 15 15 170.107103548424 9059400 -0.113627832078 -0.651535043597 0.661369183783 0 
728 600 -0.04342851171 -1.371302317498 1.37198982562 9.885950949698 8175409 -0.04342851171 -1.371302317498 1.37198982562 9.885950949698 8175409 -0.156135122327 -0.75395623279 0.769953360527 0 
744 600 -0.046820692956 -0.673401397563 0.675027125032 16.366967889436 7064699 -0.046820692956 -0.673401397563 0.675027125032 16.366967889436 7064699 -0.271414144885 -0.731989286415 0.780688128173 0 
760 600 0.023494828645 -0.302468279547 0.303379411143 35.545917428578 6098689 0.023494828645 -0.302468279547 0.303379411143 35.545917428578 6098689 -0.380797050755 -0.631148081791 0.737125698245 0 
776 600 -1.530289127696 -0.18356888742 1.541259988053 36.148935808083 5510498.5 -1.530289127696 -0.18356888742 1.541259988053 36.148935808083 5510498.5 -0.484283839938 -0.451432618918 0.662059096341 0 
792 600 -0.38763466286 -0.064081355801 0.39289572664 22.563667609819 6206885 -0.38763466286 -0.064081355801 0.39289572664 22.563667609819 6206885 -0.442746509191 -0.276127734012 0.521795934146 0 
808 600 -0.528653031586 0.80931791671 0.966679635719 79.178547950145 6860185 -15 -16 21.931712199461 24.516166896913 6807268 -0.256185058515 -0.105233427073 0.27695641964 0 
824 600 -0.496512397776 0.26688972035 0.563697333659 9.887740902995 7245788 -0.496512397776 0.26688972035 0.563697333659 9.887740902995 7245788 -0.136615850525 0.045370766148 0.143952759736 0 
840 600 -0.017612890921 0.091246691959 0.092931010541 14.638977929836 8226900 -0.017612890921 0.091246691959 0.092931010541 14.638977929836 8226900 -0.084038885222 0.17568484565 0.194750351015 0 
856 600 -0.239809513989 0.035493919848 0.242421990227 70.909200620756 8593578 -0.239809513989 0.035493919848 0.242421990227 70.909200620756 8593578 -0.049948047713 0.265061576881 0.269726615315 0 
872 600 0.093289578543 0.005105539807 0.093429181745 93.119146474685 8536191 0.093289578543 0.005105539807 0.093429181745 93.119146474685 8536191 -0.034343337999 0.313500959842 0.315376468188 0 
888 600 -0.007876087863 -0.027829747927 0.028922787378 160.795382159733 9015583 -0.007876087863 -0.027829747927 0.028922787378 160.795382159733 9015583 -0.02802148639 0.471295182178 0.472127474782 0 
904 600 0.056310892387 0.093487518336 0.109136761387 33.464584532113 9834821 0.056310892387 0.093487518336 0.109136761387 33.464584532113 9834821 -0.030982492887 0.738444243888 0.739093915681 0 
920 600 -0.025314254751 3.023597137848 3.023703104389 2.72487979721 10561177 0 -15 15 176.7954378887 10536653 -0.067357723306 1.203062408287 1.204946563596 0 
936 600 -0.09530918256 3.599569949523 3.60083152366 2.688754093814 11075682 10 -15 18.02775637732 150.515406166248 11052831 -0.137147177648 1.865149675375 1.870185194008 0 
952 600 -0.328402588713 3.53378064245 3.549007451279 1.085202545658 11232019 -15 -14 20.518284528683 128.800885951934 11196865 -0.172704147552 2.338272441475 2.344641706774 0 
968 600 -0.1406328859 3.348739189741 3.351690882152 1.391903975089 11656014 -0.1406328859 3.348739189741 3.351690882152 1.391903975089 11656014 -0.174028633015 2.622430706589 2.628198770255 0 
984 600 -0.079447305602 2.536296415865 2.537540420071 1.772492247637 12017566 -0.079447305602 2.536296415865 2.537540420071 1.772492247637 12017566 -0.173082978767 2.776869256989 2.782258181397 0 
1000 600 0.224166328325 2.297909329418 2.308817409191 9.041441553448 11988970 -16 -12 20 123.400161211562 11982756 -0.169867184807 2.801588092677 2.806733101224 0 
1016 600 -0.133177927549 2.613017943967 2.616409588708 1.993454106726 12174357 -16 -14 21.260291625469 126.274796371136 12159115 -0.245848400267 2.861167367314 2.871710316118 0 
1032 600 -1.629872181969 3.008427171415 3.421566508964 20.720560072931 12328309 15 -14 20.518284528683 140.751961693763 12300316 -0.401026625148 2.955607080899 2.982689318507 0 
1048 600 -0.193595702341 2.432904306295 2.440594734804 5.127564022927 12254984 -15 -14 20.518284528683 123.347839574211 12242246 -0.475500144978 2.788463489263 2.828715082653 0 
1064 600 0.047243995244 2.229539270968 2.230039765537 12.461305364092 12228520 -8 -14 16.124515496597 139.007730731554 12219308 -0.469268959757 2.359736592406 2.405944750432 0 
1080 600 0.171701806949 2.268389146167 2.274878200906 28.567558732789 12137941 0 -14 14 155.761092182085 12130685 -0.92216670312 2.048192939728 2.246215872683 0 
1096 600 -0.858740158944 3.418891992294 3.525089660641 30.595308626998 12115346 -1 -15 15.033296378373 131.49102880487 12113504 -1.834193375066 1.853832531228 2.607865102143 0 
1112 600 2.868681567026 3.201212434007 4.29849915443 84.043899842568 12187874 -9 -15 17.492855684536 106.856606996563 12186416 -1.778266512997 1.962555987745 2.648368893542 0 
1128 600 -0.230992055644 3.151972961237 3.160425743177 13.434744814698 12057048 0 17 17 17.62616799679 12055946 -0.754386116913 2.374363309279 2.491324855944 0 
1144 600 -0.227453896562 2.837871902116 2.846972463492 0.243156853544 11706738 0 -14 14 175.174413096989 11706516 -0.21859085554 2.589261429249 2.598471995447 0 
1160 600 -0.245311072283 1.616973748133 1.635475962629 4.876724639794 11311742 9.226991308272 -12.6758192376 15.678448964972 147.698187503169 11310872 -0.170880728878 2.607250347654 2.612844158928 0 
1176 600 0.094703688936 1.446758186965 1.449854489337 7.383169662642 11293874 5 17 17.720045146669 20.027515089499 11289875 -0.160407396165 2.522918151788 2.528012368119 0 
1192 600 0.055130699188 1.254176896447 1.255388020325 7.097461544956 11476907 -16 17 23.345235059858 38.683802739233 11464945 -0.187170857402 2.336264841648 2.343750485906 0 
1208 600 1.757210996512 1.880981626128 2.574078935093 0.875310139537 11441993 20 21 29 1.426569326336 11400029 5.626079312947 6.209872003288 8.379455753973 0 
1224 600 6 -2 6.324555320337 57.736460197004 12483522 6 29 29.614185789922 39.009119450478 12483216 17.279343114882 14.143739636707 22.329824661039 0 
1240 600 1.829277222478 3.359969480592 3.825656815135 23.126464598728 12970805 32 3 32.140317359976 32.952393061606 12970497 17.2899624945 13.658816764157 22.034202469299 0 
1256 600 0.364733010334 3.245065935825 3.265498904713 43.542368549673 13190090 11 -12 16.2788205961 87.534271895495 13183132 5.657937451803 4.755103385639 7.390755334648 0 
1272 600 -3.592007795503 2.429368105083 4.336398205072 49.837119362137 13227958 -16 16 22.62741699797 38.90862904899 13221304 -0.124176083583 1.16360337055 1.170210452735 0 
1288 600 -13.85355135018 2.440972893399 14.06695538055 78.887362223366 13299247 -5.780514950349 -11.279353520189 12.674311378715 151.745693154258 13297588 -0.056378111658 2.884316718892 2.884867661844 0 
1304 600 0.125684487208 3.139690861105 3.142205482401 3.314229075222 12741185 0.125684487208 3.139690861105 3.142205482401 3.314229075222 12741185 -0.064662769817 3.625282582417 3.625859219024 0 
1320 600 0.388252855746 3.715138139342 3.735370353042 8.485869965558 12141794 0.388252855746 3.715138139342 3.735370353042 8.485869965558 12141794 -0.149030058058 3.386500961127 3.389778564732 0 
1336 600 4.971692407489 3.785576191325 6.248864896524 55.993992947059 12130502 4.971692407489 3.785576191325 6.248864896524 55.993992947059 12130502 -0.183176126502 3.195695776566 3.200941266203 0 
1352 600 0.232792603423 3.404252145714 3.412202377909 7.044962196418 12220188 12 18 21.633307652784 36.823068821491 12187064 -0.16710097515 3.052867028737 3.057436807367 0 
1368 600 0.165435002984 4.322969107951 4.326133452462 6.471313799221 12156202 14.140034005144 -10.427520495035 17.569113390863 130.686534444036 12154256 -0.222321265985 2.97082766586 2.979134734374 0 
1384 600 0.033270313173 -10.962865464146 10.96291594872 173.429025922833 11724674 0.049926583118 4.818990446861 4.819249069164 7.338440807688 11721764 -0.348836999008 2.949577687937 2.9701339682 0 
1400 600 10.532587991776 -11.598863464831 15.66745172261 152.118964560385 11189815 -0.270667556864 4.636708602362 4.644601983977 11.019787085856 11186819 -0.711621926228 2.77951135828 2.869161751574 0 
1416 600 -1.279277241285 4.170512805806 4.362307568646 10.989349906043 11224724 -4.046681061566 -12.031199124794 12.693517242848 133.367289872571 11218410 -1.310676047644 2.460628676889 2.787932062909 0 
1432 600 2.514077195448 3.513131083728 4.320031730917 63.269321464929 11450672 6.357181763831 -12.553739459073 14.071607384541 179.176595474687 11438002 -1.116597027817 2.128523826898 2.403622808222 0 
1448 600 0.208665419541 2.856752057215 2.864362681944 8.327614271442 11414645 -11.699919075203 -13.119374579893 17.578569217483 134.1232883517 11407832 -0.129384866746 1.783196808309 1.787884588251 0 
1464 600 1.305608156642 2.309165799819 2.652707927712 18.446545732529 11546037 4.381401755911 -13.251709581051 13.957237841608 150.667226058768 11531237 0.326153801473 1.672090756983 1.703603182024 0 
1480 600 2.28205251723 1.925803034389 2.986047725449 41.910683833522 11598988 -9.518171277642 -13.392439592558 16.430247189584 152.526730124988 11578780 0.250018976839 1.79520567292 1.812532178159 0 
1496 600 -0.693817188298 1.845231626069 1.971360455275 139.752200488569 11354617 -10.239662171449 -13.977881761658 17.327200002548 16.583816386207 11346735 -1.141315885225 -3.197897503723 3.395460262496 0 
1512 600 -2.694771837888 1.395914944694 3.03485976465 101.257046887443 11267334 -3 -29 29.154759474227 10.221356421009 11265051 -3.847850784719 -13.307218772947 13.852365398463 0 
1528 600 -5.09522386801 -21.335568416299 21.935537055465 2.939213631575 10020003 -5 -3 5.830951894845 42.665587478684 9940617 -5.482692773695 -18.663877600646 19.452512617722 0 
1544 600 -9.083203723784 -25.667398177627 27.227190804352 2.067173912581 9756548 -6 -4 7.211102550928 38.889204068476 9672516 -6.045841852153 -19.267873986821 20.194137061862 0 
1560 600 -4.910230554657 -27.116842226056 27.557820966337 12.650122095755 10462556 0 -4 4 2.386400682199 10356572 0.822910632931 -19.746071566327 19.763211384092 0 
1576 600 2.690744203339 -26.985896173821 27.119710482822 31.266388138094 9907206 16.606781525795 -10.959840762044 19.897318969521 19.616226495634 9804833 15.123564681558 -20.098470339164 25.15294652027 0 
1592 600 8.157465868748 -28.693053379805 29.830111660135 32.871270277996 10164367 9 1 9.055385138137 47.598413566366 10150077 16.756796304338 -14.699570374186 22.290526946906 0 
1608 600 4.094620353963 2.585261797354 4.842467801023 64.076219545269 10394386 -6 -19 19.924858845171 75.716847914693 10133936 5.72260550127 -3.549371671393 6.733962650985 0 
1624 600 0.367857783214 1.490014271087 1.534751405509 6.532300392702 11165705 0.367857783214 1.490014271087 1.534751405509 6.532300392702 11165705 0.234531305149 1.821800189738 1.836834468433 0 
1640 600 2.563792390827 1.08952166314 2.785693608011 55.285549331109 11262124 2.563792390827 1.08952166314 2.785693608011 55.285549331109 11262124 0.292573715975 1.413945209206 1.443897653546 0 
1656 600 3.00220455327 -1.065784340606 3.185769677857 0.529621587392 11375006 3.00220455327 -1.065784340606 3.185769677857 0.529621587392 11375006 3.78382292175 -1.304002811244 4.002216790092 0 
1672 600 7.549160701712 -5.8444299448 9.547103680171 7.149647733221 11521783 -6 -22 22.803508501983 74.658348115873 11304612 10.708278922474 -6.332043871613 12.440338302214 0 
1688 600 5.544097694467 -5.376380132523 7.722854561313 13.98744460961 11749539 17 -22 27.802877548916 22.173088079801 11526713 10.702306035418 -6.212065914958 12.374535038033 0 
1704 600 3.037380017199 0.093591988702 3.038821618528 15.83828486688 12298811 3.037380017199 0.093591988702 3.038821618528 15.83828486688 12298811 3.765904260579 -0.944068941278 3.882434940309 0 
1720 600 -1.727470032683 -0.957510533819 1.975089652698 10.639544846014 11347973 -1.727470032683 -0.957510533819 1.975089652698 10.639544846014 11347973 -2.116626791782 -1.753422055447 2.748562875435 0 
1736 600 -5.428626105284 -5.2149283487 7.527646316947 7.356462377423 10157767 4 -24 24.331050121193 48.256070952233 10004237 -6.945287121666 -8.640125257465 11.085521082343 0 
1752 600 0.164726067521 -2.05592025557 2.062508854425 43.117498625222 9920847 7 -24 25 54.796791515653 9845240 -7.041588159419 -8.840895797925 11.30245116409 0 
1768 600 1.472781984033 0.597605480389 1.589408406509 157.68487518058 10157313 1.472781984033 0.597605480389 1.589408406509 157.68487518058 10157313 -2.405529905042 -2.355733676826 3.366905891198 0 
1784 600 0.221510525985 2.937341352483 2.945681777472 6.465527505615 10031761 12.093060009272 -13.198946637659 17.901237184385 139.656554945353 9934089 -0.043043004037 1.144974071517 1.145782843581 0 
1800 600 0.126652666488 3.326733153371 3.32914318882 0.598521825239 10068573 8.544379191736 -12.674302345687 15.285429523636 144.432382664227 9954428 0.045872543597 1.661227447105 1.661860680464 0 
1816 600 0.271361227811 3.389946915791 3.400790644518 2.691340372986 10671337 -11.363583044919 -11.817949750717 16.394967396407 138.00823479882 10564071 0.057194053434 1.737490573841 1.738431665017 0 
1832 600 0.217991112152 4.107720542754 4.113500721081 3.416391009263 10995450 0.217991112152 4.107720542754 4.113500721081 3.416391009263 10995450 -0.009078474525 1.373763451725 1.373793448811 0 
1848 600 -12.608669037709 4.357390218279 13.340366727225 24.034874824665 11118899 -17 -15 22.671568097509 84.523016989093 11068231 -1.200889476645 1.123746996672 1.644671045421 0 
1864 600 -2.953486542984 4.267562354302 5.189910520177 39.63624747491 10809686 9 -16 18.357559750686 135.035245167007 10777134 -3.518238952928 0.987441208682 3.654181915354 0 
1880 600 -3.82945807336 4.129936774747 5.632151178638 34.617009330694 10523556 -16 -16 22.62741699797 57.544962788303 10481425 -4.010638553406 0.892439766985 4.108730989462 0 
1896 600 -1.920744244402 4.607395516663 4.991728347914 49.979698548628 10552124 8 -16 17.888543819998 133.954933659316 10514707 -2.67808827808 0.838742671582 2.806358155033 0 
1912 600 -0.765361249746 4.366545157898 4.43311340466 52.450842702733 10715722 14 -10 17.204650534085 172.069755015462 10686718 -1.552186631564 0.811719971991 1.751620007917 0 
1928 600 -0.220457948723 4.273406234768 4.279088986515 35.003851647002 10888594 -0.220457948723 4.273406234768 4.279088986515 35.003851647002 10888594 -0.632933613859 0.811371668213 1.029042731635 0 
1944 600 0.169912457366 3.689140245504 3.693051041371 0.884121075623 11177581 0.169912457366 3.689140245504 3.693051041371 0.884121075623 11177581 0.052535931083 0.853781161526 0.855395987734 0 
1960 600 -0.023450657729 2.23640583681 2.236528783688 28.836889066941 11541172 -0.023450657729 2.23640583681 2.236528783688 28.836889066941 11541172 0.504222003261 0.938948451931 1.065769217024 0 
1976 600 0.101975126344 2.184912738997 2.187291156528 25.050334553094 11814328 -14 -15 20.518284528683 164.69746107059 11757148 0.575819087689 1.09572677709 1.237814522366 0 
1992 600 -0.147136076439 2.852342944421 2.856135378021 14.367020435225 11819248 14 -15 20.518284528683 125.560858151842 11693475 0.267327184367 1.324116137003 1.350832101993 0 
2008 600 -0.010617882338 3.818628882843 3.818643644582 3.003011463436 11517296 15 -14 20.518284528683 130.181367801778 11372279 0.122836415113 2.472916525078 2.475965453087 0 
2024 600 -0.033049366379 5.093907072078 5.09401428341 2.166748849408 11135004 -0.033049366379 5.093907072078 5.09401428341 2.166748849408 11135004 0.142346779929 4.542127941313 4.544357912952 0 
2040 600 -0.083325078208 5.171495624847 5.17216686375 2.202093194496 11064813 -16 -11 19.416487838948 125.78752495663 11020907 0.124217003359 5.56365666403 5.565043156987 0 
2056 600 -0.034287022952 5.009317122178 5.009434462142 1.100339962133 10634383 15 5 15.811388300842 70.856874653933 10572605 0.068447085404 5.537502693229 5.537925702013 0 
2072 600 0.225933432008 4.149067699845 4.155214638692 3.013851735715 9735460 0.413179003842 -10.775595928232 10.783514478023 177.701073094722 9708094 0.008934788116 4.967462493123 4.96747052845 0 
2088 600 -0.305030737955 4.245848654344 4.256791578959 3.301595561204 7964190 15 3 15.297058540778 79.49766195084 7799961.5 -0.054319888506 3.853536063712 3.853918894401 0 
2104 600 -0.345600192542 3.787513820103 3.803248667988 3.696147416062 6125469.5 15 2 15.132745950422 83.922853394726 6017271 -0.068336585339 2.579565547794 2.580470558689 0 
2120 600 0.031489720647 2.220483537179 2.220706811218 2.468314952271 4199077 -16 1 16.031219541881 84.767834586087 3913803.25 -0.033115302384 1.145550945367 1.146029489884 0 
2136 600 -0.147887002817 5.077445889857 5.07959913084 4.399987709055 2555439 15 -13 19.849433241279 136.982710962983 2507664.25 -0.039933969335 0.375636627778 0.377753356087 0 
2152 600 0.072071299886 2.780500027402 2.781433924192 19.700009452639 3065706.75 11 -16 19.416487838948 163.706697092392 2874205 -0.088792586191 0.269822595025 0.284056959339 0 
2168 600 0.028570003293 1.47005850305 1.470336100175 17.424334977111 4768218 -16 7 17.464249196573 50.059667854825 4244566 -0.081658002806 0.279050530474 0.290752864096 0 
2184 600 -0.006557474013 0.756546795972 0.756575214344 2.133950013704 6809426.5 -0.006557474013 0.756546795972 0.756575214344 2.133950013704 6809426.5 -0.018530219178 0.403320434124 0.403745887415 0 
2200 600 0.012981715676 0.202741009411 0.203156200591 4.50569159056 8759924 0.012981715676 0.202741009411 0.203156200591 4.50569159056 8759924 -0.005602563799 0.381218202804 0.381259369551 0 
2216 600 -0.019705761195 0.038463805959 0.043217836516 15.732554260732 10859591 -0.019705761195 0.038463805959 0.043217836516 15.732554260732 10859591 -0.042875036669 0.212743836517 0.217021217269 0 
2232 600 -0.013314413941 0.011409893394 0.017534516984 22.074282119238 11586110 -16 6 17.088007490635 42.113424911148 10278626 -0.052738357554 0.102045245791 0.114867604424 0 
2248 600 -0.001866644214 -0.00414370366 0.004544737687 120.130769423674 9688533 -0.001866644214 -0.00414370366 0.004544737687 120.130769423674 9688533 -0.035192526455 0.049122430627 0.060427866991 0 
2264 600 -0.001572728299 -0.008957874453 0.009094888071 122.29169478964 7208679 -0.001572728299 -0.008957874453 0.009094888071 122.29169478964 7208679 -0.018642470221 0.016933384162 0.025184939847 0 
2280 600 0.001523805189 -0.002500022555 0.002927814036 178.048386820115 4335657.5 0.001523805189 -0.002500022555 0.002927814036 178.048386820115 4335657.5 -0.003088188851 0.005478106394 0.006288605572 0 
2296 600 0.000040764156 -0.000376814419 0.000379012958 71.708621327816 1318025.875 0.000040764156 -0.000376814419 0.000379012958 71.708621327816 1318025.875 0.003716528927 -0.000797913404 0.003801217313 0 
2312 600 0 0 0 0 30012.998046875 0 0 0 0 30012.998046875 0.001771683112 -0.001894675233 0.002593965167 0 
2328 600 0 0 0 0 0 0 0 0 0 0 0.000856620951 -0.002116104899 0.002282914671 0 
2344 600 0 0 0 0 0 0 0 0 0 0 0.000971342442 -0.001462202403 0.001755432143 0 
2360 600 0 0 0 0 0 0 0 0 0 0 0.000716473828 -0.000984403882 0.001217532648 0 
2376 600 0 0 0 0 0 0 0 0 0 0 0.000092015109 -0.000682709334 0.000688882294 0 
2392 600 0 0 0 0 0 0 0 0 0 0 -0.000165160687 -0.000398896546 0.000431736617 0 
2408 600 0 0 0 0 0 0 0 0 0 0 -0.000055053562 -0.000132965515 0.000143912206 0 
2424 600 0 0 0 0 0 0 0 0 0 0 0 0 0 0 
2440 600 0 0 0 0 0 0 0 0 0 0 0 0 0 0 
2456 600 0 0 0 0 0 0 0 0 0 0 0 0 0 0 
2472 600 0 0 0 0 0 0 0 0 0 0 0 0 0 0 
2488 600 0 0 0 0 0 0 0 0 0 0 0 0 0 0 
2504 600 0 0 0 0 0 0 0 0 0 0 0 0 0 0 
2520 600 0 0 0 0 0 0 0 0 0 0 0 0 0 0 
2536 600 0 0 0 0 0 0 0 0 0 0 0 0 0 0 
24 616 0 0 0 0 0 0 0 0 0 0 0 0 0 0 
40 616 0 0 0 0 0 0 0 0 0 0 0 0 0 0 
56 616 0 0 0 0 0 0 0 0 0 0 0 0 0 0 
72 616 0 0 0 0 0 0 0 0 0 0 0 0 0 0 
88 616 0 0 0 0 0 0 0 0 0 0 0 0 0 0 
104 616 0 0 0 0 0 0 0 0 0 0 0 0 0 0 
120 616 0 0 0 0 0 0 0 0 0 0 0 0 0 0 
136 616 0 0 0 0 0 0 0 0 0 0 0 0 0 0 
152 616 0 0 0 0 0 0 0 0 0 0 0 0 0 0 
168 616 0 0 0 0 0 0 0 0 0 0 0 0 0 0 
184 616 0 0 0 0 0 0 0 0 0 0 0 0 0 0 
200 616 0 0 0 0 0 0 0 0 0 0 0 0 0 0 
216 616 0 0 0 0 0 0 0 0 0 0 0 0 0 0 
232 616 0 0 0 0 0 0 0 0 0 0 0 0 0 0 
248 616 0 0 0 0 0 0 0 0 0 0 0 0 0 0 
264 616 0 0 0 0 0 0 0 0 0 0 0 0 0 0 
280 616 0 0 0 0 0 0 0 0 0 0 0 0 0 0 
296 616 0 0 0 0 0 0 0 0 0 0 0 0 0 0 
312 616 0 0 0 0 0 0 0 0 0 0 0 0 0 0 
328 616 0 0 0 0 0 0 0 0 0 0 0 0 0 0 
344 616 0 0 0 0 0 0 0 0 0 0 0 0 0 0 
360 616 0 0 0 0 0 0 0 0 0 0 0 0 0 0 
376 616 0 0 0 0 0 0 0 0 0 0 0 0 0 0 
392 616 0 0 0 0 0 0 0 0 0 0 0 0 0 0 
408 616 0 0 0 0 0 0 0 0 0 0 0 0 0 0 
424 616 0 0 0 0 0 0 0 0 0 0 0 0 0 0 
440 616 0 0 0 0 0 0 0 0 0 0 0 0 0 0 
456 616 0 0 0 0 0 0 0 0 0 0 0 0 0 0 
472 616 0 0 0 0 0 0 0 0 0 0 0 0 0 0 
488 616 0 0 0 0 0 0 0 0 0 0 0 0 0 0 
504 616 0 0 0 0 0 0 0 0 0 0 -0.000314167047 -0.002986633466 0.003003111785 0 
520 616 0 0 0 0 0 0 0 0 0 0 -0.000942501141 -0.008959900399 0.009009335356 0 
536 616 -0.003582874994 -0.030248084625 0.030459540652 8.09531696339 2288598 -0.003582874994 -0.030248084625 0.030459540652 8.09531696339 2288598 0.000355121703 -0.015180099911 0.015184253183 0 
552 616 0.00900122279 -0.049930779619 0.050735636047 0.831996753062 6330671 -16 0 16 99.387184182999 4614928.5 0.003578701487 -0.021647232002 0.021941051882 0 
568 616 -0.239697577506 -0.797032505208 0.832295466178 0.40194944046 8301918 -0.239697577506 -0.797032505208 0.832295466178 0.40194944046 8301918 -0.032429281301 -0.110640994214 0.115295654239 0 
584 616 -0.105547895441 -0.767982407651 0.775201481354 13.060714300626 8496262 -0.105547895441 -0.767982407651 0.775201481354 13.060714300626 8496262 -0.107668826659 -0.282161386548 0.302006000425 0 
600 616 -1.428583574714 -0.591250688997 1.54610103395 41.323638911021 8459219 -1.428583574714 -0.591250688997 1.54610103395 41.323638911021 8459219 -0.176437060222 -0.358676973544 0.399723914184 0 
616 616 -0.271931710574 -0.257264052852 0.374341619521 11.527580113774 8531769 -0.271931710574 -0.257264052852 0.374341619521 11.527580113774 8531769 -0.23873398199 -0.340187755204 0.415597910182 0 
632 616 -0.077970386675 -0.252525618857 0.26428879919 20.482441277146 8671041 -0.077970386675 -0.252525618857 0.26428879919 20.482441277146 8671041 -0.234784506725 -0.304421297183 0.384442571494 0 
648 616 -0.01638624181 -0.379793374354 0.380146703423 30.744135887836 8979596 -0.01638624181 -0.379793374354 0.380146703423 30.744135887836 8979596 -0.164588634428 -0.251377599483 0.300466497475 0 
664 616 0.040771330428 -0.444278016869 0.446144884155 38.539977618463 9269921 0.040771330428 -0.444278016869 0.446144884155 38.539977618463 9269921 -0.137892985931 -0.209948850681 0.25118319106 0 
680 616 -0.131802852535 -0.241046695119 0.274728049467 11.985973480738 9026934 -0.131802852535 -0.241046695119 0.274728049467 11.985973480738 9026934 -0.154697561236 -0.180135050776 0.237444671388 0 
696 616 -0.047000218107 -0.073198206628 0.086988493238 0.006005260972 8521042 -16 -16 22.62741699797 12.301679395153 8509960 -0.171368235508 -0.266950670803 0.317221898335 0 
712 616 0.034662897392 -0.318264467304 0.320146509592 27.99052240211 7970158.5 0.094779393866 9.195961719857 9.196450135057 158.815695727272 7969489 -0.18790500875 -0.470395710762 0.506537675811 0 
728 616 -0.013869959374 -1.331173111309 1.331245367333 24.000575658805 7032807.5 0 -16 16 24.59753887219 7023198 -0.257299395535 -0.562054406692 0.618148958605 0 
744 616 -0.052544642361 -0.572429999296 0.57483653636 29.761786284061 5781079 -0.052544642361 -0.572429999296 0.57483653636 29.761786284061 5781079 -0.379551395864 -0.541926758593 0.661622153333 0 
760 616 0.061025695238 -0.069937637298 0.092819225326 89.696172472242 4790462 0.061025695238 -0.069937637298 0.092819225326 89.696172472242 4790462 -0.513697072734 -0.453058613138 0.684942909645 0 
776 616 -2.250111675762 -0.009492424273 2.250131698261 23.882572714297 4647765 -2.250111675762 -0.009492424273 2.250131698261 23.882572714297 4647765 -0.659736426145 -0.295449970325 0.72287124507 0 
792 616 -0.346070798443 -0.005511380295 0.346114681642 14.701546936773 5695740 -16 -1 16.031219541881 12.037604301462 5543226 -0.58344133889 -0.163052761136 0.605796994743 0 
808 616 -0.324099495689 1.265644389285 1.306482377697 86.734541541259 6894374 -16 -3 16.2788205961 0.478238997107 6871781.5 -0.284811810966 -0.05586698557 0.290239362841 0 
824 616 -0.178248885136 1.49412985087 1.504724784242 70.055705952329 7816114.5 -0.178248885136 1.49412985087 1.504724784242 70.055705952329 7816114.5 -0.120705683049 0.028180364704 0.123951582786 0 
840 616 0.003830793571 1.509125340864 1.509130202937 45.791986400102 8894773 0 -16 16 134.353454025858 8862116 -0.091122955137 0.089089289687 0.127437414011 0 
856 616 0.015090654101 2.197599026745 2.197650839008 31.683902469549 9604126 6 -16 17.088007490635 169.265579946574 9588456 -0.097967209839 0.161188173923 0.188624498983 0 
872 616 -0.185883936264 2.71389907407 2.720257528618 26.09748413115 9781439 14 -16 21.260291625469 168.829817034226 9771367 -0.141238447156 0.244477017412 0.282342541955 0 
888 616 -0.124169070036 0.366526438972 0.386987840144 0.720620460086 10210984 0 -16 16 162.005654748327 10200606 -0.142417950489 0.438464620528 0.461014203769 0 
904 616 -0.070797871323 0.175863755458 0.189579532302 14.150546417633 10849244 15 0 15 97.777802198257 10847038 -0.10150571984 0.743150983271 0.750051194984 0 
920 616 -0.183279117353 1.299821624877 1.312679508241 3.76943688621 11377492 -0.183279117353 1.299821624877 1.312679508241 3.76943688621 11377492 -0.088044423197 1.182952458057 1.186224404773 0 
936 616 -0.085270220134 1.367102166045 1.369758863029 0.247125293859 11633018 -6 -15 16.155494421404 154.876631546686 11620930 -0.102034060559 1.757869044888 1.760827796375 0 
952 616 -0.729448642202 2.278591446957 2.392503772987 13.69423062129 11641075 -11 -14 17.804493814765 137.78550396116 11621542 -0.148983001826 2.100384171682 2.105661322124 0 
968 616 -0.062152594614 2.543786423404 2.544545600478 4.51212367223 11966516 0 -14 14 174.088241141887 11937884 -0.228891246999 2.210497838442 2.222316785858 0 
984 616 -0.292949858698 3.290568695727 3.303583200256 2.956735518879 12180009 -0.292949858698 3.290568695727 3.303583200256 2.956735518879 12180009 -0.294728035485 2.085424226089 2.10614786225 0 
1000 616 -0.368773909949 3.140539145816 3.162116430978 4.659354518389 11975094 -12 -15 19.209372712299 129.983620253128 11959160 -0.346493367285 1.725163334625 1.75961535135 0 
1016 616 -0.254760936214 3.196063802059 3.206201328901 14.416070271094 12008062 -16 -15 21.931712199461 114.178860765551 11995711 -0.570857713049 1.660382763159 1.755776024652 0 
1032 616 -0.059956314715 3.011085927313 3.011682788963 25.961812620234 12359031 0 -15 15 152.897472709046 12327330 -0.967821072776 1.891082511689 2.124351829365 0 
1048 616 -1.068798465447 2.505058010927 2.723535532694 9.218546654464 12663388 -1 -15 15.033296378373 143.861560275092 12631333 -1.187454930507 1.876600653092 2.220738440963 0 
1064 616 -1.186853776687 1.397412231957 1.833407437876 3.087243940791 12784544 7 -15 16.552945357247 167.762141158363 12762852 -1.22975928624 1.616937187369 2.031451148807 0 
1080 616 -1.085155633863 1.374524401347 1.751251004169 5.43650201179 12698582 13 -15 19.849433241279 177.187594995484 12681760 -1.35823635198 1.419983385883 1.964983156168 0 
1096 616 -1.161742287861 1.272992672878 1.723413905191 8.352276616163 12518743 14 -15 20.518284528683 172.288986646846 12506243 -1.572886127728 1.285739248634 2.031525581005 0 
1112 616 -1.874960639137 1.246998258486 2.251773091361 15.259147928671 12460489 -17 -14 22.022715545545 88.358680058602 12448657 -1.343297080997 1.539102967267 2.042861960991 0 
1128 616 -0.180872839951 2.165755557221 2.173295221056 12.296989000619 12446246 -9.115438314131 -12.78545120764 15.702196605624 127.441917566852 12426549 -0.669469211786 2.180074541781 2.28055125644 0 
1144 616 -0.233525292825 2.16947561407 2.182007906135 0.774269277248 12342359 0 17 17 6.918008966751 12314395 -0.303659827155 2.502713691262 2.521068247997 0 
1160 616 -0.160781816222 2.230881318297 2.236667666139 1.478973473191 12039633 -0.160781816222 2.230881318297 2.236667666139 1.478973473191 12039633 -0.245868927106 2.507020415709 2.519048013456 0 
1176 616 -0.316777684406 2.556003791696 2.575558868382 0.77851121131 11854252 -0.316777684406 2.556003791696 2.575558868382 0.77851121131 11854252 -0.237064633017 2.151987057757 2.165005297218 0 
1192 616 -0.452993894973 2.073311793349 2.122221774774 1.409155191645 11842123 -0.452993894973 2.073311793349 2.122221774774 1.409155191645 11842123 -0.277246944889 1.437613617405 1.464103405296 0 
1208 616 0.658413691198 1.811348799858 1.927302016682 13.894914011575 11525409 0.658413691198 1.811348799858 1.927302016682 13.894914011575 11525409 1.606477686268 2.393325262984 2.882494817153 0 
1224 616 2.862965018703 1.584260337711 3.272071135529 13.87335810902 12120238 2 20 20.099751242242 41.457507987023 12072626 5.414109260454 5.019121994494 7.382693592433 0 
1240 616 0.118051872474 3.566438912045 3.568392181073 46.66086055399 13067608 -6 19 19.924858845171 66.082271122582 13055057 5.46142248076 4.822231359331 7.285674354256 0 
1256 616 0.516963670424 2.985302826625 3.029733388137 34.300525772471 13183202 0.876639259187 -13.108847377958 13.138126805954 132.049124994889 13180636 1.748417347186 1.802653357493 2.511279026158 0 
1272 616 15 -15 21.213203435596 140.505504668167 13018205 0.472717964248 1.964342487072 2.020421659021 19.036417590228 13017954 -0.055738301775 0.578282047432 0.580962033757 0 
1288 616 -8.279699363158 -13.411451429958 15.761359427486 150.749940843286 12797771 0.087813329216 2.179393626834 2.181162020913 0.132136157264 12797750 0.048955533876 1.149117429149 1.150159775975 0 
1304 616 0.098831705224 1.846501149813 1.849144181025 0.427152152238 12263632 -8 16 17.888543819998 29.201661771783 12255139 0.074952096502 1.62762262092 1.629347480711 0 
1320 616 0.208814592666 2.13502019261 2.14520739253 4.952957176066 12006144 -6 17 18.02775637732 20.073096768695 11979362 0.022251386102 2.013797622744 2.013920551947 0 
1336 616 0.133803386245 2.112730724609 2.116963500129 3.649839794615 12379510 0 17 17 0.026025341131 12331535 -0.00107490857 2.366451985048 2.366452229175 0 
1352 616 0.116634986315 2.114988114688 2.118201700808 3.050384839881 12713746 0 17 17 0.106101160579 12656161 0.004973212487 2.685585707831 2.685590312566 0 
1368 616 0.116935023684 2.194380957662 2.197494388414 3.559852349739 12832930 14 17 22.022715545545 39.98199756858 12795469 -0.026059044273 2.930173438336 2.930289312084 0 
1384 616 0.080758883197 2.969336883492 2.970434905006 3.29779768091 12773415 0 18 18 1.739873155053 12745290 -0.09417167885 3.100215176562 3.101645119301 0 
1400 616 -0.378749595916 3.049921176791 3.073348408665 2.963378424459 12442940 -5 -13 13.928388277184 154.846923325634 12400864 -0.220480668251 3.064190698817 3.072112687352 0 
1416 616 -0.189514450092 2.609379161967 2.616252154839 4.012492780665 12555947 -4 -14 14.560219778561 155.888116992668 12496250 -0.404986012476 2.8221000051 2.851010717112 0 
1432 616 0.093141355653 2.612648719892 2.614308445017 8.723189214356 12802229 -8 -14 16.124515496597 143.573668752609 12721414 -0.286405208136 2.444882239381 2.461600517486 0 
1448 616 2.120714811574 2.287095892224 3.119012493123 38.834585034531 12478931 2 -15 15.132745950422 168.40165200846 12394177 0.135261744769 1.932537401657 1.937265224073 0 
1464 616 5.794095467011 1.835199795501 6.077787473271 56.231656364616 12295605 6 -15 16.155494421404 142.005126590908 12208202 0.468584611524 1.613565836741 1.680228034421 0 
1480 616 0.46500823069 1.692373236332 1.755095389335 10.25647847077 12207974 4 -15 15.52417469626 139.448267870467 12125250 0.713563392127 1.48796754463 1.650218206316 0 
1496 616 0.054139163251 1.581120721518 1.582047339687 119.28670688772 11716631 -3.068764777262 -15.292926820566 15.597785996652 70.098792865052 11668745 0.21772252147 -0.132105861423 0.254666556457 0 
1512 616 -0.838627876906 1.609322711275 1.814722101301 135.051633354253 11370628 3.310912871314 -14.467123634834 14.841152593616 30.31466120975 11358578 -1.018938000448 -3.246654381418 3.402792870737 0 
1528 616 -0.898815488118 -3.519594028935 3.632548886139 4.157358559304 11400134 -17 -14 22.022715545545 32.044470252804 11397809 -1.625052784603 -4.861544302199 5.125954501846 0 
1544 616 3.405086776378 -3.791829704372 5.096330882274 59.752775609061 11666320 -17 -4 17.464249196573 58.930741982831 11645597 -1.600621830997 -4.976775623766 5.227837588829 0 
1560 616 0.491175013571 0.43939147364 0.65902789096 123.900862702959 12027774 -16 -12 20 61.044167477823 12001948 0.712422440945 -5.124910485112 5.174191068638 0 
1576 616 4.84118153952 1.159326633664 4.978059555902 58.423248368652 11948208 -3.068540989803 -13.77150764159 14.109229834703 57.605205604864 11938743 5.314080031223 -5.305948886236 7.509496664997 0 
1592 616 4.937528547841 1.841828240806 5.269869014442 51.836487642018 12121445 -1 -19 19.02629759044 61.633140472014 12065926 5.938197027996 -3.621796224804 6.955543964156 0 
1608 616 2.159925252393 2.734676765726 3.484786092277 53.30292942375 12951798 2 -16 16.124515496597 81.269374526502 12904672 2.584773431264 -0.072452500814 2.585788671922 0 
1624 616 0.228248739933 2.33306374116 2.344202189999 22.236917299504 13564706 15 16 21.931712199461 15.3278819916 13542733 0.817839989485 1.549564608003 1.752145177426 0 
1640 616 2.878613723946 1.304053196411 3.160217035389 38.504013527687 13596539 -16 2 16.124515496597 109.999763669907 13583220 0.63739670266 1.244255101648 1.398014776223 0 
1656 616 3.239748097645 1.777384574873 3.695275857522 21.812340224943 13809181 0 -16 16 96.937631290212 13773627 1.669221480574 0.203110465675 1.681533292111 0 
1672 616 3.214138892595 1.707800325542 3.639680037148 49.892655739606 14108605 -4 -17 17.464249196573 81.33135677992 14096408 3.913314323228 -1.573869299916 4.217948976173 0 
1688 616 3.280269981522 0.651406295954 3.344323745406 34.327156061602 14156713 -2 -17 17.117242768624 73.614533921292 14149432 3.846722637659 -1.64039353402 4.181885459638 0 
1704 616 3.856380646521 0.450618597937 3.882618808442 6.526853517219 14358433 -10 -16 18.867962264113 122.143325302889 14353758 1.469446423868 0.003537763362 1.46945068253 0 
1720 616 0.138391720927 0.417333398127 0.439681058966 138.813550700936 14051667 15 -16 21.931712199461 102.684850574449 14027219 -0.536891148341 -0.315843476244 0.622903850247 0 
1736 616 -1.5737952615 -1.717021030954 2.329161382528 2.613402660979 13355958 -18 -2 18.110770276275 43.765314920455 13337417 -2.172290078969 -2.598537252837 3.386921912529 0 
1752 616 1.673863702351 -1.796223252467 2.455246966549 86.033248812341 13226234 1.673863702351 -1.796223252467 2.455246966549 86.033248812341 13226234 -2.216921608385 -2.372975013312 3.247422336489 0 
1768 616 0.142213973335 0.168152979646 0.220227697567 101.944955511281 13429204 0.142213973335 0.168152979646 0.220227697567 101.944955511281 13429204 -0.670785736589 0.360843242331 0.76168323465 0 
1784 616 -0.068523643417 1.214358723307 1.216290507477 8.720882542821 12954177 -16 16 22.62741699797 50.491230231538 12779658 0.192148911674 1.998749374314 2.007964209237 0 
1800 616 0.226965172177 2.16997972641 2.181816949794 2.356073093487 12460489 0.128670399802 -13.473505035828 13.474119415467 171.125736043886 12262222 0.371882336402 2.540743382635 2.567814909321 0 
1816 616 0.60890822174 2.275670318037 2.355725921855 7.050041052163 10890254 2.567130033621 -13.231669835185 13.478399134796 161.090368269171 10805028 0.384387444791 2.75956873405 2.78621128159 0 
1832 616 0.658204995133 3.334317832863 3.398662858561 6.223292011007 10214307 0.344888805872 -12.424353573515 12.429139552203 173.466423491546 10196984 0.229664236839 2.655225428557 2.665139346852 0 
1848 616 0.124107214333 3.485726140159 3.487934822332 6.825021337564 10822610 0.242051729179 -11.611734487106 11.614257050653 176.408282451173 10765644 -0.210120111032 2.509660033594 2.518440776608 0 
1864 616 0.09403468725 3.277573385295 3.278922051285 23.568369159545 11057027 -12.847648347928 -11.008764162734 16.919070791941 108.667295720922 10971502 -0.934965598822 2.32287254916 2.503976347856 0 
1880 616 -0.988226181007 3.257050633217 3.403670050426 7.723674055983 11366135 -14.837839237483 -11.434732099559 18.732713936482 103.017458235488 11284764 -1.004629330949 2.194091568972 2.413155176452 0 
1896 616 0.064457857561 3.868976796347 3.869513698913 12.120273703621 11316706 0.064457857561 3.868976796347 3.869513698913 12.120273703621 11316706 -0.419111307411 2.12331709303 2.164285047204 0 
1912 616 0.230842445166 4.795076461928 4.800629803497 4.327654156002 11137668 12 -14 18.439088914586 140.970179430718 11088115 -0.058517747537 2.133015896968 2.133818442018 0 
1928 616 -0.188506506325 5.644036655627 5.647183764762 3.900463394237 11502459 -6 -14 15.231546211728 158.788948762177 11470147 0.077151348675 2.223187980789 2.224526270586 0 
1944 616 -0.384588488661 5.131683480914 5.146074586896 20.452951865395 11878680 -3.711164647205 -13.150037574832 13.663682931704 179.592976936356 11863652 0.692008094647 2.387039267038 2.4853232517 0 
1960 616 3.647143204554 3.892448300455 5.334117295883 8.900728879748 11916329 -15 4 15.52417469626 109.304359020886 11911423 1.786052490378 2.624569755718 3.174641696478 0 
1976 616 3.425487635693 3.195050323982 4.684262174032 15.181940022415 12133874 -15 3 15.297058540778 110.501584464891 12125200 1.808016480153 2.914723701412 3.429947207768 0 
1992 616 0.038790202353 4.596046337173 4.596210027103 12.61403458911 12234204 13 -13 18.38477631085 121.902405857945 12141843 0.757900063972 3.25750110412 3.344506832152 0 
2008 616 0.023746251211 5.200188031162 5.200242248577 2.665256580336 11596702 0 -13 13 177.073108550171 11400726 0.200363270889 3.918827310367 3.923946091475 0 
2024 616 -0.013056480889 5.480994891919 5.48101044306 1.719808140358 10483862 0 -12 12 178.416677999476 10186513 0.135406100906 4.898702320153 4.900573357642 0 
2040 616 0.0324945051 5.591126018678 5.59122044366 1.356078469689 9214526 -0.036073587287 -9.905494283741 9.905559969478 178.519591128027 8830460 0.15739077206 5.33739520863 5.339715298425 0 
2056 616 0.928543383303 5.347465788308 5.427484055416 6.938400901625 8128238.5 0.928543383303 5.347465788308 5.427484055416 6.938400901625 8128238.5 0.266317284351 5.234905975799 5.241675826623 0 
2072 616 2.274803889476 5.153595994369 5.633319128964 20.628694294921 8042182 2.274803889476 5.153595994369 5.633319128964 20.628694294921 8042182 0.24518772383 4.402003284479 4.408826367241 0 
2088 616 0.331504042228 5.403729162015 5.41388804709 1.613904416475 8467756 -12 -14 18.439088914586 141.2953411563 8351368 0.094002090498 2.838687134671 2.840243130713 0 
2104 616 -0.089676224066 7.78619271168 7.78670911031 0.599996286992 7680233.5 0 -15 15 179.940130524197 7631542 -0.001704577044 1.631299315715 1.631300206288 0 
2120 616 -0.033579557579 6.086364690096 6.08645732159 2.761743656099 5350455.5 14.358121817614 7.866660256157 16.371927367151 64.359991463339 5115359 -0.041932278794 0.779839827612 0.780966371065 0 
2136 616 -4.518545065933 0.069114237249 4.519073609785 72.847324451355 3395732.75 2 -16 16.124515496597 170.848650599824 3323123.25 -0.105360577542 0.360857571362 0.375924245174 0 
2152 616 -0.388841123938 3.445456226764 3.467328370693 20.712414935969 4001273 4 -16 16.492422502471 166.884888471452 3947206.25 -0.191989473286 0.374352546967 0.420713426543 0 
2168 616 -0.743054474694 0.290619672184 0.797865744485 54.63090632668 5030168 -16 15 21.931712199461 32.839724746377 4747188 -0.153244398361 0.614269545479 0.633096296097 0 
2184 616 -0.23461402019 1.140534866549 1.164415527329 12.200473119658 4610310 -16 16 22.62741699797 45.576573587387 4233256 0.010874647233 1.080608566899 1.080663283732 0 
2200 616 -0.151771327542 1.293827008536 1.302698301174 8.475395861683 5016896.5 0 -15 15 178.215063355575 4769549.5 0.033573582057 1.077350404186 1.077873405745 0 
2216 616 0.038710484671 1.617099533882 1.617562797577 9.389082091032 7184521 -16 7 17.464249196573 58.352837267556 6654761 -0.085147593888 0.604495057341 0.610462437087 0 
2232 616 -0.131053135628 1.432881127012 1.43886178923 17.556356782602 8774948 -16 8 17.888543819998 40.652786173498 8120648.5 -0.123764292678 0.294680389075 0.319615600132 0 
2248 616 -0.245211406897 0.282623743694 0.374172172364 11.8596638038 10269180 -0.245211406897 0.282623743694 0.374172172364 11.8596638038 10269180 -0.082276514313 0.147906399389 0.169250488294 0 
2264 616 -0.006266094099 0.002621704275 0.006792442018 27.921775873205 11671565 15 -3 15.297058540778 140.683951827254 10762818 -0.047419421073 0.057782748444 0.07474923085 0 
2280 616 -0.002147837708 -0.009019532814 0.009271740883 128.313391743401 11285030 -0.002147837708 -0.009019532814 0.009271740883 128.313391743401 11285030 -0.019193012958 0.024309436242 0.030972898424 0 
2296 616 -0.000910160967 -0.000254036855 0.000944948522 66.493733441791 8608358 -0.000910160967 -0.000254036855 0.000944948522 66.493733441791 8608358 -0.00398948175 0.004908824631 0.006325545343 0 
2312 616 0.002404874992 0.001039328451 0.002619852544 169.67184416015 5017471 0.002404874992 0.001039328451 0.002619852544 169.67184416015 5017471 -0.001808827451 -0.000419086389 0.00185674181 0 
2328 616 -0.000375095807 0.002537047101 0.002564625676 175.795713590044 2008972 -0.000375095807 0.002537047101 0.002564625676 175.795713590044 2008972 0.000232652165 -0.00316371979 0.00317226259 0 
2344 616 0.000598911413 0.000317424201 0.000677829628 85.220057761643 266879.96875 0.000598911413 0.000317424201 0.000677829628 85.220057761643 266879.96875 0.002134957097 -0.003325075574 0.00395147686 0 
2360 616 0 0 0 0 0 0 0 0 0 0 0.002149421485 -0.002953211645 0.003652597944 0 
2376 616 0 0 0 0 0 0 0 0 0 0 0.000276045328 -0.002048128003 0.002066646883 0 
2392 616 0 0 0 0 0 0 0 0 0 0 -0.000495482062 -0.001196689637 0.001295209852 0 
2408 616 0 0 0 0 0 0 0 0 0 0 -0.000165160687 -0.000398896546 0.000431736617 0 
2424 616 0 0 0 0 0 0 0 0 0 0 0 0 0 0 
2440 616 0 0 0 0 0 0 0 0 0 0 0 0 0 0 
2456 616 0 0 0 0 0 0 0 0 0 0 0 0 0 0 
2472 616 0 0 0 0 0 0 0 0 0 0 0 0 0 0 
2488 616 0 0 0 0 0 0 0 0 0 0 0 0 0 0 
2504 616 0 0 0 0 0 0 0 0 0 0 0 0 0 0 
2520 616 0 0 0 0 0 0 0 0 0 0 0 0 0 0 
2536 616 0 0 0 0 0 0 0 0 0 0 0 0 0 0 
24 632 0 0 0 0 0 0 0 0 0 0 0 0 0 0 
40 632 0 0 0 0 0 0 0 0 0 0 0 0 0 0 
56 632 0 0 0 0 0 0 0 0 0 0 0 0 0 0 
72 632 0 0 0 0 0 0 0 0 0 0 0 0 0 0 
88 632 0 0 0 0 0 0 0 0 0 0 0 0 0 0 
104 632 0 0 0 0 0 0 0 0 0 0 0 0 0 0 
120 632 0 0 0 0 0 0 0 0 0 0 0 0 0 0 
136 632 0 0 0 0 0 0 0 0 0 0 0 0 0 0 
152 632 0 0 0 0 0 0 0 0 0 0 0 0 0 0 
168 632 0 0 0 0 0 0 0 0 0 0 0 0 0 0 
184 632 0 0 0 0 0 0 0 0 0 0 0 0 0 0 
200 632 0 0 0 0 0 0 0 0 0 0 0 0 0 0 
216 632 0 0 0 0 0 0 0 0 0 0 0 0 0 0 
232 632 0 0 0 0 0 0 0 0 0 0 0 0 0 0 
248 632 0 0 0 0 0 0 0 0 0 0 0 0 0 0 
264 632 0 0 0 0 0 0 0 0 0 0 0 0 0 0 
280 632 0 0 0 0 0 0 0 0 0 0 0 0 0 0 
296 632 0 0 0 0 0 0 0 0 0 0 0 0 0 0 
312 632 0 0 0 0 0 0 0 0 0 0 0 0 0 0 
328 632 0 0 0 0 0 0 0 0 0 0 0 0 0 0 
344 632 0 0 0 0 0 0 0 0 0 0 0 0 0 0 
360 632 0 0 0 0 0 0 0 0 0 0 0 0 0 0 
376 632 0 0 0 0 0 0 0 0 0 0 0 0 0 0 
392 632 0 0 0 0 0 0 0 0 0 0 0 0 0 0 
408 632 0 0 0 0 0 0 0 0 0 0 0 0 0 0 
424 632 0 0 0 0 0 0 0 0 0 0 0 0 0 0 
440 632 0 0 0 0 0 0 0 0 0 0 0 0 0 0 
456 632 0 0 0 0 0 0 0 0 0 0 0 0 0 0 
472 632 0 0 0 0 0 0 0 0 0 0 0 0 0 0 
488 632 0 0 0 0 0 0 0 0 0 0 0 0 0 0 
504 632 0 0 0 0 0 0 0 0 0 0 -0.000336671153 -0.001485587066 0.001523258479 0 
520 632 0 0 0 0 0 0 0 0 0 0 -0.00101001346 -0.004456761197 0.004569775438 0 
536 632 -0.001432206476 0.017719073589 0.017776860922 173.621691335704 1494098 -0.001432206476 0.017719073589 0.017776860922 173.621691335704 1494098 -0.000257181109 -0.008382989611 0.008386933703 0 
552 632 0.003855210604 0.004067232836 0.005604019249 128.288928406873 5450713 0.003855210604 0.004067232836 0.005604019249 128.288928406873 5450713 0.001921825898 -0.013264272308 0.013402773393 0 
568 632 -0.108812935537 -0.288662649158 0.30849048601 3.032122612958 8200760 -0.108812935537 -0.288662649158 0.30849048601 3.032122612958 8200760 -0.033117348085 -0.07549236956 0.082436985668 0 
584 632 -0.42487200715 -0.385250536157 0.573527852915 19.422219156973 8554127 -0.42487200715 -0.385250536157 0.573527852915 19.422219156973 8554127 -0.10537470306 -0.195067281368 0.221709432152 0 
600 632 -0.377870028798 -0.29661194852 0.480379440306 2.220020332025 8667836 -0.377870028798 -0.29661194852 0.480379440306 2.220020332025 8667836 -0.335151767245 -0.242702054118 0.413800669599 0 
616 632 -0.253508188384 -0.093675952773 0.270262068567 3.460098643714 8831554 -0.253508188384 -0.093675952773 0.270262068567 3.460098643714 8831554 -0.722448540642 -0.218396687812 0.7547377075 0 
632 632 -1.164877555975 -0.328242668033 1.210240872526 7.179750353752 8966834 -1.164877555975 -0.328242668033 1.210240872526 7.179750353752 8966834 -1.16693553353 -0.175590503163 1.18007227076 0 
648 632 -1.091974772114 -0.826171760135 1.369294957333 33.19252717193 9214933 -1.091974772114 -0.826171760135 1.369294957333 33.19252717193 9214933 -1.668612745912 -0.114283500171 1.672521812782 0 
664 632 -1.068745693254 -0.915029865991 1.406945987771 38.067405208135 9581241 -1.068745693254 -0.915029865991 1.406945987771 38.067405208135 9581241 -1.622863092723 -0.070906782135 1.624411397853 0 
680 632 -1.386869150345 -0.309809930732 1.421051805304 10.064493459669 9486001 -1.386869150345 -0.309809930732 1.421051805304 10.064493459669 9486001 -1.029686573963 -0.045460349053 1.030689615711 0 
696 632 -1.138703492916 0.052069722173 1.139893372533 7.993911842811 9007794 -1.138703492916 0.052069722173 1.139893372533 7.993911842811 9007794 -1.02695733195 -0.096637713762 1.031494163515 0 
712 632 -1.3312042346 0.379713972036 1.384300334023 23.833693413494 8522189 -1.3312042346 0.379713972036 1.384300334023 23.833693413494 8522189 -1.614675366683 -0.224438876261 1.630199174626 0 
728 632 -1.175640174361 0.004077203379 1.175647244355 12.925386108868 7902942 -1.175640174361 0.004077203379 1.175647244355 12.925386108868 7902942 -1.799251332125 -0.406359307155 1.844568579009 0 
744 632 -1.309756460623 0.028873981529 1.310074689837 23.379988613666 7077698.5 -1 15 15.033296378373 108.303015367479 7051830.5 -1.580685228277 -0.642399006443 1.706236289138 0 
760 632 -0.294179978354 0.073977498582 0.303338968748 52.999611869891 6582253 0.337788273695 -14.479328312647 14.483267908289 52.45229634508 6546532.5 -0.837512090603 -0.675403764514 1.075916700784 0 
776 632 -0.990677503807 0.064000187245 0.992742635589 134.106924530048 6576149.5 5 -16 16.76305461424 23.056588991995 6536878.5 0.430268080897 -0.505373581369 0.663726659239 0 
792 632 -4.321552767083 0.052864456806 4.321876093721 156.980148381097 6795466.5 0 -16 16 66.27929862734 6773320.5 0.74779136711 -0.328579756335 0.816796538312 0 
808 632 -0.040638059643 -0.033822769429 0.052871841498 88.657404331365 7239566 0 15 15 141.572222929476 7214372.5 0.115057768037 -0.145022289413 0.185120918353 0 
824 632 -0.023508184319 0.013158435162 0.026940288526 42.349830198698 7869065.5 -0.023508184319 0.013158435162 0.026940288526 42.349830198698 7869065.5 -0.190855918692 -0.044457150951 0.195965354005 0 
840 632 -0.074664274026 0.179983232881 0.19485563357 76.458494150012 8650628 0 -16 16 81.010868634249 8636338 -0.169949693076 -0.02688434095 0.172062970929 0 
856 632 -0.167101400248 1.489135042717 1.498481248936 66.71202447631 9429098 15 10 18.02775637732 129.424546197206 9421348 -0.180968634631 0.054932060857 0.189122124645 0 
872 632 -0.224469402601 1.952275240621 1.965137432305 41.52874765078 10103920 0 -16 16 131.91227973102 10086038 -0.223912743359 0.20099205447 0.300889884507 0 
888 632 -0.218751148255 1.501743916438 1.517592453665 23.875475561352 10865566 0 -16 16 147.836837809484 10850088 -0.240585935106 0.382589277499 0.451947062639 0 
904 632 -0.037524255576 0.451950771774 0.453505865302 16.318345930426 11383986 15 0 15 111.064574100032 11382651 -0.23098820987 0.599723729945 0.642669514881 0 
920 632 -0.34128241726 0.078607367522 0.350218227052 61.162170445342 11675475 -1 -16 16.031219541881 160.556523194603 11674354 -0.256740915967 0.903261661319 0.939040748179 0 
936 632 -1.211960743293 0.972715634344 1.554034925148 37.441110495141 11805467 -5.048417761315 -14.068328098982 14.946717947207 146.451003634016 11804213 -0.317844053396 1.293203071622 1.331690289343 0 
952 632 -1.220622486922 1.041569715963 1.604614199361 34.345225086618 11768858 -14 -15 20.518284528683 121.794626305341 11765820 -0.406592421974 1.498544142174 1.552724039761 0 
968 632 -0.14310445378 1.414462661742 1.421683335399 13.217998426917 11891891 -14.194389706165 -13.335180953778 19.475824763035 114.217269272936 11883811 -0.5229860217 1.519284872976 1.606779668825 0 
984 632 -0.768870630178 1.351832701969 1.555189281105 3.006510667057 11871765 -4 -15 15.52417469626 138.445533706529 11859777 -0.667345859006 1.331320920222 1.489216535012 0 
1000 632 -0.369941450636 0.218068282391 0.429430381649 17.546196478461 11625488 -12 -16 20 101.194245903443 11615363 -0.83967193389 0.934652283911 1.256432986029 0 
1016 632 -1.162857791652 0.14433476286 1.171781023646 31.370988217873 11731442 -7 15 16.552945357247 26.536710481626 11714363 -1.089397792131 0.864883296837 1.390974718191 0 
1032 632 -1.205082226801 1.167037347008 1.677557552713 5.698758624157 12195666 -1.205082226801 1.167037347008 1.677557552713 5.698758624157 12195666 -1.416523433729 1.122013959001 1.807056712585 0 
1048 632 -1.425897597751 1.134961909108 1.822449586243 2.028001719167 12124005 -1.425897597751 1.134961909108 1.822449586243 2.028001719167 12124005 -1.600563754674 1.183943996724 1.990861049937 0 
1064 632 -1.530328460875 1.089333213201 1.878444049619 2.822635640944 11941796 -13 16 20.615528128088 18.284387105028 11830192 -1.641518754966 1.050673410007 1.948973688227 0 
1080 632 -1.102795984713 0.244448272716 1.129563606856 17.693595066658 12069638 14 0 14 149.808173398159 12050631 -1.602370039923 0.932295646272 1.853851374005 0 
1096 632 -0.466563831155 0.825918370646 0.94858998704 31.339990023174 11904128 -0.466563831155 0.825918370646 0.94858998704 31.339990023174 11904128 -1.483117609546 0.828810705521 1.698989414132 0 
1112 632 -1.098320160713 1.633831136524 1.96868264535 14.653950839483 11765561 -1.098320160713 1.633831136524 1.96868264535 14.653950839483 11765561 -1.20092041258 1.060081862577 1.601868718939 0 
1128 632 -0.523802429751 2.080357426072 2.145286928507 10.795480520176 11836487 -0.523802429751 2.080357426072 2.145286928507 10.795480520176 11836487 -0.755778449028 1.626109117439 1.793162548636 0 
1144 632 -0.139065599468 1.983356115341 1.988225520714 13.323879612384 11997910 -0.139065599468 1.983356115341 1.988225520714 13.323879612384 11997910 -0.597145941506 1.913135157885 2.004163019266 0 
1160 632 -0.181794039673 2.154505187148 2.162161343265 15.852798651666 12083698 -0.181794039673 2.154505187148 2.162161343265 15.852798651666 12083698 -0.725022890016 1.921159983916 2.053415173522 0 
1176 632 -0.303761763531 2.761466197212 2.77812288557 17.790568718099 11996996 -0.303761763531 2.761466197212 2.77812288557 17.790568718099 11996996 -0.697889689835 1.56250157634 1.711274728161 0 
1192 632 -0.147463174074 2.541214937738 2.545489883596 28.314768569937 11750548 -8 -16 17.888543819998 121.799110089787 11706322 -0.515746340963 0.837159935155 0.983275671033 0 
1208 632 -0.32704077186 2.062569896371 2.088336717072 36.377936101844 11451911 15 -16 21.931712199461 177.76464965187 11391758 -0.46858297151 0.462283385211 0.658236985767 0 
1224 632 -0.653477290174 0.548764688771 0.853331853627 1.820406184599 11185849 15 2 15.132745950422 134.203535925944 11121293 -0.556399581477 0.437871926509 0.708034122265 0 
1240 632 -0.420658779305 0.446274402357 0.613281868969 7.117319621042 11422993 -8 -16 17.888543819998 103.010078204881 11185322 -0.470268302557 0.388696062701 0.610112207343 0 
1256 632 -0.208194984224 0.425197982368 0.473432651668 7.646064640837 11966263 -0.208194984224 0.425197982368 0.473432651668 7.646064640837 11966263 -0.210189134752 0.314755793787 0.378484718437 0 
1272 632 0.083792382655 0.188720688896 0.206486468826 30.148502735725 12130886 0.083792382655 0.188720688896 0.206486468826 30.148502735725 12130886 -0.030510304004 0.280524653068 0.282178949656 0 
1288 632 0.094117848327 0.290617680061 0.30547799485 4.424887535182 11898296 0.094117848327 0.290617680061 0.30547799485 4.424887535182 11898296 0.068768189687 0.286002640542 0.29415399761 0 
1304 632 -0.174750774679 0.890032495764 0.907025731039 21.037358177914 11542786 -0.174750774679 0.890032495764 0.907025731039 21.037358177914 11542786 0.103478452147 0.591132439189 0.600121113376 0 
1320 632 0.029594209627 1.5957686528 1.596043047823 2.460230623501 11912852 0.029594209627 1.5957686528 1.596043047823 2.460230623501 11912852 0.073620483375 1.195914049007 1.198177945125 0 
1336 632 0.016539129633 1.490691270153 1.490783017652 1.267532510799 12940946 0.016539129633 1.490691270153 1.490783017652 1.267532510799 12940946 0.056432676237 1.698279472846 1.699216823963 0 
1352 632 0.014659853312 2.034492043771 2.034544860028 1.004494281601 13667588 0.014659853312 2.034492043771 2.034544860028 1.004494281601 13667588 0.051915030731 2.098228710707 2.098870861404 0 
1368 632 0.019190076706 2.062244439205 2.062333723255 0.405644888853 13677450 0.019190076706 2.062244439205 2.062333723255 0.405644888853 13677450 0.039577628433 2.415262705554 2.415586952588 0 
1384 632 0.028301120959 2.003169775865 2.003369687399 0.389449173018 13349543 0.028301120959 2.003169775865 2.003369687399 0.389449173018 13349543 0.019420469345 2.649381457388 2.649452634297 0 
1400 632 0.069035151841 1.987537227106 1.988735799778 1.630281206641 13067334 0.069035151841 1.987537227106 1.988735799778 1.630281206641 13067334 0.016917239621 2.699689029209 2.699742033496 0 
1416 632 0.00708248319 2.002762558977 2.002775082032 0.513333101877 12901531 15 17 22.671568097509 40.707715042672 12842320 0.032067939261 2.566185421016 2.566385779216 0 
1432 632 -0.126180004479 1.998248310124 2.002228184409 6.562491781917 12841086 12 -14 18.439088914586 136.449376007895 12778512 0.117121078366 2.273267786668 2.276282885957 0 
1448 632 -0.015688473243 1.140153258751 1.140261190094 9.28636644065 12667490 -1.578550407447 -14.379484086824 14.465869624466 177.766700187665 12617951 0.272076656937 1.820936126164 1.841150206479 0 
1464 632 0.137495113456 1.081394588446 1.090100528458 11.013828100983 12529523 0 -15 15 161.740116490802 12466727 0.499768689374 1.514717647796 1.595035515411 0 
1480 632 0.274308173862 1.073224305285 1.107725319609 16.23378687818 12381135 0 -15 15 149.428786186097 12296759 0.800197175678 1.354612351565 1.573305483044 0 
1496 632 0.463683983284 1.112129917231 1.204921486718 7.558416037759 11386502 -1 -15 15.033296378373 153.622778598696 11315680 0.805850354288 1.385073466925 1.602442917014 0 
1512 632 0.279337084499 1.342620586787 1.371371301596 6.081526498254 11031501 -8 -15 17 169.761968354077 11007458 0.516728225204 1.606100993878 1.687177661439 0 
1528 632 0.007044742162 2.1784923646 2.178503755106 13.882848375988 11996723 0 -15 15 165.931870925646 11990136 0.433773791581 1.731000498808 1.784523025667 0 
1544 632 0.039319148772 1.441688904331 1.44222497979 16.0009089759 12917052 0.144887026133 -13.865539961034 13.866296933982 161.838165191895 12911958 0.556987053417 1.759771981715 1.845814726701 0 
1560 632 0.112494100455 1.533134775553 1.537256375055 12.197600134109 13183110 6.688457501074 -14.044654199733 15.555956265487 138.140732704675 13174174 0.511569710522 1.73881797747 1.812509731697 0 
1576 632 0.116626560232 2.065465328476 2.068755369222 6.880908537427 12698474 0.116626560232 2.065465328476 2.068755369222 6.880908537427 12698474 0.297521762894 1.668138486073 1.694463103202 0 
1592 632 0.408761586612 1.978240470606 2.020030047854 2.556256501059 12417576 0.408761586612 1.978240470606 2.020030047854 2.556256501059 12417576 0.386902332533 1.525561081121 1.573858324994 0 
1608 632 0.05539445512 1.806525907182 1.80737500231 28.983890398515 12794207 0.05539445512 1.806525907182 1.80737500231 28.983890398515 12794207 0.77971141944 1.311085762614 1.525416590488 0 
1624 632 0.180815563352 1.421901712018 1.433352275817 31.074697184786 13270836 0.180815563352 1.421901712018 1.433352275817 31.074697184786 13270836 0.87155723969 1.102720191701 1.40556175362 0 
1640 632 0.283406226432 1.153768447343 1.188065957456 22.539969898877 13397219 0.283406226432 1.153768447343 1.188065957456 22.539969898877 13397219 0.662439793281 0.900464368382 1.117883070114 0 
1656 632 3.622224006814 1.396726462001 3.882183865455 33.306789814559 13382448 3.622224006814 1.396726462001 3.882183865455 33.306789814559 13382448 0.532504832378 0.743613513499 0.914616014491 0 
1672 632 3.301521720251 0.996309688583 3.448576324348 35.897880412004 13135103 3.301521720251 0.996309688583 3.448576324348 35.897880412004 13135103 0.481752356979 0.632167627052 0.794808934366 0 
1688 632 2.689758317649 0.213307459327 2.698203083455 47.863186067804 12962053 2.689758317649 0.213307459327 2.698203083455 47.863186067804 12962053 0.402165563165 0.522174680531 0.659092965509 0 
1704 632 1.648111551155 0.268629645122 1.669860344845 45.361999717551 13017540 1.648111551155 0.268629645122 1.669860344845 45.361999717551 13017540 0.293744450938 0.413634673934 0.507325778901 0 
1720 632 -0.181857921072 0.369189995981 0.411550187206 56.275674196817 13033502 -0.181857921072 0.369189995981 0.411550187206 56.275674196817 13033502 0.218401252862 0.377498806651 0.436124358727 0 
1736 632 0.158762673171 0.586250022191 0.60736700183 7.906056012001 13309243 0.158762673171 0.586250022191 0.60736700183 7.906056012001 13309243 0.176135968938 0.413767078683 0.449696647703 0 
1752 632 0.186306952105 1.286404946257 1.299826129202 4.000648729898 13860388 -15 -16 21.931712199461 149.088972084333 13741467 0.163191254973 0.752160237205 0.769659930184 0 
1768 632 0.114677125172 2.036809334978 2.040035075701 4.124500432324 14184260 0.114677125172 2.036809334978 2.040035075701 4.124500432324 14184260 0.179567110966 1.392678282217 1.404206945254 0 
1784 632 0.145215803653 2.788588193497 2.792366691991 5.247719463995 14310099 6 -15 16.155494421404 149.969884497395 14244787 0.280758797726 1.941440416761 1.961636152382 0 
1800 632 0.319147585245 2.067713650257 2.092198585371 2.238534642879 14141251 0.319147585245 2.067713650257 2.092198585371 2.238534642879 14141251 0.466766315254 2.398446640834 2.44344369323 0 
1816 632 0.44065837652 1.996431594269 2.044485000041 2.546121680672 12780163 -16 3 16.2788205961 89.281148173724 12683003 0.472921825988 2.709495549695 2.750458359494 0 
1832 632 1.644091269553 2.271526299227 2.804080567798 29.953660300102 11968660 -16 2 16.124515496597 88.817689537319 11949206 0.29922532993 2.874587143342 2.890118863081 0 
1848 632 -0.019642719838 2.3310955249 2.33117828204 4.995705154397 12220358 -0.019642719838 2.3310955249 2.33117828204 4.995705154397 12220358 0.225067535932 2.851533210088 2.860401552924 0 
1864 632 0.048981416387 2.1242730992 2.124837730072 4.097679842658 11917735 0.048981416387 2.1242730992 2.124837730072 4.097679842658 11917735 0.250448443996 2.640333749935 2.65218527523 0 
1880 632 0.113706215182 1.761637201608 1.76530301463 4.698210233636 11164738 0.113706215182 1.761637201608 1.76530301463 4.698210233636 11164738 0.365760525084 2.479534518806 2.506366332295 0 
1896 632 0.192242123831 1.514459899866 1.526612531875 6.3165523073 10861021 0.192242123831 1.514459899866 1.526612531875 6.3165523073 10861021 0.571003779197 2.369135516701 2.436975258871 0 
1912 632 0.078570803559 1.305804496176 1.308166179584 15.648913280219 11432649 0.078570803559 1.305804496176 1.308166179584 15.648913280219 11432649 0.829971515825 2.39786055411 2.537437280809 0 
1928 632 1.270916121157 1.952508609572 2.329703341086 9.054420078693 12132409 1.270916121157 1.952508609572 2.329703341086 9.054420078693 12132409 1.142663734968 2.565709631035 2.808655607581 0 
1944 632 1.0663925087 2.349975401921 2.58061569635 8.643723887777 12412350 0.750255731707 -12.652497871553 12.67472232645 143.554764602011 12388792 1.795862643969 2.75992657193 3.292767425502 0 
1960 632 2.315544746199 2.342410176309 3.293726294902 1.564878858943 12138757 -6.238766610608 -11.213043136891 12.8317787236 165.9862341272 12119596 2.789568242827 2.980511376794 4.082295806111 0 
1976 632 5.083557356556 4.725630399102 6.940759185155 8.860271532466 11502058 13 -13 18.38477631085 96.770535848461 11491029 2.569282290076 3.26152278093 4.15195644686 0 
1992 632 1.231281889739 4.47756477059 4.643774474157 2.109795750327 11308974 15.056751313484 -11.220244438934 18.777636842412 109.207894045457 11284519 1.135004785715 3.602960784337 3.777507415885 0 
2008 632 0.019925386599 4.942645937897 4.942686100537 4.363095470261 11352011 0.019925386599 4.942645937897 4.942686100537 4.363095470261 11352011 0.317996281922 3.957444078265 3.970199650888 0 
2024 632 0.006105410996 5.204681389951 5.204684970961 1.499024248771 10865389 0.006105410996 5.204681389951 5.204684970961 1.499024248771 10865389 0.118256778698 4.324972662712 4.326589095224 0 
2040 632 0.05444234275 5.281933522375 5.28221409103 0.934871377451 9960042 0.05444234275 5.281933522375 5.28221409103 0.934871377451 9960042 -0.026631493829 4.431384484736 4.431464508266 0 
2056 632 0.590897740276 4.65846376768 4.695790116078 8.791666222029 9131219 0.590897740276 4.65846376768 4.695790116078 8.791666222029 9131219 -0.116668535659 4.276679544336 4.278270616984 0 
2072 632 1.5 4.290403478563 4.545059076499 20.588421951477 9090534 1.5 4.290403478563 4.545059076499 20.588421951477 9090534 -0.08104480793 3.522796573193 3.523728700821 0 
2088 632 0.432382069789 4.621012531944 4.641197159641 3.227618328003 9733178 -9 -14 16.643316977093 149.382682242273 9384135 0.080239689356 2.169735571307 2.171218749261 0 
2104 632 0.492838993276 4.642952854217 4.669036461603 0.867119595118 8934707 -16 5 16.76305461424 77.837984989217 8840842 0.109074538526 1.200382069479 1.205327493954 0 
2120 632 0.048134595271 0.350202037697 0.353494563564 7.31730103272 6967707.5 0 -16 16 179.491144530268 6822303.5 0.00545973958 0.614736067711 0.614760312399 0 
2136 632 -3.258280534795 0.220162734268 3.265710286137 87.198081614404 5774569 -6 -16 17.088007490635 160.507648877104 5466184 0.006547132703 0.352620152354 0.352680927742 0 
2152 632 -0.229933510003 0.452517998352 0.507584434212 42.116203448217 5644024 15 0 15 74.819837466817 5512678.5 0.112336717895 0.414034323408 0.429003448876 0 
2168 632 0.710824711022 2.479602184648 2.579476451513 4.298225676899 6231689 -12 15 19.209372712299 50.35753057862 6202181.5 0.166940982096 0.806288922484 0.823390015742 0 
2184 632 0.791181041141 2.160039501714 2.300377814366 13.760769712081 5889853 -8 -15 17 158.283556967686 5839053 0.170359925305 1.529383949581 1.538842996991 0 
2200 632 0.059558335748 2.720267834272 2.720919749925 2.282754962022 5481923.5 8 -15 17 148.390508015286 5419537.5 0.100315109924 1.622935023328 1.626032352453 0 
2216 632 0.074259560996 2.766267358436 2.767263915991 3.813369231262 5892035.5 -16 7 17.464249196573 64.094970575345 5499291.5 -0.043193464046 1.086942143723 1.087800027182 0 
2232 632 -0.06587611587 1.654136433695 1.655447674776 7.424827560906 6135906 14 -16 21.260291625469 148.51950620248 5595259.5 -0.121978676474 0.71319756433 0.723553428076 0 
2248 632 -0.033745571319 0.523570632079 0.524657002583 11.483649665935 7839197.5 5.404835874278 -14.948400451486 15.895500208734 175.293143650566 7283044.5 -0.136040527358 0.501701285147 0.519818434266 0 
2264 632 -0.006728244087 1.076878391016 1.076899409558 19.65602650168 9499194 -0.006728244087 1.076878391016 1.076899409558 19.65602650168 9499194 -0.119201905422 0.327255701339 0.348289230834 0 
2280 632 -0.034859480758 1.013956089088 1.014555140935 18.657091486639 10713813 15 -16 21.931712199461 157.473736497979 9706833 -0.071462810665 0.189860812904 0.202864638576 0 
2296 632 -0.020819698678 0.026416453121 0.03363463763 16.456610505392 12308477 15 -5 15.811388300842 130.221176187875 11640165 -0.036051191764 0.090197282926 0.09713515468 0 
2312 632 0.001511573707 -0.015253256111 0.015327970416 161.015435092459 12043680 0.001511573707 -0.015253256111 0.015327970416 161.015435092459 12043680 -0.012967048722 0.028265111404 0.031097602403 0 
2328 632 -0.001979769365 -0.006821343678 0.00710283157 16.266309418378 9836856 -0.001979769365 -0.006821343678 0.00710283157 16.266309418378 9836856 0.000005818244 -0.004069748738 0.004069752896 0 
2344 632 0.00064739242 -0.003392226807 0.003453450398 12.037344843214 6608835 0.00064739242 -0.003392226807 0.003453450398 12.037344843214 6608835 0.002867409131 -0.006807297499 0.00738656445 0 
2360 632 -0.003002497351 -0.001295713632 0.003270147422 89.639671453446 3149166.75 -0.003002497351 -0.001295713632 0.003270147422 89.639671453446 3149166.75 0.003091939971 -0.007290500936 0.007919059079 0 
2376 632 0.002781505194 -0.000668801246 0.002860780707 69.462541901707 712482.875 0.002781505194 -0.000668801246 0.002860780707 69.462541901707 712482.875 0.000679410765 -0.005519359049 0.005561018189 0 
2392 632 0 0 0 0 0 0 0 0 0 0 -0.000628814102 -0.003388115213 0.003445973284 0 
2408 632 0 0 0 0 0 0 0 0 0 0 -0.000832734628 -0.000896769428 0.001223781994 0 
2424 632 0 0 0 0 0 0 0 0 0 0 -0.000798287911 0.000589587914 0.000992409945 0 
2440 632 0 0 0 0 0 0 0 0 0 0 -0.000525473952 0.001070956816 0.001192925553 0 
2456 632 0 0 0 0 0 0 0 0 0 0 -0.00029180023 0.00098373095 0.001026096465 0 
2472 632 0 0 0 0 0 0 0 0 0 0 -0.000097266743 0.000327910317 0.000342032155 0 
2488 632 0 0 0 0 0 0 0 0 0 0 0 0 0 0 
2504 632 0 0 0 0 0 0 0 0 0 0 0 0 0 0 
2520 632 0 0 0 0 0 0 0 0 0 0 0 0 0 0 
2536 632 0 0 0 0 0 0 0 0 0 0 0 0 0 0 
24 648 0 0 0 0 0 0 0 0 0 0 0 0 0 0 
40 648 0 0 0 0 0 0 0 0 0 0 0 0 0 0 
56 648 0 0 0 0 0 0 0 0 0 0 0 0 0 0 
72 648 0 0 0 0 0 0 0 0 0 0 0 0 0 0 
88 648 0 0 0 0 0 0 0 0 0 0 0 0 0 0 
104 648 0 0 0 0 0 0 0 0 0 0 0 0 0 0 
120 648 0 0 0 0 0 0 0 0 0 0 0 0 0 0 
136 648 0 0 0 0 0 0 0 0 0 0 0 0 0 0 
152 648 0 0 0 0 0 0 0 0 0 0 0 0 0 0 
168 648 0 0 0 0 0 0 0 0 0 0 0 0 0 0 
184 648 0 0 0 0 0 0 0 0 0 0 0 0 0 0 
200 648 0 0 0 0 0 0 0 0 0 0 0 0 0 0 
216 648 0 0 0 0 0 0 0 0 0 0 0 0 0 0 
232 648 0 0 0 0 0 0 0 0 0 0 0 0 0 0 
248 648 0 0 0 0 0 0 0 0 0 0 0 0 0 0 
264 648 0 0 0 0 0 0 0 0 0 0 0 0 0 0 
280 648 0 0 0 0 0 0 0 0 0 0 0 0 0 0 
296 648 0 0 0 0 0 0 0 0 0 0 0 0 0 0 
312 648 0 0 0 0 0 0 0 0 0 0 0 0 0 0 
328 648 0 0 0 0 0 0 0 0 0 0 0 0 0 0 
344 648 0 0 0 0 0 0 0 0 0 0 0 0 0 0 
360 648 0 0 0 0 0 0 0 0 0 0 0 0 0 0 
376 648 0 0 0 0 0 0 0 0 0 0 0 0 0 0 
392 648 0 0 0 0 0 0 0 0 0 0 0 0 0 0 
408 648 0 0 0 0 0 0 0 0 0 0 0 0 0 0 
424 648 0 0 0 0 0 0 0 0 0 0 0 0 0 0 
440 648 0 0 0 0 0 0 0 0 0 0 0 0 0 0 
456 648 0 0 0 0 0 0 0 0 0 0 0 0 0 0 
472 648 0 0 0 0 0 0 0 0 0 0 0 0 0 0 
488 648 0 0 0 0 0 0 0 0 0 0 0 0 0 0 
504 648 0 0 0 0 0 0 0 0 0 0 -0.000307237184 0.001142727418 0.00118330919 0 
520 648 0 0 0 0 0 0 0 0 0 0 -0.000921711552 0.003428182253 0.003549927569 0 
536 648 0.000394504151 0.002880229219 0.002907121235 28.269012694718 1011834.9375 0.000394504151 0.002880229219 0.002907121235 28.269012694718 1011834.9375 -0.001111704825 0.002978180757 0.003178906768 0 
552 648 0.000922062674 0.002789988252 0.002938406715 121.58273533649 5608258 0.000922062674 0.002789988252 0.002938406715 121.58273533649 5608258 -0.000877217003 -0.00020727707 0.000901373094 0 
568 648 0.099796040008 -0.160101696277 0.188657898728 67.059149194283 9421472 0 -16 16 35.122662817979 9418008 -0.018024176611 -0.025624258662 0.03132847865 0 
584 648 -0.366848050964 -0.360367078424 0.514239169753 9.861817265801 9661545 -1 15 15.033296378373 140.53713349588 9659458 -0.052552583649 -0.073272764018 0.090170238965 0 
600 648 -2.422046267154 -0.009457409838 2.422064731347 10.636337836726 9817441 0 -16 16 79.139939387101 9810308 -0.574933134837 -0.110299094087 0.58541779926 0 
616 648 -1.145149478251 0.283797877508 1.179791745528 18.84789322439 10095961 -0.738805575091 -15.23976346692 15.257661164329 82.295601271943 10088550 -1.585165830178 -0.136703248868 1.591049492446 0 
632 648 -2.333222575295 0.382227190312 2.364323415035 11.318210416314 10221132 -3.491964610001 -15.055842246819 15.455491017713 74.927340127107 10215430 -2.928286113577 -0.103009541342 2.930097358207 0 
648 648 -6.652678959574 0.325577151894 6.66064094671 2.916485564382 10150786 -11.32723499495 -14.874997763662 18.696839601916 52.596204529365 10145520 -4.604293985034 -0.009217971507 4.60430321239 0 
664 648 -12.058906488111 0.153480970031 12.059883170959 0.10202315617 10079197 11 0 11 179.372824614733 10077373 -4.548978413636 0.049796359677 4.549250958692 0 
680 648 -2.456560068107 0.24757916888 2.469004417388 4.219784051697 9948072 13 0 13 178.464783446687 9945304 -2.762339399381 0.074033452211 2.763331306488 0 
696 648 -1.928690138017 -0.254607167041 1.945422950927 9.341847684042 9497771 -18 -2 18.110770276275 8.161883129206 9493428 -2.710659563462 0.086213152287 2.712030231508 0 
712 648 -7.346225389597 -1.919852061463 7.592948005397 15.771677362273 8962112 11 -2 11.180339887499 170.820799821848 8953334 -4.393938905877 0.086335459905 4.39478701648 0 
728 648 -4.541760596938 -0.942654891524 4.638554469273 8.292367328478 8122964 11 4 11.70469991072 163.449944558695 8079310 -4.781990932098 -0.286870934179 4.79058787703 0 
744 648 -3.437828780698 -0.906684811678 3.555382408845 0.158476013224 7938365 -19 -17 25.495097567964 26.88707045287 7897383.5 -3.874815642125 -1.033406029964 4.010252396449 0 
760 648 -1.058213566697 -0.583090170038 1.208226013267 14.976180487207 8776531 -7 -17 18.38477631085 23.788318187304 8553975 -1.352242104362 -1.298183535921 1.874523726643 0 
776 648 0.59998351832 -0.487172176316 0.772862828471 17.863430595213 9035029 -14 -17 22.022715545545 108.260122988116 8764087 2.78572968119 -1.08120345205 2.988191888315 0 
792 648 -4.871412536686 0.183790677401 4.874878369322 169.884129646127 9118229 -4.871412536686 0.183790677401 4.874878369322 169.884129646127 9118229 3.550951608809 -0.77270871961 3.634052296468 0 
808 648 -0.090867965109 0.036288920793 0.097846169344 179.786756903862 9262568 -0.090867965109 0.036288920793 0.097846169344 179.786756903862 9262568 0.943423678493 -0.372699338601 1.014373222308 0 
824 648 -0.065483565742 -0.023783030686 0.069668715583 6.47339832627 9568634 -0.065483565742 -0.023783030686 0.069668715583 6.47339832627 9568634 -0.347066557456 -0.172541780818 0.387589810795 0 
840 648 -1.683300494955 -0.056667406106 1.684254063742 26.323966354446 9686999 -12 15 19.209372712299 79.592261560899 9659266 -0.320519099038 -0.172236046263 0.363865014093 0 
856 648 -0.466799621021 0.377672804516 0.600448693442 49.159770348618 9755183 -7 15 16.552945357247 75.167650731031 9751578 -0.29895232209 -0.053706762319 0.303738221503 0 
872 648 -0.264003602692 0.787136075294 0.830229548537 38.505033827103 10209952 -0.264003602692 0.787136075294 0.830229548537 38.505033827103 10209952 -0.28236622661 0.183046071014 0.336506389306 0 
888 648 -0.837910221244 0.602414789936 1.031986975692 7.560989743524 10543955 -0.837910221244 0.602414789936 1.031986975692 7.560989743524 10543955 -0.322525440238 0.303669153091 0.442987148956 0 
904 648 -0.412327543427 0.383492915928 0.563099298202 6.619562197828 10671672 -0.412327543427 0.383492915928 0.563099298202 6.619562197828 10671672 -0.419429962975 0.308162483911 0.520466723558 0 
920 648 -0.374155209583 0.115860869969 0.391683369635 15.199282593705 10789190 -0.374155209583 0.115860869969 0.391683369635 15.199282593705 10789190 -0.573447201616 0.363990018073 0.679213093438 0 
936 648 -0.419374688123 0.071600317485 0.425442986195 21.296768727324 10704452 -0.419374688123 0.071600317485 0.425442986195 21.296768727324 10704452 -0.78457715616 0.471151755578 0.915175005533 0 
952 648 -0.483612031423 0.111496788416 0.496298429137 16.41602816819 10628637 -0.483612031423 0.111496788416 0.496298429137 16.41602816819 10628637 -0.945532407995 0.532752352951 1.085291022787 0 
968 648 -1.191379561633 0.12837834924 1.198276370639 21.303231258074 10761645 -7 15 16.552945357247 37.529639637288 10712545 -1.05631295712 0.548791810193 1.190365286084 0 
984 648 -1.376214310154 0.168093080961 1.386441888916 14.768214398462 10784518 8 15 17 96.340564572832 10730081 -1.290936449329 0.514559339387 1.38970796571 0 
1000 648 -1.262106806328 0.242668210479 1.285224280411 3.730013084589 10510427 13 15 19.849433241279 116.300797204247 10469517 -1.649402884622 0.430054940533 1.704546018058 0 
1016 648 -4.091429209584 0.240970524422 4.098519216825 11.390734679263 10456085 14 15 20.518284528683 118.263708863747 10425223 -1.801468637515 0.47466896835 1.862954610683 0 
1032 648 -2.825817967883 0.171978237643 2.831046396976 16.878341611346 10754483 14 15 20.518284528683 112.664020020077 10729360 -1.747133708007 0.648401422835 1.863571999894 0 
1048 648 -1.347280693628 0.97050190931 1.660433444435 13.261371322102 10184801 -17 -12 20.808652046685 57.722985061037 10090138 -1.714826617481 0.710493520159 1.856187320884 0 
1064 648 -1.422827202559 1.706236055275 2.221638747561 28.981325861059 10015281 14 2 14.142135623731 150.675890180806 9956326 -1.704547365936 0.660945260321 1.828204135172 0 
1080 648 -1.272273734805 1.26022246634 1.790765512551 25.25146207644 10260574 -1.272273734805 1.26022246634 1.790765512551 25.25146207644 10260574 -1.654567766948 0.585129720898 1.754984696715 0 
1096 648 -1.641180381751 0.535538598379 1.726347194454 0.917859386828 10355188 -1.641180381751 0.535538598379 1.726347194454 0.917859386828 10355188 -1.564887820519 0.483046901889 1.637744851994 0 
1112 648 -1.108430122921 0.804520440438 1.36962420995 14.7205119764 11138049 -1.123307517521 -15.208298059588 15.249726215516 107.028092189563 11106923 -1.351136507749 0.525492673674 1.449728392719 0 
1128 648 -1.496408232242 0.956865394352 1.776183825067 2.514750319025 11372677 -15.802931912141 -14.051167267977 21.146346223696 76.753158846228 11357821 -1.013313828639 0.712467036253 1.238714734335 0 
1144 648 -1.18430971592 0.971164961069 1.531584436076 2.608444284726 11380475 2.992009849629 -14.274561164139 14.584759832408 138.582269704781 11375082 -1.099049198592 0.820525829121 1.371558156689 0 
1160 648 -1.327355599987 0.937138064608 1.624838650745 7.375829574871 11322113 -17 13 21.400934559033 9.55837402718 11308110 -1.608342617608 0.849669052276 1.8189841874 0 
1176 648 -1.124439506766 1.635916820122 1.985091445433 29.439104334916 11299266 -12 -16 20 79.188499777421 11286471 -1.542882566619 0.754461707536 1.717468801031 0 
1192 648 -0.070497341463 2.766961061818 2.767858990767 57.89037718538 11044776 0.037379368557 -12.989340930279 12.989394713389 120.815021396274 11040004 -0.902669045623 0.534903794898 1.049253770888 0 
1208 648 -0.27068791779 2.321369785213 2.337098549171 48.525793716929 10632032 7.883214333266 2.331195351167 8.220677587007 128.703035103054 10622170 -0.599102660387 0.41674636997 0.729795542989 0 
1224 648 -0.856955478895 1.921105790732 2.103573186745 33.637599441782 9625007 15 2 15.132745950422 140.083367189198 9485960 -0.63218341091 0.39998943275 0.748095857054 0 
1240 648 -0.424287513281 1.042123394255 1.125184901596 32.503636494943 9521319 -1 -16 16.031219541881 121.766947696036 9479164 -0.505109855452 0.358210874267 0.61923420167 0 
1256 648 -0.224838041082 0.460400466407 0.512367772392 10.756017725456 10628998 5 -16 16.76305461424 160.569288751043 10623439 -0.217881994012 0.291410694521 0.36385815395 0 
1272 648 -0.060813527385 0.24540929237 0.252831971662 3.74821095921 10957875 3.306830068394 -14.747504575969 15.11370293209 177.531204268989 10949243 -0.04849209027 0.270331187456 0.274646015318 0 
1288 648 -0.131715932714 0.187848878544 0.229425997004 35.63171038773 10883256 -0.131715932714 0.187848878544 0.229425997004 35.63171038773 10883256 0.003059855775 0.294972353072 0.294988223145 0 
1304 648 -0.053801434125 0.229954453909 0.236164445221 15.490458667751 10629102 -14.062395854608 -12.200492093573 18.617276505897 133.266893450247 10614922 0.020916297119 0.515812037225 0.516235943374 0 
1320 648 0.062123304015 0.151089434643 0.163362548225 22.039108265696 11114479 0 -16 16 179.688158740513 11102705 0.005077233762 0.932850239914 0.932864056768 0 
1336 648 0.010621875835 1.030444647999 1.030499391963 1.103001376706 11874673 12.683581685911 -14.27993176517 19.099468463837 138.900603571215 11846761 -0.010653372084 1.19117823996 1.191225878535 0 
1352 648 -0.086139926061 1.086563533427 1.089972659765 3.366624738033 12426722 -16 -14 21.260291625469 130.019769947012 12354371 -0.02627552042 1.290796037365 1.29106344269 0 
1368 648 -0.097894061208 1.111708108397 1.116009930734 4.011502266864 12524710 -0.097894061208 1.111708108397 1.116009930734 4.011502266864 12524710 -0.025411247866 1.426095467517 1.426321847968 0 
1384 648 0.032315906522 1.072936396585 1.073422949695 2.014350517695 12282088 0.032315906522 1.072936396585 1.073422949695 2.014350517695 12282088 -0.008060554424 1.597076530416 1.597096871371 0 
1400 648 0.031132761801 1.11656141393 1.11699536254 1.577716514961 12038592 0.031132761801 1.11656141393 1.11699536254 1.577716514961 12038592 0.000571797387 1.686006349456 1.686006446417 0 
1416 648 0.188827740217 1.227932221186 1.242366071375 8.725849749484 11658991 0.188827740217 1.227932221186 1.242366071375 8.725849749484 11658991 0.000485807568 1.692884924636 1.692884994342 0 
1432 648 -0.032607257727 1.319607525622 1.320010323798 4.748659371926 11430053 -0.032607257727 1.319607525622 1.320010323798 4.748659371926 11430053 0.093981831691 1.61368046876 1.616414934336 0 
1448 648 0.117351001117 1.256419056372 1.261887515858 5.645720881887 10756196 0.117351001117 1.256419056372 1.261887515858 5.645720881887 10756196 0.281059869756 1.448392981827 1.475410749654 0 
1464 648 0.406007530971 1.181249514053 1.249076670847 2.00039700368 10132408 0.406007530971 1.181249514053 1.249076670847 2.00039700368 10132408 0.419706035023 1.375546190149 1.438151757315 0 
1480 648 0.209793666947 1.183378007532 1.20183064173 10.024079687785 10076420 -15.042126467939 1.138662499792 15.085162278408 105.748302024464 10067834 0.509920327492 1.395140093724 1.485407224133 0 
1496 648 1.394353065898 1.221575984959 1.853771388119 24.062629724083 10060048 -16 -6 17.088007490635 135.272203080715 9988896 0.62306761323 1.353640481322 1.490152946288 0 
1512 648 0.16205318165 2.378864311901 2.384377622802 27.352703132183 10672224 -6 -15 16.155494421404 170.551619612858 10652802 0.759147892237 1.251047352942 1.463360858296 0 
1528 648 0.806295718545 1.740541877124 1.918228039564 7.064158859122 11213904 0.806295718545 1.740541877124 1.918228039564 7.064158859122 11213904 0.693786954857 1.113756802376 1.312171693632 0 
1544 648 0.476696349015 0.873856886985 0.995422155719 4.223967465675 11566809 0.476696349015 0.873856886985 0.995422155719 4.223967465675 11566809 0.426984801089 0.941768829623 1.034042817688 0 
1560 648 -0.03782725015 1.208775520914 1.209367256385 16.406183298902 11978342 -0.03782725015 1.208775520914 1.209367256385 16.406183298902 11978342 0.22035244166 0.84511382142 0.87336851884 0 
1576 648 0.19880942404 1.756937248123 1.768149790297 1.330525905724 11998998 0.19880942404 1.756937248123 1.768149790297 1.330525905724 11998998 0.073889876569 0.823791777765 0.827098910029 0 
1592 648 1.35393379854 1.820660508179 2.268907538193 28.745292054717 11856962 0 -16 16 172.108962929662 11793583 0.102912217949 0.742501543588 0.749599537643 0 
1608 648 0.231729644221 1.64657347774 1.662799700989 19.070072773133 12045305 0 -16 16 152.919047973441 11988106 0.3074194658 0.601243118891 0.675277732468 0 
1624 648 0.348920188926 1.453328518615 1.494626736432 25.925747277242 12318852 0.348920188926 1.453328518615 1.494626736432 25.925747277242 12318852 0.395683055764 0.481266940831 0.623043296213 0 
1640 648 0.107795099174 0.838372625268 0.845274181674 36.537882593864 12227345 0.107795099174 0.838372625268 0.845274181674 36.537882593864 12227345 0.36770298784 0.382573009408 0.53062943265 0 
1656 648 3.461565557319 0.653058345357 3.522629885478 29.670398072376 12124554 -12 -16 20 167.22413355395 12093344 0.373672977161 0.317506332229 0.490348615646 0 
1672 648 0.407051806511 0.359768824158 0.543253881734 6.80138000113 12002102 -7 -16 17.464249196573 148.299545829267 11971056 0.413593023727 0.286066909292 0.502885141824 0 
1688 648 2.33862201084 0.204189509137 2.347519172494 31.796561417062 11864435 -12 -16 20 163.656407501598 11842062 0.368634811936 0.275638728696 0.460291574252 0 
1704 648 -0.002443873961 0.180580689413 0.18059722564 40.614016060448 11944201 -16 -16 22.62741699797 174.838655658373 11920535 0.238798341788 0.286221790439 0.372756705322 0 
1720 648 -0.090911945422 0.239175259104 0.255870643857 45.37133948129 12152187 8 -16 17.888543819998 128.875706011366 12118498 0.149250411828 0.326604793238 0.359091041934 0 
1736 648 0.008760409879 0.360916654931 0.361022958533 12.753664681202 12413252 13 -16 20.615528128088 126.762028063898 12378499 0.099991022056 0.396787737095 0.409192757512 0 
1752 648 0.04905278548 0.330812557986 0.334429550555 2.032994093368 12721162 -16 -16 22.62741699797 145.467338230806 12681674 0.098750430654 0.534509953626 0.543555459985 0 
1768 648 0.162612543831 0.280166315685 0.323938271675 19.00231697893 13299758 0 -16 16 168.870823446427 13260874 0.145528637622 0.739771442833 0.753949847138 0 
1784 648 0.175532322753 0.185005222513 0.25502652546 30.59890233916 13823529 -13 -16 20.615528128088 153.802174077149 13801454 0.222786654121 0.973047198858 0.998225798334 0 
1800 648 0.374153581816 1.088679251455 1.151179141287 3.975966220274 13935885 0.374153581816 1.088679251455 1.151179141287 3.975966220274 13935885 0.330524480151 1.234337221702 1.277824248032 0 
1816 648 0.113653705151 1.292642263893 1.297629063754 6.470532812732 13814822 0 16 16 11.495260134021 13792596 0.322797197027 1.587271020775 1.619761502135 0 
1832 648 1.681427874222 2.106903513442 2.695596800555 32.98122011158 13567260 7.197850911143 -13.452187795167 15.256815336612 146.239515872617 13558450 0.199604804748 2.031848596078 2.041629446168 0 
1848 648 0.073034190096 1.994723238968 1.99605981699 0.691209865545 13409133 0 -14 14 177.211916548584 13400231 0.104673464247 2.149366526155 2.151913798895 0 
1864 648 -0.003377778322 1.0512768469 1.051282273328 1.30643215436 12649908 0.136321428345 -14.121629215296 14.122287181124 178.324579306377 12612096 0.038003175526 1.939824811007 1.940197036063 0 
1880 648 -0.013202096895 1.074370853923 1.074451965945 3.994153960286 11494687 -0.013202096895 1.074370853923 1.074451965945 3.994153960286 11494687 0.100531014692 1.748768616487 1.751655833469 0 
1896 648 0.063636207328 0.984661976857 0.98671615754 6.806688044932 11301994 0.063636207328 0.984661976857 0.98671615754 6.806688044932 11301994 0.292256981746 1.576197942595 1.603063971781 0 
1912 648 1.098729117684 0.942050859787 1.447295925674 14.664692023443 11927503 1.098729117684 0.942050859787 1.447295925674 14.664692023443 11927503 1.113281158522 1.606253943417 1.954340468972 0 
1928 648 2.123653805394 0.900501426455 2.306687734439 12.6742196465 12315717 2.123653805394 0.900501426455 2.306687734439 12.6742196465 12315717 2.56360354502 1.838936618953 3.154956580457 0 
1944 648 3.188898520042 1.050944957452 3.357612109032 12.143662163585 11900920 3.188898520042 1.050944957452 3.357612109032 12.143662163585 11900920 3.364099579049 1.972443076201 3.899704817882 0 
1960 648 4.12784075089 1.795021130534 4.501240953756 6.222242543903 11584657 4.12784075089 1.795021130534 4.501240953756 6.222242543903 11584657 3.514769260609 2.00677331516 4.047312947347 0 
1976 648 2.615903121151 1.919868675676 3.24481815686 0.483846663656 11545213 17 -8 18.788294228056 61.960732424862 11514172 2.859616517458 2.136124015645 3.569374236072 0 
1992 648 1.35859974548 1.980190455212 2.401446961174 3.806239781484 11572268 -7 17 18.38477631085 53.02773806337 11533939 1.398641349598 2.360495177654 2.743744723646 0 
2008 648 0.219379461423 1.863944710054 1.876810387395 3.700392158512 12092458 0 17 17 10.413013736054 12032083 0.475735448213 2.58876682877 2.632116621737 0 
2024 648 -0.130653630329 1.856634875709 1.861226324985 5.870934222761 12843759 0.042167435255 -13.360369856437 13.360436399811 177.9735689266 12806057 0.090898813304 2.820938968991 2.822403100379 0 
2040 648 -0.293582806226 1.772979044031 1.797121463531 0.851563033754 13222880 -7 -14 15.652475842499 144.884372086888 13203201 -0.427849794309 2.845624492347 2.877609111387 0 
2056 648 -0.8567324519 1.855929088693 2.044128977436 2.692809182479 12933562 -0.8567324519 1.855929088693 2.044128977436 2.692809182479 12933562 -1.080510374624 2.662823398839 2.873696421523 0 
2072 648 1.957363075177 2.049027582264 2.833687392947 66.28813172031 12813747 -16 2 16.124515496597 60.27617763669 12809113 -0.969762807164 2.329842359263 2.523609581765 0 
2088 648 0.748775328883 1.317562949395 1.51546580917 32.573403679163 12809626 9.899106762355 -2.834917822731 10.297041990502 108.944408713557 12801655 -0.09560709193 1.84668137362 1.849154620821 0 
2104 648 0.353623875822 3.878319256867 3.894407542071 6.384035237785 11795484 -16 4 16.492422502471 87.557596353309 11718364 0.264000761371 1.286813809087 1.313615690095 0 
2120 648 0.080501476694 0.325033933131 0.334854513837 4.389330382489 10077979 0.080501476694 0.325033933131 0.334854513837 4.389330382489 10077979 0.10906075274 0.650239665665 0.65932228128 0 
2136 648 -0.152502282058 0.122311462616 0.195491789905 91.396390643553 9491616 -0.152502282058 0.122311462616 0.195491789905 91.396390643553 9491616 0.2957891614 0.350924370752 0.458954400774 0 
2152 648 0.065716147834 0.234459326188 0.243494943936 49.083546727137 9075851 0.065716147834 0.234459326188 0.243494943936 49.083546727137 9075851 0.824185987353 0.38886792435 0.911318168554 0 
2168 648 2.780243495366 2.392192508078 3.667743023881 3.504443718173 8615327 11 -16 19.416487838948 99.705464451445 8230761.5 0.878898138565 0.85510866149 1.226243353062 0 
2184 648 3.479469596262 2.112446594432 4.070520763445 44.009320373903 8198867.5 -16 1 16.031219541881 101.151678583137 8071201 0.459925615038 1.749646582171 1.809086712646 0 
2200 648 0.333787157722 2.335415039318 2.359147573284 2.625046799459 7391168 0.333787157722 2.335415039318 2.359147573284 2.625046799459 7391168 0.194622019802 2.017972060229 2.027335435111 0 
2216 648 0.129678149915 2.996641928751 2.999446494224 0.383923718636 6506433.5 7 -15 16.552945357247 152.121283190389 5872138.5 0.082987352857 1.660085095664 1.662158062754 0 
2232 648 0.087316090922 3.023818823317 3.025079234662 3.652888648653 6482179 13 -15 19.849433241279 141.084486462728 5833913.5 -0.047381508941 1.357596771555 1.358423351362 0 
2248 648 0.096368552019 1.65015216689 1.652963723652 13.375898293842 7510970.5 15 -15 21.213203435596 145.03363257561 7140506.5 -0.196484565591 1.110507087903 1.127755370991 0 
2264 648 -0.029262197738 0.67317115377 0.673806855475 13.339164296998 8360163.5 15 -14 20.518284528683 148.853263867227 7983692 -0.233989923268 0.825352242845 0.85787971707 0 
2280 648 -0.070951320519 0.59208397181 0.596319980847 10.830057918486 9038184 15 -4 15.52417469626 122.594827388376 8600961 -0.159897581972 0.502132236379 0.526976298833 0 
2296 648 -0.0709695411 0.448543925823 0.454123693674 10.935976823836 10916462 7.829131046074 -15.426620674999 17.299593012176 173.018749165846 10584604 -0.092468601116 0.255067461479 0.271311356375 0 
2312 648 -0.019146276859 0.176977020389 0.178009678567 14.467269370207 13334341 -0.187354082755 -14.940555051967 14.941729712894 158.639745567506 13220715 -0.0317029807 0.084157918146 0.089931274715 0 
2328 648 -0.002687261305 -0.008818426011 0.009218785747 19.034160440919 14721732 6 15 16.155494421404 156.112114496521 14504208 0.000176119187 -0.00483419174 0.004837398862 0 
2344 648 0.001130639693 -0.002958348276 0.003167044464 6.016191169678 13663180 -16 5 16.76305461424 122.253996449587 12147242 0.003168698544 -0.011908868179 0.012323221647 0 
2360 648 -0.002614630199 -0.001988434896 0.003284838567 66.956232554529 10500346 -0.002614630199 -0.001988434896 0.003284838567 66.956232554529 10500346 0.003544029288 -0.013996271756 0.014437997322 0 
2376 648 0.001913215066 -0.000173179077 0.001921036928 78.135048895909 5926244 0.001913215066 -0.000173179077 0.001921036928 78.135048895909 5926244 0.001302111418 -0.011096402472 0.011172539638 0 
2392 648 0.000160943845 0.001245809442 0.001256162445 177.272373917438 1558225.75 0.000160943845 0.001245809442 0.001256162445 177.272373917438 1558225.75 -0.000565156806 -0.006973173275 0.006996038003 0 
2408 648 0 0 0 0 0 0 0 0 0 0 -0.002057775384 -0.001626584164 0.002623016503 0 
2424 648 0 0 0 0 0 0 0 0 0 0 -0.002394863734 0.001768763743 0.002977229834 0 
2440 648 0 0 0 0 0 0 0 0 0 0 -0.001576421857 0.003212870447 0.00357877666 0 
2456 648 0 0 0 0 0 0 0 0 0 0 -0.000875400689 0.00295119285 0.003078289395 0 
2472 648 0 0 0 0 0 0 0 0 0 0 -0.00029180023 0.00098373095 0.001026096465 0 
2488 648 0 0 0 0 0 0 0 0 0 0 0 0 0 0 
2504 648 0 0 0 0 0 0 0 0 0 0 0 0 0 0 
2520 648 0 0 0 0 0 0 0 0 0 0 0 0 0 0 
2536 648 0 0 0 0 0 0 0 0 0 0 0 0 0 0 
24 664 0 0 0 0 0 0 0 0 0 0 0 0 0 0 
40 664 0 0 0 0 0 0 0 0 0 0 0 0 0 0 
56 664 0 0 0 0 0 0 0 0 0 0 0 0 0 0 
72 664 0 0 0 0 0 0 0 0 0 0 0 0 0 0 
88 664 0 0 0 0 0 0 0 0 0 0 0 0 0 0 
104 664 0 0 0 0 0 0 0 0 0 0 0 0 0 0 
120 664 0 0 0 0 0 0 0 0 0 0 0 0 0 0 
136 664 0 0 0 0 0 0 0 0 0 0 0 0 0 0 
152 664 0 0 0 0 0 0 0 0 0 0 0 0 0 0 
168 664 0 0 0 0 0 0 0 0 0 0 0 0 0 0 
184 664 0 0 0 0 0 0 0 0 0 0 0 0 0 0 
200 664 0 0 0 0 0 0 0 0 0 0 0 0 0 0 
216 664 0 0 0 0 0 0 0 0 0 0 0 0 0 0 
232 664 0 0 0 0 0 0 0 0 0 0 0 0 0 0 
248 664 0 0 0 0 0 0 0 0 0 0 0 0 0 0 
264 664 0 0 0 0 0 0 0 0 0 0 0 0 0 0 
280 664 0 0 0 0 0 0 0 0 0 0 0 0 0 0 
296 664 0 0 0 0 0 0 0 0 0 0 0 0 0 0 
312 664 0 0 0 0 0 0 0 0 0 0 0 0 0 0 
328 664 0 0 0 0 0 0 0 0 0 0 0 0 0 0 
344 664 0 0 0 0 0 0 0 0 0 0 0 0 0 0 
360 664 0 0 0 0 0 0 0 0 0 0 0 0 0 0 
376 664 0 0 0 0 0 0 0 0 0 0 0 0 0 0 
392 664 0 0 0 0 0 0 0 0 0 0 0 0 0 0 
408 664 0 0 0 0 0 0 0 0 0 0 0 0 0 0 
424 664 0 0 0 0 0 0 0 0 0 0 0 0 0 0 
440 664 0 0 0 0 0 0 0 0 0 0 0 0 0 0 
456 664 0 0 0 0 0 0 0 0 0 0 0 0 0 0 
472 664 0 0 0 0 0 0 0 0 0 0 0 0 0 0 
488 664 0 0 0 0 0 0 0 0 0 0 0 0 0 0 
504 664 0 0 0 0 0 0 0 0 0 0 -0.00029395944 0.001931168956 0.001953413855 0 
520 664 0 0 0 0 0 0 0 0 0 0 -0.00088187832 0.005793506868 0.005860241565 0 
536 664 -0.000353481027 0.000786367759 0.000862161869 9.221166210607 371221.96875 -0.000353481027 0.000786367759 0.000862161869 9.221166210607 371221.96875 -0.001734609675 0.006481216401 0.006709324613 0 
552 664 -0.003006383201 -0.001059885421 0.003187741687 73.890873709174 4846210.5 -0.003006383201 -0.001059885421 0.003187741687 73.890873709174 4846210.5 -0.002852153503 0.003994297555 0.004908074221 0 
568 664 -0.023542398988 -0.030805571935 0.038771481947 42.143903159568 8975912 -8 15 17 72.395630421281 8874310 -0.009298891304 -0.001718096006 0.009456280102 0 
584 664 -0.41629339785 -0.284535809029 0.504242818207 7.53022171985 8888560 14 15 20.518284528683 159.84738248487 8860519 -0.021074823078 -0.010655964281 0.023615624966 0 
600 664 -0.045368587985 -0.084741121504 0.096121623216 58.059349320533 8693894 -11 -16 19.416487838948 51.714472512417 8638390 -0.522999896034 -0.034526789821 0.524138331423 0 
616 664 -0.892841837855 0.039799402 0.893728448592 5.323323008355 8559194 -0.892841837855 0.039799402 0.893728448592 5.323323008355 8559194 -1.515074110172 -0.073330572625 1.516847695781 0 
632 664 -2.467688092144 0.130274490491 2.471124432921 4.017448216537 8296464 -2.467688092144 0.130274490491 2.471124432921 4.017448216537 8296464 -2.863653382184 -0.049759665149 2.864085668686 0 
648 664 -7.581045827485 0.152026104301 7.582569998016 0.695031653724 8182358.5 -7.581045827485 0.152026104301 7.582569998016 0.695031653724 8182358.5 -4.56873771207 0.036185932609 4.568881012175 0 
664 664 -14.5 0.173935106844 14.501043183902 0.339653324088 8225660 5 -16 16.76305461424 108.380937930931 8052870.5 -4.897219033437 0.087782345272 4.898005716779 0 
680 664 -7 0.443671330911 7.014046210988 2.063617109717 8316078 7 -16 17.464249196573 115.192408703427 8203886.5 -3.849097346284 0.105029572841 3.850530040441 0 
696 664 -14.180879254847 0.415510730276 14.186965341733 0.156829986986 8159322 4.054248930899 -11.840525253554 12.515389433563 110.736594215701 8086241 -4.22507073724 0.135373588702 4.22723890302 0 
712 664 -7.624969698626 0.320410104818 7.631698732277 0.706291617591 7895481 -22 -12 25.059928172283 30.310387798237 7865561 -6.025139206307 0.178814392855 6.027792053685 0 
728 664 -7.039332224184 0.024284380408 7.039374112346 1.898440475015 7384098.5 -18.60569672786 -14.609026728273 23.655773347673 36.437904651769 7358056.5 -6.168827927632 -0.183170757278 6.171546769413 0 
744 664 -4.698117088142 -0.225050401774 4.703504210398 8.796252769876 8169694.5 -4.698117088142 -0.225050401774 4.703504210398 8.796252769876 8169694.5 -4.656136901217 -0.950581861698 4.75218020688 0 
760 664 -1.028028710001 -0.940183734877 1.393121848193 5.439940491785 10041913 -1 -17 17.029386365926 49.629000861804 10030087 -1.651228371621 -1.244494906993 2.067685350526 0 
776 664 6.097114990533 -0.546871444172 6.121591262427 15.390064686381 10603673 2 -17 17.117242768624 62.774755776047 10594690 2.845897661156 -1.064909893165 3.03861260748 0 
792 664 -5.366661093136 0.881313990663 5.438544441183 174.794752100304 10740047 3 -16 16.2788205961 64.849214003054 10735568 2.978672308572 -0.772063936919 3.077104392858 0 
808 664 -1.602652315983 1.391740314952 2.122601128377 57.253383392534 10596200 -2.10962637502 -8.336170174946 8.598968346717 59.515983474824 10592947 -1.252904429374 -0.365957038255 1.305256320802 0 
824 664 -4.655036099507 0.151869676949 4.657512800465 4.551967792714 10432012 -5 -16 16.76305461424 69.962608819859 10427634 -3.178339910033 -0.148961966558 3.181828758936 0 
840 664 -2.434786878589 0.237573654151 2.446350012835 8.051133821861 10331705 -6.211351427832 -8.014022684533 10.139302054296 49.743998774484 10328477 -2.797634133405 -0.12107872183 2.800252988798 0 
856 664 -3.00694386719 0.323076572794 3.024250302524 6.18242909853 10046387 -3.00694386719 0.323076572794 3.024250302524 6.18242909853 10046387 -2.059919918647 -0.001793881289 2.059920699747 0 
872 664 -0.389698275396 1.351568283036 1.406627729556 61.704236883735 9999529 -7 -16 17.464249196573 78.582503748996 9993175 -0.965197265759 0.208892555063 0.987543346587 0 
888 664 -0.361734961289 1.055923101004 1.116165658606 48.087406604705 9735278 -0.104079393761 -12.816823162353 12.817245745293 112.537051350747 9733236 -0.640849550108 0.272055030359 0.696205490798 0 
904 664 -1.160461921179 0.172408193164 1.173199239506 1.347275790384 9575899 14 -7 15.652475842499 163.232764467406 9572351 -1.086876771694 0.1876935446 1.10296418053 0 
920 664 -1.493735972173 0.033246415814 1.494105912821 4.425805362458 9446535 -6.261221045632 -14.641056654587 15.923675107999 72.546954767619 9428561 -1.371026802697 0.136866964264 1.377841449376 0 
936 664 -1.567416298397 0.03690723853 1.567850757163 3.229296779461 9302602 10 -16 18.867962264113 126.583548390837 9285689 -1.493299643117 0.119575289351 1.49807946183 0 
952 664 -1.443214375017 0.050866012147 1.444110481732 2.78264441175 9389908 -16 -16 22.62741699797 49.80119550202 9370830 -1.433345633336 0.12039151404 1.438392791019 0 
968 664 -1.635749621945 0.121393490998 1.640247909723 2.42656614603 9458329 -14.145658305199 -14.988079576269 20.609274084062 53.327147303256 9422594 -1.191164773354 0.13931563833 1.19928410494 0 
984 664 -1.031502790429 0.17014431665 1.045441100757 1.827159174534 9415029 0 -16 16 97.539325176819 9374397 -1.352417583241 0.178993563623 1.364211132955 0 
1000 664 -1.325149800807 0.346128216506 1.369608242104 7.519805216866 9229256 -4 -16 16.492422502471 83.082513179209 9202656 -1.917104062998 0.239425289919 1.93199701289 0 
1016 664 -5.61409717682 1.713863298805 5.86987346693 6.759617461735 9228826 -8 -16 17.888543819998 73.651636181608 9211643 -2.01557503557 0.363265261282 2.048048918866 0 
1032 664 -2.256062236399 1.698422657975 2.823907990645 18.499751357164 9393604 -14 -16 21.260291625469 67.287713724798 9360811 -1.647830500957 0.550513477713 1.737357317603 0 
1048 664 -1.291825261731 0.703383352119 1.470904703536 7.377501845145 9008756 -3.960629102527 -15.020087471313 15.533499622869 96.418251272594 8968875 -1.537883273239 0.596204860247 1.649407529233 0 
1064 664 -1.410100539724 0.872758836515 1.658339988918 15.223445639121 8950488 -0.781425186957 -14.103748621164 14.125379658324 103.360059431598 8894538 -1.685733352415 0.500339408883 1.758418738391 0 
1080 664 -1.304000242869 1.160005653158 1.745287869883 28.685925756045 9112338 -17 -15 22.671568097509 54.393222913629 9045196 -1.734144048987 0.399388313181 1.779541122689 0 
1096 664 -1.867598870684 0.606638801455 1.963653782419 8.108165531512 9412560 -1.867598870684 0.606638801455 1.963653782419 8.108165531512 9412560 -1.683115362955 0.29335157314 1.70848835831 0 
1112 664 -1.132182011672 0.350333569563 1.185145441503 8.472359126769 10430407 -1.132182011672 0.350333569563 1.185145441503 8.472359126769 10430407 -1.534123741799 0.235340147412 1.552069792289 0 
1128 664 -2.023817140082 0.307582469165 2.04705710517 1.288781434813 10722315 -2.023817140082 0.307582469165 2.04705710517 1.288781434813 10722315 -1.287169185519 0.225354035995 1.306747471277 0 
1144 664 -1.994733023159 0.37466384586 2.029613961096 1.927894097861 10667186 -1.994733023159 0.37466384586 2.029613961096 1.927894097861 10667186 -1.558386470708 0.238740420541 1.576567594646 0 
1160 664 -1.887507720319 0.452608047452 1.941015053749 6.791674217062 10278620 -1.887507720319 0.452608047452 1.941015053749 6.791674217062 10278620 -2.347775597366 0.275499301048 2.363884540426 0 
1176 664 -1.863429859741 0.480422961043 1.924364067341 7.287591865258 10092338 -1.863429859741 0.480422961043 1.924364067341 7.287591865258 10092338 -2.38706652961 0.300260593323 2.405876771717 0 
1192 664 -0.983826944188 0.479255532831 1.094349725572 15.394714846496 10206924 -0.983826944188 0.479255532831 1.094349725572 15.394714846496 10206924 -1.67625926744 0.313024297367 1.705235861229 0 
1208 664 -1.067788116236 0.330236866554 1.117688619074 2.357318176366 9924504 -1.067788116236 0.330236866554 1.117688619074 2.357318176366 9924504 -1.197878061135 0.317120516012 1.239143765277 0 
1224 664 -0.756199731249 0.145410395876 0.770053385662 7.292194621145 9252986 13.286446059078 -15.196205784911 20.185497743136 149.340862587034 9178270 -0.951922910695 0.31254924926 1.001920286809 0 
1240 664 -0.317401411784 0.049397799622 0.321222351044 13.738375498221 9373001 11.716693924296 -13.386382827908 17.789776888172 153.779136156446 9314866 -0.675206540286 0.280846564227 0.731285624556 0 
1256 664 -0.162047521041 0.199263935319 0.256837526453 19.759901556051 10407132 6 15 16.155494421404 80.680374092307 10396475 -0.367728949907 0.222012460913 0.429551060294 0 
1272 664 -1.539632022862 -0.025941819583 1.539850558927 49.606048379972 10737816 -4 15 15.52417469626 26.427840513386 10733924 -0.182355069512 0.207137966662 0.275970122675 0 
1288 664 -0.099098388048 -0.127925284384 0.161818938628 115.482938103839 10485147 0 15 15 26.753609744844 10481125 -0.119084899101 0.236223081473 0.264542165665 0 
1304 664 -0.007939739891 0.207436752218 0.207588645259 10.949416666431 10440982 -0.007939739891 0.207436752218 0.207588645259 10.949416666431 10440982 -0.08772661772 0.375753459404 0.385858292267 0 
1320 664 0.025708036173 0.942778852043 0.943129294945 9.592478580648 10791989 15 -16 21.931712199461 144.878113785832 10785798 -0.088280225367 0.625729100455 0.631925870136 0 
1336 664 0.397363340057 1.181424593596 1.246459664158 23.245301594562 10923688 -16 -16 22.62741699797 130.344679875788 10908279 -0.059404043443 0.729511133285 0.731925770802 0 
1352 664 0.064267777184 1.829992295275 1.831120462435 2.10291836583 11117257 14.116830050714 -13.264629545414 19.370990879607 133.308909365353 11109772 -0.001098071949 0.687099557894 0.687100435323 0 
1368 664 -0.054429694742 2.45155232829 2.452156481551 3.657541802875 11371742 9 -16 18.357559750686 148.256584305288 11366923 0.029533817129 0.7088954578 0.709510406156 0 
1384 664 0.327931736189 1.721571583223 1.752526159508 8.444054629033 11468258 4 -16 16.492422502471 163.623084887961 11463837 0.032491623793 0.794898833001 0.795562606162 0 
1400 664 -0.001055620242 1.478629183105 1.478629559918 4.33703359044 11588057 -12 -16 20 147.426231453444 11579988 0.06549780955 0.871880797901 0.874337514238 0 
1416 664 0.257227675257 0.386555530694 0.464318053955 25.852556505841 11661750 0.257227675257 0.386555530694 0.464318053955 25.852556505841 11661750 0.128552374399 0.9398413525 0.948592368108 0 
1432 664 0.158494348312 0.114240701697 0.195375014706 31.793412549494 11730846 0.158494348312 0.114240701697 0.195375014706 31.793412549494 11730846 0.405477138202 0.982641197446 1.06301243291 0 
1448 664 0.123099227264 1.197327623077 1.203639005988 35.990955664292 11100785 0.123099227264 1.197327623077 1.203639005988 35.990955664292 11100785 0.896272100958 1.000280332739 1.343080199773 0 
1464 664 0.942224627496 1.018631203807 1.38758667406 2.613232672378 10417392 0.942224627496 1.018631203807 1.38758667406 2.613232672378 10417392 1.064142225633 1.05005452196 1.494996045301 0 
1480 664 0.209660556753 1.004426915803 1.026075522682 26.97774978756 10432309 -15.089315782336 1.004473300533 15.122711972082 124.959699838155 10425836 0.909087512226 1.131963765108 1.451820261053 0 
1496 664 1.505556526938 1.071165517797 1.84772725864 11.07651521573 10722858 1.505556526938 1.071165517797 1.84772725864 11.07651521573 10722858 1.018281317265 1.073322484066 1.47949923822 0 
1512 664 1.418499496212 0.231384610093 1.437247250316 22.868154961216 10316892 -15 14 20.518284528683 104.842327166133 10256344 1.391723640749 0.874130678835 1.643471671767 0 
1528 664 1.44063086381 0.259096309661 1.463744575888 18.981939982793 9951859 13.757799779509 11.279526949466 17.790581299575 10.169553976277 9903962 1.22101225821 0.681772809109 1.398458114474 0 
1544 664 0.314309000671 0.577627930293 0.657604876622 17.013488309007 10584890 9.274892996411 -12.27596737277 15.385805634811 97.362009105003 10564189 0.506147169647 0.496248874889 0.708835596715 0 
1560 664 0.3201331234 1.518957546807 1.552326397927 18.562989490961 11000198 13.437968591753 -13.294588606623 18.903044360428 104.228314974626 10992209 0.232207276345 0.394770700406 0.458000136557 0 
1576 664 0.648211744884 1.96056336565 2.064942414919 28.316888193077 11132531 -2 15 15.132745950422 54.206721335547 11122949 0.399192578304 0.377338285659 0.549307651865 0 
1592 664 0.183935047495 1.375051188931 1.387298768787 51.690131475131 11127944 13.557204140753 -14.340624111392 19.734520111173 77.299414909534 11122752 0.505367805781 0.299956554112 0.587682357635 0 
1608 664 -0.167016260906 0.300684739966 0.343956020816 102.598814209947 11177382 -15.191368757116 -13.907845141624 20.596257941628 153.976898147658 11172692 0.550732958776 0.162625505766 0.574241976006 0 
1624 664 0.036376623875 0.256391013472 0.25895870434 74.566933037706 11418602 0.206775625771 -14.269817646579 14.271315700595 96.527685990824 11410063 0.637635891254 0.082337695418 0.642930031887 0 
1640 664 -0.140069701941 0.292737840294 0.324522671845 111.159351813125 11644706 10.799945340985 -14.102281391833 17.762690106589 56.964946700367 11630035 0.766076603217 0.059093123069 0.768352366555 0 
1656 664 0.264344350965 0.368717366695 0.453685389218 50.416494303825 11732063 0.264344350965 0.368717366695 0.453685389218 50.416494303825 11732063 0.894312653806 0.061684025038 0.8964374165 0 
1672 664 1.090722664389 0.456602480688 1.182438901586 17.67825782188 11533025 1.090722664389 0.456602480688 1.182438901586 17.67825782188 11533025 1.022344043021 0.090110401324 1.026307569263 0 
1688 664 1.303176142035 0.458179065604 1.381374718651 12.16514824201 11333995 1.303176142035 0.458179065604 1.381374718651 12.16514824201 11333995 1.129907547945 0.142857421124 1.138902677877 0 
1704 664 1.101877008852 1.100979147998 1.557654655873 34.733254530272 11333552 1.101877008852 1.100979147998 1.557654655873 34.733254530272 11333552 1.217003168579 0.219925084438 1.236714904534 0 
1720 664 -0.01094424905 1.364941741527 1.364985616902 74.109303726635 11395855 -0.01094424905 1.364941741527 1.364985616902 74.109303726635 11395855 0.979998310774 0.287501810842 1.021300142151 0 
1736 664 -0.041559889277 1.730467747638 1.730966738563 51.853079055485 11524481 -0.041559889277 1.730467747638 1.730966738563 51.853079055485 11524481 0.418892974531 0.345587600337 0.543048905365 0 
1752 664 0.075935315872 1.994044283412 1.995489608193 18.291943770725 11669382 -16 -16 22.62741699797 155.472773887603 11560747 0.137650760014 0.368697683988 0.393555223457 0 
1768 664 0.309572597727 1.86100068132 1.886573276906 11.456984590964 12100328 1 -16 16.031219541881 155.52215879318 12008439 0.136271667226 0.356832061795 0.381967390773 0 
1784 664 2.939966129568 1.59237754317 3.343511190799 38.418618621257 12476246 -8 -16 17.888543819998 176.574970302404 12387863 0.178657684956 0.418047681272 0.454623396022 0 
1800 664 2.691579143835 1.67987755209 3.172788501861 32.416436961077 12482830 -16 -16 22.62741699797 160.61431087015 12387759 0.264808813205 0.552344542418 0.612542407585 0 
1816 664 0.175281983221 1.640209103524 1.649548325126 11.102687959096 12636048 10 -16 18.867962264113 130.792129261239 12552551 0.262004395247 0.846269378391 0.88589963536 0 
1832 664 2.626670989534 1.512174382249 3.030853320369 52.609117736672 12674205 2.626670989534 1.512174382249 3.030853320369 52.609117736672 12674205 0.170244431082 1.299822189189 1.310923678107 0 
1848 664 0.156933660157 1.229127972449 1.239106027081 3.907506202545 12512524 0.156933660157 1.229127972449 1.239106027081 3.907506202545 12512524 0.085862107609 1.45873272502 1.461257494273 0 
1864 664 0.133585047489 1.249525484031 1.256645892905 5.718648239194 12354624 0.133585047489 1.249525484031 1.256645892905 5.718648239194 12354624 0.008857424829 1.323000985884 1.323030635558 0 
1880 664 0.277113745104 1.712381092733 1.734658766004 7.580652491327 12285918 0.277113745104 1.712381092733 1.734658766004 7.580652491327 12285918 0.03420655371 1.215643237112 1.216124404925 0 
1896 664 0.185616309726 1.610034342799 1.620698614619 1.530427187366 12385596 0.185616309726 1.610034342799 1.620698614619 1.530427187366 12385596 0.161909494253 1.136659478706 1.148133030124 0 
1912 664 1.321699978674 1.665601716673 2.126292527431 7.724539048817 12395548 1.321699978674 1.665601716673 2.126292527431 7.724539048817 12395548 1.242705826374 1.193483232831 1.722997387681 0 
1928 664 3.22602926814 1.228212823076 3.451922881188 2.087247657247 12367565 3.22602926814 1.228212823076 3.451922881188 2.087247657247 12367565 3.276595550075 1.38611449949 3.557722839749 0 
1944 664 4.199292173208 1.087793665811 4.337896934616 4.225869875861 11339180 -12 1 12.041594578792 156.487690042865 11229608 4.18224121306 1.419571182576 4.416596416543 0 
1960 664 4.688936743318 1.118511027445 4.82049735 4.678575793319 10680180 -11 16 19.416487838948 106.413196597904 10602243 3.959642815329 1.29385328209 4.165672519601 0 
1976 664 3.198011294361 1.001733652119 3.351230602129 5.328762918137 11237315 17 -15 22.671568097509 64.144885685097 11217170 3.033059400345 1.270076321132 3.288243176458 0 
1992 664 1.273452034589 0.986646651186 1.610947453735 6.102293476307 11418437 -14 -15 20.518284528683 176.895209557246 11389839 1.402490968108 1.348240299702 1.945438979091 0 
2008 664 -0.210732090535 0.780487588012 0.808436076027 30.057879702713 11296847 13 -15 19.849433241279 124.137342426591 11196930 0.386278728606 1.446835291206 1.497512476092 0 
2024 664 -0.233011665012 0.618274307178 0.66072502219 20.080169892564 12235594 0 16 16 0.569964369591 12155253 -0.015577318163 1.565861295644 1.565938775954 0 
2040 664 -4.23215322344 1.089067783434 4.370033128431 55.720873232125 13461881 0 -15 15 160.151802346016 13444626 -0.561613790339 1.555834601794 1.654095329066 0 
2056 664 -6.266527679383 0.610572458342 6.296202655836 42.97152060741 13386464 14 2 14.142135623731 123.333389515181 13362899 -1.251830687922 1.416755209656 1.890575413812 0 
2072 664 -2.828502130006 1.633031815264 3.266070606878 20.516174997722 13538994 -14 -15 20.518284528683 97.491038350085 13517156 -1.100880133998 1.33623943812 1.731321144508 0 
2088 664 -0.131247831973 2.352644204387 2.356302346015 1.537587236791 13919244 -16 14 21.260291625469 44.083416544086 13918387 -0.108762128567 1.314287287187 1.318779842836 0 
2104 664 0.014344603391 1.380787583851 1.380862092811 16.06813911361 13267666 0.220443960861 13.075421056984 13.077279203156 15.697465140496 13266131 0.318447782502 1.063914019231 1.110550327764 0 
2120 664 0.217577232051 0.328004597095 0.39360750453 16.391278114149 12244777 0.449105968145 13.901973205544 13.909225542002 15.316160027182 12235042 0.180749599207 0.585119634254 0.612401342261 0 
2136 664 0.23031056907 0.125230711972 0.262155849537 4.102621934052 11843302 -9 15 17.492855684536 88.326124716147 11832610 0.742408804694 0.475477571886 0.88161769189 0 
2152 664 2.272047920421 0.234926367104 2.284161148135 14.243029443644 11565769 15 -16 21.931712199461 66.993959563422 11549680 2.003425398964 0.734987832126 2.133991668818 0 
2168 664 5.550052509314 1.377251899923 5.718383132668 13.575350270381 11308595 17 -15 22.671568097509 68.935515899728 11263478 2.363198146641 1.230824379753 2.664513864494 0 
2184 664 4.845164939134 1.303064408767 5.017329981256 32.084491222398 10839305 -15 1 15.033296378373 129.048417381237 10794263 1.821727047727 1.962987214769 2.67806053736 0 
2200 664 1.885524559252 2.130732356809 2.845210579183 12.443412963148 10335461 -5.424825265449 15.845854309974 16.748726159729 47.961428117573 10243042 1.211632704035 2.18020436046 2.494262388534 0 
2216 664 -0.150160819745 1.181686145817 1.191188658023 23.048382200081 9461982 -0.116227198254 -13.805044702241 13.805533962599 164.675943127443 9408236 0.532915115564 1.882475816825 1.956454374968 0 
2232 664 -0.233300635792 1.204487932065 1.226874225482 30.924839541166 8401852 -0.08224021309 -13.277204363673 13.277459062915 160.39208890715 8309212.5 0.564291601246 1.553515866226 1.652826838435 0 
2248 664 0.898787650935 1.250481626294 1.539975174856 11.869273970602 7960644.5 1.422566610396 -13.438556860853 13.513641487897 126.381253210936 7802011.5 1.30576216108 1.193324508661 1.768908760869 0 
2264 664 0.979801424855 1.052324980725 1.43784515759 13.283945080905 9202227 16 -3 16.2788205961 44.379643508297 9043075 1.256981840262 0.840205409221 1.511935341353 0 
2280 664 0.02523983342 0.635195006257 0.635696268013 37.948471733186 10831963 0.02523983342 0.635195006257 0.635696268013 37.948471733186 10831963 0.417950638792 0.494158567906 0.647205861146 0 
2296 664 0.059641262217 0.417771188647 0.422006926747 24.267833107806 11295173 -12 15 19.209372712299 71.052322325963 11214218 0.161058089099 0.253860246344 0.300640537416 0 
2312 664 -0.049573530835 0.215753071495 0.221375072714 89.155494212842 11752525 0 -16 16 103.784740517239 11701185 0.486304191183 0.119310444534 0.50072622114 0 
2328 664 0.000746379426 -0.002423736269 0.002536055944 76.565297482989 13045137 0 -16 16 93.681293887196 13007697 0.496006058944 0.031912661561 0.49703161718 0 
2344 664 0.075168435633 -0.024088169751 0.078933729403 15.259229155208 13944295 -3 15 15.297058540778 103.819067337482 13895399 0.190163692382 -0.008333102576 0.190346185932 0 
2360 664 0.0023777021 0.003589921175 0.004305926302 99.05956723523 14136865 12 15 19.209372712299 93.917347189504 14083786 0.028410478265 -0.026103875756 0.038581959576 0 
2376 664 0.003948635251 0.012612896446 0.013216538015 135.951823923779 12256942 15 -13 19.849433241279 22.420865024111 10303183 0.010746416592 -0.021399657981 0.023946415834 0 
2392 664 0.000949630956 0.007510878572 0.007570673409 168.748480692261 6977277 14 -16 21.260291625469 37.140310004199 2977756.75 0.00115494755 -0.016329682293 0.016370474264 0 
2408 664 -0.0233756125 0.000754470072 0.023387784949 89.935293121975 1845243.75 -0.0233756125 0.000754470072 0.023387784949 89.935293121975 1845243.75 -0.000363928861 -0.010893948691 0.010900025794 0 
2424 664 0.001864418351 -0.001864418351 0.002636685718 43.94203095919 41104 0.001864418351 -0.001864418351 0.002636685718 43.94203095919 41104 0.000130140556 -0.007047141113 0.007048342672 0 
2440 664 0 0 0 0 0 0 0 0 0 0 0.0026371558 -0.004789259558 0.0054673209 0 
2456 664 0 0 0 0 0 0 0 0 0 0 0.003152845524 -0.002744246016 0.004179870943 0 
2472 664 0 0 0 0 0 0 0 0 0 0 0.001677209729 -0.000912100488 0.001909177774 0 
2488 664 0 0 0 0 0 0 0 0 0 0 0.000704543873 0.000002979207 0.000704550172 0 
2504 664 0 0 0 0 0 0 0 0 0 0 0.000234847958 0.000000993069 0.000234850057 0 
2520 664 0 0 0 0 0 0 0 0 0 0 -0.000234847958 -0.000000993069 0.000234850057 0 
2536 664 0 0 0 0 0 0 0 0 0 0 -0.000704543873 -0.000002979207 0.000704550172 0 
24 680 0 0 0 0 0 0 0 0 0 0 0 0 0 0 
40 680 0 0 0 0 0 0 0 0 0 0 0 0 0 0 
56 680 0 0 0 0 0 0 0 0 0 0 0 0 0 0 
72 680 0 0 0 0 0 0 0 0 0 0 0 0 0 0 
88 680 0 0 0 0 0 0 0 0 0 0 0 0 0 0 
104 680 0 0 0 0 0 0 0 0 0 0 0 0 0 0 
120 680 0 0 0 0 0 0 0 0 0 0 0 0 0 0 
136 680 0 0 0 0 0 0 0 0 0 0 0 0 0 0 
152 680 0 0 0 0 0 0 0 0 0 0 0 0 0 0 
168 680 0 0 0 0 0 0 0 0 0 0 0 0 0 0 
184 680 0 0 0 0 0 0 0 0 0 0 0 0 0 0 
200 680 0 0 0 0 0 0 0 0 0 0 0 0 0 0 
216 680 0 0 0 0 0 0 0 0 0 0 0 0 0 0 
232 680 0 0 0 0 0 0 0 0 0 0 0 0 0 0 
248 680 0 0 0 0 0 0 0 0 0 0 0 0 0 0 
264 680 0 0 0 0 0 0 0 0 0 0 0 0 0 0 
280 680 0 0 0 0 0 0 0 0 0 0 0 0 0 0 
296 680 0 0 0 0 0 0 0 0 0 0 0 0 0 0 
312 680 0 0 0 0 0 0 0 0 0 0 0 0 0 0 
328 680 0 0 0 0 0 0 0 0 0 0 0 0 0 0 
344 680 0 0 0 0 0 0 0 0 0 0 0 0 0 0 
360 680 0 0 0 0 0 0 0 0 0 0 0 0 0 0 
376 680 0 0 0 0 0 0 0 0 0 0 0 0 0 0 
392 680 0 0 0 0 0 0 0 0 0 0 0 0 0 0 
408 680 0 0 0 0 0 0 0 0 0 0 0 0 0 0 
424 680 0 0 0 0 0 0 0 0 0 0 0 0 0 0 
440 680 0 0 0 0 0 0 0 0 0 0 0 0 0 0 
456 680 0 0 0 0 0 0 0 0 0 0 0 0 0 0 
472 680 0 0 0 0 0 0 0 0 0 0 0 0 0 0 
488 680 0 0 0 0 0 0 0 0 0 0 0 0 0 0 
504 680 0 0 0 0 0 0 0 0 0 0 -0.000296837922 0.000879737549 0.000928466966 0 
520 680 0 0 0 0 0 0 0 0 0 0 -0.000890513765 0.002639212648 0.002785400899 0 
536 680 0 0.003023616404 0.003023616404 44.997013098073 30199.998046875 0 0.003023616404 0.003023616404 44.997013098073 30199.998046875 -0.002125895658 0.002126117321 0.003006627215 0 
552 680 -0.0052928096 0.00073551886 0.005343671159 17.267711836479 2774390 -0.0052928096 0.00073551886 0.005343671159 17.267711836479 2774390 -0.004002983601 -0.000659548432 0.00405695475 0 
568 680 -0.009936428481 0.000173996118 0.009937951782 29.534802202649 6237307 -0.009936428481 0.000173996118 0.009937951782 29.534802202649 6237307 -0.006941492164 -0.003773881591 0.007901043965 0 
584 680 0.001300936255 -0.001264791065 0.001814423208 102.398557839552 7285502.5 -14.063267389326 10.293443161834 17.427864521782 69.610377932258 6735371 -0.010941421349 -0.007216882155 0.01310717701 0 
600 680 -0.009530713207 -0.02429525224 0.026097773384 63.677632721654 7379087 6.177541781974 -0.246700270159 6.182465809961 172.810174590862 7363446 -0.179352050836 -0.015385141319 0.180010723882 0 
616 680 0.008662331953 -4.424510099222 4.424518578796 86.951907348899 6928803.5 15 15 21.213203435596 138.160266522648 6908662 -0.512173380626 -0.028278659082 0.512953462198 0 
632 680 -2.093445405127 -0.367243268184 2.125413202714 9.017204374704 6396220.5 7 15 16.552945357247 115.949576172719 6368579.5 -0.973037339354 -0.015840874583 0.97316627412 0 
648 680 -3.259328006676 0.070310448735 3.260086289396 0.431471245955 6041418 -3.259328006676 0.070310448735 3.260086289396 0.431471245955 6041418 -1.561943927019 0.021928212177 1.562097845092 0 
664 680 -1.647196569588 0.03799311429 1.647634672977 0.396715853111 5944157.5 -1.647196569588 0.03799311429 1.647634672977 0.396715853111 5944157.5 -2.667584952125 0.04305117465 2.667932323063 0 
680 680 -6.53294635268 0.050914003761 6.53314474681 0.188226734244 6159435.5 -9 15 17.492855684536 58.401495620834 6081246 -4.289960414671 0.047528012836 4.290223685479 0 
696 680 -6.309845753531 0.216810429564 6.313569528858 1.444976267936 6561954.5 6 15 16.155494421404 111.278439517598 6496622.5 -5.570190853286 0.050843595483 5.570422893572 0 
712 680 3.838905638099 -10.063283259154 10.770648376592 111.347233618362 6704849 -22 -13 25.553864678361 31.045785150902 6695071.5 -6.508276267971 0.052997922591 6.508492049625 0 
728 680 -8.27692806567 0.135734711705 8.27804095884 1.855236660314 6517839 10 -3 10.440306508911 162.385037849791 6503750.5 -5.959762318726 -0.095258776451 5.960523561752 0 
744 680 -3.366433626185 -0.192597259208 3.371938472713 2.457335625976 6824358.5 8.366972631989 -0.229216479492 8.370111780551 172.699033323807 6822116 -3.924649005552 -0.393926501644 3.944369139099 0 
760 680 -8.768207252263 -0.432007898096 8.778843274751 13.696461223203 7163197 7.990907166605 -0.398526569513 8.000838754275 160.627749028363 7160267.5 -1.734470892378 -0.514337877732 1.809124851683 0 
776 680 5.546114195845 -1.577376092002 5.766064343118 20.898215509989 7573655 0 15 15 126.774552561786 7267153 0.610772020795 -0.456492904715 0.762514415235 0 
792 680 -16 0 16 18.627890216699 8217161 15 0 15 161.372109783301 8216648 -0.969046533601 -0.326645408263 1.022618407337 0 
808 680 -6.381763968612 -0.008143182039 6.381769163992 1.031222063948 8223312 -6.381763968612 -0.008143182039 6.381769163992 1.031222063948 8223312 -6.473926555567 -0.124795388375 6.475129260164 0 
824 680 -8.421274402246 -0.101533376819 8.421886462339 0.864161365861 8043748 -8.421274402246 -0.101533376819 8.421886462339 0.864161365861 8043748 -8.684675976425 0.026282291829 8.684715745167 0 
840 680 -7.442768290443 -0.103523397075 7.443488222531 1.750973559965 8816060 -7.442768290443 -0.103523397075 7.443488222531 1.750973559965 8816060 -7.601294796175 0.12658763235 7.602348782253 0 
856 680 -5.142131247811 -0.096648386045 5.143039439887 3.284831843594 10013182 -5.142131247811 -0.096648386045 5.143039439887 3.284831843594 10013182 -5.463871424302 0.210670703945 5.467931335232 0 
872 680 -1.99087286815 0 1.99087286815 6.987956407998 10219359 -18 -16 24.083189157585 48.621495744568 10199780 -2.272405860806 0.278531506615 2.289412194517 0 
888 680 -1.323915297006 -0.111465408378 1.328599356808 18.34516143155 9820827 14 0 14 166.46743565482 9810270 -1.195558264713 0.287746909304 1.229698275244 0 
904 680 -2.139048470917 -0.02519690087 2.139196869095 6.765826649181 9099663 -18 -16 24.083189157585 47.724482116242 9072088 -2.233328636025 0.238316912012 2.24600795792 0 
920 680 -1.851007380409 0.288929375627 1.873421604025 4.084561484939 8444190 -13 -16 20.615528128088 55.693459948443 8409836 -2.649479719209 0.221892499891 2.658755171882 0 
936 680 -2.062576467023 0.525444301859 2.128453287407 8.719202180496 8494076 -18 -3 18.248287590895 15.035298543441 8485649 -2.444011514266 0.238473672941 2.455618450524 0 
952 680 -1.930682064136 0.156825582347 1.937040912334 3.315476660451 8757421 14 3 14.317821063276 159.945935962372 8755230 -1.870032097997 0.261461625441 1.888221975594 0 
968 680 -3.642842880887 1.174441904541 3.827481945349 0.458906302835 8725494 15 3 15.297058540778 151.279804015147 8725084 -0.927541470402 0.290856357389 0.972075408571 0 
984 680 -0.220046831362 0.12319425995 0.252185316141 8.380252184423 8731370 -16 5 16.76305461424 3.508212944847 8730768 -0.851789260741 0.324623592931 0.911551107619 0 
1000 680 -4.642571665781 0.066136602961 4.643042722414 11.636250077528 8832116 1.883278724144 -12.746030631138 12.884410564815 110.857289646577 8831627 -1.642775469016 0.362763332067 1.682352066808 0 
1016 680 -11.319940150166 0.274861120611 11.323276629976 15.646371518312 8905564 -6 15 16.155494421404 51.161285112042 8904216 -1.731716986295 0.530672175635 1.811203102531 0 
1032 680 1.735843696154 0.431190969019 1.788596933141 129.529342910347 8914874 -8 15 17 25.407016210989 8912453 -1.11861381258 0.828350123634 1.391927005636 0 
1048 680 -4.293018363379 1.370475703774 4.506463172261 20.471365607316 8885030 -16 15 21.931712199461 4.976194022467 8880374 -1.069733721949 0.841078016987 1.360787443553 0 
1064 680 -1.163271986809 1.806233487058 2.148413629882 37.475012699875 8862166 5 15 15.811388300842 88.692788719491 8853990 -1.585076714402 0.568855855692 1.684062105474 0 
1080 680 -1.06821331616 1.90484216632 2.183919267604 49.201988889935 8966094 0.058103534366 -12.24857761018 12.24871542217 101.78660184984 8957636 -1.841098886037 0.375071423121 1.878915559734 0 
1096 680 -1.116538334748 0.462372225031 1.20848910936 14.451065133266 9162845 -12 -16 20 61.174083369334 9156206 -1.837800236855 0.259724719275 1.856062132685 0 
1112 680 -1.708422348693 0.211544092837 1.721469669999 0.874008157245 9358722 -1.847656992057 -15.263467386173 15.374890991778 89.282543381659 9350960 -1.749882114732 0.18962428379 1.760126354687 0 
1128 680 -1.932071586264 0.207384148277 1.943169781415 0.163026781442 9477157 10 15 18.02775637732 117.726553175561 9469359 -1.577344519669 0.164770116665 1.58592714999 0 
1144 680 -2.392651645833 0.233305791306 2.403999478071 0.713955064278 9575508 -1 15 15.033296378373 81.33061522037 9566306 -1.975157757855 0.167778932145 1.982270904414 0 
1160 680 -2.316961039304 0.242004237233 2.32956530462 2.101712653791 9400958 -2.411157018598 -12.603587654522 12.8321510252 83.030915163927 9390604 -2.943321829289 0.19865073023 2.950017881877 0 
1176 680 -3.84540491097 0.271343739876 3.854966453094 0.495356826656 9120936 9.293463183124 -14.761722622625 17.44353498358 125.734001604023 9105958 -3.230441578809 0.199898233702 3.236620474806 0 
1192 680 -4.094633830494 0.233280492705 4.101273703876 0.199662424245 9227907 0.544352323766 -15.438714764255 15.448308419513 95.479757320327 9205122 -2.836517006414 0.17152144256 2.841698142473 0 
1208 680 -3.4404345184 0.183954964235 3.44534890893 1.065947604875 9059078 -2.479710983281 -15.270889324982 15.470909066259 84.903278942356 9038830 -2.264909173755 0.163405823339 2.27079612217 0 
1224 680 -1.791559255335 0.013822715504 1.791612578891 6.16497239487 8968771 13 -16 20.615528128088 135.700886179838 8955008 -1.515618080832 0.175551376039 1.525751110953 0 
1240 680 -0.429170340839 0.047705469676 0.431813609434 2.73115724585 9338996 -6 15 16.155494421404 59.124620345029 9333091 -0.980558357059 0.15660313258 0.992985011334 0 
1256 680 -0.176450043955 0.148163610432 0.230406322543 30.844596247048 9927513 -0.176450043955 0.148163610432 0.230406322543 30.844596247048 9927513 -0.659730002437 0.106561092963 0.668280586766 0 
1272 680 -1.239146618889 0.014810818354 1.239235128393 11.200911873829 10256204 -1.239146618889 0.014810818354 1.239235128393 11.200911873829 10256204 -0.432099241731 0.090944990684 0.441566241956 0 
1288 680 -0.101765775696 -0.043059387392 0.110500606087 43.174150413203 10174056 -0.101765775696 -0.043059387392 0.110500606087 43.174150413203 10174056 -0.297666074942 0.109754825746 0.317255754788 0 
1304 680 -0.16172038317 -0.148497860631 0.219556591668 80.102212428648 10403452 0 15 15 52.45713017905 10402463 -0.222450292369 0.170956705728 0.280553609509 0 
1320 680 -0.165318515177 -0.058839141033 0.17547722353 72.649537270507 10630231 -2 -16 16.124515496597 135.933174882606 10629022 -0.20645189401 0.274550630632 0.343511911468 0 
1336 680 0.704633183855 1.479338105029 1.63858144527 41.467250017067 10597036 0.704633183855 1.479338105029 1.63858144527 41.467250017067 10597036 -0.08981933784 0.31327815282 0.325899853459 0 
1352 680 0.145316470786 0.20589572932 0.252011761698 11.279420795546 10757721 -14.339158395415 -12.204782129542 18.829980624482 154.336928042815 10755087 0.127447376141 0.287139272295 0.314152503379 0 
1368 680 0.108098294013 0.234782365186 0.258472435999 13.063515494398 11109681 0 -16 16 142.214236704503 11106307 0.20441282342 0.263662676402 0.333620456966 0 
1384 680 0.174792575827 0.330400076731 0.373786911579 2.273108975454 11379727 0 -16 16 149.846569032166 11376885 0.141077003996 0.242848365143 0.280852362477 0 
1400 680 0.009336767805 0.383558330948 0.383671954244 38.050266576759 11576408 -7 -16 17.464249196573 164.18466415679 11571655 0.211695276108 0.257312374544 0.333203463397 0 
1416 680 -0.043279188123 0.438306835939 0.440438384516 59.2253217581 11838373 0 -16 16 126.413884426106 11830959 0.416267639754 0.307054704607 0.5172633174 0 
1432 680 0.882854721962 0.384623826269 0.962999453699 3.666158460126 11975012 15 -16 21.931712199461 66.722246448283 11960690 1.051606997899 0.380149972726 1.118208960702 0 
1448 680 1.654002240731 1.331675821682 2.12346036139 26.15506800864 11719766 12 -16 20 65.813387398606 11685764 2.117713350543 0.4765981789 2.170680920633 0 
1464 680 1.801115213581 1.182106360772 2.154388883366 20.803641772164 11617523 10 -16 18.867962264113 70.46863125603 11580423 2.433077261203 0.53824264323 2.491900901315 0 
1480 680 1.76641832133 0.707200548747 1.902726018658 6.024647510136 11610947 -15 1 15.033296378373 160.391459158611 11604480 1.99769872988 0.565083365716 2.07608271164 0 
1496 680 1.409044002645 0.949073007245 1.698865672874 18.681052702267 11387302 -3 -16 16.2788205961 115.901159235105 11371186 1.991491466392 0.544119475158 2.06448644073 0 
1512 680 2.067339832837 0.687206398206 2.178565265988 7.249589821344 10401111 17 -13 21.400934559033 48.543138683756 10323399 2.414455470739 0.475350971557 2.460803479829 0 
1528 680 1.825155774168 0.824590812906 2.002783964562 12.132278932278 10066261 17 -6 18.02775637732 31.620828667429 9990210 2.015449701638 0.435048519008 2.061869228085 0 
1544 680 0.236247429552 0.748498856692 0.784897054676 44.438840228201 10650674 -11 15 18.601075237738 98.209849318118 10628513 0.794474159089 0.423212117512 0.900165365847 0 
1560 680 0.339188936064 1.510588226307 1.54820086675 42.017040427935 10786291 13.983908647283 -14.102233697341 19.860077953271 80.568993942402 10765010 0.547134214577 0.387788614428 0.670623484707 0 
1576 680 1.094282681691 2.810293074384 3.015825218971 54.248204419539 10955746 1.094282681691 2.810293074384 3.015825218971 54.248204419539 10955746 1.2734298681 0.328778009755 1.315187670512 0 
1592 680 0.912098765733 2.007082194035 2.20460951011 58.484070626438 10895981 11 15 18.601075237738 46.669187866544 10887501 1.594269096031 0.197926112692 1.606508231116 0 
1608 680 1.257504896473 0.071967344884 1.259562568268 3.456404131325 10697230 13 15 19.849433241279 49.26654091988 10689806 1.509651898369 -0.004767076762 1.509659424926 0 
1624 680 1.11583868066 0.162438723664 1.127600239536 11.652780205468 10690637 16 15 21.931712199461 46.522493152461 10676575 1.597415746162 -0.094067544538 1.600183042349 0 
1640 680 0.773219924148 0.272773872464 0.819923555338 21.588990013755 10680529 0.773219924148 0.272773872464 0.819923555338 21.588990013755 10680529 1.857560639412 -0.069975290635 1.858878175242 0 
1656 680 1.91993585082 0.684364819376 2.038261238719 20.271220649986 10806372 1.91993585082 0.684364819376 2.038261238719 20.271220649986 10806372 2.094423862311 -0.023853408073 2.094559691223 0 
1672 680 2.158448917973 1.116909004029 2.430306041382 26.260159089671 10848917 17 -16 23.345235059858 44.363852085377 10824782 2.308005414861 0.044298103149 2.308430487792 0 
1688 680 2.351919916153 0.855873648784 2.502807822163 17.357047775418 10541159 17 -16 23.345235059858 45.90390909954 10520930 2.685983771194 0.123830757817 2.688836714213 0 
1704 680 3.164596501971 0.935220098547 3.299895097274 12.65816798905 10253561 3.164596501971 0.935220098547 3.299895097274 12.65816798905 10253561 3.228358931313 0.214744555932 3.235493256628 0 
1720 680 2.168901793073 1.185887285346 2.471935201727 23.185532162364 10215681 2.168901793073 1.185887285346 2.471935201727 23.185532162364 10215681 2.710644949701 0.260189859463 2.723103891942 0 
1736 680 0.875181311407 1.677506425286 1.892080900678 49.514071535024 10335782 0.875181311407 1.677506425286 1.892080900678 49.514071535024 10335782 1.13284182636 0.26016666841 1.162332697167 0 
1752 680 0.069315576366 1.151748356152 1.153832277684 44.251326588243 10592519 0.069315576366 1.151748356152 1.153832277684 44.251326588243 10592519 0.279892243053 0.25472342829 0.378449062149 0 
1768 680 0.290756957737 0.286246062117 0.408015216077 13.546794946649 10917210 -16 7 17.464249196573 98.271745282842 10912849 0.151796199779 0.243860139103 0.287245284924 0 
1784 680 0.048431135263 0.204881736374 0.210528147197 14.923573495161 10974528 0.048580290218 -12.5 12.500094401427 151.553978404982 10971646 0.148371890233 0.276441864001 0.313742445302 0 
1800 680 2.277374495116 0.24583907238 2.290605038088 46.42484336619 10826167 1.722547847382 -13.165075965238 13.277288738934 135.131615842471 10823013 0.269619314416 0.352468602984 0.44376648228 0 
1816 680 0.250550777119 0.191616386818 0.315424367499 21.745317232021 11075571 0.378388876451 -14.055586138298 14.060678498314 147.611296130243 11068080 0.290543420649 0.486490622542 0.566646808077 0 
1832 680 2.643986596454 0.193003620875 2.65102159929 68.539405934469 11270575 -12.849358148232 -14.620682788729 19.464592727057 155.975009369332 11258496 0.211144208932 0.678507922676 0.71060177181 0 
1848 680 -0.13424267263 0.189913669252 0.232568907904 47.460013825413 11085362 -5.745402518228 -14.839452232337 15.912856206611 171.040043840036 11063152 0.168633466017 0.779631806684 0.797660955453 0 
1864 680 -0.132725455662 0.226279781627 0.262332968103 42.054896569144 11019753 -10 -16 18.867962264113 159.655561069416 10988625 0.163011191906 0.789862274565 0.806507942594 0 
1880 680 -0.007250194115 0.339204899438 0.33928237372 11.95459278429 11071416 8.062557269129 -15.222763904531 17.226066603003 141.362461945631 11043190 0.166787142139 0.880158380681 0.895821815913 0 
1896 680 0.090872996378 1.165960510464 1.169496393082 5.264277147122 11301073 0 -15 15 170.279195376163 11264823 0.179961316717 1.050520125032 1.065822972455 0 
1912 680 1.095023791229 1.099680848328 1.551894027161 1.535668023915 11719042 9 -15 17.492855684536 102.622154134569 11659678 1.218245519382 1.159548422353 1.681866430272 0 
1928 680 3.671378704694 1.030746603335 3.813326651832 4.515273520667 11946070 3.671378704694 1.030746603335 3.813326651832 4.515273520667 11946070 3.281639750133 1.207243272646 3.496654939939 0 
1944 680 4.247386097794 0.975604941362 4.35799193039 1.590493460752 11427954 4 -15 15.52417469626 89.595262865284 11384770 4.250287546002 1.101310891056 4.39065255998 0 
1960 680 4.23369669146 0.317141656512 4.245558444489 7.251724466648 10763612 -11.13202959156 -14.911326184414 18.608324250328 138.278815763395 10756803 4.124188906989 0.841751277583 4.209213626539 0 
1976 680 3.149533848232 0.521496411535 3.192416321284 2.716490397618 10721114 -13 -15 19.849433241279 143.032546242807 10698134 3.089610938737 0.663379697392 3.160026641609 0 
1992 680 1.174577816153 0.268399825298 1.204853315727 13.409763483572 10608642 -13 15 19.849433241279 104.633099896008 10538589 1.146553641247 0.566196150481 1.278735051946 0 
2008 680 -0.121769343636 0.017874677928 0.123074274975 86.98186619418 10264124 10 -16 18.867962264113 142.661869620891 10204739 0.049626123101 0.531649465574 0.533960585005 0 
2024 680 -0.259870062198 -0.152236551971 0.30117838067 100.593993504857 10651900 15 -2 15.132745950422 117.363188300845 10600858 -0.201171615702 0.559739642671 0.594792809759 0 
2040 680 -4.374672820904 -0.130934252847 4.376631817793 54.428360720258 11515686 -4.374672820904 -0.130934252847 4.376631817793 54.428360720258 11515686 -0.42792348192 0.562014813075 0.706384566999 0 
2056 680 -6.152124555206 -0.026032529542 6.152179632891 40.735431069009 11482473 15 0 15 139.507012847275 11458749 -0.630629475554 0.538474976786 0.829245944255 0 
2072 680 -1.834546197785 0.054000099424 1.83534077559 47.118627123203 11922152 -1.834546197785 0.054000099424 1.83534077559 47.118627123203 11922152 -0.474396788432 0.541987809763 0.720279875331 0 
2088 680 0.072379965453 0.113401628626 0.134531738909 28.475087142948 12725425 0.072379965453 0.113401628626 0.134531738909 28.475087142948 12725425 0.040774579446 0.572553312006 0.574003363595 0 
2104 680 0.109229979901 0.249713932213 0.272558684415 3.50346111809 12636243 0.109229979901 0.249713932213 0.272558684415 3.50346111809 12636243 0.272415601917 0.531682699911 0.597408364147 0 
2120 680 0.768177063476 1.214418237582 1.43697865559 4.577929493276 12439206 -16 0 16 117.73736214899 12436513 0.220526278981 0.41937597348 0.473822801112 0 
2136 680 1.771670015713 2.531372787827 3.089767440363 26.669042444654 12306063 -11 -16 19.416487838948 152.851880126166 12296117 1.346406062584 0.726279755755 1.529801153412 0 
2152 680 3.047094492622 1.943958938902 3.614382547975 10.838595082536 12010137 13.835305684574 -13.716126148493 19.481986549297 66.450269732968 12000215 3.650054952728 1.452394046735 3.928402935663 0 
2168 680 4.774426031632 1.464809522753 4.994077579441 5.65346960197 11554130 15 -15 21.213203435596 67.709654343098 11547628 4.619841006324 1.933436077275 5.008104031329 0 
2184 680 7.301045408545 2.41580915567 7.690344461352 8.701909691802 11313295 11.757716449927 -12.626299363022 17.253038333045 74.050604224519 11310383 4.255764223372 2.169405847374 4.776803413953 0 
2200 680 3.5 3.379443421215 4.865247972837 10.196181099481 11379024 -13 17 21.400934559033 93.605496305145 11370507 3.151347162623 2.109631924019 3.792299539094 0 
2216 680 1.178201669235 2.753225007741 2.99472989043 13.513594409553 11094104 1 -15 15.033296378373 139.504547973834 11056284 1.306589824077 1.754114307209 2.187257179926 0 
2232 680 1.038841248325 1.482378833538 1.81014865283 17.762924282651 10544578 1 -15 15.033296378373 123.400484426961 10466368 1.713040654087 1.300954848342 2.151044351003 0 
2248 680 4.209828454588 1.470390805066 4.459226921416 9.514146018875 10336528 -12 -16 20 136.6088193471 10275732 4.370699652655 0.750153547419 4.434607738958 0 
2264 680 4.052308896521 2.971050351185 5.024773386144 31.366605128712 10457513 -10 -16 18.867962264113 126.886704802891 10418848 4.353713385169 0.371815200467 4.369561394865 0 
2280 680 1.295451875407 2.786071013903 3.072521319048 59.361342365105 10256297 -11 -16 19.416487838948 130.209955983672 10135274 1.662081851628 0.165939807484 1.670344904868 0 
2296 680 1.540117918209 1.383299081238 2.070139983224 35.115368247429 9927588 -16 2 16.124515496597 166.06088689149 9904761 0.724528878881 0.086575637518 0.729683107481 0 
2312 680 0.905052283328 0.086333668754 0.909160677723 0.489670146711 10228278 16 -12 20 41.829230562315 10188681 1.541054466927 0.133722690568 1.546845379477 0 
2328 680 1.19726487846 0.203435151803 1.214425399184 5.56080583463 10688388 1.19726487846 0.203435151803 1.214425399184 5.56080583463 10688388 1.487495637515 0.106170811165 1.491279823766 0 
2344 680 1.298406595625 0.1056186117 1.30269527469 4.252150078068 10898257 1.298406595625 0.1056186117 1.30269527469 4.252150078068 10898257 0.563852390645 0.003919999309 0.563866016737 0 
2360 680 0.164205687551 0.050824601896 0.171891384258 46.506642934181 11044412 0.164205687551 0.050824601896 0.171891384258 46.506642934181 11044412 0.077691286902 -0.043613312938 0.089095775018 0 
2376 680 1.314492458327 0.171315132611 1.32560902896 58.891410069311 11541716 1.314492458327 0.171315132611 1.32560902896 58.891410069311 11541716 0.029012326288 -0.036429125576 0.04657033677 0 
2392 680 0.004598014766 0.01136058491 0.012255799822 149.768032141647 10382230 9.871611246737 -11.092680277738 14.849116618534 33.46944731657 9295288 0.004531498968 -0.031457642267 0.031782349502 0 
2408 680 -0.015747477148 0.007879033556 0.017608583313 125.001807007785 6287424.5 -16 14 21.260291625469 139.607270817748 3420275 0.004248804943 -0.02869886301 0.02901167147 0 
2424 680 0.004431798515 0.006858514973 0.008165786289 132.445049965809 1981074.875 0.004431798515 0.006858514973 0.008165786289 132.445049965809 1981074.875 0.006776724959 -0.025858126654 0.026731380721 0 
2440 680 0 0.000816437024 0.000816437024 152.155495155066 95792.984375 0 0.000816437024 0.000816437024 152.155495155066 95792.984375 0.012115259018 -0.0229354332 0.025938650642 0 
2456 680 0 0 0 0 0 0 0 0 0 0 0.011792938409 -0.016102585648 0.019959124752 0 
2472 680 0 0 0 0 0 0 0 0 0 0 0.005809763132 -0.005359583997 0.007904333512 0 
2488 680 0 0 0 0 0 0 0 0 0 0 0.00211363162 0.000008937621 0.002113650516 0 
2504 680 0 0 0 0 0 0 0 0 0 0 0.000704543873 0.000002979207 0.000704550172 0 
2520 680 0 0 0 0 0 0 0 0 0 0 -0.000704543873 -0.000002979207 0.000704550172 0 
2536 680 0 0 0 0 0 0 0 0 0 0 -0.00211363162 -0.000008937621 0.002113650516 0 
24 696 0 0 0 0 0 0 0 0 0 0 0 0 0 0 
40 696 0 0 0 0 0 0 0 0 0 0 0 0 0 0 
56 696 0 0 0 0 0 0 0 0 0 0 0 0 0 0 
72 696 0 0 0 0 0 0 0 0 0 0 0 0 0 0 
88 696 0 0 0 0 0 0 0 0 0 0 0 0 0 0 
104 696 0 0 0 0 0 0 0 0 0 0 0 0 0 0 
120 696 0 0 0 0 0 0 0 0 0 0 0 0 0 0 
136 696 0 0 0 0 0 0 0 0 0 0 0 0 0 0 
152 696 0 0 0 0 0 0 0 0 0 0 0 0 0 0 
168 696 0 0 0 0 0 0 0 0 0 0 0 0 0 0 
184 696 0 0 0 0 0 0 0 0 0 0 0 0 0 0 
200 696 0 0 0 0 0 0 0 0 0 0 0 0 0 0 
216 696 0 0 0 0 0 0 0 0 0 0 0 0 0 0 
232 696 0 0 0 0 0 0 0 0 0 0 0 0 0 0 
248 696 0 0 0 0 0 0 0 0 0 0 0 0 0 0 
264 696 0 0 0 0 0 0 0 0 0 0 0 0 0 0 
280 696 0 0 0 0 0 0 0 0 0 0 0 0 0 0 
296 696 0 0 0 0 0 0 0 0 0 0 0 0 0 0 
312 696 0 0 0 0 0 0 0 0 0 0 0 0 0 0 
328 696 0 0 0 0 0 0 0 0 0 0 0 0 0 0 
344 696 0 0 0 0 0 0 0 0 0 0 0 0 0 0 
360 696 0 0 0 0 0 0 0 0 0 0 0 0 0 0 
376 696 0 0 0 0 0 0 0 0 0 0 0 0 0 0 
392 696 0 0 0 0 0 0 0 0 0 0 0 0 0 0 
408 696 0 0 0 0 0 0 0 0 0 0 0 0 0 0 
424 696 0 0 0 0 0 0 0 0 0 0 0 0 0 0 
440 696 0 0 0 0 0 0 0 0 0 0 0 0 0 0 
456 696 0 0 0 0 0 0 0 0 0 0 0 0 0 0 
472 696 0 0 0 0 0 0 0 0 0 0 0 0 0 0 
488 696 0 0 0 0 0 0 0 0 0 0 0 0 0 0 
504 696 0 0 0 0 0 0 0 0 0 0 -0.000223707872 0.000265516385 0.000347194704 0 
520 696 0 0 0 0 0 0 0 0 0 0 -0.000671123616 0.000796549154 0.001041584112 0 
536 696 0 0 0 0 0 0 0 0 0 0 -0.001323630069 0.000769576347 0.001531092523 0 
552 696 -0.004925189671 0.003990094145 0.006338639016 34.174889392501 624254 -0.004925189671 0.003990094145 0.006338639016 34.174889392501 624254 -0.002181227233 0.000184597966 0.002189024589 0 
568 696 -0.006487564578 -0.001675586339 0.006700453994 3.69672707723 2013813 -0.006487564578 -0.001675586339 0.006700453994 3.69672707723 2013813 -0.003187117758 -0.000607108276 0.003244425999 0 
584 696 -0.000113297353 0.001130029393 0.001135694818 104.570519214795 3425353.75 -0.000113297353 0.001130029393 0.001135694818 104.570519214795 3425353.75 -0.004341301644 -0.00160554238 0.004628678677 0 
600 696 -0.010999161177 0.013298625049 0.017257896013 69.652891233768 4647397 -0.010999161177 0.013298625049 0.017257896013 69.652891233768 4647397 -0.006249508308 -0.0021820228 0.006619484692 0 
616 696 -0.004830417262 0.026847275047 0.027278363374 94.491923077037 5594952.5 -16 15 21.931712199461 57.84396146307 4649648.5 -0.00891173775 -0.002336549536 0.009212954654 0 
632 696 -0.012597965246 0.065599523027 0.066798249601 74.068144271954 5965325 -12.737621015108 0.212246259552 12.739389216097 4.106295926132 5883561.5 -0.023289187845 0.002062495728 0.023380337018 0 
648 696 -0.244764021412 0.0803510561 0.257615446731 5.599420548835 6349002 15 -8 17 164.502050057602 6264493 -0.049381858591 0.011015112992 0.050595460983 0 
664 696 -1.006476993455 0.058529382519 1.008177378724 2.664431892712 6651244.5 -1.006476993455 0.058529382519 1.008177378724 2.664431892712 6651244.5 -1.183754409384 0.013713459697 1.183833839993 0 
680 696 -4.164629176203 0.055079073956 4.164993382908 0.587865951521 6379292 -19 15 24.20743687382 38.1203111413 6243118.5 -3.426406840225 0.010157535842 3.426421896129 0 
696 696 -4.75610901292 -1.901046907375 5.121967618681 21.822756155649 6271701.5 10.238821194221 3.310804978483 10.760803364655 162.045117020632 6223981.5 -4.737127559614 0.002964276338 4.737128487068 0 
712 696 -8.361234763905 -0.152711108579 8.362629219319 0.958245296346 5736369.5 5 15 15.811388300842 108.523047701641 5639220.5 -5.115916567552 -0.007866318815 5.11592261524 0 
728 696 -6.57359235961 0.037233177769 6.573697804117 0.754138894404 5114957.5 4.794307641085 10.422899277785 11.472672535735 115.131020735303 5097886.5 -4.432826444153 -0.033238904028 4.432951060944 0 
744 696 6.218054449152 -0.049741808061 6.218253402692 177.982674510696 5103241.5 1.644346337607 13.189658463779 13.291763060977 98.665356254701 5079910 -2.687857189418 -0.073153479301 2.688852488003 0 
760 696 -3 -16 16.2788205961 75.412179714114 4721128 -3 15 15.297058540778 82.658232535711 4719978.5 -1.346919410008 -0.093433767384 1.350156200572 0 
776 696 4.350450753292 -13.479937946153 14.164573724223 94.963586369972 4743132 -5.186972683962 14.097356953155 15.02132346662 82.722575907707 4739457 -0.410013105923 -0.094079768276 0.420668218229 0 
792 696 -18 0 18 1.532540474252 4900018 13 0 13 178.467459525748 4899524 -2.253355266297 -0.060286848014 2.254161586975 0 
808 696 -2.066077131478 -0.1614219725 2.072373462101 4.533620599359 4928411.5 -2.066077131478 -0.1614219725 2.072373462101 4.533620599359 4928411.5 -6.876945891129 0.007944993402 6.876950480586 0 
824 696 -9.975092163588 -0.069042776359 9.975331101123 1.002797341349 4707247 7 0 7 179.393770074423 4672616 -8.640654446652 0.09142765542 8.641138135837 0 
840 696 -9.665249213025 0.224874552126 9.667864858078 0.111033242774 5288996 -10 -16 18.867962264113 59.438470158707 4738014 -7.544480932865 0.19016113804 7.546877089551 0 
856 696 -5.237160911096 0.488414100025 5.259886190956 2.8176193041 6874062 -5 -16 16.76305461424 75.156311259288 6229626 -5.395458148791 0.236545969178 5.400640946303 0 
872 696 -1.767382042053 0.397756183437 1.81158749831 6.682625232753 7424238.5 -1.767382042053 0.397756183437 1.81158749831 6.682625232753 7424238.5 -2.193586094427 0.230582148833 2.205671798121 0 
888 696 -2.449618932724 0.311903239936 2.469395988221 2.696203666706 7277961 -2.449618932724 0.311903239936 2.469395988221 2.696203666706 7277961 -1.284678192045 0.225424795674 1.304306097364 0 
904 696 -2.337557966919 0.135315398411 2.341471226762 1.422470749951 6817517.5 -2.337557966919 0.135315398411 2.341471226762 1.422470749951 6817517.5 -2.668734441645 0.221073909702 2.677875500013 0 
920 696 -3.778083959911 0.362923567227 3.795475190774 0.733799818954 6579380 12 0 12 175.246790687646 6533886 -3.14333692338 0.261368441044 3.154184597619 0 
936 696 -2.227153880929 2.507347218184 3.353655391043 41.100547607002 7204304.5 -18 0 18 7.286333539582 7147826 -2.70848563725 0.346308389701 2.730535469092 0 
952 696 -1.423041283592 1.223101327456 1.876439008343 29.401455299918 8208742 -2 -16 16.124515496597 94.152525730713 8198950.5 -1.906293995278 0.380138154801 1.943826590303 0 
968 696 0.169589502644 3.571907896426 3.575931573724 66.497887420526 8661508 2 -16 16.124515496597 123.345416082686 8658580 -0.736761997463 0.362857736343 0.821269735063 0 
984 696 -0.111295233323 3.775728077044 3.777368017647 59.155740214523 8946937 0 -16 16 119.155869853827 8940336 -0.670050064666 0.373801333693 0.767264313147 0 
1000 696 -1.35023511564 2.244894176479 2.619672638154 45.367849544738 9267774 -6 -16 17.088007490635 83.050484820394 9260954 -1.706158196887 0.412968946849 1.7554256304 0 
1016 696 -1.129680285296 0.899965176874 1.44433890295 21.043514266138 9343961 -6 -16 17.088007490635 86.943187103578 9340386 -1.780237628408 0.561280544516 1.866623117625 0 
1032 696 -0.568118835604 0.352936271489 0.668822116187 10.688460103114 9245772 -2 -16 16.124515496597 125.413511255216 9244200 -0.892288359228 0.818736126693 1.210994368759 0 
1048 696 -6.38950070788 5.892039045728 8.691481082783 1.277610928519 9171372 15 14 20.518284528683 95.572032737815 9170305 -0.943147435112 0.831581195782 1.257399844734 0 
1064 696 -2.417852063334 2.133886248355 3.224822339461 24.189330318214 9245268 14 10 17.204650534085 127.221493951338 9244400 -1.932814856062 0.599815751784 2.02374707014 0 
1080 696 -1.978648275525 1.935103493789 2.767611701433 34.500057777382 9355107 -16 -16 22.62741699797 54.862490125819 9352981 -2.414288342253 0.419732246029 2.450502674533 0 
1096 696 -1.745946708678 0.374976330538 1.785759546526 5.164431478515 9369239 -18 1 18.02775637732 3.777001983536 9368622 -2.387567893685 0.291330678516 2.405276285835 0 
1112 696 -2.128940066202 0.138518720921 2.1334416424 1.156527953917 9492931 -2.128940066202 0.138518720921 2.1334416424 1.156527953917 9492931 -2.349527916524 0.200566820883 2.358073043857 0 
1128 696 -2.17904096645 0.466952115214 2.228511568597 8.427489552248 9654683 -2.17904096645 0.466952115214 2.228511568597 8.427489552248 9654683 -2.30016841077 0.147440673129 2.304889036374 0 
1144 696 -2.175635483624 0.065781654395 2.176629730491 1.225002582805 9529946 13 15 19.849433241279 127.957535715984 9524033 -2.671473859017 0.137988536513 2.675035217641 0 
1160 696 -3.301375300689 -0.201489354958 3.30751822915 6.339074284325 9267694 2 15 15.132745950422 94.748109780135 9254725 -3.463444261265 0.172210411037 3.467722967101 0 
1176 696 -3.515499282904 0.092494024986 3.516715847599 1.210286629469 9406359 12 15 19.209372712299 125.942397171829 9359526 -3.750511143579 0.178011874767 3.75473328822 0 
1192 696 -3.995478775948 0.111098831621 3.997023092183 0.925900991499 9306746 9 15 17.492855684536 118.445091639693 9235084 -3.532674505958 0.155392927703 3.536090514541 0 
1208 696 -3.211100402057 0.050400139665 3.211495907855 1.7407456393 9090156 12 -14 18.439088914586 133.24125794552 9067795 -3.115685065654 0.143660144255 3.118995297429 0 
1224 696 -2.425560476918 0.538906312798 2.484705946618 9.256308040874 9558402 -2.425560476918 0.538906312798 2.484705946618 9.256308040874 9558402 -2.499542822665 0.142813524425 2.503619385029 0 
1240 696 -2.256432013552 0.305915208277 2.277074778402 4.594902612571 9730539 9 15 17.492855684536 117.837872460369 9727696 -2.179413079323 0.119020281918 2.182660577789 0 
1256 696 -2.332730242775 0.376711481516 2.362951951662 7.252707905138 9664533 12.349019951124 -14.201772570124 18.819900049862 132.929051020188 9664287 -2.155295835629 0.072280416737 2.156507500038 0 
1272 696 -0.330808366348 0.475560518633 0.579303014085 52.069088772357 9677292 5 -16 16.76305461424 110.461773557887 9675933 -0.810632639674 0.044012250181 0.811826554548 0 
1288 696 0.43989579954 -0.142785921591 0.4624890635 19.039880525244 9745233 8 -16 17.888543819998 64.491900382059 9741748 1.854576508542 0.034215782252 1.854892111631 0 
1304 696 2.64317127452 -0.24768022839 2.654750436856 5.926408312473 9991801 2.64317127452 -0.24768022839 2.654750436856 5.926408312473 9991801 3.171422178417 0.031723099586 3.171580834348 0 
1320 696 2.94864226968 -0.09736491608 2.950249338857 2.557866148909 10229713 2.94864226968 -0.09736491608 2.950249338857 2.557866148909 10229713 3.13990436995 0.036534202185 3.140116908709 0 
1336 696 2.016412927467 0.088775396066 2.018366211817 1.793137624069 10367055 -3 15 15.297058540778 100.58217129422 10361071 2.588653327875 0.032882399674 2.588862163987 0 
1352 696 -7.069827023828 -0.277125660894 7.07525637548 178.539231411454 10328912 16 -4 16.492422502471 14.820226538456 10328510 1.517669052191 0.020767692055 1.517811137464 0 
1368 696 1.058718122999 -0.182311209026 1.074300442568 9.19231967994 10355864 1.058718122999 -0.182311209026 1.074300442568 9.19231967994 10355864 1.666672123139 -0.01681944435 1.666756988813 0 
1384 696 0.377783885153 -0.009339225837 0.377899305399 0.091181475201 10465561 18 0 18 1.50730662028 10464975 3.035662540721 -0.079879009542 3.036713308382 0 
1400 696 0.00836660553 -0.122055040244 0.122341460417 84.883623286068 10173177 0.00836660553 -0.122055040244 0.122341460417 84.883623286068 10173177 4.750899908419 -0.099103288667 4.751933438258 0 
1416 696 2.423327704501 -0.112156327227 2.425921722798 2.023374560801 10426258 2.423327704501 -0.112156327227 2.425921722798 2.023374560801 10426258 6.812384226232 -0.074492281726 6.812791494376 0 
1432 696 0.164871444247 -0.008481366815 0.165089450635 2.961168186168 10674728 21 0 21 0.016337142916 10672933 6.892201734305 0.001965221325 6.892202014483 0 
1448 696 3.845751909794 -0.004211612492 3.845754215933 1.558068128235 10417792 19 0 19 1.495321614693 10415908 4.990352432637 0.130269220484 4.992052430788 0 
1464 696 3.435803282708 0.048437007057 3.436144691529 1.788097240446 10346560 19 0 19 2.595783832107 10338089 4.323862606903 0.196026621218 4.328303857125 0 
1480 696 3.709166275652 0.068672443937 3.709801930695 1.271191252678 10543901 -12 9 15 140.798243706825 10528564 4.892732257102 0.199237423525 4.896787160029 0 
1496 696 -12 -14 18.439088914586 134.517747936442 10741145 19 -14 23.600847442412 40.300805107273 10741062 4.782734838967 0.327433990706 4.79393007439 0 
1512 696 3.20272813034 -0.149357290037 3.2062088324 10.941553434884 10563312 -11 15 18.601075237738 117.982303904509 10543894 3.993870352497 0.580616322759 4.035853776689 0 
1528 696 2.227275807503 -0.051204319434 2.227864314769 13.803983321337 10482726 2.227275807503 -0.051204319434 2.227864314769 13.803983321337 10482726 2.762457397692 0.61176474277 2.829386324729 0 
1544 696 1.208785257078 0.277343591178 1.240194043404 8.217273715921 10582718 -12.399988417738 3.801830645404 12.969719696908 141.81492848111 10571576 1.088495974552 0.420879250739 1.167031632099 0 
1560 696 0.801934392247 0.296750547631 0.85507874315 100.8844035261 10464233 -11.408779657053 -13.594986969705 17.747786452672 108.805889840678 10456750 -0.164192673176 0.271209762097 0.317039380805 0 
1576 696 -0.168819035773 0.280184289256 0.327113287387 49.64557855051 10466355 15 -15 21.213203435596 144.284257491425 10465186 -0.995608545492 0.162756276844 1.008824058748 0 
1592 696 -0.798210924467 0.12356986845 0.807719129604 7.745553329758 10508269 -15.011054579905 -15.12831410914 21.3119132737 46.277379413913 10508121 -1.876630564939 0.034541257465 1.87694842117 0 
1608 696 -18 -10 20.591260281974 26.740663554756 10461237 2.343288440952 0.094457491404 2.34519144958 179.994391229307 10460658 -2.807258731518 -0.113435296041 2.809549635097 0 
1624 696 -0.314757772946 0.295795095586 0.431934247545 48.106878986306 10304457 10.091593472809 -11.292229516467 15.144461240765 126.90058058461 10303017 -1.609871831585 -0.137613112424 1.61574276506 0 
1640 696 0.489214453431 0.325920042477 0.587838970751 34.940655483974 10113410 -4 15 15.52417469626 106.200084181602 10102758 1.715530134858 -0.037992191683 1.715950771507 0 
1656 696 2.683682139368 0.357797081272 2.707428406538 2.833698839024 10314446 3 15 15.297058540778 73.929693648699 10301479 3.518586123002 0.293013438197 3.530765523218 0 
1672 696 1.60159657263 0.295828487594 1.62868845257 2.22338444152 10535896 -1.303970722357 -14.335067146069 14.394251968306 107.885984294052 10530948 3.799296132846 0.855403777214 3.894401972977 0 
1688 696 4.01762788897 0.15200451864 4.020502360143 10.139073650981 10227262 4 -16 16.492422502471 88.26954786146 10223124 4.118501527667 0.898414641832 4.21535333063 0 
1704 696 5.659844543734 -0.121269081543 5.661143563749 6.613746530495 10246734 3 15 15.297058540778 73.303765235199 10235068 4.476202307467 0.422046032049 4.496054931887 0 
1720 696 5.135744408883 -0.079705802132 5.136362881287 4.128562922012 10394043 -13 15 19.849433241279 127.67496880183 10383340 3.043803318743 0.172275518147 3.048674711632 0 
1736 696 2.228141437001 0.098659997978 2.230324653157 137.623103418781 10366396 -13 -16 20.615528128088 90.74769080123 10358346 -0.178695438504 0.149103100124 0.232731162951 0 
1752 696 -0.707559301273 -0.053034899328 0.70954412503 9.298369314042 10618765 -1 15 15.033296378373 81.174128526633 10611705 -1.577200316213 0.138314369324 1.583253517989 0 
1768 696 -0.900876268931 -0.173334413101 0.917400060327 17.817309100613 10867781 -7 15 16.552945357247 58.056781486987 10865066 -1.151711314384 0.139909325748 1.160178249715 0 
1784 696 -0.847282045969 0.12841437057 0.856958059645 4.168827029308 10801637 -17 -16 23.345235059858 47.713648586225 10800076 -1.944184698702 0.151281559714 1.950061602355 0 
1800 696 6.727881107745 -0.059068794409 6.728140405969 178.00637301425 10653188 -19 0 19 2.496653958204 10652818 -3.954620469168 0.172431071223 3.958377891193 0 
1816 696 1.233117303801 0.619100577181 1.37980571444 149.707604819581 10743080 -19 1 19.02629759044 0.620147658703 10741654 -3.285645479946 0.208611514579 3.292261378431 0 
1832 696 0.878502767089 0.959048929548 1.300592926726 28.914618580033 10865321 -16 -15 21.931712199461 146.727908220505 10864039 0.062740268962 0.259822889782 0.267290619745 0 
1848 696 0.175682838843 0.036339423524 0.179401821524 1.725251649984 10654527 1 -16 16.031219541881 99.835549899548 10653712 1.320065205677 0.314773253533 1.357075660521 0 
1864 696 -0.012560455987 -0.014153345235 0.018923060956 169.109033294118 10472262 0 -16 16 127.521422849436 10471994 0.486329330197 0.373462605834 0.613180671064 0 
1880 696 0.162776463463 0.296090471994 0.337884217837 20.326536011517 10521198 0.14279488087 -15.10692835504 15.107603208395 170.98507325975 10520675 0.077947436942 0.523222059687 0.528996338994 0 
1896 696 0.564091863505 0.273282172989 0.626803618804 57.069808422685 10713643 0.249274924065 -15.012856771173 15.014926121014 171.967066601234 10711866 0.094919525911 0.764051615093 0.769925052797 0 
1912 696 0.907719749009 0.157564083082 0.92129342938 34.736785264506 10788349 -11 -16 19.416487838948 169.092720379009 10785813 0.898200991894 0.885257980764 1.261129142612 0 
1928 696 1.939315695439 0.04469778698 1.939830729403 18.299661484118 10687213 2 -16 16.124515496597 102.494977463559 10683581 2.487791834893 0.886841156701 2.641135257986 0 
1944 696 2.43388514643 0.059480237107 2.434611838593 10.716267395244 10513458 2.43388514643 0.059480237107 2.434611838593 10.716267395244 10513458 3.548150651502 0.761707327421 3.628990369015 0 
1960 696 3.652024491803 0.228705673709 3.659178756759 3.540849252857 10455254 17.764998238143 0.309919089991 17.7677013776 6.12482926025 10454282 4.079277441723 0.509856492923 4.111016673516 0 
1976 696 3.003840903723 0.165733078901 3.008409484814 2.033008574487 10364190 3.003840903723 0.165733078901 3.008409484814 2.033008574487 10364190 3.419006637993 0.310614168333 3.433087175155 0 
1992 696 1.443588426479 -0.08027549183 1.445818695291 9.155595957932 10134357 1.443588426479 -0.08027549183 1.445818695291 9.155595957932 10134357 1.567338240314 0.163980353651 1.575892990001 0 
2008 696 0.479803981315 -0.14755882175 0.501981539862 25.609866523 9686269 15 -8 17 36.58760701459 9675927 0.521574302892 0.078090522624 0.52738779201 0 
2024 696 0.922589431758 -0.018972163204 0.922784483272 11.821914829789 9322434 -16 -15 21.931712199461 147.491458607703 9316862 0.281714825727 0.052944675252 0.286646789049 0 
2040 696 0.19668963992 0.053317486179 0.203788048679 4.111417256308 9460747 2 -16 16.124515496597 102.153325544703 9447825 0.537168412687 0.18788577881 0.569079053794 0 
2056 696 1.00459641248 0.061212034595 1.006459569554 17.066800687653 9643546 -12.856049682178 -14.845787702712 19.638620775009 151.4453095368 9626647 1.287935063771 0.482913833298 1.375493547379 0 
2072 696 1.118529360443 0.054138483433 1.119838785523 14.684879235639 9595368 1.118529360443 0.054138483433 1.119838785523 14.684879235639 9595368 1.659548200399 0.521850114664 1.739663120153 0 
2088 696 1.356998552401 0.094027448436 1.360252267882 6.486402067031 9950355 1.356998552401 0.094027448436 1.360252267882 6.486402067031 9950355 1.652007822571 0.304694622909 1.679871619816 0 
2104 696 1.022241396093 0.112223592257 1.028383005765 1.691594999464 10749485 1.022241396093 0.112223592257 1.028383005765 1.691594999464 10749485 1.549712351554 0.216599449155 1.564775924512 0 
2120 696 1.22554171569 0.224334367259 1.245904653346 0.407708498276 11464742 1 -16 16.031219541881 97.204478021801 11433744 1.352661787348 0.257564593403 1.376965297576 0 
2136 696 2.181137627173 0.405860024165 2.218576955592 6.738792236246 11713318 8 -16 17.888543819998 80.714625326074 11695111 2.024079201855 0.629642939793 2.119751600309 0 
2152 696 3.772484670306 1.412975382387 4.028416564722 0.028769105095 11509120 3.772484670306 1.412975382387 4.028416564722 0.028769105095 11509120 3.563964595074 1.332834488325 3.805035007488 0 
2168 696 6.622014062752 2.847790583948 7.208396594063 3.647290718632 11392468 19 -14 23.600847442412 56.00713568317 11383021 4.701473185552 1.67622620435 4.991350959671 0 
2184 696 6.123841546338 1.228309509904 6.245812960438 5.635861442097 10937713 18.965429245527 -13.135253938949 23.069945871366 51.683708656958 10919808 5.436604973289 1.659818087869 5.684335468672 0 
2200 696 4.90873924829 1.039859895585 5.017671732004 6.702284536463 10905390 4 16 16.492422502471 57.300841900644 10873158 4.455719334208 1.504964053562 4.703015159209 0 
2216 696 5.69995237642 1.11956872546 5.808863161109 23.450886854143 11199405 13.151935868119 -14.039710816899 19.237642706456 81.433275309209 11174953 1.758816268309 1.211664101431 2.135781955249 0 
2232 696 2.729268416836 0.079934146855 2.730438711814 20.254061743261 10816930 2.658368868955 -14.348183794637 14.592371405913 101.435159474063 10745314 2.009485163605 0.809097436574 2.166256975666 0 
2248 696 7.052639125731 -0.023851105196 7.052679456278 3.460741691588 10329184 -1.134697191406 -14.69005670204 14.733814971871 97.683876315092 10225357 5.207726020096 0.297264058989 5.216203238099 0 
2264 696 5.287311270767 -0.048588648201 5.287534522886 0.341661591825 10213396 -6.59007180576 -14.952871119333 16.340667095209 113.599330385592 10195257 5.578506302784 -0.017997953146 5.578535336136 0 
2280 696 3.316997988023 0.447069269728 3.346990675889 10.183224851607 10023374 -11.113136891948 -11.660463776198 16.108017477492 131.116168798979 9976882 3.121826011671 -0.136688599832 3.124817021918 0 
2296 696 3.665958913246 1.157364913416 3.844313761442 19.417057077963 9966192 3.665958913246 1.157364913416 3.844313761442 19.417057077963 9966192 2.587055814493 -0.085633539738 2.58847269455 0 
2312 696 3.202048428654 0.817995086457 3.304879740764 12.382344329815 10089235 -13 6 14.317821063276 153.276911194824 10071566 3.974195711252 0.135167227136 3.976493647754 0 
2328 696 4.106149989981 1.071912389197 4.243755873084 12.190503171101 9981486 -13 2 13.152946437966 168.813762640406 9953362 3.530650600998 0.150452001597 3.533854760896 0 
2344 696 1.350807103646 -0.069401632747 1.352588783736 1.127729105242 9622722 1.350807103646 -0.069401632747 1.352588783736 1.127729105242 9622722 1.256420483731 -0.039779216355 1.257050045938 0 
2360 696 -0.055990341257 -0.07815806914 0.096143653383 60.824986017783 9464841 15 0 15 64.791808587259 9458193 0.103270784713 -0.219380172098 0.242471678521 0 
2376 696 1.364869561754 -0.002619898865 1.36487207623 79.500612874832 9548860 13 -16 20.615528128088 28.704452207202 9488426 0.071201503944 -0.388350865632 0.394824073482 0 
2392 696 1.540217965081 -0.184367735674 1.551213345067 76.035968739448 9690434 -16 0 16 97.138069491393 9670244 0.045672802437 -0.364707312415 0.367556021052 0 
2408 696 0.000191082716 -0.031400758605 0.031401339996 9.841770722908 9504128 10.374546579385 -7.65135094374 12.890864516862 43.400358175383 8788207 0.026684680192 -0.14844951245 0.150828809925 0 
2424 696 0.006882526907 -0.010232086384 0.012331454432 7.123504513883 6790487 15 -15 21.213203435596 18.197086744827 3901617.5 0.01828836075 -0.036200226862 0.040557620293 0 
2440 696 0.003165726687 0.004374351194 0.005399701272 107.87916451008 2396263.5 15 -16 21.931712199461 6.9248886814 180423.96875 0.020483844111 -0.027959455653 0.03466004948 0 
2456 696 -0.004402166265 0.009075910551 0.010087180982 160.282865748741 171204.984375 -0.004402166265 0.009075910551 0.010087180982 160.282865748741 171204.984375 0.017902643481 -0.017536273636 0.025060437679 0 
2472 696 0 0 0 0 0 0 0 0 0 0 0.010544758859 -0.004930680812 0.011640599326 0 
2488 696 0 0 0 0 0 0 0 0 0 0 0.005182665327 0.000952895293 0.005269537867 0 
2504 696 0 0 0 0 0 0 0 0 0 0 0.001816362884 0.000114454679 0.001819965384 0 
2520 696 0 0 0 0 0 0 0 0 0 0 -0.001549939559 -0.000723985935 0.001710692337 0 
2536 696 0 0 0 0 0 0 0 0 0 0 -0.004916242002 -0.001562426549 0.005158547484 0 
24 712 0 0 0 0 0 0 0 0 0 0 0 0 0 0 
40 712 0 0 0 0 0 0 0 0 0 0 0 0 0 0 
56 712 0 0 0 0 0 0 0 0 0 0 0 0 0 0 
72 712 0 0 0 0 0 0 0 0 0 0 0 0 0 0 
88 712 0 0 0 0 0 0 0 0 0 0 0 0 0 0 
104 712 0 0 0 0 0 0 0 0 0 0 0 0 0 0 
120 712 0 0 0 0 0 0 0 0 0 0 0 0 0 0 
136 712 0 0 0 0 0 0 0 0 0 0 0 0 0 0 
152 712 0 0 0 0 0 0 0 0 0 0 0 0 0 0 
168 712 0 0 0 0 0 0 0 0 0 0 0 0 0 0 
184 712 0 0 0 0 0 0 0 0 0 0 0 0 0 0 
200 712 0 0 0 0 0 0 0 0 0 0 0 0 0 0 
216 712 0 0 0 0 0 0 0 0 0 0 0 0 0 0 
232 712 0 0 0 0 0 0 0 0 0 0 0 0 0 0 
248 712 0 0 0 0 0 0 0 0 0 0 0 0 0 0 
264 712 0 0 0 0 0 0 0 0 0 0 0 0 0 0 
280 712 0 0 0 0 0 0 0 0 0 0 0 0 0 0 
296 712 0 0 0 0 0 0 0 0 0 0 0 0 0 0 
312 712 0 0 0 0 0 0 0 0 0 0 0 0 0 0 
328 712 0 0 0 0 0 0 0 0 0 0 0 0 0 0 
344 712 0 0 0 0 0 0 0 0 0 0 0 0 0 0 
360 712 0 0 0 0 0 0 0 0 0 0 0 0 0 0 
376 712 0 0 0 0 0 0 0 0 0 0 0 0 0 0 
392 712 0 0 0 0 0 0 0 0 0 0 0 0 0 0 
408 712 0 0 0 0 0 0 0 0 0 0 0 0 0 0 
424 712 0 0 0 0 0 0 0 0 0 0 0 0 0 0 
440 712 0 0 0 0 0 0 0 0 0 0 0 0 0 0 
456 712 0 0 0 0 0 0 0 0 0 0 0 0 0 0 
472 712 0 0 0 0 0 0 0 0 0 0 0 0 0 0 
488 712 0 0 0 0 0 0 0 0 0 0 0 0 0 0 
504 712 0 0 0 0 0 0 0 0 0 0 -0.000074569291 0.000088505462 0.000115731568 0 
520 712 0 0 0 0 0 0 0 0 0 0 -0.000223707872 0.000265516385 0.000347194704 0 
536 712 0 0 0 0 0 0 0 0 0 0 0.000672187091 0.002411593481 0.002503521241 0 
552 712 0 0 0 0 0 0 0 0 0 0 0.002613115599 0.006526736751 0.00703041007 0 
568 712 0 0 0 0 0 0 0 0 0 0 0.001964231914 0.007782223939 0.008026282854 0 
584 712 -0.007172855904 0.004642635081 0.008544233279 45.431037230914 229150 -0.007172855904 0.004642635081 0.008544233279 45.431037230914 229150 -0.001274463963 0.006178055046 0.006308139389 0 
600 712 -0.010597120571 0.008833419614 0.01379595109 14.189683383173 1124414 -0.010597120571 0.008833419614 0.01379595109 14.189683383173 1124414 -0.003692268449 0.005082565738 0.006282143009 0 
616 712 0.003195021246 0.020282328781 0.020532438276 58.587854227354 2312209.75 0.003195021246 0.020282328781 0.020532438276 58.587854227354 2312209.75 -0.005289181546 0.004495756014 0.006941704658 0 
632 712 0.000993190304 0.020990247459 0.02101373159 77.377184267382 3441212 0.000993190304 0.020990247459 0.02101373159 77.377184267382 3441212 -0.014408927658 0.003950445787 0.01494065655 0 
648 712 -0.012317423313 0.004582933524 0.0131423817 14.074929283234 5473366 -0.012317423313 0.004582933524 0.0131423817 14.074929283234 5473366 -0.031051506784 0.003446635056 0.031242204896 0 
664 712 -0.013170222015 -0.00225440273 0.013361776812 9.68375378885 6960034.5 -0.013170222015 -0.00225440273 0.013361776812 9.68375378885 6960034.5 -0.445727405213 -0.000230799586 0.445727464968 0 
680 712 -0.807035740789 -0.02993470383 0.807590721469 1.801821861112 6586503 -17 15 22.671568097509 41.7460944958 6080976.5 -1.258436622945 -0.00708185814 1.258456549382 0 
696 712 -1.272385169985 -0.079440196125 1.274862645761 3.298213703388 5537177 -17 -16 23.345235059858 42.989937057834 5357888 -1.725880856223 -0.008264368733 1.725900643047 0 
712 712 9.770652202353 10.384922301913 14.258760664101 133.371509302796 4296180.5 12 -16 20 126.7527574411 4272732 -1.84806010505 -0.003778331363 1.848063967417 0 
728 712 -0.927852430748 0.306023050041 0.977015987793 18.149290069062 3585564 -17 6 18.02775637732 19.335804862035 3451116 -1.588020303914 0.002888859991 1.588022931558 0 
744 712 -0.20225141066 -0.033517901593 0.205009957908 10.120782676292 3342877 -0.20225141066 -0.033517901593 0.205009957908 10.120782676292 3342877 -0.945761452816 0.01173720533 0.945834281268 0 
760 712 -0.483514650745 -0.229011610175 0.535007228998 27.479475735981 3379661 -0.483514650745 -0.229011610175 0.535007228998 27.479475735981 3379661 -0.488573924511 0.01821742405 0.488913442494 0 
776 712 13.917766970714 2.617113360364 14.161691981967 163.460663397337 3591949.75 -16 2 16.124515496597 1.235286478551 3590159 -0.216457718999 0.022329516152 0.217606413981 0 
792 712 -4.9021829182 4.732285595904 6.813657191604 42.220032911435 3547798 -13.863267460838 -14.162148280837 19.818088419904 47.38071495435 3545845.75 -0.874253889516 0.027011743827 0.874671079685 0 
808 712 0.890835875558 1.705165209073 1.923844314755 116.833266063614 3578665 13 -8 15.264337522474 149.143318043225 3567282 -2.461962436062 0.032264107077 2.462173838133 0 
824 712 -7.88845913928 2.747427175651 8.353211578645 18.328390106022 3524019.75 7.957395164216 -8.111927091382 11.363252128479 135.323066910457 3504067.75 -3.046275320715 0.046474124215 3.046629805838 0 
840 712 -2.18485514691 -13.528192260447 13.703487798681 82.344174032055 3465426 -4 15 15.52417469626 73.5501380679 3457001.25 -2.627192543475 0.069641795241 2.628115416061 0 
856 712 -1.165319564571 -12.080850429668 12.136923695549 86.831628240809 3805930 -1 15 15.033296378373 83.844588805441 3788566.5 -1.854680092112 0.075831914409 1.856229706507 0 
872 712 -0.366592546197 0.077544886786 0.374704289266 6.843152760007 4091758 7.268716264001 -12.463378841727 14.428099260781 125.351485220896 4077604.25 -0.728737966624 0.065044481717 0.731635024176 0 
888 712 -5.373703408758 0.147439527437 5.375725694225 3.78068390988 4087195 8.487863074615 -13.227510516222 15.716578954409 128.039909378796 4066668.75 -0.908209332104 0.085088689471 0.912186535746 0 
904 712 -2.84696428068 0.167152198439 2.851867015292 0.108332038889 4207539 -18 0 18 3.251785154304 4174595.75 -2.393094188553 0.13596453767 2.396953514524 0 
920 712 -5.073601865106 0.294463296673 5.082139757887 1.792466923991 4547005.5 13 0 13 174.885908876757 4513402 -2.852598415208 0.255294787722 2.863999501935 0 
936 712 -2.159227873046 0.384962520105 2.193276350491 0.856965299583 5524038 -2.059955373386 -15.006821783381 15.14754488947 93.149823680413 5454744 -2.286722012069 0.443079439629 2.32925244452 0 
952 712 -1.064262270811 1.754746455144 2.052264432989 41.595141470151 7223117 -1.064262270811 1.754746455144 2.052264432989 41.595141470151 7223117 -1.542131325179 0.47642110212 1.614046495812 0 
968 712 0.093880840603 3.382414864288 3.38371747142 61.726144568078 8146559 0 -16 16 119.863724069475 8118609 -0.618826354538 0.355319775194 0.713581249554 0 
984 712 -0.034081349281 3.715479735413 3.71563604281 67.450242282087 8581209 0 -16 16 112.024209781073 8554205 -0.807199995016 0.326526785909 0.870741967445 0 
1000 712 -2.063722378105 1.226295697334 2.400573096407 20.232946871265 9012221 -2 -16 16.124515496597 93.361472032046 8987942 -2.107252246612 0.390042134265 2.143045705848 0 
1016 712 -2.166795695229 0.453644973531 2.213774457092 0.066784966348 9191052 -18 -16 24.083189157585 53.525095628151 9177021 -2.161136961907 0.455090367924 2.208533497844 0 
1032 712 -0.793071215939 0.287404229396 0.843542023035 8.379664152107 9015474 -3 -16 16.2788205961 107.68022005341 9007836 -0.968854140901 0.521671486889 1.10037243085 0 
1048 712 -5.246366475443 0.243320360588 5.252005901799 23.458757345197 8895038 14 0 14 153.885834033802 8892675 -1.15812441273 0.567714396634 1.289787498585 0 
1064 712 -3.522811400973 2.217861165829 4.162824560045 19.929179207108 8958483 -18 -16 24.083189157585 53.897703206449 8950036 -2.728947777394 0.593219097161 2.792680588428 0 
1080 712 -4.097180223378 1.221034613014 4.27525570101 7.815954377291 9071563 -12 -16 20 61.909166622875 9062149 -3.453712417633 0.533370781903 3.494655040873 0 
1096 712 -2.600512116921 -0.021275545128 2.600599146173 7.112775019705 9060897 -2.600512116921 -0.021275545128 2.600599146173 7.112775019705 9060897 -3.332418333447 0.388169450863 3.354949697339 0 
1112 712 -2.685344966868 0.068889609372 2.686228465594 3.130393440646 9099618 -2.685344966868 0.068889609372 2.686228465594 3.130393440646 9099618 -3.333061147176 0.26816775869 3.343831717897 0 
1128 712 -2.989934607079 0.29701290869 3.004650665641 2.800955009733 9108719 -2.989934607079 0.29701290869 3.004650665641 2.800955009733 9108719 -3.45564085882 0.173365705387 3.459986909361 0 
1144 712 -3.192729099581 0.199573903291 3.198960588408 1.231718332135 8765721 -3.192729099581 0.199573903291 3.198960588408 1.231718332135 8765721 -3.647334774192 0.149369233646 3.650392050588 0 
1160 712 -3.690201841387 0.178843958983 3.694533095242 0.099040207333 9029984 12 15 19.209372712299 125.786125085277 8993103 -3.908142893292 0.196178343468 3.913063610118 0 
1176 712 -3.547743630254 0.145423544407 3.550722866301 1.054039339076 9117760 12 15 19.209372712299 125.258504203254 9080566 -3.947275223919 0.234601516517 3.954240706497 0 
1192 712 -3.865779705133 0.358420174944 3.882359817228 1.276153746472 8187390.5 -3.865779705133 0.358420174944 3.882359817228 1.276153746472 8187390.5 -3.764731766073 0.264638752795 3.774021587109 0 
1208 712 -3.178527117719 1.604604977522 3.560588683345 22.852097458891 8018338.5 10.364114651029 1.067431322467 10.418938627704 170.185908430291 7982014 -3.750205736831 0.257883478761 3.759061978364 0 
1224 712 -3.53743831515 0.67923186605 3.602058544964 7.726491869907 8650646 -3.53743831515 0.67923186605 3.602058544964 7.726491869907 8650646 -3.903697136193 0.214335694417 3.909576846799 0 
1240 712 -7.793718028046 0.036162363354 7.793801923145 1.987630755847 8836426 -7.793718028046 0.036162363354 7.793801923145 1.987630755847 8836426 -4.271770707077 0.168098012242 4.275076831539 0 
1256 712 -5.692226090031 0.000419026762 5.692226105454 1.402043463032 8857566 -5.692226090031 0.000419026762 5.692226105454 1.402043463032 8857566 -4.854426449483 0.119170432235 4.855888975806 0 
1272 712 8.45013717642 -4.118543022257 9.400383764852 156.897262322484 8973397 7 15 16.552945357247 112.135322102548 8957542 -1.31795526334 0.066339745152 1.31962382441 0 
1288 712 -1.91681736732 -0.312619192384 1.942143037756 170.823866402816 8739972 21 0 21 0.086843017417 8732672 6.337642851352 0.009605950991 6.337650131207 0 
1304 712 -0.022070255395 -0.017504046262 0.028168915647 141.343760305033 8788422 25 0 25 0.23810370521 8785394 10.093890794637 -0.041947359022 10.093977954948 0 
1320 712 20.561818024929 0.015071565947 20.561823548567 0.550523740364 9081179 -7 0 7 179.49147337116 9080250 9.950788566515 -0.088320184886 9.951180510399 0 
1336 712 20.40967117491 -0.079734479547 20.409826923695 0.578337869777 9267298 -9 0 9 179.197825798952 9267044 7.976013953702 -0.111676126154 7.976795731796 0 
1352 712 2.621174476999 -0.143519457372 2.625100659692 1.595158701803 8921133 2.621174476999 -0.143519457372 2.625100659692 1.595158701803 8921133 4.169566956198 -0.112015182824 4.171071325619 0 
1368 712 1.217994752622 -0.089608676499 1.221286588937 2.488551722092 8952746 19 15 24.20743687382 40.009319043516 8881936 4.416311716286 -0.132550904457 4.418300455795 0 
1384 712 11.294400263406 -0.106853398043 11.29490570827 0.59687380435 8653161 2 15 15.132745950422 83.544274806684 8580086 8.716248233967 -0.173283291051 8.717970542224 0 
1400 712 13.497665008812 -0.180663438176 13.498874025932 0.059534858031 7840061.5 28 0 28 0.826381155368 7802569 13.683111706482 -0.197366191732 13.684535044557 0 
1416 712 7.641218707001 -0.07077120838 7.641546433292 0.076787318921 8621328 34 0 34 0.607432464581 8604126 19.316902133833 -0.204799606499 19.317987755636 0 
1432 712 21.202223931936 0.002839424444 21.202224122065 0.493177758225 8596738 5.759730195945 -0.025805169073 5.759788002768 0.228805576346 8581947 17.927261347419 -0.151913056758 17.927904980657 0 
1448 712 5.463753782214 0.164229178544 5.4662214203 1.954769606819 8341440 21.268727274581 -0.070695193618 21.268844766251 0.042649997472 8323564.5 9.51418934724 -0.038706542508 9.514268081759 0 
1464 712 6.011937605658 0.07421027832 6.012395607387 0.508135321181 8411752 6.011937605658 0.07421027832 6.012395607387 0.508135321181 8411752 6.736498262732 0.023406455923 6.736538926331 0 
1480 712 8.390434997646 0.180157076358 8.392368915979 1.024461694541 8666525 24 0 24 0.205588268586 8624086 9.594188093893 0.034425938537 9.594249857401 0 
1496 712 5.278767929338 0.25281459621 5.28481845212 0.161575983731 8390774 -3 -16 16.2788205961 103.200035332125 7937849.5 9.392011434991 0.42326603071 9.401544177833 0 
1512 712 5.568714502802 1.10372672579 5.677040945681 0.225383696964 8167299 -3 -15 15.297058540778 112.29535560141 7713317 6.129968286025 1.189926732441 6.244392429712 0 
1528 712 3.888043047633 0.862977856369 3.98266362135 6.778810522305 8489220 3.888043047633 0.862977856369 3.98266362135 6.778810522305 8489220 3.462035346373 1.211921480393 3.668029772804 0 
1544 712 1.863629542252 0.298438592566 1.887374012825 10.316071759643 9124322 16 0 16 19.414078501038 9117179 1.388212616036 0.489250274568 1.471903562903 0 
1560 712 2.159400762672 2.278673774192 3.139325695594 132.104034552615 9333487 -17 4 17.464249196573 11.884004864548 9296660 -1.901773386912 0.045034143412 1.902306518214 0 
1576 712 -20.092657137409 4.787287658288 20.655096077353 14.480800821667 9453055 -3 -16 16.2788205961 78.301005177179 9388050 -6.407922662471 -0.120726913074 6.409059824635 0 
1592 712 4.764762428005 1.979674805801 5.159658257293 158.537788916655 9265908 -25 2 25.079872407969 5.673733577258 9264667 -9.907331177128 -0.190198011569 9.90915669151 0 
1608 712 -17.964081533556 0.015461004272 17.964088186905 0.804182862805 9388094 -17.964081533556 0.015461004272 17.964088186905 0.804182862805 9388094 -12.399998930883 -0.163379152071 12.401075204725 0 
1624 712 5.41236377282 0.073488351083 5.412862657327 179.530111272743 9548631 -24 0 24 0.308017898059 9546761 -8.984226841989 -0.048299008239 8.98435666826 0 
1640 712 4.911709207659 -0.101779693093 4.912763626161 25.701376547077 9475798 -2 15 15.132745950422 73.08037137999 9435613 0.339985089556 0.155042419927 0.373668319632 0 
1656 712 4.396714662112 0.830160480907 4.474401216263 0.392679509685 9309848 19 16 24.839484696748 29.015870439222 9229436 5.166799435877 1.012284563846 5.265029577199 0 
1672 712 4.49112105713 1.780594954361 4.831220005474 3.033999041988 9370671 19 17 25.495097567964 17.159328207119 9306503 5.496216196976 2.52342742352 6.047816006269 0 
1688 712 -1.513432041259 1.663062733145 2.248611615616 107.862748954903 9425266 -3 17 17.262676501632 75.567687206147 9401742 5.427460817365 2.466609073169 5.961668494966 0 
1704 712 6.331798000449 -0.249101526881 6.336696102007 11.884573711025 9631760 19 0 19 9.631641822957 9617532 4.960533297042 0.841829512791 5.031457792695 0 
1720 712 6.322082117729 -0.339123119075 6.331171044381 3.758127172595 9657762 -8.038756478087 -1.030486439795 8.104536261662 173.382769650274 9649763 1.9794734179 0.023758786895 1.979615996129 0 
1736 712 -13.050020461408 -0.37165036042 13.05531148742 1.833312193216 9421088 6.210978046642 -0.414593493319 6.224800081976 176.383105077565 9420972 -3.515718820061 0.012396895479 3.51574067655 0 
1752 712 -5.165216966302 -0.049099194947 5.165450323052 0.749931327977 9153740 -5.165216966302 -0.049099194947 5.165450323052 0.749931327977 9153740 -5.433626917782 0.01947050709 5.433661802348 0 
1768 712 2.785951182289 -0.01563058785 2.785995029675 179.638664847653 9291304 -11.452985062903 -0.012661772244 11.45299206197 0.746132876295 9289818 -3.774250875263 0.044979621728 3.77451888799 0 
1784 712 2.418620473877 -0.151347869166 2.423351227982 176.819198950443 9655072 2.418620473877 -0.151347869166 2.423351227982 176.819198950443 9655072 -6.099012081851 0.04256676841 6.099160622933 0 
1800 712 -12.5 -0.221718343704 12.501966206319 1.072658685048 9955679 -0.817830667691 -0.227357546599 0.848845365783 15.592454254029 9955351 -12.407910537547 0.012231947137 12.407916566785 0 
1816 712 -18.324785717433 -0.16758447753 18.325552001152 0.59311880548 10374732 5 0 5 179.930849973767 10369944 -10.466562306539 0.012632054502 10.466569929326 0 
1832 712 0.059662768145 -0.197775183899 0.206578482105 115.830978690114 10729911 0.059662768145 -0.197775183899 0.206578482105 115.830978690114 10729911 -0.274967388828 0.043767090506 0.278428847518 0 
1848 712 3.183418465223 -0.153367934903 3.18711073673 3.79645126745 10865053 3.183418465223 -0.153367934903 3.18711073673 3.79645126745 10865053 3.540157326586 0.064157065568 3.540738627185 0 
1864 712 0.105216801657 -0.445888844764 0.458134736989 81.034659437294 10726646 0.105216801657 -0.445888844764 0.458134736989 81.034659437294 10726646 0.978811839702 0.07380197969 0.981590214778 0 
1880 712 0.408941626452 -0.321217988497 0.520013701723 173.792155952587 10681454 -16 -1 16.031219541881 35.517634545675 10680759 -0.232312561882 0.14483427413 0.273762841472 0 
1896 712 1.022233979466 0.093038729396 1.026459212021 103.382767237696 10801640 0 15 15 18.583220260595 10797861 -0.093215878168 0.277253948887 0.292504618966 0 
1912 712 0.696957101477 0.087110514392 0.702379842405 45.552091970115 10811725 -1 15 15.033296378373 41.137704989753 10808536 0.282572243911 0.370611908063 0.466047486236 0 
1928 712 0.287494053242 -0.062638873331 0.294238779058 37.686550357393 10685618 -7 15 16.552945357247 89.621787811483 10680989 0.895051804353 0.424908151656 0.990789922143 0 
1944 712 2.003733947715 0.284006020338 2.023761140257 2.859830733695 10559959 2.003733947715 0.284006020338 2.023761140257 2.859830733695 10559959 2.07583052956 0.400760491672 2.114162093865 0 
1960 712 2.666340283103 0.58026902686 2.728751115223 7.820245755129 10401788 -2 -16 16.124515496597 101.582467173712 10390383 3.824908419531 0.29816892811 3.836512625743 0 
1976 712 4.198827073229 0.33543983043 4.212204728016 1.552889934475 10324628 -9 -16 18.357559750686 122.372461823415 10322174 4.021246498114 0.211779733957 4.026819347116 0 
1992 712 2.034824653809 -0.051526797208 2.035476942286 4.492034379679 10302892 -13 -16 20.615528128088 132.135332293194 10301761 2.664844765309 0.141592909213 2.668603787589 0 
2008 712 1.092098246904 -0.161013438966 1.103903939851 11.124172226862 9827693 1 -16 16.031219541881 89.160859190939 9824439 1.802123267979 0.086158462357 1.804181685315 0 
2024 712 -2.205937819221 -0.305965722862 2.227055609058 173.920973679631 9332082 16 -2 16.124515496597 8.942589460291 9326049 1.433082006123 0.045476393386 1.433803382138 0 
2040 712 2.05657288638 0.492656108363 2.114758160665 2.949413569504 9255132 -11.946389806784 1.711680421329 12.06839174374 161.324102068476 9249037 2.333661893481 0.433447498998 2.373574217814 0 
2056 712 3.815401851613 -0.708015245245 3.880538219988 26.024949185335 8945974 -11 16 19.416487838948 108.996237707885 8932165 4.503862930053 1.25007177919 4.674126736176 0 
2072 712 6.140799626647 -0.18065392934 6.143456347758 15.217568096397 8374754 -11 16 19.416487838948 110.97603238202 8359667 5.300954832495 1.275826352823 5.452325652298 0 
2088 712 4.508710580232 -0.14442676069 4.511023186097 8.003780851446 8235724.5 19 -9 21.023796041629 31.515238178526 8215113 4.724937600806 0.510711219895 4.752458446072 0 
2104 712 4.369923257995 -0.135482994963 4.37202297829 3.41352632344 8930328 4 15 15.52417469626 73.430858405528 8888252 4.150338031411 0.118664266962 4.152034077803 0 
2120 712 3.47926165824 -0.119331285543 3.481307461602 3.56061606758 9796018 -9.666932284796 -0.147026906092 9.668050305514 179.275096812643 9790336 3.57715612431 0.099685494023 3.578544834903 0 
2136 712 5.281323958201 -0.197480441803 5.285014784876 5.966562716682 10247588 -12.230787319495 -0.212935537946 12.232640761424 177.172263366469 10245480 2.775428222507 0.185567124 2.781624880497 0 
2152 712 3.139704746904 0.066795776379 3.140415191256 10.949667653886 10539370 -15 0 15 167.831574803913 10535927 1.745154326002 0.376309156896 1.785265303289 0 
2168 712 7.031144029036 4.086302043257 8.132333659275 20.178489133791 10823226 -14 12 18.439088914586 129.413251623534 10814773 2.608094684326 0.459194760979 2.648210284498 0 
2184 712 6.013907897635 1.494561162435 6.196838005749 9.328395224769 10324240 -11 15 18.601075237738 121.625963539133 10295446 5.364249297479 0.434223936252 5.381795327984 0 
2200 712 5.067080466624 -0.834975212734 5.135415081677 13.444607004437 9819453 5.067080466624 -0.834975212734 5.135415081677 13.444607004437 9819453 5.124749218791 0.366200749089 5.137816417909 0 
2216 712 -12.199620115664 -0.158472238836 12.200649344072 173.054886817463 9812668 16 0 16 7.689339618934 9811607 1.889594448263 0.255125199492 1.906739637791 0 
2232 712 1.363833295685 -0.284859169123 1.393264513527 14.866836943696 8633224 1.363833295685 -0.284859169123 1.393264513527 14.866836943696 8633224 1.453625129801 0.077943630919 1.455713305424 0 
2248 712 3.357875727438 -0.193988838744 3.363474553267 0.825898229698 7027788.5 3.357875727438 -0.193988838744 3.363474553267 0.825898229698 7027788.5 3.816841263403 -0.165343956629 3.820420900112 0 
2264 712 4.237404686055 -0.304839640008 4.24835564419 0.295191060047 6978690.5 4.237404686055 -0.304839640008 4.24835564419 0.295191060047 6978690.5 4.93136059311 -0.329234051616 4.942338754074 0 
2280 712 4.30863348843 -0.481917937341 4.335500828734 1.452770497826 8173550.5 4 15 15.52417469626 79.997783901564 7705973 4.797183118921 -0.413726654044 4.814990718654 0 
2296 712 11.544824943091 -0.478675640984 11.554744191712 0.242880422151 9430526 -11 -2 11.180339887499 167.078015032606 9411552 5.748638895936 -0.262767285426 5.754641240092 0 
2312 712 10.152258799509 0.008949275915 10.152262743928 0.859323210541 9960327 10.152258799509 0.008949275915 10.152262743928 0.859323210541 9960327 7.785727924157 0.123644054236 7.786709649212 0 
2328 712 5.816917911433 0.030519794597 5.816997975435 1.12387347341 10227188 7 -16 17.464249196573 67.795108438881 10189348 6.625470949391 0.164756232856 6.627519137467 0 
2344 712 7.202812403133 -3.941256610083 8.210603521133 25.16855734799 9928331 -14 -4 14.560219778561 160.536431653346 9917903 2.26786797164 -0.139430749569 2.272150098633 0 
2360 712 -9.476458018728 -2.002831601216 9.685793256288 88.824441270224 9616012 7.664970884259 -3.004588190902 8.232820224773 57.837161996431 9611470 0.105148971696 -0.553404453236 0.563305241508 0 
2376 712 0.493167983118 -0.50505248638 0.705898486733 37.053164136597 9206218 0.493167983118 -0.50505248638 0.705898486733 37.053164136597 9206218 0.137313949559 -1.077164878148 1.085881805474 0 
2392 712 2.453541184866 -2.470038051882 3.481515808319 37.818021341864 8275808.5 -16 -2 16.124515496597 89.864988691527 8249642 0.124578857956 -1.016078692739 1.02368735544 0 
2408 712 0.252887922568 -1.512440404748 1.533436754253 0.759218978845 8104682 -12 15 19.209372712299 151.591752876407 7833227.5 0.066943696888 -0.370145897011 0.376150825636 0 
2424 712 0.026561020161 -0.124243036276 0.127050461845 30.249983351715 8285574.5 -16 4 16.492422502471 146.353429466204 7647632 0.034665047928 -0.038073441736 0.051490314754 0 
2440 712 0.020657652778 -0.067699963778 0.070781520991 37.432081817837 6044829 15 -15 21.213203435596 9.400882902449 4009149.75 0.027742911078 -0.019861326916 0.034119516731 0 
2456 712 0.012019694686 -0.036425702648 0.038357592126 53.580598016299 2291556 15 -15 21.213203435596 26.842371342804 355164.9375 0.02148196074 -0.007045309982 0.022607764816 0 
2472 712 0.004333181437 -0.00608855024 0.007473078709 55.911959784146 304463.9375 0.004333181437 -0.00608855024 0.007473078709 55.911959784146 304463.9375 0.015882196912 0.000374609068 0.015886614199 0 
2488 712 0 0 0 0 0 0 0 0 0 0 0.009911644996 0.002834852224 0.010309078215 0 
2504 712 0 0 0 0 0 0 0 0 0 0 0.00357030499 0.000335419485 0.003586026206 0 
2520 712 0 0 0 0 0 0 0 0 0 0 -0.002771035016 -0.002164013253 0.003515905063 0 
2536 712 0 0 0 0 0 0 0 0 0 0 -0.009112375021 -0.004663445991 0.010236362002 0 
24 728 0 0 0 0 0 0 0 0 0 0 0 0 0 0 
40 728 0 0 0 0 0 0 0 0 0 0 0 0 0 0 
56 728 0 0 0 0 0 0 0 0 0 0 0 0 0 0 
72 728 0 0 0 0 0 0 0 0 0 0 0 0 0 0 
88 728 0 0 0 0 0 0 0 0 0 0 0 0 0 0 
104 728 0 0 0 0 0 0 0 0 0 0 0 0 0 0 
120 728 0 0 0 0 0 0 0 0 0 0 0 0 0 0 
136 728 0 0 0 0 0 0 0 0 0 0 0 0 0 0 
152 728 0 0 0 0 0 0 0 0 0 0 0 0 0 0 
168 728 0 0 0 0 0 0 0 0 0 0 0 0 0 0 
184 728 0 0 0 0 0 0 0 0 0 0 0 0 0 0 
200 728 0 0 0 0 0 0 0 0 0 0 0 0 0 0 
216 728 0 0 0 0 0 0 0 0 0 0 0 0 0 0 
232 728 0 0 0 0 0 0 0 0 0 0 0 0 0 0 
248 728 0 0 0 0 0 0 0 0 0 0 0 0 0 0 
264 728 0 0 0 0 0 0 0 0 0 0 0 0 0 0 
280 728 0 0 0 0 0 0 0 0 0 0 0 0 0 0 
296 728 0 0 0 0 0 0 0 0 0 0 0 0 0 0 
312 728 0 0 0 0 0 0 0 0 0 0 0 0 0 0 
328 728 0 0 0 0 0 0 0 0 0 0 0 0 0 0 
344 728 0 0 0 0 0 0 0 0 0 0 0 0 0 0 
360 728 0 0 0 0 0 0 0 0 0 0 0 0 0 0 
376 728 0 0 0 0 0 0 0 0 0 0 0 0 0 0 
392 728 0 0 0 0 0 0 0 0 0 0 0 0 0 0 
408 728 0 0 0 0 0 0 0 0 0 0 0 0 0 0 
424 728 0 0 0 0 0 0 0 0 0 0 0 0 0 0 
440 728 0 0 0 0 0 0 0 0 0 0 0 0 0 0 
456 728 0 0 0 0 0 0 0 0 0 0 0 0 0 0 
472 728 0 0 0 0 0 0 0 0 0 0 0 0 0 0 
488 728 0 0 0 0 0 0 0 0 0 0 0 0 0 0 
504 728 0 0 0 0 0 0 0 0 0 0 0 0 0 0 
520 728 0 0 0 0 0 0 0 0 0 0 0 0 0 0 
536 728 0 0 0 0 0 0 0 0 0 0 0.001252571754 0.002424451536 0.002728901106 0 
552 728 0 0 0 0 0 0 0 0 0 0 0.003757715261 0.007273354607 0.008186703319 0 
568 728 0 0 0 0 0 0 0 0 0 0 0.003404930063 0.008982667535 0.009606345027 0 
584 728 0 0 0 0 0 0 0 0 0 0 0.000194216158 0.007552390319 0.007554887124 0 
600 728 0 0 0 0 0 0 0 0 0 0 -0.001803061164 0.006533713008 0.006777937388 0 
616 728 0.009036615987 -0.001459077103 0.009153651429 122.752641051524 27245.99609375 0.009036615987 -0.001459077103 0.009153651429 122.752641051524 27245.99609375 -0.002586901905 0.005926635601 0.00646661202 0 
632 728 -0.000731990089 -0.002009191707 0.002138378078 93.447914611692 544373 -0.000731990089 -0.002009191707 0.002138378078 93.447914611692 544373 -0.007955041499 0.003453279902 0.008672244654 0 
648 728 -0.006349652234 -0.001055121564 0.00643672005 6.601014009928 1902526 -0.006349652234 -0.001055121564 0.00643672005 6.601014009928 1902526 -0.017907479947 -0.000886354089 0.017929402155 0 
664 728 -0.005825744895 -0.007406428237 0.009423082448 45.740806442999 2854334 -0.005825744895 -0.007406428237 0.009423082448 45.740806442999 2854334 -0.059088335057 -0.006284815836 0.059421631162 0 
680 728 0.00658084315 -0.012691402902 0.014296125495 111.873311306241 2788120.5 0.00658084315 -0.012691402902 0.014296125495 111.873311306241 2788120.5 -0.131497606829 -0.012742105338 0.132113518802 0 
696 728 0.00261647733 -0.000760702112 0.002724815833 159.874073699162 2428723 0.00261647733 -0.000760702112 0.002724815833 159.874073699162 2428723 -0.166589207272 -0.01140048918 0.166978846364 0 
712 728 0.178952081514 -0.023241252673 0.18045498969 171.8124194721 2005747.875 0.178952081514 -0.023241252673 0.18045498969 171.8124194721 2005747.875 -0.164363136385 -0.002259967362 0.164378672749 0 
728 728 0.027424421244 -0.028138328224 0.039292039853 140.9272179821 1658184 0.027424421244 -0.028138328224 0.039292039853 140.9272179821 1658184 -0.128281077914 0.014986383995 0.129153500363 0 
744 728 -0.038561535567 0.003257279656 0.03869886169 29.831816830245 1405114 -16 -16 22.62741699797 79.6601099141 660810.0625 -0.058343031862 0.04033856489 0.070930312168 0 
760 728 -0.031479783319 -0.004282789137 0.031769781878 54.641578928465 1853005.125 0 15 15 43.105881133306 1001987 -0.054561290913 0.058293472287 0.079843993997 0 
776 728 0.001721949594 0.03835750149 0.038396133021 62.081090456031 2563217 -16 15 21.931712199461 12.663076916647 1568492.25 -0.11693585507 0.068851106186 0.135699922712 0 
792 728 -0.103069763591 0.064990711034 0.1218489585 11.722783914282 2815568 -4 15 15.52417469626 54.557857120244 1993304 -0.170990714915 0.063967295019 0.182564069354 0 
808 728 -0.130088676775 0.03315862032 0.134248120756 2.914389179182 2890292.75 1 15 15.033296378373 82.428698751433 2216199 -0.216725870448 0.043642038786 0.221076300112 0 
824 728 -0.078411423064 0.015918774217 0.080010990742 4.294600020842 2844339.25 -6.858323545842 11.838152654143 13.68131792344 52.733147654769 2313878 -0.204439758532 0.025759301798 0.206056197426 0 
840 728 -0.015885690562 -0.005594840591 0.016842131869 23.801162689469 2785924.75 8.348213265706 10.069815819485 13.080284988029 125.260645830765 2552686 -0.134132379164 0.010319084054 0.134528727921 0 
856 728 -0.068778936537 0.011263460026 0.069695104871 9.10433608888 2887704.75 0.178635958781 6.694362939493 6.696745924061 91.332497384444 2802658.75 -0.062572508691 0.000214107495 0.062572875001 0 
872 728 -12.100042144978 5.04310396784 13.108925110042 178.641697774389 3099619 15 5 15.811388300842 42.418843989818 3098737.25 0.01023985289 -0.004555627879 0.011207512328 0 
888 728 11.953665831454 7.329623537095 14.021893880843 146.01950051419 3307950.75 -16 7 17.464249196573 21.164234779562 3306058 -0.533292189381 0.022958990843 0.533786169281 0 
904 728 10.443095382399 7.467686042844 12.838402392836 141.633811914912 3564801 13 -16 20.615528128088 131.89211025782 3533490 -1.693168635503 0.082757963663 1.695189932958 0 
920 728 -2.421149896553 2.155176931309 3.241412412333 36.061967380907 4118426 -12.374346253799 -13.39846497529 18.238511696489 52.887313990413 4049123.25 -2.037149039218 0.200167196479 2.046959480433 0 
936 728 -1.07041130727 0.723277010111 1.291862995866 20.567409482733 5575345.5 -1.07041130727 0.723277010111 1.291862995866 20.567409482733 5575345.5 -1.565233400526 0.375186689292 1.609571573414 0 
952 728 -0.869486806316 0.226886672792 0.898601618432 6.510916506479 6845180.5 -15 -16 21.931712199461 67.983351030527 6803804.5 -1.02745142964 0.397197035317 1.101554322371 0 
968 728 0.009927942775 -0.144539620331 0.14488017771 126.062939847758 7321247 5.972831348018 10.263983264155 11.875355437153 88.062384375835 7314583.5 -0.423803126561 0.266198234554 0.500470368915 0 
984 728 -0.420723820371 -0.014870336068 0.420986531758 21.391371189442 7583958.5 -10.096285260282 11.664775002443 15.427311882327 29.755510749869 7564690 -0.660876573647 0.232305109738 0.700516601949 0 
1000 728 -1.451203682665 0.0438589617 1.451866294499 7.915141305567 7895874 -0.966932187822 12.934143265925 12.970235922269 76.078393879651 7861742 -1.7386717709 0.295517660872 1.763607160002 0 
1016 728 -3.127474172416 0.056338550777 3.127981574663 9.702713330075 8102568 9.063439315398 13.200875029866 16.012777203784 113.737930084715 8061254.5 -1.771901279442 0.335916807106 1.803461739373 0 
1032 728 -0.099407754411 0.055209286968 0.113710012772 4.118506374287 8091926 -15 15 21.213203435596 20.071497364466 8048080 -0.760565099273 0.353502548443 0.838703357563 0 
1048 728 -1.326231090411 0.036486657856 1.326732897525 19.392925581363 7992287.5 -17 15 22.671568097509 20.454842503809 7929928.5 -1.080643578359 0.41414567897 1.15728440189 0 
1064 728 -3.468756929811 0.081272131048 3.469708892313 9.390285952734 7854378.5 -2 15 15.132745950422 71.672890064887 7762524 -2.732136716699 0.517846198688 2.780779697177 0 
1080 728 -2.859500127049 0.13568929268 2.862717687922 5.85935263127 7889750.5 -2.859500127049 0.13568929268 2.862717687922 5.85935263127 7889750.5 -3.602677916288 0.543318015995 3.643416341157 0 
1096 728 -3.053518915974 0.118418125106 3.055814232339 5.347227398849 8110659.5 -19 -11 21.9544984001 37.636677574972 8080348.5 -3.692267177124 0.490561130893 3.724713026585 0 
1112 728 -3.407412857169 0.114469324725 3.409335067943 3.777890009125 8377321 -2.97949737141 -10.878873711811 11.279507871524 80.385439826783 8373279 -3.840229301579 0.383439368944 3.859324660917 0 
1128 728 -4.237642973958 0.156729561601 4.240540311118 1.021385419572 8427426 11 8 13.601470508735 140.833117683179 8422576 -4.046564289652 0.221952730148 4.05264673574 0 
1144 728 -4.182242752536 0.204394201158 4.187234341496 0.303193925043 8612039 -20 2 20.099751242242 3.215858915465 8574359 -4.127578808496 0.17983391529 4.131494530728 0 
1160 728 -4.246697136525 0.051031543196 4.247003742378 2.914111505966 9017924 -20 -16 25.612496949731 42.262396292809 8958356 -4.083272858111 0.257082924369 4.091357826417 0 
1176 728 -3.598524127358 0.02948060691 3.598644884031 4.940920810191 8123737.5 -14 -16 21.260291625469 54.224376008903 8030592.5 -3.948318327545 0.37394218934 3.965986683865 0 
1192 728 -3.188178204644 0.67859590451 3.259597009783 3.907037148369 7328728.5 5 -16 16.76305461424 115.462937980996 7282918.5 -3.722715216798 0.530411710203 3.760311844475 0 
1208 728 -3.229615258878 2.619504158161 4.158391125784 29.37959510087 7573314.5 -16 -16 22.62741699797 54.665519913412 7526669 -3.631972913205 0.61857518 3.684272315609 0 
1224 728 -3.419077236196 0.446407895452 3.448096454015 2.413698338007 7666405.5 -18 -16 24.083189157585 51.485916966269 7652967 -3.676091416764 0.63843259873 3.731118369541 0 
1240 728 -7.583726523422 0.109673637195 7.584519516011 6.700034544616 7400109.5 11 0 11 172.471428389681 7371116 -4.009436026706 0.529886434705 4.044299307164 0 
1256 728 -6.287546355187 0.298998441879 6.294651637452 0.896075383168 7329829 -13 -16 20.615528128088 54.524813162441 7266694 -4.63200674303 0.292936687925 4.641260429087 0 
1272 728 -8.123290195037 6.050956358967 10.129260409868 0.580380044517 7454127.5 15 0 15 143.898328360148 7444676.5 -0.179031687682 0.130560153176 0.221581359306 0 
1288 728 1.961530874672 -0.139047775821 1.966453064849 4.31678644062 6737226.5 7 -16 17.464249196573 66.632643949481 6649706.5 9.349489139336 0.04275683046 9.349586906014 0 
1304 728 12.855924624247 -0.136379785009 12.856647984217 0.466437157618 6304537.5 12.855924624247 -0.136379785009 12.856647984217 0.466437157618 6304537.5 11.226131927056 -0.027695593823 11.226166090415 0 
1320 728 17.575805703029 0.082554706027 17.57599958438 1.118337188365 6413318.5 -11 0 11 179.150782846832 6406987.5 5.450896675477 -0.080797119671 5.451495459163 0 
1336 728 -1.565727543588 3.174828641749 3.53992085296 122.659682316591 6640527.5 15 0 15 6.408588931972 6636119 0.802341515816 -0.090118811169 0.807386715353 0 
1352 728 0.23318564826 0.131066120746 0.267495559892 151.833574065288 6651169 9 -16 18.357559750686 118.185245049995 6481435 -2.719533551928 -0.055660668316 2.720103095484 0 
1368 728 0.751258160141 0.123599476087 0.761357769821 12.66557746489 6369779.5 15 -16 21.931712199461 43.524827180042 6160184.5 1.091094246905 -0.063347413446 1.092931631174 0 
1384 728 12.091265238784 0.221869324282 12.093300669035 1.581263246832 5778624.5 27 -16 31.38470965295 30.120638734622 5534414.5 12.234224912316 -0.113179046558 12.234748411868 0 
1400 728 16.052231902034 -0.300518303647 16.055044699019 0.6208404286 5806912.5 32.729732133352 -0.289135384552 32.731009223542 0.054454854408 5793836.5 20.492759049751 -0.161555597611 20.493395855306 0 
1416 728 24.787932968273 -0.08804368682 24.788089327949 0.258268437096 6295299.5 9 0 9 0.461775137735 6294987.5 25.866696659211 -0.208477066604 25.867536773859 0 
1432 728 23.005687946022 -0.133283814425 23.006074033719 0.42686335465 6223267 6.600632382472 -0.287039735174 6.606870640334 1.73123202627 6187673.5 22.990999396884 -0.30450190546 22.993015780405 0 
1448 728 21.980942578763 -0.331701345915 21.983445190274 1.305540909915 6130332 5.976559378738 -0.233663086571 5.981125349431 0.068837390905 6129787 11.865667262771 -0.449630114179 11.874183206872 0 
1464 728 6.915702907946 -0.213026181151 6.918983080253 0.481767029364 5987189.5 -9 -14 16.643316977093 121.452654505308 5900542.5 7.80621531447 -0.174772105501 7.808171541707 0 
1480 728 -3.415738035709 -1.743972058391 3.835192937654 155.706244153943 5715382.5 25 0 25 2.753719791115 5693574 10.812643551982 0.520072120574 10.825143675389 0 
1496 728 6.38482746112 4.144506825644 7.612027229069 24.376715486773 5461909.5 -6 2 6.324555320337 152.953436338161 5324974 10.511927266893 1.591959284085 10.63178955899 0 
1512 728 5.373791173275 3.7710974121 6.564968184653 11.288494907776 5762319 16.309945514826 -0.878771854743 16.333602256369 26.855131955743 5711488 6.904066459204 3.040889385032 7.544079925684 0 
1528 728 -4.93830678003 -0.756210871617 4.995871168879 150.428194717975 6434606 17.523586600624 -6.083981189887 18.549687718894 57.424363598439 6406396.5 4.216950262305 3.327714705029 5.371811116636 0 
1544 728 -11.234150561193 -4.407222119969 12.067715013468 156.39866828581 6976429.5 5.02479396976 5.816242820325 7.686171672785 4.153769851274 6973776.5 2.450578676196 2.452435244076 3.466954639826 0 
1560 728 2.291826326929 5.931411428347 6.358782072467 50.589656382907 7811650 -0.225804788932 -10.77311950737 10.775485683847 149.335533641248 7787747.5 -1.108675765743 1.962476055208 2.253990732193 0 
1576 728 -10.974344020469 7.225484386553 13.13940072073 17.317982854443 8839852 -14 -15 20.518284528683 63.017771885248 8794489 -6.460813063511 1.857837138425 6.722623317913 0 
1592 728 6 5 7.810249675907 129.366929916609 8826456 -25 5 25.495097567964 0.482433482893 8826339 -9.91432791402 1.896191165055 10.094029865279 0 
1608 728 -11.25971955781 0.300419546412 11.26372657802 8.73890484846 8254283 3 -14 14.317821063276 112.362002780167 8213164.5 -11.46922031727 2.077538135098 11.655864592079 0 
1624 728 -23 4 23.345235059858 5.897032489221 7775961.5 8 4 8.944271909999 137.672109390617 7775944.5 -7.760541323103 2.190576522 8.063784913198 0 
1640 728 1.994249055087 5.943503065042 6.269151296458 9.91275236157 7541037 1 -14 14.035668847618 147.453262323271 7413231.5 1.211709068484 2.235306325762 2.542603633412 0 
1656 728 5.722584133434 5.722649229898 8.093002123606 18.940823671261 6880769.5 8 -14 16.124515496597 86.314620910048 6708937.5 5.938850378769 2.904209448504 6.610928553704 0 
1672 728 6.129178742121 6.147914247148 8.681225814547 11.915073020854 6417120.5 -7 -12 13.89244398945 153.428800519729 6046766.5 6.420882607752 4.197285890225 7.671045711428 0 
1688 728 6.890014602388 6.236612577062 9.293419051 8.431240767512 6781758.5 -11 -13 17.029386365926 163.955466678469 6451445.5 5.903031415705 3.939677517078 7.096959830334 0 
1704 728 4.291302987129 5.395586251165 6.894028743855 25.582386231697 7315001.5 1 -14 14.035668847618 111.835509962422 7187073.5 4.385296802629 2.131384329062 4.87582066993 0 
1720 728 6.099678721994 5.528045067232 8.231971985915 4.463192714268 7872860.5 -10.114803861203 5.807478153231 11.663449731998 103.488716018192 7864904.5 1.334913630864 1.414038455562 1.944607712541 0 
1736 728 6.587059647414 6.170986240478 9.02609694047 108.041200434036 7534816.5 -19 6 19.924858845171 11.301135109972 7518693 -3.24811809959 1.787639896578 3.707550079058 0 
1752 728 -7.480917180928 1.110699301168 7.562921049801 14.468669474715 6675666 6.950671353224 1.110164561404 7.038771030082 148.011600574381 6663310.5 -4.694201851919 1.984235086926 5.096343778313 0 
1768 728 -11.049396296135 1.982633683853 11.225862765658 23.538639816737 6159362 4.947042873117 1.997413150422 5.335062556515 124.301982659445 6158623 -3.003337626124 2.003824026605 3.610449781688 0 
1784 728 2.577732959397 0.929624859118 2.740238965611 148.193885233503 6568566 -23 1 23.021728866443 9.48540212477 6546870 -7.003436979469 1.485427149296 7.159233432517 0 
1800 728 -3.423978631539 -0.132304150755 3.426533825536 3.684998180656 6989895.5 -32 0 32 1.472163091011 6980820 -16.694499911956 0.429044454999 16.700012169297 0 
1816 728 -18.290314845427 0.376114945073 18.29418157767 1.517758035174 7362488 -7 -16 17.464249196573 66.030906404876 6901643.5 -13.407727352671 -0.079497497065 13.407963030066 0 
1832 728 2.102512349344 0.406330301454 2.14141600186 11.744249066236 8008952.5 2 -16 16.124515496597 82.068837191099 7574973.5 2.856880698383 -0.040198706896 2.857163499142 0 
1848 728 6.061709312498 0.496568325042 6.082014459919 5.022084080481 8759995 6.061709312498 0.496568325042 6.082014459919 5.022084080481 8759995 6.187802118969 -0.036604686668 6.187910387732 0 
1864 728 -3.123296841966 0.217298381224 3.130846810293 5.132591585232 9125130 -3.123296841966 0.217298381224 3.130846810293 5.132591585232 9125130 -3.414963090915 -0.068715436381 3.415654362418 0 
1880 728 -6.211981420449 -0.027072056042 6.212040410705 0.1445325452 9589694 -6.211981420449 -0.027072056042 6.212040410705 0.1445325452 9589694 -6.169505200562 -0.042450443986 6.169651242976 0 
1896 728 -15.92104705144 -0.219479405792 15.922559794949 1.954153581093 9855983 -17 15 22.671568097509 40.259312306022 9771786 -2.075824209971 0.042190290518 2.076252916029 0 
1912 728 -0.311469543107 -0.332666488192 0.455719506549 142.248706684869 10081918 -16 15 21.931712199461 52.211532802566 10035368 0.010020855822 0.106726822082 0.107196231758 0 
1928 728 1.317271573979 -0.280753291857 1.346858125603 71.816484555538 10317166 14 15 20.518284528683 12.809985682363 10299129 0.088029996819 0.151159150708 0.174923895402 0 
1944 728 1.841004740302 0.277587904193 1.861814571425 3.605203286262 10451035 -15 0 15 175.030698587737 10450324 1.811002832311 0.157464516291 1.817835617576 0 
1960 728 2.8216252769 0.432937489289 2.854646050366 7.333432743272 10375532 2.8216252769 0.432937489289 2.854646050366 7.333432743272 10375532 5.1789393623 0.125642918831 5.180463209157 0 
1976 728 5.212581478367 0.160101523632 5.215039613128 0.663412245253 10090952 5.212581478367 0.160101523632 5.215039613128 0.663412245253 10090952 5.126724689177 0.098065999697 5.127662525841 0 
1992 728 8.955117204046 0.171369161997 8.956756752748 1.490208494549 9970054 -15 0 15 177.413487436078 9969629 1.654358812945 0.07473375889 1.656045958506 0 
2008 728 0.306159714012 -1.218215439963 1.256098176358 88.249003291562 9641579 -16 0 16 167.643690696216 9636960 0.296304700474 0.064909984777 0.303331141901 0 
2024 728 -15 1 15.033296378373 172.457275961937 9304644 16 1 16.031219541881 0.152314828776 9304551 1.052562351766 0.068594677358 1.054795114757 0 
2040 728 7.802080500741 3.851557640173 8.700974450923 13.508470790497 9253346 17 -16 23.345235059858 56.029432410372 9241545 2.934050919624 0.664722827009 3.008406760345 0 
2056 728 5.723461856266 1.088767895767 5.826099136728 6.555311030076 8782347 -7 16 17.464249196573 96.303441683201 8773604 5.940770404048 1.853294433732 6.223138537082 0 
2072 728 7.37800978036 0.627353897523 7.40463376757 11.71809723496 8086012 -9 -5 10.295630140987 167.523675900895 8055842.5 7.148955939803 2.128245747856 7.459021450064 0 
2088 728 6.129450687471 0.185593985131 6.132259849146 11.061494959575 7398875 21 -5 21.587033144923 26.188324977262 7369260.5 6.558607526888 1.489576769382 6.725635408171 0 
2104 728 8.248023270631 0.034836971679 8.24809684033 8.603265320055 7532422.5 -11 15 18.601075237738 117.408575091045 7453800 5.509361491565 0.857351369484 5.575671745673 0 
2120 728 10.166969415933 -0.053182036266 10.167108508986 3.611988716985 7608877.5 -12 -2 12.165525060596 173.849962800981 7559872 4.001217833832 0.231569548162 4.007913248739 0 
2136 728 3.591417186416 0.02467099316 3.591501923261 3.522958771965 7537534.5 -15 0 15 176.870624450795 7531231 1.89191217626 -0.103435156515 1.894737584544 0 
2152 728 1.273033437179 -0.245921672367 1.296569165574 158.840555594153 8185684 2 15 15.132745950422 107.82049841326 7956653 -0.818555481152 -0.147662744549 0.831767612889 0 
2168 728 -2.71794748277 -3.333527867382 4.301121546958 70.754742183639 8913494 -10 15 18.02775637732 177.873051928142 8797916 0.446123144621 -0.726209817746 0.852294878289 0 
2184 728 10.977268919335 -4.336240668974 11.80268681558 3.631606910607 9214998 1 14 14.035668847618 103.83778702872 9137129 5.685948053579 -1.839076376109 5.975969141918 0 
2200 728 -7.297405885178 -2.535693592673 7.725404497433 135.601266122026 9182291 8.927782640862 -2.348055794184 9.231395825934 10.502084446762 9182208 5.11756057616 -2.412231401781 5.657586639761 0 
2216 728 -12.134761222345 -2.824410722786 12.459122194373 49.657958783221 9124674 14 -3 14.317821063276 105.144760973903 9121823 -1.259039287636 -2.445674894765 2.750728197895 0 
2232 728 -1.702177868551 -2.83950787731 3.310621464543 21.51513635917 8291424.5 8 14 16.124515496597 157.288647485288 8137568.5 -2.568012981299 -1.973624086783 3.238808840924 0 
2248 728 1.155383952897 -0.269045669792 1.186295768789 26.807129506599 6565554.5 1.155383952897 -0.269045669792 1.186295768789 26.807129506599 6565554.5 1.190639495171 -0.996078977836 1.552351679726 0 
2264 728 2.746664012235 -0.635956652364 2.819326880621 3.415708514377 5120606.5 2.746664012235 -0.635956652364 2.819326880621 3.415708514377 5120606.5 3.483159853986 -0.590427668497 3.53284692566 0 
2280 728 4.253015812322 -2.909980428717 5.153263974936 24.422066221039 5313067.5 3 15 15.297058540778 88.648550116487 5242811.5 4.309548095146 -0.756670158768 4.375471918953 0 
2296 728 12.073837765681 -0.218371266993 12.075812370281 5.849074228081 6149189.5 -10 0 10 173.114769065494 6062254 6.297531559216 -0.760438027457 6.343277522931 0 
2312 728 15.543458266877 0.200148199235 15.544746836016 4.382255608938 6274076 15 -16 21.931712199461 43.203093527421 5503760 9.447110246198 -0.601731274563 9.46625440872 0 
2328 728 7.953000544447 -0.736460587541 7.987026471534 1.751129314744 6902148.5 19 -17 25.495097567964 34.778447572979 6362797 8.239172984657 -1.017733931311 8.301792205665 0 
2344 728 1.980099059649 -1.791973702082 2.670573353229 5.231682483759 7459363.5 17 -18 24.75883680628 9.723417995708 7203020 2.673719774593 -2.008445997701 3.344044371525 0 
2360 728 0.205689389651 -1.883541512416 1.894739231137 7.418704775448 7995262 0.205689389651 -1.883541512416 1.894739231137 7.418704775448 7995262 -0.045905261064 -2.216438696518 2.216914023686 0 
2376 728 0.032490108533 -1.316311768822 1.316712679324 1.3862392939 8279974.5 15 -6 16.155494421404 65.398424642908 8261475.5 0.080297877687 -1.641712027764 1.643674581925 0 
2392 728 0.084439325704 -2.583452570132 2.584832138041 4.981418565143 7951892.5 0.084439325704 -2.583452570132 2.584832138041 4.981418565143 7951892.5 0.1230274247 -1.023616628046 1.030983389022 0 
2408 728 0.159096697689 -3.296330976403 3.30016812681 10.037430585538 7038219.5 -15 15 21.213203435596 147.800654620728 6914910.5 0.082283379974 -0.362152497364 0.371382533201 0 
2424 728 3.379585986156 -1.934343358745 3.894006377414 6.105444317716 6987096 -16 -2 16.124515496597 149.19528736377 6935204.5 0.052499741485 -0.02302358967 0.057326333716 0 
2440 728 0.081695889356 -0.018338539695 0.083728850319 2.170844443488 7867316.5 -10 15 18.02775637732 134.170875649984 7585919.5 0.033676509233 -0.006229904964 0.034247904899 0 
2456 728 0.036162378248 0.001207452463 0.036182530895 6.284110185261 6701101.5 15 -16 21.931712199461 55.044101242698 4525955.5 0.021945344137 0.003161000481 0.022171830175 0 
2472 728 0.001880923744 0.006161880636 0.006442565258 56.455789411343 3125946 -16 14 21.260291625469 122.244756417553 699880.8125 0.017306246198 0.005149126667 0.018056014591 0 
2488 728 0.007315880354 0.009287166417 0.011822587086 30.115141706805 572301.9375 0.007315880354 0.009287166417 0.011822587086 30.115141706805 572301.9375 0.011416904853 0.004533164526 0.012283944686 0 
2504 728 0 0 0 0 0 0 0 0 0 0 0.004277320101 0.001313114061 0.004474341939 0 
2520 728 0 0 0 0 0 0 0 0 0 0 -0.00286226465 -0.001906936405 0.003439326298 0 
2536 728 0 0 0 0 0 0 0 0 0 0 -0.010001849402 -0.005126986871 0.011239349885 0 
24 744 0 0 0 0 0 0 0 0 0 0 0 0 0 0 
40 744 0 0 0 0 0 0 0 0 0 0 0 0 0 0 
56 744 0 0 0 0 0 0 0 0 0 0 0 0 0 0 
72 744 0 0 0 0 0 0 0 0 0 0 0 0 0 0 
88 744 0 0 0 0 0 0 0 0 0 0 0 0 0 0 
104 744 0 0 0 0 0 0 0 0 0 0 0 0 0 0 
120 744 0 0 0 0 0 0 0 0 0 0 0 0 0 0 
136 744 0 0 0 0 0 0 0 0 0 0 0 0 0 0 
152 744 0 0 0 0 0 0 0 0 0 0 0 0 0 0 
168 744 0 0 0 0 0 0 0 0 0 0 0 0 0 0 
184 744 0 0 0 0 0 0 0 0 0 0 0 0 0 0 
200 744 0 0 0 0 0 0 0 0 0 0 0 0 0 0 
216 744 0 0 0 0 0 0 0 0 0 0 0 0 0 0 
232 744 0 0 0 0 0 0 0 0 0 0 0 0 0 0 
248 744 0 0 0 0 0 0 0 0 0 0 0 0 0 0 
264 744 0 0 0 0 0 0 0 0 0 0 0 0 0 0 
280 744 0 0 0 0 0 0 0 0 0 0 0 0 0 0 
296 744 0 0 0 0 0 0 0 0 0 0 0 0 0 0 
312 744 0 0 0 0 0 0 0 0 0 0 0 0 0 0 
328 744 0 0 0 0 0 0 0 0 0 0 0 0 0 0 
344 744 0 0 0 0 0 0 0 0 0 0 0 0 0 0 
360 744 0 0 0 0 0 0 0 0 0 0 0 0 0 0 
376 744 0 0 0 0 0 0 0 0 0 0 0 0 0 0 
392 744 0 0 0 0 0 0 0 0 0 0 0 0 0 0 
408 744 0 0 0 0 0 0 0 0 0 0 0 0 0 0 
424 744 0 0 0 0 0 0 0 0 0 0 0 0 0 0 
440 744 0 0 0 0 0 0 0 0 0 0 0 0 0 0 
456 744 0 0 0 0 0 0 0 0 0 0 0 0 0 0 
472 744 0 0 0 0 0 0 0 0 0 0 0 0 0 0 
488 744 0 0 0 0 0 0 0 0 0 0 0 0 0 0 
504 744 0 0 0 0 0 0 0 0 0 0 0 0 0 0 
520 744 0 0 0 0 0 0 0 0 0 0 0 0 0 0 
536 744 0 0 0 0 0 0 0 0 0 0 0.000417523918 0.000808150512 0.000909633702 0 
552 744 0 0 0 0 0 0 0 0 0 0 0.001252571754 0.002424451536 0.002728901106 0 
568 744 0 0 0 0 0 0 0 0 0 0 0.001134976688 0.002994222512 0.003202115009 0 
584 744 0 0 0 0 0 0 0 0 0 0 0.000064738719 0.00251746344 0.002518295708 0 
600 744 0 0 0 0 0 0 0 0 0 0 -0.000581886452 0.002171419011 0.002248032999 0 
616 744 0 0 0 0 0 0 0 0 0 0 -0.000804898828 0.001956089226 0.002115217999 0 
632 744 0 0 0 0 0 0 0 0 0 0 -0.00392752937 0.000570998074 0.003968819189 0 
648 744 0 0 0 0 0 0 0 0 0 0 -0.009949778079 -0.001983854445 0.010145627742 0 
664 744 0 0 0 0 0 0 0 0 0 0 -0.023837198915 -0.004448589053 0.024248752477 0 
680 744 0 0 0 0 0 0 0 0 0 0 -0.045589791879 -0.006823205752 0.046097562412 0 
696 744 -0.003440683883 -0.003440683883 0.004865861811 38.793127315901 24488.998046875 -0.003440683883 -0.003440683883 0.004865861811 38.793127315901 24488.998046875 -0.05925261276 -0.006444085005 0.05960199955 0 
712 744 -0.00427049426 -0.000419217355 0.004291021372 2.682467418753 123805 -0.00427049426 -0.000419217355 0.004291021372 2.682467418753 123805 -0.064825661557 -0.003311226811 0.064910173466 0 
728 744 -0.012085865897 0.001494979637 0.012177976786 3.791305070277 281806 -0.012085865897 0.001494979637 0.012177976786 3.791305070277 281806 -0.053608766155 0.003053667983 0.053695667394 0 
744 744 -0.00341691479 0.000956605193 0.00354829539 10.655003685609 401672 -0.00341691479 0.000956605193 0.00354829539 10.655003685609 401672 -0.025601926554 0.012650599379 0.028556895979 0 
760 744 -0.003613103371 0.008710021098 0.009429686289 36.632967853735 678706 -0.003613103371 0.008710021098 0.009429686289 36.632967853735 678706 -0.044881509215 0.026794377327 0.052271297341 0 
776 744 -0.030772992253 0.070852925739 0.077247097926 44.321815012722 1048798 -0.030772992253 0.070852925739 0.077247097926 44.321815012722 1048798 -0.111447514137 0.045485001828 0.120372064029 0 
792 744 -0.093675952773 0.139678344496 0.168182115723 36.74410190152 1208179.75 -0.093675952773 0.139678344496 0.168182115723 36.74410190152 1208179.75 -0.143565742495 0.050579805562 0.152215108149 0 
808 744 -0.151881503163 0.099243983735 0.18143141765 16.571338798146 1160848 -0.151881503163 0.099243983735 0.18143141765 16.571338798146 1160848 -0.141236194289 0.042078788531 0.14737125575 0 
824 744 -0.062105697728 -0.041668992595 0.07478918795 48.127518093484 1061014 -0.062105697728 -0.041668992595 0.07478918795 48.127518093484 1061014 -0.115147760101 0.02928318817 0.118812927604 0 
840 744 0.002129070237 -0.109345824917 0.109366550494 101.692030387937 1079081.875 0.002129070237 -0.109345824917 0.109366550494 101.692030387937 1079081.875 -0.065300439933 0.01219300448 0.066429035923 0 
856 744 -0.035631715083 -0.05957711366 0.069419389164 85.980648771797 1302553 -0.035631715083 -0.05957711366 0.069419389164 85.980648771797 1302553 -0.019135398528 0.009692548438 0.021450150863 0 
872 744 0.035595887542 0.053269741841 0.064068187158 13.235185975674 1769295 0 15 15 46.986809947727 848888 0.023347364112 0.021781820043 0.031930347561 0 
888 744 0.006325567502 0.079301018542 0.079552902813 80.843804528871 2493079.75 -16 5 16.76305461424 3.637199622756 2309065 -0.159926763877 0.039035699791 0.164621856575 0 
904 744 -0.243631569599 10.109576115752 10.112511339024 82.454767079069 3415784.75 0 -16 16 96.164724068793 3266481.75 -0.568957782496 0.061454187681 0.572267049066 0 
920 744 -0.238543947721 4.737418473881 4.743420391623 79.276257022384 4577379 0 -16 16 97.841154505554 4535332 -0.696988795411 0.095985667314 0.703567075166 0 
936 744 -0.161857167842 0.697594419523 0.716125489654 62.246205454777 5832007.5 14 -16 21.260291625469 145.876979097326 5733783 -0.544019802622 0.14263013869 0.562406349633 0 
952 744 -0.133739101534 0.091731888884 0.162175481246 12.977768488458 6332859.5 14.019893673129 -15.24284266652 20.709941360664 154.075413377355 6237444.5 -0.362254308662 0.142465954392 0.389261778634 0 
968 744 -9.384496884792 0.60021825369 9.403671821833 28.531606223333 6403924.5 15 1 15.033296378373 143.994751997498 6399972 -0.151692313532 0.095493114422 0.179247016395 0 
984 744 -5.480541058208 0.953022787005 5.562785518358 11.659297565594 6524038 -15 -16 21.931712199461 68.371549957778 6431662.5 -0.231079800561 0.091136305181 0.248402295379 0 
1000 744 -1.475007067658 0.887916627324 1.721639273111 18.885087395241 6680667.5 -4 -16 16.492422502471 88.125536995239 6529141 -0.60041676975 0.12939552667 0.614201513934 0 
1016 744 -1.5 0.687449718844 1.650026398558 6.222141143258 6790344 -1.5 0.687449718844 1.650026398558 6.222141143258 6790344 -0.612530581011 0.203759862062 0.645532178951 0 
1032 744 0.007698035572 0.811652221384 0.811688726194 40.942461756892 6914581 0.007698035572 0.811652221384 0.811688726194 40.942461756892 6914581 -0.267421234343 0.314229311356 0.412618681949 0 
1048 744 -2.375015022118 1.039702604611 2.592619883694 3.915199017897 6924777.5 0 -16 16 117.557403677984 6765804 -0.710704931999 0.370875042791 0.801654412907 0 
1064 744 -2.108704739648 2.138676194086 3.003426633391 34.514159831898 6749547.5 0 -16 16 100.890138574661 6605936.5 -1.942381673978 0.373697056365 1.97800304786 0 
1080 744 -4.854266076256 2.12156424299 5.297634753003 14.678012623599 6520895.5 12 -16 20 135.799690171744 6423173.5 -2.861184838218 0.449573948304 2.896289939464 0 
1096 744 -5.874472519545 2.126643640015 6.247562769153 10.10690566317 6642215.5 3 -16 16.2788205961 110.41373503681 6559696 -3.467114424718 0.598505718607 3.518393316458 0 
1112 744 -5.692601624633 1.97173365715 6.024404275238 11.070423778269 7243868.5 3 -16 16.2788205961 108.653667543255 7165819 -3.871032379734 0.546381651643 3.909402076303 0 
1128 744 -4.259377524165 0.213484564706 4.26472420594 1.248167447886 7598871 -4.259377524165 0.213484564706 4.26472420594 1.248167447886 7598871 -4.072938703265 0.293201747412 4.083478534931 0 
1144 744 -4.488643290565 -0.018927832482 4.488683198086 3.434306922031 8485410 -12 -16 20 56.322804314856 8381446 -4.112205961928 0.229382581444 4.118598577427 0 
1160 744 -3.76423013169 0.207921735278 3.769968160651 1.923166394512 8285039 12 8 14.422205101856 141.225178209099 8169829 -3.988834155722 0.354924153739 4.004593497068 0 
1176 744 -4.314075193892 1.783101264617 4.66805043872 13.433806514939 7070616.5 12 3 12.369316876853 156.941189117013 7049152 -3.753640454457 0.596033893234 3.800667449702 0 
1192 744 -3.19115291048 2.403023830181 3.99474410025 21.356313058246 7123194 -11 -16 19.416487838948 71.115892973643 7079543 -3.406624858133 0.952711799928 3.537336949991 0 
1208 744 -4.532230425965 1.368869554433 4.734439406212 7.132854287281 7411706 13 -15 19.849433241279 154.853128838398 7378544 -2.760986594773 1.225735247971 3.020839928668 0 
1224 744 -1.130345951666 1.735031862911 2.070752891043 19.000253389534 7203054 -1 -15 15.033296378373 124.102061342791 7173105.5 -1.816725664378 1.415104237363 2.302826989205 0 
1240 744 -1.391145748929 2.853513411873 3.174559069619 23.151156811776 6514036 14 3 14.317821063276 127.046573631473 6498431.5 -1.39240903821 1.204385549307 1.841018055607 0 
1256 744 -4.901356788907 0.325705356986 4.9121667675 17.945266923964 5701051 6 -16 17.088007490635 132.303146336819 5607396.5 -1.48803671627 0.593579183805 1.602057900456 0 
1272 744 -14 0 14 174.810982419974 5082708.5 17 0 17 5.189017580026 5082150 2.606138087298 0.236673474255 2.616862637488 0 
1288 744 17.781595404641 0.061731097565 17.781702558044 0.504320752377 4484297.5 -6 0 6 179.296770372153 4454387.5 10.890115372494 0.133668420658 10.890935683995 0 
1304 744 -7.71538621566 0.191520743914 7.717762930549 177.928358048465 4286055.5 16.068177371758 -0.21559201699 16.069623641146 1.418378304403 4285767 6.568145575674 0.074478395183 6.568567829793 0 
1320 744 -18.028616993745 -0.334316515943 18.031716452961 1.389225475441 4127376.5 -10 15 18.02775637732 55.983058606615 4102747.75 -10.359771303163 0.05910339783 10.359939896808 0 
1336 744 -28.27030242095 -10.702995425745 30.22853139098 21.031645726442 4480525 -3 -15 15.297058540778 78.985297575249 4461906 -18.932363985784 0.097554344628 18.932615322252 0 
1352 744 -35 -14 37.696153649942 22.369366724261 4700520 -4 -15 15.52417469626 75.636540059771 4699632 -19.149632472188 0.189831235578 19.150573352197 0 
1368 744 -16.902030023898 -11.620486941672 20.511322134137 35.824704691011 4508204.5 -8 15 17 60.612116985055 4502079 -8.308980285004 0.190791028681 8.31117047071 0 
1384 744 -3 12 12.369316876853 103.612807393141 4181810.75 2 -16 16.124515496597 83.298419725884 4154324.75 13.589592575769 0.100433723938 13.589963697828 0 
1400 744 31.715194048867 -0.108746589337 31.715380486098 0.215408938738 4271588 9 0 9 0.01895117221 4172779 25.179841938225 0.008328493698 25.179843315593 0 
1416 744 30.692041763661 0.055137503633 30.69209129021 0.288110167558 4304903 22 15 26.627053911389 34.47205678657 4265764 26.461767802366 -0.08552466204 26.461906010228 0 
1432 744 26 15 30.016662039607 31.164055387074 4444215.5 24.297048050413 0.199790876952 24.297869461304 1.653539753927 4441543.5 22.083415882701 -0.455801324782 22.088119247595 0 
1448 744 9.32425195565 11.454869113126 14.770094817952 56.084355229505 4382568 8 -17 18.788294228056 59.568966411872 4336132 12.044786179229 -1.102501494528 12.095138843717 0 
1464 744 6.828246488541 12.242435071294 14.017923048124 63.877525789811 4423203.5 -2 -16 16.124515496597 94.096796318845 4397326 7.533013762118 -0.398509063055 7.543547296438 0 
1480 744 7.976238827252 7.35893776491 10.852389177374 31.729784968007 4854909 2 -15 15.132745950422 93.37043612651 4784400 8.548098631368 1.656175969636 8.707060873452 0 
1496 744 7.182013169603 8.412866289651 11.061538427177 24.301567571848 5651755.5 -8 8 11.313708498985 109.788753264867 5567447 8.142482334674 3.833513750832 8.999769233058 0 
1512 744 6.185862223964 9.869270855983 11.647634896519 13.761913176409 5808642.5 -7.190221371252 11.387805364928 13.467790999161 78.108753310999 5774593.5 6.316164872036 6.133504280532 8.804192947116 0 
1528 744 4.919980831816 9.362979932467 10.576937392327 8.123238549821 6075241.5 3 -10 10.440306508911 127.456862436584 5976546.5 5.027202145488 6.959144416675 8.585013245403 0 
1544 744 5.832153560477 7.797198384466 9.737058991282 2.67642648137 6912027.5 5.704518043496 -8.297345454482 10.06913440667 111.371689307559 6892663.5 4.275594155031 6.310434159262 7.622485464527 0 
1560 744 -7.613940274879 -7.214773522048 10.489282315004 153.648593741357 7427221 17 -10 19.723082923316 100.275007020029 7400039.5 2.215100190331 6.023535497485 6.417916230574 0 
1576 744 -15.795070631193 6.054812687194 16.915821378857 58.308561290037 7802252 14 6 15.231546211728 77.519242145134 7799062 -1.154279748611 6.098448431343 6.206724982453 0 
1592 744 5.685859108321 6.132625010643 8.362899217427 59.613741455259 6939040.5 -17 6 18.02775637732 53.781342195851 6856652.5 -1.897620775615 6.293708787336 6.573563334132 0 
1608 744 7.728282366213 7.581855827527 10.826397652096 45.677326987485 5927192 -16 8 17.888543819998 63.305583374523 5885428 -0.014922890679 6.609316565464 6.609333412318 0 
1624 744 2.47297229761 7.93637922353 8.312743660455 0.088602254321 5538766.5 -8 -10 12.806248474866 158.735805321607 4968286.5 2.061184725073 6.579013478294 6.894338316216 0 
1640 744 5.565576007538 7.713034523061 9.511389901041 0.891314569507 5530581 -9.772134944738 7.728295756945 12.458779100898 86.583450390664 5523622.5 4.330702071642 6.202799525824 7.565031552538 0 
1656 744 5.964783360358 7.19476868813 9.345765726344 4.689094429997 5238416 5.964783360358 7.19476868813 9.345765726344 4.689094429997 5238416 5.834738951675 5.968788092169 8.346892231449 0 
1672 744 6.221987531217 6.69563921444 9.140279718289 5.301019122648 4769264 12.487229959957 -9.933066531842 15.956087327376 80.299682893925 4643279.5 6.573295365173 5.876979177329 8.817431383831 0 
1688 744 7.196729750965 6.118924186837 9.446383028053 3.42732836176 4689122 -10 -11 14.866068747319 176.073428408399 4590950.5 5.54521332269 5.317619973559 7.682868798654 0 
1704 744 2.32883286266 4.653243739283 5.20347382038 6.074440221942 5004865.5 -11 -12 16.2788205961 170.150819495009 4967752.5 2.750492824226 4.29071048086 5.096607421283 0 
1720 744 3.251611839892 4.472881847167 5.529887121455 21.677578162122 5663053 -12.280510736461 4.464326665597 13.066795954843 84.360428164369 5645452 1.110123957633 4.343114524147 4.48274681096 0 
1736 744 3.909727449836 5.411032301934 6.675720133781 29.346503767333 5719815 15 -11 18.601075237738 119.750445029684 5647664.5 0.624106722911 5.474832103421 5.510289988941 0 
1752 744 6.478979406592 6.566083537673 9.224458096536 38.551473842096 5234611 -12.071214307461 5.689794845276 13.344960855618 70.829003468309 5226416 0.641074881377 6.032608108832 6.066575442395 0 
1768 744 4.584431055365 7.786216557175 9.035606032615 19.566624398026 4416843 -7.608096867532 8.780434186191 11.61805329837 51.83081557706 4382845.5 1.161028433032 6.016442540381 6.127443827895 0 
1784 744 2.071334347257 6.206008093785 6.542550147935 64.570573268365 3979517 -20 8 21.540659228538 22.085106762 3949935.25 -4.657459391558 4.479862702373 6.462282709394 0 
1800 744 -16.226106983291 2.779968777987 16.462526362615 4.884955466998 4077776.75 -32 4 32.249030993194 2.288051816297 4048929 -16.814388592394 1.42286859481 16.874484252093 0 
1816 744 -0.770572598093 -11.212308308633 11.238756147225 85.747803343434 4451618.5 -28 -10 29.732137494637 19.33313214056 4440726 -12.109140618343 -0.067777140122 12.109330297565 0 
1832 744 15.579338745129 -11.560270010073 19.399887588367 36.624375865291 4964768 -0.865131369176 0.390160135383 0.949040155723 155.677391397012 4950276.5 9.458284530595 0.007925497577 9.45828785115 0 
1848 744 9.00708248319 1.655485631804 9.157956515298 10.337381210065 5266942 -0.58768232406 -11.06783732473 11.083428781776 93.116692623834 5213058.5 9.262999582825 0.012487996825 9.263008000724 0 
1864 744 -11.899803421342 0.35889319325 11.905214226999 1.971612564033 5334114.5 -21.854365439225 -11.501507675168 24.696112397565 27.512799865462 5215550 -12.694995461654 -0.054089642379 12.695110691161 0 
1880 744 -16.97303634216 0.442845403332 16.978812523953 1.61938821549 5944456 -17 15 22.671568097509 41.548482282194 5664765.5 -17.733630479096 -0.038632094659 17.733672558381 0 
1896 744 -3.178604721314 3.31497564721 4.592667146218 45.626900797231 6754203.5 -5 -16 16.76305461424 73.222159719021 6445271 -5.852905469501 0.058860639983 5.853201432537 0 
1912 744 3.422113563905 3.793003357261 5.108594299067 1.344739166332 7101689.5 4 -16 16.492422502471 125.251168993086 6781283.5 0.080546827628 0.093602722822 0.123487898843 0 
1928 744 -11.38238383532 0.327707338998 11.387100327765 133.841131510685 7676830 0 -16 16 134.509735726931 7389010.5 0.066726412289 0.065594153857 0.093568195009 0 
1944 744 11.108049134411 0.208509088805 11.110005923158 0.413332919821 8057793.5 11.108049134411 0.208509088805 11.110005923158 0.413332919821 8057793.5 2.753667559756 0.031819401279 2.753851394674 0 
1960 744 8.049146685831 0.082908065473 8.049573660595 0.644479987106 8656280 16 -16 22.62741699797 44.945658873811 8548457 8.141370270029 -0.007721534912 8.141373931703 0 
1976 744 7.434313667191 -0.054558193843 7.43451385759 0.160789124659 8783426 7.434313667191 -0.054558193843 7.43451385759 0.160789124659 8783426 6.735441211183 -0.030527034445 6.735510389654 0 
1992 744 8.505340082345 0.160365295061 8.50685176456 179.648298741009 8663830 -17 0 17 1.431865711906 8660146 -1.464119616779 -0.036597097318 1.464576935422 0 
2008 744 9.809367045453 0.47494690447 9.820858231055 177.022346186551 8493138 -19 0 19 0.205689181953 8492464 -3.995881399622 0.014345089885 3.995907148752 0 
2024 744 3.496497433012 4.118146999791 5.402279982651 122.23765853708 8440405 7 -16 17.464249196573 121.724517441647 8426228 -0.859844137345 0.122299527166 0.868498195088 0 
2040 744 10.853226037368 0.785246536884 10.881595817797 16.521638644379 8766479 1.694116854494 -9.133763014837 9.28954566854 100.152134247941 8765678 2.338335491114 0.881711762845 2.499045518142 0 
2056 744 5.252686793434 -10.60742838007 11.836733307304 85.924371276138 8846975 -3 17 17.262676501632 77.739480001645 8844679 5.598657485756 2.292581796923 6.049867514119 0 
2072 744 7.976755580217 3.139651244854 8.572399869689 1.659350330256 8551549 -9 11 14.212670403552 106.145456092651 8520386 7.203551522324 3.079108299764 7.834032324189 0 
2088 744 7.214364642706 2.908257030545 7.778497036937 2.421635912709 7755400 22 3 22.203603311175 16.611835375432 7714292.5 7.153017600817 3.241291271368 7.853128669737 0 
2104 744 8.42050884119 3.682117348146 9.190373077851 0.238214828646 7554364.5 -11 15 18.601075237738 102.873271438069 7491868.5 5.626782732014 2.43266075672 6.130132320805 0 
2120 744 8.9066290004 7.268302387226 11.495923614174 25.241651774148 6658126 11 -16 19.416487838948 69.466174585081 6589555 2.624846915914 0.653216755822 2.704905444201 0 
2136 744 -0.329994670509 0.36721248052 0.49370182136 68.806905759816 5252062.5 5 -16 16.76305461424 86.602740722866 5109269 -0.626468936886 -0.237363901754 0.669929063961 0 
2152 744 -3.798294813998 -0.518701425902 3.833548573225 4.460940458341 4962881.5 11 -3 11.401754250991 161.429517522336 4883250.5 -4.127164826388 -0.239081216008 4.134083856433 0 
2168 744 -10.444726757234 -2.131368811138 10.659974204583 34.960063412368 6333062 -0.739710137687 12.978912717808 12.999974862447 133.231645603002 6223262.5 -1.784441433562 -1.879987531827 2.59202321549 0 
2184 744 -9.358206641902 -5.276276317609 10.743143084419 111.714636308961 7625928.5 21 -5 21.587033144923 25.47800735715 7625504 6.40170124159 -5.160082849212 8.22242262337 0 
2200 744 11.65653167068 -5.84987766263 13.042078026806 30.358975755615 7994940.5 8 -22 23.409399821439 13.007946057835 7829951 4.434153406315 -6.830332399049 8.143411883986 0 
2216 744 -4.282165811623 -5.822960184816 7.227987918652 11.796299104612 7934532.5 -20.171026110014 -5.776362162698 20.981817227436 25.893101401878 7928345 -7.687084939388 -6.890736181339 10.323445160709 0 
2232 744 -9.874615316167 -5.184880146546 11.153071764153 0.293042705347 7361816 -9.874615316167 -5.184880146546 11.153071764153 0.293042705347 7361816 -10.055429169693 -5.345605716533 11.38802688192 0 
2248 744 -2.087441667621 -0.393306946348 2.124171148888 28.743189338924 6876877 -2.087441667621 -0.393306946348 2.124171148888 28.743189338924 6876877 -2.670879284599 -2.194941004631 3.457074220597 0 
2264 744 0.941195583093 2.642752065876 2.805349819065 103.405925621246 6786706.5 -15 -16 21.931712199461 100.143502982192 6576908 1.233904085413 -0.801578803789 1.471410163987 0 
2280 744 2.055811838955 -0.911665291495 2.248887707491 11.175727536874 5669734 16 -16 22.62741699797 9.90901843765 5580334 1.658920940345 -1.165519114005 2.027425335598 0 
2296 744 10.317223377868 6.788593680406 12.350307785091 53.793512633029 4224518 -7.071505480697 -11.436790543607 13.446425833725 101.279865464207 4188391.25 4.233733804333 -1.578645765829 4.518475891262 0 
2312 744 15.996764609816 1.70860210087 16.087753078692 18.931103568091 3646217.5 -8 2 8.246211251235 178.798255715447 3641007 8.958342677376 -2.040958759261 9.187895089862 0 
2328 744 8.043442517799 -1.540662976524 8.18966482491 11.242646332642 3988577.5 -4.311991024427 -9.810836124165 10.71661196694 91.64021636926 3968188 8.371756706795 -3.397018490902 9.034713331661 0 
2344 744 1.734865647077 -5.003326819516 5.295567776574 4.535492237729 4786375.5 1.734865647077 -5.003326819516 5.295567776574 4.535492237729 4786375.5 2.473975892588 -5.646824960751 6.164997068489 0 
2360 744 9.663597719463 -5.28767315184 11.015652874174 65.156853260286 5566506.5 9.663597719463 -5.28767315184 11.015652874174 65.156853260286 5566506.5 -0.349891913567 -5.208482901944 5.22022207296 0 
2376 744 -0.078718122248 -2.735438604459 2.736571011601 1.097292537767 6238063.5 0 13 13 177.254353234726 5788462.5 -0.099846711672 -2.081992314479 2.084385128372 0 
2392 744 -0.021783679684 -1.886061619068 1.886187413705 6.706993791031 7288028 -0.021783679684 -1.886061619068 1.886187413705 6.706993791031 7288028 0.041018502668 -0.387321118334 0.389487055329 0 
2408 744 0.287947795267 -0.3035307212 0.418383593741 13.201237032757 7943568.5 -14 15 20.518284528683 167.264547654754 7893908.5 0.072703729453 -0.12446931351 0.144147293703 0 
2424 744 7.65964544166 -0.152204963315 7.661157526301 8.243961757764 8340276 -16 0 16 172.894413973317 8319986 0.071792441421 0.008949329336 0.072348083187 0 
2440 744 0.254179829452 -0.156050602973 0.298260249427 50.215339678463 9353915 -16 0 16 161.331996770621 9284113 0.038284638574 0.012934810203 0.04041067762 0 
2456 744 0.093683016812 0.011130863727 0.094341951253 27.365850039468 9923184 -16 3 16.2788205961 135.238712915216 9700348 0.019292793672 0.013082657753 0.023310251426 0 
2472 744 0.001012711433 0.01367284228 0.013710295418 53.392177625657 7897022 15 -15 21.213203435596 77.371809740112 5525495.5 0.014816906717 0.009392871985 0.017543282725 0 
2488 744 0.001965998918 0.010970346745 0.011145118189 47.892697102925 3244220 -16 14 21.260291625469 106.866912051981 302082.125 0.009698444899 0.006047832202 0.011429615383 0 
2504 744 -0.00127784683 0.004619789139 0.004793260291 67.721866241195 224818.984375 -0.00127784683 0.004619789139 0.004793260291 67.721866241195 224818.984375 0.003937408217 0.003047538404 0.004979023378 0 
2520 744 0 0 0 0 0 0 0 0 0 0 -0.001823628464 0.000047244607 0.001824240342 0 
2536 744 0 0 0 0 0 0 0 0 0 0 -0.007584665145 -0.002953049191 0.008139265623 0 
24 760 0 0 0 0 0 0 0 0 0 0 0 0 0 0 
40 760 0 0 0 0 0 0 0 0 0 0 0 0 0 0 
56 760 0 0 0 0 0 0 0 0 0 0 0 0 0 0 
72 760 0 0 0 0 0 0 0 0 0 0 0 0 0 0 
88 760 0 0 0 0 0 0 0 0 0 0 0 0 0 0 
104 760 0 0 0 0 0 0 0 0 0 0 0 0 0 0 
120 760 0 0 0 0 0 0 0 0 0 0 0 0 0 0 
136 760 0 0 0 0 0 0 0 0 0 0 0 0 0 0 
152 760 0 0 0 0 0 0 0 0 0 0 0 0 0 0 
168 760 0 0 0 0 0 0 0 0 0 0 0 0 0 0 
184 760 0 0 0 0 0 0 0 0 0 0 0 0 0 0 
200 760 0 0 0 0 0 0 0 0 0 0 0 0 0 0 
216 760 0 0 0 0 0 0 0 0 0 0 0 0 0 0 
232 760 0 0 0 0 0 0 0 0 0 0 0 0 0 0 
248 760 0 0 0 0 0 0 0 0 0 0 0 0 0 0 
264 760 0 0 0 0 0 0 0 0 0 0 0 0 0 0 
280 760 0 0 0 0 0 0 0 0 0 0 0 0 0 0 
296 760 0 0 0 0 0 0 0 0 0 0 0 0 0 0 
312 760 0 0 0 0 0 0 0 0 0 0 0 0 0 0 
328 760 0 0 0 0 0 0 0 0 0 0 0 0 0 0 
344 760 0 0 0 0 0 0 0 0 0 0 0 0 0 0 
360 760 0 0 0 0 0 0 0 0 0 0 0 0 0 0 
376 760 0 0 0 0 0 0 0 0 0 0 0 0 0 0 
392 760 0 0 0 0 0 0 0 0 0 0 0 0 0 0 
408 760 0 0 0 0 0 0 0 0 0 0 0 0 0 0 
424 760 0 0 0 0 0 0 0 0 0 0 0 0 0 0 
440 760 0 0 0 0 0 0 0 0 0 0 0 0 0 0 
456 760 0 0 0 0 0 0 0 0 0 0 0 0 0 0 
472 760 0 0 0 0 0 0 0 0 0 0 0 0 0 0 
488 760 0 0 0 0 0 0 0 0 0 0 0 0 0 0 
504 760 0 0 0 0 0 0 0 0 0 0 0 0 0 0 
520 760 0 0 0 0 0 0 0 0 0 0 0 0 0 0 
536 760 0 0 0 0 0 0 0 0 0 0 0 0 0 0 
552 760 0 0 0 0 0 0 0 0 0 0 0 0 0 0 
568 760 0 0 0 0 0 0 0 0 0 0 0 0 0 0 
584 760 0 0 0 0 0 0 0 0 0 0 0 0 0 0 
600 760 0 0 0 0 0 0 0 0 0 0 0.000021525678 -0.00000729599 0.000022728534 0 
616 760 0 0 0 0 0 0 0 0 0 0 0.000064577033 -0.000021887971 0.000068185603 0 
632 760 0 0 0 0 0 0 0 0 0 0 -0.001435329979 -0.00065260713 0.001576727058 0 
648 760 0 0 0 0 0 0 0 0 0 0 -0.004478195359 -0.001899453467 0.004864376336 0 
664 760 0 0 0 0 0 0 0 0 0 0 -0.004658723133 -0.002647856747 0.005358623572 0 
680 760 0 0 0 0 0 0 0 0 0 0 -0.001976913303 -0.002897816969 0.003507923801 0 
696 760 0 0 0 0 0 0 0 0 0 0 -0.004188236628 -0.002974412188 0.005136969331 0 
712 760 0 0 0 0 0 0 0 0 0 0 -0.011292693108 -0.002877642402 0.011653572131 0 
728 760 0 0 0 0 0 0 0 0 0 0 -0.012204457707 -0.002184517517 0.012398423477 0 
744 760 0 0 0 0 0 0 0 0 0 0 -0.006923530426 -0.000895037533 0.006981143584 0 
760 760 0 0 0 0 0 0 0 0 0 0 -0.030031213774 0.008283622385 0.031152723807 0 
776 760 0 0 0 0 0 0 0 0 0 0 -0.081527507753 0.025351462237 0.085378165581 0 
792 760 0 0 0 0 0 0 0 0 0 0 -0.097389942214 0.032914545626 0.102801596087 0 
808 760 0 0 0 0 0 0 0 0 0 0 -0.077618517157 0.030972872552 0.0835700487 0 
824 760 0 0 0 0 0 0 0 0 0 0 -0.052876320665 0.023283848517 0.057775798469 0 
840 760 0 0 0 0 0 0 0 0 0 0 -0.023163352737 0.009847473519 0.025169696954 0 
856 760 -0.026861672231 0.05704388363 0.063051995168 40.431108251927 161737.984375 -0.026861672231 0.05704388363 0.063051995168 40.431108251927 161737.984375 0.001649535052 0.006064769713 0.006285093282 0 
872 760 0.028067185966 0.141044268041 0.143809778789 49.778891659289 547040 0.028067185966 0.141044268041 0.143809778789 49.778891659289 547040 0.021562342704 0.011935737098 0.024645414237 0 
888 760 -0.00270477708 0.142660369353 0.142686007734 47.28144428292 1079236 -0.00270477708 0.142660369353 0.142686007734 47.28144428292 1079236 0.019025783003 0.018248083978 0.026362340332 0 
904 760 -0.020829528532 0.057273980277 0.060944056934 6.577029326905 1743854.75 -0.020829528532 0.057273980277 0.060944056934 6.577029326905 1743854.75 -0.005960144049 0.025001810356 0.025702409189 0 
920 760 -0.019438619871 0.003357185174 0.019726394369 36.732797955545 3120864 0 15 15 43.468482839001 1468610 -0.022344693216 0.023572348932 0.032479854512 0 
936 760 0.002464978347 -0.019150293504 0.019308284738 122.195216409634 4737591 -15 15 21.213203435596 20.139424578391 3366837 -0.030127864499 0.013959699707 0.033204840539 0 
952 760 -0.006009461958 -0.011505296543 0.012980195745 80.775729304464 5830611 -0.006009461958 -0.011505296543 0.012980195745 80.775729304464 5830611 -0.027012847907 0.008962293048 0.028460791428 0 
968 760 -0.078258215661 0.005251216435 0.078434199125 29.587071426081 6062536.5 15 -2 15.132745950422 154.168713792058 5885075 -0.012999643438 0.008580128955 0.01557592188 0 
984 760 -0.369266726184 0.275131178247 0.460494386839 23.509896930115 5516821.5 -0.369266726184 0.275131178247 0.460494386839 23.509896930115 5516821.5 -0.010906219824 0.019042368606 0.021944416897 0 
1000 760 -0.047128362998 0.22206001535 0.227006019779 15.213271626987 6247210.5 -0.047128362998 0.22206001535 0.227006019779 15.213271626987 6247210.5 -0.020732577063 0.040349011999 0.045363890056 0 
1016 760 -0.168109708018 0.213879757942 0.27203938095 26.7877434415 7201562 -0.168109708018 0.213879757942 0.27203938095 26.7877434415 7201562 -0.02205497964 0.109581471559 0.111778893517 0 
1032 760 0.088653826268 0.166779073902 0.188877633412 31.746572896537 7138005.5 0.088653826268 0.166779073902 0.188877633412 31.746572896537 7138005.5 -0.014873427556 0.226739747284 0.227227049107 0 
1048 760 -5.883308074569 0.145374002021 5.885103864908 32.23368157473 7124874 -5.883308074569 0.145374002021 5.885103864908 32.23368157473 7124874 -0.40000765632 0.266259316806 0.480520706006 0 
1064 760 -1.228231965402 0.105235239561 1.232732013245 6.068403116237 6725157 -1.228231965402 0.105235239561 1.232732013245 6.068403116237 6725157 -1.177457665931 0.228140180125 1.199355867475 0 
1080 760 -2.420092961854 -0.174797350653 2.426397341288 13.105897521791 6126725 -16 -16 22.62741699797 53.97473843197 6081727.5 -1.899854139126 0.300048740662 1.923401933223 0 
1096 760 10.042963192724 8.22557539874 12.981571566292 130.047839749119 5852105.5 -4.345940966574 -0.128742057895 4.347847444704 12.3301636168 5851549 -2.567197075904 0.481984998419 2.612050988253 0 
1112 760 -4.659686079257 0.2076580677 4.664310906265 5.564891177649 6436554.5 4.073530290061 12.689282050954 13.327097508186 99.681159626723 6423488.5 -3.200092650835 0.456385389772 3.232472830191 0 
1128 760 -3.760596396846 0.165443840817 3.764233909368 0.844500890808 7370492 12 6 13.416407864999 150.071399273773 7318235.5 -3.798540863918 0.223249914721 3.805095691212 0 
1144 760 -4.265193118343 -0.032533288821 4.265317192384 1.319881713403 7769960.5 -13 -16 20.615528128088 51.789000647235 7700485 -3.824242941505 0.058931680552 3.824696983896 0 
1160 760 -3.322179869321 -0.0459668256 3.322497860522 0.15339310003 7487574.5 -14 -16 21.260291625469 48.174754367328 7449317.5 -3.277198883595 -0.036569312735 3.277402910426 0 
1176 760 -4.857480035182 1.311973067061 5.031539090665 12.527779318711 6959314.5 13 3 13.341664064126 164.418602247828 6952332.5 -2.830111645661 0.127860326865 2.832998445127 0 
1192 760 -2.082871650575 1.036240118661 2.326402350474 13.911961548454 6868332 -2.082871650575 1.036240118661 2.326402350474 13.911961548454 6868332 -2.482981227703 0.552220599352 2.543647650024 0 
1208 760 -1.223124405228 0.757802851092 1.438853179372 3.505275213023 6671764.5 14 -4 14.560219778561 160.659289777713 6669377 -1.776744243367 1.257358315202 2.176641917989 0 
1224 760 0.14572877304 1.628888946276 1.635394776374 22.707546958747 6326266.5 -16 -4 16.492422502471 86.441060469512 6323006.5 -0.711400692654 2.243273474413 2.353373499153 0 
1240 760 -0.201613342042 1.825374736821 1.836475120853 0.329490182545 5476036.5 -16 0 16 84.026696305139 5386772 -0.304580968691 2.910940773601 2.92683203377 0 
1256 760 -3.279522544904 9.307483098299 9.868359020002 9.727469807605 4069797.25 0 -13 13 170.317391443171 4021401 -0.556285071476 3.260360212765 3.307476651123 0 
1272 760 0.430921453043 14.11305927837 14.119636521295 64.586193175991 3565865.75 0 -15 15 113.664908050762 3549040.75 3.778979548061 1.656096281313 4.125935205216 0 
1288 760 13.9372559925 -0.668246835706 13.953266944838 5.771022696522 3274461.25 3.820032172664 -13.923168634791 14.437703094087 66.14150158308 3256541.25 12.701212889922 -1.901851020755 12.842813016636 0 
1304 760 16.024916134738 -2.120386787948 16.164590228518 21.175120055389 3247669 -11 0 11 151.28739553161 3237568.75 5.33726576963 -2.923593918211 6.085540838271 0 
1320 760 -28.102008532286 -0.981132784705 28.119130589155 2.400536901539 2867205 -3 -1 3.162277660168 14.034841549067 2850818.75 -18.312861812815 -1.409132411057 18.366996540729 0 
1336 760 -29.081092186296 0.350139805688 29.083199972345 0.508208750685 2946551.75 -17 -16 23.345235059858 43.445901322716 2833147 -29.282693406256 0.092815353687 29.282840501131 0 
1352 760 -27.360989770631 1.475757806621 27.400759521085 0.197005573247 3621841 -43 10 44.147480109288 9.807541483064 3575914 -27.572229010692 1.582249376022 27.617590874404 0 
1368 760 -29 1 29.017236257094 6.315387585833 3279984.25 2 1 2.2360679775 145.144627226207 3278318 -13.011686638139 1.895955141007 13.149092556745 0 
1384 760 14.413151582472 3.770174877063 14.898092399464 10.551771642731 2814142.75 -2 2 2.828427124746 130.89285736363 2783179 14.398933711403 1.033932648644 14.436007368635 0 
1400 760 32.628611416678 -1.959933463274 32.687422996636 4.11155325709 2522405 42 15 44.598206241956 18.979779842778 2269229.75 27.589885618112 0.324590413639 27.591794928151 0 
1416 760 32.286371321853 -2.636895957957 32.393872775969 4.168509128539 2676082.25 17 15 22.671568097509 41.924260413655 2432327.75 26.56116908199 -0.232071564007 26.562182896232 0 
1432 760 6.806620023823 -5.750816361336 8.910778022738 37.159173721956 2739181.75 36 -6 36.496575181789 6.427504861849 2730822 21.063641873102 -1.116734158019 21.093224128568 0 
1448 760 23.379000644881 -8.224272656426 24.783388224385 7.526215615594 2755174 2 13 13.152946437966 93.108491457188 2608141.75 11.09730399145 -2.329397368397 11.339146704164 0 
1464 760 4.192266033612 -8.390938586423 9.379922433459 59.450072030523 3276289.75 4 15 15.52417469626 79.070960519847 3240333 4.716522485405 -0.33000806786 4.728053476874 0 
1480 760 8.842111440252 1.251519014103 8.930242693483 60.459583430858 4160163.25 -15 -4 15.52417469626 126.415660705967 4100418.25 1.921297354966 4.88143374359 5.245929747839 0 
1496 760 -7.148458309869 6.550486838618 9.69584106877 65.620037726032 4878491 17 12 20.808652046685 36.661795762493 4807679.5 2.112720567882 6.456011141458 6.792913075888 0 
1512 760 -1.14982530831 12.165010944867 12.219230316528 55.691656460655 4798611.5 1 -12 12.041594578792 124.944203322223 4727881 5.290792124155 4.393724125741 6.877302741202 0 
1528 760 8.207268493925 5.376114748864 9.811313160037 10.663189270393 5098737 10 -11 14.866068747319 91.616027839254 5045046 5.905963187404 5.681394146683 8.195037560679 0 
1544 760 8.735289419377 8.946174721314 12.503572424893 23.330548030384 5567553.5 -6.60422763601 5.730084720442 8.743551542233 70.039943864884 5536376 3.95823375763 10.319021204282 11.052140656654 0 
1560 760 15.373819948546 10.543464760215 18.641861198931 44.292278214902 5377992.5 -14 11 17.804493814765 63.107914588652 5374438 2.320866958051 11.651693033629 11.880588116204 0 
1576 760 15 9 17.492855684536 53.173769903099 5357425 -16 9 18.357559750686 66.504720022037 5357284 0.993862788666 9.679409634724 9.730299795971 0 
1592 760 2.437922250749 9.350789374965 9.663370366267 0.523705474708 4755104 -14 13 19.104973174543 61.210151934775 4701456 2.20379548585 8.780776068744 9.053106809978 0 
1608 760 9 8.681842497009 12.504974575859 12.428837006 3963436.75 9 8.681842497009 12.504974575859 12.428837006 3963436.75 5.950665049603 8.955792335688 10.752517421169 0 
1624 760 7.854582297451 9.433744925526 12.275585785914 0.52222454494 4132278 7.854582297451 9.433744925526 12.275585785914 0.52222454494 4132278 7.288995152434 8.918518076459 11.518221000325 0 
1640 760 10.165986385524 10.168242313419 14.378471091707 9.339388454958 4190517.25 -10 10 14.142135623731 80.654255014455 4173856.5 6.218785794343 8.668953291055 10.668835359045 0 
1656 760 8.900208893143 10.472301013977 13.743464150968 6.794794423684 4008140.75 20 -8 21.540659228538 78.235628314379 3939562.75 5.603720515063 8.445215579077 10.135252823094 0 
1672 760 5.403226932189 8.757734998107 10.290421933905 1.754423143296 3891753.75 12 -8 14.422205101856 90.262459092422 3844701 5.443799314593 8.247304940526 9.881952730083 0 
1688 760 -1.994843452472 6.49066238127 6.790294437467 50.095792153029 3669471.25 -9 -10 13.453624047074 171.024266039062 3599339.25 4.046238916068 6.227929647924 7.426921102677 0 
1704 760 0.792199948934 8.800171712712 8.835757066166 25.443921726872 3814339.75 -5 -14 14.866068747319 169.065946226333 3710659.75 1.411039319488 2.387089701269 2.772945943044 0 
1720 760 4.089951141742 8.315070989671 9.266504513845 3.733243150193 4227575 -10 -15 18.02775637732 176.234459826278 4067068 0.696433917135 1.209936821689 1.396054194297 0 
1736 760 4.071849364809 7.19932494278 8.271048112629 5.711889252889 5672287.5 10 -14 17.204650534085 109.258468109791 5520607 1.90242270901 2.696471009184 3.300025464617 0 
1752 760 2.372821873177 4.509182786203 5.095391353097 0.115472757415 6138654.5 -14 4 14.560219778561 101.924316571546 6094979.5 2.498933174376 4.725702515838 5.345739544553 0 
1768 760 2.172558730686 10.182562470975 10.411752490027 6.767525823694 5010407.5 -2 -9 9.219544457293 173.717206612555 4969296.5 2.485965313235 7.297631341651 7.709438808192 0 
1784 760 -1.961664460284 9.849720029561 10.043162455894 4.274020801697 4304067 7 -9 11.401754250991 157.66265245353 4187552.5 -2.044478260931 7.353390157689 7.632315387261 0 
1800 760 -0.176349784825 12.081283584774 12.082570599932 65.36091117345 4001364.25 -27 13 29.966648127543 1.907148680265 3980621.75 -11.092397548121 4.892978963951 12.12363503687 0 
1816 760 -6.158410537312 12.689375082292 14.104831098782 33.045364495041 3956300 1 -13 13.038404810405 125.465103287719 3941993.5 -6.500345658046 3.916061539537 7.588809633633 0 
1832 760 11.140262960557 -10.236284690267 15.129011305785 63.23406903003 4223898 1 19 19.02629759044 66.331644023028 4212531.5 11.731677409295 4.422637884446 12.537622609278 0 
1848 760 17.835689789395 -10.06332303187 20.478825667194 54.839350666246 3928480.75 9 19 21.023796041629 39.247204771627 3906735 9.774364229003 4.642593263234 10.820899606273 0 
1864 760 -23 19 29.832867780353 19.262599321102 4055957 -23 -12 25.942243542146 47.84988022461 4055167 -12.37228519892 4.575927675902 13.191381850985 0 
1880 760 -28.943758222412 8.383068047654 30.133319928761 3.21278380739 4608664 -3 8 8.544003745318 56.503976842076 4590151 -18.931148634199 4.349716097502 19.424428401861 0 
1896 760 -24.253302080791 15.528669594915 28.798649989368 10.813517851242 4813483.5 6 -13 14.317821063276 136.591852278168 4796190 -9.902226076835 3.963958528037 10.666163719386 0 
1912 760 -18.594495144243 14.611196066852 23.648304382625 0.882320938824 5137758.5 -17 -13 21.400934559033 76.447258109888 5124004 -4.558893202003 3.697242474047 5.869677089855 0 
1928 760 6.907278088575 15.531322612202 16.99801378624 63.236233537273 5447648.5 7 -13 14.764823060233 169.040773725388 5441326 -2.901150009703 3.549567935534 4.584332438619 0 
1944 760 13.206166179499 -1.930632051054 13.346541322646 78.966303173212 5778889.5 -3 18 18.248287590895 28.813268994126 5769897.5 1.209447686025 3.443820729014 3.650022591549 0 
1960 760 10.117850316493 2.783058781378 10.493631935968 8.121863157954 6141423.5 -9 18 20.124611797498 93.063515065572 6078468.5 7.772899885182 3.380000854487 8.475988343632 0 
1976 760 17.986232810348 1.625372601395 18.059523991551 14.476006937429 6352044.5 -10 2 10.198039027186 149.050404306175 6349089 6.308487193937 2.251273259848 6.698152130743 0 
1992 760 8.13257386571 -2.583270735961 8.532997443835 163.414958709031 6373736.5 -19 -3 19.235384061671 10.009770988888 6363348 -3.183790387709 0.057637945097 3.184312071011 0 
2008 760 -9.255199541362 -4.952545965857 10.49697242515 23.04405715745 6495644 -11 15 18.601075237738 58.853767540753 6416967.5 -5.395297249508 -0.482239320668 5.416805993659 0 
2024 760 -0.032044779841 -3.769775916721 3.769912111735 152.211616655956 7337852 4.169754866145 13.780475877196 14.397512668712 44.136343360185 7322199 -0.326033391459 0.631641462551 0.710822558421 0 
2040 760 6.134132372467 5.673168090377 8.35538246549 16.526370017664 8456821 3.794374014483 -11.156741419575 11.784318107767 97.454889258861 8450326 3.613425739772 1.780996019099 4.028497535918 0 
2056 760 6.047835842251 4.826319412815 7.737549835015 13.805824929929 8740517 -8.910517441411 -11.042692995484 14.189375943508 153.685478728183 8734994 6.423080144186 2.965824348975 7.07474894308 0 
2072 760 6.10899623234 2.473557990061 6.590775682493 0.313110123043 8755561 6.428960011131 -9.186159200128 11.212361378176 76.74375706794 8751291 6.920311776068 2.758141455946 7.449701965112 0 
2088 760 4.77232711559 1.365925217065 4.96395586169 3.192427343701 8507496 20 -11 22.825424421027 41.59043345825 8493620 5.105120635417 1.157947340012 5.234796915297 0 
2104 760 3.203509488715 -0.026203205855 3.203616651893 4.392850757587 7829644 -5 15 15.811388300842 104.510740230982 7809231.5 3.135670972519 0.215099679578 3.143039980664 0 
2120 760 10.209078166885 10.965665280514 14.982359362325 51.02595853048 6645033 12 -16 20 49.150488091571 6626715 1.011962787372 -0.070401525356 1.014408723246 0 
2136 760 5.992257573311 14.040796100176 15.266011461794 117.153340489691 5024915 7 -16 17.464249196573 109.587604016426 5017715.5 -2.100362307986 -0.148410557539 2.105599087765 0 
2152 760 -17.918757992897 -8.938959104928 20.024656748309 26.337917035899 3853224.5 9 -13 15.811388300842 124.52027778134 3837039 -6.201304313553 -0.018927416973 6.201333198305 0 
2168 760 -10.433514215301 -0.827310992399 10.466263056078 17.792009188274 4240240 1 -17 17.029386365926 71.040748331959 4220034 -4.018071648707 -1.650038143174 4.343676512826 0 
2184 760 4.324560926476 -16.633264350876 17.186253523468 26.854455324351 5056359.5 16 10 18.867962264113 80.576994991291 5007601 4.449335686551 -5.041742736141 6.724266344297 0 
2200 760 -5.891637838297 -16.850224601175 17.850531239369 43.609883241646 5415256.5 3 9 9.486832980505 137.227216280393 5369652 3.061170195204 -6.767821102665 7.4279314376 0 
2216 760 -21.39563001081 -16.290451503292 26.891481806338 2.559330195804 5388715 -24 9 25.632011235953 60.40071361549 5342245.5 -8.182568122749 -6.828273242745 10.657379441542 0 
2232 760 -4.476649002283 -10.113512956795 11.059996863331 39.143951896332 4415320 -8 10 12.806248474866 78.320124999911 4353715.5 -10.353181590862 -5.270642946512 11.617574881316 0 
2248 760 -3.893470999046 -1.590572643619 4.20583377644 9.04113463478 4274251 -8 -18 19.697715603592 34.775229815536 4074610 -3.450670209136 -2.094930213965 4.036812789021 0 
2264 760 -1.981473857205 3.626370759588 4.132408926133 158.260513552277 5374931 10 -16 18.867962264113 25.092374654434 5065890 0.082533334904 -0.680722835867 0.685707904753 0 
2280 760 0.300721444899 -0.711233866094 0.772196218393 9.439309634606 5845046 -12 14 18.439088914586 152.878841265535 5763332.5 0.246429041258 -1.028020812217 1.057144296077 0 
2296 760 1.616561071654 -1.160031590159 1.98970927237 3.784881146286 5183835 10 -17 19.723082923316 27.656410026716 5092586.5 2.401501241535 -1.49352642556 2.828043386679 0 
2312 760 18.182653876626 -1.97743372051 18.289864573479 11.394616119448 4785358 -10 -2 10.198039027186 151.088707634766 4783752.5 6.547749935733 -2.077239675896 6.869348869581 0 
2328 760 19.882023759657 5.366952116027 20.593665137496 43.652748764475 4074076.75 -10 6 11.661903789691 177.582625022173 4072715 6.344297781461 -3.451325375826 7.222309962171 0 
2344 760 3.648199013009 -7.124479051742 8.004221248643 9.425418120541 3602174 9.176564728262 3.055276313468 9.671817490194 90.724841326402 3594162.75 1.791144778719 -5.615783525352 5.894507971149 0 
2360 760 7.766953757381 -7.4188614762 10.740813575904 50.574681784568 3737358.5 -16 -7 17.464249196573 62.109055803803 3704745.25 -0.375736884499 -5.042376861584 5.056356654807 0 
2376 760 -3.969281719261 -5.168819833123 6.517046557617 32.360922567302 5065719 15 -5 15.811388300842 76.725798011467 5001425.5 -0.156347208193 -1.731105384522 1.738151403599 0 
2392 760 -0.158180583492 -4.836642116538 4.839228043858 13.135655108151 6542769 -14.892836968007 9.85651822141 17.859102564368 108.488940075702 6519108 -0.01332224284 -0.049688673891 0.051443624166 0 
2408 760 8.45533967349 -15.216712317457 17.408075791033 62.95220524921 8045672.5 8 15 17 59.916069765723 8038776.5 0.053338011558 0.001873270312 0.053370896738 0 
2424 760 -0.038652634342 0.038439317141 0.054512450356 115.215729487139 9188007 2.101234471456 -14.533798302284 14.684906516403 101.716232954916 9164782 0.069176850631 0.025100146983 0.073589768595 0 
2440 760 0.019466669122 0.0084691164 0.021229157763 6.801232435677 9428221 11 15 18.601075237738 23.433129267031 8969527 0.03419427438 0.019991956121 0.039609679498 0 
2456 760 -0.001649190639 0.003507593303 0.003875956726 70.077191317871 8202635 -0.001649190639 0.003507593303 0.003875956726 70.077191317871 8202635 0.01473712185 0.014791055625 0.020879609358 0 
2472 760 0.001928738406 0.003012254344 0.003576829332 16.054682860226 6155094 0.001928738406 0.003012254344 0.003576829332 16.054682860226 6155094 0.010805393043 0.009497445497 0.01438603454 0 
2488 760 -0.000869175952 0.003942009135 0.004036694546 62.494464352357 2794966.75 -0.000869175952 0.003942009135 0.004036694546 62.494464352357 2794966.75 0.006988828266 0.005851813293 0.009115231174 0 
2504 760 -0.00127784683 0.004619789139 0.004793260291 55.924310294069 224818.984375 -0.00127784683 0.004619789139 0.004793260291 55.924310294069 224818.984375 0.00328742752 0.003854159014 0.005065739966 0 
2520 760 0 0 0 0 0 0 0 0 0 0 -0.000413973226 0.001856504735 0.001902099804 0 
2536 760 0 0 0 0 0 0 0 0 0 0 -0.004115373972 -0.000141149544 0.004117793842 0 
24 776 0 0 0 0 0 0 0 0 0 0 0 0 0 0 
40 776 0 0 0 0 0 0 0 0 0 0 0 0 0 0 
56 776 0 0 0 0 0 0 0 0 0 0 0 0 0 0 
72 776 0 0 0 0 0 0 0 0 0 0 0 0 0 0 
88 776 0 0 0 0 0 0 0 0 0 0 0 0 0 0 
104 776 0 0 0 0 0 0 0 0 0 0 0 0 0 0 
120 776 0 0 0 0 0 0 0 0 0 0 0 0 0 0 
136 776 0 0 0 0 0 0 0 0 0 0 0 0 0 0 
152 776 0 0 0 0 0 0 0 0 0 0 0 0 0 0 
168 776 0 0 0 0 0 0 0 0 0 0 0 0 0 0 
184 776 0 0 0 0 0 0 0 0 0 0 0 0 0 0 
200 776 0 0 0 0 0 0 0 0 0 0 0 0 0 0 
216 776 0 0 0 0 0 0 0 0 0 0 0 0 0 0 
232 776 0 0 0 0 0 0 0 0 0 0 0 0 0 0 
248 776 0 0 0 0 0 0 0 0 0 0 0 0 0 0 
264 776 0 0 0 0 0 0 0 0 0 0 0 0 0 0 
280 776 0 0 0 0 0 0 0 0 0 0 0 0 0 0 
296 776 0 0 0 0 0 0 0 0 0 0 0 0 0 0 
312 776 0 0 0 0 0 0 0 0 0 0 0 0 0 0 
328 776 0 0 0 0 0 0 0 0 0 0 0 0 0 0 
344 776 0 0 0 0 0 0 0 0 0 0 0 0 0 0 
360 776 0 0 0 0 0 0 0 0 0 0 0 0 0 0 
376 776 0 0 0 0 0 0 0 0 0 0 0 0 0 0 
392 776 0 0 0 0 0 0 0 0 0 0 0 0 0 0 
408 776 0 0 0 0 0 0 0 0 0 0 0 0 0 0 
424 776 0 0 0 0 0 0 0 0 0 0 0 0 0 0 
440 776 0 0 0 0 0 0 0 0 0 0 0 0 0 0 
456 776 0 0 0 0 0 0 0 0 0 0 0 0 0 0 
472 776 0 0 0 0 0 0 0 0 0 0 0 0 0 0 
488 776 0 0 0 0 0 0 0 0 0 0 0 0 0 0 
504 776 0 0 0 0 0 0 0 0 0 0 0 0 0 0 
520 776 0 0 0 0 0 0 0 0 0 0 0 0 0 0 
536 776 0 0 0 0 0 0 0 0 0 0 0 0 0 0 
552 776 0 0 0 0 0 0 0 0 0 0 0 0 0 0 
568 776 0 0 0 0 0 0 0 0 0 0 0 0 0 0 
584 776 0 0 0 0 0 0 0 0 0 0 0 0 0 0 
600 776 0 0 0 0 0 0 0 0 0 0 0.000007175226 -0.000002431997 0.000007576178 0 
616 776 0 0 0 0 0 0 0 0 0 0 0.000021525678 -0.00000729599 0.000022728534 0 
632 776 0 0 0 0 0 0 0 0 0 0 -0.000478443326 -0.00021753571 0.000525575686 0 
648 776 0 0 0 0 0 0 0 0 0 0 -0.001492731786 -0.000633151156 0.001621458779 0 
664 776 0 0 0 0 0 0 0 0 0 0 -0.001552907711 -0.000882618916 0.001786207857 0 
680 776 0 0 0 0 0 0 0 0 0 0 -0.000658971101 -0.00096593899 0.001169307934 0 
696 776 0 0 0 0 0 0 0 0 0 0 -0.001396078876 -0.000991470729 0.00171232311 0 
712 776 0 0 0 0 0 0 0 0 0 0 -0.003764231036 -0.000959214134 0.003884524044 0 
728 776 0 0 0 0 0 0 0 0 0 0 -0.004068152569 -0.000728172506 0.004132807826 0 
744 776 0 0 0 0 0 0 0 0 0 0 -0.002307843475 -0.000298345844 0.002327047861 0 
760 776 0 0 0 0 0 0 0 0 0 0 -0.010010404591 0.002761207462 0.010384241269 0 
776 776 0 0 0 0 0 0 0 0 0 0 -0.027175835918 0.008450487412 0.028459388527 0 
792 776 0 0 0 0 0 0 0 0 0 0 -0.032463314071 0.010971515209 0.034267198696 0 
808 776 0 0 0 0 0 0 0 0 0 0 -0.025872839052 0.010324290851 0.0278566829 0 
824 776 0 0 0 0 0 0 0 0 0 0 -0.017625440222 0.007761282839 0.01925859949 0 
840 776 0 0 0 0 0 0 0 0 0 0 -0.007721117579 0.003282491173 0.008389898985 0 
856 776 0 0 0 0 0 0 0 0 0 0 -0.000217707951 -0.010669228679 0.010671449637 0 
872 776 0 0 0 0 0 0 0 0 0 0 0.004884788663 -0.034093876716 0.034442032312 0 
888 776 0 0 0 0 0 0 0 0 0 0 0.00356545126 -0.039403856594 0.039564837383 0 
904 776 -0.018405830345 0.006124948289 0.019398185024 99.48413957485 126123.9921875 -0.018405830345 0.006124948289 0.019398185024 99.48413957485 126123.9921875 -0.004175720161 -0.026599168313 0.026924939996 0 
920 776 -0.010899475304 0.004836067934 0.011924181941 76.181788547397 875111.9375 -0.010899475304 0.004836067934 0.011924181941 76.181788547397 875111.9375 -0.013216732634 -0.017072758666 0.021590764461 0 
936 776 0.006572445738 -0.00400208817 0.007695047284 123.98334983656 2110888 0.006572445738 -0.00400208817 0.007695047284 123.98334983656 2110888 -0.023557586159 -0.010824627655 0.025925516957 0 
952 776 -0.002138964871 -0.002727430681 0.003466128797 43.222697584571 3157063.5 -0.002138964871 -0.002727430681 0.003466128797 43.222697584571 3157063.5 -0.021727047374 -0.003313948715 0.021978326681 0 
968 776 -0.021091391169 0.023706417099 0.03173075784 13.09224647756 3569799.5 -0.021091391169 0.023706417099 0.03173075784 13.09224647756 3569799.5 -0.007725116281 0.005459278154 0.009459447104 0 
984 776 -0.02629443055 0.024827709852 0.036163686959 45.371229312556 3231299 -0.02629443055 0.024827709852 0.036163686959 45.371229312556 3231299 -0.000355831435 0.016023300012 0.016027250522 0 
1000 776 -0.001180043563 0.0190734167 0.019109885595 4.309099479213 5085034 -0.001180043563 0.0190734167 0.019109885595 4.309099479213 5085034 0.000380807162 0.028378116859 0.028380671778 0 
1016 776 0.051341960549 0.041032270419 0.065723999641 51.877556916142 7738698 -16 13 20.615528128088 50.396888864209 7465196 -0.00047447533 0.053381635598 0.053383744211 0 
1032 776 0.294086055335 -14.949482900955 14.952375249902 179.288732670488 8139105 0 15 15 1.838243883619 8137533.5 -0.002921678912 0.091033856227 0.091080728957 0 
1048 776 -0.341642887643 -2.138215894537 2.16533763518 114.948303421671 7554164.5 5 15 15.811388300842 74.408691947047 7546363 -0.148551751322 0.100298501017 0.179241212133 0 
1064 776 -0.143121153481 -0.829686806022 0.841940532734 90.727325207794 6390702 0 15 15 79.485459093873 6328293 -0.437364692559 0.081175569966 0.444834067329 0 
1080 776 -0.92741343495 -0.218925131067 0.952902876656 20.791930873236 5847499 15 -4 15.52417469626 172.578425995251 5810275 -0.718685819012 0.09474239307 0.724903736708 0 
1096 776 -4.295063320472 3.161054648809 5.332901219751 28.26663315707 5914236 15 -2 15.132745950422 179.509176965156 5895874 -0.992515130682 0.140998970329 1.00248042089 0 
1112 776 -2.890099958688 -2.16113744544 3.608766108975 40.340649804845 6687654 -3 15 15.297058540778 75.137549346016 6675654.5 -1.827410114882 0.11345058333 1.830928388231 0 
1128 776 -4.416113870683 -0.02739915257 4.416198866945 0.570507638474 8036795.5 -14 -16 21.260291625469 49.029103491123 8004242.5 -3.223370771611 0.012097232074 3.22339347184 0 
1144 776 -3.676378852719 0.019044354548 3.676428179111 6.096892191329 7957159 12 14 18.439088914586 136.401386255433 7914645 -3.263689747227 -0.331518787388 3.280484030223 0 
1160 776 -3.040025983584 0.234297490938 3.049041373141 29.620738525583 7465461.5 -9 -16 18.357559750686 35.428632115828 7460603 -1.948367041729 -0.917397475055 2.153544115298 0 
1176 776 -1.262784860842 -0.8548398299 1.52491860096 7.091701960579 7148410 14 -1 14.035668847618 134.726719573977 7139690 -1.177731901155 -1.030578509767 1.564974279595 0 
1192 776 0.013937922567 -0.060527689399 0.06211172892 67.781640741617 6489424 0.013937922567 -0.060527689399 0.06211172892 67.781640741617 6489424 -0.951784325507 -0.671061891523 1.164567501064 0 
1208 776 -0.252129165499 -0.048575868485 0.256765907188 57.311793899719 5918542.5 0 -16 16 136.406656890987 5877957.5 -0.679245858986 0.713444381693 0.98507757193 0 
1224 776 -0.219728219637 3.132158386515 3.13985615096 2.565052954842 5460405 -16 -13 20.615528128088 122.515947576525 5422184.5 -0.360116501594 3.12294030988 3.143634850582 0 
1240 776 -0.293074500119 5.080336618999 5.088783039682 4.220052813516 4501689 8 20 21.540659228538 29.323082443999 4406836 -0.745951818148 5.649552107584 5.698586064219 0 
1256 776 -6.210640583473 14.888369848364 16.131819897295 10.155328693717 3844253 -15 -8 17 105.584498983003 3805583.75 -1.836751808649 8.293279774804 8.494241969107 0 
1272 776 -0.864039103636 14.193519660693 14.219794792158 40.751395684342 3218104.25 -6 -12 13.416407864999 169.297271767231 3199259.25 3.339492694607 4.38882857435 5.514891450642 0 
1288 776 13.939665526425 0.887533045538 13.967891390454 25.946203890528 2751156.75 1.803609034265 -13.46814598476 13.588375981525 60.069399634031 2743184.25 14.782781691621 -6.063801493778 15.978120136551 0 
1304 776 20 -25 32.015621187164 1.202804850363 2764937.25 -9 6 10.816653826392 163.552680630432 2757655.25 7.533492508926 -9.021912534005 11.753655395377 0 
1320 776 -4.280300966591 -16.11053277253 16.669440379909 61.426991178723 2356357.75 -24.364602057211 -4.265618193056 24.735184090182 3.763820003828 2353155.75 -18.408374853478 -4.48550454633 18.946979067421 0 
1336 776 -17.214677323252 9.798861785817 19.808150030763 29.846832210726 2244112 -36.726536068142 11.884837195241 38.601655491985 18.12939252606 2242929.75 -30.2486467456 -0.104335783991 30.248826686268 0 
1352 776 -26.899356291974 3.858313542184 27.174656434118 0.214974672195 2298766.25 -43 12 44.643028571099 7.215280815577 2244358.25 -27.98732316744 4.121593753015 28.289181556624 0 
1368 776 -24.348924895307 5.313427198566 24.921931148123 8.902026885195 2153133.25 2 5 5.385164807135 90.589267751578 2125823 -13.017024812501 5.052144923532 13.963062103193 0 
1384 776 5 17 17.720045146669 63.22447943629 1941015 5 -14 14.866068747319 80.732156171622 1939367.875 14.662248319217 2.68731772756 14.906481890213 0 
1400 776 37.5149844617 -9.205781246648 38.627975193151 15.41390539847 1898297.875 38 15 40.853396431631 19.914419380809 1845461.875 27.722890089411 0.787230162214 27.734065086782 0 
1416 776 21.028511040327 -2.921770054805 21.230520879769 6.491264265041 2167394 40 15 42.720018726588 21.975000389628 2104307.75 26.164900498081 -0.648117772505 26.172926369085 0 
1432 776 9.01352114463 -5.99528982351 10.825297385872 27.083170452346 2330028.75 34 -6 34.525353003264 3.461522358384 2308654 19.931677368089 -2.287300405172 20.062490021159 0 
1448 776 9.419407394108 3.746799054297 10.137245129198 46.28701122219 2326930 19 -20 27.586228448267 21.873185447289 2285717.75 9.023220699435 -4.130317735786 9.923610048227 0 
1464 776 -6.369989324165 -12.775411281102 14.275429849615 66.23370349633 2985743.25 -3 15 15.297058540778 75.954912095857 2971205 -0.64325851567 0.030730880083 0.643992162198 0 
1480 776 -9.016303486407 5.570196380317 10.598151549883 16.644015149911 4290937.5 -14 25 28.653097563789 12.399735348222 4212696 -9.067760277226 10.195845442436 13.644762391896 0 
1496 776 -11.272647705319 10.675747527456 15.525597301174 7.861837561551 4905118.5 8 24 25.298221281347 57.130921430843 4844601 -7.577358033482 9.459451455962 12.120131047777 0 
1512 776 12.741978500258 -14.79073265938 19.522391982088 19.611812762267 4423344 14 13 19.104973174543 72.522720652978 4398898.5 3.827948215562 -2.17845107934 4.404411044181 0 
1528 776 8.901342166125 10.615461820671 13.853588777807 54.23813132623 4664428.5 10 -16 18.867962264113 53.77577332967 4650097 6.853233388053 -0.505536104948 6.871853798251 0 
1544 776 8.331829150687 21.874598861208 23.407636624294 14.942277367877 4286092 -13 -2 13.152946437966 104.655251839916 4260661 1.498497483991 14.478196379137 14.555537266016 0 
1560 776 7.953722990366 24.262855822206 25.533270101118 20.554322259842 4425051 6 2 6.324555320337 73.969464476682 4400955 -0.791375462586 18.846948663642 18.863556108347 0 
1576 776 -8.691683934636 -2.097678208202 8.94123165368 103.493970533749 4997469 -10 27 28.792360097776 20.24863182982 4994116 -0.016385451678 12.600720748568 12.600731402042 0 
1592 776 5.757255823864 10.052740100503 11.584626802348 15.472674102714 5266711 11 -7 13.038404810405 108.14387804979 5243146 2.389920870376 9.357393009277 9.657770223852 0 
1608 776 6.186859603579 9.208685992069 11.094013225832 1.288988023534 5445194.5 6.186859603579 9.208685992069 11.094013225832 1.288988023534 5445194.5 6.427543503574 9.11696544577 11.154926016326 0 
1624 776 7.113517447796 11.329280270615 13.377395932327 8.58230471466 5389991.5 -8 -7 10.630145812735 171.892442383124 5298336 7.922889958978 9.209090316496 12.148231548643 0 
1640 776 11.139619395733 12.472387528995 16.722785980668 6.252604866463 5054789 13 -7 14.764823060233 82.78396479204 4944566.5 6.875960236587 9.633767621454 11.835890661852 0 
1656 776 -5.018675796127 13.125367236088 14.052130508531 47.839702595101 4470237 -5 -6 7.810249675907 167.109046948882 4372205.5 5.245795068932 10.333491909228 11.588762701139 0 
1672 776 3.107972967463 12.811737235482 13.183326854687 1.375276536933 3873065.25 -13 13 18.38477631085 60.011129731335 3856982.25 3.032394456013 11.308263179817 11.707785114225 0 
1688 776 0.621875479914 0.536080734438 0.821043035629 37.334174493551 3271261.75 16 -2 16.124515496597 85.221801455886 3247899 1.406108195841 6.67060654017 6.81719384147 0 
1704 776 -11.093347954208 -9.875922431519 14.852481701942 54.175734852491 3225350 15 -12 19.209372712299 45.48718243307 3214823 0.366936288416 -3.579478009713 3.598236382143 0 
1720 776 4.144181511118 -21.68261038769 22.075095325309 10.147107719508 4107757.25 4 8 8.944271909999 152.761654336295 4101853 0.093843509371 -7.985494651814 7.986046045347 0 
1736 776 0.743844316295 -0.506471034424 0.899898480717 50.628129390943 6270897 3 -22 22.203603311175 2.643583107124 6229843 0.586829858706 -6.547443386133 6.573688780105 0 
1752 776 1.062489118918 -2.359689656178 2.587859810981 0.182767951431 7101386 7 -17 18.38477631085 2.043073245692 7066259 0.879373027078 -1.936481692056 2.126795303836 0 
1768 776 0.296680723373 3.632218252138 3.64431459712 4.763269955441 5161600 -7.155445041069 11.433766999311 13.488195636566 41.471870791763 5134309 0.971473014485 5.847390430417 5.927540355291 0 
1784 776 -16 12 20 57.8562378023 4188703 15 12 19.209372712299 46.614056297766 4187797.75 0.835506412414 10.106009515243 10.140488118793 0 
1800 776 10.406621156838 14.192612084459 17.599090933394 33.759852450938 3864559.75 -16 14 21.260291625469 51.304661954425 3855812.25 0.471473220865 10.839375562423 10.849624398164 0 
1816 776 17.461747971266 3.813341638618 17.873282201791 61.616759908577 3818954 -13 4 13.601470508735 88.961515444422 3818173.75 3.41865752822 11.872018541912 12.354434165706 0 
1832 776 9.432701952374 -0.450505767767 9.443453900407 56.496981766515 3649813.75 9 28 29.410882339705 18.41849749441 3629064 9.677059334481 13.203938453712 16.37038387004 0 
1848 776 16.798906674736 -1.591720637671 16.874147091183 66.277915571388 3420807.5 15 28 31.764760348537 0.956192562222 3405678 7.721896057504 13.853711112561 15.860422135403 0 
1864 776 -9.079303561132 13.622979742451 16.371295923611 23.643028921753 3532769 3.019624342261 -1.867974549705 3.550698535038 131.780640388546 3522282 -2.446832302711 13.82133651846 14.036250620237 0 
1880 776 -8.513290883729 13.123804496869 15.643221092314 3.674911574713 4120339.25 -9 28 29.410882339705 18.827125320862 4061018 -9.762059665871 13.122594132499 16.35543596748 0 
1896 776 -6.660865283526 2.519451499149 7.121429784941 18.858412884269 4521851.5 -6 26 26.683328128253 37.428002547735 4401312 -14.223786031976 11.757483954679 18.454119269907 0 
1912 776 -11.430824318529 10.449289992848 15.487136790114 4.300479700672 4654980.5 -20 25 32.015621187164 13.209218160317 4498364 -13.908299233072 10.917646075759 17.681509646866 0 
1928 776 -8.285453963751 10.214089277 13.152048020896 0.692532351188 4721546 -3 25 25.179356624028 32.897995039134 4585489.5 -8.815599269159 10.60308049574 13.789130011482 0 
1944 776 3.470623100554 10.09775203047 10.677538142051 34.156752854408 4800451.5 0 25 25 15.188776573611 4667368.5 -2.821656788882 10.393468499497 10.769676619299 0 
1960 776 11.579515082356 10.122482444239 15.380176214089 27.241451080629 4455179.5 -7 25 25.961509971494 37.241765609926 4406718 4.073528207759 10.288810087029 11.065859436409 0 
1976 776 11.301280372218 10.390588344245 15.351979162018 18.422755333903 4317289.5 -13 6 14.317821063276 94.206147116223 4291443 3.845862637439 6.943466882575 7.937404599456 0 
1992 776 -14.231350733003 9.676900342601 17.209699123645 28.391102184804 4424417 12 12 16.970562748477 129.176551262046 4401729 -3.504653499844 0.357438886137 3.52283390345 0 
2008 776 -8.685574988667 10.317818528438 13.486904465797 69.969510718256 4710702 -11 -17 20.248456731317 37.034458837896 4664698.5 -3.901942849183 -1.424843246883 4.15395429398 0 
2024 776 2.12528271326 7.322969778127 7.625136915665 42.785382688891 5989976 2 -15 15.132745950422 113.436113164451 5862675 2.653994589424 1.596620483514 3.097238164731 0 
2040 776 7.907980776002 5.875704808633 9.851906767312 10.163624584359 8193248.5 21 -13 24.698178070457 58.208554964097 7992647 6.759321665597 3.362575595771 7.54952607892 0 
2056 776 9.039745295471 3.487200143193 9.689043288461 3.622067470667 8825387 -6.233582250988 7.364765144693 9.64869490223 105.527938970511 8721059 8.414038379337 3.87302208989 9.262631481266 0 
2072 776 7.998276126439 2.218264723923 8.300187912341 5.019875357576 8357616.5 -1.607118548851 5.029479592468 5.280008996309 97.239647712588 8347840.5 6.299236701035 1.165345216404 6.406123046669 0 
2088 776 2.811685062139 -4 4.889332560652 30.122942930049 8483011 -11.62713552736 -3.937039743664 12.275608437661 76.274750616439 8482824 0.414916630689 -4.760455024686 4.778502678924 0 
2104 776 -1.094474776329 -4.796111148357 4.919406181992 5.866150155819 7698653.5 -17 8 18.788294228056 96.4801730953 7665879 -1.963973786921 -5.795331861944 6.119073820912 0 
2120 776 -0.047034901279 -1.149954353476 1.150915851405 21.01378087038 5999525 14 -17 22.022715545545 62.828420678001 5934141.5 -0.837434551796 -1.93928529537 2.112374040122 0 
2136 776 -7.780085803148 13.850845308362 15.886335350247 56.980656742871 5021459.5 -7 -16 17.464249196573 70.06683588172 5019172.5 -2.529767937037 0.16342487613 2.535041124992 0 
2152 776 -17.859912413068 -8.184121827746 19.645771084227 28.784667323304 4506724 -23 15 27.459060435492 28.945808249067 4461365.5 -7.040973942646 0.512798652556 7.059622972871 0 
2168 776 1.755406975083 10.051441250041 10.203574121414 100.239440706351 3986302.5 4 -16 16.492422502471 103.703162228081 3937845.75 -6.254767500813 -0.036361651786 6.254873192875 0 
2184 776 6 -17 18.02775637732 26.018602878451 4585505 6 14 15.231546211728 163.379977536626 4583752 -0.171148611539 -1.484056036895 1.49389228791 0 
2200 776 -7.444797139358 -16.215581223073 17.842927978565 48.834624732792 5051654.5 -8 13 15.264337522474 172.566614108001 5039573.5 0.998610942826 -2.224697512628 2.438545229809 0 
2216 776 -12.07248431416 -8.053198182981 14.512025306277 5.732726023359 5339397.5 9 13 15.811388300842 164.133962788753 5306873.5 -2.745488837718 -2.258286078983 3.554935297943 0 
2232 776 -0.132357718639 -1.181919158419 1.189307135571 56.806078180642 5259668.5 -0.132357718639 -1.181919158419 1.189307135571 56.806078180642 5259668.5 -3.461270244807 -1.74873577672 3.877946431343 0 
2248 776 -14.396140907532 0.148963942213 14.396911588448 31.805580779382 5204146 14 0 14 148.787265640145 5192377.5 -1.14873327844 -0.696046605836 1.343156365615 0 
2264 776 -5.020771695688 0.103168195061 5.021831548021 98.442054415034 5374961 -5.020771695688 0.103168195061 5.021831548021 98.442054415034 5374961 0.029047602457 -0.227859764732 0.22970379969 0 
2280 776 -0.237883660362 -0.327846342012 0.40505784752 47.791635010249 6828285 9.590467986684 -0.485116787408 9.60272953389 75.277078249705 6810366.5 0.072072397885 -0.344175253406 0.351640491971 0 
2296 776 -0.172008068401 -0.130380532674 0.215837575263 110.59888025943 8615970 -0.172008068401 -0.130380532674 0.215837575263 110.59888025943 8615970 0.800833870822 -0.505080006651 0.946805524791 0 
2312 776 9.672289586766 -0.095986514443 9.672765853737 17.215213604329 9697384 -14 0 14 162.216209370648 9650479 2.215332021269 -0.710574024467 2.326501968344 0 
2328 776 2.442369457503 -0.965069248527 2.626123992007 7.136010634438 8160077 2 14 14.142135623731 110.56669176786 7639502.5 2.156796208656 -1.180654586084 2.458803598768 0 
2344 776 -0.065475218564 -0.362947343995 0.368805882219 28.304549036818 6231042 -16 -11 19.416487838948 73.569928550693 5995149 0.625226432985 -1.915321691501 2.014786657301 0 
2360 776 0.01165929756 -0.385102972308 0.385279429116 5.843559706391 5463923.5 -11 -17 20.248456731317 28.795828606889 4647830 -0.123440173859 -1.718120575438 1.722549212146 0 
2376 776 -0.121275933793 -0.059188847766 0.13494877479 55.374041930446 5400257.5 -0.121275933793 -0.059188847766 0.13494877479 55.374041930446 5400257.5 -0.089203611874 -0.589051237895 0.595767274392 0 
2392 776 -0.009728747403 0.035870392147 0.037166296006 89.82895563856 5424285.5 -0.009728747403 0.035870392147 0.037166296006 89.82895563856 5424285.5 -0.039994811825 -0.010719294715 0.041406379365 0 
2408 776 0.012512359404 0.06193631743 0.06318755063 43.674522193598 5156877 6 -16 17.088007490635 104.348271159003 2227900 0.02418622629 0.016875254102 0.029491485943 0 
2424 776 -0.002258514009 0.019766635035 0.01989524431 66.8577439208 4846473.5 -0.002258514009 0.019766635035 0.01989524431 66.8577439208 4846473.5 0.044652969115 0.025428863269 0.051385939108 0 
2440 776 0.01021391306 0.014486607787 0.017725287732 19.897871446712 4253989.5 0.01021391306 0.014486607787 0.017725287732 19.897871446712 4253989.5 0.021405416652 0.014941532788 0.02610442997 0 
2456 776 -0.002002742009 0.000966276684 0.002223660537 109.216559994545 2860199 -0.002002742009 0.000966276684 0.002223660537 109.216559994545 2860199 0.008278328672 0.008286194099 0.011712887699 0 
2472 776 0.00287398033 -0.000183635423 0.002879841125 49.676107320882 1079554 0.00287398033 -0.000183635423 0.002879841125 49.676107320882 1079554 0.005271705177 0.005462847203 0.007591678012 0 
2488 776 -0.00068995452 -0.000109903001 0.000698652924 138.860177234742 123048.9921875 -0.00068995452 -0.000109903001 0.000698652924 138.860177234742 123048.9921875 0.003288054955 0.0039451078 0.005135677263 0 
2504 776 0 0 0 0 0 0 0 0 0 0 0.002327378009 0.00373297589 0.004399067787 0 
2520 776 0 0 0 0 0 0 0 0 0 0 0.001366701062 0.00352084398 0.003776799455 0 
2536 776 0 0 0 0 0 0 0 0 0 0 0.000406024115 0.00330871207 0.003333531332 0 
24 792 0 0 0 0 0 0 0 0 0 0 0 0 0 0 
40 792 0 0 0 0 0 0 0 0 0 0 0 0 0 0 
56 792 0 0 0 0 0 0 0 0 0 0 0 0 0 0 
72 792 0 0 0 0 0 0 0 0 0 0 0 0 0 0 
88 792 0 0 0 0 0 0 0 0 0 0 0 0 0 0 
104 792 0 0 0 0 0 0 0 0 0 0 0 0 0 0 
120 792 0 0 0 0 0 0 0 0 0 0 0 0 0 0 
136 792 0 0 0 0 0 0 0 0 0 0 0 0 0 0 
152 792 0 0 0 0 0 0 0 0 0 0 0 0 0 0 
168 792 0 0 0 0 0 0 0 0 0 0 0 0 0 0 
184 792 0 0 0 0 0 0 0 0 0 0 0 0 0 0 
200 792 0 0 0 0 0 0 0 0 0 0 0 0 0 0 
216 792 0 0 0 0 0 0 0 0 0 0 0 0 0 0 
232 792 0 0 0 0 0 0 0 0 0 0 0 0 0 0 
248 792 0 0 0 0 0 0 0 0 0 0 0 0 0 0 
264 792 0 0 0 0 0 0 0 0 0 0 0 0 0 0 
280 792 0 0 0 0 0 0 0 0 0 0 0 0 0 0 
296 792 0 0 0 0 0 0 0 0 0 0 0 0 0 0 
312 792 0 0 0 0 0 0 0 0 0 0 0 0 0 0 
328 792 0 0 0 0 0 0 0 0 0 0 0 0 0 0 
344 792 0 0 0 0 0 0 0 0 0 0 0 0 0 0 
360 792 0 0 0 0 0 0 0 0 0 0 0 0 0 0 
376 792 0 0 0 0 0 0 0 0 0 0 0 0 0 0 
392 792 0 0 0 0 0 0 0 0 0 0 0 0 0 0 
408 792 0 0 0 0 0 0 0 0 0 0 0 0 0 0 
424 792 0 0 0 0 0 0 0 0 0 0 0 0 0 0 
440 792 0 0 0 0 0 0 0 0 0 0 0 0 0 0 
456 792 0 0 0 0 0 0 0 0 0 0 0 0 0 0 
472 792 0 0 0 0 0 0 0 0 0 0 0 0 0 0 
488 792 0 0 0 0 0 0 0 0 0 0 0 0 0 0 
504 792 0 0 0 0 0 0 0 0 0 0 0 0 0 0 
520 792 0 0 0 0 0 0 0 0 0 0 0 0 0 0 
536 792 0 0 0 0 0 0 0 0 0 0 0 0 0 0 
552 792 0 0 0 0 0 0 0 0 0 0 0 0 0 0 
568 792 0 0 0 0 0 0 0 0 0 0 0 0 0 0 
584 792 0 0 0 0 0 0 0 0 0 0 0 0 0 0 
600 792 0 0 0 0 0 0 0 0 0 0 0 0 0 0 
616 792 0 0 0 0 0 0 0 0 0 0 0 0 0 0 
632 792 0 0 0 0 0 0 0 0 0 0 0 0 0 0 
648 792 0 0 0 0 0 0 0 0 0 0 0 0 0 0 
664 792 0 0 0 0 0 0 0 0 0 0 0 0 0 0 
680 792 0 0 0 0 0 0 0 0 0 0 0 0 0 0 
696 792 0 0 0 0 0 0 0 0 0 0 0 0 0 0 
712 792 0 0 0 0 0 0 0 0 0 0 0 0 0 0 
728 792 0 0 0 0 0 0 0 0 0 0 0 0 0 0 
744 792 0 0 0 0 0 0 0 0 0 0 0 0 0 0 
760 792 0 0 0 0 0 0 0 0 0 0 0 0 0 0 
776 792 0 0 0 0 0 0 0 0 0 0 0 0 0 0 
792 792 0 0 0 0 0 0 0 0 0 0 0 0 0 0 
808 792 0 0 0 0 0 0 0 0 0 0 0 0 0 0 
824 792 0 0 0 0 0 0 0 0 0 0 0 0 0 0 
840 792 0 0 0 0 0 0 0 0 0 0 0 0 0 0 
856 792 0 0 0 0 0 0 0 0 0 0 -0.000863497089 -0.014277170906 0.014303259639 0 
872 792 0 0 0 0 0 0 0 0 0 0 -0.002590491267 -0.042831512717 0.042909778916 0 
888 792 0 0 0 0 0 0 0 0 0 0 -0.003123535959 -0.05117237016 0.051267611069 0 
904 792 0 0 0 0 0 0 0 0 0 0 -0.002462631163 -0.039299743235 0.039376825299 0 
920 792 0 0 0 0 0 0 0 0 0 0 -0.006489564258 -0.028046484349 0.028787492572 0 
936 792 0 0 0 0 0 0 0 0 0 0 -0.015204335241 -0.017412593502 0.023116449178 0 
952 792 -0.002189781048 0.000010562671 0.002189806523 27.849529508164 45672.99609375 -0.002189781048 0.000010562671 0.002189806523 27.849529508164 45672.99609375 -0.013012629182 -0.006795077914 0.014679972823 0 
968 792 0.003214343995 -0.002709386252 0.00420390071 128.840006270247 341918 0.003214343995 -0.002709386252 0.00420390071 128.840006270247 341918 0.000085553922 0.003806062416 0.003807023849 0 
984 792 0.001206662701 -0.003493163933 0.003695704146 117.712271984425 612992 0.001206662701 -0.003493163933 0.003695704146 117.712271984425 612992 0.009111497782 0.009692245448 0.013302594245 0 
1000 792 0.006675092613 0.011928931655 0.013669538098 23.088613569213 1832807.875 0.006675092613 0.011928931655 0.013669538098 23.088613569213 1832807.875 0.014065202397 0.010863471184 0.017772026464 0 
1016 792 0.033079564765 -0.003355523172 0.0332493179 48.050537101769 3854919 0.033079564765 -0.003355523172 0.0332493179 48.050537101769 3854919 0.01221757421 0.011100925929 0.016507564208 0 
1032 792 0.045313117437 -0.004630161422 0.045549061534 76.903177333038 5315511 0.045313117437 -0.004630161422 0.045549061534 76.903177333038 5315511 0.003568613223 0.010404609684 0.010999586492 0 
1048 792 -0.029802925194 0.008376741732 0.030957780155 2.982221332125 6101837.5 14 -16 21.260291625469 149.867286404149 4819647.5 -0.021063841464 0.007122080536 0.02223531984 0 
1064 792 -0.012751326169 0.002289609345 0.012955254919 9.015376295951 5999802 -16 4 16.492422502471 12.872148639939 5630728 -0.06167978985 0.001253338487 0.061692522507 0 
1080 792 -0.242367861288 -0.044744048353 0.24646340509 5.63782089111 6616089.5 15 0 15 175.178091845053 6492615.5 -0.113495479812 -0.009574186337 0.113898590781 0 
1096 792 -4.348491150823 -0.301804758298 4.358951869535 4.205894471931 6992641 -11 15 18.601075237738 61.922273749027 6896082 -0.176510911351 -0.025360493936 0.178323460258 0 
1112 792 -3.926854273488 -0.275240111745 3.936488486497 1.051461428463 7760775 0 15 15 92.957943077842 7647889.5 -0.883622949627 -0.045658352653 0.884801786998 0 
1128 792 -3.736893206327 -0.254059648931 3.745519608907 2.083347362395 8929640 9.28542385704 -0.152265641473 9.286672225855 177.25450004051 8869144 -2.234831594642 -0.070467762489 2.235942298442 0 
1144 792 -2.782324045019 -0.27524188956 2.795905075152 4.159971062579 9068420 13 0 13 170.19041554181 9028611 -2.269460991407 -0.392394954833 2.303134167194 0 
1160 792 -1.302171091904 -0.963506424228 1.619874742725 9.187243621263 8371910 -1.302171091904 -0.963506424228 1.619874742725 9.187243621263 8371910 -0.987511139922 -1.011439929686 1.4135731261 0 
1176 792 -0.104199125786 -0.728304792374 0.73572095825 5.154196184875 6889063 15 0 15 103.296293187635 6842636 -0.282938227991 -1.197258908691 1.230236942746 0 
1192 792 -0.149950505926 -0.376488182579 0.405251163908 12.405136377479 5794704.5 -16 -16 22.62741699797 35.688366256382 5763493 -0.155742255616 -0.949851891846 0.962535332665 0 
1208 792 -4.65527097911 -0.1072007467 4.656505115324 73.887674397181 5102923 9.255218148338 0.111779305038 9.255893127428 106.739536944595 5094115 -0.107904065695 0.343660292428 0.360202282038 0 
1224 792 -6.452179054828 1.768253065899 6.690092186257 71.699663685109 4531657 15 0 15 92.974425564273 4505291.5 -0.13942365823 2.683277644131 2.686897443515 0 
1240 792 0.495438996396 5.245421330026 5.268766907792 13.155664192178 3753354 -4 -11 11.70469991072 152.256906265447 3739810.5 -0.718901826067 5.275508519752 5.324266144503 0 
1256 792 -0.220120091022 8.990167338959 8.992861704539 11.407078522323 3480570 -17 0 17 77.190341038959 3454446.75 -1.846338569206 8.120352919292 8.327610560418 0 
1272 792 1.930476182528 9.341577123072 9.538962283058 16.04956719967 3003203.25 -14 1 14.035668847618 113.640003428276 2958017.75 2.275924806727 4.330292109919 4.891959063924 0 
1288 792 -5 -12 13 84.999374493079 2761430.25 26 -12 28.635642126553 2.84534988613 2761281.25 11.647888301733 -6.094673908366 13.14603940124 0 
1304 792 12.360663285617 -16.737406742586 20.806892639872 1.921463708516 2573543.5 12 6 13.416407864999 82.040451292562 2557843.5 6.219751643677 -9.041476082941 10.974224358351 0 
1320 792 -22 -20 29.732137494637 24.427419991424 2343169.25 -23 11 25.495097567964 43.406234186493 2343085 -14.008485167441 -4.510114413808 14.716616075445 0 
1336 792 -12.201546404975 13.662252701678 18.31761129507 48.558868967937 2563234 -12 -16 20 52.803685540616 2557345.75 -24.776515645311 -0.141154529253 24.776917728472 0 
1352 792 -37.153854612206 -3.781105724943 37.345758434502 14.669547781168 3062153 -42 19 46.097722286464 15.482462837097 2867274.25 -26.084339789934 4.065403570725 26.399247876968 0 
1368 792 -18.528804236153 4.200787941921 18.999031705712 6.04288243476 3273686.25 1 -12 12.041594578792 113.580489127271 3020985 -14.668663932853 4.998434097675 15.496904368414 0 
1384 792 -7 2 7.280109889281 148.37761630426 2686553.75 24 2 24.083189157585 10.913346104091 2686260.5 9.470511925933 2.657937051598 9.836423410442 0 
1400 792 5.694862368456 -2.675709219623 6.292128195105 27.302146126223 1995288.25 35 -2 35.057096285916 5.406329496792 1991894.125 20.979460570688 0.78242361976 20.99404564532 0 
1416 792 14.167539710285 -7.413715223424 15.990070508179 25.810921698748 2339474.75 13 15 19.849433241279 50.897254940107 2275922 19.858182001412 -0.628106197839 19.868112889677 0 
1432 792 -0.719787911939 -15.176991193441 15.194050030323 84.544363222722 2792464 29 -15 32.649655434629 19.178949105228 2784302.75 14.92986878939 -2.143694415906 15.082984048827 0 
1448 792 6.064976874794 -7.385149278172 9.556378725891 19.319224024251 3167998.25 19.522316775756 -16.709755737115 25.69701907006 9.274661492011 3155523.75 6.194520934621 -3.764341034441 7.248610420834 0 
1464 792 3.22117042988 -6.54638649237 7.295965669177 120.113899418279 3983193 3 15 15.297058540778 97.395673206858 3894454 -2.40124333662 0.164300735669 2.406857763434 0 
1480 792 -19 24 30.610455730028 10.024964665161 4936448 -19 -7 20.248456731317 61.832409381145 4936434 -10.857424024331 9.642230894422 14.520890918448 0 
1496 792 -11.249875236 8.575161737673 14.145426527779 4.229781160772 4890709 -25 -1 25.019992006394 43.836673565228 4855149 -9.276237869176 8.220226645594 12.394382401333 0 
1512 792 10.59964112384 -17.98368401316 20.874991799744 0.786364580647 4124974.75 11 11 15.556349186104 105.271130516068 4120600.75 2.342315128847 -4.101712010816 4.723397250125 0 
1528 792 8.738720578053 -12.177819764019 14.988813546983 28.178229148929 4433240 10 13 16.401219466857 78.590214435009 4414276 5.504866828196 -2.703815955398 6.133039989829 0 
1544 792 10.141019537043 20.157542030615 22.564724194341 25.730733450809 4472737 15 -4 15.52417469626 103.955726254813 4436760.5 0.211417228873 12.413914811847 12.415714969363 0 
1560 792 9.093231478563 20.884745864427 22.778486967848 29.448972565157 4514615 -17 23 28.60069929215 30.548601144377 4500402 -1.745389213143 16.830502962598 16.92076279248 0 
1576 792 8.171922546454 8.01904962699 11.449256527189 47.52620219543 4981656.5 -16 -1 16.031219541881 91.591094928649 4979608.5 -0.365552497851 10.545948496853 10.552282138332 0 
1592 792 4.343641099253 7.259607413881 8.459853296766 16.517306575148 5149669.5 8 -9 12.041594578792 123.990417256813 5147751 1.967503099454 7.676241866147 7.924377428793 0 
1608 792 4.607719432497 11.561288917476 12.445661083364 10.850514597819 5223773 -10 -8 12.806248474866 161.239938838485 5187593.5 5.253777578772 8.221383070481 9.756706331483 0 
1624 792 6.05389149899 11.832072545404 13.290881949714 9.262437083228 5013349.5 20 -8 21.540659228538 75.442372244215 4938034.5 6.442913467208 8.752048489295 10.867818856831 0 
1640 792 4.987237853905 10.737852086383 11.839510498347 5.932581313252 4672017.5 5 -7 8.602325267043 113.617042597964 4574956.5 5.534910764761 9.268238122591 10.795159798303 0 
1656 792 2.773226603369 10.323160837626 10.689173750722 5.942378849765 4182563.25 3 -6 6.708203932499 132.455581759264 4091165.25 3.864037064986 10.077005689641 10.792443009284 0 
1672 792 1.173656702843 11.11012194808 11.171941628801 1.261214905764 3809278.5 -15 11 18.601075237738 61.037652571017 3800456.25 1.430292367885 11.178351190446 11.26948408733 0 
1688 792 0.306117210752 4.910420493457 4.919952964133 2.42692995814 3821044.75 -16 19 24.839484696748 41.241198782174 3813828 0.10818794294 5.435360639314 5.436437244226 0 
1704 792 -11.794978149531 -9.934090135748 15.421013467768 49.075596365929 3268201.75 15 -12 19.209372712299 52.159490353682 3258046 -0.102276209849 -7.151965963755 7.152697223412 0 
1720 792 -1.07922494967 -12.23098956587 12.278510994922 5.083034875922 4745097 15 -18 23.43074902772 39.76508019535 4565443 0.009051529698 -12.808171786505 12.808174984861 0 
1736 792 -0.343340724931 -11.073698507915 11.079019879827 3.971466158999 7366114.5 -16 2 16.124515496597 99.320592145262 7179261.5 0.442171161579 -11.533256828938 11.54172987114 0 
1752 792 -0.048083679413 -6.974705510868 6.974871253547 4.579144284666 8012149 15 -7 16.552945357247 60.798953573422 7895371 0.565961162874 -7.736218393243 7.756892874459 0 
1768 792 0.009235592634 -0.655200684569 0.655265772974 14.219670797961 6006542 0 -17 17 15.027248459579 5826791 0.380421533582 -1.417056479422 1.467231954766 0 
1784 792 1.986954664764 10.495891263577 10.682308844845 12.659875529243 3879049.75 14 -11 17.804493814765 104.777664055906 3733774 2.190072689223 5.065916350734 5.519051264187 0 
1800 792 4.803192211066 12.469595120061 13.362689021102 6.03844020702 3047250.75 -11 -5 12.083045973595 141.548696367883 2958185 5.994914629797 11.712700097226 13.157748477081 0 
1816 792 7.248047450649 14.921146382943 16.588393569845 0.802034930239 3097635 7.248047450649 14.921146382943 16.588393569845 0.802034930239 3097635 7.852646844243 15.606117320049 17.470402407143 0 
1832 792 6.932922470521 17.17255883044 18.519238395981 2.886759338799 3232212 6.932922470521 17.17255883044 18.519238395981 2.886759338799 3232212 7.763269332562 16.746168019201 18.45812812983 0 
1848 792 10.371621377253 16.804710314238 19.747628180076 11.797311314926 3552615 -10 17 19.723082923316 50.350511315446 3534731.5 6.250831396305 17.281897722867 18.377619052768 0 
1864 792 9.437675613247 17.00572153057 19.449017603883 18.127149131907 3458868 -13 17 21.400934559033 48.307194689619 3425898 3.31533303547 17.213306431046 17.529670602301 0 
1880 792 -2.317867473773 16.452750661771 16.615219347465 1.501744074721 3131098.25 -18 18 25.455844122716 35.479186948331 3108296.5 -2.741406545107 16.345521926926 16.573816606599 0 
1896 792 -20.562944172685 17.603963210354 27.069063407522 10.355563372374 2938606 -3 -2 3.605551275464 84.612505852436 2835799.75 -11.919387345429 14.678544210505 18.908502183677 0 
1912 792 -12.870362987034 12.162893488757 17.708252918819 1.702044732874 2925081.75 -29 12 31.38470965295 22.603794585858 2888317.75 -13.680584362762 13.720387584759 19.375433517283 0 
1928 792 3.928513427518 12.599802496371 13.198039274747 48.100216788416 3100350 -24 13 27.294688127912 30.773898013136 3096172.5 -8.024997597108 13.471052049686 15.680236916544 0 
1944 792 -5.194171129558 13.619862093983 14.576695688058 8.218430361303 3206896.75 -2 -4 4.472135955 140.778159703617 2926073 -2.824445447676 12.577273161173 12.890511714344 0 
1960 792 3.584478392591 10.171404935237 10.784524268762 9.540795495054 3288993 -5 -5 7.071067811865 144.872039435682 3143035.25 1.921072085533 11.039050919218 11.204961541875 0 
1976 792 1.286141494742 18.809525418258 18.853445478336 11.665700518286 3468142.25 0 -10 10 164.422666731588 3458066 1.944909133772 6.976536326837 7.242563818035 0 
1992 792 10.251804080676 11.373642247176 15.312061418219 123.972650766876 3994339 8 -16 17.888543819998 124.622795719451 3965747.75 -2.752934302959 0.389729384029 2.780384194528 0 
2008 792 9.589758217573 10.923058998748 14.535359663993 166.225042074032 4359795 -18 10 20.591260281974 63.998550201071 4346198 -2.043420257988 -1.427841023353 2.4928490405 0 
2024 792 4.310100388016 9.900858187076 10.798331269014 45.965089220877 5443141 4 -15 15.52417469626 95.578751800441 5387350 4.073451268686 1.523825104691 4.349143385547 0 
2040 792 7.451454407069 3.046795119552 8.050287776295 0.628693698498 7738666.5 -4.937332660843 6.90068973437 8.485091196556 103.972841339875 7502490.5 7.694272185765 3.047973366945 8.275987319604 0 
2056 792 9.639190459068 3.32946374829 10.198005763744 0.569320244272 9210314 14 -13 19.104973174543 62.503600227145 8982960 8.81904249325 3.144603763406 9.362907845674 0 
2072 792 7.052332301874 -0.313615689042 7.059302068651 4.343922645217 8515634 17.693938608933 -13.977713041291 22.548878583233 40.105411037291 8480003 5.938763265365 0.186391338941 5.941687542549 0 
2088 792 6.069945847811 -4.697573007914 7.675378476664 61.490789238401 7925406.5 -16 -3 16.2788205961 70.153020170695 7920366.5 -0.946565497891 -5.826663906452 5.903049933768 0 
2104 792 1.95820769032 -5.71337862736 6.039641769013 45.920932253087 7596877.5 -11 9 14.212670403552 102.287151591669 7592670 -3.367474557957 -6.608397881774 7.416927090266 0 
2120 792 -0.765447528495 -2.056199657029 2.194052631193 11.101673225537 6470069 -1 13 13.038404810405 144.081172876448 6462069.5 -1.323963914835 -2.158810587024 2.532458015137 0 
2136 792 -18 14 22.803508501983 31.270674018545 5364658.5 13 14 19.104973174543 126.274593970785 5364315.5 -2.072800879824 0.239989243591 2.08664762824 0 
2152 792 -15.062414527807 -0.394293057501 15.067574404086 7.478790416433 4791323 8.016188987127 12.776026496265 15.08264363136 116.126515927392 4714268.5 -5.613985452927 0.58800161007 5.644694726831 0 
2168 792 6 15 16.155494421404 105.811027186835 4489392.5 6 -16 17.088007490635 116.546427519101 4488056.5 -5.543932923843 0.581749959013 5.574372186972 0 
2184 792 3.781491774985 -14.951629176812 15.422415345372 110.966866774527 4889147.5 -17 15 22.671568097509 34.650128574362 4883016.5 -1.862643292575 0.221234290418 1.87573576141 0 
2200 792 -1.55325047127 -11.990069662144 12.090258786708 141.1716678701 5679661 0 15 15 31.447072400538 5642114.5 -0.019541347694 0.031954802725 0.037456290352 0 
2216 792 0.108704620174 0.07130063181 0.130001825155 103.175029719454 7190650 -16 -1 16.031219541881 47.139967290184 7102841.5 -0.014627089199 0.013911495935 0.020186169958 0 
2232 792 0.161970350432 0.002191714437 0.161985178431 158.651653125102 8622751 -16 -2 16.124515496597 27.698108226917 8203343 -0.004559901126 0.001711510539 0.004870520157 0 
2248 792 0.022668913785 -0.023812235635 0.032877077396 22.864048483059 8187007 0.022668913785 -0.023812235635 0.032877077396 22.864048483059 8187007 0.010660216527 -0.004645153462 0.011628313166 0 
2264 792 -0.006631983701 -0.015661090613 0.017007438578 70.120306536593 7215673 -0.006631983701 -0.015661090613 0.017007438578 70.120306536593 7215673 0.007720504079 -0.007156987268 0.0105275187 0 
2280 792 -0.035739674859 -0.061670983071 0.071278569795 36.382940088062 7539482.5 -0.035739674859 -0.061670983071 0.071278569795 36.382940088062 7539482.5 -0.01337903847 -0.005823990879 0.014591694217 0 
2296 792 -0.008530482939 -0.030681695789 0.031845495689 5.620043490995 7966696.5 -0.008530482939 -0.030681695789 0.031845495689 5.620043490995 7966696.5 -0.001900246109 -0.010868239145 0.011033111864 0 
2312 792 0.076528559568 -0.000938002008 0.076534307845 27.164650863777 7630468 0.076528559568 -0.000938002008 0.076534307845 27.164650863777 7630468 0.04215688116 -0.022289732066 0.047686840792 0 
2328 792 0.062232924218 -0.081774680938 0.102762032382 19.814742860632 5831753 0.062232924218 -0.081774680938 0.102762032382 19.814742860632 5831753 0.055327998235 -0.035811180867 0.065906206564 0 
2344 792 -0.061872087302 -0.170906765715 0.181761595928 56.079728748472 3780621.5 -0.061872087302 -0.170906765715 0.181761595928 56.079728748472 3780621.5 0.037613105115 -0.051432585548 0.063718572901 0 
2360 792 0.010808408697 -0.153669595729 0.154049233526 0.440492391315 2896423 0.010808408697 -0.153669595729 0.154049233526 0.440492391315 2896423 0.003480680473 -0.044586505268 0.044722159928 0 
2376 792 -0.036092171442 -0.083233828008 0.090722185623 48.58019419149 2303718 -0.036092171442 -0.083233828008 0.090722185623 48.58019419149 2303718 -0.047069275691 -0.015272940027 0.049485143337 0 
2392 792 -0.021274479267 -0.028355395701 0.035449004689 59.944766855807 1745632.875 -0.021274479267 -0.028355395701 0.035449004689 59.944766855807 1745632.875 -0.046555493709 0.005571945363 0.046887744344 0 
2408 792 0.01318544033 -0.001222990156 0.013242036913 79.667182022089 1116118 0.01318544033 -0.001222990156 0.013242036913 79.667182022089 1116118 0.005022026418 0.0179481509 0.018637512443 0 
2424 792 -0.005782428624 0.000319046844 0.005791223677 138.528465797341 459947.96875 -0.005782428624 0.000319046844 0.005791223677 138.528465797341 459947.96875 0.024293271268 0.01919491606 0.030961392595 0 
2440 792 0.001787904374 0.001454226902 0.002304642691 0.47195731346 56726 0.001787904374 0.001454226902 0.002304642691 0.47195731346 56726 0.01125824084 0.009312240841 0.014610469407 0 
2456 792 0 0 0 0 0 0 0 0 0 0 0.003786699062 0.003775322502 0.005347162778 0 
2472 792 0 0 0 0 0 0 0 0 0 0 0.001878645933 0.002584161042 0.003194870707 0 
2488 792 0 0 0 0 0 0 0 0 0 0 0.001078251225 0.00224381629 0.002489445169 0 
2504 792 0 0 0 0 0 0 0 0 0 0 0.00138551494 0.002754288246 0.003083140508 0 
2520 792 0 0 0 0 0 0 0 0 0 0 0.001692778654 0.003264760202 0.003677520734 0 
2536 792 0 0 0 0 0 0 0 0 0 0 0.002000042369 0.003775232158 0.004272300004 0 
24 808 0 0 0 0 0 0 0 0 0 0 0 0 0 0 
40 808 0 0 0 0 0 0 0 0 0 0 0 0 0 0 
56 808 0 0 0 0 0 0 0 0 0 0 0 0 0 0 
72 808 0 0 0 0 0 0 0 0 0 0 0 0 0 0 
88 808 0 0 0 0 0 0 0 0 0 0 0 0 0 0 
104 808 0 0 0 0 0 0 0 0 0 0 0 0 0 0 
120 808 0 0 0 0 0 0 0 0 0 0 0 0 0 0 
136 808 0 0 0 0 0 0 0 0 0 0 0 0 0 0 
152 808 0 0 0 0 0 0 0 0 0 0 0 0 0 0 
168 808 0 0 0 0 0 0 0 0 0 0 0 0 0 0 
184 808 0 0 0 0 0 0 0 0 0 0 0 0 0 0 
200 808 0 0 0 0 0 0 0 0 0 0 0 0 0 0 
216 808 0 0 0 0 0 0 0 0 0 0 0 0 0 0 
232 808 0 0 0 0 0 0 0 0 0 0 0 0 0 0 
248 808 0 0 0 0 0 0 0 0 0 0 0 0 0 0 
264 808 0 0 0 0 0 0 0 0 0 0 0 0 0 0 
280 808 0 0 0 0 0 0 0 0 0 0 0 0 0 0 
296 808 0 0 0 0 0 0 0 0 0 0 0 0 0 0 
312 808 0 0 0 0 0 0 0 0 0 0 0 0 0 0 
328 808 0 0 0 0 0 0 0 0 0 0 0 0 0 0 
344 808 0 0 0 0 0 0 0 0 0 0 0 0 0 0 
360 808 0 0 0 0 0 0 0 0 0 0 0 0 0 0 
376 808 0 0 0 0 0 0 0 0 0 0 0 0 0 0 
392 808 0 0 0 0 0 0 0 0 0 0 0 0 0 0 
408 808 0 0 0 0 0 0 0 0 0 0 0 0 0 0 
424 808 0 0 0 0 0 0 0 0 0 0 0 0 0 0 
440 808 0 0 0 0 0 0 0 0 0 0 0 0 0 0 
456 808 0 0 0 0 0 0 0 0 0 0 0 0 0 0 
472 808 0 0 0 0 0 0 0 0 0 0 0 0 0 0 
488 808 0 0 0 0 0 0 0 0 0 0 0 0 0 0 
504 808 0 0 0 0 0 0 0 0 0 0 0 0 0 0 
520 808 0 0 0 0 0 0 0 0 0 0 0 0 0 0 
536 808 0 0 0 0 0 0 0 0 0 0 0 0 0 0 
552 808 0 0 0 0 0 0 0 0 0 0 0 0 0 0 
568 808 0 0 0 0 0 0 0 0 0 0 0 0 0 0 
584 808 0 0 0 0 0 0 0 0 0 0 0 0 0 0 
600 808 0 0 0 0 0 0 0 0 0 0 0 0 0 0 
616 808 0 0 0 0 0 0 0 0 0 0 0 0 0 0 
632 808 0 0 0 0 0 0 0 0 0 0 0 0 0 0 
648 808 0 0 0 0 0 0 0 0 0 0 0 0 0 0 
664 808 0 0 0 0 0 0 0 0 0 0 0 0 0 0 
680 808 0 0 0 0 0 0 0 0 0 0 0 0 0 0 
696 808 0 0 0 0 0 0 0 0 0 0 0 0 0 0 
712 808 0 0 0 0 0 0 0 0 0 0 0 0 0 0 
728 808 0 0 0 0 0 0 0 0 0 0 0 0 0 0 
744 808 0 0 0 0 0 0 0 0 0 0 0 0 0 0 
760 808 0 0 0 0 0 0 0 0 0 0 0 0 0 0 
776 808 0 0 0 0 0 0 0 0 0 0 0 0 0 0 
792 808 0 0 0 0 0 0 0 0 0 0 0 0 0 0 
808 808 0 0 0 0 0 0 0 0 0 0 0 0 0 0 
824 808 0 0 0 0 0 0 0 0 0 0 0 0 0 0 
840 808 0 0 0 0 0 0 0 0 0 0 0 0 0 0 
856 808 0 0 0 0 0 0 0 0 0 0 -0.000287832363 -0.004759056969 0.004767753213 0 
872 808 0 0 0 0 0 0 0 0 0 0 -0.000863497089 -0.014277170906 0.014303259639 0 
888 808 0 0 0 0 0 0 0 0 0 0 -0.001041178653 -0.01705745672 0.01708920369 0 
904 808 0 0 0 0 0 0 0 0 0 0 -0.000820877054 -0.013099914412 0.013125608433 0 
920 808 0 0 0 0 0 0 0 0 0 0 -0.002163188086 -0.009348828116 0.009595830857 0 
936 808 0 0 0 0 0 0 0 0 0 0 -0.005068111747 -0.005804197834 0.007705483059 0 
952 808 0 0 0 0 0 0 0 0 0 0 -0.000869593328 -0.001481094549 0.001717507967 0 
968 808 0 0 0 0 0 0 0 0 0 0 0.010432367171 0.00362048174 0.011042742993 0 
984 808 0 0 0 0 0 0 0 0 0 0 0.017495767827 0.000049204914 0.017495837018 0 
1000 808 0 0 0 0 0 0 0 0 0 0 0.02032060864 -0.012194925027 0.023699015421 0 
1016 808 0.005905775235 -0.011365805845 0.012808580079 15.410369397102 251993.96875 0.005905775235 -0.011365805845 0.012808580079 15.410369397102 251993.96875 0.016021168981 -0.017260657447 0.023550119979 0 
1032 808 0.045863990347 -0.023550907192 0.05155725788 45.936591884841 1174976 0.045863990347 -0.023550907192 0.05155725788 45.936591884841 1174976 0.00459744885 -0.015147992347 0.015830293998 0 
1048 808 -0.019669729423 -0.025175449791 0.0319484198 14.895999696934 2435498 -0.019669729423 -0.025175449791 0.0319484198 14.895999696934 2435498 -0.017543926745 -0.013269944635 0.021997290657 0 
1064 808 -0.009363125095 -0.000870372663 0.00940349191 7.678477547806 3198949 -0.009363125095 -0.000870372663 0.00940349191 7.678477547806 3198949 -0.050402957804 -0.011626514312 0.051726530818 0 
1080 808 -0.11466440137 -0.009232964837 0.115035527474 4.098951715609 4539527 -0.11466440137 -0.009232964837 0.115035527474 4.098951715609 4539527 -0.084283121526 -0.012900997558 0.085264765948 0 
1096 808 0.062589609259 -0.02770653884 0.068447874194 147.960779949949 5911372.5 0.062589609259 -0.02770653884 0.068447874194 147.960779949949 5911372.5 -0.11918441791 -0.017093394375 0.120403943473 0 
1112 808 -0.18978314232 -0.019164975376 0.190748361435 2.515864755345 7759205.5 -0.18978314232 -0.019164975376 0.190748361435 2.515864755345 7759205.5 -0.368731155071 -0.020941418178 0.369325341285 0 
1128 808 -0.177407615903 -0.018642191864 0.178384398134 4.317626427467 9295751 -0.177407615903 -0.018642191864 0.178384398134 4.317626427467 9295751 -0.83292333301 -0.024445068967 0.833281969125 0 
1144 808 -0.094634200065 -0.055785069897 0.109852655158 22.156758135895 9391920 -16 0 16 8.361786763695 9248448 -0.841556674044 -0.123696821784 0.850598929783 0 
1160 808 -0.514780559071 -0.230917660218 0.564200309994 14.763877733744 8799091 -14 15 20.518284528683 85.898620889168 8596252 -0.394631178173 -0.318696676628 0.507248793473 0 
1176 808 -0.162741849503 0.259633281293 0.306421850289 126.536671412074 7321089 15 4 15.52417469626 126.314672325123 7260599 -0.145730626168 -0.372180869906 0.399694902804 0 
1192 808 -2.734650709764 -0.06149480737 2.735342047304 70.251703149602 6174094.5 15 1 15.033296378373 112.274163581071 6157820.5 -0.09485501803 -0.284149401617 0.299563610749 0 
1208 808 -6.652766654588 -0.02753159775 6.652823622288 67.271880565691 5495144 9.686314563945 -0.096827474726 9.686798510941 113.537956831598 5475526.5 -0.062718863495 0.148006047406 0.160746526889 0 
1224 808 -5.782618616524 -0.379980177914 5.795089559255 90.704995877906 4780692 15 0 15 93.054547587997 4728793 -0.049322162563 0.924285477164 0.925600518051 0 
1240 808 0.241213317587 0.757838252162 0.795300371571 24.775466648639 3973631.75 -11.808971796754 0.737963068027 11.832007622813 79.304490885274 3970987.75 -0.223430992448 1.788810010105 1.802709810435 0 
1256 808 9.448843872959 2.822435332892 9.861378795275 85.414822790313 3471130.25 0.075549416525 -8.44240819353 8.442746225045 168.466640984763 3466970.75 -0.585045353148 2.741579646229 2.803308228122 0 
1272 808 -0.313945009413 1.023736743808 1.07079334587 38.719530125548 3088999.25 -5.219143703496 15.121936509774 15.997263041014 40.712008369599 3076624 0.588275884421 1.480486888021 1.59308190053 0 
1288 808 2.672446570345 -1.034004320235 2.865507914072 10.022675605763 3383205.75 6 -17 18.02775637732 39.385187626368 3299175 3.29653272026 -1.994468264518 3.852925075045 0 
1304 808 5.822327061324 -1.733524354258 6.074915562856 48.334906979781 3526649 -13 -18 22.203603311175 60.922510611026 3470545.75 1.396043173885 -2.982284565021 3.292864675342 0 
1320 808 -14.159570449895 -2.615445191614 14.399096807643 5.708293481384 3127527.75 10 -9 13.453624047074 121.839221589721 3091855.75 -5.113192754704 -1.482962013489 5.323900494958 0 
1336 808 -19.778163951619 -5.852459304454 20.625882992187 16.405195751035 3140336.75 3 -16 16.2788205961 100.541097536207 3089917 -12.866300105391 -0.017640882099 12.866312199022 0 
1352 808 -27.922147724748 9.055530969351 29.353857918501 14.268988489011 4128266 -6 -2 6.324555320337 22.134541720274 4079787 -21.863278878174 1.413678829151 21.908935417697 0 
1368 808 -30.799678636626 11.704812636269 32.948791221676 15.293032158659 4590543.5 -30 -15 33.541019662497 32.080329499684 4502086.5 -17.966603999194 1.734822663437 18.05016534377 0 
1384 808 -8.791461391135 0.212316280872 8.794024766564 37.417768509972 4256382 14 0 14 141.198791113845 4213866 -1.176275468451 0.945790620758 1.509352137837 0 
1400 808 19.250134606918 -0.175483616089 19.250934441838 2.935598922058 3923518 -9 0 9 177.586693118129 3913361 7.359597061941 0.310170786276 7.36613024802 0 
1416 808 13.331646296233 -0.471287031154 13.33997392927 0.73482780321 3676314 -9 0 9 178.710207792782 3643656.25 7.641013591982 -0.172036840009 7.642950044791 0 
1432 808 15.566604920037 0.055516260212 15.566703915462 6.663904188602 4167518 -10 0 10 173.540432847973 4147278.75 6.058216137004 -0.685916190221 6.096922484554 0 
1448 808 6.382544004196 -0.702911535641 6.421133279448 18.964304833961 4375244.5 17 -17 24.041630560343 19.751019954373 4228929 2.611204697007 -1.231467264359 2.887022963687 0 
1464 808 3.31530599272 -15.099257834532 15.458940486949 109.612252939029 4696728 4 15 15.52417469626 97.702943107881 4689977 -0.557431977444 0.070701498896 0.561897776667 0 
1480 808 0 18 18 46.950585954881 4357458 0 -13 13 133.049414045119 4354248 -3.447693886349 3.220590099547 4.717922606749 0 
1496 808 1.684191620532 -11.957592083519 12.075616334188 140.559747755866 3524758.5 2 17 17.117242768624 54.16729357784 3518896.75 -2.983918939198 2.738336710353 4.049970391864 0 
1512 808 13.061162878017 -1.246265156712 13.120485988214 53.333571263173 3353937.75 -16 -1 16.031219541881 117.639568601232 3348243 0.833892864009 -1.376058668686 1.609010493537 0 
1528 808 1.244865428115 9.566078937595 9.646738110595 108.730696496268 3482619 1 -16 16.031219541881 60.278546483409 3436134.75 1.860863507833 -0.913445404666 2.072967800543 0 
1544 808 -0.256758695887 7.900543900522 7.904714982338 3.207982042892 4116164 -8 -12 14.422205101856 147.656521948245 4042317.75 0.096992992274 4.126176502413 4.127316339901 0 
1560 808 3.616283071018 5.091486564359 6.245057140234 40.902200807633 4373511 15 -11 18.601075237738 131.771355118047 4344320 -0.541174293621 5.602355930495 5.628433315589 0 
1576 808 7.198555466671 2.926576096189 7.770717370586 68.750010064176 4609895.5 -16 3 16.2788205961 78.506111049463 4606529 -0.053638349853 3.51509287958 3.515502101357 0 
1592 808 7.923287214195 2.582908026257 8.333660309295 57.87642934707 4846706.5 -16 2 16.124515496597 96.943132368061 4845105 0.936542173087 3.737322639354 3.852880967873 0 
1608 808 1.69065667489 15.985576746205 16.074731223294 15.145003770882 4620024 2 -10 10.198039027186 147.507826009294 4617909.5 2.429367275197 6.269045209819 6.723299279413 0 
1624 808 2.153610780096 16.767835952836 16.905571919736 13.362192772234 4279958 17 -9 19.235384061671 97.216247879687 4276641 2.849065677123 7.547392594856 8.067236838809 0 
1640 808 1.866479866739 -5.853448739405 6.14382692121 146.144433537641 3758735 2 22 22.090722034375 10.975298354122 3757293 2.195637378864 7.572364794465 7.884258499054 0 
1656 808 0.927204839993 -2.76033102652 2.911895635368 150.674273356263 3242044.75 1 22 22.022715545545 8.155784475156 3233349 1.458446503225 7.675756920317 7.813085850198 0 
1672 808 13.188477761339 -2.698131626971 13.461644028045 96.923858185363 3186392.5 -16 -3 16.2788205961 105.257964659992 3186143 0.637493050209 7.857568972413 7.883386806778 0 
1688 808 6.280258473719 9.575147442531 11.450986640589 29.800946953016 3592219 -9.129746435849 1.851081764415 9.315512529187 81.998073996869 3591962.75 0.152478157365 2.522191945355 2.526796746414 0 
1704 808 1.349197013229 -21.856761671121 21.898364398482 3.508934120264 3513440.25 0 7 7 179.97660246908 3507038 0.003401824695 -8.330374160855 8.330374855446 0 
1720 808 -0.347853294624 -13.176932478628 13.181523108538 3.42185719476 4743517 15 -16 21.931712199461 41.242712847594 4394218 0.442057978116 -13.258094582384 13.265462193661 0 
1736 808 0.886954258626 -12.04586502825 12.078474743762 2.618382540188 9341998 -15 3 15.297058540778 108.139485711659 8620082 1.468446617627 -12.260969319231 12.3485911794 0 
1752 808 0.965547714858 -11.916040750166 11.955095547476 2.379006967955 10256877 -15 -12 19.209372712299 58.351711200524 10073352 1.558697581765 -12.673507587725 12.768998892926 0 
1768 808 0 -30 30 2.815190492153 6433414 0 1 1 177.184809507847 6432630.5 0.712810870528 -14.495709387867 14.513224658726 0 
1784 808 1.694611875395 -20.568855376058 20.638544543873 9.86323099649 3999664.75 -2 8 8.246211251235 179.463206491599 3989134.75 2.019220569498 -7.766889335838 8.025074558123 0 
1800 808 5.016231864268 14.364152422681 15.21484330968 16.846789084454 3803617 15 -9 17.492855684536 84.86680647584 3644029 5.477926678676 7.512952568362 9.29796413154 0 
1816 808 6.337031803371 14.18878683205 15.539615305479 0.155965587113 4090531 -10 15 18.02775637732 57.912647917878 4011816 6.801622290023 15.118357873946 16.577901271899 0 
1832 808 8.275411282854 14.895847940854 17.040208853692 7.349652954051 4225342.5 -11 15 18.601075237738 57.958613128536 4203022 5.990307403539 15.049326580914 16.197716299771 0 
1848 808 8.246573525223 14.558518618568 16.731898854407 9.773054952568 4472405 2 -2 2.828427124746 115.243966272283 4311867 5.361170245406 14.927153094151 15.860707610207 0 
1864 808 6.139577117686 14.445003093404 15.69562109483 4.602783934953 4608273 6.139577117686 14.445003093404 15.69562109483 4.602783934953 4608273 4.914210815625 14.75183741366 15.548831950325 0 
1880 808 -2.567177592228 14.19670615726 14.426949313893 18.892777961611 4286060 -2.567177592228 14.19670615726 14.426949313893 18.892777961611 4286060 2.130810728091 14.018499480781 14.17951628412 0 
1896 808 -11.920397269559 12.055635470713 16.953885031663 31.460155159662 3743970 13 12 17.691806012954 60.507278147918 3720032.75 -2.989030017194 12.727139295516 13.073422470461 0 
1912 808 5.689797093453 12.186603273492 13.449427136877 42.780631086985 3976834 -19 12 22.472205054244 39.97110130765 3942681.75 -3.875748591075 12.105467001047 12.710773322448 0 
1928 808 -1.580304121983 12.452574598148 12.552448973821 4.738564494536 4566446.5 -1.580304121983 12.452574598148 12.552448973821 4.738564494536 4566446.5 -0.52934499355 12.153482597372 12.165004947259 0 
1944 808 1.035334435513 10.988781309637 11.037446809131 1.469746524479 4761208.5 1 -7 7.071067811865 165.017780344942 4203608.5 1.201081709643 9.995234714042 10.06714032196 0 
1960 808 6.378828524649 8.417293743152 10.561263527883 24.005339538626 4540187.5 -15 -11 18.601075237738 139.404226307135 4143342.5 1.315531518504 5.630723351055 5.782358397081 0 
1976 808 -13.718703045146 2.271373144263 13.905464724394 95.047555516913 4442847.5 15 2 15.132745950422 67.956758093408 4439686.5 0.605626682939 2.350481592632 2.427250995754 0 
1992 808 -8.291109200804 -0.347492496899 8.298387964844 11.846496799731 5404857.5 0 15 15 80.553448441207 5276915.5 -0.928632797053 0.154509438772 0.941398979409 0 
2008 808 12.348077456892 -0.093177420758 12.348429005876 69.415741848025 6427322 -16 0 16 110.151917842464 6412851.5 0.180270524077 -0.491232650077 0.523265686198 0 
2024 808 2.557678853118 -5.289769499855 5.87566017374 70.194852754376 6252858 -13 15 19.849433241279 124.915102483842 6108709.5 3.932336646327 0.413255326085 3.953991839216 0 
2040 808 6.30623882578 -3.914580660161 7.422438270049 39.261437822858 7156947 -5.055247097994 -3.369403886127 6.075228865617 153.747510384125 7075229.5 6.418277300276 0.837189332619 6.472647795292 0 
2056 808 9.490555938503 -0.280844930764 9.4947104167 7.53004862843 10088575 -9 -6 10.816653826392 152.144976633755 9607732 7.638092485925 0.780569369525 7.677873752816 0 
2072 808 7.857652320123 -1.835639322386 8.069217539875 11.39595068415 10519286 -5.691841225533 -0.359645777134 5.70319223082 174.63130926084 10392247 5.838891469058 -0.178720176444 5.841626014126 0 
2088 808 1.083741741873 -2.421551554607 2.652999829381 2.462129875104 8405298 -15 -2 15.132745950422 108.977922851327 8345503 1.020674249678 -2.040679305288 2.281698479419 0 
2104 808 -1.059289086405 -5.006416701702 5.11725527599 13.846103910697 7394848 -14 13 19.104973174543 107.086000080153 7365458.5 -1.07483134059 -2.224098379913 2.470197565833 0 
2120 808 0.108987401216 -0.02709250365 0.112304307032 107.591969226394 6933212 15 -12 19.209372712299 82.892010466902 6699386.5 -0.447625301745 -0.728977400318 0.855439337965 0 
2136 808 0.00262493155 0.033359452853 0.033462566553 88.140984379174 6032026.5 0 -16 16 96.358137684264 5341168.5 -0.729461136347 0.081282544843 0.733975749965 0 
2152 808 -0.726241705078 0.061455010009 0.728837246887 1.306080268 4744760.5 -2 15 15.132745950422 76.262396130077 3752374.75 -1.920338844394 0.20668145557 1.93142913444 0 
2168 808 -0.559111398617 0.014079670298 0.55928864925 4.741205553434 4221009 1 15 15.033296378373 87.630338813423 2930783 -1.885567917798 0.204296689222 1.896603150334 0 
2184 808 0.006458276816 -0.062001677472 0.062337126568 102.709039709704 3929351.5 -8 15 17 55.16512500015 2222232 -0.625148356558 0.074128245799 0.629527969619 0 
2200 808 -0.038028885059 -0.106181643827 0.11278624732 127.353415946036 3821975.75 14 15 20.518284528683 29.326469302893 1310682 0.006713323644 0.002135843395 0.007044894701 0 
2216 808 0.073005995627 -0.028234051487 0.078275392435 28.240578586765 4604512 0.073005995627 -0.028234051487 0.078275392435 28.240578586765 4604512 0.010017122807 -0.01168051799 0.015387568029 0 
2232 808 0.112873138774 0.00724430531 0.113105373065 52.383952552325 5307686 0.112873138774 0.00724430531 0.113105373065 52.383952552325 5307686 0.01694944018 -0.019301084736 0.025686872025 0 
2248 808 0.031312606361 -0.003131642543 0.031468817934 31.282573496337 4625114 0.031312606361 -0.003131642543 0.031468817934 31.282573496337 4625114 0.027510275765 -0.020725856842 0.03444381533 0 
2264 808 0.004805104534 0.006683051997 0.008231173281 99.380214314915 3664035 0.004805104534 0.006683051997 0.008231173281 99.380214314915 3664035 0.01855203977 -0.018614503476 0.026280751878 0 
2280 808 -0.017194065926 0.000635077091 0.017205790478 54.684006503493 3271080 -0.017194065926 0.000635077091 0.017205790478 54.684006503493 3271080 -0.009925267805 -0.012967024638 0.016329564261 0 
2296 808 0.00749305127 -0.002770309307 0.007988769053 101.313011189312 2356515 0.00749305127 -0.002770309307 0.007988769053 101.313011189312 2356515 -0.006701109259 -0.010891123043 0.012787549665 0 
2312 808 0.035760420734 0.005577420977 0.036192752255 32.559860197202 1059199 0.035760420734 0.005577420977 0.036192752255 32.559860197202 1059199 0.028224515407 -0.012386798691 0.030822979281 0 
2328 808 0.005208073729 0.0104626707 0.011687237062 86.368216117314 245098.984375 0.005208073729 0.0104626707 0.011687237062 86.368216117314 245098.984375 0.039893150196 -0.016795160174 0.043284417957 0 
2344 808 0 0 0 0 0 0 0 0 0 0 0.028304795109 -0.024116207493 0.037185385436 0 
2360 808 0 0 0 0 0 0 0 0 0 0 0.005025678496 -0.021774651074 0.022347099896 0 
2376 808 0 0 0 0 0 0 0 0 0 0 -0.029944199642 -0.009770490918 0.031497898104 0 
2392 808 0 0 0 0 0 0 0 0 0 0 -0.033004288493 -0.000814953657 0.033014348523 0 
2408 808 0 0 0 0 0 0 0 0 0 0 -0.004154588057 0.005091960707 0.00657180841 0 
2424 808 0 0 0 0 0 0 0 0 0 0 0.008097757089 0.006398305353 0.010320464198 0 
2440 808 0 0 0 0 0 0 0 0 0 0 0.003752746947 0.00310408028 0.004870156469 0 
2456 808 0 0 0 0 0 0 0 0 0 0 0.001262233021 0.001258440834 0.001782387593 0 
2472 808 0 0 0 0 0 0 0 0 0 0 0.000626215311 0.000861387014 0.001064956902 0 
2488 808 0 0 0 0 0 0 0 0 0 0 0.000359417075 0.000747938763 0.000829815056 0 
2504 808 0 0 0 0 0 0 0 0 0 0 0.000461838313 0.000918096082 0.001027713503 0 
2520 808 0 0 0 0 0 0 0 0 0 0 0.000564259551 0.001088253401 0.001225840245 0 
2536 808 0 0 0 0 0 0 0 0 0 0 0.00066668079 0.001258410719 0.001424100001 0 
24 824 0 0 0 0 0 0 0 0 0 0 0 0 0 0 
40 824 0 0 0 0 0 0 0 0 0 0 0 0 0 0 
56 824 0 0 0 0 0 0 0 0 0 0 0 0 0 0 
72 824 0 0 0 0 0 0 0 0 0 0 0 0 0 0 
88 824 0 0 0 0 0 0 0 0 0 0 0 0 0 0 
104 824 0 0 0 0 0 0 0 0 0 0 0 0 0 0 
120 824 0 0 0 0 0 0 0 0 0 0 0 0 0 0 
136 824 0 0 0 0 0 0 0 0 0 0 0 0 0 0 
152 824 0 0 0 0 0 0 0 0 0 0 0 0 0 0 
168 824 0 0 0 0 0 0 0 0 0 0 0 0 0 0 
184 824 0 0 0 0 0 0 0 0 0 0 0 0 0 0 
200 824 0 0 0 0 0 0 0 0 0 0 0 0 0 0 
216 824 0 0 0 0 0 0 0 0 0 0 0 0 0 0 
232 824 0 0 0 0 0 0 0 0 0 0 0 0 0 0 
248 824 0 0 0 0 0 0 0 0 0 0 0 0 0 0 
264 824 0 0 0 0 0 0 0 0 0 0 0 0 0 0 
280 824 0 0 0 0 0 0 0 0 0 0 0 0 0 0 
296 824 0 0 0 0 0 0 0 0 0 0 0 0 0 0 
312 824 0 0 0 0 0 0 0 0 0 0 0 0 0 0 
328 824 0 0 0 0 0 0 0 0 0 0 0 0 0 0 
344 824 0 0 0 0 0 0 0 0 0 0 0 0 0 0 
360 824 0 0 0 0 0 0 0 0 0 0 0 0 0 0 
376 824 0 0 0 0 0 0 0 0 0 0 0 0 0 0 
392 824 0 0 0 0 0 0 0 0 0 0 0 0 0 0 
408 824 0 0 0 0 0 0 0 0 0 0 0 0 0 0 
424 824 0 0 0 0 0 0 0 0 0 0 0 0 0 0 
440 824 0 0 0 0 0 0 0 0 0 0 0 0 0 0 
456 824 0 0 0 0 0 0 0 0 0 0 0 0 0 0 
472 824 0 0 0 0 0 0 0 0 0 0 0 0 0 0 
488 824 0 0 0 0 0 0 0 0 0 0 0 0 0 0 
504 824 0 0 0 0 0 0 0 0 0 0 0 0 0 0 
520 824 0 0 0 0 0 0 0 0 0 0 0 0 0 0 
536 824 0 0 0 0 0 0 0 0 0 0 0 0 0 0 
552 824 0 0 0 0 0 0 0 0 0 0 0 0 0 0 
568 824 0 0 0 0 0 0 0 0 0 0 0 0 0 0 
584 824 0 0 0 0 0 0 0 0 0 0 0 0 0 0 
600 824 0 0 0 0 0 0 0 0 0 0 0 0 0 0 
616 824 0 0 0 0 0 0 0 0 0 0 0 0 0 0 
632 824 0 0 0 0 0 0 0 0 0 0 0 0 0 0 
648 824 0 0 0 0 0 0 0 0 0 0 0 0 0 0 
664 824 0 0 0 0 0 0 0 0 0 0 0 0 0 0 
680 824 0 0 0 0 0 0 0 0 0 0 0 0 0 0 
696 824 0 0 0 0 0 0 0 0 0 0 0 0 0 0 
712 824 0 0 0 0 0 0 0 0 0 0 0 0 0 0 
728 824 0 0 0 0 0 0 0 0 0 0 0 0 0 0 
744 824 0 0 0 0 0 0 0 0 0 0 0 0 0 0 
760 824 0 0 0 0 0 0 0 0 0 0 0 0 0 0 
776 824 0 0 0 0 0 0 0 0 0 0 0 0 0 0 
792 824 0 0 0 0 0 0 0 0 0 0 0 0 0 0 
808 824 0 0 0 0 0 0 0 0 0 0 0 0 0 0 
824 824 0 0 0 0 0 0 0 0 0 0 0 0 0 0 
840 824 0 0 0 0 0 0 0 0 0 0 0 0 0 0 
856 824 0 0 0 0 0 0 0 0 0 0 0 0 0 0 
872 824 0 0 0 0 0 0 0 0 0 0 0 0 0 0 
888 824 0 0 0 0 0 0 0 0 0 0 0 0 0 0 
904 824 0 0 0 0 0 0 0 0 0 0 0 0 0 0 
920 824 0 0 0 0 0 0 0 0 0 0 0 0 0 0 
936 824 0 0 0 0 0 0 0 0 0 0 0 0 0 0 
952 824 0 0 0 0 0 0 0 0 0 0 0.003901443449 0.000881922851 0.003999881111 0 
968 824 0 0 0 0 0 0 0 0 0 0 0.011704330346 0.002645768552 0.011999643332 0 
984 824 0 0 0 0 0 0 0 0 0 0 0.016265927137 -0.003579236515 0.016655068888 0 
1000 824 0 0 0 0 0 0 0 0 0 0 0.017586233821 -0.01779309235 0.02501738906 0 
1016 824 0 0 0 0 0 0 0 0 0 0 0.013442224774 -0.023581086852 0.027143342904 0 
1032 824 0 0 0 0 0 0 0 0 0 0 0.003833899997 -0.020943220022 0.021291248298 0 
1048 824 0 0 0 0 0 0 0 0 0 0 -0.01183797704 -0.017599467916 0.02121035057 0 
1064 824 -0.000919158684 -0.000669560398 0.001137173607 14.093014649001 79040 -0.000919158684 -0.000669560398 0.001137173607 14.093014649001 79040 -0.033573406336 -0.013549830533 0.036204578723 0 
1080 824 -0.081433907318 0.018146649277 0.083431301926 23.305164567587 655101 15 0 15 169.257313701017 185382.03125 -0.055399981034 -0.010510688608 0.056388229921 0 
1096 824 0.092357192889 0.034597173127 0.098624618969 165.724485711739 1805204.875 0.092357192889 0.034597173127 0.098624618969 165.724485711739 1805204.875 -0.077317701135 -0.008482042139 0.077781565603 0 
1112 824 -0.083578339502 0.013791386324 0.084708566099 11.572254116676 3417180.75 -0.083578339502 0.013791386324 0.084708566099 11.572254116676 3417180.75 -0.09349890658 -0.003595507084 0.093568013781 0 
1128 824 -0.069099693164 -0.006163473763 0.069374029753 7.382864937314 4402954 -0.069099693164 -0.006163473763 0.069374029753 7.382864937314 4402954 -0.103943597371 0.004148916557 0.104026366576 0 
1144 824 -0.001633705862 0.01269927433 0.012803927654 73.910727410857 4543881 -0.001633705862 0.01269927433 0.012803927654 73.910727410857 4543881 -0.101112573709 0.01557840375 0.102305616784 0 
1160 824 -0.020301520553 0.038362033373 0.04340273426 42.258749464341 4774419 -8 -16 17.888543819998 83.288018241921 1917836.125 -0.085005835594 0.030692954497 0.090377262299 0 
1176 824 -0.018635275714 0.05854811849 0.061442295527 42.768535176824 5342782 -16 -16 22.62741699797 74.575716619965 3597612 -0.070789496409 0.040174355954 0.081394911869 0 
1192 824 -0.084675362023 0.050880972618 0.098786589719 5.978033117671 5543072 -0.084675362023 0.050880972618 0.098786589719 5.978033117671 5543072 -0.058463556154 0.044022608124 0.073184543616 0 
1208 824 -0.09456225182 0.037088469802 0.101575459938 30.081430005599 5129945.5 -0.09456225182 0.037088469802 0.101575459938 30.081430005599 5129945.5 -0.034637267783 0.043540564644 0.055637407281 0 
1224 824 -0.064038326627 0.057483814588 0.086054030799 49.107124319744 4812507 -0.064038326627 0.057483814588 0.086054030799 49.107124319744 4812507 0.000689368703 0.038728225514 0.038734360465 0 
1240 824 0.00174768248 0.06231573562 0.062340238208 27.237399309818 4277613 0 -16 16 151.156127019749 3045229 0.022671114896 0.041163909668 0.046994115693 0 
1256 824 -0.068215938136 0.051321166109 0.085365545195 84.666114046839 3392015 0 -16 16 148.378499876779 2362172 0.031307970795 0.050847617106 0.059713224672 0 
1272 824 -0.039070974732 0.076524806072 0.085921982116 47.32307461738 2717570 -9 -16 18.357559750686 76.27185426676 1746539 -0.191988004406 0.053710973955 0.199359631217 0 
1288 824 0.025073438531 0.086148929563 0.089723549777 101.831614326586 2886578.75 0.025073438531 0.086148929563 0.089723549777 101.831614326586 2886578.75 -0.647216810708 0.049753980214 0.649126381077 0 
1304 824 -0.035375546626 0.009477099938 0.0366230081 12.281834944783 2990539 -0.035375546626 0.009477099938 0.0366230081 12.281834944783 2990539 -0.752854043206 0.035708103421 0.753700390753 0 
1320 824 -0.176068599764 -0.101889547121 0.203424756692 31.360427061987 2546067 -12.190229539928 -0.2191258033 12.192198831786 2.332600971319 2539794 -0.508899701901 0.011573343575 0.509031284772 0 
1336 824 -5.055367556404 -0.192398502261 5.059027407913 2.353325623103 2629778 -11 15 18.601075237738 53.572362527949 1738323.375 -5.195757037373 0.015760741394 5.195780941531 0 
1352 824 -15.218771595999 -0.259201583715 15.220978758023 1.162450835966 3130695 -27 15 30.886890422961 28.867903568838 2286317 -14.813426049622 0.048270296877 14.813504695013 0 
1368 824 -12.071439785096 -0.154016054947 12.072422268559 0.979221207776 3666135.25 -12 -16 20 53.378342726197 2836656.25 -14.705185852223 0.063712260823 14.705323872687 0 
1384 824 0.32661938221 -0.011814601467 0.326832993504 178.658635519795 4511045.5 0.32661938221 -0.011814601467 0.326832993504 178.658635519795 4511045.5 -4.871036445178 0.062086633232 4.871432109789 0 
1400 824 0.027354567307 -0.045693813674 0.053255957043 66.505948223499 5622377.5 -16 0 16 172.587235221266 5485341.5 0.437566374304 0.056929081172 0.441254180949 0 
1416 824 0.724697672883 0.021403955049 0.725013687025 0.571439776696 5205100.5 13 -16 20.615528128088 53.169320675376 4556409.5 1.220622606223 0.048239604642 1.221575460738 0 
1432 824 14.713144920294 0.090951994867 14.7134260358 0.888624760073 4634414.5 -15 0 15 178.75719541668 4626507.5 1.91995251052 0.041652283908 1.920404268743 0 
1448 824 4.924451543247 0.140241156595 4.926448069735 0.791456271069 4592958 -6.195354067495 -12.103823032233 13.597240308873 117.945485200874 4251463 2.535556087196 0.037167118971 2.535828477254 0 
1464 824 11.51588719049 0.050698813686 11.515998790978 0.319417619859 3985605 -14 -13 19.104973174543 137.692757654851 3872361.75 2.179122245221 0.02174263293 2.17923071328 0 
1480 824 0.058213774795 0.031573518955 0.066224849378 28.785419801529 3584727 7.035049494982 14.292622220268 15.930190561577 64.104133254173 3573896 0.850650984594 -0.004621174216 0.8506635368 0 
1496 824 0.370876120577 -4.075693494157 4.092533024317 76.751465998685 3363052.75 -9 15 17.492855684536 129.012862788916 3335758.25 0.148365178927 -0.020981052075 0.149841352317 0 
1512 824 12.155852051518 0.210837942887 12.157680360026 21.714757369865 3166660.25 -16 0 16 159.278913257737 3160362.25 0.07226482822 -0.027337000647 0.077262649463 0 
1528 824 11.604276977766 0.248015068855 11.606927054613 37.651405508111 2972338 -0.031208461184 0.510976147088 0.511928306448 129.922089402747 2970386.25 0.035160048452 -0.02594783058 0.043698042507 0 
1544 824 6.880311116362 1.879075103263 7.132293060555 39.683857012667 3283498.75 -16 4 16.492422502471 169.62786203842 3275964.75 0.037050839621 -0.016813541874 0.040687343327 0 
1560 824 2.912833044005 1.236951288753 3.164592364428 30.024738018706 3705400.75 -14.953102802337 2.698646031285 15.194669256664 176.785678219886 3697461 0.052306284849 -0.006437189672 0.052700899855 0 
1576 824 0.302070902841 1.086079828894 1.127304850106 70.793877297141 4283985.5 -16 5 16.76305461424 158.982673680211 4268748.5 0.080926384134 0.005181226025 0.081092075766 0 
1592 824 5.940717733708 1.055527194898 6.033760423713 66.464585668183 4967226.5 -16 1 16.031219541881 99.88409529371 4960616.5 0.319210554945 1.333664650971 1.371333941693 0 
1608 824 3.961053172555 2.542049387859 4.706586589676 46.396439447506 4978393 1 18 18.02775637732 7.732966092224 4949374 0.767158797283 3.979013085165 4.052292900589 0 
1624 824 8.903250582749 4.647722366284 10.043365677564 53.786680469242 4878523.5 -16 5 16.76305461424 81.293595229055 4873950.5 0.793766025854 5.219191218439 5.279206519775 0 
1640 824 0.144892305355 4.685381648313 4.687621461946 2.742905326117 4604729 -16 5 16.76305461424 77.160150005866 4578801 0.399032240656 5.054199050793 5.069926505791 0 
1656 824 0.14750549973 3.047670988951 3.051238491062 0.436142939011 3602312.25 0 19 19 2.334777118167 3519853.25 0.198476126462 4.867937578243 4.871982044143 0 
1672 824 -0.383433851737 0.279314310747 0.474381705851 56.288689189785 3013889.75 15 -5 15.811388300842 106.074605618388 3007918.5 0.192097683273 4.660406800789 4.664364165539 0 
1688 824 -8.468501130388 -0.164972960247 8.470107878474 102.060113691593 3164215 12 -16 20 132.186013655723 3160809.75 0.159275015196 0.8236894677 0.838947477299 0 
1704 824 0.364990939851 5.700925342587 5.712597320652 175.47414057324 3306224.5 2 -22 22.090722034375 4.331823453727 3296135.25 0.100008122232 -6.642214421025 6.642967261652 0 
1720 824 0.12105010604 -8.993681863894 8.994496461565 3.864758459932 3217083 13.831483111139 -0.376348243952 13.836602294438 83.805510785441 3157645.75 0.749674768849 -9.245149981997 9.275495159218 0 
1736 824 2.245230787532 -8.859172340095 9.139255759676 2.573700197203 9701052 2.245230787532 -8.859172340095 9.139255759676 2.573700197203 9701052 2.108274955049 -6.985117215219 7.296347428435 0 
1752 824 3.307213078218 -11.782186816814 12.237548142134 2.078491097652 12443253 -14 -16 21.260291625469 54.78665422547 11979465 2.150988849538 -8.890627264673 9.147131036024 0 
1768 824 0.178179694967 -23.707940122951 23.708609678282 2.927145572422 7113900.5 0 1 1 176.642249648982 7042819 0.877816452317 -14.961680130362 14.987409183952 0 
1784 824 1.369386023407 -24.062160692023 24.101095312243 4.615667854213 3941458 1 5 5.099019513593 160.817190157375 3928735.5 1.471644299519 -10.64257227671 10.743839239736 0 
1800 824 2.628253909734 9.726316702248 10.075165269437 28.917312061627 3225435.25 -9 -12 15 172.831215243024 3056249.25 3.932472391145 4.066696296284 5.657062654181 0 
1816 824 4.419849910482 12.199982575593 12.975925711715 2.983615006179 3871514.75 -12 13 17.691806012954 65.607610756674 3808967 4.719147335155 11.172754274999 12.128511436298 0 
1832 824 9.244967586617 14.312198171404 17.038440133273 13.116454862331 4243958 -13 15 19.849433241279 60.658376064382 4228584 3.831669131549 10.675601659438 11.342405350041 0 
1848 824 2.854490798018 14.666500868981 14.941698881178 8.606035378842 4638998 18 15 23.43074902772 30.574798004943 4609719 3.685526003526 10.338948580552 10.976199691786 0 
1864 824 5.166020905773 15.462469913349 16.302630089041 4.367031636131 5292710 4 -6 7.211102550928 123.468394664485 5267046.5 4.280717951087 10.162795038344 11.027554088198 0 
1880 824 -1.971939769229 14.286747180267 14.422194404678 27.330046304366 5535494.5 6 -7 9.219544457293 119.92730081501 5512011 3.4143620668 9.657175650903 10.242993208804 0 
1896 824 -10.899189712199 8.567814143658 13.863613366751 58.849978943292 5438671 7 -8 10.630145812735 131.793333988389 5414530.5 1.086458350665 8.822090418231 8.888738442274 0 
1912 824 5.778365734393 -7.221758736411 9.248962634119 136.279886680985 5879899.5 -6.611470104277 7.781790963186 10.21116092981 45.4071546782 5877889.5 0.749929656393 8.476869399979 8.509977045435 0 
1928 824 6.453883368701 -5.964040022263 8.787626751516 117.155812137035 6810948 5 23 23.53720459188 3.320468580389 6794753.5 2.404775983984 8.621512596148 8.95061042492 0 
1944 824 -6 21 21.840329667842 36.190734614414 7077482.5 -6 -10 11.661903789691 169.281582181418 7077060 2.407730904779 6.528075660397 6.957940782853 0 
1960 824 12 17 20.808652046685 16.160278357399 6449659 12 -14 18.439088914586 120.341390744202 6444370 0.758794418778 2.196558592724 2.323927413075 0 
1976 824 4 15 15.52417469626 73.137106445955 6325761.5 4 -16 16.492422502471 135.830554200109 6322158 -0.046884761702 0.029063339056 0.055162111607 0 
1992 824 -10.053354591294 0.359467903089 10.059779108492 67.966687135324 7646752.5 15 0 15 109.985516481703 7586858.5 -0.009306636663 0.025589899391 0.0272296977 0 
2008 824 0.109885489487 -0.076517931662 0.133902257881 33.62723772925 8186793 -16 -2 16.124515496597 171.651088501242 8128046 0.974726804219 -0.020824306748 0.974949226685 0 
2024 824 1.808237099337 -0.180650029639 1.817238520566 3.533262893053 6811264.5 1.808237099337 -0.180650029639 1.817238520566 3.533262893053 6811264.5 2.905215560942 -0.110179279361 2.907304065477 0 
2040 824 0.218763745717 -0.033152535292 0.221261535374 5.873914149995 6047435.5 0.218763745717 -0.033152535292 0.221261535374 5.873914149995 6047435.5 4.340877674801 -0.208006244292 4.345858440545 0 
2056 824 7.253328723774 -0.555128205215 7.274540872065 0.971006523045 7806725.5 7.253328723774 -0.555128205215 7.274540872065 0.971006523045 7806725.5 5.281713145798 -0.314305201541 5.291056748345 0 
2072 824 7.131805070717 -0.66910893152 7.163124341302 1.564564397537 8137897.5 7 15 16.552945357247 68.778366632935 4511115 4.342836545246 -0.288090033701 4.352381546492 0 
2088 824 0.635441375031 -0.100525736513 0.643343737673 4.138608269707 6179736 0.635441375031 -0.100525736513 0.643343737673 4.138608269707 6179736 1.524247873147 -0.129360740774 1.529727354808 0 
2104 824 0.058469791928 -0.000218163699 0.058470198935 26.554276290051 4303050.5 0.058469791928 -0.000218163699 0.058470198935 26.554276290051 4303050.5 0.07780019785 -0.039245283729 0.087138183826 0 
2120 824 0.070122368537 0.017077925423 0.072172031328 92.549209244415 3533273.75 0.070122368537 0.017077925423 0.072172031328 92.549209244415 3533273.75 0.003493519355 -0.017743662567 0.018084309187 0 
2136 824 0.128835290805 0.016253150018 0.129856447827 174.47917542412 3212958 0.128835290805 0.016253150018 0.129856447827 174.47917542412 3212958 -0.041619724392 -0.001212933553 0.041637395046 0 
2152 824 -0.003010903643 0.027669026026 0.027832365009 73.595469035489 2513055 -0.003010903643 0.027669026026 0.027832365009 73.595469035489 2513055 -0.057539533391 0.010346903312 0.058462435042 0 
2168 824 -0.025576997429 -0.00871855645 0.027022139516 31.203977402216 2077328 -0.025576997429 -0.00871855645 0.027022139516 31.203977402216 2077328 -0.046277254524 0.010158646485 0.047379134487 0 
2184 824 0.001709794756 -0.038729859806 0.038767582317 79.740885314604 1565386 0.001709794756 -0.038729859806 0.038767582317 79.740885314604 1565386 -0.007832887792 -0.001777704035 0.008032083342 0 
2200 824 -0.012737109709 -0.019659635978 0.02342509873 81.375042497177 906507 -0.012737109709 -0.019659635978 0.02342509873 81.375042497177 906507 0.012964817972 -0.011495903714 0.017327501472 0 
2216 824 0.031700902231 0.002388582698 0.031790761702 53.998208455248 342961.96875 0.031700902231 0.002388582698 0.031790761702 53.998208455248 342961.96875 0.01611586277 -0.018995952552 0.024911187169 0 
2232 824 0.016582013914 0.016582013914 0.023450508969 92.09444918867 37946 0.016582013914 0.016582013914 0.023450508969 92.09444918867 37946 0.020778083125 -0.02235553678 0.030520464661 0 
2248 824 0 0 0 0 0 0 0 0 0 0 0.026951479038 -0.021574656399 0.034523151958 0 
2264 824 0 0 0 0 0 0 0 0 0 0 0.017975855712 -0.018257446185 0.025621587183 0 
2280 824 0 0 0 0 0 0 0 0 0 0 -0.006148786854 -0.012403906138 0.013844293671 0 
2296 824 0 0 0 0 0 0 0 0 0 0 -0.006826155625 -0.008176923744 0.010651689187 0 
2312 824 0 0 0 0 0 0 0 0 0 0 0.015943749398 -0.005576499002 0.016890840298 0 
2328 824 0 0 0 0 0 0 0 0 0 0 0.024131794633 -0.005465362371 0.024742952493 0 
2344 824 0 0 0 0 0 0 0 0 0 0 0.017737980079 -0.007843513849 0.01939475823 0 
2360 824 0 0 0 0 0 0 0 0 0 0 0.004348633131 -0.007776542983 0.008909838993 0 
2376 824 0 0 0 0 0 0 0 0 0 0 -0.016036246213 -0.005264449772 0.016878258916 0 
2392 824 0 0 0 0 0 0 0 0 0 0 -0.019671514414 -0.003006302375 0.019899907872 0 
2408 824 0 0 0 0 0 0 0 0 0 0 -0.006557171471 -0.001002100792 0.006633302624 0 
2424 824 0 0 0 0 0 0 0 0 0 0 0 0 0 0 
2440 824 0 0 0 0 0 0 0 0 0 0 0 0 0 0 
2456 824 0 0 0 0 0 0 0 0 0 0 0 0 0 0 
2472 824 0 0 0 0 0 0 0 0 0 0 0 0 0 0 
2488 824 0 0 0 0 0 0 0 0 0 0 0 0 0 0 
2504 824 0 0 0 0 0 0 0 0 0 0 0 0 0 0 
2520 824 0 0 0 0 0 0 0 0 0 0 0 0 0 0 
2536 824 0 0 0 0 0 0 0 0 0 0 0 0 0 0 
24 840 0 0 0 0 0 0 0 0 0 0 0 0 0 0 
40 840 0 0 0 0 0 0 0 0 0 0 0 0 0 0 
56 840 0 0 0 0 0 0 0 0 0 0 0 0 0 0 
72 840 0 0 0 0 0 0 0 0 0 0 0 0 0 0 
88 840 0 0 0 0 0 0 0 0 0 0 0 0 0 0 
104 840 0 0 0 0 0 0 0 0 0 0 0 0 0 0 
120 840 0 0 0 0 0 0 0 0 0 0 0 0 0 0 
136 840 0 0 0 0 0 0 0 0 0 0 0 0 0 0 
152 840 0 0 0 0 0 0 0 0 0 0 0 0 0 0 
168 840 0 0 0 0 0 0 0 0 0 0 0 0 0 0 
184 840 0 0 0 0 0 0 0 0 0 0 0 0 0 0 
200 840 0 0 0 0 0 0 0 0 0 0 0 0 0 0 
216 840 0 0 0 0 0 0 0 0 0 0 0 0 0 0 
232 840 0 0 0 0 0 0 0 0 0 0 0 0 0 0 
248 840 0 0 0 0 0 0 0 0 0 0 0 0 0 0 
264 840 0 0 0 0 0 0 0 0 0 0 0 0 0 0 
280 840 0 0 0 0 0 0 0 0 0 0 0 0 0 0 
296 840 0 0 0 0 0 0 0 0 0 0 0 0 0 0 
312 840 0 0 0 0 0 0 0 0 0 0 0 0 0 0 
328 840 0 0 0 0 0 0 0 0 0 0 0 0 0 0 
344 840 0 0 0 0 0 0 0 0 0 0 0 0 0 0 
360 840 0 0 0 0 0 0 0 0 0 0 0 0 0 0 
376 840 0 0 0 0 0 0 0 0 0 0 0 0 0 0 
392 840 0 0 0 0 0 0 0 0 0 0 0 0 0 0 
408 840 0 0 0 0 0 0 0 0 0 0 0 0 0 0 
424 840 0 0 0 0 0 0 0 0 0 0 0 0 0 0 
440 840 0 0 0 0 0 0 0 0 0 0 0 0 0 0 
456 840 0 0 0 0 0 0 0 0 0 0 0 0 0 0 
472 840 0 0 0 0 0 0 0 0 0 0 0 0 0 0 
488 840 0 0 0 0 0 0 0 0 0 0 0 0 0 0 
504 840 0 0 0 0 0 0 0 0 0 0 0 0 0 0 
520 840 0 0 0 0 0 0 0 0 0 0 0 0 0 0 
536 840 0 0 0 0 0 0 0 0 0 0 0 0 0 0 
552 840 0 0 0 0 0 0 0 0 0 0 0 0 0 0 
568 840 0 0 0 0 0 0 0 0 0 0 0 0 0 0 
584 840 0 0 0 0 0 0 0 0 0 0 0 0 0 0 
600 840 0 0 0 0 0 0 0 0 0 0 0 0 0 0 
616 840 0 0 0 0 0 0 0 0 0 0 0 0 0 0 
632 840 0 0 0 0 0 0 0 0 0 0 0 0 0 0 
648 840 0 0 0 0 0 0 0 0 0 0 0 0 0 0 
664 840 0 0 0 0 0 0 0 0 0 0 0 0 0 0 
680 840 0 0 0 0 0 0 0 0 0 0 0 0 0 0 
696 840 0 0 0 0 0 0 0 0 0 0 0 0 0 0 
712 840 0 0 0 0 0 0 0 0 0 0 0 0 0 0 
728 840 0 0 0 0 0 0 0 0 0 0 0 0 0 0 
744 840 0 0 0 0 0 0 0 0 0 0 0 0 0 0 
760 840 0 0 0 0 0 0 0 0 0 0 0 0 0 0 
776 840 0 0 0 0 0 0 0 0 0 0 0 0 0 0 
792 840 0 0 0 0 0 0 0 0 0 0 0 0 0 0 
808 840 0 0 0 0 0 0 0 0 0 0 0 0 0 0 
824 840 0 0 0 0 0 0 0 0 0 0 0 0 0 0 
840 840 0 0 0 0 0 0 0 0 0 0 0 0 0 0 
856 840 0 0 0 0 0 0 0 0 0 0 0 0 0 0 
872 840 0 0 0 0 0 0 0 0 0 0 0 0 0 0 
888 840 0 0 0 0 0 0 0 0 0 0 0 0 0 0 
904 840 0 0 0 0 0 0 0 0 0 0 0 0 0 0 
920 840 0 0 0 0 0 0 0 0 0 0 0 0 0 0 
936 840 0 0 0 0 0 0 0 0 0 0 0 0 0 0 
952 840 0 0 0 0 0 0 0 0 0 0 0.00130048115 0.000293974284 0.001333293704 0 
968 840 0 0 0 0 0 0 0 0 0 0 0.003901443449 0.000881922851 0.003999881111 0 
984 840 0 0 0 0 0 0 0 0 0 0 0.005421975712 -0.001193078838 0.005551689629 0 
1000 840 0 0 0 0 0 0 0 0 0 0 0.00586207794 -0.005931030783 0.008339129687 0 
1016 840 0 0 0 0 0 0 0 0 0 0 0.004480741591 -0.007860362284 0.009047780968 0 
1032 840 0 0 0 0 0 0 0 0 0 0 0.001277966666 -0.006981073341 0.007097082766 0 
1048 840 0 0 0 0 0 0 0 0 0 0 -0.003945992347 -0.005866489305 0.007070116857 0 
1064 840 0 0 0 0 0 0 0 0 0 0 -0.011191135445 -0.004516610178 0.012068192908 0 
1080 840 0 0 0 0 0 0 0 0 0 0 -0.026846058338 -0.002403259486 0.026953413596 0 
1096 840 0 0 0 0 0 0 0 0 0 0 -0.050910761025 0.00047356277 0.050912963475 0 
1112 840 0 0 0 0 0 0 0 0 0 0 -0.057926204154 0.006379380627 0.058276424263 0 
1128 840 0.018445939423 0.018445939423 0.026086497702 117.267668140694 9808.998046875 0.018445939423 0.018445939423 0.026086497702 117.267668140694 9808.998046875 -0.047892387725 0.015314194083 0.05028126234 0 
1144 840 -0.000045669319 -0.002626538745 0.002626935756 116.855389660969 208305.984375 -0.000045669319 -0.002626538745 0.002626935756 116.855389660969 208305.984375 -0.048128690402 0.02543072177 0.054434294793 0 
1160 840 -0.003753536862 -0.010710460983 0.011349141529 102.749701174491 615968 -0.003753536862 -0.010710460983 0.011349141529 102.749701174491 615968 -0.058635112184 0.036728963688 0.069188822467 0 
1176 840 0.002968522484 0.01457183769 0.014871132418 67.104658953886 1494840 0.002968522484 0.01457183769 0.014871132418 67.104658953886 1494840 -0.058114838713 0.03980676889 0.070440849854 0 
1192 840 -0.039592738656 0.02787257162 0.048419677849 1.518364825049 2201329 -0.039592738656 0.02787257162 0.048419677849 1.518364825049 2201329 -0.046567869989 0.034664137377 0.058053156119 0 
1208 840 -0.044320570987 0.023478178796 0.050155138243 24.071116817843 2123872 -0.044320570987 0.023478178796 0.050155138243 24.071116817843 2123872 -0.023659278561 0.03026384414 0.038414342688 0 
1224 840 0.051509400918 0.017113535493 0.054277909687 49.878341070418 2113405 0.051509400918 0.017113535493 0.054277909687 49.878341070418 2113405 0.01061093557 0.02660588918 0.028643765338 0 
1240 840 -0.029307106493 0.010008342763 0.030968910472 101.930418636255 2107838.75 -0.029307106493 0.010008342763 0.030968910472 101.930418636255 2107838.75 0.019404495965 0.032570218441 0.037912446412 0 
1256 840 -0.053253758029 0.020126164149 0.056930002877 72.531359992138 1657048.75 -0.053253758029 0.020126164149 0.056930002877 72.531359992138 1657048.75 0.002721402623 0.048156831924 0.048233665558 0 
1272 840 -0.03500398962 0.030426339684 0.04637932121 3.392348849482 1152865 -0.03500398962 0.030426339684 0.04637932121 3.392348849482 1152865 -0.064866859755 0.04996436772 0.081878858908 0 
1288 840 0.015859170413 0.020443085878 0.025873404229 116.097090174679 902862.9375 0.015859170413 0.020443085878 0.025873404229 116.097090174679 902862.9375 -0.18336029117 0.037992825831 0.18725504317 0 
1304 840 -0.10575730303 -0.015636071638 0.106906940282 11.563361480936 807631.875 -0.10575730303 -0.015636071638 0.106906940282 11.563361480936 807631.875 -0.226940007595 0.012501922386 0.227284106595 0 
1320 840 -0.04140284762 -0.069629217427 0.08100878786 51.545830660845 761272.9375 -0.04140284762 -0.069629217427 0.08100878786 51.545830660845 761272.9375 -0.195606009031 -0.026508342614 0.197394029791 0 
1336 840 -0.646413093834 -0.076312499674 0.650902055217 5.403744602011 877510 -0.646413093834 -0.076312499674 0.650902055217 5.403744602011 877510 -1.764886441258 -0.040949658775 1.765361443187 0 
1352 840 -0.191771709504 -0.091254148607 0.212376336262 25.089481227498 1168609 -0.191771709504 -0.091254148607 0.212376336262 25.089481227498 1168609 -4.934781304277 -0.030822026099 4.934877558596 0 
1368 840 -0.28818377003 -0.093379774798 0.302935088179 17.779058093243 1439700 -0.28818377003 -0.093379774798 0.302935088179 17.779058093243 1439700 -4.884409491941 -0.014897110167 4.884432209464 0 
1384 840 -0.55144894489 -0.031702640601 0.552359480992 3.532614560355 1770815.75 -0.55144894489 -0.031702640601 0.552359480992 3.532614560355 1770815.75 -1.613771004249 0.006825089022 1.61378543679 0 
1400 840 0.141308162365 0.001744878817 0.141318934871 5.364929313213 2551532 0.141308162365 0.001744878817 0.141318934871 5.364929313213 2551532 0.213368507776 0.022698504449 0.214572463785 0 
1416 840 0.11441331158 0.049481214027 0.124654708729 20.250064476335 2437254 0.11441331158 0.049481214027 0.124654708729 20.250064476335 2437254 0.597009044134 0.032723136114 0.597905178448 0 
1432 840 1.60436998919 0.089760527353 1.606878966968 2.313583412467 1817049 1.60436998919 0.089760527353 1.606878966968 2.313583412467 1817049 2.515077909939 0.039011006482 2.515380438758 0 
1448 840 4.72305005786 0.071451971308 4.723590502282 0.467685676811 1855034.75 4.72305005786 0.071451971308 4.723590502282 0.467685676811 1855034.75 5.967575105189 0.041562115551 5.96771983638 0 
1464 840 4.784984928224 0.019633454796 4.785025207444 0.06321541373 1745861.875 4.784984928224 0.019633454796 4.785025207444 0.06321541373 1745861.875 5.808419331376 0.017424137768 5.808445465843 0 
1480 840 0.5 -0.132242688227 0.517192544986 13.875496384032 1809779 0.5 -0.132242688227 0.517192544986 13.875496384032 1809779 2.037610588498 -0.033402926866 2.037884360282 0 
1496 840 0.028558427767 -0.161106513681 0.163618130252 54.371936306199 2085110.75 0.028558427767 -0.161106513681 0.163618130252 54.371936306199 2085110.75 0.1206144852 -0.057726641689 0.13371693685 0 
1512 840 0.02431331198 -0.10761190937 0.110324340821 33.224001246256 2193095 0.02431331198 -0.10761190937 0.110324340821 33.224001246256 2193095 0.057431021481 -0.055547006698 0.079898636919 0 
1528 840 0.015420775029 -0.050031311034 0.052353914718 16.758433808189 2279424 5 15 15.811388300842 127.676142792557 869938.1875 0.027756450053 -0.04132323314 0.049779816358 0 
1544 840 0.03870462473 -0.023944467359 0.04551247623 6.261620983952 2383916 -11 15 18.601075237738 151.73506448944 1343886 0.031590770915 -0.015055321014 0.03499484959 0 
1560 840 0.060357284747 0.015740680616 0.062376043865 7.907222775727 2971082 0 15 15 83.290524423518 2025045 0.035052522267 0.004123602096 0.035294240487 0 
1576 840 0.038943533276 0.040237244006 0.055996737309 22.906349227251 4172462 0 -16 16 113.029705867171 3188136 0.03814170411 0.016213536191 0.041444762615 0 
1592 840 0.033334809681 0.051689406642 0.061506132178 18.875741566856 5328595 0 -16 16 166.057528178981 4509110 0.115508245031 0.465267900998 0.479391671152 0 
1608 840 0.025778259185 0.391937931876 0.3927847516 7.420280729448 5937441 0.025778259185 0.391937931876 0.3927847516 7.420280729448 5937441 0.267152145031 1.351286696519 1.37744183354 0 
1624 840 0.467055341702 0.645237824879 0.79653784773 26.991298598543 6316990.5 -12.261504700968 -0.785380821028 12.286631782791 102.57253234764 6256589 0.2770145134 1.767444360046 1.789021130812 0 
1640 840 0.028910997496 1.115052800232 1.115427538248 3.354227514394 6321913.5 0.028910997496 1.115052800232 1.115427538248 3.354227514394 6321913.5 0.145095350138 1.713740891577 1.719872234817 0 
1656 840 0.065554818113 1.058821207252 1.060848614602 0.630362037534 5404421.5 0.065554818113 1.058821207252 1.060848614602 0.630362037534 5404421.5 0.084125934697 1.65354766342 1.655686277074 0 
1672 840 -0.289379110428 1.102002450897 1.139363713366 18.107188820067 4243191 15 1 15.033296378373 82.792072847253 4214658 0.094106267078 1.586864675576 1.589652631267 0 
1688 840 -0.028651634617 0.034972200086 0.045210296892 60.050102550155 3594058.75 -12.108157592558 -0.438738508286 12.116103819499 112.798609267665 3592936 0.128578516432 0.339853206349 0.363362954569 0 
1704 840 -0.257625733472 0.294581484033 0.391342904985 143.962485391275 3627696 4 -18 18.439088914586 7.395058704656 3590662 0.187542682761 -2.087486744263 2.095894359296 0 
1720 840 6.193859307719 0.375759266787 6.205246824292 43.013284594812 4182691.75 0 -16 16 50.458390302458 3990468.75 0.931901901898 -0.769337985346 1.208437871989 0 
1736 840 1.819211496623 9.774952254158 9.942797495701 18.265985448322 9331338 2 -12 12.165525060596 141.729020312036 9202459 2.361656173842 4.2942994831 4.90085991781 0 
1752 840 2.144440811391 15.662693391921 15.80881370258 25.169289188073 11423398 2 -13 13.152946437966 138.288431242753 11416498 2.342834966193 3.612422575913 4.305632653372 0 
1768 840 0.251207738544 10.377871046505 10.380910980535 161.33798516582 7542290.5 15 5 15.811388300842 91.159570320402 7333531.5 0.87543827895 -2.814968706906 2.947955393338 0 
1784 840 0.497846039244 5.469258538839 5.491870322891 166.060966631477 4050728.25 0 -19 19 8.737947412052 4039957.25 0.547343879287 -3.56113247188 3.602950152927 0 
1800 840 -7.611657154154 6.929513689816 10.293468055506 92.363363209418 2287652 -8 -15 17 163.39496722598 2263255 1.358551767204 1.373931280991 1.932187896934 0 
1816 840 1.421249166072 6.123248747838 6.286026123073 10.000167069662 2494349 0.962775433937 -11.293991872979 11.334954299118 152.059966485704 2473667 1.605221979639 3.769306523209 4.096877990595 0 
1832 840 1.478772043493 4.748862427904 4.973777348834 2.255298823039 2872231 16 -7 17.464249196573 94.077751208308 2835344.5 1.287354516592 3.624993254773 3.846798376383 0 
1848 840 1.090268807121 5.653133608515 5.757308891097 8.270114217012 3386019.25 -5 -13 13.928388277184 178.148696802837 3352887 1.223898670665 3.51728418207 3.724139628625 0 
1864 840 1.287453343086 11.045175949598 11.119957188236 15.67242796256 4129251 10 -13 16.401219466857 120.110443089234 4113366 1.414854441858 3.446179305098 3.725314066563 0 
1880 840 -0.160474655397 12.845499089732 12.846501429546 19.498817461036 4934816 0 -13 13 161.216922903227 4921285.5 1.10924747102 3.261550437291 3.44501686599 0 
1896 840 -9.979889195127 13.6588762623 16.916355668282 42.069894099527 5573680.5 -10 -14 17.204650534085 150.378398916137 5561523 0.30707775815 2.963397578648 2.979265338751 0 
1912 840 -0.081938018141 0.00630218674 0.082180024182 89.566327732243 5974665 10.985592239079 11.996696636445 16.266651992043 38.516379865822 5799169 0.196450379642 2.834594781555 2.841394081658 0 
1928 840 -0.018532079958 0.112345557886 0.113863788644 24.496510971588 6350976 14.110219563474 11.141498193589 17.978633933845 36.575629367006 5499188 0.777365335494 2.875142046014 2.978378526915 0 
1944 840 0.036463157022 0.156033718647 0.160237583528 6.92986027307 6000256 12 17 20.808652046685 15.13445785955 4319444 0.795502137732 2.175796000237 2.316659639607 0 
1960 840 -0.02792748065 -0.114788288423 0.11813676538 174.866019617008 5407983 4 15 15.52417469626 3.876700259916 3339284 0.250860786356 0.736556644225 0.778104635819 0 
1976 840 0.013814553668 -0.085706741538 0.086812945107 143.365959313525 4976615.5 -13 15 19.849433241279 4.876065889049 2411523 -0.012625200151 0.012281566109 0.017613419456 0 
1992 840 0.03856183223 -0.00847555821 0.039482274401 42.891950588433 4913602 0.03856183223 -0.00847555821 0.039482274401 42.891950588433 4913602 0.005044178211 0.002970765887 0.005853988707 0 
2008 840 -0.035067713288 -0.037582162748 0.051401979262 130.219481090756 4393932.5 -0.035067713288 -0.037582162748 0.051401979262 130.219481090756 4393932.5 0.339948582438 -0.016615993365 0.340354418125 0 
2024 840 0.053933402047 -0.071927196689 0.089901799091 50.453907618373 3477380.5 0.053933402047 -0.071927196689 0.089901799091 50.453907618373 3477380.5 0.99208801253 -0.046478711646 0.993176165261 0 
2040 840 0.407023417947 -0.03341201633 0.408392489638 1.263518318705 2808571.75 0.407023417947 -0.03341201633 0.408392489638 1.263518318705 2808571.75 1.462073309341 -0.087613363789 1.464696031059 0 
2056 840 0.515199034617 -0.068142921139 0.519685965726 2.95968743871 2688432 0.515199034617 -0.068142921139 0.519685965726 2.95968743871 2688432 1.74990447287 -0.140019949792 1.755497436771 0 
2072 840 0.431859780971 -0.046675656334 0.434374823528 0.588733069407 2288234 0.431859780971 -0.046675656334 0.434374823528 0.588733069407 2288234 1.450598493929 -0.141718232833 1.457504733477 0 
2088 840 -0.012727712514 -0.031391330876 0.033873445647 102.738180884024 1457981 -0.012727712514 -0.031391330876 0.033873445647 102.738180884024 1457981 0.564155372518 -0.092708212911 0.5717220453 0 
2104 840 0.021728113937 -0.016305771264 0.027165955013 6.115506345225 567163 0.021728113937 -0.016305771264 0.027165955013 6.115506345225 567163 0.090420057364 -0.053838593223 0.105234884396 0 
2120 840 0.005800952444 -0.001689116024 0.006041867443 24.272043075968 93486 0.005800952444 -0.001689116024 0.006041867443 24.272043075968 93486 0.029392548468 -0.02510937377 0.038657503237 0 
2136 840 0 0 0 0 0 0 0 0 0 0 -0.009276643959 -0.007497191596 0.011927447547 0 
2152 840 0 0 0 0 0 0 0 0 0 0 -0.025587519917 -0.001002046704 0.025607133246 0 
2168 840 0 0 0 0 0 0 0 0 0 0 -0.026060934023 -0.000664169201 0.026069395906 0 
2184 840 0 0 0 0 0 0 0 0 0 0 -0.010696886279 -0.006483559087 0.012508393762 0 
2200 840 0 0 0 0 0 0 0 0 0 0 -0.000786864708 -0.008940438603 0.008974998523 0 
2216 840 0 0 0 0 0 0 0 0 0 0 0.00366913069 -0.00803480775 0.008832930182 0 
2232 840 0 0 0 0 0 0 0 0 0 0 0.006926027708 -0.007451845593 0.01017348822 0 
2248 840 0 0 0 0 0 0 0 0 0 0 0.008983826346 -0.007191552133 0.011507717319 0 
2264 840 0 0 0 0 0 0 0 0 0 0 0.005991951904 -0.006085815395 0.008540529061 0 
2280 840 0 0 0 0 0 0 0 0 0 0 -0.002049595618 -0.004134635379 0.004614764557 0 
2296 840 0 0 0 0 0 0 0 0 0 0 -0.002275385208 -0.002725641248 0.003550563062 0 
2312 840 0 0 0 0 0 0 0 0 0 0 0.005314583133 -0.001858833001 0.005630280099 0 
2328 840 0 0 0 0 0 0 0 0 0 0 0.008043931544 -0.001821787457 0.008247650831 0 
2344 840 0 0 0 0 0 0 0 0 0 0 0.005912660026 -0.002614504616 0.00646491941 0 
2360 840 0 0 0 0 0 0 0 0 0 0 0.001449544377 -0.002592180994 0.002969946331 0 
2376 840 0 0 0 0 0 0 0 0 0 0 -0.005345415404 -0.001754816591 0.005626086305 0 
2392 840 0 0 0 0 0 0 0 0 0 0 -0.006557171471 -0.001002100792 0.006633302624 0 
2408 840 0 0 0 0 0 0 0 0 0 0 -0.002185723824 -0.000334033597 0.002211100875 0 
2424 840 0 0 0 0 0 0 0 0 0 0 0 0 0 0 
2440 840 0 0 0 0 0 0 0 0 0 0 0 0 0 0 
2456 840 0 0 0 0 0 0 0 0 0 0 0 0 0 0 
2472 840 0 0 0 0 0 0 0 0 0 0 0 0 0 0 
2488 840 0 0 0 0 0 0 0 0 0 0 0 0 0 0 
2504 840 0 0 0 0 0 0 0 0 0 0 0 0 0 0 
2520 840 0 0 0 0 0 0 0 0 0 0 0 0 0 0 
2536 840 0 0 0 0 0 0 0 0 0 0 0 0 0 0 
24 856 0 0 0 0 0 0 0 0 0 0 0 0 0 0 
40 856 0 0 0 0 0 0 0 0 0 0 0 0 0 0 
56 856 0 0 0 0 0 0 0 0 0 0 0 0 0 0 
72 856 0 0 0 0 0 0 0 0 0 0 0 0 0 0 
88 856 0 0 0 0 0 0 0 0 0 0 0 0 0 0 
104 856 0 0 0 0 0 0 0 0 0 0 0 0 0 0 
120 856 0 0 0 0 0 0 0 0 0 0 0 0 0 0 
136 856 0 0 0 0 0 0 0 0 0 0 0 0 0 0 
152 856 0 0 0 0 0 0 0 0 0 0 0 0 0 0 
168 856 0 0 0 0 0 0 0 0 0 0 0 0 0 0 
184 856 0 0 0 0 0 0 0 0 0 0 0 0 0 0 
200 856 0 0 0 0 0 0 0 0 0 0 0 0 0 0 
216 856 0 0 0 0 0 0 0 0 0 0 0 0 0 0 
232 856 0 0 0 0 0 0 0 0 0 0 0 0 0 0 
248 856 0 0 0 0 0 0 0 0 0 0 0 0 0 0 
264 856 0 0 0 0 0 0 0 0 0 0 0 0 0 0 
280 856 0 0 0 0 0 0 0 0 0 0 0 0 0 0 
296 856 0 0 0 0 0 0 0 0 0 0 0 0 0 0 
312 856 0 0 0 0 0 0 0 0 0 0 0 0 0 0 
328 856 0 0 0 0 0 0 0 0 0 0 0 0 0 0 
344 856 0 0 0 0 0 0 0 0 0 0 0 0 0 0 
360 856 0 0 0 0 0 0 0 0 0 0 0 0 0 0 
376 856 0 0 0 0 0 0 0 0 0 0 0 0 0 0 
392 856 0 0 0 0 0 0 0 0 0 0 0 0 0 0 
408 856 0 0 0 0 0 0 0 0 0 0 0 0 0 0 
424 856 0 0 0 0 0 0 0 0 0 0 0 0 0 0 
440 856 0 0 0 0 0 0 0 0 0 0 0 0 0 0 
456 856 0 0 0 0 0 0 0 0 0 0 0 0 0 0 
472 856 0 0 0 0 0 0 0 0 0 0 0 0 0 0 
488 856 0 0 0 0 0 0 0 0 0 0 0 0 0 0 
504 856 0 0 0 0 0 0 0 0 0 0 0 0 0 0 
520 856 0 0 0 0 0 0 0 0 0 0 0 0 0 0 
536 856 0 0 0 0 0 0 0 0 0 0 0 0 0 0 
552 856 0 0 0 0 0 0 0 0 0 0 0 0 0 0 
568 856 0 0 0 0 0 0 0 0 0 0 0 0 0 0 
584 856 0 0 0 0 0 0 0 0 0 0 0 0 0 0 
600 856 0 0 0 0 0 0 0 0 0 0 0 0 0 0 
616 856 0 0 0 0 0 0 0 0 0 0 0 0 0 0 
632 856 0 0 0 0 0 0 0 0 0 0 0 0 0 0 
648 856 0 0 0 0 0 0 0 0 0 0 0 0 0 0 
664 856 0 0 0 0 0 0 0 0 0 0 0 0 0 0 
680 856 0 0 0 0 0 0 0 0 0 0 0 0 0 0 
696 856 0 0 0 0 0 0 0 0 0 0 0 0 0 0 
712 856 0 0 0 0 0 0 0 0 0 0 0 0 0 0 
728 856 0 0 0 0 0 0 0 0 0 0 0 0 0 0 
744 856 0 0 0 0 0 0 0 0 0 0 0 0 0 0 
760 856 0 0 0 0 0 0 0 0 0 0 0 0 0 0 
776 856 0 0 0 0 0 0 0 0 0 0 0 0 0 0 
792 856 0 0 0 0 0 0 0 0 0 0 0 0 0 0 
808 856 0 0 0 0 0 0 0 0 0 0 0 0 0 0 
824 856 0 0 0 0 0 0 0 0 0 0 0 0 0 0 
840 856 0 0 0 0 0 0 0 0 0 0 0 0 0 0 
856 856 0 0 0 0 0 0 0 0 0 0 0 0 0 0 
872 856 0 0 0 0 0 0 0 0 0 0 0 0 0 0 
888 856 0 0 0 0 0 0 0 0 0 0 0 0 0 0 
904 856 0 0 0 0 0 0 0 0 0 0 0 0 0 0 
920 856 0 0 0 0 0 0 0 0 0 0 0 0 0 0 
936 856 0 0 0 0 0 0 0 0 0 0 0 0 0 0 
952 856 0 0 0 0 0 0 0 0 0 0 0 0 0 0 
968 856 0 0 0 0 0 0 0 0 0 0 0 0 0 0 
984 856 0 0 0 0 0 0 0 0 0 0 0 0 0 0 
1000 856 0 0 0 0 0 0 0 0 0 0 0 0 0 0 
1016 856 0 0 0 0 0 0 0 0 0 0 0 0 0 0 
1032 856 0 0 0 0 0 0 0 0 0 0 0 0 0 0 
1048 856 0 0 0 0 0 0 0 0 0 0 0 0 0 0 
1064 856 0 0 0 0 0 0 0 0 0 0 0 0 0 0 
1080 856 0 0 0 0 0 0 0 0 0 0 -0.009426822742 0.001237841306 0.009507746217 0 
1096 856 0 0 0 0 0 0 0 0 0 0 -0.028280468227 0.003713523919 0.02852323865 0 
1112 856 0 0 0 0 0 0 0 0 0 0 -0.030104889706 0.008525118362 0.031288688487 0 
1128 856 0 0 0 0 0 0 0 0 0 0 -0.014900087177 0.015672624634 0.021625072504 0 
1144 856 0 0 0 0 0 0 0 0 0 0 -0.016227561562 0.022767660585 0.0279589006 0 
1160 856 0 0 0 0 0 0 0 0 0 0 -0.034087312859 0.029810226213 0.045283490202 0 
1176 856 0 0 0 0 0 0 0 0 0 0 -0.038833132399 0.029717231519 0.048899141312 0 
1192 856 0 0 0 0 0 0 0 0 0 0 -0.030465020179 0.022488676503 0.037866317822 0 
1208 856 0 0 0 0 0 0 0 0 0 0 -0.013627712962 0.017719112917 0.022353557281 0 
1224 856 0 0 0 0 0 0 0 0 0 0 0.011678789253 0.01540854076 0.019334354056 0 
1240 856 0 0 0 0 0 0 0 0 0 0 0.013328389874 0.021205029621 0.025045942942 0 
1256 856 0 0 0 0 0 0 0 0 0 0 -0.008678911097 0.035108579499 0.036165395785 0 
1272 856 0 0 0 0 0 0 0 0 0 0 -0.000979715572 0.036068298452 0.036081601902 0 
1288 856 0 0 0 0 0 0 0 0 0 0 0.036425976449 0.024084186479 0.04366806383 0 
1304 856 0 0 0 0 0 0 0 0 0 0 0.027012757658 0.000674123902 0.027021167985 0 
1320 856 0 0 0 0 0 0 0 0 0 0 -0.029219371947 -0.034161889281 0.044953380031 0 
1336 856 0 0 0 0 0 0 0 0 0 0 -0.0370883574 -0.051978644145 0.063853940378 0 
1352 856 0 0 0 0 0 0 0 0 0 0 0.003405801296 -0.052776140691 0.052885919758 0 
1368 856 0 0 0 0 0 0 0 0 0 0 0.01948401615 -0.040651346746 0.045079472908 0 
1384 856 0 0 0 0 0 0 0 0 0 0 0.011146287162 -0.015604262313 0.019176358356 0 
1400 856 0 0 0 0 0 0 0 0 0 0 0.075952180884 0.004187412065 0.076067523956 0 
1416 856 0 0 0 0 0 0 0 0 0 0 0.213901697317 0.018723676388 0.214719612921 0 
1432 856 0 0 0 0 0 0 0 0 0 0 2.109480457236 0.028267775826 2.109669847775 0 
1448 856 0 0 0 0 0 0 0 0 0 0 5.762688460639 0.032819710381 5.762781917423 0 
1464 856 0 0 0 0 0 0 0 0 0 0 5.71730090584 0.011448667641 5.717312368579 0 
1480 856 0 0 0 0 0 0 0 0 0 0 1.973317792838 -0.035845352394 1.973643331714 0 
1496 856 0.001574242316 0.001337769471 0.002065881417 75.844313094299 113341 0.001574242316 0.001337769471 0.002065881417 75.844313094299 113341 0.080054353752 -0.057074577372 0.098316870052 0 
1512 856 0.005352688548 0.007588799426 0.009286611407 109.122623996507 385604 0.005352688548 0.007588799426 0.009286611407 109.122623996507 385604 0.037510588584 -0.052239007292 0.064311415307 0 
1528 856 0.01764716977 0.003867304373 0.018065952618 75.309636188102 720263.9375 0.01764716977 0.003867304373 0.018065952618 75.309636188102 720263.9375 0.018811416372 -0.036838232891 0.041363326613 0 
1544 856 0.002108096487 0.021782524714 0.021884296967 108.881991836848 940681 0.002108096487 0.021782524714 0.021884296967 108.881991836848 940681 0.023956837117 -0.010872254169 0.026308476872 0 
1560 856 0.024952200798 0.032096881678 0.040654915301 34.466795304277 1373444.75 0.024952200798 0.032096881678 0.040654915301 34.466795304277 1373444.75 0.021559538199 0.006868759682 0.022627274403 0 
1576 856 0.014974351852 0.041836839214 0.044435935106 15.649462520594 2054751.875 0.014974351852 0.041836839214 0.044435935106 15.649462520594 2054751.875 0.011619519618 0.016384808662 0.020086691889 0 
1592 856 0.000377581067 0.035768994205 0.035770987041 21.055641441869 2712813.25 0.000377581067 0.035768994205 0.035770987041 21.055641441869 2712813.25 0.009480809288 0.023872187993 0.025685932032 0 
1608 856 0.012671817698 0.010489851097 0.016450286922 23.074621117682 3658924 0.012671817698 0.010489851097 0.016450286922 23.074621117682 3658924 0.015143407208 0.029330897675 0.033009458346 0 
1624 856 -0.000824395712 0.025160936512 0.025174438513 28.58238258168 4996584 -0.000824395712 0.025160936512 0.025174438513 28.58238258168 4996584 0.017228722596 0.034246919868 0.038336410927 0 
1640 856 0.018232811339 0.048402014506 0.051722242967 1.52846965542 6741542.5 15 -16 21.931712199461 114.677984760648 6060472.5 0.01573675545 0.038620254572 0.041703351608 0 
1656 856 3.115232637705 0.239483354442 3.124424213208 58.019246941526 7470725.5 -5 -16 16.76305461424 169.769235695108 7439374.5 0.02231507486 0.042712415911 0.048190383262 0 
1672 856 -0.212675140538 0.277025837504 0.349247806074 75.98153537665 6722120 0 -16 16 141.532226923436 6615248 0.036963680824 0.046523403885 0.059420037101 0 
1688 856 1.473841396769 0.169814141578 1.483592027988 35.397566855464 5623261 0 -16 16 131.97013197057 5460279.5 0.092684532853 0.083366082108 0.124660845001 0 
1704 856 2.551379620913 0.247760794798 2.563381239974 33.41775680355 5473008.5 -16 0 16 141.035723758079 5429537 0.189477630947 0.153240450582 0.243689163328 0 
1720 856 5.186092716197 2.373595964769 5.703465215547 48.70611059382 7330975 -16 2 16.124515496597 99.576021890113 7183157.5 0.783697002207 2.612026182385 2.72706101302 0 
1736 856 -13 22 25.553864678361 44.690711430289 9667413 -14 -9 16.643316977093 136.846710829908 9666792 1.875342646633 7.459723277518 7.691838624115 0 
1752 856 -8.556144244365 12.295294672952 14.979381676996 48.650947001928 9741558 -10 -9 13.453624047074 145.804577768694 9698791 1.820815145039 7.403344342845 7.623967159631 0 
1768 856 0.001836687901 -8.215555898566 8.215556103873 165.743809039592 8492541 15 8 17 47.684131275089 8422026 0.620114497426 2.442889378365 2.520367136916 0 
1784 856 0.447528702546 0.176304367939 0.481004334447 60.177056371065 5687955.5 -16 0 16 141.324952270381 5323910 0.028920657036 -0.023149143667 0.037044395742 0 
1800 856 -0.406397157168 0.471133055097 0.622193703728 124.463960085589 3647793 -3 -16 16.2788205961 106.936595776271 3452159.75 0.04723362387 0.005228776748 0.047522156203 0 
1816 856 0.039279716438 0.052959241257 0.065936161232 19.529051201029 3572601.5 10 -16 18.867962264113 91.901344275831 3419932 0.04279959413 0.028767428862 0.051569082026 0 
1832 856 0.048237383264 -0.11587772348 0.125516899033 139.185727993455 3404666 8 15 17 9.859117817521 3134557 0.015618567818 0.047466812674 0.049970370882 0 
1848 856 -0.03116378083 -0.167116738254 0.169997604219 163.427756677111 2925426.75 10 15 18.02775637732 39.699172078449 2438132.75 -0.00514709849 0.048896627452 0.049166785527 0 
1864 856 0.028192438198 -0.148188314936 0.15084624707 160.238949615485 2873219 -15 15 21.213203435596 14.467303338928 1987306 -0.019497404793 0.033056873197 0.038378453059 0 
1880 856 -0.032873307799 -0.114416031559 0.119044876594 94.519185030222 3064983 -11 15 18.601075237738 33.196887010894 1523249.125 -0.044856770681 0.016815243736 0.047904929786 0 
1896 856 -0.038148219644 -0.117183528855 0.123236626442 72.0888726512 3211263.75 -0.038148219644 -0.117183528855 0.123236626442 72.0888726512 3211263.75 -0.081225196154 0.00017173907 0.081225377712 0 
1912 856 -0.075343350886 -0.122348525227 0.143686402098 51.142300461807 3384505 -0.075343350886 -0.122348525227 0.143686402098 51.142300461807 3384505 -0.079403624228 -0.010076849786 0.080040480022 0 
1928 856 -0.038902116089 -0.100751522903 0.10800112964 49.411935103158 3318961 -0.038902116089 -0.100751522903 0.10800112964 49.411935103158 3318961 -0.039392054905 -0.013930522829 0.041782693258 0 
1944 856 0.01967669972 -0.063608513426 0.066582396263 66.237720885983 2777532 0.01967669972 -0.063608513426 0.066582396263 66.237720885983 2777532 -0.012589536129 -0.010925122041 0.01666897452 0 
1960 856 -0.028763996913 -0.056068058839 0.063015829285 70.585143456961 2074061 -0.028763996913 -0.056068058839 0.063015829285 70.585143456961 2074061 0.001003932099 -0.001060647422 0.001460428914 0 
1976 856 0.001966213806 -0.047876701052 0.047917058553 88.899700232195 1330304.875 0.001966213806 -0.047876701052 0.047917058553 88.899700232195 1330304.875 0.008864953689 0.000193653456 0.008867068601 0 
1992 856 0.028972305988 -0.016769802682 0.033475674694 3.020812831775 617699 0.028972305988 -0.016769802682 0.033475674694 3.020812831775 617699 0.010993528643 -0.007162219406 0.013120787279 0 
2008 856 -0.009157100111 -0.002269065892 0.009434041682 133.330857536152 157468 -0.009157100111 -0.002269065892 0.009434041682 133.330857536152 157468 0.016919603661 -0.010883877505 0.020117946654 0 
2024 856 0 0 0 0 0 0 0 0 0 0 0.026643178743 -0.010971320842 0.028813692137 0 
2040 856 0 0 0 0 0 0 0 0 0 0 0.017003344958 -0.020562692653 0.02668216762 0 
2056 856 0 0 0 0 0 0 0 0 0 0 -0.011999897695 -0.039657992938 0.0414337296 0 
2072 856 0 0 0 0 0 0 0 0 0 0 0.003359601203 -0.051399249299 0.051508928825 0 
2088 856 0 0 0 0 0 0 0 0 0 0 0.063081841652 -0.055786461735 0.084210736008 0 
2104 856 0 0 0 0 0 0 0 0 0 0 0.07254749034 -0.045851435978 0.085822447739 0 
2120 856 0 0 0 0 0 0 0 0 0 0 0.031756547268 -0.021594172028 0.038402949886 0 
2136 856 0 0 0 0 0 0 0 0 0 0 0.005171172193 -0.007979490464 0.009508590322 0 
2152 856 0 0 0 0 0 0 0 0 0 0 -0.007208634885 -0.005007391284 0.008777151267 0 
2168 856 0 0 0 0 0 0 0 0 0 0 -0.011964580329 -0.004556682783 0.012802911405 0 
2184 856 0 0 0 0 0 0 0 0 0 0 -0.009096664142 -0.006627364959 0.011254832953 0 
2200 856 0 0 0 0 0 0 0 0 0 0 -0.005747029536 -0.005747029536 0.008127527113 0 
2216 856 0 0 0 0 0 0 0 0 0 0 -0.001915676512 -0.001915676512 0.002709175704 0 
2232 856 0 0 0 0 0 0 0 0 0 0 0 0 0 0 
2248 856 0 0 0 0 0 0 0 0 0 0 0 0 0 0 
2264 856 0 0 0 0 0 0 0 0 0 0 0 0 0 0 
2280 856 0 0 0 0 0 0 0 0 0 0 0 0 0 0 
2296 856 0 0 0 0 0 0 0 0 0 0 0 0 0 0 
2312 856 0 0 0 0 0 0 0 0 0 0 0 0 0 0 
2328 856 0 0 0 0 0 0 0 0 0 0 0 0 0 0 
2344 856 0 0 0 0 0 0 0 0 0 0 0 0 0 0 
2360 856 0 0 0 0 0 0 0 0 0 0 0 0 0 0 
2376 856 0 0 0 0 0 0 0 0 0 0 0 0 0 0 
2392 856 0 0 0 0 0 0 0 0 0 0 0 0 0 0 
2408 856 0 0 0 0 0 0 0 0 0 0 0 0 0 0 
2424 856 0 0 0 0 0 0 0 0 0 0 0 0 0 0 
2440 856 0 0 0 0 0 0 0 0 0 0 0 0 0 0 
2456 856 0 0 0 0 0 0 0 0 0 0 0 0 0 0 
2472 856 0 0 0 0 0 0 0 0 0 0 0 0 0 0 
2488 856 0 0 0 0 0 0 0 0 0 0 0 0 0 0 
2504 856 0 0 0 0 0 0 0 0 0 0 0 0 0 0 
2520 856 0 0 0 0 0 0 0 0 0 0 0 0 0 0 
2536 856 0 0 0 0 0 0 0 0 0 0 0 0 0 0 
24 872 0 0 0 0 0 0 0 0 0 0 0 0 0 0 
40 872 0 0 0 0 0 0 0 0 0 0 0 0 0 0 
56 872 0 0 0 0 0 0 0 0 0 0 0 0 0 0 
72 872 0 0 0 0 0 0 0 0 0 0 0 0 0 0 
88 872 0 0 0 0 0 0 0 0 0 0 0 0 0 0 
104 872 0 0 0 0 0 0 0 0 0 0 0 0 0 0 
120 872 0 0 0 0 0 0 0 0 0 0 0 0 0 0 
136 872 0 0 0 0 0 0 0 0 0 0 0 0 0 0 
152 872 0 0 0 0 0 0 0 0 0 0 0 0 0 0 
168 872 0 0 0 0 0 0 0 0 0 0 0 0 0 0 
184 872 0 0 0 0 0 0 0 0 0 0 0 0 0 0 
200 872 0 0 0 0 0 0 0 0 0 0 0 0 0 0 
216 872 0 0 0 0 0 0 0 0 0 0 0 0 0 0 
232 872 0 0 0 0 0 0 0 0 0 0 0 0 0 0 
248 872 0 0 0 0 0 0 0 0 0 0 0 0 0 0 
264 872 0 0 0 0 0 0 0 0 0 0 0 0 0 0 
280 872 0 0 0 0 0 0 0 0 0 0 0 0 0 0 
296 872 0 0 0 0 0 0 0 0 0 0 0 0 0 0 
312 872 0 0 0 0 0 0 0 0 0 0 0 0 0 0 
328 872 0 0 0 0 0 0 0 0 0 0 0 0 0 0 
344 872 0 0 0 0 0 0 0 0 0 0 0 0 0 0 
360 872 0 0 0 0 0 0 0 0 0 0 0 0 0 0 
376 872 0 0 0 0 0 0 0 0 0 0 0 0 0 0 
392 872 0 0 0 0 0 0 0 0 0 0 0 0 0 0 
408 872 0 0 0 0 0 0 0 0 0 0 0 0 0 0 
424 872 0 0 0 0 0 0 0 0 0 0 0 0 0 0 
440 872 0 0 0 0 0 0 0 0 0 0 0 0 0 0 
456 872 0 0 0 0 0 0 0 0 0 0 0 0 0 0 
472 872 0 0 0 0 0 0 0 0 0 0 0 0 0 0 
488 872 0 0 0 0 0 0 0 0 0 0 0 0 0 0 
504 872 0 0 0 0 0 0 0 0 0 0 0 0 0 0 
520 872 0 0 0 0 0 0 0 0 0 0 0 0 0 0 
536 872 0 0 0 0 0 0 0 0 0 0 0 0 0 0 
552 872 0 0 0 0 0 0 0 0 0 0 0 0 0 0 
568 872 0 0 0 0 0 0 0 0 0 0 0 0 0 0 
584 872 0 0 0 0 0 0 0 0 0 0 0 0 0 0 
600 872 0 0 0 0 0 0 0 0 0 0 0 0 0 0 
616 872 0 0 0 0 0 0 0 0 0 0 0 0 0 0 
632 872 0 0 0 0 0 0 0 0 0 0 0 0 0 0 
648 872 0 0 0 0 0 0 0 0 0 0 0 0 0 0 
664 872 0 0 0 0 0 0 0 0 0 0 0 0 0 0 
680 872 0 0 0 0 0 0 0 0 0 0 0 0 0 0 
696 872 0 0 0 0 0 0 0 0 0 0 0 0 0 0 
712 872 0 0 0 0 0 0 0 0 0 0 0 0 0 0 
728 872 0 0 0 0 0 0 0 0 0 0 0 0 0 0 
744 872 0 0 0 0 0 0 0 0 0 0 0 0 0 0 
760 872 0 0 0 0 0 0 0 0 0 0 0 0 0 0 
776 872 0 0 0 0 0 0 0 0 0 0 0 0 0 0 
792 872 0 0 0 0 0 0 0 0 0 0 0 0 0 0 
808 872 0 0 0 0 0 0 0 0 0 0 0 0 0 0 
824 872 0 0 0 0 0 0 0 0 0 0 0 0 0 0 
840 872 0 0 0 0 0 0 0 0 0 0 0 0 0 0 
856 872 0 0 0 0 0 0 0 0 0 0 0 0 0 0 
872 872 0 0 0 0 0 0 0 0 0 0 0 0 0 0 
888 872 0 0 0 0 0 0 0 0 0 0 0 0 0 0 
904 872 0 0 0 0 0 0 0 0 0 0 0 0 0 0 
920 872 0 0 0 0 0 0 0 0 0 0 0 0 0 0 
936 872 0 0 0 0 0 0 0 0 0 0 0 0 0 0 
952 872 0 0 0 0 0 0 0 0 0 0 0 0 0 0 
968 872 0 0 0 0 0 0 0 0 0 0 0 0 0 0 
984 872 0 0 0 0 0 0 0 0 0 0 0 0 0 0 
1000 872 0 0 0 0 0 0 0 0 0 0 0 0 0 0 
1016 872 0 0 0 0 0 0 0 0 0 0 0 0 0 0 
1032 872 0 0 0 0 0 0 0 0 0 0 0 0 0 0 
1048 872 0 0 0 0 0 0 0 0 0 0 0 0 0 0 
1064 872 0 0 0 0 0 0 0 0 0 0 0 0 0 0 
1080 872 0 0 0 0 0 0 0 0 0 0 -0.003142274247 0.000412613769 0.003169248739 0 
1096 872 0 0 0 0 0 0 0 0 0 0 -0.009426822742 0.001237841306 0.009507746217 0 
1112 872 0 0 0 0 0 0 0 0 0 0 -0.010034963235 0.002841706121 0.010429562829 0 
1128 872 0 0 0 0 0 0 0 0 0 0 -0.004966695726 0.005224208211 0.007208357501 0 
1144 872 0 0 0 0 0 0 0 0 0 0 -0.005409187187 0.007589220195 0.009319633533 0 
1160 872 0 0 0 0 0 0 0 0 0 0 -0.01136243762 0.009936742071 0.015094496734 0 
1176 872 0 0 0 0 0 0 0 0 0 0 -0.012944377466 0.00990574384 0.016299713771 0 
1192 872 0 0 0 0 0 0 0 0 0 0 -0.010155006726 0.007496225501 0.012622105941 0 
1208 872 0 0 0 0 0 0 0 0 0 0 -0.004542570987 0.005906370972 0.00745118576 0 
1224 872 0 0 0 0 0 0 0 0 0 0 0.003892929751 0.005136180253 0.006444784685 0 
1240 872 0 0 0 0 0 0 0 0 0 0 0.004442796625 0.007068343207 0.008348647647 0 
1256 872 0 0 0 0 0 0 0 0 0 0 -0.002892970366 0.011702859833 0.012055131928 0 
1272 872 0 0 0 0 0 0 0 0 0 0 -0.000326571857 0.012022766151 0.012027200634 0 
1288 872 0 0 0 0 0 0 0 0 0 0 0.01214199215 0.00802806216 0.014556021277 0 
1304 872 0 0 0 0 0 0 0 0 0 0 0.009004252553 0.000224707967 0.009007055995 0 
1320 872 0 0 0 0 0 0 0 0 0 0 -0.009739790649 -0.011387296427 0.01498446001 0 
1336 872 0 0 0 0 0 0 0 0 0 0 -0.0123627858 -0.017326214715 0.021284646793 0 
1352 872 0 0 0 0 0 0 0 0 0 0 0.001135267099 -0.017592046897 0.017628639919 0 
1368 872 0 0 0 0 0 0 0 0 0 0 0.00649467205 -0.013550448915 0.015026490969 0 
1384 872 0 0 0 0 0 0 0 0 0 0 0.003715429054 -0.005201420771 0.006392119452 0 
1400 872 0 0 0 0 0 0 0 0 0 0 0.025317393628 0.001395804022 0.025355841319 0 
1416 872 0 0 0 0 0 0 0 0 0 0 0.071300565772 0.006241225463 0.071573204307 0 
1432 872 0 0 0 0 0 0 0 0 0 0 0.703160152412 0.009422591942 0.703223282592 0 
1448 872 0 0 0 0 0 0 0 0 0 0 1.920896153546 0.01093990346 1.920927305808 0 
1464 872 0 0 0 0 0 0 0 0 0 0 1.905766968613 0.003816222547 1.905770789526 0 
1480 872 0 0 0 0 0 0 0 0 0 0 0.657772597613 -0.011948450798 0.657881110571 0 
1496 872 0 0 0 0 0 0 0 0 0 0 0.026684784584 -0.019024859124 0.032772290017 0 
1512 872 0 0 0 0 0 0 0 0 0 0 0.012503529528 -0.017413002431 0.021437138436 0 
1528 872 0 0 0 0 0 0 0 0 0 0 0.008324947409 -0.012492829835 0.015012513003 0 
1544 872 0 0 0 0 0 0 0 0 0 0 0.014149038227 -0.004264341337 0.014777682152 0 
1560 872 0 0 0 0 0 0 0 0 0 0 0.011827332644 0.001798283088 0.011963261241 0 
1576 872 0 0 0 0 0 0 0 0 0 0 0.00135983066 0.00569504344 0.005855139554 0 
1592 872 0 0 0 0 0 0 0 0 0 0 0.001128247717 0.009477511955 0.009544431663 0 
1608 872 0.014148931997 -0.001160519883 0.014196446141 54.429008435482 243097.96875 0.014148931997 -0.001160519883 0.014196446141 54.429008435482 243097.96875 0.011132583816 0.013145688633 0.017226246023 0 
1624 872 -0.004948531496 0.00704700832 0.008610940148 71.399656021636 1224257 -0.004948531496 0.00704700832 0.008610940148 71.399656021636 1224257 0.014408653442 0.019598897908 0.02432542072 0 
1640 872 0.004205813676 0.017471140264 0.017970242369 7.268683417081 3641877 0.004205813676 0.017471140264 0.017970242369 7.268683417081 3641877 0.010956456593 0.028837139779 0.030848412791 0 
1656 872 0.000484736975 0.018844442862 0.018850676293 18.736712367126 6993042 -16 9 18.357559750686 80.852457394947 5389739 0.01304354695 0.035431835714 0.037756444471 0 
1672 872 -0.015145450049 -0.007300979622 0.016813356614 143.429212047678 8968962 13.366101706993 -2.963163194996 13.690617625288 74.807410201045 8565631 0.020669924512 0.039382985714 0.044477694894 0 
1688 872 1.838204942088 -0.219028168389 1.851207915839 53.221359883769 8851615 0 15 15 43.573584565566 8660919 0.051593064458 0.054228094979 0.074850054009 0 
1704 872 2.712329232732 0.129608691748 2.715424143612 34.344026359241 8159074 -16 0 16 142.920175033261 8123743.5 0.105812966789 0.07996716351 0.132631561781 0 
1720 872 2.03343807 0.134995750099 2.037914187857 67.456957270728 8499837 14 -16 21.260291625469 120.069207040667 8434393 0.305060069776 0.898942521195 0.949294107526 0 
1736 872 -11.180942148871 1.869455864737 11.336151576553 95.0059211561 7714324 15 2 15.132745950422 67.907372324877 7603688.5 0.64933437342 2.511154168035 2.593748327064 0 
1752 872 -0.040115446987 0.32173605868 0.32422729765 20.367343481536 6380382 -12.157442431898 14.432395711622 18.870544572475 53.369975611962 5524948 0.584929386076 2.482138036121 2.550127764849 0 
1768 872 0.056852291864 -0.063763623297 0.085428231552 130.43588320728 6335615 0.056852291864 -0.063763623297 0.085428231552 130.43588320728 6335615 0.111845107745 0.811894125452 0.81956171157 0 
1784 872 -0.022072060618 -0.029282748977 0.036669541142 34.098167369366 4811985 -0.022072060618 -0.029282748977 0.036669541142 34.098167369366 4811985 -0.083625367233 -0.028622292069 0.088387994932 0 
1800 872 -0.015457784459 0.035303234689 0.038539090283 154.199870176175 3325856 -0.015457784459 0.035303234689 0.038539090283 154.199870176175 3325856 -0.001482038858 -0.039411216443 0.03943907226 0 
1816 872 0.023870691796 0.016327424824 0.028920489764 91.249883053957 2616758 0.023870691796 0.016327424824 0.028920489764 91.249883053957 2616758 0.031880178628 -0.04886300804 0.058343288766 0 
1832 872 0.048469121244 -0.021531376327 0.053036363759 49.933420891733 2135080 0.048469121244 -0.021531376327 0.053036363759 49.933420891733 2135080 0.016461285226 -0.05697766686 0.059307912053 0 
1848 872 -0.029298592546 -0.067312574238 0.073412466079 22.127648515156 1501020.75 -0.029298592546 -0.067312574238 0.073412466079 22.127648515156 1501020.75 -0.001611303938 -0.066214083299 0.066233685746 0 
1864 872 0.024838376278 -0.077496052673 0.081379254826 34.034224903737 1113872 0.024838376278 -0.077496052673 0.081379254826 34.034224903737 1113872 -0.022337588865 -0.076572257359 0.079763892039 0 
1880 872 -0.034469354891 -0.057038537543 0.066644813689 0.756730294779 817219 -0.034469354891 -0.057038537543 0.066644813689 0.756730294779 817219 -0.047950658301 -0.07702992976 0.090735195544 0 
1896 872 -0.047579626499 -0.03352033377 0.058201663498 5.58064306586 422817.96875 -0.047579626499 -0.03352033377 0.058201663498 5.58064306586 422817.96875 -0.078450512247 -0.067587100504 0.103549500367 0 
1912 872 -0.056626871863 -0.009464569587 0.057412374053 26.868274291062 95821 -0.056626871863 -0.009464569587 0.057412374053 26.868274291062 95821 -0.077632355217 -0.057145494044 0.096397043866 0 
1928 872 0 0 0 0 0 0 0 0 0 0 -0.045496187212 -0.045705110381 0.064489225191 0 
1944 872 0 0 0 0 0 0 0 0 0 0 -0.016544116804 -0.032087706439 0.036101644081 0 
1960 872 0 0 0 0 0 0 0 0 0 0 0.009223856006 -0.016293282218 0.018722995622 0 
1976 872 0 0 0 0 0 0 0 0 0 0 0.017585699818 -0.007200398901 0.019002699346 0 
1992 872 0 0 0 0 0 0 0 0 0 0 0.008541414633 -0.004809056486 0.009802182829 0 
2008 872 0 0 0 0 0 0 0 0 0 0 0.005639867887 -0.003627959168 0.006705982218 0 
2024 872 0 0 0 0 0 0 0 0 0 0 0.008881059581 -0.003657106947 0.009604564046 0 
2040 872 0 0 0 0 0 0 0 0 0 0 0.005667781653 -0.006854230884 0.008894055873 0 
2056 872 0 0 0 0 0 0 0 0 0 0 -0.003999965898 -0.013219330979 0.0138112432 0 
2072 872 0 0 0 0 0 0 0 0 0 0 0.001119867068 -0.0171330831 0.017169642942 0 
2088 872 0 0 0 0 0 0 0 0 0 0 0.021027280551 -0.018595487245 0.028070245336 0 
2104 872 0 0 0 0 0 0 0 0 0 0 0.02418249678 -0.015283811993 0.02860748258 0 
2120 872 0 0 0 0 0 0 0 0 0 0 0.010585515756 -0.007198057343 0.012800983295 0 
2136 872 0 0 0 0 0 0 0 0 0 0 0.001723724064 -0.002659830155 0.003169530107 0 
2152 872 0 0 0 0 0 0 0 0 0 0 -0.002402878295 -0.001669130428 0.002925717089 0 
2168 872 0 0 0 0 0 0 0 0 0 0 -0.003988193443 -0.001518894261 0.004267637135 0 
2184 872 0 0 0 0 0 0 0 0 0 0 -0.003032221381 -0.002209121653 0.003751610984 0 
2200 872 0 0 0 0 0 0 0 0 0 0 -0.001915676512 -0.001915676512 0.002709175704 0 
2216 872 0 0 0 0 0 0 0 0 0 0 -0.000638558837 -0.000638558837 0.000903058568 0 
2232 872 0 0 0 0 0 0 0 0 0 0 0 0 0 0 
2248 872 0 0 0 0 0 0 0 0 0 0 0 0 0 0 
2264 872 0 0 0 0 0 0 0 0 0 0 0 0 0 0 
2280 872 0 0 0 0 0 0 0 0 0 0 0 0 0 0 
2296 872 0 0 0 0 0 0 0 0 0 0 0 0 0 0 
2312 872 0 0 0 0 0 0 0 0 0 0 0 0 0 0 
2328 872 0 0 0 0 0 0 0 0 0 0 0 0 0 0 
2344 872 0 0 0 0 0 0 0 0 0 0 0 0 0 0 
2360 872 0 0 0 0 0 0 0 0 0 0 0 0 0 0 
2376 872 0 0 0 0 0 0 0 0 0 0 0 0 0 0 
2392 872 0 0 0 0 0 0 0 0 0 0 0 0 0 0 
2408 872 0 0 0 0 0 0 0 0 0 0 0 0 0 0 
2424 872 0 0 0 0 0 0 0 0 0 0 0 0 0 0 
2440 872 0 0 0 0 0 0 0 0 0 0 0 0 0 0 
2456 872 0 0 0 0 0 0 0 0 0 0 0 0 0 0 
2472 872 0 0 0 0 0 0 0 0 0 0 0 0 0 0 
2488 872 0 0 0 0 0 0 0 0 0 0 0 0 0 0 
2504 872 0 0 0 0 0 0 0 0 0 0 0 0 0 0 
2520 872 0 0 0 0 0 0 0 0 0 0 0 0 0 0 
2536 872 0 0 0 0 0 0 0 0 0 0 0 0 0 0 
24 888 0 0 0 0 0 0 0 0 0 0 0 0 0 0 
40 888 0 0 0 0 0 0 0 0 0 0 0 0 0 0 
56 888 0 0 0 0 0 0 0 0 0 0 0 0 0 0 
72 888 0 0 0 0 0 0 0 0 0 0 0 0 0 0 
88 888 0 0 0 0 0 0 0 0 0 0 0 0 0 0 
104 888 0 0 0 0 0 0 0 0 0 0 0 0 0 0 
120 888 0 0 0 0 0 0 0 0 0 0 0 0 0 0 
136 888 0 0 0 0 0 0 0 0 0 0 0 0 0 0 
152 888 0 0 0 0 0 0 0 0 0 0 0 0 0 0 
168 888 0 0 0 0 0 0 0 0 0 0 0 0 0 0 
184 888 0 0 0 0 0 0 0 0 0 0 0 0 0 0 
200 888 0 0 0 0 0 0 0 0 0 0 0 0 0 0 
216 888 0 0 0 0 0 0 0 0 0 0 0 0 0 0 
232 888 0 0 0 0 0 0 0 0 0 0 0 0 0 0 
248 888 0 0 0 0 0 0 0 0 0 0 0 0 0 0 
264 888 0 0 0 0 0 0 0 0 0 0 0 0 0 0 
280 888 0 0 0 0 0 0 0 0 0 0 0 0 0 0 
296 888 0 0 0 0 0 0 0 0 0 0 0 0 0 0 
312 888 0 0 0 0 0 0 0 0 0 0 0 0 0 0 
328 888 0 0 0 0 0 0 0 0 0 0 0 0 0 0 
344 888 0 0 0 0 0 0 0 0 0 0 0 0 0 0 
360 888 0 0 0 0 0 0 0 0 0 0 0 0 0 0 
376 888 0 0 0 0 0 0 0 0 0 0 0 0 0 0 
392 888 0 0 0 0 0 0 0 0 0 0 0 0 0 0 
408 888 0 0 0 0 0 0 0 0 0 0 0 0 0 0 
424 888 0 0 0 0 0 0 0 0 0 0 0 0 0 0 
440 888 0 0 0 0 0 0 0 0 0 0 0 0 0 0 
456 888 0 0 0 0 0 0 0 0 0 0 0 0 0 0 
472 888 0 0 0 0 0 0 0 0 0 0 0 0 0 0 
488 888 0 0 0 0 0 0 0 0 0 0 0 0 0 0 
504 888 0 0 0 0 0 0 0 0 0 0 0 0 0 0 
520 888 0 0 0 0 0 0 0 0 0 0 0 0 0 0 
536 888 0 0 0 0 0 0 0 0 0 0 0 0 0 0 
552 888 0 0 0 0 0 0 0 0 0 0 0 0 0 0 
568 888 0 0 0 0 0 0 0 0 0 0 0 0 0 0 
584 888 0 0 0 0 0 0 0 0 0 0 0 0 0 0 
600 888 0 0 0 0 0 0 0 0 0 0 0 0 0 0 
616 888 0 0 0 0 0 0 0 0 0 0 0 0 0 0 
632 888 0 0 0 0 0 0 0 0 0 0 0 0 0 0 
648 888 0 0 0 0 0 0 0 0 0 0 0 0 0 0 
664 888 0 0 0 0 0 0 0 0 0 0 0 0 0 0 
680 888 0 0 0 0 0 0 0 0 0 0 0 0 0 0 
696 888 0 0 0 0 0 0 0 0 0 0 0 0 0 0 
712 888 0 0 0 0 0 0 0 0 0 0 0 0 0 0 
728 888 0 0 0 0 0 0 0 0 0 0 0 0 0 0 
744 888 0 0 0 0 0 0 0 0 0 0 0 0 0 0 
760 888 0 0 0 0 0 0 0 0 0 0 0 0 0 0 
776 888 0 0 0 0 0 0 0 0 0 0 0 0 0 0 
792 888 0 0 0 0 0 0 0 0 0 0 0 0 0 0 
808 888 0 0 0 0 0 0 0 0 0 0 0 0 0 0 
824 888 0 0 0 0 0 0 0 0 0 0 0 0 0 0 
840 888 0 0 0 0 0 0 0 0 0 0 0 0 0 0 
856 888 0 0 0 0 0 0 0 0 0 0 0 0 0 0 
872 888 0 0 0 0 0 0 0 0 0 0 0 0 0 0 
888 888 0 0 0 0 0 0 0 0 0 0 0 0 0 0 
904 888 0 0 0 0 0 0 0 0 0 0 0 0 0 0 
920 888 0 0 0 0 0 0 0 0 0 0 0 0 0 0 
936 888 0 0 0 0 0 0 0 0 0 0 0 0 0 0 
952 888 0 0 0 0 0 0 0 0 0 0 0 0 0 0 
968 888 0 0 0 0 0 0 0 0 0 0 0 0 0 0 
984 888 0 0 0 0 0 0 0 0 0 0 0 0 0 0 
1000 888 0 0 0 0 0 0 0 0 0 0 0 0 0 0 
1016 888 0 0 0 0 0 0 0 0 0 0 0 0 0 0 
1032 888 0 0 0 0 0 0 0 0 0 0 0 0 0 0 
1048 888 0 0 0 0 0 0 0 0 0 0 0 0 0 0 
1064 888 0 0 0 0 0 0 0 0 0 0 0 0 0 0 
1080 888 0 0 0 0 0 0 0 0 0 0 0 0 0 0 
1096 888 0 0 0 0 0 0 0 0 0 0 0 0 0 0 
1112 888 0 0 0 0 0 0 0 0 0 0 0 0 0 0 
1128 888 0 0 0 0 0 0 0 0 0 0 0 0 0 0 
1144 888 0 0 0 0 0 0 0 0 0 0 0 0 0 0 
1160 888 0 0 0 0 0 0 0 0 0 0 0 0 0 0 
1176 888 0 0 0 0 0 0 0 0 0 0 0 0 0 0 
1192 888 0 0 0 0 0 0 0 0 0 0 0 0 0 0 
1208 888 0 0 0 0 0 0 0 0 0 0 0 0 0 0 
1224 888 0 0 0 0 0 0 0 0 0 0 0 0 0 0 
1240 888 0 0 0 0 0 0 0 0 0 0 0 0 0 0 
1256 888 0 0 0 0 0 0 0 0 0 0 0 0 0 0 
1272 888 0 0 0 0 0 0 0 0 0 0 0 0 0 0 
1288 888 0 0 0 0 0 0 0 0 0 0 0 0 0 0 
1304 888 0 0 0 0 0 0 0 0 0 0 0 0 0 0 
1320 888 0 0 0 0 0 0 0 0 0 0 0 0 0 0 
1336 888 0 0 0 0 0 0 0 0 0 0 0 0 0 0 
1352 888 0 0 0 0 0 0 0 0 0 0 0 0 0 0 
1368 888 0 0 0 0 0 0 0 0 0 0 0 0 0 0 
1384 888 0 0 0 0 0 0 0 0 0 0 0 0 0 0 
1400 888 0 0 0 0 0 0 0 0 0 0 0 0 0 0 
1416 888 0 0 0 0 0 0 0 0 0 0 0 0 0 0 
1432 888 0 0 0 0 0 0 0 0 0 0 0 0 0 0 
1448 888 0 0 0 0 0 0 0 0 0 0 0 0 0 0 
1464 888 0 0 0 0 0 0 0 0 0 0 0 0 0 0 
1480 888 0 0 0 0 0 0 0 0 0 0 0 0 0 0 
1496 888 0 0 0 0 0 0 0 0 0 0 0 0 0 0 
1512 888 0 0 0 0 0 0 0 0 0 0 0 0 0 0 
1528 888 0 0 0 0 0 0 0 0 0 0 0.002311284695 -0.00024009623 0.00232372183 0 
1544 888 0 0 0 0 0 0 0 0 0 0 0.006933854086 -0.000720288691 0.00697116549 0 
1560 888 0 0 0 0 0 0 0 0 0 0 0.005220922399 -0.000552716407 0.005250097726 0 
1576 888 0 0 0 0 0 0 0 0 0 0 -0.002827510365 0.000262620621 0.002839680344 0 
1592 888 0 0 0 0 0 0 0 0 0 0 -0.002286024801 0.001710130452 0.00285490027 0 
1608 888 0 0 0 0 0 0 0 0 0 0 0.00684537909 0.003789813084 0.007824442351 0 
1624 888 0 0 0 0 0 0 0 0 0 0 0.009259577335 0.009318328337 0.013136628769 0 
1640 888 -0.005272146979 -0.001143786367 0.005394792027 117.398984252536 655994.875 -0.005272146979 -0.001143786367 0.005394792027 117.398984252536 655994.875 0.004956569931 0.018295676211 0.018955193312 0 
1656 888 -0.003224902426 -0.011930262259 0.012358444611 177.291254937442 2957522.5 -0.003224902426 -0.011930262259 0.012358444611 177.291254937442 2957522.5 0.005319554974 0.024159471693 0.024738183797 0 
1672 888 -0.010557115657 -0.027663656208 0.029609636367 179.853063157858 5932805.5 -0.010557115657 -0.027663656208 0.029609636367 179.853063157858 5932805.5 0.010348532463 0.026909714782 0.02883097074 0 
1688 888 -0.002547687915 -0.019086777827 0.019256058827 147.172739231374 7121720 -0.002547687915 -0.019086777827 0.019256058827 147.172739231374 7121720 0.024653061868 0.028936420412 0.038014337897 0 
1704 888 0.011643102503 0 0.011643102503 32.085501700527 6106742.5 0.011643102503 0 0.011643102503 32.085501700527 6106742.5 0.04823314319 0.030239588583 0.056928629174 0 
1720 888 0.002462739048 -0.021009476892 0.021153326048 113.278492050399 4638934 0.002462739048 -0.021009476892 0.021153326048 113.278492050399 4638934 0.048283970537 0.027836569179 0.05573344054 0 
1736 888 -0.099614730407 -0.111269285772 0.149345065102 173.052114193782 3671170 -0.099614730407 -0.111269285772 0.149345065102 173.052114193782 3671170 0.02480554391 0.021727362199 0.032975646723 0 
1752 888 -0.008006036456 -0.147559119192 0.147776149214 103.411312421617 2983027.75 -0.008006036456 -0.147559119192 0.147776149214 103.411312421617 2983027.75 -0.030253395892 0.008971191027 0.031555510318 0 
1768 888 0.025344655371 -0.08878824283 0.092334736805 100.831651874906 2087968.75 0.025344655371 -0.08878824283 0.092334736805 100.831651874906 2087968.75 -0.116892848867 -0.010431944335 0.117357418082 0 
1784 888 -0.031477722335 -0.026117465638 0.0409019439 25.202094334334 1363084 -0.031477722335 -0.026117465638 0.0409019439 25.202094334334 1363084 -0.11431142195 -0.029522143967 0.118062094563 0 
1800 888 -0.013553755754 -0.003243993768 0.013936563084 51.552806524882 825531 -0.013553755754 -0.003243993768 0.013936563084 51.552806524882 825531 -0.022509115142 -0.048299407867 0.053286893931 0 
1816 888 -0.00196255826 0.000626584933 0.002060156208 124.476059327557 215924 -0.00196255826 0.000626584933 0.002060156208 124.476059327557 215924 0.019815353158 -0.065758669868 0.068679333745 0 
1832 888 0 0 0 0 0 0 0 0 0 0 0.012661982948 -0.08189992997 0.082872940947 0 
1848 888 0 0 0 0 0 0 0 0 0 0 0.000117445003 -0.092827079006 0.092827153302 0 
1864 888 0 0 0 0 0 0 0 0 0 0 -0.017818260675 -0.098540116977 0.100138129938 0 
1880 888 0 0 0 0 0 0 0 0 0 0 -0.037123201583 -0.092964387381 0.100102494559 0 
1896 888 0 0 0 0 0 0 0 0 0 0 -0.05779737772 -0.076099890218 0.09556008666 0 
1912 888 0 0 0 0 0 0 0 0 0 0 -0.057560040533 -0.06050986213 0.083514080736 0 
1928 888 0 0 0 0 0 0 0 0 0 0 -0.036411190024 -0.046194303118 0.058819115936 0 
1944 888 0 0 0 0 0 0 0 0 0 0 -0.013891055356 -0.032001748979 0.034886578459 0 
1960 888 0 0 0 0 0 0 0 0 0 0 0.01000036347 -0.017932199712 0.020532195597 0 
1976 888 0 0 0 0 0 0 0 0 0 0 0.016459554662 -0.008173068809 0.018377050727 0 
1992 888 0 0 0 0 0 0 0 0 0 0 0.005486518221 -0.00272435627 0.006125683576 0 
2008 888 0 0 0 0 0 0 0 0 0 0 0 0 0 0 
2024 888 0 0 0 0 0 0 0 0 0 0 0 0 0 0 
2040 888 0 0 0 0 0 0 0 0 0 0 0 0 0 0 
2056 888 0 0 0 0 0 0 0 0 0 0 0 0 0 0 
2072 888 0 0 0 0 0 0 0 0 0 0 0 0 0 0 
2088 888 0 0 0 0 0 0 0 0 0 0 0 0 0 0 
2104 888 0 0 0 0 0 0 0 0 0 0 0 0 0 0 
2120 888 0 0 0 0 0 0 0 0 0 0 0 0 0 0 
2136 888 0 0 0 0 0 0 0 0 0 0 0 0 0 0 
2152 888 0 0 0 0 0 0 0 0 0 0 0 0 0 0 
2168 888 0 0 0 0 0 0 0 0 0 0 0 0 0 0 
2184 888 0 0 0 0 0 0 0 0 0 0 0 0 0 0 
2200 888 0 0 0 0 0 0 0 0 0 0 0 0 0 0 
2216 888 0 0 0 0 0 0 0 0 0 0 0 0 0 0 
2232 888 0 0 0 0 0 0 0 0 0 0 0 0 0 0 
2248 888 0 0 0 0 0 0 0 0 0 0 0 0 0 0 
2264 888 0 0 0 0 0 0 0 0 0 0 0 0 0 0 
2280 888 0 0 0 0 0 0 0 0 0 0 0 0 0 0 
2296 888 0 0 0 0 0 0 0 0 0 0 0 0 0 0 
2312 888 0 0 0 0 0 0 0 0 0 0 0 0 0 0 
2328 888 0 0 0 0 0 0 0 0 0 0 0 0 0 0 
2344 888 0 0 0 0 0 0 0 0 0 0 0 0 0 0 
2360 888 0 0 0 0 0 0 0 0 0 0 0 0 0 0 
2376 888 0 0 0 0 0 0 0 0 0 0 0 0 0 0 
2392 888 0 0 0 0 0 0 0 0 0 0 0 0 0 0 
2408 888 0 0 0 0 0 0 0 0 0 0 0 0 0 0 
2424 888 0 0 0 0 0 0 0 0 0 0 0 0 0 0 
2440 888 0 0 0 0 0 0 0 0 0 0 0 0 0 0 
2456 888 0 0 0 0 0 0 0 0 0 0 0 0 0 0 
2472 888 0 0 0 0 0 0 0 0 0 0 0 0 0 0 
2488 888 0 0 0 0 0 0 0 0 0 0 0 0 0 0 
2504 888 0 0 0 0 0 0 0 0 0 0 0 0 0 0 
2520 888 0 0 0 0 0 0 0 0 0 0 0 0 0 0 
2536 888 0 0 0 0 0 0 0 0 0 0 0 0 0 0 
24 904 0 0 0 0 0 0 0 0 0 0 0 0 0 0 
40 904 0 0 0 0 0 0 0 0 0 0 0 0 0 0 
56 904 0 0 0 0 0 0 0 0 0 0 0 0 0 0 
72 904 0 0 0 0 0 0 0 0 0 0 0 0 0 0 
88 904 0 0 0 0 0 0 0 0 0 0 0 0 0 0 
104 904 0 0 0 0 0 0 0 0 0 0 0 0 0 0 
120 904 0 0 0 0 0 0 0 0 0 0 0 0 0 0 
136 904 0 0 0 0 0 0 0 0 0 0 0 0 0 0 
152 904 0 0 0 0 0 0 0 0 0 0 0 0 0 0 
168 904 0 0 0 0 0 0 0 0 0 0 0 0 0 0 
184 904 0 0 0 0 0 0 0 0 0 0 0 0 0 0 
200 904 0 0 0 0 0 0 0 0 0 0 0 0 0 0 
216 904 0 0 0 0 0 0 0 0 0 0 0 0 0 0 
232 904 0 0 0 0 0 0 0 0 0 0 0 0 0 0 
248 904 0 0 0 0 0 0 0 0 0 0 0 0 0 0 
264 904 0 0 0 0 0 0 0 0 0 0 0 0 0 0 
280 904 0 0 0 0 0 0 0 0 0 0 0 0 0 0 
296 904 0 0 0 0 0 0 0 0 0 0 0 0 0 0 
312 904 0 0 0 0 0 0 0 0 0 0 0 0 0 0 
328 904 0 0 0 0 0 0 0 0 0 0 0 0 0 0 
344 904 0 0 0 0 0 0 0 0 0 0 0 0 0 0 
360 904 0 0 0 0 0 0 0 0 0 0 0 0 0 0 
376 904 0 0 0 0 0 0 0 0 0 0 0 0 0 0 
392 904 0 0 0 0 0 0 0 0 0 0 0 0 0 0 
408 904 0 0 0 0 0 0 0 0 0 0 0 0 0 0 
424 904 0 0 0 0 0 0 0 0 0 0 0 0 0 0 
440 904 0 0 0 0 0 0 0 0 0 0 0 0 0 0 
456 904 0 0 0 0 0 0 0 0 0 0 0 0 0 0 
472 904 0 0 0 0 0 0 0 0 0 0 0 0 0 0 
488 904 0 0 0 0 0 0 0 0 0 0 0 0 0 0 
504 904 0 0 0 0 0 0 0 0 0 0 0 0 0 0 
520 904 0 0 0 0 0 0 0 0 0 0 0 0 0 0 
536 904 0 0 0 0 0 0 0 0 0 0 0 0 0 0 
552 904 0 0 0 0 0 0 0 0 0 0 0 0 0 0 
568 904 0 0 0 0 0 0 0 0 0 0 0 0 0 0 
584 904 0 0 0 0 0 0 0 0 0 0 0 0 0 0 
600 904 0 0 0 0 0 0 0 0 0 0 0 0 0 0 
616 904 0 0 0 0 0 0 0 0 0 0 0 0 0 0 
632 904 0 0 0 0 0 0 0 0 0 0 0 0 0 0 
648 904 0 0 0 0 0 0 0 0 0 0 0 0 0 0 
664 904 0 0 0 0 0 0 0 0 0 0 0 0 0 0 
680 904 0 0 0 0 0 0 0 0 0 0 0 0 0 0 
696 904 0 0 0 0 0 0 0 0 0 0 0 0 0 0 
712 904 0 0 0 0 0 0 0 0 0 0 0 0 0 0 
728 904 0 0 0 0 0 0 0 0 0 0 0 0 0 0 
744 904 0 0 0 0 0 0 0 0 0 0 0 0 0 0 
760 904 0 0 0 0 0 0 0 0 0 0 0 0 0 0 
776 904 0 0 0 0 0 0 0 0 0 0 0 0 0 0 
792 904 0 0 0 0 0 0 0 0 0 0 0 0 0 0 
808 904 0 0 0 0 0 0 0 0 0 0 0 0 0 0 
824 904 0 0 0 0 0 0 0 0 0 0 0 0 0 0 
840 904 0 0 0 0 0 0 0 0 0 0 0 0 0 0 
856 904 0 0 0 0 0 0 0 0 0 0 0 0 0 0 
872 904 0 0 0 0 0 0 0 0 0 0 0 0 0 0 
888 904 0 0 0 0 0 0 0 0 0 0 0 0 0 0 
904 904 0 0 0 0 0 0 0 0 0 0 0 0 0 0 
920 904 0 0 0 0 0 0 0 0 0 0 0 0 0 0 
936 904 0 0 0 0 0 0 0 0 0 0 0 0 0 0 
952 904 0 0 0 0 0 0 0 0 0 0 0 0 0 0 
968 904 0 0 0 0 0 0 0 0 0 0 0 0 0 0 
984 904 0 0 0 0 0 0 0 0 0 0 0 0 0 0 
1000 904 0 0 0 0 0 0 0 0 0 0 0 0 0 0 
1016 904 0 0 0 0 0 0 0 0 0 0 0 0 0 0 
1032 904 0 0 0 0 0 0 0 0 0 0 0 0 0 0 
1048 904 0 0 0 0 0 0 0 0 0 0 0 0 0 0 
1064 904 0 0 0 0 0 0 0 0 0 0 0 0 0 0 
1080 904 0 0 0 0 0 0 0 0 0 0 0 0 0 0 
1096 904 0 0 0 0 0 0 0 0 0 0 0 0 0 0 
1112 904 0 0 0 0 0 0 0 0 0 0 0 0 0 0 
1128 904 0 0 0 0 0 0 0 0 0 0 0 0 0 0 
1144 904 0 0 0 0 0 0 0 0 0 0 0 0 0 0 
1160 904 0 0 0 0 0 0 0 0 0 0 0 0 0 0 
1176 904 0 0 0 0 0 0 0 0 0 0 0 0 0 0 
1192 904 0 0 0 0 0 0 0 0 0 0 0 0 0 0 
1208 904 0 0 0 0 0 0 0 0 0 0 0 0 0 0 
1224 904 0 0 0 0 0 0 0 0 0 0 0 0 0 0 
1240 904 0 0 0 0 0 0 0 0 0 0 0 0 0 0 
1256 904 0 0 0 0 0 0 0 0 0 0 0 0 0 0 
1272 904 0 0 0 0 0 0 0 0 0 0 0 0 0 0 
1288 904 0 0 0 0 0 0 0 0 0 0 0 0 0 0 
1304 904 0 0 0 0 0 0 0 0 0 0 0 0 0 0 
1320 904 0 0 0 0 0 0 0 0 0 0 0 0 0 0 
1336 904 0 0 0 0 0 0 0 0 0 0 0 0 0 0 
1352 904 0 0 0 0 0 0 0 0 0 0 0 0 0 0 
1368 904 0 0 0 0 0 0 0 0 0 0 0 0 0 0 
1384 904 0 0 0 0 0 0 0 0 0 0 0 0 0 0 
1400 904 0 0 0 0 0 0 0 0 0 0 0 0 0 0 
1416 904 0 0 0 0 0 0 0 0 0 0 0 0 0 0 
1432 904 0 0 0 0 0 0 0 0 0 0 0 0 0 0 
1448 904 0 0 0 0 0 0 0 0 0 0 0 0 0 0 
1464 904 0 0 0 0 0 0 0 0 0 0 0 0 0 0 
1480 904 0 0 0 0 0 0 0 0 0 0 0 0 0 0 
1496 904 0 0 0 0 0 0 0 0 0 0 0 0 0 0 
1512 904 0 0 0 0 0 0 0 0 0 0 0 0 0 0 
1528 904 0 0 0 0 0 0 0 0 0 0 0.000770428232 -0.000080032077 0.000774573943 0 
1544 904 0 0 0 0 0 0 0 0 0 0 0.002311284695 -0.00024009623 0.00232372183 0 
1560 904 0 0 0 0 0 0 0 0 0 0 0.001740307466 -0.000184238802 0.001750032575 0 
1576 904 0 0 0 0 0 0 0 0 0 0 -0.000942503455 0.000087540207 0.000946560115 0 
1592 904 0 0 0 0 0 0 0 0 0 0 -0.000762008267 0.000570043484 0.000951633423 0 
1608 904 0 0 0 0 0 0 0 0 0 0 0.00228179303 0.001263271028 0.00260814745 0 
1624 904 0 0 0 0 0 0 0 0 0 0 0.001781494274 0.003405211156 0.003843069719 0 
1640 904 0 0 0 0 0 0 0 0 0 0 -0.002262904536 0.006995863868 0.007352744263 0 
1656 904 -0.007436134001 -0.001766420045 0.007643057546 97.860267790448 38983 -0.007436134001 -0.001766420045 0.007643057546 97.860267790448 38983 -0.000856901068 0.008895323846 0.008936501875 0 
1672 904 -0.004027381304 0.007757912565 0.008740995797 60.821201280178 991578.875 -0.004027381304 0.007757912565 0.008740995797 60.821201280178 991578.875 0.005999504677 0.00910359109 0.010902725673 0 
1688 904 -0.003246676892 0.004623903108 0.005649901839 92.807024999893 1806551.875 -0.003246676892 0.004623903108 0.005649901839 92.807024999893 1806551.875 0.011864525083 0.007491058409 0.014031497124 0 
1704 904 0.006445263952 -0.001063879599 0.006532477877 22.999904807727 1221408 0.006445263952 -0.001063879599 0.006532477877 22.999904807727 1221408 0.016738160151 0.004057725803 0.017222983014 0 
1720 904 -0.003728109888 -0.001917818369 0.004192473093 147.259012017783 394215.96875 -0.003728109888 -0.001917818369 0.004192473093 147.259012017783 394215.96875 0.01336870449 -0.001291673664 0.013430959779 0 
1736 904 -0.005381967932 -0.005381967932 0.007611252041 56.597619687402 26764 -0.005381967932 -0.005381967932 0.007611252041 56.597619687402 26764 0.001756158102 -0.008557139992 0.008735487172 0 
1752 904 0 0 0 0 0 0 0 0 0 0 -0.024733200865 -0.016156192437 0.029542406454 0 
1768 904 0 0 0 0 0 0 0 0 0 0 -0.066099372411 -0.024088830998 0.07035196381 0 
1784 904 0 0 0 0 0 0 0 0 0 0 -0.063137507116 -0.025848699361 0.068223896572 0 
1800 904 0 0 0 0 0 0 0 0 0 0 -0.01584760498 -0.021435797524 0.026657831853 0 
1816 904 0 0 0 0 0 0 0 0 0 0 0.006605117719 -0.021919556623 0.022893111248 0 
1832 904 0 0 0 0 0 0 0 0 0 0 0.004220660983 -0.027299976657 0.027624313649 0 
1848 904 0 0 0 0 0 0 0 0 0 0 0.000039148334 -0.030942359669 0.030942384434 0 
1864 904 0 0 0 0 0 0 0 0 0 0 -0.005939420225 -0.032846705659 0.033379376646 0 
1880 904 0 0 0 0 0 0 0 0 0 0 -0.012374400528 -0.030988129127 0.033367498186 0 
1896 904 0 0 0 0 0 0 0 0 0 0 -0.019265792573 -0.025366630073 0.03185336222 0 
1912 904 0 0 0 0 0 0 0 0 0 0 -0.019186680178 -0.020169954043 0.027838026912 0 
1928 904 0 0 0 0 0 0 0 0 0 0 -0.012137063341 -0.015398101039 0.019606371979 0 
1944 904 0 0 0 0 0 0 0 0 0 0 -0.004630351785 -0.01066724966 0.011628859486 0 
1960 904 0 0 0 0 0 0 0 0 0 0 0.00333345449 -0.005977399904 0.006844065199 0 
1976 904 0 0 0 0 0 0 0 0 0 0 0.005486518221 -0.00272435627 0.006125683576 0 
1992 904 0 0 0 0 0 0 0 0 0 0 0.001828839407 -0.000908118757 0.002041894525 0 
2008 904 0 0 0 0 0 0 0 0 0 0 0 0 0 0 
2024 904 0 0 0 0 0 0 0 0 0 0 0 0 0 0 
2040 904 0 0 0 0 0 0 0 0 0 0 0 0 0 0 
2056 904 0 0 0 0 0 0 0 0 0 0 0 0 0 0 
2072 904 0 0 0 0 0 0 0 0 0 0 0 0 0 0 
2088 904 0 0 0 0 0 0 0 0 0 0 0 0 0 0 
2104 904 0 0 0 0 0 0 0 0 0 0 0 0 0 0 
2120 904 0 0 0 0 0 0 0 0 0 0 0 0 0 0 
2136 904 0 0 0 0 0 0 0 0 0 0 0 0 0 0 
2152 904 0 0 0 0 0 0 0 0 0 0 0 0 0 0 
2168 904 0 0 0 0 0 0 0 0 0 0 0 0 0 0 
2184 904 0 0 0 0 0 0 0 0 0 0 0 0 0 0 
2200 904 0 0 0 0 0 0 0 0 0 0 0 0 0 0 
2216 904 0 0 0 0 0 0 0 0 0 0 0 0 0 0 
2232 904 0 0 0 0 0 0 0 0 0 0 0 0 0 0 
2248 904 0 0 0 0 0 0 0 0 0 0 0 0 0 0 
2264 904 0 0 0 0 0 0 0 0 0 0 0 0 0 0 
2280 904 0 0 0 0 0 0 0 0 0 0 0 0 0 0 
2296 904 0 0 0 0 0 0 0 0 0 0 0 0 0 0 
2312 904 0 0 0 0 0 0 0 0 0 0 0 0 0 0 
2328 904 0 0 0 0 0 0 0 0 0 0 0 0 0 0 
2344 904 0 0 0 0 0 0 0 0 0 0 0 0 0 0 
2360 904 0 0 0 0 0 0 0 0 0 0 0 0 0 0 
2376 904 0 0 0 0 0 0 0 0 0 0 0 0 0 0 
2392 904 0 0 0 0 0 0 0 0 0 0 0 0 0 0 
2408 904 0 0 0 0 0 0 0 0 0 0 0 0 0 0 
2424 904 0 0 0 0 0 0 0 0 0 0 0 0 0 0 
2440 904 0 0 0 0 0 0 0 0 0 0 0 0 0 0 
2456 904 0 0 0 0 0 0 0 0 0 0 0 0 0 0 
2472 904 0 0 0 0 0 0 0 0 0 0 0 0 0 0 
2488 904 0 0 0 0 0 0 0 0 0 0 0 0 0 0 
2504 904 0 0 0 0 0 0 0 0 0 0 0 0 0 0 
2520 904 0 0 0 0 0 0 0 0 0 0 0 0 0 0 
2536 904 0 0 0 0 0 0 0 0 0 0 0 0 0 0 
24 920 0 0 0 0 0 0 0 0 0 0 0 0 0 0 
40 920 0 0 0 0 0 0 0 0 0 0 0 0 0 0 
56 920 0 0 0 0 0 0 0 0 0 0 0 0 0 0 
72 920 0 0 0 0 0 0 0 0 0 0 0 0 0 0 
88 920 0 0 0 0 0 0 0 0 0 0 0 0 0 0 
104 920 0 0 0 0 0 0 0 0 0 0 0 0 0 0 
120 920 0 0 0 0 0 0 0 0 0 0 0 0 0 0 
136 920 0 0 0 0 0 0 0 0 0 0 0 0 0 0 
152 920 0 0 0 0 0 0 0 0 0 0 0 0 0 0 
168 920 0 0 0 0 0 0 0 0 0 0 0 0 0 0 
184 920 0 0 0 0 0 0 0 0 0 0 0 0 0 0 
200 920 0 0 0 0 0 0 0 0 0 0 0 0 0 0 
216 920 0 0 0 0 0 0 0 0 0 0 0 0 0 0 
232 920 0 0 0 0 0 0 0 0 0 0 0 0 0 0 
248 920 0 0 0 0 0 0 0 0 0 0 0 0 0 0 
264 920 0 0 0 0 0 0 0 0 0 0 0 0 0 0 
280 920 0 0 0 0 0 0 0 0 0 0 0 0 0 0 
296 920 0 0 0 0 0 0 0 0 0 0 0 0 0 0 
312 920 0 0 0 0 0 0 0 0 0 0 0 0 0 0 
328 920 0 0 0 0 0 0 0 0 0 0 0 0 0 0 
344 920 0 0 0 0 0 0 0 0 0 0 0 0 0 0 
360 920 0 0 0 0 0 0 0 0 0 0 0 0 0 0 
376 920 0 0 0 0 0 0 0 0 0 0 0 0 0 0 
392 920 0 0 0 0 0 0 0 0 0 0 0 0 0 0 
408 920 0 0 0 0 0 0 0 0 0 0 0 0 0 0 
424 920 0 0 0 0 0 0 0 0 0 0 0 0 0 0 
440 920 0 0 0 0 0 0 0 0 0 0 0 0 0 0 
456 920 0 0 0 0 0 0 0 0 0 0 0 0 0 0 
472 920 0 0 0 0 0 0 0 0 0 0 0 0 0 0 
488 920 0 0 0 0 0 0 0 0 0 0 0 0 0 0 
504 920 0 0 0 0 0 0 0 0 0 0 0 0 0 0 
520 920 0 0 0 0 0 0 0 0 0 0 0 0 0 0 
536 920 0 0 0 0 0 0 0 0 0 0 0 0 0 0 
552 920 0 0 0 0 0 0 0 0 0 0 0 0 0 0 
568 920 0 0 0 0 0 0 0 0 0 0 0 0 0 0 
584 920 0 0 0 0 0 0 0 0 0 0 0 0 0 0 
600 920 0 0 0 0 0 0 0 0 0 0 0 0 0 0 
616 920 0 0 0 0 0 0 0 0 0 0 0 0 0 0 
632 920 0 0 0 0 0 0 0 0 0 0 0 0 0 0 
648 920 0 0 0 0 0 0 0 0 0 0 0 0 0 0 
664 920 0 0 0 0 0 0 0 0 0 0 0 0 0 0 
680 920 0 0 0 0 0 0 0 0 0 0 0 0 0 0 
696 920 0 0 0 0 0 0 0 0 0 0 0 0 0 0 
712 920 0 0 0 0 0 0 0 0 0 0 0 0 0 0 
728 920 0 0 0 0 0 0 0 0 0 0 0 0 0 0 
744 920 0 0 0 0 0 0 0 0 0 0 0 0 0 0 
760 920 0 0 0 0 0 0 0 0 0 0 0 0 0 0 
776 920 0 0 0 0 0 0 0 0 0 0 0 0 0 0 
792 920 0 0 0 0 0 0 0 0 0 0 0 0 0 0 
808 920 0 0 0 0 0 0 0 0 0 0 0 0 0 0 
824 920 0 0 0 0 0 0 0 0 0 0 0 0 0 0 
840 920 0 0 0 0 0 0 0 0 0 0 0 0 0 0 
856 920 0 0 0 0 0 0 0 0 0 0 0 0 0 0 
872 920 0 0 0 0 0 0 0 0 0 0 0 0 0 0 
888 920 0 0 0 0 0 0 0 0 0 0 0 0 0 0 
904 920 0 0 0 0 0 0 0 0 0 0 0 0 0 0 
920 920 0 0 0 0 0 0 0 0 0 0 0 0 0 0 
936 920 0 0 0 0 0 0 0 0 0 0 0 0 0 0 
952 920 0 0 0 0 0 0 0 0 0 0 0 0 0 0 
968 920 0 0 0 0 0 0 0 0 0 0 0 0 0 0 
984 920 0 0 0 0 0 0 0 0 0 0 0 0 0 0 
1000 920 0 0 0 0 0 0 0 0 0 0 0 0 0 0 
1016 920 0 0 0 0 0 0 0 0 0 0 0 0 0 0 
1032 920 0 0 0 0 0 0 0 0 0 0 0 0 0 0 
1048 920 0 0 0 0 0 0 0 0 0 0 0 0 0 0 
1064 920 0 0 0 0 0 0 0 0 0 0 0 0 0 0 
1080 920 0 0 0 0 0 0 0 0 0 0 0 0 0 0 
1096 920 0 0 0 0 0 0 0 0 0 0 0 0 0 0 
1112 920 0 0 0 0 0 0 0 0 0 0 0 0 0 0 
1128 920 0 0 0 0 0 0 0 0 0 0 0 0 0 0 
1144 920 0 0 0 0 0 0 0 0 0 0 0 0 0 0 
1160 920 0 0 0 0 0 0 0 0 0 0 0 0 0 0 
1176 920 0 0 0 0 0 0 0 0 0 0 0 0 0 0 
1192 920 0 0 0 0 0 0 0 0 0 0 0 0 0 0 
1208 920 0 0 0 0 0 0 0 0 0 0 0 0 0 0 
1224 920 0 0 0 0 0 0 0 0 0 0 0 0 0 0 
1240 920 0 0 0 0 0 0 0 0 0 0 0 0 0 0 
1256 920 0 0 0 0 0 0 0 0 0 0 0 0 0 0 
1272 920 0 0 0 0 0 0 0 0 0 0 0 0 0 0 
1288 920 0 0 0 0 0 0 0 0 0 0 0 0 0 0 
1304 920 0 0 0 0 0 0 0 0 0 0 0 0 0 0 
1320 920 0 0 0 0 0 0 0 0 0 0 0 0 0 0 
1336 920 0 0 0 0 0 0 0 0 0 0 0 0 0 0 
1352 920 0 0 0 0 0 0 0 0 0 0 0 0 0 0 
1368 920 0 0 0 0 0 0 0 0 0 0 0 0 0 0 
1384 920 0 0 0 0 0 0 0 0 0 0 0 0 0 0 
1400 920 0 0 0 0 0 0 0 0 0 0 0 0 0 0 
1416 920 0 0 0 0 0 0 0 0 0 0 0 0 0 0 
1432 920 0 0 0 0 0 0 0 0 0 0 0 0 0 0 
1448 920 0 0 0 0 0 0 0 0 0 0 0 0 0 0 
1464 920 0 0 0 0 0 0 0 0 0 0 0 0 0 0 
1480 920 0 0 0 0 0 0 0 0 0 0 0 0 0 0 
1496 920 0 0 0 0 0 0 0 0 0 0 0 0 0 0 
1512 920 0 0 0 0 0 0 0 0 0 0 0 0 0 0 
1528 920 0 0 0 0 0 0 0 0 0 0 0 0 0 0 
1544 920 0 0 0 0 0 0 0 0 0 0 0 0 0 0 
1560 920 0 0 0 0 0 0 0 0 0 0 0 0 0 0 
1576 920 0 0 0 0 0 0 0 0 0 0 0 0 0 0 
1592 920 0 0 0 0 0 0 0 0 0 0 0 0 0 0 
1608 920 0 0 0 0 0 0 0 0 0 0 0 0 0 0 
1624 920 0 0 0 0 0 0 0 0 0 0 -0.001468160442 0.000336489424 0.001506227147 0 
1640 920 0 0 0 0 0 0 0 0 0 0 -0.004404481327 0.001009468272 0.00451868144 0 
1656 920 0 0 0 0 0 0 0 0 0 0 -0.002958846817 0.000947437442 0.003106833145 0 
1672 920 0 0 0 0 0 0 0 0 0 0 0.002868743088 0.000150396933 0.002872682743 0 
1688 920 0 0 0 0 0 0 0 0 0 0 0.004102692518 -0.002423716945 0.004765132708 0 
1704 920 0 0 0 0 0 0 0 0 0 0 0.000743001473 -0.006774904191 0.006815524777 0 
1720 920 0 0 0 0 0 0 0 0 0 0 -0.0030666964 -0.011891846314 0.012280905324 0 
1736 920 0 0 0 0 0 0 0 0 0 0 -0.007326401102 -0.017774543316 0.019225257948 0 
1752 920 0 0 0 0 0 0 0 0 0 0 -0.016479827514 -0.021539913127 0.027121072479 0 
1768 920 0 0 0 0 0 0 0 0 0 0 -0.030526975637 -0.023187955747 0.038335069235 0 
1784 920 0 0 0 0 0 0 0 0 0 0 -0.028162912274 -0.018008982793 0.033428626789 0 
1800 920 0 0 0 0 0 0 0 0 0 0 -0.009387637425 -0.006002994264 0.011142875596 0 
1816 920 0 0 0 0 0 0 0 0 0 0 0 0 0 0 
1832 920 0 0 0 0 0 0 0 0 0 0 0 0 0 0 
1848 920 0 0 0 0 0 0 0 0 0 0 0 0 0 0 
1864 920 0 0 0 0 0 0 0 0 0 0 0 0 0 0 
1880 920 0 0 0 0 0 0 0 0 0 0 0 0 0 0 
1896 920 0 0 0 0 0 0 0 0 0 0 0 0 0 0 
1912 920 0 0 0 0 0 0 0 0 0 0 0 0 0 0 
1928 920 0 0 0 0 0 0 0 0 0 0 0 0 0 0 
1944 920 0 0 0 0 0 0 0 0 0 0 0 0 0 0 
1960 920 0 0 0 0 0 0 0 0 0 0 0 0 0 0 
1976 920 0 0 0 0 0 0 0 0 0 0 0 0 0 0 
1992 920 0 0 0 0 0 0 0 0 0 0 0 0 0 0 
2008 920 0 0 0 0 0 0 0 0 0 0 0 0 0 0 
2024 920 0 0 0 0 0 0 0 0 0 0 0 0 0 0 
2040 920 0 0 0 0 0 0 0 0 0 0 0 0 0 0 
2056 920 0 0 0 0 0 0 0 0 0 0 0 0 0 0 
2072 920 0 0 0 0 0 0 0 0 0 0 0 0 0 0 
2088 920 0 0 0 0 0 0 0 0 0 0 0 0 0 0 
2104 920 0 0 0 0 0 0 0 0 0 0 0 0 0 0 
2120 920 0 0 0 0 0 0 0 0 0 0 0 0 0 0 
2136 920 0 0 0 0 0 0 0 0 0 0 0 0 0 0 
2152 920 0 0 0 0 0 0 0 0 0 0 0 0 0 0 
2168 920 0 0 0 0 0 0 0 0 0 0 0 0 0 0 
2184 920 0 0 0 0 0 0 0 0 0 0 0 0 0 0 
2200 920 0 0 0 0 0 0 0 0 0 0 0 0 0 0 
2216 920 0 0 0 0 0 0 0 0 0 0 0 0 0 0 
2232 920 0 0 0 0 0 0 0 0 0 0 0 0 0 0 
2248 920 0 0 0 0 0 0 0 0 0 0 0 0 0 0 
2264 920 0 0 0 0 0 0 0 0 0 0 0 0 0 0 
2280 920 0 0 0 0 0 0 0 0 0 0 0 0 0 0 
2296 920 0 0 0 0 0 0 0 0 0 0 0 0 0 0 
2312 920 0 0 0 0 0 0 0 0 0 0 0 0 0 0 
2328 920 0 0 0 0 0 0 0 0 0 0 0 0 0 0 
2344 920 0 0 0 0 0 0 0 0 0 0 0 0 0 0 
2360 920 0 0 0 0 0 0 0 0 0 0 0 0 0 0 
2376 920 0 0 0 0 0 0 0 0 0 0 0 0 0 0 
2392 920 0 0 0 0 0 0 0 0 0 0 0 0 0 0 
2408 920 0 0 0 0 0 0 0 0 0 0 0 0 0 0 
2424 920 0 0 0 0 0 0 0 0 0 0 0 0 0 0 
2440 920 0 0 0 0 0 0 0 0 0 0 0 0 0 0 
2456 920 0 0 0 0 0 0 0 0 0 0 0 0 0 0 
2472 920 0 0 0 0 0 0 0 0 0 0 0 0 0 0 
2488 920 0 0 0 0 0 0 0 0 0 0 0 0 0 0 
2504 920 0 0 0 0 0 0 0 0 0 0 0 0 0 0 
2520 920 0 0 0 0 0 0 0 0 0 0 0 0 0 0 
2536 920 0 0 0 0 0 0 0 0 0 0 0 0 0 0 
24 936 0 0 0 0 0 0 0 0 0 0 0 0 0 0 
40 936 0 0 0 0 0 0 0 0 0 0 0 0 0 0 
56 936 0 0 0 0 0 0 0 0 0 0 0 0 0 0 
72 936 0 0 0 0 0 0 0 0 0 0 0 0 0 0 
88 936 0 0 0 0 0 0 0 0 0 0 0 0 0 0 
104 936 0 0 0 0 0 0 0 0 0 0 0 0 0 0 
120 936 0 0 0 0 0 0 0 0 0 0 0 0 0 0 
136 936 0 0 0 0 0 0 0 0 0 0 0 0 0 0 
152 936 0 0 0 0 0 0 0 0 0 0 0 0 0 0 
168 936 0 0 0 0 0 0 0 0 0 0 0 0 0 0 
184 936 0 0 0 0 0 0 0 0 0 0 0 0 0 0 
200 936 0 0 0 0 0 0 0 0 0 0 0 0 0 0 
216 936 0 0 0 0 0 0 0 0 0 0 0 0 0 0 
232 936 0 0 0 0 0 0 0 0 0 0 0 0 0 0 
248 936 0 0 0 0 0 0 0 0 0 0 0 0 0 0 
264 936 0 0 0 0 0 0 0 0 0 0 0 0 0 0 
280 936 0 0 0 0 0 0 0 0 0 0 0 0 0 0 
296 936 0 0 0 0 0 0 0 0 0 0 0 0 0 0 
312 936 0 0 0 0 0 0 0 0 0 0 0 0 0 0 
328 936 0 0 0 0 0 0 0 0 0 0 0 0 0 0 
344 936 0 0 0 0 0 0 0 0 0 0 0 0 0 0 
360 936 0 0 0 0 0 0 0 0 0 0 0 0 0 0 
376 936 0 0 0 0 0 0 0 0 0 0 0 0 0 0 
392 936 0 0 0 0 0 0 0 0 0 0 0 0 0 0 
408 936 0 0 0 0 0 0 0 0 0 0 0 0 0 0 
424 936 0 0 0 0 0 0 0 0 0 0 0 0 0 0 
440 936 0 0 0 0 0 0 0 0 0 0 0 0 0 0 
456 936 0 0 0 0 0 0 0 0 0 0 0 0 0 0 
472 936 0 0 0 0 0 0 0 0 0 0 0 0 0 0 
488 936 0 0 0 0 0 0 0 0 0 0 0 0 0 0 
504 936 0 0 0 0 0 0 0 0 0 0 0 0 0 0 
520 936 0 0 0 0 0 0 0 0 0 0 0 0 0 0 
536 936 0 0 0 0 0 0 0 0 0 0 0 0 0 0 
552 936 0 0 0 0 0 0 0 0 0 0 0 0 0 0 
568 936 0 0 0 0 0 0 0 0 0 0 0 0 0 0 
584 936 0 0 0 0 0 0 0 0 0 0 0 0 0 0 
600 936 0 0 0 0 0 0 0 0 0 0 0 0 0 0 
616 936 0 0 0 0 0 0 0 0 0 0 0 0 0 0 
632 936 0 0 0 0 0 0 0 0 0 0 0 0 0 0 
648 936 0 0 0 0 0 0 0 0 0 0 0 0 0 0 
664 936 0 0 0 0 0 0 0 0 0 0 0 0 0 0 
680 936 0 0 0 0 0 0 0 0 0 0 0 0 0 0 
696 936 0 0 0 0 0 0 0 0 0 0 0 0 0 0 
712 936 0 0 0 0 0 0 0 0 0 0 0 0 0 0 
728 936 0 0 0 0 0 0 0 0 0 0 0 0 0 0 
744 936 0 0 0 0 0 0 0 0 0 0 0 0 0 0 
760 936 0 0 0 0 0 0 0 0 0 0 0 0 0 0 
776 936 0 0 0 0 0 0 0 0 0 0 0 0 0 0 
792 936 0 0 0 0 0 0 0 0 0 0 0 0 0 0 
808 936 0 0 0 0 0 0 0 0 0 0 0 0 0 0 
824 936 0 0 0 0 0 0 0 0 0 0 0 0 0 0 
840 936 0 0 0 0 0 0 0 0 0 0 0 0 0 0 
856 936 0 0 0 0 0 0 0 0 0 0 0 0 0 0 
872 936 0 0 0 0 0 0 0 0 0 0 0 0 0 0 
888 936 0 0 0 0 0 0 0 0 0 0 0 0 0 0 
904 936 0 0 0 0 0 0 0 0 0 0 0 0 0 0 
920 936 0 0 0 0 0 0 0 0 0 0 0 0 0 0 
936 936 0 0 0 0 0 0 0 0 0 0 0 0 0 0 
952 936 0 0 0 0 0 0 0 0 0 0 0 0 0 0 
968 936 0 0 0 0 0 0 0 0 0 0 0 0 0 0 
984 936 0 0 0 0 0 0 0 0 0 0 0 0 0 0 
1000 936 0 0 0 0 0 0 0 0 0 0 0 0 0 0 
1016 936 0 0 0 0 0 0 0 0 0 0 0 0 0 0 
1032 936 0 0 0 0 0 0 0 0 0 0 0 0 0 0 
1048 936 0 0 0 0 0 0 0 0 0 0 0 0 0 0 
1064 936 0 0 0 0 0 0 0 0 0 0 0 0 0 0 
1080 936 0 0 0 0 0 0 0 0 0 0 0 0 0 0 
1096 936 0 0 0 0 0 0 0 0 0 0 0 0 0 0 
1112 936 0 0 0 0 0 0 0 0 0 0 0 0 0 0 
1128 936 0 0 0 0 0 0 0 0 0 0 0 0 0 0 
1144 936 0 0 0 0 0 0 0 0 0 0 0 0 0 0 
1160 936 0 0 0 0 0 0 0 0 0 0 0 0 0 0 
1176 936 0 0 0 0 0 0 0 0 0 0 0 0 0 0 
1192 936 0 0 0 0 0 0 0 0 0 0 0 0 0 0 
1208 936 0 0 0 0 0 0 0 0 0 0 0 0 0 0 
1224 936 0 0 0 0 0 0 0 0 0 0 0 0 0 0 
1240 936 0 0 0 0 0 0 0 0 0 0 0 0 0 0 
1256 936 0 0 0 0 0 0 0 0 0 0 0 0 0 0 
1272 936 0 0 0 0 0 0 0 0 0 0 0 0 0 0 
1288 936 0 0 0 0 0 0 0 0 0 0 0 0 0 0 
1304 936 0 0 0 0 0 0 0 0 0 0 0 0 0 0 
1320 936 0 0 0 0 0 0 0 0 0 0 0 0 0 0 
1336 936 0 0 0 0 0 0 0 0 0 0 0 0 0 0 
1352 936 0 0 0 0 0 0 0 0 0 0 0 0 0 0 
1368 936 0 0 0 0 0 0 0 0 0 0 0 0 0 0 
1384 936 0 0 0 0 0 0 0 0 0 0 0 0 0 0 
1400 936 0 0 0 0 0 0 0 0 0 0 0 0 0 0 
1416 936 0 0 0 0 0 0 0 0 0 0 0 0 0 0 
1432 936 0 0 0 0 0 0 0 0 0 0 0 0 0 0 
1448 936 0 0 0 0 0 0 0 0 0 0 0 0 0 0 
1464 936 0 0 0 0 0 0 0 0 0 0 0 0 0 0 
1480 936 0 0 0 0 0 0 0 0 0 0 0 0 0 0 
1496 936 0 0 0 0 0 0 0 0 0 0 0 0 0 0 
1512 936 0 0 0 0 0 0 0 0 0 0 0 0 0 0 
1528 936 0 0 0 0 0 0 0 0 0 0 0 0 0 0 
1544 936 0 0 0 0 0 0 0 0 0 0 0 0 0 0 
1560 936 0 0 0 0 0 0 0 0 0 0 0 0 0 0 
1576 936 0 0 0 0 0 0 0 0 0 0 0 0 0 0 
1592 936 0 0 0 0 0 0 0 0 0 0 0 0 0 0 
1608 936 0 0 0 0 0 0 0 0 0 0 0 0 0 0 
1624 936 0 0 0 0 0 0 0 0 0 0 -0.000489386814 0.000112163141 0.000502075716 0 
1640 936 0 0 0 0 0 0 0 0 0 0 -0.001468160442 0.000336489424 0.001506227147 0 
1656 936 0 0 0 0 0 0 0 0 0 0 -0.000986282272 0.000315812481 0.001035611048 0 
1672 936 0 0 0 0 0 0 0 0 0 0 0.000956247696 0.000050132311 0.000957560914 0 
1688 936 0 0 0 0 0 0 0 0 0 0 0.001367564173 -0.000807905648 0.001588377569 0 
1704 936 0 0 0 0 0 0 0 0 0 0 0.000247667158 -0.002258301397 0.002271841592 0 
1720 936 0 0 0 0 0 0 0 0 0 0 -0.001022232133 -0.003963948771 0.004093635108 0 
1736 936 0 0 0 0 0 0 0 0 0 0 -0.002442133701 -0.005924847772 0.006408419316 0 
1752 936 0 0 0 0 0 0 0 0 0 0 -0.005493275838 -0.007179971042 0.009040357493 0 
1768 936 0 0 0 0 0 0 0 0 0 0 -0.010175658546 -0.007729318582 0.012778356412 0 
1784 936 0 0 0 0 0 0 0 0 0 0 -0.009387637425 -0.006002994264 0.011142875596 0 
1800 936 0 0 0 0 0 0 0 0 0 0 -0.003129212475 -0.002000998088 0.003714291865 0 
1816 936 0 0 0 0 0 0 0 0 0 0 0 0 0 0 
1832 936 0 0 0 0 0 0 0 0 0 0 0 0 0 0 
1848 936 0 0 0 0 0 0 0 0 0 0 0 0 0 0 
1864 936 0 0 0 0 0 0 0 0 0 0 0 0 0 0 
1880 936 0 0 0 0 0 0 0 0 0 0 0 0 0 0 
1896 936 0 0 0 0 0 0 0 0 0 0 0 0 0 0 
1912 936 0 0 0 0 0 0 0 0 0 0 0 0 0 0 
1928 936 0 0 0 0 0 0 0 0 0 0 0 0 0 0 
1944 936 0 0 0 0 0 0 0 0 0 0 0 0 0 0 
1960 936 0 0 0 0 0 0 0 0 0 0 0 0 0 0 
1976 936 0 0 0 0 0 0 0 0 0 0 0 0 0 0 
1992 936 0 0 0 0 0 0 0 0 0 0 0 0 0 0 
2008 936 0 0 0 0 0 0 0 0 0 0 0 0 0 0 
2024 936 0 0 0 0 0 0 0 0 0 0 0 0 0 0 
2040 936 0 0 0 0 0 0 0 0 0 0 0 0 0 0 
2056 936 0 0 0 0 0 0 0 0 0 0 0 0 0 0 
2072 936 0 0 0 0 0 0 0 0 0 0 0 0 0 0 
2088 936 0 0 0 0 0 0 0 0 0 0 0 0 0 0 
2104 936 0 0 0 0 0 0 0 0 0 0 0 0 0 0 
2120 936 0 0 0 0 0 0 0 0 0 0 0 0 0 0 
2136 936 0 0 0 0 0 0 0 0 0 0 0 0 0 0 
2152 936 0 0 0 0 0 0 0 0 0 0 0 0 0 0 
2168 936 0 0 0 0 0 0 0 0 0 0 0 0 0 0 
2184 936 0 0 0 0 0 0 0 0 0 0 0 0 0 0 
2200 936 0 0 0 0 0 0 0 0 0 0 0 0 0 0 
2216 936 0 0 0 0 0 0 0 0 0 0 0 0 0 0 
2232 936 0 0 0 0 0 0 0 0 0 0 0 0 0 0 
2248 936 0 0 0 0 0 0 0 0 0 0 0 0 0 0 
2264 936 0 0 0 0 0 0 0 0 0 0 0 0 0 0 
2280 936 0 0 0 0 0 0 0 0 0 0 0 0 0 0 
2296 936 0 0 0 0 0 0 0 0 0 0 0 0 0 0 
2312 936 0 0 0 0 0 0 0 0 0 0 0 0 0 0 
2328 936 0 0 0 0 0 0 0 0 0 0 0 0 0 0 
2344 936 0 0 0 0 0 0 0 0 0 0 0 0 0 0 
2360 936 0 0 0 0 0 0 0 0 0 0 0 0 0 0 
2376 936 0 0 0 0 0 0 0 0 0 0 0 0 0 0 
2392 936 0 0 0 0 0 0 0 0 0 0 0 0 0 0 
2408 936 0 0 0 0 0 0 0 0 0 0 0 0 0 0 
2424 936 0 0 0 0 0 0 0 0 0 0 0 0 0 0 
2440 936 0 0 0 0 0 0 0 0 0 0 0 0 0 0 
2456 936 0 0 0 0 0 0 0 0 0 0 0 0 0 0 
2472 936 0 0 0 0 0 0 0 0 0 0 0 0 0 0 
2488 936 0 0 0 0 0 0 0 0 0 0 0 0 0 0 
2504 936 0 0 0 0 0 0 0 0 0 0 0 0 0 0 
2520 936 0 0 0 0 0 0 0 0 0 0 0 0 0 0 
2536 936 0 0 0 0 0 0 0 0 0 0 0 0 0 0 
24 952 0 0 0 0 0 0 0 0 0 0 0 0 0 0 
40 952 0 0 0 0 0 0 0 0 0 0 0 0 0 0 
56 952 0 0 0 0 0 0 0 0 0 0 0 0 0 0 
72 952 0 0 0 0 0 0 0 0 0 0 0 0 0 0 
88 952 0 0 0 0 0 0 0 0 0 0 0 0 0 0 
104 952 0 0 0 0 0 0 0 0 0 0 0 0 0 0 
120 952 0 0 0 0 0 0 0 0 0 0 0 0 0 0 
136 952 0 0 0 0 0 0 0 0 0 0 0 0 0 0 
152 952 0 0 0 0 0 0 0 0 0 0 0 0 0 0 
168 952 0 0 0 0 0 0 0 0 0 0 0 0 0 0 
184 952 0 0 0 0 0 0 0 0 0 0 0 0 0 0 
200 952 0 0 0 0 0 0 0 0 0 0 0 0 0 0 
216 952 0 0 0 0 0 0 0 0 0 0 0 0 0 0 
232 952 0 0 0 0 0 0 0 0 0 0 0 0 0 0 
248 952 0 0 0 0 0 0 0 0 0 0 0 0 0 0 
264 952 0 0 0 0 0 0 0 0 0 0 0 0 0 0 
280 952 0 0 0 0 0 0 0 0 0 0 0 0 0 0 
296 952 0 0 0 0 0 0 0 0 0 0 0 0 0 0 
312 952 0 0 0 0 0 0 0 0 0 0 0 0 0 0 
328 952 0 0 0 0 0 0 0 0 0 0 0 0 0 0 
344 952 0 0 0 0 0 0 0 0 0 0 0 0 0 0 
360 952 0 0 0 0 0 0 0 0 0 0 0 0 0 0 
376 952 0 0 0 0 0 0 0 0 0 0 0 0 0 0 
392 952 0 0 0 0 0 0 0 0 0 0 0 0 0 0 
408 952 0 0 0 0 0 0 0 0 0 0 0 0 0 0 
424 952 0 0 0 0 0 0 0 0 0 0 0 0 0 0 
440 952 0 0 0 0 0 0 0 0 0 0 0 0 0 0 
456 952 0 0 0 0 0 0 0 0 0 0 0 0 0 0 
472 952 0 0 0 0 0 0 0 0 0 0 0 0 0 0 
488 952 0 0 0 0 0 0 0 0 0 0 0 0 0 0 
504 952 0 0 0 0 0 0 0 0 0 0 0 0 0 0 
520 952 0 0 0 0 0 0 0 0 0 0 0 0 0 0 
536 952 0 0 0 0 0 0 0 0 0 0 0 0 0 0 
552 952 0 0 0 0 0 0 0 0 0 0 0 0 0 0 
568 952 0 0 0 0 0 0 0 0 0 0 0 0 0 0 
584 952 0 0 0 0 0 0 0 0 0 0 0 0 0 0 
600 952 0 0 0 0 0 0 0 0 0 0 0 0 0 0 
616 952 0 0 0 0 0 0 0 0 0 0 0 0 0 0 
632 952 0 0 0 0 0 0 0 0 0 0 0 0 0 0 
648 952 0 0 0 0 0 0 0 0 0 0 0 0 0 0 
664 952 0 0 0 0 0 0 0 0 0 0 0 0 0 0 
680 952 0 0 0 0 0 0 0 0 0 0 0 0 0 0 
696 952 0 0 0 0 0 0 0 0 0 0 0 0 0 0 
712 952 0 0 0 0 0 0 0 0 0 0 0 0 0 0 
728 952 0 0 0 0 0 0 0 0 0 0 0 0 0 0 
744 952 0 0 0 0 0 0 0 0 0 0 0 0 0 0 
760 952 0 0 0 0 0 0 0 0 0 0 0 0 0 0 
776 952 0 0 0 0 0 0 0 0 0 0 0 0 0 0 
792 952 0 0 0 0 0 0 0 0 0 0 0 0 0 0 
808 952 0 0 0 0 0 0 0 0 0 0 0 0 0 0 
824 952 0 0 0 0 0 0 0 0 0 0 0 0 0 0 
840 952 0 0 0 0 0 0 0 0 0 0 0 0 0 0 
856 952 0 0 0 0 0 0 0 0 0 0 0 0 0 0 
872 952 0 0 0 0 0 0 0 0 0 0 0 0 0 0 
888 952 0 0 0 0 0 0 0 0 0 0 0 0 0 0 
904 952 0 0 0 0 0 0 0 0 0 0 0 0 0 0 
920 952 0 0 0 0 0 0 0 0 0 0 0 0 0 0 
936 952 0 0 0 0 0 0 0 0 0 0 0 0 0 0 
952 952 0 0 0 0 0 0 0 0 0 0 0 0 0 0 
968 952 0 0 0 0 0 0 0 0 0 0 0 0 0 0 
984 952 0 0 0 0 0 0 0 0 0 0 0 0 0 0 
1000 952 0 0 0 0 0 0 0 0 0 0 0 0 0 0 
1016 952 0 0 0 0 0 0 0 0 0 0 0 0 0 0 
1032 952 0 0 0 0 0 0 0 0 0 0 0 0 0 0 
1048 952 0 0 0 0 0 0 0 0 0 0 0 0 0 0 
1064 952 0 0 0 0 0 0 0 0 0 0 0 0 0 0 
1080 952 0 0 0 0 0 0 0 0 0 0 0 0 0 0 
1096 952 0 0 0 0 0 0 0 0 0 0 0 0 0 0 
1112 952 0 0 0 0 0 0 0 0 0 0 0 0 0 0 
1128 952 0 0 0 0 0 0 0 0 0 0 0 0 0 0 
1144 952 0 0 0 0 0 0 0 0 0 0 0 0 0 0 
1160 952 0 0 0 0 0 0 0 0 0 0 0 0 0 0 
1176 952 0 0 0 0 0 0 0 0 0 0 0 0 0 0 
1192 952 0 0 0 0 0 0 0 0 0 0 0 0 0 0 
1208 952 0 0 0 0 0 0 0 0 0 0 0 0 0 0 
1224 952 0 0 0 0 0 0 0 0 0 0 0 0 0 0 
1240 952 0 0 0 0 0 0 0 0 0 0 0 0 0 0 
1256 952 0 0 0 0 0 0 0 0 0 0 0 0 0 0 
1272 952 0 0 0 0 0 0 0 0 0 0 0 0 0 0 
1288 952 0 0 0 0 0 0 0 0 0 0 0 0 0 0 
1304 952 0 0 0 0 0 0 0 0 0 0 0 0 0 0 
1320 952 0 0 0 0 0 0 0 0 0 0 0 0 0 0 
1336 952 0 0 0 0 0 0 0 0 0 0 0 0 0 0 
1352 952 0 0 0 0 0 0 0 0 0 0 0 0 0 0 
1368 952 0 0 0 0 0 0 0 0 0 0 0 0 0 0 
1384 952 0 0 0 0 0 0 0 0 0 0 0 0 0 0 
1400 952 0 0 0 0 0 0 0 0 0 0 0 0 0 0 
1416 952 0 0 0 0 0 0 0 0 0 0 0 0 0 0 
1432 952 0 0 0 0 0 0 0 0 0 0 0 0 0 0 
1448 952 0 0 0 0 0 0 0 0 0 0 0 0 0 0 
1464 952 0 0 0 0 0 0 0 0 0 0 0 0 0 0 
1480 952 0 0 0 0 0 0 0 0 0 0 0 0 0 0 
1496 952 0 0 0 0 0 0 0 0 0 0 0 0 0 0 
1512 952 0 0 0 0 0 0 0 0 0 0 0 0 0 0 
1528 952 0 0 0 0 0 0 0 0 0 0 0 0 0 0 
1544 952 0 0 0 0 0 0 0 0 0 0 0 0 0 0 
1560 952 0 0 0 0 0 0 0 0 0 0 0 0 0 0 
1576 952 0 0 0 0 0 0 0 0 0 0 0 0 0 0 
1592 952 0 0 0 0 0 0 0 0 0 0 0 0 0 0 
1608 952 0 0 0 0 0 0 0 0 0 0 0 0 0 0 
1624 952 0 0 0 0 0 0 0 0 0 0 0 0 0 0 
1640 952 0 0 0 0 0 0 0 0 0 0 0 0 0 0 
1656 952 0 0 0 0 0 0 0 0 0 0 0 0 0 0 
1672 952 0 0 0 0 0 0 0 0 0 0 0 0 0 0 
1688 952 0 0 0 0 0 0 0 0 0 0 0 0 0 0 
1704 952 0 0 0 0 0 0 0 0 0 0 0 0 0 0 
1720 952 0 0 0 0 0 0 0 0 0 0 0 0 0 0 
1736 952 0 0 0 0 0 0 0 0 0 0 0 0 0 0 
1752 952 0 0 0 0 0 0 0 0 0 0 0 0 0 0 
1768 952 0 0 0 0 0 0 0 0 0 0 0 0 0 0 
1784 952 0 0 0 0 0 0 0 0 0 0 0 0 0 0 
1800 952 0 0 0 0 0 0 0 0 0 0 0 0 0 0 
1816 952 0 0 0 0 0 0 0 0 0 0 0 0 0 0 
1832 952 0 0 0 0 0 0 0 0 0 0 0 0 0 0 
1848 952 0 0 0 0 0 0 0 0 0 0 0 0 0 0 
1864 952 0 0 0 0 0 0 0 0 0 0 0 0 0 0 
1880 952 0 0 0 0 0 0 0 0 0 0 0 0 0 0 
1896 952 0 0 0 0 0 0 0 0 0 0 0 0 0 0 
1912 952 0 0 0 0 0 0 0 0 0 0 0 0 0 0 
1928 952 0 0 0 0 0 0 0 0 0 0 0 0 0 0 
1944 952 0 0 0 0 0 0 0 0 0 0 0 0 0 0 
1960 952 0 0 0 0 0 0 0 0 0 0 0 0 0 0 
1976 952 0 0 0 0 0 0 0 0 0 0 0 0 0 0 
1992 952 0 0 0 0 0 0 0 0 0 0 0 0 0 0 
2008 952 0 0 0 0 0 0 0 0 0 0 0 0 0 0 
2024 952 0 0 0 0 0 0 0 0 0 0 0 0 0 0 
2040 952 0 0 0 0 0 0 0 0 0 0 0 0 0 0 
2056 952 0 0 0 0 0 0 0 0 0 0 0 0 0 0 
2072 952 0 0 0 0 0 0 0 0 0 0 0 0 0 0 
2088 952 0 0 0 0 0 0 0 0 0 0 0 0 0 0 
2104 952 0 0 0 0 0 0 0 0 0 0 0 0 0 0 
2120 952 0 0 0 0 0 0 0 0 0 0 0 0 0 0 
2136 952 0 0 0 0 0 0 0 0 0 0 0 0 0 0 
2152 952 0 0 0 0 0 0 0 0 0 0 0 0 0 0 
2168 952 0 0 0 0 0 0 0 0 0 0 0 0 0 0 
2184 952 0 0 0 0 0 0 0 0 0 0 0 0 0 0 
2200 952 0 0 0 0 0 0 0 0 0 0 0 0 0 0 
2216 952 0 0 0 0 0 0 0 0 0 0 0 0 0 0 
2232 952 0 0 0 0 0 0 0 0 0 0 0 0 0 0 
2248 952 0 0 0 0 0 0 0 0 0 0 0 0 0 0 
2264 952 0 0 0 0 0 0 0 0 0 0 0 0 0 0 
2280 952 0 0 0 0 0 0 0 0 0 0 0 0 0 0 
2296 952 0 0 0 0 0 0 0 0 0 0 0 0 0 0 
2312 952 0 0 0 0 0 0 0 0 0 0 0 0 0 0 
2328 952 0 0 0 0 0 0 0 0 0 0 0 0 0 0 
2344 952 0 0 0 0 0 0 0 0 0 0 0 0 0 0 
2360 952 0 0 0 0 0 0 0 0 0 0 0 0 0 0 
2376 952 0 0 0 0 0 0 0 0 0 0 0 0 0 0 
2392 952 0 0 0 0 0 0 0 0 0 0 0 0 0 0 
2408 952 0 0 0 0 0 0 0 0 0 0 0 0 0 0 
2424 952 0 0 0 0 0 0 0 0 0 0 0 0 0 0 
2440 952 0 0 0 0 0 0 0 0 0 0 0 0 0 0 
2456 952 0 0 0 0 0 0 0 0 0 0 0 0 0 0 
2472 952 0 0 0 0 0 0 0 0 0 0 0 0 0 0 
2488 952 0 0 0 0 0 0 0 0 0 0 0 0 0 0 
2504 952 0 0 0 0 0 0 0 0 0 0 0 0 0 0 
2520 952 0 0 0 0 0 0 0 0 0 0 0 0 0 0 
2536 952 0 0 0 0 0 0 0 0 0 0 0 0 0 0 
24 968 0 0 0 0 0 0 0 0 0 0 0 0 0 0 
40 968 0 0 0 0 0 0 0 0 0 0 0 0 0 0 
56 968 0 0 0 0 0 0 0 0 0 0 0 0 0 0 
72 968 0 0 0 0 0 0 0 0 0 0 0 0 0 0 
88 968 0 0 0 0 0 0 0 0 0 0 0 0 0 0 
104 968 0 0 0 0 0 0 0 0 0 0 0 0 0 0 
120 968 0 0 0 0 0 0 0 0 0 0 0 0 0 0 
136 968 0 0 0 0 0 0 0 0 0 0 0 0 0 0 
152 968 0 0 0 0 0 0 0 0 0 0 0 0 0 0 
168 968 0 0 0 0 0 0 0 0 0 0 0 0 0 0 
184 968 0 0 0 0 0 0 0 0 0 0 0 0 0 0 
200 968 0 0 0 0 0 0 0 0 0 0 0 0 0 0 
216 968 0 0 0 0 0 0 0 0 0 0 0 0 0 0 
232 968 0 0 0 0 0 0 0 0 0 0 0 0 0 0 
248 968 0 0 0 0 0 0 0 0 0 0 0 0 0 0 
264 968 0 0 0 0 0 0 0 0 0 0 0 0 0 0 
280 968 0 0 0 0 0 0 0 0 0 0 0 0 0 0 
296 968 0 0 0 0 0 0 0 0 0 0 0 0 0 0 
312 968 0 0 0 0 0 0 0 0 0 0 0 0 0 0 
328 968 0 0 0 0 0 0 0 0 0 0 0 0 0 0 
344 968 0 0 0 0 0 0 0 0 0 0 0 0 0 0 
360 968 0 0 0 0 0 0 0 0 0 0 0 0 0 0 
376 968 0 0 0 0 0 0 0 0 0 0 0 0 0 0 
392 968 0 0 0 0 0 0 0 0 0 0 0 0 0 0 
408 968 0 0 0 0 0 0 0 0 0 0 0 0 0 0 
424 968 0 0 0 0 0 0 0 0 0 0 0 0 0 0 
440 968 0 0 0 0 0 0 0 0 0 0 0 0 0 0 
456 968 0 0 0 0 0 0 0 0 0 0 0 0 0 0 
472 968 0 0 0 0 0 0 0 0 0 0 0 0 0 0 
488 968 0 0 0 0 0 0 0 0 0 0 0 0 0 0 
504 968 0 0 0 0 0 0 0 0 0 0 0 0 0 0 
520 968 0 0 0 0 0 0 0 0 0 0 0 0 0 0 
536 968 0 0 0 0 0 0 0 0 0 0 0 0 0 0 
552 968 0 0 0 0 0 0 0 0 0 0 0 0 0 0 
568 968 0 0 0 0 0 0 0 0 0 0 0 0 0 0 
584 968 0 0 0 0 0 0 0 0 0 0 0 0 0 0 
600 968 0 0 0 0 0 0 0 0 0 0 0 0 0 0 
616 968 0 0 0 0 0 0 0 0 0 0 0 0 0 0 
632 968 0 0 0 0 0 0 0 0 0 0 0 0 0 0 
648 968 0 0 0 0 0 0 0 0 0 0 0 0 0 0 
664 968 0 0 0 0 0 0 0 0 0 0 0 0 0 0 
680 968 0 0 0 0 0 0 0 0 0 0 0 0 0 0 
696 968 0 0 0 0 0 0 0 0 0 0 0 0 0 0 
712 968 0 0 0 0 0 0 0 0 0 0 0 0 0 0 
728 968 0 0 0 0 0 0 0 0 0 0 0 0 0 0 
744 968 0 0 0 0 0 0 0 0 0 0 0 0 0 0 
760 968 0 0 0 0 0 0 0 0 0 0 0 0 0 0 
776 968 0 0 0 0 0 0 0 0 0 0 0 0 0 0 
792 968 0 0 0 0 0 0 0 0 0 0 0 0 0 0 
808 968 0 0 0 0 0 0 0 0 0 0 0 0 0 0 
824 968 0 0 0 0 0 0 0 0 0 0 0 0 0 0 
840 968 0 0 0 0 0 0 0 0 0 0 0 0 0 0 
856 968 0 0 0 0 0 0 0 0 0 0 0 0 0 0 
872 968 0 0 0 0 0 0 0 0 0 0 0 0 0 0 
888 968 0 0 0 0 0 0 0 0 0 0 0 0 0 0 
904 968 0 0 0 0 0 0 0 0 0 0 0 0 0 0 
920 968 0 0 0 0 0 0 0 0 0 0 0 0 0 0 
936 968 0 0 0 0 0 0 0 0 0 0 0 0 0 0 
952 968 0 0 0 0 0 0 0 0 0 0 0 0 0 0 
968 968 0 0 0 0 0 0 0 0 0 0 0 0 0 0 
984 968 0 0 0 0 0 0 0 0 0 0 0 0 0 0 
1000 968 0 0 0 0 0 0 0 0 0 0 0 0 0 0 
1016 968 0 0 0 0 0 0 0 0 0 0 0 0 0 0 
1032 968 0 0 0 0 0 0 0 0 0 0 0 0 0 0 
1048 968 0 0 0 0 0 0 0 0 0 0 0 0 0 0 
1064 968 0 0 0 0 0 0 0 0 0 0 0 0 0 0 
1080 968 0 0 0 0 0 0 0 0 0 0 0 0 0 0 
1096 968 0 0 0 0 0 0 0 0 0 0 0 0 0 0 
1112 968 0 0 0 0 0 0 0 0 0 0 0 0 0 0 
1128 968 0 0 0 0 0 0 0 0 0 0 0 0 0 0 
1144 968 0 0 0 0 0 0 0 0 0 0 0 0 0 0 
1160 968 0 0 0 0 0 0 0 0 0 0 0 0 0 0 
1176 968 0 0 0 0 0 0 0 0 0 0 0 0 0 0 
1192 968 0 0 0 0 0 0 0 0 0 0 0 0 0 0 
1208 968 0 0 0 0 0 0 0 0 0 0 0 0 0 0 
1224 968 0 0 0 0 0 0 0 0 0 0 0 0 0 0 
1240 968 0 0 0 0 0 0 0 0 0 0 0 0 0 0 
1256 968 0 0 0 0 0 0 0 0 0 0 0 0 0 0 
1272 968 0 0 0 0 0 0 0 0 0 0 0 0 0 0 
1288 968 0 0 0 0 0 0 0 0 0 0 0 0 0 0 
1304 968 0 0 0 0 0 0 0 0 0 0 0 0 0 0 
1320 968 0 0 0 0 0 0 0 0 0 0 0 0 0 0 
1336 968 0 0 0 0 0 0 0 0 0 0 0 0 0 0 
1352 968 0 0 0 0 0 0 0 0 0 0 0 0 0 0 
1368 968 0 0 0 0 0 0 0 0 0 0 0 0 0 0 
1384 968 0 0 0 0 0 0 0 0 0 0 0 0 0 0 
1400 968 0 0 0 0 0 0 0 0 0 0 0 0 0 0 
1416 968 0 0 0 0 0 0 0 0 0 0 0 0 0 0 
1432 968 0 0 0 0 0 0 0 0 0 0 0 0 0 0 
1448 968 0 0 0 0 0 0 0 0 0 0 0 0 0 0 
1464 968 0 0 0 0 0 0 0 0 0 0 0 0 0 0 
1480 968 0 0 0 0 0 0 0 0 0 0 0 0 0 0 
1496 968 0 0 0 0 0 0 0 0 0 0 0 0 0 0 
1512 968 0 0 0 0 0 0 0 0 0 0 0 0 0 0 
1528 968 0 0 0 0 0 0 0 0 0 0 0 0 0 0 
1544 968 0 0 0 0 0 0 0 0 0 0 0 0 0 0 
1560 968 0 0 0 0 0 0 0 0 0 0 0 0 0 0 
1576 968 0 0 0 0 0 0 0 0 0 0 0 0 0 0 
1592 968 0 0 0 0 0 0 0 0 0 0 0 0 0 0 
1608 968 0 0 0 0 0 0 0 0 0 0 0 0 0 0 
1624 968 0 0 0 0 0 0 0 0 0 0 0 0 0 0 
1640 968 0 0 0 0 0 0 0 0 0 0 0 0 0 0 
1656 968 0 0 0 0 0 0 0 0 0 0 0 0 0 0 
1672 968 0 0 0 0 0 0 0 0 0 0 0 0 0 0 
1688 968 0 0 0 0 0 0 0 0 0 0 0 0 0 0 
1704 968 0 0 0 0 0 0 0 0 0 0 0 0 0 0 
1720 968 0 0 0 0 0 0 0 0 0 0 0 0 0 0 
1736 968 0 0 0 0 0 0 0 0 0 0 0 0 0 0 
1752 968 0 0 0 0 0 0 0 0 0 0 0 0 0 0 
1768 968 0 0 0 0 0 0 0 0 0 0 0 0 0 0 
1784 968 0 0 0 0 0 0 0 0 0 0 0 0 0 0 
1800 968 0 0 0 0 0 0 0 0 0 0 0 0 0 0 
1816 968 0 0 0 0 0 0 0 0 0 0 0 0 0 0 
1832 968 0 0 0 0 0 0 0 0 0 0 0 0 0 0 
1848 968 0 0 0 0 0 0 0 0 0 0 0 0 0 0 
1864 968 0 0 0 0 0 0 0 0 0 0 0 0 0 0 
1880 968 0 0 0 0 0 0 0 0 0 0 0 0 0 0 
1896 968 0 0 0 0 0 0 0 0 0 0 0 0 0 0 
1912 968 0 0 0 0 0 0 0 0 0 0 0 0 0 0 
1928 968 0 0 0 0 0 0 0 0 0 0 0 0 0 0 
1944 968 0 0 0 0 0 0 0 0 0 0 0 0 0 0 
1960 968 0 0 0 0 0 0 0 0 0 0 0 0 0 0 
1976 968 0 0 0 0 0 0 0 0 0 0 0 0 0 0 
1992 968 0 0 0 0 0 0 0 0 0 0 0 0 0 0 
2008 968 0 0 0 0 0 0 0 0 0 0 0 0 0 0 
2024 968 0 0 0 0 0 0 0 0 0 0 0 0 0 0 
2040 968 0 0 0 0 0 0 0 0 0 0 0 0 0 0 
2056 968 0 0 0 0 0 0 0 0 0 0 0 0 0 0 
2072 968 0 0 0 0 0 0 0 0 0 0 0 0 0 0 
2088 968 0 0 0 0 0 0 0 0 0 0 0 0 0 0 
2104 968 0 0 0 0 0 0 0 0 0 0 0 0 0 0 
2120 968 0 0 0 0 0 0 0 0 0 0 0 0 0 0 
2136 968 0 0 0 0 0 0 0 0 0 0 0 0 0 0 
2152 968 0 0 0 0 0 0 0 0 0 0 0 0 0 0 
2168 968 0 0 0 0 0 0 0 0 0 0 0 0 0 0 
2184 968 0 0 0 0 0 0 0 0 0 0 0 0 0 0 
2200 968 0 0 0 0 0 0 0 0 0 0 0 0 0 0 
2216 968 0 0 0 0 0 0 0 0 0 0 0 0 0 0 
2232 968 0 0 0 0 0 0 0 0 0 0 0 0 0 0 
2248 968 0 0 0 0 0 0 0 0 0 0 0 0 0 0 
2264 968 0 0 0 0 0 0 0 0 0 0 0 0 0 0 
2280 968 0 0 0 0 0 0 0 0 0 0 0 0 0 0 
2296 968 0 0 0 0 0 0 0 0 0 0 0 0 0 0 
2312 968 0 0 0 0 0 0 0 0 0 0 0 0 0 0 
2328 968 0 0 0 0 0 0 0 0 0 0 0 0 0 0 
2344 968 0 0 0 0 0 0 0 0 0 0 0 0 0 0 
2360 968 0 0 0 0 0 0 0 0 0 0 0 0 0 0 
2376 968 0 0 0 0 0 0 0 0 0 0 0 0 0 0 
2392 968 0 0 0 0 0 0 0 0 0 0 0 0 0 0 
2408 968 0 0 0 0 0 0 0 0 0 0 0 0 0 0 
2424 968 0 0 0 0 0 0 0 0 0 0 0 0 0 0 
2440 968 0 0 0 0 0 0 0 0 0 0 0 0 0 0 
2456 968 0 0 0 0 0 0 0 0 0 0 0 0 0 0 
2472 968 0 0 0 0 0 0 0 0 0 0 0 0 0 0 
2488 968 0 0 0 0 0 0 0 0 0 0 0 0 0 0 
2504 968 0 0 0 0 0 0 0 0 0 0 0 0 0 0 
2520 968 0 0 0 0 0 0 0 0 0 0 0 0 0 0 
2536 968 0 0 0 0 0 0 0 0 0 0 0 0 0 0 
24 984 0 0 0 0 0 0 0 0 0 0 0 0 0 0 
40 984 0 0 0 0 0 0 0 0 0 0 0 0 0 0 
56 984 0 0 0 0 0 0 0 0 0 0 0 0 0 0 
72 984 0 0 0 0 0 0 0 0 0 0 0 0 0 0 
88 984 0 0 0 0 0 0 0 0 0 0 0 0 0 0 
104 984 0 0 0 0 0 0 0 0 0 0 0 0 0 0 
120 984 0 0 0 0 0 0 0 0 0 0 0 0 0 0 
136 984 0 0 0 0 0 0 0 0 0 0 0 0 0 0 
152 984 0 0 0 0 0 0 0 0 0 0 0 0 0 0 
168 984 0 0 0 0 0 0 0 0 0 0 0 0 0 0 
184 984 0 0 0 0 0 0 0 0 0 0 0 0 0 0 
200 984 0 0 0 0 0 0 0 0 0 0 0 0 0 0 
216 984 0 0 0 0 0 0 0 0 0 0 0 0 0 0 
232 984 0 0 0 0 0 0 0 0 0 0 0 0 0 0 
248 984 0 0 0 0 0 0 0 0 0 0 0 0 0 0 
264 984 0 0 0 0 0 0 0 0 0 0 0 0 0 0 
280 984 0 0 0 0 0 0 0 0 0 0 0 0 0 0 
296 984 0 0 0 0 0 0 0 0 0 0 0 0 0 0 
312 984 0 0 0 0 0 0 0 0 0 0 0 0 0 0 
328 984 0 0 0 0 0 0 0 0 0 0 0 0 0 0 
344 984 0 0 0 0 0 0 0 0 0 0 0 0 0 0 
360 984 0 0 0 0 0 0 0 0 0 0 0 0 0 0 
376 984 0 0 0 0 0 0 0 0 0 0 0 0 0 0 
392 984 0 0 0 0 0 0 0 0 0 0 0 0 0 0 
408 984 0 0 0 0 0 0 0 0 0 0 0 0 0 0 
424 984 0 0 0 0 0 0 0 0 0 0 0 0 0 0 
440 984 0 0 0 0 0 0 0 0 0 0 0 0 0 0 
456 984 0 0 0 0 0 0 0 0 0 0 0 0 0 0 
472 984 0 0 0 0 0 0 0 0 0 0 0 0 0 0 
488 984 0 0 0 0 0 0 0 0 0 0 0 0 0 0 
504 984 0 0 0 0 0 0 0 0 0 0 0 0 0 0 
520 984 0 0 0 0 0 0 0 0 0 0 0 0 0 0 
536 984 0 0 0 0 0 0 0 0 0 0 0 0 0 0 
552 984 0 0 0 0 0 0 0 0 0 0 0 0 0 0 
568 984 0 0 0 0 0 0 0 0 0 0 0 0 0 0 
584 984 0 0 0 0 0 0 0 0 0 0 0 0 0 0 
600 984 0 0 0 0 0 0 0 0 0 0 0 0 0 0 
616 984 0 0 0 0 0 0 0 0 0 0 0 0 0 0 
632 984 0 0 0 0 0 0 0 0 0 0 0 0 0 0 
648 984 0 0 0 0 0 0 0 0 0 0 0 0 0 0 
664 984 0 0 0 0 0 0 0 0 0 0 0 0 0 0 
680 984 0 0 0 0 0 0 0 0 0 0 0 0 0 0 
696 984 0 0 0 0 0 0 0 0 0 0 0 0 0 0 
712 984 0 0 0 0 0 0 0 0 0 0 0 0 0 0 
728 984 0 0 0 0 0 0 0 0 0 0 0 0 0 0 
744 984 0 0 0 0 0 0 0 0 0 0 0 0 0 0 
760 984 0 0 0 0 0 0 0 0 0 0 0 0 0 0 
776 984 0 0 0 0 0 0 0 0 0 0 0 0 0 0 
792 984 0 0 0 0 0 0 0 0 0 0 0 0 0 0 
808 984 0 0 0 0 0 0 0 0 0 0 0 0 0 0 
824 984 0 0 0 0 0 0 0 0 0 0 0 0 0 0 
840 984 0 0 0 0 0 0 0 0 0 0 0 0 0 0 
856 984 0 0 0 0 0 0 0 0 0 0 0 0 0 0 
872 984 0 0 0 0 0 0 0 0 0 0 0 0 0 0 
888 984 0 0 0 0 0 0 0 0 0 0 0 0 0 0 
904 984 0 0 0 0 0 0 0 0 0 0 0 0 0 0 
920 984 0 0 0 0 0 0 0 0 0 0 0 0 0 0 
936 984 0 0 0 0 0 0 0 0 0 0 0 0 0 0 
952 984 0 0 0 0 0 0 0 0 0 0 0 0 0 0 
968 984 0 0 0 0 0 0 0 0 0 0 0 0 0 0 
984 984 0 0 0 0 0 0 0 0 0 0 0 0 0 0 
1000 984 0 0 0 0 0 0 0 0 0 0 0 0 0 0 
1016 984 0 0 0 0 0 0 0 0 0 0 0 0 0 0 
1032 984 0 0 0 0 0 0 0 0 0 0 0 0 0 0 
1048 984 0 0 0 0 0 0 0 0 0 0 0 0 0 0 
1064 984 0 0 0 0 0 0 0 0 0 0 0 0 0 0 
1080 984 0 0 0 0 0 0 0 0 0 0 0 0 0 0 
1096 984 0 0 0 0 0 0 0 0 0 0 0 0 0 0 
1112 984 0 0 0 0 0 0 0 0 0 0 0 0 0 0 
1128 984 0 0 0 0 0 0 0 0 0 0 0 0 0 0 
1144 984 0 0 0 0 0 0 0 0 0 0 0 0 0 0 
1160 984 0 0 0 0 0 0 0 0 0 0 0 0 0 0 
1176 984 0 0 0 0 0 0 0 0 0 0 0 0 0 0 
1192 984 0 0 0 0 0 0 0 0 0 0 0 0 0 0 
1208 984 0 0 0 0 0 0 0 0 0 0 0 0 0 0 
1224 984 0 0 0 0 0 0 0 0 0 0 0 0 0 0 
1240 984 0 0 0 0 0 0 0 0 0 0 0 0 0 0 
1256 984 0 0 0 0 0 0 0 0 0 0 0 0 0 0 
1272 984 0 0 0 0 0 0 0 0 0 0 0 0 0 0 
1288 984 0 0 0 0 0 0 0 0 0 0 0 0 0 0 
1304 984 0 0 0 0 0 0 0 0 0 0 0 0 0 0 
1320 984 0 0 0 0 0 0 0 0 0 0 0 0 0 0 
1336 984 0 0 0 0 0 0 0 0 0 0 0 0 0 0 
1352 984 0 0 0 0 0 0 0 0 0 0 0 0 0 0 
1368 984 0 0 0 0 0 0 0 0 0 0 0 0 0 0 
1384 984 0 0 0 0 0 0 0 0 0 0 0 0 0 0 
1400 984 0 0 0 0 0 0 0 0 0 0 0 0 0 0 
1416 984 0 0 0 0 0 0 0 0 0 0 0 0 0 0 
1432 984 0 0 0 0 0 0 0 0 0 0 0 0 0 0 
1448 984 0 0 0 0 0 0 0 0 0 0 0 0 0 0 
1464 984 0 0 0 0 0 0 0 0 0 0 0 0 0 0 
1480 984 0 0 0 0 0 0 0 0 0 0 0 0 0 0 
1496 984 0 0 0 0 0 0 0 0 0 0 0 0 0 0 
1512 984 0 0 0 0 0 0 0 0 0 0 0 0 0 0 
1528 984 0 0 0 0 0 0 0 0 0 0 0 0 0 0 
1544 984 0 0 0 0 0 0 0 0 0 0 0 0 0 0 
1560 984 0 0 0 0 0 0 0 0 0 0 0 0 0 0 
1576 984 0 0 0 0 0 0 0 0 0 0 0 0 0 0 
1592 984 0 0 0 0 0 0 0 0 0 0 0 0 0 0 
1608 984 0 0 0 0 0 0 0 0 0 0 0 0 0 0 
1624 984 0 0 0 0 0 0 0 0 0 0 0 0 0 0 
1640 984 0 0 0 0 0 0 0 0 0 0 0 0 0 0 
1656 984 0 0 0 0 0 0 0 0 0 0 0 0 0 0 
1672 984 0 0 0 0 0 0 0 0 0 0 0 0 0 0 
1688 984 0 0 0 0 0 0 0 0 0 0 0 0 0 0 
1704 984 0 0 0 0 0 0 0 0 0 0 0 0 0 0 
1720 984 0 0 0 0 0 0 0 0 0 0 0 0 0 0 
1736 984 0 0 0 0 0 0 0 0 0 0 0 0 0 0 
1752 984 0 0 0 0 0 0 0 0 0 0 0 0 0 0 
1768 984 0 0 0 0 0 0 0 0 0 0 0 0 0 0 
1784 984 0 0 0 0 0 0 0 0 0 0 0 0 0 0 
1800 984 0 0 0 0 0 0 0 0 0 0 0 0 0 0 
1816 984 0 0 0 0 0 0 0 0 0 0 0 0 0 0 
1832 984 0 0 0 0 0 0 0 0 0 0 0 0 0 0 
1848 984 0 0 0 0 0 0 0 0 0 0 0 0 0 0 
1864 984 0 0 0 0 0 0 0 0 0 0 0 0 0 0 
1880 984 0 0 0 0 0 0 0 0 0 0 0 0 0 0 
1896 984 0 0 0 0 0 0 0 0 0 0 0 0 0 0 
1912 984 0 0 0 0 0 0 0 0 0 0 0 0 0 0 
1928 984 0 0 0 0 0 0 0 0 0 0 0 0 0 0 
1944 984 0 0 0 0 0 0 0 0 0 0 0 0 0 0 
1960 984 0 0 0 0 0 0 0 0 0 0 0 0 0 0 
1976 984 0 0 0 0 0 0 0 0 0 0 0 0 0 0 
1992 984 0 0 0 0 0 0 0 0 0 0 0 0 0 0 
2008 984 0 0 0 0 0 0 0 0 0 0 0 0 0 0 
2024 984 0 0 0 0 0 0 0 0 0 0 0 0 0 0 
2040 984 0 0 0 0 0 0 0 0 0 0 0 0 0 0 
2056 984 0 0 0 0 0 0 0 0 0 0 0 0 0 0 
2072 984 0 0 0 0 0 0 0 0 0 0 0 0 0 0 
2088 984 0 0 0 0 0 0 0 0 0 0 0 0 0 0 
2104 984 0 0 0 0 0 0 0 0 0 0 0 0 0 0 
2120 984 0 0 0 0 0 0 0 0 0 0 0 0 0 0 
2136 984 0 0 0 0 0 0 0 0 0 0 0 0 0 0 
2152 984 0 0 0 0 0 0 0 0 0 0 0 0 0 0 
2168 984 0 0 0 0 0 0 0 0 0 0 0 0 0 0 
2184 984 0 0 0 0 0 0 0 0 0 0 0 0 0 0 
2200 984 0 0 0 0 0 0 0 0 0 0 0 0 0 0 
2216 984 0 0 0 0 0 0 0 0 0 0 0 0 0 0 
2232 984 0 0 0 0 0 0 0 0 0 0 0 0 0 0 
2248 984 0 0 0 0 0 0 0 0 0 0 0 0 0 0 
2264 984 0 0 0 0 0 0 0 0 0 0 0 0 0 0 
2280 984 0 0 0 0 0 0 0 0 0 0 0 0 0 0 
2296 984 0 0 0 0 0 0 0 0 0 0 0 0 0 0 
2312 984 0 0 0 0 0 0 0 0 0 0 0 0 0 0 
2328 984 0 0 0 0 0 0 0 0 0 0 0 0 0 0 
2344 984 0 0 0 0 0 0 0 0 0 0 0 0 0 0 
2360 984 0 0 0 0 0 0 0 0 0 0 0 0 0 0 
2376 984 0 0 0 0 0 0 0 0 0 0 0 0 0 0 
2392 984 0 0 0 0 0 0 0 0 0 0 0 0 0 0 
2408 984 0 0 0 0 0 0 0 0 0 0 0 0 0 0 
2424 984 0 0 0 0 0 0 0 0 0 0 0 0 0 0 
2440 984 0 0 0 0 0 0 0 0 0 0 0 0 0 0 
2456 984 0 0 0 0 0 0 0 0 0 0 0 0 0 0 
2472 984 0 0 0 0 0 0 0 0 0 0 0 0 0 0 
2488 984 0 0 0 0 0 0 0 0 0 0 0 0 0 0 
2504 984 0 0 0 0 0 0 0 0 0 0 0 0 0 0 
2520 984 0 0 0 0 0 0 0 0 0 0 0 0 0 0 
2536 984 0 0 0 0 0 0 0 0 0 0 0 0 0 0 
24 1000 0 0 0 0 0 0 0 0 0 0 0 0 0 0 
40 1000 0 0 0 0 0 0 0 0 0 0 0 0 0 0 
56 1000 0 0 0 0 0 0 0 0 0 0 0 0 0 0 
72 1000 0 0 0 0 0 0 0 0 0 0 0 0 0 0 
88 1000 0 0 0 0 0 0 0 0 0 0 0 0 0 0 
104 1000 0 0 0 0 0 0 0 0 0 0 0 0 0 0 
120 1000 0 0 0 0 0 0 0 0 0 0 0 0 0 0 
136 1000 0 0 0 0 0 0 0 0 0 0 0 0 0 0 
152 1000 0 0 0 0 0 0 0 0 0 0 0 0 0 0 
168 1000 0 0 0 0 0 0 0 0 0 0 0 0 0 0 
184 1000 0 0 0 0 0 0 0 0 0 0 0 0 0 0 
200 1000 0 0 0 0 0 0 0 0 0 0 0 0 0 0 
216 1000 0 0 0 0 0 0 0 0 0 0 0 0 0 0 
232 1000 0 0 0 0 0 0 0 0 0 0 0 0 0 0 
248 1000 0 0 0 0 0 0 0 0 0 0 0 0 0 0 
264 1000 0 0 0 0 0 0 0 0 0 0 0 0 0 0 
280 1000 0 0 0 0 0 0 0 0 0 0 0 0 0 0 
296 1000 0 0 0 0 0 0 0 0 0 0 0 0 0 0 
312 1000 0 0 0 0 0 0 0 0 0 0 0 0 0 0 
328 1000 0 0 0 0 0 0 0 0 0 0 0 0 0 0 
344 1000 0 0 0 0 0 0 0 0 0 0 0 0 0 0 
360 1000 0 0 0 0 0 0 0 0 0 0 0 0 0 0 
376 1000 0 0 0 0 0 0 0 0 0 0 0 0 0 0 
392 1000 0 0 0 0 0 0 0 0 0 0 0 0 0 0 
408 1000 0 0 0 0 0 0 0 0 0 0 0 0 0 0 
424 1000 0 0 0 0 0 0 0 0 0 0 0 0 0 0 
440 1000 0 0 0 0 0 0 0 0 0 0 0 0 0 0 
456 1000 0 0 0 0 0 0 0 0 0 0 0 0 0 0 
472 1000 0 0 0 0 0 0 0 0 0 0 0 0 0 0 
488 1000 0 0 0 0 0 0 0 0 0 0 0 0 0 0 
504 1000 0 0 0 0 0 0 0 0 0 0 0 0 0 0 
520 1000 0 0 0 0 0 0 0 0 0 0 0 0 0 0 
536 1000 0 0 0 0 0 0 0 0 0 0 0 0 0 0 
552 1000 0 0 0 0 0 0 0 0 0 0 0 0 0 0 
568 1000 0 0 0 0 0 0 0 0 0 0 0 0 0 0 
584 1000 0 0 0 0 0 0 0 0 0 0 0 0 0 0 
600 1000 0 0 0 0 0 0 0 0 0 0 0 0 0 0 
616 1000 0 0 0 0 0 0 0 0 0 0 0 0 0 0 
632 1000 0 0 0 0 0 0 0 0 0 0 0 0 0 0 
648 1000 0 0 0 0 0 0 0 0 0 0 0 0 0 0 
664 1000 0 0 0 0 0 0 0 0 0 0 0 0 0 0 
680 1000 0 0 0 0 0 0 0 0 0 0 0 0 0 0 
696 1000 0 0 0 0 0 0 0 0 0 0 0 0 0 0 
712 1000 0 0 0 0 0 0 0 0 0 0 0 0 0 0 
728 1000 0 0 0 0 0 0 0 0 0 0 0 0 0 0 
744 1000 0 0 0 0 0 0 0 0 0 0 0 0 0 0 
760 1000 0 0 0 0 0 0 0 0 0 0 0 0 0 0 
776 1000 0 0 0 0 0 0 0 0 0 0 0 0 0 0 
792 1000 0 0 0 0 0 0 0 0 0 0 0 0 0 0 
808 1000 0 0 0 0 0 0 0 0 0 0 0 0 0 0 
824 1000 0 0 0 0 0 0 0 0 0 0 0 0 0 0 
840 1000 0 0 0 0 0 0 0 0 0 0 0 0 0 0 
856 1000 0 0 0 0 0 0 0 0 0 0 0 0 0 0 
872 1000 0 0 0 0 0 0 0 0 0 0 0 0 0 0 
888 1000 0 0 0 0 0 0 0 0 0 0 0 0 0 0 
904 1000 0 0 0 0 0 0 0 0 0 0 0 0 0 0 
920 1000 0 0 0 0 0 0 0 0 0 0 0 0 0 0 
936 1000 0 0 0 0 0 0 0 0 0 0 0 0 0 0 
952 1000 0 0 0 0 0 0 0 0 0 0 0 0 0 0 
968 1000 0 0 0 0 0 0 0 0 0 0 0 0 0 0 
984 1000 0 0 0 0 0 0 0 0 0 0 0 0 0 0 
1000 1000 0 0 0 0 0 0 0 0 0 0 0 0 0 0 
1016 1000 0 0 0 0 0 0 0 0 0 0 0 0 0 0 
1032 1000 0 0 0 0 0 0 0 0 0 0 0 0 0 0 
1048 1000 0 0 0 0 0 0 0 0 0 0 0 0 0 0 
1064 1000 0 0 0 0 0 0 0 0 0 0 0 0 0 0 
1080 1000 0 0 0 0 0 0 0 0 0 0 0 0 0 0 
1096 1000 0 0 0 0 0 0 0 0 0 0 0 0 0 0 
1112 1000 0 0 0 0 0 0 0 0 0 0 0 0 0 0 
1128 1000 0 0 0 0 0 0 0 0 0 0 0 0 0 0 
1144 1000 0 0 0 0 0 0 0 0 0 0 0 0 0 0 
1160 1000 0 0 0 0 0 0 0 0 0 0 0 0 0 0 
1176 1000 0 0 0 0 0 0 0 0 0 0 0 0 0 0 
1192 1000 0 0 0 0 0 0 0 0 0 0 0 0 0 0 
1208 1000 0 0 0 0 0 0 0 0 0 0 0 0 0 0 
1224 1000 0 0 0 0 0 0 0 0 0 0 0 0 0 0 
1240 1000 0 0 0 0 0 0 0 0 0 0 0 0 0 0 
1256 1000 0 0 0 0 0 0 0 0 0 0 0 0 0 0 
1272 1000 0 0 0 0 0 0 0 0 0 0 0 0 0 0 
1288 1000 0 0 0 0 0 0 0 0 0 0 0 0 0 0 
1304 1000 0 0 0 0 0 0 0 0 0 0 0 0 0 0 
1320 1000 0 0 0 0 0 0 0 0 0 0 0 0 0 0 
1336 1000 0 0 0 0 0 0 0 0 0 0 0 0 0 0 
1352 1000 0 0 0 0 0 0 0 0 0 0 0 0 0 0 
1368 1000 0 0 0 0 0 0 0 0 0 0 0 0 0 0 
1384 1000 0 0 0 0 0 0 0 0 0 0 0 0 0 0 
1400 1000 0 0 0 0 0 0 0 0 0 0 0 0 0 0 
1416 1000 0 0 0 0 0 0 0 0 0 0 0 0 0 0 
1432 1000 0 0 0 0 0 0 0 0 0 0 0 0 0 0 
1448 1000 0 0 0 0 0 0 0 0 0 0 0 0 0 0 
1464 1000 0 0 0 0 0 0 0 0 0 0 0 0 0 0 
1480 1000 0 0 0 0 0 0 0 0 0 0 0 0 0 0 
1496 1000 0 0 0 0 0 0 0 0 0 0 0 0 0 0 
1512 1000 0 0 0 0 0 0 0 0 0 0 0 0 0 0 
1528 1000 0 0 0 0 0 0 0 0 0 0 0 0 0 0 
1544 1000 0 0 0 0 0 0 0 0 0 0 0 0 0 0 
1560 1000 0 0 0 0 0 0 0 0 0 0 0 0 0 0 
1576 1000 0 0 0 0 0 0 0 0 0 0 0 0 0 0 
1592 1000 0 0 0 0 0 0 0 0 0 0 0 0 0 0 
1608 1000 0 0 0 0 0 0 0 0 0 0 0 0 0 0 
1624 1000 0 0 0 0 0 0 0 0 0 0 0 0 0 0 
1640 1000 0 0 0 0 0 0 0 0 0 0 0 0 0 0 
1656 1000 0 0 0 0 0 0 0 0 0 0 0 0 0 0 
1672 1000 0 0 0 0 0 0 0 0 0 0 0 0 0 0 
1688 1000 0 0 0 0 0 0 0 0 0 0 0 0 0 0 
1704 1000 0 0 0 0 0 0 0 0 0 0 0 0 0 0 
1720 1000 0 0 0 0 0 0 0 0 0 0 0 0 0 0 
1736 1000 0 0 0 0 0 0 0 0 0 0 0 0 0 0 
1752 1000 0 0 0 0 0 0 0 0 0 0 0 0 0 0 
1768 1000 0 0 0 0 0 0 0 0 0 0 0 0 0 0 
1784 1000 0 0 0 0 0 0 0 0 0 0 0 0 0 0 
1800 1000 0 0 0 0 0 0 0 0 0 0 0 0 0 0 
1816 1000 0 0 0 0 0 0 0 0 0 0 0 0 0 0 
1832 1000 0 0 0 0 0 0 0 0 0 0 0 0 0 0 
1848 1000 0 0 0 0 0 0 0 0 0 0 0 0 0 0 
1864 1000 0 0 0 0 0 0 0 0 0 0 0 0 0 0 
1880 1000 0 0 0 0 0 0 0 0 0 0 0 0 0 0 
1896 1000 0 0 0 0 0 0 0 0 0 0 0 0 0 0 
1912 1000 0 0 0 0 0 0 0 0 0 0 0 0 0 0 
1928 1000 0 0 0 0 0 0 0 0 0 0 0 0 0 0 
1944 1000 0 0 0 0 0 0 0 0 0 0 0 0 0 0 
1960 1000 0 0 0 0 0 0 0 0 0 0 0 0 0 0 
1976 1000 0 0 0 0 0 0 0 0 0 0 0 0 0 0 
1992 1000 0 0 0 0 0 0 0 0 0 0 0 0 0 0 
2008 1000 0 0 0 0 0 0 0 0 0 0 0 0 0 0 
2024 1000 0 0 0 0 0 0 0 0 0 0 0 0 0 0 
2040 1000 0 0 0 0 0 0 0 0 0 0 0 0 0 0 
2056 1000 0 0 0 0 0 0 0 0 0 0 0 0 0 0 
2072 1000 0 0 0 0 0 0 0 0 0 0 0 0 0 0 
2088 1000 0 0 0 0 0 0 0 0 0 0 0 0 0 0 
2104 1000 0 0 0 0 0 0 0 0 0 0 0 0 0 0 
2120 1000 0 0 0 0 0 0 0 0 0 0 0 0 0 0 
2136 1000 0 0 0 0 0 0 0 0 0 0 0 0 0 0 
2152 1000 0 0 0 0 0 0 0 0 0 0 0 0 0 0 
2168 1000 0 0 0 0 0 0 0 0 0 0 0 0 0 0 
2184 1000 0 0 0 0 0 0 0 0 0 0 0 0 0 0 
2200 1000 0 0 0 0 0 0 0 0 0 0 0 0 0 0 
2216 1000 0 0 0 0 0 0 0 0 0 0 0 0 0 0 
2232 1000 0 0 0 0 0 0 0 0 0 0 0 0 0 0 
2248 1000 0 0 0 0 0 0 0 0 0 0 0 0 0 0 
2264 1000 0 0 0 0 0 0 0 0 0 0 0 0 0 0 
2280 1000 0 0 0 0 0 0 0 0 0 0 0 0 0 0 
2296 1000 0 0 0 0 0 0 0 0 0 0 0 0 0 0 
2312 1000 0 0 0 0 0 0 0 0 0 0 0 0 0 0 
2328 1000 0 0 0 0 0 0 0 0 0 0 0 0 0 0 
2344 1000 0 0 0 0 0 0 0 0 0 0 0 0 0 0 
2360 1000 0 0 0 0 0 0 0 0 0 0 0 0 0 0 
2376 1000 0 0 0 0 0 0 0 0 0 0 0 0 0 0 
2392 1000 0 0 0 0 0 0 0 0 0 0 0 0 0 0 
2408 1000 0 0 0 0 0 0 0 0 0 0 0 0 0 0 
2424 1000 0 0 0 0 0 0 0 0 0 0 0 0 0 0 
2440 1000 0 0 0 0 0 0 0 0 0 0 0 0 0 0 
2456 1000 0 0 0 0 0 0 0 0 0 0 0 0 0 0 
2472 1000 0 0 0 0 0 0 0 0 0 0 0 0 0 0 
2488 1000 0 0 0 0 0 0 0 0 0 0 0 0 0 0 
2504 1000 0 0 0 0 0 0 0 0 0 0 0 0 0 0 
2520 1000 0 0 0 0 0 0 0 0 0 0 0 0 0 0 
2536 1000 0 0 0 0 0 0 0 0 0 0 0 0 0 0 
24 1016 0 0 0 0 0 0 0 0 0 0 0 0 0 0 
40 1016 0 0 0 0 0 0 0 0 0 0 0 0 0 0 
56 1016 0 0 0 0 0 0 0 0 0 0 0 0 0 0 
72 1016 0 0 0 0 0 0 0 0 0 0 0 0 0 0 
88 1016 0 0 0 0 0 0 0 0 0 0 0 0 0 0 
104 1016 0 0 0 0 0 0 0 0 0 0 0 0 0 0 
120 1016 0 0 0 0 0 0 0 0 0 0 0 0 0 0 
136 1016 0 0 0 0 0 0 0 0 0 0 0 0 0 0 
152 1016 0 0 0 0 0 0 0 0 0 0 0 0 0 0 
168 1016 0 0 0 0 0 0 0 0 0 0 0 0 0 0 
184 1016 0 0 0 0 0 0 0 0 0 0 0 0 0 0 
200 1016 0 0 0 0 0 0 0 0 0 0 0 0 0 0 
216 1016 0 0 0 0 0 0 0 0 0 0 0 0 0 0 
232 1016 0 0 0 0 0 0 0 0 0 0 0 0 0 0 
248 1016 0 0 0 0 0 0 0 0 0 0 0 0 0 0 
264 1016 0 0 0 0 0 0 0 0 0 0 0 0 0 0 
280 1016 0 0 0 0 0 0 0 0 0 0 0 0 0 0 
296 1016 0 0 0 0 0 0 0 0 0 0 0 0 0 0 
312 1016 0 0 0 0 0 0 0 0 0 0 0 0 0 0 
328 1016 0 0 0 0 0 0 0 0 0 0 0 0 0 0 
344 1016 0 0 0 0 0 0 0 0 0 0 0 0 0 0 
360 1016 0 0 0 0 0 0 0 0 0 0 0 0 0 0 
376 1016 0 0 0 0 0 0 0 0 0 0 0 0 0 0 
392 1016 0 0 0 0 0 0 0 0 0 0 0 0 0 0 
408 1016 0 0 0 0 0 0 0 0 0 0 0 0 0 0 
424 1016 0 0 0 0 0 0 0 0 0 0 0 0 0 0 
440 1016 0 0 0 0 0 0 0 0 0 0 0 0 0 0 
456 1016 0 0 0 0 0 0 0 0 0 0 0 0 0 0 
472 1016 0 0 0 0 0 0 0 0 0 0 0 0 0 0 
488 1016 0 0 0 0 0 0 0 0 0 0 0 0 0 0 
504 1016 0 0 0 0 0 0 0 0 0 0 0 0 0 0 
520 1016 0 0 0 0 0 0 0 0 0 0 0 0 0 0 
536 1016 0 0 0 0 0 0 0 0 0 0 0 0 0 0 
552 1016 0 0 0 0 0 0 0 0 0 0 0 0 0 0 
568 1016 0 0 0 0 0 0 0 0 0 0 0 0 0 0 
584 1016 0 0 0 0 0 0 0 0 0 0 0 0 0 0 
600 1016 0 0 0 0 0 0 0 0 0 0 0 0 0 0 
616 1016 0 0 0 0 0 0 0 0 0 0 0 0 0 0 
632 1016 0 0 0 0 0 0 0 0 0 0 0 0 0 0 
648 1016 0 0 0 0 0 0 0 0 0 0 0 0 0 0 
664 1016 0 0 0 0 0 0 0 0 0 0 0 0 0 0 
680 1016 0 0 0 0 0 0 0 0 0 0 0 0 0 0 
696 1016 0 0 0 0 0 0 0 0 0 0 0 0 0 0 
712 1016 0 0 0 0 0 0 0 0 0 0 0 0 0 0 
728 1016 0 0 0 0 0 0 0 0 0 0 0 0 0 0 
744 1016 0 0 0 0 0 0 0 0 0 0 0 0 0 0 
760 1016 0 0 0 0 0 0 0 0 0 0 0 0 0 0 
776 1016 0 0 0 0 0 0 0 0 0 0 0 0 0 0 
792 1016 0 0 0 0 0 0 0 0 0 0 0 0 0 0 
808 1016 0 0 0 0 0 0 0 0 0 0 0 0 0 0 
824 1016 0 0 0 0 0 0 0 0 0 0 0 0 0 0 
840 1016 0 0 0 0 0 0 0 0 0 0 0 0 0 0 
856 1016 0 0 0 0 0 0 0 0 0 0 0 0 0 0 
872 1016 0 0 0 0 0 0 0 0 0 0 0 0 0 0 
888 1016 0 0 0 0 0 0 0 0 0 0 0 0 0 0 
904 1016 0 0 0 0 0 0 0 0 0 0 0 0 0 0 
920 1016 0 0 0 0 0 0 0 0 0 0 0 0 0 0 
936 1016 0 0 0 0 0 0 0 0 0 0 0 0 0 0 
952 1016 0 0 0 0 0 0 0 0 0 0 0 0 0 0 
968 1016 0 0 0 0 0 0 0 0 0 0 0 0 0 0 
984 1016 0 0 0 0 0 0 0 0 0 0 0 0 0 0 
1000 1016 0 0 0 0 0 0 0 0 0 0 0 0 0 0 
1016 1016 0 0 0 0 0 0 0 0 0 0 0 0 0 0 
1032 1016 0 0 0 0 0 0 0 0 0 0 0 0 0 0 
1048 1016 0 0 0 0 0 0 0 0 0 0 0 0 0 0 
1064 1016 0 0 0 0 0 0 0 0 0 0 0 0 0 0 
1080 1016 0 0 0 0 0 0 0 0 0 0 0 0 0 0 
1096 1016 0 0 0 0 0 0 0 0 0 0 0 0 0 0 
1112 1016 0 0 0 0 0 0 0 0 0 0 0 0 0 0 
1128 1016 0 0 0 0 0 0 0 0 0 0 0 0 0 0 
1144 1016 0 0 0 0 0 0 0 0 0 0 0 0 0 0 
1160 1016 0 0 0 0 0 0 0 0 0 0 0 0 0 0 
1176 1016 0 0 0 0 0 0 0 0 0 0 0 0 0 0 
1192 1016 0 0 0 0 0 0 0 0 0 0 0 0 0 0 
1208 1016 0 0 0 0 0 0 0 0 0 0 0 0 0 0 
1224 1016 0 0 0 0 0 0 0 0 0 0 0 0 0 0 
1240 1016 0 0 0 0 0 0 0 0 0 0 0 0 0 0 
1256 1016 0 0 0 0 0 0 0 0 0 0 0 0 0 0 
1272 1016 0 0 0 0 0 0 0 0 0 0 0 0 0 0 
1288 1016 0 0 0 0 0 0 0 0 0 0 0 0 0 0 
1304 1016 0 0 0 0 0 0 0 0 0 0 0 0 0 0 
1320 1016 0 0 0 0 0 0 0 0 0 0 0 0 0 0 
1336 1016 0 0 0 0 0 0 0 0 0 0 0 0 0 0 
1352 1016 0 0 0 0 0 0 0 0 0 0 0 0 0 0 
1368 1016 0 0 0 0 0 0 0 0 0 0 0 0 0 0 
1384 1016 0 0 0 0 0 0 0 0 0 0 0 0 0 0 
1400 1016 0 0 0 0 0 0 0 0 0 0 0 0 0 0 
1416 1016 0 0 0 0 0 0 0 0 0 0 0 0 0 0 
1432 1016 0 0 0 0 0 0 0 0 0 0 0 0 0 0 
1448 1016 0 0 0 0 0 0 0 0 0 0 0 0 0 0 
1464 1016 0 0 0 0 0 0 0 0 0 0 0 0 0 0 
1480 1016 0 0 0 0 0 0 0 0 0 0 0 0 0 0 
1496 1016 0 0 0 0 0 0 0 0 0 0 0 0 0 0 
1512 1016 0 0 0 0 0 0 0 0 0 0 0 0 0 0 
1528 1016 0 0 0 0 0 0 0 0 0 0 0 0 0 0 
1544 1016 0 0 0 0 0 0 0 0 0 0 0 0 0 0 
1560 1016 0 0 0 0 0 0 0 0 0 0 0 0 0 0 
1576 1016 0 0 0 0 0 0 0 0 0 0 0 0 0 0 
1592 1016 0 0 0 0 0 0 0 0 0 0 0 0 0 0 
1608 1016 0 0 0 0 0 0 0 0 0 0 0 0 0 0 
1624 1016 0 0 0 0 0 0 0 0 0 0 0 0 0 0 
1640 1016 0 0 0 0 0 0 0 0 0 0 0 0 0 0 
1656 1016 0 0 0 0 0 0 0 0 0 0 0 0 0 0 
1672 1016 0 0 0 0 0 0 0 0 0 0 0 0 0 0 
1688 1016 0 0 0 0 0 0 0 0 0 0 0 0 0 0 
1704 1016 0 0 0 0 0 0 0 0 0 0 0 0 0 0 
1720 1016 0 0 0 0 0 0 0 0 0 0 0 0 0 0 
1736 1016 0 0 0 0 0 0 0 0 0 0 0 0 0 0 
1752 1016 0 0 0 0 0 0 0 0 0 0 0 0 0 0 
1768 1016 0 0 0 0 0 0 0 0 0 0 0 0 0 0 
1784 1016 0 0 0 0 0 0 0 0 0 0 0 0 0 0 
1800 1016 0 0 0 0 0 0 0 0 0 0 0 0 0 0 
1816 1016 0 0 0 0 0 0 0 0 0 0 0 0 0 0 
1832 1016 0 0 0 0 0 0 0 0 0 0 0 0 0 0 
1848 1016 0 0 0 0 0 0 0 0 0 0 0 0 0 0 
1864 1016 0 0 0 0 0 0 0 0 0 0 0 0 0 0 
1880 1016 0 0 0 0 0 0 0 0 0 0 0 0 0 0 
1896 1016 0 0 0 0 0 0 0 0 0 0 0 0 0 0 
1912 1016 0 0 0 0 0 0 0 0 0 0 0 0 0 0 
1928 1016 0 0 0 0 0 0 0 0 0 0 0 0 0 0 
1944 1016 0 0 0 0 0 0 0 0 0 0 0 0 0 0 
1960 1016 0 0 0 0 0 0 0 0 0 0 0 0 0 0 
1976 1016 0 0 0 0 0 0 0 0 0 0 0 0 0 0 
1992 1016 0 0 0 0 0 0 0 0 0 0 0 0 0 0 
2008 1016 0 0 0 0 0 0 0 0 0 0 0 0 0 0 
2024 1016 0 0 0 0 0 0 0 0 0 0 0 0 0 0 
2040 1016 0 0 0 0 0 0 0 0 0 0 0 0 0 0 
2056 1016 0 0 0 0 0 0 0 0 0 0 0 0 0 0 
2072 1016 0 0 0 0 0 0 0 0 0 0 0 0 0 0 
2088 1016 0 0 0 0 0 0 0 0 0 0 0 0 0 0 
2104 1016 0 0 0 0 0 0 0 0 0 0 0 0 0 0 
2120 1016 0 0 0 0 0 0 0 0 0 0 0 0 0 0 
2136 1016 0 0 0 0 0 0 0 0 0 0 0 0 0 0 
2152 1016 0 0 0 0 0 0 0 0 0 0 0 0 0 0 
2168 1016 0 0 0 0 0 0 0 0 0 0 0 0 0 0 
2184 1016 0 0 0 0 0 0 0 0 0 0 0 0 0 0 
2200 1016 0 0 0 0 0 0 0 0 0 0 0 0 0 0 
2216 1016 0 0 0 0 0 0 0 0 0 0 0 0 0 0 
2232 1016 0 0 0 0 0 0 0 0 0 0 0 0 0 0 
2248 1016 0 0 0 0 0 0 0 0 0 0 0 0 0 0 
2264 1016 0 0 0 0 0 0 0 0 0 0 0 0 0 0 
2280 1016 0 0 0 0 0 0 0 0 0 0 0 0 0 0 
2296 1016 0 0 0 0 0 0 0 0 0 0 0 0 0 0 
2312 1016 0 0 0 0 0 0 0 0 0 0 0 0 0 0 
2328 1016 0 0 0 0 0 0 0 0 0 0 0 0 0 0 
2344 1016 0 0 0 0 0 0 0 0 0 0 0 0 0 0 
2360 1016 0 0 0 0 0 0 0 0 0 0 0 0 0 0 
2376 1016 0 0 0 0 0 0 0 0 0 0 0 0 0 0 
2392 1016 0 0 0 0 0 0 0 0 0 0 0 0 0 0 
2408 1016 0 0 0 0 0 0 0 0 0 0 0 0 0 0 
2424 1016 0 0 0 0 0 0 0 0 0 0 0 0 0 0 
2440 1016 0 0 0 0 0 0 0 0 0 0 0 0 0 0 
2456 1016 0 0 0 0 0 0 0 0 0 0 0 0 0 0 
2472 1016 0 0 0 0 0 0 0 0 0 0 0 0 0 0 
2488 1016 0 0 0 0 0 0 0 0 0 0 0 0 0 0 
2504 1016 0 0 0 0 0 0 0 0 0 0 0 0 0 0 
2520 1016 0 0 0 0 0 0 0 0 0 0 0 0 0 0 
2536 1016 0 0 0 0 0 0 0 0 0 0 0 0 0 0 
24 1032 0 0 0 0 0 0 0 0 0 0 0 0 0 0 
40 1032 0 0 0 0 0 0 0 0 0 0 0 0 0 0 
56 1032 0 0 0 0 0 0 0 0 0 0 0 0 0 0 
72 1032 0 0 0 0 0 0 0 0 0 0 0 0 0 0 
88 1032 0 0 0 0 0 0 0 0 0 0 0 0 0 0 
104 1032 0 0 0 0 0 0 0 0 0 0 0 0 0 0 
120 1032 0 0 0 0 0 0 0 0 0 0 0 0 0 0 
136 1032 0 0 0 0 0 0 0 0 0 0 0 0 0 0 
152 1032 0 0 0 0 0 0 0 0 0 0 0 0 0 0 
168 1032 0 0 0 0 0 0 0 0 0 0 0 0 0 0 
184 1032 0 0 0 0 0 0 0 0 0 0 0 0 0 0 
200 1032 0 0 0 0 0 0 0 0 0 0 0 0 0 0 
216 1032 0 0 0 0 0 0 0 0 0 0 0 0 0 0 
232 1032 0 0 0 0 0 0 0 0 0 0 0 0 0 0 
248 1032 0 0 0 0 0 0 0 0 0 0 0 0 0 0 
264 1032 0 0 0 0 0 0 0 0 0 0 0 0 0 0 
280 1032 0 0 0 0 0 0 0 0 0 0 0 0 0 0 
296 1032 0 0 0 0 0 0 0 0 0 0 0 0 0 0 
312 1032 0 0 0 0 0 0 0 0 0 0 0 0 0 0 
328 1032 0 0 0 0 0 0 0 0 0 0 0 0 0 0 
344 1032 0 0 0 0 0 0 0 0 0 0 0 0 0 0 
360 1032 0 0 0 0 0 0 0 0 0 0 0 0 0 0 
376 1032 0 0 0 0 0 0 0 0 0 0 0 0 0 0 
392 1032 0 0 0 0 0 0 0 0 0 0 0 0 0 0 
408 1032 0 0 0 0 0 0 0 0 0 0 0 0 0 0 
424 1032 0 0 0 0 0 0 0 0 0 0 0 0 0 0 
440 1032 0 0 0 0 0 0 0 0 0 0 0 0 0 0 
456 1032 0 0 0 0 0 0 0 0 0 0 0 0 0 0 
472 1032 0 0 0 0 0 0 0 0 0 0 0 0 0 0 
488 1032 0 0 0 0 0 0 0 0 0 0 0 0 0 0 
504 1032 0 0 0 0 0 0 0 0 0 0 0 0 0 0 
520 1032 0 0 0 0 0 0 0 0 0 0 0 0 0 0 
536 1032 0 0 0 0 0 0 0 0 0 0 0 0 0 0 
552 1032 0 0 0 0 0 0 0 0 0 0 0 0 0 0 
568 1032 0 0 0 0 0 0 0 0 0 0 0 0 0 0 
584 1032 0 0 0 0 0 0 0 0 0 0 0 0 0 0 
600 1032 0 0 0 0 0 0 0 0 0 0 0 0 0 0 
616 1032 0 0 0 0 0 0 0 0 0 0 0 0 0 0 
632 1032 0 0 0 0 0 0 0 0 0 0 0 0 0 0 
648 1032 0 0 0 0 0 0 0 0 0 0 0 0 0 0 
664 1032 0 0 0 0 0 0 0 0 0 0 0 0 0 0 
680 1032 0 0 0 0 0 0 0 0 0 0 0 0 0 0 
696 1032 0 0 0 0 0 0 0 0 0 0 0 0 0 0 
712 1032 0 0 0 0 0 0 0 0 0 0 0 0 0 0 
728 1032 0 0 0 0 0 0 0 0 0 0 0 0 0 0 
744 1032 0 0 0 0 0 0 0 0 0 0 0 0 0 0 
760 1032 0 0 0 0 0 0 0 0 0 0 0 0 0 0 
776 1032 0 0 0 0 0 0 0 0 0 0 0 0 0 0 
792 1032 0 0 0 0 0 0 0 0 0 0 0 0 0 0 
808 1032 0 0 0 0 0 0 0 0 0 0 0 0 0 0 
824 1032 0 0 0 0 0 0 0 0 0 0 0 0 0 0 
840 1032 0 0 0 0 0 0 0 0 0 0 0 0 0 0 
856 1032 0 0 0 0 0 0 0 0 0 0 0 0 0 0 
872 1032 0 0 0 0 0 0 0 0 0 0 0 0 0 0 
888 1032 0 0 0 0 0 0 0 0 0 0 0 0 0 0 
904 1032 0 0 0 0 0 0 0 0 0 0 0 0 0 0 
920 1032 0 0 0 0 0 0 0 0 0 0 0 0 0 0 
936 1032 0 0 0 0 0 0 0 0 0 0 0 0 0 0 
952 1032 0 0 0 0 0 0 0 0 0 0 0 0 0 0 
968 1032 0 0 0 0 0 0 0 0 0 0 0 0 0 0 
984 1032 0 0 0 0 0 0 0 0 0 0 0 0 0 0 
1000 1032 0 0 0 0 0 0 0 0 0 0 0 0 0 0 
1016 1032 0 0 0 0 0 0 0 0 0 0 0 0 0 0 
1032 1032 0 0 0 0 0 0 0 0 0 0 0 0 0 0 
1048 1032 0 0 0 0 0 0 0 0 0 0 0 0 0 0 
1064 1032 0 0 0 0 0 0 0 0 0 0 0 0 0 0 
1080 1032 0 0 0 0 0 0 0 0 0 0 0 0 0 0 
1096 1032 0 0 0 0 0 0 0 0 0 0 0 0 0 0 
1112 1032 0 0 0 0 0 0 0 0 0 0 0 0 0 0 
1128 1032 0 0 0 0 0 0 0 0 0 0 0 0 0 0 
1144 1032 0 0 0 0 0 0 0 0 0 0 0 0 0 0 
1160 1032 0 0 0 0 0 0 0 0 0 0 0 0 0 0 
1176 1032 0 0 0 0 0 0 0 0 0 0 0 0 0 0 
1192 1032 0 0 0 0 0 0 0 0 0 0 0 0 0 0 
1208 1032 0 0 0 0 0 0 0 0 0 0 0 0 0 0 
1224 1032 0 0 0 0 0 0 0 0 0 0 0 0 0 0 
1240 1032 0 0 0 0 0 0 0 0 0 0 0 0 0 0 
1256 1032 0 0 0 0 0 0 0 0 0 0 0 0 0 0 
1272 1032 0 0 0 0 0 0 0 0 0 0 0 0 0 0 
1288 1032 0 0 0 0 0 0 0 0 0 0 0 0 0 0 
1304 1032 0 0 0 0 0 0 0 0 0 0 0 0 0 0 
1320 1032 0 0 0 0 0 0 0 0 0 0 0 0 0 0 
1336 1032 0 0 0 0 0 0 0 0 0 0 0 0 0 0 
1352 1032 0 0 0 0 0 0 0 0 0 0 0 0 0 0 
1368 1032 0 0 0 0 0 0 0 0 0 0 0 0 0 0 
1384 1032 0 0 0 0 0 0 0 0 0 0 0 0 0 0 
1400 1032 0 0 0 0 0 0 0 0 0 0 0 0 0 0 
1416 1032 0 0 0 0 0 0 0 0 0 0 0 0 0 0 
1432 1032 0 0 0 0 0 0 0 0 0 0 0 0 0 0 
1448 1032 0 0 0 0 0 0 0 0 0 0 0 0 0 0 
1464 1032 0 0 0 0 0 0 0 0 0 0 0 0 0 0 
1480 1032 0 0 0 0 0 0 0 0 0 0 0 0 0 0 
1496 1032 0 0 0 0 0 0 0 0 0 0 0 0 0 0 
1512 1032 0 0 0 0 0 0 0 0 0 0 0 0 0 0 
1528 1032 0 0 0 0 0 0 0 0 0 0 0 0 0 0 
1544 1032 0 0 0 0 0 0 0 0 0 0 0 0 0 0 
1560 1032 0 0 0 0 0 0 0 0 0 0 0 0 0 0 
1576 1032 0 0 0 0 0 0 0 0 0 0 0 0 0 0 
1592 1032 0 0 0 0 0 0 0 0 0 0 0 0 0 0 
1608 1032 0 0 0 0 0 0 0 0 0 0 0 0 0 0 
1624 1032 0 0 0 0 0 0 0 0 0 0 0 0 0 0 
1640 1032 0 0 0 0 0 0 0 0 0 0 0 0 0 0 
1656 1032 0 0 0 0 0 0 0 0 0 0 0 0 0 0 
1672 1032 0 0 0 0 0 0 0 0 0 0 0 0 0 0 
1688 1032 0 0 0 0 0 0 0 0 0 0 0 0 0 0 
1704 1032 0 0 0 0 0 0 0 0 0 0 0 0 0 0 
1720 1032 0 0 0 0 0 0 0 0 0 0 0 0 0 0 
1736 1032 0 0 0 0 0 0 0 0 0 0 0 0 0 0 
1752 1032 0 0 0 0 0 0 0 0 0 0 0 0 0 0 
1768 1032 0 0 0 0 0 0 0 0 0 0 0 0 0 0 
1784 1032 0 0 0 0 0 0 0 0 0 0 0 0 0 0 
1800 1032 0 0 0 0 0 0 0 0 0 0 0 0 0 0 
1816 1032 0 0 0 0 0 0 0 0 0 0 0 0 0 0 
1832 1032 0 0 0 0 0 0 0 0 0 0 0 0 0 0 
1848 1032 0 0 0 0 0 0 0 0 0 0 0 0 0 0 
1864 1032 0 0 0 0 0 0 0 0 0 0 0 0 0 0 
1880 1032 0 0 0 0 0 0 0 0 0 0 0 0 0 0 
1896 1032 0 0 0 0 0 0 0 0 0 0 0 0 0 0 
1912 1032 0 0 0 0 0 0 0 0 0 0 0 0 0 0 
1928 1032 0 0 0 0 0 0 0 0 0 0 0 0 0 0 
1944 1032 0 0 0 0 0 0 0 0 0 0 0 0 0 0 
1960 1032 0 0 0 0 0 0 0 0 0 0 0 0 0 0 
1976 1032 0 0 0 0 0 0 0 0 0 0 0 0 0 0 
1992 1032 0 0 0 0 0 0 0 0 0 0 0 0 0 0 
2008 1032 0 0 0 0 0 0 0 0 0 0 0 0 0 0 
2024 1032 0 0 0 0 0 0 0 0 0 0 0 0 0 0 
2040 1032 0 0 0 0 0 0 0 0 0 0 0 0 0 0 
2056 1032 0 0 0 0 0 0 0 0 0 0 0 0 0 0 
2072 1032 0 0 0 0 0 0 0 0 0 0 0 0 0 0 
2088 1032 0 0 0 0 0 0 0 0 0 0 0 0 0 0 
2104 1032 0 0 0 0 0 0 0 0 0 0 0 0 0 0 
2120 1032 0 0 0 0 0 0 0 0 0 0 0 0 0 0 
2136 1032 0 0 0 0 0 0 0 0 0 0 0 0 0 0 
2152 1032 0 0 0 0 0 0 0 0 0 0 0 0 0 0 
2168 1032 0 0 0 0 0 0 0 0 0 0 0 0 0 0 
2184 1032 0 0 0 0 0 0 0 0 0 0 0 0 0 0 
2200 1032 0 0 0 0 0 0 0 0 0 0 0 0 0 0 
2216 1032 0 0 0 0 0 0 0 0 0 0 0 0 0 0 
2232 1032 0 0 0 0 0 0 0 0 0 0 0 0 0 0 
2248 1032 0 0 0 0 0 0 0 0 0 0 0 0 0 0 
2264 1032 0 0 0 0 0 0 0 0 0 0 0 0 0 0 
2280 1032 0 0 0 0 0 0 0 0 0 0 0 0 0 0 
2296 1032 0 0 0 0 0 0 0 0 0 0 0 0 0 0 
2312 1032 0 0 0 0 0 0 0 0 0 0 0 0 0 0 
2328 1032 0 0 0 0 0 0 0 0 0 0 0 0 0 0 
2344 1032 0 0 0 0 0 0 0 0 0 0 0 0 0 0 
2360 1032 0 0 0 0 0 0 0 0 0 0 0 0 0 0 
2376 1032 0 0 0 0 0 0 0 0 0 0 0 0 0 0 
2392 1032 0 0 0 0 0 0 0 0 0 0 0 0 0 0 
2408 1032 0 0 0 0 0 0 0 0 0 0 0 0 0 0 
2424 1032 0 0 0 0 0 0 0 0 0 0 0 0 0 0 
2440 1032 0 0 0 0 0 0 0 0 0 0 0 0 0 0 
2456 1032 0 0 0 0 0 0 0 0 0 0 0 0 0 0 
2472 1032 0 0 0 0 0 0 0 0 0 0 0 0 0 0 
2488 1032 0 0 0 0 0 0 0 0 0 0 0 0 0 0 
2504 1032 0 0 0 0 0 0 0 0 0 0 0 0 0 0 
2520 1032 0 0 0 0 0 0 0 0 0 0 0 0 0 0 
2536 1032 0 0 0 0 0 0 0 0 0 0 0 0 0 0 
24 1048 0 0 0 0 0 0 0 0 0 0 0 0 0 0 
40 1048 0 0 0 0 0 0 0 0 0 0 0 0 0 0 
56 1048 0 0 0 0 0 0 0 0 0 0 0 0 0 0 
72 1048 0 0 0 0 0 0 0 0 0 0 0 0 0 0 
88 1048 0 0 0 0 0 0 0 0 0 0 0 0 0 0 
104 1048 0 0 0 0 0 0 0 0 0 0 0 0 0 0 
120 1048 0 0 0 0 0 0 0 0 0 0 0 0 0 0 
136 1048 0 0 0 0 0 0 0 0 0 0 0 0 0 0 
152 1048 0 0 0 0 0 0 0 0 0 0 0 0 0 0 
168 1048 0 0 0 0 0 0 0 0 0 0 0 0 0 0 
184 1048 0 0 0 0 0 0 0 0 0 0 0 0 0 0 
200 1048 0 0 0 0 0 0 0 0 0 0 0 0 0 0 
216 1048 0 0 0 0 0 0 0 0 0 0 0 0 0 0 
232 1048 0 0 0 0 0 0 0 0 0 0 0 0 0 0 
248 1048 0 0 0 0 0 0 0 0 0 0 0 0 0 0 
264 1048 0 0 0 0 0 0 0 0 0 0 0 0 0 0 
280 1048 0 0 0 0 0 0 0 0 0 0 0 0 0 0 
296 1048 0 0 0 0 0 0 0 0 0 0 0 0 0 0 
312 1048 0 0 0 0 0 0 0 0 0 0 0 0 0 0 
328 1048 0 0 0 0 0 0 0 0 0 0 0 0 0 0 
344 1048 0 0 0 0 0 0 0 0 0 0 0 0 0 0 
360 1048 0 0 0 0 0 0 0 0 0 0 0 0 0 0 
376 1048 0 0 0 0 0 0 0 0 0 0 0 0 0 0 
392 1048 0 0 0 0 0 0 0 0 0 0 0 0 0 0 
408 1048 0 0 0 0 0 0 0 0 0 0 0 0 0 0 
424 1048 0 0 0 0 0 0 0 0 0 0 0 0 0 0 
440 1048 0 0 0 0 0 0 0 0 0 0 0 0 0 0 
456 1048 0 0 0 0 0 0 0 0 0 0 0 0 0 0 
472 1048 0 0 0 0 0 0 0 0 0 0 0 0 0 0 
488 1048 0 0 0 0 0 0 0 0 0 0 0 0 0 0 
504 1048 0 0 0 0 0 0 0 0 0 0 0 0 0 0 
520 1048 0 0 0 0 0 0 0 0 0 0 0 0 0 0 
536 1048 0 0 0 0 0 0 0 0 0 0 0 0 0 0 
552 1048 0 0 0 0 0 0 0 0 0 0 0 0 0 0 
568 1048 0 0 0 0 0 0 0 0 0 0 0 0 0 0 
584 1048 0 0 0 0 0 0 0 0 0 0 0 0 0 0 
600 1048 0 0 0 0 0 0 0 0 0 0 0 0 0 0 
616 1048 0 0 0 0 0 0 0 0 0 0 0 0 0 0 
632 1048 0 0 0 0 0 0 0 0 0 0 0 0 0 0 
648 1048 0 0 0 0 0 0 0 0 0 0 0 0 0 0 
664 1048 0 0 0 0 0 0 0 0 0 0 0 0 0 0 
680 1048 0 0 0 0 0 0 0 0 0 0 0 0 0 0 
696 1048 0 0 0 0 0 0 0 0 0 0 0 0 0 0 
712 1048 0 0 0 0 0 0 0 0 0 0 0 0 0 0 
728 1048 0 0 0 0 0 0 0 0 0 0 0 0 0 0 
744 1048 0 0 0 0 0 0 0 0 0 0 0 0 0 0 
760 1048 0 0 0 0 0 0 0 0 0 0 0 0 0 0 
776 1048 0 0 0 0 0 0 0 0 0 0 0 0 0 0 
792 1048 0 0 0 0 0 0 0 0 0 0 0 0 0 0 
808 1048 0 0 0 0 0 0 0 0 0 0 0 0 0 0 
824 1048 0 0 0 0 0 0 0 0 0 0 0 0 0 0 
840 1048 0 0 0 0 0 0 0 0 0 0 0 0 0 0 
856 1048 0 0 0 0 0 0 0 0 0 0 0 0 0 0 
872 1048 0 0 0 0 0 0 0 0 0 0 0 0 0 0 
888 1048 0 0 0 0 0 0 0 0 0 0 0 0 0 0 
904 1048 0 0 0 0 0 0 0 0 0 0 0 0 0 0 
920 1048 0 0 0 0 0 0 0 0 0 0 0 0 0 0 
936 1048 0 0 0 0 0 0 0 0 0 0 0 0 0 0 
952 1048 0 0 0 0 0 0 0 0 0 0 0 0 0 0 
968 1048 0 0 0 0 0 0 0 0 0 0 0 0 0 0 
984 1048 0 0 0 0 0 0 0 0 0 0 0 0 0 0 
1000 1048 0 0 0 0 0 0 0 0 0 0 0 0 0 0 
1016 1048 0 0 0 0 0 0 0 0 0 0 0 0 0 0 
1032 1048 0 0 0 0 0 0 0 0 0 0 0 0 0 0 
1048 1048 0 0 0 0 0 0 0 0 0 0 0 0 0 0 
1064 1048 0 0 0 0 0 0 0 0 0 0 0 0 0 0 
1080 1048 0 0 0 0 0 0 0 0 0 0 0 0 0 0 
1096 1048 0 0 0 0 0 0 0 0 0 0 0 0 0 0 
1112 1048 0 0 0 0 0 0 0 0 0 0 0 0 0 0 
1128 1048 0 0 0 0 0 0 0 0 0 0 0 0 0 0 
1144 1048 0 0 0 0 0 0 0 0 0 0 0 0 0 0 
1160 1048 0 0 0 0 0 0 0 0 0 0 0 0 0 0 
1176 1048 0 0 0 0 0 0 0 0 0 0 0 0 0 0 
1192 1048 0 0 0 0 0 0 0 0 0 0 0 0 0 0 
1208 1048 0 0 0 0 0 0 0 0 0 0 0 0 0 0 
1224 1048 0 0 0 0 0 0 0 0 0 0 0 0 0 0 
1240 1048 0 0 0 0 0 0 0 0 0 0 0 0 0 0 
1256 1048 0 0 0 0 0 0 0 0 0 0 0 0 0 0 
1272 1048 0 0 0 0 0 0 0 0 0 0 0 0 0 0 
1288 1048 0 0 0 0 0 0 0 0 0 0 0 0 0 0 
1304 1048 0 0 0 0 0 0 0 0 0 0 0 0 0 0 
1320 1048 0 0 0 0 0 0 0 0 0 0 0 0 0 0 
1336 1048 0 0 0 0 0 0 0 0 0 0 0 0 0 0 
1352 1048 0 0 0 0 0 0 0 0 0 0 0 0 0 0 
1368 1048 0 0 0 0 0 0 0 0 0 0 0 0 0 0 
1384 1048 0 0 0 0 0 0 0 0 0 0 0 0 0 0 
1400 1048 0 0 0 0 0 0 0 0 0 0 0 0 0 0 
1416 1048 0 0 0 0 0 0 0 0 0 0 0 0 0 0 
1432 1048 0 0 0 0 0 0 0 0 0 0 0 0 0 0 
1448 1048 0 0 0 0 0 0 0 0 0 0 0 0 0 0 
1464 1048 0 0 0 0 0 0 0 0 0 0 0 0 0 0 
1480 1048 0 0 0 0 0 0 0 0 0 0 0 0 0 0 
1496 1048 0 0 0 0 0 0 0 0 0 0 0 0 0 0 
1512 1048 0 0 0 0 0 0 0 0 0 0 0 0 0 0 
1528 1048 0 0 0 0 0 0 0 0 0 0 0 0 0 0 
1544 1048 0 0 0 0 0 0 0 0 0 0 0 0 0 0 
1560 1048 0 0 0 0 0 0 0 0 0 0 0 0 0 0 
1576 1048 0 0 0 0 0 0 0 0 0 0 0 0 0 0 
1592 1048 0 0 0 0 0 0 0 0 0 0 0 0 0 0 
1608 1048 0 0 0 0 0 0 0 0 0 0 0 0 0 0 
1624 1048 0 0 0 0 0 0 0 0 0 0 0 0 0 0 
1640 1048 0 0 0 0 0 0 0 0 0 0 0 0 0 0 
1656 1048 0 0 0 0 0 0 0 0 0 0 0 0 0 0 
1672 1048 0 0 0 0 0 0 0 0 0 0 0 0 0 0 
1688 1048 0 0 0 0 0 0 0 0 0 0 0 0 0 0 
1704 1048 0 0 0 0 0 0 0 0 0 0 0 0 0 0 
1720 1048 0 0 0 0 0 0 0 0 0 0 0 0 0 0 
1736 1048 0 0 0 0 0 0 0 0 0 0 0 0 0 0 
1752 1048 0 0 0 0 0 0 0 0 0 0 0 0 0 0 
1768 1048 0 0 0 0 0 0 0 0 0 0 0 0 0 0 
1784 1048 0 0 0 0 0 0 0 0 0 0 0 0 0 0 
1800 1048 0 0 0 0 0 0 0 0 0 0 0 0 0 0 
1816 1048 0 0 0 0 0 0 0 0 0 0 0 0 0 0 
1832 1048 0 0 0 0 0 0 0 0 0 0 0 0 0 0 
1848 1048 0 0 0 0 0 0 0 0 0 0 0 0 0 0 
1864 1048 0 0 0 0 0 0 0 0 0 0 0 0 0 0 
1880 1048 0 0 0 0 0 0 0 0 0 0 0 0 0 0 
1896 1048 0 0 0 0 0 0 0 0 0 0 0 0 0 0 
1912 1048 0 0 0 0 0 0 0 0 0 0 0 0 0 0 
1928 1048 0 0 0 0 0 0 0 0 0 0 0 0 0 0 
1944 1048 0 0 0 0 0 0 0 0 0 0 0 0 0 0 
1960 1048 0 0 0 0 0 0 0 0 0 0 0 0 0 0 
1976 1048 0 0 0 0 0 0 0 0 0 0 0 0 0 0 
1992 1048 0 0 0 0 0 0 0 0 0 0 0 0 0 0 
2008 1048 0 0 0 0 0 0 0 0 0 0 0 0 0 0 
2024 1048 0 0 0 0 0 0 0 0 0 0 0 0 0 0 
2040 1048 0 0 0 0 0 0 0 0 0 0 0 0 0 0 
2056 1048 0 0 0 0 0 0 0 0 0 0 0 0 0 0 
2072 1048 0 0 0 0 0 0 0 0 0 0 0 0 0 0 
2088 1048 0 0 0 0 0 0 0 0 0 0 0 0 0 0 
2104 1048 0 0 0 0 0 0 0 0 0 0 0 0 0 0 
2120 1048 0 0 0 0 0 0 0 0 0 0 0 0 0 0 
2136 1048 0 0 0 0 0 0 0 0 0 0 0 0 0 0 
2152 1048 0 0 0 0 0 0 0 0 0 0 0 0 0 0 
2168 1048 0 0 0 0 0 0 0 0 0 0 0 0 0 0 
2184 1048 0 0 0 0 0 0 0 0 0 0 0 0 0 0 
2200 1048 0 0 0 0 0 0 0 0 0 0 0 0 0 0 
2216 1048 0 0 0 0 0 0 0 0 0 0 0 0 0 0 
2232 1048 0 0 0 0 0 0 0 0 0 0 0 0 0 0 
2248 1048 0 0 0 0 0 0 0 0 0 0 0 0 0 0 
2264 1048 0 0 0 0 0 0 0 0 0 0 0 0 0 0 
2280 1048 0 0 0 0 0 0 0 0 0 0 0 0 0 0 
2296 1048 0 0 0 0 0 0 0 0 0 0 0 0 0 0 
2312 1048 0 0 0 0 0 0 0 0 0 0 0 0 0 0 
2328 1048 0 0 0 0 0 0 0 0 0 0 0 0 0 0 
2344 1048 0 0 0 0 0 0 0 0 0 0 0 0 0 0 
2360 1048 0 0 0 0 0 0 0 0 0 0 0 0 0 0 
2376 1048 0 0 0 0 0 0 0 0 0 0 0 0 0 0 
2392 1048 0 0 0 0 0 0 0 0 0 0 0 0 0 0 
2408 1048 0 0 0 0 0 0 0 0 0 0 0 0 0 0 
2424 1048 0 0 0 0 0 0 0 0 0 0 0 0 0 0 
2440 1048 0 0 0 0 0 0 0 0 0 0 0 0 0 0 
2456 1048 0 0 0 0 0 0 0 0 0 0 0 0 0 0 
2472 1048 0 0 0 0 0 0 0 0 0 0 0 0 0 0 
2488 1048 0 0 0 0 0 0 0 0 0 0 0 0 0 0 
2504 1048 0 0 0 0 0 0 0 0 0 0 0 0 0 0 
2520 1048 0 0 0 0 0 0 0 0 0 0 0 0 0 0 
2536 1048 0 0 0 0 0 0 0 0 0 0 0 0 0 0 
24 1064 0 0 0 0 0 0 0 0 0 0 0 0 0 0 
40 1064 0 0 0 0 0 0 0 0 0 0 0 0 0 0 
56 1064 0 0 0 0 0 0 0 0 0 0 0 0 0 0 
72 1064 0 0 0 0 0 0 0 0 0 0 0 0 0 0 
88 1064 0 0 0 0 0 0 0 0 0 0 0 0 0 0 
104 1064 0 0 0 0 0 0 0 0 0 0 0 0 0 0 
120 1064 0 0 0 0 0 0 0 0 0 0 0 0 0 0 
136 1064 0 0 0 0 0 0 0 0 0 0 0 0 0 0 
152 1064 0 0 0 0 0 0 0 0 0 0 0 0 0 0 
168 1064 0 0 0 0 0 0 0 0 0 0 0 0 0 0 
184 1064 0 0 0 0 0 0 0 0 0 0 0 0 0 0 
200 1064 0 0 0 0 0 0 0 0 0 0 0 0 0 0 
216 1064 0 0 0 0 0 0 0 0 0 0 0 0 0 0 
232 1064 0 0 0 0 0 0 0 0 0 0 0 0 0 0 
248 1064 0 0 0 0 0 0 0 0 0 0 0 0 0 0 
264 1064 0 0 0 0 0 0 0 0 0 0 0 0 0 0 
280 1064 0 0 0 0 0 0 0 0 0 0 0 0 0 0 
296 1064 0 0 0 0 0 0 0 0 0 0 0 0 0 0 
312 1064 0 0 0 0 0 0 0 0 0 0 0 0 0 0 
328 1064 0 0 0 0 0 0 0 0 0 0 0 0 0 0 
344 1064 0 0 0 0 0 0 0 0 0 0 0 0 0 0 
360 1064 0 0 0 0 0 0 0 0 0 0 0 0 0 0 
376 1064 0 0 0 0 0 0 0 0 0 0 0 0 0 0 
392 1064 0 0 0 0 0 0 0 0 0 0 0 0 0 0 
408 1064 0 0 0 0 0 0 0 0 0 0 0 0 0 0 
424 1064 0 0 0 0 0 0 0 0 0 0 0 0 0 0 
440 1064 0 0 0 0 0 0 0 0 0 0 0 0 0 0 
456 1064 0 0 0 0 0 0 0 0 0 0 0 0 0 0 
472 1064 0 0 0 0 0 0 0 0 0 0 0 0 0 0 
488 1064 0 0 0 0 0 0 0 0 0 0 0 0 0 0 
504 1064 0 0 0 0 0 0 0 0 0 0 0 0 0 0 
520 1064 0 0 0 0 0 0 0 0 0 0 0 0 0 0 
536 1064 0 0 0 0 0 0 0 0 0 0 0 0 0 0 
552 1064 0 0 0 0 0 0 0 0 0 0 0 0 0 0 
568 1064 0 0 0 0 0 0 0 0 0 0 0 0 0 0 
584 1064 0 0 0 0 0 0 0 0 0 0 0 0 0 0 
600 1064 0 0 0 0 0 0 0 0 0 0 0 0 0 0 
616 1064 0 0 0 0 0 0 0 0 0 0 0 0 0 0 
632 1064 0 0 0 0 0 0 0 0 0 0 0 0 0 0 
648 1064 0 0 0 0 0 0 0 0 0 0 0 0 0 0 
664 1064 0 0 0 0 0 0 0 0 0 0 0 0 0 0 
680 1064 0 0 0 0 0 0 0 0 0 0 0 0 0 0 
696 1064 0 0 0 0 0 0 0 0 0 0 0 0 0 0 
712 1064 0 0 0 0 0 0 0 0 0 0 0 0 0 0 
728 1064 0 0 0 0 0 0 0 0 0 0 0 0 0 0 
744 1064 0 0 0 0 0 0 0 0 0 0 0 0 0 0 
760 1064 0 0 0 0 0 0 0 0 0 0 0 0 0 0 
776 1064 0 0 0 0 0 0 0 0 0 0 0 0 0 0 
792 1064 0 0 0 0 0 0 0 0 0 0 0 0 0 0 
808 1064 0 0 0 0 0 0 0 0 0 0 0 0 0 0 
824 1064 0 0 0 0 0 0 0 0 0 0 0 0 0 0 
840 1064 0 0 0 0 0 0 0 0 0 0 0 0 0 0 
856 1064 0 0 0 0 0 0 0 0 0 0 0 0 0 0 
872 1064 0 0 0 0 0 0 0 0 0 0 0 0 0 0 
888 1064 0 0 0 0 0 0 0 0 0 0 0 0 0 0 
904 1064 0 0 0 0 0 0 0 0 0 0 0 0 0 0 
920 1064 0 0 0 0 0 0 0 0 0 0 0 0 0 0 
936 1064 0 0 0 0 0 0 0 0 0 0 0 0 0 0 
952 1064 0 0 0 0 0 0 0 0 0 0 0 0 0 0 
968 1064 0 0 0 0 0 0 0 0 0 0 0 0 0 0 
984 1064 0 0 0 0 0 0 0 0 0 0 0 0 0 0 
1000 1064 0 0 0 0 0 0 0 0 0 0 0 0 0 0 
1016 1064 0 0 0 0 0 0 0 0 0 0 0 0 0 0 
1032 1064 0 0 0 0 0 0 0 0 0 0 0 0 0 0 
1048 1064 0 0 0 0 0 0 0 0 0 0 0 0 0 0 
1064 1064 0 0 0 0 0 0 0 0 0 0 0 0 0 0 
1080 1064 0 0 0 0 0 0 0 0 0 0 0 0 0 0 
1096 1064 0 0 0 0 0 0 0 0 0 0 0 0 0 0 
1112 1064 0 0 0 0 0 0 0 0 0 0 0 0 0 0 
1128 1064 0 0 0 0 0 0 0 0 0 0 0 0 0 0 
1144 1064 0 0 0 0 0 0 0 0 0 0 0 0 0 0 
1160 1064 0 0 0 0 0 0 0 0 0 0 0 0 0 0 
1176 1064 0 0 0 0 0 0 0 0 0 0 0 0 0 0 
1192 1064 0 0 0 0 0 0 0 0 0 0 0 0 0 0 
1208 1064 0 0 0 0 0 0 0 0 0 0 0 0 0 0 
1224 1064 0 0 0 0 0 0 0 0 0 0 0 0 0 0 
1240 1064 0 0 0 0 0 0 0 0 0 0 0 0 0 0 
1256 1064 0 0 0 0 0 0 0 0 0 0 0 0 0 0 
1272 1064 0 0 0 0 0 0 0 0 0 0 0 0 0 0 
1288 1064 0 0 0 0 0 0 0 0 0 0 0 0 0 0 
1304 1064 0 0 0 0 0 0 0 0 0 0 0 0 0 0 
1320 1064 0 0 0 0 0 0 0 0 0 0 0 0 0 0 
1336 1064 0 0 0 0 0 0 0 0 0 0 0 0 0 0 
1352 1064 0 0 0 0 0 0 0 0 0 0 0 0 0 0 
1368 1064 0 0 0 0 0 0 0 0 0 0 0 0 0 0 
1384 1064 0 0 0 0 0 0 0 0 0 0 0 0 0 0 
1400 1064 0 0 0 0 0 0 0 0 0 0 0 0 0 0 
1416 1064 0 0 0 0 0 0 0 0 0 0 0 0 0 0 
1432 1064 0 0 0 0 0 0 0 0 0 0 0 0 0 0 
1448 1064 0 0 0 0 0 0 0 0 0 0 0 0 0 0 
1464 1064 0 0 0 0 0 0 0 0 0 0 0 0 0 0 
1480 1064 0 0 0 0 0 0 0 0 0 0 0 0 0 0 
1496 1064 0 0 0 0 0 0 0 0 0 0 0 0 0 0 
1512 1064 0 0 0 0 0 0 0 0 0 0 0 0 0 0 
1528 1064 0 0 0 0 0 0 0 0 0 0 0 0 0 0 
1544 1064 0 0 0 0 0 0 0 0 0 0 0 0 0 0 
1560 1064 0 0 0 0 0 0 0 0 0 0 0 0 0 0 
1576 1064 0 0 0 0 0 0 0 0 0 0 0 0 0 0 
1592 1064 0 0 0 0 0 0 0 0 0 0 0 0 0 0 
1608 1064 0 0 0 0 0 0 0 0 0 0 0 0 0 0 
1624 1064 0 0 0 0 0 0 0 0 0 0 0 0 0 0 
1640 1064 0 0 0 0 0 0 0 0 0 0 0 0 0 0 
1656 1064 0 0 0 0 0 0 0 0 0 0 0 0 0 0 
1672 1064 0 0 0 0 0 0 0 0 0 0 0 0 0 0 
1688 1064 0 0 0 0 0 0 0 0 0 0 0 0 0 0 
1704 1064 0 0 0 0 0 0 0 0 0 0 0 0 0 0 
1720 1064 0 0 0 0 0 0 0 0 0 0 0 0 0 0 
1736 1064 0 0 0 0 0 0 0 0 0 0 0 0 0 0 
1752 1064 0 0 0 0 0 0 0 0 0 0 0 0 0 0 
1768 1064 0 0 0 0 0 0 0 0 0 0 0 0 0 0 
1784 1064 0 0 0 0 0 0 0 0 0 0 0 0 0 0 
1800 1064 0 0 0 0 0 0 0 0 0 0 0 0 0 0 
1816 1064 0 0 0 0 0 0 0 0 0 0 0 0 0 0 
1832 1064 0 0 0 0 0 0 0 0 0 0 0 0 0 0 
1848 1064 0 0 0 0 0 0 0 0 0 0 0 0 0 0 
1864 1064 0 0 0 0 0 0 0 0 0 0 0 0 0 0 
1880 1064 0 0 0 0 0 0 0 0 0 0 0 0 0 0 
1896 1064 0 0 0 0 0 0 0 0 0 0 0 0 0 0 
1912 1064 0 0 0 0 0 0 0 0 0 0 0 0 0 0 
1928 1064 0 0 0 0 0 0 0 0 0 0 0 0 0 0 
1944 1064 0 0 0 0 0 0 0 0 0 0 0 0 0 0 
1960 1064 0 0 0 0 0 0 0 0 0 0 0 0 0 0 
1976 1064 0 0 0 0 0 0 0 0 0 0 0 0 0 0 
1992 1064 0 0 0 0 0 0 0 0 0 0 0 0 0 0 
2008 1064 0 0 0 0 0 0 0 0 0 0 0 0 0 0 
2024 1064 0 0 0 0 0 0 0 0 0 0 0 0 0 0 
2040 1064 0 0 0 0 0 0 0 0 0 0 0 0 0 0 
2056 1064 0 0 0 0 0 0 0 0 0 0 0 0 0 0 
2072 1064 0 0 0 0 0 0 0 0 0 0 0 0 0 0 
2088 1064 0 0 0 0 0 0 0 0 0 0 0 0 0 0 
2104 1064 0 0 0 0 0 0 0 0 0 0 0 0 0 0 
2120 1064 0 0 0 0 0 0 0 0 0 0 0 0 0 0 
2136 1064 0 0 0 0 0 0 0 0 0 0 0 0 0 0 
2152 1064 0 0 0 0 0 0 0 0 0 0 0 0 0 0 
2168 1064 0 0 0 0 0 0 0 0 0 0 0 0 0 0 
2184 1064 0 0 0 0 0 0 0 0 0 0 0 0 0 0 
2200 1064 0 0 0 0 0 0 0 0 0 0 0 0 0 0 
2216 1064 0 0 0 0 0 0 0 0 0 0 0 0 0 0 
2232 1064 0 0 0 0 0 0 0 0 0 0 0 0 0 0 
2248 1064 0 0 0 0 0 0 0 0 0 0 0 0 0 0 
2264 1064 0 0 0 0 0 0 0 0 0 0 0 0 0 0 
2280 1064 0 0 0 0 0 0 0 0 0 0 0 0 0 0 
2296 1064 0 0 0 0 0 0 0 0 0 0 0 0 0 0 
2312 1064 0 0 0 0 0 0 0 0 0 0 0 0 0 0 
2328 1064 0 0 0 0 0 0 0 0 0 0 0 0 0 0 
2344 1064 0 0 0 0 0 0 0 0 0 0 0 0 0 0 
2360 1064 0 0 0 0 0 0 0 0 0 0 0 0 0 0 
2376 1064 0 0 0 0 0 0 0 0 0 0 0 0 0 0 
2392 1064 0 0 0 0 0 0 0 0 0 0 0 0 0 0 
2408 1064 0 0 0 0 0 0 0 0 0 0 0 0 0 0 
2424 1064 0 0 0 0 0 0 0 0 0 0 0 0 0 0 
2440 1064 0 0 0 0 0 0 0 0 0 0 0 0 0 0 
2456 1064 0 0 0 0 0 0 0 0 0 0 0 0 0 0 
2472 1064 0 0 0 0 0 0 0 0 0 0 0 0 0 0 
2488 1064 0 0 0 0 0 0 0 0 0 0 0 0 0 0 
2504 1064 0 0 0 0 0 0 0 0 0 0 0 0 0 0 
2520 1064 0 0 0 0 0 0 0 0 0 0 0 0 0 0 
2536 1064 0 0 0 0 0 0 0 0 0 0 0 0 0 0 
24 1080 0 0 0 0 0 0 0 0 0 0 0 0 0 0 
40 1080 0 0 0 0 0 0 0 0 0 0 0 0 0 0 
56 1080 0 0 0 0 0 0 0 0 0 0 0 0 0 0 
72 1080 0 0 0 0 0 0 0 0 0 0 0 0 0 0 
88 1080 0 0 0 0 0 0 0 0 0 0 0 0 0 0 
104 1080 0 0 0 0 0 0 0 0 0 0 0 0 0 0 
120 1080 0 0 0 0 0 0 0 0 0 0 0 0 0 0 
136 1080 0 0 0 0 0 0 0 0 0 0 0 0 0 0 
152 1080 0 0 0 0 0 0 0 0 0 0 0 0 0 0 
168 1080 0 0 0 0 0 0 0 0 0 0 0 0 0 0 
184 1080 0 0 0 0 0 0 0 0 0 0 0 0 0 0 
200 1080 0 0 0 0 0 0 0 0 0 0 0 0 0 0 
216 1080 0 0 0 0 0 0 0 0 0 0 0 0 0 0 
232 1080 0 0 0 0 0 0 0 0 0 0 0 0 0 0 
248 1080 0 0 0 0 0 0 0 0 0 0 0 0 0 0 
264 1080 0 0 0 0 0 0 0 0 0 0 0 0 0 0 
280 1080 0 0 0 0 0 0 0 0 0 0 0 0 0 0 
296 1080 0 0 0 0 0 0 0 0 0 0 0 0 0 0 
312 1080 0 0 0 0 0 0 0 0 0 0 0 0 0 0 
328 1080 0 0 0 0 0 0 0 0 0 0 0 0 0 0 
344 1080 0 0 0 0 0 0 0 0 0 0 0 0 0 0 
360 1080 0 0 0 0 0 0 0 0 0 0 0 0 0 0 
376 1080 0 0 0 0 0 0 0 0 0 0 0 0 0 0 
392 1080 0 0 0 0 0 0 0 0 0 0 0 0 0 0 
408 1080 0 0 0 0 0 0 0 0 0 0 0 0 0 0 
424 1080 0 0 0 0 0 0 0 0 0 0 0 0 0 0 
440 1080 0 0 0 0 0 0 0 0 0 0 0 0 0 0 
456 1080 0 0 0 0 0 0 0 0 0 0 0 0 0 0 
472 1080 0 0 0 0 0 0 0 0 0 0 0 0 0 0 
488 1080 0 0 0 0 0 0 0 0 0 0 0 0 0 0 
504 1080 0 0 0 0 0 0 0 0 0 0 0 0 0 0 
520 1080 0 0 0 0 0 0 0 0 0 0 0 0 0 0 
536 1080 0 0 0 0 0 0 0 0 0 0 0 0 0 0 
552 1080 0 0 0 0 0 0 0 0 0 0 0 0 0 0 
568 1080 0 0 0 0 0 0 0 0 0 0 0 0 0 0 
584 1080 0 0 0 0 0 0 0 0 0 0 0 0 0 0 
600 1080 0 0 0 0 0 0 0 0 0 0 0 0 0 0 
616 1080 0 0 0 0 0 0 0 0 0 0 0 0 0 0 
632 1080 0 0 0 0 0 0 0 0 0 0 0 0 0 0 
648 1080 0 0 0 0 0 0 0 0 0 0 0 0 0 0 
664 1080 0 0 0 0 0 0 0 0 0 0 0 0 0 0 
680 1080 0 0 0 0 0 0 0 0 0 0 0 0 0 0 
696 1080 0 0 0 0 0 0 0 0 0 0 0 0 0 0 
712 1080 0 0 0 0 0 0 0 0 0 0 0 0 0 0 
728 1080 0 0 0 0 0 0 0 0 0 0 0 0 0 0 
744 1080 0 0 0 0 0 0 0 0 0 0 0 0 0 0 
760 1080 0 0 0 0 0 0 0 0 0 0 0 0 0 0 
776 1080 0 0 0 0 0 0 0 0 0 0 0 0 0 0 
792 1080 0 0 0 0 0 0 0 0 0 0 0 0 0 0 
808 1080 0 0 0 0 0 0 0 0 0 0 0 0 0 0 
824 1080 0 0 0 0 0 0 0 0 0 0 0 0 0 0 
840 1080 0 0 0 0 0 0 0 0 0 0 0 0 0 0 
856 1080 0 0 0 0 0 0 0 0 0 0 0 0 0 0 
872 1080 0 0 0 0 0 0 0 0 0 0 0 0 0 0 
888 1080 0 0 0 0 0 0 0 0 0 0 0 0 0 0 
904 1080 0 0 0 0 0 0 0 0 0 0 0 0 0 0 
920 1080 0 0 0 0 0 0 0 0 0 0 0 0 0 0 
936 1080 0 0 0 0 0 0 0 0 0 0 0 0 0 0 
952 1080 0 0 0 0 0 0 0 0 0 0 0 0 0 0 
968 1080 0 0 0 0 0 0 0 0 0 0 0 0 0 0 
984 1080 0 0 0 0 0 0 0 0 0 0 0 0 0 0 
1000 1080 0 0 0 0 0 0 0 0 0 0 0 0 0 0 
1016 1080 0 0 0 0 0 0 0 0 0 0 0 0 0 0 
1032 1080 0 0 0 0 0 0 0 0 0 0 0 0 0 0 
1048 1080 0 0 0 0 0 0 0 0 0 0 0 0 0 0 
1064 1080 0 0 0 0 0 0 0 0 0 0 0 0 0 0 
1080 1080 0 0 0 0 0 0 0 0 0 0 0 0 0 0 
1096 1080 0 0 0 0 0 0 0 0 0 0 0 0 0 0 
1112 1080 0 0 0 0 0 0 0 0 0 0 0 0 0 0 
1128 1080 0 0 0 0 0 0 0 0 0 0 0 0 0 0 
1144 1080 0 0 0 0 0 0 0 0 0 0 0 0 0 0 
1160 1080 0 0 0 0 0 0 0 0 0 0 0 0 0 0 
1176 1080 0 0 0 0 0 0 0 0 0 0 0 0 0 0 
1192 1080 0 0 0 0 0 0 0 0 0 0 0 0 0 0 
1208 1080 0 0 0 0 0 0 0 0 0 0 0 0 0 0 
1224 1080 0 0 0 0 0 0 0 0 0 0 0 0 0 0 
1240 1080 0 0 0 0 0 0 0 0 0 0 0 0 0 0 
1256 1080 0 0 0 0 0 0 0 0 0 0 0 0 0 0 
1272 1080 0 0 0 0 0 0 0 0 0 0 0 0 0 0 
1288 1080 0 0 0 0 0 0 0 0 0 0 0 0 0 0 
1304 1080 0 0 0 0 0 0 0 0 0 0 0 0 0 0 
1320 1080 0 0 0 0 0 0 0 0 0 0 0 0 0 0 
1336 1080 0 0 0 0 0 0 0 0 0 0 0 0 0 0 
1352 1080 0 0 0 0 0 0 0 0 0 0 0 0 0 0 
1368 1080 0 0 0 0 0 0 0 0 0 0 0 0 0 0 
1384 1080 0 0 0 0 0 0 0 0 0 0 0 0 0 0 
1400 1080 0 0 0 0 0 0 0 0 0 0 0 0 0 0 
1416 1080 0 0 0 0 0 0 0 0 0 0 0 0 0 0 
1432 1080 0 0 0 0 0 0 0 0 0 0 0 0 0 0 
1448 1080 0 0 0 0 0 0 0 0 0 0 0 0 0 0 
1464 1080 0 0 0 0 0 0 0 0 0 0 0 0 0 0 
1480 1080 0 0 0 0 0 0 0 0 0 0 0 0 0 0 
1496 1080 0 0 0 0 0 0 0 0 0 0 0 0 0 0 
1512 1080 0 0 0 0 0 0 0 0 0 0 0 0 0 0 
1528 1080 0 0 0 0 0 0 0 0 0 0 0 0 0 0 
1544 1080 0 0 0 0 0 0 0 0 0 0 0 0 0 0 
1560 1080 0 0 0 0 0 0 0 0 0 0 0 0 0 0 
1576 1080 0 0 0 0 0 0 0 0 0 0 0 0 0 0 
1592 1080 0 0 0 0 0 0 0 0 0 0 0 0 0 0 
1608 1080 0 0 0 0 0 0 0 0 0 0 0 0 0 0 
1624 1080 0 0 0 0 0 0 0 0 0 0 0 0 0 0 
1640 1080 0 0 0 0 0 0 0 0 0 0 0 0 0 0 
1656 1080 0 0 0 0 0 0 0 0 0 0 0 0 0 0 
1672 1080 0 0 0 0 0 0 0 0 0 0 0 0 0 0 
1688 1080 0 0 0 0 0 0 0 0 0 0 0 0 0 0 
1704 1080 0 0 0 0 0 0 0 0 0 0 0 0 0 0 
1720 1080 0 0 0 0 0 0 0 0 0 0 0 0 0 0 
1736 1080 0 0 0 0 0 0 0 0 0 0 0 0 0 0 
1752 1080 0 0 0 0 0 0 0 0 0 0 0 0 0 0 
1768 1080 0 0 0 0 0 0 0 0 0 0 0 0 0 0 
1784 1080 0 0 0 0 0 0 0 0 0 0 0 0 0 0 
1800 1080 0 0 0 0 0 0 0 0 0 0 0 0 0 0 
1816 1080 0 0 0 0 0 0 0 0 0 0 0 0 0 0 
1832 1080 0 0 0 0 0 0 0 0 0 0 0 0 0 0 
1848 1080 0 0 0 0 0 0 0 0 0 0 0 0 0 0 
1864 1080 0 0 0 0 0 0 0 0 0 0 0 0 0 0 
1880 1080 0 0 0 0 0 0 0 0 0 0 0 0 0 0 
1896 1080 0 0 0 0 0 0 0 0 0 0 0 0 0 0 
1912 1080 0 0 0 0 0 0 0 0 0 0 0 0 0 0 
1928 1080 0 0 0 0 0 0 0 0 0 0 0 0 0 0 
1944 1080 0 0 0 0 0 0 0 0 0 0 0 0 0 0 
1960 1080 0 0 0 0 0 0 0 0 0 0 0 0 0 0 
1976 1080 0 0 0 0 0 0 0 0 0 0 0 0 0 0 
1992 1080 0 0 0 0 0 0 0 0 0 0 0 0 0 0 
2008 1080 0 0 0 0 0 0 0 0 0 0 0 0 0 0 
2024 1080 0 0 0 0 0 0 0 0 0 0 0 0 0 0 
2040 1080 0 0 0 0 0 0 0 0 0 0 0 0 0 0 
2056 1080 0 0 0 0 0 0 0 0 0 0 0 0 0 0 
2072 1080 0 0 0 0 0 0 0 0 0 0 0 0 0 0 
2088 1080 0 0 0 0 0 0 0 0 0 0 0 0 0 0 
2104 1080 0 0 0 0 0 0 0 0 0 0 0 0 0 0 
2120 1080 0 0 0 0 0 0 0 0 0 0 0 0 0 0 
2136 1080 0 0 0 0 0 0 0 0 0 0 0 0 0 0 
2152 1080 0 0 0 0 0 0 0 0 0 0 0 0 0 0 
2168 1080 0 0 0 0 0 0 0 0 0 0 0 0 0 0 
2184 1080 0 0 0 0 0 0 0 0 0 0 0 0 0 0 
2200 1080 0 0 0 0 0 0 0 0 0 0 0 0 0 0 
2216 1080 0 0 0 0 0 0 0 0 0 0 0 0 0 0 
2232 1080 0 0 0 0 0 0 0 0 0 0 0 0 0 0 
2248 1080 0 0 0 0 0 0 0 0 0 0 0 0 0 0 
2264 1080 0 0 0 0 0 0 0 0 0 0 0 0 0 0 
2280 1080 0 0 0 0 0 0 0 0 0 0 0 0 0 0 
2296 1080 0 0 0 0 0 0 0 0 0 0 0 0 0 0 
2312 1080 0 0 0 0 0 0 0 0 0 0 0 0 0 0 
2328 1080 0 0 0 0 0 0 0 0 0 0 0 0 0 0 
2344 1080 0 0 0 0 0 0 0 0 0 0 0 0 0 0 
2360 1080 0 0 0 0 0 0 0 0 0 0 0 0 0 0 
2376 1080 0 0 0 0 0 0 0 0 0 0 0 0 0 0 
2392 1080 0 0 0 0 0 0 0 0 0 0 0 0 0 0 
2408 1080 0 0 0 0 0 0 0 0 0 0 0 0 0 0 
2424 1080 0 0 0 0 0 0 0 0 0 0 0 0 0 0 
2440 1080 0 0 0 0 0 0 0 0 0 0 0 0 0 0 
2456 1080 0 0 0 0 0 0 0 0 0 0 0 0 0 0 
2472 1080 0 0 0 0 0 0 0 0 0 0 0 0 0 0 
2488 1080 0 0 0 0 0 0 0 0 0 0 0 0 0 0 
2504 1080 0 0 0 0 0 0 0 0 0 0 0 0 0 0 
2520 1080 0 0 0 0 0 0 0 0 0 0 0 0 0 0 
2536 1080 0 0 0 0 0 0 0 0 0 0 0 0 0 0 
24 1096 0 0 0 0 0 0 0 0 0 0 0 0 0 0 
40 1096 0 0 0 0 0 0 0 0 0 0 0 0 0 0 
56 1096 0 0 0 0 0 0 0 0 0 0 0 0 0 0 
72 1096 0 0 0 0 0 0 0 0 0 0 0 0 0 0 
88 1096 0 0 0 0 0 0 0 0 0 0 0 0 0 0 
104 1096 0 0 0 0 0 0 0 0 0 0 0 0 0 0 
120 1096 0 0 0 0 0 0 0 0 0 0 0 0 0 0 
136 1096 0 0 0 0 0 0 0 0 0 0 0 0 0 0 
152 1096 0 0 0 0 0 0 0 0 0 0 0 0 0 0 
168 1096 0 0 0 0 0 0 0 0 0 0 0 0 0 0 
184 1096 0 0 0 0 0 0 0 0 0 0 0 0 0 0 
200 1096 0 0 0 0 0 0 0 0 0 0 0 0 0 0 
216 1096 0 0 0 0 0 0 0 0 0 0 0 0 0 0 
232 1096 0 0 0 0 0 0 0 0 0 0 0 0 0 0 
248 1096 0 0 0 0 0 0 0 0 0 0 0 0 0 0 
264 1096 0 0 0 0 0 0 0 0 0 0 0 0 0 0 
280 1096 0 0 0 0 0 0 0 0 0 0 0 0 0 0 
296 1096 0 0 0 0 0 0 0 0 0 0 0 0 0 0 
312 1096 0 0 0 0 0 0 0 0 0 0 0 0 0 0 
328 1096 0 0 0 0 0 0 0 0 0 0 0 0 0 0 
344 1096 0 0 0 0 0 0 0 0 0 0 0 0 0 0 
360 1096 0 0 0 0 0 0 0 0 0 0 0 0 0 0 
376 1096 0 0 0 0 0 0 0 0 0 0 0 0 0 0 
392 1096 0 0 0 0 0 0 0 0 0 0 0 0 0 0 
408 1096 0 0 0 0 0 0 0 0 0 0 0 0 0 0 
424 1096 0 0 0 0 0 0 0 0 0 0 0 0 0 0 
440 1096 0 0 0 0 0 0 0 0 0 0 0 0 0 0 
456 1096 0 0 0 0 0 0 0 0 0 0 0 0 0 0 
472 1096 0 0 0 0 0 0 0 0 0 0 0 0 0 0 
488 1096 0 0 0 0 0 0 0 0 0 0 0 0 0 0 
504 1096 0 0 0 0 0 0 0 0 0 0 0 0 0 0 
520 1096 0 0 0 0 0 0 0 0 0 0 0 0 0 0 
536 1096 0 0 0 0 0 0 0 0 0 0 0 0 0 0 
552 1096 0 0 0 0 0 0 0 0 0 0 0 0 0 0 
568 1096 0 0 0 0 0 0 0 0 0 0 0 0 0 0 
584 1096 0 0 0 0 0 0 0 0 0 0 0 0 0 0 
600 1096 0 0 0 0 0 0 0 0 0 0 0 0 0 0 
616 1096 0 0 0 0 0 0 0 0 0 0 0 0 0 0 
632 1096 0 0 0 0 0 0 0 0 0 0 0 0 0 0 
648 1096 0 0 0 0 0 0 0 0 0 0 0 0 0 0 
664 1096 0 0 0 0 0 0 0 0 0 0 0 0 0 0 
680 1096 0 0 0 0 0 0 0 0 0 0 0 0 0 0 
696 1096 0 0 0 0 0 0 0 0 0 0 0 0 0 0 
712 1096 0 0 0 0 0 0 0 0 0 0 0 0 0 0 
728 1096 0 0 0 0 0 0 0 0 0 0 0 0 0 0 
744 1096 0 0 0 0 0 0 0 0 0 0 0 0 0 0 
760 1096 0 0 0 0 0 0 0 0 0 0 0 0 0 0 
776 1096 0 0 0 0 0 0 0 0 0 0 0 0 0 0 
792 1096 0 0 0 0 0 0 0 0 0 0 0 0 0 0 
808 1096 0 0 0 0 0 0 0 0 0 0 0 0 0 0 
824 1096 0 0 0 0 0 0 0 0 0 0 0 0 0 0 
840 1096 0 0 0 0 0 0 0 0 0 0 0 0 0 0 
856 1096 0 0 0 0 0 0 0 0 0 0 0 0 0 0 
872 1096 0 0 0 0 0 0 0 0 0 0 0 0 0 0 
888 1096 0 0 0 0 0 0 0 0 0 0 0 0 0 0 
904 1096 0 0 0 0 0 0 0 0 0 0 0 0 0 0 
920 1096 0 0 0 0 0 0 0 0 0 0 0 0 0 0 
936 1096 0 0 0 0 0 0 0 0 0 0 0 0 0 0 
952 1096 0 0 0 0 0 0 0 0 0 0 0 0 0 0 
968 1096 0 0 0 0 0 0 0 0 0 0 0 0 0 0 
984 1096 0 0 0 0 0 0 0 0 0 0 0 0 0 0 
1000 1096 0 0 0 0 0 0 0 0 0 0 0 0 0 0 
1016 1096 0 0 0 0 0 0 0 0 0 0 0 0 0 0 
1032 1096 0 0 0 0 0 0 0 0 0 0 0 0 0 0 
1048 1096 0 0 0 0 0 0 0 0 0 0 0 0 0 0 
1064 1096 0 0 0 0 0 0 0 0 0 0 0 0 0 0 
1080 1096 0 0 0 0 0 0 0 0 0 0 0 0 0 0 
1096 1096 0 0 0 0 0 0 0 0 0 0 0 0 0 0 
1112 1096 0 0 0 0 0 0 0 0 0 0 0 0 0 0 
1128 1096 0 0 0 0 0 0 0 0 0 0 0 0 0 0 
1144 1096 0 0 0 0 0 0 0 0 0 0 0 0 0 0 
1160 1096 0 0 0 0 0 0 0 0 0 0 0 0 0 0 
1176 1096 0 0 0 0 0 0 0 0 0 0 0 0 0 0 
1192 1096 0 0 0 0 0 0 0 0 0 0 0 0 0 0 
1208 1096 0 0 0 0 0 0 0 0 0 0 0 0 0 0 
1224 1096 0 0 0 0 0 0 0 0 0 0 0 0 0 0 
1240 1096 0 0 0 0 0 0 0 0 0 0 0 0 0 0 
1256 1096 0 0 0 0 0 0 0 0 0 0 0 0 0 0 
1272 1096 0 0 0 0 0 0 0 0 0 0 0 0 0 0 
1288 1096 0 0 0 0 0 0 0 0 0 0 0 0 0 0 
1304 1096 0 0 0 0 0 0 0 0 0 0 0 0 0 0 
1320 1096 0 0 0 0 0 0 0 0 0 0 0 0 0 0 
1336 1096 0 0 0 0 0 0 0 0 0 0 0 0 0 0 
1352 1096 0 0 0 0 0 0 0 0 0 0 0 0 0 0 
1368 1096 0 0 0 0 0 0 0 0 0 0 0 0 0 0 
1384 1096 0 0 0 0 0 0 0 0 0 0 0 0 0 0 
1400 1096 0 0 0 0 0 0 0 0 0 0 0 0 0 0 
1416 1096 0 0 0 0 0 0 0 0 0 0 0 0 0 0 
1432 1096 0 0 0 0 0 0 0 0 0 0 0 0 0 0 
1448 1096 0 0 0 0 0 0 0 0 0 0 0 0 0 0 
1464 1096 0 0 0 0 0 0 0 0 0 0 0 0 0 0 
1480 1096 0 0 0 0 0 0 0 0 0 0 0 0 0 0 
1496 1096 0 0 0 0 0 0 0 0 0 0 0 0 0 0 
1512 1096 0 0 0 0 0 0 0 0 0 0 0 0 0 0 
1528 1096 0 0 0 0 0 0 0 0 0 0 0 0 0 0 
1544 1096 0 0 0 0 0 0 0 0 0 0 0 0 0 0 
1560 1096 0 0 0 0 0 0 0 0 0 0 0 0 0 0 
1576 1096 0 0 0 0 0 0 0 0 0 0 0 0 0 0 
1592 1096 0 0 0 0 0 0 0 0 0 0 0 0 0 0 
1608 1096 0 0 0 0 0 0 0 0 0 0 0 0 0 0 
1624 1096 0 0 0 0 0 0 0 0 0 0 0 0 0 0 
1640 1096 0 0 0 0 0 0 0 0 0 0 0 0 0 0 
1656 1096 0 0 0 0 0 0 0 0 0 0 0 0 0 0 
1672 1096 0 0 0 0 0 0 0 0 0 0 0 0 0 0 
1688 1096 0 0 0 0 0 0 0 0 0 0 0 0 0 0 
1704 1096 0 0 0 0 0 0 0 0 0 0 0 0 0 0 
1720 1096 0 0 0 0 0 0 0 0 0 0 0 0 0 0 
1736 1096 0 0 0 0 0 0 0 0 0 0 0 0 0 0 
1752 1096 0 0 0 0 0 0 0 0 0 0 0 0 0 0 
1768 1096 0 0 0 0 0 0 0 0 0 0 0 0 0 0 
1784 1096 0 0 0 0 0 0 0 0 0 0 0 0 0 0 
1800 1096 0 0 0 0 0 0 0 0 0 0 0 0 0 0 
1816 1096 0 0 0 0 0 0 0 0 0 0 0 0 0 0 
1832 1096 0 0 0 0 0 0 0 0 0 0 0 0 0 0 
1848 1096 0 0 0 0 0 0 0 0 0 0 0 0 0 0 
1864 1096 0 0 0 0 0 0 0 0 0 0 0 0 0 0 
1880 1096 0 0 0 0 0 0 0 0 0 0 0 0 0 0 
1896 1096 0 0 0 0 0 0 0 0 0 0 0 0 0 0 
1912 1096 0 0 0 0 0 0 0 0 0 0 0 0 0 0 
1928 1096 0 0 0 0 0 0 0 0 0 0 0 0 0 0 
1944 1096 0 0 0 0 0 0 0 0 0 0 0 0 0 0 
1960 1096 0 0 0 0 0 0 0 0 0 0 0 0 0 0 
1976 1096 0 0 0 0 0 0 0 0 0 0 0 0 0 0 
1992 1096 0 0 0 0 0 0 0 0 0 0 0 0 0 0 
2008 1096 0 0 0 0 0 0 0 0 0 0 0 0 0 0 
2024 1096 0 0 0 0 0 0 0 0 0 0 0 0 0 0 
2040 1096 0 0 0 0 0 0 0 0 0 0 0 0 0 0 
2056 1096 0 0 0 0 0 0 0 0 0 0 0 0 0 0 
2072 1096 0 0 0 0 0 0 0 0 0 0 0 0 0 0 
2088 1096 0 0 0 0 0 0 0 0 0 0 0 0 0 0 
2104 1096 0 0 0 0 0 0 0 0 0 0 0 0 0 0 
2120 1096 0 0 0 0 0 0 0 0 0 0 0 0 0 0 
2136 1096 0 0 0 0 0 0 0 0 0 0 0 0 0 0 
2152 1096 0 0 0 0 0 0 0 0 0 0 0 0 0 0 
2168 1096 0 0 0 0 0 0 0 0 0 0 0 0 0 0 
2184 1096 0 0 0 0 0 0 0 0 0 0 0 0 0 0 
2200 1096 0 0 0 0 0 0 0 0 0 0 0 0 0 0 
2216 1096 0 0 0 0 0 0 0 0 0 0 0 0 0 0 
2232 1096 0 0 0 0 0 0 0 0 0 0 0 0 0 0 
2248 1096 0 0 0 0 0 0 0 0 0 0 0 0 0 0 
2264 1096 0 0 0 0 0 0 0 0 0 0 0 0 0 0 
2280 1096 0 0 0 0 0 0 0 0 0 0 0 0 0 0 
2296 1096 0 0 0 0 0 0 0 0 0 0 0 0 0 0 
2312 1096 0 0 0 0 0 0 0 0 0 0 0 0 0 0 
2328 1096 0 0 0 0 0 0 0 0 0 0 0 0 0 0 
2344 1096 0 0 0 0 0 0 0 0 0 0 0 0 0 0 
2360 1096 0 0 0 0 0 0 0 0 0 0 0 0 0 0 
2376 1096 0 0 0 0 0 0 0 0 0 0 0 0 0 0 
2392 1096 0 0 0 0 0 0 0 0 0 0 0 0 0 0 
2408 1096 0 0 0 0 0 0 0 0 0 0 0 0 0 0 
2424 1096 0 0 0 0 0 0 0 0 0 0 0 0 0 0 
2440 1096 0 0 0 0 0 0 0 0 0 0 0 0 0 0 
2456 1096 0 0 0 0 0 0 0 0 0 0 0 0 0 0 
2472 1096 0 0 0 0 0 0 0 0 0 0 0 0 0 0 
2488 1096 0 0 0 0 0 0 0 0 0 0 0 0 0 0 
2504 1096 0 0 0 0 0 0 0 0 0 0 0 0 0 0 
2520 1096 0 0 0 0 0 0 0 0 0 0 0 0 0 0 
2536 1096 0 0 0 0 0 0 0 0 0 0 0 0 0 0 
24 1112 0 0 0 0 0 0 0 0 0 0 0 0 0 0 
40 1112 0 0 0 0 0 0 0 0 0 0 0 0 0 0 
56 1112 0 0 0 0 0 0 0 0 0 0 0 0 0 0 
72 1112 0 0 0 0 0 0 0 0 0 0 0 0 0 0 
88 1112 0 0 0 0 0 0 0 0 0 0 0 0 0 0 
104 1112 0 0 0 0 0 0 0 0 0 0 0 0 0 0 
120 1112 0 0 0 0 0 0 0 0 0 0 0 0 0 0 
136 1112 0 0 0 0 0 0 0 0 0 0 0 0 0 0 
152 1112 0 0 0 0 0 0 0 0 0 0 0 0 0 0 
168 1112 0 0 0 0 0 0 0 0 0 0 0 0 0 0 
184 1112 0 0 0 0 0 0 0 0 0 0 0 0 0 0 
200 1112 0 0 0 0 0 0 0 0 0 0 0 0 0 0 
216 1112 0 0 0 0 0 0 0 0 0 0 0 0 0 0 
232 1112 0 0 0 0 0 0 0 0 0 0 0 0 0 0 
248 1112 0 0 0 0 0 0 0 0 0 0 0 0 0 0 
264 1112 0 0 0 0 0 0 0 0 0 0 0 0 0 0 
280 1112 0 0 0 0 0 0 0 0 0 0 0 0 0 0 
296 1112 0 0 0 0 0 0 0 0 0 0 0 0 0 0 
312 1112 0 0 0 0 0 0 0 0 0 0 0 0 0 0 
328 1112 0 0 0 0 0 0 0 0 0 0 0 0 0 0 
344 1112 0 0 0 0 0 0 0 0 0 0 0 0 0 0 
360 1112 0 0 0 0 0 0 0 0 0 0 0 0 0 0 
376 1112 0 0 0 0 0 0 0 0 0 0 0 0 0 0 
392 1112 0 0 0 0 0 0 0 0 0 0 0 0 0 0 
408 1112 0 0 0 0 0 0 0 0 0 0 0 0 0 0 
424 1112 0 0 0 0 0 0 0 0 0 0 0 0 0 0 
440 1112 0 0 0 0 0 0 0 0 0 0 0 0 0 0 
456 1112 0 0 0 0 0 0 0 0 0 0 0 0 0 0 
472 1112 0 0 0 0 0 0 0 0 0 0 0 0 0 0 
488 1112 0 0 0 0 0 0 0 0 0 0 0 0 0 0 
504 1112 0 0 0 0 0 0 0 0 0 0 0 0 0 0 
520 1112 0 0 0 0 0 0 0 0 0 0 0 0 0 0 
536 1112 0 0 0 0 0 0 0 0 0 0 0 0 0 0 
552 1112 0 0 0 0 0 0 0 0 0 0 0 0 0 0 
568 1112 0 0 0 0 0 0 0 0 0 0 0 0 0 0 
584 1112 0 0 0 0 0 0 0 0 0 0 0 0 0 0 
600 1112 0 0 0 0 0 0 0 0 0 0 0 0 0 0 
616 1112 0 0 0 0 0 0 0 0 0 0 0 0 0 0 
632 1112 0 0 0 0 0 0 0 0 0 0 0 0 0 0 
648 1112 0 0 0 0 0 0 0 0 0 0 0 0 0 0 
664 1112 0 0 0 0 0 0 0 0 0 0 0 0 0 0 
680 1112 0 0 0 0 0 0 0 0 0 0 0 0 0 0 
696 1112 0 0 0 0 0 0 0 0 0 0 0 0 0 0 
712 1112 0 0 0 0 0 0 0 0 0 0 0 0 0 0 
728 1112 0 0 0 0 0 0 0 0 0 0 0 0 0 0 
744 1112 0 0 0 0 0 0 0 0 0 0 0 0 0 0 
760 1112 0 0 0 0 0 0 0 0 0 0 0 0 0 0 
776 1112 0 0 0 0 0 0 0 0 0 0 0 0 0 0 
792 1112 0 0 0 0 0 0 0 0 0 0 0 0 0 0 
808 1112 0 0 0 0 0 0 0 0 0 0 0 0 0 0 
824 1112 0 0 0 0 0 0 0 0 0 0 0 0 0 0 
840 1112 0 0 0 0 0 0 0 0 0 0 0 0 0 0 
856 1112 0 0 0 0 0 0 0 0 0 0 0 0 0 0 
872 1112 0 0 0 0 0 0 0 0 0 0 0 0 0 0 
888 1112 0 0 0 0 0 0 0 0 0 0 0 0 0 0 
904 1112 0 0 0 0 0 0 0 0 0 0 0 0 0 0 
920 1112 0 0 0 0 0 0 0 0 0 0 0 0 0 0 
936 1112 0 0 0 0 0 0 0 0 0 0 0 0 0 0 
952 1112 0 0 0 0 0 0 0 0 0 0 0 0 0 0 
968 1112 0 0 0 0 0 0 0 0 0 0 0 0 0 0 
984 1112 0 0 0 0 0 0 0 0 0 0 0 0 0 0 
1000 1112 0 0 0 0 0 0 0 0 0 0 0 0 0 0 
1016 1112 0 0 0 0 0 0 0 0 0 0 0 0 0 0 
1032 1112 0 0 0 0 0 0 0 0 0 0 0 0 0 0 
1048 1112 0 0 0 0 0 0 0 0 0 0 0 0 0 0 
1064 1112 0 0 0 0 0 0 0 0 0 0 0 0 0 0 
1080 1112 0 0 0 0 0 0 0 0 0 0 0 0 0 0 
1096 1112 0 0 0 0 0 0 0 0 0 0 0 0 0 0 
1112 1112 0 0 0 0 0 0 0 0 0 0 0 0 0 0 
1128 1112 0 0 0 0 0 0 0 0 0 0 0 0 0 0 
1144 1112 0 0 0 0 0 0 0 0 0 0 0 0 0 0 
1160 1112 0 0 0 0 0 0 0 0 0 0 0 0 0 0 
1176 1112 0 0 0 0 0 0 0 0 0 0 0 0 0 0 
1192 1112 0 0 0 0 0 0 0 0 0 0 0 0 0 0 
1208 1112 0 0 0 0 0 0 0 0 0 0 0 0 0 0 
1224 1112 0 0 0 0 0 0 0 0 0 0 0 0 0 0 
1240 1112 0 0 0 0 0 0 0 0 0 0 0 0 0 0 
1256 1112 0 0 0 0 0 0 0 0 0 0 0 0 0 0 
1272 1112 0 0 0 0 0 0 0 0 0 0 0 0 0 0 
1288 1112 0 0 0 0 0 0 0 0 0 0 0 0 0 0 
1304 1112 0 0 0 0 0 0 0 0 0 0 0 0 0 0 
1320 1112 0 0 0 0 0 0 0 0 0 0 0 0 0 0 
1336 1112 0 0 0 0 0 0 0 0 0 0 0 0 0 0 
1352 1112 0 0 0 0 0 0 0 0 0 0 0 0 0 0 
1368 1112 0 0 0 0 0 0 0 0 0 0 0 0 0 0 
1384 1112 0 0 0 0 0 0 0 0 0 0 0 0 0 0 
1400 1112 0 0 0 0 0 0 0 0 0 0 0 0 0 0 
1416 1112 0 0 0 0 0 0 0 0 0 0 0 0 0 0 
1432 1112 0 0 0 0 0 0 0 0 0 0 0 0 0 0 
1448 1112 0 0 0 0 0 0 0 0 0 0 0 0 0 0 
1464 1112 0 0 0 0 0 0 0 0 0 0 0 0 0 0 
1480 1112 0 0 0 0 0 0 0 0 0 0 0 0 0 0 
1496 1112 0 0 0 0 0 0 0 0 0 0 0 0 0 0 
1512 1112 0 0 0 0 0 0 0 0 0 0 0 0 0 0 
1528 1112 0 0 0 0 0 0 0 0 0 0 0 0 0 0 
1544 1112 0 0 0 0 0 0 0 0 0 0 0 0 0 0 
1560 1112 0 0 0 0 0 0 0 0 0 0 0 0 0 0 
1576 1112 0 0 0 0 0 0 0 0 0 0 0 0 0 0 
1592 1112 0 0 0 0 0 0 0 0 0 0 0 0 0 0 
1608 1112 0 0 0 0 0 0 0 0 0 0 0 0 0 0 
1624 1112 0 0 0 0 0 0 0 0 0 0 0 0 0 0 
1640 1112 0 0 0 0 0 0 0 0 0 0 0 0 0 0 
1656 1112 0 0 0 0 0 0 0 0 0 0 0 0 0 0 
1672 1112 0 0 0 0 0 0 0 0 0 0 0 0 0 0 
1688 1112 0 0 0 0 0 0 0 0 0 0 0 0 0 0 
1704 1112 0 0 0 0 0 0 0 0 0 0 0 0 0 0 
1720 1112 0 0 0 0 0 0 0 0 0 0 0 0 0 0 
1736 1112 0 0 0 0 0 0 0 0 0 0 0 0 0 0 
1752 1112 0 0 0 0 0 0 0 0 0 0 0 0 0 0 
1768 1112 0 0 0 0 0 0 0 0 0 0 0 0 0 0 
1784 1112 0 0 0 0 0 0 0 0 0 0 0 0 0 0 
1800 1112 0 0 0 0 0 0 0 0 0 0 0 0 0 0 
1816 1112 0 0 0 0 0 0 0 0 0 0 0 0 0 0 
1832 1112 0 0 0 0 0 0 0 0 0 0 0 0 0 0 
1848 1112 0 0 0 0 0 0 0 0 0 0 0 0 0 0 
1864 1112 0 0 0 0 0 0 0 0 0 0 0 0 0 0 
1880 1112 0 0 0 0 0 0 0 0 0 0 0 0 0 0 
1896 1112 0 0 0 0 0 0 0 0 0 0 0 0 0 0 
1912 1112 0 0 0 0 0 0 0 0 0 0 0 0 0 0 
1928 1112 0 0 0 0 0 0 0 0 0 0 0 0 0 0 
1944 1112 0 0 0 0 0 0 0 0 0 0 0 0 0 0 
1960 1112 0 0 0 0 0 0 0 0 0 0 0 0 0 0 
1976 1112 0 0 0 0 0 0 0 0 0 0 0 0 0 0 
1992 1112 0 0 0 0 0 0 0 0 0 0 0 0 0 0 
2008 1112 0 0 0 0 0 0 0 0 0 0 0 0 0 0 
2024 1112 0 0 0 0 0 0 0 0 0 0 0 0 0 0 
2040 1112 0 0 0 0 0 0 0 0 0 0 0 0 0 0 
2056 1112 0 0 0 0 0 0 0 0 0 0 0 0 0 0 
2072 1112 0 0 0 0 0 0 0 0 0 0 0 0 0 0 
2088 1112 0 0 0 0 0 0 0 0 0 0 0 0 0 0 
2104 1112 0 0 0 0 0 0 0 0 0 0 0 0 0 0 
2120 1112 0 0 0 0 0 0 0 0 0 0 0 0 0 0 
2136 1112 0 0 0 0 0 0 0 0 0 0 0 0 0 0 
2152 1112 0 0 0 0 0 0 0 0 0 0 0 0 0 0 
2168 1112 0 0 0 0 0 0 0 0 0 0 0 0 0 0 
2184 1112 0 0 0 0 0 0 0 0 0 0 0 0 0 0 
2200 1112 0 0 0 0 0 0 0 0 0 0 0 0 0 0 
2216 1112 0 0 0 0 0 0 0 0 0 0 0 0 0 0 
2232 1112 0 0 0 0 0 0 0 0 0 0 0 0 0 0 
2248 1112 0 0 0 0 0 0 0 0 0 0 0 0 0 0 
2264 1112 0 0 0 0 0 0 0 0 0 0 0 0 0 0 
2280 1112 0 0 0 0 0 0 0 0 0 0 0 0 0 0 
2296 1112 0 0 0 0 0 0 0 0 0 0 0 0 0 0 
2312 1112 0 0 0 0 0 0 0 0 0 0 0 0 0 0 
2328 1112 0 0 0 0 0 0 0 0 0 0 0 0 0 0 
2344 1112 0 0 0 0 0 0 0 0 0 0 0 0 0 0 
2360 1112 0 0 0 0 0 0 0 0 0 0 0 0 0 0 
2376 1112 0 0 0 0 0 0 0 0 0 0 0 0 0 0 
2392 1112 0 0 0 0 0 0 0 0 0 0 0 0 0 0 
2408 1112 0 0 0 0 0 0 0 0 0 0 0 0 0 0 
2424 1112 0 0 0 0 0 0 0 0 0 0 0 0 0 0 
2440 1112 0 0 0 0 0 0 0 0 0 0 0 0 0 0 
2456 1112 0 0 0 0 0 0 0 0 0 0 0 0 0 0 
2472 1112 0 0 0 0 0 0 0 0 0 0 0 0 0 0 
2488 1112 0 0 0 0 0 0 0 0 0 0 0 0 0 0 
2504 1112 0 0 0 0 0 0 0 0 0 0 0 0 0 0 
2520 1112 0 0 0 0 0 0 0 0 0 0 0 0 0 0 
2536 1112 0 0 0 0 0 0 0 0 0 0 0 0 0 0 
24 1128 0 0 0 0 0 0 0 0 0 0 0 0 0 0 
40 1128 0 0 0 0 0 0 0 0 0 0 0 0 0 0 
56 1128 0 0 0 0 0 0 0 0 0 0 0 0 0 0 
72 1128 0 0 0 0 0 0 0 0 0 0 0 0 0 0 
88 1128 0 0 0 0 0 0 0 0 0 0 0 0 0 0 
104 1128 0 0 0 0 0 0 0 0 0 0 0 0 0 0 
120 1128 0 0 0 0 0 0 0 0 0 0 0 0 0 0 
136 1128 0 0 0 0 0 0 0 0 0 0 0 0 0 0 
152 1128 0 0 0 0 0 0 0 0 0 0 0 0 0 0 
168 1128 0 0 0 0 0 0 0 0 0 0 0 0 0 0 
184 1128 0 0 0 0 0 0 0 0 0 0 0 0 0 0 
200 1128 0 0 0 0 0 0 0 0 0 0 0 0 0 0 
216 1128 0 0 0 0 0 0 0 0 0 0 0 0 0 0 
232 1128 0 0 0 0 0 0 0 0 0 0 0 0 0 0 
248 1128 0 0 0 0 0 0 0 0 0 0 0 0 0 0 
264 1128 0 0 0 0 0 0 0 0 0 0 0 0 0 0 
280 1128 0 0 0 0 0 0 0 0 0 0 0 0 0 0 
296 1128 0 0 0 0 0 0 0 0 0 0 0 0 0 0 
312 1128 0 0 0 0 0 0 0 0 0 0 0 0 0 0 
328 1128 0 0 0 0 0 0 0 0 0 0 0 0 0 0 
344 1128 0 0 0 0 0 0 0 0 0 0 0 0 0 0 
360 1128 0 0 0 0 0 0 0 0 0 0 0 0 0 0 
376 1128 0 0 0 0 0 0 0 0 0 0 0 0 0 0 
392 1128 0 0 0 0 0 0 0 0 0 0 0 0 0 0 
408 1128 0 0 0 0 0 0 0 0 0 0 0 0 0 0 
424 1128 0 0 0 0 0 0 0 0 0 0 0 0 0 0 
440 1128 0 0 0 0 0 0 0 0 0 0 0 0 0 0 
456 1128 0 0 0 0 0 0 0 0 0 0 0 0 0 0 
472 1128 0 0 0 0 0 0 0 0 0 0 0 0 0 0 
488 1128 0 0 0 0 0 0 0 0 0 0 0 0 0 0 
504 1128 0 0 0 0 0 0 0 0 0 0 0 0 0 0 
520 1128 0 0 0 0 0 0 0 0 0 0 0 0 0 0 
536 1128 0 0 0 0 0 0 0 0 0 0 0 0 0 0 
552 1128 0 0 0 0 0 0 0 0 0 0 0 0 0 0 
568 1128 0 0 0 0 0 0 0 0 0 0 0 0 0 0 
584 1128 0 0 0 0 0 0 0 0 0 0 0 0 0 0 
600 1128 0 0 0 0 0 0 0 0 0 0 0 0 0 0 
616 1128 0 0 0 0 0 0 0 0 0 0 0 0 0 0 
632 1128 0 0 0 0 0 0 0 0 0 0 0 0 0 0 
648 1128 0 0 0 0 0 0 0 0 0 0 0 0 0 0 
664 1128 0 0 0 0 0 0 0 0 0 0 0 0 0 0 
680 1128 0 0 0 0 0 0 0 0 0 0 0 0 0 0 
696 1128 0 0 0 0 0 0 0 0 0 0 0 0 0 0 
712 1128 0 0 0 0 0 0 0 0 0 0 0 0 0 0 
728 1128 0 0 0 0 0 0 0 0 0 0 0 0 0 0 
744 1128 0 0 0 0 0 0 0 0 0 0 0 0 0 0 
760 1128 0 0 0 0 0 0 0 0 0 0 0 0 0 0 
776 1128 0 0 0 0 0 0 0 0 0 0 0 0 0 0 
792 1128 0 0 0 0 0 0 0 0 0 0 0 0 0 0 
808 1128 0 0 0 0 0 0 0 0 0 0 0 0 0 0 
824 1128 0 0 0 0 0 0 0 0 0 0 0 0 0 0 
840 1128 0 0 0 0 0 0 0 0 0 0 0 0 0 0 
856 1128 0 0 0 0 0 0 0 0 0 0 0 0 0 0 
872 1128 0 0 0 0 0 0 0 0 0 0 0 0 0 0 
888 1128 0 0 0 0 0 0 0 0 0 0 0 0 0 0 
904 1128 0 0 0 0 0 0 0 0 0 0 0 0 0 0 
920 1128 0 0 0 0 0 0 0 0 0 0 0 0 0 0 
936 1128 0 0 0 0 0 0 0 0 0 0 0 0 0 0 
952 1128 0 0 0 0 0 0 0 0 0 0 0 0 0 0 
968 1128 0 0 0 0 0 0 0 0 0 0 0 0 0 0 
984 1128 0 0 0 0 0 0 0 0 0 0 0 0 0 0 
1000 1128 0 0 0 0 0 0 0 0 0 0 0 0 0 0 
1016 1128 0 0 0 0 0 0 0 0 0 0 0 0 0 0 
1032 1128 0 0 0 0 0 0 0 0 0 0 0 0 0 0 
1048 1128 0 0 0 0 0 0 0 0 0 0 0 0 0 0 
1064 1128 0 0 0 0 0 0 0 0 0 0 0 0 0 0 
1080 1128 0 0 0 0 0 0 0 0 0 0 0 0 0 0 
1096 1128 0 0 0 0 0 0 0 0 0 0 0 0 0 0 
1112 1128 0 0 0 0 0 0 0 0 0 0 0 0 0 0 
1128 1128 0 0 0 0 0 0 0 0 0 0 0 0 0 0 
1144 1128 0 0 0 0 0 0 0 0 0 0 0 0 0 0 
1160 1128 0 0 0 0 0 0 0 0 0 0 0 0 0 0 
1176 1128 0 0 0 0 0 0 0 0 0 0 0 0 0 0 
1192 1128 0 0 0 0 0 0 0 0 0 0 0 0 0 0 
1208 1128 0 0 0 0 0 0 0 0 0 0 0 0 0 0 
1224 1128 0 0 0 0 0 0 0 0 0 0 0 0 0 0 
1240 1128 0 0 0 0 0 0 0 0 0 0 0 0 0 0 
1256 1128 0 0 0 0 0 0 0 0 0 0 0 0 0 0 
1272 1128 0 0 0 0 0 0 0 0 0 0 0 0 0 0 
1288 1128 0 0 0 0 0 0 0 0 0 0 0 0 0 0 
1304 1128 0 0 0 0 0 0 0 0 0 0 0 0 0 0 
1320 1128 0 0 0 0 0 0 0 0 0 0 0 0 0 0 
1336 1128 0 0 0 0 0 0 0 0 0 0 0 0 0 0 
1352 1128 0 0 0 0 0 0 0 0 0 0 0 0 0 0 
1368 1128 0 0 0 0 0 0 0 0 0 0 0 0 0 0 
1384 1128 0 0 0 0 0 0 0 0 0 0 0 0 0 0 
1400 1128 0 0 0 0 0 0 0 0 0 0 0 0 0 0 
1416 1128 0 0 0 0 0 0 0 0 0 0 0 0 0 0 
1432 1128 0 0 0 0 0 0 0 0 0 0 0 0 0 0 
1448 1128 0 0 0 0 0 0 0 0 0 0 0 0 0 0 
1464 1128 0 0 0 0 0 0 0 0 0 0 0 0 0 0 
1480 1128 0 0 0 0 0 0 0 0 0 0 0 0 0 0 
1496 1128 0 0 0 0 0 0 0 0 0 0 0 0 0 0 
1512 1128 0 0 0 0 0 0 0 0 0 0 0 0 0 0 
1528 1128 0 0 0 0 0 0 0 0 0 0 0 0 0 0 
1544 1128 0 0 0 0 0 0 0 0 0 0 0 0 0 0 
1560 1128 0 0 0 0 0 0 0 0 0 0 0 0 0 0 
1576 1128 0 0 0 0 0 0 0 0 0 0 0 0 0 0 
1592 1128 0 0 0 0 0 0 0 0 0 0 0 0 0 0 
1608 1128 0 0 0 0 0 0 0 0 0 0 0 0 0 0 
1624 1128 0 0 0 0 0 0 0 0 0 0 0 0 0 0 
1640 1128 0 0 0 0 0 0 0 0 0 0 0 0 0 0 
1656 1128 0 0 0 0 0 0 0 0 0 0 0 0 0 0 
1672 1128 0 0 0 0 0 0 0 0 0 0 0 0 0 0 
1688 1128 0 0 0 0 0 0 0 0 0 0 0 0 0 0 
1704 1128 0 0 0 0 0 0 0 0 0 0 0 0 0 0 
1720 1128 0 0 0 0 0 0 0 0 0 0 0 0 0 0 
1736 1128 0 0 0 0 0 0 0 0 0 0 0 0 0 0 
1752 1128 0 0 0 0 0 0 0 0 0 0 0 0 0 0 
1768 1128 0 0 0 0 0 0 0 0 0 0 0 0 0 0 
1784 1128 0 0 0 0 0 0 0 0 0 0 0 0 0 0 
1800 1128 0 0 0 0 0 0 0 0 0 0 0 0 0 0 
1816 1128 0 0 0 0 0 0 0 0 0 0 0 0 0 0 
1832 1128 0 0 0 0 0 0 0 0 0 0 0 0 0 0 
1848 1128 0 0 0 0 0 0 0 0 0 0 0 0 0 0 
1864 1128 0 0 0 0 0 0 0 0 0 0 0 0 0 0 
1880 1128 0 0 0 0 0 0 0 0 0 0 0 0 0 0 
1896 1128 0 0 0 0 0 0 0 0 0 0 0 0 0 0 
1912 1128 0 0 0 0 0 0 0 0 0 0 0 0 0 0 
1928 1128 0 0 0 0 0 0 0 0 0 0 0 0 0 0 
1944 1128 0 0 0 0 0 0 0 0 0 0 0 0 0 0 
1960 1128 0 0 0 0 0 0 0 0 0 0 0 0 0 0 
1976 1128 0 0 0 0 0 0 0 0 0 0 0 0 0 0 
1992 1128 0 0 0 0 0 0 0 0 0 0 0 0 0 0 
2008 1128 0 0 0 0 0 0 0 0 0 0 0 0 0 0 
2024 1128 0 0 0 0 0 0 0 0 0 0 0 0 0 0 
2040 1128 0 0 0 0 0 0 0 0 0 0 0 0 0 0 
2056 1128 0 0 0 0 0 0 0 0 0 0 0 0 0 0 
2072 1128 0 0 0 0 0 0 0 0 0 0 0 0 0 0 
2088 1128 0 0 0 0 0 0 0 0 0 0 0 0 0 0 
2104 1128 0 0 0 0 0 0 0 0 0 0 0 0 0 0 
2120 1128 0 0 0 0 0 0 0 0 0 0 0 0 0 0 
2136 1128 0 0 0 0 0 0 0 0 0 0 0 0 0 0 
2152 1128 0 0 0 0 0 0 0 0 0 0 0 0 0 0 
2168 1128 0 0 0 0 0 0 0 0 0 0 0 0 0 0 
2184 1128 0 0 0 0 0 0 0 0 0 0 0 0 0 0 
2200 1128 0 0 0 0 0 0 0 0 0 0 0 0 0 0 
2216 1128 0 0 0 0 0 0 0 0 0 0 0 0 0 0 
2232 1128 0 0 0 0 0 0 0 0 0 0 0 0 0 0 
2248 1128 0 0 0 0 0 0 0 0 0 0 0 0 0 0 
2264 1128 0 0 0 0 0 0 0 0 0 0 0 0 0 0 
2280 1128 0 0 0 0 0 0 0 0 0 0 0 0 0 0 
2296 1128 0 0 0 0 0 0 0 0 0 0 0 0 0 0 
2312 1128 0 0 0 0 0 0 0 0 0 0 0 0 0 0 
2328 1128 0 0 0 0 0 0 0 0 0 0 0 0 0 0 
2344 1128 0 0 0 0 0 0 0 0 0 0 0 0 0 0 
2360 1128 0 0 0 0 0 0 0 0 0 0 0 0 0 0 
2376 1128 0 0 0 0 0 0 0 0 0 0 0 0 0 0 
2392 1128 0 0 0 0 0 0 0 0 0 0 0 0 0 0 
2408 1128 0 0 0 0 0 0 0 0 0 0 0 0 0 0 
2424 1128 0 0 0 0 0 0 0 0 0 0 0 0 0 0 
2440 1128 0 0 0 0 0 0 0 0 0 0 0 0 0 0 
2456 1128 0 0 0 0 0 0 0 0 0 0 0 0 0 0 
2472 1128 0 0 0 0 0 0 0 0 0 0 0 0 0 0 
2488 1128 0 0 0 0 0 0 0 0 0 0 0 0 0 0 
2504 1128 0 0 0 0 0 0 0 0 0 0 0 0 0 0 
2520 1128 0 0 0 0 0 0 0 0 0 0 0 0 0 0 
2536 1128 0 0 0 0 0 0 0 0 0 0 0 0 0 0 
24 1144 0 0 0 0 0 0 0 0 0 0 0 0 0 0 
40 1144 0 0 0 0 0 0 0 0 0 0 0 0 0 0 
56 1144 0 0 0 0 0 0 0 0 0 0 0 0 0 0 
72 1144 0 0 0 0 0 0 0 0 0 0 0 0 0 0 
88 1144 0 0 0 0 0 0 0 0 0 0 0 0 0 0 
104 1144 0 0 0 0 0 0 0 0 0 0 0 0 0 0 
120 1144 0 0 0 0 0 0 0 0 0 0 0 0 0 0 
136 1144 0 0 0 0 0 0 0 0 0 0 0 0 0 0 
152 1144 0 0 0 0 0 0 0 0 0 0 0 0 0 0 
168 1144 0 0 0 0 0 0 0 0 0 0 0 0 0 0 
184 1144 0 0 0 0 0 0 0 0 0 0 0 0 0 0 
200 1144 0 0 0 0 0 0 0 0 0 0 0 0 0 0 
216 1144 0 0 0 0 0 0 0 0 0 0 0 0 0 0 
232 1144 0 0 0 0 0 0 0 0 0 0 0 0 0 0 
248 1144 0 0 0 0 0 0 0 0 0 0 0 0 0 0 
264 1144 0 0 0 0 0 0 0 0 0 0 0 0 0 0 
280 1144 0 0 0 0 0 0 0 0 0 0 0 0 0 0 
296 1144 0 0 0 0 0 0 0 0 0 0 0 0 0 0 
312 1144 0 0 0 0 0 0 0 0 0 0 0 0 0 0 
328 1144 0 0 0 0 0 0 0 0 0 0 0 0 0 0 
344 1144 0 0 0 0 0 0 0 0 0 0 0 0 0 0 
360 1144 0 0 0 0 0 0 0 0 0 0 0 0 0 0 
376 1144 0 0 0 0 0 0 0 0 0 0 0 0 0 0 
392 1144 0 0 0 0 0 0 0 0 0 0 0 0 0 0 
408 1144 0 0 0 0 0 0 0 0 0 0 0 0 0 0 
424 1144 0 0 0 0 0 0 0 0 0 0 0 0 0 0 
440 1144 0 0 0 0 0 0 0 0 0 0 0 0 0 0 
456 1144 0 0 0 0 0 0 0 0 0 0 0 0 0 0 
472 1144 0 0 0 0 0 0 0 0 0 0 0 0 0 0 
488 1144 0 0 0 0 0 0 0 0 0 0 0 0 0 0 
504 1144 0 0 0 0 0 0 0 0 0 0 0 0 0 0 
520 1144 0 0 0 0 0 0 0 0 0 0 0 0 0 0 
536 1144 0 0 0 0 0 0 0 0 0 0 0 0 0 0 
552 1144 0 0 0 0 0 0 0 0 0 0 0 0 0 0 
568 1144 0 0 0 0 0 0 0 0 0 0 0 0 0 0 
584 1144 0 0 0 0 0 0 0 0 0 0 0 0 0 0 
600 1144 0 0 0 0 0 0 0 0 0 0 0 0 0 0 
616 1144 0 0 0 0 0 0 0 0 0 0 0 0 0 0 
632 1144 0 0 0 0 0 0 0 0 0 0 0 0 0 0 
648 1144 0 0 0 0 0 0 0 0 0 0 0 0 0 0 
664 1144 0 0 0 0 0 0 0 0 0 0 0 0 0 0 
680 1144 0 0 0 0 0 0 0 0 0 0 0 0 0 0 
696 1144 0 0 0 0 0 0 0 0 0 0 0 0 0 0 
712 1144 0 0 0 0 0 0 0 0 0 0 0 0 0 0 
728 1144 0 0 0 0 0 0 0 0 0 0 0 0 0 0 
744 1144 0 0 0 0 0 0 0 0 0 0 0 0 0 0 
760 1144 0 0 0 0 0 0 0 0 0 0 0 0 0 0 
776 1144 0 0 0 0 0 0 0 0 0 0 0 0 0 0 
792 1144 0 0 0 0 0 0 0 0 0 0 0 0 0 0 
808 1144 0 0 0 0 0 0 0 0 0 0 0 0 0 0 
824 1144 0 0 0 0 0 0 0 0 0 0 0 0 0 0 
840 1144 0 0 0 0 0 0 0 0 0 0 0 0 0 0 
856 1144 0 0 0 0 0 0 0 0 0 0 0 0 0 0 
872 1144 0 0 0 0 0 0 0 0 0 0 0 0 0 0 
888 1144 0 0 0 0 0 0 0 0 0 0 0 0 0 0 
904 1144 0 0 0 0 0 0 0 0 0 0 0 0 0 0 
920 1144 0 0 0 0 0 0 0 0 0 0 0 0 0 0 
936 1144 0 0 0 0 0 0 0 0 0 0 0 0 0 0 
952 1144 0 0 0 0 0 0 0 0 0 0 0 0 0 0 
968 1144 0 0 0 0 0 0 0 0 0 0 0 0 0 0 
984 1144 0 0 0 0 0 0 0 0 0 0 0 0 0 0 
1000 1144 0 0 0 0 0 0 0 0 0 0 0 0 0 0 
1016 1144 0 0 0 0 0 0 0 0 0 0 0 0 0 0 
1032 1144 0 0 0 0 0 0 0 0 0 0 0 0 0 0 
1048 1144 0 0 0 0 0 0 0 0 0 0 0 0 0 0 
1064 1144 0 0 0 0 0 0 0 0 0 0 0 0 0 0 
1080 1144 0 0 0 0 0 0 0 0 0 0 0 0 0 0 
1096 1144 0 0 0 0 0 0 0 0 0 0 0 0 0 0 
1112 1144 0 0 0 0 0 0 0 0 0 0 0 0 0 0 
1128 1144 0 0 0 0 0 0 0 0 0 0 0 0 0 0 
1144 1144 0 0 0 0 0 0 0 0 0 0 0 0 0 0 
1160 1144 0 0 0 0 0 0 0 0 0 0 0 0 0 0 
1176 1144 0 0 0 0 0 0 0 0 0 0 0 0 0 0 
1192 1144 0 0 0 0 0 0 0 0 0 0 0 0 0 0 
1208 1144 0 0 0 0 0 0 0 0 0 0 0 0 0 0 
1224 1144 0 0 0 0 0 0 0 0 0 0 0 0 0 0 
1240 1144 0 0 0 0 0 0 0 0 0 0 0 0 0 0 
1256 1144 0 0 0 0 0 0 0 0 0 0 0 0 0 0 
1272 1144 0 0 0 0 0 0 0 0 0 0 0 0 0 0 
1288 1144 0 0 0 0 0 0 0 0 0 0 0 0 0 0 
1304 1144 0 0 0 0 0 0 0 0 0 0 0 0 0 0 
1320 1144 0 0 0 0 0 0 0 0 0 0 0 0 0 0 
1336 1144 0 0 0 0 0 0 0 0 0 0 0 0 0 0 
1352 1144 0 0 0 0 0 0 0 0 0 0 0 0 0 0 
1368 1144 0 0 0 0 0 0 0 0 0 0 0 0 0 0 
1384 1144 0 0 0 0 0 0 0 0 0 0 0 0 0 0 
1400 1144 0 0 0 0 0 0 0 0 0 0 0 0 0 0 
1416 1144 0 0 0 0 0 0 0 0 0 0 0 0 0 0 
1432 1144 0 0 0 0 0 0 0 0 0 0 0 0 0 0 
1448 1144 0 0 0 0 0 0 0 0 0 0 0 0 0 0 
1464 1144 0 0 0 0 0 0 0 0 0 0 0 0 0 0 
1480 1144 0 0 0 0 0 0 0 0 0 0 0 0 0 0 
1496 1144 0 0 0 0 0 0 0 0 0 0 0 0 0 0 
1512 1144 0 0 0 0 0 0 0 0 0 0 0 0 0 0 
1528 1144 0 0 0 0 0 0 0 0 0 0 0 0 0 0 
1544 1144 0 0 0 0 0 0 0 0 0 0 0 0 0 0 
1560 1144 0 0 0 0 0 0 0 0 0 0 0 0 0 0 
1576 1144 0 0 0 0 0 0 0 0 0 0 0 0 0 0 
1592 1144 0 0 0 0 0 0 0 0 0 0 0 0 0 0 
1608 1144 0 0 0 0 0 0 0 0 0 0 0 0 0 0 
1624 1144 0 0 0 0 0 0 0 0 0 0 0 0 0 0 
1640 1144 0 0 0 0 0 0 0 0 0 0 0 0 0 0 
1656 1144 0 0 0 0 0 0 0 0 0 0 0 0 0 0 
1672 1144 0 0 0 0 0 0 0 0 0 0 0 0 0 0 
1688 1144 0 0 0 0 0 0 0 0 0 0 0 0 0 0 
1704 1144 0 0 0 0 0 0 0 0 0 0 0 0 0 0 
1720 1144 0 0 0 0 0 0 0 0 0 0 0 0 0 0 
1736 1144 0 0 0 0 0 0 0 0 0 0 0 0 0 0 
1752 1144 0 0 0 0 0 0 0 0 0 0 0 0 0 0 
1768 1144 0 0 0 0 0 0 0 0 0 0 0 0 0 0 
1784 1144 0 0 0 0 0 0 0 0 0 0 0 0 0 0 
1800 1144 0 0 0 0 0 0 0 0 0 0 0 0 0 0 
1816 1144 0 0 0 0 0 0 0 0 0 0 0 0 0 0 
1832 1144 0 0 0 0 0 0 0 0 0 0 0 0 0 0 
1848 1144 0 0 0 0 0 0 0 0 0 0 0 0 0 0 
1864 1144 0 0 0 0 0 0 0 0 0 0 0 0 0 0 
1880 1144 0 0 0 0 0 0 0 0 0 0 0 0 0 0 
1896 1144 0 0 0 0 0 0 0 0 0 0 0 0 0 0 
1912 1144 0 0 0 0 0 0 0 0 0 0 0 0 0 0 
1928 1144 0 0 0 0 0 0 0 0 0 0 0 0 0 0 
1944 1144 0 0 0 0 0 0 0 0 0 0 0 0 0 0 
1960 1144 0 0 0 0 0 0 0 0 0 0 0 0 0 0 
1976 1144 0 0 0 0 0 0 0 0 0 0 0 0 0 0 
1992 1144 0 0 0 0 0 0 0 0 0 0 0 0 0 0 
2008 1144 0 0 0 0 0 0 0 0 0 0 0 0 0 0 
2024 1144 0 0 0 0 0 0 0 0 0 0 0 0 0 0 
2040 1144 0 0 0 0 0 0 0 0 0 0 0 0 0 0 
2056 1144 0 0 0 0 0 0 0 0 0 0 0 0 0 0 
2072 1144 0 0 0 0 0 0 0 0 0 0 0 0 0 0 
2088 1144 0 0 0 0 0 0 0 0 0 0 0 0 0 0 
2104 1144 0 0 0 0 0 0 0 0 0 0 0 0 0 0 
2120 1144 0 0 0 0 0 0 0 0 0 0 0 0 0 0 
2136 1144 0 0 0 0 0 0 0 0 0 0 0 0 0 0 
2152 1144 0 0 0 0 0 0 0 0 0 0 0 0 0 0 
2168 1144 0 0 0 0 0 0 0 0 0 0 0 0 0 0 
2184 1144 0 0 0 0 0 0 0 0 0 0 0 0 0 0 
2200 1144 0 0 0 0 0 0 0 0 0 0 0 0 0 0 
2216 1144 0 0 0 0 0 0 0 0 0 0 0 0 0 0 
2232 1144 0 0 0 0 0 0 0 0 0 0 0 0 0 0 
2248 1144 0 0 0 0 0 0 0 0 0 0 0 0 0 0 
2264 1144 0 0 0 0 0 0 0 0 0 0 0 0 0 0 
2280 1144 0 0 0 0 0 0 0 0 0 0 0 0 0 0 
2296 1144 0 0 0 0 0 0 0 0 0 0 0 0 0 0 
2312 1144 0 0 0 0 0 0 0 0 0 0 0 0 0 0 
2328 1144 0 0 0 0 0 0 0 0 0 0 0 0 0 0 
2344 1144 0 0 0 0 0 0 0 0 0 0 0 0 0 0 
2360 1144 0 0 0 0 0 0 0 0 0 0 0 0 0 0 
2376 1144 0 0 0 0 0 0 0 0 0 0 0 0 0 0 
2392 1144 0 0 0 0 0 0 0 0 0 0 0 0 0 0 
2408 1144 0 0 0 0 0 0 0 0 0 0 0 0 0 0 
2424 1144 0 0 0 0 0 0 0 0 0 0 0 0 0 0 
2440 1144 0 0 0 0 0 0 0 0 0 0 0 0 0 0 
2456 1144 0 0 0 0 0 0 0 0 0 0 0 0 0 0 
2472 1144 0 0 0 0 0 0 0 0 0 0 0 0 0 0 
2488 1144 0 0 0 0 0 0 0 0 0 0 0 0 0 0 
2504 1144 0 0 0 0 0 0 0 0 0 0 0 0 0 0 
2520 1144 0 0 0 0 0 0 0 0 0 0 0 0 0 0 
2536 1144 0 0 0 0 0 0 0 0 0 0 0 0 0 0 
24 1160 0 0 0 0 0 0 0 0 0 0 0 0 0 0 
40 1160 0 0 0 0 0 0 0 0 0 0 0 0 0 0 
56 1160 0 0 0 0 0 0 0 0 0 0 0 0 0 0 
72 1160 0 0 0 0 0 0 0 0 0 0 0 0 0 0 
88 1160 0 0 0 0 0 0 0 0 0 0 0 0 0 0 
104 1160 0 0 0 0 0 0 0 0 0 0 0 0 0 0 
120 1160 0 0 0 0 0 0 0 0 0 0 0 0 0 0 
136 1160 0 0 0 0 0 0 0 0 0 0 0 0 0 0 
152 1160 0 0 0 0 0 0 0 0 0 0 0 0 0 0 
168 1160 0 0 0 0 0 0 0 0 0 0 0 0 0 0 
184 1160 0 0 0 0 0 0 0 0 0 0 0 0 0 0 
200 1160 0 0 0 0 0 0 0 0 0 0 0 0 0 0 
216 1160 0 0 0 0 0 0 0 0 0 0 0 0 0 0 
232 1160 0 0 0 0 0 0 0 0 0 0 0 0 0 0 
248 1160 0 0 0 0 0 0 0 0 0 0 0 0 0 0 
264 1160 0 0 0 0 0 0 0 0 0 0 0 0 0 0 
280 1160 0 0 0 0 0 0 0 0 0 0 0 0 0 0 
296 1160 0 0 0 0 0 0 0 0 0 0 0 0 0 0 
312 1160 0 0 0 0 0 0 0 0 0 0 0 0 0 0 
328 1160 0 0 0 0 0 0 0 0 0 0 0 0 0 0 
344 1160 0 0 0 0 0 0 0 0 0 0 0 0 0 0 
360 1160 0 0 0 0 0 0 0 0 0 0 0 0 0 0 
376 1160 0 0 0 0 0 0 0 0 0 0 0 0 0 0 
392 1160 0 0 0 0 0 0 0 0 0 0 0 0 0 0 
408 1160 0 0 0 0 0 0 0 0 0 0 0 0 0 0 
424 1160 0 0 0 0 0 0 0 0 0 0 0 0 0 0 
440 1160 0 0 0 0 0 0 0 0 0 0 0 0 0 0 
456 1160 0 0 0 0 0 0 0 0 0 0 0 0 0 0 
472 1160 0 0 0 0 0 0 0 0 0 0 0 0 0 0 
488 1160 0 0 0 0 0 0 0 0 0 0 0 0 0 0 
504 1160 0 0 0 0 0 0 0 0 0 0 0 0 0 0 
520 1160 0 0 0 0 0 0 0 0 0 0 0 0 0 0 
536 1160 0 0 0 0 0 0 0 0 0 0 0 0 0 0 
552 1160 0 0 0 0 0 0 0 0 0 0 0 0 0 0 
568 1160 0 0 0 0 0 0 0 0 0 0 0 0 0 0 
584 1160 0 0 0 0 0 0 0 0 0 0 0 0 0 0 
600 1160 0 0 0 0 0 0 0 0 0 0 0 0 0 0 
616 1160 0 0 0 0 0 0 0 0 0 0 0 0 0 0 
632 1160 0 0 0 0 0 0 0 0 0 0 0 0 0 0 
648 1160 0 0 0 0 0 0 0 0 0 0 0 0 0 0 
664 1160 0 0 0 0 0 0 0 0 0 0 0 0 0 0 
680 1160 0 0 0 0 0 0 0 0 0 0 0 0 0 0 
696 1160 0 0 0 0 0 0 0 0 0 0 0 0 0 0 
712 1160 0 0 0 0 0 0 0 0 0 0 0 0 0 0 
728 1160 0 0 0 0 0 0 0 0 0 0 0 0 0 0 
744 1160 0 0 0 0 0 0 0 0 0 0 0 0 0 0 
760 1160 0 0 0 0 0 0 0 0 0 0 0 0 0 0 
776 1160 0 0 0 0 0 0 0 0 0 0 0 0 0 0 
792 1160 0 0 0 0 0 0 0 0 0 0 0 0 0 0 
808 1160 0 0 0 0 0 0 0 0 0 0 0 0 0 0 
824 1160 0 0 0 0 0 0 0 0 0 0 0 0 0 0 
840 1160 0 0 0 0 0 0 0 0 0 0 0 0 0 0 
856 1160 0 0 0 0 0 0 0 0 0 0 0 0 0 0 
872 1160 0 0 0 0 0 0 0 0 0 0 0 0 0 0 
888 1160 0 0 0 0 0 0 0 0 0 0 0 0 0 0 
904 1160 0 0 0 0 0 0 0 0 0 0 0 0 0 0 
920 1160 0 0 0 0 0 0 0 0 0 0 0 0 0 0 
936 1160 0 0 0 0 0 0 0 0 0 0 0 0 0 0 
952 1160 0 0 0 0 0 0 0 0 0 0 0 0 0 0 
968 1160 0 0 0 0 0 0 0 0 0 0 0 0 0 0 
984 1160 0 0 0 0 0 0 0 0 0 0 0 0 0 0 
1000 1160 0 0 0 0 0 0 0 0 0 0 0 0 0 0 
1016 1160 0 0 0 0 0 0 0 0 0 0 0 0 0 0 
1032 1160 0 0 0 0 0 0 0 0 0 0 0 0 0 0 
1048 1160 0 0 0 0 0 0 0 0 0 0 0 0 0 0 
1064 1160 0 0 0 0 0 0 0 0 0 0 0 0 0 0 
1080 1160 0 0 0 0 0 0 0 0 0 0 0 0 0 0 
1096 1160 0 0 0 0 0 0 0 0 0 0 0 0 0 0 
1112 1160 0 0 0 0 0 0 0 0 0 0 0 0 0 0 
1128 1160 0 0 0 0 0 0 0 0 0 0 0 0 0 0 
1144 1160 0 0 0 0 0 0 0 0 0 0 0 0 0 0 
1160 1160 0 0 0 0 0 0 0 0 0 0 0 0 0 0 
1176 1160 0 0 0 0 0 0 0 0 0 0 0 0 0 0 
1192 1160 0 0 0 0 0 0 0 0 0 0 0 0 0 0 
1208 1160 0 0 0 0 0 0 0 0 0 0 0 0 0 0 
1224 1160 0 0 0 0 0 0 0 0 0 0 0 0 0 0 
1240 1160 0 0 0 0 0 0 0 0 0 0 0 0 0 0 
1256 1160 0 0 0 0 0 0 0 0 0 0 0 0 0 0 
1272 1160 0 0 0 0 0 0 0 0 0 0 0 0 0 0 
1288 1160 0 0 0 0 0 0 0 0 0 0 0 0 0 0 
1304 1160 0 0 0 0 0 0 0 0 0 0 0 0 0 0 
1320 1160 0 0 0 0 0 0 0 0 0 0 0 0 0 0 
1336 1160 0 0 0 0 0 0 0 0 0 0 0 0 0 0 
1352 1160 0 0 0 0 0 0 0 0 0 0 0 0 0 0 
1368 1160 0 0 0 0 0 0 0 0 0 0 0 0 0 0 
1384 1160 0 0 0 0 0 0 0 0 0 0 0 0 0 0 
1400 1160 0 0 0 0 0 0 0 0 0 0 0 0 0 0 
1416 1160 0 0 0 0 0 0 0 0 0 0 0 0 0 0 
1432 1160 0 0 0 0 0 0 0 0 0 0 0 0 0 0 
1448 1160 0 0 0 0 0 0 0 0 0 0 0 0 0 0 
1464 1160 0 0 0 0 0 0 0 0 0 0 0 0 0 0 
1480 1160 0 0 0 0 0 0 0 0 0 0 0 0 0 0 
1496 1160 0 0 0 0 0 0 0 0 0 0 0 0 0 0 
1512 1160 0 0 0 0 0 0 0 0 0 0 0 0 0 0 
1528 1160 0 0 0 0 0 0 0 0 0 0 0 0 0 0 
1544 1160 0 0 0 0 0 0 0 0 0 0 0 0 0 0 
1560 1160 0 0 0 0 0 0 0 0 0 0 0 0 0 0 
1576 1160 0 0 0 0 0 0 0 0 0 0 0 0 0 0 
1592 1160 0 0 0 0 0 0 0 0 0 0 0 0 0 0 
1608 1160 0 0 0 0 0 0 0 0 0 0 0 0 0 0 
1624 1160 0 0 0 0 0 0 0 0 0 0 0 0 0 0 
1640 1160 0 0 0 0 0 0 0 0 0 0 0 0 0 0 
1656 1160 0 0 0 0 0 0 0 0 0 0 0 0 0 0 
1672 1160 0 0 0 0 0 0 0 0 0 0 0 0 0 0 
1688 1160 0 0 0 0 0 0 0 0 0 0 0 0 0 0 
1704 1160 0 0 0 0 0 0 0 0 0 0 0 0 0 0 
1720 1160 0 0 0 0 0 0 0 0 0 0 0 0 0 0 
1736 1160 0 0 0 0 0 0 0 0 0 0 0 0 0 0 
1752 1160 0 0 0 0 0 0 0 0 0 0 0 0 0 0 
1768 1160 0 0 0 0 0 0 0 0 0 0 0 0 0 0 
1784 1160 0 0 0 0 0 0 0 0 0 0 0 0 0 0 
1800 1160 0 0 0 0 0 0 0 0 0 0 0 0 0 0 
1816 1160 0 0 0 0 0 0 0 0 0 0 0 0 0 0 
1832 1160 0 0 0 0 0 0 0 0 0 0 0 0 0 0 
1848 1160 0 0 0 0 0 0 0 0 0 0 0 0 0 0 
1864 1160 0 0 0 0 0 0 0 0 0 0 0 0 0 0 
1880 1160 0 0 0 0 0 0 0 0 0 0 0 0 0 0 
1896 1160 0 0 0 0 0 0 0 0 0 0 0 0 0 0 
1912 1160 0 0 0 0 0 0 0 0 0 0 0 0 0 0 
1928 1160 0 0 0 0 0 0 0 0 0 0 0 0 0 0 
1944 1160 0 0 0 0 0 0 0 0 0 0 0 0 0 0 
1960 1160 0 0 0 0 0 0 0 0 0 0 0 0 0 0 
1976 1160 0 0 0 0 0 0 0 0 0 0 0 0 0 0 
1992 1160 0 0 0 0 0 0 0 0 0 0 0 0 0 0 
2008 1160 0 0 0 0 0 0 0 0 0 0 0 0 0 0 
2024 1160 0 0 0 0 0 0 0 0 0 0 0 0 0 0 
2040 1160 0 0 0 0 0 0 0 0 0 0 0 0 0 0 
2056 1160 0 0 0 0 0 0 0 0 0 0 0 0 0 0 
2072 1160 0 0 0 0 0 0 0 0 0 0 0 0 0 0 
2088 1160 0 0 0 0 0 0 0 0 0 0 0 0 0 0 
2104 1160 0 0 0 0 0 0 0 0 0 0 0 0 0 0 
2120 1160 0 0 0 0 0 0 0 0 0 0 0 0 0 0 
2136 1160 0 0 0 0 0 0 0 0 0 0 0 0 0 0 
2152 1160 0 0 0 0 0 0 0 0 0 0 0 0 0 0 
2168 1160 0 0 0 0 0 0 0 0 0 0 0 0 0 0 
2184 1160 0 0 0 0 0 0 0 0 0 0 0 0 0 0 
2200 1160 0 0 0 0 0 0 0 0 0 0 0 0 0 0 
2216 1160 0 0 0 0 0 0 0 0 0 0 0 0 0 0 
2232 1160 0 0 0 0 0 0 0 0 0 0 0 0 0 0 
2248 1160 0 0 0 0 0 0 0 0 0 0 0 0 0 0 
2264 1160 0 0 0 0 0 0 0 0 0 0 0 0 0 0 
2280 1160 0 0 0 0 0 0 0 0 0 0 0 0 0 0 
2296 1160 0 0 0 0 0 0 0 0 0 0 0 0 0 0 
2312 1160 0 0 0 0 0 0 0 0 0 0 0 0 0 0 
2328 1160 0 0 0 0 0 0 0 0 0 0 0 0 0 0 
2344 1160 0 0 0 0 0 0 0 0 0 0 0 0 0 0 
2360 1160 0 0 0 0 0 0 0 0 0 0 0 0 0 0 
2376 1160 0 0 0 0 0 0 0 0 0 0 0 0 0 0 
2392 1160 0 0 0 0 0 0 0 0 0 0 0 0 0 0 
2408 1160 0 0 0 0 0 0 0 0 0 0 0 0 0 0 
2424 1160 0 0 0 0 0 0 0 0 0 0 0 0 0 0 
2440 1160 0 0 0 0 0 0 0 0 0 0 0 0 0 0 
2456 1160 0 0 0 0 0 0 0 0 0 0 0 0 0 0 
2472 1160 0 0 0 0 0 0 0 0 0 0 0 0 0 0 
2488 1160 0 0 0 0 0 0 0 0 0 0 0 0 0 0 
2504 1160 0 0 0 0 0 0 0 0 0 0 0 0 0 0 
2520 1160 0 0 0 0 0 0 0 0 0 0 0 0 0 0 
2536 1160 0 0 0 0 0 0 0 0 0 0 0 0 0 0 
24 1176 0 0 0 0 0 0 0 0 0 0 0 0 0 0 
40 1176 0 0 0 0 0 0 0 0 0 0 0 0 0 0 
56 1176 0 0 0 0 0 0 0 0 0 0 0 0 0 0 
72 1176 0 0 0 0 0 0 0 0 0 0 0 0 0 0 
88 1176 0 0 0 0 0 0 0 0 0 0 0 0 0 0 
104 1176 0 0 0 0 0 0 0 0 0 0 0 0 0 0 
120 1176 0 0 0 0 0 0 0 0 0 0 0 0 0 0 
136 1176 0 0 0 0 0 0 0 0 0 0 0 0 0 0 
152 1176 0 0 0 0 0 0 0 0 0 0 0 0 0 0 
168 1176 0 0 0 0 0 0 0 0 0 0 0 0 0 0 
184 1176 0 0 0 0 0 0 0 0 0 0 0 0 0 0 
200 1176 0 0 0 0 0 0 0 0 0 0 0 0 0 0 
216 1176 0 0 0 0 0 0 0 0 0 0 0 0 0 0 
232 1176 0 0 0 0 0 0 0 0 0 0 0 0 0 0 
248 1176 0 0 0 0 0 0 0 0 0 0 0 0 0 0 
264 1176 0 0 0 0 0 0 0 0 0 0 0 0 0 0 
280 1176 0 0 0 0 0 0 0 0 0 0 0 0 0 0 
296 1176 0 0 0 0 0 0 0 0 0 0 0 0 0 0 
312 1176 0 0 0 0 0 0 0 0 0 0 0 0 0 0 
328 1176 0 0 0 0 0 0 0 0 0 0 0 0 0 0 
344 1176 0 0 0 0 0 0 0 0 0 0 0 0 0 0 
360 1176 0 0 0 0 0 0 0 0 0 0 0 0 0 0 
376 1176 0 0 0 0 0 0 0 0 0 0 0 0 0 0 
392 1176 0 0 0 0 0 0 0 0 0 0 0 0 0 0 
408 1176 0 0 0 0 0 0 0 0 0 0 0 0 0 0 
424 1176 0 0 0 0 0 0 0 0 0 0 0 0 0 0 
440 1176 0 0 0 0 0 0 0 0 0 0 0 0 0 0 
456 1176 0 0 0 0 0 0 0 0 0 0 0 0 0 0 
472 1176 0 0 0 0 0 0 0 0 0 0 0 0 0 0 
488 1176 0 0 0 0 0 0 0 0 0 0 0 0 0 0 
504 1176 0 0 0 0 0 0 0 0 0 0 0 0 0 0 
520 1176 0 0 0 0 0 0 0 0 0 0 0 0 0 0 
536 1176 0 0 0 0 0 0 0 0 0 0 0 0 0 0 
552 1176 0 0 0 0 0 0 0 0 0 0 0 0 0 0 
568 1176 0 0 0 0 0 0 0 0 0 0 0 0 0 0 
584 1176 0 0 0 0 0 0 0 0 0 0 0 0 0 0 
600 1176 0 0 0 0 0 0 0 0 0 0 0 0 0 0 
616 1176 0 0 0 0 0 0 0 0 0 0 0 0 0 0 
632 1176 0 0 0 0 0 0 0 0 0 0 0 0 0 0 
648 1176 0 0 0 0 0 0 0 0 0 0 0 0 0 0 
664 1176 0 0 0 0 0 0 0 0 0 0 0 0 0 0 
680 1176 0 0 0 0 0 0 0 0 0 0 0 0 0 0 
696 1176 0 0 0 0 0 0 0 0 0 0 0 0 0 0 
712 1176 0 0 0 0 0 0 0 0 0 0 0 0 0 0 
728 1176 0 0 0 0 0 0 0 0 0 0 0 0 0 0 
744 1176 0 0 0 0 0 0 0 0 0 0 0 0 0 0 
760 1176 0 0 0 0 0 0 0 0 0 0 0 0 0 0 
776 1176 0 0 0 0 0 0 0 0 0 0 0 0 0 0 
792 1176 0 0 0 0 0 0 0 0 0 0 0 0 0 0 
808 1176 0 0 0 0 0 0 0 0 0 0 0 0 0 0 
824 1176 0 0 0 0 0 0 0 0 0 0 0 0 0 0 
840 1176 0 0 0 0 0 0 0 0 0 0 0 0 0 0 
856 1176 0 0 0 0 0 0 0 0 0 0 0 0 0 0 
872 1176 0 0 0 0 0 0 0 0 0 0 0 0 0 0 
888 1176 0 0 0 0 0 0 0 0 0 0 0 0 0 0 
904 1176 0 0 0 0 0 0 0 0 0 0 0 0 0 0 
920 1176 0 0 0 0 0 0 0 0 0 0 0 0 0 0 
936 1176 0 0 0 0 0 0 0 0 0 0 0 0 0 0 
952 1176 0 0 0 0 0 0 0 0 0 0 0 0 0 0 
968 1176 0 0 0 0 0 0 0 0 0 0 0 0 0 0 
984 1176 0 0 0 0 0 0 0 0 0 0 0 0 0 0 
1000 1176 0 0 0 0 0 0 0 0 0 0 0 0 0 0 
1016 1176 0 0 0 0 0 0 0 0 0 0 0 0 0 0 
1032 1176 0 0 0 0 0 0 0 0 0 0 0 0 0 0 
1048 1176 0 0 0 0 0 0 0 0 0 0 0 0 0 0 
1064 1176 0 0 0 0 0 0 0 0 0 0 0 0 0 0 
1080 1176 0 0 0 0 0 0 0 0 0 0 0 0 0 0 
1096 1176 0 0 0 0 0 0 0 0 0 0 0 0 0 0 
1112 1176 0 0 0 0 0 0 0 0 0 0 0 0 0 0 
1128 1176 0 0 0 0 0 0 0 0 0 0 0 0 0 0 
1144 1176 0 0 0 0 0 0 0 0 0 0 0 0 0 0 
1160 1176 0 0 0 0 0 0 0 0 0 0 0 0 0 0 
1176 1176 0 0 0 0 0 0 0 0 0 0 0 0 0 0 
1192 1176 0 0 0 0 0 0 0 0 0 0 0 0 0 0 
1208 1176 0 0 0 0 0 0 0 0 0 0 0 0 0 0 
1224 1176 0 0 0 0 0 0 0 0 0 0 0 0 0 0 
1240 1176 0 0 0 0 0 0 0 0 0 0 0 0 0 0 
1256 1176 0 0 0 0 0 0 0 0 0 0 0 0 0 0 
1272 1176 0 0 0 0 0 0 0 0 0 0 0 0 0 0 
1288 1176 0 0 0 0 0 0 0 0 0 0 0 0 0 0 
1304 1176 0 0 0 0 0 0 0 0 0 0 0 0 0 0 
1320 1176 0 0 0 0 0 0 0 0 0 0 0 0 0 0 
1336 1176 0 0 0 0 0 0 0 0 0 0 0 0 0 0 
1352 1176 0 0 0 0 0 0 0 0 0 0 0 0 0 0 
1368 1176 0 0 0 0 0 0 0 0 0 0 0 0 0 0 
1384 1176 0 0 0 0 0 0 0 0 0 0 0 0 0 0 
1400 1176 0 0 0 0 0 0 0 0 0 0 0 0 0 0 
1416 1176 0 0 0 0 0 0 0 0 0 0 0 0 0 0 
1432 1176 0 0 0 0 0 0 0 0 0 0 0 0 0 0 
1448 1176 0 0 0 0 0 0 0 0 0 0 0 0 0 0 
1464 1176 0 0 0 0 0 0 0 0 0 0 0 0 0 0 
1480 1176 0 0 0 0 0 0 0 0 0 0 0 0 0 0 
1496 1176 0 0 0 0 0 0 0 0 0 0 0 0 0 0 
1512 1176 0 0 0 0 0 0 0 0 0 0 0 0 0 0 
1528 1176 0 0 0 0 0 0 0 0 0 0 0 0 0 0 
1544 1176 0 0 0 0 0 0 0 0 0 0 0 0 0 0 
1560 1176 0 0 0 0 0 0 0 0 0 0 0 0 0 0 
1576 1176 0 0 0 0 0 0 0 0 0 0 0 0 0 0 
1592 1176 0 0 0 0 0 0 0 0 0 0 0 0 0 0 
1608 1176 0 0 0 0 0 0 0 0 0 0 0 0 0 0 
1624 1176 0 0 0 0 0 0 0 0 0 0 0 0 0 0 
1640 1176 0 0 0 0 0 0 0 0 0 0 0 0 0 0 
1656 1176 0 0 0 0 0 0 0 0 0 0 0 0 0 0 
1672 1176 0 0 0 0 0 0 0 0 0 0 0 0 0 0 
1688 1176 0 0 0 0 0 0 0 0 0 0 0 0 0 0 
1704 1176 0 0 0 0 0 0 0 0 0 0 0 0 0 0 
1720 1176 0 0 0 0 0 0 0 0 0 0 0 0 0 0 
1736 1176 0 0 0 0 0 0 0 0 0 0 0 0 0 0 
1752 1176 0 0 0 0 0 0 0 0 0 0 0 0 0 0 
1768 1176 0 0 0 0 0 0 0 0 0 0 0 0 0 0 
1784 1176 0 0 0 0 0 0 0 0 0 0 0 0 0 0 
1800 1176 0 0 0 0 0 0 0 0 0 0 0 0 0 0 
1816 1176 0 0 0 0 0 0 0 0 0 0 0 0 0 0 
1832 1176 0 0 0 0 0 0 0 0 0 0 0 0 0 0 
1848 1176 0 0 0 0 0 0 0 0 0 0 0 0 0 0 
1864 1176 0 0 0 0 0 0 0 0 0 0 0 0 0 0 
1880 1176 0 0 0 0 0 0 0 0 0 0 0 0 0 0 
1896 1176 0 0 0 0 0 0 0 0 0 0 0 0 0 0 
1912 1176 0 0 0 0 0 0 0 0 0 0 0 0 0 0 
1928 1176 0 0 0 0 0 0 0 0 0 0 0 0 0 0 
1944 1176 0 0 0 0 0 0 0 0 0 0 0 0 0 0 
1960 1176 0 0 0 0 0 0 0 0 0 0 0 0 0 0 
1976 1176 0 0 0 0 0 0 0 0 0 0 0 0 0 0 
1992 1176 0 0 0 0 0 0 0 0 0 0 0 0 0 0 
2008 1176 0 0 0 0 0 0 0 0 0 0 0 0 0 0 
2024 1176 0 0 0 0 0 0 0 0 0 0 0 0 0 0 
2040 1176 0 0 0 0 0 0 0 0 0 0 0 0 0 0 
2056 1176 0 0 0 0 0 0 0 0 0 0 0 0 0 0 
2072 1176 0 0 0 0 0 0 0 0 0 0 0 0 0 0 
2088 1176 0 0 0 0 0 0 0 0 0 0 0 0 0 0 
2104 1176 0 0 0 0 0 0 0 0 0 0 0 0 0 0 
2120 1176 0 0 0 0 0 0 0 0 0 0 0 0 0 0 
2136 1176 0 0 0 0 0 0 0 0 0 0 0 0 0 0 
2152 1176 0 0 0 0 0 0 0 0 0 0 0 0 0 0 
2168 1176 0 0 0 0 0 0 0 0 0 0 0 0 0 0 
2184 1176 0 0 0 0 0 0 0 0 0 0 0 0 0 0 
2200 1176 0 0 0 0 0 0 0 0 0 0 0 0 0 0 
2216 1176 0 0 0 0 0 0 0 0 0 0 0 0 0 0 
2232 1176 0 0 0 0 0 0 0 0 0 0 0 0 0 0 
2248 1176 0 0 0 0 0 0 0 0 0 0 0 0 0 0 
2264 1176 0 0 0 0 0 0 0 0 0 0 0 0 0 0 
2280 1176 0 0 0 0 0 0 0 0 0 0 0 0 0 0 
2296 1176 0 0 0 0 0 0 0 0 0 0 0 0 0 0 
2312 1176 0 0 0 0 0 0 0 0 0 0 0 0 0 0 
2328 1176 0 0 0 0 0 0 0 0 0 0 0 0 0 0 
2344 1176 0 0 0 0 0 0 0 0 0 0 0 0 0 0 
2360 1176 0 0 0 0 0 0 0 0 0 0 0 0 0 0 
2376 1176 0 0 0 0 0 0 0 0 0 0 0 0 0 0 
2392 1176 0 0 0 0 0 0 0 0 0 0 0 0 0 0 
2408 1176 0 0 0 0 0 0 0 0 0 0 0 0 0 0 
2424 1176 0 0 0 0 0 0 0 0 0 0 0 0 0 0 
2440 1176 0 0 0 0 0 0 0 0 0 0 0 0 0 0 
2456 1176 0 0 0 0 0 0 0 0 0 0 0 0 0 0 
2472 1176 0 0 0 0 0 0 0 0 0 0 0 0 0 0 
2488 1176 0 0 0 0 0 0 0 0 0 0 0 0 0 0 
2504 1176 0 0 0 0 0 0 0 0 0 0 0 0 0 0 
2520 1176 0 0 0 0 0 0 0 0 0 0 0 0 0 0 
2536 1176 0 0 0 0 0 0 0 0 0 0 0 0 0 0 
24 1192 0 0 0 0 0 0 0 0 0 0 0 0 0 0 
40 1192 0 0 0 0 0 0 0 0 0 0 0 0 0 0 
56 1192 0 0 0 0 0 0 0 0 0 0 0 0 0 0 
72 1192 0 0 0 0 0 0 0 0 0 0 0 0 0 0 
88 1192 0 0 0 0 0 0 0 0 0 0 0 0 0 0 
104 1192 0 0 0 0 0 0 0 0 0 0 0 0 0 0 
120 1192 0 0 0 0 0 0 0 0 0 0 0 0 0 0 
136 1192 0 0 0 0 0 0 0 0 0 0 0 0 0 0 
152 1192 0 0 0 0 0 0 0 0 0 0 0 0 0 0 
168 1192 0 0 0 0 0 0 0 0 0 0 0 0 0 0 
184 1192 0 0 0 0 0 0 0 0 0 0 0 0 0 0 
200 1192 0 0 0 0 0 0 0 0 0 0 0 0 0 0 
216 1192 0 0 0 0 0 0 0 0 0 0 0 0 0 0 
232 1192 0 0 0 0 0 0 0 0 0 0 0 0 0 0 
248 1192 0 0 0 0 0 0 0 0 0 0 0 0 0 0 
264 1192 0 0 0 0 0 0 0 0 0 0 0 0 0 0 
280 1192 0 0 0 0 0 0 0 0 0 0 0 0 0 0 
296 1192 0 0 0 0 0 0 0 0 0 0 0 0 0 0 
312 1192 0 0 0 0 0 0 0 0 0 0 0 0 0 0 
328 1192 0 0 0 0 0 0 0 0 0 0 0 0 0 0 
344 1192 0 0 0 0 0 0 0 0 0 0 0 0 0 0 
360 1192 0 0 0 0 0 0 0 0 0 0 0 0 0 0 
376 1192 0 0 0 0 0 0 0 0 0 0 0 0 0 0 
392 1192 0 0 0 0 0 0 0 0 0 0 0 0 0 0 
408 1192 0 0 0 0 0 0 0 0 0 0 0 0 0 0 
424 1192 0 0 0 0 0 0 0 0 0 0 0 0 0 0 
440 1192 0 0 0 0 0 0 0 0 0 0 0 0 0 0 
456 1192 0 0 0 0 0 0 0 0 0 0 0 0 0 0 
472 1192 0 0 0 0 0 0 0 0 0 0 0 0 0 0 
488 1192 0 0 0 0 0 0 0 0 0 0 0 0 0 0 
504 1192 0 0 0 0 0 0 0 0 0 0 0 0 0 0 
520 1192 0 0 0 0 0 0 0 0 0 0 0 0 0 0 
536 1192 0 0 0 0 0 0 0 0 0 0 0 0 0 0 
552 1192 0 0 0 0 0 0 0 0 0 0 0 0 0 0 
568 1192 0 0 0 0 0 0 0 0 0 0 0 0 0 0 
584 1192 0 0 0 0 0 0 0 0 0 0 0 0 0 0 
600 1192 0 0 0 0 0 0 0 0 0 0 0 0 0 0 
616 1192 0 0 0 0 0 0 0 0 0 0 0 0 0 0 
632 1192 0 0 0 0 0 0 0 0 0 0 0 0 0 0 
648 1192 0 0 0 0 0 0 0 0 0 0 0 0 0 0 
664 1192 0 0 0 0 0 0 0 0 0 0 0 0 0 0 
680 1192 0 0 0 0 0 0 0 0 0 0 0 0 0 0 
696 1192 0 0 0 0 0 0 0 0 0 0 0 0 0 0 
712 1192 0 0 0 0 0 0 0 0 0 0 0 0 0 0 
728 1192 0 0 0 0 0 0 0 0 0 0 0 0 0 0 
744 1192 0 0 0 0 0 0 0 0 0 0 0 0 0 0 
760 1192 0 0 0 0 0 0 0 0 0 0 0 0 0 0 
776 1192 0 0 0 0 0 0 0 0 0 0 0 0 0 0 
792 1192 0 0 0 0 0 0 0 0 0 0 0 0 0 0 
808 1192 0 0 0 0 0 0 0 0 0 0 0 0 0 0 
824 1192 0 0 0 0 0 0 0 0 0 0 0 0 0 0 
840 1192 0 0 0 0 0 0 0 0 0 0 0 0 0 0 
856 1192 0 0 0 0 0 0 0 0 0 0 0 0 0 0 
872 1192 0 0 0 0 0 0 0 0 0 0 0 0 0 0 
888 1192 0 0 0 0 0 0 0 0 0 0 0 0 0 0 
904 1192 0 0 0 0 0 0 0 0 0 0 0 0 0 0 
920 1192 0 0 0 0 0 0 0 0 0 0 0 0 0 0 
936 1192 0 0 0 0 0 0 0 0 0 0 0 0 0 0 
952 1192 0 0 0 0 0 0 0 0 0 0 0 0 0 0 
968 1192 0 0 0 0 0 0 0 0 0 0 0 0 0 0 
984 1192 0 0 0 0 0 0 0 0 0 0 0 0 0 0 
1000 1192 0 0 0 0 0 0 0 0 0 0 0 0 0 0 
1016 1192 0 0 0 0 0 0 0 0 0 0 0 0 0 0 
1032 1192 0 0 0 0 0 0 0 0 0 0 0 0 0 0 
1048 1192 0 0 0 0 0 0 0 0 0 0 0 0 0 0 
1064 1192 0 0 0 0 0 0 0 0 0 0 0 0 0 0 
1080 1192 0 0 0 0 0 0 0 0 0 0 0 0 0 0 
1096 1192 0 0 0 0 0 0 0 0 0 0 0 0 0 0 
1112 1192 0 0 0 0 0 0 0 0 0 0 0 0 0 0 
1128 1192 0 0 0 0 0 0 0 0 0 0 0 0 0 0 
1144 1192 0 0 0 0 0 0 0 0 0 0 0 0 0 0 
1160 1192 0 0 0 0 0 0 0 0 0 0 0 0 0 0 
1176 1192 0 0 0 0 0 0 0 0 0 0 0 0 0 0 
1192 1192 0 0 0 0 0 0 0 0 0 0 0 0 0 0 
1208 1192 0 0 0 0 0 0 0 0 0 0 0 0 0 0 
1224 1192 0 0 0 0 0 0 0 0 0 0 0 0 0 0 
1240 1192 0 0 0 0 0 0 0 0 0 0 0 0 0 0 
1256 1192 0 0 0 0 0 0 0 0 0 0 0 0 0 0 
1272 1192 0 0 0 0 0 0 0 0 0 0 0 0 0 0 
1288 1192 0 0 0 0 0 0 0 0 0 0 0 0 0 0 
1304 1192 0 0 0 0 0 0 0 0 0 0 0 0 0 0 
1320 1192 0 0 0 0 0 0 0 0 0 0 0 0 0 0 
1336 1192 0 0 0 0 0 0 0 0 0 0 0 0 0 0 
1352 1192 0 0 0 0 0 0 0 0 0 0 0 0 0 0 
1368 1192 0 0 0 0 0 0 0 0 0 0 0 0 0 0 
1384 1192 0 0 0 0 0 0 0 0 0 0 0 0 0 0 
1400 1192 0 0 0 0 0 0 0 0 0 0 0 0 0 0 
1416 1192 0 0 0 0 0 0 0 0 0 0 0 0 0 0 
1432 1192 0 0 0 0 0 0 0 0 0 0 0 0 0 0 
1448 1192 0 0 0 0 0 0 0 0 0 0 0 0 0 0 
1464 1192 0 0 0 0 0 0 0 0 0 0 0 0 0 0 
1480 1192 0 0 0 0 0 0 0 0 0 0 0 0 0 0 
1496 1192 0 0 0 0 0 0 0 0 0 0 0 0 0 0 
1512 1192 0 0 0 0 0 0 0 0 0 0 0 0 0 0 
1528 1192 0 0 0 0 0 0 0 0 0 0 0 0 0 0 
1544 1192 0 0 0 0 0 0 0 0 0 0 0 0 0 0 
1560 1192 0 0 0 0 0 0 0 0 0 0 0 0 0 0 
1576 1192 0 0 0 0 0 0 0 0 0 0 0 0 0 0 
1592 1192 0 0 0 0 0 0 0 0 0 0 0 0 0 0 
1608 1192 0 0 0 0 0 0 0 0 0 0 0 0 0 0 
1624 1192 0 0 0 0 0 0 0 0 0 0 0 0 0 0 
1640 1192 0 0 0 0 0 0 0 0 0 0 0 0 0 0 
1656 1192 0 0 0 0 0 0 0 0 0 0 0 0 0 0 
1672 1192 0 0 0 0 0 0 0 0 0 0 0 0 0 0 
1688 1192 0 0 0 0 0 0 0 0 0 0 0 0 0 0 
1704 1192 0 0 0 0 0 0 0 0 0 0 0 0 0 0 
1720 1192 0 0 0 0 0 0 0 0 0 0 0 0 0 0 
1736 1192 0 0 0 0 0 0 0 0 0 0 0 0 0 0 
1752 1192 0 0 0 0 0 0 0 0 0 0 0 0 0 0 
1768 1192 0 0 0 0 0 0 0 0 0 0 0 0 0 0 
1784 1192 0 0 0 0 0 0 0 0 0 0 0 0 0 0 
1800 1192 0 0 0 0 0 0 0 0 0 0 0 0 0 0 
1816 1192 0 0 0 0 0 0 0 0 0 0 0 0 0 0 
1832 1192 0 0 0 0 0 0 0 0 0 0 0 0 0 0 
1848 1192 0 0 0 0 0 0 0 0 0 0 0 0 0 0 
1864 1192 0 0 0 0 0 0 0 0 0 0 0 0 0 0 
1880 1192 0 0 0 0 0 0 0 0 0 0 0 0 0 0 
1896 1192 0 0 0 0 0 0 0 0 0 0 0 0 0 0 
1912 1192 0 0 0 0 0 0 0 0 0 0 0 0 0 0 
1928 1192 0 0 0 0 0 0 0 0 0 0 0 0 0 0 
1944 1192 0 0 0 0 0 0 0 0 0 0 0 0 0 0 
1960 1192 0 0 0 0 0 0 0 0 0 0 0 0 0 0 
1976 1192 0 0 0 0 0 0 0 0 0 0 0 0 0 0 
1992 1192 0 0 0 0 0 0 0 0 0 0 0 0 0 0 
2008 1192 0 0 0 0 0 0 0 0 0 0 0 0 0 0 
2024 1192 0 0 0 0 0 0 0 0 0 0 0 0 0 0 
2040 1192 0 0 0 0 0 0 0 0 0 0 0 0 0 0 
2056 1192 0 0 0 0 0 0 0 0 0 0 0 0 0 0 
2072 1192 0 0 0 0 0 0 0 0 0 0 0 0 0 0 
2088 1192 0 0 0 0 0 0 0 0 0 0 0 0 0 0 
2104 1192 0 0 0 0 0 0 0 0 0 0 0 0 0 0 
2120 1192 0 0 0 0 0 0 0 0 0 0 0 0 0 0 
2136 1192 0 0 0 0 0 0 0 0 0 0 0 0 0 0 
2152 1192 0 0 0 0 0 0 0 0 0 0 0 0 0 0 
2168 1192 0 0 0 0 0 0 0 0 0 0 0 0 0 0 
2184 1192 0 0 0 0 0 0 0 0 0 0 0 0 0 0 
2200 1192 0 0 0 0 0 0 0 0 0 0 0 0 0 0 
2216 1192 0 0 0 0 0 0 0 0 0 0 0 0 0 0 
2232 1192 0 0 0 0 0 0 0 0 0 0 0 0 0 0 
2248 1192 0 0 0 0 0 0 0 0 0 0 0 0 0 0 
2264 1192 0 0 0 0 0 0 0 0 0 0 0 0 0 0 
2280 1192 0 0 0 0 0 0 0 0 0 0 0 0 0 0 
2296 1192 0 0 0 0 0 0 0 0 0 0 0 0 0 0 
2312 1192 0 0 0 0 0 0 0 0 0 0 0 0 0 0 
2328 1192 0 0 0 0 0 0 0 0 0 0 0 0 0 0 
2344 1192 0 0 0 0 0 0 0 0 0 0 0 0 0 0 
2360 1192 0 0 0 0 0 0 0 0 0 0 0 0 0 0 
2376 1192 0 0 0 0 0 0 0 0 0 0 0 0 0 0 
2392 1192 0 0 0 0 0 0 0 0 0 0 0 0 0 0 
2408 1192 0 0 0 0 0 0 0 0 0 0 0 0 0 0 
2424 1192 0 0 0 0 0 0 0 0 0 0 0 0 0 0 
2440 1192 0 0 0 0 0 0 0 0 0 0 0 0 0 0 
2456 1192 0 0 0 0 0 0 0 0 0 0 0 0 0 0 
2472 1192 0 0 0 0 0 0 0 0 0 0 0 0 0 0 
2488 1192 0 0 0 0 0 0 0 0 0 0 0 0 0 0 
2504 1192 0 0 0 0 0 0 0 0 0 0 0 0 0 0 
2520 1192 0 0 0 0 0 0 0 0 0 0 0 0 0 0 
2536 1192 0 0 0 0 0 0 0 0 0 0 0 0 0 0 
24 1208 0 0 0 0 0 0 0 0 0 0 0 0 0 0 
40 1208 0 0 0 0 0 0 0 0 0 0 0 0 0 0 
56 1208 0 0 0 0 0 0 0 0 0 0 0 0 0 0 
72 1208 0 0 0 0 0 0 0 0 0 0 0 0 0 0 
88 1208 0 0 0 0 0 0 0 0 0 0 0 0 0 0 
104 1208 0 0 0 0 0 0 0 0 0 0 0 0 0 0 
120 1208 0 0 0 0 0 0 0 0 0 0 0 0 0 0 
136 1208 0 0 0 0 0 0 0 0 0 0 0 0 0 0 
152 1208 0 0 0 0 0 0 0 0 0 0 0 0 0 0 
168 1208 0 0 0 0 0 0 0 0 0 0 0 0 0 0 
184 1208 0 0 0 0 0 0 0 0 0 0 0 0 0 0 
200 1208 0 0 0 0 0 0 0 0 0 0 0 0 0 0 
216 1208 0 0 0 0 0 0 0 0 0 0 0 0 0 0 
232 1208 0 0 0 0 0 0 0 0 0 0 0 0 0 0 
248 1208 0 0 0 0 0 0 0 0 0 0 0 0 0 0 
264 1208 0 0 0 0 0 0 0 0 0 0 0 0 0 0 
280 1208 0 0 0 0 0 0 0 0 0 0 0 0 0 0 
296 1208 0 0 0 0 0 0 0 0 0 0 0 0 0 0 
312 1208 0 0 0 0 0 0 0 0 0 0 0 0 0 0 
328 1208 0 0 0 0 0 0 0 0 0 0 0 0 0 0 
344 1208 0 0 0 0 0 0 0 0 0 0 0 0 0 0 
360 1208 0 0 0 0 0 0 0 0 0 0 0 0 0 0 
376 1208 0 0 0 0 0 0 0 0 0 0 0 0 0 0 
392 1208 0 0 0 0 0 0 0 0 0 0 0 0 0 0 
408 1208 0 0 0 0 0 0 0 0 0 0 0 0 0 0 
424 1208 0 0 0 0 0 0 0 0 0 0 0 0 0 0 
440 1208 0 0 0 0 0 0 0 0 0 0 0 0 0 0 
456 1208 0 0 0 0 0 0 0 0 0 0 0 0 0 0 
472 1208 0 0 0 0 0 0 0 0 0 0 0 0 0 0 
488 1208 0 0 0 0 0 0 0 0 0 0 0 0 0 0 
504 1208 0 0 0 0 0 0 0 0 0 0 0 0 0 0 
520 1208 0 0 0 0 0 0 0 0 0 0 0 0 0 0 
536 1208 0 0 0 0 0 0 0 0 0 0 0 0 0 0 
552 1208 0 0 0 0 0 0 0 0 0 0 0 0 0 0 
568 1208 0 0 0 0 0 0 0 0 0 0 0 0 0 0 
584 1208 0 0 0 0 0 0 0 0 0 0 0 0 0 0 
600 1208 0 0 0 0 0 0 0 0 0 0 0 0 0 0 
616 1208 0 0 0 0 0 0 0 0 0 0 0 0 0 0 
632 1208 0 0 0 0 0 0 0 0 0 0 0 0 0 0 
648 1208 0 0 0 0 0 0 0 0 0 0 0 0 0 0 
664 1208 0 0 0 0 0 0 0 0 0 0 0 0 0 0 
680 1208 0 0 0 0 0 0 0 0 0 0 0 0 0 0 
696 1208 0 0 0 0 0 0 0 0 0 0 0 0 0 0 
712 1208 0 0 0 0 0 0 0 0 0 0 0 0 0 0 
728 1208 0 0 0 0 0 0 0 0 0 0 0 0 0 0 
744 1208 0 0 0 0 0 0 0 0 0 0 0 0 0 0 
760 1208 0 0 0 0 0 0 0 0 0 0 0 0 0 0 
776 1208 0 0 0 0 0 0 0 0 0 0 0 0 0 0 
792 1208 0 0 0 0 0 0 0 0 0 0 0 0 0 0 
808 1208 0 0 0 0 0 0 0 0 0 0 0 0 0 0 
824 1208 0 0 0 0 0 0 0 0 0 0 0 0 0 0 
840 1208 0 0 0 0 0 0 0 0 0 0 0 0 0 0 
856 1208 0 0 0 0 0 0 0 0 0 0 0 0 0 0 
872 1208 0 0 0 0 0 0 0 0 0 0 0 0 0 0 
888 1208 0 0 0 0 0 0 0 0 0 0 0 0 0 0 
904 1208 0 0 0 0 0 0 0 0 0 0 0 0 0 0 
920 1208 0 0 0 0 0 0 0 0 0 0 0 0 0 0 
936 1208 0 0 0 0 0 0 0 0 0 0 0 0 0 0 
952 1208 0 0 0 0 0 0 0 0 0 0 0 0 0 0 
968 1208 0 0 0 0 0 0 0 0 0 0 0 0 0 0 
984 1208 0 0 0 0 0 0 0 0 0 0 0 0 0 0 
1000 1208 0 0 0 0 0 0 0 0 0 0 0 0 0 0 
1016 1208 0 0 0 0 0 0 0 0 0 0 0 0 0 0 
1032 1208 0 0 0 0 0 0 0 0 0 0 0 0 0 0 
1048 1208 0 0 0 0 0 0 0 0 0 0 0 0 0 0 
1064 1208 0 0 0 0 0 0 0 0 0 0 0 0 0 0 
1080 1208 0 0 0 0 0 0 0 0 0 0 0 0 0 0 
1096 1208 0 0 0 0 0 0 0 0 0 0 0 0 0 0 
1112 1208 0 0 0 0 0 0 0 0 0 0 0 0 0 0 
1128 1208 0 0 0 0 0 0 0 0 0 0 0 0 0 0 
1144 1208 0 0 0 0 0 0 0 0 0 0 0 0 0 0 
1160 1208 0 0 0 0 0 0 0 0 0 0 0 0 0 0 
1176 1208 0 0 0 0 0 0 0 0 0 0 0 0 0 0 
1192 1208 0 0 0 0 0 0 0 0 0 0 0 0 0 0 
1208 1208 0 0 0 0 0 0 0 0 0 0 0 0 0 0 
1224 1208 0 0 0 0 0 0 0 0 0 0 0 0 0 0 
1240 1208 0 0 0 0 0 0 0 0 0 0 0 0 0 0 
1256 1208 0 0 0 0 0 0 0 0 0 0 0 0 0 0 
1272 1208 0 0 0 0 0 0 0 0 0 0 0 0 0 0 
1288 1208 0 0 0 0 0 0 0 0 0 0 0 0 0 0 
1304 1208 0 0 0 0 0 0 0 0 0 0 0 0 0 0 
1320 1208 0 0 0 0 0 0 0 0 0 0 0 0 0 0 
1336 1208 0 0 0 0 0 0 0 0 0 0 0 0 0 0 
1352 1208 0 0 0 0 0 0 0 0 0 0 0 0 0 0 
1368 1208 0 0 0 0 0 0 0 0 0 0 0 0 0 0 
1384 1208 0 0 0 0 0 0 0 0 0 0 0 0 0 0 
1400 1208 0 0 0 0 0 0 0 0 0 0 0 0 0 0 
1416 1208 0 0 0 0 0 0 0 0 0 0 0 0 0 0 
1432 1208 0 0 0 0 0 0 0 0 0 0 0 0 0 0 
1448 1208 0 0 0 0 0 0 0 0 0 0 0 0 0 0 
1464 1208 0 0 0 0 0 0 0 0 0 0 0 0 0 0 
1480 1208 0 0 0 0 0 0 0 0 0 0 0 0 0 0 
1496 1208 0 0 0 0 0 0 0 0 0 0 0 0 0 0 
1512 1208 0 0 0 0 0 0 0 0 0 0 0 0 0 0 
1528 1208 0 0 0 0 0 0 0 0 0 0 0 0 0 0 
1544 1208 0 0 0 0 0 0 0 0 0 0 0 0 0 0 
1560 1208 0 0 0 0 0 0 0 0 0 0 0 0 0 0 
1576 1208 0 0 0 0 0 0 0 0 0 0 0 0 0 0 
1592 1208 0 0 0 0 0 0 0 0 0 0 0 0 0 0 
1608 1208 0 0 0 0 0 0 0 0 0 0 0 0 0 0 
1624 1208 0 0 0 0 0 0 0 0 0 0 0 0 0 0 
1640 1208 0 0 0 0 0 0 0 0 0 0 0 0 0 0 
1656 1208 0 0 0 0 0 0 0 0 0 0 0 0 0 0 
1672 1208 0 0 0 0 0 0 0 0 0 0 0 0 0 0 
1688 1208 0 0 0 0 0 0 0 0 0 0 0 0 0 0 
1704 1208 0 0 0 0 0 0 0 0 0 0 0 0 0 0 
1720 1208 0 0 0 0 0 0 0 0 0 0 0 0 0 0 
1736 1208 0 0 0 0 0 0 0 0 0 0 0 0 0 0 
1752 1208 0 0 0 0 0 0 0 0 0 0 0 0 0 0 
1768 1208 0 0 0 0 0 0 0 0 0 0 0 0 0 0 
1784 1208 0 0 0 0 0 0 0 0 0 0 0 0 0 0 
1800 1208 0 0 0 0 0 0 0 0 0 0 0 0 0 0 
1816 1208 0 0 0 0 0 0 0 0 0 0 0 0 0 0 
1832 1208 0 0 0 0 0 0 0 0 0 0 0 0 0 0 
1848 1208 0 0 0 0 0 0 0 0 0 0 0 0 0 0 
1864 1208 0 0 0 0 0 0 0 0 0 0 0 0 0 0 
1880 1208 0 0 0 0 0 0 0 0 0 0 0 0 0 0 
1896 1208 0 0 0 0 0 0 0 0 0 0 0 0 0 0 
1912 1208 0 0 0 0 0 0 0 0 0 0 0 0 0 0 
1928 1208 0 0 0 0 0 0 0 0 0 0 0 0 0 0 
1944 1208 0 0 0 0 0 0 0 0 0 0 0 0 0 0 
1960 1208 0 0 0 0 0 0 0 0 0 0 0 0 0 0 
1976 1208 0 0 0 0 0 0 0 0 0 0 0 0 0 0 
1992 1208 0 0 0 0 0 0 0 0 0 0 0 0 0 0 
2008 1208 0 0 0 0 0 0 0 0 0 0 0 0 0 0 
2024 1208 0 0 0 0 0 0 0 0 0 0 0 0 0 0 
2040 1208 0 0 0 0 0 0 0 0 0 0 0 0 0 0 
2056 1208 0 0 0 0 0 0 0 0 0 0 0 0 0 0 
2072 1208 0 0 0 0 0 0 0 0 0 0 0 0 0 0 
2088 1208 0 0 0 0 0 0 0 0 0 0 0 0 0 0 
2104 1208 0 0 0 0 0 0 0 0 0 0 0 0 0 0 
2120 1208 0 0 0 0 0 0 0 0 0 0 0 0 0 0 
2136 1208 0 0 0 0 0 0 0 0 0 0 0 0 0 0 
2152 1208 0 0 0 0 0 0 0 0 0 0 0 0 0 0 
2168 1208 0 0 0 0 0 0 0 0 0 0 0 0 0 0 
2184 1208 0 0 0 0 0 0 0 0 0 0 0 0 0 0 
2200 1208 0 0 0 0 0 0 0 0 0 0 0 0 0 0 
2216 1208 0 0 0 0 0 0 0 0 0 0 0 0 0 0 
2232 1208 0 0 0 0 0 0 0 0 0 0 0 0 0 0 
2248 1208 0 0 0 0 0 0 0 0 0 0 0 0 0 0 
2264 1208 0 0 0 0 0 0 0 0 0 0 0 0 0 0 
2280 1208 0 0 0 0 0 0 0 0 0 0 0 0 0 0 
2296 1208 0 0 0 0 0 0 0 0 0 0 0 0 0 0 
2312 1208 0 0 0 0 0 0 0 0 0 0 0 0 0 0 
2328 1208 0 0 0 0 0 0 0 0 0 0 0 0 0 0 
2344 1208 0 0 0 0 0 0 0 0 0 0 0 0 0 0 
2360 1208 0 0 0 0 0 0 0 0 0 0 0 0 0 0 
2376 1208 0 0 0 0 0 0 0 0 0 0 0 0 0 0 
2392 1208 0 0 0 0 0 0 0 0 0 0 0 0 0 0 
2408 1208 0 0 0 0 0 0 0 0 0 0 0 0 0 0 
2424 1208 0 0 0 0 0 0 0 0 0 0 0 0 0 0 
2440 1208 0 0 0 0 0 0 0 0 0 0 0 0 0 0 
2456 1208 0 0 0 0 0 0 0 0 0 0 0 0 0 0 
2472 1208 0 0 0 0 0 0 0 0 0 0 0 0 0 0 
2488 1208 0 0 0 0 0 0 0 0 0 0 0 0 0 0 
2504 1208 0 0 0 0 0 0 0 0 0 0 0 0 0 0 
2520 1208 0 0 0 0 0 0 0 0 0 0 0 0 0 0 
2536 1208 0 0 0 0 0 0 0 0 0 0 0 0 0 0 
24 1224 0 0 0 0 0 0 0 0 0 0 0 0 0 0 
40 1224 0 0 0 0 0 0 0 0 0 0 0 0 0 0 
56 1224 0 0 0 0 0 0 0 0 0 0 0 0 0 0 
72 1224 0 0 0 0 0 0 0 0 0 0 0 0 0 0 
88 1224 0 0 0 0 0 0 0 0 0 0 0 0 0 0 
104 1224 0 0 0 0 0 0 0 0 0 0 0 0 0 0 
120 1224 0 0 0 0 0 0 0 0 0 0 0 0 0 0 
136 1224 0 0 0 0 0 0 0 0 0 0 0 0 0 0 
152 1224 0 0 0 0 0 0 0 0 0 0 0 0 0 0 
168 1224 0 0 0 0 0 0 0 0 0 0 0 0 0 0 
184 1224 0 0 0 0 0 0 0 0 0 0 0 0 0 0 
200 1224 0 0 0 0 0 0 0 0 0 0 0 0 0 0 
216 1224 0 0 0 0 0 0 0 0 0 0 0 0 0 0 
232 1224 0 0 0 0 0 0 0 0 0 0 0 0 0 0 
248 1224 0 0 0 0 0 0 0 0 0 0 0 0 0 0 
264 1224 0 0 0 0 0 0 0 0 0 0 0 0 0 0 
280 1224 0 0 0 0 0 0 0 0 0 0 0 0 0 0 
296 1224 0 0 0 0 0 0 0 0 0 0 0 0 0 0 
312 1224 0 0 0 0 0 0 0 0 0 0 0 0 0 0 
328 1224 0 0 0 0 0 0 0 0 0 0 0 0 0 0 
344 1224 0 0 0 0 0 0 0 0 0 0 0 0 0 0 
360 1224 0 0 0 0 0 0 0 0 0 0 0 0 0 0 
376 1224 0 0 0 0 0 0 0 0 0 0 0 0 0 0 
392 1224 0 0 0 0 0 0 0 0 0 0 0 0 0 0 
408 1224 0 0 0 0 0 0 0 0 0 0 0 0 0 0 
424 1224 0 0 0 0 0 0 0 0 0 0 0 0 0 0 
440 1224 0 0 0 0 0 0 0 0 0 0 0 0 0 0 
456 1224 0 0 0 0 0 0 0 0 0 0 0 0 0 0 
472 1224 0 0 0 0 0 0 0 0 0 0 0 0 0 0 
488 1224 0 0 0 0 0 0 0 0 0 0 0 0 0 0 
504 1224 0 0 0 0 0 0 0 0 0 0 0 0 0 0 
520 1224 0 0 0 0 0 0 0 0 0 0 0 0 0 0 
536 1224 0 0 0 0 0 0 0 0 0 0 0 0 0 0 
552 1224 0 0 0 0 0 0 0 0 0 0 0 0 0 0 
568 1224 0 0 0 0 0 0 0 0 0 0 0 0 0 0 
584 1224 0 0 0 0 0 0 0 0 0 0 0 0 0 0 
600 1224 0 0 0 0 0 0 0 0 0 0 0 0 0 0 
616 1224 0 0 0 0 0 0 0 0 0 0 0 0 0 0 
632 1224 0 0 0 0 0 0 0 0 0 0 0 0 0 0 
648 1224 0 0 0 0 0 0 0 0 0 0 0 0 0 0 
664 1224 0 0 0 0 0 0 0 0 0 0 0 0 0 0 
680 1224 0 0 0 0 0 0 0 0 0 0 0 0 0 0 
696 1224 0 0 0 0 0 0 0 0 0 0 0 0 0 0 
712 1224 0 0 0 0 0 0 0 0 0 0 0 0 0 0 
728 1224 0 0 0 0 0 0 0 0 0 0 0 0 0 0 
744 1224 0 0 0 0 0 0 0 0 0 0 0 0 0 0 
760 1224 0 0 0 0 0 0 0 0 0 0 0 0 0 0 
776 1224 0 0 0 0 0 0 0 0 0 0 0 0 0 0 
792 1224 0 0 0 0 0 0 0 0 0 0 0 0 0 0 
808 1224 0 0 0 0 0 0 0 0 0 0 0 0 0 0 
824 1224 0 0 0 0 0 0 0 0 0 0 0 0 0 0 
840 1224 0 0 0 0 0 0 0 0 0 0 0 0 0 0 
856 1224 0 0 0 0 0 0 0 0 0 0 0 0 0 0 
872 1224 0 0 0 0 0 0 0 0 0 0 0 0 0 0 
888 1224 0 0 0 0 0 0 0 0 0 0 0 0 0 0 
904 1224 0 0 0 0 0 0 0 0 0 0 0 0 0 0 
920 1224 0 0 0 0 0 0 0 0 0 0 0 0 0 0 
936 1224 0 0 0 0 0 0 0 0 0 0 0 0 0 0 
952 1224 0 0 0 0 0 0 0 0 0 0 0 0 0 0 
968 1224 0 0 0 0 0 0 0 0 0 0 0 0 0 0 
984 1224 0 0 0 0 0 0 0 0 0 0 0 0 0 0 
1000 1224 0 0 0 0 0 0 0 0 0 0 0 0 0 0 
1016 1224 0 0 0 0 0 0 0 0 0 0 0 0 0 0 
1032 1224 0 0 0 0 0 0 0 0 0 0 0 0 0 0 
1048 1224 0 0 0 0 0 0 0 0 0 0 0 0 0 0 
1064 1224 0 0 0 0 0 0 0 0 0 0 0 0 0 0 
1080 1224 0 0 0 0 0 0 0 0 0 0 0 0 0 0 
1096 1224 0 0 0 0 0 0 0 0 0 0 0 0 0 0 
1112 1224 0 0 0 0 0 0 0 0 0 0 0 0 0 0 
1128 1224 0 0 0 0 0 0 0 0 0 0 0 0 0 0 
1144 1224 0 0 0 0 0 0 0 0 0 0 0 0 0 0 
1160 1224 0 0 0 0 0 0 0 0 0 0 0 0 0 0 
1176 1224 0 0 0 0 0 0 0 0 0 0 0 0 0 0 
1192 1224 0 0 0 0 0 0 0 0 0 0 0 0 0 0 
1208 1224 0 0 0 0 0 0 0 0 0 0 0 0 0 0 
1224 1224 0 0 0 0 0 0 0 0 0 0 0 0 0 0 
1240 1224 0 0 0 0 0 0 0 0 0 0 0 0 0 0 
1256 1224 0 0 0 0 0 0 0 0 0 0 0 0 0 0 
1272 1224 0 0 0 0 0 0 0 0 0 0 0 0 0 0 
1288 1224 0 0 0 0 0 0 0 0 0 0 0 0 0 0 
1304 1224 0 0 0 0 0 0 0 0 0 0 0 0 0 0 
1320 1224 0 0 0 0 0 0 0 0 0 0 0 0 0 0 
1336 1224 0 0 0 0 0 0 0 0 0 0 0 0 0 0 
1352 1224 0 0 0 0 0 0 0 0 0 0 0 0 0 0 
1368 1224 0 0 0 0 0 0 0 0 0 0 0 0 0 0 
1384 1224 0 0 0 0 0 0 0 0 0 0 0 0 0 0 
1400 1224 0 0 0 0 0 0 0 0 0 0 0 0 0 0 
1416 1224 0 0 0 0 0 0 0 0 0 0 0 0 0 0 
1432 1224 0 0 0 0 0 0 0 0 0 0 0 0 0 0 
1448 1224 0 0 0 0 0 0 0 0 0 0 0 0 0 0 
1464 1224 0 0 0 0 0 0 0 0 0 0 0 0 0 0 
1480 1224 0 0 0 0 0 0 0 0 0 0 0 0 0 0 
1496 1224 0 0 0 0 0 0 0 0 0 0 0 0 0 0 
1512 1224 0 0 0 0 0 0 0 0 0 0 0 0 0 0 
1528 1224 0 0 0 0 0 0 0 0 0 0 0 0 0 0 
1544 1224 0 0 0 0 0 0 0 0 0 0 0 0 0 0 
1560 1224 0 0 0 0 0 0 0 0 0 0 0 0 0 0 
1576 1224 0 0 0 0 0 0 0 0 0 0 0 0 0 0 
1592 1224 0 0 0 0 0 0 0 0 0 0 0 0 0 0 
1608 1224 0 0 0 0 0 0 0 0 0 0 0 0 0 0 
1624 1224 0 0 0 0 0 0 0 0 0 0 0 0 0 0 
1640 1224 0 0 0 0 0 0 0 0 0 0 0 0 0 0 
1656 1224 0 0 0 0 0 0 0 0 0 0 0 0 0 0 
1672 1224 0 0 0 0 0 0 0 0 0 0 0 0 0 0 
1688 1224 0 0 0 0 0 0 0 0 0 0 0 0 0 0 
1704 1224 0 0 0 0 0 0 0 0 0 0 0 0 0 0 
1720 1224 0 0 0 0 0 0 0 0 0 0 0 0 0 0 
1736 1224 0 0 0 0 0 0 0 0 0 0 0 0 0 0 
1752 1224 0 0 0 0 0 0 0 0 0 0 0 0 0 0 
1768 1224 0 0 0 0 0 0 0 0 0 0 0 0 0 0 
1784 1224 0 0 0 0 0 0 0 0 0 0 0 0 0 0 
1800 1224 0 0 0 0 0 0 0 0 0 0 0 0 0 0 
1816 1224 0 0 0 0 0 0 0 0 0 0 0 0 0 0 
1832 1224 0 0 0 0 0 0 0 0 0 0 0 0 0 0 
1848 1224 0 0 0 0 0 0 0 0 0 0 0 0 0 0 
1864 1224 0 0 0 0 0 0 0 0 0 0 0 0 0 0 
1880 1224 0 0 0 0 0 0 0 0 0 0 0 0 0 0 
1896 1224 0 0 0 0 0 0 0 0 0 0 0 0 0 0 
1912 1224 0 0 0 0 0 0 0 0 0 0 0 0 0 0 
1928 1224 0 0 0 0 0 0 0 0 0 0 0 0 0 0 
1944 1224 0 0 0 0 0 0 0 0 0 0 0 0 0 0 
1960 1224 0 0 0 0 0 0 0 0 0 0 0 0 0 0 
1976 1224 0 0 0 0 0 0 0 0 0 0 0 0 0 0 
1992 1224 0 0 0 0 0 0 0 0 0 0 0 0 0 0 
2008 1224 0 0 0 0 0 0 0 0 0 0 0 0 0 0 
2024 1224 0 0 0 0 0 0 0 0 0 0 0 0 0 0 
2040 1224 0 0 0 0 0 0 0 0 0 0 0 0 0 0 
2056 1224 0 0 0 0 0 0 0 0 0 0 0 0 0 0 
2072 1224 0 0 0 0 0 0 0 0 0 0 0 0 0 0 
2088 1224 0 0 0 0 0 0 0 0 0 0 0 0 0 0 
2104 1224 0 0 0 0 0 0 0 0 0 0 0 0 0 0 
2120 1224 0 0 0 0 0 0 0 0 0 0 0 0 0 0 
2136 1224 0 0 0 0 0 0 0 0 0 0 0 0 0 0 
2152 1224 0 0 0 0 0 0 0 0 0 0 0 0 0 0 
2168 1224 0 0 0 0 0 0 0 0 0 0 0 0 0 0 
2184 1224 0 0 0 0 0 0 0 0 0 0 0 0 0 0 
2200 1224 0 0 0 0 0 0 0 0 0 0 0 0 0 0 
2216 1224 0 0 0 0 0 0 0 0 0 0 0 0 0 0 
2232 1224 0 0 0 0 0 0 0 0 0 0 0 0 0 0 
2248 1224 0 0 0 0 0 0 0 0 0 0 0 0 0 0 
2264 1224 0 0 0 0 0 0 0 0 0 0 0 0 0 0 
2280 1224 0 0 0 0 0 0 0 0 0 0 0 0 0 0 
2296 1224 0 0 0 0 0 0 0 0 0 0 0 0 0 0 
2312 1224 0 0 0 0 0 0 0 0 0 0 0 0 0 0 
2328 1224 0 0 0 0 0 0 0 0 0 0 0 0 0 0 
2344 1224 0 0 0 0 0 0 0 0 0 0 0 0 0 0 
2360 1224 0 0 0 0 0 0 0 0 0 0 0 0 0 0 
2376 1224 0 0 0 0 0 0 0 0 0 0 0 0 0 0 
2392 1224 0 0 0 0 0 0 0 0 0 0 0 0 0 0 
2408 1224 0 0 0 0 0 0 0 0 0 0 0 0 0 0 
2424 1224 0 0 0 0 0 0 0 0 0 0 0 0 0 0 
2440 1224 0 0 0 0 0 0 0 0 0 0 0 0 0 0 
2456 1224 0 0 0 0 0 0 0 0 0 0 0 0 0 0 
2472 1224 0 0 0 0 0 0 0 0 0 0 0 0 0 0 
2488 1224 0 0 0 0 0 0 0 0 0 0 0 0 0 0 
2504 1224 0 0 0 0 0 0 0 0 0 0 0 0 0 0 
2520 1224 0 0 0 0 0 0 0 0 0 0 0 0 0 0 
2536 1224 0 0 0 0 0 0 0 0 0 0 0 0 0 0 
24 1240 0 0 0 0 0 0 0 0 0 0 0 0 0 0 
40 1240 0 0 0 0 0 0 0 0 0 0 0 0 0 0 
56 1240 0 0 0 0 0 0 0 0 0 0 0 0 0 0 
72 1240 0 0 0 0 0 0 0 0 0 0 0 0 0 0 
88 1240 0 0 0 0 0 0 0 0 0 0 0 0 0 0 
104 1240 0 0 0 0 0 0 0 0 0 0 0 0 0 0 
120 1240 0 0 0 0 0 0 0 0 0 0 0 0 0 0 
136 1240 0 0 0 0 0 0 0 0 0 0 0 0 0 0 
152 1240 0 0 0 0 0 0 0 0 0 0 0 0 0 0 
168 1240 0 0 0 0 0 0 0 0 0 0 0 0 0 0 
184 1240 0 0 0 0 0 0 0 0 0 0 0 0 0 0 
200 1240 0 0 0 0 0 0 0 0 0 0 0 0 0 0 
216 1240 0 0 0 0 0 0 0 0 0 0 0 0 0 0 
232 1240 0 0 0 0 0 0 0 0 0 0 0 0 0 0 
248 1240 0 0 0 0 0 0 0 0 0 0 0 0 0 0 
264 1240 0 0 0 0 0 0 0 0 0 0 0 0 0 0 
280 1240 0 0 0 0 0 0 0 0 0 0 0 0 0 0 
296 1240 0 0 0 0 0 0 0 0 0 0 0 0 0 0 
312 1240 0 0 0 0 0 0 0 0 0 0 0 0 0 0 
328 1240 0 0 0 0 0 0 0 0 0 0 0 0 0 0 
344 1240 0 0 0 0 0 0 0 0 0 0 0 0 0 0 
360 1240 0 0 0 0 0 0 0 0 0 0 0 0 0 0 
376 1240 0 0 0 0 0 0 0 0 0 0 0 0 0 0 
392 1240 0 0 0 0 0 0 0 0 0 0 0 0 0 0 
408 1240 0 0 0 0 0 0 0 0 0 0 0 0 0 0 
424 1240 0 0 0 0 0 0 0 0 0 0 0 0 0 0 
440 1240 0 0 0 0 0 0 0 0 0 0 0 0 0 0 
456 1240 0 0 0 0 0 0 0 0 0 0 0 0 0 0 
472 1240 0 0 0 0 0 0 0 0 0 0 0 0 0 0 
488 1240 0 0 0 0 0 0 0 0 0 0 0 0 0 0 
504 1240 0 0 0 0 0 0 0 0 0 0 0 0 0 0 
520 1240 0 0 0 0 0 0 0 0 0 0 0 0 0 0 
536 1240 0 0 0 0 0 0 0 0 0 0 0 0 0 0 
552 1240 0 0 0 0 0 0 0 0 0 0 0 0 0 0 
568 1240 0 0 0 0 0 0 0 0 0 0 0 0 0 0 
584 1240 0 0 0 0 0 0 0 0 0 0 0 0 0 0 
600 1240 0 0 0 0 0 0 0 0 0 0 0 0 0 0 
616 1240 0 0 0 0 0 0 0 0 0 0 0 0 0 0 
632 1240 0 0 0 0 0 0 0 0 0 0 0 0 0 0 
648 1240 0 0 0 0 0 0 0 0 0 0 0 0 0 0 
664 1240 0 0 0 0 0 0 0 0 0 0 0 0 0 0 
680 1240 0 0 0 0 0 0 0 0 0 0 0 0 0 0 
696 1240 0 0 0 0 0 0 0 0 0 0 0 0 0 0 
712 1240 0 0 0 0 0 0 0 0 0 0 0 0 0 0 
728 1240 0 0 0 0 0 0 0 0 0 0 0 0 0 0 
744 1240 0 0 0 0 0 0 0 0 0 0 0 0 0 0 
760 1240 0 0 0 0 0 0 0 0 0 0 0 0 0 0 
776 1240 0 0 0 0 0 0 0 0 0 0 0 0 0 0 
792 1240 0 0 0 0 0 0 0 0 0 0 0 0 0 0 
808 1240 0 0 0 0 0 0 0 0 0 0 0 0 0 0 
824 1240 0 0 0 0 0 0 0 0 0 0 0 0 0 0 
840 1240 0 0 0 0 0 0 0 0 0 0 0 0 0 0 
856 1240 0 0 0 0 0 0 0 0 0 0 0 0 0 0 
872 1240 0 0 0 0 0 0 0 0 0 0 0 0 0 0 
888 1240 0 0 0 0 0 0 0 0 0 0 0 0 0 0 
904 1240 0 0 0 0 0 0 0 0 0 0 0 0 0 0 
920 1240 0 0 0 0 0 0 0 0 0 0 0 0 0 0 
936 1240 0 0 0 0 0 0 0 0 0 0 0 0 0 0 
952 1240 0 0 0 0 0 0 0 0 0 0 0 0 0 0 
968 1240 0 0 0 0 0 0 0 0 0 0 0 0 0 0 
984 1240 0 0 0 0 0 0 0 0 0 0 0 0 0 0 
1000 1240 0 0 0 0 0 0 0 0 0 0 0 0 0 0 
1016 1240 0 0 0 0 0 0 0 0 0 0 0 0 0 0 
1032 1240 0 0 0 0 0 0 0 0 0 0 0 0 0 0 
1048 1240 0 0 0 0 0 0 0 0 0 0 0 0 0 0 
1064 1240 0 0 0 0 0 0 0 0 0 0 0 0 0 0 
1080 1240 0 0 0 0 0 0 0 0 0 0 0 0 0 0 
1096 1240 0 0 0 0 0 0 0 0 0 0 0 0 0 0 
1112 1240 0 0 0 0 0 0 0 0 0 0 0 0 0 0 
1128 1240 0 0 0 0 0 0 0 0 0 0 0 0 0 0 
1144 1240 0 0 0 0 0 0 0 0 0 0 0 0 0 0 
1160 1240 0 0 0 0 0 0 0 0 0 0 0 0 0 0 
1176 1240 0 0 0 0 0 0 0 0 0 0 0 0 0 0 
1192 1240 0 0 0 0 0 0 0 0 0 0 0 0 0 0 
1208 1240 0 0 0 0 0 0 0 0 0 0 0 0 0 0 
1224 1240 0 0 0 0 0 0 0 0 0 0 0 0 0 0 
1240 1240 0 0 0 0 0 0 0 0 0 0 0 0 0 0 
1256 1240 0 0 0 0 0 0 0 0 0 0 0 0 0 0 
1272 1240 0 0 0 0 0 0 0 0 0 0 0 0 0 0 
1288 1240 0 0 0 0 0 0 0 0 0 0 0 0 0 0 
1304 1240 0 0 0 0 0 0 0 0 0 0 0 0 0 0 
1320 1240 0 0 0 0 0 0 0 0 0 0 0 0 0 0 
1336 1240 0 0 0 0 0 0 0 0 0 0 0 0 0 0 
1352 1240 0 0 0 0 0 0 0 0 0 0 0 0 0 0 
1368 1240 0 0 0 0 0 0 0 0 0 0 0 0 0 0 
1384 1240 0 0 0 0 0 0 0 0 0 0 0 0 0 0 
1400 1240 0 0 0 0 0 0 0 0 0 0 0 0 0 0 
1416 1240 0 0 0 0 0 0 0 0 0 0 0 0 0 0 
1432 1240 0 0 0 0 0 0 0 0 0 0 0 0 0 0 
1448 1240 0 0 0 0 0 0 0 0 0 0 0 0 0 0 
1464 1240 0 0 0 0 0 0 0 0 0 0 0 0 0 0 
1480 1240 0 0 0 0 0 0 0 0 0 0 0 0 0 0 
1496 1240 0 0 0 0 0 0 0 0 0 0 0 0 0 0 
1512 1240 0 0 0 0 0 0 0 0 0 0 0 0 0 0 
1528 1240 0 0 0 0 0 0 0 0 0 0 0 0 0 0 
1544 1240 0 0 0 0 0 0 0 0 0 0 0 0 0 0 
1560 1240 0 0 0 0 0 0 0 0 0 0 0 0 0 0 
1576 1240 0 0 0 0 0 0 0 0 0 0 0 0 0 0 
1592 1240 0 0 0 0 0 0 0 0 0 0 0 0 0 0 
1608 1240 0 0 0 0 0 0 0 0 0 0 0 0 0 0 
1624 1240 0 0 0 0 0 0 0 0 0 0 0 0 0 0 
1640 1240 0 0 0 0 0 0 0 0 0 0 0 0 0 0 
1656 1240 0 0 0 0 0 0 0 0 0 0 0 0 0 0 
1672 1240 0 0 0 0 0 0 0 0 0 0 0 0 0 0 
1688 1240 0 0 0 0 0 0 0 0 0 0 0 0 0 0 
1704 1240 0 0 0 0 0 0 0 0 0 0 0 0 0 0 
1720 1240 0 0 0 0 0 0 0 0 0 0 0 0 0 0 
1736 1240 0 0 0 0 0 0 0 0 0 0 0 0 0 0 
1752 1240 0 0 0 0 0 0 0 0 0 0 0 0 0 0 
1768 1240 0 0 0 0 0 0 0 0 0 0 0 0 0 0 
1784 1240 0 0 0 0 0 0 0 0 0 0 0 0 0 0 
1800 1240 0 0 0 0 0 0 0 0 0 0 0 0 0 0 
1816 1240 0 0 0 0 0 0 0 0 0 0 0 0 0 0 
1832 1240 0 0 0 0 0 0 0 0 0 0 0 0 0 0 
1848 1240 0 0 0 0 0 0 0 0 0 0 0 0 0 0 
1864 1240 0 0 0 0 0 0 0 0 0 0 0 0 0 0 
1880 1240 0 0 0 0 0 0 0 0 0 0 0 0 0 0 
1896 1240 0 0 0 0 0 0 0 0 0 0 0 0 0 0 
1912 1240 0 0 0 0 0 0 0 0 0 0 0 0 0 0 
1928 1240 0 0 0 0 0 0 0 0 0 0 0 0 0 0 
1944 1240 0 0 0 0 0 0 0 0 0 0 0 0 0 0 
1960 1240 0 0 0 0 0 0 0 0 0 0 0 0 0 0 
1976 1240 0 0 0 0 0 0 0 0 0 0 0 0 0 0 
1992 1240 0 0 0 0 0 0 0 0 0 0 0 0 0 0 
2008 1240 0 0 0 0 0 0 0 0 0 0 0 0 0 0 
2024 1240 0 0 0 0 0 0 0 0 0 0 0 0 0 0 
2040 1240 0 0 0 0 0 0 0 0 0 0 0 0 0 0 
2056 1240 0 0 0 0 0 0 0 0 0 0 0 0 0 0 
2072 1240 0 0 0 0 0 0 0 0 0 0 0 0 0 0 
2088 1240 0 0 0 0 0 0 0 0 0 0 0 0 0 0 
2104 1240 0 0 0 0 0 0 0 0 0 0 0 0 0 0 
2120 1240 0 0 0 0 0 0 0 0 0 0 0 0 0 0 
2136 1240 0 0 0 0 0 0 0 0 0 0 0 0 0 0 
2152 1240 0 0 0 0 0 0 0 0 0 0 0 0 0 0 
2168 1240 0 0 0 0 0 0 0 0 0 0 0 0 0 0 
2184 1240 0 0 0 0 0 0 0 0 0 0 0 0 0 0 
2200 1240 0 0 0 0 0 0 0 0 0 0 0 0 0 0 
2216 1240 0 0 0 0 0 0 0 0 0 0 0 0 0 0 
2232 1240 0 0 0 0 0 0 0 0 0 0 0 0 0 0 
2248 1240 0 0 0 0 0 0 0 0 0 0 0 0 0 0 
2264 1240 0 0 0 0 0 0 0 0 0 0 0 0 0 0 
2280 1240 0 0 0 0 0 0 0 0 0 0 0 0 0 0 
2296 1240 0 0 0 0 0 0 0 0 0 0 0 0 0 0 
2312 1240 0 0 0 0 0 0 0 0 0 0 0 0 0 0 
2328 1240 0 0 0 0 0 0 0 0 0 0 0 0 0 0 
2344 1240 0 0 0 0 0 0 0 0 0 0 0 0 0 0 
2360 1240 0 0 0 0 0 0 0 0 0 0 0 0 0 0 
2376 1240 0 0 0 0 0 0 0 0 0 0 0 0 0 0 
2392 1240 0 0 0 0 0 0 0 0 0 0 0 0 0 0 
2408 1240 0 0 0 0 0 0 0 0 0 0 0 0 0 0 
2424 1240 0 0 0 0 0 0 0 0 0 0 0 0 0 0 
2440 1240 0 0 0 0 0 0 0 0 0 0 0 0 0 0 
2456 1240 0 0 0 0 0 0 0 0 0 0 0 0 0 0 
2472 1240 0 0 0 0 0 0 0 0 0 0 0 0 0 0 
2488 1240 0 0 0 0 0 0 0 0 0 0 0 0 0 0 
2504 1240 0 0 0 0 0 0 0 0 0 0 0 0 0 0 
2520 1240 0 0 0 0 0 0 0 0 0 0 0 0 0 0 
2536 1240 0 0 0 0 0 0 0 0 0 0 0 0 0 0 
24 1256 0 0 0 0 0 0 0 0 0 0 0 0 0 0 
40 1256 0 0 0 0 0 0 0 0 0 0 0 0 0 0 
56 1256 0 0 0 0 0 0 0 0 0 0 0 0 0 0 
72 1256 0 0 0 0 0 0 0 0 0 0 0 0 0 0 
88 1256 0 0 0 0 0 0 0 0 0 0 0 0 0 0 
104 1256 0 0 0 0 0 0 0 0 0 0 0 0 0 0 
120 1256 0 0 0 0 0 0 0 0 0 0 0 0 0 0 
136 1256 0 0 0 0 0 0 0 0 0 0 0 0 0 0 
152 1256 0 0 0 0 0 0 0 0 0 0 0 0 0 0 
168 1256 0 0 0 0 0 0 0 0 0 0 0 0 0 0 
184 1256 0 0 0 0 0 0 0 0 0 0 0 0 0 0 
200 1256 0 0 0 0 0 0 0 0 0 0 0 0 0 0 
216 1256 0 0 0 0 0 0 0 0 0 0 0 0 0 0 
232 1256 0 0 0 0 0 0 0 0 0 0 0 0 0 0 
248 1256 0 0 0 0 0 0 0 0 0 0 0 0 0 0 
264 1256 0 0 0 0 0 0 0 0 0 0 0 0 0 0 
280 1256 0 0 0 0 0 0 0 0 0 0 0 0 0 0 
296 1256 0 0 0 0 0 0 0 0 0 0 0 0 0 0 
312 1256 0 0 0 0 0 0 0 0 0 0 0 0 0 0 
328 1256 0 0 0 0 0 0 0 0 0 0 0 0 0 0 
344 1256 0 0 0 0 0 0 0 0 0 0 0 0 0 0 
360 1256 0 0 0 0 0 0 0 0 0 0 0 0 0 0 
376 1256 0 0 0 0 0 0 0 0 0 0 0 0 0 0 
392 1256 0 0 0 0 0 0 0 0 0 0 0 0 0 0 
408 1256 0 0 0 0 0 0 0 0 0 0 0 0 0 0 
424 1256 0 0 0 0 0 0 0 0 0 0 0 0 0 0 
440 1256 0 0 0 0 0 0 0 0 0 0 0 0 0 0 
456 1256 0 0 0 0 0 0 0 0 0 0 0 0 0 0 
472 1256 0 0 0 0 0 0 0 0 0 0 0 0 0 0 
488 1256 0 0 0 0 0 0 0 0 0 0 0 0 0 0 
504 1256 0 0 0 0 0 0 0 0 0 0 0 0 0 0 
520 1256 0 0 0 0 0 0 0 0 0 0 0 0 0 0 
536 1256 0 0 0 0 0 0 0 0 0 0 0 0 0 0 
552 1256 0 0 0 0 0 0 0 0 0 0 0 0 0 0 
568 1256 0 0 0 0 0 0 0 0 0 0 0 0 0 0 
584 1256 0 0 0 0 0 0 0 0 0 0 0 0 0 0 
600 1256 0 0 0 0 0 0 0 0 0 0 0 0 0 0 
616 1256 0 0 0 0 0 0 0 0 0 0 0 0 0 0 
632 1256 0 0 0 0 0 0 0 0 0 0 0 0 0 0 
648 1256 0 0 0 0 0 0 0 0 0 0 0 0 0 0 
664 1256 0 0 0 0 0 0 0 0 0 0 0 0 0 0 
680 1256 0 0 0 0 0 0 0 0 0 0 0 0 0 0 
696 1256 0 0 0 0 0 0 0 0 0 0 0 0 0 0 
712 1256 0 0 0 0 0 0 0 0 0 0 0 0 0 0 
728 1256 0 0 0 0 0 0 0 0 0 0 0 0 0 0 
744 1256 0 0 0 0 0 0 0 0 0 0 0 0 0 0 
760 1256 0 0 0 0 0 0 0 0 0 0 0 0 0 0 
776 1256 0 0 0 0 0 0 0 0 0 0 0 0 0 0 
792 1256 0 0 0 0 0 0 0 0 0 0 0 0 0 0 
808 1256 0 0 0 0 0 0 0 0 0 0 0 0 0 0 
824 1256 0 0 0 0 0 0 0 0 0 0 0 0 0 0 
840 1256 0 0 0 0 0 0 0 0 0 0 0 0 0 0 
856 1256 0 0 0 0 0 0 0 0 0 0 0 0 0 0 
872 1256 0 0 0 0 0 0 0 0 0 0 0 0 0 0 
888 1256 0 0 0 0 0 0 0 0 0 0 0 0 0 0 
904 1256 0 0 0 0 0 0 0 0 0 0 0 0 0 0 
920 1256 0 0 0 0 0 0 0 0 0 0 0 0 0 0 
936 1256 0 0 0 0 0 0 0 0 0 0 0 0 0 0 
952 1256 0 0 0 0 0 0 0 0 0 0 0 0 0 0 
968 1256 0 0 0 0 0 0 0 0 0 0 0 0 0 0 
984 1256 0 0 0 0 0 0 0 0 0 0 0 0 0 0 
1000 1256 0 0 0 0 0 0 0 0 0 0 0 0 0 0 
1016 1256 0 0 0 0 0 0 0 0 0 0 0 0 0 0 
1032 1256 0 0 0 0 0 0 0 0 0 0 0 0 0 0 
1048 1256 0 0 0 0 0 0 0 0 0 0 0 0 0 0 
1064 1256 0 0 0 0 0 0 0 0 0 0 0 0 0 0 
1080 1256 0 0 0 0 0 0 0 0 0 0 0 0 0 0 
1096 1256 0 0 0 0 0 0 0 0 0 0 0 0 0 0 
1112 1256 0 0 0 0 0 0 0 0 0 0 0 0 0 0 
1128 1256 0 0 0 0 0 0 0 0 0 0 0 0 0 0 
1144 1256 0 0 0 0 0 0 0 0 0 0 0 0 0 0 
1160 1256 0 0 0 0 0 0 0 0 0 0 0 0 0 0 
1176 1256 0 0 0 0 0 0 0 0 0 0 0 0 0 0 
1192 1256 0 0 0 0 0 0 0 0 0 0 0 0 0 0 
1208 1256 0 0 0 0 0 0 0 0 0 0 0 0 0 0 
1224 1256 0 0 0 0 0 0 0 0 0 0 0 0 0 0 
1240 1256 0 0 0 0 0 0 0 0 0 0 0 0 0 0 
1256 1256 0 0 0 0 0 0 0 0 0 0 0 0 0 0 
1272 1256 0 0 0 0 0 0 0 0 0 0 0 0 0 0 
1288 1256 0 0 0 0 0 0 0 0 0 0 0 0 0 0 
1304 1256 0 0 0 0 0 0 0 0 0 0 0 0 0 0 
1320 1256 0 0 0 0 0 0 0 0 0 0 0 0 0 0 
1336 1256 0 0 0 0 0 0 0 0 0 0 0 0 0 0 
1352 1256 0 0 0 0 0 0 0 0 0 0 0 0 0 0 
1368 1256 0 0 0 0 0 0 0 0 0 0 0 0 0 0 
1384 1256 0 0 0 0 0 0 0 0 0 0 0 0 0 0 
1400 1256 0 0 0 0 0 0 0 0 0 0 0 0 0 0 
1416 1256 0 0 0 0 0 0 0 0 0 0 0 0 0 0 
1432 1256 0 0 0 0 0 0 0 0 0 0 0 0 0 0 
1448 1256 0 0 0 0 0 0 0 0 0 0 0 0 0 0 
1464 1256 0 0 0 0 0 0 0 0 0 0 0 0 0 0 
1480 1256 0 0 0 0 0 0 0 0 0 0 0 0 0 0 
1496 1256 0 0 0 0 0 0 0 0 0 0 0 0 0 0 
1512 1256 0 0 0 0 0 0 0 0 0 0 0 0 0 0 
1528 1256 0 0 0 0 0 0 0 0 0 0 0 0 0 0 
1544 1256 0 0 0 0 0 0 0 0 0 0 0 0 0 0 
1560 1256 0 0 0 0 0 0 0 0 0 0 0 0 0 0 
1576 1256 0 0 0 0 0 0 0 0 0 0 0 0 0 0 
1592 1256 0 0 0 0 0 0 0 0 0 0 0 0 0 0 
1608 1256 0 0 0 0 0 0 0 0 0 0 0 0 0 0 
1624 1256 0 0 0 0 0 0 0 0 0 0 0 0 0 0 
1640 1256 0 0 0 0 0 0 0 0 0 0 0 0 0 0 
1656 1256 0 0 0 0 0 0 0 0 0 0 0 0 0 0 
1672 1256 0 0 0 0 0 0 0 0 0 0 0 0 0 0 
1688 1256 0 0 0 0 0 0 0 0 0 0 0 0 0 0 
1704 1256 0 0 0 0 0 0 0 0 0 0 0 0 0 0 
1720 1256 0 0 0 0 0 0 0 0 0 0 0 0 0 0 
1736 1256 0 0 0 0 0 0 0 0 0 0 0 0 0 0 
1752 1256 0 0 0 0 0 0 0 0 0 0 0 0 0 0 
1768 1256 0 0 0 0 0 0 0 0 0 0 0 0 0 0 
1784 1256 0 0 0 0 0 0 0 0 0 0 0 0 0 0 
1800 1256 0 0 0 0 0 0 0 0 0 0 0 0 0 0 
1816 1256 0 0 0 0 0 0 0 0 0 0 0 0 0 0 
1832 1256 0 0 0 0 0 0 0 0 0 0 0 0 0 0 
1848 1256 0 0 0 0 0 0 0 0 0 0 0 0 0 0 
1864 1256 0 0 0 0 0 0 0 0 0 0 0 0 0 0 
1880 1256 0 0 0 0 0 0 0 0 0 0 0 0 0 0 
1896 1256 0 0 0 0 0 0 0 0 0 0 0 0 0 0 
1912 1256 0 0 0 0 0 0 0 0 0 0 0 0 0 0 
1928 1256 0 0 0 0 0 0 0 0 0 0 0 0 0 0 
1944 1256 0 0 0 0 0 0 0 0 0 0 0 0 0 0 
1960 1256 0 0 0 0 0 0 0 0 0 0 0 0 0 0 
1976 1256 0 0 0 0 0 0 0 0 0 0 0 0 0 0 
1992 1256 0 0 0 0 0 0 0 0 0 0 0 0 0 0 
2008 1256 0 0 0 0 0 0 0 0 0 0 0 0 0 0 
2024 1256 0 0 0 0 0 0 0 0 0 0 0 0 0 0 
2040 1256 0 0 0 0 0 0 0 0 0 0 0 0 0 0 
2056 1256 0 0 0 0 0 0 0 0 0 0 0 0 0 0 
2072 1256 0 0 0 0 0 0 0 0 0 0 0 0 0 0 
2088 1256 0 0 0 0 0 0 0 0 0 0 0 0 0 0 
2104 1256 0 0 0 0 0 0 0 0 0 0 0 0 0 0 
2120 1256 0 0 0 0 0 0 0 0 0 0 0 0 0 0 
2136 1256 0 0 0 0 0 0 0 0 0 0 0 0 0 0 
2152 1256 0 0 0 0 0 0 0 0 0 0 0 0 0 0 
2168 1256 0 0 0 0 0 0 0 0 0 0 0 0 0 0 
2184 1256 0 0 0 0 0 0 0 0 0 0 0 0 0 0 
2200 1256 0 0 0 0 0 0 0 0 0 0 0 0 0 0 
2216 1256 0 0 0 0 0 0 0 0 0 0 0 0 0 0 
2232 1256 0 0 0 0 0 0 0 0 0 0 0 0 0 0 
2248 1256 0 0 0 0 0 0 0 0 0 0 0 0 0 0 
2264 1256 0 0 0 0 0 0 0 0 0 0 0 0 0 0 
2280 1256 0 0 0 0 0 0 0 0 0 0 0 0 0 0 
2296 1256 0 0 0 0 0 0 0 0 0 0 0 0 0 0 
2312 1256 0 0 0 0 0 0 0 0 0 0 0 0 0 0 
2328 1256 0 0 0 0 0 0 0 0 0 0 0 0 0 0 
2344 1256 0 0 0 0 0 0 0 0 0 0 0 0 0 0 
2360 1256 0 0 0 0 0 0 0 0 0 0 0 0 0 0 
2376 1256 0 0 0 0 0 0 0 0 0 0 0 0 0 0 
2392 1256 0 0 0 0 0 0 0 0 0 0 0 0 0 0 
2408 1256 0 0 0 0 0 0 0 0 0 0 0 0 0 0 
2424 1256 0 0 0 0 0 0 0 0 0 0 0 0 0 0 
2440 1256 0 0 0 0 0 0 0 0 0 0 0 0 0 0 
2456 1256 0 0 0 0 0 0 0 0 0 0 0 0 0 0 
2472 1256 0 0 0 0 0 0 0 0 0 0 0 0 0 0 
2488 1256 0 0 0 0 0 0 0 0 0 0 0 0 0 0 
2504 1256 0 0 0 0 0 0 0 0 0 0 0 0 0 0 
2520 1256 0 0 0 0 0 0 0 0 0 0 0 0 0 0 
2536 1256 0 0 0 0 0 0 0 0 0 0 0 0 0 0 
24 1272 0 0 0 0 0 0 0 0 0 0 0 0 0 0 
40 1272 0 0 0 0 0 0 0 0 0 0 0 0 0 0 
56 1272 0 0 0 0 0 0 0 0 0 0 0 0 0 0 
72 1272 0 0 0 0 0 0 0 0 0 0 0 0 0 0 
88 1272 0 0 0 0 0 0 0 0 0 0 0 0 0 0 
104 1272 0 0 0 0 0 0 0 0 0 0 0 0 0 0 
120 1272 0 0 0 0 0 0 0 0 0 0 0 0 0 0 
136 1272 0 0 0 0 0 0 0 0 0 0 0 0 0 0 
152 1272 0 0 0 0 0 0 0 0 0 0 0 0 0 0 
168 1272 0 0 0 0 0 0 0 0 0 0 0 0 0 0 
184 1272 0 0 0 0 0 0 0 0 0 0 0 0 0 0 
200 1272 0 0 0 0 0 0 0 0 0 0 0 0 0 0 
216 1272 0 0 0 0 0 0 0 0 0 0 0 0 0 0 
232 1272 0 0 0 0 0 0 0 0 0 0 0 0 0 0 
248 1272 0 0 0 0 0 0 0 0 0 0 0 0 0 0 
264 1272 0 0 0 0 0 0 0 0 0 0 0 0 0 0 
280 1272 0 0 0 0 0 0 0 0 0 0 0 0 0 0 
296 1272 0 0 0 0 0 0 0 0 0 0 0 0 0 0 
312 1272 0 0 0 0 0 0 0 0 0 0 0 0 0 0 
328 1272 0 0 0 0 0 0 0 0 0 0 0 0 0 0 
344 1272 0 0 0 0 0 0 0 0 0 0 0 0 0 0 
360 1272 0 0 0 0 0 0 0 0 0 0 0 0 0 0 
376 1272 0 0 0 0 0 0 0 0 0 0 0 0 0 0 
392 1272 0 0 0 0 0 0 0 0 0 0 0 0 0 0 
408 1272 0 0 0 0 0 0 0 0 0 0 0 0 0 0 
424 1272 0 0 0 0 0 0 0 0 0 0 0 0 0 0 
440 1272 0 0 0 0 0 0 0 0 0 0 0 0 0 0 
456 1272 0 0 0 0 0 0 0 0 0 0 0 0 0 0 
472 1272 0 0 0 0 0 0 0 0 0 0 0 0 0 0 
488 1272 0 0 0 0 0 0 0 0 0 0 0 0 0 0 
504 1272 0 0 0 0 0 0 0 0 0 0 0 0 0 0 
520 1272 0 0 0 0 0 0 0 0 0 0 0 0 0 0 
536 1272 0 0 0 0 0 0 0 0 0 0 0 0 0 0 
552 1272 0 0 0 0 0 0 0 0 0 0 0 0 0 0 
568 1272 0 0 0 0 0 0 0 0 0 0 0 0 0 0 
584 1272 0 0 0 0 0 0 0 0 0 0 0 0 0 0 
600 1272 0 0 0 0 0 0 0 0 0 0 0 0 0 0 
616 1272 0 0 0 0 0 0 0 0 0 0 0 0 0 0 
632 1272 0 0 0 0 0 0 0 0 0 0 0 0 0 0 
648 1272 0 0 0 0 0 0 0 0 0 0 0 0 0 0 
664 1272 0 0 0 0 0 0 0 0 0 0 0 0 0 0 
680 1272 0 0 0 0 0 0 0 0 0 0 0 0 0 0 
696 1272 0 0 0 0 0 0 0 0 0 0 0 0 0 0 
712 1272 0 0 0 0 0 0 0 0 0 0 0 0 0 0 
728 1272 0 0 0 0 0 0 0 0 0 0 0 0 0 0 
744 1272 0 0 0 0 0 0 0 0 0 0 0 0 0 0 
760 1272 0 0 0 0 0 0 0 0 0 0 0 0 0 0 
776 1272 0 0 0 0 0 0 0 0 0 0 0 0 0 0 
792 1272 0 0 0 0 0 0 0 0 0 0 0 0 0 0 
808 1272 0 0 0 0 0 0 0 0 0 0 0 0 0 0 
824 1272 0 0 0 0 0 0 0 0 0 0 0 0 0 0 
840 1272 0 0 0 0 0 0 0 0 0 0 0 0 0 0 
856 1272 0 0 0 0 0 0 0 0 0 0 0 0 0 0 
872 1272 0 0 0 0 0 0 0 0 0 0 0 0 0 0 
888 1272 0 0 0 0 0 0 0 0 0 0 0 0 0 0 
904 1272 0 0 0 0 0 0 0 0 0 0 0 0 0 0 
920 1272 0 0 0 0 0 0 0 0 0 0 0 0 0 0 
936 1272 0 0 0 0 0 0 0 0 0 0 0 0 0 0 
952 1272 0 0 0 0 0 0 0 0 0 0 0 0 0 0 
968 1272 0 0 0 0 0 0 0 0 0 0 0 0 0 0 
984 1272 0 0 0 0 0 0 0 0 0 0 0 0 0 0 
1000 1272 0 0 0 0 0 0 0 0 0 0 0 0 0 0 
1016 1272 0 0 0 0 0 0 0 0 0 0 0 0 0 0 
1032 1272 0 0 0 0 0 0 0 0 0 0 0 0 0 0 
1048 1272 0 0 0 0 0 0 0 0 0 0 0 0 0 0 
1064 1272 0 0 0 0 0 0 0 0 0 0 0 0 0 0 
1080 1272 0 0 0 0 0 0 0 0 0 0 0 0 0 0 
1096 1272 0 0 0 0 0 0 0 0 0 0 0 0 0 0 
1112 1272 0 0 0 0 0 0 0 0 0 0 0 0 0 0 
1128 1272 0 0 0 0 0 0 0 0 0 0 0 0 0 0 
1144 1272 0 0 0 0 0 0 0 0 0 0 0 0 0 0 
1160 1272 0 0 0 0 0 0 0 0 0 0 0 0 0 0 
1176 1272 0 0 0 0 0 0 0 0 0 0 0 0 0 0 
1192 1272 0 0 0 0 0 0 0 0 0 0 0 0 0 0 
1208 1272 0 0 0 0 0 0 0 0 0 0 0 0 0 0 
1224 1272 0 0 0 0 0 0 0 0 0 0 0 0 0 0 
1240 1272 0 0 0 0 0 0 0 0 0 0 0 0 0 0 
1256 1272 0 0 0 0 0 0 0 0 0 0 0 0 0 0 
1272 1272 0 0 0 0 0 0 0 0 0 0 0 0 0 0 
1288 1272 0 0 0 0 0 0 0 0 0 0 0 0 0 0 
1304 1272 0 0 0 0 0 0 0 0 0 0 0 0 0 0 
1320 1272 0 0 0 0 0 0 0 0 0 0 0 0 0 0 
1336 1272 0 0 0 0 0 0 0 0 0 0 0 0 0 0 
1352 1272 0 0 0 0 0 0 0 0 0 0 0 0 0 0 
1368 1272 0 0 0 0 0 0 0 0 0 0 0 0 0 0 
1384 1272 0 0 0 0 0 0 0 0 0 0 0 0 0 0 
1400 1272 0 0 0 0 0 0 0 0 0 0 0 0 0 0 
1416 1272 0 0 0 0 0 0 0 0 0 0 0 0 0 0 
1432 1272 0 0 0 0 0 0 0 0 0 0 0 0 0 0 
1448 1272 0 0 0 0 0 0 0 0 0 0 0 0 0 0 
1464 1272 0 0 0 0 0 0 0 0 0 0 0 0 0 0 
1480 1272 0 0 0 0 0 0 0 0 0 0 0 0 0 0 
1496 1272 0 0 0 0 0 0 0 0 0 0 0 0 0 0 
1512 1272 0 0 0 0 0 0 0 0 0 0 0 0 0 0 
1528 1272 0 0 0 0 0 0 0 0 0 0 0 0 0 0 
1544 1272 0 0 0 0 0 0 0 0 0 0 0 0 0 0 
1560 1272 0 0 0 0 0 0 0 0 0 0 0 0 0 0 
1576 1272 0 0 0 0 0 0 0 0 0 0 0 0 0 0 
1592 1272 0 0 0 0 0 0 0 0 0 0 0 0 0 0 
1608 1272 0 0 0 0 0 0 0 0 0 0 0 0 0 0 
1624 1272 0 0 0 0 0 0 0 0 0 0 0 0 0 0 
1640 1272 0 0 0 0 0 0 0 0 0 0 0 0 0 0 
1656 1272 0 0 0 0 0 0 0 0 0 0 0 0 0 0 
1672 1272 0 0 0 0 0 0 0 0 0 0 0 0 0 0 
1688 1272 0 0 0 0 0 0 0 0 0 0 0 0 0 0 
1704 1272 0 0 0 0 0 0 0 0 0 0 0 0 0 0 
1720 1272 0 0 0 0 0 0 0 0 0 0 0 0 0 0 
1736 1272 0 0 0 0 0 0 0 0 0 0 0 0 0 0 
1752 1272 0 0 0 0 0 0 0 0 0 0 0 0 0 0 
1768 1272 0 0 0 0 0 0 0 0 0 0 0 0 0 0 
1784 1272 0 0 0 0 0 0 0 0 0 0 0 0 0 0 
1800 1272 0 0 0 0 0 0 0 0 0 0 0 0 0 0 
1816 1272 0 0 0 0 0 0 0 0 0 0 0 0 0 0 
1832 1272 0 0 0 0 0 0 0 0 0 0 0 0 0 0 
1848 1272 0 0 0 0 0 0 0 0 0 0 0 0 0 0 
1864 1272 0 0 0 0 0 0 0 0 0 0 0 0 0 0 
1880 1272 0 0 0 0 0 0 0 0 0 0 0 0 0 0 
1896 1272 0 0 0 0 0 0 0 0 0 0 0 0 0 0 
1912 1272 0 0 0 0 0 0 0 0 0 0 0 0 0 0 
1928 1272 0 0 0 0 0 0 0 0 0 0 0 0 0 0 
1944 1272 0 0 0 0 0 0 0 0 0 0 0 0 0 0 
1960 1272 0 0 0 0 0 0 0 0 0 0 0 0 0 0 
1976 1272 0 0 0 0 0 0 0 0 0 0 0 0 0 0 
1992 1272 0 0 0 0 0 0 0 0 0 0 0 0 0 0 
2008 1272 0 0 0 0 0 0 0 0 0 0 0 0 0 0 
2024 1272 0 0 0 0 0 0 0 0 0 0 0 0 0 0 
2040 1272 0 0 0 0 0 0 0 0 0 0 0 0 0 0 
2056 1272 0 0 0 0 0 0 0 0 0 0 0 0 0 0 
2072 1272 0 0 0 0 0 0 0 0 0 0 0 0 0 0 
2088 1272 0 0 0 0 0 0 0 0 0 0 0 0 0 0 
2104 1272 0 0 0 0 0 0 0 0 0 0 0 0 0 0 
2120 1272 0 0 0 0 0 0 0 0 0 0 0 0 0 0 
2136 1272 0 0 0 0 0 0 0 0 0 0 0 0 0 0 
2152 1272 0 0 0 0 0 0 0 0 0 0 0 0 0 0 
2168 1272 0 0 0 0 0 0 0 0 0 0 0 0 0 0 
2184 1272 0 0 0 0 0 0 0 0 0 0 0 0 0 0 
2200 1272 0 0 0 0 0 0 0 0 0 0 0 0 0 0 
2216 1272 0 0 0 0 0 0 0 0 0 0 0 0 0 0 
2232 1272 0 0 0 0 0 0 0 0 0 0 0 0 0 0 
2248 1272 0 0 0 0 0 0 0 0 0 0 0 0 0 0 
2264 1272 0 0 0 0 0 0 0 0 0 0 0 0 0 0 
2280 1272 0 0 0 0 0 0 0 0 0 0 0 0 0 0 
2296 1272 0 0 0 0 0 0 0 0 0 0 0 0 0 0 
2312 1272 0 0 0 0 0 0 0 0 0 0 0 0 0 0 
2328 1272 0 0 0 0 0 0 0 0 0 0 0 0 0 0 
2344 1272 0 0 0 0 0 0 0 0 0 0 0 0 0 0 
2360 1272 0 0 0 0 0 0 0 0 0 0 0 0 0 0 
2376 1272 0 0 0 0 0 0 0 0 0 0 0 0 0 0 
2392 1272 0 0 0 0 0 0 0 0 0 0 0 0 0 0 
2408 1272 0 0 0 0 0 0 0 0 0 0 0 0 0 0 
2424 1272 0 0 0 0 0 0 0 0 0 0 0 0 0 0 
2440 1272 0 0 0 0 0 0 0 0 0 0 0 0 0 0 
2456 1272 0 0 0 0 0 0 0 0 0 0 0 0 0 0 
2472 1272 0 0 0 0 0 0 0 0 0 0 0 0 0 0 
2488 1272 0 0 0 0 0 0 0 0 0 0 0 0 0 0 
2504 1272 0 0 0 0 0 0 0 0 0 0 0 0 0 0 
2520 1272 0 0 0 0 0 0 0 0 0 0 0 0 0 0 
2536 1272 0 0 0 0 0 0 0 0 0 0 0 0 0 0 
24 1288 0 0 0 0 0 0 0 0 0 0 0 0 0 0 
40 1288 0 0 0 0 0 0 0 0 0 0 0 0 0 0 
56 1288 0 0 0 0 0 0 0 0 0 0 0 0 0 0 
72 1288 0 0 0 0 0 0 0 0 0 0 0 0 0 0 
88 1288 0 0 0 0 0 0 0 0 0 0 0 0 0 0 
104 1288 0 0 0 0 0 0 0 0 0 0 0 0 0 0 
120 1288 0 0 0 0 0 0 0 0 0 0 0 0 0 0 
136 1288 0 0 0 0 0 0 0 0 0 0 0 0 0 0 
152 1288 0 0 0 0 0 0 0 0 0 0 0 0 0 0 
168 1288 0 0 0 0 0 0 0 0 0 0 0 0 0 0 
184 1288 0 0 0 0 0 0 0 0 0 0 0 0 0 0 
200 1288 0 0 0 0 0 0 0 0 0 0 0 0 0 0 
216 1288 0 0 0 0 0 0 0 0 0 0 0 0 0 0 
232 1288 0 0 0 0 0 0 0 0 0 0 0 0 0 0 
248 1288 0 0 0 0 0 0 0 0 0 0 0 0 0 0 
264 1288 0 0 0 0 0 0 0 0 0 0 0 0 0 0 
280 1288 0 0 0 0 0 0 0 0 0 0 0 0 0 0 
296 1288 0 0 0 0 0 0 0 0 0 0 0 0 0 0 
312 1288 0 0 0 0 0 0 0 0 0 0 0 0 0 0 
328 1288 0 0 0 0 0 0 0 0 0 0 0 0 0 0 
344 1288 0 0 0 0 0 0 0 0 0 0 0 0 0 0 
360 1288 0 0 0 0 0 0 0 0 0 0 0 0 0 0 
376 1288 0 0 0 0 0 0 0 0 0 0 0 0 0 0 
392 1288 0 0 0 0 0 0 0 0 0 0 0 0 0 0 
408 1288 0 0 0 0 0 0 0 0 0 0 0 0 0 0 
424 1288 0 0 0 0 0 0 0 0 0 0 0 0 0 0 
440 1288 0 0 0 0 0 0 0 0 0 0 0 0 0 0 
456 1288 0 0 0 0 0 0 0 0 0 0 0 0 0 0 
472 1288 0 0 0 0 0 0 0 0 0 0 0 0 0 0 
488 1288 0 0 0 0 0 0 0 0 0 0 0 0 0 0 
504 1288 0 0 0 0 0 0 0 0 0 0 0 0 0 0 
520 1288 0 0 0 0 0 0 0 0 0 0 0 0 0 0 
536 1288 0 0 0 0 0 0 0 0 0 0 0 0 0 0 
552 1288 0 0 0 0 0 0 0 0 0 0 0 0 0 0 
568 1288 0 0 0 0 0 0 0 0 0 0 0 0 0 0 
584 1288 0 0 0 0 0 0 0 0 0 0 0 0 0 0 
600 1288 0 0 0 0 0 0 0 0 0 0 0 0 0 0 
616 1288 0 0 0 0 0 0 0 0 0 0 0 0 0 0 
632 1288 0 0 0 0 0 0 0 0 0 0 0 0 0 0 
648 1288 0 0 0 0 0 0 0 0 0 0 0 0 0 0 
664 1288 0 0 0 0 0 0 0 0 0 0 0 0 0 0 
680 1288 0 0 0 0 0 0 0 0 0 0 0 0 0 0 
696 1288 0 0 0 0 0 0 0 0 0 0 0 0 0 0 
712 1288 0 0 0 0 0 0 0 0 0 0 0 0 0 0 
728 1288 0 0 0 0 0 0 0 0 0 0 0 0 0 0 
744 1288 0 0 0 0 0 0 0 0 0 0 0 0 0 0 
760 1288 0 0 0 0 0 0 0 0 0 0 0 0 0 0 
776 1288 0 0 0 0 0 0 0 0 0 0 0 0 0 0 
792 1288 0 0 0 0 0 0 0 0 0 0 0 0 0 0 
808 1288 0 0 0 0 0 0 0 0 0 0 0 0 0 0 
824 1288 0 0 0 0 0 0 0 0 0 0 0 0 0 0 
840 1288 0 0 0 0 0 0 0 0 0 0 0 0 0 0 
856 1288 0 0 0 0 0 0 0 0 0 0 0 0 0 0 
872 1288 0 0 0 0 0 0 0 0 0 0 0 0 0 0 
888 1288 0 0 0 0 0 0 0 0 0 0 0 0 0 0 
904 1288 0 0 0 0 0 0 0 0 0 0 0 0 0 0 
920 1288 0 0 0 0 0 0 0 0 0 0 0 0 0 0 
936 1288 0 0 0 0 0 0 0 0 0 0 0 0 0 0 
952 1288 0 0 0 0 0 0 0 0 0 0 0 0 0 0 
968 1288 0 0 0 0 0 0 0 0 0 0 0 0 0 0 
984 1288 0 0 0 0 0 0 0 0 0 0 0 0 0 0 
1000 1288 0 0 0 0 0 0 0 0 0 0 0 0 0 0 
1016 1288 0 0 0 0 0 0 0 0 0 0 0 0 0 0 
1032 1288 0 0 0 0 0 0 0 0 0 0 0 0 0 0 
1048 1288 0 0 0 0 0 0 0 0 0 0 0 0 0 0 
1064 1288 0 0 0 0 0 0 0 0 0 0 0 0 0 0 
1080 1288 0 0 0 0 0 0 0 0 0 0 0 0 0 0 
1096 1288 0 0 0 0 0 0 0 0 0 0 0 0 0 0 
1112 1288 0 0 0 0 0 0 0 0 0 0 0 0 0 0 
1128 1288 0 0 0 0 0 0 0 0 0 0 0 0 0 0 
1144 1288 0 0 0 0 0 0 0 0 0 0 0 0 0 0 
1160 1288 0 0 0 0 0 0 0 0 0 0 0 0 0 0 
1176 1288 0 0 0 0 0 0 0 0 0 0 0 0 0 0 
1192 1288 0 0 0 0 0 0 0 0 0 0 0 0 0 0 
1208 1288 0 0 0 0 0 0 0 0 0 0 0 0 0 0 
1224 1288 0 0 0 0 0 0 0 0 0 0 0 0 0 0 
1240 1288 0 0 0 0 0 0 0 0 0 0 0 0 0 0 
1256 1288 0 0 0 0 0 0 0 0 0 0 0 0 0 0 
1272 1288 0 0 0 0 0 0 0 0 0 0 0 0 0 0 
1288 1288 0 0 0 0 0 0 0 0 0 0 0 0 0 0 
1304 1288 0 0 0 0 0 0 0 0 0 0 0 0 0 0 
1320 1288 0 0 0 0 0 0 0 0 0 0 0 0 0 0 
1336 1288 0 0 0 0 0 0 0 0 0 0 0 0 0 0 
1352 1288 0 0 0 0 0 0 0 0 0 0 0 0 0 0 
1368 1288 0 0 0 0 0 0 0 0 0 0 0 0 0 0 
1384 1288 0 0 0 0 0 0 0 0 0 0 0 0 0 0 
1400 1288 0 0 0 0 0 0 0 0 0 0 0 0 0 0 
1416 1288 0 0 0 0 0 0 0 0 0 0 0 0 0 0 
1432 1288 0 0 0 0 0 0 0 0 0 0 0 0 0 0 
1448 1288 0 0 0 0 0 0 0 0 0 0 0 0 0 0 
1464 1288 0 0 0 0 0 0 0 0 0 0 0 0 0 0 
1480 1288 0 0 0 0 0 0 0 0 0 0 0 0 0 0 
1496 1288 0 0 0 0 0 0 0 0 0 0 0 0 0 0 
1512 1288 0 0 0 0 0 0 0 0 0 0 0 0 0 0 
1528 1288 0 0 0 0 0 0 0 0 0 0 0 0 0 0 
1544 1288 0 0 0 0 0 0 0 0 0 0 0 0 0 0 
1560 1288 0 0 0 0 0 0 0 0 0 0 0 0 0 0 
1576 1288 0 0 0 0 0 0 0 0 0 0 0 0 0 0 
1592 1288 0 0 0 0 0 0 0 0 0 0 0 0 0 0 
1608 1288 0 0 0 0 0 0 0 0 0 0 0 0 0 0 
1624 1288 0 0 0 0 0 0 0 0 0 0 0 0 0 0 
1640 1288 0 0 0 0 0 0 0 0 0 0 0 0 0 0 
1656 1288 0 0 0 0 0 0 0 0 0 0 0 0 0 0 
1672 1288 0 0 0 0 0 0 0 0 0 0 0 0 0 0 
1688 1288 0 0 0 0 0 0 0 0 0 0 0 0 0 0 
1704 1288 0 0 0 0 0 0 0 0 0 0 0 0 0 0 
1720 1288 0 0 0 0 0 0 0 0 0 0 0 0 0 0 
1736 1288 0 0 0 0 0 0 0 0 0 0 0 0 0 0 
1752 1288 0 0 0 0 0 0 0 0 0 0 0 0 0 0 
1768 1288 0 0 0 0 0 0 0 0 0 0 0 0 0 0 
1784 1288 0 0 0 0 0 0 0 0 0 0 0 0 0 0 
1800 1288 0 0 0 0 0 0 0 0 0 0 0 0 0 0 
1816 1288 0 0 0 0 0 0 0 0 0 0 0 0 0 0 
1832 1288 0 0 0 0 0 0 0 0 0 0 0 0 0 0 
1848 1288 0 0 0 0 0 0 0 0 0 0 0 0 0 0 
1864 1288 0 0 0 0 0 0 0 0 0 0 0 0 0 0 
1880 1288 0 0 0 0 0 0 0 0 0 0 0 0 0 0 
1896 1288 0 0 0 0 0 0 0 0 0 0 0 0 0 0 
1912 1288 0 0 0 0 0 0 0 0 0 0 0 0 0 0 
1928 1288 0 0 0 0 0 0 0 0 0 0 0 0 0 0 
1944 1288 0 0 0 0 0 0 0 0 0 0 0 0 0 0 
1960 1288 0 0 0 0 0 0 0 0 0 0 0 0 0 0 
1976 1288 0 0 0 0 0 0 0 0 0 0 0 0 0 0 
1992 1288 0 0 0 0 0 0 0 0 0 0 0 0 0 0 
2008 1288 0 0 0 0 0 0 0 0 0 0 0 0 0 0 
2024 1288 0 0 0 0 0 0 0 0 0 0 0 0 0 0 
2040 1288 0 0 0 0 0 0 0 0 0 0 0 0 0 0 
2056 1288 0 0 0 0 0 0 0 0 0 0 0 0 0 0 
2072 1288 0 0 0 0 0 0 0 0 0 0 0 0 0 0 
2088 1288 0 0 0 0 0 0 0 0 0 0 0 0 0 0 
2104 1288 0 0 0 0 0 0 0 0 0 0 0 0 0 0 
2120 1288 0 0 0 0 0 0 0 0 0 0 0 0 0 0 
2136 1288 0 0 0 0 0 0 0 0 0 0 0 0 0 0 
2152 1288 0 0 0 0 0 0 0 0 0 0 0 0 0 0 
2168 1288 0 0 0 0 0 0 0 0 0 0 0 0 0 0 
2184 1288 0 0 0 0 0 0 0 0 0 0 0 0 0 0 
2200 1288 0 0 0 0 0 0 0 0 0 0 0 0 0 0 
2216 1288 0 0 0 0 0 0 0 0 0 0 0 0 0 0 
2232 1288 0 0 0 0 0 0 0 0 0 0 0 0 0 0 
2248 1288 0 0 0 0 0 0 0 0 0 0 0 0 0 0 
2264 1288 0 0 0 0 0 0 0 0 0 0 0 0 0 0 
2280 1288 0 0 0 0 0 0 0 0 0 0 0 0 0 0 
2296 1288 0 0 0 0 0 0 0 0 0 0 0 0 0 0 
2312 1288 0 0 0 0 0 0 0 0 0 0 0 0 0 0 
2328 1288 0 0 0 0 0 0 0 0 0 0 0 0 0 0 
2344 1288 0 0 0 0 0 0 0 0 0 0 0 0 0 0 
2360 1288 0 0 0 0 0 0 0 0 0 0 0 0 0 0 
2376 1288 0 0 0 0 0 0 0 0 0 0 0 0 0 0 
2392 1288 0 0 0 0 0 0 0 0 0 0 0 0 0 0 
2408 1288 0 0 0 0 0 0 0 0 0 0 0 0 0 0 
2424 1288 0 0 0 0 0 0 0 0 0 0 0 0 0 0 
2440 1288 0 0 0 0 0 0 0 0 0 0 0 0 0 0 
2456 1288 0 0 0 0 0 0 0 0 0 0 0 0 0 0 
2472 1288 0 0 0 0 0 0 0 0 0 0 0 0 0 0 
2488 1288 0 0 0 0 0 0 0 0 0 0 0 0 0 0 
2504 1288 0 0 0 0 0 0 0 0 0 0 0 0 0 0 
2520 1288 0 0 0 0 0 0 0 0 0 0 0 0 0 0 
2536 1288 0 0 0 0 0 0 0 0 0 0 0 0 0 0 
24 1304 0 0 0 0 0 0 0 0 0 0 0 0 0 0 
40 1304 0 0 0 0 0 0 0 0 0 0 0 0 0 0 
56 1304 0 0 0 0 0 0 0 0 0 0 0 0 0 0 
72 1304 0 0 0 0 0 0 0 0 0 0 0 0 0 0 
88 1304 0 0 0 0 0 0 0 0 0 0 0 0 0 0 
104 1304 0 0 0 0 0 0 0 0 0 0 0 0 0 0 
120 1304 0 0 0 0 0 0 0 0 0 0 0 0 0 0 
136 1304 0 0 0 0 0 0 0 0 0 0 0 0 0 0 
152 1304 0 0 0 0 0 0 0 0 0 0 0 0 0 0 
168 1304 0 0 0 0 0 0 0 0 0 0 0 0 0 0 
184 1304 0 0 0 0 0 0 0 0 0 0 0 0 0 0 
200 1304 0 0 0 0 0 0 0 0 0 0 0 0 0 0 
216 1304 0 0 0 0 0 0 0 0 0 0 0 0 0 0 
232 1304 0 0 0 0 0 0 0 0 0 0 0 0 0 0 
248 1304 0 0 0 0 0 0 0 0 0 0 0 0 0 0 
264 1304 0 0 0 0 0 0 0 0 0 0 0 0 0 0 
280 1304 0 0 0 0 0 0 0 0 0 0 0 0 0 0 
296 1304 0 0 0 0 0 0 0 0 0 0 0 0 0 0 
312 1304 0 0 0 0 0 0 0 0 0 0 0 0 0 0 
328 1304 0 0 0 0 0 0 0 0 0 0 0 0 0 0 
344 1304 0 0 0 0 0 0 0 0 0 0 0 0 0 0 
360 1304 0 0 0 0 0 0 0 0 0 0 0 0 0 0 
376 1304 0 0 0 0 0 0 0 0 0 0 0 0 0 0 
392 1304 0 0 0 0 0 0 0 0 0 0 0 0 0 0 
408 1304 0 0 0 0 0 0 0 0 0 0 0 0 0 0 
424 1304 0 0 0 0 0 0 0 0 0 0 0 0 0 0 
440 1304 0 0 0 0 0 0 0 0 0 0 0 0 0 0 
456 1304 0 0 0 0 0 0 0 0 0 0 0 0 0 0 
472 1304 0 0 0 0 0 0 0 0 0 0 0 0 0 0 
488 1304 0 0 0 0 0 0 0 0 0 0 0 0 0 0 
504 1304 0 0 0 0 0 0 0 0 0 0 0 0 0 0 
520 1304 0 0 0 0 0 0 0 0 0 0 0 0 0 0 
536 1304 0 0 0 0 0 0 0 0 0 0 0 0 0 0 
552 1304 0 0 0 0 0 0 0 0 0 0 0 0 0 0 
568 1304 0 0 0 0 0 0 0 0 0 0 0 0 0 0 
584 1304 0 0 0 0 0 0 0 0 0 0 0 0 0 0 
600 1304 0 0 0 0 0 0 0 0 0 0 0 0 0 0 
616 1304 0 0 0 0 0 0 0 0 0 0 0 0 0 0 
632 1304 0 0 0 0 0 0 0 0 0 0 0 0 0 0 
648 1304 0 0 0 0 0 0 0 0 0 0 0 0 0 0 
664 1304 0 0 0 0 0 0 0 0 0 0 0 0 0 0 
680 1304 0 0 0 0 0 0 0 0 0 0 0 0 0 0 
696 1304 0 0 0 0 0 0 0 0 0 0 0 0 0 0 
712 1304 0 0 0 0 0 0 0 0 0 0 0 0 0 0 
728 1304 0 0 0 0 0 0 0 0 0 0 0 0 0 0 
744 1304 0 0 0 0 0 0 0 0 0 0 0 0 0 0 
760 1304 0 0 0 0 0 0 0 0 0 0 0 0 0 0 
776 1304 0 0 0 0 0 0 0 0 0 0 0 0 0 0 
792 1304 0 0 0 0 0 0 0 0 0 0 0 0 0 0 
808 1304 0 0 0 0 0 0 0 0 0 0 0 0 0 0 
824 1304 0 0 0 0 0 0 0 0 0 0 0 0 0 0 
840 1304 0 0 0 0 0 0 0 0 0 0 0 0 0 0 
856 1304 0 0 0 0 0 0 0 0 0 0 0 0 0 0 
872 1304 0 0 0 0 0 0 0 0 0 0 0 0 0 0 
888 1304 0 0 0 0 0 0 0 0 0 0 0 0 0 0 
904 1304 0 0 0 0 0 0 0 0 0 0 0 0 0 0 
920 1304 0 0 0 0 0 0 0 0 0 0 0 0 0 0 
936 1304 0 0 0 0 0 0 0 0 0 0 0 0 0 0 
952 1304 0 0 0 0 0 0 0 0 0 0 0 0 0 0 
968 1304 0 0 0 0 0 0 0 0 0 0 0 0 0 0 
984 1304 0 0 0 0 0 0 0 0 0 0 0 0 0 0 
1000 1304 0 0 0 0 0 0 0 0 0 0 0 0 0 0 
1016 1304 0 0 0 0 0 0 0 0 0 0 0 0 0 0 
1032 1304 0 0 0 0 0 0 0 0 0 0 0 0 0 0 
1048 1304 0 0 0 0 0 0 0 0 0 0 0 0 0 0 
1064 1304 0 0 0 0 0 0 0 0 0 0 0 0 0 0 
1080 1304 0 0 0 0 0 0 0 0 0 0 0 0 0 0 
1096 1304 0 0 0 0 0 0 0 0 0 0 0 0 0 0 
1112 1304 0 0 0 0 0 0 0 0 0 0 0 0 0 0 
1128 1304 0 0 0 0 0 0 0 0 0 0 0 0 0 0 
1144 1304 0 0 0 0 0 0 0 0 0 0 0 0 0 0 
1160 1304 0 0 0 0 0 0 0 0 0 0 0 0 0 0 
1176 1304 0 0 0 0 0 0 0 0 0 0 0 0 0 0 
1192 1304 0 0 0 0 0 0 0 0 0 0 0 0 0 0 
1208 1304 0 0 0 0 0 0 0 0 0 0 0 0 0 0 
1224 1304 0 0 0 0 0 0 0 0 0 0 0 0 0 0 
1240 1304 0 0 0 0 0 0 0 0 0 0 0 0 0 0 
1256 1304 0 0 0 0 0 0 0 0 0 0 0 0 0 0 
1272 1304 0 0 0 0 0 0 0 0 0 0 0 0 0 0 
1288 1304 0 0 0 0 0 0 0 0 0 0 0 0 0 0 
1304 1304 0 0 0 0 0 0 0 0 0 0 0 0 0 0 
1320 1304 0 0 0 0 0 0 0 0 0 0 0 0 0 0 
1336 1304 0 0 0 0 0 0 0 0 0 0 0 0 0 0 
1352 1304 0 0 0 0 0 0 0 0 0 0 0 0 0 0 
1368 1304 0 0 0 0 0 0 0 0 0 0 0 0 0 0 
1384 1304 0 0 0 0 0 0 0 0 0 0 0 0 0 0 
1400 1304 0 0 0 0 0 0 0 0 0 0 0 0 0 0 
1416 1304 0 0 0 0 0 0 0 0 0 0 0 0 0 0 
1432 1304 0 0 0 0 0 0 0 0 0 0 0 0 0 0 
1448 1304 0 0 0 0 0 0 0 0 0 0 0 0 0 0 
1464 1304 0 0 0 0 0 0 0 0 0 0 0 0 0 0 
1480 1304 0 0 0 0 0 0 0 0 0 0 0 0 0 0 
1496 1304 0 0 0 0 0 0 0 0 0 0 0 0 0 0 
1512 1304 0 0 0 0 0 0 0 0 0 0 0 0 0 0 
1528 1304 0 0 0 0 0 0 0 0 0 0 0 0 0 0 
1544 1304 0 0 0 0 0 0 0 0 0 0 0 0 0 0 
1560 1304 0 0 0 0 0 0 0 0 0 0 0 0 0 0 
1576 1304 0 0 0 0 0 0 0 0 0 0 0 0 0 0 
1592 1304 0 0 0 0 0 0 0 0 0 0 0 0 0 0 
1608 1304 0 0 0 0 0 0 0 0 0 0 0 0 0 0 
1624 1304 0 0 0 0 0 0 0 0 0 0 0 0 0 0 
1640 1304 0 0 0 0 0 0 0 0 0 0 0 0 0 0 
1656 1304 0 0 0 0 0 0 0 0 0 0 0 0 0 0 
1672 1304 0 0 0 0 0 0 0 0 0 0 0 0 0 0 
1688 1304 0 0 0 0 0 0 0 0 0 0 0 0 0 0 
1704 1304 0 0 0 0 0 0 0 0 0 0 0 0 0 0 
1720 1304 0 0 0 0 0 0 0 0 0 0 0 0 0 0 
1736 1304 0 0 0 0 0 0 0 0 0 0 0 0 0 0 
1752 1304 0 0 0 0 0 0 0 0 0 0 0 0 0 0 
1768 1304 0 0 0 0 0 0 0 0 0 0 0 0 0 0 
1784 1304 0 0 0 0 0 0 0 0 0 0 0 0 0 0 
1800 1304 0 0 0 0 0 0 0 0 0 0 0 0 0 0 
1816 1304 0 0 0 0 0 0 0 0 0 0 0 0 0 0 
1832 1304 0 0 0 0 0 0 0 0 0 0 0 0 0 0 
1848 1304 0 0 0 0 0 0 0 0 0 0 0 0 0 0 
1864 1304 0 0 0 0 0 0 0 0 0 0 0 0 0 0 
1880 1304 0 0 0 0 0 0 0 0 0 0 0 0 0 0 
1896 1304 0 0 0 0 0 0 0 0 0 0 0 0 0 0 
1912 1304 0 0 0 0 0 0 0 0 0 0 0 0 0 0 
1928 1304 0 0 0 0 0 0 0 0 0 0 0 0 0 0 
1944 1304 0 0 0 0 0 0 0 0 0 0 0 0 0 0 
1960 1304 0 0 0 0 0 0 0 0 0 0 0 0 0 0 
1976 1304 0 0 0 0 0 0 0 0 0 0 0 0 0 0 
1992 1304 0 0 0 0 0 0 0 0 0 0 0 0 0 0 
2008 1304 0 0 0 0 0 0 0 0 0 0 0 0 0 0 
2024 1304 0 0 0 0 0 0 0 0 0 0 0 0 0 0 
2040 1304 0 0 0 0 0 0 0 0 0 0 0 0 0 0 
2056 1304 0 0 0 0 0 0 0 0 0 0 0 0 0 0 
2072 1304 0 0 0 0 0 0 0 0 0 0 0 0 0 0 
2088 1304 0 0 0 0 0 0 0 0 0 0 0 0 0 0 
2104 1304 0 0 0 0 0 0 0 0 0 0 0 0 0 0 
2120 1304 0 0 0 0 0 0 0 0 0 0 0 0 0 0 
2136 1304 0 0 0 0 0 0 0 0 0 0 0 0 0 0 
2152 1304 0 0 0 0 0 0 0 0 0 0 0 0 0 0 
2168 1304 0 0 0 0 0 0 0 0 0 0 0 0 0 0 
2184 1304 0 0 0 0 0 0 0 0 0 0 0 0 0 0 
2200 1304 0 0 0 0 0 0 0 0 0 0 0 0 0 0 
2216 1304 0 0 0 0 0 0 0 0 0 0 0 0 0 0 
2232 1304 0 0 0 0 0 0 0 0 0 0 0 0 0 0 
2248 1304 0 0 0 0 0 0 0 0 0 0 0 0 0 0 
2264 1304 0 0 0 0 0 0 0 0 0 0 0 0 0 0 
2280 1304 0 0 0 0 0 0 0 0 0 0 0 0 0 0 
2296 1304 0 0 0 0 0 0 0 0 0 0 0 0 0 0 
2312 1304 0 0 0 0 0 0 0 0 0 0 0 0 0 0 
2328 1304 0 0 0 0 0 0 0 0 0 0 0 0 0 0 
2344 1304 0 0 0 0 0 0 0 0 0 0 0 0 0 0 
2360 1304 0 0 0 0 0 0 0 0 0 0 0 0 0 0 
2376 1304 0 0 0 0 0 0 0 0 0 0 0 0 0 0 
2392 1304 0 0 0 0 0 0 0 0 0 0 0 0 0 0 
2408 1304 0 0 0 0 0 0 0 0 0 0 0 0 0 0 
2424 1304 0 0 0 0 0 0 0 0 0 0 0 0 0 0 
2440 1304 0 0 0 0 0 0 0 0 0 0 0 0 0 0 
2456 1304 0 0 0 0 0 0 0 0 0 0 0 0 0 0 
2472 1304 0 0 0 0 0 0 0 0 0 0 0 0 0 0 
2488 1304 0 0 0 0 0 0 0 0 0 0 0 0 0 0 
2504 1304 0 0 0 0 0 0 0 0 0 0 0 0 0 0 
2520 1304 0 0 0 0 0 0 0 0 0 0 0 0 0 0 
2536 1304 0 0 0 0 0 0 0 0 0 0 0 0 0 0 
24 1320 0 0 0 0 0 0 0 0 0 0 0 0 0 0 
40 1320 0 0 0 0 0 0 0 0 0 0 0 0 0 0 
56 1320 0 0 0 0 0 0 0 0 0 0 0 0 0 0 
72 1320 0 0 0 0 0 0 0 0 0 0 0 0 0 0 
88 1320 0 0 0 0 0 0 0 0 0 0 0 0 0 0 
104 1320 0 0 0 0 0 0 0 0 0 0 0 0 0 0 
120 1320 0 0 0 0 0 0 0 0 0 0 0 0 0 0 
136 1320 0 0 0 0 0 0 0 0 0 0 0 0 0 0 
152 1320 0 0 0 0 0 0 0 0 0 0 0 0 0 0 
168 1320 0 0 0 0 0 0 0 0 0 0 0 0 0 0 
184 1320 0 0 0 0 0 0 0 0 0 0 0 0 0 0 
200 1320 0 0 0 0 0 0 0 0 0 0 0 0 0 0 
216 1320 0 0 0 0 0 0 0 0 0 0 0 0 0 0 
232 1320 0 0 0 0 0 0 0 0 0 0 0 0 0 0 
248 1320 0 0 0 0 0 0 0 0 0 0 0 0 0 0 
264 1320 0 0 0 0 0 0 0 0 0 0 0 0 0 0 
280 1320 0 0 0 0 0 0 0 0 0 0 0 0 0 0 
296 1320 0 0 0 0 0 0 0 0 0 0 0 0 0 0 
312 1320 0 0 0 0 0 0 0 0 0 0 0 0 0 0 
328 1320 0 0 0 0 0 0 0 0 0 0 0 0 0 0 
344 1320 0 0 0 0 0 0 0 0 0 0 0 0 0 0 
360 1320 0 0 0 0 0 0 0 0 0 0 0 0 0 0 
376 1320 0 0 0 0 0 0 0 0 0 0 0 0 0 0 
392 1320 0 0 0 0 0 0 0 0 0 0 0 0 0 0 
408 1320 0 0 0 0 0 0 0 0 0 0 0 0 0 0 
424 1320 0 0 0 0 0 0 0 0 0 0 0 0 0 0 
440 1320 0 0 0 0 0 0 0 0 0 0 0 0 0 0 
456 1320 0 0 0 0 0 0 0 0 0 0 0 0 0 0 
472 1320 0 0 0 0 0 0 0 0 0 0 0 0 0 0 
488 1320 0 0 0 0 0 0 0 0 0 0 0 0 0 0 
504 1320 0 0 0 0 0 0 0 0 0 0 0 0 0 0 
520 1320 0 0 0 0 0 0 0 0 0 0 0 0 0 0 
536 1320 0 0 0 0 0 0 0 0 0 0 0 0 0 0 
552 1320 0 0 0 0 0 0 0 0 0 0 0 0 0 0 
568 1320 0 0 0 0 0 0 0 0 0 0 0 0 0 0 
584 1320 0 0 0 0 0 0 0 0 0 0 0 0 0 0 
600 1320 0 0 0 0 0 0 0 0 0 0 0 0 0 0 
616 1320 0 0 0 0 0 0 0 0 0 0 0 0 0 0 
632 1320 0 0 0 0 0 0 0 0 0 0 0 0 0 0 
648 1320 0 0 0 0 0 0 0 0 0 0 0 0 0 0 
664 1320 0 0 0 0 0 0 0 0 0 0 0 0 0 0 
680 1320 0 0 0 0 0 0 0 0 0 0 0 0 0 0 
696 1320 0 0 0 0 0 0 0 0 0 0 0 0 0 0 
712 1320 0 0 0 0 0 0 0 0 0 0 0 0 0 0 
728 1320 0 0 0 0 0 0 0 0 0 0 0 0 0 0 
744 1320 0 0 0 0 0 0 0 0 0 0 0 0 0 0 
760 1320 0 0 0 0 0 0 0 0 0 0 0 0 0 0 
776 1320 0 0 0 0 0 0 0 0 0 0 0 0 0 0 
792 1320 0 0 0 0 0 0 0 0 0 0 0 0 0 0 
808 1320 0 0 0 0 0 0 0 0 0 0 0 0 0 0 
824 1320 0 0 0 0 0 0 0 0 0 0 0 0 0 0 
840 1320 0 0 0 0 0 0 0 0 0 0 0 0 0 0 
856 1320 0 0 0 0 0 0 0 0 0 0 0 0 0 0 
872 1320 0 0 0 0 0 0 0 0 0 0 0 0 0 0 
888 1320 0 0 0 0 0 0 0 0 0 0 0 0 0 0 
904 1320 0 0 0 0 0 0 0 0 0 0 0 0 0 0 
920 1320 0 0 0 0 0 0 0 0 0 0 0 0 0 0 
936 1320 0 0 0 0 0 0 0 0 0 0 0 0 0 0 
952 1320 0 0 0 0 0 0 0 0 0 0 0 0 0 0 
968 1320 0 0 0 0 0 0 0 0 0 0 0 0 0 0 
984 1320 0 0 0 0 0 0 0 0 0 0 0 0 0 0 
1000 1320 0 0 0 0 0 0 0 0 0 0 0 0 0 0 
1016 1320 0 0 0 0 0 0 0 0 0 0 0 0 0 0 
1032 1320 0 0 0 0 0 0 0 0 0 0 0 0 0 0 
1048 1320 0 0 0 0 0 0 0 0 0 0 0 0 0 0 
1064 1320 0 0 0 0 0 0 0 0 0 0 0 0 0 0 
1080 1320 0 0 0 0 0 0 0 0 0 0 0 0 0 0 
1096 1320 0 0 0 0 0 0 0 0 0 0 0 0 0 0 
1112 1320 0 0 0 0 0 0 0 0 0 0 0 0 0 0 
1128 1320 0 0 0 0 0 0 0 0 0 0 0 0 0 0 
1144 1320 0 0 0 0 0 0 0 0 0 0 0 0 0 0 
1160 1320 0 0 0 0 0 0 0 0 0 0 0 0 0 0 
1176 1320 0 0 0 0 0 0 0 0 0 0 0 0 0 0 
1192 1320 0 0 0 0 0 0 0 0 0 0 0 0 0 0 
1208 1320 0 0 0 0 0 0 0 0 0 0 0 0 0 0 
1224 1320 0 0 0 0 0 0 0 0 0 0 0 0 0 0 
1240 1320 0 0 0 0 0 0 0 0 0 0 0 0 0 0 
1256 1320 0 0 0 0 0 0 0 0 0 0 0 0 0 0 
1272 1320 0 0 0 0 0 0 0 0 0 0 0 0 0 0 
1288 1320 0 0 0 0 0 0 0 0 0 0 0 0 0 0 
1304 1320 0 0 0 0 0 0 0 0 0 0 0 0 0 0 
1320 1320 0 0 0 0 0 0 0 0 0 0 0 0 0 0 
1336 1320 0 0 0 0 0 0 0 0 0 0 0 0 0 0 
1352 1320 0 0 0 0 0 0 0 0 0 0 0 0 0 0 
1368 1320 0 0 0 0 0 0 0 0 0 0 0 0 0 0 
1384 1320 0 0 0 0 0 0 0 0 0 0 0 0 0 0 
1400 1320 0 0 0 0 0 0 0 0 0 0 0 0 0 0 
1416 1320 0 0 0 0 0 0 0 0 0 0 0 0 0 0 
1432 1320 0 0 0 0 0 0 0 0 0 0 0 0 0 0 
1448 1320 0 0 0 0 0 0 0 0 0 0 0 0 0 0 
1464 1320 0 0 0 0 0 0 0 0 0 0 0 0 0 0 
1480 1320 0 0 0 0 0 0 0 0 0 0 0 0 0 0 
1496 1320 0 0 0 0 0 0 0 0 0 0 0 0 0 0 
1512 1320 0 0 0 0 0 0 0 0 0 0 0 0 0 0 
1528 1320 0 0 0 0 0 0 0 0 0 0 0 0 0 0 
1544 1320 0 0 0 0 0 0 0 0 0 0 0 0 0 0 
1560 1320 0 0 0 0 0 0 0 0 0 0 0 0 0 0 
1576 1320 0 0 0 0 0 0 0 0 0 0 0 0 0 0 
1592 1320 0 0 0 0 0 0 0 0 0 0 0 0 0 0 
1608 1320 0 0 0 0 0 0 0 0 0 0 0 0 0 0 
1624 1320 0 0 0 0 0 0 0 0 0 0 0 0 0 0 
1640 1320 0 0 0 0 0 0 0 0 0 0 0 0 0 0 
1656 1320 0 0 0 0 0 0 0 0 0 0 0 0 0 0 
1672 1320 0 0 0 0 0 0 0 0 0 0 0 0 0 0 
1688 1320 0 0 0 0 0 0 0 0 0 0 0 0 0 0 
1704 1320 0 0 0 0 0 0 0 0 0 0 0 0 0 0 
1720 1320 0 0 0 0 0 0 0 0 0 0 0 0 0 0 
1736 1320 0 0 0 0 0 0 0 0 0 0 0 0 0 0 
1752 1320 0 0 0 0 0 0 0 0 0 0 0 0 0 0 
1768 1320 0 0 0 0 0 0 0 0 0 0 0 0 0 0 
1784 1320 0 0 0 0 0 0 0 0 0 0 0 0 0 0 
1800 1320 0 0 0 0 0 0 0 0 0 0 0 0 0 0 
1816 1320 0 0 0 0 0 0 0 0 0 0 0 0 0 0 
1832 1320 0 0 0 0 0 0 0 0 0 0 0 0 0 0 
1848 1320 0 0 0 0 0 0 0 0 0 0 0 0 0 0 
1864 1320 0 0 0 0 0 0 0 0 0 0 0 0 0 0 
1880 1320 0 0 0 0 0 0 0 0 0 0 0 0 0 0 
1896 1320 0 0 0 0 0 0 0 0 0 0 0 0 0 0 
1912 1320 0 0 0 0 0 0 0 0 0 0 0 0 0 0 
1928 1320 0 0 0 0 0 0 0 0 0 0 0 0 0 0 
1944 1320 0 0 0 0 0 0 0 0 0 0 0 0 0 0 
1960 1320 0 0 0 0 0 0 0 0 0 0 0 0 0 0 
1976 1320 0 0 0 0 0 0 0 0 0 0 0 0 0 0 
1992 1320 0 0 0 0 0 0 0 0 0 0 0 0 0 0 
2008 1320 0 0 0 0 0 0 0 0 0 0 0 0 0 0 
2024 1320 0 0 0 0 0 0 0 0 0 0 0 0 0 0 
2040 1320 0 0 0 0 0 0 0 0 0 0 0 0 0 0 
2056 1320 0 0 0 0 0 0 0 0 0 0 0 0 0 0 
2072 1320 0 0 0 0 0 0 0 0 0 0 0 0 0 0 
2088 1320 0 0 0 0 0 0 0 0 0 0 0 0 0 0 
2104 1320 0 0 0 0 0 0 0 0 0 0 0 0 0 0 
2120 1320 0 0 0 0 0 0 0 0 0 0 0 0 0 0 
2136 1320 0 0 0 0 0 0 0 0 0 0 0 0 0 0 
2152 1320 0 0 0 0 0 0 0 0 0 0 0 0 0 0 
2168 1320 0 0 0 0 0 0 0 0 0 0 0 0 0 0 
2184 1320 0 0 0 0 0 0 0 0 0 0 0 0 0 0 
2200 1320 0 0 0 0 0 0 0 0 0 0 0 0 0 0 
2216 1320 0 0 0 0 0 0 0 0 0 0 0 0 0 0 
2232 1320 0 0 0 0 0 0 0 0 0 0 0 0 0 0 
2248 1320 0 0 0 0 0 0 0 0 0 0 0 0 0 0 
2264 1320 0 0 0 0 0 0 0 0 0 0 0 0 0 0 
2280 1320 0 0 0 0 0 0 0 0 0 0 0 0 0 0 
2296 1320 0 0 0 0 0 0 0 0 0 0 0 0 0 0 
2312 1320 0 0 0 0 0 0 0 0 0 0 0 0 0 0 
2328 1320 0 0 0 0 0 0 0 0 0 0 0 0 0 0 
2344 1320 0 0 0 0 0 0 0 0 0 0 0 0 0 0 
2360 1320 0 0 0 0 0 0 0 0 0 0 0 0 0 0 
2376 1320 0 0 0 0 0 0 0 0 0 0 0 0 0 0 
2392 1320 0 0 0 0 0 0 0 0 0 0 0 0 0 0 
2408 1320 0 0 0 0 0 0 0 0 0 0 0 0 0 0 
2424 1320 0 0 0 0 0 0 0 0 0 0 0 0 0 0 
2440 1320 0 0 0 0 0 0 0 0 0 0 0 0 0 0 
2456 1320 0 0 0 0 0 0 0 0 0 0 0 0 0 0 
2472 1320 0 0 0 0 0 0 0 0 0 0 0 0 0 0 
2488 1320 0 0 0 0 0 0 0 0 0 0 0 0 0 0 
2504 1320 0 0 0 0 0 0 0 0 0 0 0 0 0 0 
2520 1320 0 0 0 0 0 0 0 0 0 0 0 0 0 0 
2536 1320 0 0 0 0 0 0 0 0 0 0 0 0 0 0 
24 1336 0 0 0 0 0 0 0 0 0 0 0 0 0 0 
40 1336 0 0 0 0 0 0 0 0 0 0 0 0 0 0 
56 1336 0 0 0 0 0 0 0 0 0 0 0 0 0 0 
72 1336 0 0 0 0 0 0 0 0 0 0 0 0 0 0 
88 1336 0 0 0 0 0 0 0 0 0 0 0 0 0 0 
104 1336 0 0 0 0 0 0 0 0 0 0 0 0 0 0 
120 1336 0 0 0 0 0 0 0 0 0 0 0 0 0 0 
136 1336 0 0 0 0 0 0 0 0 0 0 0 0 0 0 
152 1336 0 0 0 0 0 0 0 0 0 0 0 0 0 0 
168 1336 0 0 0 0 0 0 0 0 0 0 0 0 0 0 
184 1336 0 0 0 0 0 0 0 0 0 0 0 0 0 0 
200 1336 0 0 0 0 0 0 0 0 0 0 0 0 0 0 
216 1336 0 0 0 0 0 0 0 0 0 0 0 0 0 0 
232 1336 0 0 0 0 0 0 0 0 0 0 0 0 0 0 
248 1336 0 0 0 0 0 0 0 0 0 0 0 0 0 0 
264 1336 0 0 0 0 0 0 0 0 0 0 0 0 0 0 
280 1336 0 0 0 0 0 0 0 0 0 0 0 0 0 0 
296 1336 0 0 0 0 0 0 0 0 0 0 0 0 0 0 
312 1336 0 0 0 0 0 0 0 0 0 0 0 0 0 0 
328 1336 0 0 0 0 0 0 0 0 0 0 0 0 0 0 
344 1336 0 0 0 0 0 0 0 0 0 0 0 0 0 0 
360 1336 0 0 0 0 0 0 0 0 0 0 0 0 0 0 
376 1336 0 0 0 0 0 0 0 0 0 0 0 0 0 0 
392 1336 0 0 0 0 0 0 0 0 0 0 0 0 0 0 
408 1336 0 0 0 0 0 0 0 0 0 0 0 0 0 0 
424 1336 0 0 0 0 0 0 0 0 0 0 0 0 0 0 
440 1336 0 0 0 0 0 0 0 0 0 0 0 0 0 0 
456 1336 0 0 0 0 0 0 0 0 0 0 0 0 0 0 
472 1336 0 0 0 0 0 0 0 0 0 0 0 0 0 0 
488 1336 0 0 0 0 0 0 0 0 0 0 0 0 0 0 
504 1336 0 0 0 0 0 0 0 0 0 0 0 0 0 0 
520 1336 0 0 0 0 0 0 0 0 0 0 0 0 0 0 
536 1336 0 0 0 0 0 0 0 0 0 0 0 0 0 0 
552 1336 0 0 0 0 0 0 0 0 0 0 0 0 0 0 
568 1336 0 0 0 0 0 0 0 0 0 0 0 0 0 0 
584 1336 0 0 0 0 0 0 0 0 0 0 0 0 0 0 
600 1336 0 0 0 0 0 0 0 0 0 0 0 0 0 0 
616 1336 0 0 0 0 0 0 0 0 0 0 0 0 0 0 
632 1336 0 0 0 0 0 0 0 0 0 0 0 0 0 0 
648 1336 0 0 0 0 0 0 0 0 0 0 0 0 0 0 
664 1336 0 0 0 0 0 0 0 0 0 0 0 0 0 0 
680 1336 0 0 0 0 0 0 0 0 0 0 0 0 0 0 
696 1336 0 0 0 0 0 0 0 0 0 0 0 0 0 0 
712 1336 0 0 0 0 0 0 0 0 0 0 0 0 0 0 
728 1336 0 0 0 0 0 0 0 0 0 0 0 0 0 0 
744 1336 0 0 0 0 0 0 0 0 0 0 0 0 0 0 
760 1336 0 0 0 0 0 0 0 0 0 0 0 0 0 0 
776 1336 0 0 0 0 0 0 0 0 0 0 0 0 0 0 
792 1336 0 0 0 0 0 0 0 0 0 0 0 0 0 0 
808 1336 0 0 0 0 0 0 0 0 0 0 0 0 0 0 
824 1336 0 0 0 0 0 0 0 0 0 0 0 0 0 0 
840 1336 0 0 0 0 0 0 0 0 0 0 0 0 0 0 
856 1336 0 0 0 0 0 0 0 0 0 0 0 0 0 0 
872 1336 0 0 0 0 0 0 0 0 0 0 0 0 0 0 
888 1336 0 0 0 0 0 0 0 0 0 0 0 0 0 0 
904 1336 0 0 0 0 0 0 0 0 0 0 0 0 0 0 
920 1336 0 0 0 0 0 0 0 0 0 0 0 0 0 0 
936 1336 0 0 0 0 0 0 0 0 0 0 0 0 0 0 
952 1336 0 0 0 0 0 0 0 0 0 0 0 0 0 0 
968 1336 0 0 0 0 0 0 0 0 0 0 0 0 0 0 
984 1336 0 0 0 0 0 0 0 0 0 0 0 0 0 0 
1000 1336 0 0 0 0 0 0 0 0 0 0 0 0 0 0 
1016 1336 0 0 0 0 0 0 0 0 0 0 0 0 0 0 
1032 1336 0 0 0 0 0 0 0 0 0 0 0 0 0 0 
1048 1336 0 0 0 0 0 0 0 0 0 0 0 0 0 0 
1064 1336 0 0 0 0 0 0 0 0 0 0 0 0 0 0 
1080 1336 0 0 0 0 0 0 0 0 0 0 0 0 0 0 
1096 1336 0 0 0 0 0 0 0 0 0 0 0 0 0 0 
1112 1336 0 0 0 0 0 0 0 0 0 0 0 0 0 0 
1128 1336 0 0 0 0 0 0 0 0 0 0 0 0 0 0 
1144 1336 0 0 0 0 0 0 0 0 0 0 0 0 0 0 
1160 1336 0 0 0 0 0 0 0 0 0 0 0 0 0 0 
1176 1336 0 0 0 0 0 0 0 0 0 0 0 0 0 0 
1192 1336 0 0 0 0 0 0 0 0 0 0 0 0 0 0 
1208 1336 0 0 0 0 0 0 0 0 0 0 0 0 0 0 
1224 1336 0 0 0 0 0 0 0 0 0 0 0 0 0 0 
1240 1336 0 0 0 0 0 0 0 0 0 0 0 0 0 0 
1256 1336 0 0 0 0 0 0 0 0 0 0 0 0 0 0 
1272 1336 0 0 0 0 0 0 0 0 0 0 0 0 0 0 
1288 1336 0 0 0 0 0 0 0 0 0 0 0 0 0 0 
1304 1336 0 0 0 0 0 0 0 0 0 0 0 0 0 0 
1320 1336 0 0 0 0 0 0 0 0 0 0 0 0 0 0 
1336 1336 0 0 0 0 0 0 0 0 0 0 0 0 0 0 
1352 1336 0 0 0 0 0 0 0 0 0 0 0 0 0 0 
1368 1336 0 0 0 0 0 0 0 0 0 0 0 0 0 0 
1384 1336 0 0 0 0 0 0 0 0 0 0 0 0 0 0 
1400 1336 0 0 0 0 0 0 0 0 0 0 0 0 0 0 
1416 1336 0 0 0 0 0 0 0 0 0 0 0 0 0 0 
1432 1336 0 0 0 0 0 0 0 0 0 0 0 0 0 0 
1448 1336 0 0 0 0 0 0 0 0 0 0 0 0 0 0 
1464 1336 0 0 0 0 0 0 0 0 0 0 0 0 0 0 
1480 1336 0 0 0 0 0 0 0 0 0 0 0 0 0 0 
1496 1336 0 0 0 0 0 0 0 0 0 0 0 0 0 0 
1512 1336 0 0 0 0 0 0 0 0 0 0 0 0 0 0 
1528 1336 0 0 0 0 0 0 0 0 0 0 0 0 0 0 
1544 1336 0 0 0 0 0 0 0 0 0 0 0 0 0 0 
1560 1336 0 0 0 0 0 0 0 0 0 0 0 0 0 0 
1576 1336 0 0 0 0 0 0 0 0 0 0 0 0 0 0 
1592 1336 0 0 0 0 0 0 0 0 0 0 0 0 0 0 
1608 1336 0 0 0 0 0 0 0 0 0 0 0 0 0 0 
1624 1336 0 0 0 0 0 0 0 0 0 0 0 0 0 0 
1640 1336 0 0 0 0 0 0 0 0 0 0 0 0 0 0 
1656 1336 0 0 0 0 0 0 0 0 0 0 0 0 0 0 
1672 1336 0 0 0 0 0 0 0 0 0 0 0 0 0 0 
1688 1336 0 0 0 0 0 0 0 0 0 0 0 0 0 0 
1704 1336 0 0 0 0 0 0 0 0 0 0 0 0 0 0 
1720 1336 0 0 0 0 0 0 0 0 0 0 0 0 0 0 
1736 1336 0 0 0 0 0 0 0 0 0 0 0 0 0 0 
1752 1336 0 0 0 0 0 0 0 0 0 0 0 0 0 0 
1768 1336 0 0 0 0 0 0 0 0 0 0 0 0 0 0 
1784 1336 0 0 0 0 0 0 0 0 0 0 0 0 0 0 
1800 1336 0 0 0 0 0 0 0 0 0 0 0 0 0 0 
1816 1336 0 0 0 0 0 0 0 0 0 0 0 0 0 0 
1832 1336 0 0 0 0 0 0 0 0 0 0 0 0 0 0 
1848 1336 0 0 0 0 0 0 0 0 0 0 0 0 0 0 
1864 1336 0 0 0 0 0 0 0 0 0 0 0 0 0 0 
1880 1336 0 0 0 0 0 0 0 0 0 0 0 0 0 0 
1896 1336 0 0 0 0 0 0 0 0 0 0 0 0 0 0 
1912 1336 0 0 0 0 0 0 0 0 0 0 0 0 0 0 
1928 1336 0 0 0 0 0 0 0 0 0 0 0 0 0 0 
1944 1336 0 0 0 0 0 0 0 0 0 0 0 0 0 0 
1960 1336 0 0 0 0 0 0 0 0 0 0 0 0 0 0 
1976 1336 0 0 0 0 0 0 0 0 0 0 0 0 0 0 
1992 1336 0 0 0 0 0 0 0 0 0 0 0 0 0 0 
2008 1336 0 0 0 0 0 0 0 0 0 0 0 0 0 0 
2024 1336 0 0 0 0 0 0 0 0 0 0 0 0 0 0 
2040 1336 0 0 0 0 0 0 0 0 0 0 0 0 0 0 
2056 1336 0 0 0 0 0 0 0 0 0 0 0 0 0 0 
2072 1336 0 0 0 0 0 0 0 0 0 0 0 0 0 0 
2088 1336 0 0 0 0 0 0 0 0 0 0 0 0 0 0 
2104 1336 0 0 0 0 0 0 0 0 0 0 0 0 0 0 
2120 1336 0 0 0 0 0 0 0 0 0 0 0 0 0 0 
2136 1336 0 0 0 0 0 0 0 0 0 0 0 0 0 0 
2152 1336 0 0 0 0 0 0 0 0 0 0 0 0 0 0 
2168 1336 0 0 0 0 0 0 0 0 0 0 0 0 0 0 
2184 1336 0 0 0 0 0 0 0 0 0 0 0 0 0 0 
2200 1336 0 0 0 0 0 0 0 0 0 0 0 0 0 0 
2216 1336 0 0 0 0 0 0 0 0 0 0 0 0 0 0 
2232 1336 0 0 0 0 0 0 0 0 0 0 0 0 0 0 
2248 1336 0 0 0 0 0 0 0 0 0 0 0 0 0 0 
2264 1336 0 0 0 0 0 0 0 0 0 0 0 0 0 0 
2280 1336 0 0 0 0 0 0 0 0 0 0 0 0 0 0 
2296 1336 0 0 0 0 0 0 0 0 0 0 0 0 0 0 
2312 1336 0 0 0 0 0 0 0 0 0 0 0 0 0 0 
2328 1336 0 0 0 0 0 0 0 0 0 0 0 0 0 0 
2344 1336 0 0 0 0 0 0 0 0 0 0 0 0 0 0 
2360 1336 0 0 0 0 0 0 0 0 0 0 0 0 0 0 
2376 1336 0 0 0 0 0 0 0 0 0 0 0 0 0 0 
2392 1336 0 0 0 0 0 0 0 0 0 0 0 0 0 0 
2408 1336 0 0 0 0 0 0 0 0 0 0 0 0 0 0 
2424 1336 0 0 0 0 0 0 0 0 0 0 0 0 0 0 
2440 1336 0 0 0 0 0 0 0 0 0 0 0 0 0 0 
2456 1336 0 0 0 0 0 0 0 0 0 0 0 0 0 0 
2472 1336 0 0 0 0 0 0 0 0 0 0 0 0 0 0 
2488 1336 0 0 0 0 0 0 0 0 0 0 0 0 0 0 
2504 1336 0 0 0 0 0 0 0 0 0 0 0 0 0 0 
2520 1336 0 0 0 0 0 0 0 0 0 0 0 0 0 0 
2536 1336 0 0 0 0 0 0 0 0 0 0 0 0 0 0 
24 1352 0 0 0 0 0 0 0 0 0 0 0 0 0 0 
40 1352 0 0 0 0 0 0 0 0 0 0 0 0 0 0 
56 1352 0 0 0 0 0 0 0 0 0 0 0 0 0 0 
72 1352 0 0 0 0 0 0 0 0 0 0 0 0 0 0 
88 1352 0 0 0 0 0 0 0 0 0 0 0 0 0 0 
104 1352 0 0 0 0 0 0 0 0 0 0 0 0 0 0 
120 1352 0 0 0 0 0 0 0 0 0 0 0 0 0 0 
136 1352 0 0 0 0 0 0 0 0 0 0 0 0 0 0 
152 1352 0 0 0 0 0 0 0 0 0 0 0 0 0 0 
168 1352 0 0 0 0 0 0 0 0 0 0 0 0 0 0 
184 1352 0 0 0 0 0 0 0 0 0 0 0 0 0 0 
200 1352 0 0 0 0 0 0 0 0 0 0 0 0 0 0 
216 1352 0 0 0 0 0 0 0 0 0 0 0 0 0 0 
232 1352 0 0 0 0 0 0 0 0 0 0 0 0 0 0 
248 1352 0 0 0 0 0 0 0 0 0 0 0 0 0 0 
264 1352 0 0 0 0 0 0 0 0 0 0 0 0 0 0 
280 1352 0 0 0 0 0 0 0 0 0 0 0 0 0 0 
296 1352 0 0 0 0 0 0 0 0 0 0 0 0 0 0 
312 1352 0 0 0 0 0 0 0 0 0 0 0 0 0 0 
328 1352 0 0 0 0 0 0 0 0 0 0 0 0 0 0 
344 1352 0 0 0 0 0 0 0 0 0 0 0 0 0 0 
360 1352 0 0 0 0 0 0 0 0 0 0 0 0 0 0 
376 1352 0 0 0 0 0 0 0 0 0 0 0 0 0 0 
392 1352 0 0 0 0 0 0 0 0 0 0 0 0 0 0 
408 1352 0 0 0 0 0 0 0 0 0 0 0 0 0 0 
424 1352 0 0 0 0 0 0 0 0 0 0 0 0 0 0 
440 1352 0 0 0 0 0 0 0 0 0 0 0 0 0 0 
456 1352 0 0 0 0 0 0 0 0 0 0 0 0 0 0 
472 1352 0 0 0 0 0 0 0 0 0 0 0 0 0 0 
488 1352 0 0 0 0 0 0 0 0 0 0 0 0 0 0 
504 1352 0 0 0 0 0 0 0 0 0 0 0 0 0 0 
520 1352 0 0 0 0 0 0 0 0 0 0 0 0 0 0 
536 1352 0 0 0 0 0 0 0 0 0 0 0 0 0 0 
552 1352 0 0 0 0 0 0 0 0 0 0 0 0 0 0 
568 1352 0 0 0 0 0 0 0 0 0 0 0 0 0 0 
584 1352 0 0 0 0 0 0 0 0 0 0 0 0 0 0 
600 1352 0 0 0 0 0 0 0 0 0 0 0 0 0 0 
616 1352 0 0 0 0 0 0 0 0 0 0 0 0 0 0 
632 1352 0 0 0 0 0 0 0 0 0 0 0 0 0 0 
648 1352 0 0 0 0 0 0 0 0 0 0 0 0 0 0 
664 1352 0 0 0 0 0 0 0 0 0 0 0 0 0 0 
680 1352 0 0 0 0 0 0 0 0 0 0 0 0 0 0 
696 1352 0 0 0 0 0 0 0 0 0 0 0 0 0 0 
712 1352 0 0 0 0 0 0 0 0 0 0 0 0 0 0 
728 1352 0 0 0 0 0 0 0 0 0 0 0 0 0 0 
744 1352 0 0 0 0 0 0 0 0 0 0 0 0 0 0 
760 1352 0 0 0 0 0 0 0 0 0 0 0 0 0 0 
776 1352 0 0 0 0 0 0 0 0 0 0 0 0 0 0 
792 1352 0 0 0 0 0 0 0 0 0 0 0 0 0 0 
808 1352 0 0 0 0 0 0 0 0 0 0 0 0 0 0 
824 1352 0 0 0 0 0 0 0 0 0 0 0 0 0 0 
840 1352 0 0 0 0 0 0 0 0 0 0 0 0 0 0 
856 1352 0 0 0 0 0 0 0 0 0 0 0 0 0 0 
872 1352 0 0 0 0 0 0 0 0 0 0 0 0 0 0 
888 1352 0 0 0 0 0 0 0 0 0 0 0 0 0 0 
904 1352 0 0 0 0 0 0 0 0 0 0 0 0 0 0 
920 1352 0 0 0 0 0 0 0 0 0 0 0 0 0 0 
936 1352 0 0 0 0 0 0 0 0 0 0 0 0 0 0 
952 1352 0 0 0 0 0 0 0 0 0 0 0 0 0 0 
968 1352 0 0 0 0 0 0 0 0 0 0 0 0 0 0 
984 1352 0 0 0 0 0 0 0 0 0 0 0 0 0 0 
1000 1352 0 0 0 0 0 0 0 0 0 0 0 0 0 0 
1016 1352 0 0 0 0 0 0 0 0 0 0 0 0 0 0 
1032 1352 0 0 0 0 0 0 0 0 0 0 0 0 0 0 
1048 1352 0 0 0 0 0 0 0 0 0 0 0 0 0 0 
1064 1352 0 0 0 0 0 0 0 0 0 0 0 0 0 0 
1080 1352 0 0 0 0 0 0 0 0 0 0 0 0 0 0 
1096 1352 0 0 0 0 0 0 0 0 0 0 0 0 0 0 
1112 1352 0 0 0 0 0 0 0 0 0 0 0 0 0 0 
1128 1352 0 0 0 0 0 0 0 0 0 0 0 0 0 0 
1144 1352 0 0 0 0 0 0 0 0 0 0 0 0 0 0 
1160 1352 0 0 0 0 0 0 0 0 0 0 0 0 0 0 
1176 1352 0 0 0 0 0 0 0 0 0 0 0 0 0 0 
1192 1352 0 0 0 0 0 0 0 0 0 0 0 0 0 0 
1208 1352 0 0 0 0 0 0 0 0 0 0 0 0 0 0 
1224 1352 0 0 0 0 0 0 0 0 0 0 0 0 0 0 
1240 1352 0 0 0 0 0 0 0 0 0 0 0 0 0 0 
1256 1352 0 0 0 0 0 0 0 0 0 0 0 0 0 0 
1272 1352 0 0 0 0 0 0 0 0 0 0 0 0 0 0 
1288 1352 0 0 0 0 0 0 0 0 0 0 0 0 0 0 
1304 1352 0 0 0 0 0 0 0 0 0 0 0 0 0 0 
1320 1352 0 0 0 0 0 0 0 0 0 0 0 0 0 0 
1336 1352 0 0 0 0 0 0 0 0 0 0 0 0 0 0 
1352 1352 0 0 0 0 0 0 0 0 0 0 0 0 0 0 
1368 1352 0 0 0 0 0 0 0 0 0 0 0 0 0 0 
1384 1352 0 0 0 0 0 0 0 0 0 0 0 0 0 0 
1400 1352 0 0 0 0 0 0 0 0 0 0 0 0 0 0 
1416 1352 0 0 0 0 0 0 0 0 0 0 0 0 0 0 
1432 1352 0 0 0 0 0 0 0 0 0 0 0 0 0 0 
1448 1352 0 0 0 0 0 0 0 0 0 0 0 0 0 0 
1464 1352 0 0 0 0 0 0 0 0 0 0 0 0 0 0 
1480 1352 0 0 0 0 0 0 0 0 0 0 0 0 0 0 
1496 1352 0 0 0 0 0 0 0 0 0 0 0 0 0 0 
1512 1352 0 0 0 0 0 0 0 0 0 0 0 0 0 0 
1528 1352 0 0 0 0 0 0 0 0 0 0 0 0 0 0 
1544 1352 0 0 0 0 0 0 0 0 0 0 0 0 0 0 
1560 1352 0 0 0 0 0 0 0 0 0 0 0 0 0 0 
1576 1352 0 0 0 0 0 0 0 0 0 0 0 0 0 0 
1592 1352 0 0 0 0 0 0 0 0 0 0 0 0 0 0 
1608 1352 0 0 0 0 0 0 0 0 0 0 0 0 0 0 
1624 1352 0 0 0 0 0 0 0 0 0 0 0 0 0 0 
1640 1352 0 0 0 0 0 0 0 0 0 0 0 0 0 0 
1656 1352 0 0 0 0 0 0 0 0 0 0 0 0 0 0 
1672 1352 0 0 0 0 0 0 0 0 0 0 0 0 0 0 
1688 1352 0 0 0 0 0 0 0 0 0 0 0 0 0 0 
1704 1352 0 0 0 0 0 0 0 0 0 0 0 0 0 0 
1720 1352 0 0 0 0 0 0 0 0 0 0 0 0 0 0 
1736 1352 0 0 0 0 0 0 0 0 0 0 0 0 0 0 
1752 1352 0 0 0 0 0 0 0 0 0 0 0 0 0 0 
1768 1352 0 0 0 0 0 0 0 0 0 0 0 0 0 0 
1784 1352 0 0 0 0 0 0 0 0 0 0 0 0 0 0 
1800 1352 0 0 0 0 0 0 0 0 0 0 0 0 0 0 
1816 1352 0 0 0 0 0 0 0 0 0 0 0 0 0 0 
1832 1352 0 0 0 0 0 0 0 0 0 0 0 0 0 0 
1848 1352 0 0 0 0 0 0 0 0 0 0 0 0 0 0 
1864 1352 0 0 0 0 0 0 0 0 0 0 0 0 0 0 
1880 1352 0 0 0 0 0 0 0 0 0 0 0 0 0 0 
1896 1352 0 0 0 0 0 0 0 0 0 0 0 0 0 0 
1912 1352 0 0 0 0 0 0 0 0 0 0 0 0 0 0 
1928 1352 0 0 0 0 0 0 0 0 0 0 0 0 0 0 
1944 1352 0 0 0 0 0 0 0 0 0 0 0 0 0 0 
1960 1352 0 0 0 0 0 0 0 0 0 0 0 0 0 0 
1976 1352 0 0 0 0 0 0 0 0 0 0 0 0 0 0 
1992 1352 0 0 0 0 0 0 0 0 0 0 0 0 0 0 
2008 1352 0 0 0 0 0 0 0 0 0 0 0 0 0 0 
2024 1352 0 0 0 0 0 0 0 0 0 0 0 0 0 0 
2040 1352 0 0 0 0 0 0 0 0 0 0 0 0 0 0 
2056 1352 0 0 0 0 0 0 0 0 0 0 0 0 0 0 
2072 1352 0 0 0 0 0 0 0 0 0 0 0 0 0 0 
2088 1352 0 0 0 0 0 0 0 0 0 0 0 0 0 0 
2104 1352 0 0 0 0 0 0 0 0 0 0 0 0 0 0 
2120 1352 0 0 0 0 0 0 0 0 0 0 0 0 0 0 
2136 1352 0 0 0 0 0 0 0 0 0 0 0 0 0 0 
2152 1352 0 0 0 0 0 0 0 0 0 0 0 0 0 0 
2168 1352 0 0 0 0 0 0 0 0 0 0 0 0 0 0 
2184 1352 0 0 0 0 0 0 0 0 0 0 0 0 0 0 
2200 1352 0 0 0 0 0 0 0 0 0 0 0 0 0 0 
2216 1352 0 0 0 0 0 0 0 0 0 0 0 0 0 0 
2232 1352 0 0 0 0 0 0 0 0 0 0 0 0 0 0 
2248 1352 0 0 0 0 0 0 0 0 0 0 0 0 0 0 
2264 1352 0 0 0 0 0 0 0 0 0 0 0 0 0 0 
2280 1352 0 0 0 0 0 0 0 0 0 0 0 0 0 0 
2296 1352 0 0 0 0 0 0 0 0 0 0 0 0 0 0 
2312 1352 0 0 0 0 0 0 0 0 0 0 0 0 0 0 
2328 1352 0 0 0 0 0 0 0 0 0 0 0 0 0 0 
2344 1352 0 0 0 0 0 0 0 0 0 0 0 0 0 0 
2360 1352 0 0 0 0 0 0 0 0 0 0 0 0 0 0 
2376 1352 0 0 0 0 0 0 0 0 0 0 0 0 0 0 
2392 1352 0 0 0 0 0 0 0 0 0 0 0 0 0 0 
2408 1352 0 0 0 0 0 0 0 0 0 0 0 0 0 0 
2424 1352 0 0 0 0 0 0 0 0 0 0 0 0 0 0 
2440 1352 0 0 0 0 0 0 0 0 0 0 0 0 0 0 
2456 1352 0 0 0 0 0 0 0 0 0 0 0 0 0 0 
2472 1352 0 0 0 0 0 0 0 0 0 0 0 0 0 0 
2488 1352 0 0 0 0 0 0 0 0 0 0 0 0 0 0 
2504 1352 0 0 0 0 0 0 0 0 0 0 0 0 0 0 
2520 1352 0 0 0 0 0 0 0 0 0 0 0 0 0 0 
2536 1352 0 0 0 0 0 0 0 0 0 0 0 0 0 0 
24 1368 0 0 0 0 0 0 0 0 0 0 0 0 0 0 
40 1368 0 0 0 0 0 0 0 0 0 0 0 0 0 0 
56 1368 0 0 0 0 0 0 0 0 0 0 0 0 0 0 
72 1368 0 0 0 0 0 0 0 0 0 0 0 0 0 0 
88 1368 0 0 0 0 0 0 0 0 0 0 0 0 0 0 
104 1368 0 0 0 0 0 0 0 0 0 0 0 0 0 0 
120 1368 0 0 0 0 0 0 0 0 0 0 0 0 0 0 
136 1368 0 0 0 0 0 0 0 0 0 0 0 0 0 0 
152 1368 0 0 0 0 0 0 0 0 0 0 0 0 0 0 
168 1368 0 0 0 0 0 0 0 0 0 0 0 0 0 0 
184 1368 0 0 0 0 0 0 0 0 0 0 0 0 0 0 
200 1368 0 0 0 0 0 0 0 0 0 0 0 0 0 0 
216 1368 0 0 0 0 0 0 0 0 0 0 0 0 0 0 
232 1368 0 0 0 0 0 0 0 0 0 0 0 0 0 0 
248 1368 0 0 0 0 0 0 0 0 0 0 0 0 0 0 
264 1368 0 0 0 0 0 0 0 0 0 0 0 0 0 0 
280 1368 0 0 0 0 0 0 0 0 0 0 0 0 0 0 
296 1368 0 0 0 0 0 0 0 0 0 0 0 0 0 0 
312 1368 0 0 0 0 0 0 0 0 0 0 0 0 0 0 
328 1368 0 0 0 0 0 0 0 0 0 0 0 0 0 0 
344 1368 0 0 0 0 0 0 0 0 0 0 0 0 0 0 
360 1368 0 0 0 0 0 0 0 0 0 0 0 0 0 0 
376 1368 0 0 0 0 0 0 0 0 0 0 0 0 0 0 
392 1368 0 0 0 0 0 0 0 0 0 0 0 0 0 0 
408 1368 0 0 0 0 0 0 0 0 0 0 0 0 0 0 
424 1368 0 0 0 0 0 0 0 0 0 0 0 0 0 0 
440 1368 0 0 0 0 0 0 0 0 0 0 0 0 0 0 
456 1368 0 0 0 0 0 0 0 0 0 0 0 0 0 0 
472 1368 0 0 0 0 0 0 0 0 0 0 0 0 0 0 
488 1368 0 0 0 0 0 0 0 0 0 0 0 0 0 0 
504 1368 0 0 0 0 0 0 0 0 0 0 0 0 0 0 
520 1368 0 0 0 0 0 0 0 0 0 0 0 0 0 0 
536 1368 0 0 0 0 0 0 0 0 0 0 0 0 0 0 
552 1368 0 0 0 0 0 0 0 0 0 0 0 0 0 0 
568 1368 0 0 0 0 0 0 0 0 0 0 0 0 0 0 
584 1368 0 0 0 0 0 0 0 0 0 0 0 0 0 0 
600 1368 0 0 0 0 0 0 0 0 0 0 0 0 0 0 
616 1368 0 0 0 0 0 0 0 0 0 0 0 0 0 0 
632 1368 0 0 0 0 0 0 0 0 0 0 0 0 0 0 
648 1368 0 0 0 0 0 0 0 0 0 0 0 0 0 0 
664 1368 0 0 0 0 0 0 0 0 0 0 0 0 0 0 
680 1368 0 0 0 0 0 0 0 0 0 0 0 0 0 0 
696 1368 0 0 0 0 0 0 0 0 0 0 0 0 0 0 
712 1368 0 0 0 0 0 0 0 0 0 0 0 0 0 0 
728 1368 0 0 0 0 0 0 0 0 0 0 0 0 0 0 
744 1368 0 0 0 0 0 0 0 0 0 0 0 0 0 0 
760 1368 0 0 0 0 0 0 0 0 0 0 0 0 0 0 
776 1368 0 0 0 0 0 0 0 0 0 0 0 0 0 0 
792 1368 0 0 0 0 0 0 0 0 0 0 0 0 0 0 
808 1368 0 0 0 0 0 0 0 0 0 0 0 0 0 0 
824 1368 0 0 0 0 0 0 0 0 0 0 0 0 0 0 
840 1368 0 0 0 0 0 0 0 0 0 0 0 0 0 0 
856 1368 0 0 0 0 0 0 0 0 0 0 0 0 0 0 
872 1368 0 0 0 0 0 0 0 0 0 0 0 0 0 0 
888 1368 0 0 0 0 0 0 0 0 0 0 0 0 0 0 
904 1368 0 0 0 0 0 0 0 0 0 0 0 0 0 0 
920 1368 0 0 0 0 0 0 0 0 0 0 0 0 0 0 
936 1368 0 0 0 0 0 0 0 0 0 0 0 0 0 0 
952 1368 0 0 0 0 0 0 0 0 0 0 0 0 0 0 
968 1368 0 0 0 0 0 0 0 0 0 0 0 0 0 0 
984 1368 0 0 0 0 0 0 0 0 0 0 0 0 0 0 
1000 1368 0 0 0 0 0 0 0 0 0 0 0 0 0 0 
1016 1368 0 0 0 0 0 0 0 0 0 0 0 0 0 0 
1032 1368 0 0 0 0 0 0 0 0 0 0 0 0 0 0 
1048 1368 0 0 0 0 0 0 0 0 0 0 0 0 0 0 
1064 1368 0 0 0 0 0 0 0 0 0 0 0 0 0 0 
1080 1368 0 0 0 0 0 0 0 0 0 0 0 0 0 0 
1096 1368 0 0 0 0 0 0 0 0 0 0 0 0 0 0 
1112 1368 0 0 0 0 0 0 0 0 0 0 0 0 0 0 
1128 1368 0 0 0 0 0 0 0 0 0 0 0 0 0 0 
1144 1368 0 0 0 0 0 0 0 0 0 0 0 0 0 0 
1160 1368 0 0 0 0 0 0 0 0 0 0 0 0 0 0 
1176 1368 0 0 0 0 0 0 0 0 0 0 0 0 0 0 
1192 1368 0 0 0 0 0 0 0 0 0 0 0 0 0 0 
1208 1368 0 0 0 0 0 0 0 0 0 0 0 0 0 0 
1224 1368 0 0 0 0 0 0 0 0 0 0 0 0 0 0 
1240 1368 0 0 0 0 0 0 0 0 0 0 0 0 0 0 
1256 1368 0 0 0 0 0 0 0 0 0 0 0 0 0 0 
1272 1368 0 0 0 0 0 0 0 0 0 0 0 0 0 0 
1288 1368 0 0 0 0 0 0 0 0 0 0 0 0 0 0 
1304 1368 0 0 0 0 0 0 0 0 0 0 0 0 0 0 
1320 1368 0 0 0 0 0 0 0 0 0 0 0 0 0 0 
1336 1368 0 0 0 0 0 0 0 0 0 0 0 0 0 0 
1352 1368 0 0 0 0 0 0 0 0 0 0 0 0 0 0 
1368 1368 0 0 0 0 0 0 0 0 0 0 0 0 0 0 
1384 1368 0 0 0 0 0 0 0 0 0 0 0 0 0 0 
1400 1368 0 0 0 0 0 0 0 0 0 0 0 0 0 0 
1416 1368 0 0 0 0 0 0 0 0 0 0 0 0 0 0 
1432 1368 0 0 0 0 0 0 0 0 0 0 0 0 0 0 
1448 1368 0 0 0 0 0 0 0 0 0 0 0 0 0 0 
1464 1368 0 0 0 0 0 0 0 0 0 0 0 0 0 0 
1480 1368 0 0 0 0 0 0 0 0 0 0 0 0 0 0 
1496 1368 0 0 0 0 0 0 0 0 0 0 0 0 0 0 
1512 1368 0 0 0 0 0 0 0 0 0 0 0 0 0 0 
1528 1368 0 0 0 0 0 0 0 0 0 0 0 0 0 0 
1544 1368 0 0 0 0 0 0 0 0 0 0 0 0 0 0 
1560 1368 0 0 0 0 0 0 0 0 0 0 0 0 0 0 
1576 1368 0 0 0 0 0 0 0 0 0 0 0 0 0 0 
1592 1368 0 0 0 0 0 0 0 0 0 0 0 0 0 0 
1608 1368 0 0 0 0 0 0 0 0 0 0 0 0 0 0 
1624 1368 0 0 0 0 0 0 0 0 0 0 0 0 0 0 
1640 1368 0 0 0 0 0 0 0 0 0 0 0 0 0 0 
1656 1368 0 0 0 0 0 0 0 0 0 0 0 0 0 0 
1672 1368 0 0 0 0 0 0 0 0 0 0 0 0 0 0 
1688 1368 0 0 0 0 0 0 0 0 0 0 0 0 0 0 
1704 1368 0 0 0 0 0 0 0 0 0 0 0 0 0 0 
1720 1368 0 0 0 0 0 0 0 0 0 0 0 0 0 0 
1736 1368 0 0 0 0 0 0 0 0 0 0 0 0 0 0 
1752 1368 0 0 0 0 0 0 0 0 0 0 0 0 0 0 
1768 1368 0 0 0 0 0 0 0 0 0 0 0 0 0 0 
1784 1368 0 0 0 0 0 0 0 0 0 0 0 0 0 0 
1800 1368 0 0 0 0 0 0 0 0 0 0 0 0 0 0 
1816 1368 0 0 0 0 0 0 0 0 0 0 0 0 0 0 
1832 1368 0 0 0 0 0 0 0 0 0 0 0 0 0 0 
1848 1368 0 0 0 0 0 0 0 0 0 0 0 0 0 0 
1864 1368 0 0 0 0 0 0 0 0 0 0 0 0 0 0 
1880 1368 0 0 0 0 0 0 0 0 0 0 0 0 0 0 
1896 1368 0 0 0 0 0 0 0 0 0 0 0 0 0 0 
1912 1368 0 0 0 0 0 0 0 0 0 0 0 0 0 0 
1928 1368 0 0 0 0 0 0 0 0 0 0 0 0 0 0 
1944 1368 0 0 0 0 0 0 0 0 0 0 0 0 0 0 
1960 1368 0 0 0 0 0 0 0 0 0 0 0 0 0 0 
1976 1368 0 0 0 0 0 0 0 0 0 0 0 0 0 0 
1992 1368 0 0 0 0 0 0 0 0 0 0 0 0 0 0 
2008 1368 0 0 0 0 0 0 0 0 0 0 0 0 0 0 
2024 1368 0 0 0 0 0 0 0 0 0 0 0 0 0 0 
2040 1368 0 0 0 0 0 0 0 0 0 0 0 0 0 0 
2056 1368 0 0 0 0 0 0 0 0 0 0 0 0 0 0 
2072 1368 0 0 0 0 0 0 0 0 0 0 0 0 0 0 
2088 1368 0 0 0 0 0 0 0 0 0 0 0 0 0 0 
2104 1368 0 0 0 0 0 0 0 0 0 0 0 0 0 0 
2120 1368 0 0 0 0 0 0 0 0 0 0 0 0 0 0 
2136 1368 0 0 0 0 0 0 0 0 0 0 0 0 0 0 
2152 1368 0 0 0 0 0 0 0 0 0 0 0 0 0 0 
2168 1368 0 0 0 0 0 0 0 0 0 0 0 0 0 0 
2184 1368 0 0 0 0 0 0 0 0 0 0 0 0 0 0 
2200 1368 0 0 0 0 0 0 0 0 0 0 0 0 0 0 
2216 1368 0 0 0 0 0 0 0 0 0 0 0 0 0 0 
2232 1368 0 0 0 0 0 0 0 0 0 0 0 0 0 0 
2248 1368 0 0 0 0 0 0 0 0 0 0 0 0 0 0 
2264 1368 0 0 0 0 0 0 0 0 0 0 0 0 0 0 
2280 1368 0 0 0 0 0 0 0 0 0 0 0 0 0 0 
2296 1368 0 0 0 0 0 0 0 0 0 0 0 0 0 0 
2312 1368 0 0 0 0 0 0 0 0 0 0 0 0 0 0 
2328 1368 0 0 0 0 0 0 0 0 0 0 0 0 0 0 
2344 1368 0 0 0 0 0 0 0 0 0 0 0 0 0 0 
2360 1368 0 0 0 0 0 0 0 0 0 0 0 0 0 0 
2376 1368 0 0 0 0 0 0 0 0 0 0 0 0 0 0 
2392 1368 0 0 0 0 0 0 0 0 0 0 0 0 0 0 
2408 1368 0 0 0 0 0 0 0 0 0 0 0 0 0 0 
2424 1368 0 0 0 0 0 0 0 0 0 0 0 0 0 0 
2440 1368 0 0 0 0 0 0 0 0 0 0 0 0 0 0 
2456 1368 0 0 0 0 0 0 0 0 0 0 0 0 0 0 
2472 1368 0 0 0 0 0 0 0 0 0 0 0 0 0 0 
2488 1368 0 0 0 0 0 0 0 0 0 0 0 0 0 0 
2504 1368 0 0 0 0 0 0 0 0 0 0 0 0 0 0 
2520 1368 0 0 0 0 0 0 0 0 0 0 0 0 0 0 
2536 1368 0 0 0 0 0 0 0 0 0 0 0 0 0 0 
24 1384 0 0 0 0 0 0 0 0 0 0 0 0 0 0 
40 1384 0 0 0 0 0 0 0 0 0 0 0 0 0 0 
56 1384 0 0 0 0 0 0 0 0 0 0 0 0 0 0 
72 1384 0 0 0 0 0 0 0 0 0 0 0 0 0 0 
88 1384 0 0 0 0 0 0 0 0 0 0 0 0 0 0 
104 1384 0 0 0 0 0 0 0 0 0 0 0 0 0 0 
120 1384 0 0 0 0 0 0 0 0 0 0 0 0 0 0 
136 1384 0 0 0 0 0 0 0 0 0 0 0 0 0 0 
152 1384 0 0 0 0 0 0 0 0 0 0 0 0 0 0 
168 1384 0 0 0 0 0 0 0 0 0 0 0 0 0 0 
184 1384 0 0 0 0 0 0 0 0 0 0 0 0 0 0 
200 1384 0 0 0 0 0 0 0 0 0 0 0 0 0 0 
216 1384 0 0 0 0 0 0 0 0 0 0 0 0 0 0 
232 1384 0 0 0 0 0 0 0 0 0 0 0 0 0 0 
248 1384 0 0 0 0 0 0 0 0 0 0 0 0 0 0 
264 1384 0 0 0 0 0 0 0 0 0 0 0 0 0 0 
280 1384 0 0 0 0 0 0 0 0 0 0 0 0 0 0 
296 1384 0 0 0 0 0 0 0 0 0 0 0 0 0 0 
312 1384 0 0 0 0 0 0 0 0 0 0 0 0 0 0 
328 1384 0 0 0 0 0 0 0 0 0 0 0 0 0 0 
344 1384 0 0 0 0 0 0 0 0 0 0 0 0 0 0 
360 1384 0 0 0 0 0 0 0 0 0 0 0 0 0 0 
376 1384 0 0 0 0 0 0 0 0 0 0 0 0 0 0 
392 1384 0 0 0 0 0 0 0 0 0 0 0 0 0 0 
408 1384 0 0 0 0 0 0 0 0 0 0 0 0 0 0 
424 1384 0 0 0 0 0 0 0 0 0 0 0 0 0 0 
440 1384 0 0 0 0 0 0 0 0 0 0 0 0 0 0 
456 1384 0 0 0 0 0 0 0 0 0 0 0 0 0 0 
472 1384 0 0 0 0 0 0 0 0 0 0 0 0 0 0 
488 1384 0 0 0 0 0 0 0 0 0 0 0 0 0 0 
504 1384 0 0 0 0 0 0 0 0 0 0 0 0 0 0 
520 1384 0 0 0 0 0 0 0 0 0 0 0 0 0 0 
536 1384 0 0 0 0 0 0 0 0 0 0 0 0 0 0 
552 1384 0 0 0 0 0 0 0 0 0 0 0 0 0 0 
568 1384 0 0 0 0 0 0 0 0 0 0 0 0 0 0 
584 1384 0 0 0 0 0 0 0 0 0 0 0 0 0 0 
600 1384 0 0 0 0 0 0 0 0 0 0 0 0 0 0 
616 1384 0 0 0 0 0 0 0 0 0 0 0 0 0 0 
632 1384 0 0 0 0 0 0 0 0 0 0 0 0 0 0 
648 1384 0 0 0 0 0 0 0 0 0 0 0 0 0 0 
664 1384 0 0 0 0 0 0 0 0 0 0 0 0 0 0 
680 1384 0 0 0 0 0 0 0 0 0 0 0 0 0 0 
696 1384 0 0 0 0 0 0 0 0 0 0 0 0 0 0 
712 1384 0 0 0 0 0 0 0 0 0 0 0 0 0 0 
728 1384 0 0 0 0 0 0 0 0 0 0 0 0 0 0 
744 1384 0 0 0 0 0 0 0 0 0 0 0 0 0 0 
760 1384 0 0 0 0 0 0 0 0 0 0 0 0 0 0 
776 1384 0 0 0 0 0 0 0 0 0 0 0 0 0 0 
792 1384 0 0 0 0 0 0 0 0 0 0 0 0 0 0 
808 1384 0 0 0 0 0 0 0 0 0 0 0 0 0 0 
824 1384 0 0 0 0 0 0 0 0 0 0 0 0 0 0 
840 1384 0 0 0 0 0 0 0 0 0 0 0 0 0 0 
856 1384 0 0 0 0 0 0 0 0 0 0 0 0 0 0 
872 1384 0 0 0 0 0 0 0 0 0 0 0 0 0 0 
888 1384 0 0 0 0 0 0 0 0 0 0 0 0 0 0 
904 1384 0 0 0 0 0 0 0 0 0 0 0 0 0 0 
920 1384 0 0 0 0 0 0 0 0 0 0 0 0 0 0 
936 1384 0 0 0 0 0 0 0 0 0 0 0 0 0 0 
952 1384 0 0 0 0 0 0 0 0 0 0 0 0 0 0 
968 1384 0 0 0 0 0 0 0 0 0 0 0 0 0 0 
984 1384 0 0 0 0 0 0 0 0 0 0 0 0 0 0 
1000 1384 0 0 0 0 0 0 0 0 0 0 0 0 0 0 
1016 1384 0 0 0 0 0 0 0 0 0 0 0 0 0 0 
1032 1384 0 0 0 0 0 0 0 0 0 0 0 0 0 0 
1048 1384 0 0 0 0 0 0 0 0 0 0 0 0 0 0 
1064 1384 0 0 0 0 0 0 0 0 0 0 0 0 0 0 
1080 1384 0 0 0 0 0 0 0 0 0 0 0 0 0 0 
1096 1384 0 0 0 0 0 0 0 0 0 0 0 0 0 0 
1112 1384 0 0 0 0 0 0 0 0 0 0 0 0 0 0 
1128 1384 0 0 0 0 0 0 0 0 0 0 0 0 0 0 
1144 1384 0 0 0 0 0 0 0 0 0 0 0 0 0 0 
1160 1384 0 0 0 0 0 0 0 0 0 0 0 0 0 0 
1176 1384 0 0 0 0 0 0 0 0 0 0 0 0 0 0 
1192 1384 0 0 0 0 0 0 0 0 0 0 0 0 0 0 
1208 1384 0 0 0 0 0 0 0 0 0 0 0 0 0 0 
1224 1384 0 0 0 0 0 0 0 0 0 0 0 0 0 0 
1240 1384 0 0 0 0 0 0 0 0 0 0 0 0 0 0 
1256 1384 0 0 0 0 0 0 0 0 0 0 0 0 0 0 
1272 1384 0 0 0 0 0 0 0 0 0 0 0 0 0 0 
1288 1384 0 0 0 0 0 0 0 0 0 0 0 0 0 0 
1304 1384 0 0 0 0 0 0 0 0 0 0 0 0 0 0 
1320 1384 0 0 0 0 0 0 0 0 0 0 0 0 0 0 
1336 1384 0 0 0 0 0 0 0 0 0 0 0 0 0 0 
1352 1384 0 0 0 0 0 0 0 0 0 0 0 0 0 0 
1368 1384 0 0 0 0 0 0 0 0 0 0 0 0 0 0 
1384 1384 0 0 0 0 0 0 0 0 0 0 0 0 0 0 
1400 1384 0 0 0 0 0 0 0 0 0 0 0 0 0 0 
1416 1384 0 0 0 0 0 0 0 0 0 0 0 0 0 0 
1432 1384 0 0 0 0 0 0 0 0 0 0 0 0 0 0 
1448 1384 0 0 0 0 0 0 0 0 0 0 0 0 0 0 
1464 1384 0 0 0 0 0 0 0 0 0 0 0 0 0 0 
1480 1384 0 0 0 0 0 0 0 0 0 0 0 0 0 0 
1496 1384 0 0 0 0 0 0 0 0 0 0 0 0 0 0 
1512 1384 0 0 0 0 0 0 0 0 0 0 0 0 0 0 
1528 1384 0 0 0 0 0 0 0 0 0 0 0 0 0 0 
1544 1384 0 0 0 0 0 0 0 0 0 0 0 0 0 0 
1560 1384 0 0 0 0 0 0 0 0 0 0 0 0 0 0 
1576 1384 0 0 0 0 0 0 0 0 0 0 0 0 0 0 
1592 1384 0 0 0 0 0 0 0 0 0 0 0 0 0 0 
1608 1384 0 0 0 0 0 0 0 0 0 0 0 0 0 0 
1624 1384 0 0 0 0 0 0 0 0 0 0 0 0 0 0 
1640 1384 0 0 0 0 0 0 0 0 0 0 0 0 0 0 
1656 1384 0 0 0 0 0 0 0 0 0 0 0 0 0 0 
1672 1384 0 0 0 0 0 0 0 0 0 0 0 0 0 0 
1688 1384 0 0 0 0 0 0 0 0 0 0 0 0 0 0 
1704 1384 0 0 0 0 0 0 0 0 0 0 0 0 0 0 
1720 1384 0 0 0 0 0 0 0 0 0 0 0 0 0 0 
1736 1384 0 0 0 0 0 0 0 0 0 0 0 0 0 0 
1752 1384 0 0 0 0 0 0 0 0 0 0 0 0 0 0 
1768 1384 0 0 0 0 0 0 0 0 0 0 0 0 0 0 
1784 1384 0 0 0 0 0 0 0 0 0 0 0 0 0 0 
1800 1384 0 0 0 0 0 0 0 0 0 0 0 0 0 0 
1816 1384 0 0 0 0 0 0 0 0 0 0 0 0 0 0 
1832 1384 0 0 0 0 0 0 0 0 0 0 0 0 0 0 
1848 1384 0 0 0 0 0 0 0 0 0 0 0 0 0 0 
1864 1384 0 0 0 0 0 0 0 0 0 0 0 0 0 0 
1880 1384 0 0 0 0 0 0 0 0 0 0 0 0 0 0 
1896 1384 0 0 0 0 0 0 0 0 0 0 0 0 0 0 
1912 1384 0 0 0 0 0 0 0 0 0 0 0 0 0 0 
1928 1384 0 0 0 0 0 0 0 0 0 0 0 0 0 0 
1944 1384 0 0 0 0 0 0 0 0 0 0 0 0 0 0 
1960 1384 0 0 0 0 0 0 0 0 0 0 0 0 0 0 
1976 1384 0 0 0 0 0 0 0 0 0 0 0 0 0 0 
1992 1384 0 0 0 0 0 0 0 0 0 0 0 0 0 0 
2008 1384 0 0 0 0 0 0 0 0 0 0 0 0 0 0 
2024 1384 0 0 0 0 0 0 0 0 0 0 0 0 0 0 
2040 1384 0 0 0 0 0 0 0 0 0 0 0 0 0 0 
2056 1384 0 0 0 0 0 0 0 0 0 0 0 0 0 0 
2072 1384 0 0 0 0 0 0 0 0 0 0 0 0 0 0 
2088 1384 0 0 0 0 0 0 0 0 0 0 0 0 0 0 
2104 1384 0 0 0 0 0 0 0 0 0 0 0 0 0 0 
2120 1384 0 0 0 0 0 0 0 0 0 0 0 0 0 0 
2136 1384 0 0 0 0 0 0 0 0 0 0 0 0 0 0 
2152 1384 0 0 0 0 0 0 0 0 0 0 0 0 0 0 
2168 1384 0 0 0 0 0 0 0 0 0 0 0 0 0 0 
2184 1384 0 0 0 0 0 0 0 0 0 0 0 0 0 0 
2200 1384 0 0 0 0 0 0 0 0 0 0 0 0 0 0 
2216 1384 0 0 0 0 0 0 0 0 0 0 0 0 0 0 
2232 1384 0 0 0 0 0 0 0 0 0 0 0 0 0 0 
2248 1384 0 0 0 0 0 0 0 0 0 0 0 0 0 0 
2264 1384 0 0 0 0 0 0 0 0 0 0 0 0 0 0 
2280 1384 0 0 0 0 0 0 0 0 0 0 0 0 0 0 
2296 1384 0 0 0 0 0 0 0 0 0 0 0 0 0 0 
2312 1384 0 0 0 0 0 0 0 0 0 0 0 0 0 0 
2328 1384 0 0 0 0 0 0 0 0 0 0 0 0 0 0 
2344 1384 0 0 0 0 0 0 0 0 0 0 0 0 0 0 
2360 1384 0 0 0 0 0 0 0 0 0 0 0 0 0 0 
2376 1384 0 0 0 0 0 0 0 0 0 0 0 0 0 0 
2392 1384 0 0 0 0 0 0 0 0 0 0 0 0 0 0 
2408 1384 0 0 0 0 0 0 0 0 0 0 0 0 0 0 
2424 1384 0 0 0 0 0 0 0 0 0 0 0 0 0 0 
2440 1384 0 0 0 0 0 0 0 0 0 0 0 0 0 0 
2456 1384 0 0 0 0 0 0 0 0 0 0 0 0 0 0 
2472 1384 0 0 0 0 0 0 0 0 0 0 0 0 0 0 
2488 1384 0 0 0 0 0 0 0 0 0 0 0 0 0 0 
2504 1384 0 0 0 0 0 0 0 0 0 0 0 0 0 0 
2520 1384 0 0 0 0 0 0 0 0 0 0 0 0 0 0 
2536 1384 0 0 0 0 0 0 0 0 0 0 0 0 0 0 
24 1400 0 0 0 0 0 0 0 0 0 0 0 0 0 0 
40 1400 0 0 0 0 0 0 0 0 0 0 0 0 0 0 
56 1400 0 0 0 0 0 0 0 0 0 0 0 0 0 0 
72 1400 0 0 0 0 0 0 0 0 0 0 0 0 0 0 
88 1400 0 0 0 0 0 0 0 0 0 0 0 0 0 0 
104 1400 0 0 0 0 0 0 0 0 0 0 0 0 0 0 
120 1400 0 0 0 0 0 0 0 0 0 0 0 0 0 0 
136 1400 0 0 0 0 0 0 0 0 0 0 0 0 0 0 
152 1400 0 0 0 0 0 0 0 0 0 0 0 0 0 0 
168 1400 0 0 0 0 0 0 0 0 0 0 0 0 0 0 
184 1400 0 0 0 0 0 0 0 0 0 0 0 0 0 0 
200 1400 0 0 0 0 0 0 0 0 0 0 0 0 0 0 
216 1400 0 0 0 0 0 0 0 0 0 0 0 0 0 0 
232 1400 0 0 0 0 0 0 0 0 0 0 0 0 0 0 
248 1400 0 0 0 0 0 0 0 0 0 0 0 0 0 0 
264 1400 0 0 0 0 0 0 0 0 0 0 0 0 0 0 
280 1400 0 0 0 0 0 0 0 0 0 0 0 0 0 0 
296 1400 0 0 0 0 0 0 0 0 0 0 0 0 0 0 
312 1400 0 0 0 0 0 0 0 0 0 0 0 0 0 0 
328 1400 0 0 0 0 0 0 0 0 0 0 0 0 0 0 
344 1400 0 0 0 0 0 0 0 0 0 0 0 0 0 0 
360 1400 0 0 0 0 0 0 0 0 0 0 0 0 0 0 
376 1400 0 0 0 0 0 0 0 0 0 0 0 0 0 0 
392 1400 0 0 0 0 0 0 0 0 0 0 0 0 0 0 
408 1400 0 0 0 0 0 0 0 0 0 0 0 0 0 0 
424 1400 0 0 0 0 0 0 0 0 0 0 0 0 0 0 
440 1400 0 0 0 0 0 0 0 0 0 0 0 0 0 0 
456 1400 0 0 0 0 0 0 0 0 0 0 0 0 0 0 
472 1400 0 0 0 0 0 0 0 0 0 0 0 0 0 0 
488 1400 0 0 0 0 0 0 0 0 0 0 0 0 0 0 
504 1400 0 0 0 0 0 0 0 0 0 0 0 0 0 0 
520 1400 0 0 0 0 0 0 0 0 0 0 0 0 0 0 
536 1400 0 0 0 0 0 0 0 0 0 0 0 0 0 0 
552 1400 0 0 0 0 0 0 0 0 0 0 0 0 0 0 
568 1400 0 0 0 0 0 0 0 0 0 0 0 0 0 0 
584 1400 0 0 0 0 0 0 0 0 0 0 0 0 0 0 
600 1400 0 0 0 0 0 0 0 0 0 0 0 0 0 0 
616 1400 0 0 0 0 0 0 0 0 0 0 0 0 0 0 
632 1400 0 0 0 0 0 0 0 0 0 0 0 0 0 0 
648 1400 0 0 0 0 0 0 0 0 0 0 0 0 0 0 
664 1400 0 0 0 0 0 0 0 0 0 0 0 0 0 0 
680 1400 0 0 0 0 0 0 0 0 0 0 0 0 0 0 
696 1400 0 0 0 0 0 0 0 0 0 0 0 0 0 0 
712 1400 0 0 0 0 0 0 0 0 0 0 0 0 0 0 
728 1400 0 0 0 0 0 0 0 0 0 0 0 0 0 0 
744 1400 0 0 0 0 0 0 0 0 0 0 0 0 0 0 
760 1400 0 0 0 0 0 0 0 0 0 0 0 0 0 0 
776 1400 0 0 0 0 0 0 0 0 0 0 0 0 0 0 
792 1400 0 0 0 0 0 0 0 0 0 0 0 0 0 0 
808 1400 0 0 0 0 0 0 0 0 0 0 0 0 0 0 
824 1400 0 0 0 0 0 0 0 0 0 0 0 0 0 0 
840 1400 0 0 0 0 0 0 0 0 0 0 0 0 0 0 
856 1400 0 0 0 0 0 0 0 0 0 0 0 0 0 0 
872 1400 0 0 0 0 0 0 0 0 0 0 0 0 0 0 
888 1400 0 0 0 0 0 0 0 0 0 0 0 0 0 0 
904 1400 0 0 0 0 0 0 0 0 0 0 0 0 0 0 
920 1400 0 0 0 0 0 0 0 0 0 0 0 0 0 0 
936 1400 0 0 0 0 0 0 0 0 0 0 0 0 0 0 
952 1400 0 0 0 0 0 0 0 0 0 0 0 0 0 0 
968 1400 0 0 0 0 0 0 0 0 0 0 0 0 0 0 
984 1400 0 0 0 0 0 0 0 0 0 0 0 0 0 0 
1000 1400 0 0 0 0 0 0 0 0 0 0 0 0 0 0 
1016 1400 0 0 0 0 0 0 0 0 0 0 0 0 0 0 
1032 1400 0 0 0 0 0 0 0 0 0 0 0 0 0 0 
1048 1400 0 0 0 0 0 0 0 0 0 0 0 0 0 0 
1064 1400 0 0 0 0 0 0 0 0 0 0 0 0 0 0 
1080 1400 0 0 0 0 0 0 0 0 0 0 0 0 0 0 
1096 1400 0 0 0 0 0 0 0 0 0 0 0 0 0 0 
1112 1400 0 0 0 0 0 0 0 0 0 0 0 0 0 0 
1128 1400 0 0 0 0 0 0 0 0 0 0 0 0 0 0 
1144 1400 0 0 0 0 0 0 0 0 0 0 0 0 0 0 
1160 1400 0 0 0 0 0 0 0 0 0 0 0 0 0 0 
1176 1400 0 0 0 0 0 0 0 0 0 0 0 0 0 0 
1192 1400 0 0 0 0 0 0 0 0 0 0 0 0 0 0 
1208 1400 0 0 0 0 0 0 0 0 0 0 0 0 0 0 
1224 1400 0 0 0 0 0 0 0 0 0 0 0 0 0 0 
1240 1400 0 0 0 0 0 0 0 0 0 0 0 0 0 0 
1256 1400 0 0 0 0 0 0 0 0 0 0 0 0 0 0 
1272 1400 0 0 0 0 0 0 0 0 0 0 0 0 0 0 
1288 1400 0 0 0 0 0 0 0 0 0 0 0 0 0 0 
1304 1400 0 0 0 0 0 0 0 0 0 0 0 0 0 0 
1320 1400 0 0 0 0 0 0 0 0 0 0 0 0 0 0 
1336 1400 0 0 0 0 0 0 0 0 0 0 0 0 0 0 
1352 1400 0 0 0 0 0 0 0 0 0 0 0 0 0 0 
1368 1400 0 0 0 0 0 0 0 0 0 0 0 0 0 0 
1384 1400 0 0 0 0 0 0 0 0 0 0 0 0 0 0 
1400 1400 0 0 0 0 0 0 0 0 0 0 0 0 0 0 
1416 1400 0 0 0 0 0 0 0 0 0 0 0 0 0 0 
1432 1400 0 0 0 0 0 0 0 0 0 0 0 0 0 0 
1448 1400 0 0 0 0 0 0 0 0 0 0 0 0 0 0 
1464 1400 0 0 0 0 0 0 0 0 0 0 0 0 0 0 
1480 1400 0 0 0 0 0 0 0 0 0 0 0 0 0 0 
1496 1400 0 0 0 0 0 0 0 0 0 0 0 0 0 0 
1512 1400 0 0 0 0 0 0 0 0 0 0 0 0 0 0 
1528 1400 0 0 0 0 0 0 0 0 0 0 0 0 0 0 
1544 1400 0 0 0 0 0 0 0 0 0 0 0 0 0 0 
1560 1400 0 0 0 0 0 0 0 0 0 0 0 0 0 0 
1576 1400 0 0 0 0 0 0 0 0 0 0 0 0 0 0 
1592 1400 0 0 0 0 0 0 0 0 0 0 0 0 0 0 
1608 1400 0 0 0 0 0 0 0 0 0 0 0 0 0 0 
1624 1400 0 0 0 0 0 0 0 0 0 0 0 0 0 0 
1640 1400 0 0 0 0 0 0 0 0 0 0 0 0 0 0 
1656 1400 0 0 0 0 0 0 0 0 0 0 0 0 0 0 
1672 1400 0 0 0 0 0 0 0 0 0 0 0 0 0 0 
1688 1400 0 0 0 0 0 0 0 0 0 0 0 0 0 0 
1704 1400 0 0 0 0 0 0 0 0 0 0 0 0 0 0 
1720 1400 0 0 0 0 0 0 0 0 0 0 0 0 0 0 
1736 1400 0 0 0 0 0 0 0 0 0 0 0 0 0 0 
1752 1400 0 0 0 0 0 0 0 0 0 0 0 0 0 0 
1768 1400 0 0 0 0 0 0 0 0 0 0 0 0 0 0 
1784 1400 0 0 0 0 0 0 0 0 0 0 0 0 0 0 
1800 1400 0 0 0 0 0 0 0 0 0 0 0 0 0 0 
1816 1400 0 0 0 0 0 0 0 0 0 0 0 0 0 0 
1832 1400 0 0 0 0 0 0 0 0 0 0 0 0 0 0 
1848 1400 0 0 0 0 0 0 0 0 0 0 0 0 0 0 
1864 1400 0 0 0 0 0 0 0 0 0 0 0 0 0 0 
1880 1400 0 0 0 0 0 0 0 0 0 0 0 0 0 0 
1896 1400 0 0 0 0 0 0 0 0 0 0 0 0 0 0 
1912 1400 0 0 0 0 0 0 0 0 0 0 0 0 0 0 
1928 1400 0 0 0 0 0 0 0 0 0 0 0 0 0 0 
1944 1400 0 0 0 0 0 0 0 0 0 0 0 0 0 0 
1960 1400 0 0 0 0 0 0 0 0 0 0 0 0 0 0 
1976 1400 0 0 0 0 0 0 0 0 0 0 0 0 0 0 
1992 1400 0 0 0 0 0 0 0 0 0 0 0 0 0 0 
2008 1400 0 0 0 0 0 0 0 0 0 0 0 0 0 0 
2024 1400 0 0 0 0 0 0 0 0 0 0 0 0 0 0 
2040 1400 0 0 0 0 0 0 0 0 0 0 0 0 0 0 
2056 1400 0 0 0 0 0 0 0 0 0 0 0 0 0 0 
2072 1400 0 0 0 0 0 0 0 0 0 0 0 0 0 0 
2088 1400 0 0 0 0 0 0 0 0 0 0 0 0 0 0 
2104 1400 0 0 0 0 0 0 0 0 0 0 0 0 0 0 
2120 1400 0 0 0 0 0 0 0 0 0 0 0 0 0 0 
2136 1400 0 0 0 0 0 0 0 0 0 0 0 0 0 0 
2152 1400 0 0 0 0 0 0 0 0 0 0 0 0 0 0 
2168 1400 0 0 0 0 0 0 0 0 0 0 0 0 0 0 
2184 1400 0 0 0 0 0 0 0 0 0 0 0 0 0 0 
2200 1400 0 0 0 0 0 0 0 0 0 0 0 0 0 0 
2216 1400 0 0 0 0 0 0 0 0 0 0 0 0 0 0 
2232 1400 0 0 0 0 0 0 0 0 0 0 0 0 0 0 
2248 1400 0 0 0 0 0 0 0 0 0 0 0 0 0 0 
2264 1400 0 0 0 0 0 0 0 0 0 0 0 0 0 0 
2280 1400 0 0 0 0 0 0 0 0 0 0 0 0 0 0 
2296 1400 0 0 0 0 0 0 0 0 0 0 0 0 0 0 
2312 1400 0 0 0 0 0 0 0 0 0 0 0 0 0 0 
2328 1400 0 0 0 0 0 0 0 0 0 0 0 0 0 0 
2344 1400 0 0 0 0 0 0 0 0 0 0 0 0 0 0 
2360 1400 0 0 0 0 0 0 0 0 0 0 0 0 0 0 
2376 1400 0 0 0 0 0 0 0 0 0 0 0 0 0 0 
2392 1400 0 0 0 0 0 0 0 0 0 0 0 0 0 0 
2408 1400 0 0 0 0 0 0 0 0 0 0 0 0 0 0 
2424 1400 0 0 0 0 0 0 0 0 0 0 0 0 0 0 
2440 1400 0 0 0 0 0 0 0 0 0 0 0 0 0 0 
2456 1400 0 0 0 0 0 0 0 0 0 0 0 0 0 0 
2472 1400 0 0 0 0 0 0 0 0 0 0 0 0 0 0 
2488 1400 0 0 0 0 0 0 0 0 0 0 0 0 0 0 
2504 1400 0 0 0 0 0 0 0 0 0 0 0 0 0 0 
2520 1400 0 0 0 0 0 0 0 0 0 0 0 0 0 0 
2536 1400 0 0 0 0 0 0 0 0 0 0 0 0 0 0 
24 1416 0 0 0 0 0 0 0 0 0 0 0 0 0 0 
40 1416 0 0 0 0 0 0 0 0 0 0 0 0 0 0 
56 1416 0 0 0 0 0 0 0 0 0 0 0 0 0 0 
72 1416 0 0 0 0 0 0 0 0 0 0 0 0 0 0 
88 1416 0 0 0 0 0 0 0 0 0 0 0 0 0 0 
104 1416 0 0 0 0 0 0 0 0 0 0 0 0 0 0 
120 1416 0 0 0 0 0 0 0 0 0 0 0 0 0 0 
136 1416 0 0 0 0 0 0 0 0 0 0 0 0 0 0 
152 1416 0 0 0 0 0 0 0 0 0 0 0 0 0 0 
168 1416 0 0 0 0 0 0 0 0 0 0 0 0 0 0 
184 1416 0 0 0 0 0 0 0 0 0 0 0 0 0 0 
200 1416 0 0 0 0 0 0 0 0 0 0 0 0 0 0 
216 1416 0 0 0 0 0 0 0 0 0 0 0 0 0 0 
232 1416 0 0 0 0 0 0 0 0 0 0 0 0 0 0 
248 1416 0 0 0 0 0 0 0 0 0 0 0 0 0 0 
264 1416 0 0 0 0 0 0 0 0 0 0 0 0 0 0 
280 1416 0 0 0 0 0 0 0 0 0 0 0 0 0 0 
296 1416 0 0 0 0 0 0 0 0 0 0 0 0 0 0 
312 1416 0 0 0 0 0 0 0 0 0 0 0 0 0 0 
328 1416 0 0 0 0 0 0 0 0 0 0 0 0 0 0 
344 1416 0 0 0 0 0 0 0 0 0 0 0 0 0 0 
360 1416 0 0 0 0 0 0 0 0 0 0 0 0 0 0 
376 1416 0 0 0 0 0 0 0 0 0 0 0 0 0 0 
392 1416 0 0 0 0 0 0 0 0 0 0 0 0 0 0 
408 1416 0 0 0 0 0 0 0 0 0 0 0 0 0 0 
424 1416 0 0 0 0 0 0 0 0 0 0 0 0 0 0 
440 1416 0 0 0 0 0 0 0 0 0 0 0 0 0 0 
456 1416 0 0 0 0 0 0 0 0 0 0 0 0 0 0 
472 1416 0 0 0 0 0 0 0 0 0 0 0 0 0 0 
488 1416 0 0 0 0 0 0 0 0 0 0 0 0 0 0 
504 1416 0 0 0 0 0 0 0 0 0 0 0 0 0 0 
520 1416 0 0 0 0 0 0 0 0 0 0 0 0 0 0 
536 1416 0 0 0 0 0 0 0 0 0 0 0 0 0 0 
552 1416 0 0 0 0 0 0 0 0 0 0 0 0 0 0 
568 1416 0 0 0 0 0 0 0 0 0 0 0 0 0 0 
584 1416 0 0 0 0 0 0 0 0 0 0 0 0 0 0 
600 1416 0 0 0 0 0 0 0 0 0 0 0 0 0 0 
616 1416 0 0 0 0 0 0 0 0 0 0 0 0 0 0 
632 1416 0 0 0 0 0 0 0 0 0 0 0 0 0 0 
648 1416 0 0 0 0 0 0 0 0 0 0 0 0 0 0 
664 1416 0 0 0 0 0 0 0 0 0 0 0 0 0 0 
680 1416 0 0 0 0 0 0 0 0 0 0 0 0 0 0 
696 1416 0 0 0 0 0 0 0 0 0 0 0 0 0 0 
712 1416 0 0 0 0 0 0 0 0 0 0 0 0 0 0 
728 1416 0 0 0 0 0 0 0 0 0 0 0 0 0 0 
744 1416 0 0 0 0 0 0 0 0 0 0 0 0 0 0 
760 1416 0 0 0 0 0 0 0 0 0 0 0 0 0 0 
776 1416 0 0 0 0 0 0 0 0 0 0 0 0 0 0 
792 1416 0 0 0 0 0 0 0 0 0 0 0 0 0 0 
808 1416 0 0 0 0 0 0 0 0 0 0 0 0 0 0 
824 1416 0 0 0 0 0 0 0 0 0 0 0 0 0 0 
840 1416 0 0 0 0 0 0 0 0 0 0 0 0 0 0 
856 1416 0 0 0 0 0 0 0 0 0 0 0 0 0 0 
872 1416 0 0 0 0 0 0 0 0 0 0 0 0 0 0 
888 1416 0 0 0 0 0 0 0 0 0 0 0 0 0 0 
904 1416 0 0 0 0 0 0 0 0 0 0 0 0 0 0 
920 1416 0 0 0 0 0 0 0 0 0 0 0 0 0 0 
936 1416 0 0 0 0 0 0 0 0 0 0 0 0 0 0 
952 1416 0 0 0 0 0 0 0 0 0 0 0 0 0 0 
968 1416 0 0 0 0 0 0 0 0 0 0 0 0 0 0 
984 1416 0 0 0 0 0 0 0 0 0 0 0 0 0 0 
1000 1416 0 0 0 0 0 0 0 0 0 0 0 0 0 0 
1016 1416 0 0 0 0 0 0 0 0 0 0 0 0 0 0 
1032 1416 0 0 0 0 0 0 0 0 0 0 0 0 0 0 
1048 1416 0 0 0 0 0 0 0 0 0 0 0 0 0 0 
1064 1416 0 0 0 0 0 0 0 0 0 0 0 0 0 0 
1080 1416 0 0 0 0 0 0 0 0 0 0 0 0 0 0 
1096 1416 0 0 0 0 0 0 0 0 0 0 0 0 0 0 
1112 1416 0 0 0 0 0 0 0 0 0 0 0 0 0 0 
1128 1416 0 0 0 0 0 0 0 0 0 0 0 0 0 0 
1144 1416 0 0 0 0 0 0 0 0 0 0 0 0 0 0 
1160 1416 0 0 0 0 0 0 0 0 0 0 0 0 0 0 
1176 1416 0 0 0 0 0 0 0 0 0 0 0 0 0 0 
1192 1416 0 0 0 0 0 0 0 0 0 0 0 0 0 0 
1208 1416 0 0 0 0 0 0 0 0 0 0 0 0 0 0 
1224 1416 0 0 0 0 0 0 0 0 0 0 0 0 0 0 
1240 1416 0 0 0 0 0 0 0 0 0 0 0 0 0 0 
1256 1416 0 0 0 0 0 0 0 0 0 0 0 0 0 0 
1272 1416 0 0 0 0 0 0 0 0 0 0 0 0 0 0 
1288 1416 0 0 0 0 0 0 0 0 0 0 0 0 0 0 
1304 1416 0 0 0 0 0 0 0 0 0 0 0 0 0 0 
1320 1416 0 0 0 0 0 0 0 0 0 0 0 0 0 0 
1336 1416 0 0 0 0 0 0 0 0 0 0 0 0 0 0 
1352 1416 0 0 0 0 0 0 0 0 0 0 0 0 0 0 
1368 1416 0 0 0 0 0 0 0 0 0 0 0 0 0 0 
1384 1416 0 0 0 0 0 0 0 0 0 0 0 0 0 0 
1400 1416 0 0 0 0 0 0 0 0 0 0 0 0 0 0 
1416 1416 0 0 0 0 0 0 0 0 0 0 0 0 0 0 
1432 1416 0 0 0 0 0 0 0 0 0 0 0 0 0 0 
1448 1416 0 0 0 0 0 0 0 0 0 0 0 0 0 0 
1464 1416 0 0 0 0 0 0 0 0 0 0 0 0 0 0 
1480 1416 0 0 0 0 0 0 0 0 0 0 0 0 0 0 
1496 1416 0 0 0 0 0 0 0 0 0 0 0 0 0 0 
1512 1416 0 0 0 0 0 0 0 0 0 0 0 0 0 0 
1528 1416 0 0 0 0 0 0 0 0 0 0 0 0 0 0 
1544 1416 0 0 0 0 0 0 0 0 0 0 0 0 0 0 
1560 1416 0 0 0 0 0 0 0 0 0 0 0 0 0 0 
1576 1416 0 0 0 0 0 0 0 0 0 0 0 0 0 0 
1592 1416 0 0 0 0 0 0 0 0 0 0 0 0 0 0 
1608 1416 0 0 0 0 0 0 0 0 0 0 0 0 0 0 
1624 1416 0 0 0 0 0 0 0 0 0 0 0 0 0 0 
1640 1416 0 0 0 0 0 0 0 0 0 0 0 0 0 0 
1656 1416 0 0 0 0 0 0 0 0 0 0 0 0 0 0 
1672 1416 0 0 0 0 0 0 0 0 0 0 0 0 0 0 
1688 1416 0 0 0 0 0 0 0 0 0 0 0 0 0 0 
1704 1416 0 0 0 0 0 0 0 0 0 0 0 0 0 0 
1720 1416 0 0 0 0 0 0 0 0 0 0 0 0 0 0 
1736 1416 0 0 0 0 0 0 0 0 0 0 0 0 0 0 
1752 1416 0 0 0 0 0 0 0 0 0 0 0 0 0 0 
1768 1416 0 0 0 0 0 0 0 0 0 0 0 0 0 0 
1784 1416 0 0 0 0 0 0 0 0 0 0 0 0 0 0 
1800 1416 0 0 0 0 0 0 0 0 0 0 0 0 0 0 
1816 1416 0 0 0 0 0 0 0 0 0 0 0 0 0 0 
1832 1416 0 0 0 0 0 0 0 0 0 0 0 0 0 0 
1848 1416 0 0 0 0 0 0 0 0 0 0 0 0 0 0 
1864 1416 0 0 0 0 0 0 0 0 0 0 0 0 0 0 
1880 1416 0 0 0 0 0 0 0 0 0 0 0 0 0 0 
1896 1416 0 0 0 0 0 0 0 0 0 0 0 0 0 0 
1912 1416 0 0 0 0 0 0 0 0 0 0 0 0 0 0 
1928 1416 0 0 0 0 0 0 0 0 0 0 0 0 0 0 
1944 1416 0 0 0 0 0 0 0 0 0 0 0 0 0 0 
1960 1416 0 0 0 0 0 0 0 0 0 0 0 0 0 0 
1976 1416 0 0 0 0 0 0 0 0 0 0 0 0 0 0 
1992 1416 0 0 0 0 0 0 0 0 0 0 0 0 0 0 
2008 1416 0 0 0 0 0 0 0 0 0 0 0 0 0 0 
2024 1416 0 0 0 0 0 0 0 0 0 0 0 0 0 0 
2040 1416 0 0 0 0 0 0 0 0 0 0 0 0 0 0 
2056 1416 0 0 0 0 0 0 0 0 0 0 0 0 0 0 
2072 1416 0 0 0 0 0 0 0 0 0 0 0 0 0 0 
2088 1416 0 0 0 0 0 0 0 0 0 0 0 0 0 0 
2104 1416 0 0 0 0 0 0 0 0 0 0 0 0 0 0 
2120 1416 0 0 0 0 0 0 0 0 0 0 0 0 0 0 
2136 1416 0 0 0 0 0 0 0 0 0 0 0 0 0 0 
2152 1416 0 0 0 0 0 0 0 0 0 0 0 0 0 0 
2168 1416 0 0 0 0 0 0 0 0 0 0 0 0 0 0 
2184 1416 0 0 0 0 0 0 0 0 0 0 0 0 0 0 
2200 1416 0 0 0 0 0 0 0 0 0 0 0 0 0 0 
2216 1416 0 0 0 0 0 0 0 0 0 0 0 0 0 0 
2232 1416 0 0 0 0 0 0 0 0 0 0 0 0 0 0 
2248 1416 0 0 0 0 0 0 0 0 0 0 0 0 0 0 
2264 1416 0 0 0 0 0 0 0 0 0 0 0 0 0 0 
2280 1416 0 0 0 0 0 0 0 0 0 0 0 0 0 0 
2296 1416 0 0 0 0 0 0 0 0 0 0 0 0 0 0 
2312 1416 0 0 0 0 0 0 0 0 0 0 0 0 0 0 
2328 1416 0 0 0 0 0 0 0 0 0 0 0 0 0 0 
2344 1416 0 0 0 0 0 0 0 0 0 0 0 0 0 0 
2360 1416 0 0 0 0 0 0 0 0 0 0 0 0 0 0 
2376 1416 0 0 0 0 0 0 0 0 0 0 0 0 0 0 
2392 1416 0 0 0 0 0 0 0 0 0 0 0 0 0 0 
2408 1416 0 0 0 0 0 0 0 0 0 0 0 0 0 0 
2424 1416 0 0 0 0 0 0 0 0 0 0 0 0 0 0 
2440 1416 0 0 0 0 0 0 0 0 0 0 0 0 0 0 
2456 1416 0 0 0 0 0 0 0 0 0 0 0 0 0 0 
2472 1416 0 0 0 0 0 0 0 0 0 0 0 0 0 0 
2488 1416 0 0 0 0 0 0 0 0 0 0 0 0 0 0 
2504 1416 0 0 0 0 0 0 0 0 0 0 0 0 0 0 
2520 1416 0 0 0 0 0 0 0 0 0 0 0 0 0 0 
2536 1416 0 0 0 0 0 0 0 0 0 0 0 0 0 0 
