24 24 0 0 0 0 0 0 0 0 0 0 0 0 0 0 
40 24 0 0 0 0 0 0 0 0 0 0 0 0 0 0 
56 24 0 0 0 0 0 0 0 0 0 0 0 0 0 0 
72 24 0 0 0 0 0 0 0 0 0 0 0 0 0 0 
88 24 0 0 0 0 0 0 0 0 0 0 0 0 0 0 
104 24 0 0 0 0 0 0 0 0 0 0 0 0 0 0 
120 24 0 0 0 0 0 0 0 0 0 0 0 0 0 0 
136 24 0 0 0 0 0 0 0 0 0 0 0 0 0 0 
152 24 0 0 0 0 0 0 0 0 0 0 0 0 0 0 
168 24 0 0 0 0 0 0 0 0 0 0 0 0 0 0 
184 24 0 0 0 0 0 0 0 0 0 0 0 0 0 0 
200 24 0 0 0 0 0 0 0 0 0 0 0 0 0 0 
216 24 0 0 0 0 0 0 0 0 0 0 0 0 0 0 
232 24 0 0 0 0 0 0 0 0 0 0 0 0 0 0 
248 24 0 0 0 0 0 0 0 0 0 0 0 0 0 0 
264 24 0 0 0 0 0 0 0 0 0 0 0 0 0 0 
280 24 0 0 0 0 0 0 0 0 0 0 0 0 0 0 
296 24 0 0 0 0 0 0 0 0 0 0 0 0 0 0 
312 24 0 0 0 0 0 0 0 0 0 0 0 0 0 0 
328 24 0 0 0 0 0 0 0 0 0 0 0 0 0 0 
344 24 0 0 0 0 0 0 0 0 0 0 0 0 0 0 
360 24 0 0 0 0 0 0 0 0 0 0 0 0 0 0 
376 24 0 0 0 0 0 0 0 0 0 0 0 0 0 0 
392 24 0 0 0 0 0 0 0 0 0 0 0 0 0 0 
408 24 0 0 0 0 0 0 0 0 0 0 0 0 0 0 
424 24 0 0 0 0 0 0 0 0 0 0 0 0 0 0 
440 24 0 0 0 0 0 0 0 0 0 0 0 0 0 0 
456 24 0 0 0 0 0 0 0 0 0 0 0 0 0 0 
472 24 0 0 0 0 0 0 0 0 0 0 0 0 0 0 
488 24 0 0 0 0 0 0 0 0 0 0 0 0 0 0 
504 24 0 0 0 0 0 0 0 0 0 0 0 0 0 0 
520 24 0 0 0 0 0 0 0 0 0 0 0 0 0 0 
536 24 0 0 0 0 0 0 0 0 0 0 0 0 0 0 
552 24 0 0 0 0 0 0 0 0 0 0 0 0 0 0 
568 24 0 0 0 0 0 0 0 0 0 0 0 0 0 0 
584 24 0 0 0 0 0 0 0 0 0 0 0 0 0 0 
600 24 0 0 0 0 0 0 0 0 0 0 0 0 0 0 
616 24 0 0 0 0 0 0 0 0 0 0 0 0 0 0 
632 24 0 0 0 0 0 0 0 0 0 0 0 0 0 0 
648 24 0 0 0 0 0 0 0 0 0 0 0 0 0 0 
664 24 0 0 0 0 0 0 0 0 0 0 0 0 0 0 
680 24 0 0 0 0 0 0 0 0 0 0 0 0 0 0 
696 24 0 0 0 0 0 0 0 0 0 0 0 0 0 0 
712 24 0 0 0 0 0 0 0 0 0 0 0 0 0 0 
728 24 0 0 0 0 0 0 0 0 0 0 0 0 0 0 
744 24 0 0 0 0 0 0 0 0 0 0 0 0 0 0 
760 24 0 0 0 0 0 0 0 0 0 0 0 0 0 0 
776 24 0 0 0 0 0 0 0 0 0 0 0 0 0 0 
792 24 0 0 0 0 0 0 0 0 0 0 0 0 0 0 
808 24 0 0 0 0 0 0 0 0 0 0 0 0 0 0 
824 24 0 0 0 0 0 0 0 0 0 0 0 0 0 0 
840 24 0 0 0 0 0 0 0 0 0 0 0 0 0 0 
856 24 0 0 0 0 0 0 0 0 0 0 0 0 0 0 
872 24 0 0 0 0 0 0 0 0 0 0 0 0 0 0 
888 24 0 0 0 0 0 0 0 0 0 0 0 0 0 0 
904 24 0 0 0 0 0 0 0 0 0 0 0 0 0 0 
920 24 0 0 0 0 0 0 0 0 0 0 0 0 0 0 
936 24 0 0 0 0 0 0 0 0 0 0 0 0 0 0 
952 24 0 0 0 0 0 0 0 0 0 0 0 0 0 0 
968 24 0 0 0 0 0 0 0 0 0 0 0 0 0 0 
984 24 0 0 0 0 0 0 0 0 0 0 0 0 0 0 
1000 24 0 0 0 0 0 0 0 0 0 0 0 0 0 0 
1016 24 0 0 0 0 0 0 0 0 0 0 0 0 0 0 
1032 24 0 0 0 0 0 0 0 0 0 0 0 0 0 0 
1048 24 0 0 0 0 0 0 0 0 0 0 0 0 0 0 
1064 24 0 0 0 0 0 0 0 0 0 0 0 0 0 0 
1080 24 0 0 0 0 0 0 0 0 0 0 0 0 0 0 
1096 24 0 0 0 0 0 0 0 0 0 0 0 0 0 0 
1112 24 0 0 0 0 0 0 0 0 0 0 0 0 0 0 
1128 24 0 0 0 0 0 0 0 0 0 0 0 0 0 0 
1144 24 0 0 0 0 0 0 0 0 0 0 0 0 0 0 
1160 24 0 0 0 0 0 0 0 0 0 0 0 0 0 0 
1176 24 0 0 0 0 0 0 0 0 0 0 0 0 0 0 
1192 24 0 0 0 0 0 0 0 0 0 0 0 0 0 0 
1208 24 0 0 0 0 0 0 0 0 0 0 0 0 0 0 
1224 24 0 0 0 0 0 0 0 0 0 0 0 0 0 0 
1240 24 0 0 0 0 0 0 0 0 0 0 0 0 0 0 
1256 24 0 0 0 0 0 0 0 0 0 0 0 0 0 0 
1272 24 0 0 0 0 0 0 0 0 0 0 0 0 0 0 
1288 24 0 0 0 0 0 0 0 0 0 0 0 0 0 0 
1304 24 0 0 0 0 0 0 0 0 0 0 0 0 0 0 
1320 24 0 0 0 0 0 0 0 0 0 0 0 0 0 0 
1336 24 0 0 0 0 0 0 0 0 0 0 0 0 0 0 
1352 24 0 0 0 0 0 0 0 0 0 0 0 0 0 0 
1368 24 0 0 0 0 0 0 0 0 0 0 0 0 0 0 
1384 24 0 0 0 0 0 0 0 0 0 0 0 0 0 0 
1400 24 0 0 0 0 0 0 0 0 0 0 0 0 0 0 
1416 24 0 0 0 0 0 0 0 0 0 0 0 0 0 0 
1432 24 0 0 0 0 0 0 0 0 0 0 0 0 0 0 
1448 24 0 0 0 0 0 0 0 0 0 0 0 0 0 0 
1464 24 0 0 0 0 0 0 0 0 0 0 0 0 0 0 
1480 24 0 0 0 0 0 0 0 0 0 0 0 0 0 0 
1496 24 0 0 0 0 0 0 0 0 0 0 0 0 0 0 
1512 24 0 0 0 0 0 0 0 0 0 0 0 0 0 0 
1528 24 0 0 0 0 0 0 0 0 0 0 0 0 0 0 
1544 24 0 0 0 0 0 0 0 0 0 0 0 0 0 0 
1560 24 0 0 0 0 0 0 0 0 0 0 0 0 0 0 
1576 24 0 0 0 0 0 0 0 0 0 0 0 0 0 0 
1592 24 0 0 0 0 0 0 0 0 0 0 0 0 0 0 
1608 24 0 0 0 0 0 0 0 0 0 0 0 0 0 0 
1624 24 0 0 0 0 0 0 0 0 0 0 0 0 0 0 
1640 24 0 0 0 0 0 0 0 0 0 0 0 0 0 0 
1656 24 0 0 0 0 0 0 0 0 0 0 0 0 0 0 
1672 24 0 0 0 0 0 0 0 0 0 0 0 0 0 0 
1688 24 0 0 0 0 0 0 0 0 0 0 0 0 0 0 
1704 24 0 0 0 0 0 0 0 0 0 0 0 0 0 0 
1720 24 0 0 0 0 0 0 0 0 0 0 0 0 0 0 
1736 24 0 0 0 0 0 0 0 0 0 0 0 0 0 0 
1752 24 0 0 0 0 0 0 0 0 0 0 0 0 0 0 
1768 24 0 0 0 0 0 0 0 0 0 0 0 0 0 0 
1784 24 0 0 0 0 0 0 0 0 0 0 0 0 0 0 
1800 24 0 0 0 0 0 0 0 0 0 0 0 0 0 0 
1816 24 0 0 0 0 0 0 0 0 0 0 0 0 0 0 
1832 24 0 0 0 0 0 0 0 0 0 0 0 0 0 0 
1848 24 0 0 0 0 0 0 0 0 0 0 0 0 0 0 
1864 24 0 0 0 0 0 0 0 0 0 0 0 0 0 0 
1880 24 0 0 0 0 0 0 0 0 0 0 0 0 0 0 
1896 24 0 0 0 0 0 0 0 0 0 0 0 0 0 0 
1912 24 0 0 0 0 0 0 0 0 0 0 0 0 0 0 
1928 24 0 0 0 0 0 0 0 0 0 0 0 0 0 0 
1944 24 0 0 0 0 0 0 0 0 0 0 0 0 0 0 
1960 24 0 0 0 0 0 0 0 0 0 0 0 0 0 0 
1976 24 0 0 0 0 0 0 0 0 0 0 0 0 0 0 
1992 24 0 0 0 0 0 0 0 0 0 0 0 0 0 0 
2008 24 0 0 0 0 0 0 0 0 0 0 0 0 0 0 
2024 24 0 0 0 0 0 0 0 0 0 0 0 0 0 0 
2040 24 0 0 0 0 0 0 0 0 0 0 0 0 0 0 
2056 24 0 0 0 0 0 0 0 0 0 0 0 0 0 0 
2072 24 0 0 0 0 0 0 0 0 0 0 0 0 0 0 
2088 24 0 0 0 0 0 0 0 0 0 0 0 0 0 0 
2104 24 0 0 0 0 0 0 0 0 0 0 0 0 0 0 
2120 24 0 0 0 0 0 0 0 0 0 0 0 0 0 0 
2136 24 0 0 0 0 0 0 0 0 0 0 0 0 0 0 
2152 24 0 0 0 0 0 0 0 0 0 0 0 0 0 0 
2168 24 0 0 0 0 0 0 0 0 0 0 0 0 0 0 
2184 24 0 0 0 0 0 0 0 0 0 0 0 0 0 0 
2200 24 0 0 0 0 0 0 0 0 0 0 0 0 0 0 
2216 24 0 0 0 0 0 0 0 0 0 0 0 0 0 0 
2232 24 0 0 0 0 0 0 0 0 0 0 0 0 0 0 
2248 24 0 0 0 0 0 0 0 0 0 0 0 0 0 0 
2264 24 0 0 0 0 0 0 0 0 0 0 0 0 0 0 
2280 24 0 0 0 0 0 0 0 0 0 0 0 0 0 0 
2296 24 0 0 0 0 0 0 0 0 0 0 0 0 0 0 
2312 24 0 0 0 0 0 0 0 0 0 0 0 0 0 0 
2328 24 0 0 0 0 0 0 0 0 0 0 0 0 0 0 
2344 24 0 0 0 0 0 0 0 0 0 0 0 0 0 0 
2360 24 0 0 0 0 0 0 0 0 0 0 0 0 0 0 
2376 24 0 0 0 0 0 0 0 0 0 0 0 0 0 0 
2392 24 0 0 0 0 0 0 0 0 0 0 0 0 0 0 
2408 24 0 0 0 0 0 0 0 0 0 0 0 0 0 0 
2424 24 0 0 0 0 0 0 0 0 0 0 0 0 0 0 
2440 24 0 0 0 0 0 0 0 0 0 0 0 0 0 0 
2456 24 0 0 0 0 0 0 0 0 0 0 0 0 0 0 
2472 24 0 0 0 0 0 0 0 0 0 0 0 0 0 0 
2488 24 0 0 0 0 0 0 0 0 0 0 0 0 0 0 
2504 24 0 0 0 0 0 0 0 0 0 0 0 0 0 0 
2520 24 0 0 0 0 0 0 0 0 0 0 0 0 0 0 
2536 24 0 0 0 0 0 0 0 0 0 0 0 0 0 0 
24 40 0 0 0 0 0 0 0 0 0 0 0 0 0 0 
40 40 0 0 0 0 0 0 0 0 0 0 0 0 0 0 
56 40 0 0 0 0 0 0 0 0 0 0 0 0 0 0 
72 40 0 0 0 0 0 0 0 0 0 0 0 0 0 0 
88 40 0 0 0 0 0 0 0 0 0 0 0 0 0 0 
104 40 0 0 0 0 0 0 0 0 0 0 0 0 0 0 
120 40 0 0 0 0 0 0 0 0 0 0 0 0 0 0 
136 40 0 0 0 0 0 0 0 0 0 0 0 0 0 0 
152 40 0 0 0 0 0 0 0 0 0 0 0 0 0 0 
168 40 0 0 0 0 0 0 0 0 0 0 0 0 0 0 
184 40 0 0 0 0 0 0 0 0 0 0 0 0 0 0 
200 40 0 0 0 0 0 0 0 0 0 0 0 0 0 0 
216 40 0 0 0 0 0 0 0 0 0 0 0 0 0 0 
232 40 0 0 0 0 0 0 0 0 0 0 0 0 0 0 
248 40 0 0 0 0 0 0 0 0 0 0 0 0 0 0 
264 40 0 0 0 0 0 0 0 0 0 0 0 0 0 0 
280 40 0 0 0 0 0 0 0 0 0 0 0 0 0 0 
296 40 0 0 0 0 0 0 0 0 0 0 0 0 0 0 
312 40 0 0 0 0 0 0 0 0 0 0 0 0 0 0 
328 40 0 0 0 0 0 0 0 0 0 0 0 0 0 0 
344 40 0 0 0 0 0 0 0 0 0 0 0 0 0 0 
360 40 0 0 0 0 0 0 0 0 0 0 0 0 0 0 
376 40 0 0 0 0 0 0 0 0 0 0 0 0 0 0 
392 40 0 0 0 0 0 0 0 0 0 0 0 0 0 0 
408 40 0 0 0 0 0 0 0 0 0 0 0 0 0 0 
424 40 0 0 0 0 0 0 0 0 0 0 0 0 0 0 
440 40 0 0 0 0 0 0 0 0 0 0 0 0 0 0 
456 40 0 0 0 0 0 0 0 0 0 0 0 0 0 0 
472 40 0 0 0 0 0 0 0 0 0 0 0 0 0 0 
488 40 0 0 0 0 0 0 0 0 0 0 0 0 0 0 
504 40 0 0 0 0 0 0 0 0 0 0 0 0 0 0 
520 40 0 0 0 0 0 0 0 0 0 0 0 0 0 0 
536 40 0 0 0 0 0 0 0 0 0 0 0 0 0 0 
552 40 0 0 0 0 0 0 0 0 0 0 0 0 0 0 
568 40 0 0 0 0 0 0 0 0 0 0 0 0 0 0 
584 40 0 0 0 0 0 0 0 0 0 0 0 0 0 0 
600 40 0 0 0 0 0 0 0 0 0 0 0 0 0 0 
616 40 0 0 0 0 0 0 0 0 0 0 0 0 0 0 
632 40 0 0 0 0 0 0 0 0 0 0 0 0 0 0 
648 40 0 0 0 0 0 0 0 0 0 0 0 0 0 0 
664 40 0 0 0 0 0 0 0 0 0 0 0 0 0 0 
680 40 0 0 0 0 0 0 0 0 0 0 0 0 0 0 
696 40 0 0 0 0 0 0 0 0 0 0 0 0 0 0 
712 40 0 0 0 0 0 0 0 0 0 0 0 0 0 0 
728 40 0 0 0 0 0 0 0 0 0 0 0 0 0 0 
744 40 0 0 0 0 0 0 0 0 0 0 0 0 0 0 
760 40 0 0 0 0 0 0 0 0 0 0 0 0 0 0 
776 40 0 0 0 0 0 0 0 0 0 0 0 0 0 0 
792 40 0 0 0 0 0 0 0 0 0 0 0 0 0 0 
808 40 0 0 0 0 0 0 0 0 0 0 0 0 0 0 
824 40 0 0 0 0 0 0 0 0 0 0 0 0 0 0 
840 40 0 0 0 0 0 0 0 0 0 0 0 0 0 0 
856 40 0 0 0 0 0 0 0 0 0 0 0 0 0 0 
872 40 0 0 0 0 0 0 0 0 0 0 0 0 0 0 
888 40 0 0 0 0 0 0 0 0 0 0 0 0 0 0 
904 40 0 0 0 0 0 0 0 0 0 0 0 0 0 0 
920 40 0 0 0 0 0 0 0 0 0 0 0 0 0 0 
936 40 0 0 0 0 0 0 0 0 0 0 0 0 0 0 
952 40 0 0 0 0 0 0 0 0 0 0 0 0 0 0 
968 40 0 0 0 0 0 0 0 0 0 0 0 0 0 0 
984 40 0 0 0 0 0 0 0 0 0 0 0 0 0 0 
1000 40 0 0 0 0 0 0 0 0 0 0 0 0 0 0 
1016 40 0 0 0 0 0 0 0 0 0 0 0 0 0 0 
1032 40 0 0 0 0 0 0 0 0 0 0 0 0 0 0 
1048 40 0 0 0 0 0 0 0 0 0 0 0 0 0 0 
1064 40 0 0 0 0 0 0 0 0 0 0 0 0 0 0 
1080 40 0 0 0 0 0 0 0 0 0 0 0 0 0 0 
1096 40 0 0 0 0 0 0 0 0 0 0 0 0 0 0 
1112 40 0 0 0 0 0 0 0 0 0 0 0 0 0 0 
1128 40 0 0 0 0 0 0 0 0 0 0 0 0 0 0 
1144 40 0 0 0 0 0 0 0 0 0 0 0 0 0 0 
1160 40 0 0 0 0 0 0 0 0 0 0 0 0 0 0 
1176 40 0 0 0 0 0 0 0 0 0 0 0 0 0 0 
1192 40 0 0 0 0 0 0 0 0 0 0 0 0 0 0 
1208 40 0 0 0 0 0 0 0 0 0 0 0 0 0 0 
1224 40 0 0 0 0 0 0 0 0 0 0 0 0 0 0 
1240 40 0 0 0 0 0 0 0 0 0 0 0 0 0 0 
1256 40 0 0 0 0 0 0 0 0 0 0 0 0 0 0 
1272 40 0 0 0 0 0 0 0 0 0 0 0 0 0 0 
1288 40 0 0 0 0 0 0 0 0 0 0 0 0 0 0 
1304 40 0 0 0 0 0 0 0 0 0 0 0 0 0 0 
1320 40 0 0 0 0 0 0 0 0 0 0 0 0 0 0 
1336 40 0 0 0 0 0 0 0 0 0 0 0 0 0 0 
1352 40 0 0 0 0 0 0 0 0 0 0 0 0 0 0 
1368 40 0 0 0 0 0 0 0 0 0 0 0 0 0 0 
1384 40 0 0 0 0 0 0 0 0 0 0 0 0 0 0 
1400 40 0 0 0 0 0 0 0 0 0 0 0 0 0 0 
1416 40 0 0 0 0 0 0 0 0 0 0 0 0 0 0 
1432 40 0 0 0 0 0 0 0 0 0 0 0 0 0 0 
1448 40 0 0 0 0 0 0 0 0 0 0 0 0 0 0 
1464 40 0 0 0 0 0 0 0 0 0 0 0 0 0 0 
1480 40 0 0 0 0 0 0 0 0 0 0 0 0 0 0 
1496 40 0 0 0 0 0 0 0 0 0 0 0 0 0 0 
1512 40 0 0 0 0 0 0 0 0 0 0 0 0 0 0 
1528 40 0 0 0 0 0 0 0 0 0 0 0 0 0 0 
1544 40 0 0 0 0 0 0 0 0 0 0 0 0 0 0 
1560 40 0 0 0 0 0 0 0 0 0 0 0 0 0 0 
1576 40 0 0 0 0 0 0 0 0 0 0 0 0 0 0 
1592 40 0 0 0 0 0 0 0 0 0 0 0 0 0 0 
1608 40 0 0 0 0 0 0 0 0 0 0 0 0 0 0 
1624 40 0 0 0 0 0 0 0 0 0 0 0 0 0 0 
1640 40 0 0 0 0 0 0 0 0 0 0 0 0 0 0 
1656 40 0 0 0 0 0 0 0 0 0 0 0 0 0 0 
1672 40 0 0 0 0 0 0 0 0 0 0 0 0 0 0 
1688 40 0 0 0 0 0 0 0 0 0 0 0 0 0 0 
1704 40 0 0 0 0 0 0 0 0 0 0 0 0 0 0 
1720 40 0 0 0 0 0 0 0 0 0 0 0 0 0 0 
1736 40 0 0 0 0 0 0 0 0 0 0 0 0 0 0 
1752 40 0 0 0 0 0 0 0 0 0 0 0 0 0 0 
1768 40 0 0 0 0 0 0 0 0 0 0 0 0 0 0 
1784 40 0 0 0 0 0 0 0 0 0 0 0 0 0 0 
1800 40 0 0 0 0 0 0 0 0 0 0 0 0 0 0 
1816 40 0 0 0 0 0 0 0 0 0 0 0 0 0 0 
1832 40 0 0 0 0 0 0 0 0 0 0 0 0 0 0 
1848 40 0 0 0 0 0 0 0 0 0 0 0 0 0 0 
1864 40 0 0 0 0 0 0 0 0 0 0 0 0 0 0 
1880 40 0 0 0 0 0 0 0 0 0 0 0 0 0 0 
1896 40 0 0 0 0 0 0 0 0 0 0 0 0 0 0 
1912 40 0 0 0 0 0 0 0 0 0 0 0 0 0 0 
1928 40 0 0 0 0 0 0 0 0 0 0 0 0 0 0 
1944 40 0 0 0 0 0 0 0 0 0 0 0 0 0 0 
1960 40 0 0 0 0 0 0 0 0 0 0 0 0 0 0 
1976 40 0 0 0 0 0 0 0 0 0 0 0 0 0 0 
1992 40 0 0 0 0 0 0 0 0 0 0 0 0 0 0 
2008 40 0 0 0 0 0 0 0 0 0 0 0 0 0 0 
2024 40 0 0 0 0 0 0 0 0 0 0 0 0 0 0 
2040 40 0 0 0 0 0 0 0 0 0 0 0 0 0 0 
2056 40 0 0 0 0 0 0 0 0 0 0 0 0 0 0 
2072 40 0 0 0 0 0 0 0 0 0 0 0 0 0 0 
2088 40 0 0 0 0 0 0 0 0 0 0 0 0 0 0 
2104 40 0 0 0 0 0 0 0 0 0 0 0 0 0 0 
2120 40 0 0 0 0 0 0 0 0 0 0 0 0 0 0 
2136 40 0 0 0 0 0 0 0 0 0 0 0 0 0 0 
2152 40 0 0 0 0 0 0 0 0 0 0 0 0 0 0 
2168 40 0 0 0 0 0 0 0 0 0 0 0 0 0 0 
2184 40 0 0 0 0 0 0 0 0 0 0 0 0 0 0 
2200 40 0 0 0 0 0 0 0 0 0 0 0 0 0 0 
2216 40 0 0 0 0 0 0 0 0 0 0 0 0 0 0 
2232 40 0 0 0 0 0 0 0 0 0 0 0 0 0 0 
2248 40 0 0 0 0 0 0 0 0 0 0 0 0 0 0 
2264 40 0 0 0 0 0 0 0 0 0 0 0 0 0 0 
2280 40 0 0 0 0 0 0 0 0 0 0 0 0 0 0 
2296 40 0 0 0 0 0 0 0 0 0 0 0 0 0 0 
2312 40 0 0 0 0 0 0 0 0 0 0 0 0 0 0 
2328 40 0 0 0 0 0 0 0 0 0 0 0 0 0 0 
2344 40 0 0 0 0 0 0 0 0 0 0 0 0 0 0 
2360 40 0 0 0 0 0 0 0 0 0 0 0 0 0 0 
2376 40 0 0 0 0 0 0 0 0 0 0 0 0 0 0 
2392 40 0 0 0 0 0 0 0 0 0 0 0 0 0 0 
2408 40 0 0 0 0 0 0 0 0 0 0 0 0 0 0 
2424 40 0 0 0 0 0 0 0 0 0 0 0 0 0 0 
2440 40 0 0 0 0 0 0 0 0 0 0 0 0 0 0 
2456 40 0 0 0 0 0 0 0 0 0 0 0 0 0 0 
2472 40 0 0 0 0 0 0 0 0 0 0 0 0 0 0 
2488 40 0 0 0 0 0 0 0 0 0 0 0 0 0 0 
2504 40 0 0 0 0 0 0 0 0 0 0 0 0 0 0 
2520 40 0 0 0 0 0 0 0 0 0 0 0 0 0 0 
2536 40 0 0 0 0 0 0 0 0 0 0 0 0 0 0 
24 56 0 0 0 0 0 0 0 0 0 0 0 0 0 0 
40 56 0 0 0 0 0 0 0 0 0 0 0 0 0 0 
56 56 0 0 0 0 0 0 0 0 0 0 0 0 0 0 
72 56 0 0 0 0 0 0 0 0 0 0 0 0 0 0 
88 56 0 0 0 0 0 0 0 0 0 0 0 0 0 0 
104 56 0 0 0 0 0 0 0 0 0 0 0 0 0 0 
120 56 0 0 0 0 0 0 0 0 0 0 0 0 0 0 
136 56 0 0 0 0 0 0 0 0 0 0 0 0 0 0 
152 56 0 0 0 0 0 0 0 0 0 0 0 0 0 0 
168 56 0 0 0 0 0 0 0 0 0 0 0 0 0 0 
184 56 0 0 0 0 0 0 0 0 0 0 0 0 0 0 
200 56 0 0 0 0 0 0 0 0 0 0 0 0 0 0 
216 56 0 0 0 0 0 0 0 0 0 0 0 0 0 0 
232 56 0 0 0 0 0 0 0 0 0 0 0 0 0 0 
248 56 0 0 0 0 0 0 0 0 0 0 0 0 0 0 
264 56 0 0 0 0 0 0 0 0 0 0 0 0 0 0 
280 56 0 0 0 0 0 0 0 0 0 0 0 0 0 0 
296 56 0 0 0 0 0 0 0 0 0 0 0 0 0 0 
312 56 0 0 0 0 0 0 0 0 0 0 0 0 0 0 
328 56 0 0 0 0 0 0 0 0 0 0 0 0 0 0 
344 56 0 0 0 0 0 0 0 0 0 0 0 0 0 0 
360 56 0 0 0 0 0 0 0 0 0 0 0 0 0 0 
376 56 0 0 0 0 0 0 0 0 0 0 0 0 0 0 
392 56 0 0 0 0 0 0 0 0 0 0 0 0 0 0 
408 56 0 0 0 0 0 0 0 0 0 0 0 0 0 0 
424 56 0 0 0 0 0 0 0 0 0 0 0 0 0 0 
440 56 0 0 0 0 0 0 0 0 0 0 0 0 0 0 
456 56 0 0 0 0 0 0 0 0 0 0 0 0 0 0 
472 56 0 0 0 0 0 0 0 0 0 0 0 0 0 0 
488 56 0 0 0 0 0 0 0 0 0 0 0 0 0 0 
504 56 0 0 0 0 0 0 0 0 0 0 0 0 0 0 
520 56 0 0 0 0 0 0 0 0 0 0 0 0 0 0 
536 56 0 0 0 0 0 0 0 0 0 0 0 0 0 0 
552 56 0 0 0 0 0 0 0 0 0 0 0 0 0 0 
568 56 0 0 0 0 0 0 0 0 0 0 0 0 0 0 
584 56 0 0 0 0 0 0 0 0 0 0 0 0 0 0 
600 56 0 0 0 0 0 0 0 0 0 0 0 0 0 0 
616 56 0 0 0 0 0 0 0 0 0 0 0 0 0 0 
632 56 0 0 0 0 0 0 0 0 0 0 0 0 0 0 
648 56 0 0 0 0 0 0 0 0 0 0 0 0 0 0 
664 56 0 0 0 0 0 0 0 0 0 0 0 0 0 0 
680 56 0 0 0 0 0 0 0 0 0 0 0 0 0 0 
696 56 0 0 0 0 0 0 0 0 0 0 0 0 0 0 
712 56 0 0 0 0 0 0 0 0 0 0 0 0 0 0 
728 56 0 0 0 0 0 0 0 0 0 0 0 0 0 0 
744 56 0 0 0 0 0 0 0 0 0 0 0 0 0 0 
760 56 0 0 0 0 0 0 0 0 0 0 0 0 0 0 
776 56 0 0 0 0 0 0 0 0 0 0 0 0 0 0 
792 56 0 0 0 0 0 0 0 0 0 0 0 0 0 0 
808 56 0 0 0 0 0 0 0 0 0 0 0 0 0 0 
824 56 0 0 0 0 0 0 0 0 0 0 0 0 0 0 
840 56 0 0 0 0 0 0 0 0 0 0 0 0 0 0 
856 56 0 0 0 0 0 0 0 0 0 0 0 0 0 0 
872 56 0 0 0 0 0 0 0 0 0 0 0 0 0 0 
888 56 0 0 0 0 0 0 0 0 0 0 0 0 0 0 
904 56 0 0 0 0 0 0 0 0 0 0 0 0 0 0 
920 56 0 0 0 0 0 0 0 0 0 0 0 0 0 0 
936 56 0 0 0 0 0 0 0 0 0 0 0 0 0 0 
952 56 0 0 0 0 0 0 0 0 0 0 0 0 0 0 
968 56 0 0 0 0 0 0 0 0 0 0 0 0 0 0 
984 56 0 0 0 0 0 0 0 0 0 0 0 0 0 0 
1000 56 0 0 0 0 0 0 0 0 0 0 0 0 0 0 
1016 56 0 0 0 0 0 0 0 0 0 0 0 0 0 0 
1032 56 0 0 0 0 0 0 0 0 0 0 0 0 0 0 
1048 56 0 0 0 0 0 0 0 0 0 0 0 0 0 0 
1064 56 0 0 0 0 0 0 0 0 0 0 0 0 0 0 
1080 56 0 0 0 0 0 0 0 0 0 0 0 0 0 0 
1096 56 0 0 0 0 0 0 0 0 0 0 0 0 0 0 
1112 56 0 0 0 0 0 0 0 0 0 0 0 0 0 0 
1128 56 0 0 0 0 0 0 0 0 0 0 0 0 0 0 
1144 56 0 0 0 0 0 0 0 0 0 0 0 0 0 0 
1160 56 0 0 0 0 0 0 0 0 0 0 0 0 0 0 
1176 56 0 0 0 0 0 0 0 0 0 0 0 0 0 0 
1192 56 0 0 0 0 0 0 0 0 0 0 0 0 0 0 
1208 56 0 0 0 0 0 0 0 0 0 0 0 0 0 0 
1224 56 0 0 0 0 0 0 0 0 0 0 0 0 0 0 
1240 56 0 0 0 0 0 0 0 0 0 0 0 0 0 0 
1256 56 0 0 0 0 0 0 0 0 0 0 0 0 0 0 
1272 56 0 0 0 0 0 0 0 0 0 0 0 0 0 0 
1288 56 0 0 0 0 0 0 0 0 0 0 0 0 0 0 
1304 56 0 0 0 0 0 0 0 0 0 0 0 0 0 0 
1320 56 0 0 0 0 0 0 0 0 0 0 0 0 0 0 
1336 56 0 0 0 0 0 0 0 0 0 0 0 0 0 0 
1352 56 0 0 0 0 0 0 0 0 0 0 0 0 0 0 
1368 56 0 0 0 0 0 0 0 0 0 0 0 0 0 0 
1384 56 0 0 0 0 0 0 0 0 0 0 0 0 0 0 
1400 56 0 0 0 0 0 0 0 0 0 0 0 0 0 0 
1416 56 0 0 0 0 0 0 0 0 0 0 0 0 0 0 
1432 56 0 0 0 0 0 0 0 0 0 0 0 0 0 0 
1448 56 0 0 0 0 0 0 0 0 0 0 0 0 0 0 
1464 56 0 0 0 0 0 0 0 0 0 0 0 0 0 0 
1480 56 0 0 0 0 0 0 0 0 0 0 0 0 0 0 
1496 56 0 0 0 0 0 0 0 0 0 0 0 0 0 0 
1512 56 0 0 0 0 0 0 0 0 0 0 0 0 0 0 
1528 56 0 0 0 0 0 0 0 0 0 0 0 0 0 0 
1544 56 0 0 0 0 0 0 0 0 0 0 0 0 0 0 
1560 56 0 0 0 0 0 0 0 0 0 0 0 0 0 0 
1576 56 0 0 0 0 0 0 0 0 0 0 0 0 0 0 
1592 56 0 0 0 0 0 0 0 0 0 0 0 0 0 0 
1608 56 0 0 0 0 0 0 0 0 0 0 0 0 0 0 
1624 56 0 0 0 0 0 0 0 0 0 0 0 0 0 0 
1640 56 0 0 0 0 0 0 0 0 0 0 0 0 0 0 
1656 56 0 0 0 0 0 0 0 0 0 0 0 0 0 0 
1672 56 0 0 0 0 0 0 0 0 0 0 0 0 0 0 
1688 56 0 0 0 0 0 0 0 0 0 0 0 0 0 0 
1704 56 0 0 0 0 0 0 0 0 0 0 0 0 0 0 
1720 56 0 0 0 0 0 0 0 0 0 0 0 0 0 0 
1736 56 0 0 0 0 0 0 0 0 0 0 0 0 0 0 
1752 56 0 0 0 0 0 0 0 0 0 0 0 0 0 0 
1768 56 0 0 0 0 0 0 0 0 0 0 0 0 0 0 
1784 56 0 0 0 0 0 0 0 0 0 0 0 0 0 0 
1800 56 0 0 0 0 0 0 0 0 0 0 0 0 0 0 
1816 56 0 0 0 0 0 0 0 0 0 0 0 0 0 0 
1832 56 0 0 0 0 0 0 0 0 0 0 0 0 0 0 
1848 56 0 0 0 0 0 0 0 0 0 0 0 0 0 0 
1864 56 0 0 0 0 0 0 0 0 0 0 0 0 0 0 
1880 56 0 0 0 0 0 0 0 0 0 0 0 0 0 0 
1896 56 0 0 0 0 0 0 0 0 0 0 0 0 0 0 
1912 56 0 0 0 0 0 0 0 0 0 0 0 0 0 0 
1928 56 0 0 0 0 0 0 0 0 0 0 0 0 0 0 
1944 56 0 0 0 0 0 0 0 0 0 0 0 0 0 0 
1960 56 0 0 0 0 0 0 0 0 0 0 0 0 0 0 
1976 56 0 0 0 0 0 0 0 0 0 0 0 0 0 0 
1992 56 0 0 0 0 0 0 0 0 0 0 0 0 0 0 
2008 56 0 0 0 0 0 0 0 0 0 0 0 0 0 0 
2024 56 0 0 0 0 0 0 0 0 0 0 0 0 0 0 
2040 56 0 0 0 0 0 0 0 0 0 0 0 0 0 0 
2056 56 0 0 0 0 0 0 0 0 0 0 0 0 0 0 
2072 56 0 0 0 0 0 0 0 0 0 0 0 0 0 0 
2088 56 0 0 0 0 0 0 0 0 0 0 0 0 0 0 
2104 56 0 0 0 0 0 0 0 0 0 0 0 0 0 0 
2120 56 0 0 0 0 0 0 0 0 0 0 0 0 0 0 
2136 56 0 0 0 0 0 0 0 0 0 0 0 0 0 0 
2152 56 0 0 0 0 0 0 0 0 0 0 0 0 0 0 
2168 56 0 0 0 0 0 0 0 0 0 0 0 0 0 0 
2184 56 0 0 0 0 0 0 0 0 0 0 0 0 0 0 
2200 56 0 0 0 0 0 0 0 0 0 0 0 0 0 0 
2216 56 0 0 0 0 0 0 0 0 0 0 0 0 0 0 
2232 56 0 0 0 0 0 0 0 0 0 0 0 0 0 0 
2248 56 0 0 0 0 0 0 0 0 0 0 0 0 0 0 
2264 56 0 0 0 0 0 0 0 0 0 0 0 0 0 0 
2280 56 0 0 0 0 0 0 0 0 0 0 0 0 0 0 
2296 56 0 0 0 0 0 0 0 0 0 0 0 0 0 0 
2312 56 0 0 0 0 0 0 0 0 0 0 0 0 0 0 
2328 56 0 0 0 0 0 0 0 0 0 0 0 0 0 0 
2344 56 0 0 0 0 0 0 0 0 0 0 0 0 0 0 
2360 56 0 0 0 0 0 0 0 0 0 0 0 0 0 0 
2376 56 0 0 0 0 0 0 0 0 0 0 0 0 0 0 
2392 56 0 0 0 0 0 0 0 0 0 0 0 0 0 0 
2408 56 0 0 0 0 0 0 0 0 0 0 0 0 0 0 
2424 56 0 0 0 0 0 0 0 0 0 0 0 0 0 0 
2440 56 0 0 0 0 0 0 0 0 0 0 0 0 0 0 
2456 56 0 0 0 0 0 0 0 0 0 0 0 0 0 0 
2472 56 0 0 0 0 0 0 0 0 0 0 0 0 0 0 
2488 56 0 0 0 0 0 0 0 0 0 0 0 0 0 0 
2504 56 0 0 0 0 0 0 0 0 0 0 0 0 0 0 
2520 56 0 0 0 0 0 0 0 0 0 0 0 0 0 0 
2536 56 0 0 0 0 0 0 0 0 0 0 0 0 0 0 
24 72 0 0 0 0 0 0 0 0 0 0 0 0 0 0 
40 72 0 0 0 0 0 0 0 0 0 0 0 0 0 0 
56 72 0 0 0 0 0 0 0 0 0 0 0 0 0 0 
72 72 0 0 0 0 0 0 0 0 0 0 0 0 0 0 
88 72 0 0 0 0 0 0 0 0 0 0 0 0 0 0 
104 72 0 0 0 0 0 0 0 0 0 0 0 0 0 0 
120 72 0 0 0 0 0 0 0 0 0 0 0 0 0 0 
136 72 0 0 0 0 0 0 0 0 0 0 0 0 0 0 
152 72 0 0 0 0 0 0 0 0 0 0 0 0 0 0 
168 72 0 0 0 0 0 0 0 0 0 0 0 0 0 0 
184 72 0 0 0 0 0 0 0 0 0 0 0 0 0 0 
200 72 0 0 0 0 0 0 0 0 0 0 0 0 0 0 
216 72 0 0 0 0 0 0 0 0 0 0 0 0 0 0 
232 72 0 0 0 0 0 0 0 0 0 0 0 0 0 0 
248 72 0 0 0 0 0 0 0 0 0 0 0 0 0 0 
264 72 0 0 0 0 0 0 0 0 0 0 0 0 0 0 
280 72 0 0 0 0 0 0 0 0 0 0 0 0 0 0 
296 72 0 0 0 0 0 0 0 0 0 0 0 0 0 0 
312 72 0 0 0 0 0 0 0 0 0 0 0 0 0 0 
328 72 0 0 0 0 0 0 0 0 0 0 0 0 0 0 
344 72 0 0 0 0 0 0 0 0 0 0 0 0 0 0 
360 72 0 0 0 0 0 0 0 0 0 0 0 0 0 0 
376 72 0 0 0 0 0 0 0 0 0 0 0 0 0 0 
392 72 0 0 0 0 0 0 0 0 0 0 0 0 0 0 
408 72 0 0 0 0 0 0 0 0 0 0 0 0 0 0 
424 72 0 0 0 0 0 0 0 0 0 0 0 0 0 0 
440 72 0 0 0 0 0 0 0 0 0 0 0 0 0 0 
456 72 0 0 0 0 0 0 0 0 0 0 0 0 0 0 
472 72 0 0 0 0 0 0 0 0 0 0 0 0 0 0 
488 72 0 0 0 0 0 0 0 0 0 0 0 0 0 0 
504 72 0 0 0 0 0 0 0 0 0 0 0 0 0 0 
520 72 0 0 0 0 0 0 0 0 0 0 0 0 0 0 
536 72 0 0 0 0 0 0 0 0 0 0 0 0 0 0 
552 72 0 0 0 0 0 0 0 0 0 0 0 0 0 0 
568 72 0 0 0 0 0 0 0 0 0 0 0 0 0 0 
584 72 0 0 0 0 0 0 0 0 0 0 0 0 0 0 
600 72 0 0 0 0 0 0 0 0 0 0 0 0 0 0 
616 72 0 0 0 0 0 0 0 0 0 0 0 0 0 0 
632 72 0 0 0 0 0 0 0 0 0 0 0 0 0 0 
648 72 0 0 0 0 0 0 0 0 0 0 0 0 0 0 
664 72 0 0 0 0 0 0 0 0 0 0 0 0 0 0 
680 72 0 0 0 0 0 0 0 0 0 0 0 0 0 0 
696 72 0 0 0 0 0 0 0 0 0 0 0 0 0 0 
712 72 0 0 0 0 0 0 0 0 0 0 0 0 0 0 
728 72 0 0 0 0 0 0 0 0 0 0 0 0 0 0 
744 72 0 0 0 0 0 0 0 0 0 0 0 0 0 0 
760 72 0 0 0 0 0 0 0 0 0 0 0 0 0 0 
776 72 0 0 0 0 0 0 0 0 0 0 0 0 0 0 
792 72 0 0 0 0 0 0 0 0 0 0 0 0 0 0 
808 72 0 0 0 0 0 0 0 0 0 0 0 0 0 0 
824 72 0 0 0 0 0 0 0 0 0 0 0 0 0 0 
840 72 0 0 0 0 0 0 0 0 0 0 0 0 0 0 
856 72 0 0 0 0 0 0 0 0 0 0 0 0 0 0 
872 72 0 0 0 0 0 0 0 0 0 0 0 0 0 0 
888 72 0 0 0 0 0 0 0 0 0 0 0 0 0 0 
904 72 0 0 0 0 0 0 0 0 0 0 0 0 0 0 
920 72 0 0 0 0 0 0 0 0 0 0 0 0 0 0 
936 72 0 0 0 0 0 0 0 0 0 0 0 0 0 0 
952 72 0 0 0 0 0 0 0 0 0 0 0 0 0 0 
968 72 0 0 0 0 0 0 0 0 0 0 0 0 0 0 
984 72 0 0 0 0 0 0 0 0 0 0 0 0 0 0 
1000 72 0 0 0 0 0 0 0 0 0 0 0 0 0 0 
1016 72 0 0 0 0 0 0 0 0 0 0 0 0 0 0 
1032 72 0 0 0 0 0 0 0 0 0 0 0 0 0 0 
1048 72 0 0 0 0 0 0 0 0 0 0 0 0 0 0 
1064 72 0 0 0 0 0 0 0 0 0 0 0 0 0 0 
1080 72 0 0 0 0 0 0 0 0 0 0 0 0 0 0 
1096 72 0 0 0 0 0 0 0 0 0 0 0 0 0 0 
1112 72 0 0 0 0 0 0 0 0 0 0 0 0 0 0 
1128 72 0 0 0 0 0 0 0 0 0 0 0 0 0 0 
1144 72 0 0 0 0 0 0 0 0 0 0 0 0 0 0 
1160 72 0 0 0 0 0 0 0 0 0 0 0 0 0 0 
1176 72 0 0 0 0 0 0 0 0 0 0 0 0 0 0 
1192 72 0 0 0 0 0 0 0 0 0 0 0 0 0 0 
1208 72 0 0 0 0 0 0 0 0 0 0 0 0 0 0 
1224 72 0 0 0 0 0 0 0 0 0 0 0 0 0 0 
1240 72 0 0 0 0 0 0 0 0 0 0 0 0 0 0 
1256 72 0 0 0 0 0 0 0 0 0 0 0 0 0 0 
1272 72 0 0 0 0 0 0 0 0 0 0 0 0 0 0 
1288 72 0 0 0 0 0 0 0 0 0 0 0 0 0 0 
1304 72 0 0 0 0 0 0 0 0 0 0 0 0 0 0 
1320 72 0 0 0 0 0 0 0 0 0 0 0 0 0 0 
1336 72 0 0 0 0 0 0 0 0 0 0 0 0 0 0 
1352 72 0 0 0 0 0 0 0 0 0 0 0 0 0 0 
1368 72 0 0 0 0 0 0 0 0 0 0 0 0 0 0 
1384 72 0 0 0 0 0 0 0 0 0 0 0 0 0 0 
1400 72 0 0 0 0 0 0 0 0 0 0 0 0 0 0 
1416 72 0 0 0 0 0 0 0 0 0 0 0 0 0 0 
1432 72 0 0 0 0 0 0 0 0 0 0 0 0 0 0 
1448 72 0 0 0 0 0 0 0 0 0 0 0 0 0 0 
1464 72 0 0 0 0 0 0 0 0 0 0 0 0 0 0 
1480 72 0 0 0 0 0 0 0 0 0 0 0 0 0 0 
1496 72 0 0 0 0 0 0 0 0 0 0 0 0 0 0 
1512 72 0 0 0 0 0 0 0 0 0 0 0 0 0 0 
1528 72 0 0 0 0 0 0 0 0 0 0 0 0 0 0 
1544 72 0 0 0 0 0 0 0 0 0 0 0 0 0 0 
1560 72 0 0 0 0 0 0 0 0 0 0 0 0 0 0 
1576 72 0 0 0 0 0 0 0 0 0 0 0 0 0 0 
1592 72 0 0 0 0 0 0 0 0 0 0 0 0 0 0 
1608 72 0 0 0 0 0 0 0 0 0 0 0 0 0 0 
1624 72 0 0 0 0 0 0 0 0 0 0 0 0 0 0 
1640 72 0 0 0 0 0 0 0 0 0 0 0 0 0 0 
1656 72 0 0 0 0 0 0 0 0 0 0 0 0 0 0 
1672 72 0 0 0 0 0 0 0 0 0 0 0 0 0 0 
1688 72 0 0 0 0 0 0 0 0 0 0 0 0 0 0 
1704 72 0 0 0 0 0 0 0 0 0 0 0 0 0 0 
1720 72 0 0 0 0 0 0 0 0 0 0 0 0 0 0 
1736 72 0 0 0 0 0 0 0 0 0 0 0 0 0 0 
1752 72 0 0 0 0 0 0 0 0 0 0 0 0 0 0 
1768 72 0 0 0 0 0 0 0 0 0 0 0 0 0 0 
1784 72 0 0 0 0 0 0 0 0 0 0 0 0 0 0 
1800 72 0 0 0 0 0 0 0 0 0 0 0 0 0 0 
1816 72 0 0 0 0 0 0 0 0 0 0 0 0 0 0 
1832 72 0 0 0 0 0 0 0 0 0 0 0 0 0 0 
1848 72 0 0 0 0 0 0 0 0 0 0 0 0 0 0 
1864 72 0 0 0 0 0 0 0 0 0 0 0 0 0 0 
1880 72 0 0 0 0 0 0 0 0 0 0 0 0 0 0 
1896 72 0 0 0 0 0 0 0 0 0 0 0 0 0 0 
1912 72 0 0 0 0 0 0 0 0 0 0 0 0 0 0 
1928 72 0 0 0 0 0 0 0 0 0 0 0 0 0 0 
1944 72 0 0 0 0 0 0 0 0 0 0 0 0 0 0 
1960 72 0 0 0 0 0 0 0 0 0 0 0 0 0 0 
1976 72 0 0 0 0 0 0 0 0 0 0 0 0 0 0 
1992 72 0 0 0 0 0 0 0 0 0 0 0 0 0 0 
2008 72 0 0 0 0 0 0 0 0 0 0 0 0 0 0 
2024 72 0 0 0 0 0 0 0 0 0 0 0 0 0 0 
2040 72 0 0 0 0 0 0 0 0 0 0 0 0 0 0 
2056 72 0 0 0 0 0 0 0 0 0 0 0 0 0 0 
2072 72 0 0 0 0 0 0 0 0 0 0 0 0 0 0 
2088 72 0 0 0 0 0 0 0 0 0 0 0 0 0 0 
2104 72 0 0 0 0 0 0 0 0 0 0 0 0 0 0 
2120 72 0 0 0 0 0 0 0 0 0 0 0 0 0 0 
2136 72 0 0 0 0 0 0 0 0 0 0 0 0 0 0 
2152 72 0 0 0 0 0 0 0 0 0 0 0 0 0 0 
2168 72 0 0 0 0 0 0 0 0 0 0 0 0 0 0 
2184 72 0 0 0 0 0 0 0 0 0 0 0 0 0 0 
2200 72 0 0 0 0 0 0 0 0 0 0 0 0 0 0 
2216 72 0 0 0 0 0 0 0 0 0 0 0 0 0 0 
2232 72 0 0 0 0 0 0 0 0 0 0 0 0 0 0 
2248 72 0 0 0 0 0 0 0 0 0 0 0 0 0 0 
2264 72 0 0 0 0 0 0 0 0 0 0 0 0 0 0 
2280 72 0 0 0 0 0 0 0 0 0 0 0 0 0 0 
2296 72 0 0 0 0 0 0 0 0 0 0 0 0 0 0 
2312 72 0 0 0 0 0 0 0 0 0 0 0 0 0 0 
2328 72 0 0 0 0 0 0 0 0 0 0 0 0 0 0 
2344 72 0 0 0 0 0 0 0 0 0 0 0 0 0 0 
2360 72 0 0 0 0 0 0 0 0 0 0 0 0 0 0 
2376 72 0 0 0 0 0 0 0 0 0 0 0 0 0 0 
2392 72 0 0 0 0 0 0 0 0 0 0 0 0 0 0 
2408 72 0 0 0 0 0 0 0 0 0 0 0 0 0 0 
2424 72 0 0 0 0 0 0 0 0 0 0 0 0 0 0 
2440 72 0 0 0 0 0 0 0 0 0 0 0 0 0 0 
2456 72 0 0 0 0 0 0 0 0 0 0 0 0 0 0 
2472 72 0 0 0 0 0 0 0 0 0 0 0 0 0 0 
2488 72 0 0 0 0 0 0 0 0 0 0 0 0 0 0 
2504 72 0 0 0 0 0 0 0 0 0 0 0 0 0 0 
2520 72 0 0 0 0 0 0 0 0 0 0 0 0 0 0 
2536 72 0 0 0 0 0 0 0 0 0 0 0 0 0 0 
24 88 0 0 0 0 0 0 0 0 0 0 0 0 0 0 
40 88 0 0 0 0 0 0 0 0 0 0 0 0 0 0 
56 88 0 0 0 0 0 0 0 0 0 0 0 0 0 0 
72 88 0 0 0 0 0 0 0 0 0 0 0 0 0 0 
88 88 0 0 0 0 0 0 0 0 0 0 0 0 0 0 
104 88 0 0 0 0 0 0 0 0 0 0 0 0 0 0 
120 88 0 0 0 0 0 0 0 0 0 0 0 0 0 0 
136 88 0 0 0 0 0 0 0 0 0 0 0 0 0 0 
152 88 0 0 0 0 0 0 0 0 0 0 0 0 0 0 
168 88 0 0 0 0 0 0 0 0 0 0 0 0 0 0 
184 88 0 0 0 0 0 0 0 0 0 0 0 0 0 0 
200 88 0 0 0 0 0 0 0 0 0 0 0 0 0 0 
216 88 0 0 0 0 0 0 0 0 0 0 0 0 0 0 
232 88 0 0 0 0 0 0 0 0 0 0 0 0 0 0 
248 88 0 0 0 0 0 0 0 0 0 0 0 0 0 0 
264 88 0 0 0 0 0 0 0 0 0 0 0 0 0 0 
280 88 0 0 0 0 0 0 0 0 0 0 0 0 0 0 
296 88 0 0 0 0 0 0 0 0 0 0 0 0 0 0 
312 88 0 0 0 0 0 0 0 0 0 0 0 0 0 0 
328 88 0 0 0 0 0 0 0 0 0 0 0 0 0 0 
344 88 0 0 0 0 0 0 0 0 0 0 0 0 0 0 
360 88 0 0 0 0 0 0 0 0 0 0 0 0 0 0 
376 88 0 0 0 0 0 0 0 0 0 0 0 0 0 0 
392 88 0 0 0 0 0 0 0 0 0 0 0 0 0 0 
408 88 0 0 0 0 0 0 0 0 0 0 0 0 0 0 
424 88 0 0 0 0 0 0 0 0 0 0 0 0 0 0 
440 88 0 0 0 0 0 0 0 0 0 0 0 0 0 0 
456 88 0 0 0 0 0 0 0 0 0 0 0 0 0 0 
472 88 0 0 0 0 0 0 0 0 0 0 0 0 0 0 
488 88 0 0 0 0 0 0 0 0 0 0 0 0 0 0 
504 88 0 0 0 0 0 0 0 0 0 0 0 0 0 0 
520 88 0 0 0 0 0 0 0 0 0 0 0 0 0 0 
536 88 0 0 0 0 0 0 0 0 0 0 0 0 0 0 
552 88 0 0 0 0 0 0 0 0 0 0 0 0 0 0 
568 88 0 0 0 0 0 0 0 0 0 0 0 0 0 0 
584 88 0 0 0 0 0 0 0 0 0 0 0 0 0 0 
600 88 0 0 0 0 0 0 0 0 0 0 0 0 0 0 
616 88 0 0 0 0 0 0 0 0 0 0 0 0 0 0 
632 88 0 0 0 0 0 0 0 0 0 0 0 0 0 0 
648 88 0 0 0 0 0 0 0 0 0 0 0 0 0 0 
664 88 0 0 0 0 0 0 0 0 0 0 0 0 0 0 
680 88 0 0 0 0 0 0 0 0 0 0 0 0 0 0 
696 88 0 0 0 0 0 0 0 0 0 0 0 0 0 0 
712 88 0 0 0 0 0 0 0 0 0 0 0 0 0 0 
728 88 0 0 0 0 0 0 0 0 0 0 0 0 0 0 
744 88 0 0 0 0 0 0 0 0 0 0 0 0 0 0 
760 88 0 0 0 0 0 0 0 0 0 0 0 0 0 0 
776 88 0 0 0 0 0 0 0 0 0 0 0 0 0 0 
792 88 0 0 0 0 0 0 0 0 0 0 0 0 0 0 
808 88 0 0 0 0 0 0 0 0 0 0 0 0 0 0 
824 88 0 0 0 0 0 0 0 0 0 0 0 0 0 0 
840 88 0 0 0 0 0 0 0 0 0 0 0 0 0 0 
856 88 0 0 0 0 0 0 0 0 0 0 0 0 0 0 
872 88 0 0 0 0 0 0 0 0 0 0 0 0 0 0 
888 88 0 0 0 0 0 0 0 0 0 0 0 0 0 0 
904 88 0 0 0 0 0 0 0 0 0 0 0 0 0 0 
920 88 0 0 0 0 0 0 0 0 0 0 0 0 0 0 
936 88 0 0 0 0 0 0 0 0 0 0 0 0 0 0 
952 88 0 0 0 0 0 0 0 0 0 0 0 0 0 0 
968 88 0 0 0 0 0 0 0 0 0 0 0 0 0 0 
984 88 0 0 0 0 0 0 0 0 0 0 0 0 0 0 
1000 88 0 0 0 0 0 0 0 0 0 0 0 0 0 0 
1016 88 0 0 0 0 0 0 0 0 0 0 0 0 0 0 
1032 88 0 0 0 0 0 0 0 0 0 0 0 0 0 0 
1048 88 0 0 0 0 0 0 0 0 0 0 0 0 0 0 
1064 88 0 0 0 0 0 0 0 0 0 0 0 0 0 0 
1080 88 0 0 0 0 0 0 0 0 0 0 0 0 0 0 
1096 88 0 0 0 0 0 0 0 0 0 0 0 0 0 0 
1112 88 0 0 0 0 0 0 0 0 0 0 0 0 0 0 
1128 88 0 0 0 0 0 0 0 0 0 0 0 0 0 0 
1144 88 0 0 0 0 0 0 0 0 0 0 0 0 0 0 
1160 88 0 0 0 0 0 0 0 0 0 0 0 0 0 0 
1176 88 0 0 0 0 0 0 0 0 0 0 0 0 0 0 
1192 88 0 0 0 0 0 0 0 0 0 0 0 0 0 0 
1208 88 0 0 0 0 0 0 0 0 0 0 0 0 0 0 
1224 88 0 0 0 0 0 0 0 0 0 0 0 0 0 0 
1240 88 0 0 0 0 0 0 0 0 0 0 0 0 0 0 
1256 88 0 0 0 0 0 0 0 0 0 0 0 0 0 0 
1272 88 0 0 0 0 0 0 0 0 0 0 0 0 0 0 
1288 88 0 0 0 0 0 0 0 0 0 0 0 0 0 0 
1304 88 0 0 0 0 0 0 0 0 0 0 0 0 0 0 
1320 88 0 0 0 0 0 0 0 0 0 0 0 0 0 0 
1336 88 0 0 0 0 0 0 0 0 0 0 0 0 0 0 
1352 88 0 0 0 0 0 0 0 0 0 0 0 0 0 0 
1368 88 0 0 0 0 0 0 0 0 0 0 0 0 0 0 
1384 88 0 0 0 0 0 0 0 0 0 0 0 0 0 0 
1400 88 0 0 0 0 0 0 0 0 0 0 0 0 0 0 
1416 88 0 0 0 0 0 0 0 0 0 0 0 0 0 0 
1432 88 0 0 0 0 0 0 0 0 0 0 0 0 0 0 
1448 88 0 0 0 0 0 0 0 0 0 0 0 0 0 0 
1464 88 0 0 0 0 0 0 0 0 0 0 0 0 0 0 
1480 88 0 0 0 0 0 0 0 0 0 0 0 0 0 0 
1496 88 0 0 0 0 0 0 0 0 0 0 0 0 0 0 
1512 88 0 0 0 0 0 0 0 0 0 0 0 0 0 0 
1528 88 0 0 0 0 0 0 0 0 0 0 0 0 0 0 
1544 88 0 0 0 0 0 0 0 0 0 0 0 0 0 0 
1560 88 0 0 0 0 0 0 0 0 0 0 0 0 0 0 
1576 88 0 0 0 0 0 0 0 0 0 0 0 0 0 0 
1592 88 0 0 0 0 0 0 0 0 0 0 0 0 0 0 
1608 88 0 0 0 0 0 0 0 0 0 0 0 0 0 0 
1624 88 0 0 0 0 0 0 0 0 0 0 0 0 0 0 
1640 88 0 0 0 0 0 0 0 0 0 0 0 0 0 0 
1656 88 0 0 0 0 0 0 0 0 0 0 0 0 0 0 
1672 88 0 0 0 0 0 0 0 0 0 0 0 0 0 0 
1688 88 0 0 0 0 0 0 0 0 0 0 0 0 0 0 
1704 88 0 0 0 0 0 0 0 0 0 0 0 0 0 0 
1720 88 0 0 0 0 0 0 0 0 0 0 0 0 0 0 
1736 88 0 0 0 0 0 0 0 0 0 0 0 0 0 0 
1752 88 0 0 0 0 0 0 0 0 0 0 0 0 0 0 
1768 88 0 0 0 0 0 0 0 0 0 0 0 0 0 0 
1784 88 0 0 0 0 0 0 0 0 0 0 0 0 0 0 
1800 88 0 0 0 0 0 0 0 0 0 0 0 0 0 0 
1816 88 0 0 0 0 0 0 0 0 0 0 0 0 0 0 
1832 88 0 0 0 0 0 0 0 0 0 0 0 0 0 0 
1848 88 0 0 0 0 0 0 0 0 0 0 0 0 0 0 
1864 88 0 0 0 0 0 0 0 0 0 0 0 0 0 0 
1880 88 0 0 0 0 0 0 0 0 0 0 0 0 0 0 
1896 88 0 0 0 0 0 0 0 0 0 0 0 0 0 0 
1912 88 0 0 0 0 0 0 0 0 0 0 0 0 0 0 
1928 88 0 0 0 0 0 0 0 0 0 0 0 0 0 0 
1944 88 0 0 0 0 0 0 0 0 0 0 0 0 0 0 
1960 88 0 0 0 0 0 0 0 0 0 0 0 0 0 0 
1976 88 0 0 0 0 0 0 0 0 0 0 0 0 0 0 
1992 88 0 0 0 0 0 0 0 0 0 0 0 0 0 0 
2008 88 0 0 0 0 0 0 0 0 0 0 0 0 0 0 
2024 88 0 0 0 0 0 0 0 0 0 0 0 0 0 0 
2040 88 0 0 0 0 0 0 0 0 0 0 0 0 0 0 
2056 88 0 0 0 0 0 0 0 0 0 0 0 0 0 0 
2072 88 0 0 0 0 0 0 0 0 0 0 0 0 0 0 
2088 88 0 0 0 0 0 0 0 0 0 0 0 0 0 0 
2104 88 0 0 0 0 0 0 0 0 0 0 0 0 0 0 
2120 88 0 0 0 0 0 0 0 0 0 0 0 0 0 0 
2136 88 0 0 0 0 0 0 0 0 0 0 0 0 0 0 
2152 88 0 0 0 0 0 0 0 0 0 0 0 0 0 0 
2168 88 0 0 0 0 0 0 0 0 0 0 0 0 0 0 
2184 88 0 0 0 0 0 0 0 0 0 0 0 0 0 0 
2200 88 0 0 0 0 0 0 0 0 0 0 0 0 0 0 
2216 88 0 0 0 0 0 0 0 0 0 0 0 0 0 0 
2232 88 0 0 0 0 0 0 0 0 0 0 0 0 0 0 
2248 88 0 0 0 0 0 0 0 0 0 0 0 0 0 0 
2264 88 0 0 0 0 0 0 0 0 0 0 0 0 0 0 
2280 88 0 0 0 0 0 0 0 0 0 0 0 0 0 0 
2296 88 0 0 0 0 0 0 0 0 0 0 0 0 0 0 
2312 88 0 0 0 0 0 0 0 0 0 0 0 0 0 0 
2328 88 0 0 0 0 0 0 0 0 0 0 0 0 0 0 
2344 88 0 0 0 0 0 0 0 0 0 0 0 0 0 0 
2360 88 0 0 0 0 0 0 0 0 0 0 0 0 0 0 
2376 88 0 0 0 0 0 0 0 0 0 0 0 0 0 0 
2392 88 0 0 0 0 0 0 0 0 0 0 0 0 0 0 
2408 88 0 0 0 0 0 0 0 0 0 0 0 0 0 0 
2424 88 0 0 0 0 0 0 0 0 0 0 0 0 0 0 
2440 88 0 0 0 0 0 0 0 0 0 0 0 0 0 0 
2456 88 0 0 0 0 0 0 0 0 0 0 0 0 0 0 
2472 88 0 0 0 0 0 0 0 0 0 0 0 0 0 0 
2488 88 0 0 0 0 0 0 0 0 0 0 0 0 0 0 
2504 88 0 0 0 0 0 0 0 0 0 0 0 0 0 0 
2520 88 0 0 0 0 0 0 0 0 0 0 0 0 0 0 
2536 88 0 0 0 0 0 0 0 0 0 0 0 0 0 0 
24 104 0 0 0 0 0 0 0 0 0 0 0 0 0 0 
40 104 0 0 0 0 0 0 0 0 0 0 0 0 0 0 
56 104 0 0 0 0 0 0 0 0 0 0 0 0 0 0 
72 104 0 0 0 0 0 0 0 0 0 0 0 0 0 0 
88 104 0 0 0 0 0 0 0 0 0 0 0 0 0 0 
104 104 0 0 0 0 0 0 0 0 0 0 0 0 0 0 
120 104 0 0 0 0 0 0 0 0 0 0 0 0 0 0 
136 104 0 0 0 0 0 0 0 0 0 0 0 0 0 0 
152 104 0 0 0 0 0 0 0 0 0 0 0 0 0 0 
168 104 0 0 0 0 0 0 0 0 0 0 0 0 0 0 
184 104 0 0 0 0 0 0 0 0 0 0 0 0 0 0 
200 104 0 0 0 0 0 0 0 0 0 0 0 0 0 0 
216 104 0 0 0 0 0 0 0 0 0 0 0 0 0 0 
232 104 0 0 0 0 0 0 0 0 0 0 0 0 0 0 
248 104 0 0 0 0 0 0 0 0 0 0 0 0 0 0 
264 104 0 0 0 0 0 0 0 0 0 0 0 0 0 0 
280 104 0 0 0 0 0 0 0 0 0 0 0 0 0 0 
296 104 0 0 0 0 0 0 0 0 0 0 0 0 0 0 
312 104 0 0 0 0 0 0 0 0 0 0 0 0 0 0 
328 104 0 0 0 0 0 0 0 0 0 0 0 0 0 0 
344 104 0 0 0 0 0 0 0 0 0 0 0 0 0 0 
360 104 0 0 0 0 0 0 0 0 0 0 0 0 0 0 
376 104 0 0 0 0 0 0 0 0 0 0 0 0 0 0 
392 104 0 0 0 0 0 0 0 0 0 0 0 0 0 0 
408 104 0 0 0 0 0 0 0 0 0 0 0 0 0 0 
424 104 0 0 0 0 0 0 0 0 0 0 0 0 0 0 
440 104 0 0 0 0 0 0 0 0 0 0 0 0 0 0 
456 104 0 0 0 0 0 0 0 0 0 0 0 0 0 0 
472 104 0 0 0 0 0 0 0 0 0 0 0 0 0 0 
488 104 0 0 0 0 0 0 0 0 0 0 0 0 0 0 
504 104 0 0 0 0 0 0 0 0 0 0 0 0 0 0 
520 104 0 0 0 0 0 0 0 0 0 0 0 0 0 0 
536 104 0 0 0 0 0 0 0 0 0 0 0 0 0 0 
552 104 0 0 0 0 0 0 0 0 0 0 0 0 0 0 
568 104 0 0 0 0 0 0 0 0 0 0 0 0 0 0 
584 104 0 0 0 0 0 0 0 0 0 0 0 0 0 0 
600 104 0 0 0 0 0 0 0 0 0 0 0 0 0 0 
616 104 0 0 0 0 0 0 0 0 0 0 0 0 0 0 
632 104 0 0 0 0 0 0 0 0 0 0 0 0 0 0 
648 104 0 0 0 0 0 0 0 0 0 0 0 0 0 0 
664 104 0 0 0 0 0 0 0 0 0 0 0 0 0 0 
680 104 0 0 0 0 0 0 0 0 0 0 0 0 0 0 
696 104 0 0 0 0 0 0 0 0 0 0 0 0 0 0 
712 104 0 0 0 0 0 0 0 0 0 0 0 0 0 0 
728 104 0 0 0 0 0 0 0 0 0 0 0 0 0 0 
744 104 0 0 0 0 0 0 0 0 0 0 0 0 0 0 
760 104 0 0 0 0 0 0 0 0 0 0 0 0 0 0 
776 104 0 0 0 0 0 0 0 0 0 0 0 0 0 0 
792 104 0 0 0 0 0 0 0 0 0 0 0 0 0 0 
808 104 0 0 0 0 0 0 0 0 0 0 0 0 0 0 
824 104 0 0 0 0 0 0 0 0 0 0 0 0 0 0 
840 104 0 0 0 0 0 0 0 0 0 0 0 0 0 0 
856 104 0 0 0 0 0 0 0 0 0 0 0 0 0 0 
872 104 0 0 0 0 0 0 0 0 0 0 0 0 0 0 
888 104 0 0 0 0 0 0 0 0 0 0 0 0 0 0 
904 104 0 0 0 0 0 0 0 0 0 0 0 0 0 0 
920 104 0 0 0 0 0 0 0 0 0 0 0 0 0 0 
936 104 0 0 0 0 0 0 0 0 0 0 0 0 0 0 
952 104 0 0 0 0 0 0 0 0 0 0 0 0 0 0 
968 104 0 0 0 0 0 0 0 0 0 0 0 0 0 0 
984 104 0 0 0 0 0 0 0 0 0 0 0 0 0 0 
1000 104 0 0 0 0 0 0 0 0 0 0 0 0 0 0 
1016 104 0 0 0 0 0 0 0 0 0 0 0 0 0 0 
1032 104 0 0 0 0 0 0 0 0 0 0 0 0 0 0 
1048 104 0 0 0 0 0 0 0 0 0 0 0 0 0 0 
1064 104 0 0 0 0 0 0 0 0 0 0 0 0 0 0 
1080 104 0 0 0 0 0 0 0 0 0 0 0 0 0 0 
1096 104 0 0 0 0 0 0 0 0 0 0 0 0 0 0 
1112 104 0 0 0 0 0 0 0 0 0 0 0 0 0 0 
1128 104 0 0 0 0 0 0 0 0 0 0 0 0 0 0 
1144 104 0 0 0 0 0 0 0 0 0 0 0 0 0 0 
1160 104 0 0 0 0 0 0 0 0 0 0 0 0 0 0 
1176 104 0 0 0 0 0 0 0 0 0 0 0 0 0 0 
1192 104 0 0 0 0 0 0 0 0 0 0 0 0 0 0 
1208 104 0 0 0 0 0 0 0 0 0 0 0 0 0 0 
1224 104 0 0 0 0 0 0 0 0 0 0 0 0 0 0 
1240 104 0 0 0 0 0 0 0 0 0 0 0 0 0 0 
1256 104 0 0 0 0 0 0 0 0 0 0 0 0 0 0 
1272 104 0 0 0 0 0 0 0 0 0 0 0 0 0 0 
1288 104 0 0 0 0 0 0 0 0 0 0 0 0 0 0 
1304 104 0 0 0 0 0 0 0 0 0 0 0 0 0 0 
1320 104 0 0 0 0 0 0 0 0 0 0 0 0 0 0 
1336 104 0 0 0 0 0 0 0 0 0 0 0 0 0 0 
1352 104 0 0 0 0 0 0 0 0 0 0 0 0 0 0 
1368 104 0 0 0 0 0 0 0 0 0 0 0 0 0 0 
1384 104 0 0 0 0 0 0 0 0 0 0 0 0 0 0 
1400 104 0 0 0 0 0 0 0 0 0 0 0 0 0 0 
1416 104 0 0 0 0 0 0 0 0 0 0 0 0 0 0 
1432 104 0 0 0 0 0 0 0 0 0 0 0 0 0 0 
1448 104 0 0 0 0 0 0 0 0 0 0 0 0 0 0 
1464 104 0 0 0 0 0 0 0 0 0 0 0 0 0 0 
1480 104 0 0 0 0 0 0 0 0 0 0 0 0 0 0 
1496 104 0 0 0 0 0 0 0 0 0 0 0 0 0 0 
1512 104 0 0 0 0 0 0 0 0 0 0 0 0 0 0 
1528 104 0 0 0 0 0 0 0 0 0 0 0 0 0 0 
1544 104 0 0 0 0 0 0 0 0 0 0 0 0 0 0 
1560 104 0 0 0 0 0 0 0 0 0 0 0 0 0 0 
1576 104 0 0 0 0 0 0 0 0 0 0 0 0 0 0 
1592 104 0 0 0 0 0 0 0 0 0 0 0 0 0 0 
1608 104 0 0 0 0 0 0 0 0 0 0 0 0 0 0 
1624 104 0 0 0 0 0 0 0 0 0 0 0 0 0 0 
1640 104 0 0 0 0 0 0 0 0 0 0 0 0 0 0 
1656 104 0 0 0 0 0 0 0 0 0 0 0 0 0 0 
1672 104 0 0 0 0 0 0 0 0 0 0 0 0 0 0 
1688 104 0 0 0 0 0 0 0 0 0 0 0 0 0 0 
1704 104 0 0 0 0 0 0 0 0 0 0 0 0 0 0 
1720 104 0 0 0 0 0 0 0 0 0 0 0 0 0 0 
1736 104 0 0 0 0 0 0 0 0 0 0 0 0 0 0 
1752 104 0 0 0 0 0 0 0 0 0 0 0 0 0 0 
1768 104 0 0 0 0 0 0 0 0 0 0 0 0 0 0 
1784 104 0 0 0 0 0 0 0 0 0 0 0 0 0 0 
1800 104 0 0 0 0 0 0 0 0 0 0 0 0 0 0 
1816 104 0 0 0 0 0 0 0 0 0 0 0 0 0 0 
1832 104 0 0 0 0 0 0 0 0 0 0 0 0 0 0 
1848 104 0 0 0 0 0 0 0 0 0 0 0 0 0 0 
1864 104 0 0 0 0 0 0 0 0 0 0 0 0 0 0 
1880 104 0 0 0 0 0 0 0 0 0 0 0 0 0 0 
1896 104 0 0 0 0 0 0 0 0 0 0 0 0 0 0 
1912 104 0 0 0 0 0 0 0 0 0 0 0 0 0 0 
1928 104 0 0 0 0 0 0 0 0 0 0 0 0 0 0 
1944 104 0 0 0 0 0 0 0 0 0 0 0 0 0 0 
1960 104 0 0 0 0 0 0 0 0 0 0 0 0 0 0 
1976 104 0 0 0 0 0 0 0 0 0 0 0 0 0 0 
1992 104 0 0 0 0 0 0 0 0 0 0 0 0 0 0 
2008 104 0 0 0 0 0 0 0 0 0 0 0 0 0 0 
2024 104 0 0 0 0 0 0 0 0 0 0 0 0 0 0 
2040 104 0 0 0 0 0 0 0 0 0 0 0 0 0 0 
2056 104 0 0 0 0 0 0 0 0 0 0 0 0 0 0 
2072 104 0 0 0 0 0 0 0 0 0 0 0 0 0 0 
2088 104 0 0 0 0 0 0 0 0 0 0 0 0 0 0 
2104 104 0 0 0 0 0 0 0 0 0 0 0 0 0 0 
2120 104 0 0 0 0 0 0 0 0 0 0 0 0 0 0 
2136 104 0 0 0 0 0 0 0 0 0 0 0 0 0 0 
2152 104 0 0 0 0 0 0 0 0 0 0 0 0 0 0 
2168 104 0 0 0 0 0 0 0 0 0 0 0 0 0 0 
2184 104 0 0 0 0 0 0 0 0 0 0 0 0 0 0 
2200 104 0 0 0 0 0 0 0 0 0 0 0 0 0 0 
2216 104 0 0 0 0 0 0 0 0 0 0 0 0 0 0 
2232 104 0 0 0 0 0 0 0 0 0 0 0 0 0 0 
2248 104 0 0 0 0 0 0 0 0 0 0 0 0 0 0 
2264 104 0 0 0 0 0 0 0 0 0 0 0 0 0 0 
2280 104 0 0 0 0 0 0 0 0 0 0 0 0 0 0 
2296 104 0 0 0 0 0 0 0 0 0 0 0 0 0 0 
2312 104 0 0 0 0 0 0 0 0 0 0 0 0 0 0 
2328 104 0 0 0 0 0 0 0 0 0 0 0 0 0 0 
2344 104 0 0 0 0 0 0 0 0 0 0 0 0 0 0 
2360 104 0 0 0 0 0 0 0 0 0 0 0 0 0 0 
2376 104 0 0 0 0 0 0 0 0 0 0 0 0 0 0 
2392 104 0 0 0 0 0 0 0 0 0 0 0 0 0 0 
2408 104 0 0 0 0 0 0 0 0 0 0 0 0 0 0 
2424 104 0 0 0 0 0 0 0 0 0 0 0 0 0 0 
2440 104 0 0 0 0 0 0 0 0 0 0 0 0 0 0 
2456 104 0 0 0 0 0 0 0 0 0 0 0 0 0 0 
2472 104 0 0 0 0 0 0 0 0 0 0 0 0 0 0 
2488 104 0 0 0 0 0 0 0 0 0 0 0 0 0 0 
2504 104 0 0 0 0 0 0 0 0 0 0 0 0 0 0 
2520 104 0 0 0 0 0 0 0 0 0 0 0 0 0 0 
2536 104 0 0 0 0 0 0 0 0 0 0 0 0 0 0 
24 120 0 0 0 0 0 0 0 0 0 0 0 0 0 0 
40 120 0 0 0 0 0 0 0 0 0 0 0 0 0 0 
56 120 0 0 0 0 0 0 0 0 0 0 0 0 0 0 
72 120 0 0 0 0 0 0 0 0 0 0 0 0 0 0 
88 120 0 0 0 0 0 0 0 0 0 0 0 0 0 0 
104 120 0 0 0 0 0 0 0 0 0 0 0 0 0 0 
120 120 0 0 0 0 0 0 0 0 0 0 0 0 0 0 
136 120 0 0 0 0 0 0 0 0 0 0 0 0 0 0 
152 120 0 0 0 0 0 0 0 0 0 0 0 0 0 0 
168 120 0 0 0 0 0 0 0 0 0 0 0 0 0 0 
184 120 0 0 0 0 0 0 0 0 0 0 0 0 0 0 
200 120 0 0 0 0 0 0 0 0 0 0 0 0 0 0 
216 120 0 0 0 0 0 0 0 0 0 0 0 0 0 0 
232 120 0 0 0 0 0 0 0 0 0 0 0 0 0 0 
248 120 0 0 0 0 0 0 0 0 0 0 0 0 0 0 
264 120 0 0 0 0 0 0 0 0 0 0 0 0 0 0 
280 120 0 0 0 0 0 0 0 0 0 0 0 0 0 0 
296 120 0 0 0 0 0 0 0 0 0 0 0 0 0 0 
312 120 0 0 0 0 0 0 0 0 0 0 0 0 0 0 
328 120 0 0 0 0 0 0 0 0 0 0 0 0 0 0 
344 120 0 0 0 0 0 0 0 0 0 0 0 0 0 0 
360 120 0 0 0 0 0 0 0 0 0 0 0 0 0 0 
376 120 0 0 0 0 0 0 0 0 0 0 0 0 0 0 
392 120 0 0 0 0 0 0 0 0 0 0 0 0 0 0 
408 120 0 0 0 0 0 0 0 0 0 0 0 0 0 0 
424 120 0 0 0 0 0 0 0 0 0 0 0 0 0 0 
440 120 0 0 0 0 0 0 0 0 0 0 0 0 0 0 
456 120 0 0 0 0 0 0 0 0 0 0 0 0 0 0 
472 120 0 0 0 0 0 0 0 0 0 0 0 0 0 0 
488 120 0 0 0 0 0 0 0 0 0 0 0 0 0 0 
504 120 0 0 0 0 0 0 0 0 0 0 0 0 0 0 
520 120 0 0 0 0 0 0 0 0 0 0 0 0 0 0 
536 120 0 0 0 0 0 0 0 0 0 0 0 0 0 0 
552 120 0 0 0 0 0 0 0 0 0 0 0 0 0 0 
568 120 0 0 0 0 0 0 0 0 0 0 0 0 0 0 
584 120 0 0 0 0 0 0 0 0 0 0 0 0 0 0 
600 120 0 0 0 0 0 0 0 0 0 0 0 0 0 0 
616 120 0 0 0 0 0 0 0 0 0 0 0 0 0 0 
632 120 0 0 0 0 0 0 0 0 0 0 0 0 0 0 
648 120 0 0 0 0 0 0 0 0 0 0 0 0 0 0 
664 120 0 0 0 0 0 0 0 0 0 0 0 0 0 0 
680 120 0 0 0 0 0 0 0 0 0 0 0 0 0 0 
696 120 0 0 0 0 0 0 0 0 0 0 0 0 0 0 
712 120 0 0 0 0 0 0 0 0 0 0 0 0 0 0 
728 120 0 0 0 0 0 0 0 0 0 0 0 0 0 0 
744 120 0 0 0 0 0 0 0 0 0 0 0 0 0 0 
760 120 0 0 0 0 0 0 0 0 0 0 0 0 0 0 
776 120 0 0 0 0 0 0 0 0 0 0 0 0 0 0 
792 120 0 0 0 0 0 0 0 0 0 0 0 0 0 0 
808 120 0 0 0 0 0 0 0 0 0 0 0 0 0 0 
824 120 0 0 0 0 0 0 0 0 0 0 0 0 0 0 
840 120 0 0 0 0 0 0 0 0 0 0 0 0 0 0 
856 120 0 0 0 0 0 0 0 0 0 0 0 0 0 0 
872 120 0 0 0 0 0 0 0 0 0 0 0 0 0 0 
888 120 0 0 0 0 0 0 0 0 0 0 0 0 0 0 
904 120 0 0 0 0 0 0 0 0 0 0 0 0 0 0 
920 120 0 0 0 0 0 0 0 0 0 0 0 0 0 0 
936 120 0 0 0 0 0 0 0 0 0 0 0 0 0 0 
952 120 0 0 0 0 0 0 0 0 0 0 0 0 0 0 
968 120 0 0 0 0 0 0 0 0 0 0 0 0 0 0 
984 120 0 0 0 0 0 0 0 0 0 0 0 0 0 0 
1000 120 0 0 0 0 0 0 0 0 0 0 0 0 0 0 
1016 120 0 0 0 0 0 0 0 0 0 0 0 0 0 0 
1032 120 0 0 0 0 0 0 0 0 0 0 0 0 0 0 
1048 120 0 0 0 0 0 0 0 0 0 0 0 0 0 0 
1064 120 0 0 0 0 0 0 0 0 0 0 0 0 0 0 
1080 120 0 0 0 0 0 0 0 0 0 0 0 0 0 0 
1096 120 0 0 0 0 0 0 0 0 0 0 0 0 0 0 
1112 120 0 0 0 0 0 0 0 0 0 0 0 0 0 0 
1128 120 0 0 0 0 0 0 0 0 0 0 0 0 0 0 
1144 120 0 0 0 0 0 0 0 0 0 0 0 0 0 0 
1160 120 0 0 0 0 0 0 0 0 0 0 0 0 0 0 
1176 120 0 0 0 0 0 0 0 0 0 0 0 0 0 0 
1192 120 0 0 0 0 0 0 0 0 0 0 0 0 0 0 
1208 120 0 0 0 0 0 0 0 0 0 0 0 0 0 0 
1224 120 0 0 0 0 0 0 0 0 0 0 0 0 0 0 
1240 120 0 0 0 0 0 0 0 0 0 0 0 0 0 0 
1256 120 0 0 0 0 0 0 0 0 0 0 0 0 0 0 
1272 120 0 0 0 0 0 0 0 0 0 0 0 0 0 0 
1288 120 0 0 0 0 0 0 0 0 0 0 0 0 0 0 
1304 120 0 0 0 0 0 0 0 0 0 0 0 0 0 0 
1320 120 0 0 0 0 0 0 0 0 0 0 0 0 0 0 
1336 120 0 0 0 0 0 0 0 0 0 0 0 0 0 0 
1352 120 0 0 0 0 0 0 0 0 0 0 0 0 0 0 
1368 120 0 0 0 0 0 0 0 0 0 0 0 0 0 0 
1384 120 0 0 0 0 0 0 0 0 0 0 0 0 0 0 
1400 120 0 0 0 0 0 0 0 0 0 0 0 0 0 0 
1416 120 0 0 0 0 0 0 0 0 0 0 0 0 0 0 
1432 120 0 0 0 0 0 0 0 0 0 0 0 0 0 0 
1448 120 0 0 0 0 0 0 0 0 0 0 0 0 0 0 
1464 120 0 0 0 0 0 0 0 0 0 0 0 0 0 0 
1480 120 0 0 0 0 0 0 0 0 0 0 0 0 0 0 
1496 120 0 0 0 0 0 0 0 0 0 0 0 0 0 0 
1512 120 0 0 0 0 0 0 0 0 0 0 0 0 0 0 
1528 120 0 0 0 0 0 0 0 0 0 0 0 0 0 0 
1544 120 0 0 0 0 0 0 0 0 0 0 0 0 0 0 
1560 120 0 0 0 0 0 0 0 0 0 0 0 0 0 0 
1576 120 0 0 0 0 0 0 0 0 0 0 0 0 0 0 
1592 120 0 0 0 0 0 0 0 0 0 0 0 0 0 0 
1608 120 0 0 0 0 0 0 0 0 0 0 0 0 0 0 
1624 120 0 0 0 0 0 0 0 0 0 0 0 0 0 0 
1640 120 0 0 0 0 0 0 0 0 0 0 0 0 0 0 
1656 120 0 0 0 0 0 0 0 0 0 0 0 0 0 0 
1672 120 0 0 0 0 0 0 0 0 0 0 0 0 0 0 
1688 120 0 0 0 0 0 0 0 0 0 0 0 0 0 0 
1704 120 0 0 0 0 0 0 0 0 0 0 0 0 0 0 
1720 120 0 0 0 0 0 0 0 0 0 0 0 0 0 0 
1736 120 0 0 0 0 0 0 0 0 0 0 0 0 0 0 
1752 120 0 0 0 0 0 0 0 0 0 0 0 0 0 0 
1768 120 0 0 0 0 0 0 0 0 0 0 0 0 0 0 
1784 120 0 0 0 0 0 0 0 0 0 0 0 0 0 0 
1800 120 0 0 0 0 0 0 0 0 0 0 0 0 0 0 
1816 120 0 0 0 0 0 0 0 0 0 0 0 0 0 0 
1832 120 0 0 0 0 0 0 0 0 0 0 0 0 0 0 
1848 120 0 0 0 0 0 0 0 0 0 0 0 0 0 0 
1864 120 0 0 0 0 0 0 0 0 0 0 0 0 0 0 
1880 120 0 0 0 0 0 0 0 0 0 0 0 0 0 0 
1896 120 0 0 0 0 0 0 0 0 0 0 0 0 0 0 
1912 120 0 0 0 0 0 0 0 0 0 0 0 0 0 0 
1928 120 0 0 0 0 0 0 0 0 0 0 0 0 0 0 
1944 120 0 0 0 0 0 0 0 0 0 0 0 0 0 0 
1960 120 0 0 0 0 0 0 0 0 0 0 0 0 0 0 
1976 120 0 0 0 0 0 0 0 0 0 0 0 0 0 0 
1992 120 0 0 0 0 0 0 0 0 0 0 0 0 0 0 
2008 120 0 0 0 0 0 0 0 0 0 0 0 0 0 0 
2024 120 0 0 0 0 0 0 0 0 0 0 0 0 0 0 
2040 120 0 0 0 0 0 0 0 0 0 0 0 0 0 0 
2056 120 0 0 0 0 0 0 0 0 0 0 0 0 0 0 
2072 120 0 0 0 0 0 0 0 0 0 0 0 0 0 0 
2088 120 0 0 0 0 0 0 0 0 0 0 0 0 0 0 
2104 120 0 0 0 0 0 0 0 0 0 0 0 0 0 0 
2120 120 0 0 0 0 0 0 0 0 0 0 0 0 0 0 
2136 120 0 0 0 0 0 0 0 0 0 0 0 0 0 0 
2152 120 0 0 0 0 0 0 0 0 0 0 0 0 0 0 
2168 120 0 0 0 0 0 0 0 0 0 0 0 0 0 0 
2184 120 0 0 0 0 0 0 0 0 0 0 0 0 0 0 
2200 120 0 0 0 0 0 0 0 0 0 0 0 0 0 0 
2216 120 0 0 0 0 0 0 0 0 0 0 0 0 0 0 
2232 120 0 0 0 0 0 0 0 0 0 0 0 0 0 0 
2248 120 0 0 0 0 0 0 0 0 0 0 0 0 0 0 
2264 120 0 0 0 0 0 0 0 0 0 0 0 0 0 0 
2280 120 0 0 0 0 0 0 0 0 0 0 0 0 0 0 
2296 120 0 0 0 0 0 0 0 0 0 0 0 0 0 0 
2312 120 0 0 0 0 0 0 0 0 0 0 0 0 0 0 
2328 120 0 0 0 0 0 0 0 0 0 0 0 0 0 0 
2344 120 0 0 0 0 0 0 0 0 0 0 0 0 0 0 
2360 120 0 0 0 0 0 0 0 0 0 0 0 0 0 0 
2376 120 0 0 0 0 0 0 0 0 0 0 0 0 0 0 
2392 120 0 0 0 0 0 0 0 0 0 0 0 0 0 0 
2408 120 0 0 0 0 0 0 0 0 0 0 0 0 0 0 
2424 120 0 0 0 0 0 0 0 0 0 0 0 0 0 0 
2440 120 0 0 0 0 0 0 0 0 0 0 0 0 0 0 
2456 120 0 0 0 0 0 0 0 0 0 0 0 0 0 0 
2472 120 0 0 0 0 0 0 0 0 0 0 0 0 0 0 
2488 120 0 0 0 0 0 0 0 0 0 0 0 0 0 0 
2504 120 0 0 0 0 0 0 0 0 0 0 0 0 0 0 
2520 120 0 0 0 0 0 0 0 0 0 0 0 0 0 0 
2536 120 0 0 0 0 0 0 0 0 0 0 0 0 0 0 
24 136 0 0 0 0 0 0 0 0 0 0 0 0 0 0 
40 136 0 0 0 0 0 0 0 0 0 0 0 0 0 0 
56 136 0 0 0 0 0 0 0 0 0 0 0 0 0 0 
72 136 0 0 0 0 0 0 0 0 0 0 0 0 0 0 
88 136 0 0 0 0 0 0 0 0 0 0 0 0 0 0 
104 136 0 0 0 0 0 0 0 0 0 0 0 0 0 0 
120 136 0 0 0 0 0 0 0 0 0 0 0 0 0 0 
136 136 0 0 0 0 0 0 0 0 0 0 0 0 0 0 
152 136 0 0 0 0 0 0 0 0 0 0 0 0 0 0 
168 136 0 0 0 0 0 0 0 0 0 0 0 0 0 0 
184 136 0 0 0 0 0 0 0 0 0 0 0 0 0 0 
200 136 0 0 0 0 0 0 0 0 0 0 0 0 0 0 
216 136 0 0 0 0 0 0 0 0 0 0 0 0 0 0 
232 136 0 0 0 0 0 0 0 0 0 0 0 0 0 0 
248 136 0 0 0 0 0 0 0 0 0 0 0 0 0 0 
264 136 0 0 0 0 0 0 0 0 0 0 0 0 0 0 
280 136 0 0 0 0 0 0 0 0 0 0 0 0 0 0 
296 136 0 0 0 0 0 0 0 0 0 0 0 0 0 0 
312 136 0 0 0 0 0 0 0 0 0 0 0 0 0 0 
328 136 0 0 0 0 0 0 0 0 0 0 0 0 0 0 
344 136 0 0 0 0 0 0 0 0 0 0 0 0 0 0 
360 136 0 0 0 0 0 0 0 0 0 0 0 0 0 0 
376 136 0 0 0 0 0 0 0 0 0 0 0 0 0 0 
392 136 0 0 0 0 0 0 0 0 0 0 0 0 0 0 
408 136 0 0 0 0 0 0 0 0 0 0 0 0 0 0 
424 136 0 0 0 0 0 0 0 0 0 0 0 0 0 0 
440 136 0 0 0 0 0 0 0 0 0 0 0 0 0 0 
456 136 0 0 0 0 0 0 0 0 0 0 0 0 0 0 
472 136 0 0 0 0 0 0 0 0 0 0 0 0 0 0 
488 136 0 0 0 0 0 0 0 0 0 0 0 0 0 0 
504 136 0 0 0 0 0 0 0 0 0 0 0 0 0 0 
520 136 0 0 0 0 0 0 0 0 0 0 0 0 0 0 
536 136 0 0 0 0 0 0 0 0 0 0 0 0 0 0 
552 136 0 0 0 0 0 0 0 0 0 0 0 0 0 0 
568 136 0 0 0 0 0 0 0 0 0 0 0 0 0 0 
584 136 0 0 0 0 0 0 0 0 0 0 0 0 0 0 
600 136 0 0 0 0 0 0 0 0 0 0 0 0 0 0 
616 136 0 0 0 0 0 0 0 0 0 0 0 0 0 0 
632 136 0 0 0 0 0 0 0 0 0 0 0 0 0 0 
648 136 0 0 0 0 0 0 0 0 0 0 0 0 0 0 
664 136 0 0 0 0 0 0 0 0 0 0 0 0 0 0 
680 136 0 0 0 0 0 0 0 0 0 0 0 0 0 0 
696 136 0 0 0 0 0 0 0 0 0 0 0 0 0 0 
712 136 0 0 0 0 0 0 0 0 0 0 0 0 0 0 
728 136 0 0 0 0 0 0 0 0 0 0 0 0 0 0 
744 136 0 0 0 0 0 0 0 0 0 0 0 0 0 0 
760 136 0 0 0 0 0 0 0 0 0 0 0 0 0 0 
776 136 0 0 0 0 0 0 0 0 0 0 0 0 0 0 
792 136 0 0 0 0 0 0 0 0 0 0 0 0 0 0 
808 136 0 0 0 0 0 0 0 0 0 0 0 0 0 0 
824 136 0 0 0 0 0 0 0 0 0 0 0 0 0 0 
840 136 0 0 0 0 0 0 0 0 0 0 0 0 0 0 
856 136 0 0 0 0 0 0 0 0 0 0 0 0 0 0 
872 136 0 0 0 0 0 0 0 0 0 0 0 0 0 0 
888 136 0 0 0 0 0 0 0 0 0 0 0 0 0 0 
904 136 0 0 0 0 0 0 0 0 0 0 0 0 0 0 
920 136 0 0 0 0 0 0 0 0 0 0 0 0 0 0 
936 136 0 0 0 0 0 0 0 0 0 0 0 0 0 0 
952 136 0 0 0 0 0 0 0 0 0 0 0 0 0 0 
968 136 0 0 0 0 0 0 0 0 0 0 0 0 0 0 
984 136 0 0 0 0 0 0 0 0 0 0 0 0 0 0 
1000 136 0 0 0 0 0 0 0 0 0 0 0 0 0 0 
1016 136 0 0 0 0 0 0 0 0 0 0 0 0 0 0 
1032 136 0 0 0 0 0 0 0 0 0 0 0 0 0 0 
1048 136 0 0 0 0 0 0 0 0 0 0 0 0 0 0 
1064 136 0 0 0 0 0 0 0 0 0 0 0 0 0 0 
1080 136 0 0 0 0 0 0 0 0 0 0 0 0 0 0 
1096 136 0 0 0 0 0 0 0 0 0 0 0 0 0 0 
1112 136 0 0 0 0 0 0 0 0 0 0 0 0 0 0 
1128 136 0 0 0 0 0 0 0 0 0 0 0 0 0 0 
1144 136 0 0 0 0 0 0 0 0 0 0 0 0 0 0 
1160 136 0 0 0 0 0 0 0 0 0 0 0 0 0 0 
1176 136 0 0 0 0 0 0 0 0 0 0 0 0 0 0 
1192 136 0 0 0 0 0 0 0 0 0 0 0 0 0 0 
1208 136 0 0 0 0 0 0 0 0 0 0 0 0 0 0 
1224 136 0 0 0 0 0 0 0 0 0 0 0 0 0 0 
1240 136 0 0 0 0 0 0 0 0 0 0 0 0 0 0 
1256 136 0 0 0 0 0 0 0 0 0 0 0 0 0 0 
1272 136 0 0 0 0 0 0 0 0 0 0 0 0 0 0 
1288 136 0 0 0 0 0 0 0 0 0 0 0 0 0 0 
1304 136 0 0 0 0 0 0 0 0 0 0 0 0 0 0 
1320 136 0 0 0 0 0 0 0 0 0 0 0 0 0 0 
1336 136 0 0 0 0 0 0 0 0 0 0 0 0 0 0 
1352 136 0 0 0 0 0 0 0 0 0 0 0 0 0 0 
1368 136 0 0 0 0 0 0 0 0 0 0 0 0 0 0 
1384 136 0 0 0 0 0 0 0 0 0 0 0 0 0 0 
1400 136 0 0 0 0 0 0 0 0 0 0 0 0 0 0 
1416 136 0 0 0 0 0 0 0 0 0 0 0 0 0 0 
1432 136 0 0 0 0 0 0 0 0 0 0 0 0 0 0 
1448 136 0 0 0 0 0 0 0 0 0 0 0 0 0 0 
1464 136 0 0 0 0 0 0 0 0 0 0 0 0 0 0 
1480 136 0 0 0 0 0 0 0 0 0 0 0 0 0 0 
1496 136 0 0 0 0 0 0 0 0 0 0 0 0 0 0 
1512 136 0 0 0 0 0 0 0 0 0 0 0 0 0 0 
1528 136 0 0 0 0 0 0 0 0 0 0 0 0 0 0 
1544 136 0 0 0 0 0 0 0 0 0 0 0 0 0 0 
1560 136 0 0 0 0 0 0 0 0 0 0 0 0 0 0 
1576 136 0 0 0 0 0 0 0 0 0 0 0 0 0 0 
1592 136 0 0 0 0 0 0 0 0 0 0 0 0 0 0 
1608 136 0 0 0 0 0 0 0 0 0 0 0 0 0 0 
1624 136 0 0 0 0 0 0 0 0 0 0 0 0 0 0 
1640 136 0 0 0 0 0 0 0 0 0 0 0 0 0 0 
1656 136 0 0 0 0 0 0 0 0 0 0 0 0 0 0 
1672 136 0 0 0 0 0 0 0 0 0 0 0 0 0 0 
1688 136 0 0 0 0 0 0 0 0 0 0 0 0 0 0 
1704 136 0 0 0 0 0 0 0 0 0 0 0 0 0 0 
1720 136 0 0 0 0 0 0 0 0 0 0 0 0 0 0 
1736 136 0 0 0 0 0 0 0 0 0 0 0 0 0 0 
1752 136 0 0 0 0 0 0 0 0 0 0 0 0 0 0 
1768 136 0 0 0 0 0 0 0 0 0 0 0 0 0 0 
1784 136 0 0 0 0 0 0 0 0 0 0 0 0 0 0 
1800 136 0 0 0 0 0 0 0 0 0 0 0 0 0 0 
1816 136 0 0 0 0 0 0 0 0 0 0 0 0 0 0 
1832 136 0 0 0 0 0 0 0 0 0 0 0 0 0 0 
1848 136 0 0 0 0 0 0 0 0 0 0 0 0 0 0 
1864 136 0 0 0 0 0 0 0 0 0 0 0 0 0 0 
1880 136 0 0 0 0 0 0 0 0 0 0 0 0 0 0 
1896 136 0 0 0 0 0 0 0 0 0 0 0 0 0 0 
1912 136 0 0 0 0 0 0 0 0 0 0 0 0 0 0 
1928 136 0 0 0 0 0 0 0 0 0 0 0 0 0 0 
1944 136 0 0 0 0 0 0 0 0 0 0 0 0 0 0 
1960 136 0 0 0 0 0 0 0 0 0 0 0 0 0 0 
1976 136 0 0 0 0 0 0 0 0 0 0 0 0 0 0 
1992 136 0 0 0 0 0 0 0 0 0 0 0 0 0 0 
2008 136 0 0 0 0 0 0 0 0 0 0 0 0 0 0 
2024 136 0 0 0 0 0 0 0 0 0 0 0 0 0 0 
2040 136 0 0 0 0 0 0 0 0 0 0 0 0 0 0 
2056 136 0 0 0 0 0 0 0 0 0 0 0 0 0 0 
2072 136 0 0 0 0 0 0 0 0 0 0 0 0 0 0 
2088 136 0 0 0 0 0 0 0 0 0 0 0 0 0 0 
2104 136 0 0 0 0 0 0 0 0 0 0 0 0 0 0 
2120 136 0 0 0 0 0 0 0 0 0 0 0 0 0 0 
2136 136 0 0 0 0 0 0 0 0 0 0 0 0 0 0 
2152 136 0 0 0 0 0 0 0 0 0 0 0 0 0 0 
2168 136 0 0 0 0 0 0 0 0 0 0 0 0 0 0 
2184 136 0 0 0 0 0 0 0 0 0 0 0 0 0 0 
2200 136 0 0 0 0 0 0 0 0 0 0 0 0 0 0 
2216 136 0 0 0 0 0 0 0 0 0 0 0 0 0 0 
2232 136 0 0 0 0 0 0 0 0 0 0 0 0 0 0 
2248 136 0 0 0 0 0 0 0 0 0 0 0 0 0 0 
2264 136 0 0 0 0 0 0 0 0 0 0 0 0 0 0 
2280 136 0 0 0 0 0 0 0 0 0 0 0 0 0 0 
2296 136 0 0 0 0 0 0 0 0 0 0 0 0 0 0 
2312 136 0 0 0 0 0 0 0 0 0 0 0 0 0 0 
2328 136 0 0 0 0 0 0 0 0 0 0 0 0 0 0 
2344 136 0 0 0 0 0 0 0 0 0 0 0 0 0 0 
2360 136 0 0 0 0 0 0 0 0 0 0 0 0 0 0 
2376 136 0 0 0 0 0 0 0 0 0 0 0 0 0 0 
2392 136 0 0 0 0 0 0 0 0 0 0 0 0 0 0 
2408 136 0 0 0 0 0 0 0 0 0 0 0 0 0 0 
2424 136 0 0 0 0 0 0 0 0 0 0 0 0 0 0 
2440 136 0 0 0 0 0 0 0 0 0 0 0 0 0 0 
2456 136 0 0 0 0 0 0 0 0 0 0 0 0 0 0 
2472 136 0 0 0 0 0 0 0 0 0 0 0 0 0 0 
2488 136 0 0 0 0 0 0 0 0 0 0 0 0 0 0 
2504 136 0 0 0 0 0 0 0 0 0 0 0 0 0 0 
2520 136 0 0 0 0 0 0 0 0 0 0 0 0 0 0 
2536 136 0 0 0 0 0 0 0 0 0 0 0 0 0 0 
24 152 0 0 0 0 0 0 0 0 0 0 0 0 0 0 
40 152 0 0 0 0 0 0 0 0 0 0 0 0 0 0 
56 152 0 0 0 0 0 0 0 0 0 0 0 0 0 0 
72 152 0 0 0 0 0 0 0 0 0 0 0 0 0 0 
88 152 0 0 0 0 0 0 0 0 0 0 0 0 0 0 
104 152 0 0 0 0 0 0 0 0 0 0 0 0 0 0 
120 152 0 0 0 0 0 0 0 0 0 0 0 0 0 0 
136 152 0 0 0 0 0 0 0 0 0 0 0 0 0 0 
152 152 0 0 0 0 0 0 0 0 0 0 0 0 0 0 
168 152 0 0 0 0 0 0 0 0 0 0 0 0 0 0 
184 152 0 0 0 0 0 0 0 0 0 0 0 0 0 0 
200 152 0 0 0 0 0 0 0 0 0 0 0 0 0 0 
216 152 0 0 0 0 0 0 0 0 0 0 0 0 0 0 
232 152 0 0 0 0 0 0 0 0 0 0 0 0 0 0 
248 152 0 0 0 0 0 0 0 0 0 0 0 0 0 0 
264 152 0 0 0 0 0 0 0 0 0 0 0 0 0 0 
280 152 0 0 0 0 0 0 0 0 0 0 0 0 0 0 
296 152 0 0 0 0 0 0 0 0 0 0 0 0 0 0 
312 152 0 0 0 0 0 0 0 0 0 0 0 0 0 0 
328 152 0 0 0 0 0 0 0 0 0 0 0 0 0 0 
344 152 0 0 0 0 0 0 0 0 0 0 0 0 0 0 
360 152 0 0 0 0 0 0 0 0 0 0 0 0 0 0 
376 152 0 0 0 0 0 0 0 0 0 0 0 0 0 0 
392 152 0 0 0 0 0 0 0 0 0 0 0 0 0 0 
408 152 0 0 0 0 0 0 0 0 0 0 0 0 0 0 
424 152 0 0 0 0 0 0 0 0 0 0 0 0 0 0 
440 152 0 0 0 0 0 0 0 0 0 0 0 0 0 0 
456 152 0 0 0 0 0 0 0 0 0 0 0 0 0 0 
472 152 0 0 0 0 0 0 0 0 0 0 0 0 0 0 
488 152 0 0 0 0 0 0 0 0 0 0 0 0 0 0 
504 152 0 0 0 0 0 0 0 0 0 0 0 0 0 0 
520 152 0 0 0 0 0 0 0 0 0 0 0 0 0 0 
536 152 0 0 0 0 0 0 0 0 0 0 0 0 0 0 
552 152 0 0 0 0 0 0 0 0 0 0 0 0 0 0 
568 152 0 0 0 0 0 0 0 0 0 0 0 0 0 0 
584 152 0 0 0 0 0 0 0 0 0 0 0 0 0 0 
600 152 0 0 0 0 0 0 0 0 0 0 0 0 0 0 
616 152 0 0 0 0 0 0 0 0 0 0 0 0 0 0 
632 152 0 0 0 0 0 0 0 0 0 0 0 0 0 0 
648 152 0 0 0 0 0 0 0 0 0 0 0 0 0 0 
664 152 0 0 0 0 0 0 0 0 0 0 0 0 0 0 
680 152 0 0 0 0 0 0 0 0 0 0 0 0 0 0 
696 152 0 0 0 0 0 0 0 0 0 0 0 0 0 0 
712 152 0 0 0 0 0 0 0 0 0 0 0 0 0 0 
728 152 0 0 0 0 0 0 0 0 0 0 0 0 0 0 
744 152 0 0 0 0 0 0 0 0 0 0 0 0 0 0 
760 152 0 0 0 0 0 0 0 0 0 0 0 0 0 0 
776 152 0 0 0 0 0 0 0 0 0 0 0 0 0 0 
792 152 0 0 0 0 0 0 0 0 0 0 0 0 0 0 
808 152 0 0 0 0 0 0 0 0 0 0 0 0 0 0 
824 152 0 0 0 0 0 0 0 0 0 0 0 0 0 0 
840 152 0 0 0 0 0 0 0 0 0 0 0 0 0 0 
856 152 0 0 0 0 0 0 0 0 0 0 0 0 0 0 
872 152 0 0 0 0 0 0 0 0 0 0 0 0 0 0 
888 152 0 0 0 0 0 0 0 0 0 0 0 0 0 0 
904 152 0 0 0 0 0 0 0 0 0 0 0 0 0 0 
920 152 0 0 0 0 0 0 0 0 0 0 0 0 0 0 
936 152 0 0 0 0 0 0 0 0 0 0 0 0 0 0 
952 152 0 0 0 0 0 0 0 0 0 0 0 0 0 0 
968 152 0 0 0 0 0 0 0 0 0 0 0 0 0 0 
984 152 0 0 0 0 0 0 0 0 0 0 0 0 0 0 
1000 152 0 0 0 0 0 0 0 0 0 0 0 0 0 0 
1016 152 0 0 0 0 0 0 0 0 0 0 0 0 0 0 
1032 152 0 0 0 0 0 0 0 0 0 0 0 0 0 0 
1048 152 0 0 0 0 0 0 0 0 0 0 0 0 0 0 
1064 152 0 0 0 0 0 0 0 0 0 0 0 0 0 0 
1080 152 0 0 0 0 0 0 0 0 0 0 0 0 0 0 
1096 152 0 0 0 0 0 0 0 0 0 0 0 0 0 0 
1112 152 0 0 0 0 0 0 0 0 0 0 0 0 0 0 
1128 152 0 0 0 0 0 0 0 0 0 0 0 0 0 0 
1144 152 0 0 0 0 0 0 0 0 0 0 0 0 0 0 
1160 152 0 0 0 0 0 0 0 0 0 0 0 0 0 0 
1176 152 0 0 0 0 0 0 0 0 0 0 0 0 0 0 
1192 152 0 0 0 0 0 0 0 0 0 0 0 0 0 0 
1208 152 0 0 0 0 0 0 0 0 0 0 0 0 0 0 
1224 152 0 0 0 0 0 0 0 0 0 0 0 0 0 0 
1240 152 0 0 0 0 0 0 0 0 0 0 0 0 0 0 
1256 152 0 0 0 0 0 0 0 0 0 0 0 0 0 0 
1272 152 0 0 0 0 0 0 0 0 0 0 0 0 0 0 
1288 152 0 0 0 0 0 0 0 0 0 0 0 0 0 0 
1304 152 0 0 0 0 0 0 0 0 0 0 0 0 0 0 
1320 152 0 0 0 0 0 0 0 0 0 0 0 0 0 0 
1336 152 0 0 0 0 0 0 0 0 0 0 0 0 0 0 
1352 152 0 0 0 0 0 0 0 0 0 0 0 0 0 0 
1368 152 0 0 0 0 0 0 0 0 0 0 0 0 0 0 
1384 152 0 0 0 0 0 0 0 0 0 0 0 0 0 0 
1400 152 0 0 0 0 0 0 0 0 0 0 0 0 0 0 
1416 152 0 0 0 0 0 0 0 0 0 0 0 0 0 0 
1432 152 0 0 0 0 0 0 0 0 0 0 0 0 0 0 
1448 152 0 0 0 0 0 0 0 0 0 0 0 0 0 0 
1464 152 0 0 0 0 0 0 0 0 0 0 0 0 0 0 
1480 152 0 0 0 0 0 0 0 0 0 0 0 0 0 0 
1496 152 0 0 0 0 0 0 0 0 0 0 0 0 0 0 
1512 152 0 0 0 0 0 0 0 0 0 0 0 0 0 0 
1528 152 0 0 0 0 0 0 0 0 0 0 0 0 0 0 
1544 152 0 0 0 0 0 0 0 0 0 0 0 0 0 0 
1560 152 0 0 0 0 0 0 0 0 0 0 0 0 0 0 
1576 152 0 0 0 0 0 0 0 0 0 0 0 0 0 0 
1592 152 0 0 0 0 0 0 0 0 0 0 0 0 0 0 
1608 152 0 0 0 0 0 0 0 0 0 0 0 0 0 0 
1624 152 0 0 0 0 0 0 0 0 0 0 0 0 0 0 
1640 152 0 0 0 0 0 0 0 0 0 0 0 0 0 0 
1656 152 0 0 0 0 0 0 0 0 0 0 0 0 0 0 
1672 152 0 0 0 0 0 0 0 0 0 0 0 0 0 0 
1688 152 0 0 0 0 0 0 0 0 0 0 0 0 0 0 
1704 152 0 0 0 0 0 0 0 0 0 0 0 0 0 0 
1720 152 0 0 0 0 0 0 0 0 0 0 0 0 0 0 
1736 152 0 0 0 0 0 0 0 0 0 0 0 0 0 0 
1752 152 0 0 0 0 0 0 0 0 0 0 0 0 0 0 
1768 152 0 0 0 0 0 0 0 0 0 0 0 0 0 0 
1784 152 0 0 0 0 0 0 0 0 0 0 0 0 0 0 
1800 152 0 0 0 0 0 0 0 0 0 0 0 0 0 0 
1816 152 0 0 0 0 0 0 0 0 0 0 0 0 0 0 
1832 152 0 0 0 0 0 0 0 0 0 0 0 0 0 0 
1848 152 0 0 0 0 0 0 0 0 0 0 0 0 0 0 
1864 152 0 0 0 0 0 0 0 0 0 0 0 0 0 0 
1880 152 0 0 0 0 0 0 0 0 0 0 0 0 0 0 
1896 152 0 0 0 0 0 0 0 0 0 0 0 0 0 0 
1912 152 0 0 0 0 0 0 0 0 0 0 0 0 0 0 
1928 152 0 0 0 0 0 0 0 0 0 0 0 0 0 0 
1944 152 0 0 0 0 0 0 0 0 0 0 0 0 0 0 
1960 152 0 0 0 0 0 0 0 0 0 0 0 0 0 0 
1976 152 0 0 0 0 0 0 0 0 0 0 0 0 0 0 
1992 152 0 0 0 0 0 0 0 0 0 0 0 0 0 0 
2008 152 0 0 0 0 0 0 0 0 0 0 0 0 0 0 
2024 152 0 0 0 0 0 0 0 0 0 0 0 0 0 0 
2040 152 0 0 0 0 0 0 0 0 0 0 0 0 0 0 
2056 152 0 0 0 0 0 0 0 0 0 0 0 0 0 0 
2072 152 0 0 0 0 0 0 0 0 0 0 0 0 0 0 
2088 152 0 0 0 0 0 0 0 0 0 0 0 0 0 0 
2104 152 0 0 0 0 0 0 0 0 0 0 0 0 0 0 
2120 152 0 0 0 0 0 0 0 0 0 0 0 0 0 0 
2136 152 0 0 0 0 0 0 0 0 0 0 0 0 0 0 
2152 152 0 0 0 0 0 0 0 0 0 0 0 0 0 0 
2168 152 0 0 0 0 0 0 0 0 0 0 0 0 0 0 
2184 152 0 0 0 0 0 0 0 0 0 0 0 0 0 0 
2200 152 0 0 0 0 0 0 0 0 0 0 0 0 0 0 
2216 152 0 0 0 0 0 0 0 0 0 0 0 0 0 0 
2232 152 0 0 0 0 0 0 0 0 0 0 0 0 0 0 
2248 152 0 0 0 0 0 0 0 0 0 0 0 0 0 0 
2264 152 0 0 0 0 0 0 0 0 0 0 0 0 0 0 
2280 152 0 0 0 0 0 0 0 0 0 0 0 0 0 0 
2296 152 0 0 0 0 0 0 0 0 0 0 0 0 0 0 
2312 152 0 0 0 0 0 0 0 0 0 0 0 0 0 0 
2328 152 0 0 0 0 0 0 0 0 0 0 0 0 0 0 
2344 152 0 0 0 0 0 0 0 0 0 0 0 0 0 0 
2360 152 0 0 0 0 0 0 0 0 0 0 0 0 0 0 
2376 152 0 0 0 0 0 0 0 0 0 0 0 0 0 0 
2392 152 0 0 0 0 0 0 0 0 0 0 0 0 0 0 
2408 152 0 0 0 0 0 0 0 0 0 0 0 0 0 0 
2424 152 0 0 0 0 0 0 0 0 0 0 0 0 0 0 
2440 152 0 0 0 0 0 0 0 0 0 0 0 0 0 0 
2456 152 0 0 0 0 0 0 0 0 0 0 0 0 0 0 
2472 152 0 0 0 0 0 0 0 0 0 0 0 0 0 0 
2488 152 0 0 0 0 0 0 0 0 0 0 0 0 0 0 
2504 152 0 0 0 0 0 0 0 0 0 0 0 0 0 0 
2520 152 0 0 0 0 0 0 0 0 0 0 0 0 0 0 
2536 152 0 0 0 0 0 0 0 0 0 0 0 0 0 0 
24 168 0 0 0 0 0 0 0 0 0 0 0 0 0 0 
40 168 0 0 0 0 0 0 0 0 0 0 0 0 0 0 
56 168 0 0 0 0 0 0 0 0 0 0 0 0 0 0 
72 168 0 0 0 0 0 0 0 0 0 0 0 0 0 0 
88 168 0 0 0 0 0 0 0 0 0 0 0 0 0 0 
104 168 0 0 0 0 0 0 0 0 0 0 0 0 0 0 
120 168 0 0 0 0 0 0 0 0 0 0 0 0 0 0 
136 168 0 0 0 0 0 0 0 0 0 0 0 0 0 0 
152 168 0 0 0 0 0 0 0 0 0 0 0 0 0 0 
168 168 0 0 0 0 0 0 0 0 0 0 0 0 0 0 
184 168 0 0 0 0 0 0 0 0 0 0 0 0 0 0 
200 168 0 0 0 0 0 0 0 0 0 0 0 0 0 0 
216 168 0 0 0 0 0 0 0 0 0 0 0 0 0 0 
232 168 0 0 0 0 0 0 0 0 0 0 0 0 0 0 
248 168 0 0 0 0 0 0 0 0 0 0 0 0 0 0 
264 168 0 0 0 0 0 0 0 0 0 0 0 0 0 0 
280 168 0 0 0 0 0 0 0 0 0 0 0 0 0 0 
296 168 0 0 0 0 0 0 0 0 0 0 0 0 0 0 
312 168 0 0 0 0 0 0 0 0 0 0 0 0 0 0 
328 168 0 0 0 0 0 0 0 0 0 0 0 0 0 0 
344 168 0 0 0 0 0 0 0 0 0 0 0 0 0 0 
360 168 0 0 0 0 0 0 0 0 0 0 0 0 0 0 
376 168 0 0 0 0 0 0 0 0 0 0 0 0 0 0 
392 168 0 0 0 0 0 0 0 0 0 0 0 0 0 0 
408 168 0 0 0 0 0 0 0 0 0 0 0 0 0 0 
424 168 0 0 0 0 0 0 0 0 0 0 0 0 0 0 
440 168 0 0 0 0 0 0 0 0 0 0 0 0 0 0 
456 168 0 0 0 0 0 0 0 0 0 0 0 0 0 0 
472 168 0 0 0 0 0 0 0 0 0 0 0 0 0 0 
488 168 0 0 0 0 0 0 0 0 0 0 0 0 0 0 
504 168 0 0 0 0 0 0 0 0 0 0 0 0 0 0 
520 168 0 0 0 0 0 0 0 0 0 0 0 0 0 0 
536 168 0 0 0 0 0 0 0 0 0 0 0 0 0 0 
552 168 0 0 0 0 0 0 0 0 0 0 0 0 0 0 
568 168 0 0 0 0 0 0 0 0 0 0 0 0 0 0 
584 168 0 0 0 0 0 0 0 0 0 0 0 0 0 0 
600 168 0 0 0 0 0 0 0 0 0 0 0 0 0 0 
616 168 0 0 0 0 0 0 0 0 0 0 0 0 0 0 
632 168 0 0 0 0 0 0 0 0 0 0 0 0 0 0 
648 168 0 0 0 0 0 0 0 0 0 0 0 0 0 0 
664 168 0 0 0 0 0 0 0 0 0 0 0 0 0 0 
680 168 0 0 0 0 0 0 0 0 0 0 0 0 0 0 
696 168 0 0 0 0 0 0 0 0 0 0 0 0 0 0 
712 168 0 0 0 0 0 0 0 0 0 0 0 0 0 0 
728 168 0 0 0 0 0 0 0 0 0 0 0 0 0 0 
744 168 0 0 0 0 0 0 0 0 0 0 0 0 0 0 
760 168 0 0 0 0 0 0 0 0 0 0 0 0 0 0 
776 168 0 0 0 0 0 0 0 0 0 0 0 0 0 0 
792 168 0 0 0 0 0 0 0 0 0 0 0 0 0 0 
808 168 0 0 0 0 0 0 0 0 0 0 0 0 0 0 
824 168 0 0 0 0 0 0 0 0 0 0 0 0 0 0 
840 168 0 0 0 0 0 0 0 0 0 0 0 0 0 0 
856 168 0 0 0 0 0 0 0 0 0 0 0 0 0 0 
872 168 0 0 0 0 0 0 0 0 0 0 0 0 0 0 
888 168 0 0 0 0 0 0 0 0 0 0 0 0 0 0 
904 168 0 0 0 0 0 0 0 0 0 0 0 0 0 0 
920 168 0 0 0 0 0 0 0 0 0 0 0 0 0 0 
936 168 0 0 0 0 0 0 0 0 0 0 0 0 0 0 
952 168 0 0 0 0 0 0 0 0 0 0 0 0 0 0 
968 168 0 0 0 0 0 0 0 0 0 0 0 0 0 0 
984 168 0 0 0 0 0 0 0 0 0 0 0 0 0 0 
1000 168 0 0 0 0 0 0 0 0 0 0 0 0 0 0 
1016 168 0 0 0 0 0 0 0 0 0 0 0 0 0 0 
1032 168 0 0 0 0 0 0 0 0 0 0 0 0 0 0 
1048 168 0 0 0 0 0 0 0 0 0 0 0 0 0 0 
1064 168 0 0 0 0 0 0 0 0 0 0 0 0 0 0 
1080 168 0 0 0 0 0 0 0 0 0 0 0 0 0 0 
1096 168 0 0 0 0 0 0 0 0 0 0 0 0 0 0 
1112 168 0 0 0 0 0 0 0 0 0 0 0 0 0 0 
1128 168 0 0 0 0 0 0 0 0 0 0 0 0 0 0 
1144 168 0 0 0 0 0 0 0 0 0 0 0 0 0 0 
1160 168 0 0 0 0 0 0 0 0 0 0 0 0 0 0 
1176 168 0 0 0 0 0 0 0 0 0 0 0 0 0 0 
1192 168 0 0 0 0 0 0 0 0 0 0 0 0 0 0 
1208 168 0 0 0 0 0 0 0 0 0 0 0 0 0 0 
1224 168 0 0 0 0 0 0 0 0 0 0 0 0 0 0 
1240 168 0 0 0 0 0 0 0 0 0 0 0 0 0 0 
1256 168 0 0 0 0 0 0 0 0 0 0 0 0 0 0 
1272 168 0 0 0 0 0 0 0 0 0 0 0 0 0 0 
1288 168 0 0 0 0 0 0 0 0 0 0 0 0 0 0 
1304 168 0 0 0 0 0 0 0 0 0 0 0 0 0 0 
1320 168 0 0 0 0 0 0 0 0 0 0 0 0 0 0 
1336 168 0 0 0 0 0 0 0 0 0 0 0 0 0 0 
1352 168 0 0 0 0 0 0 0 0 0 0 0 0 0 0 
1368 168 0 0 0 0 0 0 0 0 0 0 0 0 0 0 
1384 168 0 0 0 0 0 0 0 0 0 0 0 0 0 0 
1400 168 0 0 0 0 0 0 0 0 0 0 0 0 0 0 
1416 168 0 0 0 0 0 0 0 0 0 0 0 0 0 0 
1432 168 0 0 0 0 0 0 0 0 0 0 0 0 0 0 
1448 168 0 0 0 0 0 0 0 0 0 0 0 0 0 0 
1464 168 0 0 0 0 0 0 0 0 0 0 0 0 0 0 
1480 168 0 0 0 0 0 0 0 0 0 0 0 0 0 0 
1496 168 0 0 0 0 0 0 0 0 0 0 0 0 0 0 
1512 168 0 0 0 0 0 0 0 0 0 0 0 0 0 0 
1528 168 0 0 0 0 0 0 0 0 0 0 0 0 0 0 
1544 168 0 0 0 0 0 0 0 0 0 0 0 0 0 0 
1560 168 0 0 0 0 0 0 0 0 0 0 0 0 0 0 
1576 168 0 0 0 0 0 0 0 0 0 0 0 0 0 0 
1592 168 0 0 0 0 0 0 0 0 0 0 0 0 0 0 
1608 168 0 0 0 0 0 0 0 0 0 0 0 0 0 0 
1624 168 0 0 0 0 0 0 0 0 0 0 0 0 0 0 
1640 168 0 0 0 0 0 0 0 0 0 0 0 0 0 0 
1656 168 0 0 0 0 0 0 0 0 0 0 0 0 0 0 
1672 168 0 0 0 0 0 0 0 0 0 0 0 0 0 0 
1688 168 0 0 0 0 0 0 0 0 0 0 0 0 0 0 
1704 168 0 0 0 0 0 0 0 0 0 0 0 0 0 0 
1720 168 0 0 0 0 0 0 0 0 0 0 0 0 0 0 
1736 168 0 0 0 0 0 0 0 0 0 0 0 0 0 0 
1752 168 0 0 0 0 0 0 0 0 0 0 0 0 0 0 
1768 168 0 0 0 0 0 0 0 0 0 0 0 0 0 0 
1784 168 0 0 0 0 0 0 0 0 0 0 0 0 0 0 
1800 168 0 0 0 0 0 0 0 0 0 0 0 0 0 0 
1816 168 0 0 0 0 0 0 0 0 0 0 0 0 0 0 
1832 168 0 0 0 0 0 0 0 0 0 0 0 0 0 0 
1848 168 0 0 0 0 0 0 0 0 0 0 0 0 0 0 
1864 168 0 0 0 0 0 0 0 0 0 0 0 0 0 0 
1880 168 0 0 0 0 0 0 0 0 0 0 0 0 0 0 
1896 168 0 0 0 0 0 0 0 0 0 0 0 0 0 0 
1912 168 0 0 0 0 0 0 0 0 0 0 0 0 0 0 
1928 168 0 0 0 0 0 0 0 0 0 0 0 0 0 0 
1944 168 0 0 0 0 0 0 0 0 0 0 0 0 0 0 
1960 168 0 0 0 0 0 0 0 0 0 0 0 0 0 0 
1976 168 0 0 0 0 0 0 0 0 0 0 0 0 0 0 
1992 168 0 0 0 0 0 0 0 0 0 0 0 0 0 0 
2008 168 0 0 0 0 0 0 0 0 0 0 0 0 0 0 
2024 168 0 0 0 0 0 0 0 0 0 0 0 0 0 0 
2040 168 0 0 0 0 0 0 0 0 0 0 0 0 0 0 
2056 168 0 0 0 0 0 0 0 0 0 0 0 0 0 0 
2072 168 0 0 0 0 0 0 0 0 0 0 0 0 0 0 
2088 168 0 0 0 0 0 0 0 0 0 0 0 0 0 0 
2104 168 0 0 0 0 0 0 0 0 0 0 0 0 0 0 
2120 168 0 0 0 0 0 0 0 0 0 0 0 0 0 0 
2136 168 0 0 0 0 0 0 0 0 0 0 0 0 0 0 
2152 168 0 0 0 0 0 0 0 0 0 0 0 0 0 0 
2168 168 0 0 0 0 0 0 0 0 0 0 0 0 0 0 
2184 168 0 0 0 0 0 0 0 0 0 0 0 0 0 0 
2200 168 0 0 0 0 0 0 0 0 0 0 0 0 0 0 
2216 168 0 0 0 0 0 0 0 0 0 0 0 0 0 0 
2232 168 0 0 0 0 0 0 0 0 0 0 0 0 0 0 
2248 168 0 0 0 0 0 0 0 0 0 0 0 0 0 0 
2264 168 0 0 0 0 0 0 0 0 0 0 0 0 0 0 
2280 168 0 0 0 0 0 0 0 0 0 0 0 0 0 0 
2296 168 0 0 0 0 0 0 0 0 0 0 0 0 0 0 
2312 168 0 0 0 0 0 0 0 0 0 0 0 0 0 0 
2328 168 0 0 0 0 0 0 0 0 0 0 0 0 0 0 
2344 168 0 0 0 0 0 0 0 0 0 0 0 0 0 0 
2360 168 0 0 0 0 0 0 0 0 0 0 0 0 0 0 
2376 168 0 0 0 0 0 0 0 0 0 0 0 0 0 0 
2392 168 0 0 0 0 0 0 0 0 0 0 0 0 0 0 
2408 168 0 0 0 0 0 0 0 0 0 0 0 0 0 0 
2424 168 0 0 0 0 0 0 0 0 0 0 0 0 0 0 
2440 168 0 0 0 0 0 0 0 0 0 0 0 0 0 0 
2456 168 0 0 0 0 0 0 0 0 0 0 0 0 0 0 
2472 168 0 0 0 0 0 0 0 0 0 0 0 0 0 0 
2488 168 0 0 0 0 0 0 0 0 0 0 0 0 0 0 
2504 168 0 0 0 0 0 0 0 0 0 0 0 0 0 0 
2520 168 0 0 0 0 0 0 0 0 0 0 0 0 0 0 
2536 168 0 0 0 0 0 0 0 0 0 0 0 0 0 0 
24 184 0 0 0 0 0 0 0 0 0 0 0 0 0 0 
40 184 0 0 0 0 0 0 0 0 0 0 0 0 0 0 
56 184 0 0 0 0 0 0 0 0 0 0 0 0 0 0 
72 184 0 0 0 0 0 0 0 0 0 0 0 0 0 0 
88 184 0 0 0 0 0 0 0 0 0 0 0 0 0 0 
104 184 0 0 0 0 0 0 0 0 0 0 0 0 0 0 
120 184 0 0 0 0 0 0 0 0 0 0 0 0 0 0 
136 184 0 0 0 0 0 0 0 0 0 0 0 0 0 0 
152 184 0 0 0 0 0 0 0 0 0 0 0 0 0 0 
168 184 0 0 0 0 0 0 0 0 0 0 0 0 0 0 
184 184 0 0 0 0 0 0 0 0 0 0 0 0 0 0 
200 184 0 0 0 0 0 0 0 0 0 0 0 0 0 0 
216 184 0 0 0 0 0 0 0 0 0 0 0 0 0 0 
232 184 0 0 0 0 0 0 0 0 0 0 0 0 0 0 
248 184 0 0 0 0 0 0 0 0 0 0 0 0 0 0 
264 184 0 0 0 0 0 0 0 0 0 0 0 0 0 0 
280 184 0 0 0 0 0 0 0 0 0 0 0 0 0 0 
296 184 0 0 0 0 0 0 0 0 0 0 0 0 0 0 
312 184 0 0 0 0 0 0 0 0 0 0 0 0 0 0 
328 184 0 0 0 0 0 0 0 0 0 0 0 0 0 0 
344 184 0 0 0 0 0 0 0 0 0 0 0 0 0 0 
360 184 0 0 0 0 0 0 0 0 0 0 0 0 0 0 
376 184 0 0 0 0 0 0 0 0 0 0 0 0 0 0 
392 184 0 0 0 0 0 0 0 0 0 0 0 0 0 0 
408 184 0 0 0 0 0 0 0 0 0 0 0 0 0 0 
424 184 0 0 0 0 0 0 0 0 0 0 0 0 0 0 
440 184 0 0 0 0 0 0 0 0 0 0 0 0 0 0 
456 184 0 0 0 0 0 0 0 0 0 0 0 0 0 0 
472 184 0 0 0 0 0 0 0 0 0 0 0 0 0 0 
488 184 0 0 0 0 0 0 0 0 0 0 0 0 0 0 
504 184 0 0 0 0 0 0 0 0 0 0 0 0 0 0 
520 184 0 0 0 0 0 0 0 0 0 0 0 0 0 0 
536 184 0 0 0 0 0 0 0 0 0 0 0 0 0 0 
552 184 0 0 0 0 0 0 0 0 0 0 0 0 0 0 
568 184 0 0 0 0 0 0 0 0 0 0 0 0 0 0 
584 184 0 0 0 0 0 0 0 0 0 0 0 0 0 0 
600 184 0 0 0 0 0 0 0 0 0 0 0 0 0 0 
616 184 0 0 0 0 0 0 0 0 0 0 0 0 0 0 
632 184 0 0 0 0 0 0 0 0 0 0 0 0 0 0 
648 184 0 0 0 0 0 0 0 0 0 0 0 0 0 0 
664 184 0 0 0 0 0 0 0 0 0 0 0 0 0 0 
680 184 0 0 0 0 0 0 0 0 0 0 0 0 0 0 
696 184 0 0 0 0 0 0 0 0 0 0 0 0 0 0 
712 184 0 0 0 0 0 0 0 0 0 0 0 0 0 0 
728 184 0 0 0 0 0 0 0 0 0 0 0 0 0 0 
744 184 0 0 0 0 0 0 0 0 0 0 0 0 0 0 
760 184 0 0 0 0 0 0 0 0 0 0 0 0 0 0 
776 184 0 0 0 0 0 0 0 0 0 0 0 0 0 0 
792 184 0 0 0 0 0 0 0 0 0 0 0 0 0 0 
808 184 0 0 0 0 0 0 0 0 0 0 0 0 0 0 
824 184 0 0 0 0 0 0 0 0 0 0 0 0 0 0 
840 184 0 0 0 0 0 0 0 0 0 0 0 0 0 0 
856 184 0 0 0 0 0 0 0 0 0 0 0 0 0 0 
872 184 0 0 0 0 0 0 0 0 0 0 0 0 0 0 
888 184 0 0 0 0 0 0 0 0 0 0 0 0 0 0 
904 184 0 0 0 0 0 0 0 0 0 0 0 0 0 0 
920 184 0 0 0 0 0 0 0 0 0 0 0 0 0 0 
936 184 0 0 0 0 0 0 0 0 0 0 0 0 0 0 
952 184 0 0 0 0 0 0 0 0 0 0 0 0 0 0 
968 184 0 0 0 0 0 0 0 0 0 0 0 0 0 0 
984 184 0 0 0 0 0 0 0 0 0 0 0 0 0 0 
1000 184 0 0 0 0 0 0 0 0 0 0 0 0 0 0 
1016 184 0 0 0 0 0 0 0 0 0 0 0 0 0 0 
1032 184 0 0 0 0 0 0 0 0 0 0 0 0 0 0 
1048 184 0 0 0 0 0 0 0 0 0 0 0 0 0 0 
1064 184 0 0 0 0 0 0 0 0 0 0 0 0 0 0 
1080 184 0 0 0 0 0 0 0 0 0 0 0 0 0 0 
1096 184 0 0 0 0 0 0 0 0 0 0 0 0 0 0 
1112 184 0 0 0 0 0 0 0 0 0 0 0 0 0 0 
1128 184 0 0 0 0 0 0 0 0 0 0 0 0 0 0 
1144 184 0 0 0 0 0 0 0 0 0 0 0 0 0 0 
1160 184 0 0 0 0 0 0 0 0 0 0 0 0 0 0 
1176 184 0 0 0 0 0 0 0 0 0 0 0 0 0 0 
1192 184 0 0 0 0 0 0 0 0 0 0 0 0 0 0 
1208 184 0 0 0 0 0 0 0 0 0 0 0 0 0 0 
1224 184 0 0 0 0 0 0 0 0 0 0 0 0 0 0 
1240 184 0 0 0 0 0 0 0 0 0 0 0 0 0 0 
1256 184 0 0 0 0 0 0 0 0 0 0 0 0 0 0 
1272 184 0 0 0 0 0 0 0 0 0 0 0 0 0 0 
1288 184 0 0 0 0 0 0 0 0 0 0 0 0 0 0 
1304 184 0 0 0 0 0 0 0 0 0 0 0 0 0 0 
1320 184 0 0 0 0 0 0 0 0 0 0 0 0 0 0 
1336 184 0 0 0 0 0 0 0 0 0 0 0 0 0 0 
1352 184 0 0 0 0 0 0 0 0 0 0 0 0 0 0 
1368 184 0 0 0 0 0 0 0 0 0 0 0 0 0 0 
1384 184 0 0 0 0 0 0 0 0 0 0 0 0 0 0 
1400 184 0 0 0 0 0 0 0 0 0 0 0 0 0 0 
1416 184 0 0 0 0 0 0 0 0 0 0 0 0 0 0 
1432 184 0 0 0 0 0 0 0 0 0 0 0 0 0 0 
1448 184 0 0 0 0 0 0 0 0 0 0 0 0 0 0 
1464 184 0 0 0 0 0 0 0 0 0 0 0 0 0 0 
1480 184 0 0 0 0 0 0 0 0 0 0 0 0 0 0 
1496 184 0 0 0 0 0 0 0 0 0 0 0 0 0 0 
1512 184 0 0 0 0 0 0 0 0 0 0 0 0 0 0 
1528 184 0 0 0 0 0 0 0 0 0 0 0 0 0 0 
1544 184 0 0 0 0 0 0 0 0 0 0 0 0 0 0 
1560 184 0 0 0 0 0 0 0 0 0 0 0 0 0 0 
1576 184 0 0 0 0 0 0 0 0 0 0 0 0 0 0 
1592 184 0 0 0 0 0 0 0 0 0 0 0 0 0 0 
1608 184 0 0 0 0 0 0 0 0 0 0 0 0 0 0 
1624 184 0 0 0 0 0 0 0 0 0 0 0 0 0 0 
1640 184 0 0 0 0 0 0 0 0 0 0 0 0 0 0 
1656 184 0 0 0 0 0 0 0 0 0 0 0 0 0 0 
1672 184 0 0 0 0 0 0 0 0 0 0 0 0 0 0 
1688 184 0 0 0 0 0 0 0 0 0 0 0 0 0 0 
1704 184 0 0 0 0 0 0 0 0 0 0 0 0 0 0 
1720 184 0 0 0 0 0 0 0 0 0 0 0 0 0 0 
1736 184 0 0 0 0 0 0 0 0 0 0 0 0 0 0 
1752 184 0 0 0 0 0 0 0 0 0 0 0 0 0 0 
1768 184 0 0 0 0 0 0 0 0 0 0 0 0 0 0 
1784 184 0 0 0 0 0 0 0 0 0 0 0 0 0 0 
1800 184 0 0 0 0 0 0 0 0 0 0 0 0 0 0 
1816 184 0 0 0 0 0 0 0 0 0 0 0 0 0 0 
1832 184 0 0 0 0 0 0 0 0 0 0 0 0 0 0 
1848 184 0 0 0 0 0 0 0 0 0 0 0 0 0 0 
1864 184 0 0 0 0 0 0 0 0 0 0 0 0 0 0 
1880 184 0 0 0 0 0 0 0 0 0 0 0 0 0 0 
1896 184 0 0 0 0 0 0 0 0 0 0 0 0 0 0 
1912 184 0 0 0 0 0 0 0 0 0 0 0 0 0 0 
1928 184 0 0 0 0 0 0 0 0 0 0 0 0 0 0 
1944 184 0 0 0 0 0 0 0 0 0 0 0 0 0 0 
1960 184 0 0 0 0 0 0 0 0 0 0 0 0 0 0 
1976 184 0 0 0 0 0 0 0 0 0 0 0 0 0 0 
1992 184 0 0 0 0 0 0 0 0 0 0 0 0 0 0 
2008 184 0 0 0 0 0 0 0 0 0 0 0 0 0 0 
2024 184 0 0 0 0 0 0 0 0 0 0 0 0 0 0 
2040 184 0 0 0 0 0 0 0 0 0 0 0 0 0 0 
2056 184 0 0 0 0 0 0 0 0 0 0 0 0 0 0 
2072 184 0 0 0 0 0 0 0 0 0 0 0 0 0 0 
2088 184 0 0 0 0 0 0 0 0 0 0 0 0 0 0 
2104 184 0 0 0 0 0 0 0 0 0 0 0 0 0 0 
2120 184 0 0 0 0 0 0 0 0 0 0 0 0 0 0 
2136 184 0 0 0 0 0 0 0 0 0 0 0 0 0 0 
2152 184 0 0 0 0 0 0 0 0 0 0 0 0 0 0 
2168 184 0 0 0 0 0 0 0 0 0 0 0 0 0 0 
2184 184 0 0 0 0 0 0 0 0 0 0 0 0 0 0 
2200 184 0 0 0 0 0 0 0 0 0 0 0 0 0 0 
2216 184 0 0 0 0 0 0 0 0 0 0 0 0 0 0 
2232 184 0 0 0 0 0 0 0 0 0 0 0 0 0 0 
2248 184 0 0 0 0 0 0 0 0 0 0 0 0 0 0 
2264 184 0 0 0 0 0 0 0 0 0 0 0 0 0 0 
2280 184 0 0 0 0 0 0 0 0 0 0 0 0 0 0 
2296 184 0 0 0 0 0 0 0 0 0 0 0 0 0 0 
2312 184 0 0 0 0 0 0 0 0 0 0 0 0 0 0 
2328 184 0 0 0 0 0 0 0 0 0 0 0 0 0 0 
2344 184 0 0 0 0 0 0 0 0 0 0 0 0 0 0 
2360 184 0 0 0 0 0 0 0 0 0 0 0 0 0 0 
2376 184 0 0 0 0 0 0 0 0 0 0 0 0 0 0 
2392 184 0 0 0 0 0 0 0 0 0 0 0 0 0 0 
2408 184 0 0 0 0 0 0 0 0 0 0 0 0 0 0 
2424 184 0 0 0 0 0 0 0 0 0 0 0 0 0 0 
2440 184 0 0 0 0 0 0 0 0 0 0 0 0 0 0 
2456 184 0 0 0 0 0 0 0 0 0 0 0 0 0 0 
2472 184 0 0 0 0 0 0 0 0 0 0 0 0 0 0 
2488 184 0 0 0 0 0 0 0 0 0 0 0 0 0 0 
2504 184 0 0 0 0 0 0 0 0 0 0 0 0 0 0 
2520 184 0 0 0 0 0 0 0 0 0 0 0 0 0 0 
2536 184 0 0 0 0 0 0 0 0 0 0 0 0 0 0 
24 200 0 0 0 0 0 0 0 0 0 0 0 0 0 0 
40 200 0 0 0 0 0 0 0 0 0 0 0 0 0 0 
56 200 0 0 0 0 0 0 0 0 0 0 0 0 0 0 
72 200 0 0 0 0 0 0 0 0 0 0 0 0 0 0 
88 200 0 0 0 0 0 0 0 0 0 0 0 0 0 0 
104 200 0 0 0 0 0 0 0 0 0 0 0 0 0 0 
120 200 0 0 0 0 0 0 0 0 0 0 0 0 0 0 
136 200 0 0 0 0 0 0 0 0 0 0 0 0 0 0 
152 200 0 0 0 0 0 0 0 0 0 0 0 0 0 0 
168 200 0 0 0 0 0 0 0 0 0 0 0 0 0 0 
184 200 0 0 0 0 0 0 0 0 0 0 0 0 0 0 
200 200 0 0 0 0 0 0 0 0 0 0 0 0 0 0 
216 200 0 0 0 0 0 0 0 0 0 0 0 0 0 0 
232 200 0 0 0 0 0 0 0 0 0 0 0 0 0 0 
248 200 0 0 0 0 0 0 0 0 0 0 0 0 0 0 
264 200 0 0 0 0 0 0 0 0 0 0 0 0 0 0 
280 200 0 0 0 0 0 0 0 0 0 0 0 0 0 0 
296 200 0 0 0 0 0 0 0 0 0 0 0 0 0 0 
312 200 0 0 0 0 0 0 0 0 0 0 0 0 0 0 
328 200 0 0 0 0 0 0 0 0 0 0 0 0 0 0 
344 200 0 0 0 0 0 0 0 0 0 0 0 0 0 0 
360 200 0 0 0 0 0 0 0 0 0 0 0 0 0 0 
376 200 0 0 0 0 0 0 0 0 0 0 0 0 0 0 
392 200 0 0 0 0 0 0 0 0 0 0 0 0 0 0 
408 200 0 0 0 0 0 0 0 0 0 0 0 0 0 0 
424 200 0 0 0 0 0 0 0 0 0 0 0 0 0 0 
440 200 0 0 0 0 0 0 0 0 0 0 0 0 0 0 
456 200 0 0 0 0 0 0 0 0 0 0 0 0 0 0 
472 200 0 0 0 0 0 0 0 0 0 0 0 0 0 0 
488 200 0 0 0 0 0 0 0 0 0 0 0 0 0 0 
504 200 0 0 0 0 0 0 0 0 0 0 0 0 0 0 
520 200 0 0 0 0 0 0 0 0 0 0 0 0 0 0 
536 200 0 0 0 0 0 0 0 0 0 0 0 0 0 0 
552 200 0 0 0 0 0 0 0 0 0 0 0 0 0 0 
568 200 0 0 0 0 0 0 0 0 0 0 0 0 0 0 
584 200 0 0 0 0 0 0 0 0 0 0 0 0 0 0 
600 200 0 0 0 0 0 0 0 0 0 0 0 0 0 0 
616 200 0 0 0 0 0 0 0 0 0 0 0 0 0 0 
632 200 0 0 0 0 0 0 0 0 0 0 0 0 0 0 
648 200 0 0 0 0 0 0 0 0 0 0 0 0 0 0 
664 200 0 0 0 0 0 0 0 0 0 0 0 0 0 0 
680 200 0 0 0 0 0 0 0 0 0 0 0 0 0 0 
696 200 0 0 0 0 0 0 0 0 0 0 0 0 0 0 
712 200 0 0 0 0 0 0 0 0 0 0 0 0 0 0 
728 200 0 0 0 0 0 0 0 0 0 0 0 0 0 0 
744 200 0 0 0 0 0 0 0 0 0 0 0 0 0 0 
760 200 0 0 0 0 0 0 0 0 0 0 0 0 0 0 
776 200 0 0 0 0 0 0 0 0 0 0 0 0 0 0 
792 200 0 0 0 0 0 0 0 0 0 0 0 0 0 0 
808 200 0 0 0 0 0 0 0 0 0 0 0 0 0 0 
824 200 0 0 0 0 0 0 0 0 0 0 0 0 0 0 
840 200 0 0 0 0 0 0 0 0 0 0 0 0 0 0 
856 200 0 0 0 0 0 0 0 0 0 0 0 0 0 0 
872 200 0 0 0 0 0 0 0 0 0 0 0 0 0 0 
888 200 0 0 0 0 0 0 0 0 0 0 0 0 0 0 
904 200 0 0 0 0 0 0 0 0 0 0 0 0 0 0 
920 200 0 0 0 0 0 0 0 0 0 0 0 0 0 0 
936 200 0 0 0 0 0 0 0 0 0 0 0 0 0 0 
952 200 0 0 0 0 0 0 0 0 0 0 0 0 0 0 
968 200 0 0 0 0 0 0 0 0 0 0 0 0 0 0 
984 200 0 0 0 0 0 0 0 0 0 0 0 0 0 0 
1000 200 0 0 0 0 0 0 0 0 0 0 0 0 0 0 
1016 200 0 0 0 0 0 0 0 0 0 0 0 0 0 0 
1032 200 0 0 0 0 0 0 0 0 0 0 0 0 0 0 
1048 200 0 0 0 0 0 0 0 0 0 0 0 0 0 0 
1064 200 0 0 0 0 0 0 0 0 0 0 0 0 0 0 
1080 200 0 0 0 0 0 0 0 0 0 0 0 0 0 0 
1096 200 0 0 0 0 0 0 0 0 0 0 0 0 0 0 
1112 200 0 0 0 0 0 0 0 0 0 0 0 0 0 0 
1128 200 0 0 0 0 0 0 0 0 0 0 0 0 0 0 
1144 200 0 0 0 0 0 0 0 0 0 0 0 0 0 0 
1160 200 0 0 0 0 0 0 0 0 0 0 0 0 0 0 
1176 200 0 0 0 0 0 0 0 0 0 0 0 0 0 0 
1192 200 0 0 0 0 0 0 0 0 0 0 0 0 0 0 
1208 200 0 0 0 0 0 0 0 0 0 0 0 0 0 0 
1224 200 0 0 0 0 0 0 0 0 0 0 0 0 0 0 
1240 200 0 0 0 0 0 0 0 0 0 0 0 0 0 0 
1256 200 0 0 0 0 0 0 0 0 0 0 0 0 0 0 
1272 200 0 0 0 0 0 0 0 0 0 0 0 0 0 0 
1288 200 0 0 0 0 0 0 0 0 0 0 0 0 0 0 
1304 200 0 0 0 0 0 0 0 0 0 0 0 0 0 0 
1320 200 0 0 0 0 0 0 0 0 0 0 0 0 0 0 
1336 200 0 0 0 0 0 0 0 0 0 0 0 0 0 0 
1352 200 0 0 0 0 0 0 0 0 0 0 0 0 0 0 
1368 200 0 0 0 0 0 0 0 0 0 0 0 0 0 0 
1384 200 0 0 0 0 0 0 0 0 0 0 0 0 0 0 
1400 200 0 0 0 0 0 0 0 0 0 0 0 0 0 0 
1416 200 0 0 0 0 0 0 0 0 0 0 0 0 0 0 
1432 200 0 0 0 0 0 0 0 0 0 0 0 0 0 0 
1448 200 0 0 0 0 0 0 0 0 0 0 0 0 0 0 
1464 200 0 0 0 0 0 0 0 0 0 0 0 0 0 0 
1480 200 0 0 0 0 0 0 0 0 0 0 0 0 0 0 
1496 200 0 0 0 0 0 0 0 0 0 0 0 0 0 0 
1512 200 0 0 0 0 0 0 0 0 0 0 0 0 0 0 
1528 200 0 0 0 0 0 0 0 0 0 0 0 0 0 0 
1544 200 0 0 0 0 0 0 0 0 0 0 0 0 0 0 
1560 200 0 0 0 0 0 0 0 0 0 0 0 0 0 0 
1576 200 0 0 0 0 0 0 0 0 0 0 0 0 0 0 
1592 200 0 0 0 0 0 0 0 0 0 0 0 0 0 0 
1608 200 0 0 0 0 0 0 0 0 0 0 0 0 0 0 
1624 200 0 0 0 0 0 0 0 0 0 0 0 0 0 0 
1640 200 0 0 0 0 0 0 0 0 0 0 0 0 0 0 
1656 200 0 0 0 0 0 0 0 0 0 0 0 0 0 0 
1672 200 0 0 0 0 0 0 0 0 0 0 0 0 0 0 
1688 200 0 0 0 0 0 0 0 0 0 0 0 0 0 0 
1704 200 0 0 0 0 0 0 0 0 0 0 0 0 0 0 
1720 200 0 0 0 0 0 0 0 0 0 0 0 0 0 0 
1736 200 0 0 0 0 0 0 0 0 0 0 0 0 0 0 
1752 200 0 0 0 0 0 0 0 0 0 0 0 0 0 0 
1768 200 0 0 0 0 0 0 0 0 0 0 0 0 0 0 
1784 200 0 0 0 0 0 0 0 0 0 0 0 0 0 0 
1800 200 0 0 0 0 0 0 0 0 0 0 0 0 0 0 
1816 200 0 0 0 0 0 0 0 0 0 0 0 0 0 0 
1832 200 0 0 0 0 0 0 0 0 0 0 0 0 0 0 
1848 200 0 0 0 0 0 0 0 0 0 0 0 0 0 0 
1864 200 0 0 0 0 0 0 0 0 0 0 0 0 0 0 
1880 200 0 0 0 0 0 0 0 0 0 0 0 0 0 0 
1896 200 0 0 0 0 0 0 0 0 0 0 0 0 0 0 
1912 200 0 0 0 0 0 0 0 0 0 0 0 0 0 0 
1928 200 0 0 0 0 0 0 0 0 0 0 0 0 0 0 
1944 200 0 0 0 0 0 0 0 0 0 0 0 0 0 0 
1960 200 0 0 0 0 0 0 0 0 0 0 0 0 0 0 
1976 200 0 0 0 0 0 0 0 0 0 0 0 0 0 0 
1992 200 0 0 0 0 0 0 0 0 0 0 0 0 0 0 
2008 200 0 0 0 0 0 0 0 0 0 0 0 0 0 0 
2024 200 0 0 0 0 0 0 0 0 0 0 0 0 0 0 
2040 200 0 0 0 0 0 0 0 0 0 0 0 0 0 0 
2056 200 0 0 0 0 0 0 0 0 0 0 0 0 0 0 
2072 200 0 0 0 0 0 0 0 0 0 0 0 0 0 0 
2088 200 0 0 0 0 0 0 0 0 0 0 0 0 0 0 
2104 200 0 0 0 0 0 0 0 0 0 0 0 0 0 0 
2120 200 0 0 0 0 0 0 0 0 0 0 0 0 0 0 
2136 200 0 0 0 0 0 0 0 0 0 0 0 0 0 0 
2152 200 0 0 0 0 0 0 0 0 0 0 0 0 0 0 
2168 200 0 0 0 0 0 0 0 0 0 0 0 0 0 0 
2184 200 0 0 0 0 0 0 0 0 0 0 0 0 0 0 
2200 200 0 0 0 0 0 0 0 0 0 0 0 0 0 0 
2216 200 0 0 0 0 0 0 0 0 0 0 0 0 0 0 
2232 200 0 0 0 0 0 0 0 0 0 0 0 0 0 0 
2248 200 0 0 0 0 0 0 0 0 0 0 0 0 0 0 
2264 200 0 0 0 0 0 0 0 0 0 0 0 0 0 0 
2280 200 0 0 0 0 0 0 0 0 0 0 0 0 0 0 
2296 200 0 0 0 0 0 0 0 0 0 0 0 0 0 0 
2312 200 0 0 0 0 0 0 0 0 0 0 0 0 0 0 
2328 200 0 0 0 0 0 0 0 0 0 0 0 0 0 0 
2344 200 0 0 0 0 0 0 0 0 0 0 0 0 0 0 
2360 200 0 0 0 0 0 0 0 0 0 0 0 0 0 0 
2376 200 0 0 0 0 0 0 0 0 0 0 0 0 0 0 
2392 200 0 0 0 0 0 0 0 0 0 0 0 0 0 0 
2408 200 0 0 0 0 0 0 0 0 0 0 0 0 0 0 
2424 200 0 0 0 0 0 0 0 0 0 0 0 0 0 0 
2440 200 0 0 0 0 0 0 0 0 0 0 0 0 0 0 
2456 200 0 0 0 0 0 0 0 0 0 0 0 0 0 0 
2472 200 0 0 0 0 0 0 0 0 0 0 0 0 0 0 
2488 200 0 0 0 0 0 0 0 0 0 0 0 0 0 0 
2504 200 0 0 0 0 0 0 0 0 0 0 0 0 0 0 
2520 200 0 0 0 0 0 0 0 0 0 0 0 0 0 0 
2536 200 0 0 0 0 0 0 0 0 0 0 0 0 0 0 
24 216 0 0 0 0 0 0 0 0 0 0 0 0 0 0 
40 216 0 0 0 0 0 0 0 0 0 0 0 0 0 0 
56 216 0 0 0 0 0 0 0 0 0 0 0 0 0 0 
72 216 0 0 0 0 0 0 0 0 0 0 0 0 0 0 
88 216 0 0 0 0 0 0 0 0 0 0 0 0 0 0 
104 216 0 0 0 0 0 0 0 0 0 0 0 0 0 0 
120 216 0 0 0 0 0 0 0 0 0 0 0 0 0 0 
136 216 0 0 0 0 0 0 0 0 0 0 0 0 0 0 
152 216 0 0 0 0 0 0 0 0 0 0 0 0 0 0 
168 216 0 0 0 0 0 0 0 0 0 0 0 0 0 0 
184 216 0 0 0 0 0 0 0 0 0 0 0 0 0 0 
200 216 0 0 0 0 0 0 0 0 0 0 0 0 0 0 
216 216 0 0 0 0 0 0 0 0 0 0 0 0 0 0 
232 216 0 0 0 0 0 0 0 0 0 0 0 0 0 0 
248 216 0 0 0 0 0 0 0 0 0 0 0 0 0 0 
264 216 0 0 0 0 0 0 0 0 0 0 0 0 0 0 
280 216 0 0 0 0 0 0 0 0 0 0 0 0 0 0 
296 216 0 0 0 0 0 0 0 0 0 0 0 0 0 0 
312 216 0 0 0 0 0 0 0 0 0 0 0 0 0 0 
328 216 0 0 0 0 0 0 0 0 0 0 0 0 0 0 
344 216 0 0 0 0 0 0 0 0 0 0 0 0 0 0 
360 216 0 0 0 0 0 0 0 0 0 0 0 0 0 0 
376 216 0 0 0 0 0 0 0 0 0 0 0 0 0 0 
392 216 0 0 0 0 0 0 0 0 0 0 0 0 0 0 
408 216 0 0 0 0 0 0 0 0 0 0 0 0 0 0 
424 216 0 0 0 0 0 0 0 0 0 0 0 0 0 0 
440 216 0 0 0 0 0 0 0 0 0 0 0 0 0 0 
456 216 0 0 0 0 0 0 0 0 0 0 0 0 0 0 
472 216 0 0 0 0 0 0 0 0 0 0 0 0 0 0 
488 216 0 0 0 0 0 0 0 0 0 0 0 0 0 0 
504 216 0 0 0 0 0 0 0 0 0 0 0 0 0 0 
520 216 0 0 0 0 0 0 0 0 0 0 0 0 0 0 
536 216 0 0 0 0 0 0 0 0 0 0 0 0 0 0 
552 216 0 0 0 0 0 0 0 0 0 0 0 0 0 0 
568 216 0 0 0 0 0 0 0 0 0 0 0 0 0 0 
584 216 0 0 0 0 0 0 0 0 0 0 0 0 0 0 
600 216 0 0 0 0 0 0 0 0 0 0 0 0 0 0 
616 216 0 0 0 0 0 0 0 0 0 0 0 0 0 0 
632 216 0 0 0 0 0 0 0 0 0 0 0 0 0 0 
648 216 0 0 0 0 0 0 0 0 0 0 0 0 0 0 
664 216 0 0 0 0 0 0 0 0 0 0 0 0 0 0 
680 216 0 0 0 0 0 0 0 0 0 0 0 0 0 0 
696 216 0 0 0 0 0 0 0 0 0 0 0 0 0 0 
712 216 0 0 0 0 0 0 0 0 0 0 0 0 0 0 
728 216 0 0 0 0 0 0 0 0 0 0 0 0 0 0 
744 216 0 0 0 0 0 0 0 0 0 0 0 0 0 0 
760 216 0 0 0 0 0 0 0 0 0 0 0 0 0 0 
776 216 0 0 0 0 0 0 0 0 0 0 0 0 0 0 
792 216 0 0 0 0 0 0 0 0 0 0 0 0 0 0 
808 216 0 0 0 0 0 0 0 0 0 0 0 0 0 0 
824 216 0 0 0 0 0 0 0 0 0 0 0 0 0 0 
840 216 0 0 0 0 0 0 0 0 0 0 0 0 0 0 
856 216 0 0 0 0 0 0 0 0 0 0 0 0 0 0 
872 216 0 0 0 0 0 0 0 0 0 0 0 0 0 0 
888 216 0 0 0 0 0 0 0 0 0 0 0 0 0 0 
904 216 0 0 0 0 0 0 0 0 0 0 0 0 0 0 
920 216 0 0 0 0 0 0 0 0 0 0 0 0 0 0 
936 216 0 0 0 0 0 0 0 0 0 0 0 0 0 0 
952 216 0 0 0 0 0 0 0 0 0 0 0 0 0 0 
968 216 0 0 0 0 0 0 0 0 0 0 0 0 0 0 
984 216 0 0 0 0 0 0 0 0 0 0 0 0 0 0 
1000 216 0 0 0 0 0 0 0 0 0 0 0 0 0 0 
1016 216 0 0 0 0 0 0 0 0 0 0 0 0 0 0 
1032 216 0 0 0 0 0 0 0 0 0 0 0 0 0 0 
1048 216 0 0 0 0 0 0 0 0 0 0 0 0 0 0 
1064 216 0 0 0 0 0 0 0 0 0 0 0 0 0 0 
1080 216 0 0 0 0 0 0 0 0 0 0 0 0 0 0 
1096 216 0 0 0 0 0 0 0 0 0 0 0 0 0 0 
1112 216 0 0 0 0 0 0 0 0 0 0 0 0 0 0 
1128 216 0 0 0 0 0 0 0 0 0 0 0 0 0 0 
1144 216 0 0 0 0 0 0 0 0 0 0 0 0 0 0 
1160 216 0 0 0 0 0 0 0 0 0 0 0 0 0 0 
1176 216 0 0 0 0 0 0 0 0 0 0 0 0 0 0 
1192 216 0 0 0 0 0 0 0 0 0 0 0 0 0 0 
1208 216 0 0 0 0 0 0 0 0 0 0 0 0 0 0 
1224 216 0 0 0 0 0 0 0 0 0 0 0 0 0 0 
1240 216 0 0 0 0 0 0 0 0 0 0 0 0 0 0 
1256 216 0 0 0 0 0 0 0 0 0 0 0 0 0 0 
1272 216 0 0 0 0 0 0 0 0 0 0 0 0 0 0 
1288 216 0 0 0 0 0 0 0 0 0 0 0 0 0 0 
1304 216 0 0 0 0 0 0 0 0 0 0 0 0 0 0 
1320 216 0 0 0 0 0 0 0 0 0 0 0 0 0 0 
1336 216 0 0 0 0 0 0 0 0 0 0 0 0 0 0 
1352 216 0 0 0 0 0 0 0 0 0 0 0 0 0 0 
1368 216 0 0 0 0 0 0 0 0 0 0 0 0 0 0 
1384 216 0 0 0 0 0 0 0 0 0 0 0 0 0 0 
1400 216 0 0 0 0 0 0 0 0 0 0 0 0 0 0 
1416 216 0 0 0 0 0 0 0 0 0 0 0 0 0 0 
1432 216 0 0 0 0 0 0 0 0 0 0 0 0 0 0 
1448 216 0 0 0 0 0 0 0 0 0 0 0 0 0 0 
1464 216 0 0 0 0 0 0 0 0 0 0 0 0 0 0 
1480 216 0 0 0 0 0 0 0 0 0 0 0 0 0 0 
1496 216 0 0 0 0 0 0 0 0 0 0 0 0 0 0 
1512 216 0 0 0 0 0 0 0 0 0 0 0 0 0 0 
1528 216 0 0 0 0 0 0 0 0 0 0 0 0 0 0 
1544 216 0 0 0 0 0 0 0 0 0 0 0 0 0 0 
1560 216 0 0 0 0 0 0 0 0 0 0 0 0 0 0 
1576 216 0 0 0 0 0 0 0 0 0 0 0 0 0 0 
1592 216 0 0 0 0 0 0 0 0 0 0 0 0 0 0 
1608 216 0 0 0 0 0 0 0 0 0 0 0 0 0 0 
1624 216 0 0 0 0 0 0 0 0 0 0 0 0 0 0 
1640 216 0 0 0 0 0 0 0 0 0 0 0 0 0 0 
1656 216 0 0 0 0 0 0 0 0 0 0 0 0 0 0 
1672 216 0 0 0 0 0 0 0 0 0 0 0 0 0 0 
1688 216 0 0 0 0 0 0 0 0 0 0 0 0 0 0 
1704 216 0 0 0 0 0 0 0 0 0 0 0 0 0 0 
1720 216 0 0 0 0 0 0 0 0 0 0 0 0 0 0 
1736 216 0 0 0 0 0 0 0 0 0 0 0 0 0 0 
1752 216 0 0 0 0 0 0 0 0 0 0 0 0 0 0 
1768 216 0 0 0 0 0 0 0 0 0 0 0 0 0 0 
1784 216 0 0 0 0 0 0 0 0 0 0 0 0 0 0 
1800 216 0 0 0 0 0 0 0 0 0 0 0 0 0 0 
1816 216 0 0 0 0 0 0 0 0 0 0 0 0 0 0 
1832 216 0 0 0 0 0 0 0 0 0 0 0 0 0 0 
1848 216 0 0 0 0 0 0 0 0 0 0 0 0 0 0 
1864 216 0 0 0 0 0 0 0 0 0 0 0 0 0 0 
1880 216 0 0 0 0 0 0 0 0 0 0 0 0 0 0 
1896 216 0 0 0 0 0 0 0 0 0 0 0 0 0 0 
1912 216 0 0 0 0 0 0 0 0 0 0 0 0 0 0 
1928 216 0 0 0 0 0 0 0 0 0 0 0 0 0 0 
1944 216 0 0 0 0 0 0 0 0 0 0 0 0 0 0 
1960 216 0 0 0 0 0 0 0 0 0 0 0 0 0 0 
1976 216 0 0 0 0 0 0 0 0 0 0 0 0 0 0 
1992 216 0 0 0 0 0 0 0 0 0 0 0 0 0 0 
2008 216 0 0 0 0 0 0 0 0 0 0 0 0 0 0 
2024 216 0 0 0 0 0 0 0 0 0 0 0 0 0 0 
2040 216 0 0 0 0 0 0 0 0 0 0 0 0 0 0 
2056 216 0 0 0 0 0 0 0 0 0 0 0 0 0 0 
2072 216 0 0 0 0 0 0 0 0 0 0 0 0 0 0 
2088 216 0 0 0 0 0 0 0 0 0 0 0 0 0 0 
2104 216 0 0 0 0 0 0 0 0 0 0 0 0 0 0 
2120 216 0 0 0 0 0 0 0 0 0 0 0 0 0 0 
2136 216 0 0 0 0 0 0 0 0 0 0 0 0 0 0 
2152 216 0 0 0 0 0 0 0 0 0 0 0 0 0 0 
2168 216 0 0 0 0 0 0 0 0 0 0 0 0 0 0 
2184 216 0 0 0 0 0 0 0 0 0 0 0 0 0 0 
2200 216 0 0 0 0 0 0 0 0 0 0 0 0 0 0 
2216 216 0 0 0 0 0 0 0 0 0 0 0 0 0 0 
2232 216 0 0 0 0 0 0 0 0 0 0 0 0 0 0 
2248 216 0 0 0 0 0 0 0 0 0 0 0 0 0 0 
2264 216 0 0 0 0 0 0 0 0 0 0 0 0 0 0 
2280 216 0 0 0 0 0 0 0 0 0 0 0 0 0 0 
2296 216 0 0 0 0 0 0 0 0 0 0 0 0 0 0 
2312 216 0 0 0 0 0 0 0 0 0 0 0 0 0 0 
2328 216 0 0 0 0 0 0 0 0 0 0 0 0 0 0 
2344 216 0 0 0 0 0 0 0 0 0 0 0 0 0 0 
2360 216 0 0 0 0 0 0 0 0 0 0 0 0 0 0 
2376 216 0 0 0 0 0 0 0 0 0 0 0 0 0 0 
2392 216 0 0 0 0 0 0 0 0 0 0 0 0 0 0 
2408 216 0 0 0 0 0 0 0 0 0 0 0 0 0 0 
2424 216 0 0 0 0 0 0 0 0 0 0 0 0 0 0 
2440 216 0 0 0 0 0 0 0 0 0 0 0 0 0 0 
2456 216 0 0 0 0 0 0 0 0 0 0 0 0 0 0 
2472 216 0 0 0 0 0 0 0 0 0 0 0 0 0 0 
2488 216 0 0 0 0 0 0 0 0 0 0 0 0 0 0 
2504 216 0 0 0 0 0 0 0 0 0 0 0 0 0 0 
2520 216 0 0 0 0 0 0 0 0 0 0 0 0 0 0 
2536 216 0 0 0 0 0 0 0 0 0 0 0 0 0 0 
24 232 0 0 0 0 0 0 0 0 0 0 0 0 0 0 
40 232 0 0 0 0 0 0 0 0 0 0 0 0 0 0 
56 232 0 0 0 0 0 0 0 0 0 0 0 0 0 0 
72 232 0 0 0 0 0 0 0 0 0 0 0 0 0 0 
88 232 0 0 0 0 0 0 0 0 0 0 0 0 0 0 
104 232 0 0 0 0 0 0 0 0 0 0 0 0 0 0 
120 232 0 0 0 0 0 0 0 0 0 0 0 0 0 0 
136 232 0 0 0 0 0 0 0 0 0 0 0 0 0 0 
152 232 0 0 0 0 0 0 0 0 0 0 0 0 0 0 
168 232 0 0 0 0 0 0 0 0 0 0 0 0 0 0 
184 232 0 0 0 0 0 0 0 0 0 0 0 0 0 0 
200 232 0 0 0 0 0 0 0 0 0 0 0 0 0 0 
216 232 0 0 0 0 0 0 0 0 0 0 0 0 0 0 
232 232 0 0 0 0 0 0 0 0 0 0 0 0 0 0 
248 232 0 0 0 0 0 0 0 0 0 0 0 0 0 0 
264 232 0 0 0 0 0 0 0 0 0 0 0 0 0 0 
280 232 0 0 0 0 0 0 0 0 0 0 0 0 0 0 
296 232 0 0 0 0 0 0 0 0 0 0 0 0 0 0 
312 232 0 0 0 0 0 0 0 0 0 0 0 0 0 0 
328 232 0 0 0 0 0 0 0 0 0 0 0 0 0 0 
344 232 0 0 0 0 0 0 0 0 0 0 0 0 0 0 
360 232 0 0 0 0 0 0 0 0 0 0 0 0 0 0 
376 232 0 0 0 0 0 0 0 0 0 0 0 0 0 0 
392 232 0 0 0 0 0 0 0 0 0 0 0 0 0 0 
408 232 0 0 0 0 0 0 0 0 0 0 0 0 0 0 
424 232 0 0 0 0 0 0 0 0 0 0 0 0 0 0 
440 232 0 0 0 0 0 0 0 0 0 0 0 0 0 0 
456 232 0 0 0 0 0 0 0 0 0 0 0 0 0 0 
472 232 0 0 0 0 0 0 0 0 0 0 0 0 0 0 
488 232 0 0 0 0 0 0 0 0 0 0 0 0 0 0 
504 232 0 0 0 0 0 0 0 0 0 0 0 0 0 0 
520 232 0 0 0 0 0 0 0 0 0 0 0 0 0 0 
536 232 0 0 0 0 0 0 0 0 0 0 0 0 0 0 
552 232 0 0 0 0 0 0 0 0 0 0 0 0 0 0 
568 232 0 0 0 0 0 0 0 0 0 0 0 0 0 0 
584 232 0 0 0 0 0 0 0 0 0 0 0 0 0 0 
600 232 0 0 0 0 0 0 0 0 0 0 0 0 0 0 
616 232 0 0 0 0 0 0 0 0 0 0 0 0 0 0 
632 232 0 0 0 0 0 0 0 0 0 0 0 0 0 0 
648 232 0 0 0 0 0 0 0 0 0 0 0 0 0 0 
664 232 0 0 0 0 0 0 0 0 0 0 0 0 0 0 
680 232 0 0 0 0 0 0 0 0 0 0 0 0 0 0 
696 232 0 0 0 0 0 0 0 0 0 0 0 0 0 0 
712 232 0 0 0 0 0 0 0 0 0 0 0 0 0 0 
728 232 0 0 0 0 0 0 0 0 0 0 0 0 0 0 
744 232 0 0 0 0 0 0 0 0 0 0 0 0 0 0 
760 232 0 0 0 0 0 0 0 0 0 0 0 0 0 0 
776 232 0 0 0 0 0 0 0 0 0 0 0 0 0 0 
792 232 0 0 0 0 0 0 0 0 0 0 0 0 0 0 
808 232 0 0 0 0 0 0 0 0 0 0 0 0 0 0 
824 232 0 0 0 0 0 0 0 0 0 0 0 0 0 0 
840 232 0 0 0 0 0 0 0 0 0 0 0 0 0 0 
856 232 0 0 0 0 0 0 0 0 0 0 0 0 0 0 
872 232 0 0 0 0 0 0 0 0 0 0 0 0 0 0 
888 232 0 0 0 0 0 0 0 0 0 0 0 0 0 0 
904 232 0 0 0 0 0 0 0 0 0 0 0 0 0 0 
920 232 0 0 0 0 0 0 0 0 0 0 0 0 0 0 
936 232 0 0 0 0 0 0 0 0 0 0 0 0 0 0 
952 232 0 0 0 0 0 0 0 0 0 0 0 0 0 0 
968 232 0 0 0 0 0 0 0 0 0 0 0 0 0 0 
984 232 0 0 0 0 0 0 0 0 0 0 0 0 0 0 
1000 232 0 0 0 0 0 0 0 0 0 0 0 0 0 0 
1016 232 0 0 0 0 0 0 0 0 0 0 0 0 0 0 
1032 232 0 0 0 0 0 0 0 0 0 0 0 0 0 0 
1048 232 0 0 0 0 0 0 0 0 0 0 0 0 0 0 
1064 232 0 0 0 0 0 0 0 0 0 0 0 0 0 0 
1080 232 0 0 0 0 0 0 0 0 0 0 0 0 0 0 
1096 232 0 0 0 0 0 0 0 0 0 0 0 0 0 0 
1112 232 0 0 0 0 0 0 0 0 0 0 0 0 0 0 
1128 232 0 0 0 0 0 0 0 0 0 0 0 0 0 0 
1144 232 0 0 0 0 0 0 0 0 0 0 0 0 0 0 
1160 232 0 0 0 0 0 0 0 0 0 0 0 0 0 0 
1176 232 0 0 0 0 0 0 0 0 0 0 0 0 0 0 
1192 232 0 0 0 0 0 0 0 0 0 0 0 0 0 0 
1208 232 0 0 0 0 0 0 0 0 0 0 0 0 0 0 
1224 232 0 0 0 0 0 0 0 0 0 0 0 0 0 0 
1240 232 0 0 0 0 0 0 0 0 0 0 0 0 0 0 
1256 232 0 0 0 0 0 0 0 0 0 0 0 0 0 0 
1272 232 0 0 0 0 0 0 0 0 0 0 0 0 0 0 
1288 232 0 0 0 0 0 0 0 0 0 0 0 0 0 0 
1304 232 0 0 0 0 0 0 0 0 0 0 0 0 0 0 
1320 232 0 0 0 0 0 0 0 0 0 0 0 0 0 0 
1336 232 0 0 0 0 0 0 0 0 0 0 0 0 0 0 
1352 232 0 0 0 0 0 0 0 0 0 0 0 0 0 0 
1368 232 0 0 0 0 0 0 0 0 0 0 0 0 0 0 
1384 232 0 0 0 0 0 0 0 0 0 0 0 0 0 0 
1400 232 0 0 0 0 0 0 0 0 0 0 0 0 0 0 
1416 232 0 0 0 0 0 0 0 0 0 0 0 0 0 0 
1432 232 0 0 0 0 0 0 0 0 0 0 0 0 0 0 
1448 232 0 0 0 0 0 0 0 0 0 0 0 0 0 0 
1464 232 0 0 0 0 0 0 0 0 0 0 0 0 0 0 
1480 232 0 0 0 0 0 0 0 0 0 0 0 0 0 0 
1496 232 0 0 0 0 0 0 0 0 0 0 0 0 0 0 
1512 232 0 0 0 0 0 0 0 0 0 0 0 0 0 0 
1528 232 0 0 0 0 0 0 0 0 0 0 0 0 0 0 
1544 232 0 0 0 0 0 0 0 0 0 0 0 0 0 0 
1560 232 0 0 0 0 0 0 0 0 0 0 0 0 0 0 
1576 232 0 0 0 0 0 0 0 0 0 0 0 0 0 0 
1592 232 0 0 0 0 0 0 0 0 0 0 0 0 0 0 
1608 232 0 0 0 0 0 0 0 0 0 0 0 0 0 0 
1624 232 0 0 0 0 0 0 0 0 0 0 0 0 0 0 
1640 232 0 0 0 0 0 0 0 0 0 0 0 0 0 0 
1656 232 0 0 0 0 0 0 0 0 0 0 0 0 0 0 
1672 232 0 0 0 0 0 0 0 0 0 0 0 0 0 0 
1688 232 0 0 0 0 0 0 0 0 0 0 0 0 0 0 
1704 232 0 0 0 0 0 0 0 0 0 0 0 0 0 0 
1720 232 0 0 0 0 0 0 0 0 0 0 0 0 0 0 
1736 232 0 0 0 0 0 0 0 0 0 0 0 0 0 0 
1752 232 0 0 0 0 0 0 0 0 0 0 0 0 0 0 
1768 232 0 0 0 0 0 0 0 0 0 0 0 0 0 0 
1784 232 0 0 0 0 0 0 0 0 0 0 0 0 0 0 
1800 232 0 0 0 0 0 0 0 0 0 0 0 0 0 0 
1816 232 0 0 0 0 0 0 0 0 0 0 0 0 0 0 
1832 232 0 0 0 0 0 0 0 0 0 0 0 0 0 0 
1848 232 0 0 0 0 0 0 0 0 0 0 0 0 0 0 
1864 232 0 0 0 0 0 0 0 0 0 0 0 0 0 0 
1880 232 0 0 0 0 0 0 0 0 0 0 0 0 0 0 
1896 232 0 0 0 0 0 0 0 0 0 0 0 0 0 0 
1912 232 0 0 0 0 0 0 0 0 0 0 0 0 0 0 
1928 232 0 0 0 0 0 0 0 0 0 0 0 0 0 0 
1944 232 0 0 0 0 0 0 0 0 0 0 0 0 0 0 
1960 232 0 0 0 0 0 0 0 0 0 0 0 0 0 0 
1976 232 0 0 0 0 0 0 0 0 0 0 0 0 0 0 
1992 232 0 0 0 0 0 0 0 0 0 0 0 0 0 0 
2008 232 0 0 0 0 0 0 0 0 0 0 0 0 0 0 
2024 232 0 0 0 0 0 0 0 0 0 0 0 0 0 0 
2040 232 0 0 0 0 0 0 0 0 0 0 0 0 0 0 
2056 232 0 0 0 0 0 0 0 0 0 0 0 0 0 0 
2072 232 0 0 0 0 0 0 0 0 0 0 0 0 0 0 
2088 232 0 0 0 0 0 0 0 0 0 0 0 0 0 0 
2104 232 0 0 0 0 0 0 0 0 0 0 0 0 0 0 
2120 232 0 0 0 0 0 0 0 0 0 0 0 0 0 0 
2136 232 0 0 0 0 0 0 0 0 0 0 0 0 0 0 
2152 232 0 0 0 0 0 0 0 0 0 0 0 0 0 0 
2168 232 0 0 0 0 0 0 0 0 0 0 0 0 0 0 
2184 232 0 0 0 0 0 0 0 0 0 0 0 0 0 0 
2200 232 0 0 0 0 0 0 0 0 0 0 0 0 0 0 
2216 232 0 0 0 0 0 0 0 0 0 0 0 0 0 0 
2232 232 0 0 0 0 0 0 0 0 0 0 0 0 0 0 
2248 232 0 0 0 0 0 0 0 0 0 0 0 0 0 0 
2264 232 0 0 0 0 0 0 0 0 0 0 0 0 0 0 
2280 232 0 0 0 0 0 0 0 0 0 0 0 0 0 0 
2296 232 0 0 0 0 0 0 0 0 0 0 0 0 0 0 
2312 232 0 0 0 0 0 0 0 0 0 0 0 0 0 0 
2328 232 0 0 0 0 0 0 0 0 0 0 0 0 0 0 
2344 232 0 0 0 0 0 0 0 0 0 0 0 0 0 0 
2360 232 0 0 0 0 0 0 0 0 0 0 0 0 0 0 
2376 232 0 0 0 0 0 0 0 0 0 0 0 0 0 0 
2392 232 0 0 0 0 0 0 0 0 0 0 0 0 0 0 
2408 232 0 0 0 0 0 0 0 0 0 0 0 0 0 0 
2424 232 0 0 0 0 0 0 0 0 0 0 0 0 0 0 
2440 232 0 0 0 0 0 0 0 0 0 0 0 0 0 0 
2456 232 0 0 0 0 0 0 0 0 0 0 0 0 0 0 
2472 232 0 0 0 0 0 0 0 0 0 0 0 0 0 0 
2488 232 0 0 0 0 0 0 0 0 0 0 0 0 0 0 
2504 232 0 0 0 0 0 0 0 0 0 0 0 0 0 0 
2520 232 0 0 0 0 0 0 0 0 0 0 0 0 0 0 
2536 232 0 0 0 0 0 0 0 0 0 0 0 0 0 0 
24 248 0 0 0 0 0 0 0 0 0 0 0 0 0 0 
40 248 0 0 0 0 0 0 0 0 0 0 0 0 0 0 
56 248 0 0 0 0 0 0 0 0 0 0 0 0 0 0 
72 248 0 0 0 0 0 0 0 0 0 0 0 0 0 0 
88 248 0 0 0 0 0 0 0 0 0 0 0 0 0 0 
104 248 0 0 0 0 0 0 0 0 0 0 0 0 0 0 
120 248 0 0 0 0 0 0 0 0 0 0 0 0 0 0 
136 248 0 0 0 0 0 0 0 0 0 0 0 0 0 0 
152 248 0 0 0 0 0 0 0 0 0 0 0 0 0 0 
168 248 0 0 0 0 0 0 0 0 0 0 0 0 0 0 
184 248 0 0 0 0 0 0 0 0 0 0 0 0 0 0 
200 248 0 0 0 0 0 0 0 0 0 0 0 0 0 0 
216 248 0 0 0 0 0 0 0 0 0 0 0 0 0 0 
232 248 0 0 0 0 0 0 0 0 0 0 0 0 0 0 
248 248 0 0 0 0 0 0 0 0 0 0 0 0 0 0 
264 248 0 0 0 0 0 0 0 0 0 0 0 0 0 0 
280 248 0 0 0 0 0 0 0 0 0 0 0 0 0 0 
296 248 0 0 0 0 0 0 0 0 0 0 0 0 0 0 
312 248 0 0 0 0 0 0 0 0 0 0 0 0 0 0 
328 248 0 0 0 0 0 0 0 0 0 0 0 0 0 0 
344 248 0 0 0 0 0 0 0 0 0 0 0 0 0 0 
360 248 0 0 0 0 0 0 0 0 0 0 0 0 0 0 
376 248 0 0 0 0 0 0 0 0 0 0 0 0 0 0 
392 248 0 0 0 0 0 0 0 0 0 0 0 0 0 0 
408 248 0 0 0 0 0 0 0 0 0 0 0 0 0 0 
424 248 0 0 0 0 0 0 0 0 0 0 0 0 0 0 
440 248 0 0 0 0 0 0 0 0 0 0 0 0 0 0 
456 248 0 0 0 0 0 0 0 0 0 0 0 0 0 0 
472 248 0 0 0 0 0 0 0 0 0 0 0 0 0 0 
488 248 0 0 0 0 0 0 0 0 0 0 0 0 0 0 
504 248 0 0 0 0 0 0 0 0 0 0 0 0 0 0 
520 248 0 0 0 0 0 0 0 0 0 0 0 0 0 0 
536 248 0 0 0 0 0 0 0 0 0 0 0 0 0 0 
552 248 0 0 0 0 0 0 0 0 0 0 0 0 0 0 
568 248 0 0 0 0 0 0 0 0 0 0 0 0 0 0 
584 248 0 0 0 0 0 0 0 0 0 0 0 0 0 0 
600 248 0 0 0 0 0 0 0 0 0 0 0 0 0 0 
616 248 0 0 0 0 0 0 0 0 0 0 0 0 0 0 
632 248 0 0 0 0 0 0 0 0 0 0 0 0 0 0 
648 248 0 0 0 0 0 0 0 0 0 0 0 0 0 0 
664 248 0 0 0 0 0 0 0 0 0 0 0 0 0 0 
680 248 0 0 0 0 0 0 0 0 0 0 0 0 0 0 
696 248 0 0 0 0 0 0 0 0 0 0 0 0 0 0 
712 248 0 0 0 0 0 0 0 0 0 0 0 0 0 0 
728 248 0 0 0 0 0 0 0 0 0 0 0 0 0 0 
744 248 0 0 0 0 0 0 0 0 0 0 0 0 0 0 
760 248 0 0 0 0 0 0 0 0 0 0 0 0 0 0 
776 248 0 0 0 0 0 0 0 0 0 0 0 0 0 0 
792 248 0 0 0 0 0 0 0 0 0 0 0 0 0 0 
808 248 0 0 0 0 0 0 0 0 0 0 0 0 0 0 
824 248 0 0 0 0 0 0 0 0 0 0 0 0 0 0 
840 248 0 0 0 0 0 0 0 0 0 0 0 0 0 0 
856 248 0 0 0 0 0 0 0 0 0 0 0 0 0 0 
872 248 0 0 0 0 0 0 0 0 0 0 0 0 0 0 
888 248 0 0 0 0 0 0 0 0 0 0 0 0 0 0 
904 248 0 0 0 0 0 0 0 0 0 0 0 0 0 0 
920 248 0 0 0 0 0 0 0 0 0 0 0 0 0 0 
936 248 0 0 0 0 0 0 0 0 0 0 0 0 0 0 
952 248 0 0 0 0 0 0 0 0 0 0 0 0 0 0 
968 248 0 0 0 0 0 0 0 0 0 0 0 0 0 0 
984 248 0 0 0 0 0 0 0 0 0 0 0 0 0 0 
1000 248 0 0 0 0 0 0 0 0 0 0 0 0 0 0 
1016 248 0 0 0 0 0 0 0 0 0 0 0 0 0 0 
1032 248 0 0 0 0 0 0 0 0 0 0 0 0 0 0 
1048 248 0 0 0 0 0 0 0 0 0 0 0 0 0 0 
1064 248 0 0 0 0 0 0 0 0 0 0 0 0 0 0 
1080 248 0 0 0 0 0 0 0 0 0 0 0 0 0 0 
1096 248 0 0 0 0 0 0 0 0 0 0 0 0 0 0 
1112 248 0 0 0 0 0 0 0 0 0 0 0 0 0 0 
1128 248 0 0 0 0 0 0 0 0 0 0 0 0 0 0 
1144 248 0 0 0 0 0 0 0 0 0 0 0 0 0 0 
1160 248 0 0 0 0 0 0 0 0 0 0 0 0 0 0 
1176 248 0 0 0 0 0 0 0 0 0 0 0 0 0 0 
1192 248 0 0 0 0 0 0 0 0 0 0 0 0 0 0 
1208 248 0 0 0 0 0 0 0 0 0 0 0 0 0 0 
1224 248 0 0 0 0 0 0 0 0 0 0 0 0 0 0 
1240 248 0 0 0 0 0 0 0 0 0 0 0 0 0 0 
1256 248 0 0 0 0 0 0 0 0 0 0 0 0 0 0 
1272 248 0 0 0 0 0 0 0 0 0 0 0 0 0 0 
1288 248 0 0 0 0 0 0 0 0 0 0 0 0 0 0 
1304 248 0 0 0 0 0 0 0 0 0 0 0 0 0 0 
1320 248 0 0 0 0 0 0 0 0 0 0 0 0 0 0 
1336 248 0 0 0 0 0 0 0 0 0 0 0 0 0 0 
1352 248 0 0 0 0 0 0 0 0 0 0 0 0 0 0 
1368 248 0 0 0 0 0 0 0 0 0 0 0 0 0 0 
1384 248 0 0 0 0 0 0 0 0 0 0 0 0 0 0 
1400 248 0 0 0 0 0 0 0 0 0 0 0 0 0 0 
1416 248 0 0 0 0 0 0 0 0 0 0 0 0 0 0 
1432 248 0 0 0 0 0 0 0 0 0 0 0 0 0 0 
1448 248 0 0 0 0 0 0 0 0 0 0 0 0 0 0 
1464 248 0 0 0 0 0 0 0 0 0 0 0 0 0 0 
1480 248 0 0 0 0 0 0 0 0 0 0 0 0 0 0 
1496 248 0 0 0 0 0 0 0 0 0 0 0 0 0 0 
1512 248 0 0 0 0 0 0 0 0 0 0 0 0 0 0 
1528 248 0 0 0 0 0 0 0 0 0 0 0 0 0 0 
1544 248 0 0 0 0 0 0 0 0 0 0 0 0 0 0 
1560 248 0 0 0 0 0 0 0 0 0 0 0 0 0 0 
1576 248 0 0 0 0 0 0 0 0 0 0 0 0 0 0 
1592 248 0 0 0 0 0 0 0 0 0 0 0 0 0 0 
1608 248 0 0 0 0 0 0 0 0 0 0 0 0 0 0 
1624 248 0 0 0 0 0 0 0 0 0 0 0 0 0 0 
1640 248 0 0 0 0 0 0 0 0 0 0 0 0 0 0 
1656 248 0 0 0 0 0 0 0 0 0 0 0 0 0 0 
1672 248 0 0 0 0 0 0 0 0 0 0 0 0 0 0 
1688 248 0 0 0 0 0 0 0 0 0 0 0 0 0 0 
1704 248 0 0 0 0 0 0 0 0 0 0 0 0 0 0 
1720 248 0 0 0 0 0 0 0 0 0 0 0 0 0 0 
1736 248 0 0 0 0 0 0 0 0 0 0 0 0 0 0 
1752 248 0 0 0 0 0 0 0 0 0 0 0 0 0 0 
1768 248 0 0 0 0 0 0 0 0 0 0 0 0 0 0 
1784 248 0 0 0 0 0 0 0 0 0 0 0 0 0 0 
1800 248 0 0 0 0 0 0 0 0 0 0 0 0 0 0 
1816 248 0 0 0 0 0 0 0 0 0 0 0 0 0 0 
1832 248 0 0 0 0 0 0 0 0 0 0 0 0 0 0 
1848 248 0 0 0 0 0 0 0 0 0 0 0 0 0 0 
1864 248 0 0 0 0 0 0 0 0 0 0 0 0 0 0 
1880 248 0 0 0 0 0 0 0 0 0 0 0 0 0 0 
1896 248 0 0 0 0 0 0 0 0 0 0 0 0 0 0 
1912 248 0 0 0 0 0 0 0 0 0 0 0 0 0 0 
1928 248 0 0 0 0 0 0 0 0 0 0 0 0 0 0 
1944 248 0 0 0 0 0 0 0 0 0 0 0 0 0 0 
1960 248 0 0 0 0 0 0 0 0 0 0 0 0 0 0 
1976 248 0 0 0 0 0 0 0 0 0 0 0 0 0 0 
1992 248 0 0 0 0 0 0 0 0 0 0 0 0 0 0 
2008 248 0 0 0 0 0 0 0 0 0 0 0 0 0 0 
2024 248 0 0 0 0 0 0 0 0 0 0 0 0 0 0 
2040 248 0 0 0 0 0 0 0 0 0 0 0 0 0 0 
2056 248 0 0 0 0 0 0 0 0 0 0 0 0 0 0 
2072 248 0 0 0 0 0 0 0 0 0 0 0 0 0 0 
2088 248 0 0 0 0 0 0 0 0 0 0 0 0 0 0 
2104 248 0 0 0 0 0 0 0 0 0 0 0 0 0 0 
2120 248 0 0 0 0 0 0 0 0 0 0 0 0 0 0 
2136 248 0 0 0 0 0 0 0 0 0 0 0 0 0 0 
2152 248 0 0 0 0 0 0 0 0 0 0 0 0 0 0 
2168 248 0 0 0 0 0 0 0 0 0 0 0 0 0 0 
2184 248 0 0 0 0 0 0 0 0 0 0 0 0 0 0 
2200 248 0 0 0 0 0 0 0 0 0 0 0 0 0 0 
2216 248 0 0 0 0 0 0 0 0 0 0 0 0 0 0 
2232 248 0 0 0 0 0 0 0 0 0 0 0 0 0 0 
2248 248 0 0 0 0 0 0 0 0 0 0 0 0 0 0 
2264 248 0 0 0 0 0 0 0 0 0 0 0 0 0 0 
2280 248 0 0 0 0 0 0 0 0 0 0 0 0 0 0 
2296 248 0 0 0 0 0 0 0 0 0 0 0 0 0 0 
2312 248 0 0 0 0 0 0 0 0 0 0 0 0 0 0 
2328 248 0 0 0 0 0 0 0 0 0 0 0 0 0 0 
2344 248 0 0 0 0 0 0 0 0 0 0 0 0 0 0 
2360 248 0 0 0 0 0 0 0 0 0 0 0 0 0 0 
2376 248 0 0 0 0 0 0 0 0 0 0 0 0 0 0 
2392 248 0 0 0 0 0 0 0 0 0 0 0 0 0 0 
2408 248 0 0 0 0 0 0 0 0 0 0 0 0 0 0 
2424 248 0 0 0 0 0 0 0 0 0 0 0 0 0 0 
2440 248 0 0 0 0 0 0 0 0 0 0 0 0 0 0 
2456 248 0 0 0 0 0 0 0 0 0 0 0 0 0 0 
2472 248 0 0 0 0 0 0 0 0 0 0 0 0 0 0 
2488 248 0 0 0 0 0 0 0 0 0 0 0 0 0 0 
2504 248 0 0 0 0 0 0 0 0 0 0 0 0 0 0 
2520 248 0 0 0 0 0 0 0 0 0 0 0 0 0 0 
2536 248 0 0 0 0 0 0 0 0 0 0 0 0 0 0 
24 264 0 0 0 0 0 0 0 0 0 0 0 0 0 0 
40 264 0 0 0 0 0 0 0 0 0 0 0 0 0 0 
56 264 0 0 0 0 0 0 0 0 0 0 0 0 0 0 
72 264 0 0 0 0 0 0 0 0 0 0 0 0 0 0 
88 264 0 0 0 0 0 0 0 0 0 0 0 0 0 0 
104 264 0 0 0 0 0 0 0 0 0 0 0 0 0 0 
120 264 0 0 0 0 0 0 0 0 0 0 0 0 0 0 
136 264 0 0 0 0 0 0 0 0 0 0 0 0 0 0 
152 264 0 0 0 0 0 0 0 0 0 0 0 0 0 0 
168 264 0 0 0 0 0 0 0 0 0 0 0 0 0 0 
184 264 0 0 0 0 0 0 0 0 0 0 0 0 0 0 
200 264 0 0 0 0 0 0 0 0 0 0 0 0 0 0 
216 264 0 0 0 0 0 0 0 0 0 0 0 0 0 0 
232 264 0 0 0 0 0 0 0 0 0 0 0 0 0 0 
248 264 0 0 0 0 0 0 0 0 0 0 0 0 0 0 
264 264 0 0 0 0 0 0 0 0 0 0 0 0 0 0 
280 264 0 0 0 0 0 0 0 0 0 0 0 0 0 0 
296 264 0 0 0 0 0 0 0 0 0 0 0 0 0 0 
312 264 0 0 0 0 0 0 0 0 0 0 0 0 0 0 
328 264 0 0 0 0 0 0 0 0 0 0 0 0 0 0 
344 264 0 0 0 0 0 0 0 0 0 0 0 0 0 0 
360 264 0 0 0 0 0 0 0 0 0 0 0 0 0 0 
376 264 0 0 0 0 0 0 0 0 0 0 0 0 0 0 
392 264 0 0 0 0 0 0 0 0 0 0 0 0 0 0 
408 264 0 0 0 0 0 0 0 0 0 0 0 0 0 0 
424 264 0 0 0 0 0 0 0 0 0 0 0 0 0 0 
440 264 0 0 0 0 0 0 0 0 0 0 0 0 0 0 
456 264 0 0 0 0 0 0 0 0 0 0 0 0 0 0 
472 264 0 0 0 0 0 0 0 0 0 0 0 0 0 0 
488 264 0 0 0 0 0 0 0 0 0 0 0 0 0 0 
504 264 0 0 0 0 0 0 0 0 0 0 0 0 0 0 
520 264 0 0 0 0 0 0 0 0 0 0 0 0 0 0 
536 264 0 0 0 0 0 0 0 0 0 0 0 0 0 0 
552 264 0 0 0 0 0 0 0 0 0 0 0 0 0 0 
568 264 0 0 0 0 0 0 0 0 0 0 0 0 0 0 
584 264 0 0 0 0 0 0 0 0 0 0 0 0 0 0 
600 264 0 0 0 0 0 0 0 0 0 0 0 0 0 0 
616 264 0 0 0 0 0 0 0 0 0 0 0 0 0 0 
632 264 0 0 0 0 0 0 0 0 0 0 0 0 0 0 
648 264 0 0 0 0 0 0 0 0 0 0 0 0 0 0 
664 264 0 0 0 0 0 0 0 0 0 0 0 0 0 0 
680 264 0 0 0 0 0 0 0 0 0 0 0 0 0 0 
696 264 0 0 0 0 0 0 0 0 0 0 0 0 0 0 
712 264 0 0 0 0 0 0 0 0 0 0 0 0 0 0 
728 264 0 0 0 0 0 0 0 0 0 0 0 0 0 0 
744 264 0 0 0 0 0 0 0 0 0 0 0 0 0 0 
760 264 0 0 0 0 0 0 0 0 0 0 0 0 0 0 
776 264 0 0 0 0 0 0 0 0 0 0 0 0 0 0 
792 264 0 0 0 0 0 0 0 0 0 0 0 0 0 0 
808 264 0 0 0 0 0 0 0 0 0 0 0 0 0 0 
824 264 0 0 0 0 0 0 0 0 0 0 0 0 0 0 
840 264 0 0 0 0 0 0 0 0 0 0 0 0 0 0 
856 264 0 0 0 0 0 0 0 0 0 0 0 0 0 0 
872 264 0 0 0 0 0 0 0 0 0 0 0 0 0 0 
888 264 0 0 0 0 0 0 0 0 0 0 0 0 0 0 
904 264 0 0 0 0 0 0 0 0 0 0 0 0 0 0 
920 264 0 0 0 0 0 0 0 0 0 0 0 0 0 0 
936 264 0 0 0 0 0 0 0 0 0 0 0 0 0 0 
952 264 0 0 0 0 0 0 0 0 0 0 0 0 0 0 
968 264 0 0 0 0 0 0 0 0 0 0 0 0 0 0 
984 264 0 0 0 0 0 0 0 0 0 0 0 0 0 0 
1000 264 0 0 0 0 0 0 0 0 0 0 0 0 0 0 
1016 264 0 0 0 0 0 0 0 0 0 0 0 0 0 0 
1032 264 0 0 0 0 0 0 0 0 0 0 0 0 0 0 
1048 264 0 0 0 0 0 0 0 0 0 0 0 0 0 0 
1064 264 0 0 0 0 0 0 0 0 0 0 0 0 0 0 
1080 264 0 0 0 0 0 0 0 0 0 0 0 0 0 0 
1096 264 0 0 0 0 0 0 0 0 0 0 0 0 0 0 
1112 264 0 0 0 0 0 0 0 0 0 0 0 0 0 0 
1128 264 0 0 0 0 0 0 0 0 0 0 0 0 0 0 
1144 264 0 0 0 0 0 0 0 0 0 0 0 0 0 0 
1160 264 0 0 0 0 0 0 0 0 0 0 0 0 0 0 
1176 264 0 0 0 0 0 0 0 0 0 0 0 0 0 0 
1192 264 0 0 0 0 0 0 0 0 0 0 0 0 0 0 
1208 264 0 0 0 0 0 0 0 0 0 0 0 0 0 0 
1224 264 0 0 0 0 0 0 0 0 0 0 0 0 0 0 
1240 264 0 0 0 0 0 0 0 0 0 0 0 0 0 0 
1256 264 0 0 0 0 0 0 0 0 0 0 0 0 0 0 
1272 264 0 0 0 0 0 0 0 0 0 0 0 0 0 0 
1288 264 0 0 0 0 0 0 0 0 0 0 0 0 0 0 
1304 264 0 0 0 0 0 0 0 0 0 0 0 0 0 0 
1320 264 0 0 0 0 0 0 0 0 0 0 0 0 0 0 
1336 264 0 0 0 0 0 0 0 0 0 0 0 0 0 0 
1352 264 0 0 0 0 0 0 0 0 0 0 0 0 0 0 
1368 264 0 0 0 0 0 0 0 0 0 0 0 0 0 0 
1384 264 0 0 0 0 0 0 0 0 0 0 0 0 0 0 
1400 264 0 0 0 0 0 0 0 0 0 0 0 0 0 0 
1416 264 0 0 0 0 0 0 0 0 0 0 0 0 0 0 
1432 264 0 0 0 0 0 0 0 0 0 0 0 0 0 0 
1448 264 0 0 0 0 0 0 0 0 0 0 0 0 0 0 
1464 264 0 0 0 0 0 0 0 0 0 0 0 0 0 0 
1480 264 0 0 0 0 0 0 0 0 0 0 0 0 0 0 
1496 264 0 0 0 0 0 0 0 0 0 0 0 0 0 0 
1512 264 0 0 0 0 0 0 0 0 0 0 0 0 0 0 
1528 264 0 0 0 0 0 0 0 0 0 0 0 0 0 0 
1544 264 0 0 0 0 0 0 0 0 0 0 0 0 0 0 
1560 264 0 0 0 0 0 0 0 0 0 0 0 0 0 0 
1576 264 0 0 0 0 0 0 0 0 0 0 0 0 0 0 
1592 264 0 0 0 0 0 0 0 0 0 0 0 0 0 0 
1608 264 0 0 0 0 0 0 0 0 0 0 0 0 0 0 
1624 264 0 0 0 0 0 0 0 0 0 0 0 0 0 0 
1640 264 0 0 0 0 0 0 0 0 0 0 0 0 0 0 
1656 264 0 0 0 0 0 0 0 0 0 0 0 0 0 0 
1672 264 0 0 0 0 0 0 0 0 0 0 0 0 0 0 
1688 264 0 0 0 0 0 0 0 0 0 0 0 0 0 0 
1704 264 0 0 0 0 0 0 0 0 0 0 0 0 0 0 
1720 264 0 0 0 0 0 0 0 0 0 0 0 0 0 0 
1736 264 0 0 0 0 0 0 0 0 0 0 0 0 0 0 
1752 264 0 0 0 0 0 0 0 0 0 0 0 0 0 0 
1768 264 0 0 0 0 0 0 0 0 0 0 0 0 0 0 
1784 264 0 0 0 0 0 0 0 0 0 0 0 0 0 0 
1800 264 0 0 0 0 0 0 0 0 0 0 0 0 0 0 
1816 264 0 0 0 0 0 0 0 0 0 0 0 0 0 0 
1832 264 0 0 0 0 0 0 0 0 0 0 0 0 0 0 
1848 264 0 0 0 0 0 0 0 0 0 0 0 0 0 0 
1864 264 0 0 0 0 0 0 0 0 0 0 0 0 0 0 
1880 264 0 0 0 0 0 0 0 0 0 0 0 0 0 0 
1896 264 0 0 0 0 0 0 0 0 0 0 0 0 0 0 
1912 264 0 0 0 0 0 0 0 0 0 0 0 0 0 0 
1928 264 0 0 0 0 0 0 0 0 0 0 0 0 0 0 
1944 264 0 0 0 0 0 0 0 0 0 0 0 0 0 0 
1960 264 0 0 0 0 0 0 0 0 0 0 0 0 0 0 
1976 264 0 0 0 0 0 0 0 0 0 0 0 0 0 0 
1992 264 0 0 0 0 0 0 0 0 0 0 0 0 0 0 
2008 264 0 0 0 0 0 0 0 0 0 0 0 0 0 0 
2024 264 0 0 0 0 0 0 0 0 0 0 0 0 0 0 
2040 264 0 0 0 0 0 0 0 0 0 0 0 0 0 0 
2056 264 0 0 0 0 0 0 0 0 0 0 0 0 0 0 
2072 264 0 0 0 0 0 0 0 0 0 0 0 0 0 0 
2088 264 0 0 0 0 0 0 0 0 0 0 0 0 0 0 
2104 264 0 0 0 0 0 0 0 0 0 0 0 0 0 0 
2120 264 0 0 0 0 0 0 0 0 0 0 0 0 0 0 
2136 264 0 0 0 0 0 0 0 0 0 0 0 0 0 0 
2152 264 0 0 0 0 0 0 0 0 0 0 0 0 0 0 
2168 264 0 0 0 0 0 0 0 0 0 0 0 0 0 0 
2184 264 0 0 0 0 0 0 0 0 0 0 0 0 0 0 
2200 264 0 0 0 0 0 0 0 0 0 0 0 0 0 0 
2216 264 0 0 0 0 0 0 0 0 0 0 0 0 0 0 
2232 264 0 0 0 0 0 0 0 0 0 0 0 0 0 0 
2248 264 0 0 0 0 0 0 0 0 0 0 0 0 0 0 
2264 264 0 0 0 0 0 0 0 0 0 0 0 0 0 0 
2280 264 0 0 0 0 0 0 0 0 0 0 0 0 0 0 
2296 264 0 0 0 0 0 0 0 0 0 0 0 0 0 0 
2312 264 0 0 0 0 0 0 0 0 0 0 0 0 0 0 
2328 264 0 0 0 0 0 0 0 0 0 0 0 0 0 0 
2344 264 0 0 0 0 0 0 0 0 0 0 0 0 0 0 
2360 264 0 0 0 0 0 0 0 0 0 0 0 0 0 0 
2376 264 0 0 0 0 0 0 0 0 0 0 0 0 0 0 
2392 264 0 0 0 0 0 0 0 0 0 0 0 0 0 0 
2408 264 0 0 0 0 0 0 0 0 0 0 0 0 0 0 
2424 264 0 0 0 0 0 0 0 0 0 0 0 0 0 0 
2440 264 0 0 0 0 0 0 0 0 0 0 0 0 0 0 
2456 264 0 0 0 0 0 0 0 0 0 0 0 0 0 0 
2472 264 0 0 0 0 0 0 0 0 0 0 0 0 0 0 
2488 264 0 0 0 0 0 0 0 0 0 0 0 0 0 0 
2504 264 0 0 0 0 0 0 0 0 0 0 0 0 0 0 
2520 264 0 0 0 0 0 0 0 0 0 0 0 0 0 0 
2536 264 0 0 0 0 0 0 0 0 0 0 0 0 0 0 
24 280 0 0 0 0 0 0 0 0 0 0 0 0 0 0 
40 280 0 0 0 0 0 0 0 0 0 0 0 0 0 0 
56 280 0 0 0 0 0 0 0 0 0 0 0 0 0 0 
72 280 0 0 0 0 0 0 0 0 0 0 0 0 0 0 
88 280 0 0 0 0 0 0 0 0 0 0 0 0 0 0 
104 280 0 0 0 0 0 0 0 0 0 0 0 0 0 0 
120 280 0 0 0 0 0 0 0 0 0 0 0 0 0 0 
136 280 0 0 0 0 0 0 0 0 0 0 0 0 0 0 
152 280 0 0 0 0 0 0 0 0 0 0 0 0 0 0 
168 280 0 0 0 0 0 0 0 0 0 0 0 0 0 0 
184 280 0 0 0 0 0 0 0 0 0 0 0 0 0 0 
200 280 0 0 0 0 0 0 0 0 0 0 0 0 0 0 
216 280 0 0 0 0 0 0 0 0 0 0 0 0 0 0 
232 280 0 0 0 0 0 0 0 0 0 0 0 0 0 0 
248 280 0 0 0 0 0 0 0 0 0 0 0 0 0 0 
264 280 0 0 0 0 0 0 0 0 0 0 0 0 0 0 
280 280 0 0 0 0 0 0 0 0 0 0 0 0 0 0 
296 280 0 0 0 0 0 0 0 0 0 0 0 0 0 0 
312 280 0 0 0 0 0 0 0 0 0 0 0 0 0 0 
328 280 0 0 0 0 0 0 0 0 0 0 0 0 0 0 
344 280 0 0 0 0 0 0 0 0 0 0 0 0 0 0 
360 280 0 0 0 0 0 0 0 0 0 0 0 0 0 0 
376 280 0 0 0 0 0 0 0 0 0 0 0 0 0 0 
392 280 0 0 0 0 0 0 0 0 0 0 0 0 0 0 
408 280 0 0 0 0 0 0 0 0 0 0 0 0 0 0 
424 280 0 0 0 0 0 0 0 0 0 0 0 0 0 0 
440 280 0 0 0 0 0 0 0 0 0 0 0 0 0 0 
456 280 0 0 0 0 0 0 0 0 0 0 0 0 0 0 
472 280 0 0 0 0 0 0 0 0 0 0 0 0 0 0 
488 280 0 0 0 0 0 0 0 0 0 0 0 0 0 0 
504 280 0 0 0 0 0 0 0 0 0 0 0 0 0 0 
520 280 0 0 0 0 0 0 0 0 0 0 0 0 0 0 
536 280 0 0 0 0 0 0 0 0 0 0 0 0 0 0 
552 280 0 0 0 0 0 0 0 0 0 0 0 0 0 0 
568 280 0 0 0 0 0 0 0 0 0 0 0 0 0 0 
584 280 0 0 0 0 0 0 0 0 0 0 0 0 0 0 
600 280 0 0 0 0 0 0 0 0 0 0 0 0 0 0 
616 280 0 0 0 0 0 0 0 0 0 0 0 0 0 0 
632 280 0 0 0 0 0 0 0 0 0 0 0 0 0 0 
648 280 0 0 0 0 0 0 0 0 0 0 0 0 0 0 
664 280 0 0 0 0 0 0 0 0 0 0 0 0 0 0 
680 280 0 0 0 0 0 0 0 0 0 0 0 0 0 0 
696 280 0 0 0 0 0 0 0 0 0 0 0 0 0 0 
712 280 0 0 0 0 0 0 0 0 0 0 0 0 0 0 
728 280 0 0 0 0 0 0 0 0 0 0 0 0 0 0 
744 280 0 0 0 0 0 0 0 0 0 0 0 0 0 0 
760 280 0 0 0 0 0 0 0 0 0 0 0 0 0 0 
776 280 0 0 0 0 0 0 0 0 0 0 0 0 0 0 
792 280 0 0 0 0 0 0 0 0 0 0 0 0 0 0 
808 280 0 0 0 0 0 0 0 0 0 0 0 0 0 0 
824 280 0 0 0 0 0 0 0 0 0 0 0 0 0 0 
840 280 0 0 0 0 0 0 0 0 0 0 0 0 0 0 
856 280 0 0 0 0 0 0 0 0 0 0 0 0 0 0 
872 280 0 0 0 0 0 0 0 0 0 0 0 0 0 0 
888 280 0 0 0 0 0 0 0 0 0 0 0 0 0 0 
904 280 0 0 0 0 0 0 0 0 0 0 0 0 0 0 
920 280 0 0 0 0 0 0 0 0 0 0 0 0 0 0 
936 280 0 0 0 0 0 0 0 0 0 0 0 0 0 0 
952 280 0 0 0 0 0 0 0 0 0 0 0 0 0 0 
968 280 0 0 0 0 0 0 0 0 0 0 0 0 0 0 
984 280 0 0 0 0 0 0 0 0 0 0 0 0 0 0 
1000 280 0 0 0 0 0 0 0 0 0 0 0 0 0 0 
1016 280 0 0 0 0 0 0 0 0 0 0 0 0 0 0 
1032 280 0 0 0 0 0 0 0 0 0 0 0 0 0 0 
1048 280 0 0 0 0 0 0 0 0 0 0 0 0 0 0 
1064 280 0 0 0 0 0 0 0 0 0 0 0 0 0 0 
1080 280 0 0 0 0 0 0 0 0 0 0 0 0 0 0 
1096 280 0 0 0 0 0 0 0 0 0 0 0 0 0 0 
1112 280 0 0 0 0 0 0 0 0 0 0 0 0 0 0 
1128 280 0 0 0 0 0 0 0 0 0 0 0 0 0 0 
1144 280 0 0 0 0 0 0 0 0 0 0 0 0 0 0 
1160 280 0 0 0 0 0 0 0 0 0 0 0 0 0 0 
1176 280 0 0 0 0 0 0 0 0 0 0 0 0 0 0 
1192 280 0 0 0 0 0 0 0 0 0 0 0 0 0 0 
1208 280 0 0 0 0 0 0 0 0 0 0 0 0 0 0 
1224 280 0 0 0 0 0 0 0 0 0 0 0 0 0 0 
1240 280 0 0 0 0 0 0 0 0 0 0 0 0 0 0 
1256 280 0 0 0 0 0 0 0 0 0 0 0 0 0 0 
1272 280 0 0 0 0 0 0 0 0 0 0 0 0 0 0 
1288 280 0 0 0 0 0 0 0 0 0 0 0 0 0 0 
1304 280 0 0 0 0 0 0 0 0 0 0 0 0 0 0 
1320 280 0 0 0 0 0 0 0 0 0 0 0 0 0 0 
1336 280 0 0 0 0 0 0 0 0 0 0 0 0 0 0 
1352 280 0 0 0 0 0 0 0 0 0 0 0 0 0 0 
1368 280 0 0 0 0 0 0 0 0 0 0 0 0 0 0 
1384 280 0 0 0 0 0 0 0 0 0 0 0 0 0 0 
1400 280 0 0 0 0 0 0 0 0 0 0 0 0 0 0 
1416 280 0 0 0 0 0 0 0 0 0 0 0 0 0 0 
1432 280 0 0 0 0 0 0 0 0 0 0 0 0 0 0 
1448 280 0 0 0 0 0 0 0 0 0 0 0 0 0 0 
1464 280 0 0 0 0 0 0 0 0 0 0 0 0 0 0 
1480 280 0 0 0 0 0 0 0 0 0 0 0 0 0 0 
1496 280 0 0 0 0 0 0 0 0 0 0 0 0 0 0 
1512 280 0 0 0 0 0 0 0 0 0 0 0 0 0 0 
1528 280 0 0 0 0 0 0 0 0 0 0 0 0 0 0 
1544 280 0 0 0 0 0 0 0 0 0 0 0 0 0 0 
1560 280 0 0 0 0 0 0 0 0 0 0 0 0 0 0 
1576 280 0 0 0 0 0 0 0 0 0 0 0 0 0 0 
1592 280 0 0 0 0 0 0 0 0 0 0 0 0 0 0 
1608 280 0 0 0 0 0 0 0 0 0 0 0 0 0 0 
1624 280 0 0 0 0 0 0 0 0 0 0 0 0 0 0 
1640 280 0 0 0 0 0 0 0 0 0 0 0 0 0 0 
1656 280 0 0 0 0 0 0 0 0 0 0 0 0 0 0 
1672 280 0 0 0 0 0 0 0 0 0 0 0 0 0 0 
1688 280 0 0 0 0 0 0 0 0 0 0 0 0 0 0 
1704 280 0 0 0 0 0 0 0 0 0 0 0 0 0 0 
1720 280 0 0 0 0 0 0 0 0 0 0 0 0 0 0 
1736 280 0 0 0 0 0 0 0 0 0 0 0 0 0 0 
1752 280 0 0 0 0 0 0 0 0 0 0 0 0 0 0 
1768 280 0 0 0 0 0 0 0 0 0 0 0 0 0 0 
1784 280 0 0 0 0 0 0 0 0 0 0 0 0 0 0 
1800 280 0 0 0 0 0 0 0 0 0 0 0 0 0 0 
1816 280 0 0 0 0 0 0 0 0 0 0 0 0 0 0 
1832 280 0 0 0 0 0 0 0 0 0 0 0 0 0 0 
1848 280 0 0 0 0 0 0 0 0 0 0 0 0 0 0 
1864 280 0 0 0 0 0 0 0 0 0 0 0 0 0 0 
1880 280 0 0 0 0 0 0 0 0 0 0 0 0 0 0 
1896 280 0 0 0 0 0 0 0 0 0 0 0 0 0 0 
1912 280 0 0 0 0 0 0 0 0 0 0 0 0 0 0 
1928 280 0 0 0 0 0 0 0 0 0 0 0 0 0 0 
1944 280 0 0 0 0 0 0 0 0 0 0 0 0 0 0 
1960 280 0 0 0 0 0 0 0 0 0 0 0 0 0 0 
1976 280 0 0 0 0 0 0 0 0 0 0 0 0 0 0 
1992 280 0 0 0 0 0 0 0 0 0 0 0 0 0 0 
2008 280 0 0 0 0 0 0 0 0 0 0 0 0 0 0 
2024 280 0 0 0 0 0 0 0 0 0 0 0 0 0 0 
2040 280 0 0 0 0 0 0 0 0 0 0 0 0 0 0 
2056 280 0 0 0 0 0 0 0 0 0 0 0 0 0 0 
2072 280 0 0 0 0 0 0 0 0 0 0 0 0 0 0 
2088 280 0 0 0 0 0 0 0 0 0 0 0 0 0 0 
2104 280 0 0 0 0 0 0 0 0 0 0 0 0 0 0 
2120 280 0 0 0 0 0 0 0 0 0 0 0 0 0 0 
2136 280 0 0 0 0 0 0 0 0 0 0 0 0 0 0 
2152 280 0 0 0 0 0 0 0 0 0 0 0 0 0 0 
2168 280 0 0 0 0 0 0 0 0 0 0 0 0 0 0 
2184 280 0 0 0 0 0 0 0 0 0 0 0 0 0 0 
2200 280 0 0 0 0 0 0 0 0 0 0 0 0 0 0 
2216 280 0 0 0 0 0 0 0 0 0 0 0 0 0 0 
2232 280 0 0 0 0 0 0 0 0 0 0 0 0 0 0 
2248 280 0 0 0 0 0 0 0 0 0 0 0 0 0 0 
2264 280 0 0 0 0 0 0 0 0 0 0 0 0 0 0 
2280 280 0 0 0 0 0 0 0 0 0 0 0 0 0 0 
2296 280 0 0 0 0 0 0 0 0 0 0 0 0 0 0 
2312 280 0 0 0 0 0 0 0 0 0 0 0 0 0 0 
2328 280 0 0 0 0 0 0 0 0 0 0 0 0 0 0 
2344 280 0 0 0 0 0 0 0 0 0 0 0 0 0 0 
2360 280 0 0 0 0 0 0 0 0 0 0 0 0 0 0 
2376 280 0 0 0 0 0 0 0 0 0 0 0 0 0 0 
2392 280 0 0 0 0 0 0 0 0 0 0 0 0 0 0 
2408 280 0 0 0 0 0 0 0 0 0 0 0 0 0 0 
2424 280 0 0 0 0 0 0 0 0 0 0 0 0 0 0 
2440 280 0 0 0 0 0 0 0 0 0 0 0 0 0 0 
2456 280 0 0 0 0 0 0 0 0 0 0 0 0 0 0 
2472 280 0 0 0 0 0 0 0 0 0 0 0 0 0 0 
2488 280 0 0 0 0 0 0 0 0 0 0 0 0 0 0 
2504 280 0 0 0 0 0 0 0 0 0 0 0 0 0 0 
2520 280 0 0 0 0 0 0 0 0 0 0 0 0 0 0 
2536 280 0 0 0 0 0 0 0 0 0 0 0 0 0 0 
24 296 0 0 0 0 0 0 0 0 0 0 0 0 0 0 
40 296 0 0 0 0 0 0 0 0 0 0 0 0 0 0 
56 296 0 0 0 0 0 0 0 0 0 0 0 0 0 0 
72 296 0 0 0 0 0 0 0 0 0 0 0 0 0 0 
88 296 0 0 0 0 0 0 0 0 0 0 0 0 0 0 
104 296 0 0 0 0 0 0 0 0 0 0 0 0 0 0 
120 296 0 0 0 0 0 0 0 0 0 0 0 0 0 0 
136 296 0 0 0 0 0 0 0 0 0 0 0 0 0 0 
152 296 0 0 0 0 0 0 0 0 0 0 0 0 0 0 
168 296 0 0 0 0 0 0 0 0 0 0 0 0 0 0 
184 296 0 0 0 0 0 0 0 0 0 0 0 0 0 0 
200 296 0 0 0 0 0 0 0 0 0 0 0 0 0 0 
216 296 0 0 0 0 0 0 0 0 0 0 0 0 0 0 
232 296 0 0 0 0 0 0 0 0 0 0 0 0 0 0 
248 296 0 0 0 0 0 0 0 0 0 0 0 0 0 0 
264 296 0 0 0 0 0 0 0 0 0 0 0 0 0 0 
280 296 0 0 0 0 0 0 0 0 0 0 0 0 0 0 
296 296 0 0 0 0 0 0 0 0 0 0 0 0 0 0 
312 296 0 0 0 0 0 0 0 0 0 0 0 0 0 0 
328 296 0 0 0 0 0 0 0 0 0 0 0 0 0 0 
344 296 0 0 0 0 0 0 0 0 0 0 0 0 0 0 
360 296 0 0 0 0 0 0 0 0 0 0 0 0 0 0 
376 296 0 0 0 0 0 0 0 0 0 0 0 0 0 0 
392 296 0 0 0 0 0 0 0 0 0 0 0 0 0 0 
408 296 0 0 0 0 0 0 0 0 0 0 0 0 0 0 
424 296 0 0 0 0 0 0 0 0 0 0 0 0 0 0 
440 296 0 0 0 0 0 0 0 0 0 0 0 0 0 0 
456 296 0 0 0 0 0 0 0 0 0 0 0 0 0 0 
472 296 0 0 0 0 0 0 0 0 0 0 0 0 0 0 
488 296 0 0 0 0 0 0 0 0 0 0 0 0 0 0 
504 296 0 0 0 0 0 0 0 0 0 0 0 0 0 0 
520 296 0 0 0 0 0 0 0 0 0 0 0 0 0 0 
536 296 0 0 0 0 0 0 0 0 0 0 0 0 0 0 
552 296 0 0 0 0 0 0 0 0 0 0 0 0 0 0 
568 296 0 0 0 0 0 0 0 0 0 0 0 0 0 0 
584 296 0 0 0 0 0 0 0 0 0 0 0 0 0 0 
600 296 0 0 0 0 0 0 0 0 0 0 0 0 0 0 
616 296 0 0 0 0 0 0 0 0 0 0 0 0 0 0 
632 296 0 0 0 0 0 0 0 0 0 0 0 0 0 0 
648 296 0 0 0 0 0 0 0 0 0 0 0 0 0 0 
664 296 0 0 0 0 0 0 0 0 0 0 0 0 0 0 
680 296 0 0 0 0 0 0 0 0 0 0 0 0 0 0 
696 296 0 0 0 0 0 0 0 0 0 0 0 0 0 0 
712 296 0 0 0 0 0 0 0 0 0 0 0 0 0 0 
728 296 0 0 0 0 0 0 0 0 0 0 0 0 0 0 
744 296 0 0 0 0 0 0 0 0 0 0 0 0 0 0 
760 296 0 0 0 0 0 0 0 0 0 0 0 0 0 0 
776 296 0 0 0 0 0 0 0 0 0 0 0 0 0 0 
792 296 0 0 0 0 0 0 0 0 0 0 0 0 0 0 
808 296 0 0 0 0 0 0 0 0 0 0 0 0 0 0 
824 296 0 0 0 0 0 0 0 0 0 0 0 0 0 0 
840 296 0 0 0 0 0 0 0 0 0 0 0 0 0 0 
856 296 0 0 0 0 0 0 0 0 0 0 0 0 0 0 
872 296 0 0 0 0 0 0 0 0 0 0 0 0 0 0 
888 296 0 0 0 0 0 0 0 0 0 0 0 0 0 0 
904 296 0 0 0 0 0 0 0 0 0 0 0 0 0 0 
920 296 0 0 0 0 0 0 0 0 0 0 0 0 0 0 
936 296 0 0 0 0 0 0 0 0 0 0 0 0 0 0 
952 296 0 0 0 0 0 0 0 0 0 0 0 0 0 0 
968 296 0 0 0 0 0 0 0 0 0 0 0 0 0 0 
984 296 0 0 0 0 0 0 0 0 0 0 0 0 0 0 
1000 296 0 0 0 0 0 0 0 0 0 0 0 0 0 0 
1016 296 0 0 0 0 0 0 0 0 0 0 0 0 0 0 
1032 296 0 0 0 0 0 0 0 0 0 0 0 0 0 0 
1048 296 0 0 0 0 0 0 0 0 0 0 0 0 0 0 
1064 296 0 0 0 0 0 0 0 0 0 0 0 0 0 0 
1080 296 0 0 0 0 0 0 0 0 0 0 0 0 0 0 
1096 296 0 0 0 0 0 0 0 0 0 0 0 0 0 0 
1112 296 0 0 0 0 0 0 0 0 0 0 0 0 0 0 
1128 296 0 0 0 0 0 0 0 0 0 0 0 0 0 0 
1144 296 0 0 0 0 0 0 0 0 0 0 0 0 0 0 
1160 296 0 0 0 0 0 0 0 0 0 0 0 0 0 0 
1176 296 0 0 0 0 0 0 0 0 0 0 0 0 0 0 
1192 296 0 0 0 0 0 0 0 0 0 0 0 0 0 0 
1208 296 0 0 0 0 0 0 0 0 0 0 0 0 0 0 
1224 296 0 0 0 0 0 0 0 0 0 0 0 0 0 0 
1240 296 0 0 0 0 0 0 0 0 0 0 0 0 0 0 
1256 296 0 0 0 0 0 0 0 0 0 0 0 0 0 0 
1272 296 0 0 0 0 0 0 0 0 0 0 0 0 0 0 
1288 296 0 0 0 0 0 0 0 0 0 0 0 0 0 0 
1304 296 0 0 0 0 0 0 0 0 0 0 0 0 0 0 
1320 296 0 0 0 0 0 0 0 0 0 0 0 0 0 0 
1336 296 0 0 0 0 0 0 0 0 0 0 0 0 0 0 
1352 296 0 0 0 0 0 0 0 0 0 0 0 0 0 0 
1368 296 0 0 0 0 0 0 0 0 0 0 0 0 0 0 
1384 296 0 0 0 0 0 0 0 0 0 0 0 0 0 0 
1400 296 0 0 0 0 0 0 0 0 0 0 0 0 0 0 
1416 296 0 0 0 0 0 0 0 0 0 0 0 0 0 0 
1432 296 0 0 0 0 0 0 0 0 0 0 0 0 0 0 
1448 296 0 0 0 0 0 0 0 0 0 0 0 0 0 0 
1464 296 0 0 0 0 0 0 0 0 0 0 0 0 0 0 
1480 296 0 0 0 0 0 0 0 0 0 0 0 0 0 0 
1496 296 0 0 0 0 0 0 0 0 0 0 0 0 0 0 
1512 296 0 0 0 0 0 0 0 0 0 0 0 0 0 0 
1528 296 0 0 0 0 0 0 0 0 0 0 0 0 0 0 
1544 296 0 0 0 0 0 0 0 0 0 0 0 0 0 0 
1560 296 0 0 0 0 0 0 0 0 0 0 0 0 0 0 
1576 296 0 0 0 0 0 0 0 0 0 0 0 0 0 0 
1592 296 0 0 0 0 0 0 0 0 0 0 0 0 0 0 
1608 296 0 0 0 0 0 0 0 0 0 0 0 0 0 0 
1624 296 0 0 0 0 0 0 0 0 0 0 0 0 0 0 
1640 296 0 0 0 0 0 0 0 0 0 0 0 0 0 0 
1656 296 0 0 0 0 0 0 0 0 0 0 0 0 0 0 
1672 296 0 0 0 0 0 0 0 0 0 0 0 0 0 0 
1688 296 0 0 0 0 0 0 0 0 0 0 0 0 0 0 
1704 296 0 0 0 0 0 0 0 0 0 0 0 0 0 0 
1720 296 0 0 0 0 0 0 0 0 0 0 0 0 0 0 
1736 296 0 0 0 0 0 0 0 0 0 0 0 0 0 0 
1752 296 0 0 0 0 0 0 0 0 0 0 0 0 0 0 
1768 296 0 0 0 0 0 0 0 0 0 0 0 0 0 0 
1784 296 0 0 0 0 0 0 0 0 0 0 0 0 0 0 
1800 296 0 0 0 0 0 0 0 0 0 0 0 0 0 0 
1816 296 0 0 0 0 0 0 0 0 0 0 0 0 0 0 
1832 296 0 0 0 0 0 0 0 0 0 0 0 0 0 0 
1848 296 0 0 0 0 0 0 0 0 0 0 0 0 0 0 
1864 296 0 0 0 0 0 0 0 0 0 0 0 0 0 0 
1880 296 0 0 0 0 0 0 0 0 0 0 0 0 0 0 
1896 296 0 0 0 0 0 0 0 0 0 0 0 0 0 0 
1912 296 0 0 0 0 0 0 0 0 0 0 0 0 0 0 
1928 296 0 0 0 0 0 0 0 0 0 0 0 0 0 0 
1944 296 0 0 0 0 0 0 0 0 0 0 0 0 0 0 
1960 296 0 0 0 0 0 0 0 0 0 0 0 0 0 0 
1976 296 0 0 0 0 0 0 0 0 0 0 0 0 0 0 
1992 296 0 0 0 0 0 0 0 0 0 0 0 0 0 0 
2008 296 0 0 0 0 0 0 0 0 0 0 0 0 0 0 
2024 296 0 0 0 0 0 0 0 0 0 0 0 0 0 0 
2040 296 0 0 0 0 0 0 0 0 0 0 0 0 0 0 
2056 296 0 0 0 0 0 0 0 0 0 0 0 0 0 0 
2072 296 0 0 0 0 0 0 0 0 0 0 0 0 0 0 
2088 296 0 0 0 0 0 0 0 0 0 0 0 0 0 0 
2104 296 0 0 0 0 0 0 0 0 0 0 0 0 0 0 
2120 296 0 0 0 0 0 0 0 0 0 0 0 0 0 0 
2136 296 0 0 0 0 0 0 0 0 0 0 0 0 0 0 
2152 296 0 0 0 0 0 0 0 0 0 0 0 0 0 0 
2168 296 0 0 0 0 0 0 0 0 0 0 0 0 0 0 
2184 296 0 0 0 0 0 0 0 0 0 0 0 0 0 0 
2200 296 0 0 0 0 0 0 0 0 0 0 0 0 0 0 
2216 296 0 0 0 0 0 0 0 0 0 0 0 0 0 0 
2232 296 0 0 0 0 0 0 0 0 0 0 0 0 0 0 
2248 296 0 0 0 0 0 0 0 0 0 0 0 0 0 0 
2264 296 0 0 0 0 0 0 0 0 0 0 0 0 0 0 
2280 296 0 0 0 0 0 0 0 0 0 0 0 0 0 0 
2296 296 0 0 0 0 0 0 0 0 0 0 0 0 0 0 
2312 296 0 0 0 0 0 0 0 0 0 0 0 0 0 0 
2328 296 0 0 0 0 0 0 0 0 0 0 0 0 0 0 
2344 296 0 0 0 0 0 0 0 0 0 0 0 0 0 0 
2360 296 0 0 0 0 0 0 0 0 0 0 0 0 0 0 
2376 296 0 0 0 0 0 0 0 0 0 0 0 0 0 0 
2392 296 0 0 0 0 0 0 0 0 0 0 0 0 0 0 
2408 296 0 0 0 0 0 0 0 0 0 0 0 0 0 0 
2424 296 0 0 0 0 0 0 0 0 0 0 0 0 0 0 
2440 296 0 0 0 0 0 0 0 0 0 0 0 0 0 0 
2456 296 0 0 0 0 0 0 0 0 0 0 0 0 0 0 
2472 296 0 0 0 0 0 0 0 0 0 0 0 0 0 0 
2488 296 0 0 0 0 0 0 0 0 0 0 0 0 0 0 
2504 296 0 0 0 0 0 0 0 0 0 0 0 0 0 0 
2520 296 0 0 0 0 0 0 0 0 0 0 0 0 0 0 
2536 296 0 0 0 0 0 0 0 0 0 0 0 0 0 0 
24 312 0 0 0 0 0 0 0 0 0 0 0 0 0 0 
40 312 0 0 0 0 0 0 0 0 0 0 0 0 0 0 
56 312 0 0 0 0 0 0 0 0 0 0 0 0 0 0 
72 312 0 0 0 0 0 0 0 0 0 0 0 0 0 0 
88 312 0 0 0 0 0 0 0 0 0 0 0 0 0 0 
104 312 0 0 0 0 0 0 0 0 0 0 0 0 0 0 
120 312 0 0 0 0 0 0 0 0 0 0 0 0 0 0 
136 312 0 0 0 0 0 0 0 0 0 0 0 0 0 0 
152 312 0 0 0 0 0 0 0 0 0 0 0 0 0 0 
168 312 0 0 0 0 0 0 0 0 0 0 0 0 0 0 
184 312 0 0 0 0 0 0 0 0 0 0 0 0 0 0 
200 312 0 0 0 0 0 0 0 0 0 0 0 0 0 0 
216 312 0 0 0 0 0 0 0 0 0 0 0 0 0 0 
232 312 0 0 0 0 0 0 0 0 0 0 0 0 0 0 
248 312 0 0 0 0 0 0 0 0 0 0 0 0 0 0 
264 312 0 0 0 0 0 0 0 0 0 0 0 0 0 0 
280 312 0 0 0 0 0 0 0 0 0 0 0 0 0 0 
296 312 0 0 0 0 0 0 0 0 0 0 0 0 0 0 
312 312 0 0 0 0 0 0 0 0 0 0 0 0 0 0 
328 312 0 0 0 0 0 0 0 0 0 0 0 0 0 0 
344 312 0 0 0 0 0 0 0 0 0 0 0 0 0 0 
360 312 0 0 0 0 0 0 0 0 0 0 0 0 0 0 
376 312 0 0 0 0 0 0 0 0 0 0 0 0 0 0 
392 312 0 0 0 0 0 0 0 0 0 0 0 0 0 0 
408 312 0 0 0 0 0 0 0 0 0 0 0 0 0 0 
424 312 0 0 0 0 0 0 0 0 0 0 0 0 0 0 
440 312 0 0 0 0 0 0 0 0 0 0 0 0 0 0 
456 312 0 0 0 0 0 0 0 0 0 0 0 0 0 0 
472 312 0 0 0 0 0 0 0 0 0 0 0 0 0 0 
488 312 0 0 0 0 0 0 0 0 0 0 0 0 0 0 
504 312 0 0 0 0 0 0 0 0 0 0 0 0 0 0 
520 312 0 0 0 0 0 0 0 0 0 0 0 0 0 0 
536 312 0 0 0 0 0 0 0 0 0 0 0 0 0 0 
552 312 0 0 0 0 0 0 0 0 0 0 0 0 0 0 
568 312 0 0 0 0 0 0 0 0 0 0 0 0 0 0 
584 312 0 0 0 0 0 0 0 0 0 0 0 0 0 0 
600 312 0 0 0 0 0 0 0 0 0 0 0 0 0 0 
616 312 0 0 0 0 0 0 0 0 0 0 0 0 0 0 
632 312 0 0 0 0 0 0 0 0 0 0 0 0 0 0 
648 312 0 0 0 0 0 0 0 0 0 0 0 0 0 0 
664 312 0 0 0 0 0 0 0 0 0 0 0 0 0 0 
680 312 0 0 0 0 0 0 0 0 0 0 0 0 0 0 
696 312 0 0 0 0 0 0 0 0 0 0 0 0 0 0 
712 312 0 0 0 0 0 0 0 0 0 0 0 0 0 0 
728 312 0 0 0 0 0 0 0 0 0 0 0 0 0 0 
744 312 0 0 0 0 0 0 0 0 0 0 0 0 0 0 
760 312 0 0 0 0 0 0 0 0 0 0 0 0 0 0 
776 312 0 0 0 0 0 0 0 0 0 0 0 0 0 0 
792 312 0 0 0 0 0 0 0 0 0 0 0 0 0 0 
808 312 0 0 0 0 0 0 0 0 0 0 0 0 0 0 
824 312 0 0 0 0 0 0 0 0 0 0 0 0 0 0 
840 312 0 0 0 0 0 0 0 0 0 0 0 0 0 0 
856 312 0 0 0 0 0 0 0 0 0 0 0 0 0 0 
872 312 0 0 0 0 0 0 0 0 0 0 0 0 0 0 
888 312 0 0 0 0 0 0 0 0 0 0 0 0 0 0 
904 312 0 0 0 0 0 0 0 0 0 0 0 0 0 0 
920 312 0 0 0 0 0 0 0 0 0 0 0 0 0 0 
936 312 0 0 0 0 0 0 0 0 0 0 0 0 0 0 
952 312 0 0 0 0 0 0 0 0 0 0 0 0 0 0 
968 312 0 0 0 0 0 0 0 0 0 0 0 0 0 0 
984 312 0 0 0 0 0 0 0 0 0 0 0 0 0 0 
1000 312 0 0 0 0 0 0 0 0 0 0 0 0 0 0 
1016 312 0 0 0 0 0 0 0 0 0 0 0 0 0 0 
1032 312 0 0 0 0 0 0 0 0 0 0 0 0 0 0 
1048 312 0 0 0 0 0 0 0 0 0 0 0 0 0 0 
1064 312 0 0 0 0 0 0 0 0 0 0 0 0 0 0 
1080 312 0 0 0 0 0 0 0 0 0 0 0 0 0 0 
1096 312 0 0 0 0 0 0 0 0 0 0 0 0 0 0 
1112 312 0 0 0 0 0 0 0 0 0 0 0 0 0 0 
1128 312 0 0 0 0 0 0 0 0 0 0 0 0 0 0 
1144 312 0 0 0 0 0 0 0 0 0 0 0 0 0 0 
1160 312 0 0 0 0 0 0 0 0 0 0 0 0 0 0 
1176 312 0 0 0 0 0 0 0 0 0 0 0 0 0 0 
1192 312 0 0 0 0 0 0 0 0 0 0 0 0 0 0 
1208 312 0 0 0 0 0 0 0 0 0 0 0 0 0 0 
1224 312 0 0 0 0 0 0 0 0 0 0 0 0 0 0 
1240 312 0 0 0 0 0 0 0 0 0 0 0 0 0 0 
1256 312 0 0 0 0 0 0 0 0 0 0 0 0 0 0 
1272 312 0 0 0 0 0 0 0 0 0 0 0 0 0 0 
1288 312 0 0 0 0 0 0 0 0 0 0 0 0 0 0 
1304 312 0 0 0 0 0 0 0 0 0 0 0 0 0 0 
1320 312 0 0 0 0 0 0 0 0 0 0 0 0 0 0 
1336 312 0 0 0 0 0 0 0 0 0 0 0 0 0 0 
1352 312 0 0 0 0 0 0 0 0 0 0 0 0 0 0 
1368 312 0 0 0 0 0 0 0 0 0 0 0 0 0 0 
1384 312 0 0 0 0 0 0 0 0 0 0 0 0 0 0 
1400 312 0 0 0 0 0 0 0 0 0 0 0 0 0 0 
1416 312 0 0 0 0 0 0 0 0 0 0 0 0 0 0 
1432 312 0 0 0 0 0 0 0 0 0 0 0 0 0 0 
1448 312 0 0 0 0 0 0 0 0 0 0 0 0 0 0 
1464 312 0 0 0 0 0 0 0 0 0 0 0 0 0 0 
1480 312 0 0 0 0 0 0 0 0 0 0 0 0 0 0 
1496 312 0 0 0 0 0 0 0 0 0 0 0 0 0 0 
1512 312 0 0 0 0 0 0 0 0 0 0 0 0 0 0 
1528 312 0 0 0 0 0 0 0 0 0 0 0 0 0 0 
1544 312 0 0 0 0 0 0 0 0 0 0 0 0 0 0 
1560 312 0 0 0 0 0 0 0 0 0 0 0 0 0 0 
1576 312 0 0 0 0 0 0 0 0 0 0 0 0 0 0 
1592 312 0 0 0 0 0 0 0 0 0 0 0 0 0 0 
1608 312 0 0 0 0 0 0 0 0 0 0 0 0 0 0 
1624 312 0 0 0 0 0 0 0 0 0 0 0 0 0 0 
1640 312 0 0 0 0 0 0 0 0 0 0 0 0 0 0 
1656 312 0 0 0 0 0 0 0 0 0 0 0 0 0 0 
1672 312 0 0 0 0 0 0 0 0 0 0 0 0 0 0 
1688 312 0 0 0 0 0 0 0 0 0 0 0 0 0 0 
1704 312 0 0 0 0 0 0 0 0 0 0 0 0 0 0 
1720 312 0 0 0 0 0 0 0 0 0 0 0 0 0 0 
1736 312 0 0 0 0 0 0 0 0 0 0 0 0 0 0 
1752 312 0 0 0 0 0 0 0 0 0 0 0 0 0 0 
1768 312 0 0 0 0 0 0 0 0 0 0 0 0 0 0 
1784 312 0 0 0 0 0 0 0 0 0 0 0 0 0 0 
1800 312 0 0 0 0 0 0 0 0 0 0 0 0 0 0 
1816 312 0 0 0 0 0 0 0 0 0 0 0 0 0 0 
1832 312 0 0 0 0 0 0 0 0 0 0 0 0 0 0 
1848 312 0 0 0 0 0 0 0 0 0 0 0 0 0 0 
1864 312 0 0 0 0 0 0 0 0 0 0 0 0 0 0 
1880 312 0 0 0 0 0 0 0 0 0 0 0 0 0 0 
1896 312 0 0 0 0 0 0 0 0 0 0 0 0 0 0 
1912 312 0 0 0 0 0 0 0 0 0 0 0 0 0 0 
1928 312 0 0 0 0 0 0 0 0 0 0 0 0 0 0 
1944 312 0 0 0 0 0 0 0 0 0 0 0 0 0 0 
1960 312 0 0 0 0 0 0 0 0 0 0 0 0 0 0 
1976 312 0 0 0 0 0 0 0 0 0 0 0 0 0 0 
1992 312 0 0 0 0 0 0 0 0 0 0 0 0 0 0 
2008 312 0 0 0 0 0 0 0 0 0 0 0 0 0 0 
2024 312 0 0 0 0 0 0 0 0 0 0 0 0 0 0 
2040 312 0 0 0 0 0 0 0 0 0 0 0 0 0 0 
2056 312 0 0 0 0 0 0 0 0 0 0 0 0 0 0 
2072 312 0 0 0 0 0 0 0 0 0 0 0 0 0 0 
2088 312 0 0 0 0 0 0 0 0 0 0 0 0 0 0 
2104 312 0 0 0 0 0 0 0 0 0 0 0 0 0 0 
2120 312 0 0 0 0 0 0 0 0 0 0 0 0 0 0 
2136 312 0 0 0 0 0 0 0 0 0 0 0 0 0 0 
2152 312 0 0 0 0 0 0 0 0 0 0 0 0 0 0 
2168 312 0 0 0 0 0 0 0 0 0 0 0 0 0 0 
2184 312 0 0 0 0 0 0 0 0 0 0 0 0 0 0 
2200 312 0 0 0 0 0 0 0 0 0 0 0 0 0 0 
2216 312 0 0 0 0 0 0 0 0 0 0 0 0 0 0 
2232 312 0 0 0 0 0 0 0 0 0 0 0 0 0 0 
2248 312 0 0 0 0 0 0 0 0 0 0 0 0 0 0 
2264 312 0 0 0 0 0 0 0 0 0 0 0 0 0 0 
2280 312 0 0 0 0 0 0 0 0 0 0 0 0 0 0 
2296 312 0 0 0 0 0 0 0 0 0 0 0 0 0 0 
2312 312 0 0 0 0 0 0 0 0 0 0 0 0 0 0 
2328 312 0 0 0 0 0 0 0 0 0 0 0 0 0 0 
2344 312 0 0 0 0 0 0 0 0 0 0 0 0 0 0 
2360 312 0 0 0 0 0 0 0 0 0 0 0 0 0 0 
2376 312 0 0 0 0 0 0 0 0 0 0 0 0 0 0 
2392 312 0 0 0 0 0 0 0 0 0 0 0 0 0 0 
2408 312 0 0 0 0 0 0 0 0 0 0 0 0 0 0 
2424 312 0 0 0 0 0 0 0 0 0 0 0 0 0 0 
2440 312 0 0 0 0 0 0 0 0 0 0 0 0 0 0 
2456 312 0 0 0 0 0 0 0 0 0 0 0 0 0 0 
2472 312 0 0 0 0 0 0 0 0 0 0 0 0 0 0 
2488 312 0 0 0 0 0 0 0 0 0 0 0 0 0 0 
2504 312 0 0 0 0 0 0 0 0 0 0 0 0 0 0 
2520 312 0 0 0 0 0 0 0 0 0 0 0 0 0 0 
2536 312 0 0 0 0 0 0 0 0 0 0 0 0 0 0 
24 328 0 0 0 0 0 0 0 0 0 0 0 0 0 0 
40 328 0 0 0 0 0 0 0 0 0 0 0 0 0 0 
56 328 0 0 0 0 0 0 0 0 0 0 0 0 0 0 
72 328 0 0 0 0 0 0 0 0 0 0 0 0 0 0 
88 328 0 0 0 0 0 0 0 0 0 0 0 0 0 0 
104 328 0 0 0 0 0 0 0 0 0 0 0 0 0 0 
120 328 0 0 0 0 0 0 0 0 0 0 0 0 0 0 
136 328 0 0 0 0 0 0 0 0 0 0 0 0 0 0 
152 328 0 0 0 0 0 0 0 0 0 0 0 0 0 0 
168 328 0 0 0 0 0 0 0 0 0 0 0 0 0 0 
184 328 0 0 0 0 0 0 0 0 0 0 0 0 0 0 
200 328 0 0 0 0 0 0 0 0 0 0 0 0 0 0 
216 328 0 0 0 0 0 0 0 0 0 0 0 0 0 0 
232 328 0 0 0 0 0 0 0 0 0 0 0 0 0 0 
248 328 0 0 0 0 0 0 0 0 0 0 0 0 0 0 
264 328 0 0 0 0 0 0 0 0 0 0 0 0 0 0 
280 328 0 0 0 0 0 0 0 0 0 0 0 0 0 0 
296 328 0 0 0 0 0 0 0 0 0 0 0 0 0 0 
312 328 0 0 0 0 0 0 0 0 0 0 0 0 0 0 
328 328 0 0 0 0 0 0 0 0 0 0 0 0 0 0 
344 328 0 0 0 0 0 0 0 0 0 0 0 0 0 0 
360 328 0 0 0 0 0 0 0 0 0 0 0 0 0 0 
376 328 0 0 0 0 0 0 0 0 0 0 0 0 0 0 
392 328 0 0 0 0 0 0 0 0 0 0 0 0 0 0 
408 328 0 0 0 0 0 0 0 0 0 0 0 0 0 0 
424 328 0 0 0 0 0 0 0 0 0 0 0 0 0 0 
440 328 0 0 0 0 0 0 0 0 0 0 0 0 0 0 
456 328 0 0 0 0 0 0 0 0 0 0 0 0 0 0 
472 328 0 0 0 0 0 0 0 0 0 0 0 0 0 0 
488 328 0 0 0 0 0 0 0 0 0 0 0 0 0 0 
504 328 0 0 0 0 0 0 0 0 0 0 0 0 0 0 
520 328 0 0 0 0 0 0 0 0 0 0 0 0 0 0 
536 328 0 0 0 0 0 0 0 0 0 0 0 0 0 0 
552 328 0 0 0 0 0 0 0 0 0 0 0 0 0 0 
568 328 0 0 0 0 0 0 0 0 0 0 0 0 0 0 
584 328 0 0 0 0 0 0 0 0 0 0 0 0 0 0 
600 328 0 0 0 0 0 0 0 0 0 0 0 0 0 0 
616 328 0 0 0 0 0 0 0 0 0 0 0 0 0 0 
632 328 0 0 0 0 0 0 0 0 0 0 0 0 0 0 
648 328 0 0 0 0 0 0 0 0 0 0 0 0 0 0 
664 328 0 0 0 0 0 0 0 0 0 0 0 0 0 0 
680 328 0 0 0 0 0 0 0 0 0 0 0 0 0 0 
696 328 0 0 0 0 0 0 0 0 0 0 0 0 0 0 
712 328 0 0 0 0 0 0 0 0 0 0 0 0 0 0 
728 328 0 0 0 0 0 0 0 0 0 0 0 0 0 0 
744 328 0 0 0 0 0 0 0 0 0 0 0 0 0 0 
760 328 0 0 0 0 0 0 0 0 0 0 0 0 0 0 
776 328 0 0 0 0 0 0 0 0 0 0 0 0 0 0 
792 328 0 0 0 0 0 0 0 0 0 0 0 0 0 0 
808 328 0 0 0 0 0 0 0 0 0 0 0 0 0 0 
824 328 0 0 0 0 0 0 0 0 0 0 0 0 0 0 
840 328 0 0 0 0 0 0 0 0 0 0 0 0 0 0 
856 328 0 0 0 0 0 0 0 0 0 0 0 0 0 0 
872 328 0 0 0 0 0 0 0 0 0 0 0 0 0 0 
888 328 0 0 0 0 0 0 0 0 0 0 0 0 0 0 
904 328 0 0 0 0 0 0 0 0 0 0 0 0 0 0 
920 328 0 0 0 0 0 0 0 0 0 0 0 0 0 0 
936 328 0 0 0 0 0 0 0 0 0 0 0 0 0 0 
952 328 0 0 0 0 0 0 0 0 0 0 0 0 0 0 
968 328 0 0 0 0 0 0 0 0 0 0 0 0 0 0 
984 328 0 0 0 0 0 0 0 0 0 0 0 0 0 0 
1000 328 0 0 0 0 0 0 0 0 0 0 0 0 0 0 
1016 328 0 0 0 0 0 0 0 0 0 0 0 0 0 0 
1032 328 0 0 0 0 0 0 0 0 0 0 0 0 0 0 
1048 328 0 0 0 0 0 0 0 0 0 0 0 0 0 0 
1064 328 0 0 0 0 0 0 0 0 0 0 0 0 0 0 
1080 328 0 0 0 0 0 0 0 0 0 0 0 0 0 0 
1096 328 0 0 0 0 0 0 0 0 0 0 0 0 0 0 
1112 328 0 0 0 0 0 0 0 0 0 0 0 0 0 0 
1128 328 0 0 0 0 0 0 0 0 0 0 0 0 0 0 
1144 328 0 0 0 0 0 0 0 0 0 0 0 0 0 0 
1160 328 0 0 0 0 0 0 0 0 0 0 0 0 0 0 
1176 328 0 0 0 0 0 0 0 0 0 0 0 0 0 0 
1192 328 0 0 0 0 0 0 0 0 0 0 0 0 0 0 
1208 328 0 0 0 0 0 0 0 0 0 0 0 0 0 0 
1224 328 0 0 0 0 0 0 0 0 0 0 0 0 0 0 
1240 328 0 0 0 0 0 0 0 0 0 0 0 0 0 0 
1256 328 0 0 0 0 0 0 0 0 0 0 0 0 0 0 
1272 328 0 0 0 0 0 0 0 0 0 0 0 0 0 0 
1288 328 0 0 0 0 0 0 0 0 0 0 0 0 0 0 
1304 328 0 0 0 0 0 0 0 0 0 0 0 0 0 0 
1320 328 0 0 0 0 0 0 0 0 0 0 0 0 0 0 
1336 328 0 0 0 0 0 0 0 0 0 0 0 0 0 0 
1352 328 0 0 0 0 0 0 0 0 0 0 0 0 0 0 
1368 328 0 0 0 0 0 0 0 0 0 0 0 0 0 0 
1384 328 0 0 0 0 0 0 0 0 0 0 0 0 0 0 
1400 328 0 0 0 0 0 0 0 0 0 0 0 0 0 0 
1416 328 0 0 0 0 0 0 0 0 0 0 0 0 0 0 
1432 328 0 0 0 0 0 0 0 0 0 0 0 0 0 0 
1448 328 0 0 0 0 0 0 0 0 0 0 0 0 0 0 
1464 328 0 0 0 0 0 0 0 0 0 0 0 0 0 0 
1480 328 0 0 0 0 0 0 0 0 0 0 0 0 0 0 
1496 328 0 0 0 0 0 0 0 0 0 0 0 0 0 0 
1512 328 0 0 0 0 0 0 0 0 0 0 0 0 0 0 
1528 328 0 0 0 0 0 0 0 0 0 0 0 0 0 0 
1544 328 0 0 0 0 0 0 0 0 0 0 0 0 0 0 
1560 328 0 0 0 0 0 0 0 0 0 0 0 0 0 0 
1576 328 0 0 0 0 0 0 0 0 0 0 0 0 0 0 
1592 328 0 0 0 0 0 0 0 0 0 0 0 0 0 0 
1608 328 0 0 0 0 0 0 0 0 0 0 0 0 0 0 
1624 328 0 0 0 0 0 0 0 0 0 0 0 0 0 0 
1640 328 0 0 0 0 0 0 0 0 0 0 0 0 0 0 
1656 328 0 0 0 0 0 0 0 0 0 0 0 0 0 0 
1672 328 0 0 0 0 0 0 0 0 0 0 0 0 0 0 
1688 328 0 0 0 0 0 0 0 0 0 0 0 0 0 0 
1704 328 0 0 0 0 0 0 0 0 0 0 0 0 0 0 
1720 328 0 0 0 0 0 0 0 0 0 0 0 0 0 0 
1736 328 0 0 0 0 0 0 0 0 0 0 0 0 0 0 
1752 328 0 0 0 0 0 0 0 0 0 0 0 0 0 0 
1768 328 0 0 0 0 0 0 0 0 0 0 0 0 0 0 
1784 328 0 0 0 0 0 0 0 0 0 0 0 0 0 0 
1800 328 0 0 0 0 0 0 0 0 0 0 0 0 0 0 
1816 328 0 0 0 0 0 0 0 0 0 0 0 0 0 0 
1832 328 0 0 0 0 0 0 0 0 0 0 0 0 0 0 
1848 328 0 0 0 0 0 0 0 0 0 0 0 0 0 0 
1864 328 0 0 0 0 0 0 0 0 0 0 0 0 0 0 
1880 328 0 0 0 0 0 0 0 0 0 0 0 0 0 0 
1896 328 0 0 0 0 0 0 0 0 0 0 0 0 0 0 
1912 328 0 0 0 0 0 0 0 0 0 0 0 0 0 0 
1928 328 0 0 0 0 0 0 0 0 0 0 0 0 0 0 
1944 328 0 0 0 0 0 0 0 0 0 0 0 0 0 0 
1960 328 0 0 0 0 0 0 0 0 0 0 0 0 0 0 
1976 328 0 0 0 0 0 0 0 0 0 0 0 0 0 0 
1992 328 0 0 0 0 0 0 0 0 0 0 0 0 0 0 
2008 328 0 0 0 0 0 0 0 0 0 0 0 0 0 0 
2024 328 0 0 0 0 0 0 0 0 0 0 0 0 0 0 
2040 328 0 0 0 0 0 0 0 0 0 0 0 0 0 0 
2056 328 0 0 0 0 0 0 0 0 0 0 0 0 0 0 
2072 328 0 0 0 0 0 0 0 0 0 0 0 0 0 0 
2088 328 0 0 0 0 0 0 0 0 0 0 0 0 0 0 
2104 328 0 0 0 0 0 0 0 0 0 0 0 0 0 0 
2120 328 0 0 0 0 0 0 0 0 0 0 0 0 0 0 
2136 328 0 0 0 0 0 0 0 0 0 0 0 0 0 0 
2152 328 0 0 0 0 0 0 0 0 0 0 0 0 0 0 
2168 328 0 0 0 0 0 0 0 0 0 0 0 0 0 0 
2184 328 0 0 0 0 0 0 0 0 0 0 0 0 0 0 
2200 328 0 0 0 0 0 0 0 0 0 0 0 0 0 0 
2216 328 0 0 0 0 0 0 0 0 0 0 0 0 0 0 
2232 328 0 0 0 0 0 0 0 0 0 0 0 0 0 0 
2248 328 0 0 0 0 0 0 0 0 0 0 0 0 0 0 
2264 328 0 0 0 0 0 0 0 0 0 0 0 0 0 0 
2280 328 0 0 0 0 0 0 0 0 0 0 0 0 0 0 
2296 328 0 0 0 0 0 0 0 0 0 0 0 0 0 0 
2312 328 0 0 0 0 0 0 0 0 0 0 0 0 0 0 
2328 328 0 0 0 0 0 0 0 0 0 0 0 0 0 0 
2344 328 0 0 0 0 0 0 0 0 0 0 0 0 0 0 
2360 328 0 0 0 0 0 0 0 0 0 0 0 0 0 0 
2376 328 0 0 0 0 0 0 0 0 0 0 0 0 0 0 
2392 328 0 0 0 0 0 0 0 0 0 0 0 0 0 0 
2408 328 0 0 0 0 0 0 0 0 0 0 0 0 0 0 
2424 328 0 0 0 0 0 0 0 0 0 0 0 0 0 0 
2440 328 0 0 0 0 0 0 0 0 0 0 0 0 0 0 
2456 328 0 0 0 0 0 0 0 0 0 0 0 0 0 0 
2472 328 0 0 0 0 0 0 0 0 0 0 0 0 0 0 
2488 328 0 0 0 0 0 0 0 0 0 0 0 0 0 0 
2504 328 0 0 0 0 0 0 0 0 0 0 0 0 0 0 
2520 328 0 0 0 0 0 0 0 0 0 0 0 0 0 0 
2536 328 0 0 0 0 0 0 0 0 0 0 0 0 0 0 
24 344 0 0 0 0 0 0 0 0 0 0 0 0 0 0 
40 344 0 0 0 0 0 0 0 0 0 0 0 0 0 0 
56 344 0 0 0 0 0 0 0 0 0 0 0 0 0 0 
72 344 0 0 0 0 0 0 0 0 0 0 0 0 0 0 
88 344 0 0 0 0 0 0 0 0 0 0 0 0 0 0 
104 344 0 0 0 0 0 0 0 0 0 0 0 0 0 0 
120 344 0 0 0 0 0 0 0 0 0 0 0 0 0 0 
136 344 0 0 0 0 0 0 0 0 0 0 0 0 0 0 
152 344 0 0 0 0 0 0 0 0 0 0 0 0 0 0 
168 344 0 0 0 0 0 0 0 0 0 0 0 0 0 0 
184 344 0 0 0 0 0 0 0 0 0 0 0 0 0 0 
200 344 0 0 0 0 0 0 0 0 0 0 0 0 0 0 
216 344 0 0 0 0 0 0 0 0 0 0 0 0 0 0 
232 344 0 0 0 0 0 0 0 0 0 0 0 0 0 0 
248 344 0 0 0 0 0 0 0 0 0 0 0 0 0 0 
264 344 0 0 0 0 0 0 0 0 0 0 0 0 0 0 
280 344 0 0 0 0 0 0 0 0 0 0 0 0 0 0 
296 344 0 0 0 0 0 0 0 0 0 0 0 0 0 0 
312 344 0 0 0 0 0 0 0 0 0 0 0 0 0 0 
328 344 0 0 0 0 0 0 0 0 0 0 0 0 0 0 
344 344 0 0 0 0 0 0 0 0 0 0 0 0 0 0 
360 344 0 0 0 0 0 0 0 0 0 0 0 0 0 0 
376 344 0 0 0 0 0 0 0 0 0 0 0 0 0 0 
392 344 0 0 0 0 0 0 0 0 0 0 0 0 0 0 
408 344 0 0 0 0 0 0 0 0 0 0 0 0 0 0 
424 344 0 0 0 0 0 0 0 0 0 0 0 0 0 0 
440 344 0 0 0 0 0 0 0 0 0 0 0 0 0 0 
456 344 0 0 0 0 0 0 0 0 0 0 0 0 0 0 
472 344 0 0 0 0 0 0 0 0 0 0 0 0 0 0 
488 344 0 0 0 0 0 0 0 0 0 0 0 0 0 0 
504 344 0 0 0 0 0 0 0 0 0 0 0 0 0 0 
520 344 0 0 0 0 0 0 0 0 0 0 0 0 0 0 
536 344 0 0 0 0 0 0 0 0 0 0 0 0 0 0 
552 344 0 0 0 0 0 0 0 0 0 0 0 0 0 0 
568 344 0 0 0 0 0 0 0 0 0 0 0 0 0 0 
584 344 0 0 0 0 0 0 0 0 0 0 0 0 0 0 
600 344 0 0 0 0 0 0 0 0 0 0 0 0 0 0 
616 344 0 0 0 0 0 0 0 0 0 0 0 0 0 0 
632 344 0 0 0 0 0 0 0 0 0 0 0 0 0 0 
648 344 0 0 0 0 0 0 0 0 0 0 0 0 0 0 
664 344 0 0 0 0 0 0 0 0 0 0 0 0 0 0 
680 344 0 0 0 0 0 0 0 0 0 0 0 0 0 0 
696 344 0 0 0 0 0 0 0 0 0 0 0 0 0 0 
712 344 0 0 0 0 0 0 0 0 0 0 0 0 0 0 
728 344 0 0 0 0 0 0 0 0 0 0 0 0 0 0 
744 344 0 0 0 0 0 0 0 0 0 0 0 0 0 0 
760 344 0 0 0 0 0 0 0 0 0 0 0 0 0 0 
776 344 0 0 0 0 0 0 0 0 0 0 0 0 0 0 
792 344 0 0 0 0 0 0 0 0 0 0 0 0 0 0 
808 344 0 0 0 0 0 0 0 0 0 0 0 0 0 0 
824 344 0 0 0 0 0 0 0 0 0 0 0 0 0 0 
840 344 0 0 0 0 0 0 0 0 0 0 0 0 0 0 
856 344 0 0 0 0 0 0 0 0 0 0 0 0 0 0 
872 344 0 0 0 0 0 0 0 0 0 0 0 0 0 0 
888 344 0 0 0 0 0 0 0 0 0 0 0 0 0 0 
904 344 0 0 0 0 0 0 0 0 0 0 0 0 0 0 
920 344 0 0 0 0 0 0 0 0 0 0 0 0 0 0 
936 344 0 0 0 0 0 0 0 0 0 0 0 0 0 0 
952 344 0 0 0 0 0 0 0 0 0 0 0 0 0 0 
968 344 0 0 0 0 0 0 0 0 0 0 0 0 0 0 
984 344 0 0 0 0 0 0 0 0 0 0 0 0 0 0 
1000 344 0 0 0 0 0 0 0 0 0 0 0 0 0 0 
1016 344 0 0 0 0 0 0 0 0 0 0 0 0 0 0 
1032 344 0 0 0 0 0 0 0 0 0 0 0 0 0 0 
1048 344 0 0 0 0 0 0 0 0 0 0 0 0 0 0 
1064 344 0 0 0 0 0 0 0 0 0 0 0 0 0 0 
1080 344 0 0 0 0 0 0 0 0 0 0 0 0 0 0 
1096 344 0 0 0 0 0 0 0 0 0 0 0 0 0 0 
1112 344 0 0 0 0 0 0 0 0 0 0 0 0 0 0 
1128 344 0 0 0 0 0 0 0 0 0 0 0 0 0 0 
1144 344 0 0 0 0 0 0 0 0 0 0 0 0 0 0 
1160 344 0 0 0 0 0 0 0 0 0 0 0 0 0 0 
1176 344 0 0 0 0 0 0 0 0 0 0 0 0 0 0 
1192 344 0 0 0 0 0 0 0 0 0 0 0 0 0 0 
1208 344 0 0 0 0 0 0 0 0 0 0 0 0 0 0 
1224 344 0 0 0 0 0 0 0 0 0 0 0 0 0 0 
1240 344 0 0 0 0 0 0 0 0 0 0 0 0 0 0 
1256 344 0 0 0 0 0 0 0 0 0 0 0 0 0 0 
1272 344 0 0 0 0 0 0 0 0 0 0 0 0 0 0 
1288 344 0 0 0 0 0 0 0 0 0 0 0 0 0 0 
1304 344 0 0 0 0 0 0 0 0 0 0 0 0 0 0 
1320 344 0 0 0 0 0 0 0 0 0 0 0 0 0 0 
1336 344 0 0 0 0 0 0 0 0 0 0 0 0 0 0 
1352 344 0 0 0 0 0 0 0 0 0 0 0 0 0 0 
1368 344 0 0 0 0 0 0 0 0 0 0 0 0 0 0 
1384 344 0 0 0 0 0 0 0 0 0 0 0 0 0 0 
1400 344 0 0 0 0 0 0 0 0 0 0 0 0 0 0 
1416 344 0 0 0 0 0 0 0 0 0 0 0 0 0 0 
1432 344 0 0 0 0 0 0 0 0 0 0 0 0 0 0 
1448 344 0 0 0 0 0 0 0 0 0 0 0 0 0 0 
1464 344 0 0 0 0 0 0 0 0 0 0 0 0 0 0 
1480 344 0 0 0 0 0 0 0 0 0 0 0 0 0 0 
1496 344 0 0 0 0 0 0 0 0 0 0 0 0 0 0 
1512 344 0 0 0 0 0 0 0 0 0 0 0 0 0 0 
1528 344 0 0 0 0 0 0 0 0 0 0 0 0 0 0 
1544 344 0 0 0 0 0 0 0 0 0 0 0 0 0 0 
1560 344 0 0 0 0 0 0 0 0 0 0 0 0 0 0 
1576 344 0 0 0 0 0 0 0 0 0 0 0 0 0 0 
1592 344 0 0 0 0 0 0 0 0 0 0 0 0 0 0 
1608 344 0 0 0 0 0 0 0 0 0 0 0 0 0 0 
1624 344 0 0 0 0 0 0 0 0 0 0 0 0 0 0 
1640 344 0 0 0 0 0 0 0 0 0 0 0 0 0 0 
1656 344 0 0 0 0 0 0 0 0 0 0 0 0 0 0 
1672 344 0 0 0 0 0 0 0 0 0 0 0 0 0 0 
1688 344 0 0 0 0 0 0 0 0 0 0 0 0 0 0 
1704 344 0 0 0 0 0 0 0 0 0 0 0 0 0 0 
1720 344 0 0 0 0 0 0 0 0 0 0 0 0 0 0 
1736 344 0 0 0 0 0 0 0 0 0 0 0 0 0 0 
1752 344 0 0 0 0 0 0 0 0 0 0 0 0 0 0 
1768 344 0 0 0 0 0 0 0 0 0 0 0 0 0 0 
1784 344 0 0 0 0 0 0 0 0 0 0 0 0 0 0 
1800 344 0 0 0 0 0 0 0 0 0 0 0 0 0 0 
1816 344 0 0 0 0 0 0 0 0 0 0 0 0 0 0 
1832 344 0 0 0 0 0 0 0 0 0 0 0 0 0 0 
1848 344 0 0 0 0 0 0 0 0 0 0 0 0 0 0 
1864 344 0 0 0 0 0 0 0 0 0 0 0 0 0 0 
1880 344 0 0 0 0 0 0 0 0 0 0 0 0 0 0 
1896 344 0 0 0 0 0 0 0 0 0 0 0 0 0 0 
1912 344 0 0 0 0 0 0 0 0 0 0 0 0 0 0 
1928 344 0 0 0 0 0 0 0 0 0 0 0 0 0 0 
1944 344 0 0 0 0 0 0 0 0 0 0 0 0 0 0 
1960 344 0 0 0 0 0 0 0 0 0 0 0 0 0 0 
1976 344 0 0 0 0 0 0 0 0 0 0 0 0 0 0 
1992 344 0 0 0 0 0 0 0 0 0 0 0 0 0 0 
2008 344 0 0 0 0 0 0 0 0 0 0 0 0 0 0 
2024 344 0 0 0 0 0 0 0 0 0 0 0 0 0 0 
2040 344 0 0 0 0 0 0 0 0 0 0 0 0 0 0 
2056 344 0 0 0 0 0 0 0 0 0 0 0 0 0 0 
2072 344 0 0 0 0 0 0 0 0 0 0 0 0 0 0 
2088 344 0 0 0 0 0 0 0 0 0 0 0 0 0 0 
2104 344 0 0 0 0 0 0 0 0 0 0 0 0 0 0 
2120 344 0 0 0 0 0 0 0 0 0 0 0 0 0 0 
2136 344 0 0 0 0 0 0 0 0 0 0 0 0 0 0 
2152 344 0 0 0 0 0 0 0 0 0 0 0 0 0 0 
2168 344 0 0 0 0 0 0 0 0 0 0 0 0 0 0 
2184 344 0 0 0 0 0 0 0 0 0 0 0 0 0 0 
2200 344 0 0 0 0 0 0 0 0 0 0 0 0 0 0 
2216 344 0 0 0 0 0 0 0 0 0 0 0 0 0 0 
2232 344 0 0 0 0 0 0 0 0 0 0 0 0 0 0 
2248 344 0 0 0 0 0 0 0 0 0 0 0 0 0 0 
2264 344 0 0 0 0 0 0 0 0 0 0 0 0 0 0 
2280 344 0 0 0 0 0 0 0 0 0 0 0 0 0 0 
2296 344 0 0 0 0 0 0 0 0 0 0 0 0 0 0 
2312 344 0 0 0 0 0 0 0 0 0 0 0 0 0 0 
2328 344 0 0 0 0 0 0 0 0 0 0 0 0 0 0 
2344 344 0 0 0 0 0 0 0 0 0 0 0 0 0 0 
2360 344 0 0 0 0 0 0 0 0 0 0 0 0 0 0 
2376 344 0 0 0 0 0 0 0 0 0 0 0 0 0 0 
2392 344 0 0 0 0 0 0 0 0 0 0 0 0 0 0 
2408 344 0 0 0 0 0 0 0 0 0 0 0 0 0 0 
2424 344 0 0 0 0 0 0 0 0 0 0 0 0 0 0 
2440 344 0 0 0 0 0 0 0 0 0 0 0 0 0 0 
2456 344 0 0 0 0 0 0 0 0 0 0 0 0 0 0 
2472 344 0 0 0 0 0 0 0 0 0 0 0 0 0 0 
2488 344 0 0 0 0 0 0 0 0 0 0 0 0 0 0 
2504 344 0 0 0 0 0 0 0 0 0 0 0 0 0 0 
2520 344 0 0 0 0 0 0 0 0 0 0 0 0 0 0 
2536 344 0 0 0 0 0 0 0 0 0 0 0 0 0 0 
24 360 0 0 0 0 0 0 0 0 0 0 0 0 0 0 
40 360 0 0 0 0 0 0 0 0 0 0 0 0 0 0 
56 360 0 0 0 0 0 0 0 0 0 0 0 0 0 0 
72 360 0 0 0 0 0 0 0 0 0 0 0 0 0 0 
88 360 0 0 0 0 0 0 0 0 0 0 0 0 0 0 
104 360 0 0 0 0 0 0 0 0 0 0 0 0 0 0 
120 360 0 0 0 0 0 0 0 0 0 0 0 0 0 0 
136 360 0 0 0 0 0 0 0 0 0 0 0 0 0 0 
152 360 0 0 0 0 0 0 0 0 0 0 0 0 0 0 
168 360 0 0 0 0 0 0 0 0 0 0 0 0 0 0 
184 360 0 0 0 0 0 0 0 0 0 0 0 0 0 0 
200 360 0 0 0 0 0 0 0 0 0 0 0 0 0 0 
216 360 0 0 0 0 0 0 0 0 0 0 0 0 0 0 
232 360 0 0 0 0 0 0 0 0 0 0 0 0 0 0 
248 360 0 0 0 0 0 0 0 0 0 0 0 0 0 0 
264 360 0 0 0 0 0 0 0 0 0 0 0 0 0 0 
280 360 0 0 0 0 0 0 0 0 0 0 0 0 0 0 
296 360 0 0 0 0 0 0 0 0 0 0 0 0 0 0 
312 360 0 0 0 0 0 0 0 0 0 0 0 0 0 0 
328 360 0 0 0 0 0 0 0 0 0 0 0 0 0 0 
344 360 0 0 0 0 0 0 0 0 0 0 0 0 0 0 
360 360 0 0 0 0 0 0 0 0 0 0 0 0 0 0 
376 360 0 0 0 0 0 0 0 0 0 0 0 0 0 0 
392 360 0 0 0 0 0 0 0 0 0 0 0 0 0 0 
408 360 0 0 0 0 0 0 0 0 0 0 0 0 0 0 
424 360 0 0 0 0 0 0 0 0 0 0 0 0 0 0 
440 360 0 0 0 0 0 0 0 0 0 0 0 0 0 0 
456 360 0 0 0 0 0 0 0 0 0 0 0 0 0 0 
472 360 0 0 0 0 0 0 0 0 0 0 0 0 0 0 
488 360 0 0 0 0 0 0 0 0 0 0 0 0 0 0 
504 360 0 0 0 0 0 0 0 0 0 0 0 0 0 0 
520 360 0 0 0 0 0 0 0 0 0 0 0 0 0 0 
536 360 0 0 0 0 0 0 0 0 0 0 0 0 0 0 
552 360 0 0 0 0 0 0 0 0 0 0 0 0 0 0 
568 360 0 0 0 0 0 0 0 0 0 0 0 0 0 0 
584 360 0 0 0 0 0 0 0 0 0 0 0 0 0 0 
600 360 0 0 0 0 0 0 0 0 0 0 0 0 0 0 
616 360 0 0 0 0 0 0 0 0 0 0 0 0 0 0 
632 360 0 0 0 0 0 0 0 0 0 0 0 0 0 0 
648 360 0 0 0 0 0 0 0 0 0 0 0 0 0 0 
664 360 0 0 0 0 0 0 0 0 0 0 0 0 0 0 
680 360 0 0 0 0 0 0 0 0 0 0 0 0 0 0 
696 360 0 0 0 0 0 0 0 0 0 0 0 0 0 0 
712 360 0 0 0 0 0 0 0 0 0 0 0 0 0 0 
728 360 0 0 0 0 0 0 0 0 0 0 0 0 0 0 
744 360 0 0 0 0 0 0 0 0 0 0 0 0 0 0 
760 360 0 0 0 0 0 0 0 0 0 0 0 0 0 0 
776 360 0 0 0 0 0 0 0 0 0 0 0 0 0 0 
792 360 0 0 0 0 0 0 0 0 0 0 0 0 0 0 
808 360 0 0 0 0 0 0 0 0 0 0 0 0 0 0 
824 360 0 0 0 0 0 0 0 0 0 0 0 0 0 0 
840 360 0 0 0 0 0 0 0 0 0 0 0 0 0 0 
856 360 0 0 0 0 0 0 0 0 0 0 0 0 0 0 
872 360 0 0 0 0 0 0 0 0 0 0 0 0 0 0 
888 360 0 0 0 0 0 0 0 0 0 0 0 0 0 0 
904 360 0 0 0 0 0 0 0 0 0 0 0 0 0 0 
920 360 0 0 0 0 0 0 0 0 0 0 0 0 0 0 
936 360 0 0 0 0 0 0 0 0 0 0 0 0 0 0 
952 360 0 0 0 0 0 0 0 0 0 0 0 0 0 0 
968 360 0 0 0 0 0 0 0 0 0 0 0 0 0 0 
984 360 0 0 0 0 0 0 0 0 0 0 0 0 0 0 
1000 360 0 0 0 0 0 0 0 0 0 0 0 0 0 0 
1016 360 0 0 0 0 0 0 0 0 0 0 0 0 0 0 
1032 360 0 0 0 0 0 0 0 0 0 0 0 0 0 0 
1048 360 0 0 0 0 0 0 0 0 0 0 0 0 0 0 
1064 360 0 0 0 0 0 0 0 0 0 0 0 0 0 0 
1080 360 0 0 0 0 0 0 0 0 0 0 0 0 0 0 
1096 360 0 0 0 0 0 0 0 0 0 0 0 0 0 0 
1112 360 0 0 0 0 0 0 0 0 0 0 0 0 0 0 
1128 360 0 0 0 0 0 0 0 0 0 0 0 0 0 0 
1144 360 0 0 0 0 0 0 0 0 0 0 0 0 0 0 
1160 360 0 0 0 0 0 0 0 0 0 0 0 0 0 0 
1176 360 0 0 0 0 0 0 0 0 0 0 0 0 0 0 
1192 360 0 0 0 0 0 0 0 0 0 0 0 0 0 0 
1208 360 0 0 0 0 0 0 0 0 0 0 0 0 0 0 
1224 360 0 0 0 0 0 0 0 0 0 0 0 0 0 0 
1240 360 0 0 0 0 0 0 0 0 0 0 0 0 0 0 
1256 360 0 0 0 0 0 0 0 0 0 0 0 0 0 0 
1272 360 0 0 0 0 0 0 0 0 0 0 0 0 0 0 
1288 360 0 0 0 0 0 0 0 0 0 0 0 0 0 0 
1304 360 0 0 0 0 0 0 0 0 0 0 0 0 0 0 
1320 360 0 0 0 0 0 0 0 0 0 0 0 0 0 0 
1336 360 0 0 0 0 0 0 0 0 0 0 0 0 0 0 
1352 360 0 0 0 0 0 0 0 0 0 0 0 0 0 0 
1368 360 0 0 0 0 0 0 0 0 0 0 0 0 0 0 
1384 360 0 0 0 0 0 0 0 0 0 0 0 0 0 0 
1400 360 0 0 0 0 0 0 0 0 0 0 0 0 0 0 
1416 360 0 0 0 0 0 0 0 0 0 0 0 0 0 0 
1432 360 0 0 0 0 0 0 0 0 0 0 0 0 0 0 
1448 360 0 0 0 0 0 0 0 0 0 0 0 0 0 0 
1464 360 0 0 0 0 0 0 0 0 0 0 0 0 0 0 
1480 360 0 0 0 0 0 0 0 0 0 0 0 0 0 0 
1496 360 0 0 0 0 0 0 0 0 0 0 0 0 0 0 
1512 360 0 0 0 0 0 0 0 0 0 0 0 0 0 0 
1528 360 0 0 0 0 0 0 0 0 0 0 0 0 0 0 
1544 360 0 0 0 0 0 0 0 0 0 0 0 0 0 0 
1560 360 0 0 0 0 0 0 0 0 0 0 0 0 0 0 
1576 360 0 0 0 0 0 0 0 0 0 0 0 0 0 0 
1592 360 0 0 0 0 0 0 0 0 0 0 0 0 0 0 
1608 360 0 0 0 0 0 0 0 0 0 0 0 0 0 0 
1624 360 0 0 0 0 0 0 0 0 0 0 0 0 0 0 
1640 360 0 0 0 0 0 0 0 0 0 0 0 0 0 0 
1656 360 0 0 0 0 0 0 0 0 0 0 0 0 0 0 
1672 360 0 0 0 0 0 0 0 0 0 0 0 0 0 0 
1688 360 0 0 0 0 0 0 0 0 0 0 0 0 0 0 
1704 360 0 0 0 0 0 0 0 0 0 0 0 0 0 0 
1720 360 0 0 0 0 0 0 0 0 0 0 0 0 0 0 
1736 360 0 0 0 0 0 0 0 0 0 0 0 0 0 0 
1752 360 0 0 0 0 0 0 0 0 0 0 0 0 0 0 
1768 360 0 0 0 0 0 0 0 0 0 0 0 0 0 0 
1784 360 0 0 0 0 0 0 0 0 0 0 0 0 0 0 
1800 360 0 0 0 0 0 0 0 0 0 0 0 0 0 0 
1816 360 0 0 0 0 0 0 0 0 0 0 0 0 0 0 
1832 360 0 0 0 0 0 0 0 0 0 0 0 0 0 0 
1848 360 0 0 0 0 0 0 0 0 0 0 0 0 0 0 
1864 360 0 0 0 0 0 0 0 0 0 0 0 0 0 0 
1880 360 0 0 0 0 0 0 0 0 0 0 0 0 0 0 
1896 360 0 0 0 0 0 0 0 0 0 0 0 0 0 0 
1912 360 0 0 0 0 0 0 0 0 0 0 0 0 0 0 
1928 360 0 0 0 0 0 0 0 0 0 0 0 0 0 0 
1944 360 0 0 0 0 0 0 0 0 0 0 0 0 0 0 
1960 360 0 0 0 0 0 0 0 0 0 0 0 0 0 0 
1976 360 0 0 0 0 0 0 0 0 0 0 0 0 0 0 
1992 360 0 0 0 0 0 0 0 0 0 0 0 0 0 0 
2008 360 0 0 0 0 0 0 0 0 0 0 0 0 0 0 
2024 360 0 0 0 0 0 0 0 0 0 0 0 0 0 0 
2040 360 0 0 0 0 0 0 0 0 0 0 0 0 0 0 
2056 360 0 0 0 0 0 0 0 0 0 0 0 0 0 0 
2072 360 0 0 0 0 0 0 0 0 0 0 0 0 0 0 
2088 360 0 0 0 0 0 0 0 0 0 0 0 0 0 0 
2104 360 0 0 0 0 0 0 0 0 0 0 0 0 0 0 
2120 360 0 0 0 0 0 0 0 0 0 0 0 0 0 0 
2136 360 0 0 0 0 0 0 0 0 0 0 0 0 0 0 
2152 360 0 0 0 0 0 0 0 0 0 0 0 0 0 0 
2168 360 0 0 0 0 0 0 0 0 0 0 0 0 0 0 
2184 360 0 0 0 0 0 0 0 0 0 0 0 0 0 0 
2200 360 0 0 0 0 0 0 0 0 0 0 0 0 0 0 
2216 360 0 0 0 0 0 0 0 0 0 0 0 0 0 0 
2232 360 0 0 0 0 0 0 0 0 0 0 0 0 0 0 
2248 360 0 0 0 0 0 0 0 0 0 0 0 0 0 0 
2264 360 0 0 0 0 0 0 0 0 0 0 0 0 0 0 
2280 360 0 0 0 0 0 0 0 0 0 0 0 0 0 0 
2296 360 0 0 0 0 0 0 0 0 0 0 0 0 0 0 
2312 360 0 0 0 0 0 0 0 0 0 0 0 0 0 0 
2328 360 0 0 0 0 0 0 0 0 0 0 0 0 0 0 
2344 360 0 0 0 0 0 0 0 0 0 0 0 0 0 0 
2360 360 0 0 0 0 0 0 0 0 0 0 0 0 0 0 
2376 360 0 0 0 0 0 0 0 0 0 0 0 0 0 0 
2392 360 0 0 0 0 0 0 0 0 0 0 0 0 0 0 
2408 360 0 0 0 0 0 0 0 0 0 0 0 0 0 0 
2424 360 0 0 0 0 0 0 0 0 0 0 0 0 0 0 
2440 360 0 0 0 0 0 0 0 0 0 0 0 0 0 0 
2456 360 0 0 0 0 0 0 0 0 0 0 0 0 0 0 
2472 360 0 0 0 0 0 0 0 0 0 0 0 0 0 0 
2488 360 0 0 0 0 0 0 0 0 0 0 0 0 0 0 
2504 360 0 0 0 0 0 0 0 0 0 0 0 0 0 0 
2520 360 0 0 0 0 0 0 0 0 0 0 0 0 0 0 
2536 360 0 0 0 0 0 0 0 0 0 0 0 0 0 0 
24 376 0 0 0 0 0 0 0 0 0 0 0 0 0 0 
40 376 0 0 0 0 0 0 0 0 0 0 0 0 0 0 
56 376 0 0 0 0 0 0 0 0 0 0 0 0 0 0 
72 376 0 0 0 0 0 0 0 0 0 0 0 0 0 0 
88 376 0 0 0 0 0 0 0 0 0 0 0 0 0 0 
104 376 0 0 0 0 0 0 0 0 0 0 0 0 0 0 
120 376 0 0 0 0 0 0 0 0 0 0 0 0 0 0 
136 376 0 0 0 0 0 0 0 0 0 0 0 0 0 0 
152 376 0 0 0 0 0 0 0 0 0 0 0 0 0 0 
168 376 0 0 0 0 0 0 0 0 0 0 0 0 0 0 
184 376 0 0 0 0 0 0 0 0 0 0 0 0 0 0 
200 376 0 0 0 0 0 0 0 0 0 0 0 0 0 0 
216 376 0 0 0 0 0 0 0 0 0 0 0 0 0 0 
232 376 0 0 0 0 0 0 0 0 0 0 0 0 0 0 
248 376 0 0 0 0 0 0 0 0 0 0 0 0 0 0 
264 376 0 0 0 0 0 0 0 0 0 0 0 0 0 0 
280 376 0 0 0 0 0 0 0 0 0 0 0 0 0 0 
296 376 0 0 0 0 0 0 0 0 0 0 0 0 0 0 
312 376 0 0 0 0 0 0 0 0 0 0 0 0 0 0 
328 376 0 0 0 0 0 0 0 0 0 0 0 0 0 0 
344 376 0 0 0 0 0 0 0 0 0 0 0 0 0 0 
360 376 0 0 0 0 0 0 0 0 0 0 0 0 0 0 
376 376 0 0 0 0 0 0 0 0 0 0 0 0 0 0 
392 376 0 0 0 0 0 0 0 0 0 0 0 0 0 0 
408 376 0 0 0 0 0 0 0 0 0 0 0 0 0 0 
424 376 0 0 0 0 0 0 0 0 0 0 0 0 0 0 
440 376 0 0 0 0 0 0 0 0 0 0 0 0 0 0 
456 376 0 0 0 0 0 0 0 0 0 0 0 0 0 0 
472 376 0 0 0 0 0 0 0 0 0 0 0 0 0 0 
488 376 0 0 0 0 0 0 0 0 0 0 0 0 0 0 
504 376 0 0 0 0 0 0 0 0 0 0 0 0 0 0 
520 376 0 0 0 0 0 0 0 0 0 0 0 0 0 0 
536 376 0 0 0 0 0 0 0 0 0 0 0 0 0 0 
552 376 0 0 0 0 0 0 0 0 0 0 0 0 0 0 
568 376 0 0 0 0 0 0 0 0 0 0 0 0 0 0 
584 376 0 0 0 0 0 0 0 0 0 0 0 0 0 0 
600 376 0 0 0 0 0 0 0 0 0 0 0 0 0 0 
616 376 0 0 0 0 0 0 0 0 0 0 0 0 0 0 
632 376 0 0 0 0 0 0 0 0 0 0 0 0 0 0 
648 376 0 0 0 0 0 0 0 0 0 0 0 0 0 0 
664 376 0 0 0 0 0 0 0 0 0 0 0 0 0 0 
680 376 0 0 0 0 0 0 0 0 0 0 0 0 0 0 
696 376 0 0 0 0 0 0 0 0 0 0 0 0 0 0 
712 376 0 0 0 0 0 0 0 0 0 0 0 0 0 0 
728 376 0 0 0 0 0 0 0 0 0 0 0 0 0 0 
744 376 0 0 0 0 0 0 0 0 0 0 0 0 0 0 
760 376 0 0 0 0 0 0 0 0 0 0 0 0 0 0 
776 376 0 0 0 0 0 0 0 0 0 0 0 0 0 0 
792 376 0 0 0 0 0 0 0 0 0 0 0 0 0 0 
808 376 0 0 0 0 0 0 0 0 0 0 0 0 0 0 
824 376 0 0 0 0 0 0 0 0 0 0 0 0 0 0 
840 376 0 0 0 0 0 0 0 0 0 0 0 0 0 0 
856 376 0 0 0 0 0 0 0 0 0 0 0 0 0 0 
872 376 0 0 0 0 0 0 0 0 0 0 0 0 0 0 
888 376 0 0 0 0 0 0 0 0 0 0 0 0 0 0 
904 376 0 0 0 0 0 0 0 0 0 0 0 0 0 0 
920 376 0 0 0 0 0 0 0 0 0 0 0 0 0 0 
936 376 0 0 0 0 0 0 0 0 0 0 0 0 0 0 
952 376 0 0 0 0 0 0 0 0 0 0 0 0 0 0 
968 376 0 0 0 0 0 0 0 0 0 0 0 0 0 0 
984 376 0 0 0 0 0 0 0 0 0 0 0 0 0 0 
1000 376 0 0 0 0 0 0 0 0 0 0 0 0 0 0 
1016 376 0 0 0 0 0 0 0 0 0 0 0 0 0 0 
1032 376 0 0 0 0 0 0 0 0 0 0 0 0 0 0 
1048 376 0 0 0 0 0 0 0 0 0 0 0 0 0 0 
1064 376 0 0 0 0 0 0 0 0 0 0 0 0 0 0 
1080 376 0 0 0 0 0 0 0 0 0 0 0 0 0 0 
1096 376 0 0 0 0 0 0 0 0 0 0 0 0 0 0 
1112 376 0 0 0 0 0 0 0 0 0 0 0 0 0 0 
1128 376 0 0 0 0 0 0 0 0 0 0 0 0 0 0 
1144 376 0 0 0 0 0 0 0 0 0 0 0 0 0 0 
1160 376 0 0 0 0 0 0 0 0 0 0 0 0 0 0 
1176 376 0 0 0 0 0 0 0 0 0 0 0 0 0 0 
1192 376 0 0 0 0 0 0 0 0 0 0 0 0 0 0 
1208 376 0 0 0 0 0 0 0 0 0 0 0 0 0 0 
1224 376 0 0 0 0 0 0 0 0 0 0 0 0 0 0 
1240 376 0 0 0 0 0 0 0 0 0 0 0 0 0 0 
1256 376 0 0 0 0 0 0 0 0 0 0 0 0 0 0 
1272 376 0 0 0 0 0 0 0 0 0 0 0 0 0 0 
1288 376 0 0 0 0 0 0 0 0 0 0 0 0 0 0 
1304 376 0 0 0 0 0 0 0 0 0 0 0 0 0 0 
1320 376 0 0 0 0 0 0 0 0 0 0 0 0 0 0 
1336 376 0 0 0 0 0 0 0 0 0 0 0 0 0 0 
1352 376 0 0 0 0 0 0 0 0 0 0 0 0 0 0 
1368 376 0 0 0 0 0 0 0 0 0 0 0 0 0 0 
1384 376 0 0 0 0 0 0 0 0 0 0 0 0 0 0 
1400 376 0 0 0 0 0 0 0 0 0 0 0 0 0 0 
1416 376 0 0 0 0 0 0 0 0 0 0 0 0 0 0 
1432 376 0 0 0 0 0 0 0 0 0 0 0 0 0 0 
1448 376 0 0 0 0 0 0 0 0 0 0 0 0 0 0 
1464 376 0 0 0 0 0 0 0 0 0 0 0 0 0 0 
1480 376 0 0 0 0 0 0 0 0 0 0 0 0 0 0 
1496 376 0 0 0 0 0 0 0 0 0 0 0 0 0 0 
1512 376 0 0 0 0 0 0 0 0 0 0 0 0 0 0 
1528 376 0 0 0 0 0 0 0 0 0 0 0 0 0 0 
1544 376 0 0 0 0 0 0 0 0 0 0 0 0 0 0 
1560 376 0 0 0 0 0 0 0 0 0 0 0 0 0 0 
1576 376 0 0 0 0 0 0 0 0 0 0 0 0 0 0 
1592 376 0 0 0 0 0 0 0 0 0 0 0 0 0 0 
1608 376 0 0 0 0 0 0 0 0 0 0 0 0 0 0 
1624 376 0 0 0 0 0 0 0 0 0 0 0 0 0 0 
1640 376 0 0 0 0 0 0 0 0 0 0 0 0 0 0 
1656 376 0 0 0 0 0 0 0 0 0 0 0 0 0 0 
1672 376 0 0 0 0 0 0 0 0 0 0 0 0 0 0 
1688 376 0 0 0 0 0 0 0 0 0 0 0 0 0 0 
1704 376 0 0 0 0 0 0 0 0 0 0 0 0 0 0 
1720 376 0 0 0 0 0 0 0 0 0 0 0 0 0 0 
1736 376 0 0 0 0 0 0 0 0 0 0 0 0 0 0 
1752 376 0 0 0 0 0 0 0 0 0 0 0 0 0 0 
1768 376 0 0 0 0 0 0 0 0 0 0 0 0 0 0 
1784 376 0 0 0 0 0 0 0 0 0 0 0 0 0 0 
1800 376 0 0 0 0 0 0 0 0 0 0 0 0 0 0 
1816 376 0 0 0 0 0 0 0 0 0 0 0 0 0 0 
1832 376 0 0 0 0 0 0 0 0 0 0 0 0 0 0 
1848 376 0 0 0 0 0 0 0 0 0 0 0 0 0 0 
1864 376 0 0 0 0 0 0 0 0 0 0 0 0 0 0 
1880 376 0 0 0 0 0 0 0 0 0 0 0 0 0 0 
1896 376 0 0 0 0 0 0 0 0 0 0 0 0 0 0 
1912 376 0 0 0 0 0 0 0 0 0 0 0 0 0 0 
1928 376 0 0 0 0 0 0 0 0 0 0 0 0 0 0 
1944 376 0 0 0 0 0 0 0 0 0 0 0 0 0 0 
1960 376 0 0 0 0 0 0 0 0 0 0 0 0 0 0 
1976 376 0 0 0 0 0 0 0 0 0 0 0 0 0 0 
1992 376 0 0 0 0 0 0 0 0 0 0 0 0 0 0 
2008 376 0 0 0 0 0 0 0 0 0 0 0 0 0 0 
2024 376 0 0 0 0 0 0 0 0 0 0 0 0 0 0 
2040 376 0 0 0 0 0 0 0 0 0 0 0 0 0 0 
2056 376 0 0 0 0 0 0 0 0 0 0 0 0 0 0 
2072 376 0 0 0 0 0 0 0 0 0 0 0 0 0 0 
2088 376 0 0 0 0 0 0 0 0 0 0 0 0 0 0 
2104 376 0 0 0 0 0 0 0 0 0 0 0 0 0 0 
2120 376 0 0 0 0 0 0 0 0 0 0 0 0 0 0 
2136 376 0 0 0 0 0 0 0 0 0 0 0 0 0 0 
2152 376 0 0 0 0 0 0 0 0 0 0 0 0 0 0 
2168 376 0 0 0 0 0 0 0 0 0 0 0 0 0 0 
2184 376 0 0 0 0 0 0 0 0 0 0 0 0 0 0 
2200 376 0 0 0 0 0 0 0 0 0 0 0 0 0 0 
2216 376 0 0 0 0 0 0 0 0 0 0 0 0 0 0 
2232 376 0 0 0 0 0 0 0 0 0 0 0 0 0 0 
2248 376 0 0 0 0 0 0 0 0 0 0 0 0 0 0 
2264 376 0 0 0 0 0 0 0 0 0 0 0 0 0 0 
2280 376 0 0 0 0 0 0 0 0 0 0 0 0 0 0 
2296 376 0 0 0 0 0 0 0 0 0 0 0 0 0 0 
2312 376 0 0 0 0 0 0 0 0 0 0 0 0 0 0 
2328 376 0 0 0 0 0 0 0 0 0 0 0 0 0 0 
2344 376 0 0 0 0 0 0 0 0 0 0 0 0 0 0 
2360 376 0 0 0 0 0 0 0 0 0 0 0 0 0 0 
2376 376 0 0 0 0 0 0 0 0 0 0 0 0 0 0 
2392 376 0 0 0 0 0 0 0 0 0 0 0 0 0 0 
2408 376 0 0 0 0 0 0 0 0 0 0 0 0 0 0 
2424 376 0 0 0 0 0 0 0 0 0 0 0 0 0 0 
2440 376 0 0 0 0 0 0 0 0 0 0 0 0 0 0 
2456 376 0 0 0 0 0 0 0 0 0 0 0 0 0 0 
2472 376 0 0 0 0 0 0 0 0 0 0 0 0 0 0 
2488 376 0 0 0 0 0 0 0 0 0 0 0 0 0 0 
2504 376 0 0 0 0 0 0 0 0 0 0 0 0 0 0 
2520 376 0 0 0 0 0 0 0 0 0 0 0 0 0 0 
2536 376 0 0 0 0 0 0 0 0 0 0 0 0 0 0 
24 392 0 0 0 0 0 0 0 0 0 0 0 0 0 0 
40 392 0 0 0 0 0 0 0 0 0 0 0 0 0 0 
56 392 0 0 0 0 0 0 0 0 0 0 0 0 0 0 
72 392 0 0 0 0 0 0 0 0 0 0 0 0 0 0 
88 392 0 0 0 0 0 0 0 0 0 0 0 0 0 0 
104 392 0 0 0 0 0 0 0 0 0 0 0 0 0 0 
120 392 0 0 0 0 0 0 0 0 0 0 0 0 0 0 
136 392 0 0 0 0 0 0 0 0 0 0 0 0 0 0 
152 392 0 0 0 0 0 0 0 0 0 0 0 0 0 0 
168 392 0 0 0 0 0 0 0 0 0 0 0 0 0 0 
184 392 0 0 0 0 0 0 0 0 0 0 0 0 0 0 
200 392 0 0 0 0 0 0 0 0 0 0 0 0 0 0 
216 392 0 0 0 0 0 0 0 0 0 0 0 0 0 0 
232 392 0 0 0 0 0 0 0 0 0 0 0 0 0 0 
248 392 0 0 0 0 0 0 0 0 0 0 0 0 0 0 
264 392 0 0 0 0 0 0 0 0 0 0 0 0 0 0 
280 392 0 0 0 0 0 0 0 0 0 0 0 0 0 0 
296 392 0 0 0 0 0 0 0 0 0 0 0 0 0 0 
312 392 0 0 0 0 0 0 0 0 0 0 0 0 0 0 
328 392 0 0 0 0 0 0 0 0 0 0 0 0 0 0 
344 392 0 0 0 0 0 0 0 0 0 0 0 0 0 0 
360 392 0 0 0 0 0 0 0 0 0 0 0 0 0 0 
376 392 0 0 0 0 0 0 0 0 0 0 0 0 0 0 
392 392 0 0 0 0 0 0 0 0 0 0 0 0 0 0 
408 392 0 0 0 0 0 0 0 0 0 0 0 0 0 0 
424 392 0 0 0 0 0 0 0 0 0 0 0 0 0 0 
440 392 0 0 0 0 0 0 0 0 0 0 0 0 0 0 
456 392 0 0 0 0 0 0 0 0 0 0 0 0 0 0 
472 392 0 0 0 0 0 0 0 0 0 0 0 0 0 0 
488 392 0 0 0 0 0 0 0 0 0 0 0 0 0 0 
504 392 0 0 0 0 0 0 0 0 0 0 0 0 0 0 
520 392 0 0 0 0 0 0 0 0 0 0 0 0 0 0 
536 392 0 0 0 0 0 0 0 0 0 0 0 0 0 0 
552 392 0 0 0 0 0 0 0 0 0 0 0 0 0 0 
568 392 0 0 0 0 0 0 0 0 0 0 0 0 0 0 
584 392 0 0 0 0 0 0 0 0 0 0 0 0 0 0 
600 392 0 0 0 0 0 0 0 0 0 0 0 0 0 0 
616 392 0 0 0 0 0 0 0 0 0 0 0 0 0 0 
632 392 0 0 0 0 0 0 0 0 0 0 0 0 0 0 
648 392 0 0 0 0 0 0 0 0 0 0 0 0 0 0 
664 392 0 0 0 0 0 0 0 0 0 0 0 0 0 0 
680 392 0 0 0 0 0 0 0 0 0 0 0 0 0 0 
696 392 0 0 0 0 0 0 0 0 0 0 0 0 0 0 
712 392 0 0 0 0 0 0 0 0 0 0 0 0 0 0 
728 392 0 0 0 0 0 0 0 0 0 0 0 0 0 0 
744 392 0 0 0 0 0 0 0 0 0 0 0 0 0 0 
760 392 0 0 0 0 0 0 0 0 0 0 0 0 0 0 
776 392 0 0 0 0 0 0 0 0 0 0 0 0 0 0 
792 392 0 0 0 0 0 0 0 0 0 0 0 0 0 0 
808 392 0 0 0 0 0 0 0 0 0 0 0 0 0 0 
824 392 0 0 0 0 0 0 0 0 0 0 0 0 0 0 
840 392 0 0 0 0 0 0 0 0 0 0 0 0 0 0 
856 392 0 0 0 0 0 0 0 0 0 0 0 0 0 0 
872 392 0 0 0 0 0 0 0 0 0 0 0 0 0 0 
888 392 0 0 0 0 0 0 0 0 0 0 0 0 0 0 
904 392 0 0 0 0 0 0 0 0 0 0 0 0 0 0 
920 392 0 0 0 0 0 0 0 0 0 0 0 0 0 0 
936 392 0 0 0 0 0 0 0 0 0 0 0 0 0 0 
952 392 0 0 0 0 0 0 0 0 0 0 0 0 0 0 
968 392 0 0 0 0 0 0 0 0 0 0 0 0 0 0 
984 392 0 0 0 0 0 0 0 0 0 0 0 0 0 0 
1000 392 0 0 0 0 0 0 0 0 0 0 0 0 0 0 
1016 392 0 0 0 0 0 0 0 0 0 0 0 0 0 0 
1032 392 0 0 0 0 0 0 0 0 0 0 0 0 0 0 
1048 392 0 0 0 0 0 0 0 0 0 0 0 0 0 0 
1064 392 0 0 0 0 0 0 0 0 0 0 0 0 0 0 
1080 392 0 0 0 0 0 0 0 0 0 0 0 0 0 0 
1096 392 0 0 0 0 0 0 0 0 0 0 0 0 0 0 
1112 392 0 0 0 0 0 0 0 0 0 0 0 0 0 0 
1128 392 0 0 0 0 0 0 0 0 0 0 0 0 0 0 
1144 392 0 0 0 0 0 0 0 0 0 0 0 0 0 0 
1160 392 0 0 0 0 0 0 0 0 0 0 0 0 0 0 
1176 392 0 0 0 0 0 0 0 0 0 0 0 0 0 0 
1192 392 0 0 0 0 0 0 0 0 0 0 0 0 0 0 
1208 392 0 0 0 0 0 0 0 0 0 0 0 0 0 0 
1224 392 0 0 0 0 0 0 0 0 0 0 0 0 0 0 
1240 392 0 0 0 0 0 0 0 0 0 0 0 0 0 0 
1256 392 0 0 0 0 0 0 0 0 0 0 0 0 0 0 
1272 392 0 0 0 0 0 0 0 0 0 0 0 0 0 0 
1288 392 0 0 0 0 0 0 0 0 0 0 0 0 0 0 
1304 392 0 0 0 0 0 0 0 0 0 0 0 0 0 0 
1320 392 0 0 0 0 0 0 0 0 0 0 0 0 0 0 
1336 392 0 0 0 0 0 0 0 0 0 0 0 0 0 0 
1352 392 0 0 0 0 0 0 0 0 0 0 0 0 0 0 
1368 392 0 0 0 0 0 0 0 0 0 0 0 0 0 0 
1384 392 0 0 0 0 0 0 0 0 0 0 0 0 0 0 
1400 392 0 0 0 0 0 0 0 0 0 0 0 0 0 0 
1416 392 0 0 0 0 0 0 0 0 0 0 0 0 0 0 
1432 392 0 0 0 0 0 0 0 0 0 0 0 0 0 0 
1448 392 0 0 0 0 0 0 0 0 0 0 0 0 0 0 
1464 392 0 0 0 0 0 0 0 0 0 0 0 0 0 0 
1480 392 0 0 0 0 0 0 0 0 0 0 0 0 0 0 
1496 392 0 0 0 0 0 0 0 0 0 0 0 0 0 0 
1512 392 0 0 0 0 0 0 0 0 0 0 0 0 0 0 
1528 392 0 0 0 0 0 0 0 0 0 0 0 0 0 0 
1544 392 0 0 0 0 0 0 0 0 0 0 0 0 0 0 
1560 392 0 0 0 0 0 0 0 0 0 0 0 0 0 0 
1576 392 0 0 0 0 0 0 0 0 0 0 0 0 0 0 
1592 392 0 0 0 0 0 0 0 0 0 0 0 0 0 0 
1608 392 0 0 0 0 0 0 0 0 0 0 0 0 0 0 
1624 392 0 0 0 0 0 0 0 0 0 0 0 0 0 0 
1640 392 0 0 0 0 0 0 0 0 0 0 0 0 0 0 
1656 392 0 0 0 0 0 0 0 0 0 0 0 0 0 0 
1672 392 0 0 0 0 0 0 0 0 0 0 0 0 0 0 
1688 392 0 0 0 0 0 0 0 0 0 0 0 0 0 0 
1704 392 0 0 0 0 0 0 0 0 0 0 0 0 0 0 
1720 392 0 0 0 0 0 0 0 0 0 0 0 0 0 0 
1736 392 0 0 0 0 0 0 0 0 0 0 0 0 0 0 
1752 392 0 0 0 0 0 0 0 0 0 0 0 0 0 0 
1768 392 0 0 0 0 0 0 0 0 0 0 0 0 0 0 
1784 392 0 0 0 0 0 0 0 0 0 0 0 0 0 0 
1800 392 0 0 0 0 0 0 0 0 0 0 0 0 0 0 
1816 392 0 0 0 0 0 0 0 0 0 0 0 0 0 0 
1832 392 0 0 0 0 0 0 0 0 0 0 0 0 0 0 
1848 392 0 0 0 0 0 0 0 0 0 0 0 0 0 0 
1864 392 0 0 0 0 0 0 0 0 0 0 0 0 0 0 
1880 392 0 0 0 0 0 0 0 0 0 0 0 0 0 0 
1896 392 0 0 0 0 0 0 0 0 0 0 0 0 0 0 
1912 392 0 0 0 0 0 0 0 0 0 0 0 0 0 0 
1928 392 0 0 0 0 0 0 0 0 0 0 0 0 0 0 
1944 392 0 0 0 0 0 0 0 0 0 0 0 0 0 0 
1960 392 0 0 0 0 0 0 0 0 0 0 0 0 0 0 
1976 392 0 0 0 0 0 0 0 0 0 0 0 0 0 0 
1992 392 0 0 0 0 0 0 0 0 0 0 0 0 0 0 
2008 392 0 0 0 0 0 0 0 0 0 0 0 0 0 0 
2024 392 0 0 0 0 0 0 0 0 0 0 0 0 0 0 
2040 392 0 0 0 0 0 0 0 0 0 0 0 0 0 0 
2056 392 0 0 0 0 0 0 0 0 0 0 0 0 0 0 
2072 392 0 0 0 0 0 0 0 0 0 0 0 0 0 0 
2088 392 0 0 0 0 0 0 0 0 0 0 0 0 0 0 
2104 392 0 0 0 0 0 0 0 0 0 0 0 0 0 0 
2120 392 0 0 0 0 0 0 0 0 0 0 0 0 0 0 
2136 392 0 0 0 0 0 0 0 0 0 0 0 0 0 0 
2152 392 0 0 0 0 0 0 0 0 0 0 0 0 0 0 
2168 392 0 0 0 0 0 0 0 0 0 0 0 0 0 0 
2184 392 0 0 0 0 0 0 0 0 0 0 0 0 0 0 
2200 392 0 0 0 0 0 0 0 0 0 0 0 0 0 0 
2216 392 0 0 0 0 0 0 0 0 0 0 0 0 0 0 
2232 392 0 0 0 0 0 0 0 0 0 0 0 0 0 0 
2248 392 0 0 0 0 0 0 0 0 0 0 0 0 0 0 
2264 392 0 0 0 0 0 0 0 0 0 0 0 0 0 0 
2280 392 0 0 0 0 0 0 0 0 0 0 0 0 0 0 
2296 392 0 0 0 0 0 0 0 0 0 0 0 0 0 0 
2312 392 0 0 0 0 0 0 0 0 0 0 0 0 0 0 
2328 392 0 0 0 0 0 0 0 0 0 0 0 0 0 0 
2344 392 0 0 0 0 0 0 0 0 0 0 0 0 0 0 
2360 392 0 0 0 0 0 0 0 0 0 0 0 0 0 0 
2376 392 0 0 0 0 0 0 0 0 0 0 0 0 0 0 
2392 392 0 0 0 0 0 0 0 0 0 0 0 0 0 0 
2408 392 0 0 0 0 0 0 0 0 0 0 0 0 0 0 
2424 392 0 0 0 0 0 0 0 0 0 0 0 0 0 0 
2440 392 0 0 0 0 0 0 0 0 0 0 0 0 0 0 
2456 392 0 0 0 0 0 0 0 0 0 0 0 0 0 0 
2472 392 0 0 0 0 0 0 0 0 0 0 0 0 0 0 
2488 392 0 0 0 0 0 0 0 0 0 0 0 0 0 0 
2504 392 0 0 0 0 0 0 0 0 0 0 0 0 0 0 
2520 392 0 0 0 0 0 0 0 0 0 0 0 0 0 0 
2536 392 0 0 0 0 0 0 0 0 0 0 0 0 0 0 
24 408 0 0 0 0 0 0 0 0 0 0 0 0 0 0 
40 408 0 0 0 0 0 0 0 0 0 0 0 0 0 0 
56 408 0 0 0 0 0 0 0 0 0 0 0 0 0 0 
72 408 0 0 0 0 0 0 0 0 0 0 0 0 0 0 
88 408 0 0 0 0 0 0 0 0 0 0 0 0 0 0 
104 408 0 0 0 0 0 0 0 0 0 0 0 0 0 0 
120 408 0 0 0 0 0 0 0 0 0 0 0 0 0 0 
136 408 0 0 0 0 0 0 0 0 0 0 0 0 0 0 
152 408 0 0 0 0 0 0 0 0 0 0 0 0 0 0 
168 408 0 0 0 0 0 0 0 0 0 0 0 0 0 0 
184 408 0 0 0 0 0 0 0 0 0 0 0 0 0 0 
200 408 0 0 0 0 0 0 0 0 0 0 0 0 0 0 
216 408 0 0 0 0 0 0 0 0 0 0 0 0 0 0 
232 408 0 0 0 0 0 0 0 0 0 0 0 0 0 0 
248 408 0 0 0 0 0 0 0 0 0 0 0 0 0 0 
264 408 0 0 0 0 0 0 0 0 0 0 0 0 0 0 
280 408 0 0 0 0 0 0 0 0 0 0 0 0 0 0 
296 408 0 0 0 0 0 0 0 0 0 0 0 0 0 0 
312 408 0 0 0 0 0 0 0 0 0 0 0 0 0 0 
328 408 0 0 0 0 0 0 0 0 0 0 0 0 0 0 
344 408 0 0 0 0 0 0 0 0 0 0 0 0 0 0 
360 408 0 0 0 0 0 0 0 0 0 0 0 0 0 0 
376 408 0 0 0 0 0 0 0 0 0 0 0 0 0 0 
392 408 0 0 0 0 0 0 0 0 0 0 0 0 0 0 
408 408 0 0 0 0 0 0 0 0 0 0 0 0 0 0 
424 408 0 0 0 0 0 0 0 0 0 0 0 0 0 0 
440 408 0 0 0 0 0 0 0 0 0 0 0 0 0 0 
456 408 0 0 0 0 0 0 0 0 0 0 0 0 0 0 
472 408 0 0 0 0 0 0 0 0 0 0 0 0 0 0 
488 408 0 0 0 0 0 0 0 0 0 0 0 0 0 0 
504 408 0 0 0 0 0 0 0 0 0 0 0 0 0 0 
520 408 0 0 0 0 0 0 0 0 0 0 0 0 0 0 
536 408 0 0 0 0 0 0 0 0 0 0 0 0 0 0 
552 408 0 0 0 0 0 0 0 0 0 0 0 0 0 0 
568 408 0 0 0 0 0 0 0 0 0 0 0 0 0 0 
584 408 0 0 0 0 0 0 0 0 0 0 0 0 0 0 
600 408 0 0 0 0 0 0 0 0 0 0 0 0 0 0 
616 408 0 0 0 0 0 0 0 0 0 0 0 0 0 0 
632 408 0 0 0 0 0 0 0 0 0 0 0 0 0 0 
648 408 0 0 0 0 0 0 0 0 0 0 0 0 0 0 
664 408 0 0 0 0 0 0 0 0 0 0 0 0 0 0 
680 408 0 0 0 0 0 0 0 0 0 0 0 0 0 0 
696 408 0 0 0 0 0 0 0 0 0 0 0 0 0 0 
712 408 0 0 0 0 0 0 0 0 0 0 0 0 0 0 
728 408 0 0 0 0 0 0 0 0 0 0 0.000195512944 0.000400017019 0.000445240302 0 
744 408 0 0 0 0 0 0 0 0 0 0 0.000586538831 0.001200051056 0.001335720906 0 
760 408 0 0 0 0 0 0 0 0 0 0 0.000886635179 0.001543644676 0.001780157528 0 
776 408 0 0 0 0 0 0 0 0 0 0 0.001095801987 0.001430797877 0.00180221102 0 
792 408 0 0 0 0 0 0 0 0 0 0 0.00157275832 0.001193948883 0.001974609497 0 
808 408 0 0 0 0 0 0 0 0 0 0 0.002317504179 0.000833097692 0.002462697177 0 
824 408 0 0 0 0 0 0 0 0 0 0 0.003118063668 -0.000279842116 0.003130596213 0 
840 408 0 0 0 0 0 0 0 0 0 0 0.003974436786 -0.002144870542 0.004516261442 0 
856 408 0 0 0 0 0 0 0 0 0 0 0.004123054808 -0.003079578399 0.005146200935 0 
872 408 0 0 0 0 0 0 0 0 0 0 0.003563917733 -0.003083965688 0.004712998406 0 
888 408 0 0 0 0 0 0 0 0 0 0 0.002463261896 -0.002460219523 0.003481427763 0 
904 408 0 0 0 0 0 0 0 0 0 0 0.000821087299 -0.001208339903 0.001460913985 0 
920 408 0 0 0 0 0 0 0 0 0 0 0.000716006599 -0.000648816563 0.000966244473 0 
936 408 0 0 0 0 0 0 0 0 0 0 0.002148019796 -0.000781649504 0.002285818232 0 
952 408 0 0 0 0 0 0 0 0 0 0 0.002209293994 -0.000810881014 0.002353403487 0 
968 408 0 0 0 0 0 0 0 0 0 0 0.000899829193 -0.000736511094 0.001162816051 0 
984 408 0 0 0 0 0 0 0 0 0 0 0.000280577829 -0.000577182956 0.000641766377 0 
1000 408 0 0 0 0 0 0 0 0 0 0 0.000351539903 -0.000332896601 0.000484149203 0 
1016 408 0 0 0 0 0 0 0 0 0 0 0.000191713094 -0.000215251367 0.000288248264 0 
1032 408 0 0 0 0 0 0 0 0 0 0 -0.000198902596 -0.000224247255 0.000299748352 0 
1048 408 0 0 0 0 0 0 0 0 0 0 -0.000237938607 -0.000109916132 0.00026209986 0 
1064 408 0 0 0 0 0 0 0 0 0 0 0.000074605063 0.000127742003 0.000147932197 0 
1080 408 0 0 0 0 0 0 0 0 0 0 0.000173157673 0.000184928303 0.000253341779 0 
1096 408 0 0 0 0 0 0 0 0 0 0 0.000057719224 0.000061642768 0.00008444726 0 
1112 408 0 0 0 0 0 0 0 0 0 0 0 0 0 0 
1128 408 0 0 0 0 0 0 0 0 0 0 0 0 0 0 
1144 408 0 0 0 0 0 0 0 0 0 0 0 0 0 0 
1160 408 0 0 0 0 0 0 0 0 0 0 0 0 0 0 
1176 408 0 0 0 0 0 0 0 0 0 0 0 0 0 0 
1192 408 0 0 0 0 0 0 0 0 0 0 0 0 0 0 
1208 408 0 0 0 0 0 0 0 0 0 0 0 0 0 0 
1224 408 0 0 0 0 0 0 0 0 0 0 0 0 0 0 
1240 408 0 0 0 0 0 0 0 0 0 0 0 0 0 0 
1256 408 0 0 0 0 0 0 0 0 0 0 0 0 0 0 
1272 408 0 0 0 0 0 0 0 0 0 0 0 0 0 0 
1288 408 0 0 0 0 0 0 0 0 0 0 0 0 0 0 
1304 408 0 0 0 0 0 0 0 0 0 0 0 0 0 0 
1320 408 0 0 0 0 0 0 0 0 0 0 0 0 0 0 
1336 408 0 0 0 0 0 0 0 0 0 0 0 0 0 0 
1352 408 0 0 0 0 0 0 0 0 0 0 0 0 0 0 
1368 408 0 0 0 0 0 0 0 0 0 0 0 0 0 0 
1384 408 0 0 0 0 0 0 0 0 0 0 0 0 0 0 
1400 408 0 0 0 0 0 0 0 0 0 0 0 0 0 0 
1416 408 0 0 0 0 0 0 0 0 0 0 0 0 0 0 
1432 408 0 0 0 0 0 0 0 0 0 0 0 0 0 0 
1448 408 0 0 0 0 0 0 0 0 0 0 0 0 0 0 
1464 408 0 0 0 0 0 0 0 0 0 0 0 0 0 0 
1480 408 0 0 0 0 0 0 0 0 0 0 0 0 0 0 
1496 408 0 0 0 0 0 0 0 0 0 0 0 0 0 0 
1512 408 0 0 0 0 0 0 0 0 0 0 0 0 0 0 
1528 408 0 0 0 0 0 0 0 0 0 0 0 0 0 0 
1544 408 0 0 0 0 0 0 0 0 0 0 0 0 0 0 
1560 408 0 0 0 0 0 0 0 0 0 0 0 0 0 0 
1576 408 0 0 0 0 0 0 0 0 0 0 0 0 0 0 
1592 408 0 0 0 0 0 0 0 0 0 0 0 0 0 0 
1608 408 0 0 0 0 0 0 0 0 0 0 0 0 0 0 
1624 408 0 0 0 0 0 0 0 0 0 0 0 0 0 0 
1640 408 0 0 0 0 0 0 0 0 0 0 0 0 0 0 
1656 408 0 0 0 0 0 0 0 0 0 0 0 0 0 0 
1672 408 0 0 0 0 0 0 0 0 0 0 0 0 0 0 
1688 408 0 0 0 0 0 0 0 0 0 0 0 0 0 0 
1704 408 0 0 0 0 0 0 0 0 0 0 0 0 0 0 
1720 408 0 0 0 0 0 0 0 0 0 0 0 0 0 0 
1736 408 0 0 0 0 0 0 0 0 0 0 0 0 0 0 
1752 408 0 0 0 0 0 0 0 0 0 0 0 0 0 0 
1768 408 0 0 0 0 0 0 0 0 0 0 0 0 0 0 
1784 408 0 0 0 0 0 0 0 0 0 0 0 0 0 0 
1800 408 0 0 0 0 0 0 0 0 0 0 0 0 0 0 
1816 408 0 0 0 0 0 0 0 0 0 0 0 0 0 0 
1832 408 0 0 0 0 0 0 0 0 0 0 0 0 0 0 
1848 408 0 0 0 0 0 0 0 0 0 0 0 0 0 0 
1864 408 0 0 0 0 0 0 0 0 0 0 0 0 0 0 
1880 408 0 0 0 0 0 0 0 0 0 0 0 0 0 0 
1896 408 0 0 0 0 0 0 0 0 0 0 0 0 0 0 
1912 408 0 0 0 0 0 0 0 0 0 0 0 0 0 0 
1928 408 0 0 0 0 0 0 0 0 0 0 0 0 0 0 
1944 408 0 0 0 0 0 0 0 0 0 0 0 0 0 0 
1960 408 0 0 0 0 0 0 0 0 0 0 0 0 0 0 
1976 408 0 0 0 0 0 0 0 0 0 0 0 0 0 0 
1992 408 0 0 0 0 0 0 0 0 0 0 0 0 0 0 
2008 408 0 0 0 0 0 0 0 0 0 0 0 0 0 0 
2024 408 0 0 0 0 0 0 0 0 0 0 0 0 0 0 
2040 408 0 0 0 0 0 0 0 0 0 0 0 0 0 0 
2056 408 0 0 0 0 0 0 0 0 0 0 0 0 0 0 
2072 408 0 0 0 0 0 0 0 0 0 0 0 0 0 0 
2088 408 0 0 0 0 0 0 0 0 0 0 0 0 0 0 
2104 408 0 0 0 0 0 0 0 0 0 0 0 0 0 0 
2120 408 0 0 0 0 0 0 0 0 0 0 0 0 0 0 
2136 408 0 0 0 0 0 0 0 0 0 0 0 0 0 0 
2152 408 0 0 0 0 0 0 0 0 0 0 0 0 0 0 
2168 408 0 0 0 0 0 0 0 0 0 0 0 0 0 0 
2184 408 0 0 0 0 0 0 0 0 0 0 0 0 0 0 
2200 408 0 0 0 0 0 0 0 0 0 0 0 0 0 0 
2216 408 0 0 0 0 0 0 0 0 0 0 0 0 0 0 
2232 408 0 0 0 0 0 0 0 0 0 0 0 0 0 0 
2248 408 0 0 0 0 0 0 0 0 0 0 0 0 0 0 
2264 408 0 0 0 0 0 0 0 0 0 0 0 0 0 0 
2280 408 0 0 0 0 0 0 0 0 0 0 0 0 0 0 
2296 408 0 0 0 0 0 0 0 0 0 0 0 0 0 0 
2312 408 0 0 0 0 0 0 0 0 0 0 0 0 0 0 
2328 408 0 0 0 0 0 0 0 0 0 0 0 0 0 0 
2344 408 0 0 0 0 0 0 0 0 0 0 0 0 0 0 
2360 408 0 0 0 0 0 0 0 0 0 0 0 0 0 0 
2376 408 0 0 0 0 0 0 0 0 0 0 0 0 0 0 
2392 408 0 0 0 0 0 0 0 0 0 0 0 0 0 0 
2408 408 0 0 0 0 0 0 0 0 0 0 0 0 0 0 
2424 408 0 0 0 0 0 0 0 0 0 0 0 0 0 0 
2440 408 0 0 0 0 0 0 0 0 0 0 0 0 0 0 
2456 408 0 0 0 0 0 0 0 0 0 0 0 0 0 0 
2472 408 0 0 0 0 0 0 0 0 0 0 0 0 0 0 
2488 408 0 0 0 0 0 0 0 0 0 0 0 0 0 0 
2504 408 0 0 0 0 0 0 0 0 0 0 0 0 0 0 
2520 408 0 0 0 0 0 0 0 0 0 0 0 0 0 0 
2536 408 0 0 0 0 0 0 0 0 0 0 0 0 0 0 
24 424 0 0 0 0 0 0 0 0 0 0 0 0 0 0 
40 424 0 0 0 0 0 0 0 0 0 0 0 0 0 0 
56 424 0 0 0 0 0 0 0 0 0 0 0 0 0 0 
72 424 0 0 0 0 0 0 0 0 0 0 0 0 0 0 
88 424 0 0 0 0 0 0 0 0 0 0 0 0 0 0 
104 424 0 0 0 0 0 0 0 0 0 0 0 0 0 0 
120 424 0 0 0 0 0 0 0 0 0 0 0 0 0 0 
136 424 0 0 0 0 0 0 0 0 0 0 0 0 0 0 
152 424 0 0 0 0 0 0 0 0 0 0 0 0 0 0 
168 424 0 0 0 0 0 0 0 0 0 0 0 0 0 0 
184 424 0 0 0 0 0 0 0 0 0 0 0 0 0 0 
200 424 0 0 0 0 0 0 0 0 0 0 0 0 0 0 
216 424 0 0 0 0 0 0 0 0 0 0 0 0 0 0 
232 424 0 0 0 0 0 0 0 0 0 0 0 0 0 0 
248 424 0 0 0 0 0 0 0 0 0 0 0 0 0 0 
264 424 0 0 0 0 0 0 0 0 0 0 0 0 0 0 
280 424 0 0 0 0 0 0 0 0 0 0 0 0 0 0 
296 424 0 0 0 0 0 0 0 0 0 0 0 0 0 0 
312 424 0 0 0 0 0 0 0 0 0 0 0 0 0 0 
328 424 0 0 0 0 0 0 0 0 0 0 0 0 0 0 
344 424 0 0 0 0 0 0 0 0 0 0 0 0 0 0 
360 424 0 0 0 0 0 0 0 0 0 0 0 0 0 0 
376 424 0 0 0 0 0 0 0 0 0 0 0 0 0 0 
392 424 0 0 0 0 0 0 0 0 0 0 0 0 0 0 
408 424 0 0 0 0 0 0 0 0 0 0 0 0 0 0 
424 424 0 0 0 0 0 0 0 0 0 0 0 0 0 0 
440 424 0 0 0 0 0 0 0 0 0 0 0 0 0 0 
456 424 0 0 0 0 0 0 0 0 0 0 0 0 0 0 
472 424 0 0 0 0 0 0 0 0 0 0 0 0 0 0 
488 424 0 0 0 0 0 0 0 0 0 0 0 0 0 0 
504 424 0 0 0 0 0 0 0 0 0 0 0 0 0 0 
520 424 0 0 0 0 0 0 0 0 0 0 0 0 0 0 
536 424 0 0 0 0 0 0 0 0 0 0 0 0 0 0 
552 424 0 0 0 0 0 0 0 0 0 0 0 0 0 0 
568 424 0 0 0 0 0 0 0 0 0 0 0 0 0 0 
584 424 0 0 0 0 0 0 0 0 0 0 0 0 0 0 
600 424 0 0 0 0 0 0 0 0 0 0 0 0 0 0 
616 424 0 0 0 0 0 0 0 0 0 0 0 0 0 0 
632 424 0 0 0 0 0 0 0 0 0 0 0 0 0 0 
648 424 0 0 0 0 0 0 0 0 0 0 0 0 0 0 
664 424 0 0 0 0 0 0 0 0 0 0 0 0 0 0 
680 424 0 0 0 0 0 0 0 0 0 0 0 0 0 0 
696 424 0 0 0 0 0 0 0 0 0 0 0 0 0 0 
712 424 0 0 0 0 0 0 0 0 0 0 0 0 0 0 
728 424 0 0 0 0 0 0 0 0 0 0 0.000586538831 0.001200051056 0.001335720906 0 
744 424 0 0 0 0 0 0 0 0 0 0 0.001759616494 0.003600153169 0.004007162718 0 
760 424 0 0 0 0 0 0 0 0 0 0 0.002659905537 0.004630934027 0.005340472585 0 
776 424 0 0 0 0 0 0 0 0 0 0 0.00328740596 0.004292393631 0.005406633059 0 
792 424 0 0 0 0 0 0 0 0 0 0 0.00471827496 0.003581846648 0.005923828492 0 
808 424 0 0 0 0 0 0 0 0 0 0 0.006952512538 0.002499293077 0.007388091531 0 
824 424 0 0 0 0 0 0 0 0 0 0 0.009354191003 -0.000839526348 0.009391788638 0 
840 424 0 0 0 0 0 0 0 0 0 0 0.011923310358 -0.006434611626 0.013548784325 0 
856 424 0 0 0 0 0 0 0 0 0 0 0.012369164423 -0.009238735198 0.015438602806 0 
872 424 0 0 0 0 19116.998046875 0 0 0 0 19116.998046875 0.010691753198 -0.009251897065 0.014138995217 0 
888 424 0.000222658931 0.004308998227 0.004314747121 132.006580313783 141944.96875 0.000222658931 0.004308998227 0.004314747121 132.006580313783 141944.96875 0.007389785689 -0.007380658568 0.010444283289 0 
904 424 0.001655740368 0.005430193153 0.005677012757 128.84604965096 258561.984375 0.001655740368 0.005430193153 0.005677012757 128.84604965096 258561.984375 0.002463261896 -0.003625019708 0.004382741956 0 
920 424 0.004206823106 0.002743753162 0.005022503565 75.29460675858 278143 0.004206823106 0.002743753162 0.005022503565 75.29460675858 278143 0.002148019796 -0.001946449689 0.002898733419 0 
936 424 0.00378894664 0.000638252104 0.00384232773 29.557864300743 291518.96875 0.00378894664 0.000638252104 0.00384232773 29.557864300743 291518.96875 0.006444059388 -0.002344948513 0.006857454697 0 
952 424 -0.304908010096 0.001392125371 0.304911188108 160.106855419572 299181 -0.304908010096 0.001392125371 0.304911188108 160.106855419572 299181 0.006627881982 -0.002432643043 0.00706021046 0 
968 424 0.001925325403 0.001825472153 0.002653154064 82.775398992998 289265.96875 0.001925325403 0.001825472153 0.002653154064 82.775398992998 289265.96875 0.002699487579 -0.002209533281 0.003488448152 0 
984 424 -0.001269104695 0.001542748277 0.00199767339 166.483525526339 236657 -0.001269104695 0.001542748277 0.00199767339 166.483525526339 236657 0.000841733488 -0.001731548868 0.001925299131 0 
1000 424 -0.00282938722 0.001811648655 0.003359687915 169.191609399105 121946.984375 -0.00282938722 0.001811648655 0.003359687915 169.191609399105 121946.984375 0.001054619709 -0.000998689803 0.001452447608 0 
1016 424 -0.005281450048 0.004915724299 0.007215127164 174.635722008828 24484.99609375 -0.005281450048 0.004915724299 0.007215127164 174.635722008828 24484.99609375 0.000575139283 -0.000645754102 0.000864744792 0 
1032 424 0 0 0 0 0 0 0 0 0 0 -0.000596707789 -0.000672741766 0.000899245055 0 
1048 424 0 0 0 0 0 0 0 0 0 0 -0.00071381582 -0.000329748395 0.00078629958 0 
1064 424 0 0 0 0 0 0 0 0 0 0 0.000223815189 0.00038322601 0.00044379659 0 
1080 424 0 0 0 0 0 0 0 0 0 0 0.00051947302 0.000554784909 0.000760025337 0 
1096 424 0 0 0 0 0 0 0 0 0 0 0.000173157673 0.000184928303 0.000253341779 0 
1112 424 0 0 0 0 0 0 0 0 0 0 0 0 0 0 
1128 424 0 0 0 0 0 0 0 0 0 0 0 0 0 0 
1144 424 0 0 0 0 0 0 0 0 0 0 0 0 0 0 
1160 424 0 0 0 0 0 0 0 0 0 0 0 0 0 0 
1176 424 0 0 0 0 0 0 0 0 0 0 0 0 0 0 
1192 424 0 0 0 0 0 0 0 0 0 0 0 0 0 0 
1208 424 0 0 0 0 0 0 0 0 0 0 0 0 0 0 
1224 424 0 0 0 0 0 0 0 0 0 0 0 0 0 0 
1240 424 0 0 0 0 0 0 0 0 0 0 0 0 0 0 
1256 424 0 0 0 0 0 0 0 0 0 0 0 0 0 0 
1272 424 0 0 0 0 0 0 0 0 0 0 0 0 0 0 
1288 424 0 0 0 0 0 0 0 0 0 0 0 0 0 0 
1304 424 0 0 0 0 0 0 0 0 0 0 0 0 0 0 
1320 424 0 0 0 0 0 0 0 0 0 0 0 0 0 0 
1336 424 0 0 0 0 0 0 0 0 0 0 0 0 0 0 
1352 424 0 0 0 0 0 0 0 0 0 0 0 0 0 0 
1368 424 0 0 0 0 0 0 0 0 0 0 0 0 0 0 
1384 424 0 0 0 0 0 0 0 0 0 0 0 0 0 0 
1400 424 0 0 0 0 0 0 0 0 0 0 0 0 0 0 
1416 424 0 0 0 0 0 0 0 0 0 0 0 0 0 0 
1432 424 0 0 0 0 0 0 0 0 0 0 0 0 0 0 
1448 424 0 0 0 0 0 0 0 0 0 0 0 0 0 0 
1464 424 0 0 0 0 0 0 0 0 0 0 0 0 0 0 
1480 424 0 0 0 0 0 0 0 0 0 0 0 0 0 0 
1496 424 0 0 0 0 0 0 0 0 0 0 0 0 0 0 
1512 424 0 0 0 0 0 0 0 0 0 0 0 0 0 0 
1528 424 0 0 0 0 0 0 0 0 0 0 0 0 0 0 
1544 424 0 0 0 0 0 0 0 0 0 0 0 0 0 0 
1560 424 0 0 0 0 0 0 0 0 0 0 0 0 0 0 
1576 424 0 0 0 0 0 0 0 0 0 0 0 0 0 0 
1592 424 0 0 0 0 0 0 0 0 0 0 0 0 0 0 
1608 424 0 0 0 0 0 0 0 0 0 0 0 0 0 0 
1624 424 0 0 0 0 0 0 0 0 0 0 0 0 0 0 
1640 424 0 0 0 0 0 0 0 0 0 0 0 0 0 0 
1656 424 0 0 0 0 0 0 0 0 0 0 0 0 0 0 
1672 424 0 0 0 0 0 0 0 0 0 0 0 0 0 0 
1688 424 0 0 0 0 0 0 0 0 0 0 0 0 0 0 
1704 424 0 0 0 0 0 0 0 0 0 0 0 0 0 0 
1720 424 0 0 0 0 0 0 0 0 0 0 0 0 0 0 
1736 424 0 0 0 0 0 0 0 0 0 0 0 0 0 0 
1752 424 0 0 0 0 0 0 0 0 0 0 0 0 0 0 
1768 424 0 0 0 0 0 0 0 0 0 0 0 0 0 0 
1784 424 0 0 0 0 0 0 0 0 0 0 0 0 0 0 
1800 424 0 0 0 0 0 0 0 0 0 0 0 0 0 0 
1816 424 0 0 0 0 0 0 0 0 0 0 0 0 0 0 
1832 424 0 0 0 0 0 0 0 0 0 0 0 0 0 0 
1848 424 0 0 0 0 0 0 0 0 0 0 0 0 0 0 
1864 424 0 0 0 0 0 0 0 0 0 0 0 0 0 0 
1880 424 0 0 0 0 0 0 0 0 0 0 0 0 0 0 
1896 424 0 0 0 0 0 0 0 0 0 0 0 0 0 0 
1912 424 0 0 0 0 0 0 0 0 0 0 0 0 0 0 
1928 424 0 0 0 0 0 0 0 0 0 0 0 0 0 0 
1944 424 0 0 0 0 0 0 0 0 0 0 0 0 0 0 
1960 424 0 0 0 0 0 0 0 0 0 0 0 0 0 0 
1976 424 0 0 0 0 0 0 0 0 0 0 0 0 0 0 
1992 424 0 0 0 0 0 0 0 0 0 0 0 0 0 0 
2008 424 0 0 0 0 0 0 0 0 0 0 0 0 0 0 
2024 424 0 0 0 0 0 0 0 0 0 0 0 0 0 0 
2040 424 0 0 0 0 0 0 0 0 0 0 0 0 0 0 
2056 424 0 0 0 0 0 0 0 0 0 0 0 0 0 0 
2072 424 0 0 0 0 0 0 0 0 0 0 0 0 0 0 
2088 424 0 0 0 0 0 0 0 0 0 0 0 0 0 0 
2104 424 0 0 0 0 0 0 0 0 0 0 0 0 0 0 
2120 424 0 0 0 0 0 0 0 0 0 0 0 0 0 0 
2136 424 0 0 0 0 0 0 0 0 0 0 0 0 0 0 
2152 424 0 0 0 0 0 0 0 0 0 0 0 0 0 0 
2168 424 0 0 0 0 0 0 0 0 0 0 0 0 0 0 
2184 424 0 0 0 0 0 0 0 0 0 0 0 0 0 0 
2200 424 0 0 0 0 0 0 0 0 0 0 0 0 0 0 
2216 424 0 0 0 0 0 0 0 0 0 0 0 0 0 0 
2232 424 0 0 0 0 0 0 0 0 0 0 0 0 0 0 
2248 424 0 0 0 0 0 0 0 0 0 0 0 0 0 0 
2264 424 0 0 0 0 0 0 0 0 0 0 0 0 0 0 
2280 424 0 0 0 0 0 0 0 0 0 0 0 0 0 0 
2296 424 0 0 0 0 0 0 0 0 0 0 0 0 0 0 
2312 424 0 0 0 0 0 0 0 0 0 0 0 0 0 0 
2328 424 0 0 0 0 0 0 0 0 0 0 0 0 0 0 
2344 424 0 0 0 0 0 0 0 0 0 0 0 0 0 0 
2360 424 0 0 0 0 0 0 0 0 0 0 0 0 0 0 
2376 424 0 0 0 0 0 0 0 0 0 0 0 0 0 0 
2392 424 0 0 0 0 0 0 0 0 0 0 0 0 0 0 
2408 424 0 0 0 0 0 0 0 0 0 0 0 0 0 0 
2424 424 0 0 0 0 0 0 0 0 0 0 0 0 0 0 
2440 424 0 0 0 0 0 0 0 0 0 0 0 0 0 0 
2456 424 0 0 0 0 0 0 0 0 0 0 0 0 0 0 
2472 424 0 0 0 0 0 0 0 0 0 0 0 0 0 0 
2488 424 0 0 0 0 0 0 0 0 0 0 0 0 0 0 
2504 424 0 0 0 0 0 0 0 0 0 0 0 0 0 0 
2520 424 0 0 0 0 0 0 0 0 0 0 0 0 0 0 
2536 424 0 0 0 0 0 0 0 0 0 0 0 0 0 0 
24 440 0 0 0 0 0 0 0 0 0 0 0 0 0 0 
40 440 0 0 0 0 0 0 0 0 0 0 0 0 0 0 
56 440 0 0 0 0 0 0 0 0 0 0 0 0 0 0 
72 440 0 0 0 0 0 0 0 0 0 0 0 0 0 0 
88 440 0 0 0 0 0 0 0 0 0 0 0 0 0 0 
104 440 0 0 0 0 0 0 0 0 0 0 0 0 0 0 
120 440 0 0 0 0 0 0 0 0 0 0 0 0 0 0 
136 440 0 0 0 0 0 0 0 0 0 0 0 0 0 0 
152 440 0 0 0 0 0 0 0 0 0 0 0 0 0 0 
168 440 0 0 0 0 0 0 0 0 0 0 0 0 0 0 
184 440 0 0 0 0 0 0 0 0 0 0 0 0 0 0 
200 440 0 0 0 0 0 0 0 0 0 0 0 0 0 0 
216 440 0 0 0 0 0 0 0 0 0 0 0 0 0 0 
232 440 0 0 0 0 0 0 0 0 0 0 0 0 0 0 
248 440 0 0 0 0 0 0 0 0 0 0 0 0 0 0 
264 440 0 0 0 0 0 0 0 0 0 0 0 0 0 0 
280 440 0 0 0 0 0 0 0 0 0 0 0 0 0 0 
296 440 0 0 0 0 0 0 0 0 0 0 0 0 0 0 
312 440 0 0 0 0 0 0 0 0 0 0 0 0 0 0 
328 440 0 0 0 0 0 0 0 0 0 0 0 0 0 0 
344 440 0 0 0 0 0 0 0 0 0 0 0 0 0 0 
360 440 0 0 0 0 0 0 0 0 0 0 0 0 0 0 
376 440 0 0 0 0 0 0 0 0 0 0 0 0 0 0 
392 440 0 0 0 0 0 0 0 0 0 0 0 0 0 0 
408 440 0 0 0 0 0 0 0 0 0 0 0 0 0 0 
424 440 0 0 0 0 0 0 0 0 0 0 0 0 0 0 
440 440 0 0 0 0 0 0 0 0 0 0 0 0 0 0 
456 440 0 0 0 0 0 0 0 0 0 0 0 0 0 0 
472 440 0 0 0 0 0 0 0 0 0 0 0 0 0 0 
488 440 0 0 0 0 0 0 0 0 0 0 0 0 0 0 
504 440 0 0 0 0 0 0 0 0 0 0 0 0 0 0 
520 440 0 0 0 0 0 0 0 0 0 0 0 0 0 0 
536 440 0 0 0 0 0 0 0 0 0 0 0 0 0 0 
552 440 0 0 0 0 0 0 0 0 0 0 0 0 0 0 
568 440 0 0 0 0 0 0 0 0 0 0 0 0 0 0 
584 440 0 0 0 0 0 0 0 0 0 0 0 0 0 0 
600 440 0 0 0 0 0 0 0 0 0 0 0 0 0 0 
616 440 0 0 0 0 0 0 0 0 0 0 0 0 0 0 
632 440 0 0 0 0 0 0 0 0 0 0 0 0 0 0 
648 440 0 0 0 0 0 0 0 0 0 0 0 0 0 0 
664 440 0 0 0 0 0 0 0 0 0 0 -0.000462301251 0.000029123029 0.000463217657 0 
680 440 0 0 0 0 0 0 0 0 0 0 -0.001386903753 0.000087369088 0.00138965297 0 
696 440 0 0 0 0 0 0 0 0 0 0 -0.001238012149 0.000122756218 0.001244083265 0 
712 440 0 0 0 0 0 0 0 0 0 0 -0.000015626439 0.00013528442 0.000136183919 0 
728 440 0 0 0 0 0 0 0 0 0 0 0.001301745433 0.001206636901 0.001774968671 0 
744 440 0 0 0 0 0 0 0 0 0 0 0.002714103467 0.003336813661 0.004301242034 0 
760 440 0 0 0 0 0 0 0 0 0 0 0.003952433388 0.003167148275 0.005064835425 0 
776 440 0 0 0 0 0 0 0 0 0 0 0.005016735198 0.000697640743 0.005065010824 0 
792 440 0.001475355843 -0.000739464283 0.001650297637 23.333506368679 360332.9375 0.001475355843 -0.000739464283 0.001650297637 23.333506368679 360332.9375 0.008954721507 -0.000514290156 0.00896947778 0 
808 440 0.009945060792 0.00006878535 0.009945298667 2.098855506057 912630.875 0.009945060792 0.00006878535 0.009945298667 2.098855506057 912630.875 0.015766392317 -0.000468644422 0.015773355835 0 
824 440 0.002614384151 0.004998803045 0.005641191042 64.740367173681 1081527 0.002614384151 0.004998803045 0.005641191042 64.740367173681 1081527 0.018927402622 -0.000776756053 0.018943334447 0 
840 440 -0.002030395846 0.00767798707 0.00794191367 109.273968677354 1069532 -0.002030395846 0.00767798707 0.00794191367 109.273968677354 1069532 0.018437752423 -0.001438625047 0.018493792376 0 
856 440 0.011413905611 0.004649411931 0.012324539448 37.194887200393 1130466 0.011413905611 0.004649411931 0.012324539448 37.194887200393 1130466 0.014785175972 -0.003970402008 0.015309001295 0 
872 440 -0.002671448714 0.003018457198 0.004030846324 177.920658888097 1261133 -0.002671448714 0.003018457198 0.004030846324 177.920658888097 1261133 0.00796967327 -0.008372086935 0.011558872423 0 
888 440 0.002345258909 0.005626339143 0.006095566544 179.359076162426 1446772 0.002345258909 0.005626339143 0.006095566544 179.359076162426 1446772 -0.004200182899 -0.010402511993 0.011218457655 0 
904 440 0.00796914753 0.008767813292 0.011848285204 157.119260372878 1477273.125 0.00796914753 0.008767813292 0.011848285204 157.119260372878 1477273.125 -0.021724392536 -0.010061677181 0.023941315309 0 
920 440 0.014898984846 0.003758013687 0.015365624502 177.035820877755 1382701 0.014898984846 0.003758013687 0.015365624502 177.035820877755 1382701 -0.026936891299 -0.008297558686 0.02818591125 0 
936 440 0.008612890924 -0.001558057867 0.008752681554 155.300919097366 1375043.875 0.008612890924 -0.001558057867 0.008752681554 155.300919097366 1375043.875 -0.01983767919 -0.005110156508 0.020485292656 0 
952 440 -0.023271056613 -0.005759960634 0.023973302284 148.700553481749 1310330 3 15 15.297058540778 96.08729531687 435092.125 0.009269252432 -0.002904315112 0.00971360319 0 
968 440 0.004122878983 -0.008207410697 0.009184754839 61.73426443697 1260802 0.004122878983 -0.008207410697 0.009184754839 61.73426443697 1260802 0.060383903569 -0.001680034498 0.060407270474 0 
984 440 0.005935565954 -0.006560683078 0.008847231524 48.579530018101 1199629 0.005935565954 -0.006560683078 0.008847231524 48.579530018101 1199629 0.06853594706 0.000856186576 0.068541294815 0 
1000 440 -0.003519434993 -0.00332008249 0.004838323099 144.610476518589 1034433 -0.003519434993 -0.00332008249 0.004838323099 144.610476518589 1034433 0.033725382906 0.004704348111 0.034051906603 0 
1016 440 0.001334248059 -0.001231946379 0.001816014802 75.157704650749 791993.9375 0.001334248059 -0.001231946379 0.001816014802 75.157704650749 791993.9375 0.011934296159 0.007585602418 0.0141410321 0 
1032 440 -0.000340311432 -0.000330645577 0.00047448748 152.588084636172 330466 -0.000340311432 -0.000330645577 0.00047448748 152.588084636172 330466 0.003162686819 0.0094999495 0.010012573516 0 
1048 440 0.001182979554 -0.000083261127 0.001185906 92.459056220115 17562 0.001182979554 -0.000083261127 0.001185906 92.459056220115 17562 0.000317623515 0.011611221043 0.011615564506 0 
1064 440 0 0 0 0 0 0 0 0 0 0 0.003399106247 0.013919417047 0.014328436559 0 
1080 440 0 0 0 0 0 0 0 0 0 0 0.006382478318 0.015096346939 0.016390110445 0 
1096 440 0 0 0 0 0 0 0 0 0 0 0.009267739727 0.01514201072 0.017753069827 0 
1112 440 0 0 0 0 0 0 0 0 0 0 0.006236708877 0.012544499053 0.014009318117 0 
1128 440 0 0 0 0 0 0 0 0 0 0 -0.002710614232 0.007303811939 0.007790577537 0 
1144 440 0 0 0 0 0 0 0 0 0 0 -0.004843772382 0.003175572576 0.00579192473 0 
1160 440 0 0 0 0 0 0 0 0 0 0 -0.000162765573 0.000159780964 0.000228084607 0 
1176 440 0 0 0 0 0 0 0 0 0 0 0.000809261494 -0.000997359504 0.001284379284 0 
1192 440 0 0 0 0 0 0 0 0 0 0 -0.001927691183 -0.000295848826 0.001950261476 0 
1208 440 0 0 0 0 0 0 0 0 0 0 -0.005050954636 0.000300989952 0.00505991479 0 
1224 440 0 0 0 0 0 0 0 0 0 0 -0.008560528864 0.000793156832 0.008597194438 0 
1240 440 0 0 0 0 0 0 0 0 0 0 -0.008595227024 0.00106081943 0.008660442567 0 
1256 440 0 0 0 0 0 0 0 0 0 0 -0.005155049116 0.001103977745 0.005271934962 0 
1272 440 0 0 0 0 0 0 0 0 0 0 -0.002777328269 0.002204810383 0.003546088146 0 
1288 440 0 0 0 0 0 0 0 0 0 0 -0.001462064486 0.004363317343 0.00460175736 0 
1304 440 0 0 0 0 0 0 0 0 0 0 -0.001682342651 0.006684826451 0.006893270738 0 
1320 440 0 0 0 0 0 0 0 0 0 0 -0.003438162766 0.009169337705 0.00979273798 0 
1336 440 0 0 0 0 0 0 0 0 0 0 -0.003640758131 0.010715965621 0.01131755446 0 
1352 440 0 0 0 0 0 0 0 0 0 0 -0.002290128745 0.011324710199 0.011553949574 0 
1368 440 0 0 0 0 0 0 0 0 0 0 -0.001744185404 0.012455180812 0.012576713075 0 
1384 440 0 0 0 0 0 0 0 0 0 0 -0.002002928106 0.014107377458 0.014248853278 0 
1400 440 0 0 0 0 0 0 0 0 0 0 -0.001745491698 0.015862115315 0.01595786463 0 
1416 440 0 0 0 0 0 0 0 0 0 0 -0.000971876179 0.017719394383 0.017746027178 0 
1432 440 0 0 0 0 0 0 0 0 0 0 -0.001453011883 0.016413363906 0.016477553163 0 
1448 440 0 0 0 0 0 0 0 0 0 0 -0.003188898809 0.011944023885 0.01236239387 0 
1464 440 0 0 0 0 0 0 0 0 0 0 -0.002878780142 0.007271084125 0.007820232699 0 
1480 440 0 0 0 0 0 0 0 0 0 0 -0.000522655883 0.002394544625 0.002450920874 0 
1496 440 0 0 0 0 0 0 0 0 0 0 0.000768941989 -0.000348128631 0.000844076612 0 
1512 440 0 0 0 0 0 0 0 0 0 0 0.000996013474 -0.000956935642 0.001381219991 0 
1528 440 0 0 0 0 0 0 0 0 0 0 0.001150320833 -0.0010642908 0.001567148023 0 
1544 440 0 0 0 0 0 0 0 0 0 0 0.001231864068 -0.000670194103 0.00140237271 0 
1560 440 0 0 0 0 0 0 0 0 0 0 0.000823559207 -0.000391293219 0.000911789532 0 
1576 440 0 0 0 0 0 0 0 0 0 0 -0.000074593751 -0.000227588146 0.000239500714 0 
1592 440 0 0 0 0 0 0 0 0 0 0 -0.001511651022 -0.000127044271 0.001516980243 0 
1608 440 0 0 0 0 0 0 0 0 0 0 -0.003487612607 -0.000089661592 0.003488764953 0 
1624 440 0 0 0 0 0 0 0 0 0 0 -0.002892935806 -0.000019748909 0.002893003214 0 
1640 440 0 0 0 0 0 0 0 0 0 0 0.000272379382 0.000082693778 0.000284655562 0 
1656 440 0 0 0 0 0 0 0 0 0 0 0.001116670715 0.000155020689 0.001127379661 0 
1672 440 0 0 0 0 0 0 0 0 0 0 -0.000360061806 0.000197231824 0.000410542199 0 
1688 440 0 0 0 0 0 0 0 0 0 0 -0.000848290503 0.000139283591 0.00085964917 0 
1704 440 0 0 0 0 0 0 0 0 0 0 -0.000348015374 -0.000018824009 0.000348524094 0 
1720 440 0 0 0 0 0 0 0 0 0 0 -0.000073408357 -0.000073408357 0.000103815095 0 
1736 440 0 0 0 0 0 0 0 0 0 0 -0.000024469452 -0.000024469452 0.000034605032 0 
1752 440 0 0 0 0 0 0 0 0 0 0 0 0 0 0 
1768 440 0 0 0 0 0 0 0 0 0 0 0 0 0 0 
1784 440 0 0 0 0 0 0 0 0 0 0 0 0 0 0 
1800 440 0 0 0 0 0 0 0 0 0 0 0 0 0 0 
1816 440 0 0 0 0 0 0 0 0 0 0 0 0 0 0 
1832 440 0 0 0 0 0 0 0 0 0 0 0 0 0 0 
1848 440 0 0 0 0 0 0 0 0 0 0 0 0 0 0 
1864 440 0 0 0 0 0 0 0 0 0 0 0 0 0 0 
1880 440 0 0 0 0 0 0 0 0 0 0 0 0 0 0 
1896 440 0 0 0 0 0 0 0 0 0 0 0 0 0 0 
1912 440 0 0 0 0 0 0 0 0 0 0 0 0 0 0 
1928 440 0 0 0 0 0 0 0 0 0 0 0 0 0 0 
1944 440 0 0 0 0 0 0 0 0 0 0 0 0 0 0 
1960 440 0 0 0 0 0 0 0 0 0 0 0 0 0 0 
1976 440 0 0 0 0 0 0 0 0 0 0 0 0 0 0 
1992 440 0 0 0 0 0 0 0 0 0 0 0 0 0 0 
2008 440 0 0 0 0 0 0 0 0 0 0 0 0 0 0 
2024 440 0 0 0 0 0 0 0 0 0 0 0 0 0 0 
2040 440 0 0 0 0 0 0 0 0 0 0 0 0 0 0 
2056 440 0 0 0 0 0 0 0 0 0 0 0 0 0 0 
2072 440 0 0 0 0 0 0 0 0 0 0 0 0 0 0 
2088 440 0 0 0 0 0 0 0 0 0 0 0 0 0 0 
2104 440 0 0 0 0 0 0 0 0 0 0 0 0 0 0 
2120 440 0 0 0 0 0 0 0 0 0 0 0 0 0 0 
2136 440 0 0 0 0 0 0 0 0 0 0 0 0 0 0 
2152 440 0 0 0 0 0 0 0 0 0 0 0 0 0 0 
2168 440 0 0 0 0 0 0 0 0 0 0 0 0 0 0 
2184 440 0 0 0 0 0 0 0 0 0 0 0 0 0 0 
2200 440 0 0 0 0 0 0 0 0 0 0 0 0 0 0 
2216 440 0 0 0 0 0 0 0 0 0 0 0 0 0 0 
2232 440 0 0 0 0 0 0 0 0 0 0 0 0 0 0 
2248 440 0 0 0 0 0 0 0 0 0 0 0 0 0 0 
2264 440 0 0 0 0 0 0 0 0 0 0 0 0 0 0 
2280 440 0 0 0 0 0 0 0 0 0 0 0 0 0 0 
2296 440 0 0 0 0 0 0 0 0 0 0 0 0 0 0 
2312 440 0 0 0 0 0 0 0 0 0 0 0 0 0 0 
2328 440 0 0 0 0 0 0 0 0 0 0 0 0 0 0 
2344 440 0 0 0 0 0 0 0 0 0 0 0 0 0 0 
2360 440 0 0 0 0 0 0 0 0 0 0 0 0 0 0 
2376 440 0 0 0 0 0 0 0 0 0 0 0 0 0 0 
2392 440 0 0 0 0 0 0 0 0 0 0 0 0 0 0 
2408 440 0 0 0 0 0 0 0 0 0 0 0 0 0 0 
2424 440 0 0 0 0 0 0 0 0 0 0 0 0 0 0 
2440 440 0 0 0 0 0 0 0 0 0 0 0 0 0 0 
2456 440 0 0 0 0 0 0 0 0 0 0 0 0 0 0 
2472 440 0 0 0 0 0 0 0 0 0 0 0 0 0 0 
2488 440 0 0 0 0 0 0 0 0 0 0 0 0 0 0 
2504 440 0 0 0 0 0 0 0 0 0 0 0 0 0 0 
2520 440 0 0 0 0 0 0 0 0 0 0 0 0 0 0 
2536 440 0 0 0 0 0 0 0 0 0 0 0 0 0 0 
24 456 0 0 0 0 0 0 0 0 0 0 0 0 0 0 
40 456 0 0 0 0 0 0 0 0 0 0 0 0 0 0 
56 456 0 0 0 0 0 0 0 0 0 0 0 0 0 0 
72 456 0 0 0 0 0 0 0 0 0 0 0 0 0 0 
88 456 0 0 0 0 0 0 0 0 0 0 0 0 0 0 
104 456 0 0 0 0 0 0 0 0 0 0 0 0 0 0 
120 456 0 0 0 0 0 0 0 0 0 0 0 0 0 0 
136 456 0 0 0 0 0 0 0 0 0 0 0 0 0 0 
152 456 0 0 0 0 0 0 0 0 0 0 0 0 0 0 
168 456 0 0 0 0 0 0 0 0 0 0 0 0 0 0 
184 456 0 0 0 0 0 0 0 0 0 0 0 0 0 0 
200 456 0 0 0 0 0 0 0 0 0 0 0 0 0 0 
216 456 0 0 0 0 0 0 0 0 0 0 0 0 0 0 
232 456 0 0 0 0 0 0 0 0 0 0 0 0 0 0 
248 456 0 0 0 0 0 0 0 0 0 0 0 0 0 0 
264 456 0 0 0 0 0 0 0 0 0 0 0 0 0 0 
280 456 0 0 0 0 0 0 0 0 0 0 0 0 0 0 
296 456 0 0 0 0 0 0 0 0 0 0 0 0 0 0 
312 456 0 0 0 0 0 0 0 0 0 0 0 0 0 0 
328 456 0 0 0 0 0 0 0 0 0 0 0 0 0 0 
344 456 0 0 0 0 0 0 0 0 0 0 0 0 0 0 
360 456 0 0 0 0 0 0 0 0 0 0 0 0 0 0 
376 456 0 0 0 0 0 0 0 0 0 0 0 0 0 0 
392 456 0 0 0 0 0 0 0 0 0 0 0 0 0 0 
408 456 0 0 0 0 0 0 0 0 0 0 0 0 0 0 
424 456 0 0 0 0 0 0 0 0 0 0 0 0 0 0 
440 456 0 0 0 0 0 0 0 0 0 0 0 0 0 0 
456 456 0 0 0 0 0 0 0 0 0 0 0 0 0 0 
472 456 0 0 0 0 0 0 0 0 0 0 0 0 0 0 
488 456 0 0 0 0 0 0 0 0 0 0 0 0 0 0 
504 456 0 0 0 0 0 0 0 0 0 0 0 0 0 0 
520 456 0 0 0 0 0 0 0 0 0 0 0 0 0 0 
536 456 0 0 0 0 0 0 0 0 0 0 0 0 0 0 
552 456 0 0 0 0 0 0 0 0 0 0 0 0 0 0 
568 456 0 0 0 0 0 0 0 0 0 0 0 0 0 0 
584 456 0 0 0 0 0 0 0 0 0 0 0 0 0 0 
600 456 0 0 0 0 0 0 0 0 0 0 0 0 0 0 
616 456 0 0 0 0 0 0 0 0 0 0 0 0 0 0 
632 456 0 0 0 0 0 0 0 0 0 0 0 0 0 0 
648 456 0 0 0 0 0 0 0 0 0 0 0 0 0 0 
664 456 0 0 0 0 0 0 0 0 0 0 -0.001386903753 0.000087369088 0.00138965297 0 
680 456 0 0 0 0 0 0 0 0 0 0 -0.004160711259 0.000262107263 0.004168958911 0 
696 456 0 0 0 0 0 0 0 0 0 0 -0.003714036447 0.000368268654 0.003732249795 0 
712 456 0 0 0 0 0 0 0 0 0 0 -0.000046879317 0.00040585326 0.000408551758 0 
728 456 0 0 0 0 0 0 0 0 0 0 0.002341132749 0.000419774553 0.002378468672 0 
744 456 0.001527645991 -0.000379903477 0.001574175634 20.743149845581 225737.984375 0.001527645991 -0.000379903477 0.001574175634 20.743149845581 225737.984375 0.00344999975 0.000410032531 0.003474280494 0 
760 456 0.003445548985 0.002126670279 0.004049016459 62.551810194817 978478.9375 0.003445548985 0.002126670279 0.004049016459 62.551810194817 978478.9375 0.004764218733 -0.002847712582 0.005550427649 0 
776 456 -0.000540279915 0.011502261752 0.011514943673 148.795524663601 2051880.875 -0.000540279915 0.011502261752 0.011514943673 148.795524663601 2051880.875 0.0062837897 -0.009353460788 0.011268240399 0 
792 456 0.00223267153 0.01681452163 0.016962103638 120.27675760671 2900858.75 0.00223267153 0.01681452163 0.016962103638 120.27675760671 2900858.75 0.014282097961 -0.011094461529 0.01808494951 0 
808 456 0.010172255562 0.010980462492 0.014968144165 62.863883541916 2705184 0.010172255562 0.010980462492 0.014968144165 62.863883541916 2705184 0.028759143517 -0.008070714805 0.029870131793 0 
824 456 0.003635164852 0.006187294169 0.007176143298 59.729593603577 2080856 6 -16 17.088007490635 69.279233742584 1363168.75 0.031837698524 -0.00009153123 0.031837830097 0 
840 456 0.019323492291 -0.023030990897 0.030063664049 78.641659976348 2034428.125 15 -15 21.213203435596 73.639026718314 1637680.875 0.023517762981 0.012843089196 0.026796083962 0 
856 456 0.0397855048 -0.03620248026 0.053791318715 90.517254215556 2234891 -14 -16 21.260291625469 179.40281986269 2027359 0.011371089456 0.012725421173 0.017065697157 0 
872 456 0.032460045342 -0.011141202949 0.034318813306 155.539286447075 2314684.75 15 7 16.552945357247 160.500154054187 2204554.75 -0.00460232205 -0.0004445353 0.004623740898 0 
888 456 0.039039119093 0.073716306827 0.083415506423 137.539528806551 2239124 15 1 15.033296378373 164.179610968444 2215032.75 -0.032306643868 -0.011525779799 0.034301061762 0 
904 456 -0.014025104404 0.089671457363 0.090761631867 97.071276577413 2164321.25 15 -16 21.931712199461 117.191759995746 2138933 -0.071741875997 -0.020518312323 0.074618348361 0 
920 456 0.095139866712 -0.118877558784 0.152261184221 115.845093718898 2102505.75 -12.840396845435 -0.153688068301 12.841316566871 12.140080985038 2099770.5 -0.086538726687 -0.019702143553 0.088753172772 0 
936 456 0.011635813912 0.01315244386 0.01756072165 138.248491129989 2083593 -4 -16 16.492422502471 69.214079111918 2076559.125 -0.076697195937 -0.00907727349 0.077232485126 0 
952 456 -0.018038019395 0.031930131468 0.036672925153 131.851841393575 1993274 -16 0 16 167.611199621181 1984354.875 0.010133405345 -0.00222589722 0.010374995052 0 
968 456 0.157776856009 0.099042372075 0.186287218451 31.837393057943 1960157.875 0.157776856009 0.099042372075 0.186287218451 31.837393057943 1960157.875 0.173953077162 0.000851985256 0.173955163571 0 
984 456 0.117664680806 0.097190167113 0.152613582923 37.532701580222 1952995.875 0.117664680806 0.097190167113 0.152613582923 37.532701580222 1952995.875 0.203363218545 0.007186023376 0.203490141257 0 
1000 456 0.000793568373 0.003096955092 0.003197011355 65.948858465395 1934394.875 -8.528532816466 4.140098521927 9.480310531454 144.427347243684 1873636 0.098363829494 0.01677621714 0.0997841892 0 
1016 456 0.003086571487 0.000569491239 0.003138669115 25.084743183269 1924876 -16 8 17.888543819998 117.896352352452 1609857.875 0.034269183721 0.024478818195 0.042114005903 0 
1032 456 -0.000331462593 0.001887167062 0.001916055054 30.05068694857 1299224 -0.000331462593 0.001887167062 0.001916055054 30.05068694857 1299224 0.011079281226 0.030293826541 0.032256261392 0 
1048 456 0.003606752745 0.003993513895 0.005381154021 37.513985259608 581774 0.003606752745 0.003993513895 0.005381154021 37.513985259608 581774 0.002856379399 0.035712992181 0.035827038864 0 
1064 456 -0.00142616656 0.001537296398 0.002096957623 56.113540908531 236676.96875 -0.00142616656 0.001537296398 0.002096957623 56.113540908531 236676.96875 0.009600478238 0.040736315116 0.041852318354 0 
1080 456 0 0 0 0 20648.998046875 0 0 0 0 20648.998046875 0.017762173568 0.043809614394 0.047273429358 0 
1096 456 0 0 0 0 0 0 0 0 0 0 0.027341465387 0.044932890017 0.052597721764 0 
1112 456 0 0 0 0 0 0 0 0 0 0 0.018710126632 0.037633497159 0.042027954351 0 
1128 456 0 0 0 0 0 0 0 0 0 0 -0.008131842697 0.021911435818 0.023371732612 0 
1144 456 0 0 0 0 0 0 0 0 0 0 -0.014531317147 0.009526717729 0.017375774191 0 
1160 456 0 0 0 0 0 0 0 0 0 0 -0.000488296719 0.000479342892 0.000684253822 0 
1176 456 0 0 0 0 0 0 0 0 0 0 0.002427784481 -0.002992078511 0.003853137851 0 
1192 456 0 0 0 0 0 0 0 0 0 0 -0.005783073549 -0.000887546479 0.005850784428 0 
1208 456 0 0 0 0 0 0 0 0 0 0 -0.015152863907 0.000902969857 0.01517974437 0 
1224 456 0 0 0 0 0 0 0 0 0 0 -0.025681586593 0.002379470497 0.025791583313 0 
1240 456 0 0 0 0 0 0 0 0 0 0 -0.025785681073 0.003182458289 0.025981327702 0 
1256 456 0 0 0 0 0 0 0 0 0 0 -0.015465147347 0.003311933234 0.015815804886 0 
1272 456 0 0 0 0 0 0 0 0 0 0 -0.008331984808 0.006614431148 0.010638264438 0 
1288 456 0 0 0 0 0 0 0 0 0 0 -0.004386193457 0.01308995203 0.013805272079 0 
1304 456 0 0 0 0 0 0 0 0 0 0 -0.005047027954 0.020054479352 0.020679812215 0 
1320 456 0 0 0 0 0 0 0 0 0 0 -0.010314488298 0.027508013114 0.029378213941 0 
1336 456 0 0 0 0 0 0 0 0 0 0 -0.010922274392 0.032147896863 0.03395266338 0 
1352 456 0 0 0 0 0 0 0 0 0 0 -0.006870386235 0.033974130598 0.034661848723 0 
1368 456 0 0 0 0 0 0 0 0 0 0 -0.005232556211 0.037365542435 0.037730139226 0 
1384 456 0 0 0 0 0 0 0 0 0 0 -0.006008784318 0.042322132375 0.042746559835 0 
1400 456 0 0 0 0 0 0 0 0 0 0 -0.005236475094 0.047586345946 0.04787359389 0 
1416 456 0 0 0 0 0 0 0 0 0 0 -0.002915628538 0.053158183148 0.053238081533 0 
1432 456 0 0 0 0 0 0 0 0 0 0 -0.00435903565 0.049240091718 0.049432659489 0 
1448 456 0 0 0 0 0 0 0 0 0 0 -0.009566696428 0.035832071656 0.037087181609 0 
1464 456 0 0 0 0 0 0 0 0 0 0 -0.008636340427 0.021813252375 0.023460698096 0 
1480 456 0 0 0 0 0 0 0 0 0 0 -0.001567967649 0.007183633874 0.007352762623 0 
1496 456 0 0 0 0 0 0 0 0 0 0 0.002306825967 -0.001044385893 0.002532229835 0 
1512 456 0 0 0 0 0 0 0 0 0 0 0.002988040422 -0.002870806927 0.004143659973 0 
1528 456 0 0 0 0 0 0 0 0 0 0 0.0034509625 -0.003192872399 0.004701444069 0 
1544 456 0 0 0 0 0 0 0 0 0 0 0.003695592204 -0.00201058231 0.00420711813 0 
1560 456 0 0 0 0 0 0 0 0 0 0 0.00247067762 -0.001173879657 0.002735368595 0 
1576 456 0 0 0 0 0 0 0 0 0 0 -0.000223781253 -0.000682764439 0.000718502142 0 
1592 456 0 0 0 0 0 0 0 0 0 0 -0.004534953066 -0.000381132812 0.00455094073 0 
1608 456 0 0 0 0 0 0 0 0 0 0 -0.010462837821 -0.000268984777 0.010466294859 0 
1624 456 0 0 0 0 0 0 0 0 0 0 -0.008678807417 -0.000059246728 0.008679009641 0 
1640 456 0 0 0 0 0 0 0 0 0 0 0.000817138146 0.000248081334 0.000853966685 0 
1656 456 0 0 0 0 0 0 0 0 0 0 0.003350012145 0.000465062067 0.003382138983 0 
1672 456 0 0 0 0 0 0 0 0 0 0 -0.001080185419 0.000591695472 0.001231626596 0 
1688 456 0 0 0 0 0 0 0 0 0 0 -0.002544871508 0.000417850773 0.002578947511 0 
1704 456 0 0 0 0 0 0 0 0 0 0 -0.001044046122 -0.000056472028 0.001045572281 0 
1720 456 0 0 0 0 0 0 0 0 0 0 -0.000220225072 -0.000220225072 0.000311445284 0 
1736 456 0 0 0 0 0 0 0 0 0 0 -0.000073408357 -0.000073408357 0.000103815095 0 
1752 456 0 0 0 0 0 0 0 0 0 0 0 0 0 0 
1768 456 0 0 0 0 0 0 0 0 0 0 0 0 0 0 
1784 456 0 0 0 0 0 0 0 0 0 0 0 0 0 0 
1800 456 0 0 0 0 0 0 0 0 0 0 0 0 0 0 
1816 456 0 0 0 0 0 0 0 0 0 0 0 0 0 0 
1832 456 0 0 0 0 0 0 0 0 0 0 0 0 0 0 
1848 456 0 0 0 0 0 0 0 0 0 0 0 0 0 0 
1864 456 0 0 0 0 0 0 0 0 0 0 0 0 0 0 
1880 456 0 0 0 0 0 0 0 0 0 0 0 0 0 0 
1896 456 0 0 0 0 0 0 0 0 0 0 0 0 0 0 
1912 456 0 0 0 0 0 0 0 0 0 0 0 0 0 0 
1928 456 0 0 0 0 0 0 0 0 0 0 0 0 0 0 
1944 456 0 0 0 0 0 0 0 0 0 0 0 0 0 0 
1960 456 0 0 0 0 0 0 0 0 0 0 0 0 0 0 
1976 456 0 0 0 0 0 0 0 0 0 0 0 0 0 0 
1992 456 0 0 0 0 0 0 0 0 0 0 0 0 0 0 
2008 456 0 0 0 0 0 0 0 0 0 0 0 0 0 0 
2024 456 0 0 0 0 0 0 0 0 0 0 0 0 0 0 
2040 456 0 0 0 0 0 0 0 0 0 0 0 0 0 0 
2056 456 0 0 0 0 0 0 0 0 0 0 0 0 0 0 
2072 456 0 0 0 0 0 0 0 0 0 0 0 0 0 0 
2088 456 0 0 0 0 0 0 0 0 0 0 0 0 0 0 
2104 456 0 0 0 0 0 0 0 0 0 0 0 0 0 0 
2120 456 0 0 0 0 0 0 0 0 0 0 0 0 0 0 
2136 456 0 0 0 0 0 0 0 0 0 0 0 0 0 0 
2152 456 0 0 0 0 0 0 0 0 0 0 0 0 0 0 
2168 456 0 0 0 0 0 0 0 0 0 0 0 0 0 0 
2184 456 0 0 0 0 0 0 0 0 0 0 0 0 0 0 
2200 456 0 0 0 0 0 0 0 0 0 0 0 0 0 0 
2216 456 0 0 0 0 0 0 0 0 0 0 0 0 0 0 
2232 456 0 0 0 0 0 0 0 0 0 0 0 0 0 0 
2248 456 0 0 0 0 0 0 0 0 0 0 0 0 0 0 
2264 456 0 0 0 0 0 0 0 0 0 0 0 0 0 0 
2280 456 0 0 0 0 0 0 0 0 0 0 0 0 0 0 
2296 456 0 0 0 0 0 0 0 0 0 0 0 0 0 0 
2312 456 0 0 0 0 0 0 0 0 0 0 0 0 0 0 
2328 456 0 0 0 0 0 0 0 0 0 0 0 0 0 0 
2344 456 0 0 0 0 0 0 0 0 0 0 0 0 0 0 
2360 456 0 0 0 0 0 0 0 0 0 0 0 0 0 0 
2376 456 0 0 0 0 0 0 0 0 0 0 0 0 0 0 
2392 456 0 0 0 0 0 0 0 0 0 0 0 0 0 0 
2408 456 0 0 0 0 0 0 0 0 0 0 0 0 0 0 
2424 456 0 0 0 0 0 0 0 0 0 0 0 0 0 0 
2440 456 0 0 0 0 0 0 0 0 0 0 0 0 0 0 
2456 456 0 0 0 0 0 0 0 0 0 0 0 0 0 0 
2472 456 0 0 0 0 0 0 0 0 0 0 0 0 0 0 
2488 456 0 0 0 0 0 0 0 0 0 0 0 0 0 0 
2504 456 0 0 0 0 0 0 0 0 0 0 0 0 0 0 
2520 456 0 0 0 0 0 0 0 0 0 0 0 0 0 0 
2536 456 0 0 0 0 0 0 0 0 0 0 0 0 0 0 
24 472 0 0 0 0 0 0 0 0 0 0 0 0 0 0 
40 472 0 0 0 0 0 0 0 0 0 0 0 0 0 0 
56 472 0 0 0 0 0 0 0 0 0 0 0 0 0 0 
72 472 0 0 0 0 0 0 0 0 0 0 0 0 0 0 
88 472 0 0 0 0 0 0 0 0 0 0 0 0 0 0 
104 472 0 0 0 0 0 0 0 0 0 0 0 0 0 0 
120 472 0 0 0 0 0 0 0 0 0 0 0 0 0 0 
136 472 0 0 0 0 0 0 0 0 0 0 0 0 0 0 
152 472 0 0 0 0 0 0 0 0 0 0 0 0 0 0 
168 472 0 0 0 0 0 0 0 0 0 0 0 0 0 0 
184 472 0 0 0 0 0 0 0 0 0 0 0 0 0 0 
200 472 0 0 0 0 0 0 0 0 0 0 0 0 0 0 
216 472 0 0 0 0 0 0 0 0 0 0 0 0 0 0 
232 472 0 0 0 0 0 0 0 0 0 0 0 0 0 0 
248 472 0 0 0 0 0 0 0 0 0 0 0 0 0 0 
264 472 0 0 0 0 0 0 0 0 0 0 0 0 0 0 
280 472 0 0 0 0 0 0 0 0 0 0 0 0 0 0 
296 472 0 0 0 0 0 0 0 0 0 0 0 0 0 0 
312 472 0 0 0 0 0 0 0 0 0 0 0 0 0 0 
328 472 0 0 0 0 0 0 0 0 0 0 0 0 0 0 
344 472 0 0 0 0 0 0 0 0 0 0 0 0 0 0 
360 472 0 0 0 0 0 0 0 0 0 0 0 0 0 0 
376 472 0 0 0 0 0 0 0 0 0 0 0 0 0 0 
392 472 0 0 0 0 0 0 0 0 0 0 0 0 0 0 
408 472 0 0 0 0 0 0 0 0 0 0 0 0 0 0 
424 472 0 0 0 0 0 0 0 0 0 0 0 0 0 0 
440 472 0 0 0 0 0 0 0 0 0 0 0 0 0 0 
456 472 0 0 0 0 0 0 0 0 0 0 0 0 0 0 
472 472 0 0 0 0 0 0 0 0 0 0 0 0 0 0 
488 472 0 0 0 0 0 0 0 0 0 0 0 0 0 0 
504 472 0 0 0 0 0 0 0 0 0 0 0 0 0 0 
520 472 0 0 0 0 0 0 0 0 0 0 0 0 0 0 
536 472 0 0 0 0 0 0 0 0 0 0 0 0 0 0 
552 472 0 0 0 0 0 0 0 0 0 0 0 0 0 0 
568 472 0 0 0 0 0 0 0 0 0 0 0.000182339463 -0.000745864973 0.000767829563 0 
584 472 0 0 0 0 0 0 0 0 0 0 0.000547018388 -0.00223759492 0.00230348869 0 
600 472 0 0 0 0 0 0 0 0 0 0 -0.000479915107 -0.003148317548 0.003184685524 0 
616 472 0 0 0 0 0 0 0 0 0 0 -0.002898461022 -0.003478032856 0.004527448381 0 
632 472 0 0 0 0 0 0 0 0 0 0 -0.003367749438 -0.004704400723 0.005785596118 0 
648 472 0 0 0 0 0 0 0 0 0 0 -0.001887780355 -0.006827421149 0.007083600371 0 
664 472 0 0 0 0 0 0 0 0 0 0 -0.001155603308 -0.006458279613 0.006560853189 0 
680 472 0 0 0 0 0 0 0 0 0 0 -0.0011712183 -0.003596976112 0.003782854671 0 
696 472 -0.000154526479 0.002622578163 0.002627126692 5.752135122181 41348.99609375 -0.000154526479 0.002622578163 0.002627126692 5.752135122181 41348.99609375 -0.000159115075 0.000990709519 0.001003405679 0 
712 472 -0.005384488352 -0.001674534447 0.005638863398 121.713243014096 496484.96875 -16 -6 17.088007490635 124.993996411777 43008 0.001880706367 0.00730477728 0.007542998578 0 
728 472 0.001708679916 -0.003675574591 0.004053324023 139.322930092811 1368790.875 0.001708679916 -0.003675574591 0.004053324023 139.322930092811 1368790.875 0.003597910097 0.012761858528 0.013259335962 0 
744 472 0.000174031404 -0.001733008173 0.001741724507 158.222700840991 2280107 0.000174031404 -0.001733008173 0.001741724507 158.222700840991 2280107 0.004992496115 0.017361953261 0.018065504103 0 
760 472 0.003014229713 0.012617391846 0.012972438389 0.218710034213 3100356 0.003014229713 0.012617391846 0.012972438389 0.218710034213 3100356 0.006293513221 0.025906310666 0.026659805719 0 
776 472 0.001906221787 0.030891668227 0.030950425641 7.523207966014 3608546.25 -16 -16 22.62741699797 146.054262168147 2941626 0.007500961413 0.038394930742 0.039120776179 0 
792 472 0.001602621779 0.032382499015 0.032422131932 26.383762301787 3732474 0.001602621779 0.032382499015 0.032422131932 26.383762301787 3732474 0.034152633789 0.061066290235 0.069967808296 0 
808 472 0.048100406025 0.039549715012 0.062272217058 8.010113927184 2900910 0.048100406025 0.039549715012 0.062272217058 8.010113927184 2900910 0.086248530349 0.093920389144 0.127514110922 0 
824 472 -11.061999564439 4.491355687158 11.939016302536 148.687859488527 2066220.875 15 5 15.811388300842 9.220778321736 2063993.875 0.63759281182 0.103429335569 0.645927411665 0 
840 472 1.35846627161 3.299016831067 3.567764378819 64.581283127714 2334391.75 6 -16 17.088007490635 72.481830105561 2297108.25 1.688185478202 0.089593129508 1.690561190157 0 
856 472 -0.314886958459 0.473998991137 0.569059610415 108.537223792874 2916238.75 15 0 15 15.059654979319 2881554.75 0.299136952959 0.080487413807 0.30977595195 0 
872 472 0.078999167999 0.186654147821 0.202683594411 111.704588682749 2993096 1 15 15.033296378373 92.578725292003 2885379.25 -3.529552763909 0.076112188464 3.530373319983 0 
888 472 3.067307688876 0.033682143655 3.067492615319 175.552979694689 2579874.5 -20 0 20 3.817879929079 2568932.5 -4.114019914071 0.274542427744 4.123170309119 0 
904 472 -0.885583007695 2.579724357401 2.72749610883 46.129685164022 2254745 -15.048510672732 -8.213031927261 17.143849244132 53.548097127284 2246218 -1.454264497528 0.675778131646 1.60360884008 0 
920 472 -0.23144456883 5.75140216981 5.756057114669 3.454596297496 2007461 7 -16 17.464249196573 155.220445918178 1995552.875 0.013650993848 0.679929879616 0.68006690173 0 
936 472 -0.298565405462 5.131830759878 5.14050855941 48.600769394334 1996695.875 -2.989924729577 -13.812909707662 14.132803135987 146.942637207412 1990014.875 0.289726560059 0.286997671654 0.407810180278 0 
952 472 7.073012651136 -9.701810937889 12.006358458653 62.005280546262 2026813 0.425431176998 4.714492878783 4.733649204415 76.744808428629 2026516 0.582099998758 0.082833105191 0.587964056614 0 
968 472 1.143615299822 -0.280001178392 1.177393992633 18.086917341344 2252159 -10.930746527427 -8.008023055504 13.550263942239 148.102295927404 2227696.25 0.890771309948 0.067436180227 0.893320303715 0 
984 472 1.362758368116 -0.232188629486 1.382397167797 14.177160497267 2402748 -15.104464565357 -0.302334311179 15.107490057645 176.638812181053 2388299 0.806546369898 0.063588186138 0.809049135845 0 
1000 472 2.517497132893 -0.006279096247 2.517504963486 12.353685493996 2446316 4.920225166916 13.914045583854 14.758363059727 58.31482562755 2409483 0.329425178609 0.071289122926 0.337050570907 0 
1016 472 0.369264310137 0.143849573379 0.396293868868 23.229047651524 2497903 -14.589627527404 -9.335037463179 17.320512574036 168.099960313536 2475210 0.07190025752 0.070687785216 0.10082861702 0 
1032 472 0.018067405604 0.009808501259 0.020558157559 32.699287799321 2017493 -16 -1 16.031219541881 122.380229628575 1934904.875 0.033971606631 0.061784173008 0.070507830001 0 
1048 472 0.002671967248 0.011996514883 0.012290475106 8.241204565114 1556340.875 -16 15 21.931712199461 51.162859706883 1257816 0.003854247893 0.051078027679 0.051223238265 0 
1064 472 0.001981604729 0.021939861618 0.022029168961 30.727687151929 1267801.875 0.001981604729 0.021939861618 0.022029168961 30.727687151929 1267801.875 -0.018451818694 0.038569349229 0.042755868756 0 
1080 472 -0.007726885071 -0.008567419327 0.011537132522 118.352345866186 1055672 -0.007726885071 -0.008567419327 0.011537132522 118.352345866186 1055672 -0.009297109731 0.026108432935 0.027714373882 0 
1096 472 0.171054301412 -0.016340357324 0.171833004132 29.076133715335 1139552.875 0.171054301412 -0.016340357324 0.171833004132 29.076133715335 1139552.875 0.031318374782 0.013695278796 0.034181884973 0 
1112 472 0.001024408207 0.008678795 0.008739044274 81.82743780405 1212400.75 0.001024408207 0.008678795 0.008739044274 81.82743780405 1212400.75 0.028992310109 0.000729194092 0.029001478746 0 
1128 472 -0.052745162565 0.020055325922 0.056429321029 58.980095681902 1293711 -0.052745162565 0.020055325922 0.056429321029 58.980095681902 1293711 -0.016275303752 -0.012789821176 0.020699397043 0 
1144 472 0.029184923011 0.006339591684 0.029865534549 153.598729211974 1403079.875 0.029184923011 0.006339591684 0.029865534549 153.598729211974 1403079.875 -0.0271425391 -0.021711657057 0.034757926879 0 
1160 472 0.010607019628 -0.011336550445 0.015525019851 50.988429541065 1400794 0.010607019628 -0.011336550445 0.015525019851 50.988429541065 1400794 -0.003609395935 -0.026036313551 0.026285306967 0 
1176 472 0.002513933904 -0.023004385998 0.023141340472 3.570330593033 1204486 0.002513933904 -0.023004385998 0.023141340472 3.570330593033 1204486 0.004183970737 -0.024205222011 0.024564168696 0 
1192 472 -0.007159951803 -0.022027375704 0.023161826142 4.945848216692 999342 -0.007159951803 -0.022027375704 0.023161826142 4.945848216692 999342 -0.003762439086 -0.016218382436 0.016649080357 0 
1208 472 -0.015236226361 0.001477361303 0.015307684023 37.152202367987 1248032.875 -0.015236226361 0.001477361303 0.015307684023 37.152202367987 1248032.875 -0.014752426464 -0.00908068885 0.017323192448 0 
1224 472 -0.015383683461 0.010627929232 0.018697876794 40.179097463296 1544943 -0.015383683461 0.010627929232 0.018697876794 40.179097463296 1544943 -0.028785991399 -0.002792141253 0.028921088389 0 
1240 472 -0.043648209661 -0.000816925045 0.043655853825 3.362033298808 1704384.875 -0.043648209661 -0.000816925045 0.043655853825 3.362033298808 1704384.875 -0.030411753871 0.001216041588 0.030436056425 0 
1256 472 -0.002509917494 -0.005173011778 0.005749759706 72.646648183535 1776857.875 -0.002509917494 -0.005173011778 0.005749759706 72.646648183535 1776857.875 -0.019629713882 0.002943859673 0.019849231141 0 
1272 472 0.00974088646 -0.000853917724 0.009778243426 153.648902127348 1648615 0.00974088646 -0.000853917724 0.009778243426 153.648902127348 1648615 -0.012386191828 0.007549003535 0.014505350818 0 
1288 472 0.003486631697 0.000230659129 0.003494253028 116.222993409685 1415935 0.003486631697 0.000230659129 0.003494253028 116.222993409685 1415935 -0.008681187707 0.015031473173 0.017358231643 0 
1304 472 -0.008548193219 0.00667905565 0.010848105442 21.898192975724 1389430 -0.008548193219 0.00667905565 0.010848105442 21.898192975724 1389430 -0.013854713578 0.023900799099 0.027626097913 0 
1320 472 -0.007171444848 0.011325209503 0.013404849551 6.906187016641 1303512.875 -0.007171444848 0.011325209503 0.013404849551 6.906187016641 1303512.875 -0.02790676944 0.034156981312 0.044107676802 0 
1336 472 -0.006598110466 0.012141233073 0.013818270596 10.336557611426 1155386.875 -0.006598110466 0.012141233073 0.013818270596 10.336557611426 1155386.875 -0.032844075031 0.040764823715 0.052349824423 0 
1352 472 -0.002440759453 0.008720573763 0.009055700606 17.613584009738 1048766 -0.002440759453 0.008720573763 0.009055700606 17.613584009738 1048766 -0.028666630353 0.043724326308 0.052283768101 0 
1368 472 0.01730849116 0.00723439233 0.018759538871 95.548102599785 790842 0.01730849116 0.00723439233 0.018759538871 95.548102599785 790842 -0.025484242871 0.047465311995 0.053873949897 0 
1384 472 -0.004474586919 0.009958501934 0.01091758622 0.057252492553 662615 -0.004474586919 0.009958501934 0.01091758622 0.057252492553 662615 -0.023296912585 0.051987780776 0.056969074821 0 
1400 472 -0.007610697841 0.007992359657 0.011036327945 22.350711738332 555141.9375 -0.007610697841 0.007992359657 0.011036327945 22.350711738332 555141.9375 -0.022547833944 0.057987433993 0.062216937539 0 
1416 472 0.004725685532 0.003765025857 0.0060421456 70.997810904607 458452.96875 0.004725685532 0.003765025857 0.0060421456 70.997810904607 458452.96875 -0.023237006948 0.065464271647 0.069466030217 0 
1432 472 0.001502282574 0.000705133961 0.001659538139 87.981007179657 337409.96875 0.001502282574 0.000705133961 0.001659538139 87.981007179657 337409.96875 -0.026479920684 0.062005732403 0.06742326787 0 
1448 472 0.012191039046 -0.000177264271 0.012192327737 124.966830837516 198408.96875 0.012191039046 -0.000177264271 0.012192327737 124.966830837516 198408.96875 -0.032276575151 0.047611816261 0.057520973141 0 
1464 472 -0.012081888288 -0.012081888288 0.017086370276 99.076618483576 74859.9921875 -0.012081888288 -0.012081888288 0.017086370276 99.076618483576 74859.9921875 -0.022296015645 0.030774290029 0.038002226783 0 
1480 472 0 0 0 0 0 0 0 0 0 0 0.003461757835 0.011493153708 0.012003180806 0 
1496 472 0 0 0 0 0 0 0 0 0 0 0.012837286879 0.000351580725 0.012842100428 0 
1512 472 0 0 0 0 0 0 0 0 0 0 0.005830571485 -0.002650428921 0.006404712117 0 
1528 472 0 0 0 0 0 0 0 0 0 0 0.003261980908 -0.002189833428 0.003928853508 0 
1544 472 0 0 0 0 0 0 0 0 0 0 0.005131515147 0.001733367204 0.005416364978 0 
1560 472 0 0 0 0 0 0 0 0 0 0 0.003857079948 0.005287180914 0.006544566276 0 
1576 472 0 0 0 0 0 0 0 0 0 0 -0.000561324691 0.008471607702 0.008490183889 0 
1592 472 0 0 0 0 0 0 0 0 0 0 -0.012488468164 0.010611635114 0.016388063854 0 
1608 472 0 0 0 0 0 0 0 0 0 0 -0.031924350472 0.011707263151 0.034003296363 0 
1624 472 0 0 0 0 0 0 0 0 0 0 -0.032505248789 0.010862932236 0.034272357602 0 
1640 472 0 0 0 0 0 0 0 0 0 0 -0.014231163115 0.00807864237 0.016364304634 0 
1656 472 0 0 0 0 0 0 0 0 0 0 -0.00526751799 0.005052626752 0.007299026159 0 
1672 472 0 0 0 0 0 0 0 0 0 0 -0.005614313415 0.001784885382 0.005891207936 0 
1688 472 0 0 0 0 0 0 0 0 0 0 -0.003741671504 0.000481190171 0.003772485868 0 
1704 472 0 0 0 0 0 0 0 0 0 0 0.000350407743 0.001141541118 0.001194111264 0 
1720 472 0 0 0 0 0 0 0 0 0 0 0.003361026167 0.001552313171 0.003702184906 0 
1736 472 0 0 0 0 0 0 0 0 0 0 0.00529018377 0.00171350633 0.005560768675 0 
1752 472 0 0 0 0 0 0 0 0 0 0 0.005976391083 0.00180797295 0.006243878328 0 
1768 472 0 0 0 0 0 0 0 0 0 0 0.005419648109 0.001835713032 0.005722099961 0 
1784 472 0 0 0 0 0 0 0 0 0 0 0.004706729719 0.001833317414 0.005051173862 0 
1800 472 0 0 0 0 0 0 0 0 0 0 0.003837635912 0.001800786097 0.0042391367 0 
1816 472 0 0 0 0 0 0 0 0 0 0 0.00299807072 0.001453286913 0.003331736918 0 
1832 472 0 0 0 0 0 0 0 0 0 0 0.00218803414 0.000790819863 0.002326561724 0 
1848 472 0 0 0 0 0 0 0 0 0 0 0.001551541839 0.000441984678 0.001613267657 0 
1864 472 0 0 0 0 0 0 0 0 0 0 0.001088593814 0.00040678136 0.001162113405 0 
1880 472 0 0 0 0 0 0 0 0 0 0 0.000233093112 0.000721036805 0.000757777324 0 
1896 472 0 0 0 0 0 0 0 0 0 0 -0.001014960268 0.001384751013 0.00171688081 0 
1912 472 0 0 0 0 0 0 0 0 0 0 -0.001487743455 0.001877246434 0.002395294296 0 
1928 472 0 0 0 0 0 0 0 0 0 0 -0.001185256448 0.002198523068 0.002497666216 0 
1944 472 0 0 0 0 0 0 0 0 0 0 -0.001517870707 0.002259484159 0.002721984597 0 
1960 472 0 0 0 0 0 0 0 0 0 0 -0.002485586232 0.002060129706 0.003228354584 0 
1976 472 0 0 0 0 0 0 0 0 0 0 -0.005267584895 0.001626816386 0.00551307375 0 
1992 472 0 0 0 0 0 0 0 0 0 0 -0.009863866696 0.0009595442 0.00991042841 0 
2008 472 0 0 0 0 0 0 0 0 0 0 -0.010412999297 0.000357224505 0.010419124901 0 
2024 472 0 0 0 0 0 0 0 0 0 0 -0.006914982699 -0.000180142698 0.006917328756 0 
2040 472 0 0 0 0 0 0 0 0 0 0 -0.004220911095 -0.000596422236 0.004262840597 0 
2056 472 0 0 0 0 0 0 0 0 0 0 -0.002330784484 -0.000891614107 0.00249550236 0 
2072 472 0 0 0 0 0 0 0 0 0 0 -0.001292899152 -0.001046605118 0.001663421321 0 
2088 472 0 0 0 0 0 0 0 0 0 0 -0.001107255098 -0.001061395267 0.001533810212 0 
2104 472 0 0 0 0 0 0 0 0 0 0 -0.001249972273 -0.000960867572 0.001576609392 0 
2120 472 0 0 0 0 0 0 0 0 0 0 -0.001721050676 -0.000745022033 0.001875386163 0 
2136 472 0 0 0 0 0 0 0 0 0 0 -0.001467442408 -0.000477824448 0.001543276846 0 
2152 472 0 0 0 0 0 0 0 0 0 0 -0.000489147469 -0.000159274816 0.000514425615 0 
2168 472 0 0 0 0 0 0 0 0 0 0 0 0 0 0 
2184 472 0 0 0 0 0 0 0 0 0 0 0 0 0 0 
2200 472 0 0 0 0 0 0 0 0 0 0 0 0 0 0 
2216 472 0 0 0 0 0 0 0 0 0 0 0 0 0 0 
2232 472 0 0 0 0 0 0 0 0 0 0 0 0 0 0 
2248 472 0 0 0 0 0 0 0 0 0 0 0 0 0 0 
2264 472 0 0 0 0 0 0 0 0 0 0 0 0 0 0 
2280 472 0 0 0 0 0 0 0 0 0 0 0 0 0 0 
2296 472 0 0 0 0 0 0 0 0 0 0 0 0 0 0 
2312 472 0 0 0 0 0 0 0 0 0 0 0 0 0 0 
2328 472 0 0 0 0 0 0 0 0 0 0 0 0 0 0 
2344 472 0 0 0 0 0 0 0 0 0 0 0 0 0 0 
2360 472 0 0 0 0 0 0 0 0 0 0 0 0 0 0 
2376 472 0 0 0 0 0 0 0 0 0 0 0 0 0 0 
2392 472 0 0 0 0 0 0 0 0 0 0 0 0 0 0 
2408 472 0 0 0 0 0 0 0 0 0 0 0 0 0 0 
2424 472 0 0 0 0 0 0 0 0 0 0 0 0 0 0 
2440 472 0 0 0 0 0 0 0 0 0 0 0 0 0 0 
2456 472 0 0 0 0 0 0 0 0 0 0 0 0 0 0 
2472 472 0 0 0 0 0 0 0 0 0 0 0 0 0 0 
2488 472 0 0 0 0 0 0 0 0 0 0 0 0 0 0 
2504 472 0 0 0 0 0 0 0 0 0 0 0 0 0 0 
2520 472 0 0 0 0 0 0 0 0 0 0 0 0 0 0 
2536 472 0 0 0 0 0 0 0 0 0 0 0 0 0 0 
24 488 0 0 0 0 0 0 0 0 0 0 0 0 0 0 
40 488 0 0 0 0 0 0 0 0 0 0 0 0 0 0 
56 488 0 0 0 0 0 0 0 0 0 0 0 0 0 0 
72 488 0 0 0 0 0 0 0 0 0 0 0 0 0 0 
88 488 0 0 0 0 0 0 0 0 0 0 0 0 0 0 
104 488 0 0 0 0 0 0 0 0 0 0 0 0 0 0 
120 488 0 0 0 0 0 0 0 0 0 0 0 0 0 0 
136 488 0 0 0 0 0 0 0 0 0 0 0 0 0 0 
152 488 0 0 0 0 0 0 0 0 0 0 0 0 0 0 
168 488 0 0 0 0 0 0 0 0 0 0 0 0 0 0 
184 488 0 0 0 0 0 0 0 0 0 0 0 0 0 0 
200 488 0 0 0 0 0 0 0 0 0 0 0 0 0 0 
216 488 0 0 0 0 0 0 0 0 0 0 0 0 0 0 
232 488 0 0 0 0 0 0 0 0 0 0 0 0 0 0 
248 488 0 0 0 0 0 0 0 0 0 0 0 0 0 0 
264 488 0 0 0 0 0 0 0 0 0 0 0 0 0 0 
280 488 0 0 0 0 0 0 0 0 0 0 0 0 0 0 
296 488 0 0 0 0 0 0 0 0 0 0 0 0 0 0 
312 488 0 0 0 0 0 0 0 0 0 0 0 0 0 0 
328 488 0 0 0 0 0 0 0 0 0 0 0 0 0 0 
344 488 0 0 0 0 0 0 0 0 0 0 0 0 0 0 
360 488 0 0 0 0 0 0 0 0 0 0 0 0 0 0 
376 488 0 0 0 0 0 0 0 0 0 0 0 0 0 0 
392 488 0 0 0 0 0 0 0 0 0 0 0 0 0 0 
408 488 0 0 0 0 0 0 0 0 0 0 0 0 0 0 
424 488 0 0 0 0 0 0 0 0 0 0 0 0 0 0 
440 488 0 0 0 0 0 0 0 0 0 0 0 0 0 0 
456 488 0 0 0 0 0 0 0 0 0 0 0 0 0 0 
472 488 0 0 0 0 0 0 0 0 0 0 0 0 0 0 
488 488 0 0 0 0 0 0 0 0 0 0 0 0 0 0 
504 488 0 0 0 0 0 0 0 0 0 0 0 0 0 0 
520 488 0 0 0 0 0 0 0 0 0 0 0 0 0 0 
536 488 0 0 0 0 0 0 0 0 0 0 0 0 0 0 
552 488 0 0 0 0 0 0 0 0 0 0 0 0 0 0 
568 488 0 0 0 0 0 0 0 0 0 0 0.000547018388 -0.00223759492 0.00230348869 0 
584 488 0 0 0 0 0 0 0 0 0 0 0.001641055165 -0.00671278476 0.006910466069 0 
600 488 0 0 0 0 0 0 0 0 0 0 -0.00143974532 -0.009444952643 0.009554056573 0 
616 488 0 0 0 0 0 0 0 0 0 0 -0.008695383067 -0.010434098567 0.013582345143 0 
632 488 0 0 0 0 0 0 0 0 0 0 -0.010103248315 -0.014113202169 0.017356788354 0 
648 488 0 0 0 0 0 0 0 0 0 0 -0.005663341064 -0.020482263448 0.021250801114 0 
664 488 0.003365007431 -0.004997539915 0.006024838604 33.276950339405 250655.96875 0.003365007431 -0.004997539915 0.006024838604 33.276950339405 250655.96875 0.000231600083 -0.019607823072 0.01960919081 0 
680 488 0.001541932627 -0.001565425855 0.002197297052 11.148078019117 1000871.9375 -16 -6 17.088007490635 102.862699469375 262232 0.007581575126 -0.011489881039 0.013765814458 0 
696 488 -0.0191653119 0.002550998454 0.019334341813 160.49755084893 1935844.875 -0.0191653119 0.002550998454 0.019334341813 160.49755084893 1935844.875 0.009426751969 0.001990078812 0.009634524709 0 
712 488 -0.02787198842 -0.000749019002 0.027882051 107.013546448069 2216005.75 -0.02787198842 -0.000749019002 0.027882051 107.013546448069 2216005.75 0.005767130612 0.020832056481 0.021615604843 0 
728 488 0.007310106517 -0.016073005663 0.01765726956 147.986767874416 2486171 -16 -6 17.088007490635 118.112930833351 1826612 0.005072077478 0.038232888827 0.038567859132 0 
744 488 0.008683643538 -0.004021216544 0.00956952703 107.132861057439 3359449 12.99070976618 9.353953762061 16.007966492091 46.52922363719 2960780.75 0.007341592564 0.054192575849 0.054687606078 0 
760 488 -0.03783184552 0.023880680447 0.044738522931 63.193651175665 4210132 15 7 16.552945357247 59.528013842013 4127690.25 0.008540316851 0.089429218018 0.089836084327 0 
776 488 -0.633107166888 -9.890307492655 9.91055028664 179.783524492156 3740470 0 15 15 3.446195604408 3712449.75 0.008668250336 0.143942815332 0.144203580572 0 
792 488 0.139993120385 1.636240710814 1.642218541327 12.723609263928 3011711.25 -8 -16 17.888543819998 171.048748622974 2927363 0.06856632899 0.215967965135 0.226591048887 0 
808 488 2.546332310831 0.220204541035 2.555836120935 53.418401883227 3099538 -16 0 16 121.639007147115 3075273.75 0.188234552812 0.305504667426 0.358838889602 0 
824 488 -7.568584521403 -0.195920193406 7.571119889409 171.906577863931 3379105 16 0 16 9.576248133461 3365664.75 1.83619274251 0.309785844344 1.862141524429 0 
840 488 5.367654616835 -0.073160938751 5.368153184158 3.394555427284 4235684.5 5 -16 16.76305461424 75.259639738132 4012849.75 5.012440898085 0.22881149589 5.017660655868 0 
856 488 -2.929303014688 -0.09189886954 2.930744197996 169.008074082201 4912406.5 15 0 15 12.788834915747 4892193 0.878082766481 0.199315575895 0.900419926248 0 
872 488 -13.641954578784 0.784398454211 13.6644870253 2.091077554814 5102373.5 -1 -16 16.031219541881 87.623413426456 4983625 -10.566881652304 0.221298084358 10.569198678043 0 
888 488 -22.80712488862 3.079927351628 23.014145610394 3.731584596086 5165944 -4 -16 16.492422502471 79.92300177538 4919709.5 -12.249339993507 0.847802110635 12.27864400882 0 
904 488 -3.830616613045 6.410623203891 7.46791225835 32.638861472974 4780486 -8 -14 16.124515496597 86.756166680493 4367040.5 -4.169292257129 2.078827654727 4.658811258616 0 
920 488 0.112335955745 7.977319520439 7.978110434065 6.650104857188 3812372 0 -14 14 172.543114025353 3357469.75 0.273632270306 2.090598510823 2.10842992599 0 
936 488 -0.126896021957 8.637013821006 8.637945956339 51.554181250915 2913050.75 -11 -16 19.416487838948 163.796077500209 2762029.25 1.079433588798 0.883114678923 1.394657093609 0 
952 488 0.916397014938 5.79583822867 5.86783812506 72.69573828515 3106854.5 -14 -16 21.260291625469 139.505362730539 2949143 1.725169032671 0.25227269212 1.743516476112 0 
968 488 1.823838378402 1.503751849589 2.363822340125 34.385975315473 4434054.5 2 -16 16.124515496597 87.994535337301 4030288.5 2.210838601926 0.198072550415 2.219693685848 0 
984 488 -9.201003393275 0.343333242876 9.207406863972 172.688928871555 5074332 12 -16 20 58.304186634609 4568573 1.878085401119 0.170062674865 1.885769362164 0 
1000 488 0.14532531165 0.20140681553 0.248362943186 41.155990495603 3989298.25 15 15 21.213203435596 31.968364844979 3764306.25 0.726909430249 0.168243065469 0.746125357339 0 
1016 488 0.649290862003 6.381627925882 6.414573532814 34.679226606127 2979367.25 -16 -6 17.088007490635 151.044769041326 2938355 0.124827517554 0.146212503481 0.192249851269 0 
1032 488 1.785727114879 4.200568980801 4.564383977196 11.611774297967 2603148.75 -16 -7 17.464249196573 148.272250552426 2533668 0.071839663033 0.103970988901 0.126376040917 0 
1048 488 -0.088907391977 5.079222711966 5.080000775797 4.286880871084 2164155 -16 -13 20.615528128088 132.377929199039 2128036.25 0.003311228998 0.057706327536 0.057801249772 0 
1064 488 0.02119701357 0.038299804393 0.043774289267 113.713782221257 1938099 2 -16 16.124515496597 102.3735539989 1904179 -0.08075778455 0.007418519387 0.081097806353 0 
1080 488 -0.074311713932 0.051458586732 0.090389252547 61.638773213113 1987884 0.47502624376 7.816669265797 7.831089856662 120.414998332789 1892052 -0.074795371578 -0.03800719744 0.083898120758 0 
1096 488 0.162038325666 0.105121457164 0.193150044631 107.874330646524 2455860.75 0.465030905406 8.131367434256 8.144654080675 161.627899075672 2316048.75 0.021198467915 -0.078570822945 0.081380275621 0 
1112 488 -0.03973147636 0.078662148019 0.088126748179 173.896239431057 2653272 -0.305095481715 8.429691167402 8.435210514904 161.378668477976 2426548 0.037083259308 -0.098168410146 0.104939053129 0 
1128 488 0.035908335211 0.005837182356 0.03637968163 114.895673819777 2534090.25 0.14196173121 9.219588411468 9.220681298581 165.219604026075 2187941 -0.027140997397 -0.096799959043 0.100532909092 0 
1144 488 0.091851915497 0.001848280316 0.091870509526 116.390457599173 2790763.5 -3.19708598309 10.642192320625 11.112048243795 138.041200657576 2329941 -0.04267743824 -0.090539551783 0.100093826842 0 
1160 488 0.0274849308 -0.000856070189 0.027498259532 95.058480521858 2828443 -0.057270987875 11.330342397881 11.33048713954 172.867902727646 2300461.75 -0.009526063221 -0.079387188366 0.079956685506 0 
1176 488 0.012067476642 -0.016983251805 0.020833982682 30.024010488807 2321302 -0.156777583466 13.223877431008 13.224806747964 175.307498750617 1828062.125 0.006077820261 -0.064636790004 0.064921910948 0 
1192 488 0.000685049626 0.000244386205 0.000727335966 104.529679176184 2073450 -16 15 21.931712199461 138.256179905431 1626705 0.004134212206 -0.046288356698 0.04647261211 0 
1208 488 -0.018291132818 0.012365787328 0.022078909303 116.663119268098 2443276.75 -16 15 21.931712199461 125.754705405166 1830011.125 -0.003849642308 -0.029649986169 0.029898853251 0 
1224 488 -0.00814429281 0.009071041727 0.012190705614 87.557934331605 2789624 0 15 15 129.476518883325 1918075 -0.017873743281 -0.014721678417 0.023155960665 0 
1240 488 -0.033980044496 0.005857227745 0.034481162115 21.93017314745 2972491.75 0 -16 16 77.849940383542 1950796.75 -0.022473445419 -0.004838430674 0.022988391862 0 
1256 488 0.007541797075 0.000720551432 0.007576140012 174.543253492532 3026955.25 14 -16 21.260291625469 131.185136474359 1907431 -0.017648748723 -0.00000024294 0.017648748724 0 
1272 488 0.015930976214 0.005732382538 0.016930924744 141.676524706492 2930932 -12 -16 20 71.663517599449 1768719.75 -0.014939949328 0.005008527543 0.015757139146 0 
1288 488 0.011085884823 0.015130322742 0.018756958937 90.851306543245 2772521 6 -16 17.088007490635 145.934719103469 1594304 -0.014347047236 0.010187880773 0.017596325726 0 
1304 488 -0.014248601217 0.024487658834 0.02833139728 26.846489990278 2906088 10 -16 18.867962264113 154.965109583761 1496897 -0.028105399524 0.018223785691 0.033496564709 0 
1320 488 -0.013163546221 0.031121224773 0.033790672981 39.69114023398 3115631 -0.013163546221 0.031121224773 0.033790672981 39.69114023398 3115631 -0.05621500619 0.029116242297 0.06330783906 0 
1336 488 -0.010567646123 0.041518869726 0.042842638667 47.937357171691 3208827 -0.010567646123 0.041518869726 0.042842638667 47.937357171691 3208827 -0.069406160048 0.036566746176 0.078449614267 0 
1352 488 -0.018879479056 0.045445244138 0.049210821414 36.496541555098 3118231 -0.018879479056 0.045445244138 0.049210821414 36.496541555098 3118231 -0.067678861098 0.040575297329 0.07890996764 0 
1368 488 0.009907319358 0.043631622082 0.044742300146 68.417825409026 2779669 0.009907319358 0.043631622082 0.044742300146 68.417825409026 2779669 -0.062499245385 0.04275448949 0.075723853872 0 
1384 488 -0.002266268869 0.046543149326 0.046598290996 48.545768475513 2673567 -0.002266268869 0.046543149326 0.046598290996 48.545768475513 2673567 -0.053867312909 0.04310432266 0.068990361877 0 
1400 488 -0.005891914349 0.05606172237 0.056370483143 42.756652777863 2562749 -0.005891914349 0.05606172237 0.056370483143 42.756652777863 2562749 -0.053679568249 0.047065379457 0.071390797662 0 
1416 488 0.009677129328 0.067454531673 0.06814514418 56.746487635329 2384782 0.009677129328 0.067454531673 0.06814514418 56.746487635329 2384782 -0.061936011407 0.05463765988 0.082591424411 0 
1432 488 0.015310599019 0.086052695989 0.087404124212 61.193711262736 2446240 0.015310599019 0.086052695989 0.087404124212 61.193711262736 2446240 -0.067815666984 0.054710285961 0.087133117002 0 
1448 488 -0.078108544833 0.095515693832 0.123386354773 17.181347276594 2714460 -0.078108544833 0.095515693832 0.123386354773 17.181347276594 2714460 -0.07131853498 0.047283257699 0.08556891895 0 
1464 488 -0.064168338104 0.054791067863 0.084377939845 2.583219069603 2861676.75 -0.064168338104 0.054791067863 0.084377939845 2.583219069603 2861676.75 -0.043857805795 0.034154197088 0.055587915124 0 
1480 488 0.020316185661 -0.004458210367 0.020799592292 58.82687653128 2820230 0.020316185661 -0.004458210367 0.020799592292 58.82687653128 2820230 0.01456652057 0.015323104127 0.021141926157 0 
1496 488 0.003575249936 -0.049588995699 0.049717712202 92.64313622395 2615818 0.003575249936 -0.049588995699 0.049717712202 92.64313622395 2615818 0.032360324723 0.003839771223 0.032587335872 0 
1512 488 0.01199133062 -0.06731869819 0.068378352832 78.120938250294 2595782 0.01199133062 -0.06731869819 0.068378352832 78.120938250294 2595782 0.009523606663 -0.000295801626 0.00952819933 0 
1528 488 0.010500970555 -0.059867081128 0.060781064365 153.353950362109 2896175 0.010500970555 -0.059867081128 0.060781064365 153.353950362109 2896175 0.000583376055 0.001944826113 0.002030437449 0 
1544 488 0.052533404044 -0.037018401313 0.064266014161 97.493774454035 2836598.5 0.052533404044 -0.037018401313 0.064266014161 97.493774454035 2836598.5 0.005539632899 0.01056165444 0.011926276752 0 
1560 488 0.032227731136 -0.023580583315 0.039933326479 111.4914633529 2425019.75 0.032227731136 -0.023580583315 0.039933326479 111.4914633529 2425019.75 0.004982766192 0.018991888495 0.019634657815 0 
1576 488 0.005889997924 -0.036102888636 0.036580194688 173.020119952782 2169551 0.005889997924 -0.036102888636 0.036580194688 173.020119952782 2169551 -0.001087224065 0.027235528276 0.027257220266 0 
1592 488 0.003148476422 -0.024686098584 0.02488606773 149.588103996391 2172117 0.003148476422 -0.024686098584 0.02488606773 149.588103996391 2172117 -0.025372196316 0.032851259508 0.041508476209 0 
1608 488 -0.016239134564 -0.00713448679 0.017737260023 51.5535234773 1915837.75 -0.016239134564 -0.00713448679 0.017737260023 51.5535234773 1915837.75 -0.067872150562 0.035839082191 0.07675329722 0 
1624 488 0.002691995733 -0.000725883102 0.002788144061 171.32628002468 1637584.875 0.002691995733 -0.000725883102 0.002788144061 171.32628002468 1637584.875 -0.074372259923 0.032746787984 0.081262446243 0 
1640 488 0.024428400026 0.005498530779 0.02503958004 139.599049765405 1526872.875 0.024428400026 0.005498530779 0.02503958004 139.599049765405 1526872.875 -0.044872524402 0.023574376888 0.05068821058 0 
1656 488 0.030785385314 0.006355558214 0.031434583966 138.970950328784 1348407 0.030785385314 0.006355558214 0.031434583966 138.970950328784 1348407 -0.024735919692 0.013917714745 0.028382538765 0 
1672 488 0.005143035733 0.00521762707 0.007326284787 119.451387519327 1198290.875 0.005143035733 0.00521762707 0.007326284787 119.451387519327 1198290.875 -0.013962445793 0.003776801556 0.014464235982 0 
1688 488 0.008326922971 0.007163326425 0.010984119976 135.052935618787 1123501 0.008326922971 0.007163326425 0.010984119976 135.052935618787 1123501 -0.004438690489 0.000329301785 0.004450889004 0 
1704 488 0.006925235698 0.009758336804 0.01196595281 11.648088669927 994494 0.006925235698 0.009758336804 0.01196595281 11.648088669927 994494 0.003835346221 0.003575215431 0.005243285803 0 
1720 488 0.013729238908 0.009785972983 0.016859930848 9.307683097547 721312 0.013729238908 0.009785972983 0.016859930848 9.307683097547 721312 0.010670345361 0.005244206373 0.011889405813 0 
1736 488 0.039274921026 0.005702752189 0.039686783747 10.111769659602 592599 0.039274921026 0.005702752189 0.039686783747 10.111769659602 592599 0.016066306928 0.00533627461 0.016929325002 0 
1752 488 0.020948748114 -0.001292871115 0.020988605558 20.363155087572 593719 0.020948748114 -0.001292871115 0.020988605558 20.363155087572 593719 0.01792917325 0.005423918851 0.018731634983 0 
1768 488 0.008801183703 -0.001823743251 0.008988151869 30.418884370871 658472 0.008801183703 -0.001823743251 0.008988151869 30.418884370871 658472 0.016258944327 0.005507139096 0.017166299882 0 
1784 488 0.01379214493 0.003040874618 0.014123391243 8.847822908123 633402 0.01379214493 0.003040874618 0.014123391243 8.847822908123 633402 0.014120189156 0.005499952243 0.015153521586 0 
1800 488 0.007356732228 0.004212368141 0.008477355392 4.656867923607 552331.9375 0.007356732228 0.004212368141 0.008477355392 4.656867923607 552331.9375 0.011512907737 0.00540235829 0.0127174101 0 
1816 488 -0.00108843594 0.001652640483 0.001978866687 97.507710930495 544655.9375 -0.00108843594 0.001652640483 0.001978866687 97.507710930495 544655.9375 0.008994212159 0.004359860739 0.009995210754 0 
1832 488 0.000963533094 0.003316472632 0.003453604891 53.928515499983 528846.9375 0.000963533094 0.003316472632 0.003453604891 53.928515499983 528846.9375 0.006564102421 0.002372459588 0.006979685171 0 
1848 488 -0.012469872682 0.00276232376 0.012772163374 151.608990868452 423159 -0.012469872682 0.00276232376 0.012772163374 151.608990868452 423159 0.004654625516 0.001325954035 0.00483980297 0 
1864 488 0.011355428639 -0.002590544344 0.011647174747 33.340617087281 293746 0.011355428639 -0.002590544344 0.011647174747 33.340617087281 293746 0.003265781442 0.00122034408 0.003486340216 0 
1880 488 0.007227990384 -0.003034701053 0.007839212682 94.860578248117 291375.96875 0.007227990384 -0.003034701053 0.007839212682 94.860578248117 291375.96875 0.000699279335 0.002163110415 0.002273331972 0 
1896 488 -0.004044684852 -0.001714136698 0.004392919322 76.727480540381 225339.96875 -0.004044684852 -0.001714136698 0.004392919322 76.727480540381 225339.96875 -0.003044880805 0.004154253039 0.005150642429 0 
1912 488 0.000518191884 -0.00236931764 0.002425322434 153.939558147752 104691.984375 -13.139839646692 0.004329624905 13.139840360005 51.583815287876 94136.984375 -0.004463230365 0.005631739302 0.007185882887 0 
1928 488 -0.000061617202 -0.000061617202 0.000087139882 106.670233484877 46522.9921875 -0.000061617202 -0.000061617202 0.000087139882 106.670233484877 46522.9921875 -0.003555769344 0.006595569204 0.007492998649 0 
1944 488 0 0 0 0 0 0 0 0 0 0 -0.004553612121 0.006778452476 0.008165953791 0 
1960 488 0 0 0 0 0 0 0 0 0 0 -0.007456758695 0.006180389118 0.009685063752 0 
1976 488 0 0 0 0 0 0 0 0 0 0 -0.015802754684 0.004880449159 0.016539221251 0 
1992 488 0 0 0 0 0 0 0 0 0 0 -0.029591600087 0.002878632601 0.029731285229 0 
2008 488 0 0 0 0 0 0 0 0 0 0 -0.031238997892 0.001071673516 0.031257374704 0 
2024 488 0 0 0 0 0 0 0 0 0 0 -0.020744948097 -0.000540428094 0.020751986268 0 
2040 488 0 0 0 0 0 0 0 0 0 0 -0.012662733284 -0.001789266707 0.01278852179 0 
2056 488 0 0 0 0 0 0 0 0 0 0 -0.006992353453 -0.002674842321 0.00748650708 0 
2072 488 0 0 0 0 0 0 0 0 0 0 -0.003878697456 -0.003139815353 0.004990263962 0 
2088 488 0 0 0 0 0 0 0 0 0 0 -0.003321765295 -0.003184185801 0.004601430635 0 
2104 488 0 0 0 0 0 0 0 0 0 0 -0.003749916819 -0.002882602716 0.004729828175 0 
2120 488 0 0 0 0 0 0 0 0 0 0 -0.005163152029 -0.002235066099 0.005626158489 0 
2136 488 0 0 0 0 0 0 0 0 0 0 -0.004402327225 -0.001433473343 0.004629830539 0 
2152 488 0 0 0 0 0 0 0 0 0 0 -0.001467442408 -0.000477824448 0.001543276846 0 
2168 488 0 0 0 0 0 0 0 0 0 0 0 0 0 0 
2184 488 0 0 0 0 0 0 0 0 0 0 0 0 0 0 
2200 488 0 0 0 0 0 0 0 0 0 0 0 0 0 0 
2216 488 0 0 0 0 0 0 0 0 0 0 0 0 0 0 
2232 488 0 0 0 0 0 0 0 0 0 0 0 0 0 0 
2248 488 0 0 0 0 0 0 0 0 0 0 0 0 0 0 
2264 488 0 0 0 0 0 0 0 0 0 0 0 0 0 0 
2280 488 0 0 0 0 0 0 0 0 0 0 0 0 0 0 
2296 488 0 0 0 0 0 0 0 0 0 0 0 0 0 0 
2312 488 0 0 0 0 0 0 0 0 0 0 0 0 0 0 
2328 488 0 0 0 0 0 0 0 0 0 0 0 0 0 0 
2344 488 0 0 0 0 0 0 0 0 0 0 0 0 0 0 
2360 488 0 0 0 0 0 0 0 0 0 0 0 0 0 0 
2376 488 0 0 0 0 0 0 0 0 0 0 0 0 0 0 
2392 488 0 0 0 0 0 0 0 0 0 0 0 0 0 0 
2408 488 0 0 0 0 0 0 0 0 0 0 0 0 0 0 
2424 488 0 0 0 0 0 0 0 0 0 0 0 0 0 0 
2440 488 0 0 0 0 0 0 0 0 0 0 0 0 0 0 
2456 488 0 0 0 0 0 0 0 0 0 0 0 0 0 0 
2472 488 0 0 0 0 0 0 0 0 0 0 0 0 0 0 
2488 488 0 0 0 0 0 0 0 0 0 0 0 0 0 0 
2504 488 0 0 0 0 0 0 0 0 0 0 0 0 0 0 
2520 488 0 0 0 0 0 0 0 0 0 0 0 0 0 0 
2536 488 0 0 0 0 0 0 0 0 0 0 0 0 0 0 
24 504 0 0 0 0 0 0 0 0 0 0 0 0 0 0 
40 504 0 0 0 0 0 0 0 0 0 0 0 0 0 0 
56 504 0 0 0 0 0 0 0 0 0 0 0 0 0 0 
72 504 0 0 0 0 0 0 0 0 0 0 0 0 0 0 
88 504 0 0 0 0 0 0 0 0 0 0 0 0 0 0 
104 504 0 0 0 0 0 0 0 0 0 0 0 0 0 0 
120 504 0 0 0 0 0 0 0 0 0 0 0 0 0 0 
136 504 0 0 0 0 0 0 0 0 0 0 0 0 0 0 
152 504 0 0 0 0 0 0 0 0 0 0 0 0 0 0 
168 504 0 0 0 0 0 0 0 0 0 0 0 0 0 0 
184 504 0 0 0 0 0 0 0 0 0 0 0 0 0 0 
200 504 0 0 0 0 0 0 0 0 0 0 0 0 0 0 
216 504 0 0 0 0 0 0 0 0 0 0 0 0 0 0 
232 504 0 0 0 0 0 0 0 0 0 0 0 0 0 0 
248 504 0 0 0 0 0 0 0 0 0 0 0 0 0 0 
264 504 0 0 0 0 0 0 0 0 0 0 0 0 0 0 
280 504 0 0 0 0 0 0 0 0 0 0 0 0 0 0 
296 504 0 0 0 0 0 0 0 0 0 0 0 0 0 0 
312 504 0 0 0 0 0 0 0 0 0 0 0 0 0 0 
328 504 0 0 0 0 0 0 0 0 0 0 0 0 0 0 
344 504 0 0 0 0 0 0 0 0 0 0 0 0 0 0 
360 504 0 0 0 0 0 0 0 0 0 0 0 0 0 0 
376 504 0 0 0 0 0 0 0 0 0 0 0 0 0 0 
392 504 0 0 0 0 0 0 0 0 0 0 0 0 0 0 
408 504 0 0 0 0 0 0 0 0 0 0 0 0 0 0 
424 504 0 0 0 0 0 0 0 0 0 0 0 0 0 0 
440 504 0 0 0 0 0 0 0 0 0 0 0 0 0 0 
456 504 0 0 0 0 0 0 0 0 0 0 0 0 0 0 
472 504 0 0 0 0 0 0 0 0 0 0 0 0 0 0 
488 504 0 0 0 0 0 0 0 0 0 0 0 0 0 0 
504 504 0 0 0 0 0 0 0 0 0 0 0 0 0 0 
520 504 0 0 0 0 0 0 0 0 0 0 0 0 0 0 
536 504 0 0 0 0 0 0 0 0 0 0 0.000027454515 -0.000434551226 0.000435417637 0 
552 504 0 0 0 0 0 0 0 0 0 0 0.000082363545 -0.001303653679 0.001306252912 0 
568 504 0 0 0 0 0 0 0 0 0 0 0.000263200995 -0.002552315139 0.002565850216 0 
584 504 0 0 0 0 0 0 0 0 0 0 0.000569966863 -0.004180535604 0.004219210846 0 
600 504 0 0 0 0 0 0 0 0 0 0 -0.004065253533 -0.00427727948 0.005900966534 0 
616 504 0.002020302852 -0.002031562014 0.002865112185 123.071020781655 30529.99609375 0.002020302852 -0.002031562014 0.002865112185 123.071020781655 30529.99609375 -0.013642460193 -0.002842546765 0.013935450916 0 
632 504 -0.015295559662 -0.009821761162 0.018177489862 13.035965317633 592005.9375 -0.015295559662 -0.009821761162 0.018177489862 13.035965317633 592005.9375 -0.014642143032 -0.005233950507 0.015549488431 0 
648 504 -0.029602466744 -0.015317592935 0.033330686921 30.971013900019 1594923 -0.029602466744 -0.015317592935 0.033330686921 30.971013900019 1594923 -0.007064302049 -0.011451490706 0.013455147819 0 
664 504 -0.01847664591 -0.027303266203 0.032967480787 79.431494394041 2256339 -0.01847664591 -0.027303266203 0.032967480787 79.431494394041 2256339 0.005660070457 -0.005592407273 0.007956847158 0 
680 504 -0.007827827138 -0.02535619449 0.026536983188 134.835719892683 2392143 -16 -7 17.464249196573 175.949878057502 1602078.875 0.023530974488 0.01234329979 0.026571861246 0 
696 504 0.0112066873 -0.012628234103 0.016883783249 128.685683349442 3451536 0 -16 16 170.272529053104 2759201 0.052513845372 0.30633421928 0.310802763594 0 
712 504 -0.076130604829 0.074939821625 0.106826241424 51.483774926157 4470002 11.933368952927 -14.790048528992 19.003968797508 135.069471040514 4056477.25 0.092608683108 0.876380351195 0.8812598301 0 
728 504 2.171686565425 1.356072169504 2.560303549846 53.169930816378 4130326.5 -16 1 16.031219541881 91.271729935195 4094962.75 0.116450664258 1.372960461712 1.377890121392 0 
744 504 0.284308737497 1.445104832655 1.472806652477 7.179509366143 4550188 0 -15 15 176.049334520185 4143377 0.12403978882 1.796074550828 1.800352649162 0 
760 504 0.109741649861 3.56919173567 3.570878445942 1.061463547451 6472358 0 -14 14 177.177422580107 6101235.5 0.102242960833 2.073760808835 2.07627972954 0 
776 504 0.206451899102 4.081120709259 4.086339270079 1.570033919913 7137087 8 -14 16.124515496597 148.929196190378 6640127 0.051060180298 2.206019235731 2.20661007213 0 
792 504 1.385282338013 2.412993336964 2.782363024525 27.691367980943 7126150 1 -14 14.035668847618 173.745923842876 6355681 0.084334543167 2.227252275511 2.228848360464 0 
808 504 0.402951557846 2.390175505647 2.423903650265 4.168878687247 7266267 -15 -14 20.518284528683 138.425506972089 6653061 0.202066049439 2.137459928176 2.146989900511 0 
824 504 -6.114058602102 2.315852417835 6.537957250635 111.562573964966 7298337.5 8 -14 16.124515496597 107.947110834636 6934194.5 1.854375747283 2.037360227601 2.754913085584 0 
840 504 3.250048656013 1.162496929232 3.451697463123 1.237243915586 7802680 1 -15 15.033296378373 107.104588245712 7546324 5.041263636698 1.926953173786 5.396988751948 0 
856 504 0.188103232378 1.057010163819 1.073616930031 14.870144591843 7748503.5 -13 -15 19.849433241279 164.046359086483 7618410.5 0.908448763061 1.951664814523 2.152736561531 0 
872 504 2.666348101502 1.66148243927 3.141645443774 136.747771823655 7520506.5 -10.163895788995 15.161324022925 18.252959314525 44.838825210935 7465371 -10.544068873628 2.111495149812 10.753408770222 0 
888 504 -28 -13 30.870698080866 37.724119242969 7359226.5 0 17 17 77.180649565127 7353422.5 -12.205347138442 2.777322036403 12.517348619567 0 
904 504 -7 -13 14.764823060233 105.797951179783 6976598.5 -6 18 18.97366596101 27.466344231289 6970360.5 -4.075386031382 3.949145474295 5.674902755284 0 
920 504 12 -13 17.691806012954 130.26615232015 6368253.5 11 18 21.095023109729 24.40510789235 6358727 0.473414751708 3.842094387411 3.87115109611 0 
936 504 3.31641630419 1.948842937166 3.846635659435 29.159493339554 5265985 0 17 17 30.400512788798 5167608 1.441055210828 2.45616877575 2.84770173572 0 
952 504 2.352171346221 0.966405051032 2.542960629786 13.734385835374 5959261 -14 1 14.035668847618 139.844365761077 5811816.5 2.135970795278 1.55586524617 2.642553292276 0 
968 504 1.996804502896 1.027973595524 2.245875761452 3.198407265767 7938697 2 16 16.124515496597 58.833558496768 7790654 2.558161505058 1.141183798673 2.801158822401 0 
984 504 -8.351922355569 0.23017890297 8.355093617718 153.932572755575 8096609 2 -16 16.124515496597 107.363739355428 8091135 2.101468890194 0.957196527123 2.309198278189 0 
1000 504 0.018084078063 7.444923599335 7.444945562851 37.201378074932 6571467.5 0 -15 15 142.659447990271 6328613 0.765892950686 1.003903431521 1.262701117339 0 
1016 504 2.286313415575 5.94934624963 6.373535112653 14.194189967638 5275035 3 -16 16.2788205961 162.552937649702 4894214 0.097663392733 0.815710866374 0.821536582144 0 
1032 504 5.799484029142 0.357723216429 5.810506079839 72.623054311349 4879565 3 -16 16.2788205961 155.533039974311 4494290 0.096780216335 0.392618831684 0.404371063835 0 
1048 504 0.167606665074 0.403740648397 0.437148150339 97.577851409793 3593961 0 -16 16 104.967171519248 3317866 -0.561067467076 0.149993074834 0.58077071647 0 
1064 504 4.266724273576 0.341165364134 4.280342256457 172.747601032777 2534390.75 2 -16 16.124515496597 99.805796789468 2425162.25 -1.875879657502 0.087833595824 1.877934831134 0 
1080 504 -3.312564285528 0.336778381221 3.329639894015 7.597581471101 2192172.75 14 0 14 166.597276257269 2183077.75 -1.892482166427 0.450947919721 1.94546723862 0 
1096 504 4.848253918364 15.329286260763 16.077704541424 43.789726682405 2610851 6 -15 16.155494421404 175.562488981037 2609329 -0.61087499385 1.239336046524 1.381709844477 0 
1112 504 0 -15 15 179.580949919043 2707426.75 0 16 16 0.419050080958 2707269.75 0.012034109129 1.645367463966 1.645411471718 0 
1128 504 1.570441005558 1.017630693321 1.871324979774 57.872564465072 2267023.75 -16 16 22.62741699797 44.184585500978 2254109.25 -0.023754857492 1.669042172049 1.669211210522 0 
1144 504 0.779937756986 1.274475202256 1.494185378705 32.679160594889 2442617 3 -15 15.297058540778 169.903939023616 2413835.25 -0.03455742653 1.630896224629 1.63126230608 0 
1160 504 0.098073595786 1.231248174365 1.235147965657 5.316657782385 2443590 0 -15 15 179.237553276735 2399506 -0.020373597988 1.530929621707 1.531065181537 0 
1176 504 0.067877296387 1.173328316325 1.175290034525 4.420410020018 1964468.875 2 16 16.124515496597 8.234543317984 1941122.875 -0.02628254779 1.357056534836 1.357311022227 0 
1192 504 0.622191976667 3.364290029761 3.421340418634 13.176459301898 2009296 0 -15 15 177.30143776358 1990480 -0.052284275937 1.109276964015 1.1105084549 0 
1208 504 0.421788578723 2.240127740113 2.279490710041 16.356318078162 2208663.75 -16 -10 18.867962264113 116.312315229668 2192809.5 -0.076417598838 0.766544003824 0.770343663056 0 
1224 504 0.09647824154 0.033893189236 0.102258492886 87.346697698032 2283086 0.09647824154 0.033893189236 0.102258492886 87.346697698032 2283086 -0.098682516491 0.328857654262 0.343344718654 0 
1240 504 0.029587730136 -0.064069680358 0.070571649519 120.867238335007 2341752.25 -16 0 16 6.079486200982 2339223.5 -0.994850661006 0.105958620982 1.000477419567 0 
1256 504 -1.733502281281 -0.073196948848 1.735046959747 4.44464732239 2364673.25 0.06178538813 11.015750137156 11.015923407434 88.294583053547 2342341.75 -2.764922032381 0.097846903984 2.766652826389 0 
1272 504 -2.314476112022 0.022384686211 2.314584357351 2.406317564285 2494104 14 0 14 177.039557875327 2487202 -1.838435688268 0.095075607555 1.84089248764 0 
1288 504 0.397516569635 0.104236555472 0.410955815911 11.561449846471 2619426.25 -6 -16 17.088007490635 113.687857323057 2578039.75 1.784608371334 0.097644731695 1.78727768762 0 
1304 504 1.856131321717 0.098593573543 1.858748013099 1.825838002341 2766783 6.660644578325 -14.568568377367 16.018969091823 70.296866866565 2674205.25 2.211859366676 0.188316865182 2.219861504614 0 
1320 504 -0.034435194222 0.046153953542 0.057584459959 19.871630974271 2974483.75 11 -16 19.416487838948 157.910488282799 2807696.75 -0.556682702241 0.367092008015 0.666822445126 0 
1336 504 -1.12485258899 0.076126291494 1.127425633562 16.69950106006 3223116 2 -16 16.124515496597 117.696201944465 3003770.25 -1.614681610458 0.605992332516 1.724651677939 0 
1352 504 -1.3200574555 0.148928063893 1.328431877831 36.810912580932 3209292 10 -16 18.867962264113 165.25315230832 3004959.75 -0.962137357974 0.905017838683 1.320895750596 0 
1368 504 -0.337840064048 1.098707982805 1.149476028613 7.9962855411 2888792 -9 -15 17.492855684536 123.947897222098 2670384 -0.505517536188 1.079736029538 1.192215531218 0 
1384 504 -0.03501174038 1.115140465341 1.115689956666 10.424731395618 2854971 -0.03501174038 1.115140465341 1.115689956666 10.424731395618 2854971 -0.244822145102 1.13014690508 1.156360631375 0 
1400 504 -0.361211669029 1.203091411236 1.256146016047 9.904760455416 2811364 -0.361211669029 1.203091411236 1.256146016047 9.904760455416 2811364 -0.140063553961 1.173405949511 1.18173572405 0 
1416 504 -0.488386830776 1.215122431751 1.309596968774 12.911456459925 2725388.25 11 -15 18.601075237738 152.731082638743 2446173.75 -0.191241762766 1.209513162831 1.224538893987 0 
1432 504 0.046208903293 1.231845635422 1.232712023245 12.190577036587 2916947 -15 -15 21.213203435596 124.957690786523 2562507 -0.209490454041 1.182970576303 1.201376558259 0 
1448 504 -0.087924292211 1.253380041256 1.25646018997 6.086175076809 3588304 -0.087924292211 1.253380041256 1.25646018997 6.086175076809 3588304 -0.194809627788 1.093778189928 1.110991233018 0 
1464 504 -0.331131531065 0.809391143165 0.874506782993 15.013346417297 4178955.75 -0.331131531065 0.809391143165 0.874506782993 15.013346417297 4178955.75 -0.134541083864 1.059542935784 1.068050811534 0 
1480 504 -0.165921444495 0.004576524832 0.165984548446 86.898994315893 4257982 -8 16 17.888543819998 25.044004560908 3927000.25 -0.028684822269 1.080264813871 1.080645588117 0 
1496 504 -0.421793803325 -0.370012316735 0.561087450456 130.553296839085 4168261 12 16 20 37.574975298809 3944883 -0.015093656094 1.226473613898 1.226566485781 0 
1512 504 0.039089160687 -0.148970633386 0.154013675025 168.878683365941 4228905 -13 16 20.615528128088 35.512495921609 4041688.25 -0.093767585338 1.498169335864 1.501100835715 0 
1528 504 0.008360532353 0.152453046326 0.152682120221 6.577832135494 4602492 14 16 21.260291625469 44.624798226479 4310040.5 -0.100984223235 1.680498321263 1.683529750586 0 
1544 504 0.034125921868 0.274924113918 0.277034017689 8.262763736287 4468502.5 0 16 16 1.186916897404 4100171.5 -0.036743569783 1.773460570094 1.773841166395 0 
1560 504 0.040679399116 0.370688498456 0.372913899446 6.259536308734 3970233.25 4.657269385528 -12.404632933881 13.250097220538 159.418506803535 3732391.25 0.000098969009 1.859443063214 1.859443065847 0 
1576 504 -0.02919452056 0.430614559151 0.431603079905 4.160643369758 3983435 12.955527957911 -12.908097240801 18.288375516873 134.612849294247 3760320 0.009543393143 1.938445800622 1.938469292587 0 
1592 504 -0.092132523108 0.459420089246 0.468567199254 11.253442472821 4023273 10.916660559448 -12.23527745469 16.397423339155 138.346041945392 3848854.75 -0.003012938618 2.000636552035 2.000638820761 0 
1608 504 -0.119646072975 1.072832308567 1.079483369526 5.311556309639 3517685.75 0 17 17 1.051977486169 3187799.75 -0.037570026273 2.046015317451 2.046360228826 0 
1624 504 -0.001515989979 0.458863388519 0.458865892772 1.354921082492 3055965.75 0 17 17 1.54421383005 2617973 -0.055383026673 2.054408046523 2.055154422729 0 
1640 504 -0.028387742085 0.268701877679 0.270197266768 4.434589996133 2767291 0 17 17 1.596207691717 2236000.25 -0.056451939818 2.025814739249 2.026601139659 0 
1656 504 0.030311625675 0.229887367749 0.231877115088 9.034009091964 2518128.75 -15.277860752253 0.335200350632 15.2815375025 87.220469966216 2490278.75 -0.053416328238 2.009533214036 2.01024303069 0 
1672 504 0.011222384016 0.269856787643 0.270090036358 3.703158665338 2400574 10 17 19.723082923316 31.787348060196 1793852 -0.046276191934 2.005563470884 2.006097286196 0 
1688 504 0.020662313563 0.286739459198 0.287482953691 5.234511287447 2329458.75 0 16 16 1.112927794062 1607664 -0.038834597813 1.999032389346 1.999409567758 0 
1704 504 0.009129312717 0.297292571035 0.297432710277 2.654033432069 2142348 0.009129312717 0.297292571035 0.297432710277 2.654033432069 2142348 -0.031091545876 1.989939969421 1.99018284741 0 
1720 504 0.001532882641 0.3831910034 0.38319406939 0.812392919651 1875291 0.001532882641 0.3831910034 0.38319406939 0.812392919651 1875291 -0.01525377197 1.498553897188 1.498631529208 0 
1736 504 0.008825871132 0.013785765112 0.01636897434 31.680741248051 1749062 0.008825871132 0.013785765112 0.01636897434 31.680741248051 1749062 0.008678723906 0.524874172647 0.52494591851 0 
1752 504 0.017215348567 0.00118920234 0.017256373561 56.355038440109 1761604.75 0.017215348567 0.00118920234 0.017256373561 56.355038440109 1761604.75 0.019135803089 0.033557670672 0.038630250074 0 
1768 504 0.012245022538 0.002173726107 0.012436465018 46.706377843439 1910845.75 0.012245022538 0.002173726107 0.012436465018 46.706377843439 1910845.75 0.01611746558 0.024604391264 0.029413411332 0 
1784 504 0.015180189762 0.00662816077 0.016564138264 27.784457523952 1914559 0.015180189762 0.00662816077 0.016564138264 27.784457523952 1914559 0.013613238441 0.01703598385 0.021806994442 0 
1800 504 0.010593987819 0.005715818344 0.012037572731 14.687755436697 1829296 0.010593987819 0.005715818344 0.012037572731 14.687755436697 1829296 0.011623121672 0.010852448433 0.015901968255 0 
1816 504 0.008963538032 0.006664859866 0.011169842035 11.873915699969 1890917 0.008963538032 0.006664859866 0.011169842035 11.873915699969 1890917 0.008665422154 0.00399643168 0.009542589129 0 
1832 504 0.006757131375 0.01236617837 0.014091883901 98.0381678889 1973161.875 0.006757131375 0.01236617837 0.014091883901 98.0381678889 1973161.875 0.004740139887 -0.00353206641 0.005911380488 0 
1848 504 -0.005185548683 0.008014987976 0.009546200678 161.388008773341 1914842.875 -0.005185548683 0.008014987976 0.009546200678 161.388008773341 1914842.875 0.002099661544 -0.008243234567 0.008506438428 0 
1864 504 0.012962200369 0.00094210986 0.012996392168 89.959457420502 1898074.75 0.012962200369 0.00094210986 0.012996392168 89.959457420502 1898074.75 0.000743987125 -0.010137072792 0.010164337737 0 
1880 504 0.001468187166 0.007148417657 0.007297633079 175.327307614175 2054841.875 0.001468187166 0.007148417657 0.007297633079 175.327307614175 2054841.875 -0.002702067254 -0.009252902192 0.009639365458 0 
1896 504 -0.011648940032 0.008866738221 0.014639564561 71.43821167588 1934493.875 -0.011648940032 0.008866738221 0.014639564561 71.43821167588 1934493.875 -0.008238501593 -0.005590722769 0.009956359253 0 
1912 504 0 0.007838450659 0.007838450659 106.76873162032 1682696.875 0 0.007838450659 0.007838450659 106.76873162032 1682696.875 -0.008099268521 -0.002440491158 0.008458968475 0 
1928 504 -0.007996773914 0.004138724742 0.009004300946 22.415163894508 1559581 -0.007996773914 0.004138724742 0.009004300946 22.415163894508 1559581 -0.002284368037 0.000197792638 0.002292915013 0 
1944 504 -0.005420894012 -0.001453013194 0.005612249035 53.757034730807 1270642.875 -0.005420894012 -0.001453013194 0.005612249035 53.757034730807 1270642.875 -0.002302754985 0.001848302466 0.00295277878 0 
1960 504 -0.013321349317 -0.004169572354 0.013958641813 34.49553813036 1231093 -0.013321349317 -0.004169572354 0.013958641813 34.49553813036 1231093 -0.008154429365 0.002511038326 0.008532293463 0 
1976 504 -0.009626847386 0.000688733878 0.009651452997 1.653706084943 1287087 -0.009626847386 0.000688733878 0.009651452997 1.653706084943 1287087 -0.015955298533 0.00067944751 0.015969758928 0 
1992 504 -0.020807112245 0.002646674534 0.020974765936 15.323023220719 1072131 -0.020807112245 0.002646674534 0.020974765936 15.323023220719 1072131 -0.025705362491 -0.003646469981 0.025962711802 0 
2008 504 -0.051602015508 0.002897121678 0.051683278906 23.421187324109 968082.875 -0.051602015508 0.002897121678 0.051683278906 23.421187324109 968082.875 -0.025784066244 -0.009490659836 0.027475274269 0 
2024 504 -0.038766013987 0.004335245292 0.039007668377 52.528123633707 1063867 -0.038766013987 0.004335245292 0.039007668377 52.528123633707 1063867 -0.016191409792 -0.016853122055 0.02337069691 0 
2040 504 -0.030372263506 0.00075716078 0.030381699803 61.486293395148 1150818 -16 0 16 60.058242650664 1091811 -0.010984121691 -0.019069798218 0.022007001917 0 
2056 504 -0.00220885015 -0.000891735212 0.002382060174 35.820989795634 1040624 -0.00220885015 -0.000891735212 0.002382060174 35.820989795634 1040624 -0.01016220194 -0.016140688324 0.019073336569 0 
2072 504 -0.000067716405 -0.001662731422 0.00166410976 27.219113176198 740529 -0.000067716405 -0.001662731422 0.00166410976 27.219113176198 740529 -0.007291060998 -0.012860052041 0.014783115672 0 
2088 504 0.003915424173 -0.002247443472 0.004514592851 74.552321872104 287766.96875 0.003915424173 -0.002247443472 0.004514592851 74.552321872104 287766.96875 -0.002370698863 -0.009227889369 0.009527547182 0 
2104 504 0.004842660909 0.004842660909 0.006848556736 146.951659283214 11325.998046875 0.004842660909 0.004842660909 0.006848556736 146.951659283214 11325.998046875 -0.001400330755 -0.006615478645 0.006762062106 0 
2120 504 0 0 0 0 0 0 0 0 0 0 -0.004379956674 -0.005022819868 0.006664288401 0 
2136 504 0 0 0 0 0 0 0 0 0 0 -0.004196693911 -0.003163268243 0.005255331175 0 
2152 504 0 0 0 0 0 0 0 0 0 0 -0.000850542467 -0.001036823769 0.001341054069 0 
2168 504 0 0 0 0 0 0 0 0 0 0 0.000689828306 -0.000062080173 0.000692616084 0 
2184 504 0 0 0 0 0 0 0 0 0 0 0.000424418407 -0.000239037455 0.000487103571 0 
2200 504 0 0 0 0 0 0 0 0 0 0 0.000218785093 -0.000245637072 0.000328944506 0 
2216 504 0 0 0 0 0 0 0 0 0 0 0.000072928364 -0.000081879024 0.000109648169 0 
2232 504 0 0 0 0 0 0 0 0 0 0 0 0 0 0 
2248 504 0 0 0 0 0 0 0 0 0 0 0 0 0 0 
2264 504 0 0 0 0 0 0 0 0 0 0 0 0 0 0 
2280 504 0 0 0 0 0 0 0 0 0 0 0 0 0 0 
2296 504 0 0 0 0 0 0 0 0 0 0 0 0 0 0 
2312 504 0 0 0 0 0 0 0 0 0 0 0 0 0 0 
2328 504 0 0 0 0 0 0 0 0 0 0 0 0 0 0 
2344 504 0 0 0 0 0 0 0 0 0 0 0 0 0 0 
2360 504 0 0 0 0 0 0 0 0 0 0 0 0 0 0 
2376 504 0 0 0 0 0 0 0 0 0 0 0 0 0 0 
2392 504 0 0 0 0 0 0 0 0 0 0 0 0 0 0 
2408 504 0 0 0 0 0 0 0 0 0 0 0 0 0 0 
2424 504 0 0 0 0 0 0 0 0 0 0 0 0 0 0 
2440 504 0 0 0 0 0 0 0 0 0 0 0 0 0 0 
2456 504 0 0 0 0 0 0 0 0 0 0 0 0 0 0 
2472 504 0 0 0 0 0 0 0 0 0 0 0 0 0 0 
2488 504 0 0 0 0 0 0 0 0 0 0 0 0 0 0 
2504 504 0 0 0 0 0 0 0 0 0 0 0 0 0 0 
2520 504 0 0 0 0 0 0 0 0 0 0 0 0 0 0 
2536 504 0 0 0 0 0 0 0 0 0 0 0 0 0 0 
24 520 0 0 0 0 0 0 0 0 0 0 0 0 0 0 
40 520 0 0 0 0 0 0 0 0 0 0 0 0 0 0 
56 520 0 0 0 0 0 0 0 0 0 0 0 0 0 0 
72 520 0 0 0 0 0 0 0 0 0 0 0 0 0 0 
88 520 0 0 0 0 0 0 0 0 0 0 0 0 0 0 
104 520 0 0 0 0 0 0 0 0 0 0 0 0 0 0 
120 520 0 0 0 0 0 0 0 0 0 0 0 0 0 0 
136 520 0 0 0 0 0 0 0 0 0 0 0 0 0 0 
152 520 0 0 0 0 0 0 0 0 0 0 0 0 0 0 
168 520 0 0 0 0 0 0 0 0 0 0 0 0 0 0 
184 520 0 0 0 0 0 0 0 0 0 0 0 0 0 0 
200 520 0 0 0 0 0 0 0 0 0 0 0 0 0 0 
216 520 0 0 0 0 0 0 0 0 0 0 0 0 0 0 
232 520 0 0 0 0 0 0 0 0 0 0 0 0 0 0 
248 520 0 0 0 0 0 0 0 0 0 0 0 0 0 0 
264 520 0 0 0 0 0 0 0 0 0 0 0 0 0 0 
280 520 0 0 0 0 0 0 0 0 0 0 0 0 0 0 
296 520 0 0 0 0 0 0 0 0 0 0 0 0 0 0 
312 520 0 0 0 0 0 0 0 0 0 0 0 0 0 0 
328 520 0 0 0 0 0 0 0 0 0 0 0 0 0 0 
344 520 0 0 0 0 0 0 0 0 0 0 0 0 0 0 
360 520 0 0 0 0 0 0 0 0 0 0 0 0 0 0 
376 520 0 0 0 0 0 0 0 0 0 0 0 0 0 0 
392 520 0 0 0 0 0 0 0 0 0 0 0 0 0 0 
408 520 0 0 0 0 0 0 0 0 0 0 0 0 0 0 
424 520 0 0 0 0 0 0 0 0 0 0 0 0 0 0 
440 520 0 0 0 0 0 0 0 0 0 0 0 0 0 0 
456 520 0 0 0 0 0 0 0 0 0 0 0 0 0 0 
472 520 0 0 0 0 0 0 0 0 0 0 0 0 0 0 
488 520 0 0 0 0 0 0 0 0 0 0 0 0 0 0 
504 520 0 0 0 0 0 0 0 0 0 0 0 0 0 0 
520 520 0 0 0 0 0 0 0 0 0 0 0 0 0 0 
536 520 0 0 0 0 0 0 0 0 0 0 0.000082363545 -0.001303653679 0.001306252912 0 
552 520 0 0 0 0 0 0 0 0 0 0 0.000247090636 -0.003910961038 0.003918758735 0 
568 520 0 0 0 0 0 0 0 0 0 0 -0.000669112718 -0.001690025629 0.00181766291 0 
584 520 0 0 0 0 0 0 0 0 0 0 -0.002666246518 0.005359152548 0.005985765325 0 
600 520 -0.006008975735 -0.015598184274 0.016715595772 124.858011960195 354345.9375 -0.006008975735 -0.015598184274 0.016715595772 124.858011960195 354345.9375 -0.008356439745 0.012354701941 0.014915386192 0 
616 520 -0.006784828582 -0.034332511138 0.034996502967 126.228364787182 1137704 -0.006784828582 -0.034332511138 0.034996502967 126.228364787182 1137704 -0.017739692401 0.01929662255 0.026211759351 0 
632 520 -0.016019884975 -0.053036258303 0.055402900731 125.439812154373 2144639 -0.016019884975 -0.053036258303 0.055402900731 125.439812154373 2144639 -0.016984433589 0.021933354263 0.027740638305 0 
648 520 -0.032067673463 -0.047344290178 0.057182318017 129.160788849998 2884764.5 15 7 16.552945357247 81.711382843099 2106368 -0.006090663312 0.020264897079 0.021160393031 0 
664 520 -0.028764949744 0.000844677814 0.028777348982 111.350205568556 3082736.25 15 10 18.02775637732 33.277729517659 2696216.75 0.015129807814 0.035587967784 0.038670590058 0 
680 520 -0.040609586251 0.428954568316 0.430872556766 39.913199136188 3065540 -16 -16 22.62741699797 169.505065176384 2868717 0.046676979788 0.067902566376 0.08239841602 0 
696 520 0.238132574021 1.976227719262 1.990523328472 1.168688836296 4302128 0 -16 16 171.960380114994 3980654.75 0.129102165134 0.914023130923 0.923095690004 0 
712 520 0.254843944576 4.378239130377 4.385649703163 2.489744453046 6595049.5 1 -14 14.035668847618 170.093384971587 6353112 0.262405363854 2.573949661423 2.587290751833 0 
728 520 4.216027138572 5.368581808712 6.826166967633 33.337105666654 7425270 7 -12 13.89244398945 144.937594187129 7315642.5 0.337733670437 4.016944577182 4.031117434198 0 
744 520 0.394783855344 6.545126628263 6.557021951499 0.422747602792 8189044.5 0 -11 11 176.125512098531 8088040.5 0.355087084883 5.243007878198 5.255018406124 0 
760 520 0.013339286267 8.639155554896 8.639165853151 2.663580788398 9766269 0 -11 11 177.247951745937 9734504 0.28740144517 5.978901083117 5.985804687123 0 
776 520 0.05295131427 9.355976758034 9.356126599109 0.915196174317 10843656 0 -10 10 178.760534696625 10833931 0.134676751298 6.224624191938 6.22608096303 0 
792 520 3.01097208176 18.102344052423 18.351043923152 8.677881159952 11343864 5 -10 11.180339887499 152.669248716764 11340896 0.081457276318 6.094919221364 6.095463526494 0 
808 520 -13 20 23.853720883753 34.333016410592 11410408 -13 -11 17.029386365926 131.545507164069 11410307 0.127743020231 5.589786171396 5.591245632338 0 
824 520 -0.167914762423 5.094132413597 5.096899097952 9.347503285571 10964626 -3 20 20.223748416157 15.990346812367 10963497 0.692141826138 5.286152485339 5.331272681616 0 
840 520 0.631612030311 10.108964591371 10.128677054108 15.322485495318 10874029 -14 -11 17.804493814765 147.054927145861 10862954 1.774653694038 5.184018163194 5.479364931275 0 
856 520 -0.086796858896 8.141486539582 8.141949199603 4.792348192257 10273605 2 -11 11.180339887499 165.513615817814 10212170 0.390234942699 5.33753512969 5.351781439033 0 
872 520 -2.702197382627 6.78480469037 7.303112033999 9.343635662308 9758583 5 -11 12.083045973595 173.38431396895 9549283 -3.46111442788 5.746703384827 6.708495574722 0 
888 520 -2.871147781054 6.586288385107 7.184892780859 9.741823913495 10104956 -2.871147781054 6.586288385107 7.184892780859 9.741823913495 10104956 -3.982041348876 6.063102205047 7.253817040221 0 
904 520 -1.153031171915 7.187157373338 7.279059828889 1.45065257072 9911362 -1.153031171915 7.187157373338 7.279059828889 1.45065257072 9911362 -1.172545820289 6.286731590351 6.395143297049 0 
920 520 -0.453925487678 6.431969565776 6.447967186907 9.934339114303 10041812 0 -11 11 174.102521525323 9430400 0.612998438053 5.934417509381 5.965993484802 0 
936 520 3.364303262394 5.351709308574 6.321339174956 16.801270690812 10176176 5 -11 12.083045973595 140.202168440137 9576301 1.374591426149 5.006159962136 5.191448656717 0 
952 520 1.31264215237 3.645558250804 3.874677325944 4.63253893774 10275585 3 -13 13.341664064126 142.570612318906 9916822 1.814505286579 3.993610767342 4.386497053008 0 
968 520 -9.958634399931 2.358046959408 10.234001396046 110.390036726962 10736652 -14 -14 19.798989873223 168.711424697402 10644357 1.932740019345 2.896769924998 3.482349778634 0 
984 520 0.823341759334 5.71923871361 5.778198950877 23.147293918352 10107642 12 -14 18.439088914586 108.059391875211 10042032 1.476696837124 2.424989742911 2.839226796506 0 
1000 520 -5.839155957333 2.340256729794 6.290671176862 77.981987169467 9238810 -0.069895817405 7.678156514084 7.6784746454 10.34380999505 9237237 0.446375739917 2.57827022108 2.616625428696 0 
1016 520 7.211361692015 -8.047287793242 10.80567343021 138.400070220586 9138498 -12.331091741659 2.261487284856 12.536751903135 79.343276907995 9114300 -0.009592116945 2.079182873895 2.079204999947 0 
1032 520 6.900684615236 0.184348327192 6.903146562597 81.781291943457 8728942 6 15 16.155494421404 15.112965469884 8417105 0.108793266537 0.927727701356 0.934084933348 0 
1048 520 -0.725590952001 0.261085515331 0.771134149121 8.803868055235 7731990.5 -0.725590952001 0.261085515331 0.771134149121 8.803868055235 7731990.5 -1.689281840331 0.327938269571 1.720818597273 0 
1064 520 -5.250093444464 0.247342384114 5.255916611836 0.266856044806 6568270.5 -1 -16 16.031219541881 89.387845808467 5754791 -5.40381743755 0.27981457854 5.411057114532 0 
1080 520 -5.254848126907 1.324510410666 5.419202585697 1.139742263057 5492594 -5 -15 15.811388300842 86.851796567258 4718842 -5.462357494276 1.492973784417 5.66271314091 0 
1096 520 -1.250442076889 5.713666463159 5.848896463427 12.831471735396 4749053 12 -13 17.691806012954 162.466695928732 4206485.5 -1.86490201051 3.967415887202 4.383862261845 0 
1112 520 -0.833321463727 6.439926018738 6.493617773532 6.867562761773 4474350 0 -11 11 179.494502795791 3870692 -0.04615514043 5.23133681643 5.231540421704 0 
1128 520 0.015155328003 5.425904620518 5.425925785977 0.226352577098 4128156 0 -11 11 179.933682317408 3483759 -0.006116884036 5.284736572101 5.284740112132 0 
1144 520 -0.047572008395 5.526483359235 5.526688105537 0.462189278414 3740213 15 -11 18.601075237738 126.284838758839 3141494.75 -0.002782503971 5.14259567218 5.142596424945 0 
1160 520 0.107300625826 6.599022961091 6.599895261693 1.362634973353 3024230.25 0 -12 12 179.568916759202 2690981 -0.036152000234 4.804914116667 4.805050117914 0 
1176 520 -0.316813003064 5.53274769802 5.541810856467 2.022385263489 2529490 -3 -12 12.369316876853 164.708882738299 2351802.25 -0.092897133416 4.240874752507 4.241892094791 0 
1192 520 -0.367594649418 8.138955126727 8.147252075464 0.284590458952 2354619 14 -13 19.104973174543 135.749491676824 2290873 -0.173017903515 3.450477579701 3.454812689996 0 
1208 520 -0.816473901637 8.26661470202 8.306837440549 0.061086138891 2449071.25 -14 -14 19.798989873223 129.420412271534 2415707 -0.232456296053 2.379501281127 2.39082878443 0 
1224 520 13 -15 19.849433241279 153.865675886584 2404270 12 16 20 51.649956752453 2404142.25 -0.271212311029 1.027945856786 1.063122195298 0 
1240 520 -14.940932063377 7.909634378392 16.905436016923 21.439120521543 2295601 -1 -16 16.031219541881 92.881004904973 2287756.75 -2.94754340063 0.333607196557 2.966362395291 0 
1256 520 -19.777979462738 7.39277009163 21.114486052381 18.439798847041 2300891.25 -20 -16 25.612496949731 40.715146004688 2289573.25 -8.261449564858 0.296485300443 8.266767956467 0 
1272 520 -15.691721946073 11.47786536078 19.441489934495 33.283974908444 2528388.75 -5 -16 16.76305461424 75.545973891175 2520759.75 -5.482873408647 0.277750243569 5.489904007635 0 
1288 520 18.094901234045 2.71444970241 18.29736833145 5.584251059541 2676201 -11 4 11.70469991072 157.069714627052 2674753.75 5.388185068003 0.277402025937 5.395321140678 0 
1304 520 -1.116032804383 9.016814287204 9.085618807235 92.501383948007 2428050.25 6 -16 17.088007490635 73.99832292152 2419863.5 6.706039585021 0.53418003757 6.727281414391 0 
1320 520 -1.219478353794 6.549078849329 6.661648536969 45.027908836495 2185297 -2 -15 15.132745950422 116.829427140297 2169434 -1.529309857593 1.048084278468 1.8539874043 0 
1336 520 -3.393110096373 2.796916573215 4.397264882133 18.960870249582 2109659 -20 4 20.396078054371 9.2277138816 2098586.25 -4.66867042626 1.749041582735 4.985542097623 0 
1352 520 -2.501662623136 2.220977034255 3.34530340428 2.598128897103 2122802.75 12 -14 18.439088914586 174.79810465199 2114900.75 -2.712042120979 2.637051950372 3.782752365001 0 
1368 520 -0.806424356374 3.40603717088 3.50020134449 9.89266449112 1941251.875 10 -13 16.401219466857 165.644324375202 1935100.875 -1.354539115281 3.158409932138 3.436615997497 0 
1384 520 -0.268084187677 3.580212545465 3.590235507928 5.918351423137 1968167.875 12.782453241232 2.707485283131 13.066047123084 88.241420530063 1963503.875 -0.596161409166 3.313115528034 3.366324839923 0 
1400 520 -0.231153344003 5.466285988919 5.471171207438 2.264101759219 2538975.25 14 -13 19.104973174543 137.56443467533 2394010.75 -0.28169979108 3.437009144155 3.448533982622 0 
1416 520 0.969489033326 5.520963002326 5.60543856079 16.603059286881 2661673.25 13 -13 18.38477631085 141.64338140411 2477464.5 -0.411154261023 3.5300907805 3.553953959314 0 
1432 520 0.872553774106 4.312934791782 4.400313239631 18.900032522851 2267622.5 5 -13 13.928388277184 166.4253327631 2199905.75 -0.451504281854 3.446786603431 3.47623273187 0 
1448 520 0.2030356674 4.816575959012 4.820853394491 9.616018329456 2425652 -14.500612302104 -11.7139290719 18.640919812001 121.729849167546 2420542.25 -0.402749853574 3.187096612949 3.212443348112 0 
1464 520 -2 18 18.110770276275 0.928247333797 2660054.75 -2 -13 13.152946437966 165.841893325331 2659873.5 -0.29434584985 3.106940506119 3.120852253454 0 
1480 520 -14.630743136599 -0.088648564692 14.631011697663 88.091521959125 2711882.25 15 -1 15.033296378373 96.069707248295 2710772 -0.126292270682 3.206318282941 3.208804554527 0 
1496 520 0.33543883134 3.117870193372 3.135862521268 8.16285061613 2738123 -16 3 16.2788205961 77.358092166713 2732848.75 -0.129524655572 3.66825310875 3.67053913019 0 
1512 520 0.21410256093 3.980087305876 3.985841801802 6.950712871935 2632034 0.21410256093 3.980087305876 3.985841801802 6.950712871935 2632034 -0.304043004521 4.492744983548 4.503021167593 0 
1528 520 -0.377783885153 4.995416154887 5.009680950359 0.897629839811 2531845.75 -0.377783885153 4.995416154887 5.009680950359 0.897629839811 2531845.75 -0.301440816963 5.033470652019 5.042488807213 0 
1544 520 -0.475063668426 5.355605044433 5.37663378714 3.751114090958 2554948 -0.475063668426 5.355605044433 5.37663378714 3.751114090958 2554948 -0.121718092899 5.290430114165 5.291830126431 0 
1560 520 -0.145504775816 7.330788017127 7.332231897031 1.025176454916 2720806.5 -0.145504775816 7.330788017127 7.332231897031 1.025176454916 2720806.5 -0.0107943116 5.526640705071 5.526651246471 0 
1576 520 -0.300462887672 6.950159053912 6.956650689918 2.788035914205 3137340.25 -0.300462887672 6.950159053912 6.956650689918 2.788035914205 3137340.25 0.031330526935 5.742102424739 5.74218789819 0 
1592 520 -0.773618962026 7.730070256333 7.768685375677 6.243941723925 3272198.75 13 -11 17.029386365926 129.707500491628 3143040.75 0.054589304933 5.913967512693 5.914219452591 0 
1608 520 -16 11 19.416487838948 56.050758978977 3101662.25 15 11 18.601075237738 53.18688029591 3101282.25 0.058982022394 6.042235968933 6.042523842174 0 
1624 520 0.203437957019 10.840811995056 10.842720678617 0.844400739118 2895347 -7 -10 12.206555615734 145.238661662066 2856581 0.024462450963 6.075846707854 6.075895952766 0 
1640 520 0.16433694413 9.564094558176 9.565506329982 1.450861673825 2671110.75 14 -10 17.204650534085 126.004140287598 2631333.75 -0.048969409363 6.014799729454 6.014999068038 0 
1656 520 -0.116266596 9.941608285997 9.942288128673 0.203004890109 2527926.75 -0.116266596 9.941608285997 9.942288128673 0.203004890109 2527926.75 -0.091308743629 5.991899124625 5.992594797443 0 
1672 520 0.238792365421 11.189419443483 11.191967176327 2.200631901638 2387530.25 -8.023873880897 0.506732701713 8.03985883505 85.408317962122 2386026 -0.102555551837 6.007144893366 6.008020257215 0 
1688 520 -2.13079248608 -1.572361935494 2.648131166488 125.402916563568 2284497.25 6.299171004331 13.303424966089 14.71939778558 26.359125315323 2269210.25 -0.106929393477 5.996590452854 5.997543743437 0 
1704 520 -0.075426920018 -0.939145406885 0.942169472832 174.404392692759 2109653 0.035020514563 14.722969698579 14.723011348964 1.140071305501 2098938 -0.104430268551 5.960235803088 5.961150602812 0 
1720 520 -1.023016016686 3.66106007184 3.801305383683 14.660782733172 1983552 15 4 15.52417469626 76.019844872481 1980047 -0.074411325824 4.481481385617 4.482099112586 0 
1736 520 -0.212285978827 0.840251273616 0.866653067623 13.559289291009 2032637 6.51081163873 14.463936898756 15.861782333843 24.854007817735 2002601.25 -0.016872565298 1.560327200442 1.56041842334 0 
1752 520 -0.046041454551 -0.056819004474 0.073131489843 147.333197519259 2018137.875 -0.046041454551 -0.056819004474 0.073131489843 147.333197519259 2018137.875 0.009596280599 0.086209228414 0.08674168355 0 
1768 520 0.084459206337 -0.061921252422 0.10472630537 121.417999758181 2037512 0.084459206337 -0.061921252422 0.10472630537 121.417999758181 2037512 0.004995211867 0.059127469534 0.059338097333 0 
1784 520 0.022601583997 -0.027189699819 0.03535691411 135.268404864072 2036302.875 0.022601583997 -0.027189699819 0.03535691411 135.268404864072 2036302.875 0.003185877573 0.036441412238 0.036580409262 0 
1800 520 0.049868999634 0.005814310775 0.050206805657 70.416433349663 2034999 0.049868999634 0.005814310775 0.050206805657 70.416433349663 2034999 0.004168277716 0.018151056525 0.018623517179 0 
1816 520 0.081434121725 0.018288095571 0.083462390457 2.428598369974 2113793 0.081434121725 0.018288095571 0.083462390457 2.428598369974 2113793 0.002011700705 0.000362999736 0.002044188967 0 
1832 520 0.031842494439 0.017108106813 0.036147361879 129.229667150995 2177377 0.031842494439 0.017108106813 0.036147361879 129.229667150995 2177377 -0.003283853461 -0.016922758129 0.017238429054 0 
1848 520 0.056912581282 -0.008711439434 0.057575438211 93.501547465167 2169471.75 0.056912581282 -0.008711439434 0.057575438211 93.501547465167 2169471.75 -0.006113350075 -0.028265581126 0.028919130788 0 
1864 520 0.023834306457 -0.030783960327 0.038932330751 48.638517553802 2263379 0.023834306457 -0.030783960327 0.038932330751 48.638517553802 2263379 -0.006476789137 -0.033665469256 0.034282832697 0 
1880 520 -0.080985412201 0.006492189015 0.081245218367 78.020806430688 2461107.75 -0.080985412201 0.006492189015 0.081245218367 78.020806430688 2461107.75 -0.009970946656 -0.033527001017 0.034978272891 0 
1896 520 -0.05890369709 0.033006067464 0.067520708085 88.473065643298 2423602 -0.05890369709 0.033006067464 0.067520708085 88.473065643298 2423602 -0.016595822632 -0.027850176411 0.032419957664 0 
1912 520 0.008104810284 0.023242304249 0.024614886889 170.198838592559 2279700.75 0.008104810284 0.023242304249 0.024614886889 170.198838592559 2279700.75 -0.012395857922 -0.022339444949 0.025548152462 0 
1928 520 0.0029183621 0.020580661121 0.020786544916 163.135742578357 2219648.5 0.0029183621 0.020580661121 0.020786544916 163.135742578357 2219648.5 0.002628947474 -0.016994806632 0.017196942091 0 
1944 520 0.012703170775 0.042182315389 0.044053584182 140.568063316996 2058311.125 0.012703170775 0.042182315389 0.044053584182 140.568063316996 2058311.125 0.005234700701 -0.012530965872 0.013580397532 0 
1960 520 -0.005843530005 -0.002190560165 0.006240624708 42.351965850194 2064335.875 -0.005843530005 -0.002190560165 0.006240624708 42.351965850194 2064335.875 -0.00457859824 -0.008947922671 0.01005131245 0 
1976 520 -0.011871580258 -0.00142342833 0.011956611812 55.616056847701 2093364 -0.011871580258 -0.00142342833 0.011956611812 55.616056847701 2093364 -0.005725216443 -0.010976188561 0.012379613025 0 
1992 520 -0.034079613372 0.007661229058 0.034930137106 108.176859479376 1936544 -16 0 16 95.507172241841 1898569 0.001794846094 -0.018615763543 0.018702088782 0 
2008 520 -0.039067467106 -0.018329627899 0.043153704881 75.621471284988 1873825 15 5 15.811388300842 97.678502722684 1731365.875 0.005951795647 -0.03132977555 0.031890103597 0 
2024 520 -0.010712965727 -0.026447590976 0.028534938288 29.870871243502 2052773.875 -0.010712965727 -0.026447590976 0.028534938288 29.870871243502 2052773.875 0.006745632215 -0.04911822458 0.049579265221 0 
2040 520 -0.014519551548 -0.01109833525 0.018275404852 53.497070006452 2079300 -16 0 16 90.890345063616 2003382.125 0.000814923684 -0.052438016769 0.052444348631 0 
2056 520 0.001708258589 -0.003261154329 0.003681477281 43.647554132768 1912885 -15 -16 21.931712199461 27.151292017892 1551412.125 -0.011840329947 -0.041289152116 0.042953317634 0 
2072 520 -0.000277916174 0.000624904394 0.00068391732 135.132043400926 2768410.75 -0.000277916174 0.000624904394 0.00068391732 135.132043400926 2768410.75 -0.011529989775 -0.030207315184 0.032332994833 0 
2088 520 0.002791752892 -0.000885725581 0.002928889553 67.199691325665 3378376 0.002791752892 -0.000885725581 0.002928889553 67.199691325665 3378376 0.001745944199 -0.019192505973 0.019271756709 0 
2104 520 0.003202617057 -0.001500600833 0.003536744107 39.398169260732 2666997 0.003202617057 -0.001500600833 0.003536744107 39.398169260732 2666997 0.005798785921 -0.012159495358 0.013471423292 0 
2120 520 0.006337669673 -0.00219644885 0.006707491664 66.937644387751 1549759 0.006337669673 -0.00219644885 0.006707491664 66.937644387751 1549759 0.000628535388 -0.009108283341 0.009129944258 0 
2136 520 0.008179016594 -0.003768627621 0.009005490913 73.796595455638 442368 0.008179016594 -0.003768627621 0.009005490913 73.796595455638 442368 -0.000850542467 -0.005667209148 0.005730679018 0 
2152 520 0 0 0 0 0 0 0 0 0 0 0.001361552356 -0.00183627278 0.002285983932 0 
2168 520 0 0 0 0 0 0 0 0 0 0 0.002069484919 -0.000186240519 0.002077848252 0 
2184 520 0 0 0 0 0 0 0 0 0 0 0.001273255221 -0.000717112366 0.001461310714 0 
2200 520 0 0 0 0 0 0 0 0 0 0 0.000656355279 -0.000736911217 0.000986833519 0 
2216 520 0 0 0 0 0 0 0 0 0 0 0.000218785093 -0.000245637072 0.000328944506 0 
2232 520 0 0 0 0 0 0 0 0 0 0 0 0 0 0 
2248 520 0 0 0 0 0 0 0 0 0 0 0 0 0 0 
2264 520 0 0 0 0 0 0 0 0 0 0 0 0 0 0 
2280 520 0 0 0 0 0 0 0 0 0 0 0 0 0 0 
2296 520 0 0 0 0 0 0 0 0 0 0 0 0 0 0 
2312 520 0 0 0 0 0 0 0 0 0 0 0 0 0 0 
2328 520 0 0 0 0 0 0 0 0 0 0 0 0 0 0 
2344 520 0 0 0 0 0 0 0 0 0 0 0 0 0 0 
2360 520 0 0 0 0 0 0 0 0 0 0 0 0 0 0 
2376 520 0 0 0 0 0 0 0 0 0 0 0 0 0 0 
2392 520 0 0 0 0 0 0 0 0 0 0 0 0 0 0 
2408 520 0 0 0 0 0 0 0 0 0 0 0 0 0 0 
2424 520 0 0 0 0 0 0 0 0 0 0 0 0 0 0 
2440 520 0 0 0 0 0 0 0 0 0 0 0 0 0 0 
2456 520 0 0 0 0 0 0 0 0 0 0 0 0 0 0 
2472 520 0 0 0 0 0 0 0 0 0 0 0 0 0 0 
2488 520 0 0 0 0 0 0 0 0 0 0 0 0 0 0 
2504 520 0 0 0 0 0 0 0 0 0 0 0 0 0 0 
2520 520 0 0 0 0 0 0 0 0 0 0 0 0 0 0 
2536 520 0 0 0 0 0 0 0 0 0 0 0 0 0 0 
24 536 0 0 0 0 0 0 0 0 0 0 0 0 0 0 
40 536 0 0 0 0 0 0 0 0 0 0 0 0 0 0 
56 536 0 0 0 0 0 0 0 0 0 0 0 0 0 0 
72 536 0 0 0 0 0 0 0 0 0 0 0 0 0 0 
88 536 0 0 0 0 0 0 0 0 0 0 0 0 0 0 
104 536 0 0 0 0 0 0 0 0 0 0 0 0 0 0 
120 536 0 0 0 0 0 0 0 0 0 0 0 0 0 0 
136 536 0 0 0 0 0 0 0 0 0 0 0 0 0 0 
152 536 0 0 0 0 0 0 0 0 0 0 0 0 0 0 
168 536 0 0 0 0 0 0 0 0 0 0 0 0 0 0 
184 536 0 0 0 0 0 0 0 0 0 0 0 0 0 0 
200 536 0 0 0 0 0 0 0 0 0 0 0 0 0 0 
216 536 0 0 0 0 0 0 0 0 0 0 0 0 0 0 
232 536 0 0 0 0 0 0 0 0 0 0 0 0 0 0 
248 536 0 0 0 0 0 0 0 0 0 0 0 0 0 0 
264 536 0 0 0 0 0 0 0 0 0 0 0 0 0 0 
280 536 0 0 0 0 0 0 0 0 0 0 0 0 0 0 
296 536 0 0 0 0 0 0 0 0 0 0 0 0 0 0 
312 536 0 0 0 0 0 0 0 0 0 0 0 0 0 0 
328 536 0 0 0 0 0 0 0 0 0 0 0 0 0 0 
344 536 0 0 0 0 0 0 0 0 0 0 0 0 0 0 
360 536 0 0 0 0 0 0 0 0 0 0 0 0 0 0 
376 536 0 0 0 0 0 0 0 0 0 0 0 0 0 0 
392 536 0 0 0 0 0 0 0 0 0 0 0 0 0 0 
408 536 0 0 0 0 0 0 0 0 0 0 0 0 0 0 
424 536 0 0 0 0 0 0 0 0 0 0 0 0 0 0 
440 536 0 0 0 0 0 0 0 0 0 0 0 0 0 0 
456 536 0 0 0 0 0 0 0 0 0 0 0 0 0 0 
472 536 0 0 0 0 0 0 0 0 0 0 0 0 0 0 
488 536 0 0 0 0 0 0 0 0 0 0 0 0 0 0 
504 536 0 0 0 0 0 0 0 0 0 0 0.000006853567 -0.000020345343 0.000021468683 0 
520 536 0 0 0 0 0 0 0 0 0 0 0.000020560701 -0.000061036028 0.000064406049 0 
536 536 0 0 0 0 0 0 0 0 0 0 0.000156176737 -0.001333809877 0.001342922172 0 
552 536 0 0 0 0 0 0 0 0 0 0 0.000413701673 -0.003838666889 0.003860895305 0 
568 536 -0.002450907699 0 0.002450907699 25.628003462771 22049.99609375 -0.002450907699 0 0.002450907699 25.628003462771 22049.99609375 -0.000878714977 -0.000421537861 0.000974594366 0 
584 536 -0.000337968071 0.007571043163 0.007578582783 20.093547364199 847870.9375 -0.000337968071 0.007571043163 0.007578582783 20.093547364199 847870.9375 -0.003721073213 0.008917577205 0.009662793026 0 
600 536 -0.008277720102 0.024173363661 0.025551363188 10.106239996554 2517084 -0.008277720102 0.024173363661 0.025551363188 10.106239996554 2517084 -0.01108257014 0.019986034438 0.022853116493 0 
616 536 -0.011536270213 0.051210359046 0.052493679658 22.313823200766 3812175 -14 -16 21.260291625469 103.805024628219 2863322.25 -0.022963205758 0.032783833836 0.040026098731 0 
632 536 -0.020842831777 0.146836854953 0.148308750952 2.460338397283 4181156 -16 -16 22.62741699797 124.460754015476 3813988.25 -0.007502905354 0.040327872597 0.041019884166 0 
648 536 -0.086163060571 1.407980087561 1.41061405068 43.135050070698 3742695.5 8 -16 17.888543819998 113.801816758893 3402396.25 0.035298331071 0.042618150721 0.055337861788 0 
664 536 0.231347722828 0.379485202935 0.444444358839 24.613536003166 3653955 2 -16 16.124515496597 116.893471891631 3333989 0.080239670292 0.054160020768 0.096807605787 0 
680 536 0.074267587448 1.366556780236 1.368573384278 56.40406518848 4608180 0 -16 16 120.48516952089 4434575.5 0.127321112309 0.074953482736 0.147745355981 0 
696 536 0.14026564251 8.423681352595 8.424849077611 11.216554972529 6004597 0 -16 16 167.829481273541 5937381 0.196881847147 0.912888465314 0.933877835608 0 
712 536 -0.053972270787 8.332158944064 8.332333747226 6.790488639163 7036221 -9 -14 16.643316977093 153.684129255284 6996939 0.288921874805 2.567964968501 2.584167163554 0 
728 536 2.442667534432 4.269224585203 4.918628187073 24.916908077562 7423679 -16 4 16.492422502471 80.823190437052 7418114.5 0.345515670405 4.064074108583 4.078735029216 0 
744 536 0.112258831207 5.107078359414 5.108311992662 2.62436620566 8079925 0.112258831207 5.107078359414 5.108311992662 2.62436620566 8079925 0.366663233945 5.40121588556 5.413647104268 0 
760 536 -0.121794884436 5.923708366419 5.924960320902 3.784434253433 8852802 -0.121794884436 5.923708366419 5.924960320902 3.784434253433 8852802 0.283278963608 6.222551877156 6.228996615437 0 
776 536 0.01725602062 5.859959890929 5.859985298065 0.668202485464 9433348 0.01725602062 5.859959890929 5.859985298065 0.668202485464 9433348 0.095362859393 6.528082083373 6.52877858119 0 
792 536 -0.065198400477 5.858033903787 5.85839671321 0.724042798468 9987566 -0.065198400477 5.858033903787 5.85839671321 0.724042798468 9987566 0.009536508855 6.325411467514 6.325418656371 0 
808 536 0.053607376822 4.898657604981 4.89895091644 0.36369518781 10563486 0.053607376822 4.898657604981 4.89895091644 0.36369518781 10563486 0.025799911996 5.614540029581 5.614599307095 0 
824 536 0.245591804305 4.638806934437 4.645303554056 2.419900770479 10762274 -16 -5 16.76305461424 107.964698110785 10746716 0.055578958152 5.214438290175 5.214734480549 0 
840 536 0.02310368202 4.813762621853 4.813818064662 0.830224849712 10696515 -15.330103019174 16.353406699678 22.415306584197 44.255336786343 10694159 0.098873647323 5.125106249296 5.126059896715 0 
856 536 -0.022454916028 4.935042458893 4.935093544638 1.298973997585 10417690 2 20 20.099751242242 4.672318627262 10412424 0.095902642846 5.29167878619 5.292547750669 0 
872 536 0.127870832762 4.959372472837 4.96102068875 1.009059822683 10611633 -12 20 23.323807579381 31.431665053604 10589429 0.046665944722 5.714155900857 5.714346451668 0 
888 536 0.011300698805 4.983299825537 4.983312638897 0.641106693202 11411327 0 -11 11 179.228963087894 11368423 0.07887000783 5.860479207835 5.861009897927 0 
904 536 -0.055341016375 5.044521165093 5.044824715802 2.552604265118 12154792 0 20 20 1.924065029566 12126650 0.192514832171 5.730648707125 5.733881457187 0 
920 536 0.192332252401 5.101218569368 5.104843052218 2.963815860818 12727073 0.641848025633 -10.109080455606 10.129436141559 171.244012736466 12718583 0.490097687397 5.466622580875 5.488547912237 0 
936 536 0.30542452999 5.278210735798 5.287040071251 7.540277033564 12909689 -1 -11 11.045361017187 174.342415214511 12909538 0.971618573507 5.068400829086 5.160690808086 0 
952 536 12.583681996825 15.113262413482 19.666208413824 24.20604238092 12671691 1 -12 12.041594578792 159.660785248861 12670301 1.216129414081 4.362866440248 4.529191354672 0 
968 536 1.358594425324 10.17919399299 10.269458075257 12.463046672785 12259442 -15 -4 15.52417469626 124.996675763483 12257553 1.223630209116 3.350019414362 3.566497016018 0 
984 536 -9.206238271102 2.066469072852 9.435312264751 97.386331279792 11850824 16 2 16.124515496597 62.837502931719 11849106 1.069074447047 2.931290160523 3.120157396431 0 
1000 536 5.126515423337 3.436787221494 6.171925695562 42.547034445631 11642631 -16 3 16.2788205961 92.995631697082 11642199 0.752462127872 3.10667867873 3.196506165606 0 
1016 536 8.314215805247 5.610022522424 10.029882210591 45.379173911842 11553974 -0.287411890018 -9.904746723 9.908915845909 171.050827051744 11512393 0.500184838803 2.669803886926 2.716254345163 0 
1032 536 -8.380669149466 6.555576912569 10.640075377995 62.871725719908 11707831 10 -15 18.02775637732 135.404766660525 11677782 0.312242579839 1.620665785111 1.650470543722 0 
1048 536 7.446718309889 8.176113515069 11.05904362041 40.168882473597 11566379 14 -15 20.518284528683 134.816887676835 11545619 0.064845857998 1.720832776127 1.722054130593 0 
1064 536 -0.730693345657 2.388955016273 2.498203121278 12.349061515878 11126574 -13 -14 19.104973174543 132.463216215077 11072494 -0.242005326721 2.970304859974 2.980147234508 0 
1080 536 -0.338469204785 4.465285959795 4.478095589124 0.141758111954 10789738 15 4 15.52417469626 79.261562293992 10777710 -0.333297684045 4.546277420689 4.558478444838 0 
1096 536 -0.177116742466 6.413989342389 6.416434338847 0.274776759009 10529380 -0.177116742466 6.413989342389 6.416434338847 0.274776759009 10529380 -0.209031213976 6.448750458271 6.45213736071 0 
1112 536 -0.209163350304 7.388321497907 7.391281611706 0.794675055312 10298458 -9 -9 12.727922061358 134.173064903807 9512945 -0.104957774393 7.271695162991 7.27245259028 0 
1128 536 0.090916469214 7.364368551063 7.364929732201 0.879454877869 10205053 -3 -9 9.486832980505 161.392902746558 9311970 -0.021077365294 7.015111534848 7.015143198943 0 
1144 536 -0.098335910262 6.350081033153 6.350842391278 0.829978361589 9614745 0 -10 10 179.942779869503 8500815 -0.006544387724 6.55303768508 6.553040952953 0 
1160 536 0.076960351951 5.370678895463 5.371230277501 1.418290494846 8677044 0 -11 11 179.402686082289 7348971 -0.061358841684 5.885473613686 5.885793452446 0 
1176 536 -0.214346470245 5.377395089758 5.381665389139 0.691056432251 8060901 0 -11 11 178.408417775686 6669728 -0.140164957287 5.044536577264 5.046483478087 0 
1192 536 -3.624994992968 4.420008385851 5.716385468987 35.90640258784 7282430 2 -12 12.165525060596 173.987586041799 5971472.5 -0.242962734535 4.030226575812 4.037543453977 0 
1208 536 0.064319509328 2.438675891554 2.439523950144 9.601756279824 6389720.5 -2 -14 14.142135623731 163.7789539655 5459058 -0.392001935475 2.757473587861 2.785197677933 0 
1224 536 -0.248876322242 1.426531022086 1.448078098981 15.694085102497 5419334 0 -15 15 154.40954748539 4804036 -0.587282560109 1.226277613409 1.359653481794 0 
1240 536 -7.772712137957 0.377691019037 7.78188309379 3.305132040108 4515319 -4 -16 16.492422502471 82.050812440547 4086609.5 -4.086059362711 0.435740144239 4.10922749296 0 
1256 536 -17 0.353490961365 17.00367477517 0.838387851281 4406473 -4 -16 16.492422502471 77.993357436874 4022303 -10.888332343282 0.38586118035 10.895167280417 0 
1272 536 -6.907756398159 0.402167759578 6.919453545126 0.45333858818 4885816.5 -4 -16 16.492422502471 78.842401916779 4426839 -7.151320332471 0.359598113525 7.160355668601 0 
1288 536 16.605833942727 0.35057319269 16.60953408428 1.658619975479 4945117.5 3 -16 16.2788205961 82.248381889678 4536572 7.124976669721 0.356950943762 7.133912427296 0 
1304 536 9.104667581544 0.384687976221 9.112790824411 1.788435400669 4235095.5 0 -16 16 94.207842300751 3859494.25 8.384843878113 0.616898312117 8.407506787855 0 
1320 536 -3.156466357413 1.418493862368 3.460549768903 5.526624222705 3963780.75 -3 -15 15.297058540778 97.362259838066 3532589.75 -3.371718707296 1.139440218591 3.559046368463 0 
1336 536 -5.272214190821 4.639662497113 7.02301292616 24.00692832344 3317899.75 3 -15 15.297058540778 118.651479624001 2992447.75 -5.903692740383 1.843492857878 6.184824483354 0 
1352 536 -10.458130735517 2.789830047149 10.823846366848 91.187137043679 3004458.25 7 -14 15.652475842499 137.311304489708 2855894 0.788921778852 2.729056229978 2.840800147763 0 
1368 536 2.804398497014 3.341023997839 4.362005534636 0.150928846051 2809339.75 13.829089625407 -8.960371836527 16.478227553847 82.780222186724 2723050.75 3.021104818706 3.58000411845 4.684389374692 0 
1384 536 -0.263100403846 6.170052609341 6.175659561904 12.664807273251 2747549.75 -13 -12 17.691806012954 142.932497465278 2707122 0.792856379179 4.396336523292 4.467258226702 0 
1400 536 9.780597603373 18.297444598188 20.747447271962 32.259216469576 3369110.25 12 -12 16.970562748477 139.133218630949 3364565 -0.361206104182 4.998446785678 5.011480830947 0 
1416 536 4.181539085104 14.398765196319 14.993655601586 20.875261931859 3416133.25 7 -11 13.038404810405 152.210267264951 3377267 -0.441082631375 5.386334905606 5.404364680797 0 
1432 536 1.360338668806 16.84376115907 16.898603826282 25.080684449349 2900939 0 -12 12 159.53662547995 2896571.75 -1.855857737195 4.973406418371 5.308387640612 0 
1448 536 -16.365160730926 -8.287957740483 18.344174259341 66.08543962284 3000194 11 -9 14.212670403552 179.936594503559 2988707 -4.605531421642 3.759661323974 5.945247929794 0 
1464 536 5.942502296658 3.671383142195 6.985154810209 111.028592167115 3447017.75 -20 3 20.223748416157 28.73213564097 3437186.75 -4.512980359626 3.433354062498 5.670530120266 0 
1480 536 0.622023083379 6.795751918545 6.824159791115 26.788550383291 3195183 -1 -13 13.038404810405 154.042521196293 3023123.25 -1.578204551145 3.994484633944 4.294954842146 0 
1496 536 -0.331288340324 10.148510577358 10.153916431761 0.913765052438 2527715 3 -12 12.369316876853 168.747223099294 2426044.75 -0.237978874461 4.894780085473 4.900561807572 0 
1512 536 -0.297333275799 8.424139381578 8.429384995191 2.566999534833 2204518 11 -10 14.866068747319 136.862126229303 2111226 -0.492303329572 6.134240417084 6.153963605912 0 
1528 536 -1.191218829102 6.765504920752 6.869574887249 5.641178128256 2044005 -9 -10 13.453624047074 133.668111660387 1937493.875 -0.525858743465 6.921509716881 6.941456920486 0 
1544 536 0.178250000763 7.869447819655 7.871466321407 3.969477358202 2147200 -6 -9 10.816653826392 143.63803366023 1937484 -0.338645116141 7.256587984864 7.264485508056 0 
1560 536 0.029444137297 8.403776910083 8.403828491329 1.702506635727 2395298.75 0 -9 9 178.498238566513 2091284.75 -0.19820055896 7.560092180569 7.562689815156 0 
1576 536 0 8.595410642913 8.595410642913 0.764616049143 2643727 11 -9 14.212670403552 130.054022911643 2306806.25 -0.104525071925 7.832022303995 7.83271976142 0 
1592 536 -1.193587318716 8.483994984939 8.567544665298 7.647582726679 3007992 -9 -8 12.041594578792 131.272912987451 2579100 -0.050606732842 8.040216485257 8.040375748136 0 
1608 536 1.142864150143 8.715932078317 8.790540965124 7.725339805476 3238528 -8 -8 11.313708498985 134.744869284245 2778180.25 -0.036445541712 8.184674724356 8.184755868138 0 
1624 536 1.222246716953 8.713404925778 8.798710839531 8.280528850714 3354204.75 1.222246716953 8.713404925778 8.798710839531 8.280528850714 3354204.75 -0.042425211351 8.222199339439 8.222308792306 0 
1640 536 3.93749624447 8.453806617915 9.325809509545 25.456217097741 3413871 -12 -8 14.422205101856 123.208356478473 2995634.75 -0.06854574176 8.152790330508 8.153078479441 0 
1656 536 -0.113672560384 8.355638477202 8.356411658881 0.000856185991 3380668.5 -16 -8 17.888543819998 115.786486829878 3025706.75 -0.109948149976 8.090759926886 8.09150695422 0 
1672 536 -0.254058892963 8.301589054752 8.305475709137 0.565028260042 3203079 8 -8 11.313708498985 136.187884382627 2930468 -0.166632435997 8.036108128575 8.037835543408 0 
1688 536 -8.357184908993 7.364617566837 11.139126155532 47.34182789982 2857616.25 0 -9 9 178.729357731863 2708133.25 -0.175887996519 7.929838284334 7.931788688752 0 
1704 536 0.267410535325 7.27375480496 7.278668652788 3.12060428159 2682253.25 0 -9 9 178.984855465788 2508252.25 -0.137714831541 7.771950394162 7.773170415226 0 
1720 536 -0.056216949883 6.280614017631 6.280865607854 0.260230737604 2339689 0 -10 10 179.226935972439 2231691 -0.083297905344 6.17326460653 6.173826564075 0 
1736 536 0 18 18 0.231048482816 2036623 0 -13 13 179.768951517186 2036469.875 -0.012637217929 3.133780921437 3.133806401621 0 
1752 536 -0.164255236737 -13.370571237955 13.37158012398 179.66549102774 1915865 -0.044537426552 10.503155079472 10.503249506976 0.612279450405 1915511 0.009777812163 1.51687550263 1.516907016296 0 
1768 536 0.177547894661 11.429888439627 11.431267339941 1.585351081895 1785763 0.175352257433 -13.483251852638 13.484392049175 179.950309514951 1785359 -0.016052815066 1.322548350107 1.322645769374 0 
1784 536 -0.103998743342 11.796024809257 11.7964832488 1.041168254036 1705353 1.378809202872 -9.80308551274 9.899575768083 173.540135570513 1703218 -0.028530937237 1.05691421983 1.057299239789 0 
1800 536 -9.121637775997 10.116786575626 13.621807748359 39.839052663255 1655691 -0.170119651551 -8.204128910731 8.205892509638 176.612253823354 1654212 -0.027656554351 0.719973111799 0.720504105964 0 
1816 536 7.729278188981 7.847850007824 11.015012077522 48.940042260411 1600919 1.664964046728 -7.776962859344 7.953191597875 172.292171036849 1597179.125 -0.03296580868 0.430771592387 0.432031143958 0 
1832 536 0.164916913923 6.850971537038 6.852956193483 14.595173496368 1503135.125 0.291079246694 -10.732656280094 10.736602719412 168.337318944698 1501131.125 -0.044458700227 0.189309661597 0.194460083307 0 
1848 536 0.025342300771 -11.325483893286 11.325512246662 145.252916200307 1392388 -0.059085571057 13.4000189008 13.400149165084 34.622654281995 1391237 -0.041616218643 0.059710310523 0.072782077718 0 
1864 536 3.433069880566 -13.193684865926 13.633022010772 164.375886192258 1363625.875 0 15 15 30.209360280863 1361842.75 -0.02443836393 0.041973539167 0.048569657419 0 
1880 536 -3.031372636597 -13.705221774977 14.036464083351 84.758377248164 1442850.125 -4.626405280138 2.924524047607 5.473250105844 25.068040193873 1441782.875 -0.27687116848 0.035126580723 0.279090524039 0 
1896 536 -2.174655131088 3.319518011301 3.968415901404 53.963854647169 1464065.125 -5.578183203657 -11.917532870439 13.158408626105 67.724206143284 1461229.125 -0.798914632291 0.039169435192 0.799874261583 0 
1912 536 -0.05173081745 3.772795544893 3.773150182678 86.050448322346 1444181.875 8.266774068603 -11.21891182054 13.93569287615 129.549026339257 1436008.125 -0.782966711349 0.043280995393 0.784162046801 0 
1928 536 8.632007223197 3.764206195482 9.41704820968 144.731499495613 1469424.875 -16 -10 18.867962264113 43.713051005427 1448661 -0.229027405652 0.047461261328 0.233893402785 0 
1944 536 1.691942799358 3.999134996606 4.342320941315 19.439074139212 1600411.875 1.542789509786 -10.637001990082 10.74830269431 168.254335486008 1573731.75 0.003077734469 0.050421038805 0.050514884971 0 
1960 536 0.270761402389 4.107456271884 4.116370824217 62.72533083853 1669815.125 3.477577580179 -10.852448840046 11.396016481736 138.813748450784 1646725.875 -0.086651290988 0.052160327824 0.101139240795 0 
1976 536 -1.081408350151 3.962618422916 4.1075283061 44.61105710965 1594133.875 -11.920009407161 -11.707878839064 16.708113333857 74.610095347737 1557418 -0.085619709846 0.049680899071 0.098989526954 0 
1992 536 -0.14581568536 3.625175332129 3.628106724281 10.475381842757 1675331 0 -16 16 171.827988705133 1623897 0.006172477897 0.042982752546 0.043423685931 0 
2008 536 -0.139476766877 2.61016054073 2.613884430667 55.774439207279 2109466.75 -10 -16 18.867962264113 89.161424424333 2027771.875 -0.064401494614 0.03895195653 0.075264914974 0 
2024 536 0.378000882679 1.35460419486 1.406355997619 98.386862770492 2570315.5 0.378000882679 1.35460419486 1.406355997619 98.386862770492 2570315.5 -0.297341627379 0.037588511024 0.299708090537 0 
2040 536 0.056726527953 -0.057150657669 0.080523888664 151.636121265577 2377768 0.056726527953 -0.057150657669 0.080523888664 151.636121265577 2377768 -0.328004125848 0.09933966767 0.34271719558 0 
2056 536 -0.098265787916 -0.136933603367 0.168543694056 109.439406994384 1927088.875 15 15 21.213203435596 79.896754154227 1871755.75 -0.156388990022 0.224205426466 0.273359816829 0 
2072 536 0.011814666623 0.280944746105 0.281193059501 15.849374589809 3203216.75 0.011814666623 0.280944746105 0.281193059501 15.849374589809 3203216.75 -0.055644475547 0.232826234301 0.239383297324 0 
2088 536 -0.017154710799 0.045238172843 0.048381570714 9.136305566561 5177441.5 -0.017154710799 0.045238172843 0.048381570714 9.136305566561 5177441.5 -0.025770582424 0.125202091175 0.127826783395 0 
2104 536 -0.000338187026 0.008921393916 0.008927801513 6.371662263018 6497213 -0.000338187026 0.008921393916 0.008927801513 6.371662263018 6497213 -0.008403505174 0.05594487589 0.056572502486 0 
2120 536 0.005815818644 0.003508321759 0.006792059192 66.949475760569 6994162 0.005815818644 0.003508321759 0.006792059192 66.949475760569 6994162 -0.003543243798 0.025054588445 0.025303892561 0 
2136 536 0.004937508562 0.000704235617 0.004987478181 80.922806729261 5360468 0.004937508562 0.000704235617 0.004987478181 80.922806729261 5360468 0.000132994467 0.007937943001 0.007939057035 0 
2152 536 0.003833445453 0.000680479671 0.003893373425 50.193744164414 2460085 0.003833445453 0.000680479671 0.003893373425 50.193744164414 2460085 0.00262520962 0.004594939558 0.005291993489 0 
2168 536 0.005971006857 0.003053602739 0.006706520153 5.854892619634 474563.9375 0.005971006857 0.003053602739 0.006706520153 5.854892619634 474563.9375 0.003296063011 0.002135610693 0.003927450115 0 
2184 536 0 0 0 0 0 0 0 0 0 0 0.00214555464 0.000559956407 0.002217421 0 
2200 536 0 0 0 0 0 0 0 0 0 0 0.001552323574 -0.000326101898 0.001586206458 0 
2216 536 0 0 0 0 0 0 0 0 0 0 0.001516369814 -0.000522564221 0.001603886149 0 
2232 536 0 0 0 0 0 0 0 0 0 0 0.001106510066 -0.000649167852 0.001282880909 0 
2248 536 0 0 0 0 0 0 0 0 0 0 0.000322744328 -0.000705912791 0.000776193771 0 
2264 536 0 0 0 0 0 0 0 0 0 0 -0.000051853905 -0.000550713945 0.000553149778 0 
2280 536 0 0 0 0 0 0 0 0 0 0 -0.000017284635 -0.000183571315 0.000184383259 0 
2296 536 0 0 0 0 0 0 0 0 0 0 0 0 0 0 
2312 536 0 0 0 0 0 0 0 0 0 0 0 0 0 0 
2328 536 0 0 0 0 0 0 0 0 0 0 0 0 0 0 
2344 536 0 0 0 0 0 0 0 0 0 0 0 0 0 0 
2360 536 0 0 0 0 0 0 0 0 0 0 0 0 0 0 
2376 536 0 0 0 0 0 0 0 0 0 0 0 0 0 0 
2392 536 0 0 0 0 0 0 0 0 0 0 0 0 0 0 
2408 536 0 0 0 0 0 0 0 0 0 0 0 0 0 0 
2424 536 0 0 0 0 0 0 0 0 0 0 0 0 0 0 
2440 536 0 0 0 0 0 0 0 0 0 0 0 0 0 0 
2456 536 0 0 0 0 0 0 0 0 0 0 0 0 0 0 
2472 536 0 0 0 0 0 0 0 0 0 0 0 0 0 0 
2488 536 0 0 0 0 0 0 0 0 0 0 0 0 0 0 
2504 536 0 0 0 0 0 0 0 0 0 0 0 0 0 0 
2520 536 0 0 0 0 0 0 0 0 0 0 0 0 0 0 
2536 536 0 0 0 0 0 0 0 0 0 0 0 0 0 0 
24 552 0 0 0 0 0 0 0 0 0 0 0 0 0 0 
40 552 0 0 0 0 0 0 0 0 0 0 0 0 0 0 
56 552 0 0 0 0 0 0 0 0 0 0 0 0 0 0 
72 552 0 0 0 0 0 0 0 0 0 0 0 0 0 0 
88 552 0 0 0 0 0 0 0 0 0 0 0 0 0 0 
104 552 0 0 0 0 0 0 0 0 0 0 0 0 0 0 
120 552 0 0 0 0 0 0 0 0 0 0 0 0 0 0 
136 552 0 0 0 0 0 0 0 0 0 0 0 0 0 0 
152 552 0 0 0 0 0 0 0 0 0 0 0 0 0 0 
168 552 0 0 0 0 0 0 0 0 0 0 0 0 0 0 
184 552 0 0 0 0 0 0 0 0 0 0 0 0 0 0 
200 552 0 0 0 0 0 0 0 0 0 0 0 0 0 0 
216 552 0 0 0 0 0 0 0 0 0 0 0 0 0 0 
232 552 0 0 0 0 0 0 0 0 0 0 0 0 0 0 
248 552 0 0 0 0 0 0 0 0 0 0 0 0 0 0 
264 552 0 0 0 0 0 0 0 0 0 0 0 0 0 0 
280 552 0 0 0 0 0 0 0 0 0 0 0 0 0 0 
296 552 0 0 0 0 0 0 0 0 0 0 0 0 0 0 
312 552 0 0 0 0 0 0 0 0 0 0 0 0 0 0 
328 552 0 0 0 0 0 0 0 0 0 0 0 0 0 0 
344 552 0 0 0 0 0 0 0 0 0 0 0 0 0 0 
360 552 0 0 0 0 0 0 0 0 0 0 0 0 0 0 
376 552 0 0 0 0 0 0 0 0 0 0 0 0 0 0 
392 552 0 0 0 0 0 0 0 0 0 0 0 0 0 0 
408 552 0 0 0 0 0 0 0 0 0 0 0 0 0 0 
424 552 0 0 0 0 0 0 0 0 0 0 0 0 0 0 
440 552 0 0 0 0 0 0 0 0 0 0 0 0 0 0 
456 552 0 0 0 0 0 0 0 0 0 0 0 0 0 0 
472 552 0 0 0 0 0 0 0 0 0 0 0 0 0 0 
488 552 0 0 0 0 0 0 0 0 0 0 0 0 0 0 
504 552 0 0 0 0 0 0 0 0 0 0 0.000020560701 -0.000061036028 0.000064406049 0 
520 552 0 0 0 0 0 0 0 0 0 0 0.000061682104 -0.000183108085 0.000193218148 0 
536 552 0 0 0 0 0 0 0 0 0 0 0.000248894089 -0.000525019819 0.000581028466 0 
552 552 -0.008791430303 -0.00568280318 0.010468213733 85.299767914411 76218.9921875 -0.008791430303 -0.00568280318 0.010468213733 85.299767914411 76218.9921875 0.000582196656 -0.001086771231 0.0012328928 0 
568 552 -0.005121315516 -0.005149541422 0.007262620014 118.892860616634 1236112.875 -0.005121315516 -0.005149541422 0.007262620014 118.892860616634 1236112.875 -0.000365605781 0.001253148164 0.00130539186 0 
584 552 0.001186267996 -0.002107327791 0.002418276696 172.399425234601 3567893.25 -16 -14 21.260291625469 109.410241573296 1873476.875 -0.002594513223 0.006494738367 0.006993791913 0 
600 552 -0.009542359257 0.002256233422 0.009805468344 43.365376446144 5311470 -0.009542359257 0.002256233422 0.009805468344 43.365376446144 5311470 -0.012243644717 0.01861671801 0.022282033691 0 
616 552 -0.666386400132 0.218863285291 0.701407137067 33.892194799422 5793215 15 -12 19.209372712299 166.585726534195 5771990 -0.029313000264 0.037619087093 0.047691170024 0 
632 552 -0.240713632385 0.482346054941 0.539073992632 41.968310489812 5728395.5 12 -16 20 127.683170784824 5681532.5 0.013802441674 0.049949604497 0.051821524346 0 
648 552 -0.197712893731 0.417315459042 0.461781962297 89.948812864571 5682114 15 -16 21.931712199461 72.249139030528 5610459 0.117102681099 0.055608270221 0.129635325577 0 
664 552 -0.284356257768 0.339827928352 0.443104392011 115.918367488773 5809167 14 -16 21.260291625469 62.817134826912 5769151 0.200989657891 0.050123751678 0.207145439394 0 
680 552 -10.854652469978 -6.549363665189 12.677446298956 156.086060060943 5986454.5 0.134984804303 3.089570643271 3.092518012422 80.306761079764 5986190 0.265463372052 0.03349604887 0.2675682851 0 
696 552 -0.351027027357 7.039925477364 7.048671555745 43.038754704872 6287269.5 -7 -16 17.464249196573 163.445159471682 6282514.5 0.255852891409 0.302930222454 0.396519131592 0 
712 552 -6.882939036678 7.396877029864 10.103892298394 54.279067805621 6609889 -12 -16 20 154.470385339087 6603301.5 0.172158215962 0.85842627243 0.875519341032 0 
728 552 0.408815542683 4.1614133395 4.1814460573 0.336416925618 6789811.5 15 -15 21.213203435596 129.725706472839 6781435.5 0.139796664162 1.514349055917 1.520788009706 0 
744 552 0.087158657151 2.396395369791 2.397979858104 1.916665133408 7327260.5 0 -14 14 176.000363492869 7308554.5 0.158768236008 2.270698572913 2.276242377647 0 
760 552 0.12230228358 2.417925844761 2.42101698452 1.060253704048 7910731 0 -14 14 178.164615804792 7886723 0.089875516149 2.804713190953 2.806152827611 0 
776 552 -0.025363223861 3.084650654256 3.084754925748 0.758348730347 7924664 -0.025363223861 3.084650654256 3.084754925748 0.758348730347 7924664 -0.066881495417 3.116392910035 3.117110505604 0 
792 552 -0.022240346156 1.989859286594 1.989983571148 1.937876823739 8156097.5 -0.022240346156 1.989859286594 1.989983571148 1.937876823739 8156097.5 -0.131427759222 2.918729013962 2.921686552804 0 
808 552 -0.166347579372 1.923214316703 1.930394991999 2.257398666593 8877776 -4 17 17.464249196573 10.554448623114 8823025 -0.103763275265 2.211721502732 2.214154200353 0 
824 552 -0.016384010027 0.990211492661 0.990347028058 0.790734137018 9371480 -14 16 21.260291625469 39.447263256119 9288083 -0.055312856674 1.822217642109 1.823056951202 0 
840 552 0.23105028478 0.980296090655 1.007156720402 12.806453329606 9027307 0.23105028478 0.980296090655 1.007156720402 12.806453329606 9027307 0.013923496551 1.750217432091 1.750272813978 0 
856 552 0.127803614039 0.984958403446 0.993215394705 6.589316570195 8794466 0.127803614039 0.984958403446 0.993215394705 6.589316570195 8794466 0.025451863502 1.814095784022 1.814274320758 0 
872 552 -0.087831307287 1.966540221856 1.968500643312 1.967592759324 8867054 11 -14 17.804493814765 142.432474433865 8718373 -0.020727755823 2.013852697902 2.013959366201 0 
888 552 -0.119185024866 2.025486208106 2.028989760787 2.77035881503 9450893 -0.119185024866 2.025486208106 2.028989760787 2.77035881503 9450893 -0.022613068325 2.169453044767 2.16957089405 0 
904 552 -0.181592741992 2.11963433921 2.12739880039 5.393930146479 10076534 -0.181592741992 2.11963433921 2.12739880039 5.393930146479 10076534 0.019795925997 2.280896824617 2.280982727517 0 
920 552 -0.01182248 2.067211725578 2.067245531958 2.786310524123 10298818 -0.01182248 2.067211725578 2.067245531958 2.786310524123 10298818 0.10471249974 2.438709601894 2.440956621895 0 
936 552 -0.144560927171 2.004639704361 2.009845318915 9.144295948813 10713883 -0.144560927171 2.004639704361 2.009845318915 9.144295948813 10713883 0.232136652904 2.642891376601 2.653066575519 0 
952 552 -0.196724317924 1.989372447069 1.999075583969 12.939525744854 11108877 -0.196724317924 1.989372447069 1.999075583969 12.939525744854 11108877 0.340843177782 2.663632264891 2.685351171524 0 
968 552 15 2 15.132745950422 72.631029170137 11275686 15 2 15.132745950422 72.631029170137 11275686 0.430832074373 2.500932266763 2.537770375595 0 
984 552 -13.833284139976 2.087522369056 13.989907066832 100.954861430224 11392563 -13.833284139976 2.087522369056 13.989907066832 100.954861430224 11392563 0.878601719963 2.476097779957 2.627356313526 0 
1000 552 4.038469125328 2.020978686102 4.515926009791 30.372338842481 11501222 -11 17 20.248456731317 65.948060522763 11420271 1.684152114551 2.58912880447 3.088681969883 0 
1016 552 6.017652776916 2.1196455987 6.380050345226 38.435267026871 11579910 -15 17 22.671568097509 73.584201150986 11496688 1.626994259977 2.587573905467 3.056574723159 0 
1032 552 0.171344499661 2.419391286714 2.425451120058 11.915922514918 11703391 11.078972589728 -10.883019448139 15.530091627306 118.521877268863 11666535 0.70712815624 2.471433082948 2.570605320316 0 
1048 552 3.839283841858 4.73438965961 6.095452884518 8.323256443642 12151656 12.033824088843 -10.079837954921 15.697644899751 82.587326431289 12142608 4.701315627909 4.328676594501 6.39060323389 0 
1064 552 13.051044977662 8.935903464938 15.817083983581 3.455153844077 12767796 13 -8 15.264337522474 62.551351502336 12760634 13.609556674986 8.159304440127 15.868027030363 0 
1080 552 12.702558949621 9.239995217988 15.707721524685 0.574308655977 12804704 28 -7 28.861739379324 49.494531183533 12799428 13.494697264267 9.610858828537 16.567300977416 0 
1096 552 3.967357932114 8.441225483412 9.327069026404 1.471108440862 12882491 -12 -8 14.422205101856 150.334600169316 12876073 4.356737395752 8.683339759731 9.715016732794 0 
1112 552 0.098337822881 8.925784696815 8.926326387787 1.843680109854 12954988 -12 -9 15 125.657435345901 12947248 -0.164373792758 7.766442503648 7.768181763206 0 
1128 552 0.073077707175 9.361834452262 9.362119667193 1.020464945461 12954314 8 -10 12.806248474866 141.913419648251 12945976 -0.068636301265 6.860167060288 6.860510406443 0 
1144 552 0.022246704052 10.901398853288 10.901421552913 0.56497323464 12890978 -14 -11 17.804493814765 127.70917784086 12883851 -0.045843077791 5.862222263328 5.862401508975 0 
1160 552 0.239564868844 12.699469371841 12.701728766303 2.232975305425 12690385 -16 -12 20 125.717631122853 12686635 -0.095994122337 4.772608112766 4.773573406743 0 
1176 552 -0.033957161599 10.886812437139 10.886865395065 2.375463875005 12347434 12 -13 17.691806012954 139.844785156187 12340577 -0.168086019406 3.768042009106 3.771789163289 0 
1192 552 0.010068960507 6.167373798041 6.167382017415 5.35104525858 11893409 14 -14 19.798989873223 140.257503266885 11865342 -0.262118768996 2.848523952349 2.860558504237 0 
1208 552 -0.132580774781 1.991535033546 1.995943248613 12.472452365102 11312141 -12 -15 19.209372712299 125.059055858378 11237807 -0.555054517105 1.900460924024 1.979857883965 0 
1224 552 -1.233799159971 0.316985431398 1.273868176407 27.018770323739 10447828 2 -16 16.124515496597 138.552484356817 10210394 -1.046893263732 0.923852924132 1.396241286839 0 
1240 552 -4.11641901797 0.240792543143 4.123455660043 1.993696858432 9772043 -4 -16 16.492422502471 81.305191494255 9360853 -4.410398547248 0.412357464026 4.429633621837 0 
1256 552 -14.67644619097 0.208232390215 14.677923338292 1.156075363111 9459748 2 -16 16.124515496597 99.093961290881 9074786 -10.645570367653 0.365974543706 10.651859265842 0 
1272 552 -5.911371521069 0.072199461918 5.911812414345 2.149540997853 9579538 -14 -16 21.260291625469 51.66337201533 9350207 -6.843776459741 0.34061921742 6.852247637249 0 
1288 552 18.883282797148 0.222636682338 18.884595211161 2.076943770093 9398328 -10 0 10 177.247561858388 9397816 6.994983176487 0.336291485169 7.003062301761 0 
1304 552 11.112532610785 0.395100882918 11.119554205698 1.409771497311 8860753 -2 -16 16.124515496597 100.571054660674 8555014 7.248272245951 0.436471688823 7.261401936718 0 
1320 552 -16.789648932398 0.40063249821 16.794428173409 4.649050775928 8761698 6 -16 17.088007490635 116.572021306058 8368215.5 -6.08390925135 0.641159828384 6.11760064929 0 
1336 552 -10.571416425286 0.470049083345 10.581861432544 6.944906797991 8123642 -4 -16 16.492422502471 85.454594732161 7449182.5 -5.319748552827 0.889346157944 5.393575924557 0 
1352 552 15.92855460585 1.496587962161 15.99870705276 1.689089111681 7516945 9 -15 17.492855684536 66.092874202897 6798167 9.540754341518 1.181030677503 9.613575134486 0 
1368 552 13.55554915015 2.887559828481 13.859686667641 1.502066780908 7010201 -2 -14 14.142135623731 108.653263544043 6261038.5 12.621414265771 2.344518588473 12.837323143082 0 
1384 552 -0.411432465528 4.487245578398 4.506068081437 47.084017274661 7199397.5 16 -12 20 85.024643177558 6260081 3.922231219932 4.379809890853 5.879339454618 0 
1400 552 -1.428589648696 5.97269149478 6.141165367923 9.753811079866 7058428 14 -11 17.804493814765 131.855091519739 6120784 -0.378582493266 5.857718874079 5.869939958121 0 
1416 552 3.799993590841 6.456626656968 7.491860855482 32.852713189717 7000638 12 -10 15.620499351813 132.179701282566 5909586.5 -0.281026873821 6.77824553815 6.784068740753 0 
1432 552 0.300007324691 5.474180317263 5.482394963953 40.640506656878 6747205 4 -11 11.70469991072 162.479503356499 5617511.5 -4.422550820063 5.762830021124 7.264238818239 0 
1448 552 -12.029417468885 3.572847036645 12.548789606491 4.156773260512 6262459 -3 -14 14.317821063276 90.290370843898 5471038.5 -12.803154331991 2.811472323002 13.108208781973 0 
1464 552 -21.749968520782 2.341935076555 21.875689487598 2.911032299068 6876317 -5 -14 14.866068747319 79.402872401561 6270216.5 -12.790444613189 2.038783604921 12.951915379231 0 
1480 552 1.666577603373 3.304313839344 3.7008067846 78.608637404806 7250891 -10 -13 16.401219466857 90.587512491917 6515881.5 -4.384421663658 3.444763866882 5.575800518609 0 
1496 552 -4.136384828107 4.426591154139 6.058414701232 39.089257444087 6902243 3 -12 12.369316876853 169.933440745541 5561461 -0.340456312758 4.906054544066 4.917853362011 0 
1512 552 -3.166673448937 6.359687722112 7.104466810042 20.615671232684 7196194.5 -4 -10 10.770329614269 152.344213214958 5469949.5 -0.658548560491 6.422655636473 6.456329578889 0 
1528 552 -1.339324830474 7.348695483856 7.46974673707 4.311331796379 7011253 -9 -9 12.727922061358 128.982348268534 5334133 -0.774238002742 7.344615515848 7.385311202687 0 
1544 552 -1.166693801545 7.389407161982 7.480943298282 3.851299099451 7333522 3 -9 9.486832980505 166.685964894709 5443284.5 -0.687524639509 7.671934182192 7.702679029132 0 
1560 552 -0.200038466002 7.369369908186 7.372084388526 2.484625347764 8228553.5 12 -9 15 130.909411160514 5983496 -0.562119773073 7.959797489706 7.979621213843 0 
1576 552 -0.213849813792 8.329906266258 8.332650847569 1.305545392388 7747471.5 -0.213849813792 8.329906266258 8.332650847569 1.305545392388 7747471.5 -0.398023403434 8.208205438389 8.217850032002 0 
1592 552 -0.533084674502 8.418891166759 8.435751759501 1.445682844798 7256253.5 15 8 17 64.104965215794 7098894 -0.31860105194 8.379383469727 8.385438209362 0 
1608 552 -0.052240393747 8.340949503543 8.341113095948 1.829946917413 7967663 -0.052240393747 8.340949503543 8.341113095948 1.829946917413 7967663 -0.323852718591 8.47333158372 8.479518188612 0 
1624 552 -2.300003662252 8.26550520186 8.579545039706 13.823313166918 8278285.5 -2.300003662252 8.26550520186 8.579545039706 13.823313166918 8278285.5 -0.256046013615 8.49346594128 8.497324476374 0 
1640 552 -0.409102259724 8.242660001179 8.252806101802 2.059501832084 8155562 -0.409102259724 8.242660001179 8.252806101802 2.059501832084 8155562 -0.11518093701 8.439786542409 8.440572464571 0 
1656 552 0.255137321882 8.231991409402 8.235944245652 2.529370882082 8062264.5 0.255137321882 8.231991409402 8.235944245652 2.529370882082 8062264.5 -0.109334547278 8.306115620819 8.306835182526 0 
1672 552 0.192315819027 8.288387812821 8.29061866871 3.017373389611 8051777 0.192315819027 8.288387812821 8.29061866871 3.017373389611 8051777 -0.238506844416 8.092453176512 8.095967139809 0 
1688 552 -3.833329942325 7.455976515875 8.383674865595 25.404407164203 7945809.5 -3.833329942325 7.455976515875 8.383674865595 25.404407164203 7945809.5 -0.245710406939 7.798775883787 7.802645633989 0 
1704 552 12 7.289885617171 14.040741871833 59.732054525075 7992230 12 7.289885617171 14.040741871833 59.732054525075 7992230 -0.130945234846 7.425083742644 7.426238296729 0 
1720 552 0.025003806185 6.347863382763 6.347912626726 0.590981184412 7765523.5 14 -10 17.204650534085 125.902975928284 5804730.5 -0.041913510529 6.573903559927 6.574037173426 0 
1736 552 0.08824083864 5.413758705016 5.414477792155 0.70020927492 7340641 0 -11 11 179.766407039645 5429712 0.021384766013 5.245235335635 5.24527892818 0 
1752 552 -0.090916469214 4.44696590141 4.447895180047 1.431908801783 6795410.5 0 -12 12 179.739317714791 5049367.5 0.019680397783 4.32555649332 4.325601263982 0 
1768 552 -0.277790965815 3.461358895926 3.472488045637 3.88217146862 6185211 0 -13 13 179.29373944504 4665551 -0.047026615219 3.814867032983 3.815156875134 0 
1784 552 -0.092601803976 3.430043094477 3.431292864806 0.029249270948 5813074.5 0 -13 13 178.482795206762 4369351.5 -0.08153720599 3.078454406627 3.079534031253 0 
1800 552 -0.010640204956 2.413579237574 2.413602691001 2.016363218665 5201683.5 0 -14 14 177.731051376917 3958917.5 -0.083851374529 2.116318614253 2.117979114638 0 
1816 552 -0.134980809798 1.412313908185 1.418749588288 1.208736682608 4469859 0 -15 15 175.749319450822 3495436.75 -0.096267106002 1.295222209633 1.298794798274 0 
1832 552 -0.085993443378 0.436899681946 0.445282162666 0.206053992843 3577279 0 -16 16 169.071061479341 2979824 -0.118784400409 0.615165192767 0.626528489514 0 
1848 552 0 0.464688981714 0.464688981714 22.212688119148 3047943 0 -16 16 157.787311880852 2621985 -0.10440894416 0.255684440382 0.276180666727 0 
1864 552 -8.10000183113 0.482942299769 8.114386170821 72.814229082396 2882830.25 -1 -16 16.031219541881 162.649972594618 2515029 -0.053140737254 0.216779952478 0.22319831037 0 
1880 552 -5 0.449035368134 5.020122783542 8.626035702668 2889920 8 -16 17.888543819998 130.322886198862 2553533.25 -0.803402732725 0.19670784303 0.82713356023 0 
1896 552 -12.300003662252 0.377520542891 12.305795864214 2.986347276399 2857875.25 4 -16 16.492422502471 108.780602041162 2525041.25 -2.355194930572 0.195468112039 2.363292394905 0 
1912 552 -1.921035887172 0.325861471091 1.948477502602 4.83662906111 2938429.5 -2 -16 16.124515496597 87.665683150558 2567242.5 -2.319811828801 0.194420829867 2.327944668615 0 
1928 552 0.5 0.308560265343 0.587545264085 132.805114076 3174930 0 -16 16 105.51529860447 2725816.75 -0.697253427414 0.193565996517 0.723622924628 0 
1944 552 4.699996337748 0.3194501955 4.710840052714 88.745815909715 3326899 -15 -16 21.931712199461 134.213484735592 2866548.75 -0.008773653683 0.190704316498 0.190906032722 0 
1960 552 0.342118452157 0.337535812414 0.480599063637 99.235739851341 3429389.75 -11 -16 19.416487838948 91.642054074 2952226.5 -0.254372507609 0.185835789811 0.315024306049 0 
1976 552 -0.307711271027 0.352616793084 0.468000885771 13.345069564945 3523314 10 -16 18.867962264113 157.550715611818 2947354 -0.255638778742 0.182650710407 0.314185402603 0 
1992 552 -0.205926721655 0.372323398139 0.425476823685 24.976162304202 3672207.75 0 -16 16 176.029811356657 3056456.75 -0.012572467082 0.181149078287 0.181584843786 0 
2008 552 0.085254609541 0.246785445571 0.261096542669 68.688247180714 4186826 -4 -16 16.492422502471 116.333515778506 3761178.25 -0.236843937026 0.201354536404 0.310867656466 0 
2024 552 10.471435560163 0.049470608505 10.471552417466 165.047104722423 4687203 -16 0 16 14.682212621557 4684108.5 -0.928453188574 0.243267084759 0.959793830935 0 
2040 552 -0.137117549875 0.319791250044 0.347947792188 43.167977173943 4176009 -0.137117549875 0.319791250044 0.347947792188 43.167977173943 4176009 -0.997441270287 0.436263255098 1.088675670446 0 
2056 552 -4.783703797932 0.345225386552 4.796144555147 56.243900563606 3016671.25 15 0 15 119.628392769099 2945330 -0.443808182165 0.780343047422 0.897719875137 0 
2072 552 0.377930140243 0.417428084029 0.563096258415 52.354620021056 3024061 -1 -16 16.031219541881 166.226040040543 2868231 -0.139634518314 0.776240596414 0.788699728811 0 
2088 552 0.084532125273 0.119691996846 0.146532775556 46.558246366494 3798788 -12 -16 20 131.803394833224 3639684 -0.084920278732 0.423955902076 0.432377220312 0 
2104 552 0.03600784396 0.099195367352 0.105528601482 32.500211828946 5446170 0.03600784396 0.099195367352 0.105528601482 32.500211828946 5446170 -0.044007204038 0.1976976351 0.202536389154 0 
2120 552 0.025260069493 0.137835884082 0.140131374258 20.219161378457 8632565 0.025260069493 0.137835884082 0.140131374258 20.219161378457 8632565 -0.016895294232 0.097465795489 0.098919321962 0 
2136 552 0.000520215441 0.007755617289 0.007773044683 5.732908540956 10519726 11.879043629088 -8.333183308526 14.510465933087 126.945258015269 9603661 -0.001246083111 0.037652188203 0.037672801854 0 
2152 552 0.005009786427 -0.001839576644 0.005336853218 101.013619606209 9191631 0.005009786427 -0.001839576644 0.005336853218 101.013619606209 9191631 0.002940429326 0.018256813242 0.018492088968 0 
2168 552 0.003576548245 -0.002458815773 0.004340215704 92.176039073873 5983311 0.003576548245 -0.002458815773 0.004340215704 92.176039073873 5983311 0.004369562584 0.006903473463 0.008170129928 0 
2184 552 0.001686855464 -0.000029332481 0.001687110474 50.743222755899 2491022 0.001686855464 -0.000029332481 0.001687110474 50.743222755899 2491022 0.003041316664 0.003592168864 0.004706727547 0 
2200 552 -0.003723443726 0.000931272111 0.003838137689 147.20598836942 357664 -0.003723443726 0.000931272111 0.003838137689 147.20598836942 357664 0.002906689979 0.000986790886 0.003069625854 0 
2216 552 0 0 0 0 0 0 0 0 0 0 0.003965682528 -0.00091266047 0.004069347251 0 
2232 552 0 0 0 0 0 0 0 0 0 0 0.003319530197 -0.001947503556 0.003848642726 0 
2248 552 0 0 0 0 0 0 0 0 0 0 0.000968232985 -0.002117738372 0.002328581312 0 
2264 552 0 0 0 0 0 0 0 0 0 0 -0.000155561716 -0.001652141836 0.001659449334 0 
2280 552 0 0 0 0 0 0 0 0 0 0 -0.000051853905 -0.000550713945 0.000553149778 0 
2296 552 0 0 0 0 0 0 0 0 0 0 0 0 0 0 
2312 552 0 0 0 0 0 0 0 0 0 0 0 0 0 0 
2328 552 0 0 0 0 0 0 0 0 0 0 0 0 0 0 
2344 552 0 0 0 0 0 0 0 0 0 0 0 0 0 0 
2360 552 0 0 0 0 0 0 0 0 0 0 0 0 0 0 
2376 552 0 0 0 0 0 0 0 0 0 0 0 0 0 0 
2392 552 0 0 0 0 0 0 0 0 0 0 0 0 0 0 
2408 552 0 0 0 0 0 0 0 0 0 0 0 0 0 0 
2424 552 0 0 0 0 0 0 0 0 0 0 0 0 0 0 
2440 552 0 0 0 0 0 0 0 0 0 0 0 0 0 0 
2456 552 0 0 0 0 0 0 0 0 0 0 0 0 0 0 
2472 552 0 0 0 0 0 0 0 0 0 0 0 0 0 0 
2488 552 0 0 0 0 0 0 0 0 0 0 0 0 0 0 
2504 552 0 0 0 0 0 0 0 0 0 0 0 0 0 0 
2520 552 0 0 0 0 0 0 0 0 0 0 0 0 0 0 
2536 552 0 0 0 0 0 0 0 0 0 0 0 0 0 0 
24 568 0 0 0 0 0 0 0 0 0 0 0 0 0 0 
40 568 0 0 0 0 0 0 0 0 0 0 0 0 0 0 
56 568 0 0 0 0 0 0 0 0 0 0 0 0 0 0 
72 568 0 0 0 0 0 0 0 0 0 0 0 0 0 0 
88 568 0 0 0 0 0 0 0 0 0 0 0 0 0 0 
104 568 0 0 0 0 0 0 0 0 0 0 0 0 0 0 
120 568 0 0 0 0 0 0 0 0 0 0 0 0 0 0 
136 568 0 0 0 0 0 0 0 0 0 0 0 0 0 0 
152 568 0 0 0 0 0 0 0 0 0 0 0 0 0 0 
168 568 0 0 0 0 0 0 0 0 0 0 0 0 0 0 
184 568 0 0 0 0 0 0 0 0 0 0 0 0 0 0 
200 568 0 0 0 0 0 0 0 0 0 0 0 0 0 0 
216 568 0 0 0 0 0 0 0 0 0 0 0 0 0 0 
232 568 0 0 0 0 0 0 0 0 0 0 0 0 0 0 
248 568 0 0 0 0 0 0 0 0 0 0 0 0 0 0 
264 568 0 0 0 0 0 0 0 0 0 0 0 0 0 0 
280 568 0 0 0 0 0 0 0 0 0 0 0 0 0 0 
296 568 0 0 0 0 0 0 0 0 0 0 0 0 0 0 
312 568 0 0 0 0 0 0 0 0 0 0 0 0 0 0 
328 568 0 0 0 0 0 0 0 0 0 0 0 0 0 0 
344 568 0 0 0 0 0 0 0 0 0 0 0 0 0 0 
360 568 0 0 0 0 0 0 0 0 0 0 0 0 0 0 
376 568 0 0 0 0 0 0 0 0 0 0 0 0 0 0 
392 568 0 0 0 0 0 0 0 0 0 0 0 0 0 0 
408 568 0 0 0 0 0 0 0 0 0 0 0 0 0 0 
424 568 0 0 0 0 0 0 0 0 0 0 0 0 0 0 
440 568 0 0 0 0 0 0 0 0 0 0 0 0 0 0 
456 568 0 0 0 0 0 0 0 0 0 0 0 0 0 0 
472 568 0 0 0 0 0 0 0 0 0 0 0.000032290093 -0.000178035558 0.000180940073 0 
488 568 0 0 0 0 0 0 0 0 0 0 0.00009687028 -0.000534106674 0.00054282022 0 
504 568 0 0 0 0 0 0 0 0 0 0 0.000023678184 -0.001008668498 0.001008946379 0 
520 568 0 0 0 0 0 0 0 0 0 0 -0.000187286196 -0.00160172103 0.001612633367 0 
536 568 0 0.001526663892 0.001526663892 179.314445959724 307636.9375 0 0.001526663892 0.001526663892 179.314445959724 307636.9375 -0.000023104297 -0.00193086974 0.001931007965 0 
552 568 -0.001106677451 0.001650300571 0.001987014584 160.654358862822 2485582.5 15 15 21.213203435596 120.500173883266 230299.078125 0.00051622388 -0.001996114629 0.002061785806 0 
568 568 -0.003813970655 0.001873807669 0.00424941494 124.099487638243 5653965 -16 -14 21.260291625469 56.748628980092 3165257 0.000300936553 -0.002159167223 0.002180038051 0 
584 568 0.002485660752 0.001518022198 0.002912541977 136.865255591212 7153496.5 10 -16 18.867962264113 47.457736585693 6512723.5 -0.000668966279 -0.00242002752 0.002510786546 0 
600 568 0.048005179424 -0.023639650132 0.053510095402 99.79501504537 7157916.5 0.048005179424 -0.023639650132 0.053510095402 99.79501504537 7157916.5 -0.009168637032 -0.012613769909 0.01559394422 0 
616 568 -0.041512959995 -0.005015046346 0.041814788501 45.528608428906 6704069.5 0 -16 16 37.583054543788 6655343.5 -0.025198075706 -0.032740394391 0.041314361233 0 
632 568 -0.036524519814 0.053090073145 0.064440642565 175.670565243316 6400084 14.367039314648 -14.665815828082 20.5304157915 5.554047221081 6366484.5 0.023404894048 -0.029051269053 0.037306370756 0 
648 568 0.066023033178 -0.004049814141 0.066147123177 2.861687935175 6458097 -8 -16 17.888543819998 115.91664745339 6440437 0.136640272228 -0.001546393897 0.136649022421 0 
664 568 0.024290612147 -0.009224764351 0.025983266073 17.236620813705 6447769 -0.062762800326 11.906647869981 11.906813287728 93.860503255247 6437772.5 0.212061508537 -0.013187528517 0.212471161129 0 
680 568 0.062036016301 -0.010873790881 0.062981796152 4.430236198322 6202179.5 0 15 15 104.372152755741 6191448 0.249668602976 -0.063974672913 0.257734689335 0 
696 568 0.007128986998 -0.039550876151 0.040188235342 42.008178968177 6319843.5 0 15 15 127.774055480808 6313526 0.207699292803 -0.160957501159 0.262766652014 0 
712 568 -0.093665535908 0.187410998169 0.209513996791 169.260727674936 6810251.5 0 -16 16 15.816003901089 6803337.5 0.086153578018 -0.304136013257 0.316103074273 0 
728 568 0.012191788287 0.496014466441 0.496164277857 170.818336354917 7073665.5 15 -16 21.931712199461 35.378744276778 7056609.5 0.026490026184 -0.194045675765 0.195845464002 0 
744 568 0.002919151534 0.439262208836 0.439271908455 9.242730318665 7348261.5 0 -16 16 170.376511680439 7330146.5 0.028708637302 0.169313511316 0.171730169073 0 
760 568 0.16186797188 0.171180434532 0.235592829872 50.634805260756 7646204 -14 15 20.518284528683 35.788614214604 7638380.5 -0.062438836894 0.491738135792 0.49568639536 0 
776 568 -0.025302232832 0.101208780588 0.104323632291 3.67609620831 7401957.5 -1 -16 16.031219541881 158.711305869879 7395602 -0.246952396406 0.773228197665 0.811706432002 0 
792 568 -0.112337734203 0.217796391705 0.245061287774 4.99450053275 7209907.5 0 -16 16 157.710158600715 7205455.5 -0.29167137155 0.711527598778 0.768988759868 0 
808 568 -0.372434241745 0.160033206003 0.405361433103 34.081619309633 7581053 -10 -16 18.867962264113 115.329200694144 7556156 -0.196595762327 0.306636339131 0.364246809514 0 
824 568 -0.193023624027 0.052100989358 0.199931569605 26.659621233981 7131537 -0.193023624027 0.052100989358 0.199931569605 26.659621233981 7131537 -0.117784672639 0.105182026324 0.157912911981 0 
840 568 0.112154041113 -0.005461006689 0.112286916121 120.05652052718 5904721 0.112154041113 -0.005461006689 0.112286916121 120.05652052718 5904721 -0.055238102487 0.107164660356 0.120563312809 0 
856 568 0.131558478294 0.055034846824 0.142605987168 81.922510094564 5610787 0.131558478294 0.055034846824 0.142605987168 81.922510094564 5610787 -0.035256281998 0.135123465422 0.139647256786 0 
872 568 0.010082588889 0.180414430853 0.180695947544 20.209287239292 6266745 0.010082588889 0.180414430853 0.180695947544 20.209287239292 6266745 -0.057839211171 0.189058441523 0.197708038936 0 
888 568 0.031355743712 0.478683467618 0.479709333696 16.251583304875 7589965 0.031355743712 0.478683467618 0.479709333696 16.251583304875 7589965 -0.06727618673 0.303367365238 0.310737579948 0 
904 568 -0.065239389848 2.75753691264 2.758308540131 6.219007274932 8501185 -16 -16 22.62741699797 127.425709137406 8484987 -0.063567208673 0.478050236566 0.482258041612 0 
920 568 -0.008602762831 2.453444387902 2.453459470229 6.279676578609 8736292 14 -16 21.260291625469 145.294652637636 8638763 -0.087089121485 0.766681963522 0.771612433979 0 
936 568 -0.178335881837 2.255187440006 2.262227680034 2.202017208435 9335737 -0.178335881837 2.255187440006 2.262227680034 2.202017208435 9335737 -0.137841925166 1.169262546105 1.177359460003 0 
952 568 -0.261811388993 2.204842435693 2.220332265594 2.983994722426 10221369 -0.261811388993 2.204842435693 2.220332265594 2.983994722426 10221369 -0.102210730087 1.543821086558 1.547200885679 0 
968 568 -0.347952186775 2.310577961123 2.336630317082 9.16411927648 10697944 -0.347952186775 2.310577961123 2.336630317082 9.16411927648 10697944 0.019804463752 1.890357584879 1.890461323459 0 
984 568 6.629012534645 2.202634702413 6.985370914758 56.252334187834 10665587 6.629012534645 2.202634702413 6.985370914758 56.252334187834 10665587 0.596228128705 2.169403059482 2.249843909241 0 
1000 568 1.419372713836 3.282575793254 3.576300146693 10.963825365486 10498995 1.419372713836 3.282575793254 3.576300146693 10.963825365486 10498995 1.627060264772 2.380957510368 2.883796763189 0 
1016 568 1.092082653362 3.720191904737 3.877173239597 16.044420752252 10723622 1.092082653362 3.720191904737 3.877173239597 16.044420752252 10723622 1.670779101022 2.632288865424 3.117763216706 0 
1032 568 0.016299668741 4.020015159123 4.020048203539 13.740004471886 11267579 -6.077744290878 -12.310848297067 13.729383141959 167.697217644469 11218745 0.727384637455 2.923397124649 3.012530358222 0 
1048 568 4.784919234975 4.588663138518 6.629576267306 0.586427273035 12065869 -2 -12 12.165525060596 142.676459870442 12056328 5.307074820693 4.986139844812 7.281938869865 0 
1064 568 14.568705713537 7.510136926018 16.390526007886 2.51558584483 12677436 15 23 27.459060435492 27.102062765308 12668528 15.409849650736 8.820517025914 17.755702939132 0 
1080 568 14.924017676787 8.787217674563 17.318819188305 2.285551000478 12683137 14 24 27.7848879789 26.968560380466 12677080 15.289074421442 9.843697886981 18.183899052583 0 
1096 568 2.268953810837 7.682877896163 8.010915313687 15.089244903943 12655777 13 23 26.419689627246 2.066598135333 12651231 4.94474913281 8.055682428013 9.452225312985 0 
1112 568 0.072222318855 8.591970466654 8.592274004197 2.016114695437 12595650 8 -10 12.806248474866 142.874701364097 12594044 -0.17861036004 6.667389209885 6.669781146095 0 
1128 568 0.063293906822 10.118967197841 10.11916514687 1.175604746123 12586748 -15 -11 18.601075237738 125.436612099096 12586003 -0.081004057109 5.678818232597 5.679395934089 0 
1144 568 1.918913585867 11.480304748781 11.639571576089 10.190731591133 12545261 0.740158767625 -8.358167752262 8.390876186445 175.640925795548 12544691 -0.057530225763 4.698201013533 4.698553233756 0 
1160 568 -1.300316737122 -7.929534642277 8.035442941115 169.023903811719 12516934 -3.90552901426 2.95806384362 4.899316134335 51.196170747877 12516646 -0.108188866001 3.725537552695 3.727108113171 0 
1176 568 0.05265679952 2.060733659293 2.061406304705 4.618399437682 12614967 12 17 20.808652046685 38.372263219806 12613779 -0.162460760734 2.947663977384 2.952137602204 0 
1192 568 -0.227084976673 2.792794608812 2.802011654801 0.675241608312 12809208 -5 -14 14.866068747319 155.022382698344 12807546 -0.220345909962 2.364580287602 2.374824679119 0 
1208 568 13.816581593633 9.422165047816 16.72349009991 70.653668274063 13030955 0 -15 15 165.054448620276 13029288 -0.486412239727 1.822240186327 1.886042460715 0 
1224 568 -6.151846111338 -13.818250386794 15.125781114697 119.968695966394 13354876 -7 16 17.464249196573 12.403432789267 13353610 -0.960659750029 1.320643673559 1.633085076729 0 
1240 568 4.916019575212 -13.818637989688 14.667038022516 127.909142907188 13313753 5 16 16.76305461424 89.028041389416 13312084 -3.429791490835 1.136020851854 3.613033773223 0 
1256 568 -23 -13 26.419689627246 38.604113279665 13007660 -23 16 28.017851452244 25.696264880537 13006489 -7.893807462145 1.268371721214 7.995058665988 0 
1272 568 1.015297201404 0.75748999062 1.266735762923 127.385842306252 12637931 4 16 16.492422502471 88.147862314218 12632470 -5.034431147421 1.432991741904 5.234401810187 0 
1288 568 -11 1 11.045361017187 157.23862073834 12293749 11 16 19.416487838948 37.924526658406 12286946 5.148337453337 1.629880913923 5.400175027441 0 
1304 568 9.241461282071 -9.676070023499 13.380244307474 65.917518930276 12260023 2 16 16.124515496597 63.273538507761 12254050 4.959120879526 1.766004456172 5.264185752514 0 
1320 568 2.242611263505 -11.398132887588 11.616657806887 119.326220411293 12329104 9 16 18.357559750686 101.162443396841 12326204 -5.602080868854 1.841362368652 5.896942040911 0 
1336 568 8.257048396426 -14.443164207952 16.636821828666 145.38764062485 12466102 5 16 16.76305461424 81.722662898773 12465731 -4.037013923243 1.936930676057 4.477631277842 0 
1352 568 0 17 17 77.996479859355 12222430 -1 -14 14.035668847618 106.08913692062 12221745 9.654321716357 2.052709378386 9.870133919813 0 
1368 568 12.468552742383 15.974273455432 20.264309016556 38.186717441954 11930955 16 -13 20.615528128088 52.93369411651 11925314 12.282158561313 3.025843463475 12.649393170848 0 
1384 568 2.823819397096 14.423733543829 14.697552358498 27.304230718589 11887405 -5 -12 13 164.238604259929 11870424 3.846496611625 4.856332931324 6.195119508379 0 
1400 568 -1.60229136505 7.480307750186 7.649989650712 2.372117625057 11930201 5 -9 10.295630140987 165.407644231996 11878720 -1.88170054365 7.295823849035 7.534576469326 0 
1416 568 -17.013161708693 10.057620753628 19.763689092625 34.052363499323 12098786 -17.013161708693 10.057620753628 19.763689092625 34.052363499323 12098786 -4.90243290451 10.344316216609 11.447214786682 0 
1432 568 -20.162380339742 10.055803821763 22.530884835403 27.789963159571 12141984 8 10 12.806248474866 74.362535632954 12141797 -7.471860077486 10.397149160318 12.803491854936 0 
1448 568 -0.07144913434 7.46115523641 7.461497332346 51.593310334472 12030885 0 -9 9 127.858033513853 11938309 -9.589982062575 7.454322680161 12.146385576807 0 
1464 568 -5.297351571098 7.829180067164 9.452935744619 16.374507405535 12089664 -17 -10 19.723082923316 70.008111363604 11999931 -8.028939972473 6.628571726168 10.411620441147 0 
1480 568 -4.466673550807 8.142928680193 9.287543275818 9.348210943164 12236694 -12 -9 15 107.471841081077 12159601 -2.788733807178 7.919896298338 8.396534619932 0 
1496 568 0.241823570946 9.405961160333 9.409069241384 3.750853084829 12179235 0 -8 8 177.721874500193 12115922 -0.32066778114 8.060674194322 8.067050036591 0 
1512 568 -0.392084151961 8.664628841598 8.673495428308 2.472509811305 11827831 0 -9 9 174.936559531092 11767900 -0.624741894359 7.05090541412 7.078528773229 0 
1528 568 -1.369918270855 7.83193557984 7.950842156374 3.49709350847 11206459 15 -8 17 124.496879786169 11171188 -0.754039118501 6.696671829251 6.738990175161 0 
1544 568 -1.564740148446 8.006953300708 8.158413625937 5.275923310653 11671471 -2.166905391842 -7.984321446578 8.273141358606 159.034337491166 11629303 -0.708559453565 6.997973439716 7.033753532944 0 
1560 568 -0.21437684495 8.236823962445 8.239613244562 3.330556198135 12261751 -10 -9 13.453624047074 127.165776292846 12164887 -0.609888611823 7.230526536273 7.256202733564 0 
1576 568 -0.210612872433 7.746229101374 7.749091757942 1.987104108072 10931988 -16 -9 18.357559750686 115.813213382863 10742860 -0.458026593275 7.394331118922 7.408503293946 0 
1592 568 -0.466848688744 7.417199243585 7.431876769513 0.575111740694 10137448 -15 -9 17.492855684536 117.937344300481 10004541 -0.396733547029 7.503939272664 7.514419612663 0 
1608 568 -0.045525254761 7.255725088628 7.255867908842 2.866017530469 10637770 14 -9 16.643316977093 125.96073519714 10533312 -0.426009473083 7.559350997499 7.571345426973 0 
1624 568 -1.886096993256 7.235274491236 7.477068866307 12.030063417855 10731652 -1.886096993256 7.235274491236 7.477068866307 12.030063417855 10731652 -0.340795091278 7.561144356135 7.568820599575 0 
1640 568 -0.39725701197 7.42669981277 7.437316938423 1.985468188783 10474802 -0.39725701197 7.42669981277 7.437316938423 1.985468188783 10474802 -0.141090401612 7.509319348574 7.510644684733 0 
1656 568 0.064034986639 7.177123307409 7.177408964889 1.227677687189 10578551 0.064034986639 7.177123307409 7.177408964889 1.227677687189 10578551 -0.092157494514 7.369174409744 7.36975063927 0 
1672 568 0.353664216143 7.051933310461 7.060796116088 4.427266672042 10601936 0.353664216143 7.051933310461 7.060796116088 4.427266672042 10601936 -0.193996369982 7.140709539645 7.143344267299 0 
1688 568 -0.339786113662 7.114097718691 7.122207589935 1.279393749729 10728856 -2 -10 10.198039027186 167.234957581034 10529134 -0.173475528191 6.829228710976 6.831431661497 0 
1704 568 -0.07534684667 7.069521272063 7.069922783416 0.338214440155 10693060 -11 -10 14.866068747319 132.001269048685 10452563 -0.03059496914 6.434731923738 6.43480465768 0 
1720 568 -0.074520368688 6.975893857256 6.976291879863 1.187460845606 10399391 -0.074520368688 6.975893857256 6.976291879863 1.187460845606 10399391 0.060690282873 6.042868323017 6.043173080407 0 
1736 568 -0.055113252965 6.640962233862 6.641190921983 1.492664501175 10511610 12 -11 16.2788205961 131.493268536096 10211712 0.100380227847 5.653637908815 5.654528963064 0 
1752 568 0.139395635811 7.336117687317 7.337441915644 0.311725036064 10647809 -16 -11 19.416487838948 125.285360179937 10400455 0.070557730017 5.203680332722 5.20415866384 0 
1768 568 0.041301576292 8.486769338139 8.48686983634 0.630162931834 10625648 -16 -12 20 126.518567239442 10370692 -0.028777210619 4.692995594738 4.693083824106 0 
1784 568 -0.075956303013 7.886372987492 7.886738759323 0.463128258522 10410522 5 -13 13.928388277184 159.977435038016 10119870 -0.069950536676 3.948437705603 3.949057278973 0 
1800 568 -0.003302441785 6.012219569571 6.012220476567 0.990139177733 10114161 12 -14 18.439088914586 140.420316430112 9812017 -0.052962248154 2.970006665317 2.970478848899 0 
1816 568 -0.066603694872 1.412238017749 1.413807720641 0.775437916139 9787303 -13 -15 19.849433241279 137.16088303385 9387071 -0.065979190874 1.963340154238 1.964448476003 0 
1832 568 -0.094060908699 0.331868719566 0.344941011727 9.128178140516 8658019 -0.094060908699 0.331868719566 0.344941011727 9.128178140516 8658019 -0.109001364837 0.928438172366 0.934814814518 0 
1848 568 -0.123469413874 0.22046521492 0.252684798024 9.14684891589 7375863.5 -0.123469413874 0.22046521492 0.252684798024 9.14684891589 7375863.5 -0.135384694941 0.369881314264 0.393879679935 0 
1864 568 0.156301662999 0.194046125767 0.249166829216 65.62192286899 6682138 0.156301662999 0.194046125767 0.249166829216 65.62192286899 6682138 -0.145129181188 0.287669579932 0.322205317229 0 
1880 568 4.89999816887 0.200665946516 4.904105308516 163.097922828949 6555458.5 4.89999816887 0.200665946516 4.904105308516 163.097922828949 6555458.5 -0.936160841238 0.243101468591 0.967210134716 0 
1896 568 -12.10000366239 0.18671790117 12.101444219781 4.494550762479 6610294.5 -12.10000366239 0.18671790117 12.101444219781 4.494550762479 6610294.5 -2.50847967509 0.236176980241 2.519573346091 0 
1912 568 -2.009805828831 0.181149993106 2.017953118783 0.2899064862 6809915 -2.009805828831 0.181149993106 2.017953118783 0.2899064862 6809915 -2.450892581885 0.233414140412 2.461982251943 0 
1928 568 -0.166685320234 0.115881183807 0.203008484409 17.710088619095 7097187 -0.166685320234 0.115881183807 0.203008484409 17.710088619095 7097187 -0.763399561622 0.234812949103 0.79869644531 0 
1944 568 0.261919988022 0.071008875691 0.271374907743 79.702360569808 7310730.5 0.261919988022 0.071008875691 0.271374907743 79.702360569808 7310730.5 -0.019681373205 0.230939845093 0.231776980097 0 
1960 568 0.35187014814 0.074655638086 0.359702745958 122.754392576814 7468441 0.35187014814 0.074655638086 0.359702745958 122.754392576814 7468441 -0.219738016634 0.221794828383 0.312214256323 0 
1976 568 -0.481139279634 0.108380871261 0.493195113178 59.688742426564 7513880.5 -0.481139279634 0.108380871261 0.493195113178 59.688742426564 7513880.5 -0.203178668015 0.639850871735 0.671335020088 0 
1992 568 -7.596757519356 1.15019037274 7.68333669062 82.547617793418 7710631 -7.596757519356 1.15019037274 7.68333669062 82.547617793418 7710631 0.02999667265 1.48510797515 1.485410885319 0 
2008 568 13.73605880017 1.220177544464 13.79014664903 90.703831801896 7853597 -4 -15 15.52417469626 159.288476569956 7657763.5 -0.195512956096 1.931459251032 1.941329481154 0 
2024 568 -0.001718443883 3.738389657914 3.738390052876 23.940850376314 8455312 5 -15 15.811388300842 174.467761016883 8218437.5 -0.879707554253 1.978904699383 2.165629051858 0 
2040 568 -0.888750795299 2.437638428575 2.594601912551 4.411908963297 8620292 4 -14 14.560219778561 171.50188397685 8152471.5 -0.959393733766 2.110709521211 2.318519143618 0 
2056 568 -2.424723477131 2.283782633134 3.330907842609 36.135737013567 7434438.5 0 -14 14 169.421200639565 6658002.5 -0.434571494637 2.326873716517 2.367106604394 0 
2072 568 -0.223049887786 2.302877522647 2.31365428203 1.402230071615 6036213.5 -0.223049887786 2.302877522647 2.31365428203 1.402230071615 6036213.5 -0.15303849564 2.119428983782 2.124947057797 0 
2088 568 -0.20531140345 1.437391425018 1.451980330825 3.718570007887 3953204 0 -15 15 175.589648502652 3880762 -0.114794736778 1.488375323005 1.492795677152 0 
2104 568 0.064588188606 1.469582097036 1.471000738966 6.790035737301 3121423 -1 -15 15.033296378373 171.912421617242 3088928 -0.077374657137 1.035454218268 1.038341117213 0 
2120 568 0.072490691108 0.20331546501 0.215851983104 22.691945034789 5101614.5 0 -16 16 176.931388195325 4798505.5 -0.040778256717 0.760665669569 0.761757918949 0 
2136 568 0.093476991871 0.076870470763 0.121024862258 53.32595339032 8071537.5 0.093476991871 0.076870470763 0.121024862258 53.32595339032 8071537.5 -0.02352168031 0.488270931613 0.488837163177 0 
2152 568 0.033510649749 0.004283540983 0.033783314964 89.40630125302 10656579 0.033510649749 0.004283540983 0.033783314964 89.40630125302 10656579 -0.025604927916 0.218270004401 0.219766710752 0 
2168 568 -0.000666285375 -0.003566035639 0.003627746736 151.320026342346 10923045 15 -16 21.931712199461 154.944350965037 9676993 -0.021831252806 0.066805670786 0.070282296834 0 
2184 568 0.002283467775 -0.005941956549 0.006365616444 178.784214774832 8492070 0.002283467775 -0.005941956549 0.006365616444 178.784214774832 8492070 -0.01220065498 0.033877930768 0.036007918228 0 
2200 568 0.001294429487 -0.004080782263 0.004281160073 176.156772973381 5366885.5 0.001294429487 -0.004080782263 0.004281160073 176.156772973381 5366885.5 -0.00510102578 0.012988035043 0.013953835254 0 
2216 568 0.002723178783 -0.001223226245 0.002985294815 121.523693880533 2141435 0.002723178783 -0.001223226245 0.002985294815 121.523693880533 2141435 -0.000532365206 0.004135983609 0.004170104691 0 
2232 568 -0.001190488094 -0.000434886834 0.001267433809 115.680954264022 247506.96875 -0.001190488094 -0.000434886834 0.001267433809 115.680954264022 247506.96875 0.001253061748 -0.001220752537 0.00174940004 0 
2248 568 0 0 0 0 0 0 0 0 0 0 0.000255255081 -0.003082173396 0.003092725012 0 
2264 568 0 0 0 0 0 0 0 0 0 0 -0.000193566402 -0.002998065429 0.003004307619 0 
2280 568 0 0 0 0 0 0 0 0 0 0 -0.0000934027 -0.000968428636 0.000972922447 0 
2296 568 0 0 0 0 0 0 0 0 0 0 -0.000032490637 0.000034792321 0.000047604066 0 
2312 568 0 0 0 0 0 0 0 0 0 0 -0.000010830212 0.00001159744 0.000015868022 0 
2328 568 0 0 0 0 0 0 0 0 0 0 0 0 0 0 
2344 568 0 0 0 0 0 0 0 0 0 0 0 0 0 0 
2360 568 0 0 0 0 0 0 0 0 0 0 0 0 0 0 
2376 568 0 0 0 0 0 0 0 0 0 0 0 0 0 0 
2392 568 0 0 0 0 0 0 0 0 0 0 0 0 0 0 
2408 568 0 0 0 0 0 0 0 0 0 0 0 0 0 0 
2424 568 0 0 0 0 0 0 0 0 0 0 0 0 0 0 
2440 568 0 0 0 0 0 0 0 0 0 0 0 0 0 0 
2456 568 0 0 0 0 0 0 0 0 0 0 0 0 0 0 
2472 568 0 0 0 0 0 0 0 0 0 0 0 0 0 0 
2488 568 0 0 0 0 0 0 0 0 0 0 0 0 0 0 
2504 568 0 0 0 0 0 0 0 0 0 0 0 0 0 0 
2520 568 0 0 0 0 0 0 0 0 0 0 0 0 0 0 
2536 568 0 0 0 0 0 0 0 0 0 0 0 0 0 0 
24 584 0 0 0 0 0 0 0 0 0 0 0 0 0 0 
40 584 0 0 0 0 0 0 0 0 0 0 0 0 0 0 
56 584 0 0 0 0 0 0 0 0 0 0 0 0 0 0 
72 584 0 0 0 0 0 0 0 0 0 0 0 0 0 0 
88 584 0 0 0 0 0 0 0 0 0 0 0 0 0 0 
104 584 0 0 0 0 0 0 0 0 0 0 0 0 0 0 
120 584 0 0 0 0 0 0 0 0 0 0 0 0 0 0 
136 584 0 0 0 0 0 0 0 0 0 0 0 0 0 0 
152 584 0 0 0 0 0 0 0 0 0 0 0 0 0 0 
168 584 0 0 0 0 0 0 0 0 0 0 0 0 0 0 
184 584 0 0 0 0 0 0 0 0 0 0 0 0 0 0 
200 584 0 0 0 0 0 0 0 0 0 0 0 0 0 0 
216 584 0 0 0 0 0 0 0 0 0 0 0 0 0 0 
232 584 0 0 0 0 0 0 0 0 0 0 0 0 0 0 
248 584 0 0 0 0 0 0 0 0 0 0 0 0 0 0 
264 584 0 0 0 0 0 0 0 0 0 0 0 0 0 0 
280 584 0 0 0 0 0 0 0 0 0 0 0 0 0 0 
296 584 0 0 0 0 0 0 0 0 0 0 0 0 0 0 
312 584 0 0 0 0 0 0 0 0 0 0 0 0 0 0 
328 584 0 0 0 0 0 0 0 0 0 0 0 0 0 0 
344 584 0 0 0 0 0 0 0 0 0 0 0 0 0 0 
360 584 0 0 0 0 0 0 0 0 0 0 0 0 0 0 
376 584 0 0 0 0 0 0 0 0 0 0 0 0 0 0 
392 584 0 0 0 0 0 0 0 0 0 0 0 0 0 0 
408 584 0 0 0 0 0 0 0 0 0 0 0 0 0 0 
424 584 0 0 0 0 0 0 0 0 0 0 0 0 0 0 
440 584 0 0 0 0 0 0 0 0 0 0 0 0 0 0 
456 584 0 0 0 0 0 0 0 0 0 0 0 0 0 0 
472 584 0 0 0 0 0 0 0 0 0 0 0.00009687028 -0.000534106674 0.00054282022 0 
488 584 0 0 0 0 0 0 0 0 0 0 0.000290610841 -0.001602320023 0.001628460659 0 
504 584 0 0 0 0 0 0 0 0 0 0 0.000016206015 -0.002863242752 0.002863288615 0 
520 584 0 0.000880543163 0.000880543163 170.449046793359 424041.96875 0 0.000880543163 0.000880543163 170.449046793359 424041.96875 -0.000726344199 -0.004316874861 0.004377554621 0 
536 584 0.00009669033 0.001392397777 0.001395750905 177.194123693035 3349611.5 15 15 21.213203435596 141.778210062939 568355.9375 -0.000659818422 -0.005551359639 0.005590434168 0 
552 584 0.000343565122 0.002252135054 0.002278189916 169.444274406016 8134309.5 15 15 21.213203435596 133.117923254237 4972379 0.000215783346 -0.006566697083 0.006570241475 0 
568 584 -0.001557546455 0.004356276608 0.004626348111 166.329469493171 10522792 -0.001557546455 0.004356276608 0.004626348111 166.329469493171 10522792 0.001120912026 -0.010658484022 0.010717262963 0 
584 584 -0.035273483625 0.019900297316 0.040499882472 126.008082152328 10216147 -0.035273483625 0.019900297316 0.040499882472 126.008082152328 10216147 0.002055567618 -0.017826720454 0.017944841052 0 
600 584 -0.000597865165 0.009161260507 0.009180748163 174.822483526578 9510016 -0.000597865165 0.009161260507 0.009180748163 174.822483526578 9510016 -0.001857547084 -0.073705429319 0.073728832842 0 
616 584 -0.050576584388 0.053614303383 0.073705389325 133.261748442877 9040126 -0.050576584388 0.053614303383 0.073705389325 133.261748442877 9040126 -0.010618432082 -0.178294610616 0.178610523975 0 
632 584 0.038495718786 0.056011724857 0.06796494454 139.317690585985 8887299 0.038495718786 0.056011724857 0.06796494454 139.317690585985 8887299 0.021304451766 -0.196674748053 0.197825266806 0 
648 584 0.074103942552 0.020438384438 0.076870812798 69.332264940837 8962519 0.074103942552 0.020438384438 0.076870812798 69.332264940837 8962519 0.093911104458 -0.128845841631 0.159438221409 0 
664 584 0.016670478637 -0.00484822848 0.017361168664 33.901351579998 8919027 0.016670478637 -0.00484822848 0.017361168664 33.901351579998 8919027 0.11345522223 -0.135773819817 0.176936761581 0 
680 584 0.216706959885 -0.047944405601 0.221947229068 57.341598418119 8699428 0.216706959885 -0.047944405601 0.221947229068 57.341598418119 8699428 0.079936805081 -0.217458682611 0.231685501164 0 
696 584 -0.007049895317 -0.175186960622 0.175328754618 8.552886838637 8552079 -0.007049895317 -0.175186960622 0.175328754618 8.552886838637 8552079 0.052421051328 -0.478774705525 0.481635946824 0 
712 584 -0.064459801723 -0.440989054085 0.445675231374 10.240831217011 8537541 -0.064459801723 -0.440989054085 0.445675231374 10.240831217011 8537541 0.030907960972 -0.919721888559 0.920241084905 0 
728 584 0.073894546054 -1.428372668229 1.430282798358 2.659318169913 8470127 0.073894546054 -1.428372668229 1.430282798358 2.659318169913 8470127 0.005595756472 -1.061110086462 1.06112484095 0 
744 584 -0.116475273286 -0.882677818757 0.890329501372 6.025296551772 8472475 -0.116475273286 -0.882677818757 0.890329501372 6.025296551772 8472475 -0.023515562173 -0.902939299233 0.90324545931 0 
760 584 -0.151086823297 -0.476191304681 0.499585214781 3.976452329193 8466917 -0.151086823297 -0.476191304681 0.499585214781 3.976452329193 8466917 -0.173664095522 -0.716373288325 0.737122721329 0 
776 584 -1.552599233192 -1.470651001773 2.138545942439 4.97342840362 8180769.5 4 15 15.52417469626 153.352166177376 8099781 -0.444849843573 -0.50141205374 0.670302492135 0 
792 584 -0.70075027615 -0.658304995396 0.961465764595 11.057680032313 7909254 15 -16 21.931712199461 100.998919163528 7868314.5 -0.471194328129 -0.296192778039 0.556555708463 0 
808 584 -0.329887367938 0.262191539717 0.421390648952 60.207676534124 7358498 0 -16 16 68.269687820291 7311329 -0.252697549189 -0.100715461221 0.272028776962 0 
824 584 -0.312310289642 -0.110609081314 0.331318707418 45.160954498955 6329264.5 15 6 16.155494421404 132.53995200424 6257690 -0.131836489744 0.063331442821 0.14625912511 0 
840 584 0.03888846428 -0.031345617538 0.049948577486 157.869146861337 5745145 0.03888846428 -0.031345617538 0.049948577486 157.869146861337 5745145 -0.108611149793 0.195947934089 0.224035655049 0 
856 584 0.088274130501 0.018654264799 0.090223631665 96.765610960076 5608959.5 0.088274130501 0.018654264799 0.090223631665 96.765610960076 5608959.5 -0.086221793653 0.254761830388 0.268956851416 0 
872 584 0.029000176869 0.010691467136 0.03090821457 84.856542670545 6095727 0.029000176869 0.010691467136 0.03090821457 84.856542670545 6095727 -0.064668421323 0.239773131718 0.248340813018 0 
888 584 0.025366159549 -0.018801362682 0.031574250411 138.416597352989 7697022 0 15 15 11.870805602817 7644768 -0.055119347385 0.262222169246 0.267952623612 0 
904 584 -0.025469761006 0.108856525033 0.111796474756 3.034739002322 8984033 0 15 15 10.134172580692 8978091 -0.057574571839 0.322108942973 0.327214001023 0 
920 584 -0.036167767565 0.135425377738 0.140171824366 4.231166249096 9661998 0 -16 16 169.278289929293 9642210 -0.085307176278 0.450539665757 0.458544768528 0 
936 584 0.001076097534 0.150732047578 0.150735888736 12.466909210651 10312628 0 -16 16 167.942126562157 10274274 -0.138317160702 0.647514337599 0.662122688284 0 
952 584 -0.430495344738 1.136151859355 1.214976250532 14.324999584054 10844691 -0.430495344738 1.136151859355 1.214976250532 14.324999584054 10844691 -0.113032309525 1.003432905249 1.009779133441 0 
968 584 -0.266397858569 1.740403354238 1.760673636564 8.345824087784 11244820 -0.266397858569 1.740403354238 1.760673636564 8.345824087784 11244820 -0.009452622747 1.518295368708 1.518324793552 0 
984 584 0.135921267778 2.255828597442 2.259919744609 2.849497639317 11375984 0.135921267778 2.255828597442 2.259919744609 2.849497639317 11375984 0.221953673273 2.011205999099 2.023416171699 0 
1000 584 0.157113456648 2.28597050981 2.29136330816 9.246397076503 11343842 0.157113456648 2.28597050981 2.29136330816 9.246397076503 11343842 0.581186578535 2.482164796424 2.549297926033 0 
1016 584 0.183001457106 2.350298230918 2.357411993597 8.240799393736 11851122 0.183001457106 2.350298230918 2.357411993597 8.240799393736 11851122 0.631539361939 2.803948766795 2.874190434277 0 
1032 584 0.047313034528 2.787246803585 2.787648339969 6.170382057344 12460259 -3 17 17.262676501632 17.150854450655 12417690 0.373012023485 2.976557910214 2.999839156108 0 
1048 584 0.843968353421 3.474707624063 3.575734281836 13.351951650943 12528234 -10.486916883687 -11.71676724759 15.72444149913 165.174439333315 12519083 1.882123436349 3.69322252706 4.145151536921 0 
1064 584 4.778672540096 3.959125250298 6.205673532584 4.197376520754 12524344 5 -12 13 111.219224645382 12513488 5.15887360053 4.953942617334 7.152309017518 0 
1080 584 4.679896998616 3.766871810354 6.007558501862 7.254187180239 12506594 5 20 20.615528128088 29.878812429342 12500048 5.04983378748 5.24479459602 7.280706808793 0 
1096 584 0.906653373602 3.972403937881 4.074556833025 5.950874113581 12543018 1 19 19.02629759044 15.794929194015 12540134 1.555003997199 4.565778463119 4.823315291952 0 
1112 584 -1.324795849765 4.138879810675 4.345734705521 15.621366728356 12579821 10.133157787898 -12.171499376961 15.837496135368 142.349303518644 12576946 -0.147667476237 3.974535281703 3.977277509684 0 
1128 584 0.082657391238 3.506727023685 3.507701050969 2.310553645352 12592984 -15 -13 19.849433241279 129.95410372976 12589328 -0.058180632827 3.471065051774 3.47155261802 0 
1144 584 0.042357591201 3.054989810035 3.055283441017 1.573094418128 12325532 0 -13 13 179.221263618665 12319392 -0.04160583164 3.060973935697 3.061256683168 0 
1160 584 0 2.28478759192 2.28478759192 2.044026387014 11970086 0 2.28478759192 2.28478759192 2.044026387014 11970086 -0.097943072675 2.744261933473 2.746009177879 0 
1176 584 -0.080619506755 2.036392706406 2.037987919388 0.465165986303 12003810 15 2 15.132745950422 85.137642562588 12002376 -0.123289181273 2.583402482099 2.586342708678 0 
1192 584 -0.185847346361 2.060522015178 2.068886224803 2.541391573682 12278439 -0.185847346361 2.060522015178 2.068886224803 2.541391573682 12278439 -0.117644157432 2.578395581574 2.581078054391 0 
1208 584 0.095717463219 2.082142740887 2.084341676931 6.850400247205 12570314 0.095717463219 2.082142740887 2.084341676931 6.850400247205 12570314 -0.186075103341 2.522811374771 2.529664241902 0 
1224 584 0.090489213284 2.103556854462 2.105502253069 10.205981066047 13120761 -16 2 16.124515496597 75.132190357721 13108208 -0.328582019 2.41664986169 2.438885544099 0 
1240 584 -0.593044539409 2.174420454606 2.25384252758 8.443700668214 13495161 -17 17 24.041630560343 21.30067100927 13478984 -1.144238193472 2.606730307724 2.846809431734 0 
1256 584 -1.715046127225 3.621775568506 4.007323481719 15.067671374833 13432488 -18 6 18.97366596101 31.158075138129 13430251 -2.633043626757 3.093052712874 4.062006133061 0 
1272 584 -0.853585275279 3.372910401367 3.479243078289 11.152556859407 13416160 -17 -13 21.400934559033 102.051079824862 13409882 -1.72328439551 3.636715686974 4.02435213366 0 
1288 584 0.374328960499 4.111064199335 4.128071101825 15.304703406318 13380854 0.374328960499 4.111064199335 4.128071101825 15.304703406318 13380854 1.585039500268 4.237719230024 4.524446318604 0 
1304 584 0.834625723279 4.257328957907 4.338369504064 7.143841471349 12998972 0.834625723279 4.257328957907 4.338369504064 7.143841471349 12998972 1.517389778836 4.605496614165 4.849027820502 0 
1320 584 0.77105867886 4.760713067849 4.822750294244 31.315459723137 12834447 -17 5 17.720045146669 51.494899255449 12831958 -1.926233559808 4.740047839397 5.116486025262 0 
1336 584 -2.067175980465 5.006830487655 5.416785768916 0.03131003324 13055804 -2.067175980465 5.006830487655 5.416785768916 0.03131003324 13055804 -2.05548885163 4.986246412218 5.393300260743 0 
1352 584 -0.656161434105 5.910718783523 5.947028196125 18.269969743406 13219627 -0.656161434105 5.910718783523 5.947028196125 18.269969743406 13219627 1.129623903369 5.344092332627 5.462176582893 0 
1368 584 1.812973434641 11.487204145467 11.629390859127 10.637835866183 13214016 11 -11 15.556349186104 115.393409520597 13198260 2.003337705332 5.623978743456 5.970133907078 0 
1384 584 -0.448910662314 12.911611098998 12.919412600986 7.536872434414 12983108 -6 -11 12.529964086142 156.935156231022 12960552 0.565652554257 5.825905644703 5.853301580571 0 
1400 584 -3.995053885222 5.969448359186 7.182949899506 6.182921496686 12400000 -10 -7 12.206555615734 97.382521227867 12379910 -4.870560255334 9.312761710545 10.509514159952 0 
1416 584 -13.786470717446 4.117271893516 14.388144518601 31.72265775374 12108146 -20.5 19.325140726094 28.172878164705 5.040454033563 12105956 -14.305300723443 16.084546940983 21.525665589821 0 
1432 584 -11.230875237368 19.786109817838 22.751323045504 0.659759152208 12181475 -20.159601568671 4.080006598767 20.568324901497 48.319102940162 12180611 -11.003785509463 18.876363835952 21.849494438213 0 
1448 584 11.564259021628 19.858221837616 22.980014387969 14.32788849325 12307094 5.411594400369 2.997219030741 6.186168108962 45.133949346947 12299191 5.033985386606 17.688212395451 18.390591796327 0 
1464 584 24 22 32.557641192199 17.891997066526 12507680 2 1 2.2360679775 33.837392967449 12498352 9.771533562525 17.202718426237 19.784245990584 0 
1480 584 -9.279030140503 22.517176554794 24.354129841736 32.833173632789 12421336 2.660852501908 5.021974736115 5.683341120071 17.479252621218 12409392 3.208859018294 17.419881928311 17.712963122967 0 
1496 584 0.467283535192 4.931041877548 4.953133139781 6.126081620926 11736062 11.805838673218 20.578303780418 23.724342209158 30.555721188335 11732485 -0.178613279605 14.35863903624 14.359749916927 0 
1512 584 -0.116018235722 4.386718545182 4.388252479708 1.275673866304 11487153 12.870078243902 20.437902851122 24.152573091828 34.989942553045 11463363 -0.390883331174 8.018989750024 8.028510845081 0 
1528 584 -0.073428070394 4.211271591921 4.211911692147 4.340991485247 11208879 8 19 20.615528128088 28.173558265274 11165869 -0.465262090741 4.977678657089 4.99937532361 0 
1544 584 -0.267033498177 4.99540842784 5.002540579554 1.328814707553 10903978 15 -11 18.601075237738 130.642531198379 10832070 -0.401749558308 5.234705757434 5.250099720435 0 
1560 584 -0.000361282088 4.82514119575 4.825141209276 3.633015566637 10873918 -0.000361282088 4.82514119575 4.825141209276 3.633015566637 10873918 -0.341507075209 5.37227932027 5.383122901942 0 
1576 584 -0.02080045209 4.824452715719 4.824497555706 2.774551960871 10341203 0 20 20 3.021579095867 10263637 -0.284534641447 5.390399345597 5.397903766018 0 
1592 584 0.018391856717 4.835083361728 4.83511834139 3.231394591338 9640425 -16 20 25.612496949731 35.646356272234 9558154 -0.285004218106 5.413883894071 5.421380472059 0 
1608 584 -0.27754575667 4.543489567451 4.551958819737 0.109464278027 9384753 7 20 21.189620100417 22.895163875724 9233469 -0.342915805188 5.442732965694 5.453524858777 0 
1624 584 -0.486082263049 4.558546223953 4.584388687968 2.956473085773 9651308 15 20 25 39.999931160463 9498887 -0.296672444341 5.425234584005 5.433340117341 0 
1640 584 -0.202349674423 4.782482731056 4.786761584159 0.859966991275 9783027 -4 20 20.396078054371 9.747126177756 9651708 -0.146274135566 5.361388749004 5.363383767799 0 
1656 584 -0.024852877502 4.7604539482 4.760518822403 0.334771150647 9989538 -1 20 20.024984394501 2.228513010893 9888400 -0.058416991684 5.279936293661 5.280259445334 0 
1672 584 0.157923829436 4.740124604934 4.742754601095 2.274244648046 10176993 0 20 20 0.366062047029 10058970 -0.033101012695 5.180877217976 5.180982959322 0 
1688 584 0.255921831149 4.641434932512 4.648485152865 2.690268945776 10491688 2 20 20.099751242242 5.244853635467 10351448 0.040816639725 5.021196765903 5.021362659677 0 
1704 584 0.217394179263 3.991763962125 3.997679296604 1.168723171153 10461656 0 -12 12 178.05143555399 10248236 0.163335965578 4.800894937443 4.803672640597 0 
1720 584 0.074514269661 3.921294388263 3.922002301861 1.717688684684 9384190 -16 -12 20 129.676216505862 9205934 0.224513474861 4.580158895801 4.585658274575 0 
1736 584 0.315141368238 3.763362086439 3.776533897057 1.84043242386 8952300 0 -12 12 177.053690819444 8911856 0.224349167574 4.358988640978 4.364758243152 0 
1752 584 0.145030459968 3.995126628729 3.997758198528 0.16141859383 9451798 -10 -12 15.620499351813 142.434876954577 9429990 0.162409808865 4.151247020835 4.154422796732 0 
1768 584 0.175280851969 3.995370720023 3.99921374366 1.951726162528 10069992 0.177228780294 -12.097925250885 12.099223339395 178.600419053369 10031892 0.038695398735 3.956934035373 3.957123234647 0 
1784 584 -0.073819005985 3.457682884382 3.458470785563 1.320368163066 10129091 -9.20914140199 -11.753279691268 14.931438941476 142.0172820464 10090334 0.006229070704 3.666864116758 3.666869407559 0 
1800 584 -0.007065857804 3.2241339272 3.224141669788 1.260682687003 10432019 -0.036524210266 -12.124657964033 12.124712976509 179.037480570885 10382044 0.065010824774 3.281037264991 3.281681267521 0 
1816 584 0.115358351022 2.380981892773 2.383774805401 1.411789010922 11431499 0.137299229296 -12.404472472747 12.405232299538 178.003828932223 11390371 0.057897936703 2.435125426203 2.435813624318 0 
1832 584 -0.055304089097 2.676182650702 2.676754027211 0.417199572834 11452644 -0.026036763069 -11.867207067875 11.867235630291 179.107626937327 11419712 -0.01510959351 1.129128600394 1.129229691446 0 
1848 584 -0.031094967952 2.917649631184 2.917815324413 17.881124564869 10650643 11 -16 19.416487838948 163.983210527524 10598752 -0.134543470988 0.402300932169 0.424202764736 0 
1864 584 0.073040730318 1.762000760414 1.76351399994 52.086881806843 10094681 -16 -16 22.62741699797 85.286857780123 10028369 -0.300403695732 0.254642421529 0.393808510893 0 
1880 584 7.723628544377 0.342410388269 7.731214831157 162.985207782572 9964414 7.723628544377 0.342410388269 7.731214831157 162.985207782572 9964414 -0.675145494018 0.174307457406 0.69728367814 0 
1896 584 2.053210358475 0.079660376198 2.054755107473 170.476183224796 10010534 2.053210358475 0.079660376198 2.054755107473 170.476183224796 10010534 -1.258768865846 0.1612960398 1.269060861455 0 
1912 584 -1.422899095825 0.051145111397 1.423817986725 5.70032087859 10031474 -14 15 20.518284528683 39.216042715195 10002807 -1.176208970599 0.160260927027 1.187076706557 0 
1928 584 -0.139875282275 0.09973605897 0.171791664671 13.663882428091 9968561 -0.361305716803 -12.660922515624 12.666076770951 110.191729535448 9956862 -0.427465808278 0.171202119087 0.460474953528 0 
1944 584 -0.047436976875 0.09668889881 0.107698699751 16.305102720791 10232435 0 15 15 9.828136399006 10207264 -0.029645424099 0.171127624591 0.173676466651 0 
1960 584 -0.284870505219 0.060316125129 0.291185919464 84.198000676581 10675180 -0.284870505219 0.060316125129 0.291185919464 84.198000676581 10675180 0.017252181938 0.16003744354 0.160964657974 0 
1976 584 -0.117939574573 1.093528974185 1.09987061086 9.046099698641 10739431 -0.117939574573 1.093528974185 1.09987061086 9.046099698641 10739431 0.071760622335 1.421281383055 1.423091830043 0 
1992 584 -0.16306216826 3.132952281523 3.137192896368 4.918246928034 10622853 -0.16306216826 3.132952281523 3.137192896368 4.918246928034 10622853 0.133879897092 3.954859443134 3.957124845363 0 
2008 584 -0.043184635647 5.019115421717 5.019301199298 1.145863169154 10475440 -0.043184635647 5.019115421717 5.019301199298 1.145863169154 10475440 0.059591448176 5.229266100414 5.229605634237 0 
2024 584 0.014812827746 5.056709892882 5.056731588747 1.818189481335 10534902 13.174661044755 12.762400549752 18.342588733232 47.560970718047 10501050 -0.151104724415 5.244501354896 5.246677720163 0 
2040 584 0.177947309528 6.271570283982 6.274094282994 4.015849340443 10904484 7 -11 13.038404810405 149.91940298609 10848431 -0.213861516285 5.122678466008 5.127140666517 0 
2056 584 0.016661547196 6.283921315349 6.283943403998 1.667407685954 10618068 5 -12 13 158.895625797914 10571384 -0.128678927436 4.86379743375 4.865499331304 0 
2072 584 -0.187721664214 4.36327708256 4.367313398693 1.175221528526 9034630 0 -12 12 178.711699261418 8942450 -0.095856407528 4.262391396403 4.263469111767 0 
2088 584 -0.276442800249 3.448124632582 3.459188359084 2.592145971023 6526191 0 -13 13 178.008436732306 6149196 -0.115393956563 3.318460353965 3.320466064583 0 
2104 584 -0.230017911408 3.099308628447 3.10783239798 1.826134644799 4761698 4 -14 14.560219778561 166.472944604814 4311413.5 -0.10850586447 2.569214625392 2.571504873407 0 
2120 584 0.173758452613 2.411369277524 2.417621515548 6.258931136839 3867585.25 0.173758452613 2.411369277524 2.417621515548 6.258931136839 3867585.25 -0.075192131251 2.014654210685 2.016056905257 0 
2136 584 0.22596925729 1.172661830476 1.194235267397 13.715010070122 3649931 -9 -15 17.492855684536 146.228308689224 3170195.5 -0.066693797129 1.359794173232 1.361428755437 0 
2152 584 -0.050693237451 0.271458932156 0.276151690508 2.760464631223 5275718 13 -16 20.615528128088 148.723463293815 4426729 -0.083010862105 0.604634513033 0.610306232622 0 
2168 584 -0.154921988248 0.229514585081 0.276907506593 11.523356255003 8083804 0 -16 16 157.504067435898 7137566 -0.075306383159 0.181842202662 0.196818794868 0 
2184 584 -0.037066051107 0.05789111767 0.068740625905 7.142253199678 10982704 0 -16 16 154.511962985416 10573188 -0.043580360292 0.09141724212 0.101273688389 0 
2200 584 0.003402327972 0.001914004479 0.003903748042 92.843685339757 11674664 -16 4 16.492422502471 43.759823239622 10230071 -0.022470823701 0.035677630572 0.042164336127 0 
2216 584 0.003784762552 -0.006504656643 0.007525621943 170.872797505091 9406286 0.003784762552 -0.006504656643 0.007525621943 170.872797505091 9406286 -0.011977773388 0.014623368017 0.018902643928 0 
2232 584 0.000081668181 -0.005655346583 0.005655936232 107.559781903998 5693837 0.000081668181 -0.005655346583 0.005655936232 107.559781903998 5693837 -0.005092895282 0.001531085205 0.005318063958 0 
2248 584 0.00119904913 -0.001993780649 0.002326559711 57.798294961573 1923164 0.00119904913 -0.001993780649 0.002326559711 57.798294961573 1923164 -0.001816189384 -0.003599217863 0.004031490184 0 
2264 584 0 0 0 0 132012 0 0 0 0 132012 -0.000165867964 -0.004588484727 0.004591481707 0 
2280 584 0 0 0 0 0 0 0 0 0 0 -0.00014193102 -0.001436715387 0.001443708945 0 
2296 584 0 0 0 0 0 0 0 0 0 0 -0.000097471912 0.000104376962 0.000142812198 0 
2312 584 0 0 0 0 0 0 0 0 0 0 -0.000032490637 0.000034792321 0.000047604066 0 
2328 584 0 0 0 0 0 0 0 0 0 0 0 0 0 0 
2344 584 0 0 0 0 0 0 0 0 0 0 0 0 0 0 
2360 584 0 0 0 0 0 0 0 0 0 0 0 0 0 0 
2376 584 0 0 0 0 0 0 0 0 0 0 0 0 0 0 
2392 584 0 0 0 0 0 0 0 0 0 0 0 0 0 0 
2408 584 0 0 0 0 0 0 0 0 0 0 0 0 0 0 
2424 584 0 0 0 0 0 0 0 0 0 0 0 0 0 0 
2440 584 0 0 0 0 0 0 0 0 0 0 0 0 0 0 
2456 584 0 0 0 0 0 0 0 0 0 0 0 0 0 0 
2472 584 0 0 0 0 0 0 0 0 0 0 0 0 0 0 
2488 584 0 0 0 0 0 0 0 0 0 0 0 0 0 0 
2504 584 0 0 0 0 0 0 0 0 0 0 0 0 0 0 
2520 584 0 0 0 0 0 0 0 0 0 0 0 0 0 0 
2536 584 0 0 0 0 0 0 0 0 0 0 0 0 0 0 
24 600 0 0 0 0 0 0 0 0 0 0 0 0 0 0 
40 600 0 0 0 0 0 0 0 0 0 0 0 0 0 0 
56 600 0 0 0 0 0 0 0 0 0 0 0 0 0 0 
72 600 0 0 0 0 0 0 0 0 0 0 0 0 0 0 
88 600 0 0 0 0 0 0 0 0 0 0 0 0 0 0 
104 600 0 0 0 0 0 0 0 0 0 0 0 0 0 0 
120 600 0 0 0 0 0 0 0 0 0 0 0 0 0 0 
136 600 0 0 0 0 0 0 0 0 0 0 0 0 0 0 
152 600 0 0 0 0 0 0 0 0 0 0 0 0 0 0 
168 600 0 0 0 0 0 0 0 0 0 0 0 0 0 0 
184 600 0 0 0 0 0 0 0 0 0 0 0 0 0 0 
200 600 0 0 0 0 0 0 0 0 0 0 0 0 0 0 
216 600 0 0 0 0 0 0 0 0 0 0 0 0 0 0 
232 600 0 0 0 0 0 0 0 0 0 0 0 0 0 0 
248 600 0 0 0 0 0 0 0 0 0 0 0 0 0 0 
264 600 0 0 0 0 0 0 0 0 0 0 0 0 0 0 
280 600 0 0 0 0 0 0 0 0 0 0 0 0 0 0 
296 600 0 0 0 0 0 0 0 0 0 0 0 0 0 0 
312 600 0 0 0 0 0 0 0 0 0 0 0 0 0 0 
328 600 0 0 0 0 0 0 0 0 0 0 0 0 0 0 
344 600 0 0 0 0 0 0 0 0 0 0 0 0 0 0 
360 600 0 0 0 0 0 0 0 0 0 0 0 0 0 0 
376 600 0 0 0 0 0 0 0 0 0 0 0 0 0 0 
392 600 0 0 0 0 0 0 0 0 0 0 0 0 0 0 
408 600 0 0 0 0 0 0 0 0 0 0 0 0 0 0 
424 600 0 0 0 0 0 0 0 0 0 0 0 0 0 0 
440 600 0 0 0 0 0 0 0 0 0 0 0 0 0 0 
456 600 0 0 0 0 0 0 0 0 0 0 0 0 0 0 
472 600 0 0 0 0 0 0 0 0 0 0 0.000087370078 -0.000534106674 0.000541205571 0 
488 600 0 0 0 0 0 0 0 0 0 0 0.000262110233 -0.001602320023 0.001623616713 0 
504 600 0 0 0 0 0 0 0 0 0 0 -0.000212742881 -0.00294600523 0.002953676751 0 
520 600 0.000847499064 -0.000399291658 0.000936850304 81.09887026753 2723002 0.000847499064 -0.000399291658 0.000936850304 81.09887026753 2723002 -0.001337189263 -0.004565162295 0.004756971927 0 
536 600 -0.001722133366 -0.002672681282 0.00317946042 19.682132722315 7858894 -16 -14 21.260291625469 35.700633406348 5375666 -0.001475127219 -0.006332251829 0.006501800792 0 
552 600 0.000293387256 -0.003545209996 0.003557329054 9.075280984987 10666978 -8.812546829938 -14.293828028427 16.792096394914 27.310505570159 10260986 -0.000626556749 -0.008247273831 0.008271039777 0 
568 600 -0.031364694379 0.020812806575 0.037641957587 113.087109370903 10964794 12 -16 20 47.350019746966 10887810 -0.003965291731 -0.021436301789 0.021799967268 0 
584 600 -0.003678816547 0.013612255803 0.014100609889 150.821040446524 10643873 0 -16 16 14.055625003091 10575323 -0.011491332166 -0.045899335704 0.047315956431 0 
600 600 -0.024268668947 0.014368946359 0.028203455674 115.257736571543 10302423 -0.024268668947 0.014368946359 0.028203455674 115.257736571543 10302423 -0.011247772972 -0.1196328706 0.120160459906 0 
616 600 -0.120374102811 -0.004262787367 0.12044955784 87.208072080715 10329402 -10 -16 18.867962264113 31.241613325994 10306280 -0.003234614149 -0.242636906476 0.242658465983 0 
632 600 0.165515350617 -0.011163743758 0.165891411666 81.1083682803 10655940 1 -16 16.031219541881 1.456633624064 10637258 0.023424471944 -0.265980148349 0.267009635035 0 
648 600 0.169922654329 -0.067836240269 0.182963012514 48.317824998134 10816704 0 -16 16 19.919384302216 10786552 0.068729485306 -0.189662596217 0.201731610201 0 
664 600 0.064040588636 -0.144423688633 0.157985438668 7.617267780635 10680710 0 -16 16 16.296266539418 10644528 0.054710856553 -0.187141804828 0.194975211089 0 
680 600 0.192897258846 -0.350183191225 0.399796973333 32.971804247153 10345193 0 -16 16 4.123777817812 10302951 -0.018631414316 -0.258417774184 0.259088547824 0 
696 600 -0.257470291332 -1.493695125605 1.515722955944 5.218283818063 9869385 0 15 15 175.438236696166 9814043 -0.044256097344 -0.554681876265 0.556444593836 0 
712 600 -0.045824820908 -2.634263346652 2.634661893626 0.183471311174 9274778 0 14 14 178.819929755269 9210895 -0.022163192532 -1.075934111073 1.07616235693 0 
728 600 0.030818104293 -2.454814525037 2.455007964933 2.145002747849 8534761 0.030818104293 -2.454814525037 2.455007964933 2.145002747849 8534761 -0.033242199425 -1.335617612499 1.336031231162 0 
744 600 -0.010234724803 -1.362037138454 1.362075591192 2.894758273613 7677814 -0.010234724803 -1.362037138454 1.362075591192 2.894758273613 7677814 -0.077493118024 -1.333732380544 1.335981753712 0 
760 600 -0.092364462167 -1.207881860655 1.211408181899 9.092169537851 6914276 -0.092364462167 -1.207881860655 1.211408181899 9.092169537851 6914276 -0.29828347324 -1.245795920999 1.281007614023 0 
776 600 -2.43848665914 -1.181299507402 2.709554522978 31.168677902662 6437717 -2.43848665914 -1.181299507402 2.709554522978 31.168677902662 6437717 -0.695613265074 -1.071808233865 1.277752207874 0 
792 600 -0.256645433215 -0.453872419925 0.521408718721 13.586591808014 6802813.5 -0.256645433215 -0.453872419925 0.521408718721 13.586591808014 6802813.5 -0.702692400239 -0.751625908672 1.02894028784 0 
808 600 -0.172436137104 0.538815363851 0.565735112665 114.010412745458 7261070.5 15 -16 21.931712199461 91.395837202347 7190752.5 -0.319520878735 -0.285248945421 0.428322953869 0 
824 600 -1.761197989311 0.804299216433 1.936160010719 10.759531058911 7500105 -1.761197989311 0.804299216433 1.936160010719 10.759531058911 7500105 -0.1346925943 0.033047719342 0.13868758673 0 
840 600 -0.068447749688 0.239295252051 0.248892169606 20.134618046037 8254993 -0.068447749688 0.239295252051 0.248892169606 20.134618046037 8254993 -0.148207546935 0.203264085615 0.251558672022 0 
856 600 -0.246060085048 0.06099287608 0.253506797515 49.151853631728 8662434 -0.246060085048 0.06099287608 0.253506797515 49.151853631728 8662434 -0.138599053152 0.272882065726 0.306062606879 0 
872 600 -0.131624835462 0.022224568372 0.133487934847 56.779764212812 8732068 -0.131624835462 0.022224568372 0.133487934847 56.779764212812 8732068 -0.105867112949 0.241901659676 0.264053514573 0 
888 600 0.000180449687 0.100687108181 0.100687269881 21.295381888564 9284905 0.000180449687 0.100687108181 0.100687269881 21.295381888564 9284905 -0.091071738706 0.234885748806 0.251923354581 0 
904 600 0.007038185071 0.099824743649 0.10007255115 24.544152610065 10034702 0.007038185071 0.099824743649 0.10007255115 24.544152610065 10034702 -0.094212930422 0.251834333119 0.268880284878 0 
920 600 -0.078609368449 0.179940107231 0.196361592473 3.97814775833 10700953 -0.078609368449 0.179940107231 0.196361592473 3.97814775833 10700953 -0.108028550205 0.303033920996 0.321713731341 0 
936 600 -0.028561016485 0.926906296582 0.927346221379 17.070459618399 11211306 -9 -16 18.357559750686 131.806874788517 11189539 -0.132518598056 0.388484512437 0.410464852617 0 
952 600 -0.15427297429 1.622724091108 1.630040989196 4.989248839586 11346605 -16 -16 22.62741699797 124.57994303784 11319312 -0.119798992743 0.65144891506 0.662372619902 0 
968 600 -0.020776644586 1.885765530324 1.88587998142 3.029987279827 11787513 -0.020776644586 1.885765530324 1.88587998142 3.029987279827 11787513 -0.069869734265 1.091927128866 1.094160241701 0 
984 600 0.247377491341 1.83376577409 1.850376323196 8.805582722778 12203214 0.247377491341 1.83376577409 1.850376323196 8.805582722778 12203214 -0.030093222314 1.535598046577 1.535892887763 0 
1000 600 0.0071368907 2.171684991799 2.171696718885 0.201860542384 12201956 15 16 21.931712199461 43.165957662387 12187776 -0.00046945689 1.982461668193 1.982461723778 0 
1016 600 0.060797524555 2.564637762883 2.565358297353 1.956522543375 12388918 0.060797524555 2.564637762883 2.565358297353 1.956522543375 12388918 -0.023924186013 2.290164351746 2.290289310258 0 
1032 600 0.056241777588 2.240758375815 2.241464083212 3.777470229586 12621718 0.056241777588 2.240758375815 2.241464083212 3.777470229586 12621718 -0.100457409683 2.458706097235 2.460757477636 0 
1048 600 -0.001304719178 2.14892829737 2.148928693449 4.850976995176 12549551 -0.001304719178 2.14892829737 2.148928693449 4.850976995176 12549551 -0.214994730221 2.515147856847 2.52432000266 0 
1064 600 -0.177813232401 2.224570572141 2.231665695406 3.929135301318 12479147 -12 -14 18.439088914586 130.899549392265 12469566 -0.367536147626 2.459489630584 2.486799562241 0 
1080 600 0.187481542918 2.35170951616 2.35917082411 14.773946521417 12460710 2.933577205875 -13.270072729344 13.59046376931 177.750161357921 12453383 -0.429251773853 2.38189128167 2.42026097003 0 
1096 600 0.770142237137 2.632939538606 2.743262597598 26.248369331886 12441566 13.078499550364 -12.447448763557 18.055086020572 143.527848578171 12436466 -0.400141608901 2.282352810105 2.317163709575 0 
1112 600 -0.291388813731 3.253717041723 3.266738745043 3.277011867538 12429968 -8.566580883527 -12.167577883155 14.880734510657 136.458024590574 12423806 -0.327213227297 2.217350625494 2.241363935753 0 
1128 600 -0.169922654329 2.586271333277 2.591847433355 1.738204882934 12325863 -16 -13 20.615528128088 123.596621458457 12318198 -0.210466629041 2.186884727836 2.196989079349 0 
1144 600 -0.018043889754 2.237172922074 2.237245687273 3.633479377625 11974794 0.036852647892 -13.299777974862 13.299829032671 176.063173993339 11970591 -0.154814132289 2.162103238134 2.167638767854 0 
1160 600 0.005539772107 2.247882718741 2.247889544948 4.417866457926 11469292 -4.097386269681 -12.64478914535 13.292075337332 157.769064841523 11466224 -0.160255737043 2.143006156388 2.148989829565 0 
1176 600 -0.110156478061 2.439112407017 2.441598612328 1.19679192177 11355182 9 17 19.235384061671 31.679927963314 11347828 -0.144908429622 2.191733323592 2.196518475843 0 
1192 600 -0.113198859495 2.32246544888 2.325222514735 0.092508535249 11473972 -0.113198859495 2.32246544888 2.325222514735 0.092508535249 11473972 -0.108772210027 2.308284739745 2.310846129324 0 
1208 600 -0.101295376181 2.171374600483 2.173736048572 0.648335175028 11375981 -0.101295376181 2.171374600483 2.173736048572 0.648335175028 11375981 -0.083658939843 2.368892321117 2.370369095154 0 
1224 600 0.102822167298 2.117229656704 2.11972493907 4.459206742629 11928123 0.102822167298 2.117229656704 2.11972493907 4.459206742629 11928123 -0.069568619071 2.373556067708 2.374575372422 0 
1240 600 0.00897580503 2.051477062917 2.051496698694 1.343804557496 13128199 0.00897580503 2.051477062917 2.051496698694 1.343804557496 13128199 -0.049948601819 2.617732147799 2.618208635775 0 
1256 600 -0.056206084836 2.840673829796 2.841229827251 0.675390740307 13510744 0 18 18 0.45812598312 13509053 -0.024798888088 3.101420561391 3.101519705478 0 
1272 600 0.111497669437 2.993209758193 2.995285693692 3.023582826607 13534306 -14 -13 19.104973174543 131.98861382416 13532736 -0.05659189229 3.641753162828 3.642192847893 0 
1288 600 0.208919688298 3.86423269278 3.869876191832 5.058336509118 13652334 14 19 23.600847442412 38.348005709282 13647325 -0.145327614424 4.238729952109 4.241220546308 0 
1304 600 0.056468595323 3.945041276741 3.945445396586 2.567806390993 13070793 0.050402389075 -11.356556001168 11.356667847943 178.506545914243 13065794 -0.140634587271 4.608959954459 4.611105068087 0 
1320 600 0.29203828206 4.241632157551 4.251673754907 4.451148190001 12609221 2.368285775877 -11.238010715902 11.48484489956 168.612204068256 12602027 -0.042512810829 4.752443169877 4.752633314489 0 
1336 600 -0.331037637456 5.307695584093 5.318008869005 5.185021173103 13052306 0 -11 11 171.246099854356 13044690 -0.781680310073 5.076360241673 5.136190943724 0 
1352 600 -1.81826996013 6.451417745794 6.702752910458 7.166575512997 13522188 13 -11 17.029386365926 153.142912967425 13515461 -2.358137085001 5.580711169847 6.058477339474 0 
1368 600 -0.853280150693 7.210717655146 7.261028585387 15.973433961858 13748264 -12.5 -8.394264951442 15.057014447592 101.1608426403 13746173 -2.362227573309 5.640961801104 6.115600473348 0 
1384 600 -0.453256822968 5.612272887582 5.630546040328 3.970870076965 13500978 -5 -11 12.083045973595 146.967890600383 13499297 -0.793951774996 5.257112135444 5.316727134775 0 
1400 600 -4.001573687471 4.801766508555 6.250564260843 10.029213867544 13034036 -3.655904881999 20.478363981351 20.802140078822 19.654965554061 13030562 -4.756392042338 8.312840288796 9.577399382267 0 
1416 600 -13.568034346154 3.455596684736 14.001167967922 31.812613142402 12862300 -11.673716939538 17.902309077692 21.372139282198 10.791175820009 12856811 -14.249548375333 14.80814626116 20.550689151288 0 
1432 600 -3.32355380903 4.090628936412 5.270602908295 10.970943982431 13027994 -9.179969805532 17.673595943749 19.915517548218 0.674080409519 13015696 -9.556024414453 17.880149920018 20.273563174044 0 
1448 600 4.106581055715 4.326197619828 5.964896798182 15.498172526887 12871071 2.230074002981 19.30529331247 19.433671293383 21.420614712411 12849952 9.324179840304 17.528851265372 19.854494614013 0 
1464 600 5.254186133992 2.70929542542 5.911577930877 23.398931995549 12726565 6 32 32.557641192199 28.703738802887 12716732 14.099095303041 17.211385762057 22.248961508677 0 
1480 600 3.79609751728 2.130360503024 4.353021046761 44.965894485066 12537759 4 31 31.256999216176 8.380693917189 12526714 4.768721973759 16.927753410073 17.586629716215 0 
1496 600 0.186501968969 3.005524490211 3.01130543879 3.445282411694 12151106 -8.441571304478 19.139023473514 20.917990955355 23.90618466766 12128082 0.024819237644 13.473561528122 13.473584387484 0 
1512 600 -0.030899746445 3.847489585944 3.847613664114 0.649133685002 11793401 -12.377966294281 19.787395362875 23.339988535325 30.918683002768 11782684 -0.132612905304 6.848810116204 6.850093881873 0 
1528 600 0.053416929699 3.266705420902 3.267142126589 3.081031923734 11277972 -9.291958534211 -10.024267629181 13.668446689473 135.026916062497 11252943 -0.137571273674 3.674332366055 3.676906878285 0 
1544 600 0.755637540075 3.330668328346 3.415309591445 12.63822990722 11037400 -16 -10 18.867962264113 122.14962045342 10979219 0.009944132533 3.950128277675 3.950140794435 0 
1560 600 0.054366926846 4.077631989769 4.077994409844 0.09391085628 11495201 -16 -12 20 127.539864181822 11407984 0.047110623004 4.028733825857 4.029009264125 0 
1576 600 -0.020375554656 3.215057987781 3.215122552567 0.018917535096 11472592 -16 -12 20 126.487870747878 11373460 -0.026071802263 3.910149010603 3.910235929454 0 
1592 600 0.033097172762 3.166666513792 3.166839470579 2.03479830059 11233189 -16 -13 20.615528128088 127.657879330338 11038881 -0.096203309993 3.83772141393 3.838927028192 0 
1608 600 -0.276090375679 3.126241351139 3.13840897289 2.593845233259 11394399 -0.276090375679 3.126241351139 3.13840897289 2.593845233259 11394399 -0.163283900187 3.811451035838 3.814947002338 0 
1624 600 -0.231557634574 3.081023167605 3.089712397206 1.972496441208 11939236 9 -13 15.811388300842 147.630396158301 11663312 -0.153489994126 3.779536095881 3.782651487828 0 
1640 600 0.281984505706 3.063426663057 3.076377444558 6.282222083417 11938776 -10 -13 16.401219466857 141.408368886174 11806686 -0.066821591811 3.741976594059 3.742573173048 0 
1656 600 0.180367720431 3.07620726978 3.081490496694 3.292649129891 12220382 0 -13 13 179.937058945193 12108354 0.004086869676 3.720310858653 3.720313103425 0 
1672 600 0.086226119563 2.958837528784 2.96009365822 0.755622130258 12885055 9 -13 15.811388300842 144.391233686195 12749694 0.059235390336 3.714538889664 3.715011170144 0 
1688 600 0.107009606663 2.945957130487 2.947900010276 0.046441323979 13053071 -14 -13 19.104973174543 135.005655023013 12908838 0.132843541131 3.577229658423 3.579695438934 0 
1704 600 0.251023216075 2.972772800132 2.983352271558 0.937537662026 13147520 -16 -13 20.615528128088 132.982970808748 12994236 0.224911322063 3.308383164931 3.316019340835 0 
1720 600 0.099567302941 2.90551646703 2.907221970885 2.667176477518 12131386 1 -13 13.038404810405 170.971453426281 11926930 0.250272836115 3.090463014265 3.100580290049 0 
1736 600 0.169662761159 2.026820142245 2.033908882308 0.69726821101 11062209 0.169662761159 2.026820142245 2.033908882308 0.69726821101 11062209 0.208928083288 2.923469206425 2.930925305241 0 
1752 600 0.011216985137 2.014695003058 2.014726228573 2.527991522412 11214018 0.011216985137 2.014695003058 2.014726228573 2.527991522412 11214018 0.144046989158 2.896567465506 2.900146999259 0 
1768 600 0.360027482396 2.940699792379 2.962656756525 5.921058938168 11435422 0.360027482396 2.940699792379 2.962656756525 5.921058938168 11435422 0.055629553724 3.009757791507 3.010271849981 0 
1784 600 -0.020125497464 3.070561038962 3.070626992919 2.584967573444 11095995 -0.020125497464 3.070561038962 3.070626992919 2.584967573444 11095995 0.11957048687 3.099200434889 3.1015061562 0 
1800 600 0.099061431335 3.105793776515 3.107373191205 4.230886558812 10838200 0.099061431335 3.105793776515 3.107373191205 4.230886558812 10838200 0.335869788594 3.164895395651 3.18266733736 0 
1816 600 0.486569297532 3.199420448568 3.23620779432 1.321897918094 10746552 -11.194817695717 -12.772511110006 16.984139168518 146.091576208575 10638637 0.346968790159 2.699017383756 2.721228064526 0 
1832 600 0.072484453615 3.790255989741 3.790949018884 4.03804468752 10901632 0 -15 15 174.866370448216 10832408 0.152867491567 1.701566399205 1.708419351588 0 
1848 600 0.220085832348 3.596647859853 3.603375306763 2.920366291262 11231824 12 -15 19.209372712299 140.758884836918 11151618 0.011368059114 1.120439907884 1.120497576948 0 
1864 600 -0.108959096207 3.453972478819 3.455690664554 2.83130999362 11067610 12.385051932126 -13.89531703584 18.613687084722 142.927188142064 11019164 -0.077529507201 0.955637909794 0.958777679716 0 
1880 600 -0.065716155938 4.024100006191 4.024636564086 11.791929026841 10737271 3.630736891618 -13.977093740121 14.440962564742 178.166007265325 10708023 -0.188138048892 0.832968467173 0.853951048214 0 
1896 600 0.100046912665 4.595271168275 4.596360135446 24.316188761963 10548779 -5 -16 16.76305461424 139.57701667472 10518372 -0.320457565959 0.752431580021 0.817830260013 0 
1912 600 0.029401753714 4.583671734632 4.583766031768 21.856859024248 10525443 15 -10 18.02775637732 145.179410420839 10496702 -0.302191232454 0.767575787939 0.824919469525 0 
1928 600 0.157613381416 4.447533459851 4.450325365015 10.661079470013 10724705 -15 -16 21.931712199461 128.216151042554 10697104 -0.133339048374 0.878401090927 0.88846371809 0 
1944 600 0.10449618789 4.385448786742 4.386693574256 8.794791682369 11182078 0 -16 16 169.840226510398 11162821 0.17367012322 0.969121431583 0.98455962788 0 
1960 600 0.33730033751 5.389097457924 5.399642851957 27.179058503235 11772752 0 -15 15 149.239505250605 11758363 0.618836282328 1.039736809906 1.209963213573 0 
1976 600 0.104725268804 5.981400986468 5.982317706612 14.999480595831 12171973 -12 -14 18.439088914586 155.401245754176 12134990 0.679713448904 2.370045890991 2.465588752819 0 
1992 600 -0.018770848492 5.368235293992 5.36826811145 4.309087188026 12154724 -0.018770848492 5.368235293992 5.36826811145 4.309087188026 12154724 0.356301622948 4.960048674837 4.972829546975 0 
2008 600 0.067303043095 5.447560809234 5.447976548216 1.048900785777 11473262 0.067303043095 5.447560809234 5.447976548216 1.048900785777 11473262 0.191476331528 6.243019771419 6.245955415456 0 
2024 600 0.05767793525 5.634673798158 5.634968993337 1.119630993019 10456430 0.05767793525 5.634673798158 5.634968993337 1.119630993019 10456430 0.185237574643 6.218959180736 6.221717307201 0 
2040 600 0.00494958863 4.969245470405 4.969247935409 1.417687966112 10007132 -16 -10 18.867962264113 123.480140289968 9880040 0.154463861841 5.999749345682 6.001737356435 0 
2056 600 0.324095041759 4.91475634377 4.925430693323 2.755765791887 9685230 1 -11 11.045361017187 173.788528932575 9584958 0.099155193121 5.585390266257 5.58627032811 0 
2072 600 1.62198689222 3.89240571536 4.216831005803 22.109164487132 9308637 4 19 19.416487838948 11.376061477787 9260341 0.042828263101 4.787026352728 4.787217935485 0 
2088 600 -0.271953266828 3.39208637858 3.402970552192 4.353017990578 8643209 0 -13 13 179.769255692785 8614297 -0.01451692822 3.604657605093 3.604686836767 0 
2104 600 -0.19539794934 2.475075318839 2.482776307389 2.425142796915 7191191.5 0.083024671509 -12.55951756365 12.559791977884 178.289965375599 7099657.5 -0.098826029581 2.709619095499 2.711420702661 0 
2120 600 0.056042414362 2.359730809797 2.360396205495 7.068599080769 5117651.5 15 2 15.132745950422 88.113465651393 4941819.5 -0.210099040981 2.101910823946 2.112385078257 0 
2136 600 -2.118627250717 1.284499207964 2.477603608881 47.170281347423 3217246.5 -16 16 22.62741699797 33.398230252704 3070108 -0.294465668656 1.434299960274 1.464215286786 0 
2152 600 -0.499431768315 3.430244359028 3.466411466322 18.185951300305 3569343.75 10 -16 18.867962264113 174.464428838915 3365090 -0.351925912607 0.706786504483 0.789556211352 0 
2168 600 -0.048550854879 2.2669823016 2.267502136995 36.230214796483 5438266.5 13 -16 20.615528128088 178.363244135634 5009062 -0.291026829487 0.379862076021 0.478530889578 0 
2184 600 -0.104817685712 1.03404850665 1.039347420906 8.056172623734 7278900.5 -0.104817685712 1.03404850665 1.039347420906 8.056172623734 7278900.5 -0.111768419296 0.453526674887 0.46709594773 0 
2200 600 -0.096757326653 0.325635672063 0.339706595727 12.634739397181 9312764 -0.096757326653 0.325635672063 0.339706595727 12.634739397181 9312764 -0.026205154612 0.383039519484 0.383934868975 0 
2216 600 -0.008671480802 0.058617057835 0.05925499176 3.109692715676 11380517 -5 -16 16.76305461424 151.121296389482 10418747 -0.034337035435 0.168400609812 0.1718656376 0 
2232 600 -0.008942733103 -0.000801010966 0.008978535177 61.801074504809 11330714 15 -8 17 151.389802682185 9644650 -0.031126720502 0.047354709216 0.056668696951 0 
2248 600 0.001834514849 -0.004381942649 0.004750459568 162.929293637378 8474566 0.001834514849 -0.004381942649 0.004750459568 162.929293637378 8474566 -0.016574209812 0.019901817696 0.025899551705 0 
2264 600 0.002252780639 -0.00149972382 0.002706324471 178.071712899269 5016485 0.002252780639 -0.00149972382 0.002706324471 178.071712899269 5016485 -0.007346858576 0.005256117949 0.009033443797 0 
2280 600 0.002161882753 0.000664809438 0.002261793232 118.132505350795 1729531.875 0.002161882753 0.000664809438 0.002261793232 118.132505350795 1729531.875 -0.003444666794 0.003417609973 0.004852400154 0 
2296 600 0 0 0 0 66563.9921875 0 0 0 0 66563.9921875 -0.000504911417 0.00205158741 0.002112805349 0 
2312 600 0 0 0 0 0 0 0 0 0 0 0.001472407555 0.001158050259 0.001873249693 0 
2328 600 0 0 0 0 0 0 0 0 0 0 0.002077027846 0.000562993992 0.002151977441 0 
2344 600 0 0 0 0 0 0 0 0 0 0 0.001308949456 0.000266418607 0.001335787241 0 
2360 600 0 0 0 0 0 0 0 0 0 0 0.000809673924 0.000127761383 0.000819691914 0 
2376 600 0 0 0 0 0 0 0 0 0 0 0.000579201251 0.000147022319 0.000597569788 0 
2392 600 0 0 0 0 0 0 0 0 0 0 0.000347973685 0.000117489591 0.000367273045 0 
2408 600 0 0 0 0 0 0 0 0 0 0 0.000115991228 0.000039163197 0.000122424348 0 
2424 600 0 0 0 0 0 0 0 0 0 0 0 0 0 0 
2440 600 0 0 0 0 0 0 0 0 0 0 0 0 0 0 
2456 600 0 0 0 0 0 0 0 0 0 0 0 0 0 0 
2472 600 0 0 0 0 0 0 0 0 0 0 0 0 0 0 
2488 600 0 0 0 0 0 0 0 0 0 0 0 0 0 0 
2504 600 0 0 0 0 0 0 0 0 0 0 0 0 0 0 
2520 600 0 0 0 0 0 0 0 0 0 0 0 0 0 0 
2536 600 0 0 0 0 0 0 0 0 0 0 0 0 0 0 
24 616 0 0 0 0 0 0 0 0 0 0 0 0 0 0 
40 616 0 0 0 0 0 0 0 0 0 0 0 0 0 0 
56 616 0 0 0 0 0 0 0 0 0 0 0 0 0 0 
72 616 0 0 0 0 0 0 0 0 0 0 0 0 0 0 
88 616 0 0 0 0 0 0 0 0 0 0 0 0 0 0 
104 616 0 0 0 0 0 0 0 0 0 0 0 0 0 0 
120 616 0 0 0 0 0 0 0 0 0 0 0 0 0 0 
136 616 0 0 0 0 0 0 0 0 0 0 0 0 0 0 
152 616 0 0 0 0 0 0 0 0 0 0 0 0 0 0 
168 616 0 0 0 0 0 0 0 0 0 0 0 0 0 0 
184 616 0 0 0 0 0 0 0 0 0 0 0 0 0 0 
200 616 0 0 0 0 0 0 0 0 0 0 0 0 0 0 
216 616 0 0 0 0 0 0 0 0 0 0 0 0 0 0 
232 616 0 0 0 0 0 0 0 0 0 0 0 0 0 0 
248 616 0 0 0 0 0 0 0 0 0 0 0 0 0 0 
264 616 0 0 0 0 0 0 0 0 0 0 0 0 0 0 
280 616 0 0 0 0 0 0 0 0 0 0 0 0 0 0 
296 616 0 0 0 0 0 0 0 0 0 0 0 0 0 0 
312 616 0 0 0 0 0 0 0 0 0 0 0 0 0 0 
328 616 0 0 0 0 0 0 0 0 0 0 0 0 0 0 
344 616 0 0 0 0 0 0 0 0 0 0 0 0 0 0 
360 616 0 0 0 0 0 0 0 0 0 0 0 0 0 0 
376 616 0 0 0 0 0 0 0 0 0 0 0 0 0 0 
392 616 0 0 0 0 0 0 0 0 0 0 0 0 0 0 
408 616 0 0 0 0 0 0 0 0 0 0 0 0 0 0 
424 616 0 0 0 0 0 0 0 0 0 0 0 0 0 0 
440 616 0 0 0 0 0 0 0 0 0 0 0 0 0 0 
456 616 0 0 0 0 0 0 0 0 0 0 0 0 0 0 
472 616 0 0 0 0 0 0 0 0 0 0 0.000003789485 -0.000178035558 0.000178075883 0 
488 616 0 0 0 0 0 0 0 0 0 0 0.000011368454 -0.000534106674 0.000534227649 0 
504 616 0 0 0 0 0 0 0 0 0 0 -0.000663168504 -0.001256955932 0.001421172291 0 
520 616 0.000326981734 0.000631994492 0.000711571565 166.635950708406 3939759.75 0.000326981734 0.000631994492 0.000711571565 166.635950708406 3939759.75 -0.00201982139 -0.002346583332 0.003096147894 0 
536 616 -0.009749078942 -0.004552165829 0.010759495989 34.953514333404 8431221 -0.009749078942 -0.004552165829 0.010759495989 34.953514333404 8431221 -0.00246903069 -0.004273546311 0.004935515234 0 
552 616 -0.274465398434 -0.17597662925 0.326035318608 41.388300752988 8818223 -0.274465398434 -0.17597662925 0.326035318608 41.388300752988 8818223 -0.002010796403 -0.007037844871 0.007319464639 0 
568 616 -0.094000289279 -0.185538275426 0.20799160087 3.424498961029 8738676 -0.094000289279 -0.185538275426 0.20799160087 3.424498961029 8738676 -0.014957674717 -0.034492620523 0.037596182034 0 
584 616 0.054689708739 -0.254288125022 0.260102700426 37.629903621415 8806790 0.054689708739 -0.254288125022 0.260102700426 37.629903621415 8806790 -0.041309665633 -0.086637873269 0.09598233983 0 
600 616 0.007920442789 -0.263909505184 0.264028332458 15.662128460059 8635575 0.007920442789 -0.263909505184 0.264028332458 15.662128460059 8635575 -0.037339314697 -0.150396093752 0.154961961261 0 
616 616 -0.227981897067 -0.419366944576 0.477330472098 27.756849856963 8704519 -0.227981897067 -0.419366944576 0.477330472098 27.756849856963 8704519 -0.003046621907 -0.225767281973 0.225787837393 0 
632 616 0.041189037216 -0.371556242038 0.373832285636 0.833578390916 8996664 0.041189037216 -0.371556242038 0.373832285636 0.833578390916 8996664 0.029764954582 -0.236967469941 0.238829508921 0 
648 616 -0.01132970742 -0.178874706107 0.179233151942 21.992761289454 9222937 -0.01132970742 -0.178874706107 0.179233151942 21.992761289454 9222937 0.061095414771 -0.183996657655 0.193874752699 0 
664 616 -0.084828479664 -0.158018172273 0.179347745262 40.316406002806 9434354 -0.084828479664 -0.158018172273 0.179347745262 40.316406002806 9434354 0.035828411506 -0.167291483551 0.171085111976 0 
680 616 0.115326565982 -0.202550963941 0.233081766371 43.496629812559 9196986 0.115326565982 -0.202550963941 0.233081766371 43.496629812559 9196986 -0.046036055213 -0.18685194763 0.192439519623 0 
696 616 -0.192566378046 -0.079746810031 0.208425918887 55.54434382955 8668029 15 0 15 101.95992173894 8664626 -0.082332153213 -0.388679013379 0.397303358775 0 
712 616 0.06420163457 -0.082094891886 0.10421814216 43.427727128473 8127760.5 0 -16 16 5.400834583633 8118841.5 -0.073059882494 -0.772772680797 0.776218630681 0 
728 616 0.025701965729 -1.317121632259 1.317372379096 6.173683909656 7402383.5 0.005533155063 13.083925803037 13.083926973015 174.968459229307 7398007.5 -0.090023841506 -1.017568253877 1.021542678177 0 
744 616 0.011501754391 -1.749973704871 1.750011502275 7.141688275547 6332326 0 -17 17 6.765115477469 6307535.5 -0.133224030249 -1.123065732617 1.130939999299 0 
760 616 -0.092699656688 -1.571754301498 1.574485570156 18.321750815012 5343369.5 -0.092699656688 -1.571754301498 1.574485570156 18.321750815012 5343369.5 -0.43629697005 -1.096529762228 1.180140909183 0 
776 616 -2.563260978497 -0.977342496199 2.743265426232 22.316800072706 4976882.5 -2.563260978497 -0.977342496199 2.743265426232 22.316800072706 4976882.5 -0.99924266091 -0.93796034271 1.370494618697 0 
792 616 -0.201073256174 -0.53511847062 0.57164869627 35.823595849123 5670671 -0.201073256174 -0.53511847062 0.57164869627 35.823595849123 5670671 -0.986165587881 -0.654771793122 1.183743497465 0 
808 616 -0.130797309476 0.279164586451 0.308286883429 96.77593564715 6832903 0 -16 16 58.119509853996 6804377 -0.397065750963 -0.246964113467 0.46760291266 0 
824 616 -0.073416855832 1.364971505674 1.366944492663 80.450444898838 7788590.5 0 -16 16 96.470790023583 7754364.5 -0.126352986307 0.014330855885 0.127163086543 0 
840 616 -0.084924572462 2.018731964205 2.020517489731 51.018884953675 8788326 0 -16 16 126.572200788372 8753080 -0.174027293914 0.129113114933 0.216692629028 0 
856 616 -0.221658228241 2.405468301685 2.415659355239 40.170885598649 9531096 -10 -16 18.867962264113 102.558928186219 9516004 -0.192388060495 0.189484171437 0.270032251863 0 
872 616 0.303003411054 0.409054066187 0.509054315544 79.400166772788 9788656 0.303003411054 0.409054066187 0.509054315544 79.400166772788 9788656 -0.18143528605 0.195444025395 0.266677952007 0 
888 616 -0.213935134131 0.298632346919 0.367354760745 2.733054148632 10235994 0 -16 16 141.64977814577 10229020 -0.175133360692 0.221358103918 0.282260702538 0 
904 616 0.001878272402 0.199962792302 0.199971613516 33.52963712511 10948192 0 -16 16 147.008532578006 10943346 -0.173482284421 0.267226407004 0.318600150045 0 
920 616 -0.059532963161 0.195176363016 0.204053881078 8.628480082263 11501888 0 -16 16 154.408693425342 11497036 -0.155253243267 0.324164729238 0.359425014749 0 
936 616 -0.841130244223 0.163859220086 0.856942198607 61.903326065986 11782874 -7.259484953428 -14.414985403974 16.139762265468 136.196820868234 11776998 -0.120446237229 0.39217307062 0.410252377668 0 
952 616 0.126441634439 0.204374087123 0.240325309543 45.840445703097 11779094 0.126441634439 0.204374087123 0.240325309543 45.840445703097 11779094 -0.122510779741 0.487869115991 0.50301606882 0 
968 616 -0.010384670404 1.391571015573 1.391609763102 14.367782363664 12019849 0 -16 16 165.204652866426 11999749 -0.161446870802 0.611252865353 0.632214486938 0 
984 616 0.189946639533 2.483681553785 2.490934319986 16.526253431271 12187246 2 -16 16.124515496597 174.972108169844 12161630 -0.159912558056 0.742579201915 0.759602460067 0 
1000 616 -0.008785568605 2.313393251214 2.313409933621 7.397995869149 11925941 -2 -16 16.124515496597 165.259396768633 11908168 -0.117907841503 0.881848125676 0.889695664734 0 
1016 616 -0.036929903104 2.423487628107 2.423768986792 14.288373827099 11905634 -14 -15 20.518284528683 121.81353578439 11891668 -0.295611542834 1.090935620275 1.130277272107 0 
1032 616 -0.083513455112 2.657221850959 2.658533893408 25.035391169919 12289251 9 -15 17.492855684536 175.871783147779 12256148 -0.69302366205 1.369841685712 1.535170361906 0 
1048 616 0.151758338659 2.700030183594 2.704291697593 37.351037668304 12575426 0 -15 15 145.865953512804 12538374 -0.984279679015 1.451915834175 1.75409979079 0 
1064 616 -1.021275082111 2.619596407672 2.811634423681 19.871736145611 12647624 -7 -15 16.552945357247 113.812564196448 12618383 -1.169379593732 1.337158065664 1.7763559122 0 
1080 616 -0.913819664303 2.268362869287 2.445513542311 20.512989217888 12595292 -17 -15 22.671568097509 88.968425190787 12573004 -1.148182262556 1.254987943931 1.700975381203 0 
1096 616 -0.65639637512 1.354692402734 1.505339731521 11.520731615866 12461968 13 -15 19.849433241279 176.458177553282 12442873 -0.920687685489 1.205405468973 1.516795358261 0 
1112 616 -0.399153513543 1.193499375504 1.258476971065 8.704311295958 12323552 8 -15 17 179.123802789938 12301311 -0.71724761322 1.395835241258 1.569331118473 0 
1128 616 -0.19324028931 1.204045030319 1.219453256361 7.292583666153 12315214 8 -15 17 168.337889633906 12285163 -0.537862045751 1.826277260783 1.903834082454 0 
1144 616 -0.090042785025 1.942911532785 1.944996896492 8.569424995117 12245303 1 17 17.029386365926 14.589317216894 12203821 -0.397155127712 2.001588920844 2.040610301727 0 
1160 616 0.129461488132 1.392573077233 1.398577867815 14.041997158346 11991040 0.129461488132 1.392573077233 1.398577867815 14.041997158346 11991040 -0.295126859104 1.92177022144 1.944299526045 0 
1176 616 -0.024191410136 1.935566330338 1.935717500944 6.591437619901 11835257 -0.024191410136 1.935566330338 1.935717500944 6.591437619901 11835257 -0.227318505782 1.772656501864 1.787172285112 0 
1192 616 0.030830422101 1.918446897553 1.918694611881 8.025712652876 11841054 0.030830422101 1.918446897553 1.918694611881 8.025712652876 11841054 -0.193730067746 1.554247762117 1.566275022208 0 
1208 616 -0.166996723738 1.838890545772 1.846457783181 2.313167637234 11517819 -0.166996723738 1.838890545772 1.846457783181 2.313167637234 11517819 -0.179163749233 1.360483025366 1.372229467454 0 
1224 616 0.137439020354 1.348304936526 1.355291734711 14.582131201886 11946509 0.137439020354 1.348304936526 1.355291734711 14.582131201886 11946509 -0.183619550242 1.191362291612 1.205429487405 0 
1240 616 0.019433967075 1.215066755774 1.215222160785 8.079669338062 13016968 -11 -15 18.601075237738 136.582812422136 12987958 -0.146922715877 1.169026372078 1.178222790076 0 
1256 616 -0.108303795283 1.23642194338 1.241156289169 1.949254387032 13418565 1.317027464192 -13.883066868079 13.945397341238 177.637576123576 13415205 -0.069073246137 1.293475266765 1.295318253969 0 
1272 616 0.079940858339 1.555223265746 1.557276451742 4.301484448151 13361212 14.121560703695 -13.964087687874 19.859864593263 136.0377357519 13357909 -0.034353637759 1.448104169465 1.448511600937 0 
1288 616 0.081404095902 2.013978390291 2.015622877274 3.814769343095 13207000 0.081404095902 2.013978390291 2.015622877274 3.814769343095 13207000 -0.042763890742 1.632913080179 1.633472949813 0 
1304 616 0.110193855364 2.03329368985 2.036277465117 3.58435321099 12858337 -16 -13 20.615528128088 128.611601813715 12845798 -0.014952218795 1.776394477054 1.776457403642 0 
1320 616 0.341700934317 1.518692996945 1.556659226511 11.183561340814 12719574 0.047100570776 -12.914609362955 12.914695252366 178.294395860083 12710513 0.049081378083 1.878548360092 1.879189432409 0 
1336 616 -0.274308446492 1.948256874491 1.967472991636 2.435895413385 13299418 0 17 17 5.578489005635 13287900 -0.21558829857 2.207272164423 2.217775624881 0 
1352 616 0.325731846984 2.000995767393 2.027334530181 25.567384076143 13784906 13.753250515106 -10.285952004395 17.174187269504 143.1141327692 13783075 -0.808961248755 2.762565890046 2.878574056513 0 
1368 616 12.106649450615 -11.211236827867 16.500387635768 147.628992190058 13842507 0.29640670034 2.694128504345 2.710384719912 21.106486877151 13841231 -0.81453727461 3.076792636421 3.182785556594 0 
1384 616 0 18 18 4.218061235566 13658324 0 -13 13 175.781938764434 13658289 -0.232316376136 3.149952403547 3.158507724106 0 
1400 616 5 19 19.646882704388 34.45519271302 13412503 -0.903953552398 3.211380588871 3.33618004782 3.990546914204 13411052 -1.539195904661 4.296059583787 4.563469292147 0 
1416 616 -3.690745409558 4.457032428967 5.786772826977 3.617614857147 13464335 -18.058323367876 18.558811194306 25.894642608167 8.207320825241 13459719 -4.735175860183 6.515114177139 8.054104740318 0 
1432 616 -2.82808957467 4.28777048176 5.136444913227 10.513592767482 13656932 -13.52699521598 18.932829067995 23.268683161947 12.650684574751 13636027 -3.128576792456 7.408507412518 8.042013107899 0 
1448 616 2.696477937148 3.748760680602 4.617813325152 10.541985565221 13350769 2.586748126117 18.744097920751 18.921746027539 17.328043549294 13316827 3.28060129852 6.976239289925 7.709102380313 0 
1464 616 4.101766854983 3.20144464435 5.20324313707 15.363383174307 12968128 10.095050915023 18.106206409903 20.730286142138 7.522746768082 12926748 4.953745249078 6.654573733627 8.29595947248 0 
1480 616 1.510959462478 3.13328930828 3.478577350963 9.390278677039 12836672 2.172308697088 18.379308279178 18.507239067363 9.613684678622 12798185 1.890855059216 6.443510743624 6.715218801958 0 
1496 616 0.085427397873 2.469983270262 2.47146013435 1.086185641369 12430406 -2.640276189315 19.276291669096 19.456270939415 10.866319231552 12395252 0.289629770607 5.405441669968 5.413195456609 0 
1512 616 0.131017347135 1.805463759545 1.810211294926 1.723309908945 11982647 -1 18 18.02775637732 5.607035923704 11964323 0.15006938325 3.540366512659 3.543545662715 0 
1528 616 -0.019248811084 2.527747224941 2.527820513787 5.134877845982 12050416 -16 -14 21.260291625469 135.88450372209 12037920 0.2290333327 2.786632956149 2.796029238005 0 
1544 616 0.851365628222 3.227716626513 3.338109952351 5.269892437856 12543750 4 -13 13.601470508735 153.390958430394 12512154 0.526521618958 3.144241000438 3.188020778487 0 
1560 616 0.200182730054 3.033589541946 3.040187269629 6.081051726949 12721757 6 -13 14.317821063276 145.368405476424 12703200 0.555964482817 3.199890053035 3.247828945259 0 
1576 616 -0.027805621933 2.067493569168 2.067680538952 6.90341803719 12257122 -1 -14 14.035668847618 177.952720482103 12241279 0.317361924276 2.95358011394 2.97058143811 0 
1592 616 0.083163393566 2.013091794266 2.014808854996 1.132640676715 12302386 0.083163393566 2.013091794266 2.014808854996 1.132640676715 12302386 0.16966917731 2.775451832239 2.780633111867 0 
1608 616 0.110911860212 1.975790725685 1.97890131953 0.787878974893 13049043 0.110911860212 1.975790725685 1.97890131953 0.787878974893 13049043 0.112886241919 2.665505207932 2.667894547603 0 
1624 616 -0.04514354656 1.958465799877 1.958986020645 3.257616535484 13570077 -0.04514354656 1.958465799877 1.958986020645 3.257616535484 13570077 0.088752259366 2.624048891765 2.62554938059 0 
1640 616 0.656072965222 1.999118023009 2.104021056362 16.067645853197 13508918 -15 -14 20.518284528683 135.126283999811 13479142 0.097267229652 2.651082883738 2.65286663261 0 
1656 616 0.27055211649 1.968473493117 1.986979199902 5.795924731401 13709184 0.27055211649 1.968473493117 1.986979199902 5.795924731401 13709184 0.095354089567 2.690298104719 2.691987424683 0 
1672 616 1.181177551837 1.931884702758 2.26436722148 29.707849461722 13959308 1.181177551837 1.931884702758 2.26436722148 29.707849461722 13959308 0.083012839112 2.741694554708 2.742950995329 0 
1688 616 0.33331097902 1.92818942199 1.956785797119 7.454622051949 13959385 0.33331097902 1.92818942199 1.956785797119 7.454622051949 13959385 0.102605176028 2.497327388536 2.499434317537 0 
1704 616 0.313822814142 1.026346186557 1.073252651213 12.499099721794 14161752 12.291786218195 11.049822023521 16.528356699482 43.542927031822 14151980 0.154131100315 1.957196606202 1.963256211352 0 
1720 616 0.180553784372 1.123955959046 1.13836578784 4.115971228886 13913153 15 -15 21.213203435596 129.989869388015 13884350 0.137968366636 1.573780678409 1.579816727955 0 
1736 616 0.267244313824 1.240738866088 1.269193624744 9.854767808129 13849600 0.267244313824 1.240738866088 1.269193624744 9.854767808129 13849600 0.05411697499 1.347079605157 1.348166202518 0 
1752 616 0.10725487569 1.217019964081 1.221736960778 4.420781375584 14293373 0.10725487569 1.217019964081 1.221736960778 4.420781375584 14293373 0.015469270894 1.439641666734 1.439724774719 0 
1768 616 0.078065180091 1.145388516604 1.148045742255 3.217460539733 14287217 0.078065180091 1.145388516604 1.148045742255 3.217460539733 14287217 0.022025254349 1.85146686314 1.851597865935 0 
1784 616 -0.044905524255 2.056608993868 2.05709918569 8.10921108119 14090173 -0.044905524255 2.056608993868 2.05709918569 8.10921108119 14090173 0.270073711819 2.245446659994 2.261630056551 0 
1800 616 0.181398005009 2.070087834191 2.078020422779 11.151245675381 13341410 0.14688678812 -12.773551990322 12.774396509345 163.181990317463 13254946 0.759614643304 2.621581057297 2.729414158075 0 
1816 616 0.702321188071 2.102393230131 2.216599274861 2.25644347909 11673814 0.474608346828 -13.268143076296 13.276628855848 161.735510438945 11621781 0.801233369496 2.755016026899 2.869161588489 0 
1832 616 0.290100163436 2.174448942811 2.193715184275 0.890686371573 11228175 1 -14 14.035668847618 167.424558166154 11191824 0.394929890394 2.645751568798 2.675064668774 0 
1848 616 0.109393624105 2.354075353947 2.356615738099 4.169496374602 11659358 -12 17 20.808652046685 42.047703893489 11582114 0.302349895363 2.524298241408 2.5423408644 0 
1864 616 0.056731526415 2.973430504927 2.973971659871 11.258336162029 11504042 13 17 21.400934559033 25.053979051589 11374571 0.523493384405 2.390656044727 2.447300890309 0 
1880 616 0.105666743886 3.377862285514 3.379514622052 11.515393695299 11404796 0.105666743886 3.377862285514 3.379514622052 11.515393695299 11404796 0.52486149414 2.219084497892 2.280310416767 0 
1896 616 0.098544828818 3.405301025742 3.406726604705 7.012998623369 11270983 0.098544828818 3.405301025742 3.406726604705 7.012998623369 11270983 0.306454224569 2.009583600903 2.032815889542 0 
1912 616 0.16303003711 4.216466284613 4.219616892833 2.546096712379 11220752 0.16303003711 4.216466284613 4.219616892833 2.546096712379 11220752 0.171160632552 2.055358723146 2.06247313751 0 
1928 616 0.145306455194 4.725671177978 4.727904614974 1.129350763548 11531583 0.145306455194 4.725671177978 4.727904614974 1.129350763548 11531583 0.118980718088 2.356409864623 2.359411761725 0 
1944 616 0.65620572997 4.9031774177 4.946893444323 5.050521300205 11869141 1.485496381611 -12.141112447266 12.231652012584 160.351106967951 11840490 0.59026526875 2.624921266067 2.690469241702 0 
1960 616 4.927334732085 4.800571470508 6.879252430713 16.758900019603 11677394 -13.156632784002 -10.997687486535 17.147772924335 158.880072325121 11654289 1.585014284536 2.860892927481 3.270623583461 0 
1976 616 5.790020127329 4.844461150489 7.549379902579 25.147732089621 11796869 -5 -13 13.928388277184 176.104182607176 11757284 1.620679811692 3.486144395545 3.844451300071 0 
1992 616 0.056162196595 4.475936362853 4.476288698982 8.087584337603 12110320 11 -12 16.2788205961 128.683082587588 12036224 0.697261850218 4.500675670261 4.554366649343 0 
2008 616 0.184898778034 4.813652291938 4.817202086875 0.105066946588 11721262 0.184898778034 4.813652291938 4.817202086875 0.105066946588 11721262 0.200141693961 4.972720264046 4.976746278656 0 
2024 616 -0.051845832004 4.817108610635 4.817387607091 2.127722261747 10849776 -0.051845832004 4.817108610635 4.817387607091 2.127722261747 10849776 0.129319342921 4.902278176902 4.90398356606 0 
2040 616 0.045944557158 4.573456384949 4.5736871567 1.182923997317 9758214 0 -12 12 178.241506795222 9353628 0.145582400612 4.741922160232 4.744156406472 0 
2056 616 2.03522076147 4.115017749264 4.590805444002 23.144117716013 8917543 2.03522076147 4.115017749264 4.590805444002 23.144117716013 8917543 0.248930867033 4.491652214037 4.498544896789 0 
2072 616 1.547553261074 3.783837138588 4.088073456681 18.170731999985 8875861 15 -13 19.849433241279 126.84102234749 8636080 0.263015516245 3.693333852756 3.702687147154 0 
2088 616 0.256176966528 4.176085968039 4.183936023726 1.065495338621 9362686 11 -14 17.804493814765 137.266936253224 9274802 0.187836348248 2.346967076391 2.354471692628 0 
2104 616 0.355235370662 3.749061941008 3.765854166864 7.313285872729 8620487 0.286269652855 -14.048773433548 14.051689766762 179.2668540289 8573284 -0.048335152468 1.456667628589 1.457469336605 0 
2120 616 -0.076447474425 1.406380080909 1.408456299756 20.432479324477 6614798.5 0.029691696805 -12.198626058125 12.19866219316 156.595579292085 6575367 -0.445498985905 1.02243550935 1.115277417157 0 
2136 616 -3.908162478462 0.277625320116 3.91801094644 41.136649339792 4820515 15 0 15 134.800038761571 4658968 -0.70683729489 0.711788292738 1.003125881994 0 
2152 616 -4.349936731244 0.474226205687 4.375710234921 26.006183203928 5297957 3 -16 16.2788205961 132.847601780368 5094737.5 -0.832350079424 0.524725978753 0.983943091594 0 
2168 616 -2.698105293965 0.184736665373 2.704422269701 40.732973033321 6427711.5 12 15 19.209372712299 84.009961643249 6263269 -0.668992591791 0.660865290864 0.940369087401 0 
2184 616 -0.431411334936 1.143550383745 1.222220610231 9.717655052436 5745779.5 0 16 16 10.951633240889 5550503 -0.216764831992 1.120206229071 1.140985971884 0 
2200 616 -0.175829669029 1.33100049003 1.342564105349 6.64007298603 5935181 -0.025609421436 -14.026968682727 14.026992060619 179.010074347108 5822342 -0.01630401851 1.055073701781 1.055199666987 0 
2216 616 -0.14609680787 1.250040216975 1.258548696445 1.598405415179 8510179 0.647624181322 -13.910892185206 13.925959157942 174.40095886116 8114928 -0.067610151347 0.465467708995 0.470352336746 0 
2232 616 -0.161718084232 1.145481705407 1.156840990019 21.388207114191 10072461 15 -7 16.552945357247 144.440959405113 9699523 -0.076848413911 0.136250119495 0.156428174518 0 
2248 616 -0.028945940535 0.035296921368 0.045648002492 6.213816783586 10764525 15 -6 16.155494421404 144.941737818948 10230141 -0.044018806202 0.067420933281 0.080518554035 0 
2264 616 -0.001284896674 -0.03716109787 0.03718330478 138.697366000017 10404195 15 -7 16.552945357247 154.339235079193 8544718 -0.021736538239 0.026535742598 0.034301934782 0 
2280 616 -0.00241895896 -0.012510308013 0.012742023741 132.714297817755 8196804 -0.00241895896 -0.012510308013 0.012742023741 132.714297817755 8196804 -0.010001610022 0.013594547445 0.01687731979 0 
2296 616 0.000559177963 0.004363661638 0.004399343461 19.355830845841 4920594 0.000559177963 0.004363661638 0.004399343461 19.355830845841 4920594 -0.001254809154 0.005876423665 0.006008901822 0 
2312 616 0.001107594358 -0.00124176233 0.001663952808 85.166682679266 1524042.875 0.001107594358 -0.00124176233 0.001663952808 85.166682679266 1524042.875 0.004503864364 0.003381371256 0.00563191493 0 
2328 616 0.002465187883 -0.001824597644 0.00306697047 51.672860253225 91271.984375 0.002465187883 -0.001824597644 0.00306697047 51.672860253225 91271.984375 0.006231083538 0.001688981975 0.006455932324 0 
2344 616 0 0 0 0 0 0 0 0 0 0 0.003926848367 0.000799255822 0.004007361722 0 
2360 616 0 0 0 0 0 0 0 0 0 0 0.002429021772 0.00038328415 0.002459075743 0 
2376 616 0 0 0 0 0 0 0 0 0 0 0.001737603752 0.000441066958 0.001792709363 0 
2392 616 0 0 0 0 0 0 0 0 0 0 0.001043921056 0.000352468772 0.001101819135 0 
2408 616 0 0 0 0 0 0 0 0 0 0 0.000347973685 0.000117489591 0.000367273045 0 
2424 616 0 0 0 0 0 0 0 0 0 0 0 0 0 0 
2440 616 0 0 0 0 0 0 0 0 0 0 0 0 0 0 
2456 616 0 0 0 0 0 0 0 0 0 0 0 0 0 0 
2472 616 0 0 0 0 0 0 0 0 0 0 0 0 0 0 
2488 616 0 0 0 0 0 0 0 0 0 0 0 0 0 0 
2504 616 0 0 0 0 0 0 0 0 0 0 0 0 0 0 
2520 616 0 0 0 0 0 0 0 0 0 0 0 0 0 0 
2536 616 0 0 0 0 0 0 0 0 0 0 0 0 0 0 
24 632 0 0 0 0 0 0 0 0 0 0 0 0 0 0 
40 632 0 0 0 0 0 0 0 0 0 0 0 0 0 0 
56 632 0 0 0 0 0 0 0 0 0 0 0 0 0 0 
72 632 0 0 0 0 0 0 0 0 0 0 0 0 0 0 
88 632 0 0 0 0 0 0 0 0 0 0 0 0 0 0 
104 632 0 0 0 0 0 0 0 0 0 0 0 0 0 0 
120 632 0 0 0 0 0 0 0 0 0 0 0 0 0 0 
136 632 0 0 0 0 0 0 0 0 0 0 0 0 0 0 
152 632 0 0 0 0 0 0 0 0 0 0 0 0 0 0 
168 632 0 0 0 0 0 0 0 0 0 0 0 0 0 0 
184 632 0 0 0 0 0 0 0 0 0 0 0 0 0 0 
200 632 0 0 0 0 0 0 0 0 0 0 0 0 0 0 
216 632 0 0 0 0 0 0 0 0 0 0 0 0 0 0 
232 632 0 0 0 0 0 0 0 0 0 0 0 0 0 0 
248 632 0 0 0 0 0 0 0 0 0 0 0 0 0 0 
264 632 0 0 0 0 0 0 0 0 0 0 0 0 0 0 
280 632 0 0 0 0 0 0 0 0 0 0 0 0 0 0 
296 632 0 0 0 0 0 0 0 0 0 0 0 0 0 0 
312 632 0 0 0 0 0 0 0 0 0 0 0 0 0 0 
328 632 0 0 0 0 0 0 0 0 0 0 0 0 0 0 
344 632 0 0 0 0 0 0 0 0 0 0 0 0 0 0 
360 632 0 0 0 0 0 0 0 0 0 0 0 0 0 0 
376 632 0 0 0 0 0 0 0 0 0 0 0 0 0 0 
392 632 0 0 0 0 0 0 0 0 0 0 0 0 0 0 
408 632 0 0 0 0 0 0 0 0 0 0 0 0 0 0 
424 632 0 0 0 0 0 0 0 0 0 0 0 0 0 0 
440 632 0 0 0 0 0 0 0 0 0 0 0 0 0 0 
456 632 0 0 0 0 0 0 0 0 0 0 0 0 0 0 
472 632 0 0 0 0 0 0 0 0 0 0 -0.000041517909 0.000046692002 0.000062481035 0 
488 632 0 0 0 0 0 0 0 0 0 0 -0.000124553726 0.000140076006 0.000187443106 0 
504 632 0 0 0 0 0 0 0 0 0 0 -0.000823307562 -0.000169247457 0.000840523672 0 
520 632 -0.00051387262 0.011641276982 0.011652613219 109.875894099443 3270946 -0.00051387262 0.011641276982 0.011652613219 109.875894099443 3270946 -0.002137779416 -0.000881278386 0.00231230457 0 
536 632 -0.011195514051 -0.001073225035 0.011246837193 68.26460730498 7397244 0 -16 16 152.788848193567 7313178 -0.005474514823 0.010647155947 0.011972144433 0 
552 632 -0.068411576704 -0.11505541343 0.133857730396 131.79141888884 8296167.5 11 -16 19.416487838948 162.964478517701 8275009.5 -0.010833513784 0.034416055542 0.036080879978 0 
568 632 -0.106011692613 -0.14270123625 0.177769856269 85.769802948971 8556915 -0.106011692613 -0.14270123625 0.177769856269 85.769802948971 8556915 -0.049396492961 0.031321594427 0.058489792223 0 
584 632 0.097754477939 -0.141790173381 0.172221924343 125.228439917913 8814152 0.097754477939 -0.141790173381 0.172221924343 125.228439917913 8814152 -0.121163452354 0.0013637726 0.12117112718 0 
600 632 0.096503321173 -0.275633692906 0.292039078999 86.389143563829 8804445 0.096503321173 -0.275633692906 0.292039078999 86.389143563829 8804445 -0.141105757765 -0.059624970625 0.153186069851 0 
616 632 -0.071217101762 -0.43195463655 0.437786116295 26.401428640798 8987098 -0.071217101762 -0.43195463655 0.437786116295 26.401428640798 8987098 -0.109223409196 -0.151644635249 0.186884586085 0 
632 632 -0.047030063512 -0.526596197262 0.528692142787 18.845688175303 9229764 -0.047030063512 -0.526596197262 0.528692142787 18.845688175303 9229764 -0.082005134676 -0.184626855165 0.202019597469 0 
648 632 -0.009593902694 -0.386836686027 0.386955636508 19.131095308946 9353655 -0.009593902694 -0.386836686027 0.386955636508 19.131095308946 9353655 -0.059450934206 -0.158571630374 0.169349861344 0 
664 632 -0.088135100273 -0.108436569259 0.139736485761 20.902307845838 9660398 -0.088135100273 -0.108436569259 0.139736485761 20.902307845838 9660398 -0.047262851613 -0.143740453642 0.151311252575 0 
680 632 0.053764964146 -0.015804413088 0.056039725576 91.585371966055 9632800 0.053764964146 -0.015804413088 0.056039725576 91.585371966055 9632800 -0.045440886899 -0.140133324969 0.147316743682 0 
696 632 -0.125995978081 0.040798850844 0.13243690091 67.171392910134 9172137 -0.125995978081 0.040798850844 0.13243690091 67.171392910134 9172137 -0.229518692346 -0.266171109835 0.351462501338 0 
712 632 0.248072399848 0.127796889872 0.279055479479 166.216543934856 8698522 0.248072399848 0.127796889872 0.279055479479 166.216543934856 8698522 -0.599496267954 -0.521853808239 0.794812665012 0 
728 632 -0.053315764036 -0.039647698171 0.066441784029 7.130340530179 8163538.5 -0.053315764036 -0.039647698171 0.066441784029 7.130340530179 8163538.5 -0.742358646402 -0.711058227661 1.027959222446 0 
744 632 -0.235307450923 0.034652778612 0.23784535212 60.093477970202 7419798 0 -16 16 38.284024852086 7369076 -0.658105827689 -0.833784368102 1.062214504199 0 
760 632 -0.380184802582 0.097835415383 0.392571334432 62.905457430764 6927892.5 0 -16 16 41.525720442044 6869785.5 -0.748432203762 -0.845183899175 1.128931613099 0 
776 632 -1.442959181816 0.087251801543 1.44559471404 39.792839065423 6867933 12 -16 20 90.537364723304 6802403.5 -1.01333777462 -0.745256820882 1.257879634362 0 
792 632 -2.182404230662 0.089285450425 2.184229868322 36.247242533991 6935805.5 3 -16 16.2788205961 66.715163066211 6896927 -0.876631044216 -0.589171386916 1.056221998844 0 
808 632 -0.140727498846 0.0402371402 0.14636685548 64.046800515775 7227936.5 0 -16 16 41.909617407869 7200159.5 -0.338312012549 -0.376927597276 0.506487345768 0 
824 632 0.044692599232 0.039496072157 0.059643676462 159.704655552443 7750743.5 0 -16 16 28.236743696166 7728968.5 -0.107103515513 -0.199439993387 0.226379049379 0 
840 632 -0.105134876558 0.220125314075 0.243943633173 81.687042250996 8491490 0 -16 16 72.783175365149 8478024 -0.183005553111 -0.056708575249 0.191590435503 0 
856 632 -0.124153217464 1.089707327376 1.096757074627 71.368425475558 9238385 0 -16 16 102.131743203645 9229132 -0.233428135991 0.050177940672 0.238760382815 0 
872 632 -0.176270695317 0.341233822279 0.384072752867 37.546069940868 9961225 6 -16 17.088007490635 135.690516766322 9941995 -0.258371264153 0.121219554378 0.285394272023 0 
888 632 -0.272807489336 0.032299059178 0.274712860022 29.43389057554 10738469 -0.272807489336 0.032299059178 0.274712860022 29.43389057554 10738469 -0.259703282534 0.189976609681 0.321771513942 0 
904 632 -0.122068025757 -0.111883841765 0.165585618217 89.713473803845 11276161 15 0 15 132.793951081318 11272154 -0.237424191133 0.25644910658 0.349480172257 0 
920 632 -0.25871816883 -0.010203064623 0.25891927972 53.622893569128 11615316 -2 -16 16.124515496597 134.239474733071 11614062 -0.243945722577 0.305197405532 0.390710854606 0 
936 632 -2.615745051527 -0.127252488852 2.618838553731 53.071913632778 11769750 -7 -16 17.464249196573 116.657368892477 11768818 -0.279267876865 0.336221506536 0.437076021427 0 
952 632 -0.848424460068 -0.054641900824 0.850182216803 46.203262170259 11720985 -8 15 17 19.409237054139 11718310 -0.364571337728 0.33428207832 0.494627908815 0 
968 632 -1.266240634485 0.404782379158 1.329366059029 13.191031085632 11703868 -12 15 19.209372712299 20.421509160764 11697457 -0.499856105166 0.299379120882 0.582652541308 0 
984 632 -1.323578214195 0.502865584281 1.415885971731 7.974788713636 11713798 -16 -14 21.260291625469 69.963943938532 11707998 -0.51125276759 0.280808222553 0.583294651289 0 
1000 632 -0.227022556872 0.249349463956 0.337215652816 12.745771208854 11439469 -6.672708828217 -14.931199582152 16.354380577333 100.857914010757 11431653 -0.398761325 0.278569383331 0.486427276831 0 
1016 632 -0.098863859751 0.183585024438 0.20851264701 26.635156533999 11401331 7.899350711823 -11.044451285573 13.578646687641 160.635157771054 11382698 -0.592301250447 0.415683144392 0.72361125462 0 
1032 632 -1.105296142195 0.182912929241 1.120328836384 22.974454631528 11910912 -1.105296142195 0.182912929241 1.120328836384 22.974454631528 11910912 -1.091872543931 0.692149505736 1.292770896362 0 
1048 632 -1.89889899699 0.155411280215 1.905248032879 23.86881093016 11843552 10 15 18.02775637732 95.142435521752 11726529 -1.43289170628 0.779539800009 1.631214560297 0 
1064 632 -2.114530359636 0.146080435587 2.119570271419 18.812465577755 11652067 -13.148403698157 -13.874048593873 19.114647373019 69.302631306938 11515192 -1.615358737494 0.677854027213 1.751819035462 0 
1080 632 -1.137511793551 0.167391168887 1.149762098822 13.30889639877 11948048 7.167798035884 -14.562610197732 16.231048778631 137.886875621292 11880820 -1.540185273947 0.612297922742 1.657431574539 0 
1096 632 -0.728304891468 0.433212315765 0.847408358153 4.975717705564 11939898 14 -16 21.260291625469 156.955351913579 11893800 -1.207371315638 0.582871486596 1.340703048297 0 
1112 632 -0.395042313419 1.274887517037 1.334689705694 33.702874407201 11811839 -0.395042313419 1.274887517037 1.334689705694 33.702874407201 11811839 -0.997833164255 0.810361242113 1.285440145012 0 
1128 632 -1.131596704359 1.456383112626 1.844332635958 2.699724034705 11825388 6 -15 16.155494421404 166.654245024615 11772004 -0.911570819798 1.294767189294 1.583471955539 0 
1144 632 -0.181357563527 1.282433175547 1.295193196242 21.123339317354 11965000 7 -15 16.552945357247 175.844344537847 11917646 -0.833324790344 1.492738080022 1.709589770018 0 
1160 632 0.011010105881 1.224056357545 1.22410587323 29.035403265839 12037182 -6 -15 16.155494421404 129.678535730911 12009278 -0.763095075895 1.404273914299 1.598217545028 0 
1176 632 -0.07891627678 1.611835480837 1.613766214798 23.813819427323 12012795 -0.07891627678 1.611835480837 1.613766214798 23.813819427323 12012795 -0.610842543476 1.218930930475 1.363422614668 0 
1192 632 -0.127390376897 1.774738519057 1.779304672941 17.795022132303 11816152 -0.127390376897 1.774738519057 1.779304672941 17.795022132303 11816152 -0.376567193087 0.936709128551 1.009567651235 0 
1208 632 -0.244676284025 1.632625279043 1.650857893864 12.322745295377 11494720 7 -16 17.464249196573 177.216667721386 11433198 -0.267637429131 0.702858444931 0.752090278546 0 
1224 632 -0.293589226785 0.289537999595 0.412343166906 16.630222982024 11028468 -16 1 16.031219541881 57.655837418752 10939766 -0.28405325161 0.517378879615 0.59022635897 0 
1240 632 -0.325752111386 0.333681186311 0.466323463028 14.703698465687 11227142 -8 -16 17.888543819998 123.827542796416 10946520 -0.228603871169 0.402294501839 0.462710056216 0 
1256 632 -0.120355417263 1.50176413754 1.506579221703 11.232370874852 11933316 -0.120355417263 1.50176413754 1.506579221703 11.232370874852 11933316 -0.101289287809 0.357605311603 0.371673349477 0 
1272 632 0.068452355471 0.902339654765 0.904932360749 9.568683409318 12069964 0.068452355471 0.902339654765 0.904932360749 9.568683409318 12069964 -0.030147258419 0.329321561099 0.330698575435 0 
1288 632 0.037461194942 0.769653297935 0.770564429589 5.523922745565 11838824 0.037461194942 0.769653297935 0.770564429589 5.523922745565 11838824 -0.015177783 0.317443250326 0.317805887728 0 
1304 632 0.692250787753 1.330938086486 1.500202434075 25.127466829925 11602569 -16 -16 22.62741699797 137.352487404734 11536635 0.014215651352 0.346033341564 0.346325220302 0 
1320 632 0.151621535535 1.32955404694 1.338171533762 1.452935161797 12031762 0.151621535535 1.32955404694 1.338171533762 1.452935161797 12031762 0.058033044637 0.415091834811 0.419128936721 0 
1336 632 -0.066643916607 1.055734096446 1.057835475875 6.422865181522 12954700 -0.066643916607 1.055734096446 1.057835475875 6.422865181522 12954700 0.032681106491 0.665636564257 0.666438362039 0 
1352 632 0.086072245588 1.278102916642 1.280997852063 7.077204576788 13602438 0.086072245588 1.278102916642 1.280997852063 7.077204576788 13602438 -0.061840163086 1.097667529903 1.099408118932 0 
1368 632 0.233931624114 1.15904715633 1.182418840917 13.785284613492 13562881 0.233931624114 1.15904715633 1.182418840917 13.785284613492 13562881 -0.058941719161 1.421417771588 1.422639310452 0 
1384 632 0.24554277246 0.974640559007 1.005094757905 12.69237293828 13235855 0.24554277246 0.974640559007 1.005094757905 12.69237293828 13235855 0.041376438266 1.636887289313 1.637410152515 0 
1400 632 0.026468531672 0.933897568536 0.934272578901 0.455570401853 13000607 0.026468531672 0.933897568536 0.934272578901 0.455570401853 13000607 0.064516680834 1.777242695033 1.778413337543 0 
1416 632 0.221050842479 0.943976603274 0.969512920228 12.853604520889 12853823 0.221050842479 0.943976603274 0.969512920228 12.853604520889 12853823 0.010479008543 1.842483988746 1.842513787847 0 
1432 632 -0.077035084734 0.946893969107 0.95002241711 6.806665609395 12797386 0 -15 15 177.844420978929 12735202 0.0649690859 1.726078214186 1.727300490247 0 
1448 632 -0.031036067742 1.000155301964 1.000636730061 10.848216267245 12524160 0 -15 15 170.929172947409 12458888 0.227986912905 1.428025371351 1.446110125017 0 
1464 632 0.765767668389 1.018196506412 1.274018935346 21.710633135342 12346472 -3 -15 15.297058540778 176.074384247809 12261933 0.338595191439 1.243188350429 1.288473507026 0 
1480 632 0.585060030131 0.993369441459 1.152856489804 11.786060598396 12374252 9 -15 17.492855684536 130.325699378833 12292103 0.396793921501 1.171567151419 1.236937753658 0 
1496 632 0.411522575485 0.944909632914 1.030633322044 3.773089618844 11825032 -1 16 16.031219541881 23.337105621462 11777358 0.464091426762 1.291838026743 1.372671242408 0 
1512 632 0.226272673791 1.006587805143 1.031706514648 5.95284361038 11657164 -1.512094533289 12.066494146376 12.160868014337 25.764573008172 11642205 0.54048770722 1.604000976401 1.692615164162 0 
1528 632 0.227078920154 1.212428310453 1.233510131278 7.848417779513 12305668 0.042561585593 -14.118094998247 14.118159152953 161.370675657177 12294156 0.628204139759 1.882241634172 1.984306934579 0 
1544 632 0.601818826904 1.964819729076 2.054921523606 1.849974677945 12800100 -2 -14 14.142135623731 169.250446693812 12787065 0.727240724378 2.126560000056 2.24747336025 0 
1560 632 0.4001394877 1.89111389735 1.932983026922 5.602192776604 12972009 -12 -14 18.439088914586 156.947863994966 12960630 0.674712734107 2.13353081887 2.237675362655 0 
1576 632 0.052602823138 1.210541632339 1.211683993716 11.401543025912 12582374 0.052602823138 1.210541632339 1.211683993716 11.401543025912 12582374 0.470620168947 1.903154090613 1.960479236319 0 
1592 632 1.704287002409 1.212244882112 2.091442526293 43.550708724755 12322173 1.704287002409 1.212244882112 2.091442526293 43.550708724755 12322173 0.336404897117 1.726570880236 1.759038163111 0 
1608 632 0.262047160203 1.200165821279 1.228440764847 2.68875316561 12730357 0.262047160203 1.200165821279 1.228440764847 2.68875316561 12730357 0.272066918617 1.603781187737 1.626694349393 0 
1624 632 0.101448370096 1.211104510298 1.215346002856 3.302692722024 13165798 0.101448370096 1.211104510298 1.215346002856 3.302692722024 13165798 0.222022720476 1.56179011535 1.577492457292 0 
1640 632 0.127292852689 1.382075887327 1.387925512654 1.375787765402 13237035 0.127292852689 1.382075887327 1.387925512654 1.375787765402 13237035 0.186272302694 1.600597663074 1.611400089918 0 
1656 632 0.25973175743 1.486758206309 1.509274842381 4.610675220336 13188482 0.25973175743 1.486758206309 1.509274842381 4.610675220336 13188482 0.153483350181 1.654905952698 1.662008077916 0 
1672 632 0.481308058299 1.237439854946 1.327748033925 17.152896929586 12873897 0.481308058299 1.237439854946 1.327748033925 17.152896929586 12873897 0.12365586294 1.724714984223 1.72914214258 0 
1688 632 0.938863225877 1.135021042079 1.473002689361 35.569840374102 12763310 0.938863225877 1.135021042079 1.473002689361 35.569840374102 12763310 0.106836536853 1.51758384226 1.521339792385 0 
1704 632 1.142878168277 1.300210940213 1.731103404356 35.622585486672 12789471 1.142878168277 1.300210940213 1.731103404356 35.622585486672 12789471 0.103025371918 1.033512526807 1.038634858998 0 
1720 632 0.485626123076 0.708633075558 0.85906551973 29.28181921518 12768333 0.485626123076 0.708633075558 0.85906551973 29.28181921518 12768333 0.063245277762 0.702965756101 0.70580508599 0 
1736 632 0.12554405121 0.467901900659 0.484451749336 16.381323224142 13159756 0.12554405121 0.467901900659 0.484451749336 16.381323224142 13159756 -0.012503745618 0.525943530141 0.526092140743 0 
1752 632 0.063075918383 0.968223420538 0.97027581829 5.467435611801 13773568 0.063075918383 0.968223420538 0.97027581829 5.467435611801 13773568 -0.019448782577 0.64018410116 0.640479459875 0 
1768 632 0.328111253878 1.799476178984 1.829145022586 8.011139661852 14185576 0.328111253878 1.799476178984 1.829145022586 8.011139661852 14185576 0.042410166883 1.045687469156 1.046547134823 0 
1784 632 0.235411389282 2.20116389903 2.213716565551 5.877236159573 14432251 0.235411389282 2.20116389903 2.213716565551 5.877236159573 14432251 0.309292746276 1.457392244937 1.489850381247 0 
1800 632 0.221319015111 1.907497246249 1.920293688709 15.997098751282 14055431 -16 2 16.124515496597 105.490282489814 14028318 0.781198955601 1.875298428501 2.031505846452 0 
1816 632 0.406832577524 2.009484642913 2.050253954084 7.869281660495 12919319 -16 9 18.357559750686 79.956712365665 12873431 0.818363000355 2.334987836655 2.474244571112 0 
1832 632 1.370302218091 2.050584849609 2.466298115466 25.31459931837 12510329 -16 4 16.492422502471 84.401962446063 12498347 0.420784880536 2.8364604694 2.867502033157 0 
1848 632 0.264238543082 2.163455059646 2.179532014621 0.094221573766 12593316 -16 5 16.76305461424 79.70365912757 12580196 0.366222022652 2.95801606874 2.980600213514 0 
1864 632 0.066192670439 1.928583574714 1.929719169796 11.665529448666 12199973 15 -6 16.155494421404 98.170151122242 12169865 0.654674426703 2.699654634676 2.777900961429 0 
1880 632 0.053524755762 0.811197080861 0.812961009813 12.958862103495 11668781 -16 6 17.088007490635 86.17785962832 11628164 0.737188986626 2.451906462337 2.560330623582 0 
1896 632 -0.045543867246 -0.263882454727 0.267783856415 174.302980231584 11594895 -15 17 22.671568097509 56.912979749219 11541139 0.613765702424 2.214771551723 2.298243103719 0 
1912 632 1.208541990996 0.617846539274 1.357316503286 37.923655782042 12213038 -12 17 20.808652046685 60.216320329115 12166257 1.092343894216 2.342674892766 2.584828976243 0 
1928 632 2.059986474576 2.595108574253 3.313326544064 0.979574307917 12624117 2.059986474576 2.595108574253 3.313326544064 0.979574307917 12624117 2.172923562003 2.835616485466 3.572438615141 0 
1944 632 2.168291528168 3.157042630569 3.829935550679 5.014150333211 12754191 -1 18 18.02775637732 42.675687333955 12748168 2.572483113549 3.121131326862 4.044642150922 0 
1960 632 4.670638059853 3.297871503371 5.717588332408 19.167445848521 12239940 9 -13 15.811388300842 109.697667011898 12200156 2.291022548856 3.199219416955 3.934944624412 0 
1976 632 5.287493738635 3.331328947829 6.249427381348 30.846669715977 11967023 14 -13 19.104973174543 105.938113687145 11935177 1.690388518979 3.32606700764 3.730969724403 0 
1992 632 0.068923131622 3.214682395726 3.215421170463 11.18249902707 12152034 8.119561994876 -12.177172138756 14.635942343612 133.894480017517 12135280 0.770581023919 3.501674098918 3.585459051426 0 
2008 632 0.142367934174 3.160583098252 3.163787943216 1.209134410267 12088844 15 -12 19.209372712299 124.871538534615 12029421 0.236461396198 3.571153309415 3.578973309657 0 
2024 632 -0.098814165247 3.128387704879 3.129947902328 3.235861474728 11740398 -12 18 21.633307652784 35.116769323026 11560307 0.088029635815 3.534504639132 3.535600693069 0 
2040 632 -0.024022341881 3.130226397019 3.130318573165 1.848838202679 11067627 0 18 18 1.409141002059 10759730 0.087387280557 3.552456989719 3.553531651837 0 
2056 632 0.301035124201 3.091471759299 3.106093975485 1.859881887855 10510652 0.301035124201 3.091471759299 3.106093975485 1.859881887855 10510652 0.234534330424 3.625010361176 3.632589499349 0 
2072 632 0.470743436195 3.081612682618 3.117360439281 3.269247924633 10750298 0.470743436195 3.081612682618 3.117360439281 3.269247924633 10750298 0.294783396659 3.109189813293 3.123132809541 0 
2088 632 0.370832406291 2.367517851368 2.396384245087 1.284948737768 11081524 9.520754186237 -12.302662509344 15.556357706532 134.647363338576 10942891 0.268134479263 2.004995346069 2.022845134143 0 
2104 632 0.140497410125 2.207677052919 2.212143189813 2.275731535113 9934322 -0.073329462638 -12.771211180009 12.77142169903 178.963293038391 9904990 0.028103761192 1.178840141065 1.179175092842 0 
2120 632 0.011641832413 0.933262404012 0.933335013275 34.707191668885 8241281.5 11.5 -11.807939323411 16.48264029412 169.749436799984 8164014.5 -0.425308757556 0.630724198281 0.760723703819 0 
2136 632 -11.197011608673 -0.061496082333 11.197180481394 36.597611201032 7702623.5 15 0 15 143.717064774185 7697532 -0.63135280925 0.463485302488 0.783214527042 0 
2152 632 -0.005175170522 0.2137206439 0.213783292188 39.680950983877 7361862.5 -9.928300130787 -15.220142983314 18.172063612026 105.81498227894 7276009 -0.590028393891 0.677123453684 0.898125646625 0 
2168 632 0.914324309648 2.989860002712 3.126539905235 36.983802108869 7840517 -10.360852504626 -12.921233368874 16.562171850199 121.295991656035 7764856 -0.396349197074 1.090160334688 1.159975103763 0 
2184 632 0.806656924458 4.0850290101 4.163911311151 12.863011933937 7417032 -16 16 22.62741699797 43.307284292117 7236124 -0.0503152188 1.702595945502 1.703339242454 0 
2200 632 0.023716700946 3.485217720922 3.485298415363 1.467460205987 6863200 8 -15 17 150.070164477449 6804818 0.054226544473 1.672202927433 1.67308193124 0 
2216 632 -0.052516272593 3.278523349867 3.27894393281 3.816062921379 7527002.5 12 -16 20 147.863866064126 7301830 -0.082723907255 0.998981280482 1.002400540495 0 
2232 632 -0.163579438884 2.000263027516 2.006940560174 9.092581963679 7577197.5 13 -16 20.615528128088 154.673908877524 7285625 -0.146453399121 0.597702759132 0.615383771632 0 
2248 632 -0.029615224367 0.84678475783 0.847302477045 14.297163982073 9126338 2.51402211765 -14.995336841577 15.204618844298 173.217136989129 8800308 -0.136961931126 0.468367363384 0.487982128424 0 
2264 632 -0.088398836521 1.16857930767 1.171918065657 13.796433462492 10972444 -0.088398836521 1.16857930767 1.171918065657 13.796433462492 10972444 -0.101175905245 0.309138478445 0.325273980911 0 
2280 632 -0.058794162019 0.055262493202 0.080688887973 28.730496990351 11452572 14 -16 21.260291625469 156.857127007403 10951170 -0.039095321479 0.120016104315 0.126223252439 0 
2296 632 -0.010816378668 -0.009467083909 0.014374273033 121.687929121427 10578693 15 -15 21.213203435596 144.506253125462 8498956 -0.00325199305 0.019420123834 0.019690522302 0 
2312 632 -0.00166282946 -0.01489861083 0.014991117586 145.527042722387 8286639.5 -0.00166282946 -0.01489861083 0.014991117586 145.527042722387 8286639.5 0.006354080042 0.007350537003 0.009716209519 0 
2328 632 0.000257246959 -0.003632778692 0.003641875482 87.447296181377 5260688 0.000257246959 -0.003632778692 0.003641875482 87.447296181377 5260688 0.009358873358 0.000244711963 0.009362072125 0 
2344 632 -0.000223783776 -0.000438653934 0.000492439288 98.803969347532 1801828.875 -0.000223783776 -0.000438653934 0.000492439288 98.803969347532 1801828.875 0.005762386899 -0.001897351286 0.006066716136 0 
2360 632 0 0 0 0 99845.984375 0 0 0 0 99845.984375 0.003330953523 -0.002400378159 0.004105735826 0 
2376 632 0 0 0 0 0 0 0 0 0 0 0.002064573229 -0.001264368656 0.002420968962 0 
2392 632 0 0 0 0 0 0 0 0 0 0 0.000287003722 -0.000487527544 0.000565733367 0 
2408 632 0 0 0 0 0 0 0 0 0 0 -0.002001754996 -0.000069854822 0.002002973479 0 
2424 632 0 0 0 0 0 0 0 0 0 0 -0.002325562999 -0.000013605597 0.002325602798 0 
2440 632 0 0 0 0 0 0 0 0 0 0 -0.000684420287 -0.000318779869 0.000755017705 0 
2456 632 0 0 0 0 0 0 0 0 0 0 0.000102113301 -0.000353525254 0.000367977216 0 
2472 632 0 0 0 0 0 0 0 0 0 0 0.000034037767 -0.000117841751 0.000122659072 0 
2488 632 0 0 0 0 0 0 0 0 0 0 0 0 0 0 
2504 632 0 0 0 0 0 0 0 0 0 0 0 0 0 0 
2520 632 0 0 0 0 0 0 0 0 0 0 0 0 0 0 
2536 632 0 0 0 0 0 0 0 0 0 0 0 0 0 0 
24 648 0 0 0 0 0 0 0 0 0 0 0 0 0 0 
40 648 0 0 0 0 0 0 0 0 0 0 0 0 0 0 
56 648 0 0 0 0 0 0 0 0 0 0 0 0 0 0 
72 648 0 0 0 0 0 0 0 0 0 0 0 0 0 0 
88 648 0 0 0 0 0 0 0 0 0 0 0 0 0 0 
104 648 0 0 0 0 0 0 0 0 0 0 0 0 0 0 
120 648 0 0 0 0 0 0 0 0 0 0 0 0 0 0 
136 648 0 0 0 0 0 0 0 0 0 0 0 0 0 0 
152 648 0 0 0 0 0 0 0 0 0 0 0 0 0 0 
168 648 0 0 0 0 0 0 0 0 0 0 0 0 0 0 
184 648 0 0 0 0 0 0 0 0 0 0 0 0 0 0 
200 648 0 0 0 0 0 0 0 0 0 0 0 0 0 0 
216 648 0 0 0 0 0 0 0 0 0 0 0 0 0 0 
232 648 0 0 0 0 0 0 0 0 0 0 0 0 0 0 
248 648 0 0 0 0 0 0 0 0 0 0 0 0 0 0 
264 648 0 0 0 0 0 0 0 0 0 0 0 0 0 0 
280 648 0 0 0 0 0 0 0 0 0 0 0 0 0 0 
296 648 0 0 0 0 0 0 0 0 0 0 0 0 0 0 
312 648 0 0 0 0 0 0 0 0 0 0 0 0 0 0 
328 648 0 0 0 0 0 0 0 0 0 0 0 0 0 0 
344 648 0 0 0 0 0 0 0 0 0 0 0 0 0 0 
360 648 0 0 0 0 0 0 0 0 0 0 0 0 0 0 
376 648 0 0 0 0 0 0 0 0 0 0 0 0 0 0 
392 648 0 0 0 0 0 0 0 0 0 0 0 0 0 0 
408 648 0 0 0 0 0 0 0 0 0 0 0 0 0 0 
424 648 0 0 0 0 0 0 0 0 0 0 0 0 0 0 
440 648 0 0 0 0 0 0 0 0 0 0 0 0 0 0 
456 648 0 0 0 0 0 0 0 0 0 0 0 0 0 0 
472 648 0 0 0 0 0 0 0 0 0 0 -0.000048552102 0.000140076006 0.000148251793 0 
488 648 0 0 0 0 0 0 0 0 0 0 -0.000145656307 0.000420228018 0.000444755378 0 
504 648 0 0 0 0 0 0 0 0 0 0 -0.000693160053 0.000317120197 0.000762257226 0 
520 648 0 0 0 0 3809154 0 0 0 0 3809154 -0.00169106334 -0.000169247457 0.001699511671 0 
536 648 -0.002075865071 0 0.002075865071 74.730019948031 8433048 -0.002075865071 0 0.002075865071 74.730019948031 8433048 -0.01049157962 0.038429854948 0.039836252261 0 
552 648 -0.013747140095 -0.011524712211 0.017938864299 116.839639542611 9238041 -16 -16 22.62741699797 121.865349454326 9225361 -0.027094708893 0.11611442741 0.119233734751 0 
568 648 -0.056698985849 -0.092928751331 0.108860129617 117.247512675314 9467266 0 -16 16 148.636296725224 9464066 -0.107281746462 0.176006343061 0.206125219034 0 
584 648 0.040538882276 -0.004514908487 0.040789525307 145.372029763062 9679288 0 -16 16 130.982943980052 9677728 -0.251052692328 0.218105601903 0.332562036177 0 
600 648 -0.051891769805 0.145234084381 0.154226116593 45.007375521094 9783315 -2 -16 16.124515496597 108.205928289597 9776531 -0.322547102179 0.152680498781 0.35685847031 0 
616 648 -0.066009621644 0.096408612674 0.116841305827 59.205580757089 10098898 0 -16 16 86.395525117305 10088612 -0.321764976015 -0.020268966303 0.322402746243 0 
632 648 -0.026711912792 -0.070782208504 0.075654790501 50.067383880077 10318935 -0.092287124455 -15.235546665937 15.23582617134 70.395917861677 10310700 -0.31188579583 -0.108958304021 0.330370491502 0 
648 648 -0.238462708606 -0.074604811103 0.249860643631 3.789122937684 10168232 -0.264058789376 -14.979754787459 14.98208198271 67.82831240922 10159786 -0.292909561623 -0.113387514373 0.314090336855 0 
664 648 -0.025169718576 0.130168224568 0.132579340096 109.965975763734 10165543 -3.130824981241 -15.089122929802 15.410506021992 47.368290952535 10156818 -0.194562932805 -0.116488715099 0.226769388515 0 
680 648 -0.111034031869 0.219748762483 0.246207381786 145.086569300036 10225986 -2.055724101374 -13.948365761337 14.099039293264 0.276950898742 10216439 -0.016845909376 -0.1182619062 0.119455695221 0 
696 648 -0.306899531787 0.167542337217 0.349653767849 49.699911688154 9923767 -3.432182796071 -11.760986708955 12.251558558562 52.662348320329 9913559 -0.485815714745 -0.187158165633 0.520619907088 0 
712 648 -0.879828588304 0.03715536896 0.88061277883 13.827254124486 9601636 -0.879828588304 0.03715536896 0.88061277883 13.827254124486 9601636 -1.601472348911 -0.323177493398 1.633755604908 0 
728 648 -1.244789903508 -1.713271338023 2.11773477602 42.19107615468 8886237 -1.244789903508 -1.713271338023 2.11773477602 42.19107615468 8886237 -1.990246614112 -0.416087533853 2.033275785724 0 
744 648 -4.856979524913 0.027997896575 4.857060220713 16.078253273993 8309681 14 14 19.798989873223 150.74797732104 8274630.5 -1.652138510346 -0.465888286998 1.716570287908 0 
760 648 -1.306656474867 0.144803010386 1.314655489141 28.040343339423 8755367 -17 -16 23.345235059858 21.547638665105 8622967 -1.234689174377 -0.491758331841 1.329016032356 0 
776 648 -0.794106558113 0.197733616035 0.818354329462 47.767234857251 9290369 -0.794106558113 0.197733616035 0.818354329462 47.767234857251 9290369 -0.737898606205 -0.493697668382 0.887824160972 0 
792 648 -1.722215628516 0.169406684874 1.730527461783 61.628165969289 9297117 -1.722215628516 0.169406684874 1.730527461783 61.628165969289 9297117 -0.374088769243 -0.554824690051 0.669158310091 0 
808 648 -0.157692582376 0.039599094203 0.162588556788 92.116343074772 9288869 -0.157692582376 0.039599094203 0.162588556788 92.116343074772 9288869 -0.143259663491 -0.675139396848 0.690171381876 0 
824 648 -0.059712912863 -0.056351823581 0.082104567372 39.449250527249 9390349 -0.059712912863 -0.056351823581 0.082104567372 39.449250527249 9390349 -0.076944181918 -0.608264828476 0.613112150175 0 
840 648 -0.186761934633 0.100088452071 0.211890817323 91.876420667963 9520961 -0.186761934633 0.100088452071 0.211890817323 91.876420667963 9520961 -0.175142324525 -0.354200984933 0.39513690231 0 
856 648 -0.170121776175 0.491972228319 0.520555561075 99.918692612082 9634238 6 -16 17.088007490635 81.562198114835 9621653 -0.261719279638 -0.145036626566 0.299219993283 0 
872 648 -0.240006298718 0.1330197055 0.274403472055 25.727984335531 10115211 0 -16 16 93.268736092629 10103847 -0.33667504726 0.019228246624 0.3372236838 0 
888 648 -0.462001063191 -0.083064599076 0.469408894259 32.397980419114 10536291 -0.462001063191 -0.083064599076 0.469408894259 32.397980419114 10536291 -0.344781504233 0.140741266094 0.372400845384 0 
904 648 -3.020510874578 -0.07833933841 3.021526600146 38.987853750444 10585399 -3.020510874578 -0.07833933841 3.021526600146 38.987853750444 10585399 -0.286038650558 0.219502431845 0.360554333213 0 
920 648 -0.357810342735 -0.003824633443 0.357830782897 33.954143379202 10733510 -0.357810342735 -0.003824633443 0.357830782897 33.954143379202 10733510 -0.374105988135 0.246131949876 0.447812714322 0 
936 648 -0.899987179637 0.019031599535 0.900188383225 18.703617615437 10697342 -0.899987179637 0.019031599535 0.900188383225 18.703617615437 10697342 -0.608983516964 0.220629820187 0.647717871831 0 
952 648 -0.268418740181 0.09958373191 0.286296244721 7.652487040841 10564745 -0.268418740181 0.09958373191 0.286296244721 7.652487040841 10564745 -0.845980666705 0.190687802046 0.867205354162 0 
968 648 -1.775813420022 0.059988585466 1.776826365495 6.26217866481 10679654 9.243507360716 -15.311655218088 17.885446984776 129.31594567754 10634711 -1.085097437358 0.156305895453 1.096297396473 0 
984 648 -2.097422070914 0.159851635004 2.103504668112 3.534039579842 10733878 12.546843954672 -15.429463920328 19.886971868326 137.009443368726 10677351 -1.084113850917 0.15028510849 1.094480906907 0 
1000 648 -0.30336013896 0.254802437017 0.396171245574 28.455673521584 10378418 12 15 19.209372712299 117.087446113216 10328169 -0.843029907382 0.172625441157 0.860522496902 0 
1016 648 -1.33842588831 0.132739082313 1.344992015766 10.47068262951 10129298 15 -14 20.518284528683 153.109434412354 10102788 -0.913993308852 0.264406924096 0.951469805162 0 
1032 648 -1.134332423784 0.045017577291 1.135225365252 15.895283722653 10371486 -1 15 15.033296378373 68.017970525756 10340171 -1.297004055326 0.425629557307 1.365056789876 0 
1048 648 -1.761018779752 0.422245066836 1.810932919549 4.213060788801 9901024 14 -15 20.518284528683 150.721571203269 9809226 -1.560830812014 0.498019754351 1.638357866724 0 
1064 648 -1.746417660546 0.835500387254 1.935984385827 9.798651724113 9701556 14 1 14.035668847618 160.146203951233 9633615 -1.705473578914 0.481577515229 1.772161683241 0 
1080 648 -1.161294726575 0.771506059744 1.39421197893 17.812012544364 10219877 -17 0 17 15.786059940149 10112518 -1.605260808026 0.453821218103 1.668177436541 0 
1096 648 -1.468536325808 1.068655102812 1.816211075009 17.826155231117 10351300 -1.468536325808 1.068655102812 1.816211075009 17.826155231117 10351300 -1.26019249935 0.414750862973 1.326688891095 0 
1112 648 -1.112849696158 1.396630724778 1.785780453368 29.932324264 11116262 14 -15 20.518284528683 154.544545058538 11049647 -1.168969880402 0.460928628061 1.256561093403 0 
1128 648 -1.274349080882 1.187620132284 1.741954981781 19.000724694624 11590650 -2.964204699583 -13.686039055806 14.003362972446 101.761015242949 11577743 -1.331592951181 0.592354513368 1.457403052399 0 
1144 648 -1.164817931065 1.178755482869 1.657185958462 21.864464344817 11537552 4.844115473341 -14.325907493866 15.122733887821 132.158561123376 11531064 -1.463323120187 0.635550715668 1.59538060232 0 
1160 648 -1.797803374007 1.197786727547 2.160275449168 12.990523216943 11319819 10 -16 18.867962264113 142.688401777991 11300513 -1.564160387419 0.590517234963 1.671917558481 0 
1176 648 -1.42544840286 1.628522432991 2.164252403019 26.533015996262 11283467 10.576880234689 -11.49745551897 15.622479921883 154.883224783555 11265684 -1.295480542706 0.530556609424 1.399914337498 0 
1192 648 -0.228518151433 1.778164254712 1.792787957978 47.944810636868 11139343 -0.008222245254 -13.378876492349 13.378879018918 124.696834347781 11134752 -0.657283586048 0.455668839049 0.799784848174 0 
1208 648 -0.241836337584 1.877125324911 1.892639505981 34.054160993818 10735614 -9 -16 18.357559750686 109.246916532792 10722118 -0.349079979538 0.396018579814 0.527908654667 0 
1224 648 -0.56195298905 2.194630515521 2.265434673867 32.164894837455 9556136 15 3 15.297058540778 125.217424696771 9400269 -0.370869723175 0.351605831718 0.511048933534 0 
1240 648 -0.486465373255 1.591382073083 1.664074956817 25.894417535755 9371844 -0.486465373255 1.591382073083 1.664074956817 25.894417535755 9371844 -0.294992067697 0.317536537082 0.433416396074 0 
1256 648 -0.090310279669 2.095111840553 2.097057359978 19.98959500751 10569761 8 -16 17.888543819998 175.89276369224 10563135 -0.121447013102 0.293810695905 0.317921534375 0 
1272 648 0.101459903902 1.607972982033 1.611170761604 12.369223668812 10878392 4 -16 16.492422502471 174.722516666973 10875999 -0.04397275427 0.285405337728 0.288772938348 0 
1288 648 -0.143060298468 0.445241112489 0.467660023145 5.73122969949 10753390 0 -16 16 167.91851286444 10746570 -0.062569291199 0.292320462553 0.298941748553 0 
1304 648 -0.28139485446 0.335432988923 0.437833706074 30.504400824683 10464032 12 -16 20 152.61900079764 10457265 -0.053130976831 0.317876547988 0.322286208919 0 
1320 648 0.065108193454 0.163839441678 0.176302125637 24.148592907004 10900590 0 15 15 2.476203441349 10892594 -0.015657811166 0.362073594033 0.362411995589 0 
1336 648 -0.059058858582 0.144982137889 0.156549573886 17.494432592864 11656285 -16 -15 21.931712199461 128.483167138174 11633054 -0.036872094888 0.451453441177 0.4529566877 0 
1352 648 -0.087323521744 0.207635634073 0.225250869004 11.540180915437 12260096 5.833264264804 -13.774470593985 14.958710242785 168.317691822549 12205314 -0.116773827995 0.586016089419 0.597537433106 0 
1368 648 -0.175343372141 0.298651469954 0.346320658724 22.36807919049 12417441 -0.175343372141 0.298651469954 0.346320658724 22.36807919049 12417441 -0.095440906962 0.674837206607 0.681552802168 0 
1384 648 0.103866109703 0.183259222262 0.210646887679 27.379423753149 12176946 0 -16 16 177.836093859716 12122658 0.027126668211 0.717916792742 0.718429103968 0 
1400 648 -0.063687838078 0.077574603935 0.100369118232 43.525309271142 11969370 -0.063687838078 0.077574603935 0.100369118232 43.525309271142 11969370 0.054745714146 0.756389622533 0.758368218146 0 
1416 648 0.39255457449 0.083480437026 0.401332875951 78.9066421367 11685745 0.39255457449 0.083480437026 0.401332875951 78.9066421367 11685745 -0.012583769158 0.790255695982 0.790355879511 0 
1432 648 0.138588538538 0.206785689402 0.248931927152 32.137395724482 11544640 0 -16 16 178.307255245602 11495008 0.024613220613 0.832862325021 0.833225937587 0 
1448 648 0.009134994641 0.498878284661 0.49896191341 9.604887954159 10847463 2 -16 16.124515496597 162.22106596529 10744515 0.166336683459 0.884209509651 0.899719039046 0 
1464 648 0.176097810112 0.947799914761 0.964020288763 4.025015721554 10248650 -12 -16 20 157.680450151679 10064108 0.253645130126 0.977229612463 1.009610601921 0 
1480 648 0.063304533433 1.016295723625 1.018265418156 10.886203331057 10487286 -16 1 16.031219541881 100.874188271768 10481927 0.286538560614 1.111922633458 1.148249227962 0 
1496 648 1.319474648138 0.598409176439 1.448829489459 39.779667789559 10609090 -16 -1 16.031219541881 119.401386934235 10587285 0.548204206108 1.132750598447 1.258432266702 0 
1512 648 1.236183171387 1.032061687753 1.610372677534 5.171786853083 10943784 16 1 16.031219541881 41.453202934426 10930905 1.038642066607 1.039713507429 1.469619515404 0 
1528 648 1.40471361206 0.371932723071 1.453118812209 27.371684335657 11268814 1.40471361206 0.371932723071 1.453118812209 27.371684335657 11268814 1.059941147501 0.961158400124 1.430839161574 0 
1544 648 0.744347145784 0.216161478816 0.775098999071 39.499888164983 11508979 0.744347145784 0.216161478816 0.775098999071 39.499888164983 11508979 0.612101448791 0.89708527653 1.086015735143 0 
1560 648 0.314198549971 0.2626672426 0.409529985641 24.176959205954 11911054 0.314198549971 0.2626672426 0.409529985641 24.176959205954 11911054 0.403355376873 0.829656123362 0.922510077498 0 
1576 648 0.376972806378 0.783654651677 0.869610895656 4.05880466445 11977944 0.376972806378 0.783654651677 0.869610895656 4.05880466445 11977944 0.433702931748 0.758870940622 0.874061403751 0 
1592 648 3.917172121848 1.030757552972 4.050518308216 44.946978908169 11859406 2 -16 16.124515496597 142.564469116075 11792814 0.404003849427 0.691078557919 0.800505267669 0 
1608 648 1.736759314128 0.821392358713 1.921202311617 38.041541624691 12043449 1.736759314128 0.821392358713 1.921202311617 38.041541624691 12043449 0.314258129908 0.626278975254 0.700702167157 0 
1624 648 0.354879051945 0.662952704773 0.751961056356 5.594841549084 12260110 0.354879051945 0.662952704773 0.751961056356 5.594841549084 12260110 0.246321389204 0.592759766636 0.641902148089 0 
1640 648 0.124492165729 0.733084901425 0.743580373615 9.089273026297 12072284 0.124492165729 0.733084901425 0.743580373615 9.089273026297 12072284 0.200193627314 0.590520932065 0.623532244254 0 
1656 648 0.157617977318 0.938248755359 0.951395897462 6.668311733593 11933689 0.157617977318 0.938248755359 0.951395897462 6.668311733593 11933689 0.17847465152 0.61413440259 0.63954223135 0 
1672 648 0.128035371682 0.754471432812 0.765258256624 5.638337218412 11776396 0.128035371682 0.754471432812 0.765258256624 5.638337218412 11776396 0.181164461822 0.66360017821 0.687884989477 0 
1688 648 0.427178306187 0.34721398019 0.550489648692 38.045323218792 11663869 0.427178306187 0.34721398019 0.550489648692 38.045323218792 11663869 0.145537623606 0.637999019595 0.654388224901 0 
1704 648 -0.273389624031 0.415437230425 0.497322811613 40.937395387371 11699698 14 -16 21.260291625469 131.224668525395 11660357 0.071594136873 0.537330926745 0.542079556219 0 
1720 648 0.06837803353 0.423821634215 0.429302146626 6.039246107981 11836643 8 -16 17.888543819998 150.309251502323 11782438 0.026103569493 0.478018247339 0.478730447255 0 
1736 648 0.008344079191 0.342541279139 0.342642892195 0.266491859626 12103752 10 -16 18.867962264113 146.865697284759 12054447 0.009065921466 0.460060981376 0.460150298834 0 
1752 648 -0.023811253819 0.326171361257 0.327039344289 8.684922672067 12438452 15 -16 21.931712199461 132.338003564229 12400767 0.039292828743 0.498194768783 0.499741887411 0 
1768 648 0.292003031876 0.270275437539 0.397887650929 36.061137146719 13062274 0 -16 16 168.848211620758 13039616 0.116784291324 0.592419609558 0.603820804948 0 
1784 648 0.418826683887 0.161008870032 0.448708867045 51.084737454688 13581202 0 -16 16 162.112914832403 13570230 0.237227590238 0.735037189717 0.772370765784 0 
1800 648 0.250863517258 0.257439047906 0.35945426368 20.864780161899 13697415 -14 -16 21.260291625469 162.208143306674 13684840 0.400622725485 0.926047509261 1.008990861001 0 
1816 648 0.049252868395 1.307171091669 1.308098661393 13.316521887182 13628647 0 -15 15 164.525652575146 13612947 0.398357682737 1.438932813026 1.493056088631 0 
1832 648 1.979337686437 2.147024482002 2.92018694663 36.885890540258 13538937 5.948616481651 -12.648247302359 13.977274336129 149.024849275161 13529978 0.230432461995 2.273693101011 2.285340114102 0 
1848 648 0.432248143429 2.023483787363 2.069136316249 7.266570323675 13439580 10 17 19.723082923316 25.674060382334 13429212 0.202984440979 2.421593389883 2.430085848114 0 
1864 648 0.007367014956 1.197465682634 1.197488343991 9.176189319704 12936756 0.382963541559 -13.522151474035 13.527573380356 168.849070101424 12918606 0.316013619692 1.882633679642 1.908972021679 0 
1880 648 0.044695203257 0.967255218124 0.968287311795 13.689549253843 12147540 0.044695203257 0.967255218124 0.968287311795 13.689549253843 12147540 0.448844428567 1.531434360508 1.595854793394 0 
1896 648 0.060967350374 0.587188658913 0.59034527098 17.806277191146 12110151 0.060967350374 0.587188658913 0.59034527098 17.806277191146 12110151 0.601476867604 1.36799543248 1.494384798353 0 
1912 648 2.055714306901 1.224517045602 2.392781499964 2.725480967312 12726435 2.055714306901 1.224517045602 2.392781499964 2.725480967312 12726435 2.461358552538 1.629524296796 2.951886745456 0 
1928 648 5.99100793804 2.19246557564 6.379583169301 0.915169001567 12346634 -10 -7 12.206555615734 166.023722352843 12283333 6.028489483368 2.316020953455 6.458067706979 0 
1944 648 11.311343804412 2.166446519821 11.516943569579 11.036543697433 11534990 -1.287896463626 1.522269176446 1.993986145032 108.353444660369 11517496 6.120323657618 2.457751613966 6.595369941857 0 
1960 648 8.936360082996 2.188353326014 9.20040335053 23.137708377189 11943259 -14 1 14.035668847618 139.016754832976 11895882 2.736861075286 2.05471627833 3.422319028065 0 
1976 648 0.026803530626 0.970605815349 0.970975838033 23.607259829285 12548554 0.026803530626 0.970605815349 0.970975838033 23.607259829285 12548554 0.888839570765 1.889813727278 2.08840410514 0 
1992 648 0.107879301305 1.126134136265 1.131289545833 10.887788905877 12345266 -16 4 16.492422502471 92.323561898883 12325369 0.576259144053 1.963043960809 2.045877853923 0 
2008 648 0.253902623019 1.704304174084 1.723113246359 0.088781608839 12191856 0.253902623019 1.704304174084 1.723113246359 0.088781608839 12191856 0.30043543824 2.038318907525 2.060341093442 0 
2024 648 -0.037472487224 1.734811745716 1.73521640736 2.898930865836 12868498 -0.037472487224 1.734811745716 1.73521640736 2.898930865836 12868498 0.061368453326 2.115638567426 2.116528439461 0 
2040 648 0.137256324986 2.128410880999 2.132831961759 4.16392389181 13432964 0.137256324986 2.128410880999 2.132831961759 4.16392389181 13432964 -0.020121498323 2.431353834143 2.43143709388 0 
2056 648 2.107164702236 2.631031289509 3.370826119621 37.616920282189 13429719 2.107164702236 2.631031289509 3.370826119621 37.616920282189 13429719 0.055965583293 2.985464707676 2.985989227591 0 
2072 648 1.47889470644 3.19444136625 3.520168347558 22.235940669437 13622102 1.47889470644 3.19444136625 3.520168347558 22.235940669437 13622102 0.138131904342 3.034594234337 3.037736425378 0 
2088 648 0.299719074467 3.483234124651 3.49610518874 0.098935168617 13283596 -16 2 16.124515496597 87.891889561561 13255970 0.226377464824 2.578742414127 2.588659729473 0 
2104 648 0.118843708889 3.457662255435 3.459704048008 2.010134231036 12092245 0 -15 15 176.021320862797 11955028 0.130490711399 1.876136632928 1.880669160479 0 
2120 648 0.826698623723 2.75454214205 2.875922986938 25.870907604707 11024701 10 -16 18.867962264113 157.159868849469 10891722 -0.149528355934 0.926776890741 0.938762022261 0 
2136 648 0.130015836309 0.224987640084 0.259852950496 35.657065729276 10820979 4 -16 16.492422502471 171.598068014405 10744152 -0.068012211737 0.689390989523 0.692737755129 0 
2152 648 0.263637859232 1.40693501658 1.431422740388 7.245905502579 10331561 12 -15 19.209372712299 123.481022257259 10134436 0.375039143991 1.163978929275 1.22290690869 0 
2168 648 1.94980227032 3.022980392805 3.597240518596 15.288483535033 10273480 5 -15 15.811388300842 144.031787446937 9983304 0.526903354662 1.667747207494 1.749001970627 0 
2184 648 1.947112811364 2.944954743361 3.530440020822 23.483098773455 9962909 1.947112811364 2.944954743361 3.530440020822 23.483098773455 9962909 0.387580420278 2.200695824181 2.234564989601 0 
2200 648 0.27547672092 2.460085590276 2.475461277268 1.646411224659 8941646 0.27547672092 2.460085590276 2.475461277268 1.646411224659 8941646 0.185386534337 2.234427196441 2.242104605791 0 
2216 648 -0.253703395225 3.300310634526 3.310047688042 1.816802479404 8344184 0 -15 15 177.420973343291 7974738 -0.079678303158 1.768941324273 1.770734887191 0 
2232 648 -0.010418452679 2.816537837132 2.81655710614 9.301887287952 8200893.5 -16 -15 21.931712199461 123.638564712742 7849492.5 -0.239941676131 1.431712628128 1.451679392114 0 
2248 648 0.066801281693 1.975522026194 1.976651129364 15.51859991161 9517226 13.367422161333 -14.264895262881 19.549302087293 150.442171962661 9341240 -0.295403584584 1.222741108007 1.257918556583 0 
2264 648 -0.128723295998 1.197891387527 1.204787725388 9.931943276053 10601928 15 -14 20.518284528683 149.090377058155 10446385 -0.245664959594 0.853064325491 0.887733076887 0 
2280 648 -0.364328149151 1.133534493993 1.190644971995 2.113937434216 10994511 15 -4 15.52417469626 120.63535051035 10815419 -0.090725801163 0.322682280581 0.33519401128 0 
2296 648 -0.068293783248 1.039349546349 1.041590860332 4.894811907347 12173780 13 -16 20.615528128088 149.560351037291 12028087 -0.006496463103 0.042682687918 0.043174250205 0 
2312 648 -0.008407260604 0.007375669308 0.01118403007 76.998729745515 13456813 15 -16 21.931712199461 108.588482382785 13060306 0.007023054586 0.013065547502 0.014833469832 0 
2328 648 0.000280727181 0.000127753556 0.000308429443 42.677623564501 12269496 -16 8 17.888543819998 171.643200999736 10120978 0.011460397304 -0.003769816043 0.01206450245 0 
2344 648 0.000710044457 -0.000096349792 0.000716551752 41.210807038577 8670715 0.000710044457 -0.000096349792 0.000716551752 41.210807038577 8670715 0.00681556505 -0.007823402716 0.010375815969 0 
2360 648 -0.001907629819 -0.00024889975 0.001923799005 105.71321962558 4759404 -0.001907629819 -0.00024889975 0.001923799005 105.71321962558 4759404 0.003515469176 -0.008223225543 0.008943151674 0 
2376 648 -0.002222504107 -0.000380210809 0.002254791513 97.721914954209 1591995.75 -0.002222504107 -0.000380210809 0.002254791513 97.721914954209 1591995.75 0.001560109681 -0.004969284524 0.005208428832 0 
2392 648 0.000867249568 0.001331644236 0.001589150145 174.403545844466 121109.984375 0.000867249568 0.001331644236 0.001589150145 174.403545844466 121109.984375 -0.001922778316 -0.002402499356 0.003077186964 0 
2408 648 0 0 0 0 0 0 0 0 0 0 -0.006933194815 -0.000522870041 0.006952883101 0 
2424 648 0 0 0 0 0 0 0 0 0 0 -0.006976688997 -0.000040816791 0.006976808394 0 
2440 648 0 0 0 0 0 0 0 0 0 0 -0.002053260862 -0.000956339607 0.002265053114 0 
2456 648 0 0 0 0 0 0 0 0 0 0 0.000306339904 -0.001060575761 0.001103931647 0 
2472 648 0 0 0 0 0 0 0 0 0 0 0.000102113301 -0.000353525254 0.000367977216 0 
2488 648 0 0 0 0 0 0 0 0 0 0 0 0 0 0 
2504 648 0 0 0 0 0 0 0 0 0 0 0 0 0 0 
2520 648 0 0 0 0 0 0 0 0 0 0 0 0 0 0 
2536 648 0 0 0 0 0 0 0 0 0 0 0 0 0 0 
24 664 0 0 0 0 0 0 0 0 0 0 0 0 0 0 
40 664 0 0 0 0 0 0 0 0 0 0 0 0 0 0 
56 664 0 0 0 0 0 0 0 0 0 0 0 0 0 0 
72 664 0 0 0 0 0 0 0 0 0 0 0 0 0 0 
88 664 0 0 0 0 0 0 0 0 0 0 0 0 0 0 
104 664 0 0 0 0 0 0 0 0 0 0 0 0 0 0 
120 664 0 0 0 0 0 0 0 0 0 0 0 0 0 0 
136 664 0 0 0 0 0 0 0 0 0 0 0 0 0 0 
152 664 0 0 0 0 0 0 0 0 0 0 0 0 0 0 
168 664 0 0 0 0 0 0 0 0 0 0 0 0 0 0 
184 664 0 0 0 0 0 0 0 0 0 0 0 0 0 0 
200 664 0 0 0 0 0 0 0 0 0 0 0 0 0 0 
216 664 0 0 0 0 0 0 0 0 0 0 0 0 0 0 
232 664 0 0 0 0 0 0 0 0 0 0 0 0 0 0 
248 664 0 0 0 0 0 0 0 0 0 0 0 0 0 0 
264 664 0 0 0 0 0 0 0 0 0 0 0 0 0 0 
280 664 0 0 0 0 0 0 0 0 0 0 0 0 0 0 
296 664 0 0 0 0 0 0 0 0 0 0 0 0 0 0 
312 664 0 0 0 0 0 0 0 0 0 0 0 0 0 0 
328 664 0 0 0 0 0 0 0 0 0 0 0 0 0 0 
344 664 0 0 0 0 0 0 0 0 0 0 0 0 0 0 
360 664 0 0 0 0 0 0 0 0 0 0 0 0 0 0 
376 664 0 0 0 0 0 0 0 0 0 0 0 0 0 0 
392 664 0 0 0 0 0 0 0 0 0 0 0 0 0 0 
408 664 0 0 0 0 0 0 0 0 0 0 0 0 0 0 
424 664 0 0 0 0 0 0 0 0 0 0 0 0 0 0 
440 664 0 0 0 0 0 0 0 0 0 0 0 0 0 0 
456 664 0 0 0 0 0 0 0 0 0 0 0 0 0 0 
472 664 0 0 0 0 0 0 0 0 0 0 -0.000042727062 0.000229636789 0.000233577946 0 
488 664 0 0 0 0 0 0 0 0 0 0 -0.000128181186 0.000688910367 0.000700733837 0 
504 664 0 0 0 0 0 0 0 0 0 0 -0.00051807495 0.000715748155 0.000883570639 0 
520 664 0.00012162555 0 0.00012162555 165.650704449121 4534788 0.00012162555 0 0.00012162555 165.650704449121 4534788 -0.001212408354 0.000310150151 0.001251450012 0 
536 664 -0.002417574574 0.000881976991 0.002573431607 56.25872322746 9210734 -0.002417574574 0.000881976991 0.002573431607 56.25872322746 9210734 -0.009791638615 0.040171944737 0.041348051111 0 
552 664 -0.051001044373 0.003982309205 0.051156283228 73.223474090918 9228330 -0.051001044373 0.003982309205 0.051156283228 73.223474090918 9228330 -0.026255765734 0.12030113191 0.123132967044 0 
568 664 -0.246677116459 0.19204692242 0.312620569054 22.088250574201 9174051 -0.246677116459 0.19204692242 0.312620569054 22.088250574201 9174051 -0.114182237792 0.197691970554 0.228297390806 0 
584 664 -0.428248370581 0.203411199673 0.47410208084 19.464286402899 9157282 12 15 19.209372712299 83.788543463324 9137528 -0.273571054791 0.272344460669 0.386021537322 0 
600 664 -9.727079516122 -0.030998526695 9.727128909479 32.821452544558 9140281 8 -16 17.888543819998 149.203912561022 9132573 -0.350607221171 0.224557880236 0.416355215067 0 
616 664 -0.440634667686 0.050915697935 0.443566588759 2.35094834593 9128546 9 -16 18.357559750686 128.300044169598 9106652 -0.345290736933 0.054332229257 0.349539245504 0 
632 664 0.035624852884 0.042269590268 0.055279728694 135.45120689819 8801499 -14 -16 21.260291625469 43.487090720969 8708153 -0.349505484342 -0.032588670966 0.35102151652 0 
648 664 -0.475431071321 -0.027218155218 0.476209545842 2.415227512938 8441418 -0.475431071321 -0.027218155218 0.476209545842 2.415227512938 8441418 -0.363251463397 -0.036204820431 0.365051249392 0 
664 664 0.168431973128 -0.084017882273 0.188224159218 143.14455974014 8502498 0.168431973128 -0.084017882273 0.188224159218 143.14455974014 8502498 -0.27425723176 -0.050060199269 0.278788544821 0 
680 664 8.22533708475 -0.166309660897 8.22701823634 136.898884792971 8676048 8.22533708475 -0.166309660897 8.22701823634 136.898884792971 8676048 -0.082522789429 -0.074154807482 0.110945690533 0 
696 664 -5.208912743252 -0.214012327649 5.213307322919 3.752484909608 8650544 -5.208912743252 -0.214012327649 5.213307322919 3.752484909608 8650544 -1.085688881767 -0.116126414878 1.091881720803 0 
712 664 -2.93975486075 -0.287634162135 2.953792824917 2.520677027052 8711513 -2.93975486075 -0.287634162135 2.953792824917 2.520677027052 8711513 -3.283755508772 -0.17597502146 3.288467340505 0 
728 664 -3.216718434456 -0.215440360943 3.223924942627 0.725554197023 8279881.5 -19 -16 24.839484696748 36.994787823773 8252118 -3.792603731292 -0.205806351814 3.798183686587 0 
744 664 -5.240060002095 0.054276756077 5.240341094986 5.094173801075 8478130 -2 15 15.132745950422 86.906079625061 8459931 -2.612233549326 -0.205620405941 2.620313696405 0 
760 664 -1.26875860159 -0.357158657596 1.318070823516 7.571682071885 9891211 -1 15 15.033296378373 94.336284196537 9879479 -1.549496057256 -0.221915605492 1.565306541037 0 
776 664 -0.254547542062 0.480121696487 0.543425518914 84.919350577526 10604738 0.023947888031 -15.480188379886 15.480206903595 67.237960144189 10594737 -0.604391255081 -0.254691950465 0.655863384289 0 
792 664 -3.60276326978 0.284182307395 3.61395389593 19.025870398655 10797248 12 -16 20 112.354121831962 10793045 -1.513421646051 -0.391842057768 1.563325070794 0 
808 664 -4.036288349977 -0.519669693641 4.069604432209 1.087876105681 10635214 -4 15 15.52417469626 83.492896417149 10631230 -4.276587230166 -0.633365927399 4.323233828422 0 
824 664 -4.668367944049 -1.019709788781 4.778437748298 4.714741016403 10278900 -8 15 17 69.534339450344 10273046 -4.774817935546 -0.637675757814 4.817210467658 0 
840 664 -2.756155019704 -0.089100294063 2.757594849691 5.812084081082 10233606 -6 15 16.155494421404 75.86227346076 10229556 -3.00811376219 -0.404771549012 3.035224606708 0 
856 664 -1.573983006912 -0.159076588601 1.582001222214 0.538911357372 10038920 -7 15 16.552945357247 71.293092394781 10031384 -1.748779286662 -0.193375539866 1.759438289022 0 
872 664 -0.763404886051 -0.314925263371 0.825811686497 22.217008209133 9948704 15 -4 15.52417469626 164.868112811388 9946332 -0.996814508963 -0.003487730374 0.996820610512 0 
888 664 -0.891804497957 -0.022723278813 0.892093946833 8.890840177199 9767087 -1 15 15.033296378373 78.75467207084 9764677 -0.91877496441 0.119837686955 0.926557341152 0 
904 664 -3.314503482967 -0.047278660726 3.314840661384 7.467552813806 9534516 -8 15 17 55.277181905256 9530824 -1.514660653004 0.176600712121 1.524921212811 0 
920 664 -1.238764756741 0.24775663689 1.263297856274 5.486031893034 9477386 -14.334863096459 -8.619403431174 16.72669768674 36.842118037187 9472711 -1.862684197228 0.189995002626 1.872348931056 0 
936 664 -2.640610332857 0.143669598167 2.644515812664 1.546456215284 9442577 12.306098679626 -15.284592571685 19.62291606248 133.499336284436 9437075 -1.962845597082 0.160020558469 1.969357615345 0 
952 664 -1.186491285901 0.078983570643 1.189117309583 0.577717405787 9435769 14 -16 21.260291625469 135.572147792083 9421940 -1.802609408835 0.138267220032 1.80790445128 0 
968 664 -1.551458983945 0.081412980601 1.55359359302 2.153606515712 9536000 0 -16 16 95.157453692537 9504907 -1.381975632489 0.124734987316 1.387593407974 0 
984 664 -1.985491973384 0.133033269432 1.989943774871 3.221737515162 9494824 -2 -16 16.124515496597 89.929962132349 9458800 -1.079324133644 0.133575749278 1.087558304764 0 
1000 664 -0.340021384343 0.409683815088 0.532405268715 39.872142093761 9223183 10 -16 18.867962264113 132.441907996241 9199495 -0.894654912301 0.164789505916 0.909704893559 0 
1016 664 -0.594917100401 0.723009820527 0.936306337119 37.256113905451 9116930 14.439342825434 -14.608594372755 20.540342031673 147.961337295272 9103101 -0.916930229926 0.216671587426 0.942182372659 0 
1032 664 -1.087385393916 0.179241184246 1.10205916222 4.802191092563 9210755 -1.087385393916 0.179241184246 1.10205916222 4.802191092563 9210755 -1.146150086519 0.289221993808 1.182078416404 0 
1048 664 -1.563570250072 0.279541660828 1.58836251122 3.398028010414 8992124 -3.228701016032 -14.998239825944 15.341828708712 91.385738588821 8960746 -1.396408446349 0.336137780604 1.436295636902 0 
1064 664 -1.657231385834 0.389443304013 1.702375385523 1.127837041293 8893712 -6 -16 17.088007490635 81.54047000051 8854404 -1.667705309416 0.357418947813 1.70557594475 0 
1080 664 -1.173145672289 0.703709065928 1.368019450841 18.907014682398 9061962 10 15 18.02775637732 111.63973044498 9000451 -1.632246325611 0.348443742341 1.669023998943 0 
1096 664 -1.480703595636 0.905882111457 1.735829927725 17.978819736785 9229330 14 15 20.518284528683 119.545938584817 9150810 -1.290031494934 0.309212164187 1.326572056242 0 
1112 664 -1.111517820859 0.754522936469 1.343419788355 22.397563952946 10179744 14 0 14 168.228033724091 10099127 -1.289640569985 0.26876148381 1.317347917192 0 
1128 664 -1.157613345283 0.735821957627 1.371678756307 24.515308266155 10728059 -1.157613345283 0.735821957627 1.371678756307 24.515308266155 10728059 -1.631073550765 0.227091701212 1.646806475809 0 
1144 664 -1.163577521367 0.921880976247 1.484512439354 32.678532049778 10640522 -1.163577521367 0.921880976247 1.484512439354 32.678532049778 10640522 -1.921419090719 0.19214224544 1.931002321248 0 
1160 664 -2.088674226269 0.374841116103 2.122042856731 5.835946983313 10194168 13 0 13 175.661741790409 10160906 -2.160677189847 0.163913116497 2.166885651918 0 
1176 664 -1.908646512324 0.237717171321 1.923393085812 2.525656945519 9965575 -1.908646512324 0.237717171321 1.923393085812 2.525656945519 9965575 -1.957247535062 0.156576703055 1.963500490818 0 
1192 664 -1.328153884369 0.300582091616 1.361742389134 5.358693597885 10095396 -1.328153884369 0.300582091616 1.361742389134 5.358693597885 10095396 -1.311130126362 0.170133005115 1.32212232705 0 
1208 664 -0.362653134491 0.192052261837 0.410367356442 15.679252690127 9838775 -0.362653134491 0.192052261837 0.410367356442 15.679252690127 9838775 -0.87648590703 0.18990893998 0.896823812522 0 
1224 664 -0.559477416514 0.179793761735 0.587657022717 0.472113795088 9190716 11 -16 19.416487838948 142.795973881656 9117973 -0.653314877065 0.215904507648 0.688066192323 0 
1240 664 -0.318923035788 0.226752770146 0.391316651224 7.448962075576 9246122 14.280241527323 -14.015043360319 20.008666584015 163.500675073033 9195886 -0.424840874066 0.225546616737 0.48100004636 0 
1256 664 0.006116541634 0.455970828246 0.456011851044 41.892574553505 10324309 0.151450157763 -14.429156075526 14.429950873173 139.477324963378 10312247 -0.191063898032 0.218835267246 0.290506948836 0 
1272 664 -0.684719933403 0.449463312442 0.819059617141 34.332834268298 10759052 -0.522897352165 -14.988553409713 14.997671651184 155.61646222796 10754291 -0.088608174558 0.215134041002 0.232667282179 0 
1288 664 -0.234183106608 0.31604159437 0.393349738518 7.823700436812 10522309 -0.146319082844 -13.58410259223 13.584890596182 150.668560569293 10517600 -0.117473703644 0.214442938006 0.244511440854 0 
1304 664 -0.445690048192 0.239219007422 0.50583134795 31.398112475636 10406111 -8 15 17 2.305232751028 10403940 -0.131676336755 0.22463697691 0.260385155215 0 
1320 664 -0.061933979389 0.677473012638 0.680298096908 22.879468513668 10652488 -13.547774534957 -15.112237072256 20.295859286517 110.021622288859 10648367 -0.13121607389 0.245716157714 0.278557154294 0 
1336 664 -2.216281052336 0.620503860902 2.301505321379 44.597829854937 10731260 3 -16 16.2788205961 160.858417063826 10718846 -0.149290255394 0.261084890922 0.300753887129 0 
1352 664 -0.144806915341 0.99443689464 1.004924763428 26.189436440032 11039385 -15 15 21.213203435596 10.525555942492 11026952 -0.185898881267 0.270743176533 0.328420860628 0 
1368 664 0.186026268734 1.780525046485 1.790216527077 34.139438628374 11403688 11 -16 19.416487838948 173.666388308123 11396920 -0.142952703786 0.266886213033 0.302760179394 0 
1384 664 -0.090349994757 0.743196326779 0.748668085128 2.245561104605 11480646 -0.090349994757 0.743196326779 0.748668085128 2.245561104605 11480646 -0.020451722952 0.249514000421 0.250350772672 0 
1400 664 0.013523161114 0.01076149956 0.017282527573 45.828593576743 11627294 0.013523161114 0.01076149956 0.017282527573 45.828593576743 11627294 0.024762423361 0.249886370944 0.251110286516 0 
1416 664 0.21746742447 0.047291095624 0.222550058258 79.293765940571 11746898 0.21746742447 0.047291095624 0.222550058258 79.293765940571 11746898 -0.007310264848 0.268003324602 0.268103006268 0 
1432 664 0.02568912771 0.15134873206 0.153513419539 3.394079517886 11892514 0.02568912771 0.15134873206 0.153513419539 3.394079517886 11892514 0.040082603352 0.366630802826 0.368815347664 0 
1448 664 0.005070486206 0.280521632224 0.280567453523 15.972424945357 11353442 0.005070486206 0.280521632224 0.280567453523 15.972424945357 11353442 0.166941027961 0.545768805617 0.570730142888 0 
1464 664 0.299858992829 0.24491097556 0.387165083046 30.05349239033 10738098 0.299858992829 0.24491097556 0.387165083046 30.05349239033 10738098 0.271480408652 0.718219075507 0.767815246465 0 
1480 664 0.027609410195 0.216461359835 0.21821503118 14.538683537515 10855208 -16 0 16 111.807449396885 10848637 0.353700745426 0.883981612497 0.952117486736 0 
1496 664 0.202438438204 0.244283162547 0.317262643194 1.672114863514 10976176 0.202438438204 0.244283162547 0.317262643194 1.672114863514 10976176 0.750186830188 0.853294988895 1.136174554485 0 
1512 664 1.226166938919 1.548346314753 1.975059916181 28.423577922293 10193035 16 -15 21.931712199461 66.352392847249 10118588 1.460938662938 0.626159204699 1.589470706398 0 
1528 664 1.361942876356 1.227431699472 1.833433111768 25.329840898244 9940995 -15 11 18.601075237738 127.049694784147 9882451 1.411807671964 0.423467723587 1.473949054593 0 
1544 664 0.453120510937 0.28767749678 0.536727621411 10.273860202775 10745908 8.269164383679 -13.291865479318 15.654161348491 80.250158726475 10719998 0.602793857265 0.245220545558 0.650763820691 0 
1560 664 0.007699288723 0.326105013462 0.326195890305 58.528555587861 11059954 -16 -16 22.62741699797 165.118951223014 11047706 0.269517497274 0.156352952948 0.311586147369 0 
1576 664 0.353428597836 0.760201363742 0.838342344871 44.220773815403 11100034 0 -16 16 110.844828947417 11090128 0.411978591991 0.156864945756 0.440832135246 0 
1592 664 0.414209313111 0.55951691791 0.69615266752 40.174508841044 11058627 -12 -16 20 140.182912773272 11053072 0.598882920212 0.14171357335 0.615421391401 0 
1608 664 1.683966619095 0.185891081946 1.694195699609 1.308992976993 11103939 -11.3764610445 -15.270366156962 19.04226741921 134.294504741158 11099446 0.830230481938 0.11089883573 0.837604444177 0 
1624 664 0.155107607322 0.213522218604 0.263913068427 47.910001134939 11377755 0.29394888186 -14.350412807871 14.353423065647 94.92099117587 11372506 0.826091646212 0.088202853719 0.830787067392 0 
1640 664 0.313192066628 0.32374623483 0.450445218828 38.793774224561 11516307 0.313192066628 0.32374623483 0.450445218828 38.793774224561 11516307 0.586466413036 0.073625627319 0.591069866105 0 
1656 664 0.181865198224 0.480058862913 0.513353155427 58.793142708649 11502734 0.181865198224 0.480058862913 0.513353155427 58.793142708649 11502734 0.496817670029 0.091704832773 0.505210425078 0 
1672 664 0.147330380554 0.485406624024 0.507272936082 58.774815058865 11309180 0.147330380554 0.485406624024 0.507272936082 58.774815058865 11309180 0.557145417192 0.142440470082 0.575065477503 0 
1688 664 0.993667068096 0.42681843582 1.081456526808 3.01055156089 11156616 -14 -16 21.260291625469 151.420767333702 11129944 0.560994752225 0.20679329435 0.597895123422 0 
1704 664 0.054870712819 1.403623309392 1.404695408191 58.505758776486 11179685 15 -16 21.931712199461 76.103173756489 11119868 0.508365675126 0.284763305576 0.582688424331 0 
1720 664 0.24352131379 1.60643998017 1.624792922239 39.108432432656 11208227 0.24352131379 1.60643998017 1.624792922239 39.108432432656 11208227 0.375756206169 0.341572602741 0.507803672119 0 
1736 664 -0.004676716816 1.479159337424 1.479166730686 23.571962653572 11305557 -0.004676716816 1.479159337424 1.479166730686 23.571962653572 11305557 0.163166345352 0.377221185845 0.410997663383 0 
1752 664 0.073933698648 1.478538900679 1.480386257912 10.407969304928 11559207 0.073933698648 1.478538900679 1.480386257912 10.407969304928 11559207 0.087465673933 0.370854697484 0.381029461804 0 
1768 664 0.323406538423 1.546847478323 1.580293931612 12.939845079766 11997606 0.323406538423 1.546847478323 1.580293931612 12.939845079766 11997606 0.148654191912 0.322473137658 0.355087303749 0 
1784 664 5.125007153368 1.546761893024 5.353332670008 43.377346679104 12256633 -10 -16 18.867962264113 177.823100033956 12165507 0.187938411325 0.327781011624 0.377837581551 0 
1800 664 0.275087861009 1.589848168096 1.613471576717 18.144692481303 12292616 13 -16 20.615528128088 112.944883146098 12188645 0.205318332172 0.386778319383 0.437896204449 0 
1816 664 0.086350170335 1.730079892777 1.732233467899 10.759122862618 12493616 -14 -16 21.260291625469 152.43052134059 12403327 0.192241509277 0.793634325396 0.816585721364 0 
1832 664 -0.087362683937 1.367471689151 1.370259486073 9.14147303188 12518578 -0.087362683937 1.367471689151 1.370259486073 9.14147303188 12518578 0.148707942638 1.548349029662 1.555473808799 0 
1848 664 0.130311564347 1.289891867569 1.296457532595 1.253216851068 12329406 0.130311564347 1.289891867569 1.296457532595 1.253216851068 12329406 0.132693962846 1.680214927886 1.685446496234 0 
1864 664 1.10000183113 1.526916234124 1.881881296608 28.855646859207 12171668 1.10000183113 1.526916234124 1.881881296608 28.855646859207 12171668 0.144199569901 1.18923202007 1.197942533479 0 
1880 664 0.377409210984 1.463437270521 1.511319409419 24.286169812761 12215942 8 -16 17.888543819998 114.6877361799 12135039 0.764985651813 0.953247364292 1.22224530476 0 
1896 664 1.061428532379 1.692799898832 1.99804955565 31.92959784465 12453861 16 -16 22.62741699797 70.981645496205 12343944 1.995052208581 0.972260960552 2.219352313262 0 
1912 664 5.495377898497 2.622183881832 6.088926552146 9.884369370481 12666852 16 -15 21.931712199461 58.776709573694 12538984 4.600189071958 1.286500934668 4.776695945176 0 
1928 664 8.120392179143 2.549464247585 8.511200684557 4.969966048034 11823699 11 -15 18.601075237738 66.20630820775 11752825 8.580396241942 1.89596728664 8.787371143905 0 
1944 664 11.481210861556 1.557530319848 11.586375772637 5.714390311269 10622226 -0.623819072113 0.951005896982 1.137348869445 109.823235777443 10606934 8.037048846287 1.920613685461 8.263347450421 0 
1960 664 8.849264803595 1.201457415556 8.930452815258 16.877854074887 10915887 -8 16 17.888543819998 91.955471866236 10884287 2.970146884994 1.360440131131 3.266889938279 0 
1976 664 0.173420384258 1.020925465201 1.035549822642 11.123746805742 11839390 -11.248744082425 -13.545470149517 17.607214572537 161.056615629833 11802259 0.400714831819 1.056871241194 1.130287218764 0 
1992 664 0.129337829036 1.082786499613 1.090483781523 11.219849851391 11888902 -16 -14 21.260291625469 149.217427945851 11851578 0.328752686762 1.009907015648 1.062068975777 0 
2008 664 0.017281215136 0.847258191609 0.847434412592 9.259153855895 11325041 -16 16 22.62741699797 55.427632873524 11224911 0.188122486967 1.022221936798 1.039388165304 0 
2024 664 -0.120408715186 0.653186980807 0.664192359628 9.335588265962 11931378 0 16 16 1.109081017784 11813695 -0.021175767568 1.093816004644 1.094020961932 0 
2040 664 -0.071997225257 1.214128134851 1.216260962245 2.633507137115 13397068 -16 1 16.031219541881 80.396519921881 13361523 -0.151004426731 1.430192678818 1.438142355762 0 
2056 664 -2.433199164375 2.109141530568 3.220083255055 43.419544804056 13506343 -2.433199164375 2.109141530568 3.220083255055 43.419544804056 13506343 -0.201363490524 2.031351959321 2.041307923356 0 
2072 664 -2.5 2.061865640784 3.240569382168 47.481866187866 13619200 -2.5 2.061865640784 3.240569382168 47.481866187866 13619200 -0.119962038666 2.285840945568 2.288986614019 0 
2088 664 0.077539711457 3.603126557237 3.603960792561 1.19998646498 13896299 -1 -14 14.035668847618 178.34719137573 13893463 0.093199928844 2.193659637558 2.195638593254 0 
2104 664 1.820105963457 4.09260412197 4.479084082419 18.864509043561 13353092 8 -15 17 146.815847273343 13346779 0.15371389383 1.718378860171 1.725240234935 0 
2120 664 1.804418144719 2.735494795833 3.277019471871 29.314444777139 12685918 -8 -16 17.888543819998 157.530599947065 12681826 0.061579856291 0.859998613406 0.862200495106 0 
2136 664 0.070988316784 0.422674592503 0.428594391316 32.053981848556 12289925 -6 -16 17.088007490635 158.96819810287 12288310 0.588531528948 0.663162277972 0.886653014144 0 
2152 664 1.016289704075 3.421011509586 3.568776332488 40.421587551917 11941665 1 -15 15.033296378373 119.219081518279 11935806 1.734568911799 1.12786985387 2.069014189668 0 
2168 664 1.696931479666 3.838384693208 4.196757498324 30.058382907715 11832982 -9 -15 17.492855684536 157.055381636727 11811618 2.128550479155 1.551689184636 2.634096897995 0 
2184 664 2.079194158094 1.281291158326 2.442284868613 15.893464716425 11512001 1 -15 15.033296378373 133.722597299571 11493089 1.770476231015 1.934620270272 2.622468622259 0 
2200 664 1.459514006438 1.051133960754 1.798628293572 15.410867436443 10829082 -4 -15 15.52417469626 156.103510532521 10823998 1.5847016895 1.969006755143 2.527502135806 0 
2216 664 0.318195788256 1.138839972985 1.182457205878 27.904646715785 10545740 -12.15021226226 -14.1857529128 18.677881135744 177.065130447606 10530956 1.57122685461 1.65484863925 2.281946065856 0 
2232 664 0.700217644175 1.159797939134 1.354782642653 17.435589877247 10068614 4.678426197137 -12.907441960621 13.729156188523 111.519770860732 10040190 1.58958344786 1.40354300907 2.120544391429 0 
2248 664 0.83411126872 1.146233017035 1.417600697639 17.417820675894 10040091 1.623366833808 -13.053399427685 13.15395592572 119.449771435723 10007064 1.639771469252 1.215089864602 2.040905154687 0 
2264 664 0.930012179193 0.121511655181 0.937916699815 24.159393086106 11085464 1 15 15.033296378373 54.582662647108 11025119 1.395708850946 0.858755370949 1.638738534283 0 
2280 664 -0.168878010753 0.1766883009 0.244414684892 112.390466457612 12027748 -0.168878010753 0.1766883009 0.244414684892 112.390466457612 12027748 0.857395592943 0.334539528112 0.920349878398 0 
2296 664 0.116945771263 0.69903634578 0.708751103095 76.510059977184 12217142 -15 15 21.213203435596 131.007445198021 12165078 0.733012625561 0.051161521119 0.734795897154 0 
2312 664 0.879338935356 0.098701414422 0.88486096786 5.921301995055 12501879 0.879338935356 0.098701414422 0.88486096786 5.921301995055 12501879 1.022559948799 0.008621349971 1.022596292074 0 
2328 664 0.094140870391 0.06971866523 0.117146044575 37.392643449258 13300879 -0.017584312758 -15.401150696427 15.401160734896 89.195611315967 13254049 0.877024884988 -0.013315123363 0.877125955264 0 
2344 664 0.002625498838 -0.006052402565 0.006597334383 63.719917837296 13421765 -16 15 21.931712199461 139.67675854436 13028719 0.296407434127 -0.014647898883 0.296769149252 0 
2360 664 -0.002314022739 -0.011769560893 0.011994884946 30.391585952397 11439205 -16 7 17.464249196573 132.897870657518 9513811 0.004577332885 -0.013093888998 0.013870901392 0 
2376 664 0.00044964935 0.003470054982 0.003499066464 162.560210544968 8117596 0.00044964935 0.003470054982 0.003499066464 162.560210544968 8117596 0.001534581261 -0.00865309371 0.008788115293 0 
2392 664 0.003242497923 0.005150039576 0.006085778538 177.996361992365 4656776.5 0.003242497923 0.005150039576 0.006085778538 177.996361992365 4656776.5 -0.002885854696 -0.004960158315 0.005738582389 0 
2408 664 0.020761706252 -0.006081438121 0.021634055008 150.609783122517 1649453.875 0.020761706252 -0.006081438121 0.021634055008 150.609783122517 1649453.875 -0.008683974985 -0.002015082815 0.008914705844 0 
2424 664 -0.001528453291 0.005042217271 0.005268787761 75.919809998651 175834.96875 -0.001528453291 0.005042217271 0.005268787761 75.919809998651 175834.96875 -0.008650706966 -0.000420593391 0.008660925459 0 
2440 664 0 0 0 0 0 0 0 0 0 0 -0.002786050638 -0.000176690042 0.002791647816 0 
2456 664 0 0 0 0 0 0 0 0 0 0 0.000279875209 0.000142571085 0.000314096557 0 
2472 664 0 0 0 0 0 0 0 0 0 0 0.000547070576 0.000537189991 0.000766719832 0 
2488 664 0 0 0 0 0 0 0 0 0 0 0.000510501194 0.000550874582 0.000751048783 0 
2504 664 0 0 0 0 0 0 0 0 0 0 0.000170167065 0.000183624861 0.000250349594 0 
2520 664 0 0 0 0 0 0 0 0 0 0 -0.000170167065 -0.000183624861 0.000250349594 0 
2536 664 0 0 0 0 0 0 0 0 0 0 -0.000510501194 -0.000550874582 0.000751048783 0 
24 680 0 0 0 0 0 0 0 0 0 0 0 0 0 0 
40 680 0 0 0 0 0 0 0 0 0 0 0 0 0 0 
56 680 0 0 0 0 0 0 0 0 0 0 0 0 0 0 
72 680 0 0 0 0 0 0 0 0 0 0 0 0 0 0 
88 680 0 0 0 0 0 0 0 0 0 0 0 0 0 0 
104 680 0 0 0 0 0 0 0 0 0 0 0 0 0 0 
120 680 0 0 0 0 0 0 0 0 0 0 0 0 0 0 
136 680 0 0 0 0 0 0 0 0 0 0 0 0 0 0 
152 680 0 0 0 0 0 0 0 0 0 0 0 0 0 0 
168 680 0 0 0 0 0 0 0 0 0 0 0 0 0 0 
184 680 0 0 0 0 0 0 0 0 0 0 0 0 0 0 
200 680 0 0 0 0 0 0 0 0 0 0 0 0 0 0 
216 680 0 0 0 0 0 0 0 0 0 0 0 0 0 0 
232 680 0 0 0 0 0 0 0 0 0 0 0 0 0 0 
248 680 0 0 0 0 0 0 0 0 0 0 0 0 0 0 
264 680 0 0 0 0 0 0 0 0 0 0 0 0 0 0 
280 680 0 0 0 0 0 0 0 0 0 0 0 0 0 0 
296 680 0 0 0 0 0 0 0 0 0 0 0 0 0 0 
312 680 0 0 0 0 0 0 0 0 0 0 0 0 0 0 
328 680 0 0 0 0 0 0 0 0 0 0 0 0 0 0 
344 680 0 0 0 0 0 0 0 0 0 0 0 0 0 0 
360 680 0 0 0 0 0 0 0 0 0 0 0 0 0 0 
376 680 0 0 0 0 0 0 0 0 0 0 0 0 0 0 
392 680 0 0 0 0 0 0 0 0 0 0 0 0 0 0 
408 680 0 0 0 0 0 0 0 0 0 0 0 0 0 0 
424 680 0 0 0 0 0 0 0 0 0 0 0 0 0 0 
440 680 0 0 0 0 0 0 0 0 0 0 0 0 0 0 
456 680 0 0 0 0 0 0 0 0 0 0 0 0 0 0 
472 680 0 0 0 0 0 0 0 0 0 0 -0.000024042787 0.000315374352 0.000316289483 0 
488 680 0 0 0 0 0 0 0 0 0 0 -0.000072128361 0.000946123055 0.00094886845 0 
504 680 0 0 0 0 0 0 0 0 0 0 -0.000298052252 0.001026636417 0.001069026416 0 
520 680 -0.000563245768 0.00086547228 0.001032612252 18.510852809689 4697084.5 -0.000563245768 0.00086547228 0.001032612252 18.510852809689 4697084.5 -0.000701814458 0.000556914439 0.000895933717 0 
536 680 -0.000303953529 0.001092243419 0.001133747518 3.54863098228 9223058 -7 -16 17.464249196573 144.368235560711 9098256 -0.003374691809 0.015873425315 0.016228190781 0 
552 680 -0.082899142395 -0.001521357563 0.082913101128 81.011725051947 9114383 -0.082899142395 -0.001521357563 0.082913101128 81.011725051947 9114383 -0.008316684306 0.046976169044 0.047706683976 0 
568 680 -0.286412159337 1.684106445947 1.708287577165 26.377317537179 9113887 -3 -16 16.2788205961 133.351210303281 9072503 -0.070097966951 0.096378476906 0.119174392305 0 
584 680 -0.454345530223 3.522872389684 3.552050074933 41.645961301902 8658272 15 2 15.132745950422 131.400199407276 8638986 -0.188718539743 0.164080348899 0.250074085298 0 
600 680 -4.427965667916 3.100413851313 5.405501457373 0.297289503984 8156324.5 15 1 15.033296378373 141.483918729151 8150039.5 -0.225286114743 0.156007173741 0.27402932645 0 
616 680 -2.068615285664 1.594501355684 2.61182001167 15.758310554293 7830689 12.810435274569 -1.197893107201 12.866320368318 163.475200542387 7822986 -0.17980069195 0.072158951431 0.193740039995 0 
632 680 -0.298554799321 1.043990782261 1.0858414809 61.182120941563 7174951 -16 1 16.031219541881 9.282362861009 7157983 -0.194864200211 0.044482044001 0.19987673392 0 
648 680 -0.376848881706 0.511645004374 0.635449203433 38.527472330683 6539188 -0.376848881706 0.511645004374 0.635449203433 38.527472330683 6539188 -0.270476639527 0.072976451452 0.280148487407 0 
664 680 -0.383281297624 1.171863426113 1.232951111183 60.910786981674 6342511 -0.383281297624 1.171863426113 1.232951111183 60.910786981674 6342511 -0.286345748477 0.055545093847 0.291683295924 0 
680 680 -10.594129945995 0.463848991027 10.604279570018 4.352349756268 6452913 15 0 15 178.154663721745 6451016 -0.24247152706 -0.007812028813 0.242597339699 0 
696 680 -4.655517507311 -0.016651112764 4.655547284739 1.293409763316 6740715 13 0 13 178.501664701339 6730463 -2.029138193413 -0.05307585757 2.029832223269 0 
712 680 -8.750260562199 0.306462925098 8.755625587634 2.820105039277 7214173 10 8 12.806248474866 142.154429890613 7165322 -5.646345747535 -0.080246392423 5.64691595335 0 
728 680 -11.180932530491 0.073348969891 11.181173119256 1.123203333375 7217132.5 3.560957037815 -14.756400116075 15.179978900211 102.819674562311 7212735 -6.149429997941 -0.080214681544 6.149953145733 0 
744 680 -7.644994480086 0.057121859074 7.645207878621 1.285926596035 7232676 -16 15 21.931712199461 44.010221771135 7093861.5 -3.538390944632 -0.052980724931 3.538787565575 0 
760 680 -1.069889812385 -0.007909448369 1.069919048348 0.783047428405 8033169 -1.069889812385 -0.007909448369 1.069919048348 0.783047428405 8033169 -1.692852852401 -0.035655720128 1.69322831014 0 
776 680 -0.15111041837 -0.024729131891 0.153120503213 6.655609431788 8718396 -0.15111041837 -0.024729131891 0.153120503213 6.655609431788 8718396 -0.612815721249 -0.028239667132 0.613466043893 0 
792 680 -6.375065117797 -0.091535193672 6.375722229507 0.514250851433 9070750 -6.375065117797 -0.091535193672 6.375722229507 0.514250851433 9070750 -4.29462967464 -0.100223490066 4.295798969954 0 
808 680 -28 0 28 1.131560857633 9025620 3 0 3 178.868439142366 9025588 -12.738294712573 -0.251607188928 12.740779346723 0 
824 680 -14.397255378055 -0.111723856231 14.397688864571 0.715906056897 8786787 -24 15 28.30194339617 33.165900183968 8681504 -14.200724776395 -0.287672781402 14.203638259407 0 
840 680 -8.184931510789 -0.099432358259 8.185535451647 0.67918463849 8914762 4 15 15.52417469626 106.306609380872 8761151 -8.681919866106 -0.208420267487 8.684421199446 0 
856 680 -4.423245598049 0.041844070785 4.423443516868 1.699315554565 9707052 -4.423245598049 0.041844070785 4.423443516868 1.699315554565 9707052 -4.694608157062 -0.094838799225 4.69556600914 0 
872 680 -2.258439148168 0.136025756142 2.26253185443 2.0887894374 10103846 -2.258439148168 0.136025756142 2.26253185443 2.0887894374 10103846 -2.238789649263 0.053071623385 2.239418605544 0 
888 680 -1.888587784301 0.06109156084 1.889575613152 1.821807515634 9871484 -1 -16 16.031219541881 90.098216508701 9861358 -1.981683663066 0.127265872263 1.985766034231 0 
904 680 -2.607479520934 -0.108553141152 2.609738154786 4.248844847052 9484198 -2.748864294612 12.161489993864 12.468283513822 75.398530409363 9481624 -3.923290198471 0.127743947409 3.925369345363 0 
920 680 -3.050698339144 14.117660332923 14.443513894902 76.142775255259 9031711 -3 -16 16.2788205961 81.043958737943 9031372 -4.709680349855 0.136786563782 4.711666325393 0 
936 680 -0.127634860051 -0.16738705023 0.210497225836 54.711010048541 8800143 -20 0 20 2.03701413173 8797712 -4.340854117218 0.154393721383 4.343598955724 0 
952 680 -3.76939820838 -0.048935757521 3.769715846281 3.876439401633 8888890 -3.76939820838 -0.048935757521 3.769715846281 3.876439401633 8888890 -3.234457564119 0.17702033228 3.239298061638 0 
968 680 -2.589223952095 -0.259949347007 2.602240253534 14.106337847238 8876660 -2.589223952095 -0.259949347007 2.602240253534 14.106337847238 8876660 -1.390490690559 0.204666396472 1.405472409682 0 
984 680 -0.112682328103 -0.19423966033 0.22455812769 84.784386840401 8898947 -0.112682328103 -0.19423966033 0.22455812769 84.784386840401 8898947 -0.496883615772 0.230680144915 0.547819912819 0 
1000 680 -0.457999070265 -0.04384995557 0.460093432866 30.204604933999 8993371 15 15 21.213203435596 110.26436368682 8993051 -0.553636339758 0.255061577609 0.609565095025 0 
1016 680 -0.685478681984 0.027507535577 0.686030384143 22.086251810372 9018545 7 -16 17.464249196573 138.013615685358 9015556 -0.60111201367 0.272477134384 0.659984425378 0 
1032 680 -1.090597586313 0.041483276476 1.091386254953 21.69345689845 9018128 -15 -16 21.931712199461 70.719387934933 9014160 -0.639310637508 0.282926815241 0.699117782647 0 
1048 680 -0.208289429395 0.132274479566 0.246740803966 15.049110143813 8951842 0 -16 16 107.368533097288 8947760 -0.939624609285 0.293893878768 0.984514102668 0 
1064 680 -2.776632798482 0.274152944062 2.790134321917 5.853149019451 8839553 6 -16 17.088007490635 122.048059890592 8833485 -1.502053929 0.305378324966 1.532782413451 0 
1080 680 -1.226899304618 0.559578822303 1.348484468595 14.164183094434 8888811 -12 -16 20 63.483263499955 8880885 -1.621141826701 0.296165495456 1.647972943643 0 
1096 680 -1.149578804598 0.931877361036 1.479840141364 27.427290498127 9046116 13.017582440044 -14.208859443045 19.270421356461 144.096454459172 9040868 -1.296888302388 0.266255390237 1.323937763531 0 
1112 680 -1.232569928771 0.452282000796 1.312930934038 10.392213981666 9226839 -0.713267507981 -14.713446692023 14.730725172134 96.982638037907 9223854 -1.359845233005 0.23385980936 1.379807764929 0 
1128 680 -1.628494091951 0.44365851129 1.687846522099 8.966058964412 9351942 -17 -15 22.671568097509 47.697128490857 9349120 -1.81001261855 0.198978752826 1.820916863392 0 
1144 680 -1.931442898697 0.359568697564 1.964627526834 6.335576741016 9422866 12.127607163997 -15.121198785585 19.383743401041 132.94076395818 9418679 -2.207612701942 0.162512669339 2.213586277847 0 
1160 680 -2.214015520445 0.204335913164 2.223424811002 2.481594676563 9308331 -1.781737105639 -12.438023909951 12.564992077122 84.639293895594 9300747 -2.552645483182 0.124461558899 2.555677922284 0 
1176 680 -2.36664900806 0.059474106168 2.36739618498 0.700014382339 8945673 5.311587070335 -15.113056406813 16.019283103849 111.503933572701 8933337 -2.596143520544 0.09699121137 2.597954671342 0 
1192 680 -3.207605420793 0.164342535109 3.211812728717 0.970861068798 9027878 -10 -16 18.867962264113 59.956755918407 9003880 -2.338106814029 0.080101626751 2.33947851976 0 
1208 680 -3.140975866999 0.196131513708 3.147093415795 0.956750395374 8932792 14 2 14.142135623731 169.253574867398 8911117 -1.849855211608 0.08452952543 1.851785501774 0 
1224 680 -2.767461241892 0.174684317882 2.772968866809 1.955193810387 8860407 -3 -16 16.2788205961 84.947301329325 8846753 -1.131388713279 0.110274907406 1.136750181763 0 
1240 680 -0.231025046481 0.323754618006 0.397730593218 42.939187673399 9250860 7 -16 17.464249196573 125.179268845295 9243373 -0.618150290276 0.126324740804 0.630926082443 0 
1256 680 -0.017994230423 0.226501984886 0.227215627732 62.296312403658 9800622 0 -16 16 113.161419907687 9790010 -0.310139942598 0.132679025626 0.337328486546 0 
1272 680 -0.403765903134 0.169674958966 0.437968601881 13.049636212572 10217611 -10 -16 18.867962264113 93.837909681385 10203354 -0.164053519285 0.11850767092 0.202379903292 0 
1288 680 0.043588849111 0.142685157203 0.149194644183 82.006705596084 10179442 -16 -16 22.62741699797 69.980667781508 10171103 -0.179891020337 0.083810676686 0.198456566342 0 
1304 680 -0.23365921702 -0.038087377654 0.23674306333 25.930786475484 10335184 0 15 15 73.327229441537 10332317 -0.221420428419 0.06631462833 0.231137699331 0 
1320 680 -5 15 15.811388300842 58.681698519751 10493725 -5 -16 16.76305461424 85.529328021065 10493704 -0.288641743533 0.066019525853 0.296095649923 0 
1336 680 -4.294272055838 0.195198962842 4.298706215205 14.640230647208 10399062 -5 -16 16.76305461424 89.888831838326 10398590 -0.304573375027 0.094530913491 0.31890599615 0 
1352 680 -0.201644743571 0.015875419183 0.202268711234 24.923239812719 10560896 15 12 19.209372712299 111.915361021336 10557417 -0.269215322902 0.151848791245 0.309087278107 0 
1368 680 0.102766062761 -0.020380750955 0.104767545857 146.779173273327 10957818 0 15 15 45.561725902374 10951993 -0.201477109633 0.197564790864 0.282178794907 0 
1384 680 -0.151557740958 -0.134729297839 0.202784941602 108.006712903547 11261475 0 15 15 23.629213967623 11256902 -0.101358735222 0.23167891235 0.252880824962 0 
1400 680 -0.026807832267 -0.165187773206 0.167348917796 165.146277904771 11545630 -0.026807832267 -0.165187773206 0.167348917796 165.146277904771 11545630 -0.02543319152 0.257732940264 0.25898477895 0 
1416 680 0.044591074468 -0.109219780014 0.117971709611 152.34278589296 11811346 0.044591074468 -0.109219780014 0.117971709611 152.34278589296 11811346 0.026299521472 0.275726874605 0.276978291946 0 
1432 680 0.033685148931 0.019297670969 0.038821248863 41.403799226469 11978917 0.033685148931 0.019297670969 0.038821248863 41.403799226469 11978917 0.111377234116 0.327383647601 0.345810556513 0 
1448 680 -0.215609042709 0.717916460076 0.749594092123 45.826161524761 11878459 -0.215609042709 0.717916460076 0.749594092123 45.826161524761 11878459 0.229799946411 0.41270325925 0.472368495527 0 
1464 680 0.280894216366 1.090710470618 1.126299645522 25.626633802576 11714307 0.280894216366 1.090710470618 1.126299645522 25.626633802576 11714307 0.392101027018 0.466156739562 0.609134895756 0 
1480 680 0.248321889372 0.80325923411 0.84076700573 33.632971430621 11593273 0.248321889372 0.80325923411 0.84076700573 33.632971430621 11593273 0.598280475936 0.487744088538 0.771902729487 0 
1496 680 0.960960270613 0.51338474704 1.089499215323 5.146266821983 11371054 0.960960270613 0.51338474704 1.089499215323 5.146266821983 11371054 1.070039299001 0.453471198087 1.162161877236 0 
1512 680 1.176728317177 2.329432322814 2.609778626439 51.832375891836 10274963 -3 -16 16.2788205961 111.986350912625 10194244 1.807377496213 0.36333806821 1.843536808862 0 
1528 680 1.345876970223 1.865740329662 2.300515550198 45.112347854655 9935759 -15 12 19.209372712299 132.257844249562 9864919 1.683803713145 0.269169604562 1.705182459569 0 
1544 680 0.415836985698 0.224043392055 0.47235139483 14.576840397633 10617818 -8 15 17 104.334562678115 10579397 0.699317949798 0.170965807142 0.719913121232 0 
1560 680 0.272316596998 0.130094896132 0.301796307135 2.953358672533 10727680 -11 -16 19.416487838948 147.090556373455 10689252 0.273199095307 0.113621307627 0.295884347717 0 
1576 680 1.62374411023 0.687406123584 1.76325611136 9.472337734575 10848627 0 -16 16 103.47285426077 10824986 0.405447149673 0.097136106017 0.416920633059 0 
1592 680 0.282761956418 1.11139878933 1.146804949816 70.855627535354 10728894 9 -16 18.357559750686 65.512279991526 10707968 0.921042109473 0.07847592653 0.92437927198 0 
1608 680 2.602315437601 0.252287076862 2.614516094027 3.723347911718 10587347 -14 -16 21.260291625469 132.999935229101 10570510 1.819983974706 0.057640769166 1.820896517229 0 
1624 680 0.700332437042 0.074174603713 0.70424952553 4.640439122885 10685422 0.700332437042 0.074174603713 0.70424952553 4.640439122885 10685422 1.961333491501 0.048119376601 1.96192368335 0 
1640 680 1.369272517609 0.097633593868 1.37274890134 1.953396406086 10668854 1.369272517609 0.097633593868 1.37274890134 1.953396406086 10668854 1.345090659859 0.049911748835 1.34601636911 0 
1656 680 1.091584702756 0.283867252132 1.127890854704 10.057646866169 10709154 1.091584702756 0.283867252132 1.127890854704 10.057646866169 10709154 1.10851240571 0.087617243248 1.111969664571 0 
1672 680 2.195841493478 1.025165432398 2.423362133125 17.685669773846 10633842 12 -16 20 60.470740236959 10604470 1.251598729053 0.161235859842 1.261941512537 0 
1688 680 3.546675179711 1.092888185379 3.71124095366 7.728675291144 10341322 3.546675179711 1.092888185379 3.71124095366 7.728675291144 10341322 1.353207922709 0.223966666525 1.371616837822 0 
1704 680 1.396435126347 0.733965662782 1.577573027229 16.684048749654 10223801 1.396435126347 0.733965662782 1.577573027229 16.684048749654 10223801 1.413339986677 0.275809663299 1.440000308441 0 
1720 680 1.491190386532 1.112283514266 1.860328837865 21.93034766058 10165961 1.491190386532 1.112283514266 1.860328837865 21.93034766058 10165961 1.112203187788 0.293628822307 1.150310313009 0 
1736 680 0.048005179424 1.1372851981 1.138297904359 55.917688098422 10180300 0.048005179424 1.1372851981 1.138297904359 55.917688098422 10180300 0.449797526041 0.277424143548 0.528471351972 0 
1752 680 0.093311383647 1.08392777032 1.087936774628 20.928019939488 10484114 0.093311383647 1.08392777032 1.087936774628 20.928019939488 10484114 0.125069752993 0.258163887265 0.286864141714 0 
1768 680 0.223658408539 0.416249173245 0.472531964991 2.086494453126 10787948 9 -16 18.357559750686 120.305788324402 10783864 0.138019868645 0.235848053457 0.273265051663 0 
1784 680 0.375035258773 0.49736702 0.622916846703 2.602856379819 10738041 0.025923079687 -11.789548595213 11.789577095255 145.459072649878 10737935 0.161425209535 0.235623710658 0.285616230802 0 
1800 680 3.103691627804 2.911460368241 4.255526195001 9.653081354636 10659364 3.546812573135 -11.994312973244 12.507734532243 126.349292733686 10659258 0.195285775662 0.257490858868 0.323168805079 0 
1816 680 0.227279519793 2.535147981865 2.545315554125 21.495860318601 10922477 -0.011880761202 -12.28143335254 12.281439099119 153.436616127562 10920411 0.200014479973 0.399092373766 0.446408462058 0 
1832 680 0.108646526875 0.274389813978 0.295116651202 6.710750229465 11051828 -11.770018331189 -14.850393699605 18.949077142431 156.491291352557 11046012 0.175611322466 0.660428255353 0.683377506981 0 
1848 680 -0.140314167345 0.230140163116 0.269541388727 43.322389248933 10880262 -0.062293877598 -14.316159366349 14.316294895325 168.297166622794 10870599 0.155350588252 0.733880682751 0.750143094206 0 
1864 680 0.11422569916 0.275192185374 0.297956790893 9.874454911514 10786976 0.386909521181 -14.25704824324 14.262297275953 165.777767018436 10774321 0.139232277331 0.61944965596 0.634904326115 0 
1880 680 1.408490789457 0.36445319991 1.454878839942 8.545780479998 10860058 0.701513624473 -14.348778933745 14.365917243768 110.254158897315 10847074 1.685612656366 0.717345473689 1.831904625226 0 
1896 680 3.906147127402 1.170563395647 4.077769493748 4.585227753195 11143562 4.01064145868 -13.9669629634 14.531390137598 86.075254658402 11119882 4.794491725357 1.027568135939 4.903371001517 0 
1912 680 7.949563234744 1.152472782103 8.032667622694 1.674100096993 11542231 12.842468839109 -14.047470449314 19.033140358539 57.488819916708 11495321 7.508835452476 1.313604806383 7.622871338263 0 
1928 680 9.241348566034 1.182311191951 9.316672317601 1.815953592508 11434019 9.241348566034 1.182311191951 9.316672317601 1.815953592508 11434019 9.828643837723 1.575455485021 9.954109687667 0 
1944 680 11.496248168747 0.997924036365 11.539478945765 5.320480800527 10999890 0.776906318893 2.438313019812 2.559092380303 62.045279073318 10999534 8.322658679557 1.509717541346 8.458480628993 0 
1960 680 -10.091396162188 3.101371872204 10.55721478383 142.447478174072 10784428 -3.006988637968 -12.713758123549 13.064517836223 123.775604511387 10781466 2.990879977978 1.116390975358 3.192442928625 0 
1976 680 0.276081853169 1.33137195976 1.359695732465 3.565944893503 10811392 15 -13 19.849433241279 115.633254522579 10766531 0.226014302141 0.827239549388 0.857559173961 0 
1992 680 0.213963079736 1.215518049768 1.234205950724 7.481522046103 10658643 0.213963079736 1.215518049768 1.234205950724 7.481522046103 10658643 0.028061652047 0.642263263436 0.642876003499 0 
2008 680 -0.055641308567 0.35808927451 0.362386373555 2.045600750988 10129560 15 -16 21.931712199461 147.725422636726 10068717 -0.100477457622 0.522862397234 0.532429155787 0 
2024 680 -0.199139169144 -0.009441574657 0.199362865197 73.922153879984 10345482 15 -16 21.931712199461 155.639927809427 10285442 -0.159603026866 0.469036950784 0.495448067294 0 
2040 680 -0.099466100134 0.050708287431 0.11164602765 33.910669860482 11462446 -16 0 16 60.923371564953 11429889 -0.305261504667 0.548973523743 0.628137338488 0 
2056 680 -3.055941435052 -0.026295434976 3.056054565018 55.320755184401 11536562 -3.055941435052 -0.026295434976 3.056054565018 55.320755184401 11536562 -0.537452891027 0.762672116113 0.933018953061 0 
2072 680 -3.399375148919 0.068591411807 3.400067085347 59.784744822574 11785721 -2 -16 16.124515496597 143.815665966691 11704087 -0.479498432364 0.862929946987 0.987201519471 0 
2088 680 0.017674004791 0.146830961793 0.14789084416 15.65380118543 12502093 0.017674004791 0.146830961793 0.14789084416 15.65380118543 12502093 -0.131398128677 0.849747016364 0.859846183942 0 
2104 680 0.078045931788 0.22742543947 0.240444376077 11.051291358065 12402345 0.078045931788 0.22742543947 0.240444376077 11.051291358065 12402345 0.097773308484 0.705566822793 0.712309034955 0 
2120 680 0.580842522438 2.996265113474 3.052045652689 14.824393487985 12297169 -5 -16 16.76305461424 171.558607640847 12275284 0.20801587912 0.430389366276 0.478022606756 0 
2136 680 1.259957853939 3.328026236379 3.55854639196 53.222141189128 12162375 1 -16 16.031219541881 102.465353781283 12145309 1.338278412804 0.384799167834 1.392501170464 0 
2152 680 3.2388422151 2.625407335808 4.16927602507 29.767876670359 11766018 18 -16 24.083189157585 50.893906817434 11755887 3.488560909534 0.568796227469 3.534626765008 0 
2168 680 6.518035532311 3.05671339714 7.199186342409 15.571202858977 11325373 11 -16 19.416487838948 65.045084197951 11320768 4.408592176403 0.741986266116 4.470596000194 0 
2184 680 4.486092164 2.592068769658 5.181104458563 17.575584619225 11260448 14.982546605422 -14.428557980516 20.800480479565 56.364684786304 11255997 4.098372213411 0.904369283775 4.196967786521 0 
2200 680 4.387218146666 3.445480858914 5.578442561825 26.504125211427 11282436 -6 -16 17.088007490635 122.196070280944 11264293 4.252172009959 0.875941603541 4.341456033993 0 
2216 680 3.732096424039 2.508415444312 4.4967423497 26.225992144526 11021469 4 -16 16.492422502471 83.643588685664 10988898 4.869991566047 0.656703225414 4.914069289259 0 
2232 680 7.624899795114 0.413651858589 7.636111886664 2.38205210191 10777479 11 -16 19.416487838948 60.978789050123 10735967 5.342121972854 0.513193901956 5.366715490303 0 
2248 680 5.15559275788 0.438140283534 5.174176610163 0.364676036082 10933923 20 -16 25.612496949731 43.152656165961 10902200 5.668563230381 0.445413633168 5.686035736911 0 
2264 680 4.040601347021 1.284483922848 4.239853558037 13.765715621018 11151038 4.040601347021 1.284483922848 4.239853558037 13.765715621018 11151038 4.822945526376 0.326211614818 4.833964994498 0 
2280 680 2.797811672278 1.007920229531 2.973828062049 16.637183829487 10829095 2.797811672278 1.007920229531 2.973828062049 16.637183829487 10829095 2.80526886084 0.155587846907 2.809580210584 0 
2296 680 2.318140093011 0.766199968764 2.441482312645 17.129927574459 10599132 17 -16 23.345235059858 44.424306569213 10536865 2.215275272941 0.044856623437 2.215729372367 0 
2312 680 3.195595783232 0.413898365168 3.22228866902 7.492216827177 10774252 18 -16 24.083189157585 41.521272695405 10732064 3.05296476268 -0.00598205559 3.052970623369 0 
2328 680 2.95761764671 -0.319512692142 2.974826130141 5.541600792623 10969327 2.95761764671 -0.319512692142 2.974826130141 5.541600792623 10969327 2.606052336409 -0.028391209998 2.606206983512 0 
2344 680 -5.626715789926 -0.710899220926 5.671446753953 171.333884222263 11215833 -5.626715789926 -0.710899220926 5.671446753953 171.333884222263 11215833 0.874537994129 -0.022370839786 0.874824072398 0 
2360 680 -5.716622626585 -0.370097111739 5.728590239047 107.25502242626 11565665 -5.716622626585 -0.370097111739 5.728590239047 107.25502242626 11565665 0.006516544648 -0.017012368524 0.018217739623 0 
2376 680 0.012376731733 -0.006515098566 0.013986779391 53.068266261116 11437631 -16 3 16.2788205961 109.789117444572 11114289 0.001987987966 -0.012315796214 0.012475212725 0 
2392 680 0.006347852877 0.001903079531 0.006626986332 124.375140882638 9670609 15 -8 17 79.613979279372 8118619 -0.002602225418 -0.008160504421 0.008565361028 0 
2408 680 0.019784755556 -0.001363968842 0.019831716099 143.978880943452 6899617 0.019784755556 -0.001363968842 0.019831716099 143.978880943452 6899617 -0.007254095507 -0.004546493146 0.008561103991 0 
2424 680 -0.001947634748 -0.003537408812 0.004038135983 52.245868918237 4070224 -0.001947634748 -0.003537408812 0.004038135983 52.245868918237 4070224 -0.007347616906 -0.001152935397 0.007437522049 0 
2440 680 -0.001249686986 -0.002041058974 0.002393248692 93.543525153658 1461578.875 -0.001249686986 -0.002041058974 0.002393248692 93.543525153658 1461578.875 -0.002882789616 0.002020168827 0.003520164493 0 
2456 680 -0.000931025546 0.004108184833 0.004212361711 13.168873686161 146269.96875 -0.000931025546 0.004108184833 0.004212361711 13.168873686161 146269.96875 0.000022719216 0.003255915286 0.003255994551 0 
2472 680 0 0 0 0 0 0 0 0 0 0 0.00136890959 0.002554303982 0.002897996256 0 
2488 680 0 0 0 0 0 0 0 0 0 0 0.001531503582 0.001652623747 0.00225314635 0 
2504 680 0 0 0 0 0 0 0 0 0 0 0.000510501194 0.000550874582 0.000751048783 0 
2520 680 0 0 0 0 0 0 0 0 0 0 -0.000510501194 -0.000550874582 0.000751048783 0 
2536 680 0 0 0 0 0 0 0 0 0 0 -0.001531503582 -0.001652623747 0.00225314635 0 
24 696 0 0 0 0 0 0 0 0 0 0 0 0 0 0 
40 696 0 0 0 0 0 0 0 0 0 0 0 0 0 0 
56 696 0 0 0 0 0 0 0 0 0 0 0 0 0 0 
72 696 0 0 0 0 0 0 0 0 0 0 0 0 0 0 
88 696 0 0 0 0 0 0 0 0 0 0 0 0 0 0 
104 696 0 0 0 0 0 0 0 0 0 0 0 0 0 0 
120 696 0 0 0 0 0 0 0 0 0 0 0 0 0 0 
136 696 0 0 0 0 0 0 0 0 0 0 0 0 0 0 
152 696 0 0 0 0 0 0 0 0 0 0 0 0 0 0 
168 696 0 0 0 0 0 0 0 0 0 0 0 0 0 0 
184 696 0 0 0 0 0 0 0 0 0 0 0 0 0 0 
200 696 0 0 0 0 0 0 0 0 0 0 0 0 0 0 
216 696 0 0 0 0 0 0 0 0 0 0 0 0 0 0 
232 696 0 0 0 0 0 0 0 0 0 0 0 0 0 0 
248 696 0 0 0 0 0 0 0 0 0 0 0 0 0 0 
264 696 0 0 0 0 0 0 0 0 0 0 0 0 0 0 
280 696 0 0 0 0 0 0 0 0 0 0 0 0 0 0 
296 696 0 0 0 0 0 0 0 0 0 0 0 0 0 0 
312 696 0 0 0 0 0 0 0 0 0 0 0 0 0 0 
328 696 0 0 0 0 0 0 0 0 0 0 0 0 0 0 
344 696 0 0 0 0 0 0 0 0 0 0 0 0 0 0 
360 696 0 0 0 0 0 0 0 0 0 0 0 0 0 0 
376 696 0 0 0 0 0 0 0 0 0 0 0 0 0 0 
392 696 0 0 0 0 0 0 0 0 0 0 0 0 0 0 
408 696 0 0 0 0 0 0 0 0 0 0 0 0 0 0 
424 696 0 0 0 0 0 0 0 0 0 0 0 0 0 0 
440 696 0 0 0 0 0 0 0 0 0 0 0 0 0 0 
456 696 0 0 0 0 0 0 0 0 0 0 0 0 0 0 
472 696 0 0 0 0 0 0 0 0 0 0 -0.000068514301 0.000308076645 0.000315603277 0 
488 696 0 0 0 0 0 0 0 0 0 0 -0.000205542904 0.000924229935 0.000946809832 0 
504 696 0 0 0 0 0 0 0 0 0 0 -0.000332995034 0.001016087902 0.001069261576 0 
520 696 -0.001097798643 0.000268773352 0.001130221649 38.556796532407 2994431.5 -0.001097798643 0.000268773352 0.001130221649 38.556796532407 2994431.5 -0.000450870691 0.000583650546 0.000737517688 0 
536 696 -0.000490567022 0.000167330471 0.000518319872 68.018109452953 7232991 -0.000490567022 0.000167330471 0.000518319872 68.018109452953 7232991 -0.00018315755 0.003330679475 0.003335711686 0 
552 696 -0.001241696097 0.000400601512 0.001304718655 75.026414885357 8609664 -16 0 16 92.907384386351 8561451 0.000470144391 0.009257174689 0.009269105619 0 
568 696 -0.199050990247 0.237379596414 0.309790848012 4.770079408076 8586987 -0.199050990247 0.237379596414 0.309790848012 4.770079408076 8586987 -0.036907333335 0.037229427995 0.052423101423 0 
584 696 -0.227972774113 0.218869802002 0.316030973111 5.992665444397 7546005 0 -16 16 127.840279807702 7334331 -0.112315590728 0.087247439392 0.142221333144 0 
600 696 -0.336739180505 0.093351409634 0.349439209832 22.405639526861 6756685.5 -0.336739180505 0.093351409634 0.349439209832 22.405639526861 6756685.5 -0.124945463009 0.09726797725 0.158342755202 0 
616 696 -0.84665262482 0.295249374749 0.896656489635 22.751149636717 6693200.5 -0.84665262482 0.295249374749 0.896656489635 22.751149636717 6693200.5 -0.074796950179 0.067291041568 0.100611470675 0 
632 696 -0.152711145412 0.300287393847 0.336887537372 26.36971719831 6433015 12.598249566528 0.335920840661 12.602727282287 141.797950568371 6418468 -0.093206476779 0.069409892594 0.116211791585 0 
648 696 0.069600277552 0.295341937171 0.3034321316 73.355635366641 6760026.5 14 -16 21.260291625469 161.090671264723 6672438.5 -0.180174042811 0.103624530328 0.207847850575 0 
664 696 -2.516121766693 2.072529103357 3.259792267781 19.212593198552 7080956 5 -16 16.76305461424 127.619709514354 6923535 -0.239761919587 0.088527418121 0.255583414648 0 
680 696 -1.365470595827 2.481078225102 2.832006198288 56.105864765959 6697953 11 -16 19.416487838948 129.576307604493 6586379.5 -0.271970107106 0.024118555972 0.273037440475 0 
696 696 -6.775603390896 2.134858043293 7.103972140692 17.902961213245 6352386.5 14 -2 14.142135623731 171.455540693995 6343151 -1.914357453018 -0.013844669794 1.914407514822 0 
712 696 -10.301882911858 0.10689811557 10.302437514333 0.875750463256 5916336.5 10 15 18.02775637732 123.971306179981 5762673 -5.166923957322 -0.025362259176 5.166986203285 0 
728 696 -10.065021177886 -0.123050866282 10.065773334771 0.548576688131 5514551 10 0 10 179.848136624231 5457339 -5.531152531285 -0.014660442173 5.531171960164 0 
744 696 10.249202011397 0.12756608258 10.249995852479 178.938974221962 5397006.5 -11 -16 19.416487838948 55.83941110323 5373114 -3.007043174908 0.018260781215 3.007098620247 0 
760 696 -1.423651132299 0.104167432544 1.427456969754 2.1708135974 5462024.5 14 -16 21.260291625469 133.199941125567 5375156.5 -1.313920967963 0.046204943417 1.314733131419 0 
776 696 -0.945087996856 0.094702223136 0.949820947794 2.982640299851 5830541.5 -0.945087996856 0.094702223136 0.949820947794 2.982640299851 5830541.5 -0.451785910453 0.069172044434 0.457050632441 0 
792 696 -4.22904437306 0.006718464645 4.229049709696 0.452761485249 6023414.5 -4.22904437306 0.006718464645 4.229049709696 0.452761485249 6023414.5 -4.252383746092 0.040359844865 4.252575271656 0 
808 696 -26.307711271027 -0.149338569654 26.308135135888 0.143962856125 6150954.5 3 0 3 179.818720657523 6150765 -12.71571447488 -0.040231655287 12.715778119831 0 
824 696 -14.666649710302 -0.225368126856 14.6683811144 0.546247863809 6253209.5 -8 15 17 62.261604379092 6102150 -14.175074581584 -0.082655703792 14.175315564701 0 
840 696 -8.295254347414 -0.231878826585 8.2984945911 1.024210478344 6324353 -8.295254347414 -0.231878826585 8.2984945911 1.024210478344 6324353 -8.630464066204 -0.086912300648 8.630901676305 0 
856 696 -4.974217286714 0.190080014107 4.977847730416 13.934033327293 7054883 -4.974217286714 0.190080014107 4.977847730416 13.934033327293 7054883 -4.598115222084 -0.956045281371 4.696454638937 0 
872 696 -1.923570091213 -0.457621249084 1.977255447185 38.932414472535 7915710.5 -16 -18 24.083189157585 3.947975533805 7550313 -2.078028049223 -2.69005464596 3.399204991113 0 
888 696 -1.362164281246 -0.5 1.451031195083 43.398863776439 7905977 -16 -19 24.839484696748 13.656085245514 7597912 -1.823871717655 -3.666960080114 4.095498049275 0 
904 696 -8.68957070093 -2.112588021107 8.942687913227 31.714727675767 7674974 12 -2 12.165525060596 125.158437081734 7665037.5 -3.83564622738 -3.886761583832 5.460686549434 0 
920 696 -5.777864537765 -1.335329876426 5.930162265541 16.726342003725 7078786 8.54174635315 -1.544692668365 8.680294131034 140.009827501856 7058001.5 -4.901953784658 -2.800513286458 5.645531469627 0 
936 696 -5.914160481988 0.392481737679 5.927169317737 8.443116209188 6897929 -5.914160481988 0.392481737679 5.927169317737 8.443116209188 6897929 -5.022794389489 -0.408215187991 5.039355426916 0 
952 696 -3.107542155787 0.092200806825 3.108909654328 8.274162954835 7825948 -3.107542155787 0.092200806825 3.108909654328 8.274162954835 7825948 -3.84107299189 0.675462209944 3.900011657173 0 
968 696 -1.027800023501 0.496073718001 1.141254582466 7.395923406686 8487728 14 -16 21.260291625469 149.554554884337 8478486 -1.35678959186 0.450518907346 1.429631170077 0 
984 696 -0.074651895018 2.023323277835 2.024699975813 29.024939512182 8908855 0 -16 16 148.862052007347 8902146 -0.204210792639 0.338017725268 0.394915219288 0 
1000 696 -0.47416889853 1.225507165176 1.314041078593 27.447557667864 9346946 -0.47416889853 1.225507165176 1.314041078593 27.447557667864 9346946 -0.383336594226 0.33795866371 0.511041097026 0 
1016 696 -1.009192741866 0.225726991858 1.034128940262 24.316638838603 9469635 -1.009192741866 0.225726991858 1.034128940262 24.316638838603 9469635 -0.428506055075 0.32201825424 0.536016040152 0 
1032 696 -0.125397064293 0.0978363515 0.159048342991 2.542971066226 9387149 -0.125397064293 0.0978363515 0.159048342991 2.542971066226 9387149 -0.339719175185 0.290196496858 0.446792037504 0 
1048 696 -0.904449607489 -0.31052490701 0.956271305834 43.725836071148 9197437 -0.904449607489 -0.31052490701 0.956271305834 43.725836071148 9197437 -0.575311765155 0.265550419339 0.63364079125 0 
1064 696 -1.766055434662 0.08983479988 1.768338793775 9.414422079967 9173907 14 15 20.518284528683 120.698661509246 9171836 -1.135283824984 0.248080021683 1.162072743174 0 
1080 696 -1.784670645059 0.729348618678 1.927951949324 12.002985689481 9303898 -1.784670645059 0.729348618678 1.927951949324 12.002985689481 9303898 -1.286543504094 0.232078644778 1.307308182981 0 
1096 696 -2.083839249656 1.651571588027 2.658961212351 26.462606219308 9307246 -2.083839249656 1.651571588027 2.658961212351 26.462606219308 9307246 -1.029090802487 0.217546288624 1.051833764175 0 
1112 696 -2.100017241517 1.704895625144 2.704947597885 30.567770347702 9383434 -3 -16 16.2788205961 87.883937684073 9379945 -1.310510959147 0.195941192282 1.325078082558 0 
1128 696 -2.129937586662 0.471531386207 2.181507728901 7.99457650932 9530717 -2.129937586662 0.471531386207 2.181507728901 7.99457650932 9530717 -2.130803974073 0.167263355753 2.137358792085 0 
1144 696 -1.896968560554 0.2459461544 1.912845846009 4.360019386793 9534469 -1.896968560554 0.2459461544 1.912845846009 4.360019386793 9534469 -2.679559708766 0.141709857999 2.683304290738 0 
1160 696 -2.190289196203 -0.065070603522 2.191255563928 4.011823321004 9294967 0 15 15 87.689858207932 9286289 -2.956778163226 0.11928069902 2.959183162917 0 
1176 696 -3.080747242594 -0.013428295102 3.080776507938 1.730299083322 9391819 -19 -16 24.839484696748 41.581468594451 9357484 -3.054221358095 0.078940682558 3.055241354723 0 
1192 696 -2.98497957016 -0.058058893197 2.985544149623 1.513159811175 9264818 -18 -16 24.083189157585 42.032416765832 9214953 -2.971889293374 0.020689808613 2.971961312038 0 
1208 696 -2.712475761116 -0.081950229507 2.713713432689 2.041590866019 9032974 13 15 19.849433241279 130.603305304107 9008826 -2.477725047529 0.013452528687 2.477761566753 0 
1224 696 -2.782967566564 -0.475248126923 2.823255082116 11.776231964065 9497249 -2.782967566564 -0.475248126923 2.823255082116 11.776231964065 9497249 -1.571728620561 0.057228842781 1.57277016666 0 
1240 696 -0.206165736418 -0.343699687251 0.400791449371 64.41268154762 9675759 15 -1 15.033296378373 178.444265613051 9675163 -0.89126695625 0.083775725559 0.895195598457 0 
1256 696 -0.395873795558 -0.133369448829 0.417736127107 30.662106608135 9570913 -14.175776093539 -15.143720378835 20.743309638688 58.934349223822 9570365 -0.436340054596 0.093093177021 0.446160265883 0 
1272 696 -0.331440518772 0.28040506955 0.434142626925 35.487103957747 9613693 15 0 15 175.255239008022 9613126 -0.84755017433 0.070347955856 0.850464657055 0 
1288 696 -2.086132318585 0.25631390543 2.101819418685 6.585559249388 9728299 -2.086132318585 0.25631390543 2.101819418685 6.585559249388 9728299 -2.124897315451 0.015540062063 2.124954139443 0 
1304 696 -2.989675486521 0.239783789901 2.999275876041 4.935782040307 9880193 -2.989675486521 0.239783789901 2.999275876041 4.935782040307 9880193 -3.693953413514 -0.022581455826 3.694022434063 0 
1320 696 -2.979124636221 0.106162102261 2.98101559709 2.494903312801 10037438 -21 0 21 0.454012658315 10036462 -5.554718468521 -0.04401659781 5.55489286354 0 
1336 696 -6.073821598234 -0.158308177748 6.075884321341 1.293700369735 10149066 8 15 17 118.271806602896 10144637 -6.390550422733 -0.022231437144 6.390589091961 0 
1352 696 -19.42297264119 0.422920869247 19.427576490187 0.85218910053 10220384 9 0 9 179.604812971959 10220299 -6.201449276151 0.042774026175 6.201596789698 0 
1368 696 -4.388663777258 3.048415472891 5.343520061268 33.844323070085 10320722 -21 4 21.377558326432 9.844340166649 10319865 -5.766547357293 0.094610754248 5.767323436285 0 
1384 696 -5.030816048894 0.333207603004 5.041838694813 2.288215020186 10513455 -5.030816048894 0.333207603004 5.041838694813 2.288215020186 10513455 -5.08584466616 0.133278747075 5.087590706093 0 
1400 696 -8.603350558048 0.23688353714 8.606611100475 0.324049004909 10674818 -8.603350558048 0.23688353714 8.606611100475 0.324049004909 10674818 -4.436545791432 0.147270347012 4.438989424923 0 
1416 696 -0.277375831067 0.16874222645 0.324671049907 29.265853708859 10747303 -0.277375831067 0.16874222645 0.324671049907 29.265853708859 10747303 -3.81865073311 0.136585554056 3.821092649369 0 
1432 696 0.326064340311 0.147524547921 0.35788468291 150.38213149926 10851611 0.326064340311 0.147524547921 0.35788468291 150.38213149926 10851611 -1.614799989117 0.149060579645 1.621665212445 0 
1448 696 1.744813720252 0.207613329861 1.757122139499 1.931900868599 10723900 1 -16 16.031219541881 91.277417584122 10716623 2.175006440548 0.184695423777 2.182834262144 0 
1464 696 0.53131783019 0.122121451093 0.545171794478 10.729647837149 10566391 -1 -16 16.031219541881 95.791088263233 10556213 4.586654020361 0.177384310288 4.590082820171 0 
1480 696 4.610122760949 0.195078190212 4.614248299703 1.127230316183 10778334 18 -16 24.083189157585 42.92934492053 10774389 5.620142750322 0.127127239177 5.621580371118 0 
1496 696 1.297114247119 0.251822119011 1.321332565897 9.834395212647 10973621 20 9 21.931712199461 23.075393250251 10967005 5.337543185089 0.107364948136 5.338622901534 0 
1512 696 3.04584594611 -0.055913997907 3.046359122394 2.860859808166 10759692 18 -6 18.97366596101 20.244121725732 10752681 3.738855324663 0.118097437167 3.740720003345 0 
1528 696 1.926114557201 -0.229437369812 1.939731629409 9.120869085848 10410944 17 -5 17.720045146669 18.71738666285 10409521 2.272697931108 0.092387335967 2.274574972585 0 
1544 696 -0.084768495209 -0.152403945278 0.174392259909 120.927296891993 10267856 -8 15 17 116.22840984779 10248438 0.939071004424 0.030234644537 0.939557600725 0 
1560 696 -0.257730999942 0.043791439934 0.261424862136 164.771505284533 10272658 15 0 15 5.585382229297 10265651 0.544365325134 0.053235272131 0.546962157199 0 
1576 696 1.609336437003 0.349451964821 1.646839531704 3.818001204568 10425490 15.328425566334 -14.135523073345 20.851226412365 51.114585581339 10421453 1.08858089324 0.161389218749 1.100479368755 0 
1592 696 -0.53021953206 0.438984410097 0.688360417576 133.59102995549 10391424 16 -14 21.260291625469 47.972533939341 10384966 1.79562493093 0.213689679144 1.808295377296 0 
1608 696 0.72527185064 0.26164289721 0.771022868008 15.329347940652 10346976 -12.145137718915 -14.825572841149 19.165124061159 133.832036217666 10338776 2.665497438204 0.210136653315 2.673767754713 0 
1624 696 1.919507113913 0.035280200899 1.919831308459 2.723715907029 10243278 5 15 15.811388300842 67.788367546767 10236981 2.920692337518 0.192798391507 2.92704884657 0 
1640 696 1.947233631456 0.063462480541 1.948267512922 1.745299291352 10079639 15 15 21.213203435596 41.388029116161 10068596 2.561209628871 0.16167489372 2.566307373305 0 
1656 696 1.853139659966 0.098352589228 1.855747782202 0.920822052262 10168690 2.014538426965 -14.268943063106 14.410451110631 85.922756596205 10156860 2.454064866573 0.169834258939 2.459934561093 0 
1672 696 3.561872029705 0.233049016868 3.569487946507 1.034886104079 10219155 3.463087443395 -14.730617284043 15.132219275755 81.548661111479 10211762 2.599258050625 0.217276487165 2.608323500951 0 
1688 696 3.270806776181 0.26108307985 3.281210347066 1.360408619313 9917450 1.990196014858 -15.308149204089 15.436978727465 88.516793879001 9911002 2.474589819144 0.256780767603 2.487876832889 0 
1704 696 2.998644588923 0.190777723231 3.004707225398 4.251968324058 10015133 -12.992131396783 0.121840624456 12.992702696862 171.570399045646 10008688 2.08006017213 0.288347100252 2.099951039883 0 
1720 696 2.417940640329 0.206016081816 2.426701375555 5.902471226623 10166472 -11.190656879058 -0.057369013721 11.190803929502 169.521236535607 10162439 1.420645751078 0.270295760578 1.446130750743 0 
1736 696 -0.027163569574 0.0396627937 0.048072827211 102.198718208447 10153384 -0.027163569574 0.0396627937 0.048072827211 102.198718208447 10153384 0.496346555989 0.20262674858 0.53611333026 0 
1752 696 -0.825286662105 0.030748781792 0.825859287185 6.701859525218 10469282 -1 -16 16.031219541881 95.259281770606 10461202 -1.053380188719 0.163742427381 1.066030677097 0 
1768 696 0.181044499237 0.23254201648 0.294708160953 125.177780048609 10685270 3 -16 16.2788205961 103.344249790929 10680775 -3.228534483046 0.153642796982 3.232188270705 0 
1784 696 -3.694885974501 0.211540670894 3.700936613886 1.321399232795 10625254 -20 -16 25.612496949731 40.615146347192 10623194 -4.360087080254 0.14885486706 4.362627318353 0 
1800 696 3.781716358019 0.134543991439 3.784108970173 176.038975571496 10588795 3.541190896213 -14.740037930724 15.159444289373 105.432340590184 10587523 -4.448037980342 0.149378637616 4.450545567899 0 
1816 696 -2.065607027498 -13.582215874621 13.738388568418 85.692163335356 10719622 7.94458484553 1.387111365914 8.064769451713 165.756541842019 10719384 -2.019610670481 0.153257104611 2.025417241073 0 
1832 696 6.34456581546 -14.238421281485 15.58801321451 69.122871842953 10754045 -8.100260341971 1.533850900354 8.244205006683 166.137153286814 10753607 2.92519484933 0.160490268045 2.929594175425 0 
1848 696 3.189964740567 -15.01898879804 15.354019003561 81.013109433202 10582449 3 15 15.297058540778 75.685790893746 10582168 3.956449491048 0.20764485852 3.961894617792 0 
1864 696 5 -16 16.76305461424 87.988932960874 10452084 2.659213758304 0.578958863549 2.721508989152 3.060308144449 10452046 1.074153254674 0.294720876037 1.113851699868 0 
1880 696 1.339843667079 1.397163299756 1.935780550165 24.026000649231 10550866 1.326685256609 -14.183964062463 14.24587414992 106.830171804559 10549802 1.277806698587 0.520780147682 1.379855761003 0 
1896 696 5.872269757389 1.152272624544 5.984253028141 0.125761809567 10710928 10.055755283137 -14.102314569292 17.32032016233 65.484883394049 10708577 4.567409822786 0.885822673456 4.652516985255 0 
1912 696 6.094278058115 0.61550339543 6.125281175539 3.357211050513 10687306 6 -15 16.155494421404 77.322943635078 10684332 6.752356575761 1.084496161216 6.838892545575 0 
1928 696 5.866288785372 0.925944619266 5.9389155198 0.854961581115 10558606 4 16 16.492422502471 67.849059969792 10552794 7.832646957512 1.116800610963 7.911864632668 0 
1944 696 5.514917833591 1.080424974224 5.619754161544 1.996035053992 10430127 21 1 21.023796041629 6.362057752513 10429110 6.397717223798 1.023416233302 6.479055985425 0 
1960 696 2.109571277491 0.894264901988 2.291287997992 4.780441283501 10390831 2.109571277491 0.894264901988 2.291287997992 4.780441283501 10390831 2.44756737462 0.804343028232 2.576345039075 0 
1976 696 0.098543497199 0.14945346413 0.179017202472 2.356452594112 10327929 0.098543497199 0.14945346413 0.179017202472 2.356452594112 10327929 0.364902687752 0.606274434563 0.707617595551 0 
1992 696 0.149336495947 0.102174117961 0.1809445755 36.390061702174 10090342 15 0 15 70.769495806656 10083852 0.149723163197 0.429210452297 0.454575228052 0 
2008 696 0.502460653935 0.181902380783 0.534373637905 66.026696760113 9815918 -16 2 16.124515496597 86.946858978493 9802580 0.0200005218 0.280955457813 0.281666451937 0 
2024 696 0.180023306801 0.160986697605 0.241505916692 56.73940760932 9746673 -14.976999702789 0.545756129943 14.986939976216 79.368853987221 9743684 -0.024265236436 0.16150945111 0.163322088209 0 
2040 696 0.177207827782 0.088803279958 0.198213613959 155.556934143012 9925513 -0.378871243357 -14.678506173621 14.683394938095 86.347919870138 9921400 -0.149514566129 -0.005674596006 0.149622212671 0 
2056 696 2.281430862783 0.140526203399 2.285754666516 151.721935998518 9945501 -3 15 15.297058540778 110.49284885022 9932780 -0.355747467279 -0.220596683534 0.418591874338 0 
2072 696 0.16086475804 -0.129356595068 0.206423349132 81.92511957374 9975816 0.16086475804 -0.129356595068 0.206423349132 81.92511957374 9975816 -0.14197957968 -0.238845255434 0.277858339967 0 
2088 696 0.239365981319 -0.087094989631 0.254718688422 12.990116063616 10416745 0 15 15 97.004155189398 10371701 0.491789096668 -0.060420311706 0.495486760335 0 
2104 696 -0.054217206482 -0.021639533252 0.058376149908 162.302103317913 10971564 0 15 15 85.939636337866 10947323 0.746898309367 0.053019014597 0.74877773768 0 
2120 696 0.176994284979 0.060465495021 0.187037571101 9.61551313992 11380776 -0.228171729353 -15 15.001735310892 100.117369733672 11368786 0.62334805842 0.101472723477 0.631553256302 0 
2136 696 1.2724587256 0.08476577935 1.275278967797 1.362350226758 11438427 6 15 16.155494421404 63.025070446839 11425706 1.501583946136 0.13595515089 1.507726152306 0 
2152 696 5.356154828539 0.025677594926 5.356216377832 2.374500017239 11237446 17 -16 23.345235059858 45.913471309358 11223914 3.381605972516 0.156466296837 3.385223870795 0 
2168 696 6.662045325914 0.370629584082 6.672346979372 1.082073067861 11162074 -8.434765897844 -14.946857714095 17.162570648852 121.538956697854 11151395 4.548916858222 0.166974580463 4.551980348545 0 
2184 696 5.924147210176 0.259256369269 5.929817369265 0.588701328697 11069873 15.05469253502 -13.750836786983 20.389440396103 44.325443160894 11055287 5.003516603254 0.167480001767 5.006318802277 0 
2200 696 5.234523492052 0.231400461016 5.239635708921 1.299984961656 11117139 5.292968044691 -14.117704904771 15.077304218604 70.679340835711 11104714 5.447725994181 0.117083196144 5.448984032138 0 
2216 696 5.207591349791 0.173144464159 5.210468949326 1.750532756008 11009422 4.986761924173 -15.236128605906 16.031450632556 72.030569305041 10988533 5.881545031002 0.015784163594 5.881566210758 0 
2232 696 10.490558539388 0.10003990052 10.491035528012 2.033694184441 10763881 20.324647871565 -15.230123232898 25.397794486773 35.358453761078 10730316 6.073395182505 -0.157693255754 6.075442058466 0 
2248 696 6.267128869745 0.046541989412 6.267301686274 4.256587037505 10933518 14.496636852225 -12.94063889497 19.432257075165 37.923074842279 10916103 6.023276448687 -0.403349061899 6.036766489027 0 
2264 696 4.495587385939 0.405350053777 4.513824831638 11.372405843409 10954056 16 15 21.931712199461 49.372584830759 10916850 4.955693326087 -0.54012799644 4.985041082555 0 
2280 696 3.328337092309 0.700081881337 3.401167805419 23.071260297529 10547426 3.328337092309 0.700081881337 3.401167805419 23.071260297529 10547426 2.870645814703 -0.568030059378 2.926305784061 0 
2296 696 3.485373905117 0.623287592996 3.540666417788 20.120957299144 10266961 17 -16 23.345235059858 33.282337325488 10239569 2.64435044228 -0.465411806335 2.684994862391 0 
2312 696 5.084245793264 0.467489381561 5.105693058557 8.362173336143 10456228 -12 8 14.422205101856 149.418610063946 10443778 4.276807208817 -0.23227323731 4.283109940004 0 
2328 696 8.386918175457 0.006190181049 8.386920459868 1.593419423965 10376890 -13 -1 13.038404810405 174.050163839662 10368282 3.843908304172 -0.104089021911 3.845317356911 0 
2344 696 -5.523541981272 -1.438272648686 5.707726713047 161.966160395936 10172044 11.582803071602 -3.943813518306 12.235807781373 15.364409581687 10168629 1.345653728344 -0.080859160138 1.348080917595 0 
2360 696 -5.355134432627 -0.203896897532 5.359014716935 141.828833101158 10133910 15 15 21.213203435596 80.990681727862 10082916 0.087681345915 -0.063682441931 0.108367300565 0 
2376 696 0.414377467258 -0.12109974203 0.431710357636 20.613460321686 10112062 -16 0 16 143.095801640635 10110727 0.069991156887 -0.05255886729 0.087528261568 0 
2392 696 0.408263119203 0.01892848159 0.408701678388 41.000674109544 10335424 -16 0 16 141.653854239047 10312941 0.04624278329 -0.036580861131 0.058962313451 0 
2408 696 0.018298739699 0.000628385294 0.018309526008 45.742532312731 10691807 -16 -11 19.416487838948 101.715729473592 10470905 0.016436225125 -0.015748423456 0.022763179429 0 
2424 696 -0.002221221738 -0.000368138521 0.002251522147 106.938539639403 9476067 -16 8 17.888543819998 142.914076203619 8015820.5 0.001565928683 -0.003161602441 0.003528152864 0 
2440 696 -0.000467003408 -0.001224547846 0.001310576061 146.736245630497 6748282 -0.000467003408 -0.001224547846 0.001310576061 146.736245630497 6748282 0.001631893964 0.001179601913 0.002013588484 0 
2456 696 0.002130143779 -0.000905995535 0.00231480894 86.468854896483 3548449 0.002130143779 -0.000905995535 0.00231480894 86.468854896483 3548449 0.00153708861 0.003073214745 0.003436173782 0 
2472 696 0.002776113985 0.000919807952 0.002924526547 44.706423464719 905668.9375 0.002776113985 0.000919807952 0.002924526547 44.706423464719 905668.9375 0.00128151262 0.002519236054 0.002826450935 0 
2488 696 0 0 0 0 0 0 0 0 0 0 0.000865293468 0.001681685031 0.001891242272 0 
2504 696 0 0 0 0 0 0 0 0 0 0 0.000288431156 0.000560561677 0.000630414091 0 
2520 696 0 0 0 0 0 0 0 0 0 0 -0.000288431156 -0.000560561677 0.000630414091 0 
2536 696 0 0 0 0 0 0 0 0 0 0 -0.000865293468 -0.001681685031 0.001891242272 0 
24 712 0 0 0 0 0 0 0 0 0 0 0 0 0 0 
40 712 0 0 0 0 0 0 0 0 0 0 0 0 0 0 
56 712 0 0 0 0 0 0 0 0 0 0 0 0 0 0 
72 712 0 0 0 0 0 0 0 0 0 0 0 0 0 0 
88 712 0 0 0 0 0 0 0 0 0 0 0 0 0 0 
104 712 0 0 0 0 0 0 0 0 0 0 0 0 0 0 
120 712 0 0 0 0 0 0 0 0 0 0 0 0 0 0 
136 712 0 0 0 0 0 0 0 0 0 0 0 0 0 0 
152 712 0 0 0 0 0 0 0 0 0 0 0 0 0 0 
168 712 0 0 0 0 0 0 0 0 0 0 0 0 0 0 
184 712 0 0 0 0 0 0 0 0 0 0 0 0 0 0 
200 712 0 0 0 0 0 0 0 0 0 0 0 0 0 0 
216 712 0 0 0 0 0 0 0 0 0 0 0 0 0 0 
232 712 0 0 0 0 0 0 0 0 0 0 0 0 0 0 
248 712 0 0 0 0 0 0 0 0 0 0 0 0 0 0 
264 712 0 0 0 0 0 0 0 0 0 0 0 0 0 0 
280 712 0 0 0 0 0 0 0 0 0 0 0 0 0 0 
296 712 0 0 0 0 0 0 0 0 0 0 0 0 0 0 
312 712 0 0 0 0 0 0 0 0 0 0 0 0 0 0 
328 712 0 0 0 0 0 0 0 0 0 0 0 0 0 0 
344 712 0 0 0 0 0 0 0 0 0 0 0 0 0 0 
360 712 0 0 0 0 0 0 0 0 0 0 0 0 0 0 
376 712 0 0 0 0 0 0 0 0 0 0 0 0 0 0 
392 712 0 0 0 0 0 0 0 0 0 0 0 0 0 0 
408 712 0 0 0 0 0 0 0 0 0 0 0 0 0 0 
424 712 0 0 0 0 0 0 0 0 0 0 0 0 0 0 
440 712 0 0 0 0 0 0 0 0 0 0 0 0 0 0 
456 712 0 0 0 0 0 0 0 0 0 0 0 0 0 0 
472 712 0 0 0 0 0 0 0 0 0 0 -0.000176141605 0.000207743669 0.000272366109 0 
488 712 0 0 0 0 0 0 0 0 0 0 -0.000528424814 0.000623231008 0.000817098326 0 
504 712 0 0 0 0 0 0 0 0 0 0 -0.000622903297 0.00068410261 0.000925205327 0 
520 712 -0.00072680438 0.000459769433 0.000860018917 8.027068061157 653127.9375 -0.00072680438 0.000459769433 0.000860018917 8.027068061157 653127.9375 -0.000459577054 0.000390358473 0.000602984914 0 
536 712 -0.000215299146 0.000086454368 0.000232008793 63.245028080824 2935086 -16 14 21.260291625469 43.937258652897 848649.125 -0.000217035836 0.002543707218 0.002552949464 0 
552 712 0.000271730721 -0.000675678288 0.000728271058 157.252192908357 5529076.5 0.000271730721 -0.000675678288 0.000728271058 157.252192908357 5529076.5 0.000104720357 0.007144148844 0.007144916309 0 
568 712 -0.001772239855 0.000376086894 0.001811705124 42.201675313417 6433113 14 -16 21.260291625469 174.631402928049 5832151 -0.014610336946 0.020244823821 0.024966273996 0 
584 712 -0.031930169105 0.003161183032 0.032086270853 37.673937095879 5357567.5 -0.004345945987 14.483712825638 14.483713477655 46.654840726257 4751122 -0.044362207746 0.041845732149 0.060984184632 0 
600 712 -0.012421420317 0.002849048625 0.012743969584 31.353363421605 4725331.5 15 15 21.213203435596 90.728389854674 4046402 -0.04958526597 0.048340290765 0.069249421027 0 
616 712 -0.003329635481 0.012561358929 0.012995161045 22.46727712774 4814937.5 -16 -16 22.62741699797 97.686765094562 4040096 -0.030279511618 0.039728499669 0.04995200206 0 
632 712 0.016309933388 0.025304185332 0.030105078017 79.347838392002 4553848 12 -16 20 170.326056650093 3697299.75 -0.044532314045 0.042194874813 0.061347652397 0 
648 712 0.017434166972 0.040317960429 0.043925938933 82.2689372828 5588024 -3 -16 16.2788205961 110.495878163105 4186975 -0.092343673249 0.055739416197 0.107862118036 0 
664 712 -0.004729311664 0.069137517941 0.069299082071 66.112887765458 6452889.5 -0.004729311664 0.069137517941 0.069299082071 66.112887765458 6452889.5 -0.13450574509 0.048886773551 0.143114332232 0 
680 712 -0.188717804115 0.060620920247 0.198215301028 10.59768342449 5767130 -0.188717804115 0.060620920247 0.198215301028 10.59768342449 5767130 -0.171018529567 0.021636946872 0.172381828871 0 
696 712 0.03457416171 0.016545707754 0.038329272143 154.305108413106 4916500 -10 -16 18.867962264113 58.115735376525 3686133.5 -0.741346660581 0.001567148449 0.741348316993 0 
712 712 -1.103025236279 -0.022406189082 1.10325278571 0.81218989476 3842067 -9.225337179551 -13.725495284264 16.537716495174 55.742188741424 3262593.25 -1.845490138133 -0.011322621719 1.845524871604 0 
728 712 -1.040163000698 -0.022972111734 1.040416640552 0.994821974322 3274612.25 14 0 14 179.72964419283 3083086.75 -1.937771331324 -0.009143633703 1.937792903935 0 
744 712 -0.842872055735 -0.004001256483 0.842881553003 0.728017139705 3423616.5 -0.842872055735 -0.004001256483 0.842881553003 0.728017139705 3423616.5 -1.018190240155 0.008104112498 1.018222491298 0 
760 712 -2.405578365163 0.296122008012 2.423735859076 3.735651049072 3589343 15 -1 15.033296378373 179.467968329288 3494919.25 -0.412700403944 0.023666385143 0.413378423725 0 
776 712 0.007489372787 4.73071956466 4.730725493005 72.893294213269 4120962.75 11.076196374738 -10.295893250655 15.122418588329 154.288374677162 4104881 -0.121301822692 0.037543184233 0.126978828435 0 
792 712 -1.360776011405 6.427666793647 6.570130269893 76.811070018132 4612773 -1.387978341753 -8.876792449425 8.984649579552 82.348730976072 4602239.5 -1.386683860407 0.029907947026 1.387006349664 0 
808 712 -4.300369069764 7.475716346181 8.624355571562 60.080190994065 4925310 -19.013776846784 -8.254572669658 20.728282127035 23.477774904226 4920688 -4.208846517087 0.000760673523 4.208846585826 0 
824 712 -18 -16 24.083189157585 41.357609925058 5144035.5 -18 15 23.43074902772 40.081500503777 5143903 -4.697867351113 -0.022624524983 4.69792182968 0 
840 712 12.242423179597 -5.367099423186 13.367224151884 155.51925776958 5094516.5 -18 -5 18.681541692269 14.716096820035 5094186.5 -2.853746362484 -0.040247648494 2.854030163576 0 
856 712 -7.353713790146 0.613221320119 7.379237555116 67.045070107897 5189173 9 -18 20.124611797498 54.286809410068 5166581 -1.459300481728 -2.776994986302 3.13707810708 0 
872 712 -4.070205376929 -18.303118560816 18.750219221697 8.961131464721 6019755 0.430832176356 -4.031980811772 4.054933492757 9.675290013183 5988449.5 -0.514529708844 -8.23286653841 8.248929158415 0 
888 712 0.188996201489 -18.877028864248 18.877974952463 2.837952575593 6176077.5 0.201107108619 -8.748051453596 8.750362752704 3.581256876972 6145478 -0.445339128178 -11.262840170176 11.271641213152 0 
904 712 -9.535257667383 -9.467613776977 13.437144392072 39.182628548399 5883044.5 3.191315035526 -18.964666875298 19.231304722951 15.573388319133 5879236.5 -1.25172873973 -11.866915881602 11.932749782799 0 
920 712 -5.682440336347 -7.233710899942 9.198733693291 22.352929354568 5185363.5 -7.748667991343 -20.06387287231 21.508157761098 5.31809088275 5174807 -2.439504501636 -8.621904548094 8.960380586222 0 
936 712 -5.003530483172 -0.601300833448 5.03953172312 14.010458960686 5018448.5 -5.949065704356 -15.195904736665 16.318912449074 47.756950991255 4975694 -4.008666413895 -1.527806169654 4.289941504254 0 
952 712 -3.065237157465 1.126005579547 3.265511812362 4.10294978011 6553026 -3.065237157465 1.126005579547 3.265511812362 4.10294978011 6553026 -3.622455692147 1.633592853023 3.9737653241 0 
968 712 -1.064307887933 0.46988015189 1.163416794385 10.127797365439 7812635 -1.064307887933 0.46988015189 1.163416794385 10.127797365439 7812635 -1.280872336392 0.862292519936 1.544079768689 0 
984 712 -0.094927986437 0.286650807854 0.301960275951 5.515715525098 8383368 -0.094927986437 0.286650807854 0.301960275951 5.515715525098 8383368 -0.201305664245 0.455588490335 0.49808116104 0 
1000 712 -0.156720225608 0.125395889999 0.200712128042 8.471091534474 8844473 -0.156720225608 0.125395889999 0.200712128042 8.471091534474 8844473 -0.383755675706 0.413480764219 0.564123001672 0 
1016 712 -2.295954315289 0.052289129722 2.296549666561 41.162229176598 9030590 -2.295954315289 0.052289129722 2.296549666561 41.162229176598 9030590 -0.39911235414 0.365294946994 0.541046273 0 
1032 712 -0.023225777766 -0.006102135855 0.024014012885 66.224029888591 8913763 -0.023225777766 -0.006102135855 0.024014012885 66.224029888591 8913763 -0.24737569955 0.311031038659 0.39741042228 0 
1048 712 -1.023038679892 -0.014750932803 1.023145019327 40.432269033513 8767483 -1.023038679892 -0.014750932803 1.023145019327 40.432269033513 8767483 -0.303469913958 0.251107402316 0.393889472029 0 
1064 712 -0.913714069609 0.360322368146 0.982194283219 3.41529884858 8847760 -0.913714069609 0.360322368146 0.982194283219 3.41529884858 8847760 -0.567394997366 0.185524037964 0.596955820558 0 
1080 712 -6.678068933821 1.11165473014 6.7699616634 4.505449597137 8956636 15 1 15.033296378373 162.229479697327 8954993 -0.62845135779 0.156183190308 0.647567987197 0 
1096 712 -0.403220896541 1.216445215976 1.281532697545 53.133658711986 8979210 15 0 15 161.472715036586 8978716 -0.48663899523 0.163084859348 0.513238914178 0 
1112 712 -1.147693913705 0.243302872195 1.173199730299 4.237051562823 9036648 -1.147693913705 0.243302872195 1.173199730299 4.237051562823 9036648 -1.141637748411 0.155005632576 1.152112622415 0 
1128 712 -2.071082810379 0.072192983204 2.072340665593 0.916111678019 9050352 -2.071082810379 0.072192983204 2.072340665593 0.916111678019 9050352 -2.593447617333 0.131945509994 2.596801910324 0 
1144 712 -3.141351705996 0.281677220141 3.153955072145 2.89765231592 8800002 -3.141351705996 0.281677220141 3.153955072145 2.89765231592 8800002 -3.33726011119 0.129733811422 3.339780817893 0 
1160 712 -3.265159241885 -0.232813640488 3.273448803031 6.597053683035 8988463 -19 -14 23.600847442412 38.902982047972 8941759 -3.373075229981 0.148370536861 3.376336820182 0 
1176 712 -3.702500086043 0.16432671197 3.706144918297 0.780287738477 9218071 -19 -16 24.839484696748 41.861889771047 9179852 -3.331481047716 0.102425116621 3.333055186433 0 
1192 712 -3.128511081813 -0.317263879796 3.144556877916 5.646087566527 8347234 12 15 19.209372712299 128.804318263841 8225710.5 -3.212477564395 -0.008102449299 3.2124877823 0 
1208 712 -2.284727049314 -0.572545393015 2.355373838042 13.584302017951 8183140.5 -2.284727049314 -0.572545393015 2.355373838042 13.584302017951 8183140.5 -2.760095414793 -0.023322050248 2.760193945503 0 
1224 712 -1.479440787409 -0.080306850809 1.481618788264 4.753995888662 8939834 -1.479440787409 -0.080306850809 1.481618788264 4.753995888662 8939834 -1.97433459891 0.056766313774 1.975150506375 0 
1240 712 -4.55452617168 0.110171898323 4.555858480649 3.113379139507 9030774 -4.55452617168 0.110171898323 4.555858480649 3.113379139507 9030774 -1.244190871988 0.097899571 1.248036558736 0 
1256 712 -6.121653628917 0.074467852563 6.122106550322 9.267008121054 8957464 15 0 15 170.036042414279 8953678 -0.569664234027 0.100077721431 0.578388182674 0 
1272 712 -9.758110818822 0.102208273783 9.758646078409 1.291700042144 9050816 4 15 15.52417469626 103.039612393697 9030088 -2.139098139693 0.07065489581 2.140264695205 0 
1288 712 -9.507403337326 0.122634368549 9.508194224296 0.646303354645 9084655 -20.217204307091 -11.549382368458 23.283547476438 29.830522362129 9067695 -5.952492588986 0.009631094138 5.952500380504 0 
1304 712 -11.166856936178 0.113677061713 11.167435529584 0.811632870284 9046690 5 0 5 179.771610107354 9044705 -10.54927529204 -0.042051275558 10.549359103614 0 
1320 712 -14.301894126855 0.039670877986 14.301949146684 0.462470795244 9056281 -7.163183726745 -7.913873566288 10.67429603891 47.546871927762 9042604 -15.929446248854 -0.084392213277 15.929669796979 0 
1336 712 -27.523293367194 0.224972432322 27.524212802039 0.745974652842 9208466 -3 0 3 0.277655558616 9206398 -18.407221398513 -0.089202160983 18.407437535936 0 
1352 712 -15.841374114952 1.696726165974 15.931980841445 6.293445449838 9464381 -17.179799796068 -10.283586774792 20.022429372772 30.724188137891 9454027 -17.982600741015 -0.056481118677 17.982689440891 0 
1368 712 -23.423125295669 0.407093373822 23.426662665255 1.138531557079 9486290 -1 2 2.2360679775 63.577781309043 9485870 -16.838163446765 -0.041975896817 16.83821576759 0 
1384 712 -27.803315640181 2.156621163192 27.88683157745 4.610196499544 9516514 -8.073428173521 -12.357161540293 14.760748077449 56.666994510592 9514266 -14.973909515765 -0.045686495403 14.973979212025 0 
1400 712 -20.234591436708 0.365881065398 20.237899089691 1.389437070082 9506761 -23 -16 28.017851452244 34.47095916947 9496335 -13.208575376375 -0.081501408813 13.208826819707 0 
1416 712 -24.216321474265 0.159833401344 24.216848937488 1.11984907399 9294135 4 0 4 179.258311017542 9293554 -11.542161028596 -0.149420637046 11.543128160807 0 
1432 712 0.836254205654 0.052958602178 0.83792941828 178.252761556345 9623020 -20.357282383532 0.092272368512 20.357491501481 2.136069730432 9621382 -5.138449066347 -0.168338401042 5.14120575592 0 
1448 712 16.822632047207 -0.275032311452 16.824880141269 0.382796492336 9456209 -10 -2 10.198039027186 167.370628844432 9449210 6.002560510372 -0.138254700802 6.004152483321 0 
1464 712 11.701711152939 0.018829841268 11.701726302975 0.752246992714 9208999 11.701711152939 0.018829841268 11.701726302975 0.752246992714 9208999 12.855139388683 -0.148098212317 12.855992446441 0 
1480 712 25.60477182373 -0.058933417521 25.604839645914 0.603336150134 8887312 7.305207469246 0.033953442723 7.305286373922 1.001510938368 8879173 15.419287568586 -0.197868935586 15.420557098835 0 
1496 712 3.628632055894 -0.030046435779 3.628756451646 0.307743480564 8811266 28 0 28 0.782163203814 8753462 13.552698488454 -0.185023760957 13.553961417647 0 
1512 712 4.190422246915 -0.143642715502 4.192883475266 1.098110399572 8917717 4.190422246915 -0.143642715502 4.192883475266 1.098110399572 8917717 7.255372148288 -0.109562688431 7.256199349029 0 
1528 712 4.68762115674 -0.162641081493 4.69044179481 0.061242430971 9300582 -9.04624630847 -0.176729863662 9.047972464492 176.954909634769 9299480 3.17849032585 -0.106879082198 3.180286762186 0 
1544 712 1.68748218997 0.007610282141 1.687499350477 7.882807836726 9303922 16 0 16 7.624414536896 9285264 1.322053021141 -0.176972942256 1.333845423203 0 
1560 712 0.878241919271 -0.206773582374 0.902255054368 11.936398517369 9467798 16 0 16 1.31205995434 9457285 1.083016186755 -0.02480515354 1.083300215275 0 
1576 712 -11 -2.19811264331 11.217472941473 176.783960832368 9587728 17 -2 17.117242768624 14.794277217292 9585826 2.46137982269 0.349624283952 2.486086839086 0 
1592 712 -3.438952822172 -0.20425935361 3.445013555367 173.759600456686 9718825 5.224531308036 -0.309968944972 5.233718385192 13.034885796763 9713455 3.222631384583 0.547354831191 3.268784231504 0 
1608 712 8.039190936614 1.664085098904 8.209614493491 2.11240677698 9978767 -13 3 13.341664064126 157.422924508839 9977963 3.366770872434 0.568386488178 3.414412000244 0 
1624 712 6.688603303624 0.452159604375 6.70386921569 4.157675426522 9756446 -13 3 13.341664064126 158.980311367649 9744929 3.704168184263 0.522239898438 3.740801578382 0 
1640 712 -7.730292484393 0.120516975991 7.731231870522 173.59143005379 9458300 19 0 19 5.515388383084 9456860 4.234823320071 0.408915061973 4.254519958835 0 
1656 712 0.585721263856 0.007541721867 0.585769815288 3.530659162262 9369830 0.585721263856 0.007541721867 0.585769815288 3.530659162262 9369830 4.53347505262 0.338355879845 4.546084112085 0 
1672 712 0.299620468276 0.12264407878 0.32374989586 18.39855126009 9414650 15 15 21.213203435596 41.137722762061 9342085 4.60012338191 0.310562352053 4.610594766764 0 
1688 712 3.171977498209 0.30429973509 3.186540377576 1.033215579588 9441926 -1 15 15.033296378373 89.367460481504 9414045 3.925140441532 0.305235597583 3.936990761455 0 
1704 712 2.780260202373 0.18992169586 2.786739500466 3.415207116588 9663010 17 0 17 7.323054604352 9651873 2.508526231486 0.322375616434 2.529155964373 0 
1720 712 3.725366305492 0.079834870955 3.726221640847 10.562327350576 9727575 -8.385601818126 0.360604435966 8.393351738811 165.747645442939 9721197 1.301083896041 0.271573417553 1.329124307828 0 
1736 712 -8.095602857619 0.202365772942 8.098131731106 151.788139354446 9433724 15 0 15 26.779936324062 9432619 0.302813435197 0.152829000941 0.339194162781 0 
1752 712 0.020553660324 -0.010765120467 0.023202171695 153.811626171395 9313097 -19 0 19 1.455233451073 9309392 -3.447884151204 0.087590317834 3.448996547389 0 
1768 712 1.33447085003 -0.109526667863 1.338958005522 175.744728886906 9422225 -25 0 25 0.436762032612 9419970 -9.951008863161 0.075857368232 9.951297992475 0 
1784 712 -13.250427396323 -0.235168918401 13.252514123947 1.305790144407 9709026 -29 0 29 0.289009960194 9706558 -13.376598458041 0.06747448083 13.376768634959 0 
1800 712 -13.275923684633 -0.001675135511 13.275923790316 0.26790046682 10087800 -13.275923684633 -0.001675135511 13.275923790316 0.26790046682 10087800 -13.724652935841 0.062441655628 13.724794977327 0 
1816 712 -6.018686129459 0.232322793894 6.023168319539 1.713235653204 10384428 -6.348382437713 -7.905932211947 10.13931574197 51.733191483213 10364798 -6.466633942085 0.05612851793 6.466877527173 0 
1832 712 8.277379128624 0.423248222977 8.288193065876 2.59601203095 10661270 20 -16 25.612496949731 38.990958871576 10654625 8.397458523229 0.048535067738 8.397598781923 0 
1848 712 11.175206062006 2.979301905941 11.565529403146 14.423668708894 10573232 20 -16 25.612496949731 39.163952097722 10571642 11.535990671234 0.101507455195 11.536437254641 0 
1864 712 11.954418301836 -4.341016080535 12.718197102842 24.128280994815 10522708 -6.021875634946 -6.108111289578 8.577412761936 138.763442519997 10522629 2.948962501931 0.2150456803 2.956792938711 0 
1880 712 1.301861423567 0.556252898615 1.415719058779 118.448650867555 10589333 0 15 15 51.584460430261 10587298 -0.458432221525 0.36355138627 0.585089490754 0 
1896 712 6.633737288388 0.386986414424 6.645015342066 19.26656384754 10697826 4.690959136448 -15.25619016968 15.96109131962 95.51362558371 10695542 1.313806500868 0.547024573104 1.42313857558 0 
1912 712 2.236855161396 0.35324688987 2.264575982003 5.442945918956 10633917 2 -16 16.124515496597 97.292036488544 10632159 2.330752441812 0.59917499917 2.406536437423 0 
1928 712 2.178722793725 0.443075480577 2.223319341297 0.152921035235 10482210 6 -16 17.088007490635 80.78621845671 10479056 2.592405601307 0.520002664468 2.644044169968 0 
1944 712 1.974685779564 0.935408922561 2.185034045597 13.811539585391 10397506 -14 -15 20.518284528683 144.560447592853 10389013 2.26222447901 0.461709761328 2.308860216024 0 
1960 712 0.962990847309 0.963603127925 1.362307733277 27.450961989147 10299495 12 -16 20 70.697349232285 10291162 1.34020907492 0.424296289751 1.405769435574 0 
1976 712 -0.064172878132 0.213069260204 0.222523409851 81.027422768203 10235632 -14 15 20.518284528683 107.291070820949 10234458 0.817379988654 0.393975896719 0.9073737119 0 
1992 712 1.738146433769 0.02829548889 1.738376731297 27.188394913128 10294432 -11 -16 19.416487838948 152.629560209651 10294302 0.693737220212 0.370748582233 0.786591280104 0 
2008 712 0.178544272528 0.280233680377 0.332278456825 29.149605313662 10107124 0 -16 16 118.348107286985 10106952 0.549556425235 0.296501118534 0.624439891269 0 
2024 712 1.167059932944 1.01627800982 1.547530251829 17.062735746481 9879599 6 -16 17.088007490635 93.430629206489 9879094 0.384837603722 0.171233505621 0.42121359746 0 
2040 712 1.318378117949 0.005956345176 1.318391573068 36.729466809796 9823189 -14 15 20.518284528683 169.495676016268 9821788 0.316236388884 -0.23375168043 0.393249668478 0 
2056 712 -2.135708287462 -6.027252361564 6.394452354902 40.030893499517 9660032 -16 14 21.260291625469 151.705447556645 9657598 0.343752780721 -0.91845443962 0.980675548747 0 
2072 712 3.460337296804 -1.300933707874 3.696804392977 28.192678453203 9433410 15 -6 16.155494421404 26.995308309483 9429364 0.892594519386 -1.019484661693 1.355018063151 0 
2088 712 4.096606353109 0.007098234745 4.096612502699 15.396331035749 9387924 -13.115405623179 -9.662246974103 16.290269526594 128.323509931783 9380951 1.962761604879 -0.536842346651 2.034854496701 0 
2104 712 3.336072236938 0.035880426543 3.336265183567 7.112863427304 9926910 2 -16 16.124515496597 76.378329226049 9917498 2.10108889648 -0.239264564417 2.114668315055 0 
2120 712 1.287238907164 0.037534909658 1.287786035628 7.206956889175 10541265 -3 -16 16.2788205961 95.082926566742 10534803 1.307576394189 -0.126751314992 1.313705416938 0 
2136 712 1.24614363872 0.121839721846 1.252085814209 10.004731346205 10693236 5 -16 16.76305461424 68.225498816166 10687394 1.078448128944 -0.083369772862 1.081665792123 0 
2152 712 4.990288155276 1.116394757768 5.113639909874 17.023956466577 10606210 -15 11 18.601075237738 148.159914529083 10604723 1.413704100745 -0.109119938025 1.41790918092 0 
2168 712 7.008009654868 0.63965460732 7.037141276071 9.104846320465 10547052 -11.842294826849 7.206708604183 13.862777343361 152.566750769793 10527084 2.549524524611 -0.173345872321 2.555410748401 0 
2184 712 6.065021866654 0.35085584993 6.075161732038 6.832164039305 10264246 6.065021866654 0.35085584993 6.075161732038 6.832164039305 10264246 4.485909400544 -0.27604757575 4.494394888521 0 
2200 712 5.223816821803 -0.107863002411 5.224930297626 2.220781792612 10093217 5.223816821803 -0.107863002411 5.224930297626 2.220781792612 10093217 5.171363642165 -0.307568467046 5.180501933349 0 
2216 712 4.090526369649 -0.370075767744 4.107232895109 1.840610744155 9581926 4.090526369649 -0.370075767744 4.107232895109 1.840610744155 9581926 4.605887249476 -0.267908546209 4.613672327335 0 
2232 712 3.241641312883 -0.492166987883 3.278790439377 0.512909747797 8464452 3.241641312883 -0.492166987883 3.278790439377 0.512909747797 8464452 3.783403076811 -0.60911846406 3.832122668298 0 
2248 712 3.01456882782 -1.327897469088 3.294076032224 2.438922563454 8183743 3.01456882782 -1.327897469088 3.294076032224 2.438922563454 8183743 2.703911124171 -1.331198220598 3.013838759778 0 
2264 712 1.476978495468 -1.384481009266 2.024414271114 0.981135934528 9059453 3 14 14.317821063276 122.03492130953 8635177 1.793952250078 -1.740263462826 2.499356236235 0 
2280 712 16 -1 16.031219541881 56.579997570571 9999302 -15 -1 15.033296378373 116.029593220141 9998004 1.053526454533 -1.836314190743 2.11706584629 0 
2296 712 -14 -1 14.035668847618 139.694941586893 10151597 4 -17 17.464249196573 40.540038451681 10096442 2.020238133578 -1.479643768197 2.504138134594 0 
2312 712 11.797799608565 6.049774452442 13.258500915611 35.274358131602 10294140 10 -16 18.867962264113 49.868482251018 10270818 4.694087287212 -0.670252195187 4.741697319011 0 
2328 712 8.814510614057 1.29135130105 8.908601772896 11.332536958257 10248480 -12 4 12.649110640674 164.562882734636 10234612 4.590592788277 -0.240408559101 4.596883555526 0 
2344 712 8.796898920239 -0.910602992289 8.843903460716 0.434958030413 9862980 8.796898920239 -0.910602992289 8.843903460716 0.434958030413 9862980 1.709754636772 -0.190112859938 1.720291782657 0 
2360 712 4.715172011764 -0.61364022203 4.754934428845 24.267027634249 9748174 4.715172011764 -0.61364022203 4.754934428845 24.267027634249 9748174 0.248071736687 -0.153104109218 0.291514073078 0 
2376 712 -3.858295449055 -1.350684086928 4.087883471294 128.517362276723 9554663 -3.858295449055 -1.350684086928 4.087883471294 128.517362276723 9554663 0.205544088022 -0.129382306938 0.242874769108 0 
2392 712 -0.221419363871 -0.040127181446 0.225026054909 137.596389365267 9284542 -0.221419363871 -0.040127181446 0.225026054909 137.596389365267 9284542 0.143649171429 -0.090221228447 0.169631820467 0 
2408 712 0.273610099182 0.210428970027 0.345170737174 67.28820030884 9424315 0.273610099182 0.210428970027 0.345170737174 67.28820030884 9424315 0.06238698691 -0.035620873743 0.071839980387 0 
2424 712 2.786879978302 0.274466386414 2.800362799841 25.238869556999 9843655 -14 -16 21.260291625469 111.571702668023 9755084 0.018089929802 -0.006446594522 0.019204274033 0 
2440 712 0.007043925225 0.004985631994 0.008629797735 49.371344713047 9642691 5.16842035612 -2.896193733511 5.924568095615 15.183875025021 9489568 0.010758000104 -0.002698390782 0.011091252366 0 
2456 712 -0.003254111825 0.000335469388 0.003271358049 178.920408856264 7279374 -0.003254111825 0.000335469388 0.003271358049 178.920408856264 7279374 0.004822983392 -0.00040553054 0.00484000246 0 
2472 712 0.000820481939 0.001863311468 0.002035956837 9.637851896634 2647284 0.000820481939 0.001863311468 0.002035956837 9.637851896634 2647284 0.000284879666 0.000431986206 0.000517463531 0 
2488 712 0 0 0 0 0 0 0 0 0 0 -0.001488129148 0.000638058434 0.001619150063 0 
2504 712 0 0 0 0 0 0 0 0 0 0 -0.000496043049 0.000212686145 0.000539716688 0 
2520 712 0 0 0 0 0 0 0 0 0 0 0.000496043049 -0.000212686145 0.000539716688 0 
2536 712 0 0 0 0 0 0 0 0 0 0 0.001488129148 -0.000638058434 0.001619150063 0 
24 728 0 0 0 0 0 0 0 0 0 0 0 0 0 0 
40 728 0 0 0 0 0 0 0 0 0 0 0 0 0 0 
56 728 0 0 0 0 0 0 0 0 0 0 0 0 0 0 
72 728 0 0 0 0 0 0 0 0 0 0 0 0 0 0 
88 728 0 0 0 0 0 0 0 0 0 0 0 0 0 0 
104 728 0 0 0 0 0 0 0 0 0 0 0 0 0 0 
120 728 0 0 0 0 0 0 0 0 0 0 0 0 0 0 
136 728 0 0 0 0 0 0 0 0 0 0 0 0 0 0 
152 728 0 0 0 0 0 0 0 0 0 0 0 0 0 0 
168 728 0 0 0 0 0 0 0 0 0 0 0 0 0 0 
184 728 0 0 0 0 0 0 0 0 0 0 0 0 0 0 
200 728 0 0 0 0 0 0 0 0 0 0 0 0 0 0 
216 728 0 0 0 0 0 0 0 0 0 0 0 0 0 0 
232 728 0 0 0 0 0 0 0 0 0 0 0 0 0 0 
248 728 0 0 0 0 0 0 0 0 0 0 0 0 0 0 
264 728 0 0 0 0 0 0 0 0 0 0 0 0 0 0 
280 728 0 0 0 0 0 0 0 0 0 0 0 0 0 0 
296 728 0 0 0 0 0 0 0 0 0 0 0 0 0 0 
312 728 0 0 0 0 0 0 0 0 0 0 0 0 0 0 
328 728 0 0 0 0 0 0 0 0 0 0 0 0 0 0 
344 728 0 0 0 0 0 0 0 0 0 0 0 0 0 0 
360 728 0 0 0 0 0 0 0 0 0 0 0 0 0 0 
376 728 0 0 0 0 0 0 0 0 0 0 0 0 0 0 
392 728 0 0 0 0 0 0 0 0 0 0 0 0 0 0 
408 728 0 0 0 0 0 0 0 0 0 0 0 0 0 0 
424 728 0 0 0 0 0 0 0 0 0 0 0 0 0 0 
440 728 0 0 0 0 0 0 0 0 0 0 0 0 0 0 
456 728 0 0 0 0 0 0 0 0 0 0 0 0 0 0 
472 728 0 0 0 0 0 0 0 0 0 0 -0.000172466442 0.000118182886 0.000209073835 0 
488 728 0 0 0 0 0 0 0 0 0 0 -0.000517399327 0.000354548659 0.000627221504 0 
504 728 0 0 0 0 0 0 0 0 0 0 -0.000575893071 0.000388582472 0.000694729564 0 
520 728 0 0 0 0 0 0 0 0 0 0 -0.000347947676 0.000220284328 0.000411816428 0 
536 728 0.00040625333 -0.000322423306 0.000518650707 149.560045367129 364524.96875 0.00040625333 -0.000322423306 0.000518650707 149.560045367129 364524.96875 -0.000657649263 0.00170232582 0.00182494267 0 
552 728 0.000237486045 -0.000327093279 0.000404214838 161.309341435171 1623528 0.000237486045 -0.000327093279 0.000404214838 161.309341435171 1623528 -0.001504997832 0.004834706949 0.005063537277 0 
568 728 -0.002453391893 -0.001577383756 0.002916722698 96.686997882787 2551570 -0.002453391893 -0.001577383756 0.002916722698 96.686997882787 2551570 -0.004476323597 0.009156889386 0.010192452903 0 
584 728 -0.020428469115 -0.004262420203 0.020868410969 68.660770871285 2111458 -0.020428469115 -0.004262420203 0.020868410969 68.660770871285 2111458 -0.009571626557 0.014668873131 0.017515475269 0 
600 728 -0.00344817806 -0.007219705264 0.008000879704 126.131946103253 1792376 -0.00344817806 -0.007219705264 0.008000879704 126.131946103253 1792376 -0.009778469723 0.018131307726 0.020600067718 0 
616 728 0.010167575298 -0.002744745053 0.010531534211 119.72334164857 1733661.875 0.010167575298 -0.002744745053 0.010531534211 119.72334164857 1733661.875 -0.005096853093 0.019544193172 0.020197856277 0 
632 728 -0.007511470866 0.002549477389 0.007932340734 38.555409904113 1510656 -0.007511470866 0.002549477389 0.007932340734 38.555409904113 1510656 -0.013769880747 0.021451427196 0.025490652101 0 
648 728 0.001241458201 -0.000829086997 0.001492850868 179.940426009719 1886250 0.001241458201 -0.000829086997 0.001492850868 179.940426009719 1886250 -0.035797552684 0.0238530098 0.043016634627 0 
664 728 -0.001229324831 0.00262764009 0.002900988105 45.343916075748 2176360 -0.001229324831 0.00262764009 0.002900988105 45.343916075748 2176360 -0.061796253966 0.021985015504 0.065590532175 0 
680 728 -0.091263221935 0.012351212891 0.092095212351 2.090641130706 1844665.875 -0.091263221935 0.012351212891 0.092095212351 2.090641130706 1844665.875 -0.091765984594 0.015847444309 0.093124311646 0 
696 728 -0.06163466463 0.017290753548 0.064014076907 11.976131761864 1597863 -0.06163466463 0.017290753548 0.064014076907 11.976131761864 1597863 -0.119974695774 0.007747057444 0.120224558744 0 
712 728 -0.149604365091 0.037229473378 0.15416711628 14.880609547778 1347015 -0.149604365091 0.037229473378 0.15416711628 14.880609547778 1347015 -0.146422387508 -0.002316145089 0.146440705036 0 
728 728 -0.071170327963 0.034572391779 0.0791231057 26.116618070179 1113451 -0.071170327963 0.034572391779 0.0791231057 26.116618070179 1113451 -0.106452000943 -0.00038559679 0.106452699307 0 
744 728 -0.05907570328 -0.000676850672 0.059079580609 90.387546073569 1100118 -0.05907570328 -0.000676850672 0.059079580609 90.387546073569 1100118 -0.00006353608 0.013538702342 0.013538851426 0 
760 728 -0.025224348758 0.023982690411 0.034805706567 109.970452390608 1678072 0 -16 16 116.47500522413 738697.0625 0.052277005115 0.026035885041 0.058401648723 0 
776 728 0.048538457069 0.05494420906 0.073313354335 12.272465348942 2672212 0 -16 16 126.269720547385 1525477 0.050569622642 0.037105951305 0.062722710054 0 
792 728 0.009084627582 0.040163178828 0.041177802174 39.205448775145 3538037.5 0 -16 16 128.049127343621 2510289.5 0.049606950341 0.038825741368 0.06299434669 0 
808 728 0.068594202789 0.012655454286 0.069751882982 21.824103520523 4057174.25 7 -16 17.464249196573 98.648099321722 3351354.25 0.049388988209 0.031195255228 0.058415889149 0 
824 728 0.088039253891 -0.003234360042 0.088098645339 18.381912362802 4257085 -16 -11 19.416487838948 161.769420198348 3967994.25 0.045829455205 0.013382321402 0.047743329278 0 
840 728 -12.848823585056 -8.33531078804 15.315667581047 126.452343960909 4505815 0 15 15 110.575305878498 4378408.5 0.038928351329 -0.014613060111 0.041580741492 0 
856 728 0.263508409695 -7.00271002428 7.007666114059 0.313064808759 4498047.5 -6 13 14.317821063276 157.066788849982 4354757.5 0.089116489182 -2.771137463161 2.772570033088 0 
872 728 -16 -8 17.888543819998 64.797613311076 4522147.5 -13 7 14.764823060233 119.66342025416 4322054 0.196393868763 -8.25619088775 8.258526413752 0 
888 728 0.166962591423 -10.897168142407 10.898447138507 0.009778096523 4516696 0.166962591423 -10.897168142407 10.898447138507 0.009778096523 4516696 0.174949086716 -11.29261126966 11.2939663746 0 
904 728 -11.826074742502 -11.079647211031 16.20538879929 46.985951062379 4494469.5 15 -22 26.627053911389 34.167359931469 4463412 0.024782143039 -11.880398608893 11.880424456256 0 
920 728 -10.084685553702 -12.639332593371 16.169527238695 32.562308385228 4342495 11.842235953375 3.074240733974 12.234766383786 110.576129245891 4329291 -0.910970030848 -8.633383065083 8.681311510685 0 
936 728 -2.376512026287 4.870411724861 5.419291446375 94.506421374696 5334282 13 6 14.317821063276 174.258708175007 5270405.5 -2.632307434946 -1.551564638229 3.055551547376 0 
952 728 -2.125106108094 3.900368615111 4.441728414075 30.279206021864 6520966.5 -2.125106108094 3.900368615111 4.441728414075 30.279206021864 6520966.5 -2.642140311458 1.596178188708 3.086857663635 0 
968 728 -0.116103617754 0.415713569139 0.431622313628 33.663598256256 7117762 5.082962659657 -10.874111311677 12.003449763223 155.785145362116 7110061 -0.940468660385 0.809845415727 1.24110068026 0 
984 728 -0.351115510488 0.184358598928 0.396573063513 39.321748825587 7250815 -10.204588192448 12.096652758575 15.826011125328 17.174727325137 7219306.5 -0.170888356383 0.403060159629 0.437790272423 0 
1000 728 -0.110421960193 0.102956290973 0.150973531269 5.426987332511 7432405.5 0 -12.704578254373 12.704578254373 138.423142430887 7385723.5 -0.333399399453 0.375822420414 0.502391929913 0 
1016 728 -0.304194646558 0.081026615328 0.314801040955 31.169580930995 7654473.5 -16 -13 20.615528128088 85.178685341959 7603355.5 -0.331505458502 0.344302597911 0.477954127448 0 
1032 728 -0.00820244857 0.076472340653 0.076910981319 22.047528504897 7701699.5 15 -15 21.213203435596 163.169686354776 7648506 -0.165206533531 0.308500692119 0.349951247689 0 
1048 728 -0.055037225497 0.050695825521 0.074827554522 16.913651958947 7706720 12 -16 20 173.567694844158 7643251 -0.138645585005 0.235960832152 0.273678849295 0 
1064 728 -0.365395859193 0.011527557826 0.365577650445 24.898369815899 7672841 8 -16 17.888543819998 143.270396643097 7568162 -0.251822612924 0.126683018011 0.281892205341 0 
1080 728 -4.441195481652 0.004952622373 4.441198243122 13.784928312824 7709070 -4.441195481652 0.004952622373 4.441198243122 13.784928312824 7709070 -0.363085513971 0.089510477003 0.373956168486 0 
1096 728 -0.105233868356 0.02575180265 0.108338923702 1.006354471017 7973567 -15 15 21.213203435596 30.243009110741 7919219 -0.472434288145 0.124443209129 0.488549146876 0 
1112 728 -1.049027514433 0.040274324088 1.049800336835 5.683777457636 8297343 -12 15 19.209372712299 43.457791253489 8283655 -1.394241362507 0.193030480767 1.407540316805 0 
1128 728 -3.388471458023 0.019497205248 3.388527550847 5.061998977383 8377309.5 -16.09005336335 8.171429836026 18.046109907693 21.532335874569 8374218 -3.128506737058 0.295272291917 3.142409923958 0 
1144 728 -3.208583312034 0.176227957292 3.213419232406 1.22469165339 8462846 7 -16 17.464249196573 117.997819266764 8426039 -3.914053342812 0.299001461613 3.925457354809 0 
1160 728 -3.459795486686 -0.089463521134 3.46095196894 4.597637468183 9026514 9 15 17.492855684536 117.847345398176 8972642 -3.750881179771 0.204217989855 3.75643642461 0 
1176 728 -3.365018958541 -0.122945486532 3.367264198722 4.056848510369 8301785.5 -3.365018958541 -0.122945486532 3.367264198722 4.056848510369 8301785.5 -3.604896183774 0.123643272761 3.607015962632 0 
1192 728 -3.18610968754 0.00392057123 3.186112099709 0.873500566406 7273825 12 -16 20 127.813901770955 7219290.5 -3.476098354822 0.05727731033 3.47657021541 0 
1208 728 -2.033585093649 0.206059512251 2.043998252372 4.581803376231 7733720.5 -11 -16 19.416487838948 56.69560347465 7687704 -2.921826657074 0.061414067268 2.922472018967 0 
1224 728 -1.770366775831 0.018251752752 1.77046085736 3.416664761681 8185615.5 14 -16 21.260291625469 135.193264903914 8173256.5 -1.942081090529 0.136053543572 1.946840910015 0 
1240 728 -4.168558823392 -0.032578340992 4.168686125433 15.964143927542 8023533 -5.671344201871 -14.116495677512 15.213138902584 83.628430152803 8017394.5 -1.125853698498 0.312573341558 1.168438549635 0 
1256 728 -8.228181468153 -0.142915509927 8.229422526267 52.313650464424 7802712.5 13 15 19.849433241279 79.595804666311 7779184.5 -0.473144480981 0.590973461227 0.757043810989 0 
1272 728 -8.063769473224 -0.101569613585 8.064409123036 18.138735495223 7665911.5 3 15 15.297058540778 83.892844896769 7594266.5 -1.784099794546 0.559687373995 1.869829412944 0 
1288 728 -8.512530253007 -0.125773227027 8.513459356396 3.3221438958 7452691.5 9 15 17.492855684536 118.488100173569 7364930.5 -5.058719639194 0.218715079863 5.063445533837 0 
1304 728 -9.670439777761 -0.107314129491 9.671035198865 0.699570569598 7314497 5 0 5 179.936222059028 7304040 -10.768925451518 0.011987273431 10.768932123246 0 
1320 728 -6.529661166391 -0.106766708786 6.530533981076 0.753509921318 7116403.5 -34 0 34 0.183251814535 7111357 -18.914717231519 -0.060496045302 18.914813975289 0 
1336 728 -27.355991273366 -0.253242652304 27.357163420016 0.28838070501 7203450.5 -11 15 18.601075237738 53.988170698366 7068143.5 -23.451611170937 -0.099056536748 23.451820370929 0 
1352 728 -27.066517129677 -5.799514465345 27.680872774622 11.850143595979 7485756.5 -10 15 18.02775637732 56.553628124218 7340547.5 -24.379607269775 -0.103694200905 24.379827790938 0 
1368 728 -25.276774494403 -6.035855883906 25.987437062784 13.086434713015 7662995.5 -19 15 24.20743687382 38.633923649015 7532520.5 -20.834333110064 -0.12500232767 20.83470810266 0 
1384 728 1.655653393126 -0.4338609668 1.711555870161 164.587314609614 7510734.5 -12 15 19.209372712299 52.068794218383 7397098.5 -12.815788691805 -0.162980917042 12.81682498017 0 
1400 728 -15.207469814777 -2.427378404176 15.399977405321 7.904655245433 7526181 -1 15 15.033296378373 87.350177301774 7448731.5 -11.187881401097 -0.227369415119 11.190191557607 0 
1416 728 -20.111227361624 -0.351131262753 20.114292409991 0.142478882561 7381825.5 -8 15 17 63.070243954155 7307104.5 -15.950611237941 -0.318167821902 15.953784178897 0 
1432 728 -1.812411411481 -0.082188224307 1.814273967371 1.132649181104 7242339.5 -15.46655559182 -0.155867251655 15.467340963301 0.886399236308 7241323 -12.571235282133 -0.321239063667 12.575339003573 0 
1448 728 5.691958207564 0.222819097627 5.696317809508 169.541203547292 6939886 -17 0 17 12.700569511781 6929695.5 -1.049753533674 -0.236583140416 1.076082740216 0 
1464 728 14.995066243109 0.21300353391 14.996579014585 2.006283167674 6669105 -8 0 8 177.179890300077 6591384.5 8.193930026503 0.403632874278 8.203865477713 0 
1480 728 6.87793638652 -10.984792038775 12.960388307152 63.97058390762 6348172 26.404019022661 -4.953947082732 26.864731754618 16.648957680123 6344305.5 15.159815398396 1.599408980414 15.243953293029 0 
1496 728 19 17 25.495097567964 33.307207282734 6200859 19 -14 23.600847442412 44.897314413238 6200627 15.275865671369 2.28652674461 15.446044042522 0 
1512 728 23 -12 25.942243542146 43.649351751568 6214174.5 -8 -12 14.422205101856 139.78660770083 6212660 8.542080845422 2.464986166864 8.890630009879 0 
1528 728 -3.921893871552 -7.933347245433 8.849816385459 145.266199541649 6921742.5 -10 17 19.723082923316 91.505088191408 6887155 4.104526566363 2.271474465785 4.691133613818 0 
1544 728 -7.125308865615 0.899926496787 7.181914377799 131.81154172597 7402210.5 16 1 16.031219541881 37.413780827108 7397557.5 1.963202834191 1.705991641372 2.600879245295 0 
1560 728 1.050570079275 -9.722309176587 9.77890552243 125.26828980662 8384415.5 -15 12 19.209372712299 99.904583350015 8358977.5 1.727532916801 1.524934301489 2.304299156466 0 
1576 728 -13 9 15.811388300842 118.342598322107 9176068 5.396662110073 -7.878561356373 9.549643499965 82.551859212867 9175874 3.397516814195 1.728302446135 3.811843366149 0 
1592 728 -3.96655015743 10.004800028181 10.762413472605 80.905657465757 9304356 -8 -15 17 148.793408172851 9286336 3.215150368932 1.910604816154 3.740000355395 0 
1608 728 -11 17 20.248456731317 62.57761103393 9113688 -11 -14 17.804493814765 171.515141523573 9112674 1.180433581012 2.071841411545 2.384523070505 0 
1624 728 8.972465756374 -9.523675666048 13.084553486512 101.471000368741 8208486.5 10 17 19.723082923316 4.770440843119 8178265 1.504618277578 2.130090851547 2.6079039854 0 
1640 728 12.722739778269 -8.053756025276 15.057592555924 58.806600594238 7651127 4.295607444319 2.008620214773 4.742024723985 1.411221816302 7640143.5 4.187704458629 2.085353136162 4.678201185853 0 
1656 728 5.461259092762 1.996401844315 5.814720217023 0.590114830572 7086362.5 -11 2 11.180339887499 149.024796448422 7052345.5 5.328499305134 2.01032230409 5.695111992853 0 
1672 728 4.215782728297 0.848744388166 4.300371036161 9.755781978926 6961331 4.215782728297 0.848744388166 4.300371036161 9.755781978926 6961331 4.927002817096 1.904998355332 5.282459227811 0 
1688 728 4.262979011108 0.685827879996 4.317794567847 14.509161057074 7571230 19 16 24.839484696748 16.452316984953 7497650.5 4.041343247817 1.769702468419 4.411836587341 0 
1704 728 1.808779411449 -7.38006230374 7.598486860314 107.216591795638 8323719.5 2 16 16.124515496597 51.88722707891 8295550.5 2.671520597299 1.604434643351 3.116285100336 0 
1720 728 -2.919189622177 -8.772541212974 9.245493355336 144.087116196893 8762536 8.107529602584 9.174303748416 12.243360875388 12.850766907046 8747285 1.627945497283 1.169001023494 2.004188098721 0 
1736 728 2.919668205969 6.463497386728 7.09233818294 38.719572139933 8436093 -0.329856757896 -7.831870788708 7.8388140386 119.382664786429 8430230 0.91061794777 0.46340160885 1.021746591815 0 
1752 728 6.387501366307 0.179649063587 6.390027190131 177.10600044496 7685536 -8.657160348916 0.292187847515 8.662089762007 0.650081085413 7684021 -4.029137519997 0.090236098111 4.030147851934 0 
1768 728 -12.76103184714 0.018500981353 12.761045258521 0.131951504995 7298111 -25.799469703213 0.030096083315 25.799487257332 0.148181314241 7289133.5 -13.191320906018 0.049504491278 13.19141379611 0 
1784 728 -17.56961433799 -0.17336098114 17.57046960145 0.612105341263 6815063 -25 15 29.154759474227 30.916975507373 6507967.5 -18.112161996632 0.014788273992 18.112168033819 0 
1800 728 -19.768036040849 -0.171958799006 19.768783946941 0.455974342706 7185329 -18 15 23.43074902772 39.84799046515 6821240 -18.791660791838 -0.013912553746 18.791665941972 0 
1816 728 -2.107384033449 -0.415066969193 2.147870585801 10.835593811628 7868701.5 -8 15 17 62.234185538191 7605566 -8.61166993821 -0.046093924689 8.611793296089 0 
1832 728 11.855831090005 -0.26108136908 11.858705423275 0.884613857242 8887664 11.855831090005 -0.26108136908 11.858705423275 0.884613857242 8887664 12.427810564253 -0.081755838838 12.42807947505 0 
1848 728 0.633323634755 -0.116451883273 0.64394088817 10.264063331142 9267961 0.633323634755 -0.116451883273 0.64394088817 10.264063331142 9267961 16.858919719516 -0.045541332349 16.858981230253 0 
1864 728 4.018993058523 -0.108482375377 4.020456893218 2.311635193796 9345186 4.018993058523 -0.108482375377 4.020456893218 2.311635193796 9345186 4.681657527578 0.062549594776 4.68207535793 0 
1880 728 -3.204436952775 0.075675179297 3.20533039125 1.812319814106 9605555 -3.204436952775 0.075675179297 3.20533039125 1.812319814106 9605555 -3.018895844921 0.166940627806 3.023508110737 0 
1896 728 -7.939363844697 0.221080599571 7.94244136837 0.859763400736 9891390 -7.939363844697 0.221080599571 7.94244136837 0.859763400736 9891390 -6.24274039798 0.26763176674 6.248474568976 0 
1912 728 -3.425950001752 0.144077073088 3.428978217705 0.239961293062 10053997 -15.920210915016 -15.351313814483 22.115965984088 46.125952764739 10021264 -6.913943703592 0.261760709027 6.918897036756 0 
1928 728 -4.849137511702 0.088729649767 4.849949232533 0.651332441465 10173078 1 -16 16.031219541881 95.275949560543 10160322 -5.032505761758 0.149327454666 5.034720740105 0 
1944 728 -0.1329332386 0.409888265833 0.430905600326 70.63693200929 10253522 -20 -16 25.612496949731 40.0541787131 10245312 -4.565626660352 0.111132654105 4.566979008987 0 
1960 728 1.936068858956 0.952477795905 2.157678515978 152.275303071235 10204439 -21 1 21.023796041629 1.197177937453 10203543 -5.513306399374 0.147176307345 5.515270466516 0 
1976 728 -2.936184196495 0.386814462828 2.961554163678 4.091274478521 9922745 -3 -16 16.2788205961 82.794028152992 9913303 -3.458602083932 0.206307738993 3.464749811768 0 
1992 728 16 1 16.031219541881 6.655391808458 9748430 1 -16 16.031219541881 96.655391808458 9739044 1.598486285973 0.288526949048 1.624317150919 0 
2008 728 15.762080661458 1.242038403888 15.810940711262 2.407705768298 9610764 16 -16 22.62741699797 51.913253882149 9603305 3.768326276811 0.456902080104 3.795924451212 0 
2024 728 7.950859672568 1.271071791953 8.051819237487 4.043259897497 9575552 7.950859672568 1.271071791953 8.051819237487 4.043259897497 9575552 3.050917888583 0.711433132161 3.13276827493 0 
2040 728 2.423520617971 2.121843739781 3.221129156332 32.198789045426 9606072 17 -16 23.345235059858 52.268341276321 9599985 2.763729199163 0.437931757355 2.798210733738 0 
2056 728 17 -16 23.345235059858 36.134290914869 9466487 16 15 21.931712199461 50.282394230208 9466485 2.906760208553 -0.363602044314 2.929413142023 0 
2072 728 2.176233617775 -2.1441329299 3.055044808218 32.176847203845 9004101 17 -8 18.788294228056 12.80367549032 8980445 2.994822778132 -0.658314662055 3.066323803302 0 
2088 728 5.906124208078 0.107406037593 5.907100745556 9.42484296227 8501771 18 -7 19.313207915828 12.867502196661 8487447 3.027916907902 -0.446206095869 3.060617696013 0 
2104 728 5.773112210284 0.263035146492 5.779101321211 8.991748143068 8944435 -14 -6 15.231546211728 150.418373534868 8905610 2.607533824632 -0.291700058987 2.62379907215 0 
2120 728 1.338399187478 -0.088814937723 1.341342789225 2.614368888854 8846350 1.338399187478 -0.088814937723 1.341342789225 2.614368888854 8846350 1.733673528324 -0.19479655141 1.744582929887 0 
2136 728 1.128909604527 -0.192511880458 1.145206409042 1.196288057345 8557491 1.128909604527 -0.192511880458 1.145206409042 1.196288057345 8557491 1.115060181756 -0.166273139646 1.127389003807 0 
2152 728 -0.359126297392 -0.274179523369 0.451825307517 127.304897678879 9410253 15 0 15 15.334719468293 9355771 0.751693784929 -0.206129823694 0.779444065035 0 
2168 728 -0.198688299776 -5.533105496246 5.53667169634 72.575858954451 9864784 -16 8 17.888543819998 172.915640524834 9855200 0.834719745412 -0.29527323306 0.885405746278 0 
2184 728 2.287683050369 -5.346442427222 5.815319455244 49.197324152982 9741913 16 -5 16.76305461424 0.283109580058 9740775 1.364138063204 -0.433703367746 1.431422811986 0 
2200 728 0.760756190635 -4.258561200387 4.325978904136 61.998377868488 9628738 -15 13 19.849433241279 156.958670966967 9621819 1.886209611334 -0.608249639583 1.981856281858 0 
2216 728 2.124692304675 -2.471109100232 3.258941173878 30.477109762589 9230648 -10 15 18.02775637732 142.523578682062 9191861 2.400934389802 -0.818912048572 2.53675045825 0 
2232 728 2.101626932257 -2.085696475704 2.960906204382 13.080861083065 8089971 2.101626932257 -2.085696475704 2.960906204382 13.080861083065 8089971 2.064324425657 -1.275010543331 2.426332050641 0 
2248 728 -0.020255086119 -3.301290313641 3.301352450656 24.263538491673 7034967 -0.020255086119 -3.301290313641 3.301352450656 24.263538491673 7034967 0.876379718898 -1.976545123859 2.162122114577 0 
2264 728 -0.072028195386 -4.609851668533 4.610414348711 6.521195243889 6433849 -16 13 20.615528128088 134.719889577022 6193795.5 0.235874069637 -2.394428045959 2.406017922627 0 
2280 728 0.038176848714 -2.189189113343 2.189521967407 2.233309391962 6359701 0.038176848714 -2.189189113343 2.189521967407 2.233309391962 6359701 0.142807477873 -2.528659309631 2.532688666205 0 
2296 728 -14.397256102243 -1.980706700997 14.532865591787 108.492589974373 6649746 16 -2 16.124515496597 56.549083386422 6647858.5 1.143424791572 -2.310913717517 2.578321636993 0 
2312 728 3.09887259324 -1.436492690861 3.415629166059 3.400333008682 6972076 9 14 16.643316977093 85.535344485705 6357707 3.237726010732 -1.741191269615 3.676223164873 0 
2328 728 3.249577063058 -1.331466028725 3.511773465701 3.198240826239 7446104 -10 14 17.204650534085 144.620075176229 7188363 3.281561600789 -1.135213644292 3.472370452293 0 
2344 728 1.162082409248 -0.259859512446 1.190782302561 8.535258807318 7963317 6 15 16.155494421404 89.338700885879 7887402 1.274931561743 -0.492980841549 1.366923771563 0 
2360 728 0.15458186248 -7.696348552653 7.697900791523 57.497749840721 8770784 0.202546094087 -0.301927651819 0.363572863623 24.792972449792 8765032 0.258713402898 -0.157619602738 0.30294647053 0 
2376 728 6.409979536579 -1.050481429427 6.495486809542 19.698130986479 9066031 -16 -2 16.124515496597 143.869827579099 9062968 0.232907124253 -0.129129927859 0.266308593171 0 
2392 728 0.076307175307 -0.147457804695 0.166031892023 35.990920177479 8747726 0 -16 16 63.351798900664 8719038 0.173705833927 -0.087168257052 0.194350255409 0 
2408 728 0.491092536886 -0.15545896864 0.515111027562 3.802651699956 8024016 -16 15 21.931712199461 158.21582977345 7982058 0.08110953192 -0.031734590315 0.08709673008 0 
2424 728 2.677555405201 -0.81114129389 2.797722850208 9.358120138681 8255634.5 -9 15 17.492855684536 128.459348338453 8195765 0.029136479676 -0.003833609802 0.029387599631 0 
2440 728 0.190610194944 -1.011651175858 1.029451479202 68.305081025999 9252199 -14.156972850872 12.652453754236 18.986955161463 149.236644968209 9234834 0.017786677197 -0.003465315513 0.018121100886 0 
2456 728 -0.010775304023 -0.030268669411 0.032129418369 91.7288899517 9177213 -0.010775304023 -0.030268669411 0.032129418369 91.7288899517 9177213 0.008018899179 -0.002584820801 0.008425202823 0 
2472 728 -0.000910367355 -0.005832834376 0.005903450312 0.90337189883 4502061 -0.000910367355 -0.005832834376 0.005903450312 0.90337189883 4502061 -0.000166854378 -0.001192125665 0.001203745814 0 
2488 728 -0.002306712497 0.001417878447 0.002707637685 38.216627924288 159197.984375 -0.002306712497 0.001417878447 0.002707637685 38.216627924288 159197.984375 -0.003194798367 -0.000371833572 0.003216363912 0 
2504 728 0 0 0 0 0 0 0 0 0 0 -0.001064932789 -0.000123944524 0.001072121304 0 
2520 728 0 0 0 0 0 0 0 0 0 0 0.001064932789 0.000123944524 0.001072121304 0 
2536 728 0 0 0 0 0 0 0 0 0 0 0.003194798367 0.000371833572 0.003216363912 0 
24 744 0 0 0 0 0 0 0 0 0 0 0 0 0 0 
40 744 0 0 0 0 0 0 0 0 0 0 0 0 0 0 
56 744 0 0 0 0 0 0 0 0 0 0 0 0 0 0 
72 744 0 0 0 0 0 0 0 0 0 0 0 0 0 0 
88 744 0 0 0 0 0 0 0 0 0 0 0 0 0 0 
104 744 0 0 0 0 0 0 0 0 0 0 0 0 0 0 
120 744 0 0 0 0 0 0 0 0 0 0 0 0 0 0 
136 744 0 0 0 0 0 0 0 0 0 0 0 0 0 0 
152 744 0 0 0 0 0 0 0 0 0 0 0 0 0 0 
168 744 0 0 0 0 0 0 0 0 0 0 0 0 0 0 
184 744 0 0 0 0 0 0 0 0 0 0 0 0 0 0 
200 744 0 0 0 0 0 0 0 0 0 0 0 0 0 0 
216 744 0 0 0 0 0 0 0 0 0 0 0 0 0 0 
232 744 0 0 0 0 0 0 0 0 0 0 0 0 0 0 
248 744 0 0 0 0 0 0 0 0 0 0 0 0 0 0 
264 744 0 0 0 0 0 0 0 0 0 0 0 0 0 0 
280 744 0 0 0 0 0 0 0 0 0 0 0 0 0 0 
296 744 0 0 0 0 0 0 0 0 0 0 0 0 0 0 
312 744 0 0 0 0 0 0 0 0 0 0 0 0 0 0 
328 744 0 0 0 0 0 0 0 0 0 0 0 0 0 0 
344 744 0 0 0 0 0 0 0 0 0 0 0 0 0 0 
360 744 0 0 0 0 0 0 0 0 0 0 0 0 0 0 
376 744 0 0 0 0 0 0 0 0 0 0 0 0 0 0 
392 744 0 0 0 0 0 0 0 0 0 0 0 0 0 0 
408 744 0 0 0 0 0 0 0 0 0 0 0 0 0 0 
424 744 0 0 0 0 0 0 0 0 0 0 0 0 0 0 
440 744 0 0 0 0 0 0 0 0 0 0 0 0 0 0 
456 744 0 0 0 0 0 0 0 0 0 0 0 0 0 0 
472 744 0 0 0 0 0 0 0 0 0 0 -0.000057488814 0.000039394295 0.000069691278 0 
488 744 0 0 0 0 0 0 0 0 0 0 -0.000172466442 0.000118182886 0.000209073835 0 
504 744 0 0 0 0 0 0 0 0 0 0 -0.000191964357 0.000129527491 0.000231576521 0 
520 744 0 0 0 0 0 0 0 0 0 0 -0.000115982559 0.000073428109 0.000137272143 0 
536 744 0 0 0 0 0 0 0 0 0 0 -0.001504997832 0.00080653528 0.001707488692 0 
552 744 0 0 0 0 0 0 0 0 0 0 -0.004359010177 0.002328849003 0.004942115681 0 
568 744 0 0 0 0 0 0 0 0 0 0 -0.006505293287 0.003965624689 0.007618728236 0 
584 744 0 0 0 0 0 0 0 0 0 0 -0.007943847163 0.005716862339 0.009787094704 0 
600 744 0 0 0 0 0 0 0 0 0 0 -0.005525074268 0.006641028135 0.008638848324 0 
616 744 0 0 0 0 0 0 0 0 0 0 0.000751025398 0.006738122078 0.006779847217 0 
632 744 0 0 0 0 0 0 0 0 0 0 -0.000919176885 0.007179549744 0.007238150363 0 
648 744 0 0 0 0 0 0 0 0 0 0 -0.010535681116 0.007965311134 0.013207829422 0 
664 744 0 0 0 0 0 0 0 0 0 0 -0.021633446217 0.00782214398 0.023004172049 0 
680 744 0 0 0 0 0 0 0 0 0 0 -0.034212472188 0.006750048282 0.034872000301 0 
696 744 0 0 0 0 0 0 0 0 0 0 -0.050241558597 0.004695057193 0.050460457512 0 
712 744 0 0 0 0 0 0 0 0 0 0 -0.069720705446 0.001657170714 0.069740397064 0 
728 744 0 0 0 0 5319.99951171875 0 0 0 0 5319.99951171875 -0.037194540142 0.011613668566 0.038965511852 0 
744 744 0.007754798178 0.000095578912 0.007755387167 35.430081194642 102824 0.007754798178 0.000095578912 0.007755387167 35.430081194642 102824 0.047336937315 0.034564550748 0.058613085594 0 
760 744 0.043048879261 -0.001024941317 0.043061078834 34.712766739595 442879.96875 0.043048879261 -0.001024941317 0.043061078834 34.712766739595 442879.96875 0.081011259213 0.05331344311 0.096980138871 0 
776 744 0.056007449805 -0.047850583619 0.07366486806 87.262966244961 797361 0.056007449805 -0.047850583619 0.07366486806 87.262966244961 797361 0.063828425551 0.067860345652 0.093161657459 0 
792 744 0.020651806765 -0.074107902857 0.076931647509 124.341267907148 1200933 0.020651806765 -0.074107902857 0.076931647509 124.341267907148 1200933 0.05648868615 0.067113227892 0.087722044099 0 
808 744 0.073155668127 -0.004318102326 0.073282997938 44.262260478979 1539247 0.073155668127 -0.004318102326 0.073282997938 44.262260478979 1539247 0.058992041008 0.051072089828 0.078028323458 0 
824 744 0.088511466528 0.089839897134 0.126116956925 21.065002260199 1646443.875 0.088511466528 0.089839897134 0.126116956925 21.065002260199 1646443.875 0.05601583737 0.025364835364 0.061491047392 0 
840 744 0.04985427854 0.133266294971 0.142286171022 81.373333711839 1940942.875 1 -16 16.031219541881 74.539751075513 375667.125 0.047560075236 -0.0100085355 0.048601764775 0 
856 744 0.028626858098 0.097870785988 0.10197150462 160.820669809333 2419922 4 -16 16.492422502471 11.160924255726 1378809 0.047135690645 -0.938472711948 0.939655683962 0 
872 744 -6.343950804917 -1.910641150626 6.625425376659 74.375258944836 2940623 0 -18 18 1.136261617552 2704349 0.054742683597 -2.76002769398 2.76057052671 0 
888 744 -0.339633356923 9.626817496961 9.632806752807 178.543695566504 3793099.25 0 -19 19 0.564248087582 3713716 0.036992927025 -3.756273378566 3.756455532969 0 
904 744 -3.009805828831 9.539641125838 10.003183690058 162.400052961911 4319398 -4 -19 19.416487838948 11.79946443487 4274346 -0.006113579073 -3.927209765706 3.927214524279 0 
920 744 -0.011341697868 9.6177266441 9.617733331443 173.565171312502 4696475.5 0 -18 18 6.367262708223 4675720.5 -0.316350372295 -2.834948837423 2.852544910927 0 
936 744 -0.135188824964 5.745997300081 5.747587406116 116.866338077522 5663888 0 -16 16 61.785885378551 5604522 -0.893717452641 -0.479490593716 1.014219953766 0 
952 744 -5.572703085578 3.218506952047 6.435355987075 2.026097280406 6181717 10 -16 18.867962264113 154.040003064222 6075128 -0.900126849823 0.563218216998 1.061811238276 0 
968 744 -0.381446212122 1.284415743718 1.339860073087 32.317588527371 6370467 -0.381446212122 1.284415743718 1.339860073087 32.317588527371 6370467 -0.335578563839 0.293177594719 0.445607534219 0 
984 744 -1.42567396155 1.016842884079 1.751146965718 22.453757215703 6459757 -1.42567396155 1.016842884079 1.751146965718 22.453757215703 6459757 -0.112958869054 0.180432733151 0.21287479252 0 
1000 744 -0.151187066041 0.923425836996 0.93572047395 36.614454929274 6432568 -0.151187066041 0.923425836996 0.93572047395 36.614454929274 6432568 -0.232267765469 0.224983632295 0.323366587137 0 
1016 744 0.137714665738 0.795065167012 0.806903927958 50.890273409939 6542809 0.137714665738 0.795065167012 0.806903927958 50.890273409939 6542809 -0.225685368161 0.25904120699 0.343564014881 0 
1032 744 -0.112734043556 0.732716159483 0.741337935724 9.507280906106 6724091.5 -0.112734043556 0.732716159483 0.741337935724 9.507280906106 6724091.5 -0.093211677129 0.282605457237 0.297580680175 0 
1048 744 -0.155144408182 0.466509636899 0.491630988354 1.771196364997 6905315 -0.155144408182 0.466509636899 0.491630988354 1.771196364997 6905315 -0.080838778294 0.220110708848 0.234485889183 0 
1064 744 -0.18437232892 0.045280260318 0.189851146022 6.982404580483 6879622 -0.18437232892 0.045280260318 0.189851146022 6.982404580483 6879622 -0.188566671657 0.071556961824 0.201687353211 0 
1080 744 -2.439790575356 0.309907035285 2.459394320176 3.498946826062 6720680 -2.439790575356 0.309907035285 2.459394320176 3.498946826062 6720680 -0.490445972636 0.032060504864 0.491492754826 0 
1096 744 -0.316399078741 1.147242727642 1.190073213359 68.700083287323 6950815.5 -6 -16 17.088007490635 75.325500748159 6872355.5 -0.986476681231 0.101621337968 0.991697100401 0 
1112 744 -2.192531845919 0.79230978393 2.331298069549 11.343743723301 7353733 10 -16 18.867962264113 130.529848918308 7284622.5 -2.068321801434 0.310015736854 2.091426506331 0 
1128 744 -4.22493209534 0.29141974967 4.234970682394 6.03173478526 7365692.5 -4.22493209534 0.29141974967 4.234970682394 6.03173478526 7365692.5 -3.735981333246 0.657243701523 3.793352844853 0 
1144 744 -4.053139806317 0.236720533163 4.060046662339 5.035986116995 8163587.5 -20 0 20 8.37850528216 8065853 -4.409939403633 0.649512808572 4.457514153899 0 
1160 744 -4.131144719792 0.137487502803 4.133431928712 2.105131226026 8513314 -12 -16 20 57.141375276477 8417764 -4.090196012595 0.286823058001 4.100240345157 0 
1176 744 -3.11787755967 0.21725002732 3.125437257643 1.878108125676 7328735.5 1 -16 16.031219541881 95.68408621834 7243506.5 -3.874466766269 0.142595150978 3.877089900944 0 
1192 744 -3.335722285503 0.974375816318 3.47511890407 12.985233159774 6995327.5 -3 -16 16.2788205961 82.678374664699 6936319.5 -3.762751664654 0.216829087501 3.768993890025 0 
1208 744 -2.046343528822 0.187743360962 2.054937811111 0.080058977071 7512659 11 -16 19.416487838948 129.670434516505 7474851.5 -2.96291877437 0.267660881233 2.974984035395 0 
1224 744 -1.049697229572 0.07081998372 1.052083525137 7.453823745703 7667802 -1.049697229572 0.07081998372 1.052083525137 7.453823745703 7667802 -1.474968095416 0.295090532175 1.504197229313 0 
1240 744 -0.234272724684 2.061017517187 2.074289496594 29.898641851882 7233968 -0.234272724684 2.061017517187 2.074289496594 29.898641851882 7233968 -0.536255435778 0.727797037233 0.904023461978 0 
1256 744 -0.228643608351 3.862129521856 3.868891616889 1.967383904828 6314022.5 0 -15 15 174.644578201093 6234946 -0.146780795456 1.565780396408 1.572645176666 0 
1272 744 -5.765446154077 5.00366306791 7.633938266238 57.096334608796 5434093.5 -5 -15 15.811388300842 169.615148358475 5295183 0.217444861111 1.53744539041 1.552746146708 0 
1288 744 -16 0 16 130.88052174643 5175936 15 0 15 49.11947825357 5175721.5 0.556421533924 0.642792019239 0.850168514715 0 
1304 744 -10.354028969897 0.068906102887 10.35425825255 1.454713955647 4898761.5 11 0 11 178.163988038883 4877522.5 -4.352903891951 0.13953419114 4.355139731749 0 
1320 744 -13.897776505673 0.128052135886 13.898366420236 0.418636030932 4533677 -30 0 30 0.109264193291 4508044.5 -14.510531416514 0.027671906114 14.51055780196 0 
1336 744 -26.601211423125 0.384753502783 26.603993768525 0.966530539139 4328467 -28 -16 32.249030993194 29.607005304708 4127866.5 -21.523719740007 -0.051794564436 21.523782058999 0 
1352 744 -13.303359402226 7.262366889645 15.156561094939 28.853414512407 4675284.5 -37 -16 40.311288741493 23.162141872462 4521957 -25.392468862432 -0.09886522051 25.392661326875 0 
1368 744 -22.080248190141 0.076256200181 22.080379868705 0.696334788896 4929205.5 -8 -16 17.888543819998 62.936489575271 4734889 -17.755056347189 -0.154468538312 17.755728270651 0 
1384 744 12.506659186099 6.945105856126 14.305628939338 37.991021344109 4555756.5 0 -16 16 81.052945918362 4320050 1.388517805721 -0.218604517842 1.40562072837 0 
1400 744 12.880835406023 3.859664257139 13.446669808353 26.807225412216 4780988 -15 3 15.297058540778 178.816766867581 4763183 1.625536134402 -0.290333671909 1.651260538283 0 
1416 744 -20.841400033571 3.298039343894 21.100735031586 10.234639773696 4811463 -2 4 4.472135955 64.677404061092 4769165.5 -17.044001361145 -0.369656000512 17.04800950133 0 
1432 744 -33.593810917413 0.367785474105 33.59582411714 1.369107302237 4720570 -8 4 8.944271909999 27.306908607811 4708224.5 -23.913158636475 -0.309641408231 23.91516326047 0 
1448 744 -32.79457201321 0.022348080148 32.794579627834 0.371943953981 4400371.5 -3 0 3 0.332899368369 4398192.5 -18.981935691588 -0.110289895066 18.982256095115 0 
1464 744 -10.260127421539 -9.52153121265 13.997491608845 53.896909996329 4271318 -4 16 16.492422502471 64.928562906369 4132500.5 -9.396974066179 1.83257757007 9.573999276727 0 
1480 744 5.894494712896 11.46046786217 12.887489729974 14.041889364005 4791273.5 -12 11 16.2788205961 88.749688064627 4671122 4.841726239752 5.518960987177 7.341746614988 0 
1496 744 10.099033355876 10.162473568227 14.327119171278 9.580437542496 4498679 25 -9 26.570660511173 55.397835367012 4011293.5 10.507044733834 7.522016464838 12.922024637652 0 
1512 744 8.953302235645 10.077163104555 13.480016215072 2.478984231688 4487480 8.953302235645 10.077163104555 13.480016215072 2.478984231688 4487480 7.598981416068 7.841744003053 10.919590998346 0 
1528 744 5.305872826286 7.430277123528 9.130241211553 0.582914812949 5038791.5 20 7 21.189620100417 35.762687009072 4947377.5 5.050806652647 7.227447979914 8.817406202778 0 
1544 744 -6.419157911963 7.015207116601 9.508875810921 69.209628304241 6025547 17 8 18.788294228056 38.04884352566 6015382.5 2.862520443571 5.679128395422 6.359758063131 0 
1560 744 7.361501426169 8.090244398121 10.938178900933 14.513204809261 7033111.5 -14 4 14.560219778561 101.84118789519 6981851.5 2.477915515274 4.702453637217 5.315367862247 0 
1576 744 4.462842808629 6.65851158068 8.015780835612 8.370560979239 7529200.5 1 -12 12.041594578792 133.033973107976 7226639 3.896991867755 4.297423705299 5.801240912099 0 
1592 744 5.886486480657 4.485253860487 7.400555741292 30.300595424579 7284730 -15 5 15.811388300842 93.958587438222 7251115 1.773181883978 4.303439634032 4.654435162017 0 
1608 744 0.06819305275 4.241921502232 4.242469601959 40.437142844256 6514522 0.06819305275 4.241921502232 4.242469601959 40.437142844256 6514522 -3.893514436059 4.720501423416 6.119034920008 0 
1624 744 12 5 13 103.628771715785 5935340 -19 5 19.646882704388 39.007800499704 5935254 -3.677957382537 5.016351250834 6.220221087671 0 
1640 744 5.355700556853 7.176043737439 8.954280103745 11.74185781059 5830475 -12.686714029988 7.531871407991 14.75404350628 84.296411908097 5824311.5 2.419853044544 5.190989116286 5.727307985659 0 
1656 744 4.886036444982 7.441909408062 8.90254838681 9.732692960105 5570538.5 -7 -11 13.038404810405 169.451325058125 5507054.5 4.839137624117 5.185733531676 7.092889764172 0 
1672 744 2.843332273748 9.210064855817 9.638974689629 18.442198993446 5180302.5 -1 -11 11.045361017187 149.595720625373 5094806.5 3.579896356182 5.000584497003 6.149918961472 0 
1688 744 2.421981892089 7.980790822203 8.340204939531 14.380788652951 4930750 -12 -12 16.970562748477 166.262595807524 4639492 2.823198237999 4.650181380111 5.440095142456 0 
1704 744 6.5 6.506399676169 9.196914523146 13.116490455294 5256614 7 -12 13.89244398945 117.888245136877 4699930 2.569043269568 4.134524181002 4.867676398879 0 
1720 744 2.196824233596 5.317747634073 5.753648982429 16.579377517964 6263950.5 12 -14 18.439088914586 100.37323109845 5822517 2.401230554804 2.9625785784 3.813499706375 0 
1736 744 5.471391685793 5.042573290613 7.440676875834 16.606179422269 6860303.5 -10 16 18.867962264113 95.947111052127 6722707.5 2.319760093709 1.134344572307 2.582251827589 0 
1752 744 6.763965207873 -11.362394733847 13.223283987764 124.277314606854 6325106.5 -17.459179841814 -7.821100574759 19.130932411916 27.642937664835 6318099.5 -2.797140295098 0.171679768213 2.802403927572 0 
1768 744 -11.996420536915 -7.809931475829 14.314647580561 33.39500412468 5615544 -12 15 19.209372712299 51.010192874731 5607907 -12.949470611616 0.074584166119 12.949685398454 0 
1784 744 -17.761054263208 1.084268701049 17.794119454378 3.521833157014 4887644.5 -34 -2 34.058772731853 3.338058525265 4840705 -18.566777696028 -0.009203753454 18.566779977228 0 
1800 744 -18.492511078462 2.453231849075 18.654525255079 7.789135075604 4631553.5 -35 7 35.693136595149 11.542286131802 4577999 -19.649061548334 -0.079683990506 19.649223121247 0 
1816 744 -8.036264063858 8.355632405768 11.593020874836 47.155683474767 4766631.5 -8 -16 17.888543819998 62.395435359505 4668219 -8.454718658856 -0.153410223249 8.456110352698 0 
1832 744 28.624984977882 -0.339918453549 28.627003153299 0.198625915971 5538818.5 14 -16 21.260291625469 47.935100006052 5277121.5 15.016250972403 -0.230382451682 15.01801815621 0 
1848 744 26.162544374826 -0.465378528777 26.166683116891 0.347656312765 6026923 3 0 3 0.671411765419 6012574 19.925236635894 -0.233501504111 19.926604777252 0 
1864 744 14.734551212665 -0.436090146544 14.741003156317 0.208738394405 6357268 -10 0 10 178.513482608629 6347257 6.272238331615 -0.162767380536 6.274349919215 0 
1880 744 -3.652313400961 -0.340767836136 3.668176099505 4.712557468956 6835870.5 -6 -16 17.088007490635 68.826137939413 6722605.5 -6.403584171602 -0.06905212771 6.403956467617 0 
1896 744 -17.923832251968 -0.346975681136 17.9271903744 1.259812353584 7232875 -18 -16 24.083189157585 41.784338893205 7157684 -18.102230873758 0.047644254365 18.102293572413 0 
1912 744 -20.040726434256 -0.489394690242 20.046701054676 1.596189943894 7779875.5 -20.040726434256 -0.489394690242 20.046701054676 1.596189943894 7779875.5 -20.981731860452 0.072253290787 20.981856266831 0 
1928 744 -15.133362758279 -0.371565140213 15.137923537496 1.424672407571 8173825.5 -15.133362758279 -0.371565140213 15.137923537496 1.424672407571 8173825.5 -15.042087131684 0.004774981556 15.042087889573 0 
1944 744 -17.053200921118 -0.253601632632 17.055086497702 0.736819666807 8532868 -17.053200921118 -0.253601632632 17.055086497702 0.736819666807 8532868 -14.085836194287 -0.028315088368 14.085864653493 0 
1960 744 -16.387023788212 -0.343856052285 16.390631031785 1.116624816895 8679740 -16.387023788212 -0.343856052285 16.390631031785 1.116624816895 8679740 -18.112979048262 -0.027016918985 18.11299919717 0 
1976 744 -12.151124529014 -0.137204031202 12.151899121774 0.845848169411 9017429 3 0 3 179.8010777865 9016087 -12.463043530006 0.043269961386 12.463118643437 0 
1992 744 13.341430626773 -0.237157660925 13.343538321043 4.665405325743 8852765 -14 0 14 176.352978869784 8852389 2.863970360479 0.182545552744 2.869782065686 0 
2008 744 -7 8 10.630145812735 126.682298834982 8963863 24 8 25.298221281347 13.931322492194 8963821 9.67631007653 0.762158342525 9.706279515666 0 
2024 744 10.430144991477 4.861221721589 11.507362911184 12.390972923766 9111808 -2 -15 15.132745950422 110.19268343943 9109463 7.973975618147 1.782108330728 8.170691357606 0 
2040 744 6.986682053991 4.362372959674 8.236748385307 16.372135867879 9198849 -9 -14 16.643316977093 138.343089271875 9196742 7.192963864709 2.009375717347 7.468354566601 0 
2056 744 7.117823959763 8.178738935881 10.842287051331 37.828140566869 9213693 4 -15 15.52417469626 86.207919446048 9211928 7.333274816216 1.443960502383 7.474084657173 0 
2072 744 5.751728413904 0.78395885795 5.804909236006 0.040302205461 8779467 12 -16 20 60.931974145231 8762546 6.164705196559 0.84466474348 6.222302523131 0 
2088 744 7.655291092236 4.486596668997 8.873163549554 27.090928612314 8146101.5 -13 15 19.849433241279 127.631688273253 8126005.5 3.687255005737 0.21148844064 3.693315155501 0 
2104 744 13.549371311388 -14.659521464759 19.962139978209 44.618913174117 8151383.5 13 15 19.849433241279 51.720394013656 8149402.5 2.266233093825 -0.104287469113 2.268631374147 0 
2120 744 1.472692212167 0.008618925016 1.472717433063 3.425522056766 7198616.5 4 -16 16.492422502471 72.873553957041 7192858.5 1.901639460824 -0.102662985778 1.904408655623 0 
2136 744 0.956553267118 -0.020931142551 0.956782245635 2.749063042866 5639287 16 -12 20 32.867297747314 5512714.5 1.611420104572 -0.112754949463 1.615360155522 0 
2152 744 0.640352743206 0.047450014949 0.64210835507 9.745377144709 6154257 0.640352743206 0.047450014949 0.64210835507 9.745377144709 6154257 1.39557502507 -0.134563360169 1.402047413071 0 
2168 744 10.338522490331 0.057805142614 10.338684090231 161.858705938011 7311320 -16 0 16 18.461645078932 7290994 -0.595497479376 -0.198807501754 0.62780703301 0 
2184 744 -11.592239897724 0.107364494097 11.59273707892 4.536929093154 7619410 -12 15 19.209372712299 55.346476498401 7342293 -4.361797408766 -0.30548737422 4.372482037805 0 
2200 744 -12.30004762358 -8.632421391743 15.026971438947 24.964182792281 7779666 -15 15 21.213203435596 55.097769175355 7591329.5 -4.407736098313 -0.784960321467 4.477086130359 0 
2216 744 -16 -4 16.492422502471 51.836152789537 7510967 15 -4 15.52417469626 99.196186564399 7510065 -0.733313548018 -1.637226343495 1.79395062907 0 
2232 744 12.701674905516 -1.680865705078 12.812410191838 59.433255579619 7326199 -16 -2 16.124515496597 105.903339489852 7317858.5 0.916159229042 -2.155369493567 2.342000296063 0 
2248 744 -0.038591135989 -2.269529444581 2.269857523194 13.987919150779 7238897.5 -0.038591135989 -2.269529444581 2.269857523194 13.987919150779 7238897.5 0.540682232869 -2.339389771681 2.401058470922 0 
2264 744 0.215709281951 -2.407977423486 2.41761985563 1.29788308362 6734783.5 -14 13 19.104973174543 139.295742369195 6522321 0.281458784762 -2.50262174584 2.518399223767 0 
2280 744 0.178439446108 -2.221300519333 2.228456109758 1.595644680284 4921734 -16 10 18.867962264113 125.002507539769 4696971 0.138488884724 -2.645065416043 2.648688397365 0 
2296 744 -16 -2 16.124515496597 83.144311996816 3466543.25 15 -2 15.132745950422 82.13602828569 3463702 0.013910416262 -2.959221654294 2.959254348468 0 
2312 744 -0.056531770024 -3.288513285834 3.288999159643 0.54944224926 3673703 -2 12 12.165525060596 169.003379305181 3626084 -0.092276620623 -3.445090460594 3.446326051956 0 
2328 744 -0.097680545788 -2.550406336801 2.552276233448 0.484643774079 4386021.5 12 -18 21.633307652784 35.398779676269 4233878.5 -0.083185258291 -2.788504277486 2.789744771974 0 
2344 744 0.04096131015 -1.910661343794 1.91110036356 1.15531574134 5258459.5 0.04096131015 -1.910661343794 1.91110036356 1.15531574134 5258459.5 0.041184503257 -0.989463104969 0.990319847021 0 
2360 744 -0.12699339286 -0.389197455502 0.4093922095 75.221245022689 6383827 -0.12699339286 -0.389197455502 0.4093922095 75.221245022689 6383827 0.119606344547 -0.077228922491 0.142372694451 0 
2376 744 0.316817802966 -0.138796308944 0.345887171853 4.848067370806 7647104.5 -16 0 16 161.190079760798 7595016.5 0.152080265581 -0.051801730053 0.160660593848 0 
2392 744 0.412946214829 1.648389633343 1.699327207943 87.302209042814 8762212 8.899403708218 -12.937811250623 15.70306805432 44.111253455206 8757061 0.136412770783 -0.027421946946 0.139141680337 0 
2408 744 1.586736661359 0.080501270721 1.588777418988 6.128250693651 8827958 -13 15 19.849433241279 134.13828818192 8760851 0.072603860154 -0.00408957317 0.072718946073 0 
2424 744 2.891463741407 -0.361932638212 2.914027762818 14.810401474618 9090563 -16 0 16 172.324363558434 9054802 0.034705578308 0.004677351718 0.03501934872 0 
2440 744 0.171567266662 -0.802128713774 0.820271784502 75.101563051792 10231312 0 15 15 92.825361997289 10201680 0.022717925243 -0.00112117228 0.022745574397 0 
2456 744 0.003553184943 -0.003737207716 0.005156728105 29.147560092613 10441342 -8 -16 17.888543819998 99.266668607038 10260978 0.01112483597 -0.003464656039 0.011651858943 0 
2472 744 -0.002890605614 -0.00024925503 0.002901332261 83.277928634112 5639457.5 -0.002890605614 -0.00024925503 0.002901332261 83.277928634112 5639457.5 -0.000073689512 -0.002353099558 0.002354253103 0 
2488 744 -0.002402920729 0.004191762204 0.004831655866 77.755975784921 587735 -0.002402920729 0.004191762204 0.004831655866 77.755975784921 587735 -0.004254714189 -0.001347990988 0.004463146036 0 
2504 744 0 0 0 0 0 0 0 0 0 0 -0.001418238063 -0.000449330329 0.001487715345 0 
2520 744 0 0 0 0 0 0 0 0 0 0 0.001418238063 0.000449330329 0.001487715345 0 
2536 744 0 0 0 0 0 0 0 0 0 0 0.004254714189 0.001347990988 0.004463146036 0 
24 760 0 0 0 0 0 0 0 0 0 0 0 0 0 0 
40 760 0 0 0 0 0 0 0 0 0 0 0 0 0 0 
56 760 0 0 0 0 0 0 0 0 0 0 0 0 0 0 
72 760 0 0 0 0 0 0 0 0 0 0 0 0 0 0 
88 760 0 0 0 0 0 0 0 0 0 0 0 0 0 0 
104 760 0 0 0 0 0 0 0 0 0 0 0 0 0 0 
120 760 0 0 0 0 0 0 0 0 0 0 0 0 0 0 
136 760 0 0 0 0 0 0 0 0 0 0 0 0 0 0 
152 760 0 0 0 0 0 0 0 0 0 0 0 0 0 0 
168 760 0 0 0 0 0 0 0 0 0 0 0 0 0 0 
184 760 0 0 0 0 0 0 0 0 0 0 0 0 0 0 
200 760 0 0 0 0 0 0 0 0 0 0 0 0 0 0 
216 760 0 0 0 0 0 0 0 0 0 0 0 0 0 0 
232 760 0 0 0 0 0 0 0 0 0 0 0 0 0 0 
248 760 0 0 0 0 0 0 0 0 0 0 0 0 0 0 
264 760 0 0 0 0 0 0 0 0 0 0 0 0 0 0 
280 760 0 0 0 0 0 0 0 0 0 0 0 0 0 0 
296 760 0 0 0 0 0 0 0 0 0 0 0 0 0 0 
312 760 0 0 0 0 0 0 0 0 0 0 0 0 0 0 
328 760 0 0 0 0 0 0 0 0 0 0 0 0 0 0 
344 760 0 0 0 0 0 0 0 0 0 0 0 0 0 0 
360 760 0 0 0 0 0 0 0 0 0 0 0 0 0 0 
376 760 0 0 0 0 0 0 0 0 0 0 0 0 0 0 
392 760 0 0 0 0 0 0 0 0 0 0 0 0 0 0 
408 760 0 0 0 0 0 0 0 0 0 0 0 0 0 0 
424 760 0 0 0 0 0 0 0 0 0 0 0 0 0 0 
440 760 0 0 0 0 0 0 0 0 0 0 0 0 0 0 
456 760 0 0 0 0 0 0 0 0 0 0 0 0 0 0 
472 760 0 0 0 0 0 0 0 0 0 0 0 0 0 0 
488 760 0 0 0 0 0 0 0 0 0 0 0 0 0 0 
504 760 0 0 0 0 0 0 0 0 0 0 0 0 0 0 
520 760 0 0 0 0 0 0 0 0 0 0 0 0 0 0 
536 760 0 0 0 0 0 0 0 0 0 0 -0.001446504087 0.000268980008 0.001471300214 0 
552 760 0 0 0 0 0 0 0 0 0 0 -0.004339512262 0.000806940023 0.004413900641 0 
568 760 0 0 0 0 0 0 0 0 0 0 -0.005639833599 0.001027494256 0.005732666698 0 
584 760 0 0 0 0 0 0 0 0 0 0 -0.0053474681 0.000930642707 0.005427845882 0 
600 760 0 0 0 0 0 0 0 0 0 0 -0.002548782406 0.000671916254 0.002635860999 0 
616 760 0 0 0 0 0 0 0 0 0 0 0.002756223482 0.000251314898 0.002767657324 0 
632 760 0 0 0 0 0 0 0 0 0 0 0.004129631284 0.000032708264 0.004129760813 0 
648 760 0 0 0 0 0 0 0 0 0 0 0.001571441 0.000016096351 0.001571523436 0 
664 760 0 0 0 0 0 0 0 0 0 0 -0.001164031757 0.000555531164 0.001289800297 0 
680 760 0 0 0 0 0 0 0 0 0 0 -0.004076786988 0.001651012701 0.004398412792 0 
696 760 0 0 0 0 0 0 0 0 0 0 -0.011531242506 0.002376792801 0.0117736442 0 
712 760 0 0 0 0 0 0 0 0 0 0 -0.023527398311 0.002732871462 0.023685587553 0 
728 760 0 0 0 0 0 0 0 0 0 0 -0.001924357306 0.013209975933 0.01334940505 0 
744 760 0 0 0 0 0 0 0 0 0 0 0.05327788051 0.033808106213 0.063099291576 0 
760 760 0 0 0 0 0 0 0 0 0 0 0.071533789696 0.050214166609 0.087398773427 0 
776 760 0 0 0 0 0 0 0 0 0 0 0.052843370254 0.062428157119 0.081790565355 0 
792 760 0 0 0 0 0 0 0 0 0 0 0.044947165541 0.060942728365 0.075724922124 0 
808 760 0 0 0 0 0 0 0 0 0 0 0.047845175556 0.045757880346 0.066203809843 0 
824 760 0 0 0 0 0 0 0 0 0 0 0.04362208613 0.023004728137 0.04931636559 0 
840 760 0.028841067344 -0.031402117336 0.042636840159 34.662358414895 179589 0.028841067344 -0.031402117336 0.042636840159 34.662358414895 179589 0.032277897264 -0.007316728262 0.033096784803 0 
856 760 0.028843556703 -0.071321643223 0.076933266896 13.268485733642 677046 0.028843556703 -0.071321643223 0.076933266896 13.268485733642 677046 0.011143033546 -0.015745070252 0.019289231033 0 
872 760 -0.017680143992 -0.120663328112 0.12195173735 75.088704089836 1120490 -0.017680143992 -0.120663328112 0.12195173735 75.088704089836 1120490 -0.019782505024 -0.002280297834 0.019913494501 0 
888 760 -0.004405454363 -0.083733300939 0.083849112782 120.877584453796 1617881 -0.004405454363 -0.083733300939 0.083849112782 120.877584453796 1617881 -0.030197570298 0.020283745219 0.036377514648 0 
904 760 0.006082862134 -0.028292506871 0.028939024807 170.978685328641 2495635 0.006082862134 -0.028292506871 0.028939024807 170.978685328641 2495635 -0.020102162274 0.051947058907 0.055700932283 0 
920 760 -0.002439672662 -0.014138412412 0.014347358928 155.01348933164 4023424 0 -16 16 164.803827585064 2679508 -0.017254015864 0.063522099861 0.065823690524 0 
936 760 -0.010107343646 -0.013690346354 0.017017167181 122.07611713948 5706216.5 -15.39571063375 4.830728403655 16.135793839413 51.093573916737 5077769 -0.021653131069 0.055008868082 0.059117118102 0 
952 760 -0.016246071324 -0.00351073719 0.016621074246 71.754746692069 6387906 -0.016246071324 -0.00351073719 0.016621074246 71.754746692069 6387906 -0.025729910869 0.043786854057 0.050786975708 0 
968 760 -0.086054761762 0.053948420326 0.101566993052 13.274961425303 6321209 15 1 15.033296378373 130.827034720426 6236561.5 -0.029484355266 0.029856057789 0.041960831643 0 
984 760 -0.367015144594 -0.015552598044 0.367344524482 41.01511388419 5724873.5 -0.367015144594 -0.015552598044 0.367344524482 41.01511388419 5724873.5 -0.066493299729 0.053059256183 0.085068464048 0 
1000 760 -0.031080838681 0.073095515292 0.079429043108 27.299421736741 6155748 -0.031080838681 0.073095515292 0.079429043108 27.299421736741 6155748 -0.136756744259 0.113396449239 0.177654613789 0 
1016 760 -0.019892744097 0.049432030696 0.053284584323 16.23808607189 7103654.5 -0.019892744097 0.049432030696 0.053284584323 16.23808607189 7103654.5 -0.128777600253 0.163886955248 0.208428895375 0 
1032 760 -0.112792132493 0.05098865966 0.123781697218 53.920641585491 7165340.5 -0.112792132493 0.05098865966 0.123781697218 53.920641585491 7165340.5 -0.042555867711 0.204530774209 0.208911080307 0 
1048 760 -0.209312846777 -0.000039993683 0.209312850598 74.393895746559 7340542.5 -0.209312846777 -0.000039993683 0.209312850598 74.393895746559 7340542.5 -0.044953534408 0.160820667186 0.166985350405 0 
1064 760 1.002910799733 -0.288321677664 1.043532204598 177.505862981276 7235602.5 1.002910799733 -0.288321677664 1.043532204598 177.505862981276 7235602.5 -0.135970600346 0.032756634179 0.139860649367 0 
1080 760 1.525021796403 -2.115309881565 2.607724558797 125.70106939985 6863716.5 -16 -3 16.2788205961 10.531199573129 6858948 -0.439113163761 -0.000677922437 0.439113687064 0 
1096 760 -1.97203351995 -1.990017496007 2.801622001309 48.888315832517 6786336 -16 -2 16.124515496597 10.753265148876 6777224.5 -0.954381224652 0.06051699734 0.956297981247 0 
1112 760 -5.310485237524 0.693273790664 5.355546844794 0.848809302196 7069903.5 14 0 14 171.713398475332 7058448 -1.823783489218 0.265625688509 1.843025561933 0 
1128 760 -4.65443759839 1.337693399476 4.84285174131 4.631116890092 7155165 12 0 12 168.596374524461 7129381 -3.047319957456 0.61464815107 3.108689639177 0 
1144 760 -4.33022639679 0.066650594918 4.330739307469 8.8163824379 7690636.5 -13 -16 20.615528128088 60.604347251153 7623553.5 -3.514675935431 0.600661304913 3.565633314618 0 
1160 760 -4.274856205258 -0.072896348662 4.275477687146 4.943201454498 7835057.5 -14 -16 21.260291625469 52.780343227755 7798696 -3.225851423141 0.223665150038 3.233596063753 0 
1176 760 -3.324325781784 0.03322846086 3.324491845988 0.190255774192 7264941 -3.324325781784 0.03322846086 3.324491845988 0.190255774192 7264941 -3.020641166466 0.0402246483 3.020908982224 0 
1192 760 -2.366727208286 0.017475208429 2.366791723272 0.571752070967 7128242 -2.366727208286 0.017475208429 2.366791723272 0.571752070967 7128242 -2.899045165407 0.0503397997 2.899482189375 0 
1208 760 -1.877244379685 -0.034571665902 1.877562691668 4.136865584916 7031314.5 -18 4 18.439088914586 9.446992111099 7029106 -2.183211151763 0.11754356654 2.186373120768 0 
1224 760 -13.020902258115 0.460546599549 13.02904443103 13.45559858501 6846766.5 15 1 15.033296378373 160.70463124702 6846507.5 -0.873139125534 0.241835948821 0.906011345779 0 
1240 760 0.096618577692 5 5.000933427827 8.170156031959 6393372.5 -14.363206498863 1.140586567637 14.408422489893 78.396526182351 6386450.5 -0.146563664639 1.182889526951 1.191934788804 0 
1256 760 -0.443274799298 6.876183204401 6.890456298982 3.620586186928 5531833 -11 -14 17.804493814765 141.774877273893 5511261 -0.003484769077 2.940704300928 2.940706365673 0 
1272 760 -0.238114724232 7.254493690878 7.258400466555 16.708777292989 4648993.5 -16 -13 20.615528128088 143.922687963654 4592701 0.881333080444 3.328928782058 3.443619438135 0 
1288 760 -0.234868048386 8.769434616431 8.772579238287 48.425379661354 4051521.75 -14 -8 16.124515496597 166.636099144824 4046240.25 2.507889883924 2.347562970342 3.435194837212 0 
1304 760 -1.255859780241 10.682805822827 10.756371322888 55.286517409099 3781929.75 -1 -16 16.031219541881 114.432288981181 3768945 -1.682606364039 0.894982537187 1.905822110842 0 
1320 760 -3.043437446526 10.100550759373 10.549105987409 78.26116687133 3529130.75 -3 -17 17.262676501632 74.962563277855 3510555.75 -11.690155663443 -1.028812517407 11.735339561832 0 
1336 760 -21.269996653737 10.106187305723 23.548838177463 24.137644049193 3050029.25 -22 -16 27.202941017471 37.303906343091 3032721.75 -16.084857701065 0.358425162029 16.088850669339 0 
1352 760 -14.334924034426 4.735224468279 15.096767794391 0.505160846278 2573338 1 -3 3.162277660168 127.219937042334 2525180 -14.866712476905 5.056695575495 15.703162420805 0 
1368 760 -3.509726989191 10.511053031517 11.08153506379 27.875422906974 2548173.5 6 -12 13.416407864999 160.225039932555 2442641 -4.847533230256 4.625931151256 6.700583365245 0 
1384 760 -0.594421674489 -11.911434765527 11.926257388658 89.033193682326 2418019.75 19.662515761877 -6.155369531981 20.603473012123 13.559086215948 2406280.5 13.972680038882 -0.933868110688 14.003852938285 0 
1400 760 19.336198739092 -8.680826505324 21.195408240777 17.573400154579 2929967.25 8 14 16.124515496597 66.859020260912 2797386 13.577641017214 -1.57192362066 13.668331261039 0 
1416 760 -12.215370977621 -10.64171553313 16.200660406569 65.266153294933 2821687.75 4 17 17.464249196573 79.035904885427 2792873 -6.03265029526 2.711764621342 6.61411649024 0 
1432 760 -24.394337109619 -7.319341083516 25.468734497705 33.889330300878 2855045 -2 20 20.099751242242 67.101561655697 2828029 -17.895391952778 5.535389320283 18.731940317827 0 
1448 760 -36.468523551459 1.698614013686 36.508060748153 14.736197656926 2821180 -7 3 7.615773105864 5.795623927574 2819172 -22.01058395534 6.898950476165 23.066454511425 0 
1464 760 -29.582688724818 10.720552556267 31.465309776024 8.06945558242 2979108.75 0 11 11 62.010394125274 2970291 -15.977915812439 8.491890841218 18.094363867474 0 
1480 760 8.061099955896 12.378770363889 14.772111840249 31.946945944379 3572547.75 -6.900275132833 -5.099227080173 8.579971662189 127.589365862012 3551796 0.202612475926 10.314210415444 10.316200284478 0 
1496 760 11.566862236454 10.455394092171 15.591907119391 13.488387451921 3963305 -9 12 15 71.270789281505 3916525 7.491006005998 10.939973129754 13.258890717614 0 
1512 760 8.963431427443 9.766087284845 13.255925611201 12.959656998042 4072873 -8 25 26.248809496813 47.331098380279 3978026.25 5.887264777775 10.369178984148 11.923915437847 0 
1528 760 5.55290776357 8.99773849951 10.573272092228 7.138244830716 4200535.5 -12 23 25.942243542146 52.095162165373 4162156 4.242092274176 9.290218253729 10.212908599637 0 
1544 760 10.156113325363 11.620959649343 15.433513567858 22.798582396399 4712453 8.599519050107 -5.211911007714 10.055632463723 102.865615131846 4710550 2.5554884952 7.703090938497 8.115918398792 0 
1560 760 -2.380679648066 -6.841941543125 7.244294283521 166.64627767918 5065435 9.002448650105 7.875148459403 11.960854691677 42.989449907296 5065272.5 0.548238080321 5.367657227994 5.395582369861 0 
1576 760 0.610899813827 -6.315850572657 6.345326393391 147.598538713046 5672774.5 -17 17 24.041630560343 7.073798490498 5648665.5 -1.779658970459 2.283917122222 2.895421121756 0 
1592 760 7.34117163936 7.805757538764 10.715533201503 134.080016163022 5809783 -21 9 22.847319317592 24.035429348205 5795763 -5.598427700831 -0.081774171142 5.599024891577 0 
1608 760 -11.427380538264 5.604980517067 12.727954767479 35.13630458985 5469964 -11 -17 20.248456731317 48.085798437982 5405472.5 -10.908068110793 -1.729416652095 11.044312195255 0 
1624 760 -23.565333732002 4.796045244913 24.048430383122 25.967893036885 5213078 -10 -18 20.591260281974 46.48129418612 5122288.5 -9.173289314497 -2.366243045157 9.47356020703 0 
1640 760 10.970021341965 5.65390398615 12.341312674419 128.455724625731 5438887 15 -17 22.671568097509 52.612997511625 5384595 -0.394091311941 -1.992253350328 2.030857300265 0 
1656 760 5.011637451752 6.413801239353 8.139616470432 45.560593024479 5458177.5 14 -16 21.260291625469 55.250005385124 5431819 3.393231170562 0.382766700791 3.414751546468 0 
1672 760 1.917125516811 7.45385143393 7.696445377335 10.274868965423 4877258 2 -12 12.165525060596 145.839001325829 4842414 2.188678133013 4.758817108198 5.238000786484 0 
1688 760 1.094695802649 7.90903659595 7.984436033711 9.133396268778 3802858.25 1 -11 11.045361017187 157.791889929833 3750125 1.635278935057 5.344191999493 5.588785675161 0 
1704 760 3.768599019771 10.765042388835 11.405633529324 19.722068153368 3533854 3 -14 14.317821063276 128.889173320524 3507728 1.733033576694 2.138891374675 2.752864270284 0 
1720 760 -5.123685557652 -13.947699553923 14.859020039699 131.902803259721 4221151 15.784782452594 -14.06905487716 21.144684017792 63.442778925216 4212134.5 2.350484684106 0.936892547955 2.530325255106 0 
1736 760 5.881957842612 8.080220149938 9.994367700547 27.45629831917 5883691.5 8 -15 17 88.418647103373 5810747 3.487632257291 1.738195519333 3.896781033819 0 
1752 760 4.28063106615 9.48558602971 10.406735542499 58.254624456291 5877016 -14.252862799349 -6.830158049884 15.804909267803 81.638308130329 5755582 -0.354640874361 0.526449501279 0.634759188326 0 
1768 760 -4.02668907225 9.695649933246 10.49856430721 83.832683933236 4791173 -2 -18 18.110770276275 67.273580785887 4777233 -9.176334710851 -2.698345506208 9.564841200795 0 
1784 760 -14.070051998091 6.432821732612 15.470861600847 41.277914933806 4328087.5 -25 -20 32.015621187164 21.951752341478 4294630.5 -14.062116425374 -4.220992327428 14.681958131972 0 
1800 760 -13.857282819403 6.669130333675 15.378608082153 40.768021654259 4161170 -3 -20 20.223748416157 66.401449366963 4128175 -15.011986017932 -4.041490962381 15.546490710176 0 
1816 760 -2 12 12.165525060596 109.293425479469 4267014 -2 -19 19.104973174543 55.235246355011 4263735 -7.223571865821 -3.963930028494 8.239704592489 0 
1832 760 22 -19 29.068883707497 17.609961128756 3995525.25 22 12 25.059928172283 51.815582412091 3991656.25 9.303126030957 -3.988309525766 10.121994211675 0 
1848 760 12 12 16.970562748477 61.423032893714 4040230 21.939498183287 -3.233194694906 22.176454371013 8.039770382895 4039866.25 12.305523791885 -3.627088563617 12.828939443343 0 
1864 760 1.127635115793 10.251292177102 10.313125241879 141.954648037544 4344358 0.731645256246 -6 6.044444125061 24.815718745025 4308078 1.783621416964 -2.880267142046 3.38780816585 0 
1880 760 -5.73898311681 10.401387112186 11.879595156089 73.616299691974 5107199.5 -6 -17 18.02775637732 58.055872660077 5064330 -6.960674147303 -1.54366593673 7.129788854458 0 
1896 760 -5.511228579012 10.9751548751 12.281191513145 61.762202021968 5699556 -1 -16 16.031219541881 87.99772099578 5660886 -13.927362900916 0.382715052332 13.932620291427 0 
1912 760 -13.895687017957 9.11097455985 16.616256351274 31.241495077072 6069548 -2 -16 16.124515496597 84.885111903691 5995425.5 -14.748373933642 0.517634851945 14.757455049109 0 
1928 760 -8.841863521693 10.820775933661 13.973823468999 57.638170135186 6310533.5 -9 -17 19.235384061671 55.211641612907 6292882.5 -9.423707245482 -1.13890653789 9.49227930218 0 
1944 760 -20.867608204233 -3.163149616487 21.105984640894 1.762022544791 6733539.5 -2.229541211804 12.363424228552 12.562846519411 90.158915167243 6726845 -8.33917290754 -1.527727008005 8.477956982248 0 
1960 760 -8.244020156317 -3.182387853504 8.836937296818 17.877121125067 6773819 2.776474242056 9.954562186426 10.334510996666 108.815223750551 6705192.5 -11.494770919818 -0.6488265584 11.513067983903 0 
1976 760 -16.639863431668 0.052783343603 16.639947148531 1.124843665118 7245546 9 0 9 179.056903780461 7217276.5 -6.440993508241 -0.106029193371 6.441866155319 0 
1992 760 21 0 21 0.845372530448 7092441.5 -10 0 10 179.154627469552 7091675 6.82215932719 0.100665087082 6.822901973891 0 
2008 760 12.40156350697 0.404922274274 12.408172285458 1.469322408828 7783770.5 11 -16 19.416487838948 58.830894116797 7643561.5 12.423976182211 0.724937894137 12.445108240851 0 
2024 760 9.83309422518 1.961242005513 10.026774767863 1.605802087302 8641823 25 2 25.079872407969 5.10008102308 8614752 10.364457056822 1.766789227795 10.513967579281 0 
2040 760 9.040262689685 2.23054974886 9.311374854481 1.151635459533 8873086 -7 3 7.615773105864 144.092999656209 8838389 9.389202066477 2.117396250075 9.624992588307 0 
2056 760 8.74500392926 1.343487581298 8.847601517014 1.861420441839 8948749 4 16 16.492422502471 65.368319760792 8941468 9.498211211175 1.776758960977 9.662964794384 0 
2072 760 7.351873588365 3.657536933759 8.211432376943 18.986453987601 8940355 6.88792994479 -11.772050573732 13.639089179078 67.131488364736 8939573 7.592454527421 0.994681167673 7.657333503008 0 
2088 760 3.195317472365 0.434629035822 3.224741252873 11.311967349476 8427408 3 -16 16.2788205961 75.81424741092 8424014 3.671932015216 -0.228837129837 3.679055742491 0 
2104 760 3.107808533238 0.40090254385 3.133559753528 13.863798031273 7440122 16 -16 22.62741699797 38.486677074656 7386755 1.653909383446 -0.188828756139 1.664653882281 0 
2120 760 1.417017026363 1.203401326257 1.859062130495 4.412695807211 5943007 -11.394860231855 7.805464555855 13.811883167628 109.662031774169 5937531.5 1.538386632111 1.11470628877 1.899790393723 0 
2136 760 1.404196034205 1.56077775555 2.099474625876 5.377805394733 4215619 -15 -7 16.552945357247 162.371688882317 4141572 1.4242773468 1.311765547306 1.936309585709 0 
2152 760 11.123671863553 11.661561815133 16.116082020646 29.2980786572 3517291.25 14 -16 21.260291625469 65.86832380412 3500402 1.311581527513 0.402349019471 1.37190773625 0 
2168 760 13.664972241239 0.439318292137 13.672032289153 176.407681659042 3861526 -16 -16 22.62741699797 39.566300872973 3712972 -0.967861629334 -0.09206423751 0.972230403436 0 
2184 760 -11.092972065046 4.699217054686 12.047268161826 24.772610222429 4200266.5 -11 -16 19.416487838948 53.677407637425 4028778 -5.414052123741 -0.171474223637 5.416766914679 0 
2200 760 -19.938763998149 9.949761835794 22.283448349906 33.094304800856 4653511 -17 -16 23.345235059858 36.689919834215 4580142 -5.656112765686 -0.651871256924 5.693553174755 0 
2216 760 2.246724764813 12.369345506035 12.571733389493 142.442578517762 4442865 1 -17 17.029386365926 51.218652425081 4430444.5 -1.694043555168 -1.533255337369 2.284875378741 0 
2232 760 11.196971205273 -1.131240240432 11.253971239224 75.644624602018 3990648 -16 -1 16.031219541881 95.009971647229 3973820.75 0.293979302297 -1.946994740053 1.969063825266 0 
2248 760 0.474521613696 -1.942345691509 1.999469316391 4.489060855768 4268359.5 -16 14 21.260291625469 140.425505580119 3805178 0.307955806711 -1.893089464976 1.917974061683 0 
2264 760 0.240995072032 -2.484337186583 2.495998774315 1.952184087028 5248004.5 0.240995072032 -2.484337186583 2.495998774315 1.952184087028 5248004.5 0.252729928794 -1.921522157974 1.938071159812 0 
2280 760 0.279310074301 -2.258379426703 2.275586023986 3.438006418895 5110124 -16 12 20 130.482271379124 4917109 0.128301668547 -2.032292819048 2.036338729314 0 
2296 760 -0.181974730865 -1.803099314376 1.812258795034 3.332543356192 4069209 15 -9 17.492855684536 68.131752510147 4008805 -0.394529927277 -2.464369513721 2.495750581223 0 
2312 760 -10.449815208748 -6.161579357673 12.131104569572 37.234851073751 3629560.75 14 -7 15.652475842499 85.674997847706 3616633 -1.315764858678 -3.217752241993 3.476372628788 0 
2328 760 1.87944613386 -11.902721021428 12.050190267544 35.218109401547 3738009.75 1 13 13.038404810405 158.153547244965 3651978.25 -1.332137602876 -2.701883412409 3.012434989713 0 
2344 760 9 -11.020077571031 14.228215266559 65.061892567658 3991238.5 0 15 15 154.176316617536 3912902.25 -0.443648159871 -0.916763024968 1.018468523669 0 
2360 760 -7.049455870764 -6.618058772752 9.669205241045 112.044016053455 4578329 -8 15 17 142.836336485198 4503082 0.035199536882 -0.01623752663 0.038764218911 0 
2376 760 0.411909727156 -1.179149825108 1.249025193252 70.575845810842 5991053.5 -16 0 16 179.831569956626 5940293 0.104405487385 -0.000306917396 0.104405938501 0 
2392 760 0.143127015752 0.027955719256 0.14583163195 6.240422391511 7668594.5 11.289988389159 -12.996502078977 17.21548442874 53.8308436388 7494543 0.114077221663 0.009602403812 0.114480647541 0 
2408 760 0.026421983745 0.011925747252 0.028988699048 12.428025788299 8156005.5 7 -16 17.464249196573 78.234966110831 7137005.5 0.064214739718 0.013490436994 0.065616497067 0 
2424 760 0.01542039846 -0.004761846434 0.016138893089 35.035823466755 7716013.5 0.01542039846 -0.004761846434 0.016138893089 35.035823466755 7716013.5 0.033957888908 0.010951766718 0.035680238414 0 
2440 760 0.00723164875 -0.005338832347 0.008988875039 41.308406865589 6941786 0.00723164875 -0.005338832347 0.008988875039 41.308406865589 6941786 0.023306669232 0.001986392986 0.023391164738 0 
2456 760 -0.003682546639 0.000854642688 0.003780418479 177.911389583764 5629534 -0.003682546639 0.000854642688 0.003780418479 177.911389583764 5629534 0.012106774361 -0.002348330094 0.012332422295 0 
2472 760 -0.004360890825 0.002675214971 0.005116067233 131.427360666368 2897829.75 -0.004360890825 0.002675214971 0.005116067233 131.427360666368 2897829.75 0.000358204293 -0.002052402523 0.002083426608 0 
2488 760 -0.002754784555 0.00476907582 0.005507533215 79.035114948025 428537 -0.002754784555 0.00476907582 0.005507533215 79.035114948025 428537 -0.004137060555 -0.001428329053 0.004376687551 0 
2504 760 0 0 0 0 0 0 0 0 0 0 -0.001379020185 -0.000476109684 0.00145889585 0 
2520 760 0 0 0 0 0 0 0 0 0 0 0.001379020185 0.000476109684 0.00145889585 0 
2536 760 0 0 0 0 0 0 0 0 0 0 0.004137060555 0.001428329053 0.004376687551 0 
24 776 0 0 0 0 0 0 0 0 0 0 0 0 0 0 
40 776 0 0 0 0 0 0 0 0 0 0 0 0 0 0 
56 776 0 0 0 0 0 0 0 0 0 0 0 0 0 0 
72 776 0 0 0 0 0 0 0 0 0 0 0 0 0 0 
88 776 0 0 0 0 0 0 0 0 0 0 0 0 0 0 
104 776 0 0 0 0 0 0 0 0 0 0 0 0 0 0 
120 776 0 0 0 0 0 0 0 0 0 0 0 0 0 0 
136 776 0 0 0 0 0 0 0 0 0 0 0 0 0 0 
152 776 0 0 0 0 0 0 0 0 0 0 0 0 0 0 
168 776 0 0 0 0 0 0 0 0 0 0 0 0 0 0 
184 776 0 0 0 0 0 0 0 0 0 0 0 0 0 0 
200 776 0 0 0 0 0 0 0 0 0 0 0 0 0 0 
216 776 0 0 0 0 0 0 0 0 0 0 0 0 0 0 
232 776 0 0 0 0 0 0 0 0 0 0 0 0 0 0 
248 776 0 0 0 0 0 0 0 0 0 0 0 0 0 0 
264 776 0 0 0 0 0 0 0 0 0 0 0 0 0 0 
280 776 0 0 0 0 0 0 0 0 0 0 0 0 0 0 
296 776 0 0 0 0 0 0 0 0 0 0 0 0 0 0 
312 776 0 0 0 0 0 0 0 0 0 0 0 0 0 0 
328 776 0 0 0 0 0 0 0 0 0 0 0 0 0 0 
344 776 0 0 0 0 0 0 0 0 0 0 0 0 0 0 
360 776 0 0 0 0 0 0 0 0 0 0 0 0 0 0 
376 776 0 0 0 0 0 0 0 0 0 0 0 0 0 0 
392 776 0 0 0 0 0 0 0 0 0 0 0 0 0 0 
408 776 0 0 0 0 0 0 0 0 0 0 0 0 0 0 
424 776 0 0 0 0 0 0 0 0 0 0 0 0 0 0 
440 776 0 0 0 0 0 0 0 0 0 0 0 0 0 0 
456 776 0 0 0 0 0 0 0 0 0 0 0 0 0 0 
472 776 0 0 0 0 0 0 0 0 0 0 0 0 0 0 
488 776 0 0 0 0 0 0 0 0 0 0 0 0 0 0 
504 776 0 0 0 0 0 0 0 0 0 0 0 0 0 0 
520 776 0 0 0 0 0 0 0 0 0 0 0 0 0 0 
536 776 0 0 0 0 0 0 0 0 0 0 -0.000482168029 0.000089660003 0.000490433405 0 
552 776 0 0 0 0 0 0 0 0 0 0 -0.001446504087 0.000268980008 0.001471300214 0 
568 776 0 0 0 0 0 0 0 0 0 0 -0.001879944533 0.000342498085 0.001910888899 0 
584 776 0 0 0 0 0 0 0 0 0 0 -0.001782489367 0.000310214236 0.001809281961 0 
600 776 0 0 0 0 0 0 0 0 0 0 -0.000849594135 0.000223972085 0.000878620333 0 
616 776 0 0 0 0 0 0 0 0 0 0 0.000918741161 0.000083771633 0.000922552441 0 
632 776 0 0 0 0 0 0 0 0 0 0 0.001376543761 0.000010902755 0.001376586938 0 
648 776 0 0 0 0 0 0 0 0 0 0 0.000523813667 0.00000536545 0.000523841145 0 
664 776 0 0 0 0 0 0 0 0 0 0 -0.000388010586 0.000185177055 0.000429933432 0 
680 776 0 0 0 0 0 0 0 0 0 0 -0.001358928996 0.000550337567 0.001466137597 0 
696 776 0 0 0 0 0 0 0 0 0 0 -0.003843747502 0.000792264267 0.003924548067 0 
712 776 0 0 0 0 0 0 0 0 0 0 -0.007842466104 0.000910957154 0.007895195851 0 
728 776 0 0 0 0 0 0 0 0 0 0 -0.000641452435 0.004403325311 0.004449801683 0 
744 776 0 0 0 0 0 0 0 0 0 0 0.017759293503 0.011269368738 0.021033097192 0 
760 776 0 0 0 0 0 0 0 0 0 0 0.023844596565 0.016738055536 0.029132924476 0 
776 776 0 0 0 0 0 0 0 0 0 0 0.017614456751 0.020809385706 0.027263521785 0 
792 776 0 0 0 0 0 0 0 0 0 0 0.014982388514 0.020314242788 0.025241640708 0 
808 776 0 0 0 0 0 0 0 0 0 0 0.015948391852 0.015252626782 0.022067936614 0 
824 776 0 0 0 0 0 0 0 0 0 0 0.008648201486 0.00630199972 0.010700775178 0 
840 776 0 0 0 0 0 0 0 0 0 0 -0.006918182585 -0.006537638397 0.009518506505 0 
856 776 0 0 0 0 0 0 0 0 0 0 -0.018861482114 -0.002954538074 0.019091485085 0 
872 776 0 0 0 0 0 0 0 0 0 0 -0.027181697102 0.017051300687 0.032087248441 0 
888 776 -0.016989918155 0.006817573379 0.018306737167 32.443941317949 82704.984375 -0.016989918155 0.006817573379 0.018306737167 32.443941317949 82704.984375 -0.026622405252 0.037060101694 0.045631169161 0 
904 776 0.007962976339 0.022810944981 0.02416088167 35.999742356154 645042 0.007962976339 0.022810944981 0.02416088167 35.999742356154 645042 -0.017183606564 0.057071864945 0.059602635032 0 
920 776 -0.002592310046 0.023269185808 0.023413139036 6.080897959803 1834544 -0.002592310046 0.023269185808 0.023413139036 6.080897959803 1834544 -0.013680961556 0.062029746768 0.063520533634 0 
936 776 -0.008968861065 0.016682652383 0.018940732809 11.024645074509 3159025.75 -0.008968861065 0.016682652383 0.018940732809 11.024645074509 3159025.75 -0.016114470227 0.051933747164 0.0543763758 0 
952 776 -0.000215155897 0.00877961418 0.008782250123 25.170231056407 4006363.75 -0.000215155897 0.00877961418 0.008782250123 25.170231056407 4006363.75 -0.018949494598 0.037884099887 0.042359041181 0 
968 776 -0.018423060644 0.007738185571 0.019982209073 19.079645730459 4268838 -0.018423060644 0.007738185571 0.019982209073 19.079645730459 4268838 -0.022186034667 0.019880804938 0.029790376621 0 
984 776 -0.048361595855 0.009088328096 0.04920814629 22.977959896054 3665571.25 15 -16 21.931712199461 166.773498410711 2633287 -0.031491648409 0.020939728725 0.037817934351 0 
1000 776 -0.001250135694 -0.005503996098 0.005644183936 118.425863856456 5023963 -0.001250135694 -0.005503996098 0.005644183936 118.425863856456 5023963 -0.046866335822 0.041060871247 0.062309297709 0 
1016 776 0.011459263098 -0.016032282581 0.019706567319 179.170264821118 7298234.5 10 -16 18.867962264113 177.279382536575 7085433.5 -0.040782154778 0.058839842683 0.071591279045 0 
1032 776 -0.05112041429 -0.142433057956 0.151329021526 150.150218411144 7578675 0 15 15 10.106295191319 7567049.5 -0.013239105276 0.074276643034 0.075447290269 0 
1048 776 7.088274179753 -0.338322678849 7.09634364179 120.811387873617 7440047 -16 0 16 61.921260583415 7438191.5 -0.030989853348 0.058090707164 0.065839967112 0 
1064 776 0.535654586756 -0.471806942363 0.713812039107 144.866379035041 6758253 4 15 15.52417469626 98.691295490108 6692796 -0.094034398993 0.010282035073 0.094594864761 0 
1080 776 0.778128509132 -1.983500934422 2.130671240144 109.036118330473 6487432 4 15 15.52417469626 107.31540336419 6432754.5 -0.209087087346 -0.0087048049 0.209268210016 0 
1096 776 -5.640898986775 -0.408314032415 5.655657497415 4.312261940638 6669701.5 15 15 21.213203435596 134.82784760686 6654617.5 -0.376147918409 0.001130187245 0.376149616305 0 
1112 776 -6.353510976604 0.159429259681 6.355510948671 3.740089327283 7149672.5 15 0 15 174.822483835492 7135924 -0.660626425857 0.059860335731 0.663332898577 0 
1128 776 -4.209820025036 -0.107106172545 4.211182301372 10.415241161291 8024633.5 9.996159444041 6.989279314405 12.197263175215 136.08105308603 8010635.5 -1.062522609689 0.16748564056 1.075642011031 0 
1144 776 -4.42525167292 -0.207079890544 4.430094180686 9.754339225992 8034961.5 14 9 16.643316977093 140.189639112697 8003614.5 -1.228262938206 0.152446950637 1.23768732648 0 
1160 776 -4.458125681433 -0.123106901625 4.459825097544 2.31134325255 7727203.5 9.184131157136 5.813917392215 10.869678033639 146.934998898591 7721821.5 -1.157847411408 0.014744265963 1.157941285853 0 
1176 776 -0.895706164906 0.086608808219 0.899883669988 15.495533787084 7568007 -17 1 17.029386365926 13.339044712649 7566231 -1.043419384365 -0.183468235273 1.059426545365 0 
1192 776 -0.131743323354 0.008844093517 0.132039847162 30.390143819682 7051015.5 0 15 15 116.549569120431 7043848.5 -0.88497885708 -0.442190553074 0.989302816485 0 
1208 776 0.474078003541 -0.086771640153 0.481953598364 135.905863632729 6609496.5 0 15 15 123.721960338278 6603616.5 -0.582703789253 -0.388937876812 0.700582884482 0 
1224 776 6 -16 17.088007490635 100.708684313206 6385408 6 15 16.155494421404 121.648770392729 6385280.5 -0.136594180885 -0.023710206489 0.138636734466 0 
1240 776 0 -15 15 178.524380980998 5872567 0 16 16 1.475619019001 5872416.5 0.043221614919 1.67785081071 1.67840741508 0 
1256 776 0.033546059469 7.996875441524 7.996945802327 0.765894150074 5148571 -16 -2 16.124515496597 96.599470615761 5126446 -0.043256401841 4.715745174785 4.715943560923 0 
1272 776 -0.019096962448 8.452777024911 8.452798597319 2.132726300439 4586594 -13 -11 17.029386365926 132.239639164161 4558515.5 0.207564863454 5.934137548939 5.937766551682 0 
1288 776 -0.106701079528 7.968270655803 7.968985027248 9.253094907733 4114911.75 -12 -11 16.2788205961 140.996354672396 4109806.75 0.795685410804 5.333027933172 5.392059180773 0 
1304 776 -2.005795262181 -4.231548036484 4.682863805286 104.19773060374 3668999 -18 8 19.697715603592 15.596652158046 3652991.75 -2.758032867783 2.278332311571 3.577365430274 0 
1320 776 -4.341186332374 5.845681570258 7.281338598997 70.571361449619 3315554.25 -4 -19 19.416487838948 60.941243560928 3289372 -10.453589972308 -3.229949315864 10.941211810955 0 
1336 776 2.022548392081 12.868315705363 13.02629076488 89.920309365619 2701962.5 1 -15 15.033296378373 102.826026259897 2692195.25 -7.135025054111 1.131602642649 7.224202867005 0 
1352 776 20.100559417899 6.092085565262 21.003475794424 48.035570509831 2714572.75 -9 5 10.295630140987 86.048797784227 2708046.75 7.197661886806 15.362988187111 16.965486809228 0 
1368 776 24.587711477742 6.121548955938 25.338289550256 24.494411975092 2310202.25 1 24 24.020824298929 49.139074723636 2280713.25 17.888236240736 14.216196741034 22.849272320671 0 
1384 776 26.903315755759 -8.26315322478 28.143704444694 11.784283387923 2211805.75 10.05621575654 -10.598704746447 14.610270964101 41.214826114384 2190318 24.936698007679 -2.30877169558 25.043349102476 0 
1400 776 29.117487397725 -5.231875155764 29.583789311076 0.812736288862 2642869.75 9.444099702096 -4.027201044529 10.266906419958 13.721053072446 2613173.75 24.668433247339 -4.072139261371 25.002278237041 0 
1416 776 22.493440179756 21.918950353832 31.406929740648 16.671844222603 2567803.75 24 -8 25.298221281347 46.022004958413 2563169.5 17.083441959716 8.926094043659 19.274831881685 0 
1432 776 10.752403646043 19.373328226588 22.157166577488 11.365718699422 2908345.5 -11 20 22.825424421027 46.475816577778 2893494 5.48206476896 17.213853121875 18.065707111335 0 
1448 776 -9.839502364221 24.520935940719 26.42143270499 4.125191286071 3250651 4 4 5.656854249492 70.989274916302 3043649.25 -10.13569832493 20.791137973276 23.130149129605 0 
1464 776 -11.007893225674 26.815169391559 28.986669742587 7.218735415954 3496082.75 -14 4 14.560219778561 44.517231881318 3284382 -11.548895212276 20.381572687723 23.426170960041 0 
1480 776 1.366335157646 18.454230266956 18.504742270803 0.210074390811 4035587.75 -11 -1 11.045361017187 99.63890688221 3932770 1.24247410692 15.985157265215 16.033371283047 0 
1496 776 18.081850134521 10.266518767135 20.793140981661 34.003256538816 4585994 -10 12 15.620499351813 66.215256635455 4569574 6.22774948786 12.540396739358 14.00165754702 0 
1512 776 16.018841443373 -4.376023109748 16.605808003376 86.547987982799 4836882 16 25 29.681644159312 13.887984866091 4835485.5 3.406930930545 10.04729111015 10.609205296232 0 
1528 776 6.33161698533 8.409984991808 10.526975881579 25.753446404921 5038167.5 -8.284785748617 8.409585754428 11.805033141062 55.793199790016 5019192.5 1.67838343095 8.459785287229 8.624670315282 0 
1544 776 8.29637405136 10.071192201727 13.048323063298 31.84953015921 4960567.5 16 -9 18.357559750686 111.726515782082 4891191.5 1.042106989076 7.777879270596 7.847381278149 0 
1560 776 8.621576588191 10.207709448447 13.361471290616 89.265865017251 4904204 -20 10 22.360679774998 14.353995667536 4901246 -4.061499388056 3.520545073821 5.374943245838 0 
1576 776 -16.146663635141 6.614516052663 17.448970432588 39.829791366353 5084276 -16 -20 25.612496949731 33.786967032428 5079833 -13.632435700448 -4.312217303097 14.298199928521 0 
1592 776 -9.697432788021 -13.097303701117 16.296612130056 22.731181904821 5698110 -34 -11 35.735136770411 12.824116705322 5696551.5 -18.899678385492 -11.245036599367 21.992014259638 0 
1608 776 -18.809770739567 -26.061558838524 32.140509086959 13.162175725169 5736693 -19 -2 19.104973174543 35.009181140232 5713140.5 -19.863227443189 -17.277912814989 26.326300076202 0 
1624 776 -4.395560231257 -28.209318044925 28.549721089817 27.954856268733 5264607 -9 -5 10.295630140987 24.133963229243 5197397 -14.981377518301 -20.017692036427 25.002993157042 0 
1640 776 11 -27 29.154759474227 34.495029496867 5515053 -4 -4 5.656854249492 32.671316325215 5474421.5 -4.254128610827 -19.46437426368 19.923841891414 0 
1656 776 -0.015713614403 -26.734460817722 26.734465435688 4.602517822991 5491014.5 0 3 3 175.431158699931 5488815.5 0.990779944469 -12.398578188564 12.438102186279 0 
1672 776 -0.083393969773 8.155157760437 8.155584139214 33.147981384789 5376026 -4 -15 15.52417469626 162.369317281753 5371044.5 0.753348147588 1.179696188919 1.399720161183 0 
1688 776 -0.068773167525 8.216784796455 8.217072601591 7.547705017161 4637127.5 0 -13 13 172.931840246623 4605711 0.477585338991 3.851734326563 3.881229840971 0 
1704 776 9.69565770351 -14.317194211465 17.291264511089 31.969528066286 3760439 -3 11 11.401754250991 166.88135806081 3745733 0.163491518678 -4.382463775632 4.385512310028 0 
1720 776 12.956696018455 -16.066385754766 20.639881853722 22.149870753058 3922925 -15 -16 21.931712199461 59.886871313754 3917957.25 1.475707885187 -4.908057067843 5.125108578714 0 
1736 776 3.549762598502 1.868407218864 4.011453607014 0.494822610049 6115472 -1 17 17.029386365926 66.101338261174 5984164 4.414234438517 2.274954449929 4.96597255605 0 
1752 776 3.049457410243 0.66281705072 3.12065969622 7.029060737941 5941404 0 16 16 70.708111664006 5832005.5 3.298360742214 1.154545297309 3.494589879989 0 
1768 776 -0.867183791354 -12.773725350709 12.803127237646 8.871301423282 3910965.25 -5.973266765029 -0.146775871477 5.975069790609 75.837360852697 3907976.25 -1.871913203722 -8.269284525703 8.478509633732 0 
1784 776 -4.162906098997 -2.224535622695 4.719994271787 41.862559088255 3403071 -4 -28 28.284271247462 11.888591110673 3371645 -4.598178184671 -12.620577447929 13.432133774541 0 
1800 776 0.370127818031 -1.057065622229 1.119992112195 41.598190426987 3409636 -12 -27 29.546573405388 1.661821750055 3381522 -4.880434200632 -11.899333469371 12.861289787653 0 
1816 776 -14.141598553556 1.597133869786 14.231501897128 73.248242164871 3660870 -12 -27 29.546573405388 0.767123656244 3653302.75 -4.918229559104 -11.477653340424 12.487013582078 0 
1832 776 8.134928078321 -17.614868044778 19.402593411047 47.322733126192 3751108.25 -20 -18 26.907248094147 25.478571403944 3748584 -4.711564260087 -11.355537061091 12.294188046501 0 
1848 776 -13.31056894119 -11.248207877601 17.426801944014 19.398226351565 3520619.25 -11 5 12.083045973595 84.041942619101 3406443 -6.000218812511 -10.226302510868 11.856639019629 0 
1864 776 -24 -13 27.294688127912 14.201111528103 3303164.75 -3 7 7.615773105864 109.445449638818 3242504.75 -8.784193216377 -8.089949689755 11.941915107947 0 
1880 776 -3.841216639892 -3.859324479798 5.445119899043 2.907134240047 3839028.75 -3.841216639892 -3.859324479798 5.445119899043 2.907134240047 3839028.75 -4.690165772024 -4.256900799252 6.333945009529 0 
1896 776 -9.075776219376 1.434842704411 9.188497568732 159.561815732239 3978156 21 1 21.023796041629 8.728003444636 3977783.25 6.281863520548 1.272844160641 6.409519603533 0 
1912 776 1.192340206528 2.999421380779 3.227724242803 60.600216472846 4007794.25 24 -15 28.30194339617 39.726187758075 3768930 11.78613007684 1.597905392501 11.893954928095 0 
1928 776 8.062075749342 5.994318951745 10.046338889535 52.145107776277 4333611.5 24 -19 30.610455730028 22.85393827708 4250134 11.82263389685 -3.281717103671 12.26965115264 0 
1944 776 -3.248404304263 -3.783308056322 4.986536911824 111.55709708183 4619972.5 12 -20 23.323807579381 39.943463838461 4554131.5 12.674363199889 -4.387103104805 13.412164485082 0 
1960 776 16.844794600501 -0.781483055182 16.86291258646 4.175890531207 4375192.5 -2 -1 2.2360679775 146.602831286419 4363375 14.341317985958 -1.718252610899 14.443884297835 0 
1976 776 16.377177857295 0.008135180371 16.377179877825 0.975971857331 4680001 -2 -8 8.246211251235 103.088732647444 4548119.5 14.607547981364 -0.241589725277 14.609545633702 0 
1992 776 16.39094308619 -0.275489116522 16.393258050432 1.145277704216 5125053 2.860846903493 -14.113472729598 14.400505459682 78.723592448968 5066649.5 13.473053186106 0.042885552061 13.4731214396 0 
2008 776 12.378929291918 0.202111458186 12.380579124412 0.711007406786 6068264 12 -16 20 54.776497988324 6032635 12.011324593854 0.345240734941 12.016285185696 0 
2024 776 9.884310445668 2.159065043472 10.117368968674 8.597083351257 7796177.5 10.007399401389 -13.03124054109 16.430498252295 56.202077994019 7748039.5 10.222362204607 0.665475823362 10.244000542447 0 
2040 776 10.83122445982 4.145765666844 11.597534059591 16.286972120995 8758429 0 15 15 85.342096565964 8620519 9.352443804466 0.761993355539 9.383434285462 0 
2056 776 10.048412691464 3.351813222837 10.592697932952 14.584223992325 9026840 -5.606661352706 8.063715122 9.821311169732 120.9479544216 8968287 9.401569393429 0.63479333147 9.422975625202 0 
2072 776 10.249605294651 0.246858615898 10.25257762089 3.018782796033 8697685 -9 0 9 178.360901838845 8697258 7.27807077072 -0.208265389476 7.281049966596 0 
2088 776 2.061278302466 0.2816626392 2.080433147817 38.43309825897 8266394 2.061278302466 0.2816626392 2.080433147817 38.43309825897 8266394 2.981947936339 -1.7671828073 3.466258583755 0 
2104 776 3.076597662443 1.09555827153 3.265838499202 54.887393614826 7074853.5 0.446207146943 -11.995595427211 12.003891471989 52.582838460629 7074740.5 0.770562693494 -0.545323920064 0.944004789394 0 
2120 776 -10.855043615036 7.092286443755 12.966591644862 67.391180511357 5340245.5 -0.123611488554 -7.745072845582 7.746059203458 170.364058727046 5337520.5 0.643915042185 3.457311272232 3.516763826966 0 
2136 776 -13.927397979816 -5.113890568594 14.836586239285 117.83910363251 4170920.75 15 -7 16.552945357247 107.340118771766 4143507.5 0.553631908439 4.107288350662 4.144433119924 0 
2152 776 14 16 21.260291625469 21.602031758364 3481822 15 -15 21.213203435596 115.416106592654 3480897.25 0.499713292257 1.404607315226 1.490850456768 0 
2168 776 -9.694821790496 -12.562263737134 15.868208460655 57.391906922698 3187331 -5 15 15.811388300842 66.514280601849 3178089 -0.282372704464 0.024956559673 0.283473409859 0 
2184 776 -8.770000424935 -12.016864636091 14.876758488848 52.865809462329 3293295 -8 15 17 62.939447525954 3257896 -1.792626081723 -0.031663915998 1.792905706513 0 
2200 776 -14.04889676013 -10.446992101074 17.507459671143 30.220762866175 3476802.75 -2 15 15.132745950422 88.819696558702 3448287.5 -1.858920390784 -0.208982445953 1.870630557322 0 
2216 776 4.456242088958 -3.855076390326 5.892343127369 92.644873680194 3648462 -11 15 18.601075237738 100.238343025869 3611695.25 -0.481255631648 -0.506999030192 0.699038625262 0 
2232 776 0.4671216109 -0.293568460596 0.551711011696 40.925212916012 3785646.5 -16 -8 17.888543819998 80.361910623904 3748906.75 0.197784645422 -0.649886282789 0.679316528963 0 
2248 776 2.509741274056 -0.224110767811 2.519727544587 69.283311412445 3948900.25 9 15 17.492855684536 133.422325432361 3769947.75 0.178200440424 -0.637644203744 0.662076677988 0 
2264 776 0.38704888228 -0.239144170521 0.454968978688 45.342781931949 4516943.5 -16 0 16 102.946727589074 4450850.5 0.149687501731 -0.651129282363 0.668113531165 0 
2280 776 0.966655266758 -0.055064053186 0.968222316777 77.50458695147 5491426.5 0.966655266758 -0.055064053186 0.968222316777 77.50458695147 5491426.5 0.112245829344 -0.690341518647 0.699407276609 0 
2296 776 -0.130386829967 -0.068127998643 0.147112710627 56.75280509992 6704058.5 10 15 18.02775637732 151.969755936893 6272903.5 -0.081896239044 -0.826357295797 0.830405548083 0 
2312 776 -0.020250207354 -0.13462222859 0.136136752306 13.668593792841 6824839.5 3 -17 17.262676501632 32.231010511274 6113107.5 -0.432738703434 -1.059176613812 1.144166895473 0 
2328 776 0.043449905323 0.020662479615 0.048112704522 143.42630193117 5473540.5 14 -16 21.260291625469 69.178935082386 4564335.5 -0.465295432966 -0.875351049061 0.991332083124 0 
2344 776 0.012368556461 -0.049645379462 0.051162924964 47.144432769485 4257711 -8 15 17 118.772837038707 3338138.75 -0.179566427641 -0.274880601544 0.328334352515 0 
2360 776 -0.014435023125 -0.029856931892 0.033163327255 166.421497121057 4031052.25 -1 15 15.033296378373 16.038089180899 2515171 0.005492979903 0.025354584847 0.025942779361 0 
2376 776 0.077184531603 0.044662376314 0.089174995244 14.302650573561 4022785.5 0.077184531603 0.044662376314 0.089174995244 14.302650573561 4022785.5 0.089882789665 0.025354510114 0.093390401333 0 
2392 776 0.036725615219 0.034085314358 0.050105682992 30.236649859859 3890526.75 0.036725615219 0.034085314358 0.050105682992 30.236649859859 3890526.75 0.106699186568 0.023904795224 0.109344207204 0 
2408 776 0.022664505983 -0.000092281016 0.022664693849 20.813683394053 3369887 0.022664505983 -0.000092281016 0.022664693849 20.813683394053 3369887 0.055942170612 0.021005440176 0.059755794445 0 
2424 776 0.011226174398 0.003830217887 0.011861600258 10.295130030176 2618595.75 0.011226174398 0.003830217887 0.011861600258 10.295130030176 2618595.75 0.026893411477 0.014989635197 0.030788711311 0 
2440 776 0.006529928734 0.001098387584 0.006621663277 7.128173724994 1606181 0.006529928734 0.001098387584 0.006621663277 7.128173724994 1606181 0.019552909164 0.005857380286 0.020411397811 0 
2456 776 -0.005189649894 -0.002208254009 0.005639933669 160.936338501277 488212 -0.005189649894 -0.002208254009 0.005639933669 160.936338501277 488212 0.010964714351 0.000764157033 0.010991310057 0 
2472 776 0 0 0 0 18818 0 0 0 0 18818 0.001128827037 -0.000290034561 0.001165491538 0 
2488 776 0 0 0 0 0 0 0 0 0 0 -0.002841837465 -0.000612847768 0.002907167447 0 
2504 776 0 0 0 0 0 0 0 0 0 0 -0.000947279155 -0.000204282589 0.000969055816 0 
2520 776 0 0 0 0 0 0 0 0 0 0 0.000947279155 0.000204282589 0.000969055816 0 
2536 776 0 0 0 0 0 0 0 0 0 0 0.002841837465 0.000612847768 0.002907167447 0 
24 792 0 0 0 0 0 0 0 0 0 0 0 0 0 0 
40 792 0 0 0 0 0 0 0 0 0 0 0 0 0 0 
56 792 0 0 0 0 0 0 0 0 0 0 0 0 0 0 
72 792 0 0 0 0 0 0 0 0 0 0 0 0 0 0 
88 792 0 0 0 0 0 0 0 0 0 0 0 0 0 0 
104 792 0 0 0 0 0 0 0 0 0 0 0 0 0 0 
120 792 0 0 0 0 0 0 0 0 0 0 0 0 0 0 
136 792 0 0 0 0 0 0 0 0 0 0 0 0 0 0 
152 792 0 0 0 0 0 0 0 0 0 0 0 0 0 0 
168 792 0 0 0 0 0 0 0 0 0 0 0 0 0 0 
184 792 0 0 0 0 0 0 0 0 0 0 0 0 0 0 
200 792 0 0 0 0 0 0 0 0 0 0 0 0 0 0 
216 792 0 0 0 0 0 0 0 0 0 0 0 0 0 0 
232 792 0 0 0 0 0 0 0 0 0 0 0 0 0 0 
248 792 0 0 0 0 0 0 0 0 0 0 0 0 0 0 
264 792 0 0 0 0 0 0 0 0 0 0 0 0 0 0 
280 792 0 0 0 0 0 0 0 0 0 0 0 0 0 0 
296 792 0 0 0 0 0 0 0 0 0 0 0 0 0 0 
312 792 0 0 0 0 0 0 0 0 0 0 0 0 0 0 
328 792 0 0 0 0 0 0 0 0 0 0 0 0 0 0 
344 792 0 0 0 0 0 0 0 0 0 0 0 0 0 0 
360 792 0 0 0 0 0 0 0 0 0 0 0 0 0 0 
376 792 0 0 0 0 0 0 0 0 0 0 0 0 0 0 
392 792 0 0 0 0 0 0 0 0 0 0 0 0 0 0 
408 792 0 0 0 0 0 0 0 0 0 0 0 0 0 0 
424 792 0 0 0 0 0 0 0 0 0 0 0 0 0 0 
440 792 0 0 0 0 0 0 0 0 0 0 0 0 0 0 
456 792 0 0 0 0 0 0 0 0 0 0 0 0 0 0 
472 792 0 0 0 0 0 0 0 0 0 0 0 0 0 0 
488 792 0 0 0 0 0 0 0 0 0 0 0 0 0 0 
504 792 0 0 0 0 0 0 0 0 0 0 0 0 0 0 
520 792 0 0 0 0 0 0 0 0 0 0 0 0 0 0 
536 792 0 0 0 0 0 0 0 0 0 0 0 0 0 0 
552 792 0 0 0 0 0 0 0 0 0 0 0 0 0 0 
568 792 0 0 0 0 0 0 0 0 0 0 0 0 0 0 
584 792 0 0 0 0 0 0 0 0 0 0 0 0 0 0 
600 792 0 0 0 0 0 0 0 0 0 0 0 0 0 0 
616 792 0 0 0 0 0 0 0 0 0 0 0 0 0 0 
632 792 0 0 0 0 0 0 0 0 0 0 0 0 0 0 
648 792 0 0 0 0 0 0 0 0 0 0 0 0 0 0 
664 792 0 0 0 0 0 0 0 0 0 0 0 0 0 0 
680 792 0 0 0 0 0 0 0 0 0 0 0 0 0 0 
696 792 0 0 0 0 0 0 0 0 0 0 0 0 0 0 
712 792 0 0 0 0 0 0 0 0 0 0 0 0 0 0 
728 792 0 0 0 0 0 0 0 0 0 0 0 0 0 0 
744 792 0 0 0 0 0 0 0 0 0 0 0 0 0 0 
760 792 0 0 0 0 0 0 0 0 0 0 0 0 0 0 
776 792 0 0 0 0 0 0 0 0 0 0 0 0 0 0 
792 792 0 0 0 0 0 0 0 0 0 0 0 0 0 0 
808 792 0 0 0 0 0 0 0 0 0 0 0 0 0 0 
824 792 0 0 0 0 0 0 0 0 0 0 -0.006629055627 -0.001537023366 0.006804911413 0 
840 792 0 0 0 0 0 0 0 0 0 0 -0.019887166882 -0.004611070098 0.020414734239 0 
856 792 0 0 0 0 0 0 0 0 0 0 -0.025397804958 0.002580546011 0.025528566634 0 
872 792 0 0 0 0 0 0 0 0 0 0 -0.023160969856 0.020037824961 0.030625886989 0 
888 792 0 0 0 0 0 0 0 0 0 0 -0.018626117047 0.034086209948 0.038843299871 0 
904 792 0 0 0 0 0 0 0 0 0 0 -0.011793246532 0.044725700973 0.046254394291 0 
920 792 0 0 0 0 0 0 0 0 0 0 -0.008920825801 0.045962677666 0.046820389482 0 
936 792 0.008584279518 0.008584279518 0.012140004518 59.83176318218 14450.998046875 0.008584279518 0.008584279518 0.012140004518 59.83176318218 14450.998046875 -0.010008854855 0.037797140029 0.039099884525 0 
952 792 0.003054397769 -0.001375889122 0.003349987553 138.336860814107 304631 0.003054397769 -0.001375889122 0.003349987553 138.336860814107 304631 -0.011791083574 0.026375200333 0.028890843609 0 
968 792 -0.004805481022 -0.001767166041 0.005120109732 59.536223735637 846248 -0.004805481022 -0.001767166041 0.005120109732 59.536223735637 846248 -0.014267511959 0.011696858578 0.01844934682 0 
984 792 -0.008619016823 -0.001971783848 0.008841684373 38.265583090722 985703 -0.008619016823 -0.001971783848 0.008841684373 38.265583090722 985703 -0.00955647451 0.00453359868 0.010577321119 0 
1000 792 0.006831036764 0.001582982963 0.007012053789 51.340256266124 1889141 0.006831036764 0.001582982963 0.007012053789 51.340256266124 1889141 0.002342028774 0.00488542064 0.005417788627 0 
1016 792 0.009425295851 0.007175860114 0.011846061381 10.799036589316 3410209 0.009425295851 0.007175860114 0.011846061381 10.799036589316 3410209 0.006297394962 0.007014256722 0.009426398075 0 
1032 792 0.013084995851 0.019158565407 0.023200597942 22.390279917289 4223142.5 0.013084995851 0.019158565407 0.023200597942 22.390279917289 4223142.5 0.002309624055 0.010920106927 0.011161679917 0 
1048 792 0.008191846228 0.025718348467 0.026991476293 86.3415077551 4774521 -12 -16 20 74.456388775327 2810154 -0.024096961124 0.009407750658 0.025868307016 0 
1064 792 0.024733531164 0.033008835902 0.041247191558 124.898630585794 4830698 -15 -16 21.931712199461 48.793211777148 3646683.25 -0.072922360574 0.002477187916 0.07296442374 0 
1080 792 0.008442688305 0.019575058858 0.021318112372 119.048509982775 6158402 0 -16 16 84.281941252533 5371705 -0.092608939483 -0.009273081672 0.093072045835 0 
1096 792 -0.233134670611 0.019954508856 0.233987087388 22.156108899626 8043896.5 15 -3 15.297058540778 151.426106907281 7692098.5 -0.08315669785 -0.025843058107 0.0870798487 0 
1112 792 -11.225132623903 -0.140958482541 11.226017625053 28.985281874592 8452784 15 0 15 150.29526990748 8406648 -0.069281746701 -0.03952519143 0.079763407547 0 
1128 792 -6.225328838353 0.151273496106 6.22716651586 46.016110255786 8761200 5.763539283587 -0.131434807079 5.765037743325 134.069507971247 8714747 -0.050984086036 -0.05031948164 0.071633981192 0 
1144 792 -5.017693298318 0.149323090881 5.019914682687 49.584752894543 8905260 15 0 15 132.119826893184 8863571 -0.054602139417 -0.06038736343 0.081412697357 0 
1160 792 -3.242488816653 0.865826345355 3.356097285007 55.978177695641 8380107.5 15 4 15.52417469626 153.903835570124 8327737 -0.080135906845 -0.069728836798 0.106225581886 0 
1176 792 0.050808871459 1.284947541751 1.285951681235 176.065671129248 7520511 -16 15 21.931712199461 126.953674184983 7494157 -0.023834331921 -0.219444572771 0.220735126106 0 
1192 792 -0.467056162001 0.148981519348 0.490241727692 120.335336765203 6661516.5 -8 -16 17.888543819998 39.20875129864 6658698 0.114302585355 -0.509534571349 0.522197817325 0 
1208 792 0.341760994114 -0.003261152337 0.341776553047 67.051538539399 6041474.5 -12.356234101564 -8.974017519284 15.271198761363 76.411803336693 6018568 0.193446313935 -0.469295248471 0.507601720459 0 
1224 792 -0.018445058963 -0.303122760953 0.30368343453 68.675309457125 5694840.5 -7 15 16.552945357247 139.823745959215 5674190.5 0.213596853819 -0.098726604136 0.235309494763 0 
1240 792 0.135213294424 1.280935480106 1.288052149249 0.51536675281 5293917 -2 -15 15.132745950422 177.915716981325 5284931 0.141487766086 1.466626854602 1.473435820995 0 
1256 792 0.19079717349 7.857538203954 7.85985433631 1.701144865403 4633493 -12 -12 16.970562748477 134.689841053651 4612587 -0.022880949264 4.226765127744 4.226827058557 0 
1272 792 -0.223654762166 7.73990725303 7.743137977471 0.625439022005 4298054 -16 -11 19.416487838948 123.478785968704 4282386 -0.097959303131 5.449984039126 5.450864339883 0 
1288 792 2.188049555837 19.251958191719 19.375898819783 7.418161617136 4148283 1 -11 11.045361017187 175.73969813988 4147915 -0.083747295516 5.13628358875 5.136966294766 0 
1304 792 -1.83632689013 -2.219187671075 2.88043232291 87.450019293351 3408918 -2 17 17.117242768624 46.233167441968 3392279.75 -2.965579216619 2.239352918087 3.716094937133 0 
1320 792 -9.486680983644 -2.607964069475 9.838627580771 4.966143424793 2689359 -8 -19 20.615528128088 46.828854261499 2667292.25 -8.74345506644 -3.240807972861 9.324743579092 0 
1336 792 2.497198583557 10.381403918148 10.677525372363 91.469279704889 2291328.25 0 -15 15 102.055995162412 2270989 -5.347764499455 1.142166070229 5.468375304752 0 
1352 792 16.531207861458 23.219426909558 28.503028249066 10.309210358874 3047642.25 -9 -1 9.055385138137 121.480170490773 3005449 7.221492484336 15.388275047359 16.998498834735 0 
1368 792 18.967907689959 21.405997564857 28.600668766333 2.812944223448 2700498 -1 -2 2.2360679775 162.207874365107 2658774.25 13.942090732173 14.258497151943 19.942082013073 0 
1384 792 23.649192210406 -14.662458265978 27.825743019842 23.173296581218 2149172.25 24 13 27.294688127912 37.068473283454 2142213 14.814030244058 -2.247167616019 14.983499403222 0 
1400 792 13.316169878297 -16.251531678538 21.010298953756 36.81533926745 2804609.75 14 12 18.439088914586 54.455471577326 2775457 16.184356197216 -3.991489576365 16.669294362888 0 
1416 792 16.300321442356 14.690938275089 21.943658458119 15.464782989482 3495679.75 33 -7 33.734255586866 38.538636890943 3262148 18.053068591649 9.025531270904 20.183495740254 0 
1432 792 7.068490664699 21.717501575854 22.838858005035 19.08685390509 3574673.75 4 1 4.123105625618 38.848160369551 3426903.25 13.091450469305 17.300210163803 21.695237889961 0 
1448 792 -7.060725090832 25.141891971818 26.114527963011 19.256001268686 3939696.75 16 31 34.885527085025 23.730175551544 3901615.75 1.299501830183 20.83254710233 20.873038201887 0 
1464 792 10.301595297961 19.035554850458 21.6442882569 34.442550451167 3571062 -18 19 26.172504656605 37.430503188999 3546960 -2.086132741257 19.777368964794 19.887088097148 0 
1480 792 7.554667872211 14.281667779787 16.156702672007 16.149047373089 3090697.75 17 -2 17.117242768624 84.981092030422 2996511 2.934546754985 14.134675751195 14.436087532591 0 
1496 792 18.174935210083 9.952001790244 20.721259844028 38.70159958185 3375398 -12 10 15.620499351813 72.789153883763 3373596 4.16940413455 10.018949917469 10.851879481729 0 
1512 792 4.634529738262 7.179662060593 8.545549321088 20.554379155026 4140137.5 -15 7 16.552945357247 77.27129607303 4118619.75 1.618439397439 7.430191463615 7.604412618287 0 
1528 792 0.179601429402 5.982619580441 5.985314838646 1.148387652942 5096018 0.179601429402 5.982619580441 5.985314838646 1.148387652942 5096018 0.303014537832 6.048615649214 6.056200878608 0 
1544 792 6.250114075643 5.216162323876 8.140778546772 47.97730561505 5635710 -14.131685534006 16.035670217842 21.373985481595 43.563927325364 5633241.5 0.223129555727 5.874222474266 5.878458681985 0 
1560 792 4.268732494917 0.866084753836 4.355706591816 146.177108963983 5640784 -12 16 20 30.776291959016 5634214 -4.76325303536 1.958780425127 5.150281568296 0 
1576 792 -17.117116349855 -4.70276660547 17.751385463675 5.881631765217 5542936 1 -5 5.099019513593 80.065868603472 5539100 -14.656133235429 -5.6977104982 15.724698608748 0 
1592 792 -14.903855768772 -6.371564508755 16.20869368782 14.195579294 5761767.5 -32.800356497104 -7.291767664714 33.601090190845 24.809359469032 5761343 -19.15244102663 -14.612887114507 24.090505746038 0 
1608 792 -15.797567308152 -25.47085146193 29.972110487107 4.558678053577 5553794.5 -34 -9 35.171010790138 38.806766787605 5518216 -18.252176408962 -24.786749423793 30.78189225278 0 
1624 792 -19.681722783837 -29.127251757076 35.153477874314 9.692178451349 5172507 -19.681722783837 -29.127251757076 35.153477874314 9.692178451349 5172507 -13.414066215152 -29.632562399046 32.52731047532 0 
1640 792 10.126216475927 -28.357230864017 30.111007993631 28.691929872912 5475523 -19.5 -28.375996238245 34.43032329957 25.456316934421 5475448 -4.638110445202 -29.150326040267 29.517004874407 0 
1656 792 -0.301537638603 -23.712437021849 23.714354186076 0.345332300671 5781439.5 7 -5 8.602325267043 54.845548632258 5745146.5 -0.140302628967 -20.976185642651 20.976654855879 0 
1672 792 0 -21 21 0.889695395758 5335827 0 10 10 179.110304604243 5335735 0.079357233554 -5.110141206199 5.110757352664 0 
1688 792 0.067346687617 6.958867184676 6.95919306172 1.351901505004 4808897 0 -15 15 179.202579619678 4797933.5 -0.017168472052 1.233499293154 1.233618767142 0 
1704 792 -0.221114093458 9.990899025127 9.993345524528 166.27076835464 4160994 0 -17 17 12.461394137589 4155631.75 -0.429879745785 -1.945264144591 1.99219707561 0 
1720 792 0.481993048437 -0.274282328585 0.554570188989 53.710565528778 4521891 15 8 17 4.004337437394 4420243 0.917667022627 0.409880246392 1.005044566574 0 
1736 792 4.72028872824 8.10077373045 9.375695212084 4.353064005153 7312615 -9 23 24.698178070457 47.246743862066 7247194.5 4.025471833183 8.298932466106 9.223703353683 0 
1752 792 7.713774027979 10.650242449025 13.150284178592 6.7907661923 6287598.5 -12 0 12 119.124354351506 5956892 4.211979753942 7.559870294065 8.654040230476 0 
1768 792 0.940598049476 12.536990799045 12.572225856467 136.448737768171 3571551 1 -17 17.029386365926 35.894176983798 3567991.25 1.477190784902 -1.80730626973 2.334191202024 0 
1784 792 -0.071481906595 -16.901520300704 16.901671459891 1.493052206827 2696510.25 0 9 9 178.749268428668 2693533.5 0.140954580626 -6.456077310043 6.457615846971 0 
1800 792 -13.179887004002 -20.517170606478 24.385727611322 34.539035852832 2619262.75 -14 9 16.643316977093 124.558251751055 2616999.25 0.203271141114 -6.386442826874 6.389676919668 0 
1816 792 4.349523819611 -18.638588410541 19.139366117897 46.581242666884 2799533.25 5 9 10.295630140987 175.608899278066 2788080.75 -4.038736954361 -6.114447287874 7.32788249242 0 
1832 792 -21.708280463813 -15.706721441521 26.794599066549 11.747205870637 2940939.75 -28 10 29.732137494637 43.793708698563 2915605 -12.585069705798 -5.640090693044 13.791105921047 0 
1848 792 -2.005619885745 -14.648973231782 14.785632481283 66.446324290324 2988286 -31 11 32.893768406797 35.294322840424 2946951.25 -15.173842527543 -4.281658512435 15.766359651733 0 
1864 792 -8.342237256383 -15.916750750078 17.970416714197 52.53990928473 2791247.25 -8 13 15.264337522474 68.192797535014 2782576.5 -11.805055419598 -2.039150746048 11.97987767988 0 
1880 792 -10 -17 19.723082923316 17.969393688641 2403264 -9 14 16.643316977093 98.829835119791 2403168.75 -1.501848732811 -1.331766863525 2.007274917651 0 
1896 792 9.115754916499 10.233208726202 13.704581297204 56.119512114056 2767621.25 9 -18 20.124611797498 55.620747920954 2734289.25 15.735777532817 -2.159506864866 15.88326680698 0 
1912 792 30.119939139188 8.001737789749 31.164700245699 27.59374201655 3120812 30 -21 36.619666847201 22.275966187819 3096531 23.730070935657 -5.354789632508 24.326735058773 0 
1928 792 11.878359269929 -15.864943957947 19.818977413941 27.274250466949 2872471.75 37 -19 41.593268686171 1.278197449274 2856186.25 22.481031475711 -10.917615166452 24.991820604643 0 
1944 792 15.392607445413 -14.983599504377 21.481168917826 18.884603340891 2794200 36 5 36.345563690772 33.251132804915 2655539 21.88978485462 -10.367813646782 24.220946323295 0 
1960 792 20.524831065717 -16.507731684998 26.339587993363 29.229991326819 3066503.25 21 12 24.186773244896 39.323949204622 3053381 21.956331072385 -3.705385073498 22.26679933675 0 
1976 792 12.247469794001 8.081383223593 14.673420567868 34.163642320812 3635489 2 -15 15.132745950422 81.660180883604 3614031.75 18.853116427721 -0.245213127891 18.854711043007 0 
1992 792 23.919272089812 -10.003600021598 25.926889337107 22.75367585819 4195107 -4 -13 13.601470508735 107.160580597033 4186436 12.58014092063 0.012702190039 12.58014733334 0 
2008 792 9.064876216663 10.225838254324 13.665275292764 47.786243121061 4977587.5 9 -16 18.357559750686 61.300048454569 4939708 9.373915657118 0.107624879676 9.374533474338 0 
2024 792 9.25760778277 3.569056348925 9.921767235801 20.837570268501 6384130 15 -16 21.931712199461 47.093030363201 6320220 9.234440637185 0.039554941019 9.234525351909 0 
2040 792 9.315306439937 0.184688494641 9.317137109111 1.239749422298 8563928 4 15 15.52417469626 75.172515066144 8330922 9.132615772268 -0.016566216613 9.132630797498 0 
2056 792 9.309168639127 0.018866294715 9.309187756662 0.499867382841 9294644 -5.686335783657 2.741493891734 6.312701751462 154.644123055838 9093696 9.068441062367 -0.060738593222 9.068644467523 0 
2072 792 8.86318763051 0.028577229806 8.863233700613 5.997019859004 7943091.5 -10 0 10 174.187716045552 7915910 6.851140857234 -0.697397551424 6.886544444813 0 
2088 792 3.091571173419 -1.372941125618 3.382717791175 13.887587028886 7653218 -14 7 15.652475842499 168.731853989518 7631553 2.480715156868 -1.926543091222 3.140941892467 0 
2104 792 4.288632188536 -0.008357277893 4.288640331462 65.271533074481 7150438 -16 -7 17.464249196573 90.987436778826 7137448.5 0.244543244139 -0.533714898438 0.587071538288 0 
2120 792 6.645775083499 3.185194896023 7.369653518728 62.046299009536 6310622.5 0 -13 13 177.653822111339 6265175 0.142625119046 3.481087026929 3.484007579446 0 
2136 792 9.5850379411 4.731480940089 10.689240581948 62.584938148861 5398269 -9.827420506879 3.850753690502 10.554927655079 69.745525898303 5394143 0.082550278598 4.138784435909 4.13960760887 0 
2152 792 -5.725599562288 9.579633398796 11.160280749291 33.424677439281 4393265.5 11 -15 18.601075237738 141.187596548665 4343826 0.064318722795 1.439377328502 1.440813656205 0 
2168 792 -5 -16 16.76305461424 167.520130227033 3990589 -5 15 15.811388300842 48.268843232151 3989290.25 0.041717430003 0.072742921392 0.083856285266 0 
2184 792 -12.650907209212 -14.427303512419 19.188343853902 159.523497142379 4160704 -11 15 18.601075237738 57.023971027241 4132934 0.014746400222 0.038881214579 0.041583712757 0 
2200 792 13 15 19.849433241279 24.608925388972 4341136 11 -16 19.416487838948 79.968168403334 4340691 0.040249256353 0.018322872038 0.044223639343 0 
2216 792 0.122440621026 0.037984814448 0.128197315907 11.887246320778 5508542.5 -16 -3 16.2788205961 174.728582326839 5072866.5 0.118225998396 0.011067893769 0.118742936503 0 
2232 792 0.068208192767 0.00614003942 0.068483995536 4.170998479137 6066834.5 -15 -16 21.931712199461 134.125240779206 4806989.5 0.137137820546 0.002328749096 0.137157591465 0 
2248 792 -0.026752568899 -0.034361991658 0.043548207924 123.24896367215 5597415 -0.026752568899 -0.034361991658 0.043548207924 123.24896367215 5597415 0.096984722802 -0.00789456198 0.09730550121 0 
2264 792 0.017884229933 -0.047367861157 0.050631610194 59.302466317529 5303813 0.017884229933 -0.047367861157 0.050631610194 59.302466317529 5303813 0.081343029482 -0.014361974656 0.082601178934 0 
2280 792 0.041223358631 -0.017575660217 0.044813715857 12.374138258741 5013050 0.041223358631 -0.017575660217 0.044813715857 12.374138258741 5013050 0.090212740587 -0.01707348893 0.091814174225 0 
2296 792 -0.035714074082 -0.011303251662 0.037460093242 156.519412834759 4965934 -0.035714074082 -0.011303251662 0.037460093242 156.519412834759 4965934 0.067568856671 -0.007004465529 0.067930942354 0 
2312 792 -0.002454443962 0.048651427639 0.048713301125 43.132862795639 4822403 -0.002454443962 0.048651427639 0.048713301125 43.132862795639 4822403 0.013411377733 0.015845095547 0.020758904248 0 
2328 792 0.038960548485 0.108497482697 0.115280649243 58.886230105144 3502325 0.038960548485 0.108497482697 0.115280649243 58.886230105144 3502325 -0.024965967827 0.030684012868 0.039557656595 0 
2344 792 0.013336141187 0.09162343373 0.092588910083 60.019208033931 2105569 0.013336141187 0.09162343373 0.092588910083 60.019208033931 2105569 -0.047563180009 0.037512286434 0.060575801489 0 
2360 792 0.00921518069 0.051622156461 0.052438216911 38.482445017199 1524798 0.00921518069 0.051622156461 0.052438216911 38.482445017199 1524798 -0.020031531356 0.03710778907 0.042169304691 0 
2376 792 0.029859761807 0.012585011102 0.03240351647 4.230471003045 969831 0.029859761807 0.012585011102 0.03240351647 4.230471003045 969831 0.057628978133 0.029470520778 0.064727202284 0 
2392 792 0.015413731884 0.003496678066 0.015805375291 3.995764874114 317624 0.015413731884 0.003496678066 0.015805375291 3.995764874114 317624 0.077257626766 0.023291993197 0.080692365442 0 
2408 792 0 0 0 0 0 0 0 0 0 0 0.038854414544 0.018572206326 0.043064978548 0 
2424 792 0 0 0 0 0 0 0 0 0 0 0.017520879571 0.012756427077 0.021672739853 0 
2440 792 0 0 0 0 0 0 0 0 0 0 0.013257021847 0.005844655452 0.014488223687 0 
2456 792 0 0 0 0 0 0 0 0 0 0 0.007795263259 0.001740300448 0.007987163134 0 
2472 792 0 0 0 0 0 0 0 0 0 0 0.001135603807 0.000443362066 0.001219084053 0 
2488 792 0 0 0 0 0 0 0 0 0 0 -0.00164566944 -0.000153830344 0.001652843513 0 
2504 792 0 0 0 0 0 0 0 0 0 0 -0.00054855648 -0.000051276781 0.000550947838 0 
2520 792 0 0 0 0 0 0 0 0 0 0 0.00054855648 0.000051276781 0.000550947838 0 
2536 792 0 0 0 0 0 0 0 0 0 0 0.00164566944 0.000153830344 0.001652843513 0 
24 808 0 0 0 0 0 0 0 0 0 0 0 0 0 0 
40 808 0 0 0 0 0 0 0 0 0 0 0 0 0 0 
56 808 0 0 0 0 0 0 0 0 0 0 0 0 0 0 
72 808 0 0 0 0 0 0 0 0 0 0 0 0 0 0 
88 808 0 0 0 0 0 0 0 0 0 0 0 0 0 0 
104 808 0 0 0 0 0 0 0 0 0 0 0 0 0 0 
120 808 0 0 0 0 0 0 0 0 0 0 0 0 0 0 
136 808 0 0 0 0 0 0 0 0 0 0 0 0 0 0 
152 808 0 0 0 0 0 0 0 0 0 0 0 0 0 0 
168 808 0 0 0 0 0 0 0 0 0 0 0 0 0 0 
184 808 0 0 0 0 0 0 0 0 0 0 0 0 0 0 
200 808 0 0 0 0 0 0 0 0 0 0 0 0 0 0 
216 808 0 0 0 0 0 0 0 0 0 0 0 0 0 0 
232 808 0 0 0 0 0 0 0 0 0 0 0 0 0 0 
248 808 0 0 0 0 0 0 0 0 0 0 0 0 0 0 
264 808 0 0 0 0 0 0 0 0 0 0 0 0 0 0 
280 808 0 0 0 0 0 0 0 0 0 0 0 0 0 0 
296 808 0 0 0 0 0 0 0 0 0 0 0 0 0 0 
312 808 0 0 0 0 0 0 0 0 0 0 0 0 0 0 
328 808 0 0 0 0 0 0 0 0 0 0 0 0 0 0 
344 808 0 0 0 0 0 0 0 0 0 0 0 0 0 0 
360 808 0 0 0 0 0 0 0 0 0 0 0 0 0 0 
376 808 0 0 0 0 0 0 0 0 0 0 0 0 0 0 
392 808 0 0 0 0 0 0 0 0 0 0 0 0 0 0 
408 808 0 0 0 0 0 0 0 0 0 0 0 0 0 0 
424 808 0 0 0 0 0 0 0 0 0 0 0 0 0 0 
440 808 0 0 0 0 0 0 0 0 0 0 0 0 0 0 
456 808 0 0 0 0 0 0 0 0 0 0 0 0 0 0 
472 808 0 0 0 0 0 0 0 0 0 0 0 0 0 0 
488 808 0 0 0 0 0 0 0 0 0 0 0 0 0 0 
504 808 0 0 0 0 0 0 0 0 0 0 0 0 0 0 
520 808 0 0 0 0 0 0 0 0 0 0 0 0 0 0 
536 808 0 0 0 0 0 0 0 0 0 0 0 0 0 0 
552 808 0 0 0 0 0 0 0 0 0 0 0 0 0 0 
568 808 0 0 0 0 0 0 0 0 0 0 0 0 0 0 
584 808 0 0 0 0 0 0 0 0 0 0 0 0 0 0 
600 808 0 0 0 0 0 0 0 0 0 0 0 0 0 0 
616 808 0 0 0 0 0 0 0 0 0 0 0 0 0 0 
632 808 0 0 0 0 0 0 0 0 0 0 0 0 0 0 
648 808 0 0 0 0 0 0 0 0 0 0 0 0 0 0 
664 808 0 0 0 0 0 0 0 0 0 0 0 0 0 0 
680 808 0 0 0 0 0 0 0 0 0 0 0 0 0 0 
696 808 0 0 0 0 0 0 0 0 0 0 0 0 0 0 
712 808 0 0 0 0 0 0 0 0 0 0 0 0 0 0 
728 808 0 0 0 0 0 0 0 0 0 0 0 0 0 0 
744 808 0 0 0 0 0 0 0 0 0 0 0 0 0 0 
760 808 0 0 0 0 0 0 0 0 0 0 0 0 0 0 
776 808 0 0 0 0 0 0 0 0 0 0 0 0 0 0 
792 808 0 0 0 0 0 0 0 0 0 0 0 0 0 0 
808 808 0 0 0 0 0 0 0 0 0 0 0 0 0 0 
824 808 0 0 0 0 0 0 0 0 0 0 -0.002209685209 -0.000512341122 0.002268303804 0 
840 808 0 0 0 0 0 0 0 0 0 0 -0.006629055627 -0.001537023366 0.006804911413 0 
856 808 0 0 0 0 0 0 0 0 0 0 -0.008465934986 0.000860182004 0.008509522211 0 
872 808 0 0 0 0 0 0 0 0 0 0 -0.007720323285 0.006679274987 0.010208628996 0 
888 808 0 0 0 0 0 0 0 0 0 0 -0.006208705682 0.011362069983 0.012947766624 0 
904 808 0 0 0 0 0 0 0 0 0 0 -0.003931082177 0.014908566991 0.01541813143 0 
920 808 0 0 0 0 0 0 0 0 0 0 -0.0029736086 0.015320892555 0.015606796494 0 
936 808 0 0 0 0 0 0 0 0 0 0 -0.003336284952 0.012599046676 0.013033294842 0 
952 808 0 0 0 0 0 0 0 0 0 0 -0.004254677798 0.009260155394 0.010190817489 0 
968 808 0 0 0 0 0 0 0 0 0 0 -0.005728787141 0.005304218709 0.007807287507 0 
984 808 0 0 0 0 0 0 0 0 0 0 -0.000687778032 0.00384086605 0.003901959845 0 
1000 808 0 0 0 0 0 0 0 0 0 0 0.010868349528 0.004870097418 0.011909612518 0 
1016 808 0.004806757933 -0.000879938913 0.004886636298 44.39002205727 156386 0.004806757933 -0.000879938913 0.004886636298 44.39002205727 156386 0.012461048967 0.008410197364 0.015033601067 0 
1032 808 0.013411546668 0.000112120799 0.013412015326 73.727536791849 629375 0.013411546668 0.000112120799 0.013412015326 73.727536791849 629375 0.004090320283 0.014461165886 0.015028507537 0 
1048 808 0.004616784127 0.007081483439 0.008453526091 91.780948145757 1321126.875 0.004616784127 0.007081483439 0.008453526091 91.780948145757 1321126.875 -0.024274857736 0.014771797667 0.02841609974 0 
1064 808 0.01690093181 0.001652540462 0.016981530732 167.086457013092 1876208.75 0.01690093181 0.001652540462 0.016981530732 167.086457013092 1876208.75 -0.07263448509 0.009342092707 0.073232800851 0 
1080 808 0.003146614035 -0.02187054903 0.022095748341 96.665234117603 3251301 0.003146614035 -0.02187054903 0.022095748341 96.665234117603 3251301 -0.08967872017 -0.002382752755 0.089710369312 0 
1096 808 -0.16020804187 -0.033594554174 0.163692427283 3.296860011046 5068331 -0.16020804187 -0.033594554174 0.163692427283 3.296860011046 5068331 -0.075407562976 -0.020402738717 0.078118962494 0 
1112 808 -0.046294171062 -0.043204625022 0.063322901842 9.842452164065 5887956.5 -0.046294171062 -0.043204625022 0.063322901842 9.842452164065 5887956.5 -0.049749451751 -0.032530892975 0.059441289919 0 
1128 808 0.060327315635 -0.028675749804 0.066795835488 82.72103646827 6746904 0.060327315635 -0.028675749804 0.066795835488 82.72103646827 6746904 -0.012704386495 -0.03876721553 0.040795813954 0 
1144 808 0.016833017703 -0.013825506803 0.021782908973 41.141004467509 7661111 0.016833017703 -0.013825506803 0.021782908973 41.141004467509 7661111 0.006306460938 -0.037841637287 0.038363536883 0 
1160 808 0.015049168712 -0.025369216719 0.029497027576 16.922499124136 7643665.5 -13 -16 20.615528128088 52.848027294706 6185298 0.007283090547 -0.029754158247 0.030632553614 0 
1176 808 0.070248593979 -0.011606922657 0.071201022531 51.240767634388 6884409.5 -7 -16 17.464249196573 53.006597198574 6449740 0.038113990867 -0.067704364194 0.077695284482 0 
1192 808 0.012600019765 0.064015644803 0.065243875403 135.788242665264 6202880.5 -8.195747612638 9.456562734987 12.513866616311 172.162137040365 6169564 0.098799161898 -0.151692255127 0.181029872279 0 
1208 808 -0.724869339562 10.080715938359 10.106743757973 134.49463150356 5683949.5 0 -16 16 49.61823055416 5678431.5 0.145239157801 -0.123528548436 0.190666502662 0 
1224 808 0.825091853053 -6.995401352939 7.043892152402 88.677749499968 5215172 -1 15 15.033296378373 88.40949595849 5210589 0.177433978576 0.01678675588 0.178226294149 0 
1240 808 7.328214142668 -7.493970928447 10.481522923564 120.536386723012 4898520 -8.476877525402 11.944126162125 14.646487714037 50.468067209352 4897682 0.14823478886 0.549217658627 0.568870450258 0 
1256 808 -6.504509816932 8.040324827828 10.341927832641 41.212172438272 4690865 -11.050335430305 -11.417216304835 15.889076161742 138.175320802773 4680061 0.057641588655 1.473764159804 1.474890962569 0 
1272 808 11.228619881687 9.086685082453 14.444713574006 52.09458583839 4547160 -7.827444615704 -11.729124438575 14.10110808793 145.20692205925 4541930.5 -0.035239419311 1.87646825262 1.876799115453 0 
1288 808 0.095315697187 -4.78391384105 4.784863291748 176.897386231582 4446929 9 16 18.357559750686 33.601789350518 4428255 -0.130408235035 1.757329937074 1.762161971983 0 
1304 808 -1.642187963317 -0.542219056734 1.729387987801 36.922309960995 3835048.5 -1.642187963317 -0.542219056734 1.729387987801 36.922309960995 3835048.5 -2.305245410545 0.778044356735 2.433004197261 0 
1320 808 -6.002779738516 -0.985370315653 6.083117559945 0.131114678388 2914145.75 -22 2 22.090722034375 14.385412527781 2867016 -6.559750945841 -1.061388488398 6.645064182893 0 
1336 808 -17.480464127033 -9.831714169133 20.055653307734 31.438701448997 2269630.75 5 -13 13.928388277184 113.121065667416 2252626 -10.723076037097 0.39011544477 10.730170071234 0 
1352 808 -29.293489599651 17.244420684835 33.992331159843 11.352382675922 2150221 1 17 17.029386365926 74.234475198958 2149315 -14.795220684314 5.13255615624 15.66019437282 0 
1368 808 -22.176775612704 14.882717109744 26.70776376159 17.96627809815 2452615 -24 -12 26.832815729997 42.464126513109 2416228 -16.685969755942 4.752832383981 17.349668652929 0 
1384 808 -25.850804524749 9.101226953646 27.406138484627 22.011370049004 3237759.75 -1 7 7.071067811865 84.485760461646 3215864 -16.395323251981 -0.749055872006 16.412425452575 0 
1400 808 -3.624440153579 13.406743873296 13.888028935419 81.262619373247 3603135.25 -3 -17 17.262676501632 73.601427334804 3597607.75 -11.874590133153 -1.329974565641 11.948837733254 0 
1416 808 3 18 18.248287590895 55.524208220179 3605144 3 -13 13.341664064126 146.932730779763 3602269.25 -3.12377039946 3.010076303077 4.33802960558 0 
1432 808 -12 15 19.209372712299 79.067220767893 3507486.75 9 -11 14.212670403552 100.303180623697 3486114 4.932765148257 5.794460446066 7.609726924725 0 
1448 808 12.322791365206 7.72195544997 14.542344480919 2.336971762199 3020892.75 -4 7 8.062257748299 90.00894435289 2939027.75 12.295016509998 7.023177863326 14.159535948648 0 
1464 808 14.841405067356 6.143223999193 16.062580909605 5.80332965097 2258215 -4 6 7.211102550928 95.400866598314 2249333.5 12.41037160062 6.679279672432 14.093619130941 0 
1480 808 18.95914141394 0.33359961488 18.962076148376 41.049948568451 2286406.75 -11 0 11 137.941995353403 2284420.75 5.278830420121 4.762765873384 7.109851571522 0 
1496 808 -13.773245712301 2.804329393892 14.055837250085 99.789510477955 2520694.25 16 3 16.2788205961 58.08232250753 2519856 1.315969946068 3.375632664089 3.623075045016 0 
1512 808 0.11244501753 2.204691436684 2.207557069015 8.788200418799 3068015.5 -16 -14 21.260291625469 142.893829992938 2967694.5 0.52179017846 2.517880044545 2.571378017534 0 
1528 808 0.061330139114 1.987456317107 1.988402373358 1.460199090313 3954400.25 15 2 15.132745950422 79.177650330255 3920251 0.115985594821 2.056709339684 2.059977176124 0 
1544 808 0.345376404097 0.835072751942 0.903676580168 19.63713442028 5173865 -10 16 18.867962264113 34.837668504683 5097529 0.098556195151 1.992120549506 1.994556995267 0 
1560 808 -6.668927800389 -6.98901081351 9.660272778662 70.007894144941 5761847 14 -8 16.124515496597 173.920493317976 5759206 -1.55702286159 0.682363281915 1.699982305796 0 
1576 808 2.964081533556 -14.651651609308 14.948467286585 80.328424887044 5885669.5 4 14 14.560219778561 127.053755985115 5885051 -4.850751575404 -1.87256246309 5.199642393902 0 
1592 808 8.167537559379 -20.621348967976 22.179916659963 53.575633313197 6072207.5 -19 5 19.646882704388 72.775057955478 6071791.5 -6.356715624244 -10.185325716564 12.006193963118 0 
1608 808 1.710377629696 -35.052708598627 35.094412258028 16.854048275431 6314412.5 9 -9 12.727922061358 59.060547846498 6311643.5 -6.07491500811 -24.255926478507 25.005090715422 0 
1624 808 3.177829473248 -31.916101284346 32.073916526575 13.838978547312 6225811 3.177829473248 -31.916101284346 32.073916526575 13.838978547312 6225811 -4.471355405051 -31.210854133015 31.529516882925 0 
1640 808 -8.463330001909 -28.247942919334 29.488544112844 13.828175844926 6098369.5 -6 -47 47.381430961929 4.424506426001 6076247 -1.546036815067 -31.050108680089 31.088574732189 0 
1656 808 -0.247457716981 -26.116640358589 26.117812675291 0.542829453454 5915249.5 -0.247457716981 -26.116640358589 26.117812675291 0.542829453454 5915249.5 -0.000016549747 -25.350055661469 25.350055661474 0 
1672 808 0.010563291579 -17.767968466156 17.767971606163 0.642804413097 5159790 0.010563291579 -17.767968466156 17.767971606163 0.642804413097 5159790 0.166705390911 -14.110695077155 14.111679781224 0 
1688 808 -9.470234264126 0.433035218053 9.480129562274 96.060503215552 4611767 0 -18 18 3.442424383417 4606805.5 0.151017501929 -2.510513100734 2.515051155512 0 
1704 808 0.100036431144 12.431301292881 12.431703789986 0.746489573821 3972180.75 0 -7 7 179.714567676022 3963839.5 -0.047080216693 9.450490267796 9.450607538593 0 
1720 808 0.387100813572 2.85048719817 2.876651578972 5.440455388276 4213770 0 31 31 2.293095616243 4203892 0.676362096427 16.890704490661 16.90424100267 0 
1736 808 3.270721262192 12.149809639296 12.582348423331 8.38338985691 9245952 2 34 34.058772731853 3.316960883947 9130772 2.32134444129 19.810129567864 19.945673052335 0 
1752 808 2.010949158634 13.812401559132 13.958021111509 1.39173634512 8569935 2.010949158634 13.812401559132 13.958021111509 1.39173634512 8569935 2.386216160822 19.742424491546 19.886109533304 0 
1768 808 0.328332219573 13.669600124863 13.67354268725 1.611802612344 3335901 -13.508759790834 11.39227230705 17.671175948545 52.845968074997 3270901 0.870977255022 16.68758926171 16.71030331102 0 
1784 808 0.242686391458 13.730286462156 13.732431067275 0.389271018173 2287963.75 15 14 20.518284528683 46.351592637279 2249416 0.155281870517 14.27250808623 14.273352778196 0 
1800 808 0.141145751927 12.132153071362 12.132974090068 0.429654324842 2397618.25 -16 12 20 54.226307043252 2397531.25 0.239130007306 12.497180965108 12.499468598107 0 
1816 808 2.957108731217 14.976213172487 15.265367766157 31.882723644838 2686259.5 6 -4 7.211102550928 144.403208040528 2501007 -4.585094051591 12.125688129156 12.963618324662 0 
1832 808 -24.698478279749 16.679679927368 29.803129899638 8.551336667257 2825392 -18 -3 18.248287590895 52.046086377076 2629430.25 -14.317390306176 13.158029578374 19.445344110217 0 
1848 808 -13.906238955871 19.3583831797 23.835487853826 11.27129901149 2834890 -2 -2 2.828427124746 88.036842167542 2701324.75 -15.215347353212 14.206843431681 20.816848833846 0 
1864 808 6.5 22.053476020251 22.991428937232 41.90554346065 2927310 7 -1 7.071067811865 123.613391098027 2880232 -7.278965192699 15.272129689075 16.918075526384 0 
1880 808 3.628814275209 19.28007807367 19.618606055751 9.145585728501 2865282.5 4 -9 9.848857801796 136.232658710386 2850376.25 2.604276970335 7.231735870452 7.686368598903 0 
1896 808 9.507986204246 -21.371201021599 23.390810904407 31.532400877969 2685767 9 6 10.816653826392 68.173522145294 2637891.25 14.43437913589 -9.914338024188 17.511293484391 0 
1912 808 30.039963820343 -24.641470653581 38.853590597251 4.610752639758 3103400.25 26 -5 26.476404589747 33.086899239168 2861859.75 21.083448642812 -20.340450223083 29.295831136047 0 
1928 808 6 -24 24.738633753706 29.126032670686 2726878.25 37 -24 44.1021541424 13.868319957925 2726836 22.551485491101 -24.046600726233 32.966778798394 0 
1944 808 13.820308570219 -12.843210052071 18.866610013929 2.339192661932 2415516 16 -35 38.483762809788 20.192330574522 2351513.25 19.307092056651 -19.469858633937 27.419686338642 0 
1960 808 13.353369308296 -13.089664778338 18.698978471912 14.212761692958 2741274 -3.151291305352 -14.482955383673 14.821829628513 72.059564266888 2730270 11.350268339462 -6.610223946195 13.134825921825 0 
1976 808 6 -16 17.088007490635 68.380203308277 3707000 6 15 16.155494421404 69.262341985788 3706343.25 6.295711830832 -0.116899401211 6.296797037136 0 
1992 808 11.393423046342 6.845447486616 13.29173577848 30.858607399613 4549460.5 -12 12 16.970562748477 134.860128743249 4503321.5 4.143422530761 0.010115001015 4.143434877208 0 
2008 808 16.360178845441 13.951099856495 21.50089856403 40.302262120054 4709111 17 -16 23.345235059858 43.417833001823 4705821 4.511749372003 0.01209032834 4.511765571459 0 
2024 808 8.991817798158 -4.739295025413 10.16433493413 26.933171663795 5309622.5 7 15 16.552945357247 65.842192640385 5244190.5 7.400692354556 -0.110973419235 7.401524331282 0 
2040 808 9.265901067257 -0.229678956438 9.268747219081 0.012424333257 8672627 -6.846258917925 -0.138281888634 6.847655295938 177.410532164718 8168596 8.729717969884 -0.218282466381 8.732446568337 0 
2056 808 9.354838361556 -0.34969696288 9.361372160997 0.052925123162 9692357 -6.626677514757 0.062300903941 6.626970370178 178.45077750182 9374472 8.498826217988 -0.309836813098 8.504472113795 0 
2072 808 8.068393651399 -3.235397710076 8.692915187455 17.567413569762 7855875 3 15 15.297058540778 82.97326714409 7833495 6.311664786961 -0.472715318172 6.329342158155 0 
2088 808 2.103508007373 -3.137840491756 3.777669769684 38.10563170778 7243505 -10 15 18.02775637732 141.747798841169 7205994.5 2.168233676803 -0.706917981604 2.280563594802 0 
2104 808 0.10676766019 0.007283457003 0.10701580261 67.68074300465 6532532.5 -16 0 16 116.221803928756 6450170 0.075851035381 -0.15400169126 0.171667994918 0 
2120 808 -0.481339490002 0.595579833905 0.76576957578 40.611665653975 6103052.5 15 1 15.033296378373 84.518929750688 5967536.5 0.034516862696 1.18603355286 1.186535714726 0 
2136 808 -0.00745704518 0.406605299385 0.40667367386 1.500165591736 5357360 -13 -15 19.849433241279 139.535109090862 4388607 0.011032457278 1.406253803046 1.406297078748 0 
2152 808 -0.021419105957 0.071789268946 0.074916468389 17.22343444728 4187340 0 -16 16 179.389608162192 2896082 0.005397819128 0.506659059297 0.50668781199 0 
2168 808 0.010002116936 0.094947450881 0.095472827402 1.101091697602 3311888 -15 -16 21.931712199461 141.760089327202 1814838 0.004408774066 0.051294847647 0.051483965309 0 
2184 808 -0.006754923299 0.078552314073 0.078842216071 16.270241270488 2898085 -0.006754923299 0.078552314073 0.078842216071 16.270241270488 2898085 0.008065322093 0.040161168095 0.040963017995 0 
2200 808 0.044867654473 0.082265589281 0.093705568659 25.420389740016 2907401 0.044867654473 0.082265589281 0.093705568659 25.420389740016 2907401 0.041396175725 0.030044697052 0.051150045802 0 
2216 808 0.078027874041 0.037294264498 0.086482433429 14.201654010225 3679687 0.078027874041 0.037294264498 0.086482433429 14.201654010225 3679687 0.104401334963 0.020945434517 0.106481688422 0 
2232 808 0.062436674533 0.021696014816 0.066098830441 14.238776274547 3800926 0.062436674533 0.021696014816 0.066098830441 14.238776274547 3800926 0.112038827669 0.009650355604 0.112453671655 0 
2248 808 -0.017152078398 0.001281562815 0.017199889437 179.144603252248 3035496 -0.017152078398 0.001281562815 0.017199889437 179.144603252248 3035496 0.064308653843 -0.003840539686 0.064423231091 0 
2264 808 -0.004774591576 -0.021020152423 0.021555591678 89.559522839099 2421580 -0.004774591576 -0.021020152423 0.021555591678 89.559522839099 2421580 0.047696512046 -0.011220234853 0.048998478869 0 
2280 808 0.026855144668 -0.008853951911 0.028277044746 6.894363422382 1687291.75 0.026855144668 -0.008853951911 0.028277044746 6.894363422382 1687291.75 0.062202402277 -0.012488729897 0.063443732736 0 
2296 808 0.004033508281 0.002689890272 0.00484816447 40.38124238074 679447 0.004033508281 0.002689890272 0.00484816447 40.38124238074 679447 0.053865359869 -0.006311022918 0.054233808681 0 
2312 808 0.006577998372 0.006577998372 0.009302694511 27.132696468466 63848 0.006577998372 0.006577998372 0.009302694511 27.132696468466 63848 0.022685384822 0.007312886084 0.02383495306 0 
2328 808 0 0 0 0 0 0 0 0 0 0 -0.011149207459 0.016221773379 0.019683768911 0 
2344 808 0 0 0 0 0 0 0 0 0 0 -0.047638416974 0.020415638966 0.051828728387 0 
2360 808 0 0 0 0 0 0 0 0 0 0 -0.041373996892 0.019022086039 0.045537318499 0 
2376 808 0 0 0 0 0 0 0 0 0 0 0.007644052786 0.012041114598 0.014262537774 0 
2392 808 0 0 0 0 0 0 0 0 0 0 0.025752542255 0.007763997732 0.026897455147 0 
2408 808 0 0 0 0 0 0 0 0 0 0 0.012951471515 0.006190735442 0.014354992849 0 
2424 808 0 0 0 0 0 0 0 0 0 0 0.00584029319 0.004252142359 0.007224246618 0 
2440 808 0 0 0 0 0 0 0 0 0 0 0.004419007282 0.001948218484 0.004829407896 0 
2456 808 0 0 0 0 0 0 0 0 0 0 0.002598421086 0.000580100149 0.002662387711 0 
2472 808 0 0 0 0 0 0 0 0 0 0 0.000378534602 0.000147787355 0.000406361351 0 
2488 808 0 0 0 0 0 0 0 0 0 0 -0.00054855648 -0.000051276781 0.000550947838 0 
2504 808 0 0 0 0 0 0 0 0 0 0 -0.00018285216 -0.00001709226 0.000183649279 0 
2520 808 0 0 0 0 0 0 0 0 0 0 0.00018285216 0.00001709226 0.000183649279 0 
2536 808 0 0 0 0 0 0 0 0 0 0 0.00054855648 0.000051276781 0.000550947838 0 
24 824 0 0 0 0 0 0 0 0 0 0 0 0 0 0 
40 824 0 0 0 0 0 0 0 0 0 0 0 0 0 0 
56 824 0 0 0 0 0 0 0 0 0 0 0 0 0 0 
72 824 0 0 0 0 0 0 0 0 0 0 0 0 0 0 
88 824 0 0 0 0 0 0 0 0 0 0 0 0 0 0 
104 824 0 0 0 0 0 0 0 0 0 0 0 0 0 0 
120 824 0 0 0 0 0 0 0 0 0 0 0 0 0 0 
136 824 0 0 0 0 0 0 0 0 0 0 0 0 0 0 
152 824 0 0 0 0 0 0 0 0 0 0 0 0 0 0 
168 824 0 0 0 0 0 0 0 0 0 0 0 0 0 0 
184 824 0 0 0 0 0 0 0 0 0 0 0 0 0 0 
200 824 0 0 0 0 0 0 0 0 0 0 0 0 0 0 
216 824 0 0 0 0 0 0 0 0 0 0 0 0 0 0 
232 824 0 0 0 0 0 0 0 0 0 0 0 0 0 0 
248 824 0 0 0 0 0 0 0 0 0 0 0 0 0 0 
264 824 0 0 0 0 0 0 0 0 0 0 0 0 0 0 
280 824 0 0 0 0 0 0 0 0 0 0 0 0 0 0 
296 824 0 0 0 0 0 0 0 0 0 0 0 0 0 0 
312 824 0 0 0 0 0 0 0 0 0 0 0 0 0 0 
328 824 0 0 0 0 0 0 0 0 0 0 0 0 0 0 
344 824 0 0 0 0 0 0 0 0 0 0 0 0 0 0 
360 824 0 0 0 0 0 0 0 0 0 0 0 0 0 0 
376 824 0 0 0 0 0 0 0 0 0 0 0 0 0 0 
392 824 0 0 0 0 0 0 0 0 0 0 0 0 0 0 
408 824 0 0 0 0 0 0 0 0 0 0 0 0 0 0 
424 824 0 0 0 0 0 0 0 0 0 0 0 0 0 0 
440 824 0 0 0 0 0 0 0 0 0 0 0 0 0 0 
456 824 0 0 0 0 0 0 0 0 0 0 0 0 0 0 
472 824 0 0 0 0 0 0 0 0 0 0 0 0 0 0 
488 824 0 0 0 0 0 0 0 0 0 0 0 0 0 0 
504 824 0 0 0 0 0 0 0 0 0 0 0 0 0 0 
520 824 0 0 0 0 0 0 0 0 0 0 0 0 0 0 
536 824 0 0 0 0 0 0 0 0 0 0 0 0 0 0 
552 824 0 0 0 0 0 0 0 0 0 0 0 0 0 0 
568 824 0 0 0 0 0 0 0 0 0 0 0 0 0 0 
584 824 0 0 0 0 0 0 0 0 0 0 0 0 0 0 
600 824 0 0 0 0 0 0 0 0 0 0 0 0 0 0 
616 824 0 0 0 0 0 0 0 0 0 0 0 0 0 0 
632 824 0 0 0 0 0 0 0 0 0 0 0 0 0 0 
648 824 0 0 0 0 0 0 0 0 0 0 0 0 0 0 
664 824 0 0 0 0 0 0 0 0 0 0 0 0 0 0 
680 824 0 0 0 0 0 0 0 0 0 0 0 0 0 0 
696 824 0 0 0 0 0 0 0 0 0 0 0 0 0 0 
712 824 0 0 0 0 0 0 0 0 0 0 0 0 0 0 
728 824 0 0 0 0 0 0 0 0 0 0 0 0 0 0 
744 824 0 0 0 0 0 0 0 0 0 0 0 0 0 0 
760 824 0 0 0 0 0 0 0 0 0 0 0 0 0 0 
776 824 0 0 0 0 0 0 0 0 0 0 0 0 0 0 
792 824 0 0 0 0 0 0 0 0 0 0 0 0 0 0 
808 824 0 0 0 0 0 0 0 0 0 0 0 0 0 0 
824 824 0 0 0 0 0 0 0 0 0 0 0 0 0 0 
840 824 0 0 0 0 0 0 0 0 0 0 0 0 0 0 
856 824 0 0 0 0 0 0 0 0 0 0 0 0 0 0 
872 824 0 0 0 0 0 0 0 0 0 0 0 0 0 0 
888 824 0 0 0 0 0 0 0 0 0 0 0 0 0 0 
904 824 0 0 0 0 0 0 0 0 0 0 0 0 0 0 
920 824 0 0 0 0 0 0 0 0 0 0 0 0 0 0 
936 824 0 0 0 0 0 0 0 0 0 0 0 0 0 0 
952 824 0 0 0 0 0 0 0 0 0 0 -0.000364856183 0.000526974693 0.000640954259 0 
968 824 0 0 0 0 0 0 0 0 0 0 -0.001094568549 0.00158092408 0.001922862776 0 
984 824 0 0 0 0 0 0 0 0 0 0 0.002809927655 0.002620874801 0.003842483331 0 
1000 824 0 0 0 0 0 0 0 0 0 0 0.011348632429 0.003646826856 0.011920184735 0 
1016 824 0 0 0 0 0 0 0 0 0 0 0.011657156977 0.006831125763 0.013511239321 0 
1032 824 0 0 0 0 0 0 0 0 0 0 0.003735501298 0.012173771524 0.012733997137 0 
1048 824 0 0 0 0 0 0 0 0 0 0 -0.018272854532 0.013090365879 0.022477875602 0 
1064 824 0 0 0 0 0 0 0 0 0 0 -0.054367910511 0.009580908827 0.055205647422 0 
1080 824 0 0 0 0 0 0 0 0 0 0 -0.066160207885 0.000796808778 0.066165005945 0 
1096 824 -0.039454068384 0.016650329314 0.042823556348 36.765491144819 175019 -0.039454068384 0.016650329314 0.042823556348 36.765491144819 175019 -0.053649746654 -0.013261934266 0.055264583745 0 
1112 824 0.043326875467 0.007459230583 0.043964283898 151.628445495081 942683 -16 0 16 38.139936673847 359921.0625 -0.030081804103 -0.023621024973 0.03824745428 0 
1128 824 0.068137358331 -0.000021997117 0.068137361882 81.447868517311 2048933 0.068137358331 -0.000021997117 0.068137361882 81.447868517311 2048933 0.004543619767 -0.030280463342 0.030619453633 0 
1144 824 0.033749147681 -0.021077877263 0.039790474729 10.218175893492 2800339.75 0.033749147681 -0.021077877263 0.039790474729 10.218175893492 2800339.75 0.030178504128 -0.027368830613 0.04074058174 0 
1160 824 0.055542089472 -0.074944762069 0.093282587145 35.820865153245 3068164 0.055542089472 -0.074944762069 0.093282587145 35.820865153245 3068164 0.046822848979 -0.014886126788 0.049132229313 0 
1176 824 0.063861008789 -0.068901752455 0.093945089999 46.922105839796 3075132 0.063861008789 -0.068901752455 0.093945089999 46.922105839796 3075132 0.066332384572 -0.000292046763 0.066333027477 0 
1192 824 0.035842684257 0.013243046412 0.038210944676 9.795272279232 3137979.75 0.035842684257 0.013243046412 0.038210944676 9.795272279232 3137979.75 0.088707110905 0.01641340946 0.090212812479 0 
1208 824 0.085169995902 0.042042670288 0.09498165258 7.903295507164 3440194 -16 -16 22.62741699797 153.369144062966 1430276 0.117914351551 0.03915436828 0.124245156272 0 
1224 824 0.144432105241 0.059590439882 0.156242291169 1.388745566705 3667106.25 -12 -16 20 150.678925318009 2300021.25 0.153954106508 0.067930829698 0.168274967045 0 
1240 824 0.14335478349 0.121371638411 0.18783415174 9.668938183277 3691839.75 -8 -16 17.888543819998 147.149106027837 2862190 0.144560038183 0.085438276148 0.167920527842 0 
1256 824 0.272763626327 0.142520987777 0.307753517939 18.026745889906 3552096.75 -6 -16 17.088007490635 156.170187649264 2799357.75 0.089732146576 0.091676707631 0.128282800294 0 
1272 824 -0.327665421283 0.086238545407 0.338824017771 65.999075804755 3395096 -4 -16 16.492422502471 156.708161826669 2416729 -0.013460563069 0.082600117919 0.083689702105 0 
1288 824 -0.083376152296 0.03982837642 0.09240066201 6.103783547537 3433143.5 -0.083376152296 0.03982837642 0.09240066201 6.103783547537 3433143.5 -0.165018090752 0.058208507012 0.174983429398 0 
1304 824 -0.541682118662 0.042983316119 0.543384838897 3.169871146466 3227328.5 -0.541682118662 0.042983316119 0.543384838897 3.169871146466 3227328.5 -1.545650561129 0.036887674048 1.546090669273 0 
1320 824 -3.759503340644 0.082896160042 3.760417149953 1.006172300601 2591498 -4 15 15.52417469626 74.811601412223 1514129 -4.155357974198 0.018637619026 4.155399770729 0 
1336 824 -8.824630137068 0.100182021504 8.825198779262 0.643306387201 2039134.875 -10 15 18.02775637732 56.302813817466 1187868.875 -10.099336998144 0.001254781984 10.099337076093 0 
1352 824 -33.867051365101 -0.145434445834 33.867363631443 0.200919009702 1756400.75 -9 15 17.492855684536 59.081366802798 1098550.875 -19.377587632966 -0.01526083708 19.377593642309 0 
1368 824 -31.778013111152 -1.572454446997 31.816893787428 2.771234238745 1873234.875 -30 15 33.541019662497 26.626642824659 1310667 -24.004877170332 -0.025804701794 24.004891040064 0 
1384 824 -22.968166207892 -1.122443665179 22.995576503642 2.725216324063 2195471 -14 15 20.518284528683 47.047510103558 1697368 -23.981205610241 -0.030376812158 23.981224849272 0 
1400 824 -31.588509721887 -0.292552253024 31.589864407283 0.445339341823 2539220 -17 15 22.671568097509 41.50894739564 2009769 -19.405552262646 -0.028884170761 19.405573758939 0 
1416 824 -6.555894353015 -0.140325194846 6.557395971589 1.107307251674 2848230 -6.555894353015 -0.140325194846 6.557395971589 1.107307251674 2848230 -10.277917127549 -0.021326777602 10.27793925416 0 
1432 824 0.055712130299 -0.009535170733 0.05652221637 10.974897427969 2831817.75 -13.398630966949 0.023782172421 13.398652073257 178.635516500327 2809636.5 0.653966919705 0.014415608947 0.654125784425 0 
1448 824 13.000430130044 0.233825813607 13.002532756247 0.69518798366 2007969 15.508605931033 10.269226050941 18.600372620176 33.175831649023 1843182.125 13.390099879117 0.078342988885 13.390329062298 0 
1464 824 13.895473025802 0.64537585818 13.910452207211 2.291514790231 1772056.125 1.877095109757 0.037907328194 1.877477833852 0.789233236136 1764600.875 14.796715975294 0.094954984124 14.797020649527 0 
1480 824 3.526803944163 0.092233058364 3.528009778561 0.74277153968 2268379.5 12.180984675503 0.946089934248 12.217670556555 3.685925757338 2238925.75 4.873815208237 0.064251594663 4.874238704809 0 
1496 824 -0.110571089393 0.233052383135 0.257952280653 22.834304052042 2701265.75 15 1 15.033296378373 134.402107156765 2683605.5 -0.061386897852 0.054855031792 0.082325122173 0 
1512 824 -0.186934046657 2.904662895671 2.910671894131 3.902501104583 3185606 2 -16 16.124515496597 179.540235368436 3018486 -0.008890342974 0.066765295509 0.067354605504 0 
1528 824 0.142491577175 1.127043986808 1.136015843977 12.747636905224 3439865.75 -16 2 16.124515496597 102.828265387566 3427212.75 0.024319346787 0.066986753548 0.071264688164 0 
1544 824 0.211176491414 -1.045210999803 1.066330879528 134.018261463095 4125950.75 0.211176491414 -1.045210999803 1.066330879528 134.018261463095 4125950.75 0.038242171431 0.055519405909 0.067415636972 0 
1560 824 -0.1484312315 -1.912254800829 1.918006844039 140.972231063493 4963645 15 -3 15.297058540778 57.843704461393 4954145 0.045070551606 0.047550552743 0.065516484095 0 
1576 824 0.12334765075 0.011267143369 0.1238611782 38.656826793512 5751785.5 0.12334765075 0.011267143369 0.1238611782 38.656826793512 5751785.5 0.044804487312 0.043080194048 0.062155813907 0 
1592 824 7.384991571363 -0.993497498089 7.45151915973 82.023229508271 6085496 -16 2 16.124515496597 97.439829024295 6083928.5 0.032782181443 -5.966283714456 5.966373775821 0 
1608 824 15 -13 19.849433241279 49.056926309515 5943624.5 -16 -13 20.615528128088 50.934831584231 5943498 0.009003634 -17.980541172768 17.980543427022 0 
1624 824 -6.232242097691 -32.50400096296 33.096086175927 10.850060312219 5845098 -14 -8 16.124515496597 60.251149230848 5844024.5 -0.001661976026 -23.989136783344 23.989136840915 0 
1640 824 -0.104088660838 -23.22078042167 23.2210137126 0.258705851647 5482765 -6 -8 10 36.871773153774 5478996.5 0.000785351364 -23.992070546186 23.992070559039 0 
1656 824 15 -20 25 36.141291025728 5099155.5 5 -5 7.071067811865 44.271393379884 5092306.5 0.26260334995 -20.649349283111 20.651019014453 0 
1672 824 11.821671020136 -13.103505498431 17.648052642027 38.842720145309 4685802.5 -16 -13 20.615528128088 54.119447393202 4684097 0.783792019732 -13.960972994119 13.982957372198 0 
1688 824 1 12 12.041594578792 157.281251826489 4372376 1 -19 19.02629759044 14.942318978601 4372108.5 1.068689967729 -3.297879677453 3.466714383112 0 
1704 824 -15 18 23.43074902772 45.432630285017 4347445 16 18 24.083189157585 36.006480143818 4347195.5 1.117297193941 11.339930666888 11.394840084416 0 
1720 824 -14.181713924976 4.779548644533 14.965463410644 72.268167824798 5248234 15 5 15.811388300842 70.671938383009 5237068.5 0.283192969818 18.166179989636 18.168387206189 0 
1736 824 1.692457202716 17.322157641666 17.404641816072 10.35023820482 7678652 -6 1 6.082762530298 75.767797671454 7498327 -1.43362270464 17.18086829079 17.240577405782 0 
1752 824 0.699976679474 16.995837544203 17.010245770733 7.992131891029 8402548 -7.462696966588 30.253078588445 31.159919930798 8.223107572781 8372279.5 -1.715158133255 17.387140868884 17.471532131341 0 
1768 824 4.687377504677 6.93120878959 8.367386877409 35.781207507459 4975184 -16 18 24.083189157585 39.921692349801 4765001.5 -0.561413316028 18.784997723916 18.793385123467 0 
1784 824 0.151496067376 17.825004720894 17.825648497554 0.283439055714 2428410.25 15 18 23.43074902772 39.602060695881 2325640.25 0.065615755648 18.473208861852 18.473325393145 0 
1800 824 1.961786285318 15.879686376957 16.000407646675 6.464818249424 1556240.75 -14.332200672872 16.046775936354 21.515366463972 42.347533411146 1551549 0.165929081771 16.451774282692 16.452611024054 0 
1816 824 -9.476721101889 13.373661796459 16.390944838204 22.410697122661 1471995 -14 30 33.105890714494 12.105792588763 1462421 -3.651614026334 15.929601053647 16.342780507786 0 
1832 824 -3.993218752965 15.688412275558 16.188640330087 19.680676107269 1525331.875 -27 16 31.38470965295 25.38822999048 1518816 -11.387013568669 16.906689174716 20.383822430141 0 
1848 824 -19.247069598061 20.232033581087 27.924628393926 10.541963945725 1651306.125 4 20 20.396078054371 44.338792842682 1650173.125 -11.423453594643 17.571192891495 20.958103722883 0 
1864 824 -19 30 35.510561809129 20.496603269792 2046401.875 12 30 32.310988842807 33.652249716002 2046352.875 -3.760934104257 17.923112203984 18.313453426734 0 
1880 824 8.698184911254 -7.101450572242 11.228936769809 107.136102434241 2614385 9 23 24.698178070457 0.722473087502 2612745 3.494881971572 8.609832769682 9.292116030114 0 
1896 824 3.809659623133 -15.390592802856 15.855089191407 31.028748207576 2593717.25 11 5 12.083045973595 69.512144296763 2578395.25 10.343994632843 -10.368645411412 14.646058604002 0 
1912 824 -0.328261952294 -27.346923912334 27.348894006455 36.042027965101 2645161 20 -5 20.615528128088 40.609452029045 2583210.25 14.826679579441 -20.898442908052 25.623726179706 0 
1928 824 21.745794769777 -29.988449199542 37.043038152435 0.454192561353 2585736 20 -7 21.189620100417 34.308428579298 2537776.25 16.942936811368 -22.979559720239 28.550363793304 0 
1944 824 3.709713310487 -32.22998758857 32.442781520785 30.275204283183 2656823 2 -3 3.605551275464 3.151061116905 2651660 13.511346217149 -18.033986009742 22.5339993787 0 
1960 824 16.885642205064 0.157635863136 16.886377993601 53.752081165019 2974295.25 -12 1 12.041594578792 131.546429568964 2966952.25 4.531907796786 -6.061721776563 7.56853084654 0 
1976 824 0.175421656768 12.749150074823 12.750356872967 179.439022838309 3644171 0 -16 16 0.22733314057 3639195.75 -0.000197570513 -0.049794311321 0.049794703273 0 
1992 824 8.849247570698 11.811364457396 14.758641973872 125.629954391613 4841954.5 8 -16 17.888543819998 117.776186218157 4832269 -0.084969884748 0.001796385984 0.084988871723 0 
2008 824 0.324688389688 0.087110363176 0.336170739016 16.113266558091 4952808 1 -16 16.031219541881 85.328569401784 4909096.5 1.537756973361 -0.029394781896 1.538037893656 0 
2024 824 3.839596201814 -0.222055137817 3.846011892495 1.62295617706 4695121.5 -12 0 12 178.313059644354 4520624.5 4.867983003812 -0.143367814961 4.870093721456 0 
2040 824 7.713619106179 -0.455601350376 7.727062333492 1.212184181718 6892135.5 21 0 21 2.16803745706 6399602.5 6.414632709982 -0.24284171412 6.419227749667 0 
2056 824 7.32649523057 -0.633662803103 7.353846674469 1.905646531535 7553147.5 7.32649523057 -0.633662803103 7.353846674469 1.905646531535 7553147.5 6.177706091872 -0.327816479372 6.186397675683 0 
2072 824 0.401952694137 -0.015663107327 0.402257754749 1.167412760692 6218717 0 -16 16 86.601040765093 3388653 4.542486270469 -0.269790606956 4.550491016253 0 
2088 824 0.657871681419 -0.015511223766 0.658054516948 1.258507505 4679948 0.657871681419 -0.015511223766 0.658054516948 1.258507505 4679948 1.508973245773 -0.06876409687 1.510539227387 0 
2104 824 0.035136693896 0.037152900663 0.051136340167 62.845493774723 3208814 0.035136693896 0.037152900663 0.051136340167 62.845493774723 3208814 -0.011494251765 0.032561498926 0.034530697009 0 
2120 824 -0.012382597144 0.016806011676 0.020875122526 7.425579095466 2874010 -0.012382597144 0.016806011676 0.020875122526 7.425579095466 2874010 -0.018916222145 0.03418618043 0.039070684568 0 
2136 824 -0.007386489663 -0.004273483099 0.008533632716 88.124078638843 2457212.5 -0.007386489663 -0.004273483099 0.008533632716 88.124078638843 2457212.5 -0.021266689706 0.034129680947 0.040213271598 0 
2152 824 0.012154320292 -0.014041897207 0.018571547564 168.914124552771 1756467 0.012154320292 -0.014041897207 0.018571547564 168.914124552771 1756467 -0.018545654449 0.032392000476 0.037325366626 0 
2168 824 0.019577327841 0.028640016949 0.034691819443 52.437698803739 1291601.875 0.019577327841 0.028640016949 0.034691819443 52.437698803739 1291601.875 -0.01022448671 0.03131417866 0.032941127996 0 
2184 824 -0.015342866623 0.044821327765 0.047374623785 25.71982979754 786404 -0.015342866623 0.044821327765 0.047374623785 25.71982979754 786404 0.00369681351 0.0308962155 0.031116596252 0 
2200 824 0.023353865531 0.023083859974 0.03283698565 4.119415197697 278471 -16 0 16 139.452549613099 41929.00390625 0.031477226558 0.026929207169 0.0414246061 0 
2216 824 -0.021963869627 -0.021963869627 0.031061602309 149.869471970455 21346 -0.021963869627 -0.021963869627 0.031061602309 149.869471970455 21346 0.073116752435 0.019413153668 0.075650049715 0 
2232 824 0 0 0 0 0 0 0 0 0 0 0.074616998423 0.009983369144 0.075281897645 0 
2248 824 0 0 0 0 0 0 0 0 0 0 0.035977964523 -0.001360146404 0.0360036655 0 
2264 824 0 0 0 0 0 0 0 0 0 0 0.023154939996 -0.007237023713 0.02425954984 0 
2280 824 0 0 0 0 0 0 0 0 0 0 0.036147924841 -0.007647262785 0.036947978273 0 
2296 824 0 0 0 0 0 0 0 0 0 0 0.035260208601 -0.004473226209 0.035542820137 0 
2312 824 0 0 0 0 0 0 0 0 0 0 0.020491791275 0.002285086015 0.020618805197 0 
2328 824 0 0 0 0 0 0 0 0 0 0 -0.003180620456 0.006742990226 0.007455485476 0 
2344 824 0 0 0 0 0 0 0 0 0 0 -0.035757026592 0.008900486425 0.036848115411 0 
2360 824 0 0 0 0 0 0 0 0 0 0 -0.039033922245 0.007484425893 0.039744983542 0 
2376 824 0 0 0 0 0 0 0 0 0 0 -0.013011307415 0.002494808631 0.013248327847 0 
2392 824 0 0 0 0 0 0 0 0 0 0 0 0 0 0 
2408 824 0 0 0 0 0 0 0 0 0 0 0 0 0 0 
2424 824 0 0 0 0 0 0 0 0 0 0 0 0 0 0 
2440 824 0 0 0 0 0 0 0 0 0 0 0 0 0 0 
2456 824 0 0 0 0 0 0 0 0 0 0 0 0 0 0 
2472 824 0 0 0 0 0 0 0 0 0 0 0 0 0 0 
2488 824 0 0 0 0 0 0 0 0 0 0 0 0 0 0 
2504 824 0 0 0 0 0 0 0 0 0 0 0 0 0 0 
2520 824 0 0 0 0 0 0 0 0 0 0 0 0 0 0 
2536 824 0 0 0 0 0 0 0 0 0 0 0 0 0 0 
24 840 0 0 0 0 0 0 0 0 0 0 0 0 0 0 
40 840 0 0 0 0 0 0 0 0 0 0 0 0 0 0 
56 840 0 0 0 0 0 0 0 0 0 0 0 0 0 0 
72 840 0 0 0 0 0 0 0 0 0 0 0 0 0 0 
88 840 0 0 0 0 0 0 0 0 0 0 0 0 0 0 
104 840 0 0 0 0 0 0 0 0 0 0 0 0 0 0 
120 840 0 0 0 0 0 0 0 0 0 0 0 0 0 0 
136 840 0 0 0 0 0 0 0 0 0 0 0 0 0 0 
152 840 0 0 0 0 0 0 0 0 0 0 0 0 0 0 
168 840 0 0 0 0 0 0 0 0 0 0 0 0 0 0 
184 840 0 0 0 0 0 0 0 0 0 0 0 0 0 0 
200 840 0 0 0 0 0 0 0 0 0 0 0 0 0 0 
216 840 0 0 0 0 0 0 0 0 0 0 0 0 0 0 
232 840 0 0 0 0 0 0 0 0 0 0 0 0 0 0 
248 840 0 0 0 0 0 0 0 0 0 0 0 0 0 0 
264 840 0 0 0 0 0 0 0 0 0 0 0 0 0 0 
280 840 0 0 0 0 0 0 0 0 0 0 0 0 0 0 
296 840 0 0 0 0 0 0 0 0 0 0 0 0 0 0 
312 840 0 0 0 0 0 0 0 0 0 0 0 0 0 0 
328 840 0 0 0 0 0 0 0 0 0 0 0 0 0 0 
344 840 0 0 0 0 0 0 0 0 0 0 0 0 0 0 
360 840 0 0 0 0 0 0 0 0 0 0 0 0 0 0 
376 840 0 0 0 0 0 0 0 0 0 0 0 0 0 0 
392 840 0 0 0 0 0 0 0 0 0 0 0 0 0 0 
408 840 0 0 0 0 0 0 0 0 0 0 0 0 0 0 
424 840 0 0 0 0 0 0 0 0 0 0 0 0 0 0 
440 840 0 0 0 0 0 0 0 0 0 0 0 0 0 0 
456 840 0 0 0 0 0 0 0 0 0 0 0 0 0 0 
472 840 0 0 0 0 0 0 0 0 0 0 0 0 0 0 
488 840 0 0 0 0 0 0 0 0 0 0 0 0 0 0 
504 840 0 0 0 0 0 0 0 0 0 0 0 0 0 0 
520 840 0 0 0 0 0 0 0 0 0 0 0 0 0 0 
536 840 0 0 0 0 0 0 0 0 0 0 0 0 0 0 
552 840 0 0 0 0 0 0 0 0 0 0 0 0 0 0 
568 840 0 0 0 0 0 0 0 0 0 0 0 0 0 0 
584 840 0 0 0 0 0 0 0 0 0 0 0 0 0 0 
600 840 0 0 0 0 0 0 0 0 0 0 0 0 0 0 
616 840 0 0 0 0 0 0 0 0 0 0 0 0 0 0 
632 840 0 0 0 0 0 0 0 0 0 0 0 0 0 0 
648 840 0 0 0 0 0 0 0 0 0 0 0 0 0 0 
664 840 0 0 0 0 0 0 0 0 0 0 0 0 0 0 
680 840 0 0 0 0 0 0 0 0 0 0 0 0 0 0 
696 840 0 0 0 0 0 0 0 0 0 0 0 0 0 0 
712 840 0 0 0 0 0 0 0 0 0 0 0 0 0 0 
728 840 0 0 0 0 0 0 0 0 0 0 0 0 0 0 
744 840 0 0 0 0 0 0 0 0 0 0 0 0 0 0 
760 840 0 0 0 0 0 0 0 0 0 0 0 0 0 0 
776 840 0 0 0 0 0 0 0 0 0 0 0 0 0 0 
792 840 0 0 0 0 0 0 0 0 0 0 0 0 0 0 
808 840 0 0 0 0 0 0 0 0 0 0 0 0 0 0 
824 840 0 0 0 0 0 0 0 0 0 0 0 0 0 0 
840 840 0 0 0 0 0 0 0 0 0 0 0 0 0 0 
856 840 0 0 0 0 0 0 0 0 0 0 0 0 0 0 
872 840 0 0 0 0 0 0 0 0 0 0 0 0 0 0 
888 840 0 0 0 0 0 0 0 0 0 0 0 0 0 0 
904 840 0 0 0 0 0 0 0 0 0 0 0 0 0 0 
920 840 0 0 0 0 0 0 0 0 0 0 0 0 0 0 
936 840 0 0 0 0 0 0 0 0 0 0 0 0 0 0 
952 840 0 0 0 0 0 0 0 0 0 0 -0.000121618728 0.000175658231 0.00021365142 0 
968 840 0 0 0 0 0 0 0 0 0 0 -0.000364856183 0.000526974693 0.000640954259 0 
984 840 0 0 0 0 0 0 0 0 0 0 0.000936642552 0.000873624934 0.001280827777 0 
1000 840 0 0 0 0 0 0 0 0 0 0 0.003782877476 0.001215608952 0.003973394912 0 
1016 840 0 0 0 0 0 0 0 0 0 0 0.003885718992 0.002277041921 0.00450374644 0 
1032 840 0 0 0 0 0 0 0 0 0 0 0.001245167099 0.004057923841 0.004244665712 0 
1048 840 0 0 0 0 0 0 0 0 0 0 -0.006090951511 0.004363455293 0.007492625201 0 
1064 840 0 0 0 0 0 0 0 0 0 0 -0.018122636837 0.003193636276 0.018401882474 0 
1080 840 0 0 0 0 0 0 0 0 0 0 -0.022053402628 0.000265602926 0.022055001982 0 
1096 840 0 0 0 0 0 0 0 0 0 0 -0.017883248885 -0.004420644755 0.018421527915 0 
1112 840 0 0 0 0 0 0 0 0 0 0 -0.010278803758 -0.012795587423 0.01641282621 0 
1128 840 0 0 0 0 0 0 0 0 0 0 0.000759932751 -0.024859225075 0.024870837725 0 
1144 840 0 0 0 0 0 0 0 0 0 0 0.017013990154 -0.028968943408 0.033595766744 0 
1160 840 0 0 0 0 0 0 0 0 0 0 0.038483368451 -0.025124742419 0.045958920015 0 
1176 840 0.030862960138 0.030862960138 0.043646816802 60.797431277473 20896 0.030862960138 0.030862960138 0.043646816802 60.797431277473 20896 0.060820849192 -0.017207620479 0.063208210693 0 
1192 840 0.030201599887 -0.005052160922 0.030621250231 5.943389681892 235855 0.030201599887 -0.005052160922 0.030621250231 5.943389681892 235855 0.084026432378 -0.005217577587 0.084188267912 0 
1208 840 0.04678544387 -0.021258918589 0.051388903254 33.986398440776 696614 0.04678544387 -0.021258918589 0.051388903254 33.986398440776 696614 0.111471895185 0.018753501678 0.113038388353 0 
1224 840 0.11363120274 -0.039957158669 0.120451752852 40.28734678029 1138417 0.11363120274 -0.039957158669 0.120451752852 40.28734678029 1138417 0.143157237614 0.054705617316 0.153253708756 0 
1240 840 0.104706421296 -0.009240261256 0.105113353523 35.03189912177 1322790 0.104706421296 -0.009240261256 0.105113353523 35.03189912177 1322790 0.130463514053 0.075288707165 0.150629073972 0 
1256 840 0.293671788129 0.020957621307 0.294418649263 43.564047969783 1235199.875 0.293671788129 0.020957621307 0.294418649263 43.564047969783 1235199.875 0.073390724501 0.080502771225 0.108935277195 0 
1272 840 -0.36662014724 -0.010519461391 0.366771034067 66.138543911345 1139249 -0.36662014724 -0.010519461391 0.366771034067 66.138543911345 1139249 -0.032622734406 0.068379635023 0.075762901779 0 
1288 840 -0.013644506176 -0.016937937503 0.021750086797 62.868181301345 1057724 -0.013644506176 -0.016937937503 0.021750086797 62.868181301345 1057724 -0.187576862666 0.038919298561 0.191571895664 0 
1304 840 -0.103821630515 0.018238610944 0.105411469452 8.638839886454 942157 -0.103821630515 0.018238610944 0.105411469452 8.638839886454 942157 -0.686794668368 0.015882870024 0.686978298099 0 
1320 840 -0.752006076261 0.049013441301 0.753601656156 3.756407271712 829192 -0.752006076261 0.049013441301 0.753601656156 3.756407271712 829192 -1.530276151512 -0.000729650588 1.530276325464 0 
1336 840 -0.091940903578 0.029931020059 0.096690204843 18.43485065696 777338.875 -0.091940903578 0.029931020059 0.096690204843 18.43485065696 777338.875 -3.476547382596 -0.02441591813 3.476633118477 0 
1352 840 -0.461512425364 -0.066939304744 0.466341708712 7.76837833898 829632.9375 -0.461512425364 -0.066939304744 0.466341708712 7.76837833898 829632.9375 -6.52560836162 -0.055175932601 6.525841621798 0 
1368 840 -0.854142227936 -0.105953577201 0.860688739362 6.51782546664 929827.875 -0.854142227936 -0.105953577201 0.860688739362 6.51782546664 929827.875 -8.014631510996 -0.077414105382 8.015005377463 0 
1384 840 -0.300814945636 -0.146521886123 0.334601695499 25.312654593389 1055303 -0.300814945636 -0.146521886123 0.334601695499 25.312654593389 1055303 -7.943616830722 -0.091130436474 7.944139544959 0 
1400 840 3.995650265284 -0.134340930105 3.997908018948 177.285667433239 1234745.75 -22 0 22 0.788671057772 1201407 -6.408530191263 -0.088218391724 6.409137359814 0 
1416 840 -2.949330368407 -0.110910068269 2.951415027618 0.999599491961 1176008 -2.949330368407 -0.110910068269 2.951415027618 0.999599491961 1176008 -3.409371592618 -0.068677971131 3.410063242855 0 
1432 840 0.084792066922 -0.015840480527 0.086259002059 1.685347822726 1010777 0.084792066922 -0.015840480527 0.086259002059 1.685347822726 1010777 0.255055783649 -0.039924347555 0.258161589514 0 
1448 840 3.947239630871 0.027527871826 3.947335618775 0.424034909921 787908.9375 3.947239630871 0.027527871826 3.947335618775 0.424034909921 787908.9375 4.584751937538 -0.001957520994 4.584752355432 0 
1464 840 4.803049250853 0.084797788428 4.803797744602 0.735925735452 930250 4.803049250853 0.084797788428 4.803797744602 0.735925735452 930250 5.072900382766 0.024394899868 5.072959038333 0 
1480 840 0.695456370169 0.057062952704 0.697793481898 3.386944240866 1354128.75 0.695456370169 0.057062952704 0.697793481898 3.386944240866 1354128.75 1.719501119334 0.039132915033 1.719946360916 0 
1496 840 -0.036184843497 0.112053878572 0.117751495115 51.297590983723 1800025.875 -0.036184843497 0.112053878572 0.117751495115 51.297590983723 1800025.875 0.037333602792 0.056617020579 0.067818027962 0 
1512 840 -0.04176555234 0.167668732335 0.172792260143 32.945605398788 2261006 0 -16 16 161.041860382959 405192.125 0.02639783314 0.076847216507 0.081254786193 0 
1528 840 -0.005941447363 0.135813759096 0.135943657287 21.929155479651 2442680.75 -4 -16 16.492422502471 174.612010494003 747678 0.028015793731 0.079447890806 0.084242816025 0 
1544 840 0.002448509994 0.082380138874 0.08241651826 31.517999516528 2672741 0 -16 16 146.77955130183 1219726.875 0.042187484567 0.064419043475 0.077003876632 0 
1560 840 -0.010548592504 0.068305249733 0.069114976271 47.15055866353 3370795 0 -16 16 141.628453526884 1909780 0.04302720423 0.054342237611 0.069313917018 0 
1576 840 0.045315719969 0.077324947672 0.089625119296 1.443704800155 4439803.5 0 -16 16 148.1841720318 2760769.5 0.03053495272 0.049217473212 0.057920143361 0 
1592 840 0.023904750168 -0.321179960355 0.322068321966 3.786297765088 5090864.5 -14 -17 22.022715545545 39.942718494246 3726471 0.016052390433 -1.955761108184 1.955826984046 0 
1608 840 0.004463103948 -0.353181228187 0.353209426885 0.72804242555 5600398.5 13 -21 24.698178070457 31.763521944082 5406339 -0.000420482632 -5.960593506575 5.960593521406 0 
1624 840 10.231696077587 -1.334878378256 10.3184061225 82.602743984183 6434427.5 -3.60339806115 -3.989197406173 5.37570214321 42.055300374042 6428944.5 -0.004985928079 -7.967410350033 7.967411910105 0 
1640 840 0.19889731099 -7.280140494726 7.282856978087 1.548037564584 6479138 -16 -7 17.464249196573 66.387546588548 6462022 0.002356054091 -7.976211638557 7.976211986529 0 
1656 840 -4.840104693377 -6.382950740373 8.010535162951 42.554094976064 5831253.5 15 9 17.492855684536 115.582208816699 5707660 0.647557070123 -6.874066507576 6.904500018803 0 
1672 840 1.227338700028 -4.274778007915 4.447481006316 6.480379222083 5278005 -15 -4 15.52417469626 97.5683528157 5263466.5 1.930617120016 -4.660974957091 5.044994550515 0 
1688 840 11.323438131512 -1.160893640501 11.382790745802 16.563683706287 4690148 -9.527710749703 -1.149666711385 9.59682268656 150.702365548094 4685638.5 2.735848925347 -1.128600437003 2.959494600219 0 
1704 840 3.123505071239 2.854961991184 4.231677197184 8.12508073491 5554144.5 18 18 25.455844122716 5.553175716025 5347110 3.063252486117 3.723057052687 4.821272613249 0 
1720 840 5.802400337505 3.79024691743 6.930643647727 60.383481557897 6201361 -16 4 16.492422502471 72.426881743571 6139044.5 -0.2618403572 4.236306743316 4.244391027713 0 
1736 840 -12.41970137366 7.05605281998 14.284147283238 26.351868139029 6306667 5.907739649555 -10.199208130548 11.786654922291 123.331434966237 6148546 -7.239429604606 0.411148634886 7.251095379321 0 
1752 840 -13.056448794765 -4.647592175075 13.858967066709 23.087297754857 8826635 7 -10 12.206555615734 128.485549840384 8103719 -8.092143128288 0.494019426077 8.107208866314 0 
1768 840 3.337000152229 1.722817537102 3.755485359061 94.854152930707 7076160.5 -18 10 20.591260281974 28.78496155463 6645591 -2.819980928246 4.484919116888 5.297810106139 0 
1784 840 0.315496937654 6.039004510008 6.047240179583 4.184100323354 3407207 -12.236278019666 6.188659713728 13.712257612329 61.977886330267 3291999 -0.12804376398 6.146025016822 6.147358677749 0 
1800 840 1.558488558272 5.251933761783 5.478293057552 16.698864141516 2262585 1 -11 11.045361017187 174.976407940837 2080625 -0.01633163549 5.477337125878 5.477361473633 0 
1816 840 -1.015888283968 5.466576669062 5.560169915051 2.62968380185 2016153 4 -11 11.70469991072 173.174118281674 1868614.875 -1.238296878589 5.297291485598 5.440098918486 0 
1832 840 -3.238436893587 6.990236770444 7.703952467443 9.231915553599 1909004.75 -14 -11 17.804493814765 94.067965006252 1818473 -3.793939493276 5.605888095982 6.769044114445 0 
1848 840 -2.7678788826 9.92227475771 10.301101391416 17.58073590061 2032298.75 -3 -11 11.401754250991 131.577377742276 1973915.875 -3.798161251837 5.811389867009 6.942498187348 0 
1864 840 -1.620685674127 11.716887730704 11.828443690877 4.068658363517 2360923 7 -11 13.038404810405 159.472675881659 2303928 -1.250962154271 5.91379679868 6.04465870728 0 
1880 840 -9.257616627931 8.290136655525 12.426979978942 70.8147716536 2594460 -7 -14 15.652475842499 176.093962978021 2565846.75 1.169966270899 2.802523834165 3.036932813894 0 
1896 840 2.610482867521 -0.262204692948 2.623618132012 39.738284359101 3057699.75 -8 -19 20.615528128088 67.359647881565 3049110.5 3.464624023675 -3.522429026537 4.940761669259 0 
1912 840 10.607204881259 -5.140186973753 11.787040235706 28.937216268584 3484834.25 -12 -15 19.209372712299 73.868045826713 3481658.25 4.959763745546 -7.028767687415 8.602489849763 0 
1928 840 -9.287091850314 -1.748716068869 9.450295388277 115.573865371372 3564907.75 11 -23 25.495097567964 10.677570813566 3472098.25 5.65538543651 -7.716492148469 9.567007657197 0 
1944 840 4.403652115739 -1.142056143341 4.549334477811 38.84978788966 3104149.5 4 -22 22.360679774998 26.306417375913 3034617 4.502547336114 -6.060195774198 7.549761938999 0 
1960 840 5.575722474665 -1.305022979021 5.726409528688 40.742050860373 2658255.5 -6 -18 18.97366596101 54.519695166682 2027359 1.501249444356 -2.059878564603 2.548891836679 0 
1976 840 -0.070015486681 -0.056793079615 0.090153326435 12.698331644509 2597428 12 -16 20 75.124320804494 1456527 -0.034611776314 -0.043897858221 0.055901672748 0 
1992 840 -0.04696285166 -0.078237588443 0.091250368116 52.371203049964 2782578 -0.04696285166 -0.078237588443 0.091250368116 52.371203049964 2782578 -0.105036325898 -0.012253655052 0.105748672901 0 
2008 840 0.020515736564 -0.047055421413 0.051333304308 64.310492803565 2610488 0.020515736564 -0.047055421413 0.051333304308 64.310492803565 2610488 0.451938461191 -0.016830451032 0.4522517405 0 
2024 840 0.520162465131 -0.042221522122 0.521873209757 2.623487911168 2303944 0.520162465131 -0.042221522122 0.521873209757 2.623487911168 2303944 1.636312584953 -0.05762824616 1.637327056648 0 
2040 840 1.697857282395 -0.117813360978 1.70193987538 1.606845949747 2564951 1.697857282395 -0.117813360978 1.70193987538 1.606845949747 2564951 2.187359992561 -0.090243959831 2.189220799587 0 
2056 840 0.373827768627 -0.048386750406 0.376946253743 4.256933134258 2747781.75 0.373827768627 -0.048386750406 0.376946253743 4.256933134258 2747781.75 2.105080684017 -0.114677592046 2.108201991352 0 
2072 840 0.597902590695 -0.08375474462 0.603740312722 4.688227174483 2127899.75 0.597902590695 -0.08375474462 0.603740312722 4.688227174483 2127899.75 1.543605307756 -0.088623417776 1.546147294506 0 
2088 840 0.007702162515 -0.002701882082 0.008162320393 17.954538499578 1033879 0.007702162515 -0.002701882082 0.008162320393 17.954538499578 1033879 0.502933863776 -0.01208143702 0.503078952505 0 
2104 840 0.019839360833 0.001865587465 0.019926882717 118.586264602465 245417.96875 0.019839360833 0.001865587465 0.019926882717 118.586264602465 245417.96875 -0.0174926173 0.025974672118 0.031315734889 0 
2120 840 0 0 0 0 6230 0 0 0 0 6230 -0.017674135475 0.025544909639 0.03106312079 0 
2136 840 0 0 0 0 0 0 0 0 0 0 -0.014347162353 0.022412069612 0.026610936321 0 
2152 840 0 0 0 0 0 0 0 0 0 0 -0.007511697935 0.016576152038 0.018198747822 0 
2168 840 0 0 0 0 0 0 0 0 0 0 -0.002182352326 0.012800914432 0.012985610189 0 
2184 840 0 0 0 0 0 0 0 0 0 0 0.001640874473 0.011086356793 0.011207130586 0 
2200 840 0 0 0 0 0 0 0 0 0 0 0.010492408853 0.00897640239 0.013808202033 0 
2216 840 0 0 0 0 0 0 0 0 0 0 0.024372250812 0.006471051223 0.025216683238 0 
2232 840 0 0 0 0 0 0 0 0 0 0 0.024872332808 0.003327789715 0.025093965882 0 
2248 840 0 0 0 0 0 0 0 0 0 0 0.011992654841 -0.000453382135 0.012001221833 0 
2264 840 0 0 0 0 0 0 0 0 0 0 0.007718313332 -0.002412341238 0.008086516613 0 
2280 840 0 0 0 0 0 0 0 0 0 0 0.01204930828 -0.002549087595 0.012315992758 0 
2296 840 0 0 0 0 0 0 0 0 0 0 0.011753402867 -0.001491075403 0.011847606712 0 
2312 840 0 0 0 0 0 0 0 0 0 0 0.006830597092 0.000761695338 0.006872935066 0 
2328 840 0 0 0 0 0 0 0 0 0 0 -0.001060206819 0.002247663409 0.002485161825 0 
2344 840 0 0 0 0 0 0 0 0 0 0 -0.011919008864 0.002966828808 0.012282705137 0 
2360 840 0 0 0 0 0 0 0 0 0 0 -0.013011307415 0.002494808631 0.013248327847 0 
2376 840 0 0 0 0 0 0 0 0 0 0 -0.004337102472 0.000831602877 0.004416109282 0 
2392 840 0 0 0 0 0 0 0 0 0 0 0 0 0 0 
2408 840 0 0 0 0 0 0 0 0 0 0 0 0 0 0 
2424 840 0 0 0 0 0 0 0 0 0 0 0 0 0 0 
2440 840 0 0 0 0 0 0 0 0 0 0 0 0 0 0 
2456 840 0 0 0 0 0 0 0 0 0 0 0 0 0 0 
2472 840 0 0 0 0 0 0 0 0 0 0 0 0 0 0 
2488 840 0 0 0 0 0 0 0 0 0 0 0 0 0 0 
2504 840 0 0 0 0 0 0 0 0 0 0 0 0 0 0 
2520 840 0 0 0 0 0 0 0 0 0 0 0 0 0 0 
2536 840 0 0 0 0 0 0 0 0 0 0 0 0 0 0 
24 856 0 0 0 0 0 0 0 0 0 0 0 0 0 0 
40 856 0 0 0 0 0 0 0 0 0 0 0 0 0 0 
56 856 0 0 0 0 0 0 0 0 0 0 0 0 0 0 
72 856 0 0 0 0 0 0 0 0 0 0 0 0 0 0 
88 856 0 0 0 0 0 0 0 0 0 0 0 0 0 0 
104 856 0 0 0 0 0 0 0 0 0 0 0 0 0 0 
120 856 0 0 0 0 0 0 0 0 0 0 0 0 0 0 
136 856 0 0 0 0 0 0 0 0 0 0 0 0 0 0 
152 856 0 0 0 0 0 0 0 0 0 0 0 0 0 0 
168 856 0 0 0 0 0 0 0 0 0 0 0 0 0 0 
184 856 0 0 0 0 0 0 0 0 0 0 0 0 0 0 
200 856 0 0 0 0 0 0 0 0 0 0 0 0 0 0 
216 856 0 0 0 0 0 0 0 0 0 0 0 0 0 0 
232 856 0 0 0 0 0 0 0 0 0 0 0 0 0 0 
248 856 0 0 0 0 0 0 0 0 0 0 0 0 0 0 
264 856 0 0 0 0 0 0 0 0 0 0 0 0 0 0 
280 856 0 0 0 0 0 0 0 0 0 0 0 0 0 0 
296 856 0 0 0 0 0 0 0 0 0 0 0 0 0 0 
312 856 0 0 0 0 0 0 0 0 0 0 0 0 0 0 
328 856 0 0 0 0 0 0 0 0 0 0 0 0 0 0 
344 856 0 0 0 0 0 0 0 0 0 0 0 0 0 0 
360 856 0 0 0 0 0 0 0 0 0 0 0 0 0 0 
376 856 0 0 0 0 0 0 0 0 0 0 0 0 0 0 
392 856 0 0 0 0 0 0 0 0 0 0 0 0 0 0 
408 856 0 0 0 0 0 0 0 0 0 0 0 0 0 0 
424 856 0 0 0 0 0 0 0 0 0 0 0 0 0 0 
440 856 0 0 0 0 0 0 0 0 0 0 0 0 0 0 
456 856 0 0 0 0 0 0 0 0 0 0 0 0 0 0 
472 856 0 0 0 0 0 0 0 0 0 0 0 0 0 0 
488 856 0 0 0 0 0 0 0 0 0 0 0 0 0 0 
504 856 0 0 0 0 0 0 0 0 0 0 0 0 0 0 
520 856 0 0 0 0 0 0 0 0 0 0 0 0 0 0 
536 856 0 0 0 0 0 0 0 0 0 0 0 0 0 0 
552 856 0 0 0 0 0 0 0 0 0 0 0 0 0 0 
568 856 0 0 0 0 0 0 0 0 0 0 0 0 0 0 
584 856 0 0 0 0 0 0 0 0 0 0 0 0 0 0 
600 856 0 0 0 0 0 0 0 0 0 0 0 0 0 0 
616 856 0 0 0 0 0 0 0 0 0 0 0 0 0 0 
632 856 0 0 0 0 0 0 0 0 0 0 0 0 0 0 
648 856 0 0 0 0 0 0 0 0 0 0 0 0 0 0 
664 856 0 0 0 0 0 0 0 0 0 0 0 0 0 0 
680 856 0 0 0 0 0 0 0 0 0 0 0 0 0 0 
696 856 0 0 0 0 0 0 0 0 0 0 0 0 0 0 
712 856 0 0 0 0 0 0 0 0 0 0 0 0 0 0 
728 856 0 0 0 0 0 0 0 0 0 0 0 0 0 0 
744 856 0 0 0 0 0 0 0 0 0 0 0 0 0 0 
760 856 0 0 0 0 0 0 0 0 0 0 0 0 0 0 
776 856 0 0 0 0 0 0 0 0 0 0 0 0 0 0 
792 856 0 0 0 0 0 0 0 0 0 0 0 0 0 0 
808 856 0 0 0 0 0 0 0 0 0 0 0 0 0 0 
824 856 0 0 0 0 0 0 0 0 0 0 0 0 0 0 
840 856 0 0 0 0 0 0 0 0 0 0 0 0 0 0 
856 856 0 0 0 0 0 0 0 0 0 0 0 0 0 0 
872 856 0 0 0 0 0 0 0 0 0 0 0 0 0 0 
888 856 0 0 0 0 0 0 0 0 0 0 0 0 0 0 
904 856 0 0 0 0 0 0 0 0 0 0 0 0 0 0 
920 856 0 0 0 0 0 0 0 0 0 0 0 0 0 0 
936 856 0 0 0 0 0 0 0 0 0 0 0 0 0 0 
952 856 0 0 0 0 0 0 0 0 0 0 0 0 0 0 
968 856 0 0 0 0 0 0 0 0 0 0 0 0 0 0 
984 856 0 0 0 0 0 0 0 0 0 0 0 0 0 0 
1000 856 0 0 0 0 0 0 0 0 0 0 0 0 0 0 
1016 856 0 0 0 0 0 0 0 0 0 0 0 0 0 0 
1032 856 0 0 0 0 0 0 0 0 0 0 0 0 0 0 
1048 856 0 0 0 0 0 0 0 0 0 0 0 0 0 0 
1064 856 0 0 0 0 0 0 0 0 0 0 0 0 0 0 
1080 856 0 0 0 0 0 0 0 0 0 0 0 0 0 0 
1096 856 0 0 0 0 0 0 0 0 0 0 0 0 0 0 
1112 856 0 0 0 0 0 0 0 0 0 0 -0.000282977689 -0.005537151486 0.005544377598 0 
1128 856 0 0 0 0 0 0 0 0 0 0 -0.000848933068 -0.016611454457 0.016633132793 0 
1144 856 0 0 0 0 0 0 0 0 0 0 0.007823799876 -0.022326749853 0.023657886709 0 
1160 856 0 0 0 0 0 0 0 0 0 0 0.02573522114 -0.022683037676 0.034304836472 0 
1176 856 0 0 0 0 0 0 0 0 0 0 0.043548811127 -0.019249055503 0.047613286889 0 
1192 856 0 0 0 0 0 0 0 0 0 0 0.061264569836 -0.012024803333 0.062433511933 0 
1208 856 0 0 0 0 0 0 0 0 0 0 0.081188000252 0.006414801283 0.081441028115 0 
1224 856 0 0 0 0 0 0 0 0 0 0 0.103319102376 0.036069758344 0.109434292536 0 
1240 856 0 0 0 0 0 0 0 0 0 0 0.092561438991 0.052660442005 0.106492920611 0 
1256 856 0 0 0 0 0 0 0 0 0 0 0.048915010097 0.056186852266 0.074495909823 0 
1272 856 0 0 0 0 0 0 0 0 0 0 -0.031652865056 0.045952045182 0.055798694632 0 
1288 856 0 0 0 0 0 0 0 0 0 0 -0.149142186467 0.021956020752 0.150749655494 0 
1304 856 0 0 0 0 0 0 0 0 0 0 -0.193025041491 0.004035351009 0.193067218088 0 
1320 856 0 0 0 0 0 0 0 0 0 0 -0.163301430126 -0.007809964047 0.163488080971 0 
1336 856 0 0 0 0 0 0 0 0 0 0 -0.123864431116 -0.02793845114 0.126976195989 0 
1352 856 0 0 0 0 0 0 0 0 0 0 -0.07471404446 -0.056350110271 0.093581640118 0 
1368 856 0 0 0 0 0 0 0 0 0 0 -0.014631510996 -0.077414105382 0.078784673803 0 
1384 856 0 0 0 0 0 0 0 0 0 0 0.056383169278 -0.091130436474 0.107162578496 0 
1400 856 0 0 0 0 0 0 0 0 0 0 0.067485633322 -0.088414126654 0.111226653716 0 
1416 856 0 0 0 0 0 0 0 0 0 0 0.018675881136 -0.069265175922 0.071738784013 0 
1432 856 0 0 0 0 0 0 0 0 0 0 0.041700161716 -0.050320744354 0.065353506405 0 
1448 856 0 0 0 0 0 0 0 0 0 0 0.136558475061 -0.03158083195 0.140162641448 0 
1464 856 0 0 0 0 0 0 0 0 0 0 0.158244439876 -0.008163856694 0.158454887296 0 
1480 856 0 0 0 0 0 0 0 0 0 0 0.106758056161 0.019930181413 0.108602461696 0 
1496 856 0.000969023237 0.000501829246 0.001091255527 6.17521588542 90969 0.000969023237 0.000501829246 0.001091255527 6.17521588542 90969 0.065020389835 0.043123511229 0.078021076095 0 
1512 856 0.002257463683 0.004488524703 0.005024240867 1.572994747401 299294 0.002257463683 0.004488524703 0.005024240867 1.572994747401 299294 0.033031440897 0.061416132754 0.069735338604 0 
1528 856 -0.014540737502 0.004965307198 0.015365133344 90.362687081204 555035 -0.014540737502 0.004965307198 0.015365133344 90.362687081204 555035 0.022398012903 0.064258844576 0.068050496605 0 
1544 856 0.009219235004 0.013369308549 0.016239849296 1.920615025075 787195.9375 0.009219235004 0.013369308549 0.016239849296 1.920615025075 787195.9375 0.033120105851 0.051651646694 0.061358243275 0 
1560 856 0.007702797172 0.018227833621 0.01978855737 13.071625421897 1124168 0.007702797172 0.018227833621 0.01978855737 13.071625421897 1124168 0.031324949152 0.043147100317 0.053319083874 0 
1576 856 0.039807615584 0.014850958309 0.042487612562 45.835364143278 1527893.875 0.039807615584 0.014850958309 0.042487612562 45.835364143278 1527893.875 0.017012542806 0.038745205446 0.042315689263 0 
1592 856 0.008320801195 0.009013900026 0.01226727868 35.587573721979 1865196.875 0.008320801195 0.009013900026 0.01226727868 35.587573721979 1865196.875 0.004542788573 0.036353885711 0.036636620127 0 
1608 856 -0.002130521339 -0.00145095145 0.002577669739 114.656219461507 2901850 -0.002130521339 -0.00145095145 0.002577669739 114.656219461507 2901850 -0.006084313546 0.035973141112 0.036484047922 0 
1624 856 0.01215693635 -0.016009708874 0.020102285433 154.432669604469 5099387.5 0.01215693635 -0.016009708874 0.020102285433 154.432669604469 5099387.5 -0.006527924233 0.031678580934 0.032344184713 0 
1640 856 0.039690428808 -0.031910206908 0.050927315302 121.005831078569 7131704 15 -6 16.155494421404 104.008746166963 6591607 0.003211956511 0.023470205177 0.023688967805 0 
1656 856 -12.375561971255 -0.051038099672 12.375667214013 179.159807006452 7896366.5 0.022225702949 0.027508729465 0.035365407792 49.987005196992 7894531.5 0.633811278166 0.011909583507 0.633923161361 0 
1672 856 1.203021249061 -0.024691506999 1.203274613798 1.084533190762 7341492 -15 0 15 179.908726414266 7307304 1.885270040733 -0.003003284076 1.885272432886 0 
1688 856 2.112298247148 0.253070517768 2.127404186295 7.406073468832 6246976.5 0 -16 16 89.425862808718 6133224.5 2.687424221557 -0.026930462473 2.687559152172 0 
1704 856 3.215346581204 3.860235058644 5.023929572083 51.335887592616 7016256 3 -16 16.2788205961 78.25216779091 6911277.5 3.04027382064 -0.059871951684 3.040863291085 0 
1720 856 5.645062996026 6.032402814341 8.261756468426 147.618683798164 7823919.5 8 -18 19.697715603592 34.681376757337 7763001.5 -0.387261075289 -2.045824429678 2.082154830338 0 
1736 856 -3.121526083715 6.688346096465 7.380914482462 103.218123470733 7013922 -3 -21 21.213203435596 43.63278510487 6983629 -7.59518046623 -5.984787896456 9.669770032434 0 
1752 856 -14.673258196783 -4.863543432445 15.458284537061 16.933364248691 7440042.5 -1 -21 21.023796041629 52.002223398832 7297839.5 -8.438957848289 -5.968807751116 10.336473070394 0 
1768 856 2.606612009785 -0.960921487562 2.77809220056 125.370638469371 7241036.5 -18 14 22.803508501983 72.268053301846 7090388.5 -2.918593221468 -1.997883993658 3.536909221978 0 
1784 856 0.286390230069 0.031876580217 0.288158776103 175.811845108811 5059655 -13.242692421316 1.303608660306 13.306701248048 7.785068087312 4902154.5 -0.129116494112 -0.004876639906 0.129208554935 0 
1800 856 -0.022228049111 0.103269763471 0.105634891085 69.612157617832 3655494.75 15 2 15.132745950422 164.164677837264 3477531.75 -0.070527666221 0.010214310142 0.071263481772 0 
1816 856 0.016657891131 0.105913344753 0.107215306434 81.580960464905 2913920 0 -16 16 107.357213496016 2400330 -0.026485907146 0.008278464069 0.027749526927 0 
1832 856 0.00366120945 0.10374937817 0.103813958239 162.251120498743 2374275 4 -16 16.492422502471 1.69156524718 1771087 0.003008783112 -0.010684178124 0.011099749457 0 
1848 856 0.005126911322 0.088948080761 0.089095714211 156.128765629981 2011110 -16 -16 22.62741699797 65.572391759524 1334864 0.012788064605 -0.034071935152 0.036392737756 0 
1864 856 0.027786190081 0.011470301341 0.030060608312 109.792533834806 1934856 0.027786190081 0.011470301341 0.030060608312 109.792533834806 1934856 0.002851937333 -0.061884807014 0.061950487373 0 
1880 856 0.014623720218 -0.058765913332 0.060558118884 8.919307929794 1853239.75 9 15 17.492855684536 143.981501743173 822909.9375 0.006885574183 -0.077845776338 0.078149702657 0 
1896 856 -0.00831812155 -0.071335046966 0.071818382548 23.544098188806 1932695.875 -0.00831812155 -0.071335046966 0.071818382548 23.544098188806 1932695.875 0.024888975156 -0.081954843122 0.085650787477 0 
1912 856 0.039665560084 -0.063005140017 0.07445135543 13.847830976884 2173219 0.039665560084 -0.063005140017 0.07445135543 13.847830976884 2173219 0.026407390548 -0.079638356617 0.083902432147 0 
1928 856 -0.006905373914 -0.08573301736 0.086010664772 13.771971180403 2109617.75 -0.006905373914 -0.08573301736 0.086010664772 13.771971180403 2109617.75 0.01144082036 -0.070896316824 0.071813509242 0 
1944 856 -0.052565477145 -0.102332369747 0.115043658172 25.695469047381 1728103 -0.052565477145 -0.102332369747 0.115043658172 25.695469047381 1728103 -0.00158161817 -0.06068622113 0.060706827879 0 
1960 856 -0.001433060449 -0.073038495509 0.073052552922 13.360158931021 1316656 -0.001433060449 -0.073038495509 0.073052552922 13.360158931021 1316656 -0.012659925041 -0.049008069535 0.050616840889 0 
1976 856 -0.078418908232 -0.048154335432 0.092023720796 7.976033938447 947914.9375 -0.078418908232 -0.048154335432 0.092023720796 7.976033938447 947914.9375 -0.041154598877 -0.033959844838 0.053357024562 0 
1992 856 -0.05481617815 -0.028564947347 0.061812374197 17.403298466358 507453.96875 -0.05481617815 -0.028564947347 0.061812374197 17.403298466358 507453.96875 -0.087065639677 -0.01554154704 0.088441875244 0 
2008 856 0.031121414781 -0.012975249734 0.033717941272 150.753547643865 146330 0.031121414781 -0.012975249734 0.033717941272 150.753547643865 146330 -0.06822809617 -0.0079112142 0.068685227066 0 
2024 856 0 0 0 0 0 0 0 0 0 0 0.015358031642 -0.011068846319 0.018931151438 0 
2040 856 0 0 0 0 0 0 0 0 0 0 0.055292725388 -0.010458812015 0.056273192815 0 
2056 856 0 0 0 0 0 0 0 0 0 0 0.051575985067 -0.006081111287 0.05193324706 0 
2072 856 0 0 0 0 0 0 0 0 0 0 0.033123619799 0.001470132611 0.033156228352 0 
2088 856 0 0 0 0 0 0 0 0 0 0 -0.000064370416 0.012194919678 0.012195089566 0 
2104 856 0 0 0 0 0 0 0 0 0 0 -0.015368850051 0.017010944035 0.022925395719 0 
2120 856 0 0 0 0 0 0 0 0 0 0 -0.012789819105 0.015918205682 0.020419812557 0 
2136 856 0 0 0 0 0 0 0 0 0 0 -0.008165549007 0.012414947959 0.014859580189 0 
2152 856 0 0 0 0 0 0 0 0 0 0 -0.001496039759 0.006501170865 0.006671083688 0 
2168 856 0 0 0 0 0 0 0 0 0 0 0.001379036149 0.002658211738 0.002994633591 0 
2184 856 0 0 0 0 0 0 0 0 0 0 0.000459678716 0.000886070579 0.000998211197 0 
2200 856 0 0 0 0 0 0 0 0 0 0 0 0 0 0 
2216 856 0 0 0 0 0 0 0 0 0 0 0 0 0 0 
2232 856 0 0 0 0 0 0 0 0 0 0 0 0 0 0 
2248 856 0 0 0 0 0 0 0 0 0 0 0 0 0 0 
2264 856 0 0 0 0 0 0 0 0 0 0 0 0 0 0 
2280 856 0 0 0 0 0 0 0 0 0 0 0 0 0 0 
2296 856 0 0 0 0 0 0 0 0 0 0 0 0 0 0 
2312 856 0 0 0 0 0 0 0 0 0 0 0 0 0 0 
2328 856 0 0 0 0 0 0 0 0 0 0 0 0 0 0 
2344 856 0 0 0 0 0 0 0 0 0 0 0 0 0 0 
2360 856 0 0 0 0 0 0 0 0 0 0 0 0 0 0 
2376 856 0 0 0 0 0 0 0 0 0 0 0 0 0 0 
2392 856 0 0 0 0 0 0 0 0 0 0 0 0 0 0 
2408 856 0 0 0 0 0 0 0 0 0 0 0 0 0 0 
2424 856 0 0 0 0 0 0 0 0 0 0 0 0 0 0 
2440 856 0 0 0 0 0 0 0 0 0 0 0 0 0 0 
2456 856 0 0 0 0 0 0 0 0 0 0 0 0 0 0 
2472 856 0 0 0 0 0 0 0 0 0 0 0 0 0 0 
2488 856 0 0 0 0 0 0 0 0 0 0 0 0 0 0 
2504 856 0 0 0 0 0 0 0 0 0 0 0 0 0 0 
2520 856 0 0 0 0 0 0 0 0 0 0 0 0 0 0 
2536 856 0 0 0 0 0 0 0 0 0 0 0 0 0 0 
24 872 0 0 0 0 0 0 0 0 0 0 0 0 0 0 
40 872 0 0 0 0 0 0 0 0 0 0 0 0 0 0 
56 872 0 0 0 0 0 0 0 0 0 0 0 0 0 0 
72 872 0 0 0 0 0 0 0 0 0 0 0 0 0 0 
88 872 0 0 0 0 0 0 0 0 0 0 0 0 0 0 
104 872 0 0 0 0 0 0 0 0 0 0 0 0 0 0 
120 872 0 0 0 0 0 0 0 0 0 0 0 0 0 0 
136 872 0 0 0 0 0 0 0 0 0 0 0 0 0 0 
152 872 0 0 0 0 0 0 0 0 0 0 0 0 0 0 
168 872 0 0 0 0 0 0 0 0 0 0 0 0 0 0 
184 872 0 0 0 0 0 0 0 0 0 0 0 0 0 0 
200 872 0 0 0 0 0 0 0 0 0 0 0 0 0 0 
216 872 0 0 0 0 0 0 0 0 0 0 0 0 0 0 
232 872 0 0 0 0 0 0 0 0 0 0 0 0 0 0 
248 872 0 0 0 0 0 0 0 0 0 0 0 0 0 0 
264 872 0 0 0 0 0 0 0 0 0 0 0 0 0 0 
280 872 0 0 0 0 0 0 0 0 0 0 0 0 0 0 
296 872 0 0 0 0 0 0 0 0 0 0 0 0 0 0 
312 872 0 0 0 0 0 0 0 0 0 0 0 0 0 0 
328 872 0 0 0 0 0 0 0 0 0 0 0 0 0 0 
344 872 0 0 0 0 0 0 0 0 0 0 0 0 0 0 
360 872 0 0 0 0 0 0 0 0 0 0 0 0 0 0 
376 872 0 0 0 0 0 0 0 0 0 0 0 0 0 0 
392 872 0 0 0 0 0 0 0 0 0 0 0 0 0 0 
408 872 0 0 0 0 0 0 0 0 0 0 0 0 0 0 
424 872 0 0 0 0 0 0 0 0 0 0 0 0 0 0 
440 872 0 0 0 0 0 0 0 0 0 0 0 0 0 0 
456 872 0 0 0 0 0 0 0 0 0 0 0 0 0 0 
472 872 0 0 0 0 0 0 0 0 0 0 0 0 0 0 
488 872 0 0 0 0 0 0 0 0 0 0 0 0 0 0 
504 872 0 0 0 0 0 0 0 0 0 0 0 0 0 0 
520 872 0 0 0 0 0 0 0 0 0 0 0 0 0 0 
536 872 0 0 0 0 0 0 0 0 0 0 0 0 0 0 
552 872 0 0 0 0 0 0 0 0 0 0 0 0 0 0 
568 872 0 0 0 0 0 0 0 0 0 0 0 0 0 0 
584 872 0 0 0 0 0 0 0 0 0 0 0 0 0 0 
600 872 0 0 0 0 0 0 0 0 0 0 0 0 0 0 
616 872 0 0 0 0 0 0 0 0 0 0 0 0 0 0 
632 872 0 0 0 0 0 0 0 0 0 0 0 0 0 0 
648 872 0 0 0 0 0 0 0 0 0 0 0 0 0 0 
664 872 0 0 0 0 0 0 0 0 0 0 0 0 0 0 
680 872 0 0 0 0 0 0 0 0 0 0 0 0 0 0 
696 872 0 0 0 0 0 0 0 0 0 0 0 0 0 0 
712 872 0 0 0 0 0 0 0 0 0 0 0 0 0 0 
728 872 0 0 0 0 0 0 0 0 0 0 0 0 0 0 
744 872 0 0 0 0 0 0 0 0 0 0 0 0 0 0 
760 872 0 0 0 0 0 0 0 0 0 0 0 0 0 0 
776 872 0 0 0 0 0 0 0 0 0 0 0 0 0 0 
792 872 0 0 0 0 0 0 0 0 0 0 0 0 0 0 
808 872 0 0 0 0 0 0 0 0 0 0 0 0 0 0 
824 872 0 0 0 0 0 0 0 0 0 0 0 0 0 0 
840 872 0 0 0 0 0 0 0 0 0 0 0 0 0 0 
856 872 0 0 0 0 0 0 0 0 0 0 0 0 0 0 
872 872 0 0 0 0 0 0 0 0 0 0 0 0 0 0 
888 872 0 0 0 0 0 0 0 0 0 0 0 0 0 0 
904 872 0 0 0 0 0 0 0 0 0 0 0 0 0 0 
920 872 0 0 0 0 0 0 0 0 0 0 0 0 0 0 
936 872 0 0 0 0 0 0 0 0 0 0 0 0 0 0 
952 872 0 0 0 0 0 0 0 0 0 0 0 0 0 0 
968 872 0 0 0 0 0 0 0 0 0 0 0 0 0 0 
984 872 0 0 0 0 0 0 0 0 0 0 0 0 0 0 
1000 872 0 0 0 0 0 0 0 0 0 0 0 0 0 0 
1016 872 0 0 0 0 0 0 0 0 0 0 0 0 0 0 
1032 872 0 0 0 0 0 0 0 0 0 0 0 0 0 0 
1048 872 0 0 0 0 0 0 0 0 0 0 0 0 0 0 
1064 872 0 0 0 0 0 0 0 0 0 0 0 0 0 0 
1080 872 0 0 0 0 0 0 0 0 0 0 0 0 0 0 
1096 872 0 0 0 0 0 0 0 0 0 0 0 0 0 0 
1112 872 0 0 0 0 0 0 0 0 0 0 -0.000094325896 -0.001845717162 0.001848125866 0 
1128 872 0 0 0 0 0 0 0 0 0 0 -0.000282977689 -0.005537151486 0.005544377598 0 
1144 872 0 0 0 0 0 0 0 0 0 0 0.002607933292 -0.007442249951 0.007885962236 0 
1160 872 0 0 0 0 0 0 0 0 0 0 0.008578407047 -0.007561012559 0.011434945491 0 
1176 872 0 0 0 0 0 0 0 0 0 0 0.014516270376 -0.006416351834 0.01587109563 0 
1192 872 0 0 0 0 0 0 0 0 0 0 0.020421523279 -0.004008267778 0.020811170644 0 
1208 872 0 0 0 0 0 0 0 0 0 0 0.027062666751 0.002138267094 0.027147009372 0 
1224 872 0 0 0 0 0 0 0 0 0 0 0.034439700792 0.012023252781 0.036478097512 0 
1240 872 0 0 0 0 0 0 0 0 0 0 0.030853812997 0.017553480668 0.035497640204 0 
1256 872 0 0 0 0 0 0 0 0 0 0 0.016305003366 0.018728950755 0.024831969941 0 
1272 872 0 0 0 0 0 0 0 0 0 0 -0.010550955019 0.015317348394 0.018599564877 0 
1288 872 0 0 0 0 0 0 0 0 0 0 -0.049714062156 0.007318673584 0.050249885165 0 
1304 872 0 0 0 0 0 0 0 0 0 0 -0.064341680497 0.001345117003 0.064355739363 0 
1320 872 0 0 0 0 0 0 0 0 0 0 -0.054433810042 -0.002603321349 0.05449602699 0 
1336 872 0 0 0 0 0 0 0 0 0 0 -0.041288143705 -0.009312817047 0.042325398663 0 
1352 872 0 0 0 0 0 0 0 0 0 0 -0.024904681487 -0.01878337009 0.031193880039 0 
1368 872 0 0 0 0 0 0 0 0 0 0 -0.004877170332 -0.025804701794 0.026261557934 0 
1384 872 0 0 0 0 0 0 0 0 0 0 0.018794389759 -0.030376812158 0.035720859499 0 
1400 872 0 0 0 0 0 0 0 0 0 0 0.022495211107 -0.029471375551 0.037075551239 0 
1416 872 0 0 0 0 0 0 0 0 0 0 0.006225293712 -0.023088391974 0.023912928004 0 
1432 872 0 0 0 0 0 0 0 0 0 0 0.013900053905 -0.016773581451 0.021784502135 0 
1448 872 0 0 0 0 0 0 0 0 0 0 0.045519491687 -0.010526943983 0.046720880483 0 
1464 872 0 0 0 0 0 0 0 0 0 0 0.052748146625 -0.002721285565 0.052818295765 0 
1480 872 0 0 0 0 0 0 0 0 0 0 0.03558601872 0.006643393804 0.036200820565 0 
1496 872 0 0 0 0 0 0 0 0 0 0 0.021673463278 0.014374503743 0.026007025365 0 
1512 872 0 0 0 0 0 0 0 0 0 0 0.011010480299 0.020472044251 0.023245112868 0 
1528 872 0 0 0 0 0 0 0 0 0 0 0.007466004301 0.021419614859 0.022683498868 0 
1544 872 0 0 0 0 0 0 0 0 0 0 0.011040035284 0.017217215565 0.020452747758 0 
1560 872 0 0 0 0 0 0 0 0 0 0 0.009963786374 0.013965140862 0.017155238215 0 
1576 872 0 0 0 0 0 0 0 0 0 0 0.004237257571 0.011663390752 0.012409231868 0 
1592 872 0 0 0 0 0 0 0 0 0 0 -0.001746624135 0.010061267229 0.010211747848 0 
1608 872 -0.005143016376 0.000159019919 0.005145474203 47.13556043271 130832.984375 -0.005143016376 0.000159019919 0.005145474203 47.13556043271 130832.984375 -0.007987858742 0.009158770292 0.012152734694 0 
1624 872 0.016199670668 0.003475207476 0.01656823457 115.611541320768 1277520.75 0.016199670668 0.003475207476 0.01656823457 115.611541320768 1277520.75 -0.00628796449 0.008130009555 0.01027791578 0 
1640 872 0.011730450551 0.006712233332 0.013515085883 34.546737333872 4450812 -16 13 20.615528128088 76.580958026067 2211529 0.003353058621 0.006974985017 0.007739083802 0 
1656 872 -0.005528348239 0.011772523759 0.013005958246 112.935259876911 7949169.5 -11 15 18.601075237738 124.034462947094 6800225.5 0.221365974079 0.00857899014 0.221532150154 0 
1672 872 0.010869463057 0.017039448104 0.020211086532 56.321584583723 8721188 -9.037754740397 -14.97517012157 17.491047164693 122.256267368859 8172503 0.647750781883 0.012942024924 0.647880059455 0 
1688 872 0.015283966553 0.034362835708 0.037608564337 65.578962436638 7564452.5 -0.805954756918 -14.865961576449 14.887792874118 93.545645954527 6610851.5 0.923415856359 0.007130246137 0.923443384396 0 
1704 872 0.549377629751 -0.004503346418 0.549396086808 0.014358594825 6734022 12.452417332988 -14.037396172629 18.764625995266 47.940114197793 5421019.5 1.048361197508 -0.008856346223 1.048398605163 0 
1720 872 0.022813098934 -0.002570055757 0.022957409905 91.363359972699 6457646 15 15 21.213203435596 142.791030726066 4563735.5 -0.093069184449 -0.680213529347 0.686551031316 0 
1736 872 -2.125837355539 -1.51993268901 2.61330821782 3.18285160552 4954838 -2 13 13.152946437966 120.000725750296 3389449.5 -2.500875289511 -2.006941303236 3.206585506161 0 
1752 872 -18 -2 18.110770276275 29.649986972743 3524647 13 -2 13.152946437966 135.263659018792 3522052 -2.755602293259 -2.001340662694 3.405687661364 0 
1768 872 0.114462819494 -0.001062595712 0.114467751599 141.732430538971 3644443 0.114462819494 -0.001062595712 0.114467751599 141.732430538971 3644443 -0.857250195693 -0.663411607724 1.08397087566 0 
1784 872 0.063327698939 0.001769512947 0.063352416125 16.590014466514 3229988.5 0.063327698939 0.001769512947 0.063352416125 16.590014466514 3229988.5 0.062397565254 0.020503891669 0.065680025298 0 
1800 872 -0.032704383056 0.024334931986 0.040764759117 57.139635731379 2367665.75 -0.032704383056 0.024334931986 0.040764759117 57.139635731379 2367665.75 0.003340989581 0.050405835484 0.050516437545 0 
1816 872 0.021490878929 0.024624885044 0.032683984466 55.613454856436 1818634 0.021490878929 0.024624885044 0.032683984466 55.613454856436 1818634 -0.016181112005 0.062561989061 0.064620668992 0 
1832 872 0.003939561506 0.048292360522 0.048452783508 0.816491338987 1398095 0.003939561506 0.048292360522 0.048452783508 0.816491338987 1398095 0.003831260496 0.056972352399 0.057101028842 0 
1848 872 0.005927840369 0.059744581197 0.060037940287 9.437624687457 1011137.875 0.005927840369 0.059744581197 0.060037940287 9.437624687457 1011137.875 0.009394354683 0.034807485012 0.036052945965 0 
1864 872 -0.007724678758 0.035565717224 0.036394929641 175.108928302785 796293.9375 -0.007724678758 0.035565717224 0.036394929641 175.108928302785 796293.9375 0.000508170556 -0.0039326131 0.003965309963 0 
1880 872 0.02979729969 0.002634182688 0.029913508441 84.829953625342 609045 0.02979729969 0.002634182688 0.029913508441 84.829953625342 609045 0.005639881424 -0.031276061826 0.031780501975 0 
1896 872 0.023392317421 -0.008290377647 0.024817954707 42.788287180373 352884 0.023392317421 -0.008290377647 0.024817954707 42.788287180373 352884 0.024789487286 -0.047222861166 0.053334016318 0 
1912 872 -0.00727650985 -0.006128633086 0.009513555544 77.423411345598 109593.9921875 -0.00727650985 -0.006128633086 0.009513555544 77.423411345598 109593.9921875 0.02661051445 -0.051054915659 0.057573638866 0 
1928 872 0 0 0 0 0 0 0 0 0 0 0.011102962916 -0.042772225305 0.044189807004 0 
1944 872 0 0 0 0 0 0 0 0 0 0 -0.001040645703 -0.035457350539 0.035472618323 0 
1960 872 0 0 0 0 0 0 0 0 0 0 -0.009820311407 -0.029110291361 0.030722102455 0 
1976 872 0 0 0 0 0 0 0 0 0 0 -0.0198260382 -0.019980271174 0.028147522572 0 
1992 872 0 0 0 0 0 0 0 0 0 0 -0.031057826084 -0.008067289978 0.032088467222 0 
2008 872 0 0 0 0 0 0 0 0 0 0 -0.022742698723 -0.0026370714 0.022895075689 0 
2024 872 0 0 0 0 0 0 0 0 0 0 0.005119343881 -0.00368961544 0.006310383813 0 
2040 872 0 0 0 0 0 0 0 0 0 0 0.018430908463 -0.003486270672 0.018757730938 0 
2056 872 0 0 0 0 0 0 0 0 0 0 0.017191995022 -0.002027037096 0.017311082353 0 
2072 872 0 0 0 0 0 0 0 0 0 0 0.0110412066 0.000490044204 0.011052076117 0 
2088 872 0 0 0 0 0 0 0 0 0 0 -0.000021456805 0.004064973226 0.004065029855 0 
2104 872 0 0 0 0 0 0 0 0 0 0 -0.005122950017 0.005670314678 0.007641798573 0 
2120 872 0 0 0 0 0 0 0 0 0 0 -0.004263273035 0.005306068561 0.006806604186 0 
2136 872 0 0 0 0 0 0 0 0 0 0 -0.002721849669 0.004138315986 0.004953193396 0 
2152 872 0 0 0 0 0 0 0 0 0 0 -0.00049867992 0.002167056955 0.002223694563 0 
2168 872 0 0 0 0 0 0 0 0 0 0 0.000459678716 0.000886070579 0.000998211197 0 
2184 872 0 0 0 0 0 0 0 0 0 0 0.000153226239 0.00029535686 0.000332737066 0 
2200 872 0 0 0 0 0 0 0 0 0 0 0 0 0 0 
2216 872 0 0 0 0 0 0 0 0 0 0 0 0 0 0 
2232 872 0 0 0 0 0 0 0 0 0 0 0 0 0 0 
2248 872 0 0 0 0 0 0 0 0 0 0 0 0 0 0 
2264 872 0 0 0 0 0 0 0 0 0 0 0 0 0 0 
2280 872 0 0 0 0 0 0 0 0 0 0 0 0 0 0 
2296 872 0 0 0 0 0 0 0 0 0 0 0 0 0 0 
2312 872 0 0 0 0 0 0 0 0 0 0 0 0 0 0 
2328 872 0 0 0 0 0 0 0 0 0 0 0 0 0 0 
2344 872 0 0 0 0 0 0 0 0 0 0 0 0 0 0 
2360 872 0 0 0 0 0 0 0 0 0 0 0 0 0 0 
2376 872 0 0 0 0 0 0 0 0 0 0 0 0 0 0 
2392 872 0 0 0 0 0 0 0 0 0 0 0 0 0 0 
2408 872 0 0 0 0 0 0 0 0 0 0 0 0 0 0 
2424 872 0 0 0 0 0 0 0 0 0 0 0 0 0 0 
2440 872 0 0 0 0 0 0 0 0 0 0 0 0 0 0 
2456 872 0 0 0 0 0 0 0 0 0 0 0 0 0 0 
2472 872 0 0 0 0 0 0 0 0 0 0 0 0 0 0 
2488 872 0 0 0 0 0 0 0 0 0 0 0 0 0 0 
2504 872 0 0 0 0 0 0 0 0 0 0 0 0 0 0 
2520 872 0 0 0 0 0 0 0 0 0 0 0 0 0 0 
2536 872 0 0 0 0 0 0 0 0 0 0 0 0 0 0 
24 888 0 0 0 0 0 0 0 0 0 0 0 0 0 0 
40 888 0 0 0 0 0 0 0 0 0 0 0 0 0 0 
56 888 0 0 0 0 0 0 0 0 0 0 0 0 0 0 
72 888 0 0 0 0 0 0 0 0 0 0 0 0 0 0 
88 888 0 0 0 0 0 0 0 0 0 0 0 0 0 0 
104 888 0 0 0 0 0 0 0 0 0 0 0 0 0 0 
120 888 0 0 0 0 0 0 0 0 0 0 0 0 0 0 
136 888 0 0 0 0 0 0 0 0 0 0 0 0 0 0 
152 888 0 0 0 0 0 0 0 0 0 0 0 0 0 0 
168 888 0 0 0 0 0 0 0 0 0 0 0 0 0 0 
184 888 0 0 0 0 0 0 0 0 0 0 0 0 0 0 
200 888 0 0 0 0 0 0 0 0 0 0 0 0 0 0 
216 888 0 0 0 0 0 0 0 0 0 0 0 0 0 0 
232 888 0 0 0 0 0 0 0 0 0 0 0 0 0 0 
248 888 0 0 0 0 0 0 0 0 0 0 0 0 0 0 
264 888 0 0 0 0 0 0 0 0 0 0 0 0 0 0 
280 888 0 0 0 0 0 0 0 0 0 0 0 0 0 0 
296 888 0 0 0 0 0 0 0 0 0 0 0 0 0 0 
312 888 0 0 0 0 0 0 0 0 0 0 0 0 0 0 
328 888 0 0 0 0 0 0 0 0 0 0 0 0 0 0 
344 888 0 0 0 0 0 0 0 0 0 0 0 0 0 0 
360 888 0 0 0 0 0 0 0 0 0 0 0 0 0 0 
376 888 0 0 0 0 0 0 0 0 0 0 0 0 0 0 
392 888 0 0 0 0 0 0 0 0 0 0 0 0 0 0 
408 888 0 0 0 0 0 0 0 0 0 0 0 0 0 0 
424 888 0 0 0 0 0 0 0 0 0 0 0 0 0 0 
440 888 0 0 0 0 0 0 0 0 0 0 0 0 0 0 
456 888 0 0 0 0 0 0 0 0 0 0 0 0 0 0 
472 888 0 0 0 0 0 0 0 0 0 0 0 0 0 0 
488 888 0 0 0 0 0 0 0 0 0 0 0 0 0 0 
504 888 0 0 0 0 0 0 0 0 0 0 0 0 0 0 
520 888 0 0 0 0 0 0 0 0 0 0 0 0 0 0 
536 888 0 0 0 0 0 0 0 0 0 0 0 0 0 0 
552 888 0 0 0 0 0 0 0 0 0 0 0 0 0 0 
568 888 0 0 0 0 0 0 0 0 0 0 0 0 0 0 
584 888 0 0 0 0 0 0 0 0 0 0 0 0 0 0 
600 888 0 0 0 0 0 0 0 0 0 0 0 0 0 0 
616 888 0 0 0 0 0 0 0 0 0 0 0 0 0 0 
632 888 0 0 0 0 0 0 0 0 0 0 0 0 0 0 
648 888 0 0 0 0 0 0 0 0 0 0 0 0 0 0 
664 888 0 0 0 0 0 0 0 0 0 0 0 0 0 0 
680 888 0 0 0 0 0 0 0 0 0 0 0 0 0 0 
696 888 0 0 0 0 0 0 0 0 0 0 0 0 0 0 
712 888 0 0 0 0 0 0 0 0 0 0 0 0 0 0 
728 888 0 0 0 0 0 0 0 0 0 0 0 0 0 0 
744 888 0 0 0 0 0 0 0 0 0 0 0 0 0 0 
760 888 0 0 0 0 0 0 0 0 0 0 0 0 0 0 
776 888 0 0 0 0 0 0 0 0 0 0 0 0 0 0 
792 888 0 0 0 0 0 0 0 0 0 0 0 0 0 0 
808 888 0 0 0 0 0 0 0 0 0 0 0 0 0 0 
824 888 0 0 0 0 0 0 0 0 0 0 0 0 0 0 
840 888 0 0 0 0 0 0 0 0 0 0 0 0 0 0 
856 888 0 0 0 0 0 0 0 0 0 0 0 0 0 0 
872 888 0 0 0 0 0 0 0 0 0 0 0 0 0 0 
888 888 0 0 0 0 0 0 0 0 0 0 0 0 0 0 
904 888 0 0 0 0 0 0 0 0 0 0 0 0 0 0 
920 888 0 0 0 0 0 0 0 0 0 0 0 0 0 0 
936 888 0 0 0 0 0 0 0 0 0 0 0 0 0 0 
952 888 0 0 0 0 0 0 0 0 0 0 0 0 0 0 
968 888 0 0 0 0 0 0 0 0 0 0 0 0 0 0 
984 888 0 0 0 0 0 0 0 0 0 0 0 0 0 0 
1000 888 0 0 0 0 0 0 0 0 0 0 0 0 0 0 
1016 888 0 0 0 0 0 0 0 0 0 0 0 0 0 0 
1032 888 0 0 0 0 0 0 0 0 0 0 0 0 0 0 
1048 888 0 0 0 0 0 0 0 0 0 0 0 0 0 0 
1064 888 0 0 0 0 0 0 0 0 0 0 0 0 0 0 
1080 888 0 0 0 0 0 0 0 0 0 0 0 0 0 0 
1096 888 0 0 0 0 0 0 0 0 0 0 0 0 0 0 
1112 888 0 0 0 0 0 0 0 0 0 0 0 0 0 0 
1128 888 0 0 0 0 0 0 0 0 0 0 0 0 0 0 
1144 888 0 0 0 0 0 0 0 0 0 0 0 0 0 0 
1160 888 0 0 0 0 0 0 0 0 0 0 0 0 0 0 
1176 888 0 0 0 0 0 0 0 0 0 0 0 0 0 0 
1192 888 0 0 0 0 0 0 0 0 0 0 0 0 0 0 
1208 888 0 0 0 0 0 0 0 0 0 0 0 0 0 0 
1224 888 0 0 0 0 0 0 0 0 0 0 0 0 0 0 
1240 888 0 0 0 0 0 0 0 0 0 0 0 0 0 0 
1256 888 0 0 0 0 0 0 0 0 0 0 0 0 0 0 
1272 888 0 0 0 0 0 0 0 0 0 0 0 0 0 0 
1288 888 0 0 0 0 0 0 0 0 0 0 0 0 0 0 
1304 888 0 0 0 0 0 0 0 0 0 0 0 0 0 0 
1320 888 0 0 0 0 0 0 0 0 0 0 0 0 0 0 
1336 888 0 0 0 0 0 0 0 0 0 0 0 0 0 0 
1352 888 0 0 0 0 0 0 0 0 0 0 0 0 0 0 
1368 888 0 0 0 0 0 0 0 0 0 0 0 0 0 0 
1384 888 0 0 0 0 0 0 0 0 0 0 0 0 0 0 
1400 888 0 0 0 0 0 0 0 0 0 0 0 0 0 0 
1416 888 0 0 0 0 0 0 0 0 0 0 0 0 0 0 
1432 888 0 0 0 0 0 0 0 0 0 0 0 0 0 0 
1448 888 0 0 0 0 0 0 0 0 0 0 0 0 0 0 
1464 888 0 0 0 0 0 0 0 0 0 0 0 0 0 0 
1480 888 0 0 0 0 0 0 0 0 0 0 0 0 0 0 
1496 888 0 0 0 0 0 0 0 0 0 0 0 0 0 0 
1512 888 0 0 0 0 0 0 0 0 0 0 0 0 0 0 
1528 888 0 0 0 0 0 0 0 0 0 0 0 0 0 0 
1544 888 0 0 0 0 0 0 0 0 0 0 0 0 0 0 
1560 888 0 0 0 0 0 0 0 0 0 0 -0.000537596262 -0.000469379149 0.000713671161 0 
1576 888 0 0 0 0 0 0 0 0 0 0 -0.001612788785 -0.001408137446 0.002141013483 0 
1592 888 0 0 0 0 0 0 0 0 0 0 -0.003668497866 -0.002313781509 0.004337218172 0 
1608 888 0 0 0 0 0 0 0 0 0 0 -0.006704723505 -0.003186311338 0.007423334643 0 
1624 888 0.00448709524 0.00448709524 0.006345710944 166.867833465862 10594 0.00448709524 0.00448709524 0.006345710944 166.867833465862 10594 -0.004048037726 -0.002516529557 0.004766500859 0 
1640 888 -0.004198466081 0.001082920744 0.004335877624 169.585068570587 1308876.875 -0.004198466081 0.001082920744 0.004335877624 169.585068570587 1308876.875 0.00430155947 -0.000304436165 0.004312319011 0 
1656 888 -0.006975256537 0.004018308966 0.008049907496 126.665579864364 3867213 -0.006975256537 0.004018308966 0.008049907496 126.665579864364 3867213 0.013714437214 0.0059316458 0.014942229084 0 
1672 888 0.007545766484 0.012652675322 0.014731896844 25.393164851434 4726006 0.007545766484 0.012652675322 0.014731896844 25.393164851434 4726006 0.024190595505 0.01619171634 0.029109390047 0 
1688 888 0.013150619734 0.017927490481 0.022233616763 24.51140681249 3873496 0.013150619734 0.017927490481 0.022233616763 24.51140681249 3873496 0.032824239232 0.018365056113 0.037612577247 0 
1704 888 -0.008712609429 0.011937380455 0.014778721704 108.675525159977 3026269 -0.008712609429 0.011937380455 0.014778721704 108.675525159977 3026269 0.039615368396 0.012451665122 0.041526152933 0 
1720 888 -0.012867617516 -0.001064500639 0.012911573961 176.863488524684 2334728 -0.012867617516 -0.001064500639 0.012911573961 176.863488524684 2334728 0.039496156323 0.00109814541 0.039511419712 0 
1736 888 -0.033808062873 0.01505763552 0.037009694712 178.206754821077 1545155.875 -0.033808062873 0.01505763552 0.037009694712 178.206754821077 1545155.875 0.032466603015 -0.015695503023 0.036061463177 0 
1752 888 0.077955721283 0.038488942244 0.086939594867 40.086660377157 761536.9375 0.077955721283 0.038488942244 0.086939594867 40.086660377157 761536.9375 0.062419038583 -0.015342913472 0.064277067228 0 
1768 888 0.078592884728 0.010766223857 0.079326875055 6.845390298149 368513 0.078592884728 0.010766223857 0.079326875055 6.845390298149 368513 0.129353463026 0.002155914063 0.129371427921 0 
1784 888 -0.000478214037 -0.000980046533 0.001090495242 127.863504481069 127253 -0.000478214037 -0.000980046533 0.001090495242 127.863504481069 127253 0.118615946202 0.024895618092 0.121200389825 0 
1800 888 0 0 0 0 0 0 0 0 0 0 0.030206488111 0.052876198616 0.060896012219 0 
1816 888 0 0 0 0 0 0 0 0 0 0 -0.008271535826 0.067277813667 0.067784382543 0 
1832 888 0 0 0 0 0 0 0 0 0 0 0.003181874391 0.068100463245 0.068174756463 0 
1848 888 0 0 0 0 0 0 0 0 0 0 0.005773124792 0.05193539632 0.052255280698 0 
1864 888 0 0 0 0 0 0 0 0 0 0 -0.000497784624 0.018782612893 0.018789207983 0 
1880 888 0 0 0 0 0 0 0 0 0 0 0.003762776283 -0.005993403427 0.007076677893 0 
1896 888 0 0 0 0 0 0 0 0 0 0 0.018554807513 -0.022392652641 0.029081124018 0 
1912 888 0 0 0 0 0 0 0 0 0 0 0.0200340573 -0.027572396385 0.034082260699 0 
1928 888 0 0 0 0 0 0 0 0 0 0 0.008200525645 -0.021532634659 0.02304133191 0 
1944 888 0 0 0 0 0 0 0 0 0 0 -0.000577619602 -0.017132186432 0.017141921023 0 
1960 888 0 0 0 0 0 0 0 0 0 0 -0.006300378442 -0.014371051706 0.015691459322 0 
1976 888 0 0 0 0 0 0 0 0 0 0 -0.006871318397 -0.009742863257 0.011922181048 0 
1992 888 0 0 0 0 0 0 0 0 0 0 -0.002290439466 -0.003247621086 0.003974060349 0 
2008 888 0 0 0 0 0 0 0 0 0 0 0 0 0 0 
2024 888 0 0 0 0 0 0 0 0 0 0 0 0 0 0 
2040 888 0 0 0 0 0 0 0 0 0 0 0 0 0 0 
2056 888 0 0 0 0 0 0 0 0 0 0 0 0 0 0 
2072 888 0 0 0 0 0 0 0 0 0 0 0 0 0 0 
2088 888 0 0 0 0 0 0 0 0 0 0 0 0 0 0 
2104 888 0 0 0 0 0 0 0 0 0 0 0 0 0 0 
2120 888 0 0 0 0 0 0 0 0 0 0 0 0 0 0 
2136 888 0 0 0 0 0 0 0 0 0 0 0 0 0 0 
2152 888 0 0 0 0 0 0 0 0 0 0 0 0 0 0 
2168 888 0 0 0 0 0 0 0 0 0 0 0 0 0 0 
2184 888 0 0 0 0 0 0 0 0 0 0 0 0 0 0 
2200 888 0 0 0 0 0 0 0 0 0 0 0 0 0 0 
2216 888 0 0 0 0 0 0 0 0 0 0 0 0 0 0 
2232 888 0 0 0 0 0 0 0 0 0 0 0 0 0 0 
2248 888 0 0 0 0 0 0 0 0 0 0 0 0 0 0 
2264 888 0 0 0 0 0 0 0 0 0 0 0 0 0 0 
2280 888 0 0 0 0 0 0 0 0 0 0 0 0 0 0 
2296 888 0 0 0 0 0 0 0 0 0 0 0 0 0 0 
2312 888 0 0 0 0 0 0 0 0 0 0 0 0 0 0 
2328 888 0 0 0 0 0 0 0 0 0 0 0 0 0 0 
2344 888 0 0 0 0 0 0 0 0 0 0 0 0 0 0 
2360 888 0 0 0 0 0 0 0 0 0 0 0 0 0 0 
2376 888 0 0 0 0 0 0 0 0 0 0 0 0 0 0 
2392 888 0 0 0 0 0 0 0 0 0 0 0 0 0 0 
2408 888 0 0 0 0 0 0 0 0 0 0 0 0 0 0 
2424 888 0 0 0 0 0 0 0 0 0 0 0 0 0 0 
2440 888 0 0 0 0 0 0 0 0 0 0 0 0 0 0 
2456 888 0 0 0 0 0 0 0 0 0 0 0 0 0 0 
2472 888 0 0 0 0 0 0 0 0 0 0 0 0 0 0 
2488 888 0 0 0 0 0 0 0 0 0 0 0 0 0 0 
2504 888 0 0 0 0 0 0 0 0 0 0 0 0 0 0 
2520 888 0 0 0 0 0 0 0 0 0 0 0 0 0 0 
2536 888 0 0 0 0 0 0 0 0 0 0 0 0 0 0 
24 904 0 0 0 0 0 0 0 0 0 0 0 0 0 0 
40 904 0 0 0 0 0 0 0 0 0 0 0 0 0 0 
56 904 0 0 0 0 0 0 0 0 0 0 0 0 0 0 
72 904 0 0 0 0 0 0 0 0 0 0 0 0 0 0 
88 904 0 0 0 0 0 0 0 0 0 0 0 0 0 0 
104 904 0 0 0 0 0 0 0 0 0 0 0 0 0 0 
120 904 0 0 0 0 0 0 0 0 0 0 0 0 0 0 
136 904 0 0 0 0 0 0 0 0 0 0 0 0 0 0 
152 904 0 0 0 0 0 0 0 0 0 0 0 0 0 0 
168 904 0 0 0 0 0 0 0 0 0 0 0 0 0 0 
184 904 0 0 0 0 0 0 0 0 0 0 0 0 0 0 
200 904 0 0 0 0 0 0 0 0 0 0 0 0 0 0 
216 904 0 0 0 0 0 0 0 0 0 0 0 0 0 0 
232 904 0 0 0 0 0 0 0 0 0 0 0 0 0 0 
248 904 0 0 0 0 0 0 0 0 0 0 0 0 0 0 
264 904 0 0 0 0 0 0 0 0 0 0 0 0 0 0 
280 904 0 0 0 0 0 0 0 0 0 0 0 0 0 0 
296 904 0 0 0 0 0 0 0 0 0 0 0 0 0 0 
312 904 0 0 0 0 0 0 0 0 0 0 0 0 0 0 
328 904 0 0 0 0 0 0 0 0 0 0 0 0 0 0 
344 904 0 0 0 0 0 0 0 0 0 0 0 0 0 0 
360 904 0 0 0 0 0 0 0 0 0 0 0 0 0 0 
376 904 0 0 0 0 0 0 0 0 0 0 0 0 0 0 
392 904 0 0 0 0 0 0 0 0 0 0 0 0 0 0 
408 904 0 0 0 0 0 0 0 0 0 0 0 0 0 0 
424 904 0 0 0 0 0 0 0 0 0 0 0 0 0 0 
440 904 0 0 0 0 0 0 0 0 0 0 0 0 0 0 
456 904 0 0 0 0 0 0 0 0 0 0 0 0 0 0 
472 904 0 0 0 0 0 0 0 0 0 0 0 0 0 0 
488 904 0 0 0 0 0 0 0 0 0 0 0 0 0 0 
504 904 0 0 0 0 0 0 0 0 0 0 0 0 0 0 
520 904 0 0 0 0 0 0 0 0 0 0 0 0 0 0 
536 904 0 0 0 0 0 0 0 0 0 0 0 0 0 0 
552 904 0 0 0 0 0 0 0 0 0 0 0 0 0 0 
568 904 0 0 0 0 0 0 0 0 0 0 0 0 0 0 
584 904 0 0 0 0 0 0 0 0 0 0 0 0 0 0 
600 904 0 0 0 0 0 0 0 0 0 0 0 0 0 0 
616 904 0 0 0 0 0 0 0 0 0 0 0 0 0 0 
632 904 0 0 0 0 0 0 0 0 0 0 0 0 0 0 
648 904 0 0 0 0 0 0 0 0 0 0 0 0 0 0 
664 904 0 0 0 0 0 0 0 0 0 0 0 0 0 0 
680 904 0 0 0 0 0 0 0 0 0 0 0 0 0 0 
696 904 0 0 0 0 0 0 0 0 0 0 0 0 0 0 
712 904 0 0 0 0 0 0 0 0 0 0 0 0 0 0 
728 904 0 0 0 0 0 0 0 0 0 0 0 0 0 0 
744 904 0 0 0 0 0 0 0 0 0 0 0 0 0 0 
760 904 0 0 0 0 0 0 0 0 0 0 0 0 0 0 
776 904 0 0 0 0 0 0 0 0 0 0 0 0 0 0 
792 904 0 0 0 0 0 0 0 0 0 0 0 0 0 0 
808 904 0 0 0 0 0 0 0 0 0 0 0 0 0 0 
824 904 0 0 0 0 0 0 0 0 0 0 0 0 0 0 
840 904 0 0 0 0 0 0 0 0 0 0 0 0 0 0 
856 904 0 0 0 0 0 0 0 0 0 0 0 0 0 0 
872 904 0 0 0 0 0 0 0 0 0 0 0 0 0 0 
888 904 0 0 0 0 0 0 0 0 0 0 0 0 0 0 
904 904 0 0 0 0 0 0 0 0 0 0 0 0 0 0 
920 904 0 0 0 0 0 0 0 0 0 0 0 0 0 0 
936 904 0 0 0 0 0 0 0 0 0 0 0 0 0 0 
952 904 0 0 0 0 0 0 0 0 0 0 0 0 0 0 
968 904 0 0 0 0 0 0 0 0 0 0 0 0 0 0 
984 904 0 0 0 0 0 0 0 0 0 0 0 0 0 0 
1000 904 0 0 0 0 0 0 0 0 0 0 0 0 0 0 
1016 904 0 0 0 0 0 0 0 0 0 0 0 0 0 0 
1032 904 0 0 0 0 0 0 0 0 0 0 0 0 0 0 
1048 904 0 0 0 0 0 0 0 0 0 0 0 0 0 0 
1064 904 0 0 0 0 0 0 0 0 0 0 0 0 0 0 
1080 904 0 0 0 0 0 0 0 0 0 0 0 0 0 0 
1096 904 0 0 0 0 0 0 0 0 0 0 0 0 0 0 
1112 904 0 0 0 0 0 0 0 0 0 0 0 0 0 0 
1128 904 0 0 0 0 0 0 0 0 0 0 0 0 0 0 
1144 904 0 0 0 0 0 0 0 0 0 0 0 0 0 0 
1160 904 0 0 0 0 0 0 0 0 0 0 0 0 0 0 
1176 904 0 0 0 0 0 0 0 0 0 0 0 0 0 0 
1192 904 0 0 0 0 0 0 0 0 0 0 0 0 0 0 
1208 904 0 0 0 0 0 0 0 0 0 0 0 0 0 0 
1224 904 0 0 0 0 0 0 0 0 0 0 0 0 0 0 
1240 904 0 0 0 0 0 0 0 0 0 0 0 0 0 0 
1256 904 0 0 0 0 0 0 0 0 0 0 0 0 0 0 
1272 904 0 0 0 0 0 0 0 0 0 0 0 0 0 0 
1288 904 0 0 0 0 0 0 0 0 0 0 0 0 0 0 
1304 904 0 0 0 0 0 0 0 0 0 0 0 0 0 0 
1320 904 0 0 0 0 0 0 0 0 0 0 0 0 0 0 
1336 904 0 0 0 0 0 0 0 0 0 0 0 0 0 0 
1352 904 0 0 0 0 0 0 0 0 0 0 0 0 0 0 
1368 904 0 0 0 0 0 0 0 0 0 0 0 0 0 0 
1384 904 0 0 0 0 0 0 0 0 0 0 0 0 0 0 
1400 904 0 0 0 0 0 0 0 0 0 0 0 0 0 0 
1416 904 0 0 0 0 0 0 0 0 0 0 0 0 0 0 
1432 904 0 0 0 0 0 0 0 0 0 0 0 0 0 0 
1448 904 0 0 0 0 0 0 0 0 0 0 0 0 0 0 
1464 904 0 0 0 0 0 0 0 0 0 0 0 0 0 0 
1480 904 0 0 0 0 0 0 0 0 0 0 0 0 0 0 
1496 904 0 0 0 0 0 0 0 0 0 0 0 0 0 0 
1512 904 0 0 0 0 0 0 0 0 0 0 0 0 0 0 
1528 904 0 0 0 0 0 0 0 0 0 0 0 0 0 0 
1544 904 0 0 0 0 0 0 0 0 0 0 0 0 0 0 
1560 904 0 0 0 0 0 0 0 0 0 0 -0.000179198754 -0.000156459716 0.000237890387 0 
1576 904 0 0 0 0 0 0 0 0 0 0 -0.000537596262 -0.000469379149 0.000713671161 0 
1592 904 0 0 0 0 0 0 0 0 0 0 -0.001222832622 -0.000771260503 0.001445739391 0 
1608 904 0 0 0 0 0 0 0 0 0 0 -0.002234907835 -0.001062103779 0.002474444881 0 
1624 904 0 0 0 0 0 0 0 0 0 0 0.000191856058 -0.000261036401 0.000323957944 0 
1640 904 0 0 0 0 0 0 0 0 0 0 0.006057459056 0.001631941632 0.006273439543 0 
1656 904 0 0 0 0 0 0 0 0 0 0 0.01085666757 0.003967550489 0.011558922424 0 
1672 904 0 0 0 0 0 0 0 0 0 0 0.014589481598 0.006745790169 0.016073539072 0 
1688 904 0 0 0 0 0 0 0 0 0 0 0.015649370176 0.006773967457 0.017052548842 0 
1704 904 0 0 0 0 0 0 0 0 0 0 0.014036333303 0.004052082351 0.014609518266 0 
1720 904 0 0 0 0 0 0 0 0 0 0 0.010434947027 -0.001889405407 0.010604620325 0 
1736 904 0 0 0 0 0 0 0 0 0 0 0.004845211349 -0.011050495818 0.012066048684 0 
1752 904 0 0 0 0 0 0 0 0 0 0 0.015106147236 -0.010814503449 0.018578190686 0 
1768 904 0 0 0 0 0 0 0 0 0 0 0.041217754689 -0.001181428298 0.041234682907 0 
1784 904 0 0 0 0 0 0 0 0 0 0 0.039538648734 0.008298539364 0.040400129942 0 
1800 904 0 0 0 0 0 0 0 0 0 0 0.01006882937 0.017625399539 0.02029867074 0 
1816 904 0 0 0 0 0 0 0 0 0 0 -0.002757178609 0.022425937889 0.022594794181 0 
1832 904 0 0 0 0 0 0 0 0 0 0 0.001060624797 0.022700154415 0.022724918821 0 
1848 904 0 0 0 0 0 0 0 0 0 0 0.001924374931 0.017311798773 0.017418426899 0 
1864 904 0 0 0 0 0 0 0 0 0 0 -0.000165928208 0.006260870964 0.006263069328 0 
1880 904 0 0 0 0 0 0 0 0 0 0 0.001254258761 -0.001997801142 0.002358892631 0 
1896 904 0 0 0 0 0 0 0 0 0 0 0.006184935838 -0.007464217547 0.009693708006 0 
1912 904 0 0 0 0 0 0 0 0 0 0 0.0066780191 -0.009190798795 0.011360753566 0 
1928 904 0 0 0 0 0 0 0 0 0 0 0.002733508548 -0.007177544886 0.00768044397 0 
1944 904 0 0 0 0 0 0 0 0 0 0 -0.000192539867 -0.005710728811 0.005713973674 0 
1960 904 0 0 0 0 0 0 0 0 0 0 -0.002100126147 -0.004790350569 0.005230486441 0 
1976 904 0 0 0 0 0 0 0 0 0 0 -0.002290439466 -0.003247621086 0.003974060349 0 
1992 904 0 0 0 0 0 0 0 0 0 0 -0.000763479822 -0.001082540362 0.001324686783 0 
2008 904 0 0 0 0 0 0 0 0 0 0 0 0 0 0 
2024 904 0 0 0 0 0 0 0 0 0 0 0 0 0 0 
2040 904 0 0 0 0 0 0 0 0 0 0 0 0 0 0 
2056 904 0 0 0 0 0 0 0 0 0 0 0 0 0 0 
2072 904 0 0 0 0 0 0 0 0 0 0 0 0 0 0 
2088 904 0 0 0 0 0 0 0 0 0 0 0 0 0 0 
2104 904 0 0 0 0 0 0 0 0 0 0 0 0 0 0 
2120 904 0 0 0 0 0 0 0 0 0 0 0 0 0 0 
2136 904 0 0 0 0 0 0 0 0 0 0 0 0 0 0 
2152 904 0 0 0 0 0 0 0 0 0 0 0 0 0 0 
2168 904 0 0 0 0 0 0 0 0 0 0 0 0 0 0 
2184 904 0 0 0 0 0 0 0 0 0 0 0 0 0 0 
2200 904 0 0 0 0 0 0 0 0 0 0 0 0 0 0 
2216 904 0 0 0 0 0 0 0 0 0 0 0 0 0 0 
2232 904 0 0 0 0 0 0 0 0 0 0 0 0 0 0 
2248 904 0 0 0 0 0 0 0 0 0 0 0 0 0 0 
2264 904 0 0 0 0 0 0 0 0 0 0 0 0 0 0 
2280 904 0 0 0 0 0 0 0 0 0 0 0 0 0 0 
2296 904 0 0 0 0 0 0 0 0 0 0 0 0 0 0 
2312 904 0 0 0 0 0 0 0 0 0 0 0 0 0 0 
2328 904 0 0 0 0 0 0 0 0 0 0 0 0 0 0 
2344 904 0 0 0 0 0 0 0 0 0 0 0 0 0 0 
2360 904 0 0 0 0 0 0 0 0 0 0 0 0 0 0 
2376 904 0 0 0 0 0 0 0 0 0 0 0 0 0 0 
2392 904 0 0 0 0 0 0 0 0 0 0 0 0 0 0 
2408 904 0 0 0 0 0 0 0 0 0 0 0 0 0 0 
2424 904 0 0 0 0 0 0 0 0 0 0 0 0 0 0 
2440 904 0 0 0 0 0 0 0 0 0 0 0 0 0 0 
2456 904 0 0 0 0 0 0 0 0 0 0 0 0 0 0 
2472 904 0 0 0 0 0 0 0 0 0 0 0 0 0 0 
2488 904 0 0 0 0 0 0 0 0 0 0 0 0 0 0 
2504 904 0 0 0 0 0 0 0 0 0 0 0 0 0 0 
2520 904 0 0 0 0 0 0 0 0 0 0 0 0 0 0 
2536 904 0 0 0 0 0 0 0 0 0 0 0 0 0 0 
24 920 0 0 0 0 0 0 0 0 0 0 0 0 0 0 
40 920 0 0 0 0 0 0 0 0 0 0 0 0 0 0 
56 920 0 0 0 0 0 0 0 0 0 0 0 0 0 0 
72 920 0 0 0 0 0 0 0 0 0 0 0 0 0 0 
88 920 0 0 0 0 0 0 0 0 0 0 0 0 0 0 
104 920 0 0 0 0 0 0 0 0 0 0 0 0 0 0 
120 920 0 0 0 0 0 0 0 0 0 0 0 0 0 0 
136 920 0 0 0 0 0 0 0 0 0 0 0 0 0 0 
152 920 0 0 0 0 0 0 0 0 0 0 0 0 0 0 
168 920 0 0 0 0 0 0 0 0 0 0 0 0 0 0 
184 920 0 0 0 0 0 0 0 0 0 0 0 0 0 0 
200 920 0 0 0 0 0 0 0 0 0 0 0 0 0 0 
216 920 0 0 0 0 0 0 0 0 0 0 0 0 0 0 
232 920 0 0 0 0 0 0 0 0 0 0 0 0 0 0 
248 920 0 0 0 0 0 0 0 0 0 0 0 0 0 0 
264 920 0 0 0 0 0 0 0 0 0 0 0 0 0 0 
280 920 0 0 0 0 0 0 0 0 0 0 0 0 0 0 
296 920 0 0 0 0 0 0 0 0 0 0 0 0 0 0 
312 920 0 0 0 0 0 0 0 0 0 0 0 0 0 0 
328 920 0 0 0 0 0 0 0 0 0 0 0 0 0 0 
344 920 0 0 0 0 0 0 0 0 0 0 0 0 0 0 
360 920 0 0 0 0 0 0 0 0 0 0 0 0 0 0 
376 920 0 0 0 0 0 0 0 0 0 0 0 0 0 0 
392 920 0 0 0 0 0 0 0 0 0 0 0 0 0 0 
408 920 0 0 0 0 0 0 0 0 0 0 0 0 0 0 
424 920 0 0 0 0 0 0 0 0 0 0 0 0 0 0 
440 920 0 0 0 0 0 0 0 0 0 0 0 0 0 0 
456 920 0 0 0 0 0 0 0 0 0 0 0 0 0 0 
472 920 0 0 0 0 0 0 0 0 0 0 0 0 0 0 
488 920 0 0 0 0 0 0 0 0 0 0 0 0 0 0 
504 920 0 0 0 0 0 0 0 0 0 0 0 0 0 0 
520 920 0 0 0 0 0 0 0 0 0 0 0 0 0 0 
536 920 0 0 0 0 0 0 0 0 0 0 0 0 0 0 
552 920 0 0 0 0 0 0 0 0 0 0 0 0 0 0 
568 920 0 0 0 0 0 0 0 0 0 0 0 0 0 0 
584 920 0 0 0 0 0 0 0 0 0 0 0 0 0 0 
600 920 0 0 0 0 0 0 0 0 0 0 0 0 0 0 
616 920 0 0 0 0 0 0 0 0 0 0 0 0 0 0 
632 920 0 0 0 0 0 0 0 0 0 0 0 0 0 0 
648 920 0 0 0 0 0 0 0 0 0 0 0 0 0 0 
664 920 0 0 0 0 0 0 0 0 0 0 0 0 0 0 
680 920 0 0 0 0 0 0 0 0 0 0 0 0 0 0 
696 920 0 0 0 0 0 0 0 0 0 0 0 0 0 0 
712 920 0 0 0 0 0 0 0 0 0 0 0 0 0 0 
728 920 0 0 0 0 0 0 0 0 0 0 0 0 0 0 
744 920 0 0 0 0 0 0 0 0 0 0 0 0 0 0 
760 920 0 0 0 0 0 0 0 0 0 0 0 0 0 0 
776 920 0 0 0 0 0 0 0 0 0 0 0 0 0 0 
792 920 0 0 0 0 0 0 0 0 0 0 0 0 0 0 
808 920 0 0 0 0 0 0 0 0 0 0 0 0 0 0 
824 920 0 0 0 0 0 0 0 0 0 0 0 0 0 0 
840 920 0 0 0 0 0 0 0 0 0 0 0 0 0 0 
856 920 0 0 0 0 0 0 0 0 0 0 0 0 0 0 
872 920 0 0 0 0 0 0 0 0 0 0 0 0 0 0 
888 920 0 0 0 0 0 0 0 0 0 0 0 0 0 0 
904 920 0 0 0 0 0 0 0 0 0 0 0 0 0 0 
920 920 0 0 0 0 0 0 0 0 0 0 0 0 0 0 
936 920 0 0 0 0 0 0 0 0 0 0 0 0 0 0 
952 920 0 0 0 0 0 0 0 0 0 0 0 0 0 0 
968 920 0 0 0 0 0 0 0 0 0 0 0 0 0 0 
984 920 0 0 0 0 0 0 0 0 0 0 0 0 0 0 
1000 920 0 0 0 0 0 0 0 0 0 0 0 0 0 0 
1016 920 0 0 0 0 0 0 0 0 0 0 0 0 0 0 
1032 920 0 0 0 0 0 0 0 0 0 0 0 0 0 0 
1048 920 0 0 0 0 0 0 0 0 0 0 0 0 0 0 
1064 920 0 0 0 0 0 0 0 0 0 0 0 0 0 0 
1080 920 0 0 0 0 0 0 0 0 0 0 0 0 0 0 
1096 920 0 0 0 0 0 0 0 0 0 0 0 0 0 0 
1112 920 0 0 0 0 0 0 0 0 0 0 0 0 0 0 
1128 920 0 0 0 0 0 0 0 0 0 0 0 0 0 0 
1144 920 0 0 0 0 0 0 0 0 0 0 0 0 0 0 
1160 920 0 0 0 0 0 0 0 0 0 0 0 0 0 0 
1176 920 0 0 0 0 0 0 0 0 0 0 0 0 0 0 
1192 920 0 0 0 0 0 0 0 0 0 0 0 0 0 0 
1208 920 0 0 0 0 0 0 0 0 0 0 0 0 0 0 
1224 920 0 0 0 0 0 0 0 0 0 0 0 0 0 0 
1240 920 0 0 0 0 0 0 0 0 0 0 0 0 0 0 
1256 920 0 0 0 0 0 0 0 0 0 0 0 0 0 0 
1272 920 0 0 0 0 0 0 0 0 0 0 0 0 0 0 
1288 920 0 0 0 0 0 0 0 0 0 0 0 0 0 0 
1304 920 0 0 0 0 0 0 0 0 0 0 0 0 0 0 
1320 920 0 0 0 0 0 0 0 0 0 0 0 0 0 0 
1336 920 0 0 0 0 0 0 0 0 0 0 0 0 0 0 
1352 920 0 0 0 0 0 0 0 0 0 0 0 0 0 0 
1368 920 0 0 0 0 0 0 0 0 0 0 0 0 0 0 
1384 920 0 0 0 0 0 0 0 0 0 0 0 0 0 0 
1400 920 0 0 0 0 0 0 0 0 0 0 0 0 0 0 
1416 920 0 0 0 0 0 0 0 0 0 0 0 0 0 0 
1432 920 0 0 0 0 0 0 0 0 0 0 0 0 0 0 
1448 920 0 0 0 0 0 0 0 0 0 0 0 0 0 0 
1464 920 0 0 0 0 0 0 0 0 0 0 0 0 0 0 
1480 920 0 0 0 0 0 0 0 0 0 0 0 0 0 0 
1496 920 0 0 0 0 0 0 0 0 0 0 0 0 0 0 
1512 920 0 0 0 0 0 0 0 0 0 0 0 0 0 0 
1528 920 0 0 0 0 0 0 0 0 0 0 0 0 0 0 
1544 920 0 0 0 0 0 0 0 0 0 0 0 0 0 0 
1560 920 0 0 0 0 0 0 0 0 0 0 0 0 0 0 
1576 920 0 0 0 0 0 0 0 0 0 0 0 0 0 0 
1592 920 0 0 0 0 0 0 0 0 0 0 0 0 0 0 
1608 920 0 0 0 0 0 0 0 0 0 0 0 0 0 0 
1624 920 0 0 0 0 0 0 0 0 0 0 0.001733852212 0.000650032633 0.001851698117 0 
1640 920 0 0 0 0 0 0 0 0 0 0 0.005201556637 0.001950097898 0.005555094352 0 
1656 920 0 0 0 0 0 0 0 0 0 0 0.007070837061 0.002239127125 0.007416901443 0 
1672 920 0 0 0 0 0 0 0 0 0 0 0.007341693484 0.001517120313 0.007496807137 0 
1688 920 0 0 0 0 0 0 0 0 0 0 0.005296451736 0.000733817346 0.005347044874 0 
1704 920 0 0 0 0 0 0 0 0 0 0 0.000935111817 -0.000110781775 0.000941651056 0 
1720 920 0 0 0 0 0 0 0 0 0 0 -0.003071743216 -0.002537385612 0.003984210352 0 
1736 920 0 0 0 0 0 0 0 0 0 0 -0.006724113363 -0.006545994162 0.009384228263 0 
1752 920 0 0 0 0 0 0 0 0 0 0 -0.006412723828 -0.006412723828 0.009068961009 0 
1768 920 0 0 0 0 0 0 0 0 0 0 -0.002137574609 -0.002137574609 0.003022987003 0 
1784 920 0 0 0 0 0 0 0 0 0 0 0 0 0 0 
1800 920 0 0 0 0 0 0 0 0 0 0 0 0 0 0 
1816 920 0 0 0 0 0 0 0 0 0 0 0 0 0 0 
1832 920 0 0 0 0 0 0 0 0 0 0 0 0 0 0 
1848 920 0 0 0 0 0 0 0 0 0 0 0 0 0 0 
1864 920 0 0 0 0 0 0 0 0 0 0 0 0 0 0 
1880 920 0 0 0 0 0 0 0 0 0 0 0 0 0 0 
1896 920 0 0 0 0 0 0 0 0 0 0 0 0 0 0 
1912 920 0 0 0 0 0 0 0 0 0 0 0 0 0 0 
1928 920 0 0 0 0 0 0 0 0 0 0 0 0 0 0 
1944 920 0 0 0 0 0 0 0 0 0 0 0 0 0 0 
1960 920 0 0 0 0 0 0 0 0 0 0 0 0 0 0 
1976 920 0 0 0 0 0 0 0 0 0 0 0 0 0 0 
1992 920 0 0 0 0 0 0 0 0 0 0 0 0 0 0 
2008 920 0 0 0 0 0 0 0 0 0 0 0 0 0 0 
2024 920 0 0 0 0 0 0 0 0 0 0 0 0 0 0 
2040 920 0 0 0 0 0 0 0 0 0 0 0 0 0 0 
2056 920 0 0 0 0 0 0 0 0 0 0 0 0 0 0 
2072 920 0 0 0 0 0 0 0 0 0 0 0 0 0 0 
2088 920 0 0 0 0 0 0 0 0 0 0 0 0 0 0 
2104 920 0 0 0 0 0 0 0 0 0 0 0 0 0 0 
2120 920 0 0 0 0 0 0 0 0 0 0 0 0 0 0 
2136 920 0 0 0 0 0 0 0 0 0 0 0 0 0 0 
2152 920 0 0 0 0 0 0 0 0 0 0 0 0 0 0 
2168 920 0 0 0 0 0 0 0 0 0 0 0 0 0 0 
2184 920 0 0 0 0 0 0 0 0 0 0 0 0 0 0 
2200 920 0 0 0 0 0 0 0 0 0 0 0 0 0 0 
2216 920 0 0 0 0 0 0 0 0 0 0 0 0 0 0 
2232 920 0 0 0 0 0 0 0 0 0 0 0 0 0 0 
2248 920 0 0 0 0 0 0 0 0 0 0 0 0 0 0 
2264 920 0 0 0 0 0 0 0 0 0 0 0 0 0 0 
2280 920 0 0 0 0 0 0 0 0 0 0 0 0 0 0 
2296 920 0 0 0 0 0 0 0 0 0 0 0 0 0 0 
2312 920 0 0 0 0 0 0 0 0 0 0 0 0 0 0 
2328 920 0 0 0 0 0 0 0 0 0 0 0 0 0 0 
2344 920 0 0 0 0 0 0 0 0 0 0 0 0 0 0 
2360 920 0 0 0 0 0 0 0 0 0 0 0 0 0 0 
2376 920 0 0 0 0 0 0 0 0 0 0 0 0 0 0 
2392 920 0 0 0 0 0 0 0 0 0 0 0 0 0 0 
2408 920 0 0 0 0 0 0 0 0 0 0 0 0 0 0 
2424 920 0 0 0 0 0 0 0 0 0 0 0 0 0 0 
2440 920 0 0 0 0 0 0 0 0 0 0 0 0 0 0 
2456 920 0 0 0 0 0 0 0 0 0 0 0 0 0 0 
2472 920 0 0 0 0 0 0 0 0 0 0 0 0 0 0 
2488 920 0 0 0 0 0 0 0 0 0 0 0 0 0 0 
2504 920 0 0 0 0 0 0 0 0 0 0 0 0 0 0 
2520 920 0 0 0 0 0 0 0 0 0 0 0 0 0 0 
2536 920 0 0 0 0 0 0 0 0 0 0 0 0 0 0 
24 936 0 0 0 0 0 0 0 0 0 0 0 0 0 0 
40 936 0 0 0 0 0 0 0 0 0 0 0 0 0 0 
56 936 0 0 0 0 0 0 0 0 0 0 0 0 0 0 
72 936 0 0 0 0 0 0 0 0 0 0 0 0 0 0 
88 936 0 0 0 0 0 0 0 0 0 0 0 0 0 0 
104 936 0 0 0 0 0 0 0 0 0 0 0 0 0 0 
120 936 0 0 0 0 0 0 0 0 0 0 0 0 0 0 
136 936 0 0 0 0 0 0 0 0 0 0 0 0 0 0 
152 936 0 0 0 0 0 0 0 0 0 0 0 0 0 0 
168 936 0 0 0 0 0 0 0 0 0 0 0 0 0 0 
184 936 0 0 0 0 0 0 0 0 0 0 0 0 0 0 
200 936 0 0 0 0 0 0 0 0 0 0 0 0 0 0 
216 936 0 0 0 0 0 0 0 0 0 0 0 0 0 0 
232 936 0 0 0 0 0 0 0 0 0 0 0 0 0 0 
248 936 0 0 0 0 0 0 0 0 0 0 0 0 0 0 
264 936 0 0 0 0 0 0 0 0 0 0 0 0 0 0 
280 936 0 0 0 0 0 0 0 0 0 0 0 0 0 0 
296 936 0 0 0 0 0 0 0 0 0 0 0 0 0 0 
312 936 0 0 0 0 0 0 0 0 0 0 0 0 0 0 
328 936 0 0 0 0 0 0 0 0 0 0 0 0 0 0 
344 936 0 0 0 0 0 0 0 0 0 0 0 0 0 0 
360 936 0 0 0 0 0 0 0 0 0 0 0 0 0 0 
376 936 0 0 0 0 0 0 0 0 0 0 0 0 0 0 
392 936 0 0 0 0 0 0 0 0 0 0 0 0 0 0 
408 936 0 0 0 0 0 0 0 0 0 0 0 0 0 0 
424 936 0 0 0 0 0 0 0 0 0 0 0 0 0 0 
440 936 0 0 0 0 0 0 0 0 0 0 0 0 0 0 
456 936 0 0 0 0 0 0 0 0 0 0 0 0 0 0 
472 936 0 0 0 0 0 0 0 0 0 0 0 0 0 0 
488 936 0 0 0 0 0 0 0 0 0 0 0 0 0 0 
504 936 0 0 0 0 0 0 0 0 0 0 0 0 0 0 
520 936 0 0 0 0 0 0 0 0 0 0 0 0 0 0 
536 936 0 0 0 0 0 0 0 0 0 0 0 0 0 0 
552 936 0 0 0 0 0 0 0 0 0 0 0 0 0 0 
568 936 0 0 0 0 0 0 0 0 0 0 0 0 0 0 
584 936 0 0 0 0 0 0 0 0 0 0 0 0 0 0 
600 936 0 0 0 0 0 0 0 0 0 0 0 0 0 0 
616 936 0 0 0 0 0 0 0 0 0 0 0 0 0 0 
632 936 0 0 0 0 0 0 0 0 0 0 0 0 0 0 
648 936 0 0 0 0 0 0 0 0 0 0 0 0 0 0 
664 936 0 0 0 0 0 0 0 0 0 0 0 0 0 0 
680 936 0 0 0 0 0 0 0 0 0 0 0 0 0 0 
696 936 0 0 0 0 0 0 0 0 0 0 0 0 0 0 
712 936 0 0 0 0 0 0 0 0 0 0 0 0 0 0 
728 936 0 0 0 0 0 0 0 0 0 0 0 0 0 0 
744 936 0 0 0 0 0 0 0 0 0 0 0 0 0 0 
760 936 0 0 0 0 0 0 0 0 0 0 0 0 0 0 
776 936 0 0 0 0 0 0 0 0 0 0 0 0 0 0 
792 936 0 0 0 0 0 0 0 0 0 0 0 0 0 0 
808 936 0 0 0 0 0 0 0 0 0 0 0 0 0 0 
824 936 0 0 0 0 0 0 0 0 0 0 0 0 0 0 
840 936 0 0 0 0 0 0 0 0 0 0 0 0 0 0 
856 936 0 0 0 0 0 0 0 0 0 0 0 0 0 0 
872 936 0 0 0 0 0 0 0 0 0 0 0 0 0 0 
888 936 0 0 0 0 0 0 0 0 0 0 0 0 0 0 
904 936 0 0 0 0 0 0 0 0 0 0 0 0 0 0 
920 936 0 0 0 0 0 0 0 0 0 0 0 0 0 0 
936 936 0 0 0 0 0 0 0 0 0 0 0 0 0 0 
952 936 0 0 0 0 0 0 0 0 0 0 0 0 0 0 
968 936 0 0 0 0 0 0 0 0 0 0 0 0 0 0 
984 936 0 0 0 0 0 0 0 0 0 0 0 0 0 0 
1000 936 0 0 0 0 0 0 0 0 0 0 0 0 0 0 
1016 936 0 0 0 0 0 0 0 0 0 0 0 0 0 0 
1032 936 0 0 0 0 0 0 0 0 0 0 0 0 0 0 
1048 936 0 0 0 0 0 0 0 0 0 0 0 0 0 0 
1064 936 0 0 0 0 0 0 0 0 0 0 0 0 0 0 
1080 936 0 0 0 0 0 0 0 0 0 0 0 0 0 0 
1096 936 0 0 0 0 0 0 0 0 0 0 0 0 0 0 
1112 936 0 0 0 0 0 0 0 0 0 0 0 0 0 0 
1128 936 0 0 0 0 0 0 0 0 0 0 0 0 0 0 
1144 936 0 0 0 0 0 0 0 0 0 0 0 0 0 0 
1160 936 0 0 0 0 0 0 0 0 0 0 0 0 0 0 
1176 936 0 0 0 0 0 0 0 0 0 0 0 0 0 0 
1192 936 0 0 0 0 0 0 0 0 0 0 0 0 0 0 
1208 936 0 0 0 0 0 0 0 0 0 0 0 0 0 0 
1224 936 0 0 0 0 0 0 0 0 0 0 0 0 0 0 
1240 936 0 0 0 0 0 0 0 0 0 0 0 0 0 0 
1256 936 0 0 0 0 0 0 0 0 0 0 0 0 0 0 
1272 936 0 0 0 0 0 0 0 0 0 0 0 0 0 0 
1288 936 0 0 0 0 0 0 0 0 0 0 0 0 0 0 
1304 936 0 0 0 0 0 0 0 0 0 0 0 0 0 0 
1320 936 0 0 0 0 0 0 0 0 0 0 0 0 0 0 
1336 936 0 0 0 0 0 0 0 0 0 0 0 0 0 0 
1352 936 0 0 0 0 0 0 0 0 0 0 0 0 0 0 
1368 936 0 0 0 0 0 0 0 0 0 0 0 0 0 0 
1384 936 0 0 0 0 0 0 0 0 0 0 0 0 0 0 
1400 936 0 0 0 0 0 0 0 0 0 0 0 0 0 0 
1416 936 0 0 0 0 0 0 0 0 0 0 0 0 0 0 
1432 936 0 0 0 0 0 0 0 0 0 0 0 0 0 0 
1448 936 0 0 0 0 0 0 0 0 0 0 0 0 0 0 
1464 936 0 0 0 0 0 0 0 0 0 0 0 0 0 0 
1480 936 0 0 0 0 0 0 0 0 0 0 0 0 0 0 
1496 936 0 0 0 0 0 0 0 0 0 0 0 0 0 0 
1512 936 0 0 0 0 0 0 0 0 0 0 0 0 0 0 
1528 936 0 0 0 0 0 0 0 0 0 0 0 0 0 0 
1544 936 0 0 0 0 0 0 0 0 0 0 0 0 0 0 
1560 936 0 0 0 0 0 0 0 0 0 0 0 0 0 0 
1576 936 0 0 0 0 0 0 0 0 0 0 0 0 0 0 
1592 936 0 0 0 0 0 0 0 0 0 0 0 0 0 0 
1608 936 0 0 0 0 0 0 0 0 0 0 0 0 0 0 
1624 936 0 0 0 0 0 0 0 0 0 0 0.000577950737 0.000216677544 0.000617232706 0 
1640 936 0 0 0 0 0 0 0 0 0 0 0.001733852212 0.000650032633 0.001851698117 0 
1656 936 0 0 0 0 0 0 0 0 0 0 0.002356945687 0.000746375708 0.002472300481 0 
1672 936 0 0 0 0 0 0 0 0 0 0 0.002447231161 0.000505706771 0.002498935712 0 
1688 936 0 0 0 0 0 0 0 0 0 0 0.001765483912 0.000244605782 0.001782348291 0 
1704 936 0 0 0 0 0 0 0 0 0 0 0.000311703939 -0.000036927258 0.000313883685 0 
1720 936 0 0 0 0 0 0 0 0 0 0 -0.001023914405 -0.000845795204 0.001328070117 0 
1736 936 0 0 0 0 0 0 0 0 0 0 -0.002241371121 -0.002181998054 0.003128076088 0 
1752 936 0 0 0 0 0 0 0 0 0 0 -0.002137574609 -0.002137574609 0.003022987003 0 
1768 936 0 0 0 0 0 0 0 0 0 0 -0.00071252487 -0.00071252487 0.001007662334 0 
1784 936 0 0 0 0 0 0 0 0 0 0 0 0 0 0 
1800 936 0 0 0 0 0 0 0 0 0 0 0 0 0 0 
1816 936 0 0 0 0 0 0 0 0 0 0 0 0 0 0 
1832 936 0 0 0 0 0 0 0 0 0 0 0 0 0 0 
1848 936 0 0 0 0 0 0 0 0 0 0 0 0 0 0 
1864 936 0 0 0 0 0 0 0 0 0 0 0 0 0 0 
1880 936 0 0 0 0 0 0 0 0 0 0 0 0 0 0 
1896 936 0 0 0 0 0 0 0 0 0 0 0 0 0 0 
1912 936 0 0 0 0 0 0 0 0 0 0 0 0 0 0 
1928 936 0 0 0 0 0 0 0 0 0 0 0 0 0 0 
1944 936 0 0 0 0 0 0 0 0 0 0 0 0 0 0 
1960 936 0 0 0 0 0 0 0 0 0 0 0 0 0 0 
1976 936 0 0 0 0 0 0 0 0 0 0 0 0 0 0 
1992 936 0 0 0 0 0 0 0 0 0 0 0 0 0 0 
2008 936 0 0 0 0 0 0 0 0 0 0 0 0 0 0 
2024 936 0 0 0 0 0 0 0 0 0 0 0 0 0 0 
2040 936 0 0 0 0 0 0 0 0 0 0 0 0 0 0 
2056 936 0 0 0 0 0 0 0 0 0 0 0 0 0 0 
2072 936 0 0 0 0 0 0 0 0 0 0 0 0 0 0 
2088 936 0 0 0 0 0 0 0 0 0 0 0 0 0 0 
2104 936 0 0 0 0 0 0 0 0 0 0 0 0 0 0 
2120 936 0 0 0 0 0 0 0 0 0 0 0 0 0 0 
2136 936 0 0 0 0 0 0 0 0 0 0 0 0 0 0 
2152 936 0 0 0 0 0 0 0 0 0 0 0 0 0 0 
2168 936 0 0 0 0 0 0 0 0 0 0 0 0 0 0 
2184 936 0 0 0 0 0 0 0 0 0 0 0 0 0 0 
2200 936 0 0 0 0 0 0 0 0 0 0 0 0 0 0 
2216 936 0 0 0 0 0 0 0 0 0 0 0 0 0 0 
2232 936 0 0 0 0 0 0 0 0 0 0 0 0 0 0 
2248 936 0 0 0 0 0 0 0 0 0 0 0 0 0 0 
2264 936 0 0 0 0 0 0 0 0 0 0 0 0 0 0 
2280 936 0 0 0 0 0 0 0 0 0 0 0 0 0 0 
2296 936 0 0 0 0 0 0 0 0 0 0 0 0 0 0 
2312 936 0 0 0 0 0 0 0 0 0 0 0 0 0 0 
2328 936 0 0 0 0 0 0 0 0 0 0 0 0 0 0 
2344 936 0 0 0 0 0 0 0 0 0 0 0 0 0 0 
2360 936 0 0 0 0 0 0 0 0 0 0 0 0 0 0 
2376 936 0 0 0 0 0 0 0 0 0 0 0 0 0 0 
2392 936 0 0 0 0 0 0 0 0 0 0 0 0 0 0 
2408 936 0 0 0 0 0 0 0 0 0 0 0 0 0 0 
2424 936 0 0 0 0 0 0 0 0 0 0 0 0 0 0 
2440 936 0 0 0 0 0 0 0 0 0 0 0 0 0 0 
2456 936 0 0 0 0 0 0 0 0 0 0 0 0 0 0 
2472 936 0 0 0 0 0 0 0 0 0 0 0 0 0 0 
2488 936 0 0 0 0 0 0 0 0 0 0 0 0 0 0 
2504 936 0 0 0 0 0 0 0 0 0 0 0 0 0 0 
2520 936 0 0 0 0 0 0 0 0 0 0 0 0 0 0 
2536 936 0 0 0 0 0 0 0 0 0 0 0 0 0 0 
24 952 0 0 0 0 0 0 0 0 0 0 0 0 0 0 
40 952 0 0 0 0 0 0 0 0 0 0 0 0 0 0 
56 952 0 0 0 0 0 0 0 0 0 0 0 0 0 0 
72 952 0 0 0 0 0 0 0 0 0 0 0 0 0 0 
88 952 0 0 0 0 0 0 0 0 0 0 0 0 0 0 
104 952 0 0 0 0 0 0 0 0 0 0 0 0 0 0 
120 952 0 0 0 0 0 0 0 0 0 0 0 0 0 0 
136 952 0 0 0 0 0 0 0 0 0 0 0 0 0 0 
152 952 0 0 0 0 0 0 0 0 0 0 0 0 0 0 
168 952 0 0 0 0 0 0 0 0 0 0 0 0 0 0 
184 952 0 0 0 0 0 0 0 0 0 0 0 0 0 0 
200 952 0 0 0 0 0 0 0 0 0 0 0 0 0 0 
216 952 0 0 0 0 0 0 0 0 0 0 0 0 0 0 
232 952 0 0 0 0 0 0 0 0 0 0 0 0 0 0 
248 952 0 0 0 0 0 0 0 0 0 0 0 0 0 0 
264 952 0 0 0 0 0 0 0 0 0 0 0 0 0 0 
280 952 0 0 0 0 0 0 0 0 0 0 0 0 0 0 
296 952 0 0 0 0 0 0 0 0 0 0 0 0 0 0 
312 952 0 0 0 0 0 0 0 0 0 0 0 0 0 0 
328 952 0 0 0 0 0 0 0 0 0 0 0 0 0 0 
344 952 0 0 0 0 0 0 0 0 0 0 0 0 0 0 
360 952 0 0 0 0 0 0 0 0 0 0 0 0 0 0 
376 952 0 0 0 0 0 0 0 0 0 0 0 0 0 0 
392 952 0 0 0 0 0 0 0 0 0 0 0 0 0 0 
408 952 0 0 0 0 0 0 0 0 0 0 0 0 0 0 
424 952 0 0 0 0 0 0 0 0 0 0 0 0 0 0 
440 952 0 0 0 0 0 0 0 0 0 0 0 0 0 0 
456 952 0 0 0 0 0 0 0 0 0 0 0 0 0 0 
472 952 0 0 0 0 0 0 0 0 0 0 0 0 0 0 
488 952 0 0 0 0 0 0 0 0 0 0 0 0 0 0 
504 952 0 0 0 0 0 0 0 0 0 0 0 0 0 0 
520 952 0 0 0 0 0 0 0 0 0 0 0 0 0 0 
536 952 0 0 0 0 0 0 0 0 0 0 0 0 0 0 
552 952 0 0 0 0 0 0 0 0 0 0 0 0 0 0 
568 952 0 0 0 0 0 0 0 0 0 0 0 0 0 0 
584 952 0 0 0 0 0 0 0 0 0 0 0 0 0 0 
600 952 0 0 0 0 0 0 0 0 0 0 0 0 0 0 
616 952 0 0 0 0 0 0 0 0 0 0 0 0 0 0 
632 952 0 0 0 0 0 0 0 0 0 0 0 0 0 0 
648 952 0 0 0 0 0 0 0 0 0 0 0 0 0 0 
664 952 0 0 0 0 0 0 0 0 0 0 0 0 0 0 
680 952 0 0 0 0 0 0 0 0 0 0 0 0 0 0 
696 952 0 0 0 0 0 0 0 0 0 0 0 0 0 0 
712 952 0 0 0 0 0 0 0 0 0 0 0 0 0 0 
728 952 0 0 0 0 0 0 0 0 0 0 0 0 0 0 
744 952 0 0 0 0 0 0 0 0 0 0 0 0 0 0 
760 952 0 0 0 0 0 0 0 0 0 0 0 0 0 0 
776 952 0 0 0 0 0 0 0 0 0 0 0 0 0 0 
792 952 0 0 0 0 0 0 0 0 0 0 0 0 0 0 
808 952 0 0 0 0 0 0 0 0 0 0 0 0 0 0 
824 952 0 0 0 0 0 0 0 0 0 0 0 0 0 0 
840 952 0 0 0 0 0 0 0 0 0 0 0 0 0 0 
856 952 0 0 0 0 0 0 0 0 0 0 0 0 0 0 
872 952 0 0 0 0 0 0 0 0 0 0 0 0 0 0 
888 952 0 0 0 0 0 0 0 0 0 0 0 0 0 0 
904 952 0 0 0 0 0 0 0 0 0 0 0 0 0 0 
920 952 0 0 0 0 0 0 0 0 0 0 0 0 0 0 
936 952 0 0 0 0 0 0 0 0 0 0 0 0 0 0 
952 952 0 0 0 0 0 0 0 0 0 0 0 0 0 0 
968 952 0 0 0 0 0 0 0 0 0 0 0 0 0 0 
984 952 0 0 0 0 0 0 0 0 0 0 0 0 0 0 
1000 952 0 0 0 0 0 0 0 0 0 0 0 0 0 0 
1016 952 0 0 0 0 0 0 0 0 0 0 0 0 0 0 
1032 952 0 0 0 0 0 0 0 0 0 0 0 0 0 0 
1048 952 0 0 0 0 0 0 0 0 0 0 0 0 0 0 
1064 952 0 0 0 0 0 0 0 0 0 0 0 0 0 0 
1080 952 0 0 0 0 0 0 0 0 0 0 0 0 0 0 
1096 952 0 0 0 0 0 0 0 0 0 0 0 0 0 0 
1112 952 0 0 0 0 0 0 0 0 0 0 0 0 0 0 
1128 952 0 0 0 0 0 0 0 0 0 0 0 0 0 0 
1144 952 0 0 0 0 0 0 0 0 0 0 0 0 0 0 
1160 952 0 0 0 0 0 0 0 0 0 0 0 0 0 0 
1176 952 0 0 0 0 0 0 0 0 0 0 0 0 0 0 
1192 952 0 0 0 0 0 0 0 0 0 0 0 0 0 0 
1208 952 0 0 0 0 0 0 0 0 0 0 0 0 0 0 
1224 952 0 0 0 0 0 0 0 0 0 0 0 0 0 0 
1240 952 0 0 0 0 0 0 0 0 0 0 0 0 0 0 
1256 952 0 0 0 0 0 0 0 0 0 0 0 0 0 0 
1272 952 0 0 0 0 0 0 0 0 0 0 0 0 0 0 
1288 952 0 0 0 0 0 0 0 0 0 0 0 0 0 0 
1304 952 0 0 0 0 0 0 0 0 0 0 0 0 0 0 
1320 952 0 0 0 0 0 0 0 0 0 0 0 0 0 0 
1336 952 0 0 0 0 0 0 0 0 0 0 0 0 0 0 
1352 952 0 0 0 0 0 0 0 0 0 0 0 0 0 0 
1368 952 0 0 0 0 0 0 0 0 0 0 0 0 0 0 
1384 952 0 0 0 0 0 0 0 0 0 0 0 0 0 0 
1400 952 0 0 0 0 0 0 0 0 0 0 0 0 0 0 
1416 952 0 0 0 0 0 0 0 0 0 0 0 0 0 0 
1432 952 0 0 0 0 0 0 0 0 0 0 0 0 0 0 
1448 952 0 0 0 0 0 0 0 0 0 0 0 0 0 0 
1464 952 0 0 0 0 0 0 0 0 0 0 0 0 0 0 
1480 952 0 0 0 0 0 0 0 0 0 0 0 0 0 0 
1496 952 0 0 0 0 0 0 0 0 0 0 0 0 0 0 
1512 952 0 0 0 0 0 0 0 0 0 0 0 0 0 0 
1528 952 0 0 0 0 0 0 0 0 0 0 0 0 0 0 
1544 952 0 0 0 0 0 0 0 0 0 0 0 0 0 0 
1560 952 0 0 0 0 0 0 0 0 0 0 0 0 0 0 
1576 952 0 0 0 0 0 0 0 0 0 0 0 0 0 0 
1592 952 0 0 0 0 0 0 0 0 0 0 0 0 0 0 
1608 952 0 0 0 0 0 0 0 0 0 0 0 0 0 0 
1624 952 0 0 0 0 0 0 0 0 0 0 0 0 0 0 
1640 952 0 0 0 0 0 0 0 0 0 0 0 0 0 0 
1656 952 0 0 0 0 0 0 0 0 0 0 0 0 0 0 
1672 952 0 0 0 0 0 0 0 0 0 0 0 0 0 0 
1688 952 0 0 0 0 0 0 0 0 0 0 0 0 0 0 
1704 952 0 0 0 0 0 0 0 0 0 0 0 0 0 0 
1720 952 0 0 0 0 0 0 0 0 0 0 0 0 0 0 
1736 952 0 0 0 0 0 0 0 0 0 0 0 0 0 0 
1752 952 0 0 0 0 0 0 0 0 0 0 0 0 0 0 
1768 952 0 0 0 0 0 0 0 0 0 0 0 0 0 0 
1784 952 0 0 0 0 0 0 0 0 0 0 0 0 0 0 
1800 952 0 0 0 0 0 0 0 0 0 0 0 0 0 0 
1816 952 0 0 0 0 0 0 0 0 0 0 0 0 0 0 
1832 952 0 0 0 0 0 0 0 0 0 0 0 0 0 0 
1848 952 0 0 0 0 0 0 0 0 0 0 0 0 0 0 
1864 952 0 0 0 0 0 0 0 0 0 0 0 0 0 0 
1880 952 0 0 0 0 0 0 0 0 0 0 0 0 0 0 
1896 952 0 0 0 0 0 0 0 0 0 0 0 0 0 0 
1912 952 0 0 0 0 0 0 0 0 0 0 0 0 0 0 
1928 952 0 0 0 0 0 0 0 0 0 0 0 0 0 0 
1944 952 0 0 0 0 0 0 0 0 0 0 0 0 0 0 
1960 952 0 0 0 0 0 0 0 0 0 0 0 0 0 0 
1976 952 0 0 0 0 0 0 0 0 0 0 0 0 0 0 
1992 952 0 0 0 0 0 0 0 0 0 0 0 0 0 0 
2008 952 0 0 0 0 0 0 0 0 0 0 0 0 0 0 
2024 952 0 0 0 0 0 0 0 0 0 0 0 0 0 0 
2040 952 0 0 0 0 0 0 0 0 0 0 0 0 0 0 
2056 952 0 0 0 0 0 0 0 0 0 0 0 0 0 0 
2072 952 0 0 0 0 0 0 0 0 0 0 0 0 0 0 
2088 952 0 0 0 0 0 0 0 0 0 0 0 0 0 0 
2104 952 0 0 0 0 0 0 0 0 0 0 0 0 0 0 
2120 952 0 0 0 0 0 0 0 0 0 0 0 0 0 0 
2136 952 0 0 0 0 0 0 0 0 0 0 0 0 0 0 
2152 952 0 0 0 0 0 0 0 0 0 0 0 0 0 0 
2168 952 0 0 0 0 0 0 0 0 0 0 0 0 0 0 
2184 952 0 0 0 0 0 0 0 0 0 0 0 0 0 0 
2200 952 0 0 0 0 0 0 0 0 0 0 0 0 0 0 
2216 952 0 0 0 0 0 0 0 0 0 0 0 0 0 0 
2232 952 0 0 0 0 0 0 0 0 0 0 0 0 0 0 
2248 952 0 0 0 0 0 0 0 0 0 0 0 0 0 0 
2264 952 0 0 0 0 0 0 0 0 0 0 0 0 0 0 
2280 952 0 0 0 0 0 0 0 0 0 0 0 0 0 0 
2296 952 0 0 0 0 0 0 0 0 0 0 0 0 0 0 
2312 952 0 0 0 0 0 0 0 0 0 0 0 0 0 0 
2328 952 0 0 0 0 0 0 0 0 0 0 0 0 0 0 
2344 952 0 0 0 0 0 0 0 0 0 0 0 0 0 0 
2360 952 0 0 0 0 0 0 0 0 0 0 0 0 0 0 
2376 952 0 0 0 0 0 0 0 0 0 0 0 0 0 0 
2392 952 0 0 0 0 0 0 0 0 0 0 0 0 0 0 
2408 952 0 0 0 0 0 0 0 0 0 0 0 0 0 0 
2424 952 0 0 0 0 0 0 0 0 0 0 0 0 0 0 
2440 952 0 0 0 0 0 0 0 0 0 0 0 0 0 0 
2456 952 0 0 0 0 0 0 0 0 0 0 0 0 0 0 
2472 952 0 0 0 0 0 0 0 0 0 0 0 0 0 0 
2488 952 0 0 0 0 0 0 0 0 0 0 0 0 0 0 
2504 952 0 0 0 0 0 0 0 0 0 0 0 0 0 0 
2520 952 0 0 0 0 0 0 0 0 0 0 0 0 0 0 
2536 952 0 0 0 0 0 0 0 0 0 0 0 0 0 0 
24 968 0 0 0 0 0 0 0 0 0 0 0 0 0 0 
40 968 0 0 0 0 0 0 0 0 0 0 0 0 0 0 
56 968 0 0 0 0 0 0 0 0 0 0 0 0 0 0 
72 968 0 0 0 0 0 0 0 0 0 0 0 0 0 0 
88 968 0 0 0 0 0 0 0 0 0 0 0 0 0 0 
104 968 0 0 0 0 0 0 0 0 0 0 0 0 0 0 
120 968 0 0 0 0 0 0 0 0 0 0 0 0 0 0 
136 968 0 0 0 0 0 0 0 0 0 0 0 0 0 0 
152 968 0 0 0 0 0 0 0 0 0 0 0 0 0 0 
168 968 0 0 0 0 0 0 0 0 0 0 0 0 0 0 
184 968 0 0 0 0 0 0 0 0 0 0 0 0 0 0 
200 968 0 0 0 0 0 0 0 0 0 0 0 0 0 0 
216 968 0 0 0 0 0 0 0 0 0 0 0 0 0 0 
232 968 0 0 0 0 0 0 0 0 0 0 0 0 0 0 
248 968 0 0 0 0 0 0 0 0 0 0 0 0 0 0 
264 968 0 0 0 0 0 0 0 0 0 0 0 0 0 0 
280 968 0 0 0 0 0 0 0 0 0 0 0 0 0 0 
296 968 0 0 0 0 0 0 0 0 0 0 0 0 0 0 
312 968 0 0 0 0 0 0 0 0 0 0 0 0 0 0 
328 968 0 0 0 0 0 0 0 0 0 0 0 0 0 0 
344 968 0 0 0 0 0 0 0 0 0 0 0 0 0 0 
360 968 0 0 0 0 0 0 0 0 0 0 0 0 0 0 
376 968 0 0 0 0 0 0 0 0 0 0 0 0 0 0 
392 968 0 0 0 0 0 0 0 0 0 0 0 0 0 0 
408 968 0 0 0 0 0 0 0 0 0 0 0 0 0 0 
424 968 0 0 0 0 0 0 0 0 0 0 0 0 0 0 
440 968 0 0 0 0 0 0 0 0 0 0 0 0 0 0 
456 968 0 0 0 0 0 0 0 0 0 0 0 0 0 0 
472 968 0 0 0 0 0 0 0 0 0 0 0 0 0 0 
488 968 0 0 0 0 0 0 0 0 0 0 0 0 0 0 
504 968 0 0 0 0 0 0 0 0 0 0 0 0 0 0 
520 968 0 0 0 0 0 0 0 0 0 0 0 0 0 0 
536 968 0 0 0 0 0 0 0 0 0 0 0 0 0 0 
552 968 0 0 0 0 0 0 0 0 0 0 0 0 0 0 
568 968 0 0 0 0 0 0 0 0 0 0 0 0 0 0 
584 968 0 0 0 0 0 0 0 0 0 0 0 0 0 0 
600 968 0 0 0 0 0 0 0 0 0 0 0 0 0 0 
616 968 0 0 0 0 0 0 0 0 0 0 0 0 0 0 
632 968 0 0 0 0 0 0 0 0 0 0 0 0 0 0 
648 968 0 0 0 0 0 0 0 0 0 0 0 0 0 0 
664 968 0 0 0 0 0 0 0 0 0 0 0 0 0 0 
680 968 0 0 0 0 0 0 0 0 0 0 0 0 0 0 
696 968 0 0 0 0 0 0 0 0 0 0 0 0 0 0 
712 968 0 0 0 0 0 0 0 0 0 0 0 0 0 0 
728 968 0 0 0 0 0 0 0 0 0 0 0 0 0 0 
744 968 0 0 0 0 0 0 0 0 0 0 0 0 0 0 
760 968 0 0 0 0 0 0 0 0 0 0 0 0 0 0 
776 968 0 0 0 0 0 0 0 0 0 0 0 0 0 0 
792 968 0 0 0 0 0 0 0 0 0 0 0 0 0 0 
808 968 0 0 0 0 0 0 0 0 0 0 0 0 0 0 
824 968 0 0 0 0 0 0 0 0 0 0 0 0 0 0 
840 968 0 0 0 0 0 0 0 0 0 0 0 0 0 0 
856 968 0 0 0 0 0 0 0 0 0 0 0 0 0 0 
872 968 0 0 0 0 0 0 0 0 0 0 0 0 0 0 
888 968 0 0 0 0 0 0 0 0 0 0 0 0 0 0 
904 968 0 0 0 0 0 0 0 0 0 0 0 0 0 0 
920 968 0 0 0 0 0 0 0 0 0 0 0 0 0 0 
936 968 0 0 0 0 0 0 0 0 0 0 0 0 0 0 
952 968 0 0 0 0 0 0 0 0 0 0 0 0 0 0 
968 968 0 0 0 0 0 0 0 0 0 0 0 0 0 0 
984 968 0 0 0 0 0 0 0 0 0 0 0 0 0 0 
1000 968 0 0 0 0 0 0 0 0 0 0 0 0 0 0 
1016 968 0 0 0 0 0 0 0 0 0 0 0 0 0 0 
1032 968 0 0 0 0 0 0 0 0 0 0 0 0 0 0 
1048 968 0 0 0 0 0 0 0 0 0 0 0 0 0 0 
1064 968 0 0 0 0 0 0 0 0 0 0 0 0 0 0 
1080 968 0 0 0 0 0 0 0 0 0 0 0 0 0 0 
1096 968 0 0 0 0 0 0 0 0 0 0 0 0 0 0 
1112 968 0 0 0 0 0 0 0 0 0 0 0 0 0 0 
1128 968 0 0 0 0 0 0 0 0 0 0 0 0 0 0 
1144 968 0 0 0 0 0 0 0 0 0 0 0 0 0 0 
1160 968 0 0 0 0 0 0 0 0 0 0 0 0 0 0 
1176 968 0 0 0 0 0 0 0 0 0 0 0 0 0 0 
1192 968 0 0 0 0 0 0 0 0 0 0 0 0 0 0 
1208 968 0 0 0 0 0 0 0 0 0 0 0 0 0 0 
1224 968 0 0 0 0 0 0 0 0 0 0 0 0 0 0 
1240 968 0 0 0 0 0 0 0 0 0 0 0 0 0 0 
1256 968 0 0 0 0 0 0 0 0 0 0 0 0 0 0 
1272 968 0 0 0 0 0 0 0 0 0 0 0 0 0 0 
1288 968 0 0 0 0 0 0 0 0 0 0 0 0 0 0 
1304 968 0 0 0 0 0 0 0 0 0 0 0 0 0 0 
1320 968 0 0 0 0 0 0 0 0 0 0 0 0 0 0 
1336 968 0 0 0 0 0 0 0 0 0 0 0 0 0 0 
1352 968 0 0 0 0 0 0 0 0 0 0 0 0 0 0 
1368 968 0 0 0 0 0 0 0 0 0 0 0 0 0 0 
1384 968 0 0 0 0 0 0 0 0 0 0 0 0 0 0 
1400 968 0 0 0 0 0 0 0 0 0 0 0 0 0 0 
1416 968 0 0 0 0 0 0 0 0 0 0 0 0 0 0 
1432 968 0 0 0 0 0 0 0 0 0 0 0 0 0 0 
1448 968 0 0 0 0 0 0 0 0 0 0 0 0 0 0 
1464 968 0 0 0 0 0 0 0 0 0 0 0 0 0 0 
1480 968 0 0 0 0 0 0 0 0 0 0 0 0 0 0 
1496 968 0 0 0 0 0 0 0 0 0 0 0 0 0 0 
1512 968 0 0 0 0 0 0 0 0 0 0 0 0 0 0 
1528 968 0 0 0 0 0 0 0 0 0 0 0 0 0 0 
1544 968 0 0 0 0 0 0 0 0 0 0 0 0 0 0 
1560 968 0 0 0 0 0 0 0 0 0 0 0 0 0 0 
1576 968 0 0 0 0 0 0 0 0 0 0 0 0 0 0 
1592 968 0 0 0 0 0 0 0 0 0 0 0 0 0 0 
1608 968 0 0 0 0 0 0 0 0 0 0 0 0 0 0 
1624 968 0 0 0 0 0 0 0 0 0 0 0 0 0 0 
1640 968 0 0 0 0 0 0 0 0 0 0 0 0 0 0 
1656 968 0 0 0 0 0 0 0 0 0 0 0 0 0 0 
1672 968 0 0 0 0 0 0 0 0 0 0 0 0 0 0 
1688 968 0 0 0 0 0 0 0 0 0 0 0 0 0 0 
1704 968 0 0 0 0 0 0 0 0 0 0 0 0 0 0 
1720 968 0 0 0 0 0 0 0 0 0 0 0 0 0 0 
1736 968 0 0 0 0 0 0 0 0 0 0 0 0 0 0 
1752 968 0 0 0 0 0 0 0 0 0 0 0 0 0 0 
1768 968 0 0 0 0 0 0 0 0 0 0 0 0 0 0 
1784 968 0 0 0 0 0 0 0 0 0 0 0 0 0 0 
1800 968 0 0 0 0 0 0 0 0 0 0 0 0 0 0 
1816 968 0 0 0 0 0 0 0 0 0 0 0 0 0 0 
1832 968 0 0 0 0 0 0 0 0 0 0 0 0 0 0 
1848 968 0 0 0 0 0 0 0 0 0 0 0 0 0 0 
1864 968 0 0 0 0 0 0 0 0 0 0 0 0 0 0 
1880 968 0 0 0 0 0 0 0 0 0 0 0 0 0 0 
1896 968 0 0 0 0 0 0 0 0 0 0 0 0 0 0 
1912 968 0 0 0 0 0 0 0 0 0 0 0 0 0 0 
1928 968 0 0 0 0 0 0 0 0 0 0 0 0 0 0 
1944 968 0 0 0 0 0 0 0 0 0 0 0 0 0 0 
1960 968 0 0 0 0 0 0 0 0 0 0 0 0 0 0 
1976 968 0 0 0 0 0 0 0 0 0 0 0 0 0 0 
1992 968 0 0 0 0 0 0 0 0 0 0 0 0 0 0 
2008 968 0 0 0 0 0 0 0 0 0 0 0 0 0 0 
2024 968 0 0 0 0 0 0 0 0 0 0 0 0 0 0 
2040 968 0 0 0 0 0 0 0 0 0 0 0 0 0 0 
2056 968 0 0 0 0 0 0 0 0 0 0 0 0 0 0 
2072 968 0 0 0 0 0 0 0 0 0 0 0 0 0 0 
2088 968 0 0 0 0 0 0 0 0 0 0 0 0 0 0 
2104 968 0 0 0 0 0 0 0 0 0 0 0 0 0 0 
2120 968 0 0 0 0 0 0 0 0 0 0 0 0 0 0 
2136 968 0 0 0 0 0 0 0 0 0 0 0 0 0 0 
2152 968 0 0 0 0 0 0 0 0 0 0 0 0 0 0 
2168 968 0 0 0 0 0 0 0 0 0 0 0 0 0 0 
2184 968 0 0 0 0 0 0 0 0 0 0 0 0 0 0 
2200 968 0 0 0 0 0 0 0 0 0 0 0 0 0 0 
2216 968 0 0 0 0 0 0 0 0 0 0 0 0 0 0 
2232 968 0 0 0 0 0 0 0 0 0 0 0 0 0 0 
2248 968 0 0 0 0 0 0 0 0 0 0 0 0 0 0 
2264 968 0 0 0 0 0 0 0 0 0 0 0 0 0 0 
2280 968 0 0 0 0 0 0 0 0 0 0 0 0 0 0 
2296 968 0 0 0 0 0 0 0 0 0 0 0 0 0 0 
2312 968 0 0 0 0 0 0 0 0 0 0 0 0 0 0 
2328 968 0 0 0 0 0 0 0 0 0 0 0 0 0 0 
2344 968 0 0 0 0 0 0 0 0 0 0 0 0 0 0 
2360 968 0 0 0 0 0 0 0 0 0 0 0 0 0 0 
2376 968 0 0 0 0 0 0 0 0 0 0 0 0 0 0 
2392 968 0 0 0 0 0 0 0 0 0 0 0 0 0 0 
2408 968 0 0 0 0 0 0 0 0 0 0 0 0 0 0 
2424 968 0 0 0 0 0 0 0 0 0 0 0 0 0 0 
2440 968 0 0 0 0 0 0 0 0 0 0 0 0 0 0 
2456 968 0 0 0 0 0 0 0 0 0 0 0 0 0 0 
2472 968 0 0 0 0 0 0 0 0 0 0 0 0 0 0 
2488 968 0 0 0 0 0 0 0 0 0 0 0 0 0 0 
2504 968 0 0 0 0 0 0 0 0 0 0 0 0 0 0 
2520 968 0 0 0 0 0 0 0 0 0 0 0 0 0 0 
2536 968 0 0 0 0 0 0 0 0 0 0 0 0 0 0 
24 984 0 0 0 0 0 0 0 0 0 0 0 0 0 0 
40 984 0 0 0 0 0 0 0 0 0 0 0 0 0 0 
56 984 0 0 0 0 0 0 0 0 0 0 0 0 0 0 
72 984 0 0 0 0 0 0 0 0 0 0 0 0 0 0 
88 984 0 0 0 0 0 0 0 0 0 0 0 0 0 0 
104 984 0 0 0 0 0 0 0 0 0 0 0 0 0 0 
120 984 0 0 0 0 0 0 0 0 0 0 0 0 0 0 
136 984 0 0 0 0 0 0 0 0 0 0 0 0 0 0 
152 984 0 0 0 0 0 0 0 0 0 0 0 0 0 0 
168 984 0 0 0 0 0 0 0 0 0 0 0 0 0 0 
184 984 0 0 0 0 0 0 0 0 0 0 0 0 0 0 
200 984 0 0 0 0 0 0 0 0 0 0 0 0 0 0 
216 984 0 0 0 0 0 0 0 0 0 0 0 0 0 0 
232 984 0 0 0 0 0 0 0 0 0 0 0 0 0 0 
248 984 0 0 0 0 0 0 0 0 0 0 0 0 0 0 
264 984 0 0 0 0 0 0 0 0 0 0 0 0 0 0 
280 984 0 0 0 0 0 0 0 0 0 0 0 0 0 0 
296 984 0 0 0 0 0 0 0 0 0 0 0 0 0 0 
312 984 0 0 0 0 0 0 0 0 0 0 0 0 0 0 
328 984 0 0 0 0 0 0 0 0 0 0 0 0 0 0 
344 984 0 0 0 0 0 0 0 0 0 0 0 0 0 0 
360 984 0 0 0 0 0 0 0 0 0 0 0 0 0 0 
376 984 0 0 0 0 0 0 0 0 0 0 0 0 0 0 
392 984 0 0 0 0 0 0 0 0 0 0 0 0 0 0 
408 984 0 0 0 0 0 0 0 0 0 0 0 0 0 0 
424 984 0 0 0 0 0 0 0 0 0 0 0 0 0 0 
440 984 0 0 0 0 0 0 0 0 0 0 0 0 0 0 
456 984 0 0 0 0 0 0 0 0 0 0 0 0 0 0 
472 984 0 0 0 0 0 0 0 0 0 0 0 0 0 0 
488 984 0 0 0 0 0 0 0 0 0 0 0 0 0 0 
504 984 0 0 0 0 0 0 0 0 0 0 0 0 0 0 
520 984 0 0 0 0 0 0 0 0 0 0 0 0 0 0 
536 984 0 0 0 0 0 0 0 0 0 0 0 0 0 0 
552 984 0 0 0 0 0 0 0 0 0 0 0 0 0 0 
568 984 0 0 0 0 0 0 0 0 0 0 0 0 0 0 
584 984 0 0 0 0 0 0 0 0 0 0 0 0 0 0 
600 984 0 0 0 0 0 0 0 0 0 0 0 0 0 0 
616 984 0 0 0 0 0 0 0 0 0 0 0 0 0 0 
632 984 0 0 0 0 0 0 0 0 0 0 0 0 0 0 
648 984 0 0 0 0 0 0 0 0 0 0 0 0 0 0 
664 984 0 0 0 0 0 0 0 0 0 0 0 0 0 0 
680 984 0 0 0 0 0 0 0 0 0 0 0 0 0 0 
696 984 0 0 0 0 0 0 0 0 0 0 0 0 0 0 
712 984 0 0 0 0 0 0 0 0 0 0 0 0 0 0 
728 984 0 0 0 0 0 0 0 0 0 0 0 0 0 0 
744 984 0 0 0 0 0 0 0 0 0 0 0 0 0 0 
760 984 0 0 0 0 0 0 0 0 0 0 0 0 0 0 
776 984 0 0 0 0 0 0 0 0 0 0 0 0 0 0 
792 984 0 0 0 0 0 0 0 0 0 0 0 0 0 0 
808 984 0 0 0 0 0 0 0 0 0 0 0 0 0 0 
824 984 0 0 0 0 0 0 0 0 0 0 0 0 0 0 
840 984 0 0 0 0 0 0 0 0 0 0 0 0 0 0 
856 984 0 0 0 0 0 0 0 0 0 0 0 0 0 0 
872 984 0 0 0 0 0 0 0 0 0 0 0 0 0 0 
888 984 0 0 0 0 0 0 0 0 0 0 0 0 0 0 
904 984 0 0 0 0 0 0 0 0 0 0 0 0 0 0 
920 984 0 0 0 0 0 0 0 0 0 0 0 0 0 0 
936 984 0 0 0 0 0 0 0 0 0 0 0 0 0 0 
952 984 0 0 0 0 0 0 0 0 0 0 0 0 0 0 
968 984 0 0 0 0 0 0 0 0 0 0 0 0 0 0 
984 984 0 0 0 0 0 0 0 0 0 0 0 0 0 0 
1000 984 0 0 0 0 0 0 0 0 0 0 0 0 0 0 
1016 984 0 0 0 0 0 0 0 0 0 0 0 0 0 0 
1032 984 0 0 0 0 0 0 0 0 0 0 0 0 0 0 
1048 984 0 0 0 0 0 0 0 0 0 0 0 0 0 0 
1064 984 0 0 0 0 0 0 0 0 0 0 0 0 0 0 
1080 984 0 0 0 0 0 0 0 0 0 0 0 0 0 0 
1096 984 0 0 0 0 0 0 0 0 0 0 0 0 0 0 
1112 984 0 0 0 0 0 0 0 0 0 0 0 0 0 0 
1128 984 0 0 0 0 0 0 0 0 0 0 0 0 0 0 
1144 984 0 0 0 0 0 0 0 0 0 0 0 0 0 0 
1160 984 0 0 0 0 0 0 0 0 0 0 0 0 0 0 
1176 984 0 0 0 0 0 0 0 0 0 0 0 0 0 0 
1192 984 0 0 0 0 0 0 0 0 0 0 0 0 0 0 
1208 984 0 0 0 0 0 0 0 0 0 0 0 0 0 0 
1224 984 0 0 0 0 0 0 0 0 0 0 0 0 0 0 
1240 984 0 0 0 0 0 0 0 0 0 0 0 0 0 0 
1256 984 0 0 0 0 0 0 0 0 0 0 0 0 0 0 
1272 984 0 0 0 0 0 0 0 0 0 0 0 0 0 0 
1288 984 0 0 0 0 0 0 0 0 0 0 0 0 0 0 
1304 984 0 0 0 0 0 0 0 0 0 0 0 0 0 0 
1320 984 0 0 0 0 0 0 0 0 0 0 0 0 0 0 
1336 984 0 0 0 0 0 0 0 0 0 0 0 0 0 0 
1352 984 0 0 0 0 0 0 0 0 0 0 0 0 0 0 
1368 984 0 0 0 0 0 0 0 0 0 0 0 0 0 0 
1384 984 0 0 0 0 0 0 0 0 0 0 0 0 0 0 
1400 984 0 0 0 0 0 0 0 0 0 0 0 0 0 0 
1416 984 0 0 0 0 0 0 0 0 0 0 0 0 0 0 
1432 984 0 0 0 0 0 0 0 0 0 0 0 0 0 0 
1448 984 0 0 0 0 0 0 0 0 0 0 0 0 0 0 
1464 984 0 0 0 0 0 0 0 0 0 0 0 0 0 0 
1480 984 0 0 0 0 0 0 0 0 0 0 0 0 0 0 
1496 984 0 0 0 0 0 0 0 0 0 0 0 0 0 0 
1512 984 0 0 0 0 0 0 0 0 0 0 0 0 0 0 
1528 984 0 0 0 0 0 0 0 0 0 0 0 0 0 0 
1544 984 0 0 0 0 0 0 0 0 0 0 0 0 0 0 
1560 984 0 0 0 0 0 0 0 0 0 0 0 0 0 0 
1576 984 0 0 0 0 0 0 0 0 0 0 0 0 0 0 
1592 984 0 0 0 0 0 0 0 0 0 0 0 0 0 0 
1608 984 0 0 0 0 0 0 0 0 0 0 0 0 0 0 
1624 984 0 0 0 0 0 0 0 0 0 0 0 0 0 0 
1640 984 0 0 0 0 0 0 0 0 0 0 0 0 0 0 
1656 984 0 0 0 0 0 0 0 0 0 0 0 0 0 0 
1672 984 0 0 0 0 0 0 0 0 0 0 0 0 0 0 
1688 984 0 0 0 0 0 0 0 0 0 0 0 0 0 0 
1704 984 0 0 0 0 0 0 0 0 0 0 0 0 0 0 
1720 984 0 0 0 0 0 0 0 0 0 0 0 0 0 0 
1736 984 0 0 0 0 0 0 0 0 0 0 0 0 0 0 
1752 984 0 0 0 0 0 0 0 0 0 0 0 0 0 0 
1768 984 0 0 0 0 0 0 0 0 0 0 0 0 0 0 
1784 984 0 0 0 0 0 0 0 0 0 0 0 0 0 0 
1800 984 0 0 0 0 0 0 0 0 0 0 0 0 0 0 
1816 984 0 0 0 0 0 0 0 0 0 0 0 0 0 0 
1832 984 0 0 0 0 0 0 0 0 0 0 0 0 0 0 
1848 984 0 0 0 0 0 0 0 0 0 0 0 0 0 0 
1864 984 0 0 0 0 0 0 0 0 0 0 0 0 0 0 
1880 984 0 0 0 0 0 0 0 0 0 0 0 0 0 0 
1896 984 0 0 0 0 0 0 0 0 0 0 0 0 0 0 
1912 984 0 0 0 0 0 0 0 0 0 0 0 0 0 0 
1928 984 0 0 0 0 0 0 0 0 0 0 0 0 0 0 
1944 984 0 0 0 0 0 0 0 0 0 0 0 0 0 0 
1960 984 0 0 0 0 0 0 0 0 0 0 0 0 0 0 
1976 984 0 0 0 0 0 0 0 0 0 0 0 0 0 0 
1992 984 0 0 0 0 0 0 0 0 0 0 0 0 0 0 
2008 984 0 0 0 0 0 0 0 0 0 0 0 0 0 0 
2024 984 0 0 0 0 0 0 0 0 0 0 0 0 0 0 
2040 984 0 0 0 0 0 0 0 0 0 0 0 0 0 0 
2056 984 0 0 0 0 0 0 0 0 0 0 0 0 0 0 
2072 984 0 0 0 0 0 0 0 0 0 0 0 0 0 0 
2088 984 0 0 0 0 0 0 0 0 0 0 0 0 0 0 
2104 984 0 0 0 0 0 0 0 0 0 0 0 0 0 0 
2120 984 0 0 0 0 0 0 0 0 0 0 0 0 0 0 
2136 984 0 0 0 0 0 0 0 0 0 0 0 0 0 0 
2152 984 0 0 0 0 0 0 0 0 0 0 0 0 0 0 
2168 984 0 0 0 0 0 0 0 0 0 0 0 0 0 0 
2184 984 0 0 0 0 0 0 0 0 0 0 0 0 0 0 
2200 984 0 0 0 0 0 0 0 0 0 0 0 0 0 0 
2216 984 0 0 0 0 0 0 0 0 0 0 0 0 0 0 
2232 984 0 0 0 0 0 0 0 0 0 0 0 0 0 0 
2248 984 0 0 0 0 0 0 0 0 0 0 0 0 0 0 
2264 984 0 0 0 0 0 0 0 0 0 0 0 0 0 0 
2280 984 0 0 0 0 0 0 0 0 0 0 0 0 0 0 
2296 984 0 0 0 0 0 0 0 0 0 0 0 0 0 0 
2312 984 0 0 0 0 0 0 0 0 0 0 0 0 0 0 
2328 984 0 0 0 0 0 0 0 0 0 0 0 0 0 0 
2344 984 0 0 0 0 0 0 0 0 0 0 0 0 0 0 
2360 984 0 0 0 0 0 0 0 0 0 0 0 0 0 0 
2376 984 0 0 0 0 0 0 0 0 0 0 0 0 0 0 
2392 984 0 0 0 0 0 0 0 0 0 0 0 0 0 0 
2408 984 0 0 0 0 0 0 0 0 0 0 0 0 0 0 
2424 984 0 0 0 0 0 0 0 0 0 0 0 0 0 0 
2440 984 0 0 0 0 0 0 0 0 0 0 0 0 0 0 
2456 984 0 0 0 0 0 0 0 0 0 0 0 0 0 0 
2472 984 0 0 0 0 0 0 0 0 0 0 0 0 0 0 
2488 984 0 0 0 0 0 0 0 0 0 0 0 0 0 0 
2504 984 0 0 0 0 0 0 0 0 0 0 0 0 0 0 
2520 984 0 0 0 0 0 0 0 0 0 0 0 0 0 0 
2536 984 0 0 0 0 0 0 0 0 0 0 0 0 0 0 
24 1000 0 0 0 0 0 0 0 0 0 0 0 0 0 0 
40 1000 0 0 0 0 0 0 0 0 0 0 0 0 0 0 
56 1000 0 0 0 0 0 0 0 0 0 0 0 0 0 0 
72 1000 0 0 0 0 0 0 0 0 0 0 0 0 0 0 
88 1000 0 0 0 0 0 0 0 0 0 0 0 0 0 0 
104 1000 0 0 0 0 0 0 0 0 0 0 0 0 0 0 
120 1000 0 0 0 0 0 0 0 0 0 0 0 0 0 0 
136 1000 0 0 0 0 0 0 0 0 0 0 0 0 0 0 
152 1000 0 0 0 0 0 0 0 0 0 0 0 0 0 0 
168 1000 0 0 0 0 0 0 0 0 0 0 0 0 0 0 
184 1000 0 0 0 0 0 0 0 0 0 0 0 0 0 0 
200 1000 0 0 0 0 0 0 0 0 0 0 0 0 0 0 
216 1000 0 0 0 0 0 0 0 0 0 0 0 0 0 0 
232 1000 0 0 0 0 0 0 0 0 0 0 0 0 0 0 
248 1000 0 0 0 0 0 0 0 0 0 0 0 0 0 0 
264 1000 0 0 0 0 0 0 0 0 0 0 0 0 0 0 
280 1000 0 0 0 0 0 0 0 0 0 0 0 0 0 0 
296 1000 0 0 0 0 0 0 0 0 0 0 0 0 0 0 
312 1000 0 0 0 0 0 0 0 0 0 0 0 0 0 0 
328 1000 0 0 0 0 0 0 0 0 0 0 0 0 0 0 
344 1000 0 0 0 0 0 0 0 0 0 0 0 0 0 0 
360 1000 0 0 0 0 0 0 0 0 0 0 0 0 0 0 
376 1000 0 0 0 0 0 0 0 0 0 0 0 0 0 0 
392 1000 0 0 0 0 0 0 0 0 0 0 0 0 0 0 
408 1000 0 0 0 0 0 0 0 0 0 0 0 0 0 0 
424 1000 0 0 0 0 0 0 0 0 0 0 0 0 0 0 
440 1000 0 0 0 0 0 0 0 0 0 0 0 0 0 0 
456 1000 0 0 0 0 0 0 0 0 0 0 0 0 0 0 
472 1000 0 0 0 0 0 0 0 0 0 0 0 0 0 0 
488 1000 0 0 0 0 0 0 0 0 0 0 0 0 0 0 
504 1000 0 0 0 0 0 0 0 0 0 0 0 0 0 0 
520 1000 0 0 0 0 0 0 0 0 0 0 0 0 0 0 
536 1000 0 0 0 0 0 0 0 0 0 0 0 0 0 0 
552 1000 0 0 0 0 0 0 0 0 0 0 0 0 0 0 
568 1000 0 0 0 0 0 0 0 0 0 0 0 0 0 0 
584 1000 0 0 0 0 0 0 0 0 0 0 0 0 0 0 
600 1000 0 0 0 0 0 0 0 0 0 0 0 0 0 0 
616 1000 0 0 0 0 0 0 0 0 0 0 0 0 0 0 
632 1000 0 0 0 0 0 0 0 0 0 0 0 0 0 0 
648 1000 0 0 0 0 0 0 0 0 0 0 0 0 0 0 
664 1000 0 0 0 0 0 0 0 0 0 0 0 0 0 0 
680 1000 0 0 0 0 0 0 0 0 0 0 0 0 0 0 
696 1000 0 0 0 0 0 0 0 0 0 0 0 0 0 0 
712 1000 0 0 0 0 0 0 0 0 0 0 0 0 0 0 
728 1000 0 0 0 0 0 0 0 0 0 0 0 0 0 0 
744 1000 0 0 0 0 0 0 0 0 0 0 0 0 0 0 
760 1000 0 0 0 0 0 0 0 0 0 0 0 0 0 0 
776 1000 0 0 0 0 0 0 0 0 0 0 0 0 0 0 
792 1000 0 0 0 0 0 0 0 0 0 0 0 0 0 0 
808 1000 0 0 0 0 0 0 0 0 0 0 0 0 0 0 
824 1000 0 0 0 0 0 0 0 0 0 0 0 0 0 0 
840 1000 0 0 0 0 0 0 0 0 0 0 0 0 0 0 
856 1000 0 0 0 0 0 0 0 0 0 0 0 0 0 0 
872 1000 0 0 0 0 0 0 0 0 0 0 0 0 0 0 
888 1000 0 0 0 0 0 0 0 0 0 0 0 0 0 0 
904 1000 0 0 0 0 0 0 0 0 0 0 0 0 0 0 
920 1000 0 0 0 0 0 0 0 0 0 0 0 0 0 0 
936 1000 0 0 0 0 0 0 0 0 0 0 0 0 0 0 
952 1000 0 0 0 0 0 0 0 0 0 0 0 0 0 0 
968 1000 0 0 0 0 0 0 0 0 0 0 0 0 0 0 
984 1000 0 0 0 0 0 0 0 0 0 0 0 0 0 0 
1000 1000 0 0 0 0 0 0 0 0 0 0 0 0 0 0 
1016 1000 0 0 0 0 0 0 0 0 0 0 0 0 0 0 
1032 1000 0 0 0 0 0 0 0 0 0 0 0 0 0 0 
1048 1000 0 0 0 0 0 0 0 0 0 0 0 0 0 0 
1064 1000 0 0 0 0 0 0 0 0 0 0 0 0 0 0 
1080 1000 0 0 0 0 0 0 0 0 0 0 0 0 0 0 
1096 1000 0 0 0 0 0 0 0 0 0 0 0 0 0 0 
1112 1000 0 0 0 0 0 0 0 0 0 0 0 0 0 0 
1128 1000 0 0 0 0 0 0 0 0 0 0 0 0 0 0 
1144 1000 0 0 0 0 0 0 0 0 0 0 0 0 0 0 
1160 1000 0 0 0 0 0 0 0 0 0 0 0 0 0 0 
1176 1000 0 0 0 0 0 0 0 0 0 0 0 0 0 0 
1192 1000 0 0 0 0 0 0 0 0 0 0 0 0 0 0 
1208 1000 0 0 0 0 0 0 0 0 0 0 0 0 0 0 
1224 1000 0 0 0 0 0 0 0 0 0 0 0 0 0 0 
1240 1000 0 0 0 0 0 0 0 0 0 0 0 0 0 0 
1256 1000 0 0 0 0 0 0 0 0 0 0 0 0 0 0 
1272 1000 0 0 0 0 0 0 0 0 0 0 0 0 0 0 
1288 1000 0 0 0 0 0 0 0 0 0 0 0 0 0 0 
1304 1000 0 0 0 0 0 0 0 0 0 0 0 0 0 0 
1320 1000 0 0 0 0 0 0 0 0 0 0 0 0 0 0 
1336 1000 0 0 0 0 0 0 0 0 0 0 0 0 0 0 
1352 1000 0 0 0 0 0 0 0 0 0 0 0 0 0 0 
1368 1000 0 0 0 0 0 0 0 0 0 0 0 0 0 0 
1384 1000 0 0 0 0 0 0 0 0 0 0 0 0 0 0 
1400 1000 0 0 0 0 0 0 0 0 0 0 0 0 0 0 
1416 1000 0 0 0 0 0 0 0 0 0 0 0 0 0 0 
1432 1000 0 0 0 0 0 0 0 0 0 0 0 0 0 0 
1448 1000 0 0 0 0 0 0 0 0 0 0 0 0 0 0 
1464 1000 0 0 0 0 0 0 0 0 0 0 0 0 0 0 
1480 1000 0 0 0 0 0 0 0 0 0 0 0 0 0 0 
1496 1000 0 0 0 0 0 0 0 0 0 0 0 0 0 0 
1512 1000 0 0 0 0 0 0 0 0 0 0 0 0 0 0 
1528 1000 0 0 0 0 0 0 0 0 0 0 0 0 0 0 
1544 1000 0 0 0 0 0 0 0 0 0 0 0 0 0 0 
1560 1000 0 0 0 0 0 0 0 0 0 0 0 0 0 0 
1576 1000 0 0 0 0 0 0 0 0 0 0 0 0 0 0 
1592 1000 0 0 0 0 0 0 0 0 0 0 0 0 0 0 
1608 1000 0 0 0 0 0 0 0 0 0 0 0 0 0 0 
1624 1000 0 0 0 0 0 0 0 0 0 0 0 0 0 0 
1640 1000 0 0 0 0 0 0 0 0 0 0 0 0 0 0 
1656 1000 0 0 0 0 0 0 0 0 0 0 0 0 0 0 
1672 1000 0 0 0 0 0 0 0 0 0 0 0 0 0 0 
1688 1000 0 0 0 0 0 0 0 0 0 0 0 0 0 0 
1704 1000 0 0 0 0 0 0 0 0 0 0 0 0 0 0 
1720 1000 0 0 0 0 0 0 0 0 0 0 0 0 0 0 
1736 1000 0 0 0 0 0 0 0 0 0 0 0 0 0 0 
1752 1000 0 0 0 0 0 0 0 0 0 0 0 0 0 0 
1768 1000 0 0 0 0 0 0 0 0 0 0 0 0 0 0 
1784 1000 0 0 0 0 0 0 0 0 0 0 0 0 0 0 
1800 1000 0 0 0 0 0 0 0 0 0 0 0 0 0 0 
1816 1000 0 0 0 0 0 0 0 0 0 0 0 0 0 0 
1832 1000 0 0 0 0 0 0 0 0 0 0 0 0 0 0 
1848 1000 0 0 0 0 0 0 0 0 0 0 0 0 0 0 
1864 1000 0 0 0 0 0 0 0 0 0 0 0 0 0 0 
1880 1000 0 0 0 0 0 0 0 0 0 0 0 0 0 0 
1896 1000 0 0 0 0 0 0 0 0 0 0 0 0 0 0 
1912 1000 0 0 0 0 0 0 0 0 0 0 0 0 0 0 
1928 1000 0 0 0 0 0 0 0 0 0 0 0 0 0 0 
1944 1000 0 0 0 0 0 0 0 0 0 0 0 0 0 0 
1960 1000 0 0 0 0 0 0 0 0 0 0 0 0 0 0 
1976 1000 0 0 0 0 0 0 0 0 0 0 0 0 0 0 
1992 1000 0 0 0 0 0 0 0 0 0 0 0 0 0 0 
2008 1000 0 0 0 0 0 0 0 0 0 0 0 0 0 0 
2024 1000 0 0 0 0 0 0 0 0 0 0 0 0 0 0 
2040 1000 0 0 0 0 0 0 0 0 0 0 0 0 0 0 
2056 1000 0 0 0 0 0 0 0 0 0 0 0 0 0 0 
2072 1000 0 0 0 0 0 0 0 0 0 0 0 0 0 0 
2088 1000 0 0 0 0 0 0 0 0 0 0 0 0 0 0 
2104 1000 0 0 0 0 0 0 0 0 0 0 0 0 0 0 
2120 1000 0 0 0 0 0 0 0 0 0 0 0 0 0 0 
2136 1000 0 0 0 0 0 0 0 0 0 0 0 0 0 0 
2152 1000 0 0 0 0 0 0 0 0 0 0 0 0 0 0 
2168 1000 0 0 0 0 0 0 0 0 0 0 0 0 0 0 
2184 1000 0 0 0 0 0 0 0 0 0 0 0 0 0 0 
2200 1000 0 0 0 0 0 0 0 0 0 0 0 0 0 0 
2216 1000 0 0 0 0 0 0 0 0 0 0 0 0 0 0 
2232 1000 0 0 0 0 0 0 0 0 0 0 0 0 0 0 
2248 1000 0 0 0 0 0 0 0 0 0 0 0 0 0 0 
2264 1000 0 0 0 0 0 0 0 0 0 0 0 0 0 0 
2280 1000 0 0 0 0 0 0 0 0 0 0 0 0 0 0 
2296 1000 0 0 0 0 0 0 0 0 0 0 0 0 0 0 
2312 1000 0 0 0 0 0 0 0 0 0 0 0 0 0 0 
2328 1000 0 0 0 0 0 0 0 0 0 0 0 0 0 0 
2344 1000 0 0 0 0 0 0 0 0 0 0 0 0 0 0 
2360 1000 0 0 0 0 0 0 0 0 0 0 0 0 0 0 
2376 1000 0 0 0 0 0 0 0 0 0 0 0 0 0 0 
2392 1000 0 0 0 0 0 0 0 0 0 0 0 0 0 0 
2408 1000 0 0 0 0 0 0 0 0 0 0 0 0 0 0 
2424 1000 0 0 0 0 0 0 0 0 0 0 0 0 0 0 
2440 1000 0 0 0 0 0 0 0 0 0 0 0 0 0 0 
2456 1000 0 0 0 0 0 0 0 0 0 0 0 0 0 0 
2472 1000 0 0 0 0 0 0 0 0 0 0 0 0 0 0 
2488 1000 0 0 0 0 0 0 0 0 0 0 0 0 0 0 
2504 1000 0 0 0 0 0 0 0 0 0 0 0 0 0 0 
2520 1000 0 0 0 0 0 0 0 0 0 0 0 0 0 0 
2536 1000 0 0 0 0 0 0 0 0 0 0 0 0 0 0 
24 1016 0 0 0 0 0 0 0 0 0 0 0 0 0 0 
40 1016 0 0 0 0 0 0 0 0 0 0 0 0 0 0 
56 1016 0 0 0 0 0 0 0 0 0 0 0 0 0 0 
72 1016 0 0 0 0 0 0 0 0 0 0 0 0 0 0 
88 1016 0 0 0 0 0 0 0 0 0 0 0 0 0 0 
104 1016 0 0 0 0 0 0 0 0 0 0 0 0 0 0 
120 1016 0 0 0 0 0 0 0 0 0 0 0 0 0 0 
136 1016 0 0 0 0 0 0 0 0 0 0 0 0 0 0 
152 1016 0 0 0 0 0 0 0 0 0 0 0 0 0 0 
168 1016 0 0 0 0 0 0 0 0 0 0 0 0 0 0 
184 1016 0 0 0 0 0 0 0 0 0 0 0 0 0 0 
200 1016 0 0 0 0 0 0 0 0 0 0 0 0 0 0 
216 1016 0 0 0 0 0 0 0 0 0 0 0 0 0 0 
232 1016 0 0 0 0 0 0 0 0 0 0 0 0 0 0 
248 1016 0 0 0 0 0 0 0 0 0 0 0 0 0 0 
264 1016 0 0 0 0 0 0 0 0 0 0 0 0 0 0 
280 1016 0 0 0 0 0 0 0 0 0 0 0 0 0 0 
296 1016 0 0 0 0 0 0 0 0 0 0 0 0 0 0 
312 1016 0 0 0 0 0 0 0 0 0 0 0 0 0 0 
328 1016 0 0 0 0 0 0 0 0 0 0 0 0 0 0 
344 1016 0 0 0 0 0 0 0 0 0 0 0 0 0 0 
360 1016 0 0 0 0 0 0 0 0 0 0 0 0 0 0 
376 1016 0 0 0 0 0 0 0 0 0 0 0 0 0 0 
392 1016 0 0 0 0 0 0 0 0 0 0 0 0 0 0 
408 1016 0 0 0 0 0 0 0 0 0 0 0 0 0 0 
424 1016 0 0 0 0 0 0 0 0 0 0 0 0 0 0 
440 1016 0 0 0 0 0 0 0 0 0 0 0 0 0 0 
456 1016 0 0 0 0 0 0 0 0 0 0 0 0 0 0 
472 1016 0 0 0 0 0 0 0 0 0 0 0 0 0 0 
488 1016 0 0 0 0 0 0 0 0 0 0 0 0 0 0 
504 1016 0 0 0 0 0 0 0 0 0 0 0 0 0 0 
520 1016 0 0 0 0 0 0 0 0 0 0 0 0 0 0 
536 1016 0 0 0 0 0 0 0 0 0 0 0 0 0 0 
552 1016 0 0 0 0 0 0 0 0 0 0 0 0 0 0 
568 1016 0 0 0 0 0 0 0 0 0 0 0 0 0 0 
584 1016 0 0 0 0 0 0 0 0 0 0 0 0 0 0 
600 1016 0 0 0 0 0 0 0 0 0 0 0 0 0 0 
616 1016 0 0 0 0 0 0 0 0 0 0 0 0 0 0 
632 1016 0 0 0 0 0 0 0 0 0 0 0 0 0 0 
648 1016 0 0 0 0 0 0 0 0 0 0 0 0 0 0 
664 1016 0 0 0 0 0 0 0 0 0 0 0 0 0 0 
680 1016 0 0 0 0 0 0 0 0 0 0 0 0 0 0 
696 1016 0 0 0 0 0 0 0 0 0 0 0 0 0 0 
712 1016 0 0 0 0 0 0 0 0 0 0 0 0 0 0 
728 1016 0 0 0 0 0 0 0 0 0 0 0 0 0 0 
744 1016 0 0 0 0 0 0 0 0 0 0 0 0 0 0 
760 1016 0 0 0 0 0 0 0 0 0 0 0 0 0 0 
776 1016 0 0 0 0 0 0 0 0 0 0 0 0 0 0 
792 1016 0 0 0 0 0 0 0 0 0 0 0 0 0 0 
808 1016 0 0 0 0 0 0 0 0 0 0 0 0 0 0 
824 1016 0 0 0 0 0 0 0 0 0 0 0 0 0 0 
840 1016 0 0 0 0 0 0 0 0 0 0 0 0 0 0 
856 1016 0 0 0 0 0 0 0 0 0 0 0 0 0 0 
872 1016 0 0 0 0 0 0 0 0 0 0 0 0 0 0 
888 1016 0 0 0 0 0 0 0 0 0 0 0 0 0 0 
904 1016 0 0 0 0 0 0 0 0 0 0 0 0 0 0 
920 1016 0 0 0 0 0 0 0 0 0 0 0 0 0 0 
936 1016 0 0 0 0 0 0 0 0 0 0 0 0 0 0 
952 1016 0 0 0 0 0 0 0 0 0 0 0 0 0 0 
968 1016 0 0 0 0 0 0 0 0 0 0 0 0 0 0 
984 1016 0 0 0 0 0 0 0 0 0 0 0 0 0 0 
1000 1016 0 0 0 0 0 0 0 0 0 0 0 0 0 0 
1016 1016 0 0 0 0 0 0 0 0 0 0 0 0 0 0 
1032 1016 0 0 0 0 0 0 0 0 0 0 0 0 0 0 
1048 1016 0 0 0 0 0 0 0 0 0 0 0 0 0 0 
1064 1016 0 0 0 0 0 0 0 0 0 0 0 0 0 0 
1080 1016 0 0 0 0 0 0 0 0 0 0 0 0 0 0 
1096 1016 0 0 0 0 0 0 0 0 0 0 0 0 0 0 
1112 1016 0 0 0 0 0 0 0 0 0 0 0 0 0 0 
1128 1016 0 0 0 0 0 0 0 0 0 0 0 0 0 0 
1144 1016 0 0 0 0 0 0 0 0 0 0 0 0 0 0 
1160 1016 0 0 0 0 0 0 0 0 0 0 0 0 0 0 
1176 1016 0 0 0 0 0 0 0 0 0 0 0 0 0 0 
1192 1016 0 0 0 0 0 0 0 0 0 0 0 0 0 0 
1208 1016 0 0 0 0 0 0 0 0 0 0 0 0 0 0 
1224 1016 0 0 0 0 0 0 0 0 0 0 0 0 0 0 
1240 1016 0 0 0 0 0 0 0 0 0 0 0 0 0 0 
1256 1016 0 0 0 0 0 0 0 0 0 0 0 0 0 0 
1272 1016 0 0 0 0 0 0 0 0 0 0 0 0 0 0 
1288 1016 0 0 0 0 0 0 0 0 0 0 0 0 0 0 
1304 1016 0 0 0 0 0 0 0 0 0 0 0 0 0 0 
1320 1016 0 0 0 0 0 0 0 0 0 0 0 0 0 0 
1336 1016 0 0 0 0 0 0 0 0 0 0 0 0 0 0 
1352 1016 0 0 0 0 0 0 0 0 0 0 0 0 0 0 
1368 1016 0 0 0 0 0 0 0 0 0 0 0 0 0 0 
1384 1016 0 0 0 0 0 0 0 0 0 0 0 0 0 0 
1400 1016 0 0 0 0 0 0 0 0 0 0 0 0 0 0 
1416 1016 0 0 0 0 0 0 0 0 0 0 0 0 0 0 
1432 1016 0 0 0 0 0 0 0 0 0 0 0 0 0 0 
1448 1016 0 0 0 0 0 0 0 0 0 0 0 0 0 0 
1464 1016 0 0 0 0 0 0 0 0 0 0 0 0 0 0 
1480 1016 0 0 0 0 0 0 0 0 0 0 0 0 0 0 
1496 1016 0 0 0 0 0 0 0 0 0 0 0 0 0 0 
1512 1016 0 0 0 0 0 0 0 0 0 0 0 0 0 0 
1528 1016 0 0 0 0 0 0 0 0 0 0 0 0 0 0 
1544 1016 0 0 0 0 0 0 0 0 0 0 0 0 0 0 
1560 1016 0 0 0 0 0 0 0 0 0 0 0 0 0 0 
1576 1016 0 0 0 0 0 0 0 0 0 0 0 0 0 0 
1592 1016 0 0 0 0 0 0 0 0 0 0 0 0 0 0 
1608 1016 0 0 0 0 0 0 0 0 0 0 0 0 0 0 
1624 1016 0 0 0 0 0 0 0 0 0 0 0 0 0 0 
1640 1016 0 0 0 0 0 0 0 0 0 0 0 0 0 0 
1656 1016 0 0 0 0 0 0 0 0 0 0 0 0 0 0 
1672 1016 0 0 0 0 0 0 0 0 0 0 0 0 0 0 
1688 1016 0 0 0 0 0 0 0 0 0 0 0 0 0 0 
1704 1016 0 0 0 0 0 0 0 0 0 0 0 0 0 0 
1720 1016 0 0 0 0 0 0 0 0 0 0 0 0 0 0 
1736 1016 0 0 0 0 0 0 0 0 0 0 0 0 0 0 
1752 1016 0 0 0 0 0 0 0 0 0 0 0 0 0 0 
1768 1016 0 0 0 0 0 0 0 0 0 0 0 0 0 0 
1784 1016 0 0 0 0 0 0 0 0 0 0 0 0 0 0 
1800 1016 0 0 0 0 0 0 0 0 0 0 0 0 0 0 
1816 1016 0 0 0 0 0 0 0 0 0 0 0 0 0 0 
1832 1016 0 0 0 0 0 0 0 0 0 0 0 0 0 0 
1848 1016 0 0 0 0 0 0 0 0 0 0 0 0 0 0 
1864 1016 0 0 0 0 0 0 0 0 0 0 0 0 0 0 
1880 1016 0 0 0 0 0 0 0 0 0 0 0 0 0 0 
1896 1016 0 0 0 0 0 0 0 0 0 0 0 0 0 0 
1912 1016 0 0 0 0 0 0 0 0 0 0 0 0 0 0 
1928 1016 0 0 0 0 0 0 0 0 0 0 0 0 0 0 
1944 1016 0 0 0 0 0 0 0 0 0 0 0 0 0 0 
1960 1016 0 0 0 0 0 0 0 0 0 0 0 0 0 0 
1976 1016 0 0 0 0 0 0 0 0 0 0 0 0 0 0 
1992 1016 0 0 0 0 0 0 0 0 0 0 0 0 0 0 
2008 1016 0 0 0 0 0 0 0 0 0 0 0 0 0 0 
2024 1016 0 0 0 0 0 0 0 0 0 0 0 0 0 0 
2040 1016 0 0 0 0 0 0 0 0 0 0 0 0 0 0 
2056 1016 0 0 0 0 0 0 0 0 0 0 0 0 0 0 
2072 1016 0 0 0 0 0 0 0 0 0 0 0 0 0 0 
2088 1016 0 0 0 0 0 0 0 0 0 0 0 0 0 0 
2104 1016 0 0 0 0 0 0 0 0 0 0 0 0 0 0 
2120 1016 0 0 0 0 0 0 0 0 0 0 0 0 0 0 
2136 1016 0 0 0 0 0 0 0 0 0 0 0 0 0 0 
2152 1016 0 0 0 0 0 0 0 0 0 0 0 0 0 0 
2168 1016 0 0 0 0 0 0 0 0 0 0 0 0 0 0 
2184 1016 0 0 0 0 0 0 0 0 0 0 0 0 0 0 
2200 1016 0 0 0 0 0 0 0 0 0 0 0 0 0 0 
2216 1016 0 0 0 0 0 0 0 0 0 0 0 0 0 0 
2232 1016 0 0 0 0 0 0 0 0 0 0 0 0 0 0 
2248 1016 0 0 0 0 0 0 0 0 0 0 0 0 0 0 
2264 1016 0 0 0 0 0 0 0 0 0 0 0 0 0 0 
2280 1016 0 0 0 0 0 0 0 0 0 0 0 0 0 0 
2296 1016 0 0 0 0 0 0 0 0 0 0 0 0 0 0 
2312 1016 0 0 0 0 0 0 0 0 0 0 0 0 0 0 
2328 1016 0 0 0 0 0 0 0 0 0 0 0 0 0 0 
2344 1016 0 0 0 0 0 0 0 0 0 0 0 0 0 0 
2360 1016 0 0 0 0 0 0 0 0 0 0 0 0 0 0 
2376 1016 0 0 0 0 0 0 0 0 0 0 0 0 0 0 
2392 1016 0 0 0 0 0 0 0 0 0 0 0 0 0 0 
2408 1016 0 0 0 0 0 0 0 0 0 0 0 0 0 0 
2424 1016 0 0 0 0 0 0 0 0 0 0 0 0 0 0 
2440 1016 0 0 0 0 0 0 0 0 0 0 0 0 0 0 
2456 1016 0 0 0 0 0 0 0 0 0 0 0 0 0 0 
2472 1016 0 0 0 0 0 0 0 0 0 0 0 0 0 0 
2488 1016 0 0 0 0 0 0 0 0 0 0 0 0 0 0 
2504 1016 0 0 0 0 0 0 0 0 0 0 0 0 0 0 
2520 1016 0 0 0 0 0 0 0 0 0 0 0 0 0 0 
2536 1016 0 0 0 0 0 0 0 0 0 0 0 0 0 0 
24 1032 0 0 0 0 0 0 0 0 0 0 0 0 0 0 
40 1032 0 0 0 0 0 0 0 0 0 0 0 0 0 0 
56 1032 0 0 0 0 0 0 0 0 0 0 0 0 0 0 
72 1032 0 0 0 0 0 0 0 0 0 0 0 0 0 0 
88 1032 0 0 0 0 0 0 0 0 0 0 0 0 0 0 
104 1032 0 0 0 0 0 0 0 0 0 0 0 0 0 0 
120 1032 0 0 0 0 0 0 0 0 0 0 0 0 0 0 
136 1032 0 0 0 0 0 0 0 0 0 0 0 0 0 0 
152 1032 0 0 0 0 0 0 0 0 0 0 0 0 0 0 
168 1032 0 0 0 0 0 0 0 0 0 0 0 0 0 0 
184 1032 0 0 0 0 0 0 0 0 0 0 0 0 0 0 
200 1032 0 0 0 0 0 0 0 0 0 0 0 0 0 0 
216 1032 0 0 0 0 0 0 0 0 0 0 0 0 0 0 
232 1032 0 0 0 0 0 0 0 0 0 0 0 0 0 0 
248 1032 0 0 0 0 0 0 0 0 0 0 0 0 0 0 
264 1032 0 0 0 0 0 0 0 0 0 0 0 0 0 0 
280 1032 0 0 0 0 0 0 0 0 0 0 0 0 0 0 
296 1032 0 0 0 0 0 0 0 0 0 0 0 0 0 0 
312 1032 0 0 0 0 0 0 0 0 0 0 0 0 0 0 
328 1032 0 0 0 0 0 0 0 0 0 0 0 0 0 0 
344 1032 0 0 0 0 0 0 0 0 0 0 0 0 0 0 
360 1032 0 0 0 0 0 0 0 0 0 0 0 0 0 0 
376 1032 0 0 0 0 0 0 0 0 0 0 0 0 0 0 
392 1032 0 0 0 0 0 0 0 0 0 0 0 0 0 0 
408 1032 0 0 0 0 0 0 0 0 0 0 0 0 0 0 
424 1032 0 0 0 0 0 0 0 0 0 0 0 0 0 0 
440 1032 0 0 0 0 0 0 0 0 0 0 0 0 0 0 
456 1032 0 0 0 0 0 0 0 0 0 0 0 0 0 0 
472 1032 0 0 0 0 0 0 0 0 0 0 0 0 0 0 
488 1032 0 0 0 0 0 0 0 0 0 0 0 0 0 0 
504 1032 0 0 0 0 0 0 0 0 0 0 0 0 0 0 
520 1032 0 0 0 0 0 0 0 0 0 0 0 0 0 0 
536 1032 0 0 0 0 0 0 0 0 0 0 0 0 0 0 
552 1032 0 0 0 0 0 0 0 0 0 0 0 0 0 0 
568 1032 0 0 0 0 0 0 0 0 0 0 0 0 0 0 
584 1032 0 0 0 0 0 0 0 0 0 0 0 0 0 0 
600 1032 0 0 0 0 0 0 0 0 0 0 0 0 0 0 
616 1032 0 0 0 0 0 0 0 0 0 0 0 0 0 0 
632 1032 0 0 0 0 0 0 0 0 0 0 0 0 0 0 
648 1032 0 0 0 0 0 0 0 0 0 0 0 0 0 0 
664 1032 0 0 0 0 0 0 0 0 0 0 0 0 0 0 
680 1032 0 0 0 0 0 0 0 0 0 0 0 0 0 0 
696 1032 0 0 0 0 0 0 0 0 0 0 0 0 0 0 
712 1032 0 0 0 0 0 0 0 0 0 0 0 0 0 0 
728 1032 0 0 0 0 0 0 0 0 0 0 0 0 0 0 
744 1032 0 0 0 0 0 0 0 0 0 0 0 0 0 0 
760 1032 0 0 0 0 0 0 0 0 0 0 0 0 0 0 
776 1032 0 0 0 0 0 0 0 0 0 0 0 0 0 0 
792 1032 0 0 0 0 0 0 0 0 0 0 0 0 0 0 
808 1032 0 0 0 0 0 0 0 0 0 0 0 0 0 0 
824 1032 0 0 0 0 0 0 0 0 0 0 0 0 0 0 
840 1032 0 0 0 0 0 0 0 0 0 0 0 0 0 0 
856 1032 0 0 0 0 0 0 0 0 0 0 0 0 0 0 
872 1032 0 0 0 0 0 0 0 0 0 0 0 0 0 0 
888 1032 0 0 0 0 0 0 0 0 0 0 0 0 0 0 
904 1032 0 0 0 0 0 0 0 0 0 0 0 0 0 0 
920 1032 0 0 0 0 0 0 0 0 0 0 0 0 0 0 
936 1032 0 0 0 0 0 0 0 0 0 0 0 0 0 0 
952 1032 0 0 0 0 0 0 0 0 0 0 0 0 0 0 
968 1032 0 0 0 0 0 0 0 0 0 0 0 0 0 0 
984 1032 0 0 0 0 0 0 0 0 0 0 0 0 0 0 
1000 1032 0 0 0 0 0 0 0 0 0 0 0 0 0 0 
1016 1032 0 0 0 0 0 0 0 0 0 0 0 0 0 0 
1032 1032 0 0 0 0 0 0 0 0 0 0 0 0 0 0 
1048 1032 0 0 0 0 0 0 0 0 0 0 0 0 0 0 
1064 1032 0 0 0 0 0 0 0 0 0 0 0 0 0 0 
1080 1032 0 0 0 0 0 0 0 0 0 0 0 0 0 0 
1096 1032 0 0 0 0 0 0 0 0 0 0 0 0 0 0 
1112 1032 0 0 0 0 0 0 0 0 0 0 0 0 0 0 
1128 1032 0 0 0 0 0 0 0 0 0 0 0 0 0 0 
1144 1032 0 0 0 0 0 0 0 0 0 0 0 0 0 0 
1160 1032 0 0 0 0 0 0 0 0 0 0 0 0 0 0 
1176 1032 0 0 0 0 0 0 0 0 0 0 0 0 0 0 
1192 1032 0 0 0 0 0 0 0 0 0 0 0 0 0 0 
1208 1032 0 0 0 0 0 0 0 0 0 0 0 0 0 0 
1224 1032 0 0 0 0 0 0 0 0 0 0 0 0 0 0 
1240 1032 0 0 0 0 0 0 0 0 0 0 0 0 0 0 
1256 1032 0 0 0 0 0 0 0 0 0 0 0 0 0 0 
1272 1032 0 0 0 0 0 0 0 0 0 0 0 0 0 0 
1288 1032 0 0 0 0 0 0 0 0 0 0 0 0 0 0 
1304 1032 0 0 0 0 0 0 0 0 0 0 0 0 0 0 
1320 1032 0 0 0 0 0 0 0 0 0 0 0 0 0 0 
1336 1032 0 0 0 0 0 0 0 0 0 0 0 0 0 0 
1352 1032 0 0 0 0 0 0 0 0 0 0 0 0 0 0 
1368 1032 0 0 0 0 0 0 0 0 0 0 0 0 0 0 
1384 1032 0 0 0 0 0 0 0 0 0 0 0 0 0 0 
1400 1032 0 0 0 0 0 0 0 0 0 0 0 0 0 0 
1416 1032 0 0 0 0 0 0 0 0 0 0 0 0 0 0 
1432 1032 0 0 0 0 0 0 0 0 0 0 0 0 0 0 
1448 1032 0 0 0 0 0 0 0 0 0 0 0 0 0 0 
1464 1032 0 0 0 0 0 0 0 0 0 0 0 0 0 0 
1480 1032 0 0 0 0 0 0 0 0 0 0 0 0 0 0 
1496 1032 0 0 0 0 0 0 0 0 0 0 0 0 0 0 
1512 1032 0 0 0 0 0 0 0 0 0 0 0 0 0 0 
1528 1032 0 0 0 0 0 0 0 0 0 0 0 0 0 0 
1544 1032 0 0 0 0 0 0 0 0 0 0 0 0 0 0 
1560 1032 0 0 0 0 0 0 0 0 0 0 0 0 0 0 
1576 1032 0 0 0 0 0 0 0 0 0 0 0 0 0 0 
1592 1032 0 0 0 0 0 0 0 0 0 0 0 0 0 0 
1608 1032 0 0 0 0 0 0 0 0 0 0 0 0 0 0 
1624 1032 0 0 0 0 0 0 0 0 0 0 0 0 0 0 
1640 1032 0 0 0 0 0 0 0 0 0 0 0 0 0 0 
1656 1032 0 0 0 0 0 0 0 0 0 0 0 0 0 0 
1672 1032 0 0 0 0 0 0 0 0 0 0 0 0 0 0 
1688 1032 0 0 0 0 0 0 0 0 0 0 0 0 0 0 
1704 1032 0 0 0 0 0 0 0 0 0 0 0 0 0 0 
1720 1032 0 0 0 0 0 0 0 0 0 0 0 0 0 0 
1736 1032 0 0 0 0 0 0 0 0 0 0 0 0 0 0 
1752 1032 0 0 0 0 0 0 0 0 0 0 0 0 0 0 
1768 1032 0 0 0 0 0 0 0 0 0 0 0 0 0 0 
1784 1032 0 0 0 0 0 0 0 0 0 0 0 0 0 0 
1800 1032 0 0 0 0 0 0 0 0 0 0 0 0 0 0 
1816 1032 0 0 0 0 0 0 0 0 0 0 0 0 0 0 
1832 1032 0 0 0 0 0 0 0 0 0 0 0 0 0 0 
1848 1032 0 0 0 0 0 0 0 0 0 0 0 0 0 0 
1864 1032 0 0 0 0 0 0 0 0 0 0 0 0 0 0 
1880 1032 0 0 0 0 0 0 0 0 0 0 0 0 0 0 
1896 1032 0 0 0 0 0 0 0 0 0 0 0 0 0 0 
1912 1032 0 0 0 0 0 0 0 0 0 0 0 0 0 0 
1928 1032 0 0 0 0 0 0 0 0 0 0 0 0 0 0 
1944 1032 0 0 0 0 0 0 0 0 0 0 0 0 0 0 
1960 1032 0 0 0 0 0 0 0 0 0 0 0 0 0 0 
1976 1032 0 0 0 0 0 0 0 0 0 0 0 0 0 0 
1992 1032 0 0 0 0 0 0 0 0 0 0 0 0 0 0 
2008 1032 0 0 0 0 0 0 0 0 0 0 0 0 0 0 
2024 1032 0 0 0 0 0 0 0 0 0 0 0 0 0 0 
2040 1032 0 0 0 0 0 0 0 0 0 0 0 0 0 0 
2056 1032 0 0 0 0 0 0 0 0 0 0 0 0 0 0 
2072 1032 0 0 0 0 0 0 0 0 0 0 0 0 0 0 
2088 1032 0 0 0 0 0 0 0 0 0 0 0 0 0 0 
2104 1032 0 0 0 0 0 0 0 0 0 0 0 0 0 0 
2120 1032 0 0 0 0 0 0 0 0 0 0 0 0 0 0 
2136 1032 0 0 0 0 0 0 0 0 0 0 0 0 0 0 
2152 1032 0 0 0 0 0 0 0 0 0 0 0 0 0 0 
2168 1032 0 0 0 0 0 0 0 0 0 0 0 0 0 0 
2184 1032 0 0 0 0 0 0 0 0 0 0 0 0 0 0 
2200 1032 0 0 0 0 0 0 0 0 0 0 0 0 0 0 
2216 1032 0 0 0 0 0 0 0 0 0 0 0 0 0 0 
2232 1032 0 0 0 0 0 0 0 0 0 0 0 0 0 0 
2248 1032 0 0 0 0 0 0 0 0 0 0 0 0 0 0 
2264 1032 0 0 0 0 0 0 0 0 0 0 0 0 0 0 
2280 1032 0 0 0 0 0 0 0 0 0 0 0 0 0 0 
2296 1032 0 0 0 0 0 0 0 0 0 0 0 0 0 0 
2312 1032 0 0 0 0 0 0 0 0 0 0 0 0 0 0 
2328 1032 0 0 0 0 0 0 0 0 0 0 0 0 0 0 
2344 1032 0 0 0 0 0 0 0 0 0 0 0 0 0 0 
2360 1032 0 0 0 0 0 0 0 0 0 0 0 0 0 0 
2376 1032 0 0 0 0 0 0 0 0 0 0 0 0 0 0 
2392 1032 0 0 0 0 0 0 0 0 0 0 0 0 0 0 
2408 1032 0 0 0 0 0 0 0 0 0 0 0 0 0 0 
2424 1032 0 0 0 0 0 0 0 0 0 0 0 0 0 0 
2440 1032 0 0 0 0 0 0 0 0 0 0 0 0 0 0 
2456 1032 0 0 0 0 0 0 0 0 0 0 0 0 0 0 
2472 1032 0 0 0 0 0 0 0 0 0 0 0 0 0 0 
2488 1032 0 0 0 0 0 0 0 0 0 0 0 0 0 0 
2504 1032 0 0 0 0 0 0 0 0 0 0 0 0 0 0 
2520 1032 0 0 0 0 0 0 0 0 0 0 0 0 0 0 
2536 1032 0 0 0 0 0 0 0 0 0 0 0 0 0 0 
24 1048 0 0 0 0 0 0 0 0 0 0 0 0 0 0 
40 1048 0 0 0 0 0 0 0 0 0 0 0 0 0 0 
56 1048 0 0 0 0 0 0 0 0 0 0 0 0 0 0 
72 1048 0 0 0 0 0 0 0 0 0 0 0 0 0 0 
88 1048 0 0 0 0 0 0 0 0 0 0 0 0 0 0 
104 1048 0 0 0 0 0 0 0 0 0 0 0 0 0 0 
120 1048 0 0 0 0 0 0 0 0 0 0 0 0 0 0 
136 1048 0 0 0 0 0 0 0 0 0 0 0 0 0 0 
152 1048 0 0 0 0 0 0 0 0 0 0 0 0 0 0 
168 1048 0 0 0 0 0 0 0 0 0 0 0 0 0 0 
184 1048 0 0 0 0 0 0 0 0 0 0 0 0 0 0 
200 1048 0 0 0 0 0 0 0 0 0 0 0 0 0 0 
216 1048 0 0 0 0 0 0 0 0 0 0 0 0 0 0 
232 1048 0 0 0 0 0 0 0 0 0 0 0 0 0 0 
248 1048 0 0 0 0 0 0 0 0 0 0 0 0 0 0 
264 1048 0 0 0 0 0 0 0 0 0 0 0 0 0 0 
280 1048 0 0 0 0 0 0 0 0 0 0 0 0 0 0 
296 1048 0 0 0 0 0 0 0 0 0 0 0 0 0 0 
312 1048 0 0 0 0 0 0 0 0 0 0 0 0 0 0 
328 1048 0 0 0 0 0 0 0 0 0 0 0 0 0 0 
344 1048 0 0 0 0 0 0 0 0 0 0 0 0 0 0 
360 1048 0 0 0 0 0 0 0 0 0 0 0 0 0 0 
376 1048 0 0 0 0 0 0 0 0 0 0 0 0 0 0 
392 1048 0 0 0 0 0 0 0 0 0 0 0 0 0 0 
408 1048 0 0 0 0 0 0 0 0 0 0 0 0 0 0 
424 1048 0 0 0 0 0 0 0 0 0 0 0 0 0 0 
440 1048 0 0 0 0 0 0 0 0 0 0 0 0 0 0 
456 1048 0 0 0 0 0 0 0 0 0 0 0 0 0 0 
472 1048 0 0 0 0 0 0 0 0 0 0 0 0 0 0 
488 1048 0 0 0 0 0 0 0 0 0 0 0 0 0 0 
504 1048 0 0 0 0 0 0 0 0 0 0 0 0 0 0 
520 1048 0 0 0 0 0 0 0 0 0 0 0 0 0 0 
536 1048 0 0 0 0 0 0 0 0 0 0 0 0 0 0 
552 1048 0 0 0 0 0 0 0 0 0 0 0 0 0 0 
568 1048 0 0 0 0 0 0 0 0 0 0 0 0 0 0 
584 1048 0 0 0 0 0 0 0 0 0 0 0 0 0 0 
600 1048 0 0 0 0 0 0 0 0 0 0 0 0 0 0 
616 1048 0 0 0 0 0 0 0 0 0 0 0 0 0 0 
632 1048 0 0 0 0 0 0 0 0 0 0 0 0 0 0 
648 1048 0 0 0 0 0 0 0 0 0 0 0 0 0 0 
664 1048 0 0 0 0 0 0 0 0 0 0 0 0 0 0 
680 1048 0 0 0 0 0 0 0 0 0 0 0 0 0 0 
696 1048 0 0 0 0 0 0 0 0 0 0 0 0 0 0 
712 1048 0 0 0 0 0 0 0 0 0 0 0 0 0 0 
728 1048 0 0 0 0 0 0 0 0 0 0 0 0 0 0 
744 1048 0 0 0 0 0 0 0 0 0 0 0 0 0 0 
760 1048 0 0 0 0 0 0 0 0 0 0 0 0 0 0 
776 1048 0 0 0 0 0 0 0 0 0 0 0 0 0 0 
792 1048 0 0 0 0 0 0 0 0 0 0 0 0 0 0 
808 1048 0 0 0 0 0 0 0 0 0 0 0 0 0 0 
824 1048 0 0 0 0 0 0 0 0 0 0 0 0 0 0 
840 1048 0 0 0 0 0 0 0 0 0 0 0 0 0 0 
856 1048 0 0 0 0 0 0 0 0 0 0 0 0 0 0 
872 1048 0 0 0 0 0 0 0 0 0 0 0 0 0 0 
888 1048 0 0 0 0 0 0 0 0 0 0 0 0 0 0 
904 1048 0 0 0 0 0 0 0 0 0 0 0 0 0 0 
920 1048 0 0 0 0 0 0 0 0 0 0 0 0 0 0 
936 1048 0 0 0 0 0 0 0 0 0 0 0 0 0 0 
952 1048 0 0 0 0 0 0 0 0 0 0 0 0 0 0 
968 1048 0 0 0 0 0 0 0 0 0 0 0 0 0 0 
984 1048 0 0 0 0 0 0 0 0 0 0 0 0 0 0 
1000 1048 0 0 0 0 0 0 0 0 0 0 0 0 0 0 
1016 1048 0 0 0 0 0 0 0 0 0 0 0 0 0 0 
1032 1048 0 0 0 0 0 0 0 0 0 0 0 0 0 0 
1048 1048 0 0 0 0 0 0 0 0 0 0 0 0 0 0 
1064 1048 0 0 0 0 0 0 0 0 0 0 0 0 0 0 
1080 1048 0 0 0 0 0 0 0 0 0 0 0 0 0 0 
1096 1048 0 0 0 0 0 0 0 0 0 0 0 0 0 0 
1112 1048 0 0 0 0 0 0 0 0 0 0 0 0 0 0 
1128 1048 0 0 0 0 0 0 0 0 0 0 0 0 0 0 
1144 1048 0 0 0 0 0 0 0 0 0 0 0 0 0 0 
1160 1048 0 0 0 0 0 0 0 0 0 0 0 0 0 0 
1176 1048 0 0 0 0 0 0 0 0 0 0 0 0 0 0 
1192 1048 0 0 0 0 0 0 0 0 0 0 0 0 0 0 
1208 1048 0 0 0 0 0 0 0 0 0 0 0 0 0 0 
1224 1048 0 0 0 0 0 0 0 0 0 0 0 0 0 0 
1240 1048 0 0 0 0 0 0 0 0 0 0 0 0 0 0 
1256 1048 0 0 0 0 0 0 0 0 0 0 0 0 0 0 
1272 1048 0 0 0 0 0 0 0 0 0 0 0 0 0 0 
1288 1048 0 0 0 0 0 0 0 0 0 0 0 0 0 0 
1304 1048 0 0 0 0 0 0 0 0 0 0 0 0 0 0 
1320 1048 0 0 0 0 0 0 0 0 0 0 0 0 0 0 
1336 1048 0 0 0 0 0 0 0 0 0 0 0 0 0 0 
1352 1048 0 0 0 0 0 0 0 0 0 0 0 0 0 0 
1368 1048 0 0 0 0 0 0 0 0 0 0 0 0 0 0 
1384 1048 0 0 0 0 0 0 0 0 0 0 0 0 0 0 
1400 1048 0 0 0 0 0 0 0 0 0 0 0 0 0 0 
1416 1048 0 0 0 0 0 0 0 0 0 0 0 0 0 0 
1432 1048 0 0 0 0 0 0 0 0 0 0 0 0 0 0 
1448 1048 0 0 0 0 0 0 0 0 0 0 0 0 0 0 
1464 1048 0 0 0 0 0 0 0 0 0 0 0 0 0 0 
1480 1048 0 0 0 0 0 0 0 0 0 0 0 0 0 0 
1496 1048 0 0 0 0 0 0 0 0 0 0 0 0 0 0 
1512 1048 0 0 0 0 0 0 0 0 0 0 0 0 0 0 
1528 1048 0 0 0 0 0 0 0 0 0 0 0 0 0 0 
1544 1048 0 0 0 0 0 0 0 0 0 0 0 0 0 0 
1560 1048 0 0 0 0 0 0 0 0 0 0 0 0 0 0 
1576 1048 0 0 0 0 0 0 0 0 0 0 0 0 0 0 
1592 1048 0 0 0 0 0 0 0 0 0 0 0 0 0 0 
1608 1048 0 0 0 0 0 0 0 0 0 0 0 0 0 0 
1624 1048 0 0 0 0 0 0 0 0 0 0 0 0 0 0 
1640 1048 0 0 0 0 0 0 0 0 0 0 0 0 0 0 
1656 1048 0 0 0 0 0 0 0 0 0 0 0 0 0 0 
1672 1048 0 0 0 0 0 0 0 0 0 0 0 0 0 0 
1688 1048 0 0 0 0 0 0 0 0 0 0 0 0 0 0 
1704 1048 0 0 0 0 0 0 0 0 0 0 0 0 0 0 
1720 1048 0 0 0 0 0 0 0 0 0 0 0 0 0 0 
1736 1048 0 0 0 0 0 0 0 0 0 0 0 0 0 0 
1752 1048 0 0 0 0 0 0 0 0 0 0 0 0 0 0 
1768 1048 0 0 0 0 0 0 0 0 0 0 0 0 0 0 
1784 1048 0 0 0 0 0 0 0 0 0 0 0 0 0 0 
1800 1048 0 0 0 0 0 0 0 0 0 0 0 0 0 0 
1816 1048 0 0 0 0 0 0 0 0 0 0 0 0 0 0 
1832 1048 0 0 0 0 0 0 0 0 0 0 0 0 0 0 
1848 1048 0 0 0 0 0 0 0 0 0 0 0 0 0 0 
1864 1048 0 0 0 0 0 0 0 0 0 0 0 0 0 0 
1880 1048 0 0 0 0 0 0 0 0 0 0 0 0 0 0 
1896 1048 0 0 0 0 0 0 0 0 0 0 0 0 0 0 
1912 1048 0 0 0 0 0 0 0 0 0 0 0 0 0 0 
1928 1048 0 0 0 0 0 0 0 0 0 0 0 0 0 0 
1944 1048 0 0 0 0 0 0 0 0 0 0 0 0 0 0 
1960 1048 0 0 0 0 0 0 0 0 0 0 0 0 0 0 
1976 1048 0 0 0 0 0 0 0 0 0 0 0 0 0 0 
1992 1048 0 0 0 0 0 0 0 0 0 0 0 0 0 0 
2008 1048 0 0 0 0 0 0 0 0 0 0 0 0 0 0 
2024 1048 0 0 0 0 0 0 0 0 0 0 0 0 0 0 
2040 1048 0 0 0 0 0 0 0 0 0 0 0 0 0 0 
2056 1048 0 0 0 0 0 0 0 0 0 0 0 0 0 0 
2072 1048 0 0 0 0 0 0 0 0 0 0 0 0 0 0 
2088 1048 0 0 0 0 0 0 0 0 0 0 0 0 0 0 
2104 1048 0 0 0 0 0 0 0 0 0 0 0 0 0 0 
2120 1048 0 0 0 0 0 0 0 0 0 0 0 0 0 0 
2136 1048 0 0 0 0 0 0 0 0 0 0 0 0 0 0 
2152 1048 0 0 0 0 0 0 0 0 0 0 0 0 0 0 
2168 1048 0 0 0 0 0 0 0 0 0 0 0 0 0 0 
2184 1048 0 0 0 0 0 0 0 0 0 0 0 0 0 0 
2200 1048 0 0 0 0 0 0 0 0 0 0 0 0 0 0 
2216 1048 0 0 0 0 0 0 0 0 0 0 0 0 0 0 
2232 1048 0 0 0 0 0 0 0 0 0 0 0 0 0 0 
2248 1048 0 0 0 0 0 0 0 0 0 0 0 0 0 0 
2264 1048 0 0 0 0 0 0 0 0 0 0 0 0 0 0 
2280 1048 0 0 0 0 0 0 0 0 0 0 0 0 0 0 
2296 1048 0 0 0 0 0 0 0 0 0 0 0 0 0 0 
2312 1048 0 0 0 0 0 0 0 0 0 0 0 0 0 0 
2328 1048 0 0 0 0 0 0 0 0 0 0 0 0 0 0 
2344 1048 0 0 0 0 0 0 0 0 0 0 0 0 0 0 
2360 1048 0 0 0 0 0 0 0 0 0 0 0 0 0 0 
2376 1048 0 0 0 0 0 0 0 0 0 0 0 0 0 0 
2392 1048 0 0 0 0 0 0 0 0 0 0 0 0 0 0 
2408 1048 0 0 0 0 0 0 0 0 0 0 0 0 0 0 
2424 1048 0 0 0 0 0 0 0 0 0 0 0 0 0 0 
2440 1048 0 0 0 0 0 0 0 0 0 0 0 0 0 0 
2456 1048 0 0 0 0 0 0 0 0 0 0 0 0 0 0 
2472 1048 0 0 0 0 0 0 0 0 0 0 0 0 0 0 
2488 1048 0 0 0 0 0 0 0 0 0 0 0 0 0 0 
2504 1048 0 0 0 0 0 0 0 0 0 0 0 0 0 0 
2520 1048 0 0 0 0 0 0 0 0 0 0 0 0 0 0 
2536 1048 0 0 0 0 0 0 0 0 0 0 0 0 0 0 
24 1064 0 0 0 0 0 0 0 0 0 0 0 0 0 0 
40 1064 0 0 0 0 0 0 0 0 0 0 0 0 0 0 
56 1064 0 0 0 0 0 0 0 0 0 0 0 0 0 0 
72 1064 0 0 0 0 0 0 0 0 0 0 0 0 0 0 
88 1064 0 0 0 0 0 0 0 0 0 0 0 0 0 0 
104 1064 0 0 0 0 0 0 0 0 0 0 0 0 0 0 
120 1064 0 0 0 0 0 0 0 0 0 0 0 0 0 0 
136 1064 0 0 0 0 0 0 0 0 0 0 0 0 0 0 
152 1064 0 0 0 0 0 0 0 0 0 0 0 0 0 0 
168 1064 0 0 0 0 0 0 0 0 0 0 0 0 0 0 
184 1064 0 0 0 0 0 0 0 0 0 0 0 0 0 0 
200 1064 0 0 0 0 0 0 0 0 0 0 0 0 0 0 
216 1064 0 0 0 0 0 0 0 0 0 0 0 0 0 0 
232 1064 0 0 0 0 0 0 0 0 0 0 0 0 0 0 
248 1064 0 0 0 0 0 0 0 0 0 0 0 0 0 0 
264 1064 0 0 0 0 0 0 0 0 0 0 0 0 0 0 
280 1064 0 0 0 0 0 0 0 0 0 0 0 0 0 0 
296 1064 0 0 0 0 0 0 0 0 0 0 0 0 0 0 
312 1064 0 0 0 0 0 0 0 0 0 0 0 0 0 0 
328 1064 0 0 0 0 0 0 0 0 0 0 0 0 0 0 
344 1064 0 0 0 0 0 0 0 0 0 0 0 0 0 0 
360 1064 0 0 0 0 0 0 0 0 0 0 0 0 0 0 
376 1064 0 0 0 0 0 0 0 0 0 0 0 0 0 0 
392 1064 0 0 0 0 0 0 0 0 0 0 0 0 0 0 
408 1064 0 0 0 0 0 0 0 0 0 0 0 0 0 0 
424 1064 0 0 0 0 0 0 0 0 0 0 0 0 0 0 
440 1064 0 0 0 0 0 0 0 0 0 0 0 0 0 0 
456 1064 0 0 0 0 0 0 0 0 0 0 0 0 0 0 
472 1064 0 0 0 0 0 0 0 0 0 0 0 0 0 0 
488 1064 0 0 0 0 0 0 0 0 0 0 0 0 0 0 
504 1064 0 0 0 0 0 0 0 0 0 0 0 0 0 0 
520 1064 0 0 0 0 0 0 0 0 0 0 0 0 0 0 
536 1064 0 0 0 0 0 0 0 0 0 0 0 0 0 0 
552 1064 0 0 0 0 0 0 0 0 0 0 0 0 0 0 
568 1064 0 0 0 0 0 0 0 0 0 0 0 0 0 0 
584 1064 0 0 0 0 0 0 0 0 0 0 0 0 0 0 
600 1064 0 0 0 0 0 0 0 0 0 0 0 0 0 0 
616 1064 0 0 0 0 0 0 0 0 0 0 0 0 0 0 
632 1064 0 0 0 0 0 0 0 0 0 0 0 0 0 0 
648 1064 0 0 0 0 0 0 0 0 0 0 0 0 0 0 
664 1064 0 0 0 0 0 0 0 0 0 0 0 0 0 0 
680 1064 0 0 0 0 0 0 0 0 0 0 0 0 0 0 
696 1064 0 0 0 0 0 0 0 0 0 0 0 0 0 0 
712 1064 0 0 0 0 0 0 0 0 0 0 0 0 0 0 
728 1064 0 0 0 0 0 0 0 0 0 0 0 0 0 0 
744 1064 0 0 0 0 0 0 0 0 0 0 0 0 0 0 
760 1064 0 0 0 0 0 0 0 0 0 0 0 0 0 0 
776 1064 0 0 0 0 0 0 0 0 0 0 0 0 0 0 
792 1064 0 0 0 0 0 0 0 0 0 0 0 0 0 0 
808 1064 0 0 0 0 0 0 0 0 0 0 0 0 0 0 
824 1064 0 0 0 0 0 0 0 0 0 0 0 0 0 0 
840 1064 0 0 0 0 0 0 0 0 0 0 0 0 0 0 
856 1064 0 0 0 0 0 0 0 0 0 0 0 0 0 0 
872 1064 0 0 0 0 0 0 0 0 0 0 0 0 0 0 
888 1064 0 0 0 0 0 0 0 0 0 0 0 0 0 0 
904 1064 0 0 0 0 0 0 0 0 0 0 0 0 0 0 
920 1064 0 0 0 0 0 0 0 0 0 0 0 0 0 0 
936 1064 0 0 0 0 0 0 0 0 0 0 0 0 0 0 
952 1064 0 0 0 0 0 0 0 0 0 0 0 0 0 0 
968 1064 0 0 0 0 0 0 0 0 0 0 0 0 0 0 
984 1064 0 0 0 0 0 0 0 0 0 0 0 0 0 0 
1000 1064 0 0 0 0 0 0 0 0 0 0 0 0 0 0 
1016 1064 0 0 0 0 0 0 0 0 0 0 0 0 0 0 
1032 1064 0 0 0 0 0 0 0 0 0 0 0 0 0 0 
1048 1064 0 0 0 0 0 0 0 0 0 0 0 0 0 0 
1064 1064 0 0 0 0 0 0 0 0 0 0 0 0 0 0 
1080 1064 0 0 0 0 0 0 0 0 0 0 0 0 0 0 
1096 1064 0 0 0 0 0 0 0 0 0 0 0 0 0 0 
1112 1064 0 0 0 0 0 0 0 0 0 0 0 0 0 0 
1128 1064 0 0 0 0 0 0 0 0 0 0 0 0 0 0 
1144 1064 0 0 0 0 0 0 0 0 0 0 0 0 0 0 
1160 1064 0 0 0 0 0 0 0 0 0 0 0 0 0 0 
1176 1064 0 0 0 0 0 0 0 0 0 0 0 0 0 0 
1192 1064 0 0 0 0 0 0 0 0 0 0 0 0 0 0 
1208 1064 0 0 0 0 0 0 0 0 0 0 0 0 0 0 
1224 1064 0 0 0 0 0 0 0 0 0 0 0 0 0 0 
1240 1064 0 0 0 0 0 0 0 0 0 0 0 0 0 0 
1256 1064 0 0 0 0 0 0 0 0 0 0 0 0 0 0 
1272 1064 0 0 0 0 0 0 0 0 0 0 0 0 0 0 
1288 1064 0 0 0 0 0 0 0 0 0 0 0 0 0 0 
1304 1064 0 0 0 0 0 0 0 0 0 0 0 0 0 0 
1320 1064 0 0 0 0 0 0 0 0 0 0 0 0 0 0 
1336 1064 0 0 0 0 0 0 0 0 0 0 0 0 0 0 
1352 1064 0 0 0 0 0 0 0 0 0 0 0 0 0 0 
1368 1064 0 0 0 0 0 0 0 0 0 0 0 0 0 0 
1384 1064 0 0 0 0 0 0 0 0 0 0 0 0 0 0 
1400 1064 0 0 0 0 0 0 0 0 0 0 0 0 0 0 
1416 1064 0 0 0 0 0 0 0 0 0 0 0 0 0 0 
1432 1064 0 0 0 0 0 0 0 0 0 0 0 0 0 0 
1448 1064 0 0 0 0 0 0 0 0 0 0 0 0 0 0 
1464 1064 0 0 0 0 0 0 0 0 0 0 0 0 0 0 
1480 1064 0 0 0 0 0 0 0 0 0 0 0 0 0 0 
1496 1064 0 0 0 0 0 0 0 0 0 0 0 0 0 0 
1512 1064 0 0 0 0 0 0 0 0 0 0 0 0 0 0 
1528 1064 0 0 0 0 0 0 0 0 0 0 0 0 0 0 
1544 1064 0 0 0 0 0 0 0 0 0 0 0 0 0 0 
1560 1064 0 0 0 0 0 0 0 0 0 0 0 0 0 0 
1576 1064 0 0 0 0 0 0 0 0 0 0 0 0 0 0 
1592 1064 0 0 0 0 0 0 0 0 0 0 0 0 0 0 
1608 1064 0 0 0 0 0 0 0 0 0 0 0 0 0 0 
1624 1064 0 0 0 0 0 0 0 0 0 0 0 0 0 0 
1640 1064 0 0 0 0 0 0 0 0 0 0 0 0 0 0 
1656 1064 0 0 0 0 0 0 0 0 0 0 0 0 0 0 
1672 1064 0 0 0 0 0 0 0 0 0 0 0 0 0 0 
1688 1064 0 0 0 0 0 0 0 0 0 0 0 0 0 0 
1704 1064 0 0 0 0 0 0 0 0 0 0 0 0 0 0 
1720 1064 0 0 0 0 0 0 0 0 0 0 0 0 0 0 
1736 1064 0 0 0 0 0 0 0 0 0 0 0 0 0 0 
1752 1064 0 0 0 0 0 0 0 0 0 0 0 0 0 0 
1768 1064 0 0 0 0 0 0 0 0 0 0 0 0 0 0 
1784 1064 0 0 0 0 0 0 0 0 0 0 0 0 0 0 
1800 1064 0 0 0 0 0 0 0 0 0 0 0 0 0 0 
1816 1064 0 0 0 0 0 0 0 0 0 0 0 0 0 0 
1832 1064 0 0 0 0 0 0 0 0 0 0 0 0 0 0 
1848 1064 0 0 0 0 0 0 0 0 0 0 0 0 0 0 
1864 1064 0 0 0 0 0 0 0 0 0 0 0 0 0 0 
1880 1064 0 0 0 0 0 0 0 0 0 0 0 0 0 0 
1896 1064 0 0 0 0 0 0 0 0 0 0 0 0 0 0 
1912 1064 0 0 0 0 0 0 0 0 0 0 0 0 0 0 
1928 1064 0 0 0 0 0 0 0 0 0 0 0 0 0 0 
1944 1064 0 0 0 0 0 0 0 0 0 0 0 0 0 0 
1960 1064 0 0 0 0 0 0 0 0 0 0 0 0 0 0 
1976 1064 0 0 0 0 0 0 0 0 0 0 0 0 0 0 
1992 1064 0 0 0 0 0 0 0 0 0 0 0 0 0 0 
2008 1064 0 0 0 0 0 0 0 0 0 0 0 0 0 0 
2024 1064 0 0 0 0 0 0 0 0 0 0 0 0 0 0 
2040 1064 0 0 0 0 0 0 0 0 0 0 0 0 0 0 
2056 1064 0 0 0 0 0 0 0 0 0 0 0 0 0 0 
2072 1064 0 0 0 0 0 0 0 0 0 0 0 0 0 0 
2088 1064 0 0 0 0 0 0 0 0 0 0 0 0 0 0 
2104 1064 0 0 0 0 0 0 0 0 0 0 0 0 0 0 
2120 1064 0 0 0 0 0 0 0 0 0 0 0 0 0 0 
2136 1064 0 0 0 0 0 0 0 0 0 0 0 0 0 0 
2152 1064 0 0 0 0 0 0 0 0 0 0 0 0 0 0 
2168 1064 0 0 0 0 0 0 0 0 0 0 0 0 0 0 
2184 1064 0 0 0 0 0 0 0 0 0 0 0 0 0 0 
2200 1064 0 0 0 0 0 0 0 0 0 0 0 0 0 0 
2216 1064 0 0 0 0 0 0 0 0 0 0 0 0 0 0 
2232 1064 0 0 0 0 0 0 0 0 0 0 0 0 0 0 
2248 1064 0 0 0 0 0 0 0 0 0 0 0 0 0 0 
2264 1064 0 0 0 0 0 0 0 0 0 0 0 0 0 0 
2280 1064 0 0 0 0 0 0 0 0 0 0 0 0 0 0 
2296 1064 0 0 0 0 0 0 0 0 0 0 0 0 0 0 
2312 1064 0 0 0 0 0 0 0 0 0 0 0 0 0 0 
2328 1064 0 0 0 0 0 0 0 0 0 0 0 0 0 0 
2344 1064 0 0 0 0 0 0 0 0 0 0 0 0 0 0 
2360 1064 0 0 0 0 0 0 0 0 0 0 0 0 0 0 
2376 1064 0 0 0 0 0 0 0 0 0 0 0 0 0 0 
2392 1064 0 0 0 0 0 0 0 0 0 0 0 0 0 0 
2408 1064 0 0 0 0 0 0 0 0 0 0 0 0 0 0 
2424 1064 0 0 0 0 0 0 0 0 0 0 0 0 0 0 
2440 1064 0 0 0 0 0 0 0 0 0 0 0 0 0 0 
2456 1064 0 0 0 0 0 0 0 0 0 0 0 0 0 0 
2472 1064 0 0 0 0 0 0 0 0 0 0 0 0 0 0 
2488 1064 0 0 0 0 0 0 0 0 0 0 0 0 0 0 
2504 1064 0 0 0 0 0 0 0 0 0 0 0 0 0 0 
2520 1064 0 0 0 0 0 0 0 0 0 0 0 0 0 0 
2536 1064 0 0 0 0 0 0 0 0 0 0 0 0 0 0 
24 1080 0 0 0 0 0 0 0 0 0 0 0 0 0 0 
40 1080 0 0 0 0 0 0 0 0 0 0 0 0 0 0 
56 1080 0 0 0 0 0 0 0 0 0 0 0 0 0 0 
72 1080 0 0 0 0 0 0 0 0 0 0 0 0 0 0 
88 1080 0 0 0 0 0 0 0 0 0 0 0 0 0 0 
104 1080 0 0 0 0 0 0 0 0 0 0 0 0 0 0 
120 1080 0 0 0 0 0 0 0 0 0 0 0 0 0 0 
136 1080 0 0 0 0 0 0 0 0 0 0 0 0 0 0 
152 1080 0 0 0 0 0 0 0 0 0 0 0 0 0 0 
168 1080 0 0 0 0 0 0 0 0 0 0 0 0 0 0 
184 1080 0 0 0 0 0 0 0 0 0 0 0 0 0 0 
200 1080 0 0 0 0 0 0 0 0 0 0 0 0 0 0 
216 1080 0 0 0 0 0 0 0 0 0 0 0 0 0 0 
232 1080 0 0 0 0 0 0 0 0 0 0 0 0 0 0 
248 1080 0 0 0 0 0 0 0 0 0 0 0 0 0 0 
264 1080 0 0 0 0 0 0 0 0 0 0 0 0 0 0 
280 1080 0 0 0 0 0 0 0 0 0 0 0 0 0 0 
296 1080 0 0 0 0 0 0 0 0 0 0 0 0 0 0 
312 1080 0 0 0 0 0 0 0 0 0 0 0 0 0 0 
328 1080 0 0 0 0 0 0 0 0 0 0 0 0 0 0 
344 1080 0 0 0 0 0 0 0 0 0 0 0 0 0 0 
360 1080 0 0 0 0 0 0 0 0 0 0 0 0 0 0 
376 1080 0 0 0 0 0 0 0 0 0 0 0 0 0 0 
392 1080 0 0 0 0 0 0 0 0 0 0 0 0 0 0 
408 1080 0 0 0 0 0 0 0 0 0 0 0 0 0 0 
424 1080 0 0 0 0 0 0 0 0 0 0 0 0 0 0 
440 1080 0 0 0 0 0 0 0 0 0 0 0 0 0 0 
456 1080 0 0 0 0 0 0 0 0 0 0 0 0 0 0 
472 1080 0 0 0 0 0 0 0 0 0 0 0 0 0 0 
488 1080 0 0 0 0 0 0 0 0 0 0 0 0 0 0 
504 1080 0 0 0 0 0 0 0 0 0 0 0 0 0 0 
520 1080 0 0 0 0 0 0 0 0 0 0 0 0 0 0 
536 1080 0 0 0 0 0 0 0 0 0 0 0 0 0 0 
552 1080 0 0 0 0 0 0 0 0 0 0 0 0 0 0 
568 1080 0 0 0 0 0 0 0 0 0 0 0 0 0 0 
584 1080 0 0 0 0 0 0 0 0 0 0 0 0 0 0 
600 1080 0 0 0 0 0 0 0 0 0 0 0 0 0 0 
616 1080 0 0 0 0 0 0 0 0 0 0 0 0 0 0 
632 1080 0 0 0 0 0 0 0 0 0 0 0 0 0 0 
648 1080 0 0 0 0 0 0 0 0 0 0 0 0 0 0 
664 1080 0 0 0 0 0 0 0 0 0 0 0 0 0 0 
680 1080 0 0 0 0 0 0 0 0 0 0 0 0 0 0 
696 1080 0 0 0 0 0 0 0 0 0 0 0 0 0 0 
712 1080 0 0 0 0 0 0 0 0 0 0 0 0 0 0 
728 1080 0 0 0 0 0 0 0 0 0 0 0 0 0 0 
744 1080 0 0 0 0 0 0 0 0 0 0 0 0 0 0 
760 1080 0 0 0 0 0 0 0 0 0 0 0 0 0 0 
776 1080 0 0 0 0 0 0 0 0 0 0 0 0 0 0 
792 1080 0 0 0 0 0 0 0 0 0 0 0 0 0 0 
808 1080 0 0 0 0 0 0 0 0 0 0 0 0 0 0 
824 1080 0 0 0 0 0 0 0 0 0 0 0 0 0 0 
840 1080 0 0 0 0 0 0 0 0 0 0 0 0 0 0 
856 1080 0 0 0 0 0 0 0 0 0 0 0 0 0 0 
872 1080 0 0 0 0 0 0 0 0 0 0 0 0 0 0 
888 1080 0 0 0 0 0 0 0 0 0 0 0 0 0 0 
904 1080 0 0 0 0 0 0 0 0 0 0 0 0 0 0 
920 1080 0 0 0 0 0 0 0 0 0 0 0 0 0 0 
936 1080 0 0 0 0 0 0 0 0 0 0 0 0 0 0 
952 1080 0 0 0 0 0 0 0 0 0 0 0 0 0 0 
968 1080 0 0 0 0 0 0 0 0 0 0 0 0 0 0 
984 1080 0 0 0 0 0 0 0 0 0 0 0 0 0 0 
1000 1080 0 0 0 0 0 0 0 0 0 0 0 0 0 0 
1016 1080 0 0 0 0 0 0 0 0 0 0 0 0 0 0 
1032 1080 0 0 0 0 0 0 0 0 0 0 0 0 0 0 
1048 1080 0 0 0 0 0 0 0 0 0 0 0 0 0 0 
1064 1080 0 0 0 0 0 0 0 0 0 0 0 0 0 0 
1080 1080 0 0 0 0 0 0 0 0 0 0 0 0 0 0 
1096 1080 0 0 0 0 0 0 0 0 0 0 0 0 0 0 
1112 1080 0 0 0 0 0 0 0 0 0 0 0 0 0 0 
1128 1080 0 0 0 0 0 0 0 0 0 0 0 0 0 0 
1144 1080 0 0 0 0 0 0 0 0 0 0 0 0 0 0 
1160 1080 0 0 0 0 0 0 0 0 0 0 0 0 0 0 
1176 1080 0 0 0 0 0 0 0 0 0 0 0 0 0 0 
1192 1080 0 0 0 0 0 0 0 0 0 0 0 0 0 0 
1208 1080 0 0 0 0 0 0 0 0 0 0 0 0 0 0 
1224 1080 0 0 0 0 0 0 0 0 0 0 0 0 0 0 
1240 1080 0 0 0 0 0 0 0 0 0 0 0 0 0 0 
1256 1080 0 0 0 0 0 0 0 0 0 0 0 0 0 0 
1272 1080 0 0 0 0 0 0 0 0 0 0 0 0 0 0 
1288 1080 0 0 0 0 0 0 0 0 0 0 0 0 0 0 
1304 1080 0 0 0 0 0 0 0 0 0 0 0 0 0 0 
1320 1080 0 0 0 0 0 0 0 0 0 0 0 0 0 0 
1336 1080 0 0 0 0 0 0 0 0 0 0 0 0 0 0 
1352 1080 0 0 0 0 0 0 0 0 0 0 0 0 0 0 
1368 1080 0 0 0 0 0 0 0 0 0 0 0 0 0 0 
1384 1080 0 0 0 0 0 0 0 0 0 0 0 0 0 0 
1400 1080 0 0 0 0 0 0 0 0 0 0 0 0 0 0 
1416 1080 0 0 0 0 0 0 0 0 0 0 0 0 0 0 
1432 1080 0 0 0 0 0 0 0 0 0 0 0 0 0 0 
1448 1080 0 0 0 0 0 0 0 0 0 0 0 0 0 0 
1464 1080 0 0 0 0 0 0 0 0 0 0 0 0 0 0 
1480 1080 0 0 0 0 0 0 0 0 0 0 0 0 0 0 
1496 1080 0 0 0 0 0 0 0 0 0 0 0 0 0 0 
1512 1080 0 0 0 0 0 0 0 0 0 0 0 0 0 0 
1528 1080 0 0 0 0 0 0 0 0 0 0 0 0 0 0 
1544 1080 0 0 0 0 0 0 0 0 0 0 0 0 0 0 
1560 1080 0 0 0 0 0 0 0 0 0 0 0 0 0 0 
1576 1080 0 0 0 0 0 0 0 0 0 0 0 0 0 0 
1592 1080 0 0 0 0 0 0 0 0 0 0 0 0 0 0 
1608 1080 0 0 0 0 0 0 0 0 0 0 0 0 0 0 
1624 1080 0 0 0 0 0 0 0 0 0 0 0 0 0 0 
1640 1080 0 0 0 0 0 0 0 0 0 0 0 0 0 0 
1656 1080 0 0 0 0 0 0 0 0 0 0 0 0 0 0 
1672 1080 0 0 0 0 0 0 0 0 0 0 0 0 0 0 
1688 1080 0 0 0 0 0 0 0 0 0 0 0 0 0 0 
1704 1080 0 0 0 0 0 0 0 0 0 0 0 0 0 0 
1720 1080 0 0 0 0 0 0 0 0 0 0 0 0 0 0 
1736 1080 0 0 0 0 0 0 0 0 0 0 0 0 0 0 
1752 1080 0 0 0 0 0 0 0 0 0 0 0 0 0 0 
1768 1080 0 0 0 0 0 0 0 0 0 0 0 0 0 0 
1784 1080 0 0 0 0 0 0 0 0 0 0 0 0 0 0 
1800 1080 0 0 0 0 0 0 0 0 0 0 0 0 0 0 
1816 1080 0 0 0 0 0 0 0 0 0 0 0 0 0 0 
1832 1080 0 0 0 0 0 0 0 0 0 0 0 0 0 0 
1848 1080 0 0 0 0 0 0 0 0 0 0 0 0 0 0 
1864 1080 0 0 0 0 0 0 0 0 0 0 0 0 0 0 
1880 1080 0 0 0 0 0 0 0 0 0 0 0 0 0 0 
1896 1080 0 0 0 0 0 0 0 0 0 0 0 0 0 0 
1912 1080 0 0 0 0 0 0 0 0 0 0 0 0 0 0 
1928 1080 0 0 0 0 0 0 0 0 0 0 0 0 0 0 
1944 1080 0 0 0 0 0 0 0 0 0 0 0 0 0 0 
1960 1080 0 0 0 0 0 0 0 0 0 0 0 0 0 0 
1976 1080 0 0 0 0 0 0 0 0 0 0 0 0 0 0 
1992 1080 0 0 0 0 0 0 0 0 0 0 0 0 0 0 
2008 1080 0 0 0 0 0 0 0 0 0 0 0 0 0 0 
2024 1080 0 0 0 0 0 0 0 0 0 0 0 0 0 0 
2040 1080 0 0 0 0 0 0 0 0 0 0 0 0 0 0 
2056 1080 0 0 0 0 0 0 0 0 0 0 0 0 0 0 
2072 1080 0 0 0 0 0 0 0 0 0 0 0 0 0 0 
2088 1080 0 0 0 0 0 0 0 0 0 0 0 0 0 0 
2104 1080 0 0 0 0 0 0 0 0 0 0 0 0 0 0 
2120 1080 0 0 0 0 0 0 0 0 0 0 0 0 0 0 
2136 1080 0 0 0 0 0 0 0 0 0 0 0 0 0 0 
2152 1080 0 0 0 0 0 0 0 0 0 0 0 0 0 0 
2168 1080 0 0 0 0 0 0 0 0 0 0 0 0 0 0 
2184 1080 0 0 0 0 0 0 0 0 0 0 0 0 0 0 
2200 1080 0 0 0 0 0 0 0 0 0 0 0 0 0 0 
2216 1080 0 0 0 0 0 0 0 0 0 0 0 0 0 0 
2232 1080 0 0 0 0 0 0 0 0 0 0 0 0 0 0 
2248 1080 0 0 0 0 0 0 0 0 0 0 0 0 0 0 
2264 1080 0 0 0 0 0 0 0 0 0 0 0 0 0 0 
2280 1080 0 0 0 0 0 0 0 0 0 0 0 0 0 0 
2296 1080 0 0 0 0 0 0 0 0 0 0 0 0 0 0 
2312 1080 0 0 0 0 0 0 0 0 0 0 0 0 0 0 
2328 1080 0 0 0 0 0 0 0 0 0 0 0 0 0 0 
2344 1080 0 0 0 0 0 0 0 0 0 0 0 0 0 0 
2360 1080 0 0 0 0 0 0 0 0 0 0 0 0 0 0 
2376 1080 0 0 0 0 0 0 0 0 0 0 0 0 0 0 
2392 1080 0 0 0 0 0 0 0 0 0 0 0 0 0 0 
2408 1080 0 0 0 0 0 0 0 0 0 0 0 0 0 0 
2424 1080 0 0 0 0 0 0 0 0 0 0 0 0 0 0 
2440 1080 0 0 0 0 0 0 0 0 0 0 0 0 0 0 
2456 1080 0 0 0 0 0 0 0 0 0 0 0 0 0 0 
2472 1080 0 0 0 0 0 0 0 0 0 0 0 0 0 0 
2488 1080 0 0 0 0 0 0 0 0 0 0 0 0 0 0 
2504 1080 0 0 0 0 0 0 0 0 0 0 0 0 0 0 
2520 1080 0 0 0 0 0 0 0 0 0 0 0 0 0 0 
2536 1080 0 0 0 0 0 0 0 0 0 0 0 0 0 0 
24 1096 0 0 0 0 0 0 0 0 0 0 0 0 0 0 
40 1096 0 0 0 0 0 0 0 0 0 0 0 0 0 0 
56 1096 0 0 0 0 0 0 0 0 0 0 0 0 0 0 
72 1096 0 0 0 0 0 0 0 0 0 0 0 0 0 0 
88 1096 0 0 0 0 0 0 0 0 0 0 0 0 0 0 
104 1096 0 0 0 0 0 0 0 0 0 0 0 0 0 0 
120 1096 0 0 0 0 0 0 0 0 0 0 0 0 0 0 
136 1096 0 0 0 0 0 0 0 0 0 0 0 0 0 0 
152 1096 0 0 0 0 0 0 0 0 0 0 0 0 0 0 
168 1096 0 0 0 0 0 0 0 0 0 0 0 0 0 0 
184 1096 0 0 0 0 0 0 0 0 0 0 0 0 0 0 
200 1096 0 0 0 0 0 0 0 0 0 0 0 0 0 0 
216 1096 0 0 0 0 0 0 0 0 0 0 0 0 0 0 
232 1096 0 0 0 0 0 0 0 0 0 0 0 0 0 0 
248 1096 0 0 0 0 0 0 0 0 0 0 0 0 0 0 
264 1096 0 0 0 0 0 0 0 0 0 0 0 0 0 0 
280 1096 0 0 0 0 0 0 0 0 0 0 0 0 0 0 
296 1096 0 0 0 0 0 0 0 0 0 0 0 0 0 0 
312 1096 0 0 0 0 0 0 0 0 0 0 0 0 0 0 
328 1096 0 0 0 0 0 0 0 0 0 0 0 0 0 0 
344 1096 0 0 0 0 0 0 0 0 0 0 0 0 0 0 
360 1096 0 0 0 0 0 0 0 0 0 0 0 0 0 0 
376 1096 0 0 0 0 0 0 0 0 0 0 0 0 0 0 
392 1096 0 0 0 0 0 0 0 0 0 0 0 0 0 0 
408 1096 0 0 0 0 0 0 0 0 0 0 0 0 0 0 
424 1096 0 0 0 0 0 0 0 0 0 0 0 0 0 0 
440 1096 0 0 0 0 0 0 0 0 0 0 0 0 0 0 
456 1096 0 0 0 0 0 0 0 0 0 0 0 0 0 0 
472 1096 0 0 0 0 0 0 0 0 0 0 0 0 0 0 
488 1096 0 0 0 0 0 0 0 0 0 0 0 0 0 0 
504 1096 0 0 0 0 0 0 0 0 0 0 0 0 0 0 
520 1096 0 0 0 0 0 0 0 0 0 0 0 0 0 0 
536 1096 0 0 0 0 0 0 0 0 0 0 0 0 0 0 
552 1096 0 0 0 0 0 0 0 0 0 0 0 0 0 0 
568 1096 0 0 0 0 0 0 0 0 0 0 0 0 0 0 
584 1096 0 0 0 0 0 0 0 0 0 0 0 0 0 0 
600 1096 0 0 0 0 0 0 0 0 0 0 0 0 0 0 
616 1096 0 0 0 0 0 0 0 0 0 0 0 0 0 0 
632 1096 0 0 0 0 0 0 0 0 0 0 0 0 0 0 
648 1096 0 0 0 0 0 0 0 0 0 0 0 0 0 0 
664 1096 0 0 0 0 0 0 0 0 0 0 0 0 0 0 
680 1096 0 0 0 0 0 0 0 0 0 0 0 0 0 0 
696 1096 0 0 0 0 0 0 0 0 0 0 0 0 0 0 
712 1096 0 0 0 0 0 0 0 0 0 0 0 0 0 0 
728 1096 0 0 0 0 0 0 0 0 0 0 0 0 0 0 
744 1096 0 0 0 0 0 0 0 0 0 0 0 0 0 0 
760 1096 0 0 0 0 0 0 0 0 0 0 0 0 0 0 
776 1096 0 0 0 0 0 0 0 0 0 0 0 0 0 0 
792 1096 0 0 0 0 0 0 0 0 0 0 0 0 0 0 
808 1096 0 0 0 0 0 0 0 0 0 0 0 0 0 0 
824 1096 0 0 0 0 0 0 0 0 0 0 0 0 0 0 
840 1096 0 0 0 0 0 0 0 0 0 0 0 0 0 0 
856 1096 0 0 0 0 0 0 0 0 0 0 0 0 0 0 
872 1096 0 0 0 0 0 0 0 0 0 0 0 0 0 0 
888 1096 0 0 0 0 0 0 0 0 0 0 0 0 0 0 
904 1096 0 0 0 0 0 0 0 0 0 0 0 0 0 0 
920 1096 0 0 0 0 0 0 0 0 0 0 0 0 0 0 
936 1096 0 0 0 0 0 0 0 0 0 0 0 0 0 0 
952 1096 0 0 0 0 0 0 0 0 0 0 0 0 0 0 
968 1096 0 0 0 0 0 0 0 0 0 0 0 0 0 0 
984 1096 0 0 0 0 0 0 0 0 0 0 0 0 0 0 
1000 1096 0 0 0 0 0 0 0 0 0 0 0 0 0 0 
1016 1096 0 0 0 0 0 0 0 0 0 0 0 0 0 0 
1032 1096 0 0 0 0 0 0 0 0 0 0 0 0 0 0 
1048 1096 0 0 0 0 0 0 0 0 0 0 0 0 0 0 
1064 1096 0 0 0 0 0 0 0 0 0 0 0 0 0 0 
1080 1096 0 0 0 0 0 0 0 0 0 0 0 0 0 0 
1096 1096 0 0 0 0 0 0 0 0 0 0 0 0 0 0 
1112 1096 0 0 0 0 0 0 0 0 0 0 0 0 0 0 
1128 1096 0 0 0 0 0 0 0 0 0 0 0 0 0 0 
1144 1096 0 0 0 0 0 0 0 0 0 0 0 0 0 0 
1160 1096 0 0 0 0 0 0 0 0 0 0 0 0 0 0 
1176 1096 0 0 0 0 0 0 0 0 0 0 0 0 0 0 
1192 1096 0 0 0 0 0 0 0 0 0 0 0 0 0 0 
1208 1096 0 0 0 0 0 0 0 0 0 0 0 0 0 0 
1224 1096 0 0 0 0 0 0 0 0 0 0 0 0 0 0 
1240 1096 0 0 0 0 0 0 0 0 0 0 0 0 0 0 
1256 1096 0 0 0 0 0 0 0 0 0 0 0 0 0 0 
1272 1096 0 0 0 0 0 0 0 0 0 0 0 0 0 0 
1288 1096 0 0 0 0 0 0 0 0 0 0 0 0 0 0 
1304 1096 0 0 0 0 0 0 0 0 0 0 0 0 0 0 
1320 1096 0 0 0 0 0 0 0 0 0 0 0 0 0 0 
1336 1096 0 0 0 0 0 0 0 0 0 0 0 0 0 0 
1352 1096 0 0 0 0 0 0 0 0 0 0 0 0 0 0 
1368 1096 0 0 0 0 0 0 0 0 0 0 0 0 0 0 
1384 1096 0 0 0 0 0 0 0 0 0 0 0 0 0 0 
1400 1096 0 0 0 0 0 0 0 0 0 0 0 0 0 0 
1416 1096 0 0 0 0 0 0 0 0 0 0 0 0 0 0 
1432 1096 0 0 0 0 0 0 0 0 0 0 0 0 0 0 
1448 1096 0 0 0 0 0 0 0 0 0 0 0 0 0 0 
1464 1096 0 0 0 0 0 0 0 0 0 0 0 0 0 0 
1480 1096 0 0 0 0 0 0 0 0 0 0 0 0 0 0 
1496 1096 0 0 0 0 0 0 0 0 0 0 0 0 0 0 
1512 1096 0 0 0 0 0 0 0 0 0 0 0 0 0 0 
1528 1096 0 0 0 0 0 0 0 0 0 0 0 0 0 0 
1544 1096 0 0 0 0 0 0 0 0 0 0 0 0 0 0 
1560 1096 0 0 0 0 0 0 0 0 0 0 0 0 0 0 
1576 1096 0 0 0 0 0 0 0 0 0 0 0 0 0 0 
1592 1096 0 0 0 0 0 0 0 0 0 0 0 0 0 0 
1608 1096 0 0 0 0 0 0 0 0 0 0 0 0 0 0 
1624 1096 0 0 0 0 0 0 0 0 0 0 0 0 0 0 
1640 1096 0 0 0 0 0 0 0 0 0 0 0 0 0 0 
1656 1096 0 0 0 0 0 0 0 0 0 0 0 0 0 0 
1672 1096 0 0 0 0 0 0 0 0 0 0 0 0 0 0 
1688 1096 0 0 0 0 0 0 0 0 0 0 0 0 0 0 
1704 1096 0 0 0 0 0 0 0 0 0 0 0 0 0 0 
1720 1096 0 0 0 0 0 0 0 0 0 0 0 0 0 0 
1736 1096 0 0 0 0 0 0 0 0 0 0 0 0 0 0 
1752 1096 0 0 0 0 0 0 0 0 0 0 0 0 0 0 
1768 1096 0 0 0 0 0 0 0 0 0 0 0 0 0 0 
1784 1096 0 0 0 0 0 0 0 0 0 0 0 0 0 0 
1800 1096 0 0 0 0 0 0 0 0 0 0 0 0 0 0 
1816 1096 0 0 0 0 0 0 0 0 0 0 0 0 0 0 
1832 1096 0 0 0 0 0 0 0 0 0 0 0 0 0 0 
1848 1096 0 0 0 0 0 0 0 0 0 0 0 0 0 0 
1864 1096 0 0 0 0 0 0 0 0 0 0 0 0 0 0 
1880 1096 0 0 0 0 0 0 0 0 0 0 0 0 0 0 
1896 1096 0 0 0 0 0 0 0 0 0 0 0 0 0 0 
1912 1096 0 0 0 0 0 0 0 0 0 0 0 0 0 0 
1928 1096 0 0 0 0 0 0 0 0 0 0 0 0 0 0 
1944 1096 0 0 0 0 0 0 0 0 0 0 0 0 0 0 
1960 1096 0 0 0 0 0 0 0 0 0 0 0 0 0 0 
1976 1096 0 0 0 0 0 0 0 0 0 0 0 0 0 0 
1992 1096 0 0 0 0 0 0 0 0 0 0 0 0 0 0 
2008 1096 0 0 0 0 0 0 0 0 0 0 0 0 0 0 
2024 1096 0 0 0 0 0 0 0 0 0 0 0 0 0 0 
2040 1096 0 0 0 0 0 0 0 0 0 0 0 0 0 0 
2056 1096 0 0 0 0 0 0 0 0 0 0 0 0 0 0 
2072 1096 0 0 0 0 0 0 0 0 0 0 0 0 0 0 
2088 1096 0 0 0 0 0 0 0 0 0 0 0 0 0 0 
2104 1096 0 0 0 0 0 0 0 0 0 0 0 0 0 0 
2120 1096 0 0 0 0 0 0 0 0 0 0 0 0 0 0 
2136 1096 0 0 0 0 0 0 0 0 0 0 0 0 0 0 
2152 1096 0 0 0 0 0 0 0 0 0 0 0 0 0 0 
2168 1096 0 0 0 0 0 0 0 0 0 0 0 0 0 0 
2184 1096 0 0 0 0 0 0 0 0 0 0 0 0 0 0 
2200 1096 0 0 0 0 0 0 0 0 0 0 0 0 0 0 
2216 1096 0 0 0 0 0 0 0 0 0 0 0 0 0 0 
2232 1096 0 0 0 0 0 0 0 0 0 0 0 0 0 0 
2248 1096 0 0 0 0 0 0 0 0 0 0 0 0 0 0 
2264 1096 0 0 0 0 0 0 0 0 0 0 0 0 0 0 
2280 1096 0 0 0 0 0 0 0 0 0 0 0 0 0 0 
2296 1096 0 0 0 0 0 0 0 0 0 0 0 0 0 0 
2312 1096 0 0 0 0 0 0 0 0 0 0 0 0 0 0 
2328 1096 0 0 0 0 0 0 0 0 0 0 0 0 0 0 
2344 1096 0 0 0 0 0 0 0 0 0 0 0 0 0 0 
2360 1096 0 0 0 0 0 0 0 0 0 0 0 0 0 0 
2376 1096 0 0 0 0 0 0 0 0 0 0 0 0 0 0 
2392 1096 0 0 0 0 0 0 0 0 0 0 0 0 0 0 
2408 1096 0 0 0 0 0 0 0 0 0 0 0 0 0 0 
2424 1096 0 0 0 0 0 0 0 0 0 0 0 0 0 0 
2440 1096 0 0 0 0 0 0 0 0 0 0 0 0 0 0 
2456 1096 0 0 0 0 0 0 0 0 0 0 0 0 0 0 
2472 1096 0 0 0 0 0 0 0 0 0 0 0 0 0 0 
2488 1096 0 0 0 0 0 0 0 0 0 0 0 0 0 0 
2504 1096 0 0 0 0 0 0 0 0 0 0 0 0 0 0 
2520 1096 0 0 0 0 0 0 0 0 0 0 0 0 0 0 
2536 1096 0 0 0 0 0 0 0 0 0 0 0 0 0 0 
24 1112 0 0 0 0 0 0 0 0 0 0 0 0 0 0 
40 1112 0 0 0 0 0 0 0 0 0 0 0 0 0 0 
56 1112 0 0 0 0 0 0 0 0 0 0 0 0 0 0 
72 1112 0 0 0 0 0 0 0 0 0 0 0 0 0 0 
88 1112 0 0 0 0 0 0 0 0 0 0 0 0 0 0 
104 1112 0 0 0 0 0 0 0 0 0 0 0 0 0 0 
120 1112 0 0 0 0 0 0 0 0 0 0 0 0 0 0 
136 1112 0 0 0 0 0 0 0 0 0 0 0 0 0 0 
152 1112 0 0 0 0 0 0 0 0 0 0 0 0 0 0 
168 1112 0 0 0 0 0 0 0 0 0 0 0 0 0 0 
184 1112 0 0 0 0 0 0 0 0 0 0 0 0 0 0 
200 1112 0 0 0 0 0 0 0 0 0 0 0 0 0 0 
216 1112 0 0 0 0 0 0 0 0 0 0 0 0 0 0 
232 1112 0 0 0 0 0 0 0 0 0 0 0 0 0 0 
248 1112 0 0 0 0 0 0 0 0 0 0 0 0 0 0 
264 1112 0 0 0 0 0 0 0 0 0 0 0 0 0 0 
280 1112 0 0 0 0 0 0 0 0 0 0 0 0 0 0 
296 1112 0 0 0 0 0 0 0 0 0 0 0 0 0 0 
312 1112 0 0 0 0 0 0 0 0 0 0 0 0 0 0 
328 1112 0 0 0 0 0 0 0 0 0 0 0 0 0 0 
344 1112 0 0 0 0 0 0 0 0 0 0 0 0 0 0 
360 1112 0 0 0 0 0 0 0 0 0 0 0 0 0 0 
376 1112 0 0 0 0 0 0 0 0 0 0 0 0 0 0 
392 1112 0 0 0 0 0 0 0 0 0 0 0 0 0 0 
408 1112 0 0 0 0 0 0 0 0 0 0 0 0 0 0 
424 1112 0 0 0 0 0 0 0 0 0 0 0 0 0 0 
440 1112 0 0 0 0 0 0 0 0 0 0 0 0 0 0 
456 1112 0 0 0 0 0 0 0 0 0 0 0 0 0 0 
472 1112 0 0 0 0 0 0 0 0 0 0 0 0 0 0 
488 1112 0 0 0 0 0 0 0 0 0 0 0 0 0 0 
504 1112 0 0 0 0 0 0 0 0 0 0 0 0 0 0 
520 1112 0 0 0 0 0 0 0 0 0 0 0 0 0 0 
536 1112 0 0 0 0 0 0 0 0 0 0 0 0 0 0 
552 1112 0 0 0 0 0 0 0 0 0 0 0 0 0 0 
568 1112 0 0 0 0 0 0 0 0 0 0 0 0 0 0 
584 1112 0 0 0 0 0 0 0 0 0 0 0 0 0 0 
600 1112 0 0 0 0 0 0 0 0 0 0 0 0 0 0 
616 1112 0 0 0 0 0 0 0 0 0 0 0 0 0 0 
632 1112 0 0 0 0 0 0 0 0 0 0 0 0 0 0 
648 1112 0 0 0 0 0 0 0 0 0 0 0 0 0 0 
664 1112 0 0 0 0 0 0 0 0 0 0 0 0 0 0 
680 1112 0 0 0 0 0 0 0 0 0 0 0 0 0 0 
696 1112 0 0 0 0 0 0 0 0 0 0 0 0 0 0 
712 1112 0 0 0 0 0 0 0 0 0 0 0 0 0 0 
728 1112 0 0 0 0 0 0 0 0 0 0 0 0 0 0 
744 1112 0 0 0 0 0 0 0 0 0 0 0 0 0 0 
760 1112 0 0 0 0 0 0 0 0 0 0 0 0 0 0 
776 1112 0 0 0 0 0 0 0 0 0 0 0 0 0 0 
792 1112 0 0 0 0 0 0 0 0 0 0 0 0 0 0 
808 1112 0 0 0 0 0 0 0 0 0 0 0 0 0 0 
824 1112 0 0 0 0 0 0 0 0 0 0 0 0 0 0 
840 1112 0 0 0 0 0 0 0 0 0 0 0 0 0 0 
856 1112 0 0 0 0 0 0 0 0 0 0 0 0 0 0 
872 1112 0 0 0 0 0 0 0 0 0 0 0 0 0 0 
888 1112 0 0 0 0 0 0 0 0 0 0 0 0 0 0 
904 1112 0 0 0 0 0 0 0 0 0 0 0 0 0 0 
920 1112 0 0 0 0 0 0 0 0 0 0 0 0 0 0 
936 1112 0 0 0 0 0 0 0 0 0 0 0 0 0 0 
952 1112 0 0 0 0 0 0 0 0 0 0 0 0 0 0 
968 1112 0 0 0 0 0 0 0 0 0 0 0 0 0 0 
984 1112 0 0 0 0 0 0 0 0 0 0 0 0 0 0 
1000 1112 0 0 0 0 0 0 0 0 0 0 0 0 0 0 
1016 1112 0 0 0 0 0 0 0 0 0 0 0 0 0 0 
1032 1112 0 0 0 0 0 0 0 0 0 0 0 0 0 0 
1048 1112 0 0 0 0 0 0 0 0 0 0 0 0 0 0 
1064 1112 0 0 0 0 0 0 0 0 0 0 0 0 0 0 
1080 1112 0 0 0 0 0 0 0 0 0 0 0 0 0 0 
1096 1112 0 0 0 0 0 0 0 0 0 0 0 0 0 0 
1112 1112 0 0 0 0 0 0 0 0 0 0 0 0 0 0 
1128 1112 0 0 0 0 0 0 0 0 0 0 0 0 0 0 
1144 1112 0 0 0 0 0 0 0 0 0 0 0 0 0 0 
1160 1112 0 0 0 0 0 0 0 0 0 0 0 0 0 0 
1176 1112 0 0 0 0 0 0 0 0 0 0 0 0 0 0 
1192 1112 0 0 0 0 0 0 0 0 0 0 0 0 0 0 
1208 1112 0 0 0 0 0 0 0 0 0 0 0 0 0 0 
1224 1112 0 0 0 0 0 0 0 0 0 0 0 0 0 0 
1240 1112 0 0 0 0 0 0 0 0 0 0 0 0 0 0 
1256 1112 0 0 0 0 0 0 0 0 0 0 0 0 0 0 
1272 1112 0 0 0 0 0 0 0 0 0 0 0 0 0 0 
1288 1112 0 0 0 0 0 0 0 0 0 0 0 0 0 0 
1304 1112 0 0 0 0 0 0 0 0 0 0 0 0 0 0 
1320 1112 0 0 0 0 0 0 0 0 0 0 0 0 0 0 
1336 1112 0 0 0 0 0 0 0 0 0 0 0 0 0 0 
1352 1112 0 0 0 0 0 0 0 0 0 0 0 0 0 0 
1368 1112 0 0 0 0 0 0 0 0 0 0 0 0 0 0 
1384 1112 0 0 0 0 0 0 0 0 0 0 0 0 0 0 
1400 1112 0 0 0 0 0 0 0 0 0 0 0 0 0 0 
1416 1112 0 0 0 0 0 0 0 0 0 0 0 0 0 0 
1432 1112 0 0 0 0 0 0 0 0 0 0 0 0 0 0 
1448 1112 0 0 0 0 0 0 0 0 0 0 0 0 0 0 
1464 1112 0 0 0 0 0 0 0 0 0 0 0 0 0 0 
1480 1112 0 0 0 0 0 0 0 0 0 0 0 0 0 0 
1496 1112 0 0 0 0 0 0 0 0 0 0 0 0 0 0 
1512 1112 0 0 0 0 0 0 0 0 0 0 0 0 0 0 
1528 1112 0 0 0 0 0 0 0 0 0 0 0 0 0 0 
1544 1112 0 0 0 0 0 0 0 0 0 0 0 0 0 0 
1560 1112 0 0 0 0 0 0 0 0 0 0 0 0 0 0 
1576 1112 0 0 0 0 0 0 0 0 0 0 0 0 0 0 
1592 1112 0 0 0 0 0 0 0 0 0 0 0 0 0 0 
1608 1112 0 0 0 0 0 0 0 0 0 0 0 0 0 0 
1624 1112 0 0 0 0 0 0 0 0 0 0 0 0 0 0 
1640 1112 0 0 0 0 0 0 0 0 0 0 0 0 0 0 
1656 1112 0 0 0 0 0 0 0 0 0 0 0 0 0 0 
1672 1112 0 0 0 0 0 0 0 0 0 0 0 0 0 0 
1688 1112 0 0 0 0 0 0 0 0 0 0 0 0 0 0 
1704 1112 0 0 0 0 0 0 0 0 0 0 0 0 0 0 
1720 1112 0 0 0 0 0 0 0 0 0 0 0 0 0 0 
1736 1112 0 0 0 0 0 0 0 0 0 0 0 0 0 0 
1752 1112 0 0 0 0 0 0 0 0 0 0 0 0 0 0 
1768 1112 0 0 0 0 0 0 0 0 0 0 0 0 0 0 
1784 1112 0 0 0 0 0 0 0 0 0 0 0 0 0 0 
1800 1112 0 0 0 0 0 0 0 0 0 0 0 0 0 0 
1816 1112 0 0 0 0 0 0 0 0 0 0 0 0 0 0 
1832 1112 0 0 0 0 0 0 0 0 0 0 0 0 0 0 
1848 1112 0 0 0 0 0 0 0 0 0 0 0 0 0 0 
1864 1112 0 0 0 0 0 0 0 0 0 0 0 0 0 0 
1880 1112 0 0 0 0 0 0 0 0 0 0 0 0 0 0 
1896 1112 0 0 0 0 0 0 0 0 0 0 0 0 0 0 
1912 1112 0 0 0 0 0 0 0 0 0 0 0 0 0 0 
1928 1112 0 0 0 0 0 0 0 0 0 0 0 0 0 0 
1944 1112 0 0 0 0 0 0 0 0 0 0 0 0 0 0 
1960 1112 0 0 0 0 0 0 0 0 0 0 0 0 0 0 
1976 1112 0 0 0 0 0 0 0 0 0 0 0 0 0 0 
1992 1112 0 0 0 0 0 0 0 0 0 0 0 0 0 0 
2008 1112 0 0 0 0 0 0 0 0 0 0 0 0 0 0 
2024 1112 0 0 0 0 0 0 0 0 0 0 0 0 0 0 
2040 1112 0 0 0 0 0 0 0 0 0 0 0 0 0 0 
2056 1112 0 0 0 0 0 0 0 0 0 0 0 0 0 0 
2072 1112 0 0 0 0 0 0 0 0 0 0 0 0 0 0 
2088 1112 0 0 0 0 0 0 0 0 0 0 0 0 0 0 
2104 1112 0 0 0 0 0 0 0 0 0 0 0 0 0 0 
2120 1112 0 0 0 0 0 0 0 0 0 0 0 0 0 0 
2136 1112 0 0 0 0 0 0 0 0 0 0 0 0 0 0 
2152 1112 0 0 0 0 0 0 0 0 0 0 0 0 0 0 
2168 1112 0 0 0 0 0 0 0 0 0 0 0 0 0 0 
2184 1112 0 0 0 0 0 0 0 0 0 0 0 0 0 0 
2200 1112 0 0 0 0 0 0 0 0 0 0 0 0 0 0 
2216 1112 0 0 0 0 0 0 0 0 0 0 0 0 0 0 
2232 1112 0 0 0 0 0 0 0 0 0 0 0 0 0 0 
2248 1112 0 0 0 0 0 0 0 0 0 0 0 0 0 0 
2264 1112 0 0 0 0 0 0 0 0 0 0 0 0 0 0 
2280 1112 0 0 0 0 0 0 0 0 0 0 0 0 0 0 
2296 1112 0 0 0 0 0 0 0 0 0 0 0 0 0 0 
2312 1112 0 0 0 0 0 0 0 0 0 0 0 0 0 0 
2328 1112 0 0 0 0 0 0 0 0 0 0 0 0 0 0 
2344 1112 0 0 0 0 0 0 0 0 0 0 0 0 0 0 
2360 1112 0 0 0 0 0 0 0 0 0 0 0 0 0 0 
2376 1112 0 0 0 0 0 0 0 0 0 0 0 0 0 0 
2392 1112 0 0 0 0 0 0 0 0 0 0 0 0 0 0 
2408 1112 0 0 0 0 0 0 0 0 0 0 0 0 0 0 
2424 1112 0 0 0 0 0 0 0 0 0 0 0 0 0 0 
2440 1112 0 0 0 0 0 0 0 0 0 0 0 0 0 0 
2456 1112 0 0 0 0 0 0 0 0 0 0 0 0 0 0 
2472 1112 0 0 0 0 0 0 0 0 0 0 0 0 0 0 
2488 1112 0 0 0 0 0 0 0 0 0 0 0 0 0 0 
2504 1112 0 0 0 0 0 0 0 0 0 0 0 0 0 0 
2520 1112 0 0 0 0 0 0 0 0 0 0 0 0 0 0 
2536 1112 0 0 0 0 0 0 0 0 0 0 0 0 0 0 
24 1128 0 0 0 0 0 0 0 0 0 0 0 0 0 0 
40 1128 0 0 0 0 0 0 0 0 0 0 0 0 0 0 
56 1128 0 0 0 0 0 0 0 0 0 0 0 0 0 0 
72 1128 0 0 0 0 0 0 0 0 0 0 0 0 0 0 
88 1128 0 0 0 0 0 0 0 0 0 0 0 0 0 0 
104 1128 0 0 0 0 0 0 0 0 0 0 0 0 0 0 
120 1128 0 0 0 0 0 0 0 0 0 0 0 0 0 0 
136 1128 0 0 0 0 0 0 0 0 0 0 0 0 0 0 
152 1128 0 0 0 0 0 0 0 0 0 0 0 0 0 0 
168 1128 0 0 0 0 0 0 0 0 0 0 0 0 0 0 
184 1128 0 0 0 0 0 0 0 0 0 0 0 0 0 0 
200 1128 0 0 0 0 0 0 0 0 0 0 0 0 0 0 
216 1128 0 0 0 0 0 0 0 0 0 0 0 0 0 0 
232 1128 0 0 0 0 0 0 0 0 0 0 0 0 0 0 
248 1128 0 0 0 0 0 0 0 0 0 0 0 0 0 0 
264 1128 0 0 0 0 0 0 0 0 0 0 0 0 0 0 
280 1128 0 0 0 0 0 0 0 0 0 0 0 0 0 0 
296 1128 0 0 0 0 0 0 0 0 0 0 0 0 0 0 
312 1128 0 0 0 0 0 0 0 0 0 0 0 0 0 0 
328 1128 0 0 0 0 0 0 0 0 0 0 0 0 0 0 
344 1128 0 0 0 0 0 0 0 0 0 0 0 0 0 0 
360 1128 0 0 0 0 0 0 0 0 0 0 0 0 0 0 
376 1128 0 0 0 0 0 0 0 0 0 0 0 0 0 0 
392 1128 0 0 0 0 0 0 0 0 0 0 0 0 0 0 
408 1128 0 0 0 0 0 0 0 0 0 0 0 0 0 0 
424 1128 0 0 0 0 0 0 0 0 0 0 0 0 0 0 
440 1128 0 0 0 0 0 0 0 0 0 0 0 0 0 0 
456 1128 0 0 0 0 0 0 0 0 0 0 0 0 0 0 
472 1128 0 0 0 0 0 0 0 0 0 0 0 0 0 0 
488 1128 0 0 0 0 0 0 0 0 0 0 0 0 0 0 
504 1128 0 0 0 0 0 0 0 0 0 0 0 0 0 0 
520 1128 0 0 0 0 0 0 0 0 0 0 0 0 0 0 
536 1128 0 0 0 0 0 0 0 0 0 0 0 0 0 0 
552 1128 0 0 0 0 0 0 0 0 0 0 0 0 0 0 
568 1128 0 0 0 0 0 0 0 0 0 0 0 0 0 0 
584 1128 0 0 0 0 0 0 0 0 0 0 0 0 0 0 
600 1128 0 0 0 0 0 0 0 0 0 0 0 0 0 0 
616 1128 0 0 0 0 0 0 0 0 0 0 0 0 0 0 
632 1128 0 0 0 0 0 0 0 0 0 0 0 0 0 0 
648 1128 0 0 0 0 0 0 0 0 0 0 0 0 0 0 
664 1128 0 0 0 0 0 0 0 0 0 0 0 0 0 0 
680 1128 0 0 0 0 0 0 0 0 0 0 0 0 0 0 
696 1128 0 0 0 0 0 0 0 0 0 0 0 0 0 0 
712 1128 0 0 0 0 0 0 0 0 0 0 0 0 0 0 
728 1128 0 0 0 0 0 0 0 0 0 0 0 0 0 0 
744 1128 0 0 0 0 0 0 0 0 0 0 0 0 0 0 
760 1128 0 0 0 0 0 0 0 0 0 0 0 0 0 0 
776 1128 0 0 0 0 0 0 0 0 0 0 0 0 0 0 
792 1128 0 0 0 0 0 0 0 0 0 0 0 0 0 0 
808 1128 0 0 0 0 0 0 0 0 0 0 0 0 0 0 
824 1128 0 0 0 0 0 0 0 0 0 0 0 0 0 0 
840 1128 0 0 0 0 0 0 0 0 0 0 0 0 0 0 
856 1128 0 0 0 0 0 0 0 0 0 0 0 0 0 0 
872 1128 0 0 0 0 0 0 0 0 0 0 0 0 0 0 
888 1128 0 0 0 0 0 0 0 0 0 0 0 0 0 0 
904 1128 0 0 0 0 0 0 0 0 0 0 0 0 0 0 
920 1128 0 0 0 0 0 0 0 0 0 0 0 0 0 0 
936 1128 0 0 0 0 0 0 0 0 0 0 0 0 0 0 
952 1128 0 0 0 0 0 0 0 0 0 0 0 0 0 0 
968 1128 0 0 0 0 0 0 0 0 0 0 0 0 0 0 
984 1128 0 0 0 0 0 0 0 0 0 0 0 0 0 0 
1000 1128 0 0 0 0 0 0 0 0 0 0 0 0 0 0 
1016 1128 0 0 0 0 0 0 0 0 0 0 0 0 0 0 
1032 1128 0 0 0 0 0 0 0 0 0 0 0 0 0 0 
1048 1128 0 0 0 0 0 0 0 0 0 0 0 0 0 0 
1064 1128 0 0 0 0 0 0 0 0 0 0 0 0 0 0 
1080 1128 0 0 0 0 0 0 0 0 0 0 0 0 0 0 
1096 1128 0 0 0 0 0 0 0 0 0 0 0 0 0 0 
1112 1128 0 0 0 0 0 0 0 0 0 0 0 0 0 0 
1128 1128 0 0 0 0 0 0 0 0 0 0 0 0 0 0 
1144 1128 0 0 0 0 0 0 0 0 0 0 0 0 0 0 
1160 1128 0 0 0 0 0 0 0 0 0 0 0 0 0 0 
1176 1128 0 0 0 0 0 0 0 0 0 0 0 0 0 0 
1192 1128 0 0 0 0 0 0 0 0 0 0 0 0 0 0 
1208 1128 0 0 0 0 0 0 0 0 0 0 0 0 0 0 
1224 1128 0 0 0 0 0 0 0 0 0 0 0 0 0 0 
1240 1128 0 0 0 0 0 0 0 0 0 0 0 0 0 0 
1256 1128 0 0 0 0 0 0 0 0 0 0 0 0 0 0 
1272 1128 0 0 0 0 0 0 0 0 0 0 0 0 0 0 
1288 1128 0 0 0 0 0 0 0 0 0 0 0 0 0 0 
1304 1128 0 0 0 0 0 0 0 0 0 0 0 0 0 0 
1320 1128 0 0 0 0 0 0 0 0 0 0 0 0 0 0 
1336 1128 0 0 0 0 0 0 0 0 0 0 0 0 0 0 
1352 1128 0 0 0 0 0 0 0 0 0 0 0 0 0 0 
1368 1128 0 0 0 0 0 0 0 0 0 0 0 0 0 0 
1384 1128 0 0 0 0 0 0 0 0 0 0 0 0 0 0 
1400 1128 0 0 0 0 0 0 0 0 0 0 0 0 0 0 
1416 1128 0 0 0 0 0 0 0 0 0 0 0 0 0 0 
1432 1128 0 0 0 0 0 0 0 0 0 0 0 0 0 0 
1448 1128 0 0 0 0 0 0 0 0 0 0 0 0 0 0 
1464 1128 0 0 0 0 0 0 0 0 0 0 0 0 0 0 
1480 1128 0 0 0 0 0 0 0 0 0 0 0 0 0 0 
1496 1128 0 0 0 0 0 0 0 0 0 0 0 0 0 0 
1512 1128 0 0 0 0 0 0 0 0 0 0 0 0 0 0 
1528 1128 0 0 0 0 0 0 0 0 0 0 0 0 0 0 
1544 1128 0 0 0 0 0 0 0 0 0 0 0 0 0 0 
1560 1128 0 0 0 0 0 0 0 0 0 0 0 0 0 0 
1576 1128 0 0 0 0 0 0 0 0 0 0 0 0 0 0 
1592 1128 0 0 0 0 0 0 0 0 0 0 0 0 0 0 
1608 1128 0 0 0 0 0 0 0 0 0 0 0 0 0 0 
1624 1128 0 0 0 0 0 0 0 0 0 0 0 0 0 0 
1640 1128 0 0 0 0 0 0 0 0 0 0 0 0 0 0 
1656 1128 0 0 0 0 0 0 0 0 0 0 0 0 0 0 
1672 1128 0 0 0 0 0 0 0 0 0 0 0 0 0 0 
1688 1128 0 0 0 0 0 0 0 0 0 0 0 0 0 0 
1704 1128 0 0 0 0 0 0 0 0 0 0 0 0 0 0 
1720 1128 0 0 0 0 0 0 0 0 0 0 0 0 0 0 
1736 1128 0 0 0 0 0 0 0 0 0 0 0 0 0 0 
1752 1128 0 0 0 0 0 0 0 0 0 0 0 0 0 0 
1768 1128 0 0 0 0 0 0 0 0 0 0 0 0 0 0 
1784 1128 0 0 0 0 0 0 0 0 0 0 0 0 0 0 
1800 1128 0 0 0 0 0 0 0 0 0 0 0 0 0 0 
1816 1128 0 0 0 0 0 0 0 0 0 0 0 0 0 0 
1832 1128 0 0 0 0 0 0 0 0 0 0 0 0 0 0 
1848 1128 0 0 0 0 0 0 0 0 0 0 0 0 0 0 
1864 1128 0 0 0 0 0 0 0 0 0 0 0 0 0 0 
1880 1128 0 0 0 0 0 0 0 0 0 0 0 0 0 0 
1896 1128 0 0 0 0 0 0 0 0 0 0 0 0 0 0 
1912 1128 0 0 0 0 0 0 0 0 0 0 0 0 0 0 
1928 1128 0 0 0 0 0 0 0 0 0 0 0 0 0 0 
1944 1128 0 0 0 0 0 0 0 0 0 0 0 0 0 0 
1960 1128 0 0 0 0 0 0 0 0 0 0 0 0 0 0 
1976 1128 0 0 0 0 0 0 0 0 0 0 0 0 0 0 
1992 1128 0 0 0 0 0 0 0 0 0 0 0 0 0 0 
2008 1128 0 0 0 0 0 0 0 0 0 0 0 0 0 0 
2024 1128 0 0 0 0 0 0 0 0 0 0 0 0 0 0 
2040 1128 0 0 0 0 0 0 0 0 0 0 0 0 0 0 
2056 1128 0 0 0 0 0 0 0 0 0 0 0 0 0 0 
2072 1128 0 0 0 0 0 0 0 0 0 0 0 0 0 0 
2088 1128 0 0 0 0 0 0 0 0 0 0 0 0 0 0 
2104 1128 0 0 0 0 0 0 0 0 0 0 0 0 0 0 
2120 1128 0 0 0 0 0 0 0 0 0 0 0 0 0 0 
2136 1128 0 0 0 0 0 0 0 0 0 0 0 0 0 0 
2152 1128 0 0 0 0 0 0 0 0 0 0 0 0 0 0 
2168 1128 0 0 0 0 0 0 0 0 0 0 0 0 0 0 
2184 1128 0 0 0 0 0 0 0 0 0 0 0 0 0 0 
2200 1128 0 0 0 0 0 0 0 0 0 0 0 0 0 0 
2216 1128 0 0 0 0 0 0 0 0 0 0 0 0 0 0 
2232 1128 0 0 0 0 0 0 0 0 0 0 0 0 0 0 
2248 1128 0 0 0 0 0 0 0 0 0 0 0 0 0 0 
2264 1128 0 0 0 0 0 0 0 0 0 0 0 0 0 0 
2280 1128 0 0 0 0 0 0 0 0 0 0 0 0 0 0 
2296 1128 0 0 0 0 0 0 0 0 0 0 0 0 0 0 
2312 1128 0 0 0 0 0 0 0 0 0 0 0 0 0 0 
2328 1128 0 0 0 0 0 0 0 0 0 0 0 0 0 0 
2344 1128 0 0 0 0 0 0 0 0 0 0 0 0 0 0 
2360 1128 0 0 0 0 0 0 0 0 0 0 0 0 0 0 
2376 1128 0 0 0 0 0 0 0 0 0 0 0 0 0 0 
2392 1128 0 0 0 0 0 0 0 0 0 0 0 0 0 0 
2408 1128 0 0 0 0 0 0 0 0 0 0 0 0 0 0 
2424 1128 0 0 0 0 0 0 0 0 0 0 0 0 0 0 
2440 1128 0 0 0 0 0 0 0 0 0 0 0 0 0 0 
2456 1128 0 0 0 0 0 0 0 0 0 0 0 0 0 0 
2472 1128 0 0 0 0 0 0 0 0 0 0 0 0 0 0 
2488 1128 0 0 0 0 0 0 0 0 0 0 0 0 0 0 
2504 1128 0 0 0 0 0 0 0 0 0 0 0 0 0 0 
2520 1128 0 0 0 0 0 0 0 0 0 0 0 0 0 0 
2536 1128 0 0 0 0 0 0 0 0 0 0 0 0 0 0 
24 1144 0 0 0 0 0 0 0 0 0 0 0 0 0 0 
40 1144 0 0 0 0 0 0 0 0 0 0 0 0 0 0 
56 1144 0 0 0 0 0 0 0 0 0 0 0 0 0 0 
72 1144 0 0 0 0 0 0 0 0 0 0 0 0 0 0 
88 1144 0 0 0 0 0 0 0 0 0 0 0 0 0 0 
104 1144 0 0 0 0 0 0 0 0 0 0 0 0 0 0 
120 1144 0 0 0 0 0 0 0 0 0 0 0 0 0 0 
136 1144 0 0 0 0 0 0 0 0 0 0 0 0 0 0 
152 1144 0 0 0 0 0 0 0 0 0 0 0 0 0 0 
168 1144 0 0 0 0 0 0 0 0 0 0 0 0 0 0 
184 1144 0 0 0 0 0 0 0 0 0 0 0 0 0 0 
200 1144 0 0 0 0 0 0 0 0 0 0 0 0 0 0 
216 1144 0 0 0 0 0 0 0 0 0 0 0 0 0 0 
232 1144 0 0 0 0 0 0 0 0 0 0 0 0 0 0 
248 1144 0 0 0 0 0 0 0 0 0 0 0 0 0 0 
264 1144 0 0 0 0 0 0 0 0 0 0 0 0 0 0 
280 1144 0 0 0 0 0 0 0 0 0 0 0 0 0 0 
296 1144 0 0 0 0 0 0 0 0 0 0 0 0 0 0 
312 1144 0 0 0 0 0 0 0 0 0 0 0 0 0 0 
328 1144 0 0 0 0 0 0 0 0 0 0 0 0 0 0 
344 1144 0 0 0 0 0 0 0 0 0 0 0 0 0 0 
360 1144 0 0 0 0 0 0 0 0 0 0 0 0 0 0 
376 1144 0 0 0 0 0 0 0 0 0 0 0 0 0 0 
392 1144 0 0 0 0 0 0 0 0 0 0 0 0 0 0 
408 1144 0 0 0 0 0 0 0 0 0 0 0 0 0 0 
424 1144 0 0 0 0 0 0 0 0 0 0 0 0 0 0 
440 1144 0 0 0 0 0 0 0 0 0 0 0 0 0 0 
456 1144 0 0 0 0 0 0 0 0 0 0 0 0 0 0 
472 1144 0 0 0 0 0 0 0 0 0 0 0 0 0 0 
488 1144 0 0 0 0 0 0 0 0 0 0 0 0 0 0 
504 1144 0 0 0 0 0 0 0 0 0 0 0 0 0 0 
520 1144 0 0 0 0 0 0 0 0 0 0 0 0 0 0 
536 1144 0 0 0 0 0 0 0 0 0 0 0 0 0 0 
552 1144 0 0 0 0 0 0 0 0 0 0 0 0 0 0 
568 1144 0 0 0 0 0 0 0 0 0 0 0 0 0 0 
584 1144 0 0 0 0 0 0 0 0 0 0 0 0 0 0 
600 1144 0 0 0 0 0 0 0 0 0 0 0 0 0 0 
616 1144 0 0 0 0 0 0 0 0 0 0 0 0 0 0 
632 1144 0 0 0 0 0 0 0 0 0 0 0 0 0 0 
648 1144 0 0 0 0 0 0 0 0 0 0 0 0 0 0 
664 1144 0 0 0 0 0 0 0 0 0 0 0 0 0 0 
680 1144 0 0 0 0 0 0 0 0 0 0 0 0 0 0 
696 1144 0 0 0 0 0 0 0 0 0 0 0 0 0 0 
712 1144 0 0 0 0 0 0 0 0 0 0 0 0 0 0 
728 1144 0 0 0 0 0 0 0 0 0 0 0 0 0 0 
744 1144 0 0 0 0 0 0 0 0 0 0 0 0 0 0 
760 1144 0 0 0 0 0 0 0 0 0 0 0 0 0 0 
776 1144 0 0 0 0 0 0 0 0 0 0 0 0 0 0 
792 1144 0 0 0 0 0 0 0 0 0 0 0 0 0 0 
808 1144 0 0 0 0 0 0 0 0 0 0 0 0 0 0 
824 1144 0 0 0 0 0 0 0 0 0 0 0 0 0 0 
840 1144 0 0 0 0 0 0 0 0 0 0 0 0 0 0 
856 1144 0 0 0 0 0 0 0 0 0 0 0 0 0 0 
872 1144 0 0 0 0 0 0 0 0 0 0 0 0 0 0 
888 1144 0 0 0 0 0 0 0 0 0 0 0 0 0 0 
904 1144 0 0 0 0 0 0 0 0 0 0 0 0 0 0 
920 1144 0 0 0 0 0 0 0 0 0 0 0 0 0 0 
936 1144 0 0 0 0 0 0 0 0 0 0 0 0 0 0 
952 1144 0 0 0 0 0 0 0 0 0 0 0 0 0 0 
968 1144 0 0 0 0 0 0 0 0 0 0 0 0 0 0 
984 1144 0 0 0 0 0 0 0 0 0 0 0 0 0 0 
1000 1144 0 0 0 0 0 0 0 0 0 0 0 0 0 0 
1016 1144 0 0 0 0 0 0 0 0 0 0 0 0 0 0 
1032 1144 0 0 0 0 0 0 0 0 0 0 0 0 0 0 
1048 1144 0 0 0 0 0 0 0 0 0 0 0 0 0 0 
1064 1144 0 0 0 0 0 0 0 0 0 0 0 0 0 0 
1080 1144 0 0 0 0 0 0 0 0 0 0 0 0 0 0 
1096 1144 0 0 0 0 0 0 0 0 0 0 0 0 0 0 
1112 1144 0 0 0 0 0 0 0 0 0 0 0 0 0 0 
1128 1144 0 0 0 0 0 0 0 0 0 0 0 0 0 0 
1144 1144 0 0 0 0 0 0 0 0 0 0 0 0 0 0 
1160 1144 0 0 0 0 0 0 0 0 0 0 0 0 0 0 
1176 1144 0 0 0 0 0 0 0 0 0 0 0 0 0 0 
1192 1144 0 0 0 0 0 0 0 0 0 0 0 0 0 0 
1208 1144 0 0 0 0 0 0 0 0 0 0 0 0 0 0 
1224 1144 0 0 0 0 0 0 0 0 0 0 0 0 0 0 
1240 1144 0 0 0 0 0 0 0 0 0 0 0 0 0 0 
1256 1144 0 0 0 0 0 0 0 0 0 0 0 0 0 0 
1272 1144 0 0 0 0 0 0 0 0 0 0 0 0 0 0 
1288 1144 0 0 0 0 0 0 0 0 0 0 0 0 0 0 
1304 1144 0 0 0 0 0 0 0 0 0 0 0 0 0 0 
1320 1144 0 0 0 0 0 0 0 0 0 0 0 0 0 0 
1336 1144 0 0 0 0 0 0 0 0 0 0 0 0 0 0 
1352 1144 0 0 0 0 0 0 0 0 0 0 0 0 0 0 
1368 1144 0 0 0 0 0 0 0 0 0 0 0 0 0 0 
1384 1144 0 0 0 0 0 0 0 0 0 0 0 0 0 0 
1400 1144 0 0 0 0 0 0 0 0 0 0 0 0 0 0 
1416 1144 0 0 0 0 0 0 0 0 0 0 0 0 0 0 
1432 1144 0 0 0 0 0 0 0 0 0 0 0 0 0 0 
1448 1144 0 0 0 0 0 0 0 0 0 0 0 0 0 0 
1464 1144 0 0 0 0 0 0 0 0 0 0 0 0 0 0 
1480 1144 0 0 0 0 0 0 0 0 0 0 0 0 0 0 
1496 1144 0 0 0 0 0 0 0 0 0 0 0 0 0 0 
1512 1144 0 0 0 0 0 0 0 0 0 0 0 0 0 0 
1528 1144 0 0 0 0 0 0 0 0 0 0 0 0 0 0 
1544 1144 0 0 0 0 0 0 0 0 0 0 0 0 0 0 
1560 1144 0 0 0 0 0 0 0 0 0 0 0 0 0 0 
1576 1144 0 0 0 0 0 0 0 0 0 0 0 0 0 0 
1592 1144 0 0 0 0 0 0 0 0 0 0 0 0 0 0 
1608 1144 0 0 0 0 0 0 0 0 0 0 0 0 0 0 
1624 1144 0 0 0 0 0 0 0 0 0 0 0 0 0 0 
1640 1144 0 0 0 0 0 0 0 0 0 0 0 0 0 0 
1656 1144 0 0 0 0 0 0 0 0 0 0 0 0 0 0 
1672 1144 0 0 0 0 0 0 0 0 0 0 0 0 0 0 
1688 1144 0 0 0 0 0 0 0 0 0 0 0 0 0 0 
1704 1144 0 0 0 0 0 0 0 0 0 0 0 0 0 0 
1720 1144 0 0 0 0 0 0 0 0 0 0 0 0 0 0 
1736 1144 0 0 0 0 0 0 0 0 0 0 0 0 0 0 
1752 1144 0 0 0 0 0 0 0 0 0 0 0 0 0 0 
1768 1144 0 0 0 0 0 0 0 0 0 0 0 0 0 0 
1784 1144 0 0 0 0 0 0 0 0 0 0 0 0 0 0 
1800 1144 0 0 0 0 0 0 0 0 0 0 0 0 0 0 
1816 1144 0 0 0 0 0 0 0 0 0 0 0 0 0 0 
1832 1144 0 0 0 0 0 0 0 0 0 0 0 0 0 0 
1848 1144 0 0 0 0 0 0 0 0 0 0 0 0 0 0 
1864 1144 0 0 0 0 0 0 0 0 0 0 0 0 0 0 
1880 1144 0 0 0 0 0 0 0 0 0 0 0 0 0 0 
1896 1144 0 0 0 0 0 0 0 0 0 0 0 0 0 0 
1912 1144 0 0 0 0 0 0 0 0 0 0 0 0 0 0 
1928 1144 0 0 0 0 0 0 0 0 0 0 0 0 0 0 
1944 1144 0 0 0 0 0 0 0 0 0 0 0 0 0 0 
1960 1144 0 0 0 0 0 0 0 0 0 0 0 0 0 0 
1976 1144 0 0 0 0 0 0 0 0 0 0 0 0 0 0 
1992 1144 0 0 0 0 0 0 0 0 0 0 0 0 0 0 
2008 1144 0 0 0 0 0 0 0 0 0 0 0 0 0 0 
2024 1144 0 0 0 0 0 0 0 0 0 0 0 0 0 0 
2040 1144 0 0 0 0 0 0 0 0 0 0 0 0 0 0 
2056 1144 0 0 0 0 0 0 0 0 0 0 0 0 0 0 
2072 1144 0 0 0 0 0 0 0 0 0 0 0 0 0 0 
2088 1144 0 0 0 0 0 0 0 0 0 0 0 0 0 0 
2104 1144 0 0 0 0 0 0 0 0 0 0 0 0 0 0 
2120 1144 0 0 0 0 0 0 0 0 0 0 0 0 0 0 
2136 1144 0 0 0 0 0 0 0 0 0 0 0 0 0 0 
2152 1144 0 0 0 0 0 0 0 0 0 0 0 0 0 0 
2168 1144 0 0 0 0 0 0 0 0 0 0 0 0 0 0 
2184 1144 0 0 0 0 0 0 0 0 0 0 0 0 0 0 
2200 1144 0 0 0 0 0 0 0 0 0 0 0 0 0 0 
2216 1144 0 0 0 0 0 0 0 0 0 0 0 0 0 0 
2232 1144 0 0 0 0 0 0 0 0 0 0 0 0 0 0 
2248 1144 0 0 0 0 0 0 0 0 0 0 0 0 0 0 
2264 1144 0 0 0 0 0 0 0 0 0 0 0 0 0 0 
2280 1144 0 0 0 0 0 0 0 0 0 0 0 0 0 0 
2296 1144 0 0 0 0 0 0 0 0 0 0 0 0 0 0 
2312 1144 0 0 0 0 0 0 0 0 0 0 0 0 0 0 
2328 1144 0 0 0 0 0 0 0 0 0 0 0 0 0 0 
2344 1144 0 0 0 0 0 0 0 0 0 0 0 0 0 0 
2360 1144 0 0 0 0 0 0 0 0 0 0 0 0 0 0 
2376 1144 0 0 0 0 0 0 0 0 0 0 0 0 0 0 
2392 1144 0 0 0 0 0 0 0 0 0 0 0 0 0 0 
2408 1144 0 0 0 0 0 0 0 0 0 0 0 0 0 0 
2424 1144 0 0 0 0 0 0 0 0 0 0 0 0 0 0 
2440 1144 0 0 0 0 0 0 0 0 0 0 0 0 0 0 
2456 1144 0 0 0 0 0 0 0 0 0 0 0 0 0 0 
2472 1144 0 0 0 0 0 0 0 0 0 0 0 0 0 0 
2488 1144 0 0 0 0 0 0 0 0 0 0 0 0 0 0 
2504 1144 0 0 0 0 0 0 0 0 0 0 0 0 0 0 
2520 1144 0 0 0 0 0 0 0 0 0 0 0 0 0 0 
2536 1144 0 0 0 0 0 0 0 0 0 0 0 0 0 0 
24 1160 0 0 0 0 0 0 0 0 0 0 0 0 0 0 
40 1160 0 0 0 0 0 0 0 0 0 0 0 0 0 0 
56 1160 0 0 0 0 0 0 0 0 0 0 0 0 0 0 
72 1160 0 0 0 0 0 0 0 0 0 0 0 0 0 0 
88 1160 0 0 0 0 0 0 0 0 0 0 0 0 0 0 
104 1160 0 0 0 0 0 0 0 0 0 0 0 0 0 0 
120 1160 0 0 0 0 0 0 0 0 0 0 0 0 0 0 
136 1160 0 0 0 0 0 0 0 0 0 0 0 0 0 0 
152 1160 0 0 0 0 0 0 0 0 0 0 0 0 0 0 
168 1160 0 0 0 0 0 0 0 0 0 0 0 0 0 0 
184 1160 0 0 0 0 0 0 0 0 0 0 0 0 0 0 
200 1160 0 0 0 0 0 0 0 0 0 0 0 0 0 0 
216 1160 0 0 0 0 0 0 0 0 0 0 0 0 0 0 
232 1160 0 0 0 0 0 0 0 0 0 0 0 0 0 0 
248 1160 0 0 0 0 0 0 0 0 0 0 0 0 0 0 
264 1160 0 0 0 0 0 0 0 0 0 0 0 0 0 0 
280 1160 0 0 0 0 0 0 0 0 0 0 0 0 0 0 
296 1160 0 0 0 0 0 0 0 0 0 0 0 0 0 0 
312 1160 0 0 0 0 0 0 0 0 0 0 0 0 0 0 
328 1160 0 0 0 0 0 0 0 0 0 0 0 0 0 0 
344 1160 0 0 0 0 0 0 0 0 0 0 0 0 0 0 
360 1160 0 0 0 0 0 0 0 0 0 0 0 0 0 0 
376 1160 0 0 0 0 0 0 0 0 0 0 0 0 0 0 
392 1160 0 0 0 0 0 0 0 0 0 0 0 0 0 0 
408 1160 0 0 0 0 0 0 0 0 0 0 0 0 0 0 
424 1160 0 0 0 0 0 0 0 0 0 0 0 0 0 0 
440 1160 0 0 0 0 0 0 0 0 0 0 0 0 0 0 
456 1160 0 0 0 0 0 0 0 0 0 0 0 0 0 0 
472 1160 0 0 0 0 0 0 0 0 0 0 0 0 0 0 
488 1160 0 0 0 0 0 0 0 0 0 0 0 0 0 0 
504 1160 0 0 0 0 0 0 0 0 0 0 0 0 0 0 
520 1160 0 0 0 0 0 0 0 0 0 0 0 0 0 0 
536 1160 0 0 0 0 0 0 0 0 0 0 0 0 0 0 
552 1160 0 0 0 0 0 0 0 0 0 0 0 0 0 0 
568 1160 0 0 0 0 0 0 0 0 0 0 0 0 0 0 
584 1160 0 0 0 0 0 0 0 0 0 0 0 0 0 0 
600 1160 0 0 0 0 0 0 0 0 0 0 0 0 0 0 
616 1160 0 0 0 0 0 0 0 0 0 0 0 0 0 0 
632 1160 0 0 0 0 0 0 0 0 0 0 0 0 0 0 
648 1160 0 0 0 0 0 0 0 0 0 0 0 0 0 0 
664 1160 0 0 0 0 0 0 0 0 0 0 0 0 0 0 
680 1160 0 0 0 0 0 0 0 0 0 0 0 0 0 0 
696 1160 0 0 0 0 0 0 0 0 0 0 0 0 0 0 
712 1160 0 0 0 0 0 0 0 0 0 0 0 0 0 0 
728 1160 0 0 0 0 0 0 0 0 0 0 0 0 0 0 
744 1160 0 0 0 0 0 0 0 0 0 0 0 0 0 0 
760 1160 0 0 0 0 0 0 0 0 0 0 0 0 0 0 
776 1160 0 0 0 0 0 0 0 0 0 0 0 0 0 0 
792 1160 0 0 0 0 0 0 0 0 0 0 0 0 0 0 
808 1160 0 0 0 0 0 0 0 0 0 0 0 0 0 0 
824 1160 0 0 0 0 0 0 0 0 0 0 0 0 0 0 
840 1160 0 0 0 0 0 0 0 0 0 0 0 0 0 0 
856 1160 0 0 0 0 0 0 0 0 0 0 0 0 0 0 
872 1160 0 0 0 0 0 0 0 0 0 0 0 0 0 0 
888 1160 0 0 0 0 0 0 0 0 0 0 0 0 0 0 
904 1160 0 0 0 0 0 0 0 0 0 0 0 0 0 0 
920 1160 0 0 0 0 0 0 0 0 0 0 0 0 0 0 
936 1160 0 0 0 0 0 0 0 0 0 0 0 0 0 0 
952 1160 0 0 0 0 0 0 0 0 0 0 0 0 0 0 
968 1160 0 0 0 0 0 0 0 0 0 0 0 0 0 0 
984 1160 0 0 0 0 0 0 0 0 0 0 0 0 0 0 
1000 1160 0 0 0 0 0 0 0 0 0 0 0 0 0 0 
1016 1160 0 0 0 0 0 0 0 0 0 0 0 0 0 0 
1032 1160 0 0 0 0 0 0 0 0 0 0 0 0 0 0 
1048 1160 0 0 0 0 0 0 0 0 0 0 0 0 0 0 
1064 1160 0 0 0 0 0 0 0 0 0 0 0 0 0 0 
1080 1160 0 0 0 0 0 0 0 0 0 0 0 0 0 0 
1096 1160 0 0 0 0 0 0 0 0 0 0 0 0 0 0 
1112 1160 0 0 0 0 0 0 0 0 0 0 0 0 0 0 
1128 1160 0 0 0 0 0 0 0 0 0 0 0 0 0 0 
1144 1160 0 0 0 0 0 0 0 0 0 0 0 0 0 0 
1160 1160 0 0 0 0 0 0 0 0 0 0 0 0 0 0 
1176 1160 0 0 0 0 0 0 0 0 0 0 0 0 0 0 
1192 1160 0 0 0 0 0 0 0 0 0 0 0 0 0 0 
1208 1160 0 0 0 0 0 0 0 0 0 0 0 0 0 0 
1224 1160 0 0 0 0 0 0 0 0 0 0 0 0 0 0 
1240 1160 0 0 0 0 0 0 0 0 0 0 0 0 0 0 
1256 1160 0 0 0 0 0 0 0 0 0 0 0 0 0 0 
1272 1160 0 0 0 0 0 0 0 0 0 0 0 0 0 0 
1288 1160 0 0 0 0 0 0 0 0 0 0 0 0 0 0 
1304 1160 0 0 0 0 0 0 0 0 0 0 0 0 0 0 
1320 1160 0 0 0 0 0 0 0 0 0 0 0 0 0 0 
1336 1160 0 0 0 0 0 0 0 0 0 0 0 0 0 0 
1352 1160 0 0 0 0 0 0 0 0 0 0 0 0 0 0 
1368 1160 0 0 0 0 0 0 0 0 0 0 0 0 0 0 
1384 1160 0 0 0 0 0 0 0 0 0 0 0 0 0 0 
1400 1160 0 0 0 0 0 0 0 0 0 0 0 0 0 0 
1416 1160 0 0 0 0 0 0 0 0 0 0 0 0 0 0 
1432 1160 0 0 0 0 0 0 0 0 0 0 0 0 0 0 
1448 1160 0 0 0 0 0 0 0 0 0 0 0 0 0 0 
1464 1160 0 0 0 0 0 0 0 0 0 0 0 0 0 0 
1480 1160 0 0 0 0 0 0 0 0 0 0 0 0 0 0 
1496 1160 0 0 0 0 0 0 0 0 0 0 0 0 0 0 
1512 1160 0 0 0 0 0 0 0 0 0 0 0 0 0 0 
1528 1160 0 0 0 0 0 0 0 0 0 0 0 0 0 0 
1544 1160 0 0 0 0 0 0 0 0 0 0 0 0 0 0 
1560 1160 0 0 0 0 0 0 0 0 0 0 0 0 0 0 
1576 1160 0 0 0 0 0 0 0 0 0 0 0 0 0 0 
1592 1160 0 0 0 0 0 0 0 0 0 0 0 0 0 0 
1608 1160 0 0 0 0 0 0 0 0 0 0 0 0 0 0 
1624 1160 0 0 0 0 0 0 0 0 0 0 0 0 0 0 
1640 1160 0 0 0 0 0 0 0 0 0 0 0 0 0 0 
1656 1160 0 0 0 0 0 0 0 0 0 0 0 0 0 0 
1672 1160 0 0 0 0 0 0 0 0 0 0 0 0 0 0 
1688 1160 0 0 0 0 0 0 0 0 0 0 0 0 0 0 
1704 1160 0 0 0 0 0 0 0 0 0 0 0 0 0 0 
1720 1160 0 0 0 0 0 0 0 0 0 0 0 0 0 0 
1736 1160 0 0 0 0 0 0 0 0 0 0 0 0 0 0 
1752 1160 0 0 0 0 0 0 0 0 0 0 0 0 0 0 
1768 1160 0 0 0 0 0 0 0 0 0 0 0 0 0 0 
1784 1160 0 0 0 0 0 0 0 0 0 0 0 0 0 0 
1800 1160 0 0 0 0 0 0 0 0 0 0 0 0 0 0 
1816 1160 0 0 0 0 0 0 0 0 0 0 0 0 0 0 
1832 1160 0 0 0 0 0 0 0 0 0 0 0 0 0 0 
1848 1160 0 0 0 0 0 0 0 0 0 0 0 0 0 0 
1864 1160 0 0 0 0 0 0 0 0 0 0 0 0 0 0 
1880 1160 0 0 0 0 0 0 0 0 0 0 0 0 0 0 
1896 1160 0 0 0 0 0 0 0 0 0 0 0 0 0 0 
1912 1160 0 0 0 0 0 0 0 0 0 0 0 0 0 0 
1928 1160 0 0 0 0 0 0 0 0 0 0 0 0 0 0 
1944 1160 0 0 0 0 0 0 0 0 0 0 0 0 0 0 
1960 1160 0 0 0 0 0 0 0 0 0 0 0 0 0 0 
1976 1160 0 0 0 0 0 0 0 0 0 0 0 0 0 0 
1992 1160 0 0 0 0 0 0 0 0 0 0 0 0 0 0 
2008 1160 0 0 0 0 0 0 0 0 0 0 0 0 0 0 
2024 1160 0 0 0 0 0 0 0 0 0 0 0 0 0 0 
2040 1160 0 0 0 0 0 0 0 0 0 0 0 0 0 0 
2056 1160 0 0 0 0 0 0 0 0 0 0 0 0 0 0 
2072 1160 0 0 0 0 0 0 0 0 0 0 0 0 0 0 
2088 1160 0 0 0 0 0 0 0 0 0 0 0 0 0 0 
2104 1160 0 0 0 0 0 0 0 0 0 0 0 0 0 0 
2120 1160 0 0 0 0 0 0 0 0 0 0 0 0 0 0 
2136 1160 0 0 0 0 0 0 0 0 0 0 0 0 0 0 
2152 1160 0 0 0 0 0 0 0 0 0 0 0 0 0 0 
2168 1160 0 0 0 0 0 0 0 0 0 0 0 0 0 0 
2184 1160 0 0 0 0 0 0 0 0 0 0 0 0 0 0 
2200 1160 0 0 0 0 0 0 0 0 0 0 0 0 0 0 
2216 1160 0 0 0 0 0 0 0 0 0 0 0 0 0 0 
2232 1160 0 0 0 0 0 0 0 0 0 0 0 0 0 0 
2248 1160 0 0 0 0 0 0 0 0 0 0 0 0 0 0 
2264 1160 0 0 0 0 0 0 0 0 0 0 0 0 0 0 
2280 1160 0 0 0 0 0 0 0 0 0 0 0 0 0 0 
2296 1160 0 0 0 0 0 0 0 0 0 0 0 0 0 0 
2312 1160 0 0 0 0 0 0 0 0 0 0 0 0 0 0 
2328 1160 0 0 0 0 0 0 0 0 0 0 0 0 0 0 
2344 1160 0 0 0 0 0 0 0 0 0 0 0 0 0 0 
2360 1160 0 0 0 0 0 0 0 0 0 0 0 0 0 0 
2376 1160 0 0 0 0 0 0 0 0 0 0 0 0 0 0 
2392 1160 0 0 0 0 0 0 0 0 0 0 0 0 0 0 
2408 1160 0 0 0 0 0 0 0 0 0 0 0 0 0 0 
2424 1160 0 0 0 0 0 0 0 0 0 0 0 0 0 0 
2440 1160 0 0 0 0 0 0 0 0 0 0 0 0 0 0 
2456 1160 0 0 0 0 0 0 0 0 0 0 0 0 0 0 
2472 1160 0 0 0 0 0 0 0 0 0 0 0 0 0 0 
2488 1160 0 0 0 0 0 0 0 0 0 0 0 0 0 0 
2504 1160 0 0 0 0 0 0 0 0 0 0 0 0 0 0 
2520 1160 0 0 0 0 0 0 0 0 0 0 0 0 0 0 
2536 1160 0 0 0 0 0 0 0 0 0 0 0 0 0 0 
24 1176 0 0 0 0 0 0 0 0 0 0 0 0 0 0 
40 1176 0 0 0 0 0 0 0 0 0 0 0 0 0 0 
56 1176 0 0 0 0 0 0 0 0 0 0 0 0 0 0 
72 1176 0 0 0 0 0 0 0 0 0 0 0 0 0 0 
88 1176 0 0 0 0 0 0 0 0 0 0 0 0 0 0 
104 1176 0 0 0 0 0 0 0 0 0 0 0 0 0 0 
120 1176 0 0 0 0 0 0 0 0 0 0 0 0 0 0 
136 1176 0 0 0 0 0 0 0 0 0 0 0 0 0 0 
152 1176 0 0 0 0 0 0 0 0 0 0 0 0 0 0 
168 1176 0 0 0 0 0 0 0 0 0 0 0 0 0 0 
184 1176 0 0 0 0 0 0 0 0 0 0 0 0 0 0 
200 1176 0 0 0 0 0 0 0 0 0 0 0 0 0 0 
216 1176 0 0 0 0 0 0 0 0 0 0 0 0 0 0 
232 1176 0 0 0 0 0 0 0 0 0 0 0 0 0 0 
248 1176 0 0 0 0 0 0 0 0 0 0 0 0 0 0 
264 1176 0 0 0 0 0 0 0 0 0 0 0 0 0 0 
280 1176 0 0 0 0 0 0 0 0 0 0 0 0 0 0 
296 1176 0 0 0 0 0 0 0 0 0 0 0 0 0 0 
312 1176 0 0 0 0 0 0 0 0 0 0 0 0 0 0 
328 1176 0 0 0 0 0 0 0 0 0 0 0 0 0 0 
344 1176 0 0 0 0 0 0 0 0 0 0 0 0 0 0 
360 1176 0 0 0 0 0 0 0 0 0 0 0 0 0 0 
376 1176 0 0 0 0 0 0 0 0 0 0 0 0 0 0 
392 1176 0 0 0 0 0 0 0 0 0 0 0 0 0 0 
408 1176 0 0 0 0 0 0 0 0 0 0 0 0 0 0 
424 1176 0 0 0 0 0 0 0 0 0 0 0 0 0 0 
440 1176 0 0 0 0 0 0 0 0 0 0 0 0 0 0 
456 1176 0 0 0 0 0 0 0 0 0 0 0 0 0 0 
472 1176 0 0 0 0 0 0 0 0 0 0 0 0 0 0 
488 1176 0 0 0 0 0 0 0 0 0 0 0 0 0 0 
504 1176 0 0 0 0 0 0 0 0 0 0 0 0 0 0 
520 1176 0 0 0 0 0 0 0 0 0 0 0 0 0 0 
536 1176 0 0 0 0 0 0 0 0 0 0 0 0 0 0 
552 1176 0 0 0 0 0 0 0 0 0 0 0 0 0 0 
568 1176 0 0 0 0 0 0 0 0 0 0 0 0 0 0 
584 1176 0 0 0 0 0 0 0 0 0 0 0 0 0 0 
600 1176 0 0 0 0 0 0 0 0 0 0 0 0 0 0 
616 1176 0 0 0 0 0 0 0 0 0 0 0 0 0 0 
632 1176 0 0 0 0 0 0 0 0 0 0 0 0 0 0 
648 1176 0 0 0 0 0 0 0 0 0 0 0 0 0 0 
664 1176 0 0 0 0 0 0 0 0 0 0 0 0 0 0 
680 1176 0 0 0 0 0 0 0 0 0 0 0 0 0 0 
696 1176 0 0 0 0 0 0 0 0 0 0 0 0 0 0 
712 1176 0 0 0 0 0 0 0 0 0 0 0 0 0 0 
728 1176 0 0 0 0 0 0 0 0 0 0 0 0 0 0 
744 1176 0 0 0 0 0 0 0 0 0 0 0 0 0 0 
760 1176 0 0 0 0 0 0 0 0 0 0 0 0 0 0 
776 1176 0 0 0 0 0 0 0 0 0 0 0 0 0 0 
792 1176 0 0 0 0 0 0 0 0 0 0 0 0 0 0 
808 1176 0 0 0 0 0 0 0 0 0 0 0 0 0 0 
824 1176 0 0 0 0 0 0 0 0 0 0 0 0 0 0 
840 1176 0 0 0 0 0 0 0 0 0 0 0 0 0 0 
856 1176 0 0 0 0 0 0 0 0 0 0 0 0 0 0 
872 1176 0 0 0 0 0 0 0 0 0 0 0 0 0 0 
888 1176 0 0 0 0 0 0 0 0 0 0 0 0 0 0 
904 1176 0 0 0 0 0 0 0 0 0 0 0 0 0 0 
920 1176 0 0 0 0 0 0 0 0 0 0 0 0 0 0 
936 1176 0 0 0 0 0 0 0 0 0 0 0 0 0 0 
952 1176 0 0 0 0 0 0 0 0 0 0 0 0 0 0 
968 1176 0 0 0 0 0 0 0 0 0 0 0 0 0 0 
984 1176 0 0 0 0 0 0 0 0 0 0 0 0 0 0 
1000 1176 0 0 0 0 0 0 0 0 0 0 0 0 0 0 
1016 1176 0 0 0 0 0 0 0 0 0 0 0 0 0 0 
1032 1176 0 0 0 0 0 0 0 0 0 0 0 0 0 0 
1048 1176 0 0 0 0 0 0 0 0 0 0 0 0 0 0 
1064 1176 0 0 0 0 0 0 0 0 0 0 0 0 0 0 
1080 1176 0 0 0 0 0 0 0 0 0 0 0 0 0 0 
1096 1176 0 0 0 0 0 0 0 0 0 0 0 0 0 0 
1112 1176 0 0 0 0 0 0 0 0 0 0 0 0 0 0 
1128 1176 0 0 0 0 0 0 0 0 0 0 0 0 0 0 
1144 1176 0 0 0 0 0 0 0 0 0 0 0 0 0 0 
1160 1176 0 0 0 0 0 0 0 0 0 0 0 0 0 0 
1176 1176 0 0 0 0 0 0 0 0 0 0 0 0 0 0 
1192 1176 0 0 0 0 0 0 0 0 0 0 0 0 0 0 
1208 1176 0 0 0 0 0 0 0 0 0 0 0 0 0 0 
1224 1176 0 0 0 0 0 0 0 0 0 0 0 0 0 0 
1240 1176 0 0 0 0 0 0 0 0 0 0 0 0 0 0 
1256 1176 0 0 0 0 0 0 0 0 0 0 0 0 0 0 
1272 1176 0 0 0 0 0 0 0 0 0 0 0 0 0 0 
1288 1176 0 0 0 0 0 0 0 0 0 0 0 0 0 0 
1304 1176 0 0 0 0 0 0 0 0 0 0 0 0 0 0 
1320 1176 0 0 0 0 0 0 0 0 0 0 0 0 0 0 
1336 1176 0 0 0 0 0 0 0 0 0 0 0 0 0 0 
1352 1176 0 0 0 0 0 0 0 0 0 0 0 0 0 0 
1368 1176 0 0 0 0 0 0 0 0 0 0 0 0 0 0 
1384 1176 0 0 0 0 0 0 0 0 0 0 0 0 0 0 
1400 1176 0 0 0 0 0 0 0 0 0 0 0 0 0 0 
1416 1176 0 0 0 0 0 0 0 0 0 0 0 0 0 0 
1432 1176 0 0 0 0 0 0 0 0 0 0 0 0 0 0 
1448 1176 0 0 0 0 0 0 0 0 0 0 0 0 0 0 
1464 1176 0 0 0 0 0 0 0 0 0 0 0 0 0 0 
1480 1176 0 0 0 0 0 0 0 0 0 0 0 0 0 0 
1496 1176 0 0 0 0 0 0 0 0 0 0 0 0 0 0 
1512 1176 0 0 0 0 0 0 0 0 0 0 0 0 0 0 
1528 1176 0 0 0 0 0 0 0 0 0 0 0 0 0 0 
1544 1176 0 0 0 0 0 0 0 0 0 0 0 0 0 0 
1560 1176 0 0 0 0 0 0 0 0 0 0 0 0 0 0 
1576 1176 0 0 0 0 0 0 0 0 0 0 0 0 0 0 
1592 1176 0 0 0 0 0 0 0 0 0 0 0 0 0 0 
1608 1176 0 0 0 0 0 0 0 0 0 0 0 0 0 0 
1624 1176 0 0 0 0 0 0 0 0 0 0 0 0 0 0 
1640 1176 0 0 0 0 0 0 0 0 0 0 0 0 0 0 
1656 1176 0 0 0 0 0 0 0 0 0 0 0 0 0 0 
1672 1176 0 0 0 0 0 0 0 0 0 0 0 0 0 0 
1688 1176 0 0 0 0 0 0 0 0 0 0 0 0 0 0 
1704 1176 0 0 0 0 0 0 0 0 0 0 0 0 0 0 
1720 1176 0 0 0 0 0 0 0 0 0 0 0 0 0 0 
1736 1176 0 0 0 0 0 0 0 0 0 0 0 0 0 0 
1752 1176 0 0 0 0 0 0 0 0 0 0 0 0 0 0 
1768 1176 0 0 0 0 0 0 0 0 0 0 0 0 0 0 
1784 1176 0 0 0 0 0 0 0 0 0 0 0 0 0 0 
1800 1176 0 0 0 0 0 0 0 0 0 0 0 0 0 0 
1816 1176 0 0 0 0 0 0 0 0 0 0 0 0 0 0 
1832 1176 0 0 0 0 0 0 0 0 0 0 0 0 0 0 
1848 1176 0 0 0 0 0 0 0 0 0 0 0 0 0 0 
1864 1176 0 0 0 0 0 0 0 0 0 0 0 0 0 0 
1880 1176 0 0 0 0 0 0 0 0 0 0 0 0 0 0 
1896 1176 0 0 0 0 0 0 0 0 0 0 0 0 0 0 
1912 1176 0 0 0 0 0 0 0 0 0 0 0 0 0 0 
1928 1176 0 0 0 0 0 0 0 0 0 0 0 0 0 0 
1944 1176 0 0 0 0 0 0 0 0 0 0 0 0 0 0 
1960 1176 0 0 0 0 0 0 0 0 0 0 0 0 0 0 
1976 1176 0 0 0 0 0 0 0 0 0 0 0 0 0 0 
1992 1176 0 0 0 0 0 0 0 0 0 0 0 0 0 0 
2008 1176 0 0 0 0 0 0 0 0 0 0 0 0 0 0 
2024 1176 0 0 0 0 0 0 0 0 0 0 0 0 0 0 
2040 1176 0 0 0 0 0 0 0 0 0 0 0 0 0 0 
2056 1176 0 0 0 0 0 0 0 0 0 0 0 0 0 0 
2072 1176 0 0 0 0 0 0 0 0 0 0 0 0 0 0 
2088 1176 0 0 0 0 0 0 0 0 0 0 0 0 0 0 
2104 1176 0 0 0 0 0 0 0 0 0 0 0 0 0 0 
2120 1176 0 0 0 0 0 0 0 0 0 0 0 0 0 0 
2136 1176 0 0 0 0 0 0 0 0 0 0 0 0 0 0 
2152 1176 0 0 0 0 0 0 0 0 0 0 0 0 0 0 
2168 1176 0 0 0 0 0 0 0 0 0 0 0 0 0 0 
2184 1176 0 0 0 0 0 0 0 0 0 0 0 0 0 0 
2200 1176 0 0 0 0 0 0 0 0 0 0 0 0 0 0 
2216 1176 0 0 0 0 0 0 0 0 0 0 0 0 0 0 
2232 1176 0 0 0 0 0 0 0 0 0 0 0 0 0 0 
2248 1176 0 0 0 0 0 0 0 0 0 0 0 0 0 0 
2264 1176 0 0 0 0 0 0 0 0 0 0 0 0 0 0 
2280 1176 0 0 0 0 0 0 0 0 0 0 0 0 0 0 
2296 1176 0 0 0 0 0 0 0 0 0 0 0 0 0 0 
2312 1176 0 0 0 0 0 0 0 0 0 0 0 0 0 0 
2328 1176 0 0 0 0 0 0 0 0 0 0 0 0 0 0 
2344 1176 0 0 0 0 0 0 0 0 0 0 0 0 0 0 
2360 1176 0 0 0 0 0 0 0 0 0 0 0 0 0 0 
2376 1176 0 0 0 0 0 0 0 0 0 0 0 0 0 0 
2392 1176 0 0 0 0 0 0 0 0 0 0 0 0 0 0 
2408 1176 0 0 0 0 0 0 0 0 0 0 0 0 0 0 
2424 1176 0 0 0 0 0 0 0 0 0 0 0 0 0 0 
2440 1176 0 0 0 0 0 0 0 0 0 0 0 0 0 0 
2456 1176 0 0 0 0 0 0 0 0 0 0 0 0 0 0 
2472 1176 0 0 0 0 0 0 0 0 0 0 0 0 0 0 
2488 1176 0 0 0 0 0 0 0 0 0 0 0 0 0 0 
2504 1176 0 0 0 0 0 0 0 0 0 0 0 0 0 0 
2520 1176 0 0 0 0 0 0 0 0 0 0 0 0 0 0 
2536 1176 0 0 0 0 0 0 0 0 0 0 0 0 0 0 
24 1192 0 0 0 0 0 0 0 0 0 0 0 0 0 0 
40 1192 0 0 0 0 0 0 0 0 0 0 0 0 0 0 
56 1192 0 0 0 0 0 0 0 0 0 0 0 0 0 0 
72 1192 0 0 0 0 0 0 0 0 0 0 0 0 0 0 
88 1192 0 0 0 0 0 0 0 0 0 0 0 0 0 0 
104 1192 0 0 0 0 0 0 0 0 0 0 0 0 0 0 
120 1192 0 0 0 0 0 0 0 0 0 0 0 0 0 0 
136 1192 0 0 0 0 0 0 0 0 0 0 0 0 0 0 
152 1192 0 0 0 0 0 0 0 0 0 0 0 0 0 0 
168 1192 0 0 0 0 0 0 0 0 0 0 0 0 0 0 
184 1192 0 0 0 0 0 0 0 0 0 0 0 0 0 0 
200 1192 0 0 0 0 0 0 0 0 0 0 0 0 0 0 
216 1192 0 0 0 0 0 0 0 0 0 0 0 0 0 0 
232 1192 0 0 0 0 0 0 0 0 0 0 0 0 0 0 
248 1192 0 0 0 0 0 0 0 0 0 0 0 0 0 0 
264 1192 0 0 0 0 0 0 0 0 0 0 0 0 0 0 
280 1192 0 0 0 0 0 0 0 0 0 0 0 0 0 0 
296 1192 0 0 0 0 0 0 0 0 0 0 0 0 0 0 
312 1192 0 0 0 0 0 0 0 0 0 0 0 0 0 0 
328 1192 0 0 0 0 0 0 0 0 0 0 0 0 0 0 
344 1192 0 0 0 0 0 0 0 0 0 0 0 0 0 0 
360 1192 0 0 0 0 0 0 0 0 0 0 0 0 0 0 
376 1192 0 0 0 0 0 0 0 0 0 0 0 0 0 0 
392 1192 0 0 0 0 0 0 0 0 0 0 0 0 0 0 
408 1192 0 0 0 0 0 0 0 0 0 0 0 0 0 0 
424 1192 0 0 0 0 0 0 0 0 0 0 0 0 0 0 
440 1192 0 0 0 0 0 0 0 0 0 0 0 0 0 0 
456 1192 0 0 0 0 0 0 0 0 0 0 0 0 0 0 
472 1192 0 0 0 0 0 0 0 0 0 0 0 0 0 0 
488 1192 0 0 0 0 0 0 0 0 0 0 0 0 0 0 
504 1192 0 0 0 0 0 0 0 0 0 0 0 0 0 0 
520 1192 0 0 0 0 0 0 0 0 0 0 0 0 0 0 
536 1192 0 0 0 0 0 0 0 0 0 0 0 0 0 0 
552 1192 0 0 0 0 0 0 0 0 0 0 0 0 0 0 
568 1192 0 0 0 0 0 0 0 0 0 0 0 0 0 0 
584 1192 0 0 0 0 0 0 0 0 0 0 0 0 0 0 
600 1192 0 0 0 0 0 0 0 0 0 0 0 0 0 0 
616 1192 0 0 0 0 0 0 0 0 0 0 0 0 0 0 
632 1192 0 0 0 0 0 0 0 0 0 0 0 0 0 0 
648 1192 0 0 0 0 0 0 0 0 0 0 0 0 0 0 
664 1192 0 0 0 0 0 0 0 0 0 0 0 0 0 0 
680 1192 0 0 0 0 0 0 0 0 0 0 0 0 0 0 
696 1192 0 0 0 0 0 0 0 0 0 0 0 0 0 0 
712 1192 0 0 0 0 0 0 0 0 0 0 0 0 0 0 
728 1192 0 0 0 0 0 0 0 0 0 0 0 0 0 0 
744 1192 0 0 0 0 0 0 0 0 0 0 0 0 0 0 
760 1192 0 0 0 0 0 0 0 0 0 0 0 0 0 0 
776 1192 0 0 0 0 0 0 0 0 0 0 0 0 0 0 
792 1192 0 0 0 0 0 0 0 0 0 0 0 0 0 0 
808 1192 0 0 0 0 0 0 0 0 0 0 0 0 0 0 
824 1192 0 0 0 0 0 0 0 0 0 0 0 0 0 0 
840 1192 0 0 0 0 0 0 0 0 0 0 0 0 0 0 
856 1192 0 0 0 0 0 0 0 0 0 0 0 0 0 0 
872 1192 0 0 0 0 0 0 0 0 0 0 0 0 0 0 
888 1192 0 0 0 0 0 0 0 0 0 0 0 0 0 0 
904 1192 0 0 0 0 0 0 0 0 0 0 0 0 0 0 
920 1192 0 0 0 0 0 0 0 0 0 0 0 0 0 0 
936 1192 0 0 0 0 0 0 0 0 0 0 0 0 0 0 
952 1192 0 0 0 0 0 0 0 0 0 0 0 0 0 0 
968 1192 0 0 0 0 0 0 0 0 0 0 0 0 0 0 
984 1192 0 0 0 0 0 0 0 0 0 0 0 0 0 0 
1000 1192 0 0 0 0 0 0 0 0 0 0 0 0 0 0 
1016 1192 0 0 0 0 0 0 0 0 0 0 0 0 0 0 
1032 1192 0 0 0 0 0 0 0 0 0 0 0 0 0 0 
1048 1192 0 0 0 0 0 0 0 0 0 0 0 0 0 0 
1064 1192 0 0 0 0 0 0 0 0 0 0 0 0 0 0 
1080 1192 0 0 0 0 0 0 0 0 0 0 0 0 0 0 
1096 1192 0 0 0 0 0 0 0 0 0 0 0 0 0 0 
1112 1192 0 0 0 0 0 0 0 0 0 0 0 0 0 0 
1128 1192 0 0 0 0 0 0 0 0 0 0 0 0 0 0 
1144 1192 0 0 0 0 0 0 0 0 0 0 0 0 0 0 
1160 1192 0 0 0 0 0 0 0 0 0 0 0 0 0 0 
1176 1192 0 0 0 0 0 0 0 0 0 0 0 0 0 0 
1192 1192 0 0 0 0 0 0 0 0 0 0 0 0 0 0 
1208 1192 0 0 0 0 0 0 0 0 0 0 0 0 0 0 
1224 1192 0 0 0 0 0 0 0 0 0 0 0 0 0 0 
1240 1192 0 0 0 0 0 0 0 0 0 0 0 0 0 0 
1256 1192 0 0 0 0 0 0 0 0 0 0 0 0 0 0 
1272 1192 0 0 0 0 0 0 0 0 0 0 0 0 0 0 
1288 1192 0 0 0 0 0 0 0 0 0 0 0 0 0 0 
1304 1192 0 0 0 0 0 0 0 0 0 0 0 0 0 0 
1320 1192 0 0 0 0 0 0 0 0 0 0 0 0 0 0 
1336 1192 0 0 0 0 0 0 0 0 0 0 0 0 0 0 
1352 1192 0 0 0 0 0 0 0 0 0 0 0 0 0 0 
1368 1192 0 0 0 0 0 0 0 0 0 0 0 0 0 0 
1384 1192 0 0 0 0 0 0 0 0 0 0 0 0 0 0 
1400 1192 0 0 0 0 0 0 0 0 0 0 0 0 0 0 
1416 1192 0 0 0 0 0 0 0 0 0 0 0 0 0 0 
1432 1192 0 0 0 0 0 0 0 0 0 0 0 0 0 0 
1448 1192 0 0 0 0 0 0 0 0 0 0 0 0 0 0 
1464 1192 0 0 0 0 0 0 0 0 0 0 0 0 0 0 
1480 1192 0 0 0 0 0 0 0 0 0 0 0 0 0 0 
1496 1192 0 0 0 0 0 0 0 0 0 0 0 0 0 0 
1512 1192 0 0 0 0 0 0 0 0 0 0 0 0 0 0 
1528 1192 0 0 0 0 0 0 0 0 0 0 0 0 0 0 
1544 1192 0 0 0 0 0 0 0 0 0 0 0 0 0 0 
1560 1192 0 0 0 0 0 0 0 0 0 0 0 0 0 0 
1576 1192 0 0 0 0 0 0 0 0 0 0 0 0 0 0 
1592 1192 0 0 0 0 0 0 0 0 0 0 0 0 0 0 
1608 1192 0 0 0 0 0 0 0 0 0 0 0 0 0 0 
1624 1192 0 0 0 0 0 0 0 0 0 0 0 0 0 0 
1640 1192 0 0 0 0 0 0 0 0 0 0 0 0 0 0 
1656 1192 0 0 0 0 0 0 0 0 0 0 0 0 0 0 
1672 1192 0 0 0 0 0 0 0 0 0 0 0 0 0 0 
1688 1192 0 0 0 0 0 0 0 0 0 0 0 0 0 0 
1704 1192 0 0 0 0 0 0 0 0 0 0 0 0 0 0 
1720 1192 0 0 0 0 0 0 0 0 0 0 0 0 0 0 
1736 1192 0 0 0 0 0 0 0 0 0 0 0 0 0 0 
1752 1192 0 0 0 0 0 0 0 0 0 0 0 0 0 0 
1768 1192 0 0 0 0 0 0 0 0 0 0 0 0 0 0 
1784 1192 0 0 0 0 0 0 0 0 0 0 0 0 0 0 
1800 1192 0 0 0 0 0 0 0 0 0 0 0 0 0 0 
1816 1192 0 0 0 0 0 0 0 0 0 0 0 0 0 0 
1832 1192 0 0 0 0 0 0 0 0 0 0 0 0 0 0 
1848 1192 0 0 0 0 0 0 0 0 0 0 0 0 0 0 
1864 1192 0 0 0 0 0 0 0 0 0 0 0 0 0 0 
1880 1192 0 0 0 0 0 0 0 0 0 0 0 0 0 0 
1896 1192 0 0 0 0 0 0 0 0 0 0 0 0 0 0 
1912 1192 0 0 0 0 0 0 0 0 0 0 0 0 0 0 
1928 1192 0 0 0 0 0 0 0 0 0 0 0 0 0 0 
1944 1192 0 0 0 0 0 0 0 0 0 0 0 0 0 0 
1960 1192 0 0 0 0 0 0 0 0 0 0 0 0 0 0 
1976 1192 0 0 0 0 0 0 0 0 0 0 0 0 0 0 
1992 1192 0 0 0 0 0 0 0 0 0 0 0 0 0 0 
2008 1192 0 0 0 0 0 0 0 0 0 0 0 0 0 0 
2024 1192 0 0 0 0 0 0 0 0 0 0 0 0 0 0 
2040 1192 0 0 0 0 0 0 0 0 0 0 0 0 0 0 
2056 1192 0 0 0 0 0 0 0 0 0 0 0 0 0 0 
2072 1192 0 0 0 0 0 0 0 0 0 0 0 0 0 0 
2088 1192 0 0 0 0 0 0 0 0 0 0 0 0 0 0 
2104 1192 0 0 0 0 0 0 0 0 0 0 0 0 0 0 
2120 1192 0 0 0 0 0 0 0 0 0 0 0 0 0 0 
2136 1192 0 0 0 0 0 0 0 0 0 0 0 0 0 0 
2152 1192 0 0 0 0 0 0 0 0 0 0 0 0 0 0 
2168 1192 0 0 0 0 0 0 0 0 0 0 0 0 0 0 
2184 1192 0 0 0 0 0 0 0 0 0 0 0 0 0 0 
2200 1192 0 0 0 0 0 0 0 0 0 0 0 0 0 0 
2216 1192 0 0 0 0 0 0 0 0 0 0 0 0 0 0 
2232 1192 0 0 0 0 0 0 0 0 0 0 0 0 0 0 
2248 1192 0 0 0 0 0 0 0 0 0 0 0 0 0 0 
2264 1192 0 0 0 0 0 0 0 0 0 0 0 0 0 0 
2280 1192 0 0 0 0 0 0 0 0 0 0 0 0 0 0 
2296 1192 0 0 0 0 0 0 0 0 0 0 0 0 0 0 
2312 1192 0 0 0 0 0 0 0 0 0 0 0 0 0 0 
2328 1192 0 0 0 0 0 0 0 0 0 0 0 0 0 0 
2344 1192 0 0 0 0 0 0 0 0 0 0 0 0 0 0 
2360 1192 0 0 0 0 0 0 0 0 0 0 0 0 0 0 
2376 1192 0 0 0 0 0 0 0 0 0 0 0 0 0 0 
2392 1192 0 0 0 0 0 0 0 0 0 0 0 0 0 0 
2408 1192 0 0 0 0 0 0 0 0 0 0 0 0 0 0 
2424 1192 0 0 0 0 0 0 0 0 0 0 0 0 0 0 
2440 1192 0 0 0 0 0 0 0 0 0 0 0 0 0 0 
2456 1192 0 0 0 0 0 0 0 0 0 0 0 0 0 0 
2472 1192 0 0 0 0 0 0 0 0 0 0 0 0 0 0 
2488 1192 0 0 0 0 0 0 0 0 0 0 0 0 0 0 
2504 1192 0 0 0 0 0 0 0 0 0 0 0 0 0 0 
2520 1192 0 0 0 0 0 0 0 0 0 0 0 0 0 0 
2536 1192 0 0 0 0 0 0 0 0 0 0 0 0 0 0 
24 1208 0 0 0 0 0 0 0 0 0 0 0 0 0 0 
40 1208 0 0 0 0 0 0 0 0 0 0 0 0 0 0 
56 1208 0 0 0 0 0 0 0 0 0 0 0 0 0 0 
72 1208 0 0 0 0 0 0 0 0 0 0 0 0 0 0 
88 1208 0 0 0 0 0 0 0 0 0 0 0 0 0 0 
104 1208 0 0 0 0 0 0 0 0 0 0 0 0 0 0 
120 1208 0 0 0 0 0 0 0 0 0 0 0 0 0 0 
136 1208 0 0 0 0 0 0 0 0 0 0 0 0 0 0 
152 1208 0 0 0 0 0 0 0 0 0 0 0 0 0 0 
168 1208 0 0 0 0 0 0 0 0 0 0 0 0 0 0 
184 1208 0 0 0 0 0 0 0 0 0 0 0 0 0 0 
200 1208 0 0 0 0 0 0 0 0 0 0 0 0 0 0 
216 1208 0 0 0 0 0 0 0 0 0 0 0 0 0 0 
232 1208 0 0 0 0 0 0 0 0 0 0 0 0 0 0 
248 1208 0 0 0 0 0 0 0 0 0 0 0 0 0 0 
264 1208 0 0 0 0 0 0 0 0 0 0 0 0 0 0 
280 1208 0 0 0 0 0 0 0 0 0 0 0 0 0 0 
296 1208 0 0 0 0 0 0 0 0 0 0 0 0 0 0 
312 1208 0 0 0 0 0 0 0 0 0 0 0 0 0 0 
328 1208 0 0 0 0 0 0 0 0 0 0 0 0 0 0 
344 1208 0 0 0 0 0 0 0 0 0 0 0 0 0 0 
360 1208 0 0 0 0 0 0 0 0 0 0 0 0 0 0 
376 1208 0 0 0 0 0 0 0 0 0 0 0 0 0 0 
392 1208 0 0 0 0 0 0 0 0 0 0 0 0 0 0 
408 1208 0 0 0 0 0 0 0 0 0 0 0 0 0 0 
424 1208 0 0 0 0 0 0 0 0 0 0 0 0 0 0 
440 1208 0 0 0 0 0 0 0 0 0 0 0 0 0 0 
456 1208 0 0 0 0 0 0 0 0 0 0 0 0 0 0 
472 1208 0 0 0 0 0 0 0 0 0 0 0 0 0 0 
488 1208 0 0 0 0 0 0 0 0 0 0 0 0 0 0 
504 1208 0 0 0 0 0 0 0 0 0 0 0 0 0 0 
520 1208 0 0 0 0 0 0 0 0 0 0 0 0 0 0 
536 1208 0 0 0 0 0 0 0 0 0 0 0 0 0 0 
552 1208 0 0 0 0 0 0 0 0 0 0 0 0 0 0 
568 1208 0 0 0 0 0 0 0 0 0 0 0 0 0 0 
584 1208 0 0 0 0 0 0 0 0 0 0 0 0 0 0 
600 1208 0 0 0 0 0 0 0 0 0 0 0 0 0 0 
616 1208 0 0 0 0 0 0 0 0 0 0 0 0 0 0 
632 1208 0 0 0 0 0 0 0 0 0 0 0 0 0 0 
648 1208 0 0 0 0 0 0 0 0 0 0 0 0 0 0 
664 1208 0 0 0 0 0 0 0 0 0 0 0 0 0 0 
680 1208 0 0 0 0 0 0 0 0 0 0 0 0 0 0 
696 1208 0 0 0 0 0 0 0 0 0 0 0 0 0 0 
712 1208 0 0 0 0 0 0 0 0 0 0 0 0 0 0 
728 1208 0 0 0 0 0 0 0 0 0 0 0 0 0 0 
744 1208 0 0 0 0 0 0 0 0 0 0 0 0 0 0 
760 1208 0 0 0 0 0 0 0 0 0 0 0 0 0 0 
776 1208 0 0 0 0 0 0 0 0 0 0 0 0 0 0 
792 1208 0 0 0 0 0 0 0 0 0 0 0 0 0 0 
808 1208 0 0 0 0 0 0 0 0 0 0 0 0 0 0 
824 1208 0 0 0 0 0 0 0 0 0 0 0 0 0 0 
840 1208 0 0 0 0 0 0 0 0 0 0 0 0 0 0 
856 1208 0 0 0 0 0 0 0 0 0 0 0 0 0 0 
872 1208 0 0 0 0 0 0 0 0 0 0 0 0 0 0 
888 1208 0 0 0 0 0 0 0 0 0 0 0 0 0 0 
904 1208 0 0 0 0 0 0 0 0 0 0 0 0 0 0 
920 1208 0 0 0 0 0 0 0 0 0 0 0 0 0 0 
936 1208 0 0 0 0 0 0 0 0 0 0 0 0 0 0 
952 1208 0 0 0 0 0 0 0 0 0 0 0 0 0 0 
968 1208 0 0 0 0 0 0 0 0 0 0 0 0 0 0 
984 1208 0 0 0 0 0 0 0 0 0 0 0 0 0 0 
1000 1208 0 0 0 0 0 0 0 0 0 0 0 0 0 0 
1016 1208 0 0 0 0 0 0 0 0 0 0 0 0 0 0 
1032 1208 0 0 0 0 0 0 0 0 0 0 0 0 0 0 
1048 1208 0 0 0 0 0 0 0 0 0 0 0 0 0 0 
1064 1208 0 0 0 0 0 0 0 0 0 0 0 0 0 0 
1080 1208 0 0 0 0 0 0 0 0 0 0 0 0 0 0 
1096 1208 0 0 0 0 0 0 0 0 0 0 0 0 0 0 
1112 1208 0 0 0 0 0 0 0 0 0 0 0 0 0 0 
1128 1208 0 0 0 0 0 0 0 0 0 0 0 0 0 0 
1144 1208 0 0 0 0 0 0 0 0 0 0 0 0 0 0 
1160 1208 0 0 0 0 0 0 0 0 0 0 0 0 0 0 
1176 1208 0 0 0 0 0 0 0 0 0 0 0 0 0 0 
1192 1208 0 0 0 0 0 0 0 0 0 0 0 0 0 0 
1208 1208 0 0 0 0 0 0 0 0 0 0 0 0 0 0 
1224 1208 0 0 0 0 0 0 0 0 0 0 0 0 0 0 
1240 1208 0 0 0 0 0 0 0 0 0 0 0 0 0 0 
1256 1208 0 0 0 0 0 0 0 0 0 0 0 0 0 0 
1272 1208 0 0 0 0 0 0 0 0 0 0 0 0 0 0 
1288 1208 0 0 0 0 0 0 0 0 0 0 0 0 0 0 
1304 1208 0 0 0 0 0 0 0 0 0 0 0 0 0 0 
1320 1208 0 0 0 0 0 0 0 0 0 0 0 0 0 0 
1336 1208 0 0 0 0 0 0 0 0 0 0 0 0 0 0 
1352 1208 0 0 0 0 0 0 0 0 0 0 0 0 0 0 
1368 1208 0 0 0 0 0 0 0 0 0 0 0 0 0 0 
1384 1208 0 0 0 0 0 0 0 0 0 0 0 0 0 0 
1400 1208 0 0 0 0 0 0 0 0 0 0 0 0 0 0 
1416 1208 0 0 0 0 0 0 0 0 0 0 0 0 0 0 
1432 1208 0 0 0 0 0 0 0 0 0 0 0 0 0 0 
1448 1208 0 0 0 0 0 0 0 0 0 0 0 0 0 0 
1464 1208 0 0 0 0 0 0 0 0 0 0 0 0 0 0 
1480 1208 0 0 0 0 0 0 0 0 0 0 0 0 0 0 
1496 1208 0 0 0 0 0 0 0 0 0 0 0 0 0 0 
1512 1208 0 0 0 0 0 0 0 0 0 0 0 0 0 0 
1528 1208 0 0 0 0 0 0 0 0 0 0 0 0 0 0 
1544 1208 0 0 0 0 0 0 0 0 0 0 0 0 0 0 
1560 1208 0 0 0 0 0 0 0 0 0 0 0 0 0 0 
1576 1208 0 0 0 0 0 0 0 0 0 0 0 0 0 0 
1592 1208 0 0 0 0 0 0 0 0 0 0 0 0 0 0 
1608 1208 0 0 0 0 0 0 0 0 0 0 0 0 0 0 
1624 1208 0 0 0 0 0 0 0 0 0 0 0 0 0 0 
1640 1208 0 0 0 0 0 0 0 0 0 0 0 0 0 0 
1656 1208 0 0 0 0 0 0 0 0 0 0 0 0 0 0 
1672 1208 0 0 0 0 0 0 0 0 0 0 0 0 0 0 
1688 1208 0 0 0 0 0 0 0 0 0 0 0 0 0 0 
1704 1208 0 0 0 0 0 0 0 0 0 0 0 0 0 0 
1720 1208 0 0 0 0 0 0 0 0 0 0 0 0 0 0 
1736 1208 0 0 0 0 0 0 0 0 0 0 0 0 0 0 
1752 1208 0 0 0 0 0 0 0 0 0 0 0 0 0 0 
1768 1208 0 0 0 0 0 0 0 0 0 0 0 0 0 0 
1784 1208 0 0 0 0 0 0 0 0 0 0 0 0 0 0 
1800 1208 0 0 0 0 0 0 0 0 0 0 0 0 0 0 
1816 1208 0 0 0 0 0 0 0 0 0 0 0 0 0 0 
1832 1208 0 0 0 0 0 0 0 0 0 0 0 0 0 0 
1848 1208 0 0 0 0 0 0 0 0 0 0 0 0 0 0 
1864 1208 0 0 0 0 0 0 0 0 0 0 0 0 0 0 
1880 1208 0 0 0 0 0 0 0 0 0 0 0 0 0 0 
1896 1208 0 0 0 0 0 0 0 0 0 0 0 0 0 0 
1912 1208 0 0 0 0 0 0 0 0 0 0 0 0 0 0 
1928 1208 0 0 0 0 0 0 0 0 0 0 0 0 0 0 
1944 1208 0 0 0 0 0 0 0 0 0 0 0 0 0 0 
1960 1208 0 0 0 0 0 0 0 0 0 0 0 0 0 0 
1976 1208 0 0 0 0 0 0 0 0 0 0 0 0 0 0 
1992 1208 0 0 0 0 0 0 0 0 0 0 0 0 0 0 
2008 1208 0 0 0 0 0 0 0 0 0 0 0 0 0 0 
2024 1208 0 0 0 0 0 0 0 0 0 0 0 0 0 0 
2040 1208 0 0 0 0 0 0 0 0 0 0 0 0 0 0 
2056 1208 0 0 0 0 0 0 0 0 0 0 0 0 0 0 
2072 1208 0 0 0 0 0 0 0 0 0 0 0 0 0 0 
2088 1208 0 0 0 0 0 0 0 0 0 0 0 0 0 0 
2104 1208 0 0 0 0 0 0 0 0 0 0 0 0 0 0 
2120 1208 0 0 0 0 0 0 0 0 0 0 0 0 0 0 
2136 1208 0 0 0 0 0 0 0 0 0 0 0 0 0 0 
2152 1208 0 0 0 0 0 0 0 0 0 0 0 0 0 0 
2168 1208 0 0 0 0 0 0 0 0 0 0 0 0 0 0 
2184 1208 0 0 0 0 0 0 0 0 0 0 0 0 0 0 
2200 1208 0 0 0 0 0 0 0 0 0 0 0 0 0 0 
2216 1208 0 0 0 0 0 0 0 0 0 0 0 0 0 0 
2232 1208 0 0 0 0 0 0 0 0 0 0 0 0 0 0 
2248 1208 0 0 0 0 0 0 0 0 0 0 0 0 0 0 
2264 1208 0 0 0 0 0 0 0 0 0 0 0 0 0 0 
2280 1208 0 0 0 0 0 0 0 0 0 0 0 0 0 0 
2296 1208 0 0 0 0 0 0 0 0 0 0 0 0 0 0 
2312 1208 0 0 0 0 0 0 0 0 0 0 0 0 0 0 
2328 1208 0 0 0 0 0 0 0 0 0 0 0 0 0 0 
2344 1208 0 0 0 0 0 0 0 0 0 0 0 0 0 0 
2360 1208 0 0 0 0 0 0 0 0 0 0 0 0 0 0 
2376 1208 0 0 0 0 0 0 0 0 0 0 0 0 0 0 
2392 1208 0 0 0 0 0 0 0 0 0 0 0 0 0 0 
2408 1208 0 0 0 0 0 0 0 0 0 0 0 0 0 0 
2424 1208 0 0 0 0 0 0 0 0 0 0 0 0 0 0 
2440 1208 0 0 0 0 0 0 0 0 0 0 0 0 0 0 
2456 1208 0 0 0 0 0 0 0 0 0 0 0 0 0 0 
2472 1208 0 0 0 0 0 0 0 0 0 0 0 0 0 0 
2488 1208 0 0 0 0 0 0 0 0 0 0 0 0 0 0 
2504 1208 0 0 0 0 0 0 0 0 0 0 0 0 0 0 
2520 1208 0 0 0 0 0 0 0 0 0 0 0 0 0 0 
2536 1208 0 0 0 0 0 0 0 0 0 0 0 0 0 0 
24 1224 0 0 0 0 0 0 0 0 0 0 0 0 0 0 
40 1224 0 0 0 0 0 0 0 0 0 0 0 0 0 0 
56 1224 0 0 0 0 0 0 0 0 0 0 0 0 0 0 
72 1224 0 0 0 0 0 0 0 0 0 0 0 0 0 0 
88 1224 0 0 0 0 0 0 0 0 0 0 0 0 0 0 
104 1224 0 0 0 0 0 0 0 0 0 0 0 0 0 0 
120 1224 0 0 0 0 0 0 0 0 0 0 0 0 0 0 
136 1224 0 0 0 0 0 0 0 0 0 0 0 0 0 0 
152 1224 0 0 0 0 0 0 0 0 0 0 0 0 0 0 
168 1224 0 0 0 0 0 0 0 0 0 0 0 0 0 0 
184 1224 0 0 0 0 0 0 0 0 0 0 0 0 0 0 
200 1224 0 0 0 0 0 0 0 0 0 0 0 0 0 0 
216 1224 0 0 0 0 0 0 0 0 0 0 0 0 0 0 
232 1224 0 0 0 0 0 0 0 0 0 0 0 0 0 0 
248 1224 0 0 0 0 0 0 0 0 0 0 0 0 0 0 
264 1224 0 0 0 0 0 0 0 0 0 0 0 0 0 0 
280 1224 0 0 0 0 0 0 0 0 0 0 0 0 0 0 
296 1224 0 0 0 0 0 0 0 0 0 0 0 0 0 0 
312 1224 0 0 0 0 0 0 0 0 0 0 0 0 0 0 
328 1224 0 0 0 0 0 0 0 0 0 0 0 0 0 0 
344 1224 0 0 0 0 0 0 0 0 0 0 0 0 0 0 
360 1224 0 0 0 0 0 0 0 0 0 0 0 0 0 0 
376 1224 0 0 0 0 0 0 0 0 0 0 0 0 0 0 
392 1224 0 0 0 0 0 0 0 0 0 0 0 0 0 0 
408 1224 0 0 0 0 0 0 0 0 0 0 0 0 0 0 
424 1224 0 0 0 0 0 0 0 0 0 0 0 0 0 0 
440 1224 0 0 0 0 0 0 0 0 0 0 0 0 0 0 
456 1224 0 0 0 0 0 0 0 0 0 0 0 0 0 0 
472 1224 0 0 0 0 0 0 0 0 0 0 0 0 0 0 
488 1224 0 0 0 0 0 0 0 0 0 0 0 0 0 0 
504 1224 0 0 0 0 0 0 0 0 0 0 0 0 0 0 
520 1224 0 0 0 0 0 0 0 0 0 0 0 0 0 0 
536 1224 0 0 0 0 0 0 0 0 0 0 0 0 0 0 
552 1224 0 0 0 0 0 0 0 0 0 0 0 0 0 0 
568 1224 0 0 0 0 0 0 0 0 0 0 0 0 0 0 
584 1224 0 0 0 0 0 0 0 0 0 0 0 0 0 0 
600 1224 0 0 0 0 0 0 0 0 0 0 0 0 0 0 
616 1224 0 0 0 0 0 0 0 0 0 0 0 0 0 0 
632 1224 0 0 0 0 0 0 0 0 0 0 0 0 0 0 
648 1224 0 0 0 0 0 0 0 0 0 0 0 0 0 0 
664 1224 0 0 0 0 0 0 0 0 0 0 0 0 0 0 
680 1224 0 0 0 0 0 0 0 0 0 0 0 0 0 0 
696 1224 0 0 0 0 0 0 0 0 0 0 0 0 0 0 
712 1224 0 0 0 0 0 0 0 0 0 0 0 0 0 0 
728 1224 0 0 0 0 0 0 0 0 0 0 0 0 0 0 
744 1224 0 0 0 0 0 0 0 0 0 0 0 0 0 0 
760 1224 0 0 0 0 0 0 0 0 0 0 0 0 0 0 
776 1224 0 0 0 0 0 0 0 0 0 0 0 0 0 0 
792 1224 0 0 0 0 0 0 0 0 0 0 0 0 0 0 
808 1224 0 0 0 0 0 0 0 0 0 0 0 0 0 0 
824 1224 0 0 0 0 0 0 0 0 0 0 0 0 0 0 
840 1224 0 0 0 0 0 0 0 0 0 0 0 0 0 0 
856 1224 0 0 0 0 0 0 0 0 0 0 0 0 0 0 
872 1224 0 0 0 0 0 0 0 0 0 0 0 0 0 0 
888 1224 0 0 0 0 0 0 0 0 0 0 0 0 0 0 
904 1224 0 0 0 0 0 0 0 0 0 0 0 0 0 0 
920 1224 0 0 0 0 0 0 0 0 0 0 0 0 0 0 
936 1224 0 0 0 0 0 0 0 0 0 0 0 0 0 0 
952 1224 0 0 0 0 0 0 0 0 0 0 0 0 0 0 
968 1224 0 0 0 0 0 0 0 0 0 0 0 0 0 0 
984 1224 0 0 0 0 0 0 0 0 0 0 0 0 0 0 
1000 1224 0 0 0 0 0 0 0 0 0 0 0 0 0 0 
1016 1224 0 0 0 0 0 0 0 0 0 0 0 0 0 0 
1032 1224 0 0 0 0 0 0 0 0 0 0 0 0 0 0 
1048 1224 0 0 0 0 0 0 0 0 0 0 0 0 0 0 
1064 1224 0 0 0 0 0 0 0 0 0 0 0 0 0 0 
1080 1224 0 0 0 0 0 0 0 0 0 0 0 0 0 0 
1096 1224 0 0 0 0 0 0 0 0 0 0 0 0 0 0 
1112 1224 0 0 0 0 0 0 0 0 0 0 0 0 0 0 
1128 1224 0 0 0 0 0 0 0 0 0 0 0 0 0 0 
1144 1224 0 0 0 0 0 0 0 0 0 0 0 0 0 0 
1160 1224 0 0 0 0 0 0 0 0 0 0 0 0 0 0 
1176 1224 0 0 0 0 0 0 0 0 0 0 0 0 0 0 
1192 1224 0 0 0 0 0 0 0 0 0 0 0 0 0 0 
1208 1224 0 0 0 0 0 0 0 0 0 0 0 0 0 0 
1224 1224 0 0 0 0 0 0 0 0 0 0 0 0 0 0 
1240 1224 0 0 0 0 0 0 0 0 0 0 0 0 0 0 
1256 1224 0 0 0 0 0 0 0 0 0 0 0 0 0 0 
1272 1224 0 0 0 0 0 0 0 0 0 0 0 0 0 0 
1288 1224 0 0 0 0 0 0 0 0 0 0 0 0 0 0 
1304 1224 0 0 0 0 0 0 0 0 0 0 0 0 0 0 
1320 1224 0 0 0 0 0 0 0 0 0 0 0 0 0 0 
1336 1224 0 0 0 0 0 0 0 0 0 0 0 0 0 0 
1352 1224 0 0 0 0 0 0 0 0 0 0 0 0 0 0 
1368 1224 0 0 0 0 0 0 0 0 0 0 0 0 0 0 
1384 1224 0 0 0 0 0 0 0 0 0 0 0 0 0 0 
1400 1224 0 0 0 0 0 0 0 0 0 0 0 0 0 0 
1416 1224 0 0 0 0 0 0 0 0 0 0 0 0 0 0 
1432 1224 0 0 0 0 0 0 0 0 0 0 0 0 0 0 
1448 1224 0 0 0 0 0 0 0 0 0 0 0 0 0 0 
1464 1224 0 0 0 0 0 0 0 0 0 0 0 0 0 0 
1480 1224 0 0 0 0 0 0 0 0 0 0 0 0 0 0 
1496 1224 0 0 0 0 0 0 0 0 0 0 0 0 0 0 
1512 1224 0 0 0 0 0 0 0 0 0 0 0 0 0 0 
1528 1224 0 0 0 0 0 0 0 0 0 0 0 0 0 0 
1544 1224 0 0 0 0 0 0 0 0 0 0 0 0 0 0 
1560 1224 0 0 0 0 0 0 0 0 0 0 0 0 0 0 
1576 1224 0 0 0 0 0 0 0 0 0 0 0 0 0 0 
1592 1224 0 0 0 0 0 0 0 0 0 0 0 0 0 0 
1608 1224 0 0 0 0 0 0 0 0 0 0 0 0 0 0 
1624 1224 0 0 0 0 0 0 0 0 0 0 0 0 0 0 
1640 1224 0 0 0 0 0 0 0 0 0 0 0 0 0 0 
1656 1224 0 0 0 0 0 0 0 0 0 0 0 0 0 0 
1672 1224 0 0 0 0 0 0 0 0 0 0 0 0 0 0 
1688 1224 0 0 0 0 0 0 0 0 0 0 0 0 0 0 
1704 1224 0 0 0 0 0 0 0 0 0 0 0 0 0 0 
1720 1224 0 0 0 0 0 0 0 0 0 0 0 0 0 0 
1736 1224 0 0 0 0 0 0 0 0 0 0 0 0 0 0 
1752 1224 0 0 0 0 0 0 0 0 0 0 0 0 0 0 
1768 1224 0 0 0 0 0 0 0 0 0 0 0 0 0 0 
1784 1224 0 0 0 0 0 0 0 0 0 0 0 0 0 0 
1800 1224 0 0 0 0 0 0 0 0 0 0 0 0 0 0 
1816 1224 0 0 0 0 0 0 0 0 0 0 0 0 0 0 
1832 1224 0 0 0 0 0 0 0 0 0 0 0 0 0 0 
1848 1224 0 0 0 0 0 0 0 0 0 0 0 0 0 0 
1864 1224 0 0 0 0 0 0 0 0 0 0 0 0 0 0 
1880 1224 0 0 0 0 0 0 0 0 0 0 0 0 0 0 
1896 1224 0 0 0 0 0 0 0 0 0 0 0 0 0 0 
1912 1224 0 0 0 0 0 0 0 0 0 0 0 0 0 0 
1928 1224 0 0 0 0 0 0 0 0 0 0 0 0 0 0 
1944 1224 0 0 0 0 0 0 0 0 0 0 0 0 0 0 
1960 1224 0 0 0 0 0 0 0 0 0 0 0 0 0 0 
1976 1224 0 0 0 0 0 0 0 0 0 0 0 0 0 0 
1992 1224 0 0 0 0 0 0 0 0 0 0 0 0 0 0 
2008 1224 0 0 0 0 0 0 0 0 0 0 0 0 0 0 
2024 1224 0 0 0 0 0 0 0 0 0 0 0 0 0 0 
2040 1224 0 0 0 0 0 0 0 0 0 0 0 0 0 0 
2056 1224 0 0 0 0 0 0 0 0 0 0 0 0 0 0 
2072 1224 0 0 0 0 0 0 0 0 0 0 0 0 0 0 
2088 1224 0 0 0 0 0 0 0 0 0 0 0 0 0 0 
2104 1224 0 0 0 0 0 0 0 0 0 0 0 0 0 0 
2120 1224 0 0 0 0 0 0 0 0 0 0 0 0 0 0 
2136 1224 0 0 0 0 0 0 0 0 0 0 0 0 0 0 
2152 1224 0 0 0 0 0 0 0 0 0 0 0 0 0 0 
2168 1224 0 0 0 0 0 0 0 0 0 0 0 0 0 0 
2184 1224 0 0 0 0 0 0 0 0 0 0 0 0 0 0 
2200 1224 0 0 0 0 0 0 0 0 0 0 0 0 0 0 
2216 1224 0 0 0 0 0 0 0 0 0 0 0 0 0 0 
2232 1224 0 0 0 0 0 0 0 0 0 0 0 0 0 0 
2248 1224 0 0 0 0 0 0 0 0 0 0 0 0 0 0 
2264 1224 0 0 0 0 0 0 0 0 0 0 0 0 0 0 
2280 1224 0 0 0 0 0 0 0 0 0 0 0 0 0 0 
2296 1224 0 0 0 0 0 0 0 0 0 0 0 0 0 0 
2312 1224 0 0 0 0 0 0 0 0 0 0 0 0 0 0 
2328 1224 0 0 0 0 0 0 0 0 0 0 0 0 0 0 
2344 1224 0 0 0 0 0 0 0 0 0 0 0 0 0 0 
2360 1224 0 0 0 0 0 0 0 0 0 0 0 0 0 0 
2376 1224 0 0 0 0 0 0 0 0 0 0 0 0 0 0 
2392 1224 0 0 0 0 0 0 0 0 0 0 0 0 0 0 
2408 1224 0 0 0 0 0 0 0 0 0 0 0 0 0 0 
2424 1224 0 0 0 0 0 0 0 0 0 0 0 0 0 0 
2440 1224 0 0 0 0 0 0 0 0 0 0 0 0 0 0 
2456 1224 0 0 0 0 0 0 0 0 0 0 0 0 0 0 
2472 1224 0 0 0 0 0 0 0 0 0 0 0 0 0 0 
2488 1224 0 0 0 0 0 0 0 0 0 0 0 0 0 0 
2504 1224 0 0 0 0 0 0 0 0 0 0 0 0 0 0 
2520 1224 0 0 0 0 0 0 0 0 0 0 0 0 0 0 
2536 1224 0 0 0 0 0 0 0 0 0 0 0 0 0 0 
24 1240 0 0 0 0 0 0 0 0 0 0 0 0 0 0 
40 1240 0 0 0 0 0 0 0 0 0 0 0 0 0 0 
56 1240 0 0 0 0 0 0 0 0 0 0 0 0 0 0 
72 1240 0 0 0 0 0 0 0 0 0 0 0 0 0 0 
88 1240 0 0 0 0 0 0 0 0 0 0 0 0 0 0 
104 1240 0 0 0 0 0 0 0 0 0 0 0 0 0 0 
120 1240 0 0 0 0 0 0 0 0 0 0 0 0 0 0 
136 1240 0 0 0 0 0 0 0 0 0 0 0 0 0 0 
152 1240 0 0 0 0 0 0 0 0 0 0 0 0 0 0 
168 1240 0 0 0 0 0 0 0 0 0 0 0 0 0 0 
184 1240 0 0 0 0 0 0 0 0 0 0 0 0 0 0 
200 1240 0 0 0 0 0 0 0 0 0 0 0 0 0 0 
216 1240 0 0 0 0 0 0 0 0 0 0 0 0 0 0 
232 1240 0 0 0 0 0 0 0 0 0 0 0 0 0 0 
248 1240 0 0 0 0 0 0 0 0 0 0 0 0 0 0 
264 1240 0 0 0 0 0 0 0 0 0 0 0 0 0 0 
280 1240 0 0 0 0 0 0 0 0 0 0 0 0 0 0 
296 1240 0 0 0 0 0 0 0 0 0 0 0 0 0 0 
312 1240 0 0 0 0 0 0 0 0 0 0 0 0 0 0 
328 1240 0 0 0 0 0 0 0 0 0 0 0 0 0 0 
344 1240 0 0 0 0 0 0 0 0 0 0 0 0 0 0 
360 1240 0 0 0 0 0 0 0 0 0 0 0 0 0 0 
376 1240 0 0 0 0 0 0 0 0 0 0 0 0 0 0 
392 1240 0 0 0 0 0 0 0 0 0 0 0 0 0 0 
408 1240 0 0 0 0 0 0 0 0 0 0 0 0 0 0 
424 1240 0 0 0 0 0 0 0 0 0 0 0 0 0 0 
440 1240 0 0 0 0 0 0 0 0 0 0 0 0 0 0 
456 1240 0 0 0 0 0 0 0 0 0 0 0 0 0 0 
472 1240 0 0 0 0 0 0 0 0 0 0 0 0 0 0 
488 1240 0 0 0 0 0 0 0 0 0 0 0 0 0 0 
504 1240 0 0 0 0 0 0 0 0 0 0 0 0 0 0 
520 1240 0 0 0 0 0 0 0 0 0 0 0 0 0 0 
536 1240 0 0 0 0 0 0 0 0 0 0 0 0 0 0 
552 1240 0 0 0 0 0 0 0 0 0 0 0 0 0 0 
568 1240 0 0 0 0 0 0 0 0 0 0 0 0 0 0 
584 1240 0 0 0 0 0 0 0 0 0 0 0 0 0 0 
600 1240 0 0 0 0 0 0 0 0 0 0 0 0 0 0 
616 1240 0 0 0 0 0 0 0 0 0 0 0 0 0 0 
632 1240 0 0 0 0 0 0 0 0 0 0 0 0 0 0 
648 1240 0 0 0 0 0 0 0 0 0 0 0 0 0 0 
664 1240 0 0 0 0 0 0 0 0 0 0 0 0 0 0 
680 1240 0 0 0 0 0 0 0 0 0 0 0 0 0 0 
696 1240 0 0 0 0 0 0 0 0 0 0 0 0 0 0 
712 1240 0 0 0 0 0 0 0 0 0 0 0 0 0 0 
728 1240 0 0 0 0 0 0 0 0 0 0 0 0 0 0 
744 1240 0 0 0 0 0 0 0 0 0 0 0 0 0 0 
760 1240 0 0 0 0 0 0 0 0 0 0 0 0 0 0 
776 1240 0 0 0 0 0 0 0 0 0 0 0 0 0 0 
792 1240 0 0 0 0 0 0 0 0 0 0 0 0 0 0 
808 1240 0 0 0 0 0 0 0 0 0 0 0 0 0 0 
824 1240 0 0 0 0 0 0 0 0 0 0 0 0 0 0 
840 1240 0 0 0 0 0 0 0 0 0 0 0 0 0 0 
856 1240 0 0 0 0 0 0 0 0 0 0 0 0 0 0 
872 1240 0 0 0 0 0 0 0 0 0 0 0 0 0 0 
888 1240 0 0 0 0 0 0 0 0 0 0 0 0 0 0 
904 1240 0 0 0 0 0 0 0 0 0 0 0 0 0 0 
920 1240 0 0 0 0 0 0 0 0 0 0 0 0 0 0 
936 1240 0 0 0 0 0 0 0 0 0 0 0 0 0 0 
952 1240 0 0 0 0 0 0 0 0 0 0 0 0 0 0 
968 1240 0 0 0 0 0 0 0 0 0 0 0 0 0 0 
984 1240 0 0 0 0 0 0 0 0 0 0 0 0 0 0 
1000 1240 0 0 0 0 0 0 0 0 0 0 0 0 0 0 
1016 1240 0 0 0 0 0 0 0 0 0 0 0 0 0 0 
1032 1240 0 0 0 0 0 0 0 0 0 0 0 0 0 0 
1048 1240 0 0 0 0 0 0 0 0 0 0 0 0 0 0 
1064 1240 0 0 0 0 0 0 0 0 0 0 0 0 0 0 
1080 1240 0 0 0 0 0 0 0 0 0 0 0 0 0 0 
1096 1240 0 0 0 0 0 0 0 0 0 0 0 0 0 0 
1112 1240 0 0 0 0 0 0 0 0 0 0 0 0 0 0 
1128 1240 0 0 0 0 0 0 0 0 0 0 0 0 0 0 
1144 1240 0 0 0 0 0 0 0 0 0 0 0 0 0 0 
1160 1240 0 0 0 0 0 0 0 0 0 0 0 0 0 0 
1176 1240 0 0 0 0 0 0 0 0 0 0 0 0 0 0 
1192 1240 0 0 0 0 0 0 0 0 0 0 0 0 0 0 
1208 1240 0 0 0 0 0 0 0 0 0 0 0 0 0 0 
1224 1240 0 0 0 0 0 0 0 0 0 0 0 0 0 0 
1240 1240 0 0 0 0 0 0 0 0 0 0 0 0 0 0 
1256 1240 0 0 0 0 0 0 0 0 0 0 0 0 0 0 
1272 1240 0 0 0 0 0 0 0 0 0 0 0 0 0 0 
1288 1240 0 0 0 0 0 0 0 0 0 0 0 0 0 0 
1304 1240 0 0 0 0 0 0 0 0 0 0 0 0 0 0 
1320 1240 0 0 0 0 0 0 0 0 0 0 0 0 0 0 
1336 1240 0 0 0 0 0 0 0 0 0 0 0 0 0 0 
1352 1240 0 0 0 0 0 0 0 0 0 0 0 0 0 0 
1368 1240 0 0 0 0 0 0 0 0 0 0 0 0 0 0 
1384 1240 0 0 0 0 0 0 0 0 0 0 0 0 0 0 
1400 1240 0 0 0 0 0 0 0 0 0 0 0 0 0 0 
1416 1240 0 0 0 0 0 0 0 0 0 0 0 0 0 0 
1432 1240 0 0 0 0 0 0 0 0 0 0 0 0 0 0 
1448 1240 0 0 0 0 0 0 0 0 0 0 0 0 0 0 
1464 1240 0 0 0 0 0 0 0 0 0 0 0 0 0 0 
1480 1240 0 0 0 0 0 0 0 0 0 0 0 0 0 0 
1496 1240 0 0 0 0 0 0 0 0 0 0 0 0 0 0 
1512 1240 0 0 0 0 0 0 0 0 0 0 0 0 0 0 
1528 1240 0 0 0 0 0 0 0 0 0 0 0 0 0 0 
1544 1240 0 0 0 0 0 0 0 0 0 0 0 0 0 0 
1560 1240 0 0 0 0 0 0 0 0 0 0 0 0 0 0 
1576 1240 0 0 0 0 0 0 0 0 0 0 0 0 0 0 
1592 1240 0 0 0 0 0 0 0 0 0 0 0 0 0 0 
1608 1240 0 0 0 0 0 0 0 0 0 0 0 0 0 0 
1624 1240 0 0 0 0 0 0 0 0 0 0 0 0 0 0 
1640 1240 0 0 0 0 0 0 0 0 0 0 0 0 0 0 
1656 1240 0 0 0 0 0 0 0 0 0 0 0 0 0 0 
1672 1240 0 0 0 0 0 0 0 0 0 0 0 0 0 0 
1688 1240 0 0 0 0 0 0 0 0 0 0 0 0 0 0 
1704 1240 0 0 0 0 0 0 0 0 0 0 0 0 0 0 
1720 1240 0 0 0 0 0 0 0 0 0 0 0 0 0 0 
1736 1240 0 0 0 0 0 0 0 0 0 0 0 0 0 0 
1752 1240 0 0 0 0 0 0 0 0 0 0 0 0 0 0 
1768 1240 0 0 0 0 0 0 0 0 0 0 0 0 0 0 
1784 1240 0 0 0 0 0 0 0 0 0 0 0 0 0 0 
1800 1240 0 0 0 0 0 0 0 0 0 0 0 0 0 0 
1816 1240 0 0 0 0 0 0 0 0 0 0 0 0 0 0 
1832 1240 0 0 0 0 0 0 0 0 0 0 0 0 0 0 
1848 1240 0 0 0 0 0 0 0 0 0 0 0 0 0 0 
1864 1240 0 0 0 0 0 0 0 0 0 0 0 0 0 0 
1880 1240 0 0 0 0 0 0 0 0 0 0 0 0 0 0 
1896 1240 0 0 0 0 0 0 0 0 0 0 0 0 0 0 
1912 1240 0 0 0 0 0 0 0 0 0 0 0 0 0 0 
1928 1240 0 0 0 0 0 0 0 0 0 0 0 0 0 0 
1944 1240 0 0 0 0 0 0 0 0 0 0 0 0 0 0 
1960 1240 0 0 0 0 0 0 0 0 0 0 0 0 0 0 
1976 1240 0 0 0 0 0 0 0 0 0 0 0 0 0 0 
1992 1240 0 0 0 0 0 0 0 0 0 0 0 0 0 0 
2008 1240 0 0 0 0 0 0 0 0 0 0 0 0 0 0 
2024 1240 0 0 0 0 0 0 0 0 0 0 0 0 0 0 
2040 1240 0 0 0 0 0 0 0 0 0 0 0 0 0 0 
2056 1240 0 0 0 0 0 0 0 0 0 0 0 0 0 0 
2072 1240 0 0 0 0 0 0 0 0 0 0 0 0 0 0 
2088 1240 0 0 0 0 0 0 0 0 0 0 0 0 0 0 
2104 1240 0 0 0 0 0 0 0 0 0 0 0 0 0 0 
2120 1240 0 0 0 0 0 0 0 0 0 0 0 0 0 0 
2136 1240 0 0 0 0 0 0 0 0 0 0 0 0 0 0 
2152 1240 0 0 0 0 0 0 0 0 0 0 0 0 0 0 
2168 1240 0 0 0 0 0 0 0 0 0 0 0 0 0 0 
2184 1240 0 0 0 0 0 0 0 0 0 0 0 0 0 0 
2200 1240 0 0 0 0 0 0 0 0 0 0 0 0 0 0 
2216 1240 0 0 0 0 0 0 0 0 0 0 0 0 0 0 
2232 1240 0 0 0 0 0 0 0 0 0 0 0 0 0 0 
2248 1240 0 0 0 0 0 0 0 0 0 0 0 0 0 0 
2264 1240 0 0 0 0 0 0 0 0 0 0 0 0 0 0 
2280 1240 0 0 0 0 0 0 0 0 0 0 0 0 0 0 
2296 1240 0 0 0 0 0 0 0 0 0 0 0 0 0 0 
2312 1240 0 0 0 0 0 0 0 0 0 0 0 0 0 0 
2328 1240 0 0 0 0 0 0 0 0 0 0 0 0 0 0 
2344 1240 0 0 0 0 0 0 0 0 0 0 0 0 0 0 
2360 1240 0 0 0 0 0 0 0 0 0 0 0 0 0 0 
2376 1240 0 0 0 0 0 0 0 0 0 0 0 0 0 0 
2392 1240 0 0 0 0 0 0 0 0 0 0 0 0 0 0 
2408 1240 0 0 0 0 0 0 0 0 0 0 0 0 0 0 
2424 1240 0 0 0 0 0 0 0 0 0 0 0 0 0 0 
2440 1240 0 0 0 0 0 0 0 0 0 0 0 0 0 0 
2456 1240 0 0 0 0 0 0 0 0 0 0 0 0 0 0 
2472 1240 0 0 0 0 0 0 0 0 0 0 0 0 0 0 
2488 1240 0 0 0 0 0 0 0 0 0 0 0 0 0 0 
2504 1240 0 0 0 0 0 0 0 0 0 0 0 0 0 0 
2520 1240 0 0 0 0 0 0 0 0 0 0 0 0 0 0 
2536 1240 0 0 0 0 0 0 0 0 0 0 0 0 0 0 
24 1256 0 0 0 0 0 0 0 0 0 0 0 0 0 0 
40 1256 0 0 0 0 0 0 0 0 0 0 0 0 0 0 
56 1256 0 0 0 0 0 0 0 0 0 0 0 0 0 0 
72 1256 0 0 0 0 0 0 0 0 0 0 0 0 0 0 
88 1256 0 0 0 0 0 0 0 0 0 0 0 0 0 0 
104 1256 0 0 0 0 0 0 0 0 0 0 0 0 0 0 
120 1256 0 0 0 0 0 0 0 0 0 0 0 0 0 0 
136 1256 0 0 0 0 0 0 0 0 0 0 0 0 0 0 
152 1256 0 0 0 0 0 0 0 0 0 0 0 0 0 0 
168 1256 0 0 0 0 0 0 0 0 0 0 0 0 0 0 
184 1256 0 0 0 0 0 0 0 0 0 0 0 0 0 0 
200 1256 0 0 0 0 0 0 0 0 0 0 0 0 0 0 
216 1256 0 0 0 0 0 0 0 0 0 0 0 0 0 0 
232 1256 0 0 0 0 0 0 0 0 0 0 0 0 0 0 
248 1256 0 0 0 0 0 0 0 0 0 0 0 0 0 0 
264 1256 0 0 0 0 0 0 0 0 0 0 0 0 0 0 
280 1256 0 0 0 0 0 0 0 0 0 0 0 0 0 0 
296 1256 0 0 0 0 0 0 0 0 0 0 0 0 0 0 
312 1256 0 0 0 0 0 0 0 0 0 0 0 0 0 0 
328 1256 0 0 0 0 0 0 0 0 0 0 0 0 0 0 
344 1256 0 0 0 0 0 0 0 0 0 0 0 0 0 0 
360 1256 0 0 0 0 0 0 0 0 0 0 0 0 0 0 
376 1256 0 0 0 0 0 0 0 0 0 0 0 0 0 0 
392 1256 0 0 0 0 0 0 0 0 0 0 0 0 0 0 
408 1256 0 0 0 0 0 0 0 0 0 0 0 0 0 0 
424 1256 0 0 0 0 0 0 0 0 0 0 0 0 0 0 
440 1256 0 0 0 0 0 0 0 0 0 0 0 0 0 0 
456 1256 0 0 0 0 0 0 0 0 0 0 0 0 0 0 
472 1256 0 0 0 0 0 0 0 0 0 0 0 0 0 0 
488 1256 0 0 0 0 0 0 0 0 0 0 0 0 0 0 
504 1256 0 0 0 0 0 0 0 0 0 0 0 0 0 0 
520 1256 0 0 0 0 0 0 0 0 0 0 0 0 0 0 
536 1256 0 0 0 0 0 0 0 0 0 0 0 0 0 0 
552 1256 0 0 0 0 0 0 0 0 0 0 0 0 0 0 
568 1256 0 0 0 0 0 0 0 0 0 0 0 0 0 0 
584 1256 0 0 0 0 0 0 0 0 0 0 0 0 0 0 
600 1256 0 0 0 0 0 0 0 0 0 0 0 0 0 0 
616 1256 0 0 0 0 0 0 0 0 0 0 0 0 0 0 
632 1256 0 0 0 0 0 0 0 0 0 0 0 0 0 0 
648 1256 0 0 0 0 0 0 0 0 0 0 0 0 0 0 
664 1256 0 0 0 0 0 0 0 0 0 0 0 0 0 0 
680 1256 0 0 0 0 0 0 0 0 0 0 0 0 0 0 
696 1256 0 0 0 0 0 0 0 0 0 0 0 0 0 0 
712 1256 0 0 0 0 0 0 0 0 0 0 0 0 0 0 
728 1256 0 0 0 0 0 0 0 0 0 0 0 0 0 0 
744 1256 0 0 0 0 0 0 0 0 0 0 0 0 0 0 
760 1256 0 0 0 0 0 0 0 0 0 0 0 0 0 0 
776 1256 0 0 0 0 0 0 0 0 0 0 0 0 0 0 
792 1256 0 0 0 0 0 0 0 0 0 0 0 0 0 0 
808 1256 0 0 0 0 0 0 0 0 0 0 0 0 0 0 
824 1256 0 0 0 0 0 0 0 0 0 0 0 0 0 0 
840 1256 0 0 0 0 0 0 0 0 0 0 0 0 0 0 
856 1256 0 0 0 0 0 0 0 0 0 0 0 0 0 0 
872 1256 0 0 0 0 0 0 0 0 0 0 0 0 0 0 
888 1256 0 0 0 0 0 0 0 0 0 0 0 0 0 0 
904 1256 0 0 0 0 0 0 0 0 0 0 0 0 0 0 
920 1256 0 0 0 0 0 0 0 0 0 0 0 0 0 0 
936 1256 0 0 0 0 0 0 0 0 0 0 0 0 0 0 
952 1256 0 0 0 0 0 0 0 0 0 0 0 0 0 0 
968 1256 0 0 0 0 0 0 0 0 0 0 0 0 0 0 
984 1256 0 0 0 0 0 0 0 0 0 0 0 0 0 0 
1000 1256 0 0 0 0 0 0 0 0 0 0 0 0 0 0 
1016 1256 0 0 0 0 0 0 0 0 0 0 0 0 0 0 
1032 1256 0 0 0 0 0 0 0 0 0 0 0 0 0 0 
1048 1256 0 0 0 0 0 0 0 0 0 0 0 0 0 0 
1064 1256 0 0 0 0 0 0 0 0 0 0 0 0 0 0 
1080 1256 0 0 0 0 0 0 0 0 0 0 0 0 0 0 
1096 1256 0 0 0 0 0 0 0 0 0 0 0 0 0 0 
1112 1256 0 0 0 0 0 0 0 0 0 0 0 0 0 0 
1128 1256 0 0 0 0 0 0 0 0 0 0 0 0 0 0 
1144 1256 0 0 0 0 0 0 0 0 0 0 0 0 0 0 
1160 1256 0 0 0 0 0 0 0 0 0 0 0 0 0 0 
1176 1256 0 0 0 0 0 0 0 0 0 0 0 0 0 0 
1192 1256 0 0 0 0 0 0 0 0 0 0 0 0 0 0 
1208 1256 0 0 0 0 0 0 0 0 0 0 0 0 0 0 
1224 1256 0 0 0 0 0 0 0 0 0 0 0 0 0 0 
1240 1256 0 0 0 0 0 0 0 0 0 0 0 0 0 0 
1256 1256 0 0 0 0 0 0 0 0 0 0 0 0 0 0 
1272 1256 0 0 0 0 0 0 0 0 0 0 0 0 0 0 
1288 1256 0 0 0 0 0 0 0 0 0 0 0 0 0 0 
1304 1256 0 0 0 0 0 0 0 0 0 0 0 0 0 0 
1320 1256 0 0 0 0 0 0 0 0 0 0 0 0 0 0 
1336 1256 0 0 0 0 0 0 0 0 0 0 0 0 0 0 
1352 1256 0 0 0 0 0 0 0 0 0 0 0 0 0 0 
1368 1256 0 0 0 0 0 0 0 0 0 0 0 0 0 0 
1384 1256 0 0 0 0 0 0 0 0 0 0 0 0 0 0 
1400 1256 0 0 0 0 0 0 0 0 0 0 0 0 0 0 
1416 1256 0 0 0 0 0 0 0 0 0 0 0 0 0 0 
1432 1256 0 0 0 0 0 0 0 0 0 0 0 0 0 0 
1448 1256 0 0 0 0 0 0 0 0 0 0 0 0 0 0 
1464 1256 0 0 0 0 0 0 0 0 0 0 0 0 0 0 
1480 1256 0 0 0 0 0 0 0 0 0 0 0 0 0 0 
1496 1256 0 0 0 0 0 0 0 0 0 0 0 0 0 0 
1512 1256 0 0 0 0 0 0 0 0 0 0 0 0 0 0 
1528 1256 0 0 0 0 0 0 0 0 0 0 0 0 0 0 
1544 1256 0 0 0 0 0 0 0 0 0 0 0 0 0 0 
1560 1256 0 0 0 0 0 0 0 0 0 0 0 0 0 0 
1576 1256 0 0 0 0 0 0 0 0 0 0 0 0 0 0 
1592 1256 0 0 0 0 0 0 0 0 0 0 0 0 0 0 
1608 1256 0 0 0 0 0 0 0 0 0 0 0 0 0 0 
1624 1256 0 0 0 0 0 0 0 0 0 0 0 0 0 0 
1640 1256 0 0 0 0 0 0 0 0 0 0 0 0 0 0 
1656 1256 0 0 0 0 0 0 0 0 0 0 0 0 0 0 
1672 1256 0 0 0 0 0 0 0 0 0 0 0 0 0 0 
1688 1256 0 0 0 0 0 0 0 0 0 0 0 0 0 0 
1704 1256 0 0 0 0 0 0 0 0 0 0 0 0 0 0 
1720 1256 0 0 0 0 0 0 0 0 0 0 0 0 0 0 
1736 1256 0 0 0 0 0 0 0 0 0 0 0 0 0 0 
1752 1256 0 0 0 0 0 0 0 0 0 0 0 0 0 0 
1768 1256 0 0 0 0 0 0 0 0 0 0 0 0 0 0 
1784 1256 0 0 0 0 0 0 0 0 0 0 0 0 0 0 
1800 1256 0 0 0 0 0 0 0 0 0 0 0 0 0 0 
1816 1256 0 0 0 0 0 0 0 0 0 0 0 0 0 0 
1832 1256 0 0 0 0 0 0 0 0 0 0 0 0 0 0 
1848 1256 0 0 0 0 0 0 0 0 0 0 0 0 0 0 
1864 1256 0 0 0 0 0 0 0 0 0 0 0 0 0 0 
1880 1256 0 0 0 0 0 0 0 0 0 0 0 0 0 0 
1896 1256 0 0 0 0 0 0 0 0 0 0 0 0 0 0 
1912 1256 0 0 0 0 0 0 0 0 0 0 0 0 0 0 
1928 1256 0 0 0 0 0 0 0 0 0 0 0 0 0 0 
1944 1256 0 0 0 0 0 0 0 0 0 0 0 0 0 0 
1960 1256 0 0 0 0 0 0 0 0 0 0 0 0 0 0 
1976 1256 0 0 0 0 0 0 0 0 0 0 0 0 0 0 
1992 1256 0 0 0 0 0 0 0 0 0 0 0 0 0 0 
2008 1256 0 0 0 0 0 0 0 0 0 0 0 0 0 0 
2024 1256 0 0 0 0 0 0 0 0 0 0 0 0 0 0 
2040 1256 0 0 0 0 0 0 0 0 0 0 0 0 0 0 
2056 1256 0 0 0 0 0 0 0 0 0 0 0 0 0 0 
2072 1256 0 0 0 0 0 0 0 0 0 0 0 0 0 0 
2088 1256 0 0 0 0 0 0 0 0 0 0 0 0 0 0 
2104 1256 0 0 0 0 0 0 0 0 0 0 0 0 0 0 
2120 1256 0 0 0 0 0 0 0 0 0 0 0 0 0 0 
2136 1256 0 0 0 0 0 0 0 0 0 0 0 0 0 0 
2152 1256 0 0 0 0 0 0 0 0 0 0 0 0 0 0 
2168 1256 0 0 0 0 0 0 0 0 0 0 0 0 0 0 
2184 1256 0 0 0 0 0 0 0 0 0 0 0 0 0 0 
2200 1256 0 0 0 0 0 0 0 0 0 0 0 0 0 0 
2216 1256 0 0 0 0 0 0 0 0 0 0 0 0 0 0 
2232 1256 0 0 0 0 0 0 0 0 0 0 0 0 0 0 
2248 1256 0 0 0 0 0 0 0 0 0 0 0 0 0 0 
2264 1256 0 0 0 0 0 0 0 0 0 0 0 0 0 0 
2280 1256 0 0 0 0 0 0 0 0 0 0 0 0 0 0 
2296 1256 0 0 0 0 0 0 0 0 0 0 0 0 0 0 
2312 1256 0 0 0 0 0 0 0 0 0 0 0 0 0 0 
2328 1256 0 0 0 0 0 0 0 0 0 0 0 0 0 0 
2344 1256 0 0 0 0 0 0 0 0 0 0 0 0 0 0 
2360 1256 0 0 0 0 0 0 0 0 0 0 0 0 0 0 
2376 1256 0 0 0 0 0 0 0 0 0 0 0 0 0 0 
2392 1256 0 0 0 0 0 0 0 0 0 0 0 0 0 0 
2408 1256 0 0 0 0 0 0 0 0 0 0 0 0 0 0 
2424 1256 0 0 0 0 0 0 0 0 0 0 0 0 0 0 
2440 1256 0 0 0 0 0 0 0 0 0 0 0 0 0 0 
2456 1256 0 0 0 0 0 0 0 0 0 0 0 0 0 0 
2472 1256 0 0 0 0 0 0 0 0 0 0 0 0 0 0 
2488 1256 0 0 0 0 0 0 0 0 0 0 0 0 0 0 
2504 1256 0 0 0 0 0 0 0 0 0 0 0 0 0 0 
2520 1256 0 0 0 0 0 0 0 0 0 0 0 0 0 0 
2536 1256 0 0 0 0 0 0 0 0 0 0 0 0 0 0 
24 1272 0 0 0 0 0 0 0 0 0 0 0 0 0 0 
40 1272 0 0 0 0 0 0 0 0 0 0 0 0 0 0 
56 1272 0 0 0 0 0 0 0 0 0 0 0 0 0 0 
72 1272 0 0 0 0 0 0 0 0 0 0 0 0 0 0 
88 1272 0 0 0 0 0 0 0 0 0 0 0 0 0 0 
104 1272 0 0 0 0 0 0 0 0 0 0 0 0 0 0 
120 1272 0 0 0 0 0 0 0 0 0 0 0 0 0 0 
136 1272 0 0 0 0 0 0 0 0 0 0 0 0 0 0 
152 1272 0 0 0 0 0 0 0 0 0 0 0 0 0 0 
168 1272 0 0 0 0 0 0 0 0 0 0 0 0 0 0 
184 1272 0 0 0 0 0 0 0 0 0 0 0 0 0 0 
200 1272 0 0 0 0 0 0 0 0 0 0 0 0 0 0 
216 1272 0 0 0 0 0 0 0 0 0 0 0 0 0 0 
232 1272 0 0 0 0 0 0 0 0 0 0 0 0 0 0 
248 1272 0 0 0 0 0 0 0 0 0 0 0 0 0 0 
264 1272 0 0 0 0 0 0 0 0 0 0 0 0 0 0 
280 1272 0 0 0 0 0 0 0 0 0 0 0 0 0 0 
296 1272 0 0 0 0 0 0 0 0 0 0 0 0 0 0 
312 1272 0 0 0 0 0 0 0 0 0 0 0 0 0 0 
328 1272 0 0 0 0 0 0 0 0 0 0 0 0 0 0 
344 1272 0 0 0 0 0 0 0 0 0 0 0 0 0 0 
360 1272 0 0 0 0 0 0 0 0 0 0 0 0 0 0 
376 1272 0 0 0 0 0 0 0 0 0 0 0 0 0 0 
392 1272 0 0 0 0 0 0 0 0 0 0 0 0 0 0 
408 1272 0 0 0 0 0 0 0 0 0 0 0 0 0 0 
424 1272 0 0 0 0 0 0 0 0 0 0 0 0 0 0 
440 1272 0 0 0 0 0 0 0 0 0 0 0 0 0 0 
456 1272 0 0 0 0 0 0 0 0 0 0 0 0 0 0 
472 1272 0 0 0 0 0 0 0 0 0 0 0 0 0 0 
488 1272 0 0 0 0 0 0 0 0 0 0 0 0 0 0 
504 1272 0 0 0 0 0 0 0 0 0 0 0 0 0 0 
520 1272 0 0 0 0 0 0 0 0 0 0 0 0 0 0 
536 1272 0 0 0 0 0 0 0 0 0 0 0 0 0 0 
552 1272 0 0 0 0 0 0 0 0 0 0 0 0 0 0 
568 1272 0 0 0 0 0 0 0 0 0 0 0 0 0 0 
584 1272 0 0 0 0 0 0 0 0 0 0 0 0 0 0 
600 1272 0 0 0 0 0 0 0 0 0 0 0 0 0 0 
616 1272 0 0 0 0 0 0 0 0 0 0 0 0 0 0 
632 1272 0 0 0 0 0 0 0 0 0 0 0 0 0 0 
648 1272 0 0 0 0 0 0 0 0 0 0 0 0 0 0 
664 1272 0 0 0 0 0 0 0 0 0 0 0 0 0 0 
680 1272 0 0 0 0 0 0 0 0 0 0 0 0 0 0 
696 1272 0 0 0 0 0 0 0 0 0 0 0 0 0 0 
712 1272 0 0 0 0 0 0 0 0 0 0 0 0 0 0 
728 1272 0 0 0 0 0 0 0 0 0 0 0 0 0 0 
744 1272 0 0 0 0 0 0 0 0 0 0 0 0 0 0 
760 1272 0 0 0 0 0 0 0 0 0 0 0 0 0 0 
776 1272 0 0 0 0 0 0 0 0 0 0 0 0 0 0 
792 1272 0 0 0 0 0 0 0 0 0 0 0 0 0 0 
808 1272 0 0 0 0 0 0 0 0 0 0 0 0 0 0 
824 1272 0 0 0 0 0 0 0 0 0 0 0 0 0 0 
840 1272 0 0 0 0 0 0 0 0 0 0 0 0 0 0 
856 1272 0 0 0 0 0 0 0 0 0 0 0 0 0 0 
872 1272 0 0 0 0 0 0 0 0 0 0 0 0 0 0 
888 1272 0 0 0 0 0 0 0 0 0 0 0 0 0 0 
904 1272 0 0 0 0 0 0 0 0 0 0 0 0 0 0 
920 1272 0 0 0 0 0 0 0 0 0 0 0 0 0 0 
936 1272 0 0 0 0 0 0 0 0 0 0 0 0 0 0 
952 1272 0 0 0 0 0 0 0 0 0 0 0 0 0 0 
968 1272 0 0 0 0 0 0 0 0 0 0 0 0 0 0 
984 1272 0 0 0 0 0 0 0 0 0 0 0 0 0 0 
1000 1272 0 0 0 0 0 0 0 0 0 0 0 0 0 0 
1016 1272 0 0 0 0 0 0 0 0 0 0 0 0 0 0 
1032 1272 0 0 0 0 0 0 0 0 0 0 0 0 0 0 
1048 1272 0 0 0 0 0 0 0 0 0 0 0 0 0 0 
1064 1272 0 0 0 0 0 0 0 0 0 0 0 0 0 0 
1080 1272 0 0 0 0 0 0 0 0 0 0 0 0 0 0 
1096 1272 0 0 0 0 0 0 0 0 0 0 0 0 0 0 
1112 1272 0 0 0 0 0 0 0 0 0 0 0 0 0 0 
1128 1272 0 0 0 0 0 0 0 0 0 0 0 0 0 0 
1144 1272 0 0 0 0 0 0 0 0 0 0 0 0 0 0 
1160 1272 0 0 0 0 0 0 0 0 0 0 0 0 0 0 
1176 1272 0 0 0 0 0 0 0 0 0 0 0 0 0 0 
1192 1272 0 0 0 0 0 0 0 0 0 0 0 0 0 0 
1208 1272 0 0 0 0 0 0 0 0 0 0 0 0 0 0 
1224 1272 0 0 0 0 0 0 0 0 0 0 0 0 0 0 
1240 1272 0 0 0 0 0 0 0 0 0 0 0 0 0 0 
1256 1272 0 0 0 0 0 0 0 0 0 0 0 0 0 0 
1272 1272 0 0 0 0 0 0 0 0 0 0 0 0 0 0 
1288 1272 0 0 0 0 0 0 0 0 0 0 0 0 0 0 
1304 1272 0 0 0 0 0 0 0 0 0 0 0 0 0 0 
1320 1272 0 0 0 0 0 0 0 0 0 0 0 0 0 0 
1336 1272 0 0 0 0 0 0 0 0 0 0 0 0 0 0 
1352 1272 0 0 0 0 0 0 0 0 0 0 0 0 0 0 
1368 1272 0 0 0 0 0 0 0 0 0 0 0 0 0 0 
1384 1272 0 0 0 0 0 0 0 0 0 0 0 0 0 0 
1400 1272 0 0 0 0 0 0 0 0 0 0 0 0 0 0 
1416 1272 0 0 0 0 0 0 0 0 0 0 0 0 0 0 
1432 1272 0 0 0 0 0 0 0 0 0 0 0 0 0 0 
1448 1272 0 0 0 0 0 0 0 0 0 0 0 0 0 0 
1464 1272 0 0 0 0 0 0 0 0 0 0 0 0 0 0 
1480 1272 0 0 0 0 0 0 0 0 0 0 0 0 0 0 
1496 1272 0 0 0 0 0 0 0 0 0 0 0 0 0 0 
1512 1272 0 0 0 0 0 0 0 0 0 0 0 0 0 0 
1528 1272 0 0 0 0 0 0 0 0 0 0 0 0 0 0 
1544 1272 0 0 0 0 0 0 0 0 0 0 0 0 0 0 
1560 1272 0 0 0 0 0 0 0 0 0 0 0 0 0 0 
1576 1272 0 0 0 0 0 0 0 0 0 0 0 0 0 0 
1592 1272 0 0 0 0 0 0 0 0 0 0 0 0 0 0 
1608 1272 0 0 0 0 0 0 0 0 0 0 0 0 0 0 
1624 1272 0 0 0 0 0 0 0 0 0 0 0 0 0 0 
1640 1272 0 0 0 0 0 0 0 0 0 0 0 0 0 0 
1656 1272 0 0 0 0 0 0 0 0 0 0 0 0 0 0 
1672 1272 0 0 0 0 0 0 0 0 0 0 0 0 0 0 
1688 1272 0 0 0 0 0 0 0 0 0 0 0 0 0 0 
1704 1272 0 0 0 0 0 0 0 0 0 0 0 0 0 0 
1720 1272 0 0 0 0 0 0 0 0 0 0 0 0 0 0 
1736 1272 0 0 0 0 0 0 0 0 0 0 0 0 0 0 
1752 1272 0 0 0 0 0 0 0 0 0 0 0 0 0 0 
1768 1272 0 0 0 0 0 0 0 0 0 0 0 0 0 0 
1784 1272 0 0 0 0 0 0 0 0 0 0 0 0 0 0 
1800 1272 0 0 0 0 0 0 0 0 0 0 0 0 0 0 
1816 1272 0 0 0 0 0 0 0 0 0 0 0 0 0 0 
1832 1272 0 0 0 0 0 0 0 0 0 0 0 0 0 0 
1848 1272 0 0 0 0 0 0 0 0 0 0 0 0 0 0 
1864 1272 0 0 0 0 0 0 0 0 0 0 0 0 0 0 
1880 1272 0 0 0 0 0 0 0 0 0 0 0 0 0 0 
1896 1272 0 0 0 0 0 0 0 0 0 0 0 0 0 0 
1912 1272 0 0 0 0 0 0 0 0 0 0 0 0 0 0 
1928 1272 0 0 0 0 0 0 0 0 0 0 0 0 0 0 
1944 1272 0 0 0 0 0 0 0 0 0 0 0 0 0 0 
1960 1272 0 0 0 0 0 0 0 0 0 0 0 0 0 0 
1976 1272 0 0 0 0 0 0 0 0 0 0 0 0 0 0 
1992 1272 0 0 0 0 0 0 0 0 0 0 0 0 0 0 
2008 1272 0 0 0 0 0 0 0 0 0 0 0 0 0 0 
2024 1272 0 0 0 0 0 0 0 0 0 0 0 0 0 0 
2040 1272 0 0 0 0 0 0 0 0 0 0 0 0 0 0 
2056 1272 0 0 0 0 0 0 0 0 0 0 0 0 0 0 
2072 1272 0 0 0 0 0 0 0 0 0 0 0 0 0 0 
2088 1272 0 0 0 0 0 0 0 0 0 0 0 0 0 0 
2104 1272 0 0 0 0 0 0 0 0 0 0 0 0 0 0 
2120 1272 0 0 0 0 0 0 0 0 0 0 0 0 0 0 
2136 1272 0 0 0 0 0 0 0 0 0 0 0 0 0 0 
2152 1272 0 0 0 0 0 0 0 0 0 0 0 0 0 0 
2168 1272 0 0 0 0 0 0 0 0 0 0 0 0 0 0 
2184 1272 0 0 0 0 0 0 0 0 0 0 0 0 0 0 
2200 1272 0 0 0 0 0 0 0 0 0 0 0 0 0 0 
2216 1272 0 0 0 0 0 0 0 0 0 0 0 0 0 0 
2232 1272 0 0 0 0 0 0 0 0 0 0 0 0 0 0 
2248 1272 0 0 0 0 0 0 0 0 0 0 0 0 0 0 
2264 1272 0 0 0 0 0 0 0 0 0 0 0 0 0 0 
2280 1272 0 0 0 0 0 0 0 0 0 0 0 0 0 0 
2296 1272 0 0 0 0 0 0 0 0 0 0 0 0 0 0 
2312 1272 0 0 0 0 0 0 0 0 0 0 0 0 0 0 
2328 1272 0 0 0 0 0 0 0 0 0 0 0 0 0 0 
2344 1272 0 0 0 0 0 0 0 0 0 0 0 0 0 0 
2360 1272 0 0 0 0 0 0 0 0 0 0 0 0 0 0 
2376 1272 0 0 0 0 0 0 0 0 0 0 0 0 0 0 
2392 1272 0 0 0 0 0 0 0 0 0 0 0 0 0 0 
2408 1272 0 0 0 0 0 0 0 0 0 0 0 0 0 0 
2424 1272 0 0 0 0 0 0 0 0 0 0 0 0 0 0 
2440 1272 0 0 0 0 0 0 0 0 0 0 0 0 0 0 
2456 1272 0 0 0 0 0 0 0 0 0 0 0 0 0 0 
2472 1272 0 0 0 0 0 0 0 0 0 0 0 0 0 0 
2488 1272 0 0 0 0 0 0 0 0 0 0 0 0 0 0 
2504 1272 0 0 0 0 0 0 0 0 0 0 0 0 0 0 
2520 1272 0 0 0 0 0 0 0 0 0 0 0 0 0 0 
2536 1272 0 0 0 0 0 0 0 0 0 0 0 0 0 0 
24 1288 0 0 0 0 0 0 0 0 0 0 0 0 0 0 
40 1288 0 0 0 0 0 0 0 0 0 0 0 0 0 0 
56 1288 0 0 0 0 0 0 0 0 0 0 0 0 0 0 
72 1288 0 0 0 0 0 0 0 0 0 0 0 0 0 0 
88 1288 0 0 0 0 0 0 0 0 0 0 0 0 0 0 
104 1288 0 0 0 0 0 0 0 0 0 0 0 0 0 0 
120 1288 0 0 0 0 0 0 0 0 0 0 0 0 0 0 
136 1288 0 0 0 0 0 0 0 0 0 0 0 0 0 0 
152 1288 0 0 0 0 0 0 0 0 0 0 0 0 0 0 
168 1288 0 0 0 0 0 0 0 0 0 0 0 0 0 0 
184 1288 0 0 0 0 0 0 0 0 0 0 0 0 0 0 
200 1288 0 0 0 0 0 0 0 0 0 0 0 0 0 0 
216 1288 0 0 0 0 0 0 0 0 0 0 0 0 0 0 
232 1288 0 0 0 0 0 0 0 0 0 0 0 0 0 0 
248 1288 0 0 0 0 0 0 0 0 0 0 0 0 0 0 
264 1288 0 0 0 0 0 0 0 0 0 0 0 0 0 0 
280 1288 0 0 0 0 0 0 0 0 0 0 0 0 0 0 
296 1288 0 0 0 0 0 0 0 0 0 0 0 0 0 0 
312 1288 0 0 0 0 0 0 0 0 0 0 0 0 0 0 
328 1288 0 0 0 0 0 0 0 0 0 0 0 0 0 0 
344 1288 0 0 0 0 0 0 0 0 0 0 0 0 0 0 
360 1288 0 0 0 0 0 0 0 0 0 0 0 0 0 0 
376 1288 0 0 0 0 0 0 0 0 0 0 0 0 0 0 
392 1288 0 0 0 0 0 0 0 0 0 0 0 0 0 0 
408 1288 0 0 0 0 0 0 0 0 0 0 0 0 0 0 
424 1288 0 0 0 0 0 0 0 0 0 0 0 0 0 0 
440 1288 0 0 0 0 0 0 0 0 0 0 0 0 0 0 
456 1288 0 0 0 0 0 0 0 0 0 0 0 0 0 0 
472 1288 0 0 0 0 0 0 0 0 0 0 0 0 0 0 
488 1288 0 0 0 0 0 0 0 0 0 0 0 0 0 0 
504 1288 0 0 0 0 0 0 0 0 0 0 0 0 0 0 
520 1288 0 0 0 0 0 0 0 0 0 0 0 0 0 0 
536 1288 0 0 0 0 0 0 0 0 0 0 0 0 0 0 
552 1288 0 0 0 0 0 0 0 0 0 0 0 0 0 0 
568 1288 0 0 0 0 0 0 0 0 0 0 0 0 0 0 
584 1288 0 0 0 0 0 0 0 0 0 0 0 0 0 0 
600 1288 0 0 0 0 0 0 0 0 0 0 0 0 0 0 
616 1288 0 0 0 0 0 0 0 0 0 0 0 0 0 0 
632 1288 0 0 0 0 0 0 0 0 0 0 0 0 0 0 
648 1288 0 0 0 0 0 0 0 0 0 0 0 0 0 0 
664 1288 0 0 0 0 0 0 0 0 0 0 0 0 0 0 
680 1288 0 0 0 0 0 0 0 0 0 0 0 0 0 0 
696 1288 0 0 0 0 0 0 0 0 0 0 0 0 0 0 
712 1288 0 0 0 0 0 0 0 0 0 0 0 0 0 0 
728 1288 0 0 0 0 0 0 0 0 0 0 0 0 0 0 
744 1288 0 0 0 0 0 0 0 0 0 0 0 0 0 0 
760 1288 0 0 0 0 0 0 0 0 0 0 0 0 0 0 
776 1288 0 0 0 0 0 0 0 0 0 0 0 0 0 0 
792 1288 0 0 0 0 0 0 0 0 0 0 0 0 0 0 
808 1288 0 0 0 0 0 0 0 0 0 0 0 0 0 0 
824 1288 0 0 0 0 0 0 0 0 0 0 0 0 0 0 
840 1288 0 0 0 0 0 0 0 0 0 0 0 0 0 0 
856 1288 0 0 0 0 0 0 0 0 0 0 0 0 0 0 
872 1288 0 0 0 0 0 0 0 0 0 0 0 0 0 0 
888 1288 0 0 0 0 0 0 0 0 0 0 0 0 0 0 
904 1288 0 0 0 0 0 0 0 0 0 0 0 0 0 0 
920 1288 0 0 0 0 0 0 0 0 0 0 0 0 0 0 
936 1288 0 0 0 0 0 0 0 0 0 0 0 0 0 0 
952 1288 0 0 0 0 0 0 0 0 0 0 0 0 0 0 
968 1288 0 0 0 0 0 0 0 0 0 0 0 0 0 0 
984 1288 0 0 0 0 0 0 0 0 0 0 0 0 0 0 
1000 1288 0 0 0 0 0 0 0 0 0 0 0 0 0 0 
1016 1288 0 0 0 0 0 0 0 0 0 0 0 0 0 0 
1032 1288 0 0 0 0 0 0 0 0 0 0 0 0 0 0 
1048 1288 0 0 0 0 0 0 0 0 0 0 0 0 0 0 
1064 1288 0 0 0 0 0 0 0 0 0 0 0 0 0 0 
1080 1288 0 0 0 0 0 0 0 0 0 0 0 0 0 0 
1096 1288 0 0 0 0 0 0 0 0 0 0 0 0 0 0 
1112 1288 0 0 0 0 0 0 0 0 0 0 0 0 0 0 
1128 1288 0 0 0 0 0 0 0 0 0 0 0 0 0 0 
1144 1288 0 0 0 0 0 0 0 0 0 0 0 0 0 0 
1160 1288 0 0 0 0 0 0 0 0 0 0 0 0 0 0 
1176 1288 0 0 0 0 0 0 0 0 0 0 0 0 0 0 
1192 1288 0 0 0 0 0 0 0 0 0 0 0 0 0 0 
1208 1288 0 0 0 0 0 0 0 0 0 0 0 0 0 0 
1224 1288 0 0 0 0 0 0 0 0 0 0 0 0 0 0 
1240 1288 0 0 0 0 0 0 0 0 0 0 0 0 0 0 
1256 1288 0 0 0 0 0 0 0 0 0 0 0 0 0 0 
1272 1288 0 0 0 0 0 0 0 0 0 0 0 0 0 0 
1288 1288 0 0 0 0 0 0 0 0 0 0 0 0 0 0 
1304 1288 0 0 0 0 0 0 0 0 0 0 0 0 0 0 
1320 1288 0 0 0 0 0 0 0 0 0 0 0 0 0 0 
1336 1288 0 0 0 0 0 0 0 0 0 0 0 0 0 0 
1352 1288 0 0 0 0 0 0 0 0 0 0 0 0 0 0 
1368 1288 0 0 0 0 0 0 0 0 0 0 0 0 0 0 
1384 1288 0 0 0 0 0 0 0 0 0 0 0 0 0 0 
1400 1288 0 0 0 0 0 0 0 0 0 0 0 0 0 0 
1416 1288 0 0 0 0 0 0 0 0 0 0 0 0 0 0 
1432 1288 0 0 0 0 0 0 0 0 0 0 0 0 0 0 
1448 1288 0 0 0 0 0 0 0 0 0 0 0 0 0 0 
1464 1288 0 0 0 0 0 0 0 0 0 0 0 0 0 0 
1480 1288 0 0 0 0 0 0 0 0 0 0 0 0 0 0 
1496 1288 0 0 0 0 0 0 0 0 0 0 0 0 0 0 
1512 1288 0 0 0 0 0 0 0 0 0 0 0 0 0 0 
1528 1288 0 0 0 0 0 0 0 0 0 0 0 0 0 0 
1544 1288 0 0 0 0 0 0 0 0 0 0 0 0 0 0 
1560 1288 0 0 0 0 0 0 0 0 0 0 0 0 0 0 
1576 1288 0 0 0 0 0 0 0 0 0 0 0 0 0 0 
1592 1288 0 0 0 0 0 0 0 0 0 0 0 0 0 0 
1608 1288 0 0 0 0 0 0 0 0 0 0 0 0 0 0 
1624 1288 0 0 0 0 0 0 0 0 0 0 0 0 0 0 
1640 1288 0 0 0 0 0 0 0 0 0 0 0 0 0 0 
1656 1288 0 0 0 0 0 0 0 0 0 0 0 0 0 0 
1672 1288 0 0 0 0 0 0 0 0 0 0 0 0 0 0 
1688 1288 0 0 0 0 0 0 0 0 0 0 0 0 0 0 
1704 1288 0 0 0 0 0 0 0 0 0 0 0 0 0 0 
1720 1288 0 0 0 0 0 0 0 0 0 0 0 0 0 0 
1736 1288 0 0 0 0 0 0 0 0 0 0 0 0 0 0 
1752 1288 0 0 0 0 0 0 0 0 0 0 0 0 0 0 
1768 1288 0 0 0 0 0 0 0 0 0 0 0 0 0 0 
1784 1288 0 0 0 0 0 0 0 0 0 0 0 0 0 0 
1800 1288 0 0 0 0 0 0 0 0 0 0 0 0 0 0 
1816 1288 0 0 0 0 0 0 0 0 0 0 0 0 0 0 
1832 1288 0 0 0 0 0 0 0 0 0 0 0 0 0 0 
1848 1288 0 0 0 0 0 0 0 0 0 0 0 0 0 0 
1864 1288 0 0 0 0 0 0 0 0 0 0 0 0 0 0 
1880 1288 0 0 0 0 0 0 0 0 0 0 0 0 0 0 
1896 1288 0 0 0 0 0 0 0 0 0 0 0 0 0 0 
1912 1288 0 0 0 0 0 0 0 0 0 0 0 0 0 0 
1928 1288 0 0 0 0 0 0 0 0 0 0 0 0 0 0 
1944 1288 0 0 0 0 0 0 0 0 0 0 0 0 0 0 
1960 1288 0 0 0 0 0 0 0 0 0 0 0 0 0 0 
1976 1288 0 0 0 0 0 0 0 0 0 0 0 0 0 0 
1992 1288 0 0 0 0 0 0 0 0 0 0 0 0 0 0 
2008 1288 0 0 0 0 0 0 0 0 0 0 0 0 0 0 
2024 1288 0 0 0 0 0 0 0 0 0 0 0 0 0 0 
2040 1288 0 0 0 0 0 0 0 0 0 0 0 0 0 0 
2056 1288 0 0 0 0 0 0 0 0 0 0 0 0 0 0 
2072 1288 0 0 0 0 0 0 0 0 0 0 0 0 0 0 
2088 1288 0 0 0 0 0 0 0 0 0 0 0 0 0 0 
2104 1288 0 0 0 0 0 0 0 0 0 0 0 0 0 0 
2120 1288 0 0 0 0 0 0 0 0 0 0 0 0 0 0 
2136 1288 0 0 0 0 0 0 0 0 0 0 0 0 0 0 
2152 1288 0 0 0 0 0 0 0 0 0 0 0 0 0 0 
2168 1288 0 0 0 0 0 0 0 0 0 0 0 0 0 0 
2184 1288 0 0 0 0 0 0 0 0 0 0 0 0 0 0 
2200 1288 0 0 0 0 0 0 0 0 0 0 0 0 0 0 
2216 1288 0 0 0 0 0 0 0 0 0 0 0 0 0 0 
2232 1288 0 0 0 0 0 0 0 0 0 0 0 0 0 0 
2248 1288 0 0 0 0 0 0 0 0 0 0 0 0 0 0 
2264 1288 0 0 0 0 0 0 0 0 0 0 0 0 0 0 
2280 1288 0 0 0 0 0 0 0 0 0 0 0 0 0 0 
2296 1288 0 0 0 0 0 0 0 0 0 0 0 0 0 0 
2312 1288 0 0 0 0 0 0 0 0 0 0 0 0 0 0 
2328 1288 0 0 0 0 0 0 0 0 0 0 0 0 0 0 
2344 1288 0 0 0 0 0 0 0 0 0 0 0 0 0 0 
2360 1288 0 0 0 0 0 0 0 0 0 0 0 0 0 0 
2376 1288 0 0 0 0 0 0 0 0 0 0 0 0 0 0 
2392 1288 0 0 0 0 0 0 0 0 0 0 0 0 0 0 
2408 1288 0 0 0 0 0 0 0 0 0 0 0 0 0 0 
2424 1288 0 0 0 0 0 0 0 0 0 0 0 0 0 0 
2440 1288 0 0 0 0 0 0 0 0 0 0 0 0 0 0 
2456 1288 0 0 0 0 0 0 0 0 0 0 0 0 0 0 
2472 1288 0 0 0 0 0 0 0 0 0 0 0 0 0 0 
2488 1288 0 0 0 0 0 0 0 0 0 0 0 0 0 0 
2504 1288 0 0 0 0 0 0 0 0 0 0 0 0 0 0 
2520 1288 0 0 0 0 0 0 0 0 0 0 0 0 0 0 
2536 1288 0 0 0 0 0 0 0 0 0 0 0 0 0 0 
24 1304 0 0 0 0 0 0 0 0 0 0 0 0 0 0 
40 1304 0 0 0 0 0 0 0 0 0 0 0 0 0 0 
56 1304 0 0 0 0 0 0 0 0 0 0 0 0 0 0 
72 1304 0 0 0 0 0 0 0 0 0 0 0 0 0 0 
88 1304 0 0 0 0 0 0 0 0 0 0 0 0 0 0 
104 1304 0 0 0 0 0 0 0 0 0 0 0 0 0 0 
120 1304 0 0 0 0 0 0 0 0 0 0 0 0 0 0 
136 1304 0 0 0 0 0 0 0 0 0 0 0 0 0 0 
152 1304 0 0 0 0 0 0 0 0 0 0 0 0 0 0 
168 1304 0 0 0 0 0 0 0 0 0 0 0 0 0 0 
184 1304 0 0 0 0 0 0 0 0 0 0 0 0 0 0 
200 1304 0 0 0 0 0 0 0 0 0 0 0 0 0 0 
216 1304 0 0 0 0 0 0 0 0 0 0 0 0 0 0 
232 1304 0 0 0 0 0 0 0 0 0 0 0 0 0 0 
248 1304 0 0 0 0 0 0 0 0 0 0 0 0 0 0 
264 1304 0 0 0 0 0 0 0 0 0 0 0 0 0 0 
280 1304 0 0 0 0 0 0 0 0 0 0 0 0 0 0 
296 1304 0 0 0 0 0 0 0 0 0 0 0 0 0 0 
312 1304 0 0 0 0 0 0 0 0 0 0 0 0 0 0 
328 1304 0 0 0 0 0 0 0 0 0 0 0 0 0 0 
344 1304 0 0 0 0 0 0 0 0 0 0 0 0 0 0 
360 1304 0 0 0 0 0 0 0 0 0 0 0 0 0 0 
376 1304 0 0 0 0 0 0 0 0 0 0 0 0 0 0 
392 1304 0 0 0 0 0 0 0 0 0 0 0 0 0 0 
408 1304 0 0 0 0 0 0 0 0 0 0 0 0 0 0 
424 1304 0 0 0 0 0 0 0 0 0 0 0 0 0 0 
440 1304 0 0 0 0 0 0 0 0 0 0 0 0 0 0 
456 1304 0 0 0 0 0 0 0 0 0 0 0 0 0 0 
472 1304 0 0 0 0 0 0 0 0 0 0 0 0 0 0 
488 1304 0 0 0 0 0 0 0 0 0 0 0 0 0 0 
504 1304 0 0 0 0 0 0 0 0 0 0 0 0 0 0 
520 1304 0 0 0 0 0 0 0 0 0 0 0 0 0 0 
536 1304 0 0 0 0 0 0 0 0 0 0 0 0 0 0 
552 1304 0 0 0 0 0 0 0 0 0 0 0 0 0 0 
568 1304 0 0 0 0 0 0 0 0 0 0 0 0 0 0 
584 1304 0 0 0 0 0 0 0 0 0 0 0 0 0 0 
600 1304 0 0 0 0 0 0 0 0 0 0 0 0 0 0 
616 1304 0 0 0 0 0 0 0 0 0 0 0 0 0 0 
632 1304 0 0 0 0 0 0 0 0 0 0 0 0 0 0 
648 1304 0 0 0 0 0 0 0 0 0 0 0 0 0 0 
664 1304 0 0 0 0 0 0 0 0 0 0 0 0 0 0 
680 1304 0 0 0 0 0 0 0 0 0 0 0 0 0 0 
696 1304 0 0 0 0 0 0 0 0 0 0 0 0 0 0 
712 1304 0 0 0 0 0 0 0 0 0 0 0 0 0 0 
728 1304 0 0 0 0 0 0 0 0 0 0 0 0 0 0 
744 1304 0 0 0 0 0 0 0 0 0 0 0 0 0 0 
760 1304 0 0 0 0 0 0 0 0 0 0 0 0 0 0 
776 1304 0 0 0 0 0 0 0 0 0 0 0 0 0 0 
792 1304 0 0 0 0 0 0 0 0 0 0 0 0 0 0 
808 1304 0 0 0 0 0 0 0 0 0 0 0 0 0 0 
824 1304 0 0 0 0 0 0 0 0 0 0 0 0 0 0 
840 1304 0 0 0 0 0 0 0 0 0 0 0 0 0 0 
856 1304 0 0 0 0 0 0 0 0 0 0 0 0 0 0 
872 1304 0 0 0 0 0 0 0 0 0 0 0 0 0 0 
888 1304 0 0 0 0 0 0 0 0 0 0 0 0 0 0 
904 1304 0 0 0 0 0 0 0 0 0 0 0 0 0 0 
920 1304 0 0 0 0 0 0 0 0 0 0 0 0 0 0 
936 1304 0 0 0 0 0 0 0 0 0 0 0 0 0 0 
952 1304 0 0 0 0 0 0 0 0 0 0 0 0 0 0 
968 1304 0 0 0 0 0 0 0 0 0 0 0 0 0 0 
984 1304 0 0 0 0 0 0 0 0 0 0 0 0 0 0 
1000 1304 0 0 0 0 0 0 0 0 0 0 0 0 0 0 
1016 1304 0 0 0 0 0 0 0 0 0 0 0 0 0 0 
1032 1304 0 0 0 0 0 0 0 0 0 0 0 0 0 0 
1048 1304 0 0 0 0 0 0 0 0 0 0 0 0 0 0 
1064 1304 0 0 0 0 0 0 0 0 0 0 0 0 0 0 
1080 1304 0 0 0 0 0 0 0 0 0 0 0 0 0 0 
1096 1304 0 0 0 0 0 0 0 0 0 0 0 0 0 0 
1112 1304 0 0 0 0 0 0 0 0 0 0 0 0 0 0 
1128 1304 0 0 0 0 0 0 0 0 0 0 0 0 0 0 
1144 1304 0 0 0 0 0 0 0 0 0 0 0 0 0 0 
1160 1304 0 0 0 0 0 0 0 0 0 0 0 0 0 0 
1176 1304 0 0 0 0 0 0 0 0 0 0 0 0 0 0 
1192 1304 0 0 0 0 0 0 0 0 0 0 0 0 0 0 
1208 1304 0 0 0 0 0 0 0 0 0 0 0 0 0 0 
1224 1304 0 0 0 0 0 0 0 0 0 0 0 0 0 0 
1240 1304 0 0 0 0 0 0 0 0 0 0 0 0 0 0 
1256 1304 0 0 0 0 0 0 0 0 0 0 0 0 0 0 
1272 1304 0 0 0 0 0 0 0 0 0 0 0 0 0 0 
1288 1304 0 0 0 0 0 0 0 0 0 0 0 0 0 0 
1304 1304 0 0 0 0 0 0 0 0 0 0 0 0 0 0 
1320 1304 0 0 0 0 0 0 0 0 0 0 0 0 0 0 
1336 1304 0 0 0 0 0 0 0 0 0 0 0 0 0 0 
1352 1304 0 0 0 0 0 0 0 0 0 0 0 0 0 0 
1368 1304 0 0 0 0 0 0 0 0 0 0 0 0 0 0 
1384 1304 0 0 0 0 0 0 0 0 0 0 0 0 0 0 
1400 1304 0 0 0 0 0 0 0 0 0 0 0 0 0 0 
1416 1304 0 0 0 0 0 0 0 0 0 0 0 0 0 0 
1432 1304 0 0 0 0 0 0 0 0 0 0 0 0 0 0 
1448 1304 0 0 0 0 0 0 0 0 0 0 0 0 0 0 
1464 1304 0 0 0 0 0 0 0 0 0 0 0 0 0 0 
1480 1304 0 0 0 0 0 0 0 0 0 0 0 0 0 0 
1496 1304 0 0 0 0 0 0 0 0 0 0 0 0 0 0 
1512 1304 0 0 0 0 0 0 0 0 0 0 0 0 0 0 
1528 1304 0 0 0 0 0 0 0 0 0 0 0 0 0 0 
1544 1304 0 0 0 0 0 0 0 0 0 0 0 0 0 0 
1560 1304 0 0 0 0 0 0 0 0 0 0 0 0 0 0 
1576 1304 0 0 0 0 0 0 0 0 0 0 0 0 0 0 
1592 1304 0 0 0 0 0 0 0 0 0 0 0 0 0 0 
1608 1304 0 0 0 0 0 0 0 0 0 0 0 0 0 0 
1624 1304 0 0 0 0 0 0 0 0 0 0 0 0 0 0 
1640 1304 0 0 0 0 0 0 0 0 0 0 0 0 0 0 
1656 1304 0 0 0 0 0 0 0 0 0 0 0 0 0 0 
1672 1304 0 0 0 0 0 0 0 0 0 0 0 0 0 0 
1688 1304 0 0 0 0 0 0 0 0 0 0 0 0 0 0 
1704 1304 0 0 0 0 0 0 0 0 0 0 0 0 0 0 
1720 1304 0 0 0 0 0 0 0 0 0 0 0 0 0 0 
1736 1304 0 0 0 0 0 0 0 0 0 0 0 0 0 0 
1752 1304 0 0 0 0 0 0 0 0 0 0 0 0 0 0 
1768 1304 0 0 0 0 0 0 0 0 0 0 0 0 0 0 
1784 1304 0 0 0 0 0 0 0 0 0 0 0 0 0 0 
1800 1304 0 0 0 0 0 0 0 0 0 0 0 0 0 0 
1816 1304 0 0 0 0 0 0 0 0 0 0 0 0 0 0 
1832 1304 0 0 0 0 0 0 0 0 0 0 0 0 0 0 
1848 1304 0 0 0 0 0 0 0 0 0 0 0 0 0 0 
1864 1304 0 0 0 0 0 0 0 0 0 0 0 0 0 0 
1880 1304 0 0 0 0 0 0 0 0 0 0 0 0 0 0 
1896 1304 0 0 0 0 0 0 0 0 0 0 0 0 0 0 
1912 1304 0 0 0 0 0 0 0 0 0 0 0 0 0 0 
1928 1304 0 0 0 0 0 0 0 0 0 0 0 0 0 0 
1944 1304 0 0 0 0 0 0 0 0 0 0 0 0 0 0 
1960 1304 0 0 0 0 0 0 0 0 0 0 0 0 0 0 
1976 1304 0 0 0 0 0 0 0 0 0 0 0 0 0 0 
1992 1304 0 0 0 0 0 0 0 0 0 0 0 0 0 0 
2008 1304 0 0 0 0 0 0 0 0 0 0 0 0 0 0 
2024 1304 0 0 0 0 0 0 0 0 0 0 0 0 0 0 
2040 1304 0 0 0 0 0 0 0 0 0 0 0 0 0 0 
2056 1304 0 0 0 0 0 0 0 0 0 0 0 0 0 0 
2072 1304 0 0 0 0 0 0 0 0 0 0 0 0 0 0 
2088 1304 0 0 0 0 0 0 0 0 0 0 0 0 0 0 
2104 1304 0 0 0 0 0 0 0 0 0 0 0 0 0 0 
2120 1304 0 0 0 0 0 0 0 0 0 0 0 0 0 0 
2136 1304 0 0 0 0 0 0 0 0 0 0 0 0 0 0 
2152 1304 0 0 0 0 0 0 0 0 0 0 0 0 0 0 
2168 1304 0 0 0 0 0 0 0 0 0 0 0 0 0 0 
2184 1304 0 0 0 0 0 0 0 0 0 0 0 0 0 0 
2200 1304 0 0 0 0 0 0 0 0 0 0 0 0 0 0 
2216 1304 0 0 0 0 0 0 0 0 0 0 0 0 0 0 
2232 1304 0 0 0 0 0 0 0 0 0 0 0 0 0 0 
2248 1304 0 0 0 0 0 0 0 0 0 0 0 0 0 0 
2264 1304 0 0 0 0 0 0 0 0 0 0 0 0 0 0 
2280 1304 0 0 0 0 0 0 0 0 0 0 0 0 0 0 
2296 1304 0 0 0 0 0 0 0 0 0 0 0 0 0 0 
2312 1304 0 0 0 0 0 0 0 0 0 0 0 0 0 0 
2328 1304 0 0 0 0 0 0 0 0 0 0 0 0 0 0 
2344 1304 0 0 0 0 0 0 0 0 0 0 0 0 0 0 
2360 1304 0 0 0 0 0 0 0 0 0 0 0 0 0 0 
2376 1304 0 0 0 0 0 0 0 0 0 0 0 0 0 0 
2392 1304 0 0 0 0 0 0 0 0 0 0 0 0 0 0 
2408 1304 0 0 0 0 0 0 0 0 0 0 0 0 0 0 
2424 1304 0 0 0 0 0 0 0 0 0 0 0 0 0 0 
2440 1304 0 0 0 0 0 0 0 0 0 0 0 0 0 0 
2456 1304 0 0 0 0 0 0 0 0 0 0 0 0 0 0 
2472 1304 0 0 0 0 0 0 0 0 0 0 0 0 0 0 
2488 1304 0 0 0 0 0 0 0 0 0 0 0 0 0 0 
2504 1304 0 0 0 0 0 0 0 0 0 0 0 0 0 0 
2520 1304 0 0 0 0 0 0 0 0 0 0 0 0 0 0 
2536 1304 0 0 0 0 0 0 0 0 0 0 0 0 0 0 
24 1320 0 0 0 0 0 0 0 0 0 0 0 0 0 0 
40 1320 0 0 0 0 0 0 0 0 0 0 0 0 0 0 
56 1320 0 0 0 0 0 0 0 0 0 0 0 0 0 0 
72 1320 0 0 0 0 0 0 0 0 0 0 0 0 0 0 
88 1320 0 0 0 0 0 0 0 0 0 0 0 0 0 0 
104 1320 0 0 0 0 0 0 0 0 0 0 0 0 0 0 
120 1320 0 0 0 0 0 0 0 0 0 0 0 0 0 0 
136 1320 0 0 0 0 0 0 0 0 0 0 0 0 0 0 
152 1320 0 0 0 0 0 0 0 0 0 0 0 0 0 0 
168 1320 0 0 0 0 0 0 0 0 0 0 0 0 0 0 
184 1320 0 0 0 0 0 0 0 0 0 0 0 0 0 0 
200 1320 0 0 0 0 0 0 0 0 0 0 0 0 0 0 
216 1320 0 0 0 0 0 0 0 0 0 0 0 0 0 0 
232 1320 0 0 0 0 0 0 0 0 0 0 0 0 0 0 
248 1320 0 0 0 0 0 0 0 0 0 0 0 0 0 0 
264 1320 0 0 0 0 0 0 0 0 0 0 0 0 0 0 
280 1320 0 0 0 0 0 0 0 0 0 0 0 0 0 0 
296 1320 0 0 0 0 0 0 0 0 0 0 0 0 0 0 
312 1320 0 0 0 0 0 0 0 0 0 0 0 0 0 0 
328 1320 0 0 0 0 0 0 0 0 0 0 0 0 0 0 
344 1320 0 0 0 0 0 0 0 0 0 0 0 0 0 0 
360 1320 0 0 0 0 0 0 0 0 0 0 0 0 0 0 
376 1320 0 0 0 0 0 0 0 0 0 0 0 0 0 0 
392 1320 0 0 0 0 0 0 0 0 0 0 0 0 0 0 
408 1320 0 0 0 0 0 0 0 0 0 0 0 0 0 0 
424 1320 0 0 0 0 0 0 0 0 0 0 0 0 0 0 
440 1320 0 0 0 0 0 0 0 0 0 0 0 0 0 0 
456 1320 0 0 0 0 0 0 0 0 0 0 0 0 0 0 
472 1320 0 0 0 0 0 0 0 0 0 0 0 0 0 0 
488 1320 0 0 0 0 0 0 0 0 0 0 0 0 0 0 
504 1320 0 0 0 0 0 0 0 0 0 0 0 0 0 0 
520 1320 0 0 0 0 0 0 0 0 0 0 0 0 0 0 
536 1320 0 0 0 0 0 0 0 0 0 0 0 0 0 0 
552 1320 0 0 0 0 0 0 0 0 0 0 0 0 0 0 
568 1320 0 0 0 0 0 0 0 0 0 0 0 0 0 0 
584 1320 0 0 0 0 0 0 0 0 0 0 0 0 0 0 
600 1320 0 0 0 0 0 0 0 0 0 0 0 0 0 0 
616 1320 0 0 0 0 0 0 0 0 0 0 0 0 0 0 
632 1320 0 0 0 0 0 0 0 0 0 0 0 0 0 0 
648 1320 0 0 0 0 0 0 0 0 0 0 0 0 0 0 
664 1320 0 0 0 0 0 0 0 0 0 0 0 0 0 0 
680 1320 0 0 0 0 0 0 0 0 0 0 0 0 0 0 
696 1320 0 0 0 0 0 0 0 0 0 0 0 0 0 0 
712 1320 0 0 0 0 0 0 0 0 0 0 0 0 0 0 
728 1320 0 0 0 0 0 0 0 0 0 0 0 0 0 0 
744 1320 0 0 0 0 0 0 0 0 0 0 0 0 0 0 
760 1320 0 0 0 0 0 0 0 0 0 0 0 0 0 0 
776 1320 0 0 0 0 0 0 0 0 0 0 0 0 0 0 
792 1320 0 0 0 0 0 0 0 0 0 0 0 0 0 0 
808 1320 0 0 0 0 0 0 0 0 0 0 0 0 0 0 
824 1320 0 0 0 0 0 0 0 0 0 0 0 0 0 0 
840 1320 0 0 0 0 0 0 0 0 0 0 0 0 0 0 
856 1320 0 0 0 0 0 0 0 0 0 0 0 0 0 0 
872 1320 0 0 0 0 0 0 0 0 0 0 0 0 0 0 
888 1320 0 0 0 0 0 0 0 0 0 0 0 0 0 0 
904 1320 0 0 0 0 0 0 0 0 0 0 0 0 0 0 
920 1320 0 0 0 0 0 0 0 0 0 0 0 0 0 0 
936 1320 0 0 0 0 0 0 0 0 0 0 0 0 0 0 
952 1320 0 0 0 0 0 0 0 0 0 0 0 0 0 0 
968 1320 0 0 0 0 0 0 0 0 0 0 0 0 0 0 
984 1320 0 0 0 0 0 0 0 0 0 0 0 0 0 0 
1000 1320 0 0 0 0 0 0 0 0 0 0 0 0 0 0 
1016 1320 0 0 0 0 0 0 0 0 0 0 0 0 0 0 
1032 1320 0 0 0 0 0 0 0 0 0 0 0 0 0 0 
1048 1320 0 0 0 0 0 0 0 0 0 0 0 0 0 0 
1064 1320 0 0 0 0 0 0 0 0 0 0 0 0 0 0 
1080 1320 0 0 0 0 0 0 0 0 0 0 0 0 0 0 
1096 1320 0 0 0 0 0 0 0 0 0 0 0 0 0 0 
1112 1320 0 0 0 0 0 0 0 0 0 0 0 0 0 0 
1128 1320 0 0 0 0 0 0 0 0 0 0 0 0 0 0 
1144 1320 0 0 0 0 0 0 0 0 0 0 0 0 0 0 
1160 1320 0 0 0 0 0 0 0 0 0 0 0 0 0 0 
1176 1320 0 0 0 0 0 0 0 0 0 0 0 0 0 0 
1192 1320 0 0 0 0 0 0 0 0 0 0 0 0 0 0 
1208 1320 0 0 0 0 0 0 0 0 0 0 0 0 0 0 
1224 1320 0 0 0 0 0 0 0 0 0 0 0 0 0 0 
1240 1320 0 0 0 0 0 0 0 0 0 0 0 0 0 0 
1256 1320 0 0 0 0 0 0 0 0 0 0 0 0 0 0 
1272 1320 0 0 0 0 0 0 0 0 0 0 0 0 0 0 
1288 1320 0 0 0 0 0 0 0 0 0 0 0 0 0 0 
1304 1320 0 0 0 0 0 0 0 0 0 0 0 0 0 0 
1320 1320 0 0 0 0 0 0 0 0 0 0 0 0 0 0 
1336 1320 0 0 0 0 0 0 0 0 0 0 0 0 0 0 
1352 1320 0 0 0 0 0 0 0 0 0 0 0 0 0 0 
1368 1320 0 0 0 0 0 0 0 0 0 0 0 0 0 0 
1384 1320 0 0 0 0 0 0 0 0 0 0 0 0 0 0 
1400 1320 0 0 0 0 0 0 0 0 0 0 0 0 0 0 
1416 1320 0 0 0 0 0 0 0 0 0 0 0 0 0 0 
1432 1320 0 0 0 0 0 0 0 0 0 0 0 0 0 0 
1448 1320 0 0 0 0 0 0 0 0 0 0 0 0 0 0 
1464 1320 0 0 0 0 0 0 0 0 0 0 0 0 0 0 
1480 1320 0 0 0 0 0 0 0 0 0 0 0 0 0 0 
1496 1320 0 0 0 0 0 0 0 0 0 0 0 0 0 0 
1512 1320 0 0 0 0 0 0 0 0 0 0 0 0 0 0 
1528 1320 0 0 0 0 0 0 0 0 0 0 0 0 0 0 
1544 1320 0 0 0 0 0 0 0 0 0 0 0 0 0 0 
1560 1320 0 0 0 0 0 0 0 0 0 0 0 0 0 0 
1576 1320 0 0 0 0 0 0 0 0 0 0 0 0 0 0 
1592 1320 0 0 0 0 0 0 0 0 0 0 0 0 0 0 
1608 1320 0 0 0 0 0 0 0 0 0 0 0 0 0 0 
1624 1320 0 0 0 0 0 0 0 0 0 0 0 0 0 0 
1640 1320 0 0 0 0 0 0 0 0 0 0 0 0 0 0 
1656 1320 0 0 0 0 0 0 0 0 0 0 0 0 0 0 
1672 1320 0 0 0 0 0 0 0 0 0 0 0 0 0 0 
1688 1320 0 0 0 0 0 0 0 0 0 0 0 0 0 0 
1704 1320 0 0 0 0 0 0 0 0 0 0 0 0 0 0 
1720 1320 0 0 0 0 0 0 0 0 0 0 0 0 0 0 
1736 1320 0 0 0 0 0 0 0 0 0 0 0 0 0 0 
1752 1320 0 0 0 0 0 0 0 0 0 0 0 0 0 0 
1768 1320 0 0 0 0 0 0 0 0 0 0 0 0 0 0 
1784 1320 0 0 0 0 0 0 0 0 0 0 0 0 0 0 
1800 1320 0 0 0 0 0 0 0 0 0 0 0 0 0 0 
1816 1320 0 0 0 0 0 0 0 0 0 0 0 0 0 0 
1832 1320 0 0 0 0 0 0 0 0 0 0 0 0 0 0 
1848 1320 0 0 0 0 0 0 0 0 0 0 0 0 0 0 
1864 1320 0 0 0 0 0 0 0 0 0 0 0 0 0 0 
1880 1320 0 0 0 0 0 0 0 0 0 0 0 0 0 0 
1896 1320 0 0 0 0 0 0 0 0 0 0 0 0 0 0 
1912 1320 0 0 0 0 0 0 0 0 0 0 0 0 0 0 
1928 1320 0 0 0 0 0 0 0 0 0 0 0 0 0 0 
1944 1320 0 0 0 0 0 0 0 0 0 0 0 0 0 0 
1960 1320 0 0 0 0 0 0 0 0 0 0 0 0 0 0 
1976 1320 0 0 0 0 0 0 0 0 0 0 0 0 0 0 
1992 1320 0 0 0 0 0 0 0 0 0 0 0 0 0 0 
2008 1320 0 0 0 0 0 0 0 0 0 0 0 0 0 0 
2024 1320 0 0 0 0 0 0 0 0 0 0 0 0 0 0 
2040 1320 0 0 0 0 0 0 0 0 0 0 0 0 0 0 
2056 1320 0 0 0 0 0 0 0 0 0 0 0 0 0 0 
2072 1320 0 0 0 0 0 0 0 0 0 0 0 0 0 0 
2088 1320 0 0 0 0 0 0 0 0 0 0 0 0 0 0 
2104 1320 0 0 0 0 0 0 0 0 0 0 0 0 0 0 
2120 1320 0 0 0 0 0 0 0 0 0 0 0 0 0 0 
2136 1320 0 0 0 0 0 0 0 0 0 0 0 0 0 0 
2152 1320 0 0 0 0 0 0 0 0 0 0 0 0 0 0 
2168 1320 0 0 0 0 0 0 0 0 0 0 0 0 0 0 
2184 1320 0 0 0 0 0 0 0 0 0 0 0 0 0 0 
2200 1320 0 0 0 0 0 0 0 0 0 0 0 0 0 0 
2216 1320 0 0 0 0 0 0 0 0 0 0 0 0 0 0 
2232 1320 0 0 0 0 0 0 0 0 0 0 0 0 0 0 
2248 1320 0 0 0 0 0 0 0 0 0 0 0 0 0 0 
2264 1320 0 0 0 0 0 0 0 0 0 0 0 0 0 0 
2280 1320 0 0 0 0 0 0 0 0 0 0 0 0 0 0 
2296 1320 0 0 0 0 0 0 0 0 0 0 0 0 0 0 
2312 1320 0 0 0 0 0 0 0 0 0 0 0 0 0 0 
2328 1320 0 0 0 0 0 0 0 0 0 0 0 0 0 0 
2344 1320 0 0 0 0 0 0 0 0 0 0 0 0 0 0 
2360 1320 0 0 0 0 0 0 0 0 0 0 0 0 0 0 
2376 1320 0 0 0 0 0 0 0 0 0 0 0 0 0 0 
2392 1320 0 0 0 0 0 0 0 0 0 0 0 0 0 0 
2408 1320 0 0 0 0 0 0 0 0 0 0 0 0 0 0 
2424 1320 0 0 0 0 0 0 0 0 0 0 0 0 0 0 
2440 1320 0 0 0 0 0 0 0 0 0 0 0 0 0 0 
2456 1320 0 0 0 0 0 0 0 0 0 0 0 0 0 0 
2472 1320 0 0 0 0 0 0 0 0 0 0 0 0 0 0 
2488 1320 0 0 0 0 0 0 0 0 0 0 0 0 0 0 
2504 1320 0 0 0 0 0 0 0 0 0 0 0 0 0 0 
2520 1320 0 0 0 0 0 0 0 0 0 0 0 0 0 0 
2536 1320 0 0 0 0 0 0 0 0 0 0 0 0 0 0 
24 1336 0 0 0 0 0 0 0 0 0 0 0 0 0 0 
40 1336 0 0 0 0 0 0 0 0 0 0 0 0 0 0 
56 1336 0 0 0 0 0 0 0 0 0 0 0 0 0 0 
72 1336 0 0 0 0 0 0 0 0 0 0 0 0 0 0 
88 1336 0 0 0 0 0 0 0 0 0 0 0 0 0 0 
104 1336 0 0 0 0 0 0 0 0 0 0 0 0 0 0 
120 1336 0 0 0 0 0 0 0 0 0 0 0 0 0 0 
136 1336 0 0 0 0 0 0 0 0 0 0 0 0 0 0 
152 1336 0 0 0 0 0 0 0 0 0 0 0 0 0 0 
168 1336 0 0 0 0 0 0 0 0 0 0 0 0 0 0 
184 1336 0 0 0 0 0 0 0 0 0 0 0 0 0 0 
200 1336 0 0 0 0 0 0 0 0 0 0 0 0 0 0 
216 1336 0 0 0 0 0 0 0 0 0 0 0 0 0 0 
232 1336 0 0 0 0 0 0 0 0 0 0 0 0 0 0 
248 1336 0 0 0 0 0 0 0 0 0 0 0 0 0 0 
264 1336 0 0 0 0 0 0 0 0 0 0 0 0 0 0 
280 1336 0 0 0 0 0 0 0 0 0 0 0 0 0 0 
296 1336 0 0 0 0 0 0 0 0 0 0 0 0 0 0 
312 1336 0 0 0 0 0 0 0 0 0 0 0 0 0 0 
328 1336 0 0 0 0 0 0 0 0 0 0 0 0 0 0 
344 1336 0 0 0 0 0 0 0 0 0 0 0 0 0 0 
360 1336 0 0 0 0 0 0 0 0 0 0 0 0 0 0 
376 1336 0 0 0 0 0 0 0 0 0 0 0 0 0 0 
392 1336 0 0 0 0 0 0 0 0 0 0 0 0 0 0 
408 1336 0 0 0 0 0 0 0 0 0 0 0 0 0 0 
424 1336 0 0 0 0 0 0 0 0 0 0 0 0 0 0 
440 1336 0 0 0 0 0 0 0 0 0 0 0 0 0 0 
456 1336 0 0 0 0 0 0 0 0 0 0 0 0 0 0 
472 1336 0 0 0 0 0 0 0 0 0 0 0 0 0 0 
488 1336 0 0 0 0 0 0 0 0 0 0 0 0 0 0 
504 1336 0 0 0 0 0 0 0 0 0 0 0 0 0 0 
520 1336 0 0 0 0 0 0 0 0 0 0 0 0 0 0 
536 1336 0 0 0 0 0 0 0 0 0 0 0 0 0 0 
552 1336 0 0 0 0 0 0 0 0 0 0 0 0 0 0 
568 1336 0 0 0 0 0 0 0 0 0 0 0 0 0 0 
584 1336 0 0 0 0 0 0 0 0 0 0 0 0 0 0 
600 1336 0 0 0 0 0 0 0 0 0 0 0 0 0 0 
616 1336 0 0 0 0 0 0 0 0 0 0 0 0 0 0 
632 1336 0 0 0 0 0 0 0 0 0 0 0 0 0 0 
648 1336 0 0 0 0 0 0 0 0 0 0 0 0 0 0 
664 1336 0 0 0 0 0 0 0 0 0 0 0 0 0 0 
680 1336 0 0 0 0 0 0 0 0 0 0 0 0 0 0 
696 1336 0 0 0 0 0 0 0 0 0 0 0 0 0 0 
712 1336 0 0 0 0 0 0 0 0 0 0 0 0 0 0 
728 1336 0 0 0 0 0 0 0 0 0 0 0 0 0 0 
744 1336 0 0 0 0 0 0 0 0 0 0 0 0 0 0 
760 1336 0 0 0 0 0 0 0 0 0 0 0 0 0 0 
776 1336 0 0 0 0 0 0 0 0 0 0 0 0 0 0 
792 1336 0 0 0 0 0 0 0 0 0 0 0 0 0 0 
808 1336 0 0 0 0 0 0 0 0 0 0 0 0 0 0 
824 1336 0 0 0 0 0 0 0 0 0 0 0 0 0 0 
840 1336 0 0 0 0 0 0 0 0 0 0 0 0 0 0 
856 1336 0 0 0 0 0 0 0 0 0 0 0 0 0 0 
872 1336 0 0 0 0 0 0 0 0 0 0 0 0 0 0 
888 1336 0 0 0 0 0 0 0 0 0 0 0 0 0 0 
904 1336 0 0 0 0 0 0 0 0 0 0 0 0 0 0 
920 1336 0 0 0 0 0 0 0 0 0 0 0 0 0 0 
936 1336 0 0 0 0 0 0 0 0 0 0 0 0 0 0 
952 1336 0 0 0 0 0 0 0 0 0 0 0 0 0 0 
968 1336 0 0 0 0 0 0 0 0 0 0 0 0 0 0 
984 1336 0 0 0 0 0 0 0 0 0 0 0 0 0 0 
1000 1336 0 0 0 0 0 0 0 0 0 0 0 0 0 0 
1016 1336 0 0 0 0 0 0 0 0 0 0 0 0 0 0 
1032 1336 0 0 0 0 0 0 0 0 0 0 0 0 0 0 
1048 1336 0 0 0 0 0 0 0 0 0 0 0 0 0 0 
1064 1336 0 0 0 0 0 0 0 0 0 0 0 0 0 0 
1080 1336 0 0 0 0 0 0 0 0 0 0 0 0 0 0 
1096 1336 0 0 0 0 0 0 0 0 0 0 0 0 0 0 
1112 1336 0 0 0 0 0 0 0 0 0 0 0 0 0 0 
1128 1336 0 0 0 0 0 0 0 0 0 0 0 0 0 0 
1144 1336 0 0 0 0 0 0 0 0 0 0 0 0 0 0 
1160 1336 0 0 0 0 0 0 0 0 0 0 0 0 0 0 
1176 1336 0 0 0 0 0 0 0 0 0 0 0 0 0 0 
1192 1336 0 0 0 0 0 0 0 0 0 0 0 0 0 0 
1208 1336 0 0 0 0 0 0 0 0 0 0 0 0 0 0 
1224 1336 0 0 0 0 0 0 0 0 0 0 0 0 0 0 
1240 1336 0 0 0 0 0 0 0 0 0 0 0 0 0 0 
1256 1336 0 0 0 0 0 0 0 0 0 0 0 0 0 0 
1272 1336 0 0 0 0 0 0 0 0 0 0 0 0 0 0 
1288 1336 0 0 0 0 0 0 0 0 0 0 0 0 0 0 
1304 1336 0 0 0 0 0 0 0 0 0 0 0 0 0 0 
1320 1336 0 0 0 0 0 0 0 0 0 0 0 0 0 0 
1336 1336 0 0 0 0 0 0 0 0 0 0 0 0 0 0 
1352 1336 0 0 0 0 0 0 0 0 0 0 0 0 0 0 
1368 1336 0 0 0 0 0 0 0 0 0 0 0 0 0 0 
1384 1336 0 0 0 0 0 0 0 0 0 0 0 0 0 0 
1400 1336 0 0 0 0 0 0 0 0 0 0 0 0 0 0 
1416 1336 0 0 0 0 0 0 0 0 0 0 0 0 0 0 
1432 1336 0 0 0 0 0 0 0 0 0 0 0 0 0 0 
1448 1336 0 0 0 0 0 0 0 0 0 0 0 0 0 0 
1464 1336 0 0 0 0 0 0 0 0 0 0 0 0 0 0 
1480 1336 0 0 0 0 0 0 0 0 0 0 0 0 0 0 
1496 1336 0 0 0 0 0 0 0 0 0 0 0 0 0 0 
1512 1336 0 0 0 0 0 0 0 0 0 0 0 0 0 0 
1528 1336 0 0 0 0 0 0 0 0 0 0 0 0 0 0 
1544 1336 0 0 0 0 0 0 0 0 0 0 0 0 0 0 
1560 1336 0 0 0 0 0 0 0 0 0 0 0 0 0 0 
1576 1336 0 0 0 0 0 0 0 0 0 0 0 0 0 0 
1592 1336 0 0 0 0 0 0 0 0 0 0 0 0 0 0 
1608 1336 0 0 0 0 0 0 0 0 0 0 0 0 0 0 
1624 1336 0 0 0 0 0 0 0 0 0 0 0 0 0 0 
1640 1336 0 0 0 0 0 0 0 0 0 0 0 0 0 0 
1656 1336 0 0 0 0 0 0 0 0 0 0 0 0 0 0 
1672 1336 0 0 0 0 0 0 0 0 0 0 0 0 0 0 
1688 1336 0 0 0 0 0 0 0 0 0 0 0 0 0 0 
1704 1336 0 0 0 0 0 0 0 0 0 0 0 0 0 0 
1720 1336 0 0 0 0 0 0 0 0 0 0 0 0 0 0 
1736 1336 0 0 0 0 0 0 0 0 0 0 0 0 0 0 
1752 1336 0 0 0 0 0 0 0 0 0 0 0 0 0 0 
1768 1336 0 0 0 0 0 0 0 0 0 0 0 0 0 0 
1784 1336 0 0 0 0 0 0 0 0 0 0 0 0 0 0 
1800 1336 0 0 0 0 0 0 0 0 0 0 0 0 0 0 
1816 1336 0 0 0 0 0 0 0 0 0 0 0 0 0 0 
1832 1336 0 0 0 0 0 0 0 0 0 0 0 0 0 0 
1848 1336 0 0 0 0 0 0 0 0 0 0 0 0 0 0 
1864 1336 0 0 0 0 0 0 0 0 0 0 0 0 0 0 
1880 1336 0 0 0 0 0 0 0 0 0 0 0 0 0 0 
1896 1336 0 0 0 0 0 0 0 0 0 0 0 0 0 0 
1912 1336 0 0 0 0 0 0 0 0 0 0 0 0 0 0 
1928 1336 0 0 0 0 0 0 0 0 0 0 0 0 0 0 
1944 1336 0 0 0 0 0 0 0 0 0 0 0 0 0 0 
1960 1336 0 0 0 0 0 0 0 0 0 0 0 0 0 0 
1976 1336 0 0 0 0 0 0 0 0 0 0 0 0 0 0 
1992 1336 0 0 0 0 0 0 0 0 0 0 0 0 0 0 
2008 1336 0 0 0 0 0 0 0 0 0 0 0 0 0 0 
2024 1336 0 0 0 0 0 0 0 0 0 0 0 0 0 0 
2040 1336 0 0 0 0 0 0 0 0 0 0 0 0 0 0 
2056 1336 0 0 0 0 0 0 0 0 0 0 0 0 0 0 
2072 1336 0 0 0 0 0 0 0 0 0 0 0 0 0 0 
2088 1336 0 0 0 0 0 0 0 0 0 0 0 0 0 0 
2104 1336 0 0 0 0 0 0 0 0 0 0 0 0 0 0 
2120 1336 0 0 0 0 0 0 0 0 0 0 0 0 0 0 
2136 1336 0 0 0 0 0 0 0 0 0 0 0 0 0 0 
2152 1336 0 0 0 0 0 0 0 0 0 0 0 0 0 0 
2168 1336 0 0 0 0 0 0 0 0 0 0 0 0 0 0 
2184 1336 0 0 0 0 0 0 0 0 0 0 0 0 0 0 
2200 1336 0 0 0 0 0 0 0 0 0 0 0 0 0 0 
2216 1336 0 0 0 0 0 0 0 0 0 0 0 0 0 0 
2232 1336 0 0 0 0 0 0 0 0 0 0 0 0 0 0 
2248 1336 0 0 0 0 0 0 0 0 0 0 0 0 0 0 
2264 1336 0 0 0 0 0 0 0 0 0 0 0 0 0 0 
2280 1336 0 0 0 0 0 0 0 0 0 0 0 0 0 0 
2296 1336 0 0 0 0 0 0 0 0 0 0 0 0 0 0 
2312 1336 0 0 0 0 0 0 0 0 0 0 0 0 0 0 
2328 1336 0 0 0 0 0 0 0 0 0 0 0 0 0 0 
2344 1336 0 0 0 0 0 0 0 0 0 0 0 0 0 0 
2360 1336 0 0 0 0 0 0 0 0 0 0 0 0 0 0 
2376 1336 0 0 0 0 0 0 0 0 0 0 0 0 0 0 
2392 1336 0 0 0 0 0 0 0 0 0 0 0 0 0 0 
2408 1336 0 0 0 0 0 0 0 0 0 0 0 0 0 0 
2424 1336 0 0 0 0 0 0 0 0 0 0 0 0 0 0 
2440 1336 0 0 0 0 0 0 0 0 0 0 0 0 0 0 
2456 1336 0 0 0 0 0 0 0 0 0 0 0 0 0 0 
2472 1336 0 0 0 0 0 0 0 0 0 0 0 0 0 0 
2488 1336 0 0 0 0 0 0 0 0 0 0 0 0 0 0 
2504 1336 0 0 0 0 0 0 0 0 0 0 0 0 0 0 
2520 1336 0 0 0 0 0 0 0 0 0 0 0 0 0 0 
2536 1336 0 0 0 0 0 0 0 0 0 0 0 0 0 0 
24 1352 0 0 0 0 0 0 0 0 0 0 0 0 0 0 
40 1352 0 0 0 0 0 0 0 0 0 0 0 0 0 0 
56 1352 0 0 0 0 0 0 0 0 0 0 0 0 0 0 
72 1352 0 0 0 0 0 0 0 0 0 0 0 0 0 0 
88 1352 0 0 0 0 0 0 0 0 0 0 0 0 0 0 
104 1352 0 0 0 0 0 0 0 0 0 0 0 0 0 0 
120 1352 0 0 0 0 0 0 0 0 0 0 0 0 0 0 
136 1352 0 0 0 0 0 0 0 0 0 0 0 0 0 0 
152 1352 0 0 0 0 0 0 0 0 0 0 0 0 0 0 
168 1352 0 0 0 0 0 0 0 0 0 0 0 0 0 0 
184 1352 0 0 0 0 0 0 0 0 0 0 0 0 0 0 
200 1352 0 0 0 0 0 0 0 0 0 0 0 0 0 0 
216 1352 0 0 0 0 0 0 0 0 0 0 0 0 0 0 
232 1352 0 0 0 0 0 0 0 0 0 0 0 0 0 0 
248 1352 0 0 0 0 0 0 0 0 0 0 0 0 0 0 
264 1352 0 0 0 0 0 0 0 0 0 0 0 0 0 0 
280 1352 0 0 0 0 0 0 0 0 0 0 0 0 0 0 
296 1352 0 0 0 0 0 0 0 0 0 0 0 0 0 0 
312 1352 0 0 0 0 0 0 0 0 0 0 0 0 0 0 
328 1352 0 0 0 0 0 0 0 0 0 0 0 0 0 0 
344 1352 0 0 0 0 0 0 0 0 0 0 0 0 0 0 
360 1352 0 0 0 0 0 0 0 0 0 0 0 0 0 0 
376 1352 0 0 0 0 0 0 0 0 0 0 0 0 0 0 
392 1352 0 0 0 0 0 0 0 0 0 0 0 0 0 0 
408 1352 0 0 0 0 0 0 0 0 0 0 0 0 0 0 
424 1352 0 0 0 0 0 0 0 0 0 0 0 0 0 0 
440 1352 0 0 0 0 0 0 0 0 0 0 0 0 0 0 
456 1352 0 0 0 0 0 0 0 0 0 0 0 0 0 0 
472 1352 0 0 0 0 0 0 0 0 0 0 0 0 0 0 
488 1352 0 0 0 0 0 0 0 0 0 0 0 0 0 0 
504 1352 0 0 0 0 0 0 0 0 0 0 0 0 0 0 
520 1352 0 0 0 0 0 0 0 0 0 0 0 0 0 0 
536 1352 0 0 0 0 0 0 0 0 0 0 0 0 0 0 
552 1352 0 0 0 0 0 0 0 0 0 0 0 0 0 0 
568 1352 0 0 0 0 0 0 0 0 0 0 0 0 0 0 
584 1352 0 0 0 0 0 0 0 0 0 0 0 0 0 0 
600 1352 0 0 0 0 0 0 0 0 0 0 0 0 0 0 
616 1352 0 0 0 0 0 0 0 0 0 0 0 0 0 0 
632 1352 0 0 0 0 0 0 0 0 0 0 0 0 0 0 
648 1352 0 0 0 0 0 0 0 0 0 0 0 0 0 0 
664 1352 0 0 0 0 0 0 0 0 0 0 0 0 0 0 
680 1352 0 0 0 0 0 0 0 0 0 0 0 0 0 0 
696 1352 0 0 0 0 0 0 0 0 0 0 0 0 0 0 
712 1352 0 0 0 0 0 0 0 0 0 0 0 0 0 0 
728 1352 0 0 0 0 0 0 0 0 0 0 0 0 0 0 
744 1352 0 0 0 0 0 0 0 0 0 0 0 0 0 0 
760 1352 0 0 0 0 0 0 0 0 0 0 0 0 0 0 
776 1352 0 0 0 0 0 0 0 0 0 0 0 0 0 0 
792 1352 0 0 0 0 0 0 0 0 0 0 0 0 0 0 
808 1352 0 0 0 0 0 0 0 0 0 0 0 0 0 0 
824 1352 0 0 0 0 0 0 0 0 0 0 0 0 0 0 
840 1352 0 0 0 0 0 0 0 0 0 0 0 0 0 0 
856 1352 0 0 0 0 0 0 0 0 0 0 0 0 0 0 
872 1352 0 0 0 0 0 0 0 0 0 0 0 0 0 0 
888 1352 0 0 0 0 0 0 0 0 0 0 0 0 0 0 
904 1352 0 0 0 0 0 0 0 0 0 0 0 0 0 0 
920 1352 0 0 0 0 0 0 0 0 0 0 0 0 0 0 
936 1352 0 0 0 0 0 0 0 0 0 0 0 0 0 0 
952 1352 0 0 0 0 0 0 0 0 0 0 0 0 0 0 
968 1352 0 0 0 0 0 0 0 0 0 0 0 0 0 0 
984 1352 0 0 0 0 0 0 0 0 0 0 0 0 0 0 
1000 1352 0 0 0 0 0 0 0 0 0 0 0 0 0 0 
1016 1352 0 0 0 0 0 0 0 0 0 0 0 0 0 0 
1032 1352 0 0 0 0 0 0 0 0 0 0 0 0 0 0 
1048 1352 0 0 0 0 0 0 0 0 0 0 0 0 0 0 
1064 1352 0 0 0 0 0 0 0 0 0 0 0 0 0 0 
1080 1352 0 0 0 0 0 0 0 0 0 0 0 0 0 0 
1096 1352 0 0 0 0 0 0 0 0 0 0 0 0 0 0 
1112 1352 0 0 0 0 0 0 0 0 0 0 0 0 0 0 
1128 1352 0 0 0 0 0 0 0 0 0 0 0 0 0 0 
1144 1352 0 0 0 0 0 0 0 0 0 0 0 0 0 0 
1160 1352 0 0 0 0 0 0 0 0 0 0 0 0 0 0 
1176 1352 0 0 0 0 0 0 0 0 0 0 0 0 0 0 
1192 1352 0 0 0 0 0 0 0 0 0 0 0 0 0 0 
1208 1352 0 0 0 0 0 0 0 0 0 0 0 0 0 0 
1224 1352 0 0 0 0 0 0 0 0 0 0 0 0 0 0 
1240 1352 0 0 0 0 0 0 0 0 0 0 0 0 0 0 
1256 1352 0 0 0 0 0 0 0 0 0 0 0 0 0 0 
1272 1352 0 0 0 0 0 0 0 0 0 0 0 0 0 0 
1288 1352 0 0 0 0 0 0 0 0 0 0 0 0 0 0 
1304 1352 0 0 0 0 0 0 0 0 0 0 0 0 0 0 
1320 1352 0 0 0 0 0 0 0 0 0 0 0 0 0 0 
1336 1352 0 0 0 0 0 0 0 0 0 0 0 0 0 0 
1352 1352 0 0 0 0 0 0 0 0 0 0 0 0 0 0 
1368 1352 0 0 0 0 0 0 0 0 0 0 0 0 0 0 
1384 1352 0 0 0 0 0 0 0 0 0 0 0 0 0 0 
1400 1352 0 0 0 0 0 0 0 0 0 0 0 0 0 0 
1416 1352 0 0 0 0 0 0 0 0 0 0 0 0 0 0 
1432 1352 0 0 0 0 0 0 0 0 0 0 0 0 0 0 
1448 1352 0 0 0 0 0 0 0 0 0 0 0 0 0 0 
1464 1352 0 0 0 0 0 0 0 0 0 0 0 0 0 0 
1480 1352 0 0 0 0 0 0 0 0 0 0 0 0 0 0 
1496 1352 0 0 0 0 0 0 0 0 0 0 0 0 0 0 
1512 1352 0 0 0 0 0 0 0 0 0 0 0 0 0 0 
1528 1352 0 0 0 0 0 0 0 0 0 0 0 0 0 0 
1544 1352 0 0 0 0 0 0 0 0 0 0 0 0 0 0 
1560 1352 0 0 0 0 0 0 0 0 0 0 0 0 0 0 
1576 1352 0 0 0 0 0 0 0 0 0 0 0 0 0 0 
1592 1352 0 0 0 0 0 0 0 0 0 0 0 0 0 0 
1608 1352 0 0 0 0 0 0 0 0 0 0 0 0 0 0 
1624 1352 0 0 0 0 0 0 0 0 0 0 0 0 0 0 
1640 1352 0 0 0 0 0 0 0 0 0 0 0 0 0 0 
1656 1352 0 0 0 0 0 0 0 0 0 0 0 0 0 0 
1672 1352 0 0 0 0 0 0 0 0 0 0 0 0 0 0 
1688 1352 0 0 0 0 0 0 0 0 0 0 0 0 0 0 
1704 1352 0 0 0 0 0 0 0 0 0 0 0 0 0 0 
1720 1352 0 0 0 0 0 0 0 0 0 0 0 0 0 0 
1736 1352 0 0 0 0 0 0 0 0 0 0 0 0 0 0 
1752 1352 0 0 0 0 0 0 0 0 0 0 0 0 0 0 
1768 1352 0 0 0 0 0 0 0 0 0 0 0 0 0 0 
1784 1352 0 0 0 0 0 0 0 0 0 0 0 0 0 0 
1800 1352 0 0 0 0 0 0 0 0 0 0 0 0 0 0 
1816 1352 0 0 0 0 0 0 0 0 0 0 0 0 0 0 
1832 1352 0 0 0 0 0 0 0 0 0 0 0 0 0 0 
1848 1352 0 0 0 0 0 0 0 0 0 0 0 0 0 0 
1864 1352 0 0 0 0 0 0 0 0 0 0 0 0 0 0 
1880 1352 0 0 0 0 0 0 0 0 0 0 0 0 0 0 
1896 1352 0 0 0 0 0 0 0 0 0 0 0 0 0 0 
1912 1352 0 0 0 0 0 0 0 0 0 0 0 0 0 0 
1928 1352 0 0 0 0 0 0 0 0 0 0 0 0 0 0 
1944 1352 0 0 0 0 0 0 0 0 0 0 0 0 0 0 
1960 1352 0 0 0 0 0 0 0 0 0 0 0 0 0 0 
1976 1352 0 0 0 0 0 0 0 0 0 0 0 0 0 0 
1992 1352 0 0 0 0 0 0 0 0 0 0 0 0 0 0 
2008 1352 0 0 0 0 0 0 0 0 0 0 0 0 0 0 
2024 1352 0 0 0 0 0 0 0 0 0 0 0 0 0 0 
2040 1352 0 0 0 0 0 0 0 0 0 0 0 0 0 0 
2056 1352 0 0 0 0 0 0 0 0 0 0 0 0 0 0 
2072 1352 0 0 0 0 0 0 0 0 0 0 0 0 0 0 
2088 1352 0 0 0 0 0 0 0 0 0 0 0 0 0 0 
2104 1352 0 0 0 0 0 0 0 0 0 0 0 0 0 0 
2120 1352 0 0 0 0 0 0 0 0 0 0 0 0 0 0 
2136 1352 0 0 0 0 0 0 0 0 0 0 0 0 0 0 
2152 1352 0 0 0 0 0 0 0 0 0 0 0 0 0 0 
2168 1352 0 0 0 0 0 0 0 0 0 0 0 0 0 0 
2184 1352 0 0 0 0 0 0 0 0 0 0 0 0 0 0 
2200 1352 0 0 0 0 0 0 0 0 0 0 0 0 0 0 
2216 1352 0 0 0 0 0 0 0 0 0 0 0 0 0 0 
2232 1352 0 0 0 0 0 0 0 0 0 0 0 0 0 0 
2248 1352 0 0 0 0 0 0 0 0 0 0 0 0 0 0 
2264 1352 0 0 0 0 0 0 0 0 0 0 0 0 0 0 
2280 1352 0 0 0 0 0 0 0 0 0 0 0 0 0 0 
2296 1352 0 0 0 0 0 0 0 0 0 0 0 0 0 0 
2312 1352 0 0 0 0 0 0 0 0 0 0 0 0 0 0 
2328 1352 0 0 0 0 0 0 0 0 0 0 0 0 0 0 
2344 1352 0 0 0 0 0 0 0 0 0 0 0 0 0 0 
2360 1352 0 0 0 0 0 0 0 0 0 0 0 0 0 0 
2376 1352 0 0 0 0 0 0 0 0 0 0 0 0 0 0 
2392 1352 0 0 0 0 0 0 0 0 0 0 0 0 0 0 
2408 1352 0 0 0 0 0 0 0 0 0 0 0 0 0 0 
2424 1352 0 0 0 0 0 0 0 0 0 0 0 0 0 0 
2440 1352 0 0 0 0 0 0 0 0 0 0 0 0 0 0 
2456 1352 0 0 0 0 0 0 0 0 0 0 0 0 0 0 
2472 1352 0 0 0 0 0 0 0 0 0 0 0 0 0 0 
2488 1352 0 0 0 0 0 0 0 0 0 0 0 0 0 0 
2504 1352 0 0 0 0 0 0 0 0 0 0 0 0 0 0 
2520 1352 0 0 0 0 0 0 0 0 0 0 0 0 0 0 
2536 1352 0 0 0 0 0 0 0 0 0 0 0 0 0 0 
24 1368 0 0 0 0 0 0 0 0 0 0 0 0 0 0 
40 1368 0 0 0 0 0 0 0 0 0 0 0 0 0 0 
56 1368 0 0 0 0 0 0 0 0 0 0 0 0 0 0 
72 1368 0 0 0 0 0 0 0 0 0 0 0 0 0 0 
88 1368 0 0 0 0 0 0 0 0 0 0 0 0 0 0 
104 1368 0 0 0 0 0 0 0 0 0 0 0 0 0 0 
120 1368 0 0 0 0 0 0 0 0 0 0 0 0 0 0 
136 1368 0 0 0 0 0 0 0 0 0 0 0 0 0 0 
152 1368 0 0 0 0 0 0 0 0 0 0 0 0 0 0 
168 1368 0 0 0 0 0 0 0 0 0 0 0 0 0 0 
184 1368 0 0 0 0 0 0 0 0 0 0 0 0 0 0 
200 1368 0 0 0 0 0 0 0 0 0 0 0 0 0 0 
216 1368 0 0 0 0 0 0 0 0 0 0 0 0 0 0 
232 1368 0 0 0 0 0 0 0 0 0 0 0 0 0 0 
248 1368 0 0 0 0 0 0 0 0 0 0 0 0 0 0 
264 1368 0 0 0 0 0 0 0 0 0 0 0 0 0 0 
280 1368 0 0 0 0 0 0 0 0 0 0 0 0 0 0 
296 1368 0 0 0 0 0 0 0 0 0 0 0 0 0 0 
312 1368 0 0 0 0 0 0 0 0 0 0 0 0 0 0 
328 1368 0 0 0 0 0 0 0 0 0 0 0 0 0 0 
344 1368 0 0 0 0 0 0 0 0 0 0 0 0 0 0 
360 1368 0 0 0 0 0 0 0 0 0 0 0 0 0 0 
376 1368 0 0 0 0 0 0 0 0 0 0 0 0 0 0 
392 1368 0 0 0 0 0 0 0 0 0 0 0 0 0 0 
408 1368 0 0 0 0 0 0 0 0 0 0 0 0 0 0 
424 1368 0 0 0 0 0 0 0 0 0 0 0 0 0 0 
440 1368 0 0 0 0 0 0 0 0 0 0 0 0 0 0 
456 1368 0 0 0 0 0 0 0 0 0 0 0 0 0 0 
472 1368 0 0 0 0 0 0 0 0 0 0 0 0 0 0 
488 1368 0 0 0 0 0 0 0 0 0 0 0 0 0 0 
504 1368 0 0 0 0 0 0 0 0 0 0 0 0 0 0 
520 1368 0 0 0 0 0 0 0 0 0 0 0 0 0 0 
536 1368 0 0 0 0 0 0 0 0 0 0 0 0 0 0 
552 1368 0 0 0 0 0 0 0 0 0 0 0 0 0 0 
568 1368 0 0 0 0 0 0 0 0 0 0 0 0 0 0 
584 1368 0 0 0 0 0 0 0 0 0 0 0 0 0 0 
600 1368 0 0 0 0 0 0 0 0 0 0 0 0 0 0 
616 1368 0 0 0 0 0 0 0 0 0 0 0 0 0 0 
632 1368 0 0 0 0 0 0 0 0 0 0 0 0 0 0 
648 1368 0 0 0 0 0 0 0 0 0 0 0 0 0 0 
664 1368 0 0 0 0 0 0 0 0 0 0 0 0 0 0 
680 1368 0 0 0 0 0 0 0 0 0 0 0 0 0 0 
696 1368 0 0 0 0 0 0 0 0 0 0 0 0 0 0 
712 1368 0 0 0 0 0 0 0 0 0 0 0 0 0 0 
728 1368 0 0 0 0 0 0 0 0 0 0 0 0 0 0 
744 1368 0 0 0 0 0 0 0 0 0 0 0 0 0 0 
760 1368 0 0 0 0 0 0 0 0 0 0 0 0 0 0 
776 1368 0 0 0 0 0 0 0 0 0 0 0 0 0 0 
792 1368 0 0 0 0 0 0 0 0 0 0 0 0 0 0 
808 1368 0 0 0 0 0 0 0 0 0 0 0 0 0 0 
824 1368 0 0 0 0 0 0 0 0 0 0 0 0 0 0 
840 1368 0 0 0 0 0 0 0 0 0 0 0 0 0 0 
856 1368 0 0 0 0 0 0 0 0 0 0 0 0 0 0 
872 1368 0 0 0 0 0 0 0 0 0 0 0 0 0 0 
888 1368 0 0 0 0 0 0 0 0 0 0 0 0 0 0 
904 1368 0 0 0 0 0 0 0 0 0 0 0 0 0 0 
920 1368 0 0 0 0 0 0 0 0 0 0 0 0 0 0 
936 1368 0 0 0 0 0 0 0 0 0 0 0 0 0 0 
952 1368 0 0 0 0 0 0 0 0 0 0 0 0 0 0 
968 1368 0 0 0 0 0 0 0 0 0 0 0 0 0 0 
984 1368 0 0 0 0 0 0 0 0 0 0 0 0 0 0 
1000 1368 0 0 0 0 0 0 0 0 0 0 0 0 0 0 
1016 1368 0 0 0 0 0 0 0 0 0 0 0 0 0 0 
1032 1368 0 0 0 0 0 0 0 0 0 0 0 0 0 0 
1048 1368 0 0 0 0 0 0 0 0 0 0 0 0 0 0 
1064 1368 0 0 0 0 0 0 0 0 0 0 0 0 0 0 
1080 1368 0 0 0 0 0 0 0 0 0 0 0 0 0 0 
1096 1368 0 0 0 0 0 0 0 0 0 0 0 0 0 0 
1112 1368 0 0 0 0 0 0 0 0 0 0 0 0 0 0 
1128 1368 0 0 0 0 0 0 0 0 0 0 0 0 0 0 
1144 1368 0 0 0 0 0 0 0 0 0 0 0 0 0 0 
1160 1368 0 0 0 0 0 0 0 0 0 0 0 0 0 0 
1176 1368 0 0 0 0 0 0 0 0 0 0 0 0 0 0 
1192 1368 0 0 0 0 0 0 0 0 0 0 0 0 0 0 
1208 1368 0 0 0 0 0 0 0 0 0 0 0 0 0 0 
1224 1368 0 0 0 0 0 0 0 0 0 0 0 0 0 0 
1240 1368 0 0 0 0 0 0 0 0 0 0 0 0 0 0 
1256 1368 0 0 0 0 0 0 0 0 0 0 0 0 0 0 
1272 1368 0 0 0 0 0 0 0 0 0 0 0 0 0 0 
1288 1368 0 0 0 0 0 0 0 0 0 0 0 0 0 0 
1304 1368 0 0 0 0 0 0 0 0 0 0 0 0 0 0 
1320 1368 0 0 0 0 0 0 0 0 0 0 0 0 0 0 
1336 1368 0 0 0 0 0 0 0 0 0 0 0 0 0 0 
1352 1368 0 0 0 0 0 0 0 0 0 0 0 0 0 0 
1368 1368 0 0 0 0 0 0 0 0 0 0 0 0 0 0 
1384 1368 0 0 0 0 0 0 0 0 0 0 0 0 0 0 
1400 1368 0 0 0 0 0 0 0 0 0 0 0 0 0 0 
1416 1368 0 0 0 0 0 0 0 0 0 0 0 0 0 0 
1432 1368 0 0 0 0 0 0 0 0 0 0 0 0 0 0 
1448 1368 0 0 0 0 0 0 0 0 0 0 0 0 0 0 
1464 1368 0 0 0 0 0 0 0 0 0 0 0 0 0 0 
1480 1368 0 0 0 0 0 0 0 0 0 0 0 0 0 0 
1496 1368 0 0 0 0 0 0 0 0 0 0 0 0 0 0 
1512 1368 0 0 0 0 0 0 0 0 0 0 0 0 0 0 
1528 1368 0 0 0 0 0 0 0 0 0 0 0 0 0 0 
1544 1368 0 0 0 0 0 0 0 0 0 0 0 0 0 0 
1560 1368 0 0 0 0 0 0 0 0 0 0 0 0 0 0 
1576 1368 0 0 0 0 0 0 0 0 0 0 0 0 0 0 
1592 1368 0 0 0 0 0 0 0 0 0 0 0 0 0 0 
1608 1368 0 0 0 0 0 0 0 0 0 0 0 0 0 0 
1624 1368 0 0 0 0 0 0 0 0 0 0 0 0 0 0 
1640 1368 0 0 0 0 0 0 0 0 0 0 0 0 0 0 
1656 1368 0 0 0 0 0 0 0 0 0 0 0 0 0 0 
1672 1368 0 0 0 0 0 0 0 0 0 0 0 0 0 0 
1688 1368 0 0 0 0 0 0 0 0 0 0 0 0 0 0 
1704 1368 0 0 0 0 0 0 0 0 0 0 0 0 0 0 
1720 1368 0 0 0 0 0 0 0 0 0 0 0 0 0 0 
1736 1368 0 0 0 0 0 0 0 0 0 0 0 0 0 0 
1752 1368 0 0 0 0 0 0 0 0 0 0 0 0 0 0 
1768 1368 0 0 0 0 0 0 0 0 0 0 0 0 0 0 
1784 1368 0 0 0 0 0 0 0 0 0 0 0 0 0 0 
1800 1368 0 0 0 0 0 0 0 0 0 0 0 0 0 0 
1816 1368 0 0 0 0 0 0 0 0 0 0 0 0 0 0 
1832 1368 0 0 0 0 0 0 0 0 0 0 0 0 0 0 
1848 1368 0 0 0 0 0 0 0 0 0 0 0 0 0 0 
1864 1368 0 0 0 0 0 0 0 0 0 0 0 0 0 0 
1880 1368 0 0 0 0 0 0 0 0 0 0 0 0 0 0 
1896 1368 0 0 0 0 0 0 0 0 0 0 0 0 0 0 
1912 1368 0 0 0 0 0 0 0 0 0 0 0 0 0 0 
1928 1368 0 0 0 0 0 0 0 0 0 0 0 0 0 0 
1944 1368 0 0 0 0 0 0 0 0 0 0 0 0 0 0 
1960 1368 0 0 0 0 0 0 0 0 0 0 0 0 0 0 
1976 1368 0 0 0 0 0 0 0 0 0 0 0 0 0 0 
1992 1368 0 0 0 0 0 0 0 0 0 0 0 0 0 0 
2008 1368 0 0 0 0 0 0 0 0 0 0 0 0 0 0 
2024 1368 0 0 0 0 0 0 0 0 0 0 0 0 0 0 
2040 1368 0 0 0 0 0 0 0 0 0 0 0 0 0 0 
2056 1368 0 0 0 0 0 0 0 0 0 0 0 0 0 0 
2072 1368 0 0 0 0 0 0 0 0 0 0 0 0 0 0 
2088 1368 0 0 0 0 0 0 0 0 0 0 0 0 0 0 
2104 1368 0 0 0 0 0 0 0 0 0 0 0 0 0 0 
2120 1368 0 0 0 0 0 0 0 0 0 0 0 0 0 0 
2136 1368 0 0 0 0 0 0 0 0 0 0 0 0 0 0 
2152 1368 0 0 0 0 0 0 0 0 0 0 0 0 0 0 
2168 1368 0 0 0 0 0 0 0 0 0 0 0 0 0 0 
2184 1368 0 0 0 0 0 0 0 0 0 0 0 0 0 0 
2200 1368 0 0 0 0 0 0 0 0 0 0 0 0 0 0 
2216 1368 0 0 0 0 0 0 0 0 0 0 0 0 0 0 
2232 1368 0 0 0 0 0 0 0 0 0 0 0 0 0 0 
2248 1368 0 0 0 0 0 0 0 0 0 0 0 0 0 0 
2264 1368 0 0 0 0 0 0 0 0 0 0 0 0 0 0 
2280 1368 0 0 0 0 0 0 0 0 0 0 0 0 0 0 
2296 1368 0 0 0 0 0 0 0 0 0 0 0 0 0 0 
2312 1368 0 0 0 0 0 0 0 0 0 0 0 0 0 0 
2328 1368 0 0 0 0 0 0 0 0 0 0 0 0 0 0 
2344 1368 0 0 0 0 0 0 0 0 0 0 0 0 0 0 
2360 1368 0 0 0 0 0 0 0 0 0 0 0 0 0 0 
2376 1368 0 0 0 0 0 0 0 0 0 0 0 0 0 0 
2392 1368 0 0 0 0 0 0 0 0 0 0 0 0 0 0 
2408 1368 0 0 0 0 0 0 0 0 0 0 0 0 0 0 
2424 1368 0 0 0 0 0 0 0 0 0 0 0 0 0 0 
2440 1368 0 0 0 0 0 0 0 0 0 0 0 0 0 0 
2456 1368 0 0 0 0 0 0 0 0 0 0 0 0 0 0 
2472 1368 0 0 0 0 0 0 0 0 0 0 0 0 0 0 
2488 1368 0 0 0 0 0 0 0 0 0 0 0 0 0 0 
2504 1368 0 0 0 0 0 0 0 0 0 0 0 0 0 0 
2520 1368 0 0 0 0 0 0 0 0 0 0 0 0 0 0 
2536 1368 0 0 0 0 0 0 0 0 0 0 0 0 0 0 
24 1384 0 0 0 0 0 0 0 0 0 0 0 0 0 0 
40 1384 0 0 0 0 0 0 0 0 0 0 0 0 0 0 
56 1384 0 0 0 0 0 0 0 0 0 0 0 0 0 0 
72 1384 0 0 0 0 0 0 0 0 0 0 0 0 0 0 
88 1384 0 0 0 0 0 0 0 0 0 0 0 0 0 0 
104 1384 0 0 0 0 0 0 0 0 0 0 0 0 0 0 
120 1384 0 0 0 0 0 0 0 0 0 0 0 0 0 0 
136 1384 0 0 0 0 0 0 0 0 0 0 0 0 0 0 
152 1384 0 0 0 0 0 0 0 0 0 0 0 0 0 0 
168 1384 0 0 0 0 0 0 0 0 0 0 0 0 0 0 
184 1384 0 0 0 0 0 0 0 0 0 0 0 0 0 0 
200 1384 0 0 0 0 0 0 0 0 0 0 0 0 0 0 
216 1384 0 0 0 0 0 0 0 0 0 0 0 0 0 0 
232 1384 0 0 0 0 0 0 0 0 0 0 0 0 0 0 
248 1384 0 0 0 0 0 0 0 0 0 0 0 0 0 0 
264 1384 0 0 0 0 0 0 0 0 0 0 0 0 0 0 
280 1384 0 0 0 0 0 0 0 0 0 0 0 0 0 0 
296 1384 0 0 0 0 0 0 0 0 0 0 0 0 0 0 
312 1384 0 0 0 0 0 0 0 0 0 0 0 0 0 0 
328 1384 0 0 0 0 0 0 0 0 0 0 0 0 0 0 
344 1384 0 0 0 0 0 0 0 0 0 0 0 0 0 0 
360 1384 0 0 0 0 0 0 0 0 0 0 0 0 0 0 
376 1384 0 0 0 0 0 0 0 0 0 0 0 0 0 0 
392 1384 0 0 0 0 0 0 0 0 0 0 0 0 0 0 
408 1384 0 0 0 0 0 0 0 0 0 0 0 0 0 0 
424 1384 0 0 0 0 0 0 0 0 0 0 0 0 0 0 
440 1384 0 0 0 0 0 0 0 0 0 0 0 0 0 0 
456 1384 0 0 0 0 0 0 0 0 0 0 0 0 0 0 
472 1384 0 0 0 0 0 0 0 0 0 0 0 0 0 0 
488 1384 0 0 0 0 0 0 0 0 0 0 0 0 0 0 
504 1384 0 0 0 0 0 0 0 0 0 0 0 0 0 0 
520 1384 0 0 0 0 0 0 0 0 0 0 0 0 0 0 
536 1384 0 0 0 0 0 0 0 0 0 0 0 0 0 0 
552 1384 0 0 0 0 0 0 0 0 0 0 0 0 0 0 
568 1384 0 0 0 0 0 0 0 0 0 0 0 0 0 0 
584 1384 0 0 0 0 0 0 0 0 0 0 0 0 0 0 
600 1384 0 0 0 0 0 0 0 0 0 0 0 0 0 0 
616 1384 0 0 0 0 0 0 0 0 0 0 0 0 0 0 
632 1384 0 0 0 0 0 0 0 0 0 0 0 0 0 0 
648 1384 0 0 0 0 0 0 0 0 0 0 0 0 0 0 
664 1384 0 0 0 0 0 0 0 0 0 0 0 0 0 0 
680 1384 0 0 0 0 0 0 0 0 0 0 0 0 0 0 
696 1384 0 0 0 0 0 0 0 0 0 0 0 0 0 0 
712 1384 0 0 0 0 0 0 0 0 0 0 0 0 0 0 
728 1384 0 0 0 0 0 0 0 0 0 0 0 0 0 0 
744 1384 0 0 0 0 0 0 0 0 0 0 0 0 0 0 
760 1384 0 0 0 0 0 0 0 0 0 0 0 0 0 0 
776 1384 0 0 0 0 0 0 0 0 0 0 0 0 0 0 
792 1384 0 0 0 0 0 0 0 0 0 0 0 0 0 0 
808 1384 0 0 0 0 0 0 0 0 0 0 0 0 0 0 
824 1384 0 0 0 0 0 0 0 0 0 0 0 0 0 0 
840 1384 0 0 0 0 0 0 0 0 0 0 0 0 0 0 
856 1384 0 0 0 0 0 0 0 0 0 0 0 0 0 0 
872 1384 0 0 0 0 0 0 0 0 0 0 0 0 0 0 
888 1384 0 0 0 0 0 0 0 0 0 0 0 0 0 0 
904 1384 0 0 0 0 0 0 0 0 0 0 0 0 0 0 
920 1384 0 0 0 0 0 0 0 0 0 0 0 0 0 0 
936 1384 0 0 0 0 0 0 0 0 0 0 0 0 0 0 
952 1384 0 0 0 0 0 0 0 0 0 0 0 0 0 0 
968 1384 0 0 0 0 0 0 0 0 0 0 0 0 0 0 
984 1384 0 0 0 0 0 0 0 0 0 0 0 0 0 0 
1000 1384 0 0 0 0 0 0 0 0 0 0 0 0 0 0 
1016 1384 0 0 0 0 0 0 0 0 0 0 0 0 0 0 
1032 1384 0 0 0 0 0 0 0 0 0 0 0 0 0 0 
1048 1384 0 0 0 0 0 0 0 0 0 0 0 0 0 0 
1064 1384 0 0 0 0 0 0 0 0 0 0 0 0 0 0 
1080 1384 0 0 0 0 0 0 0 0 0 0 0 0 0 0 
1096 1384 0 0 0 0 0 0 0 0 0 0 0 0 0 0 
1112 1384 0 0 0 0 0 0 0 0 0 0 0 0 0 0 
1128 1384 0 0 0 0 0 0 0 0 0 0 0 0 0 0 
1144 1384 0 0 0 0 0 0 0 0 0 0 0 0 0 0 
1160 1384 0 0 0 0 0 0 0 0 0 0 0 0 0 0 
1176 1384 0 0 0 0 0 0 0 0 0 0 0 0 0 0 
1192 1384 0 0 0 0 0 0 0 0 0 0 0 0 0 0 
1208 1384 0 0 0 0 0 0 0 0 0 0 0 0 0 0 
1224 1384 0 0 0 0 0 0 0 0 0 0 0 0 0 0 
1240 1384 0 0 0 0 0 0 0 0 0 0 0 0 0 0 
1256 1384 0 0 0 0 0 0 0 0 0 0 0 0 0 0 
1272 1384 0 0 0 0 0 0 0 0 0 0 0 0 0 0 
1288 1384 0 0 0 0 0 0 0 0 0 0 0 0 0 0 
1304 1384 0 0 0 0 0 0 0 0 0 0 0 0 0 0 
1320 1384 0 0 0 0 0 0 0 0 0 0 0 0 0 0 
1336 1384 0 0 0 0 0 0 0 0 0 0 0 0 0 0 
1352 1384 0 0 0 0 0 0 0 0 0 0 0 0 0 0 
1368 1384 0 0 0 0 0 0 0 0 0 0 0 0 0 0 
1384 1384 0 0 0 0 0 0 0 0 0 0 0 0 0 0 
1400 1384 0 0 0 0 0 0 0 0 0 0 0 0 0 0 
1416 1384 0 0 0 0 0 0 0 0 0 0 0 0 0 0 
1432 1384 0 0 0 0 0 0 0 0 0 0 0 0 0 0 
1448 1384 0 0 0 0 0 0 0 0 0 0 0 0 0 0 
1464 1384 0 0 0 0 0 0 0 0 0 0 0 0 0 0 
1480 1384 0 0 0 0 0 0 0 0 0 0 0 0 0 0 
1496 1384 0 0 0 0 0 0 0 0 0 0 0 0 0 0 
1512 1384 0 0 0 0 0 0 0 0 0 0 0 0 0 0 
1528 1384 0 0 0 0 0 0 0 0 0 0 0 0 0 0 
1544 1384 0 0 0 0 0 0 0 0 0 0 0 0 0 0 
1560 1384 0 0 0 0 0 0 0 0 0 0 0 0 0 0 
1576 1384 0 0 0 0 0 0 0 0 0 0 0 0 0 0 
1592 1384 0 0 0 0 0 0 0 0 0 0 0 0 0 0 
1608 1384 0 0 0 0 0 0 0 0 0 0 0 0 0 0 
1624 1384 0 0 0 0 0 0 0 0 0 0 0 0 0 0 
1640 1384 0 0 0 0 0 0 0 0 0 0 0 0 0 0 
1656 1384 0 0 0 0 0 0 0 0 0 0 0 0 0 0 
1672 1384 0 0 0 0 0 0 0 0 0 0 0 0 0 0 
1688 1384 0 0 0 0 0 0 0 0 0 0 0 0 0 0 
1704 1384 0 0 0 0 0 0 0 0 0 0 0 0 0 0 
1720 1384 0 0 0 0 0 0 0 0 0 0 0 0 0 0 
1736 1384 0 0 0 0 0 0 0 0 0 0 0 0 0 0 
1752 1384 0 0 0 0 0 0 0 0 0 0 0 0 0 0 
1768 1384 0 0 0 0 0 0 0 0 0 0 0 0 0 0 
1784 1384 0 0 0 0 0 0 0 0 0 0 0 0 0 0 
1800 1384 0 0 0 0 0 0 0 0 0 0 0 0 0 0 
1816 1384 0 0 0 0 0 0 0 0 0 0 0 0 0 0 
1832 1384 0 0 0 0 0 0 0 0 0 0 0 0 0 0 
1848 1384 0 0 0 0 0 0 0 0 0 0 0 0 0 0 
1864 1384 0 0 0 0 0 0 0 0 0 0 0 0 0 0 
1880 1384 0 0 0 0 0 0 0 0 0 0 0 0 0 0 
1896 1384 0 0 0 0 0 0 0 0 0 0 0 0 0 0 
1912 1384 0 0 0 0 0 0 0 0 0 0 0 0 0 0 
1928 1384 0 0 0 0 0 0 0 0 0 0 0 0 0 0 
1944 1384 0 0 0 0 0 0 0 0 0 0 0 0 0 0 
1960 1384 0 0 0 0 0 0 0 0 0 0 0 0 0 0 
1976 1384 0 0 0 0 0 0 0 0 0 0 0 0 0 0 
1992 1384 0 0 0 0 0 0 0 0 0 0 0 0 0 0 
2008 1384 0 0 0 0 0 0 0 0 0 0 0 0 0 0 
2024 1384 0 0 0 0 0 0 0 0 0 0 0 0 0 0 
2040 1384 0 0 0 0 0 0 0 0 0 0 0 0 0 0 
2056 1384 0 0 0 0 0 0 0 0 0 0 0 0 0 0 
2072 1384 0 0 0 0 0 0 0 0 0 0 0 0 0 0 
2088 1384 0 0 0 0 0 0 0 0 0 0 0 0 0 0 
2104 1384 0 0 0 0 0 0 0 0 0 0 0 0 0 0 
2120 1384 0 0 0 0 0 0 0 0 0 0 0 0 0 0 
2136 1384 0 0 0 0 0 0 0 0 0 0 0 0 0 0 
2152 1384 0 0 0 0 0 0 0 0 0 0 0 0 0 0 
2168 1384 0 0 0 0 0 0 0 0 0 0 0 0 0 0 
2184 1384 0 0 0 0 0 0 0 0 0 0 0 0 0 0 
2200 1384 0 0 0 0 0 0 0 0 0 0 0 0 0 0 
2216 1384 0 0 0 0 0 0 0 0 0 0 0 0 0 0 
2232 1384 0 0 0 0 0 0 0 0 0 0 0 0 0 0 
2248 1384 0 0 0 0 0 0 0 0 0 0 0 0 0 0 
2264 1384 0 0 0 0 0 0 0 0 0 0 0 0 0 0 
2280 1384 0 0 0 0 0 0 0 0 0 0 0 0 0 0 
2296 1384 0 0 0 0 0 0 0 0 0 0 0 0 0 0 
2312 1384 0 0 0 0 0 0 0 0 0 0 0 0 0 0 
2328 1384 0 0 0 0 0 0 0 0 0 0 0 0 0 0 
2344 1384 0 0 0 0 0 0 0 0 0 0 0 0 0 0 
2360 1384 0 0 0 0 0 0 0 0 0 0 0 0 0 0 
2376 1384 0 0 0 0 0 0 0 0 0 0 0 0 0 0 
2392 1384 0 0 0 0 0 0 0 0 0 0 0 0 0 0 
2408 1384 0 0 0 0 0 0 0 0 0 0 0 0 0 0 
2424 1384 0 0 0 0 0 0 0 0 0 0 0 0 0 0 
2440 1384 0 0 0 0 0 0 0 0 0 0 0 0 0 0 
2456 1384 0 0 0 0 0 0 0 0 0 0 0 0 0 0 
2472 1384 0 0 0 0 0 0 0 0 0 0 0 0 0 0 
2488 1384 0 0 0 0 0 0 0 0 0 0 0 0 0 0 
2504 1384 0 0 0 0 0 0 0 0 0 0 0 0 0 0 
2520 1384 0 0 0 0 0 0 0 0 0 0 0 0 0 0 
2536 1384 0 0 0 0 0 0 0 0 0 0 0 0 0 0 
24 1400 0 0 0 0 0 0 0 0 0 0 0 0 0 0 
40 1400 0 0 0 0 0 0 0 0 0 0 0 0 0 0 
56 1400 0 0 0 0 0 0 0 0 0 0 0 0 0 0 
72 1400 0 0 0 0 0 0 0 0 0 0 0 0 0 0 
88 1400 0 0 0 0 0 0 0 0 0 0 0 0 0 0 
104 1400 0 0 0 0 0 0 0 0 0 0 0 0 0 0 
120 1400 0 0 0 0 0 0 0 0 0 0 0 0 0 0 
136 1400 0 0 0 0 0 0 0 0 0 0 0 0 0 0 
152 1400 0 0 0 0 0 0 0 0 0 0 0 0 0 0 
168 1400 0 0 0 0 0 0 0 0 0 0 0 0 0 0 
184 1400 0 0 0 0 0 0 0 0 0 0 0 0 0 0 
200 1400 0 0 0 0 0 0 0 0 0 0 0 0 0 0 
216 1400 0 0 0 0 0 0 0 0 0 0 0 0 0 0 
232 1400 0 0 0 0 0 0 0 0 0 0 0 0 0 0 
248 1400 0 0 0 0 0 0 0 0 0 0 0 0 0 0 
264 1400 0 0 0 0 0 0 0 0 0 0 0 0 0 0 
280 1400 0 0 0 0 0 0 0 0 0 0 0 0 0 0 
296 1400 0 0 0 0 0 0 0 0 0 0 0 0 0 0 
312 1400 0 0 0 0 0 0 0 0 0 0 0 0 0 0 
328 1400 0 0 0 0 0 0 0 0 0 0 0 0 0 0 
344 1400 0 0 0 0 0 0 0 0 0 0 0 0 0 0 
360 1400 0 0 0 0 0 0 0 0 0 0 0 0 0 0 
376 1400 0 0 0 0 0 0 0 0 0 0 0 0 0 0 
392 1400 0 0 0 0 0 0 0 0 0 0 0 0 0 0 
408 1400 0 0 0 0 0 0 0 0 0 0 0 0 0 0 
424 1400 0 0 0 0 0 0 0 0 0 0 0 0 0 0 
440 1400 0 0 0 0 0 0 0 0 0 0 0 0 0 0 
456 1400 0 0 0 0 0 0 0 0 0 0 0 0 0 0 
472 1400 0 0 0 0 0 0 0 0 0 0 0 0 0 0 
488 1400 0 0 0 0 0 0 0 0 0 0 0 0 0 0 
504 1400 0 0 0 0 0 0 0 0 0 0 0 0 0 0 
520 1400 0 0 0 0 0 0 0 0 0 0 0 0 0 0 
536 1400 0 0 0 0 0 0 0 0 0 0 0 0 0 0 
552 1400 0 0 0 0 0 0 0 0 0 0 0 0 0 0 
568 1400 0 0 0 0 0 0 0 0 0 0 0 0 0 0 
584 1400 0 0 0 0 0 0 0 0 0 0 0 0 0 0 
600 1400 0 0 0 0 0 0 0 0 0 0 0 0 0 0 
616 1400 0 0 0 0 0 0 0 0 0 0 0 0 0 0 
632 1400 0 0 0 0 0 0 0 0 0 0 0 0 0 0 
648 1400 0 0 0 0 0 0 0 0 0 0 0 0 0 0 
664 1400 0 0 0 0 0 0 0 0 0 0 0 0 0 0 
680 1400 0 0 0 0 0 0 0 0 0 0 0 0 0 0 
696 1400 0 0 0 0 0 0 0 0 0 0 0 0 0 0 
712 1400 0 0 0 0 0 0 0 0 0 0 0 0 0 0 
728 1400 0 0 0 0 0 0 0 0 0 0 0 0 0 0 
744 1400 0 0 0 0 0 0 0 0 0 0 0 0 0 0 
760 1400 0 0 0 0 0 0 0 0 0 0 0 0 0 0 
776 1400 0 0 0 0 0 0 0 0 0 0 0 0 0 0 
792 1400 0 0 0 0 0 0 0 0 0 0 0 0 0 0 
808 1400 0 0 0 0 0 0 0 0 0 0 0 0 0 0 
824 1400 0 0 0 0 0 0 0 0 0 0 0 0 0 0 
840 1400 0 0 0 0 0 0 0 0 0 0 0 0 0 0 
856 1400 0 0 0 0 0 0 0 0 0 0 0 0 0 0 
872 1400 0 0 0 0 0 0 0 0 0 0 0 0 0 0 
888 1400 0 0 0 0 0 0 0 0 0 0 0 0 0 0 
904 1400 0 0 0 0 0 0 0 0 0 0 0 0 0 0 
920 1400 0 0 0 0 0 0 0 0 0 0 0 0 0 0 
936 1400 0 0 0 0 0 0 0 0 0 0 0 0 0 0 
952 1400 0 0 0 0 0 0 0 0 0 0 0 0 0 0 
968 1400 0 0 0 0 0 0 0 0 0 0 0 0 0 0 
984 1400 0 0 0 0 0 0 0 0 0 0 0 0 0 0 
1000 1400 0 0 0 0 0 0 0 0 0 0 0 0 0 0 
1016 1400 0 0 0 0 0 0 0 0 0 0 0 0 0 0 
1032 1400 0 0 0 0 0 0 0 0 0 0 0 0 0 0 
1048 1400 0 0 0 0 0 0 0 0 0 0 0 0 0 0 
1064 1400 0 0 0 0 0 0 0 0 0 0 0 0 0 0 
1080 1400 0 0 0 0 0 0 0 0 0 0 0 0 0 0 
1096 1400 0 0 0 0 0 0 0 0 0 0 0 0 0 0 
1112 1400 0 0 0 0 0 0 0 0 0 0 0 0 0 0 
1128 1400 0 0 0 0 0 0 0 0 0 0 0 0 0 0 
1144 1400 0 0 0 0 0 0 0 0 0 0 0 0 0 0 
1160 1400 0 0 0 0 0 0 0 0 0 0 0 0 0 0 
1176 1400 0 0 0 0 0 0 0 0 0 0 0 0 0 0 
1192 1400 0 0 0 0 0 0 0 0 0 0 0 0 0 0 
1208 1400 0 0 0 0 0 0 0 0 0 0 0 0 0 0 
1224 1400 0 0 0 0 0 0 0 0 0 0 0 0 0 0 
1240 1400 0 0 0 0 0 0 0 0 0 0 0 0 0 0 
1256 1400 0 0 0 0 0 0 0 0 0 0 0 0 0 0 
1272 1400 0 0 0 0 0 0 0 0 0 0 0 0 0 0 
1288 1400 0 0 0 0 0 0 0 0 0 0 0 0 0 0 
1304 1400 0 0 0 0 0 0 0 0 0 0 0 0 0 0 
1320 1400 0 0 0 0 0 0 0 0 0 0 0 0 0 0 
1336 1400 0 0 0 0 0 0 0 0 0 0 0 0 0 0 
1352 1400 0 0 0 0 0 0 0 0 0 0 0 0 0 0 
1368 1400 0 0 0 0 0 0 0 0 0 0 0 0 0 0 
1384 1400 0 0 0 0 0 0 0 0 0 0 0 0 0 0 
1400 1400 0 0 0 0 0 0 0 0 0 0 0 0 0 0 
1416 1400 0 0 0 0 0 0 0 0 0 0 0 0 0 0 
1432 1400 0 0 0 0 0 0 0 0 0 0 0 0 0 0 
1448 1400 0 0 0 0 0 0 0 0 0 0 0 0 0 0 
1464 1400 0 0 0 0 0 0 0 0 0 0 0 0 0 0 
1480 1400 0 0 0 0 0 0 0 0 0 0 0 0 0 0 
1496 1400 0 0 0 0 0 0 0 0 0 0 0 0 0 0 
1512 1400 0 0 0 0 0 0 0 0 0 0 0 0 0 0 
1528 1400 0 0 0 0 0 0 0 0 0 0 0 0 0 0 
1544 1400 0 0 0 0 0 0 0 0 0 0 0 0 0 0 
1560 1400 0 0 0 0 0 0 0 0 0 0 0 0 0 0 
1576 1400 0 0 0 0 0 0 0 0 0 0 0 0 0 0 
1592 1400 0 0 0 0 0 0 0 0 0 0 0 0 0 0 
1608 1400 0 0 0 0 0 0 0 0 0 0 0 0 0 0 
1624 1400 0 0 0 0 0 0 0 0 0 0 0 0 0 0 
1640 1400 0 0 0 0 0 0 0 0 0 0 0 0 0 0 
1656 1400 0 0 0 0 0 0 0 0 0 0 0 0 0 0 
1672 1400 0 0 0 0 0 0 0 0 0 0 0 0 0 0 
1688 1400 0 0 0 0 0 0 0 0 0 0 0 0 0 0 
1704 1400 0 0 0 0 0 0 0 0 0 0 0 0 0 0 
1720 1400 0 0 0 0 0 0 0 0 0 0 0 0 0 0 
1736 1400 0 0 0 0 0 0 0 0 0 0 0 0 0 0 
1752 1400 0 0 0 0 0 0 0 0 0 0 0 0 0 0 
1768 1400 0 0 0 0 0 0 0 0 0 0 0 0 0 0 
1784 1400 0 0 0 0 0 0 0 0 0 0 0 0 0 0 
1800 1400 0 0 0 0 0 0 0 0 0 0 0 0 0 0 
1816 1400 0 0 0 0 0 0 0 0 0 0 0 0 0 0 
1832 1400 0 0 0 0 0 0 0 0 0 0 0 0 0 0 
1848 1400 0 0 0 0 0 0 0 0 0 0 0 0 0 0 
1864 1400 0 0 0 0 0 0 0 0 0 0 0 0 0 0 
1880 1400 0 0 0 0 0 0 0 0 0 0 0 0 0 0 
1896 1400 0 0 0 0 0 0 0 0 0 0 0 0 0 0 
1912 1400 0 0 0 0 0 0 0 0 0 0 0 0 0 0 
1928 1400 0 0 0 0 0 0 0 0 0 0 0 0 0 0 
1944 1400 0 0 0 0 0 0 0 0 0 0 0 0 0 0 
1960 1400 0 0 0 0 0 0 0 0 0 0 0 0 0 0 
1976 1400 0 0 0 0 0 0 0 0 0 0 0 0 0 0 
1992 1400 0 0 0 0 0 0 0 0 0 0 0 0 0 0 
2008 1400 0 0 0 0 0 0 0 0 0 0 0 0 0 0 
2024 1400 0 0 0 0 0 0 0 0 0 0 0 0 0 0 
2040 1400 0 0 0 0 0 0 0 0 0 0 0 0 0 0 
2056 1400 0 0 0 0 0 0 0 0 0 0 0 0 0 0 
2072 1400 0 0 0 0 0 0 0 0 0 0 0 0 0 0 
2088 1400 0 0 0 0 0 0 0 0 0 0 0 0 0 0 
2104 1400 0 0 0 0 0 0 0 0 0 0 0 0 0 0 
2120 1400 0 0 0 0 0 0 0 0 0 0 0 0 0 0 
2136 1400 0 0 0 0 0 0 0 0 0 0 0 0 0 0 
2152 1400 0 0 0 0 0 0 0 0 0 0 0 0 0 0 
2168 1400 0 0 0 0 0 0 0 0 0 0 0 0 0 0 
2184 1400 0 0 0 0 0 0 0 0 0 0 0 0 0 0 
2200 1400 0 0 0 0 0 0 0 0 0 0 0 0 0 0 
2216 1400 0 0 0 0 0 0 0 0 0 0 0 0 0 0 
2232 1400 0 0 0 0 0 0 0 0 0 0 0 0 0 0 
2248 1400 0 0 0 0 0 0 0 0 0 0 0 0 0 0 
2264 1400 0 0 0 0 0 0 0 0 0 0 0 0 0 0 
2280 1400 0 0 0 0 0 0 0 0 0 0 0 0 0 0 
2296 1400 0 0 0 0 0 0 0 0 0 0 0 0 0 0 
2312 1400 0 0 0 0 0 0 0 0 0 0 0 0 0 0 
2328 1400 0 0 0 0 0 0 0 0 0 0 0 0 0 0 
2344 1400 0 0 0 0 0 0 0 0 0 0 0 0 0 0 
2360 1400 0 0 0 0 0 0 0 0 0 0 0 0 0 0 
2376 1400 0 0 0 0 0 0 0 0 0 0 0 0 0 0 
2392 1400 0 0 0 0 0 0 0 0 0 0 0 0 0 0 
2408 1400 0 0 0 0 0 0 0 0 0 0 0 0 0 0 
2424 1400 0 0 0 0 0 0 0 0 0 0 0 0 0 0 
2440 1400 0 0 0 0 0 0 0 0 0 0 0 0 0 0 
2456 1400 0 0 0 0 0 0 0 0 0 0 0 0 0 0 
2472 1400 0 0 0 0 0 0 0 0 0 0 0 0 0 0 
2488 1400 0 0 0 0 0 0 0 0 0 0 0 0 0 0 
2504 1400 0 0 0 0 0 0 0 0 0 0 0 0 0 0 
2520 1400 0 0 0 0 0 0 0 0 0 0 0 0 0 0 
2536 1400 0 0 0 0 0 0 0 0 0 0 0 0 0 0 
24 1416 0 0 0 0 0 0 0 0 0 0 0 0 0 0 
40 1416 0 0 0 0 0 0 0 0 0 0 0 0 0 0 
56 1416 0 0 0 0 0 0 0 0 0 0 0 0 0 0 
72 1416 0 0 0 0 0 0 0 0 0 0 0 0 0 0 
88 1416 0 0 0 0 0 0 0 0 0 0 0 0 0 0 
104 1416 0 0 0 0 0 0 0 0 0 0 0 0 0 0 
120 1416 0 0 0 0 0 0 0 0 0 0 0 0 0 0 
136 1416 0 0 0 0 0 0 0 0 0 0 0 0 0 0 
152 1416 0 0 0 0 0 0 0 0 0 0 0 0 0 0 
168 1416 0 0 0 0 0 0 0 0 0 0 0 0 0 0 
184 1416 0 0 0 0 0 0 0 0 0 0 0 0 0 0 
200 1416 0 0 0 0 0 0 0 0 0 0 0 0 0 0 
216 1416 0 0 0 0 0 0 0 0 0 0 0 0 0 0 
232 1416 0 0 0 0 0 0 0 0 0 0 0 0 0 0 
248 1416 0 0 0 0 0 0 0 0 0 0 0 0 0 0 
264 1416 0 0 0 0 0 0 0 0 0 0 0 0 0 0 
280 1416 0 0 0 0 0 0 0 0 0 0 0 0 0 0 
296 1416 0 0 0 0 0 0 0 0 0 0 0 0 0 0 
312 1416 0 0 0 0 0 0 0 0 0 0 0 0 0 0 
328 1416 0 0 0 0 0 0 0 0 0 0 0 0 0 0 
344 1416 0 0 0 0 0 0 0 0 0 0 0 0 0 0 
360 1416 0 0 0 0 0 0 0 0 0 0 0 0 0 0 
376 1416 0 0 0 0 0 0 0 0 0 0 0 0 0 0 
392 1416 0 0 0 0 0 0 0 0 0 0 0 0 0 0 
408 1416 0 0 0 0 0 0 0 0 0 0 0 0 0 0 
424 1416 0 0 0 0 0 0 0 0 0 0 0 0 0 0 
440 1416 0 0 0 0 0 0 0 0 0 0 0 0 0 0 
456 1416 0 0 0 0 0 0 0 0 0 0 0 0 0 0 
472 1416 0 0 0 0 0 0 0 0 0 0 0 0 0 0 
488 1416 0 0 0 0 0 0 0 0 0 0 0 0 0 0 
504 1416 0 0 0 0 0 0 0 0 0 0 0 0 0 0 
520 1416 0 0 0 0 0 0 0 0 0 0 0 0 0 0 
536 1416 0 0 0 0 0 0 0 0 0 0 0 0 0 0 
552 1416 0 0 0 0 0 0 0 0 0 0 0 0 0 0 
568 1416 0 0 0 0 0 0 0 0 0 0 0 0 0 0 
584 1416 0 0 0 0 0 0 0 0 0 0 0 0 0 0 
600 1416 0 0 0 0 0 0 0 0 0 0 0 0 0 0 
616 1416 0 0 0 0 0 0 0 0 0 0 0 0 0 0 
632 1416 0 0 0 0 0 0 0 0 0 0 0 0 0 0 
648 1416 0 0 0 0 0 0 0 0 0 0 0 0 0 0 
664 1416 0 0 0 0 0 0 0 0 0 0 0 0 0 0 
680 1416 0 0 0 0 0 0 0 0 0 0 0 0 0 0 
696 1416 0 0 0 0 0 0 0 0 0 0 0 0 0 0 
712 1416 0 0 0 0 0 0 0 0 0 0 0 0 0 0 
728 1416 0 0 0 0 0 0 0 0 0 0 0 0 0 0 
744 1416 0 0 0 0 0 0 0 0 0 0 0 0 0 0 
760 1416 0 0 0 0 0 0 0 0 0 0 0 0 0 0 
776 1416 0 0 0 0 0 0 0 0 0 0 0 0 0 0 
792 1416 0 0 0 0 0 0 0 0 0 0 0 0 0 0 
808 1416 0 0 0 0 0 0 0 0 0 0 0 0 0 0 
824 1416 0 0 0 0 0 0 0 0 0 0 0 0 0 0 
840 1416 0 0 0 0 0 0 0 0 0 0 0 0 0 0 
856 1416 0 0 0 0 0 0 0 0 0 0 0 0 0 0 
872 1416 0 0 0 0 0 0 0 0 0 0 0 0 0 0 
888 1416 0 0 0 0 0 0 0 0 0 0 0 0 0 0 
904 1416 0 0 0 0 0 0 0 0 0 0 0 0 0 0 
920 1416 0 0 0 0 0 0 0 0 0 0 0 0 0 0 
936 1416 0 0 0 0 0 0 0 0 0 0 0 0 0 0 
952 1416 0 0 0 0 0 0 0 0 0 0 0 0 0 0 
968 1416 0 0 0 0 0 0 0 0 0 0 0 0 0 0 
984 1416 0 0 0 0 0 0 0 0 0 0 0 0 0 0 
1000 1416 0 0 0 0 0 0 0 0 0 0 0 0 0 0 
1016 1416 0 0 0 0 0 0 0 0 0 0 0 0 0 0 
1032 1416 0 0 0 0 0 0 0 0 0 0 0 0 0 0 
1048 1416 0 0 0 0 0 0 0 0 0 0 0 0 0 0 
1064 1416 0 0 0 0 0 0 0 0 0 0 0 0 0 0 
1080 1416 0 0 0 0 0 0 0 0 0 0 0 0 0 0 
1096 1416 0 0 0 0 0 0 0 0 0 0 0 0 0 0 
1112 1416 0 0 0 0 0 0 0 0 0 0 0 0 0 0 
1128 1416 0 0 0 0 0 0 0 0 0 0 0 0 0 0 
1144 1416 0 0 0 0 0 0 0 0 0 0 0 0 0 0 
1160 1416 0 0 0 0 0 0 0 0 0 0 0 0 0 0 
1176 1416 0 0 0 0 0 0 0 0 0 0 0 0 0 0 
1192 1416 0 0 0 0 0 0 0 0 0 0 0 0 0 0 
1208 1416 0 0 0 0 0 0 0 0 0 0 0 0 0 0 
1224 1416 0 0 0 0 0 0 0 0 0 0 0 0 0 0 
1240 1416 0 0 0 0 0 0 0 0 0 0 0 0 0 0 
1256 1416 0 0 0 0 0 0 0 0 0 0 0 0 0 0 
1272 1416 0 0 0 0 0 0 0 0 0 0 0 0 0 0 
1288 1416 0 0 0 0 0 0 0 0 0 0 0 0 0 0 
1304 1416 0 0 0 0 0 0 0 0 0 0 0 0 0 0 
1320 1416 0 0 0 0 0 0 0 0 0 0 0 0 0 0 
1336 1416 0 0 0 0 0 0 0 0 0 0 0 0 0 0 
1352 1416 0 0 0 0 0 0 0 0 0 0 0 0 0 0 
1368 1416 0 0 0 0 0 0 0 0 0 0 0 0 0 0 
1384 1416 0 0 0 0 0 0 0 0 0 0 0 0 0 0 
1400 1416 0 0 0 0 0 0 0 0 0 0 0 0 0 0 
1416 1416 0 0 0 0 0 0 0 0 0 0 0 0 0 0 
1432 1416 0 0 0 0 0 0 0 0 0 0 0 0 0 0 
1448 1416 0 0 0 0 0 0 0 0 0 0 0 0 0 0 
1464 1416 0 0 0 0 0 0 0 0 0 0 0 0 0 0 
1480 1416 0 0 0 0 0 0 0 0 0 0 0 0 0 0 
1496 1416 0 0 0 0 0 0 0 0 0 0 0 0 0 0 
1512 1416 0 0 0 0 0 0 0 0 0 0 0 0 0 0 
1528 1416 0 0 0 0 0 0 0 0 0 0 0 0 0 0 
1544 1416 0 0 0 0 0 0 0 0 0 0 0 0 0 0 
1560 1416 0 0 0 0 0 0 0 0 0 0 0 0 0 0 
1576 1416 0 0 0 0 0 0 0 0 0 0 0 0 0 0 
1592 1416 0 0 0 0 0 0 0 0 0 0 0 0 0 0 
1608 1416 0 0 0 0 0 0 0 0 0 0 0 0 0 0 
1624 1416 0 0 0 0 0 0 0 0 0 0 0 0 0 0 
1640 1416 0 0 0 0 0 0 0 0 0 0 0 0 0 0 
1656 1416 0 0 0 0 0 0 0 0 0 0 0 0 0 0 
1672 1416 0 0 0 0 0 0 0 0 0 0 0 0 0 0 
1688 1416 0 0 0 0 0 0 0 0 0 0 0 0 0 0 
1704 1416 0 0 0 0 0 0 0 0 0 0 0 0 0 0 
1720 1416 0 0 0 0 0 0 0 0 0 0 0 0 0 0 
1736 1416 0 0 0 0 0 0 0 0 0 0 0 0 0 0 
1752 1416 0 0 0 0 0 0 0 0 0 0 0 0 0 0 
1768 1416 0 0 0 0 0 0 0 0 0 0 0 0 0 0 
1784 1416 0 0 0 0 0 0 0 0 0 0 0 0 0 0 
1800 1416 0 0 0 0 0 0 0 0 0 0 0 0 0 0 
1816 1416 0 0 0 0 0 0 0 0 0 0 0 0 0 0 
1832 1416 0 0 0 0 0 0 0 0 0 0 0 0 0 0 
1848 1416 0 0 0 0 0 0 0 0 0 0 0 0 0 0 
1864 1416 0 0 0 0 0 0 0 0 0 0 0 0 0 0 
1880 1416 0 0 0 0 0 0 0 0 0 0 0 0 0 0 
1896 1416 0 0 0 0 0 0 0 0 0 0 0 0 0 0 
1912 1416 0 0 0 0 0 0 0 0 0 0 0 0 0 0 
1928 1416 0 0 0 0 0 0 0 0 0 0 0 0 0 0 
1944 1416 0 0 0 0 0 0 0 0 0 0 0 0 0 0 
1960 1416 0 0 0 0 0 0 0 0 0 0 0 0 0 0 
1976 1416 0 0 0 0 0 0 0 0 0 0 0 0 0 0 
1992 1416 0 0 0 0 0 0 0 0 0 0 0 0 0 0 
2008 1416 0 0 0 0 0 0 0 0 0 0 0 0 0 0 
2024 1416 0 0 0 0 0 0 0 0 0 0 0 0 0 0 
2040 1416 0 0 0 0 0 0 0 0 0 0 0 0 0 0 
2056 1416 0 0 0 0 0 0 0 0 0 0 0 0 0 0 
2072 1416 0 0 0 0 0 0 0 0 0 0 0 0 0 0 
2088 1416 0 0 0 0 0 0 0 0 0 0 0 0 0 0 
2104 1416 0 0 0 0 0 0 0 0 0 0 0 0 0 0 
2120 1416 0 0 0 0 0 0 0 0 0 0 0 0 0 0 
2136 1416 0 0 0 0 0 0 0 0 0 0 0 0 0 0 
2152 1416 0 0 0 0 0 0 0 0 0 0 0 0 0 0 
2168 1416 0 0 0 0 0 0 0 0 0 0 0 0 0 0 
2184 1416 0 0 0 0 0 0 0 0 0 0 0 0 0 0 
2200 1416 0 0 0 0 0 0 0 0 0 0 0 0 0 0 
2216 1416 0 0 0 0 0 0 0 0 0 0 0 0 0 0 
2232 1416 0 0 0 0 0 0 0 0 0 0 0 0 0 0 
2248 1416 0 0 0 0 0 0 0 0 0 0 0 0 0 0 
2264 1416 0 0 0 0 0 0 0 0 0 0 0 0 0 0 
2280 1416 0 0 0 0 0 0 0 0 0 0 0 0 0 0 
2296 1416 0 0 0 0 0 0 0 0 0 0 0 0 0 0 
2312 1416 0 0 0 0 0 0 0 0 0 0 0 0 0 0 
2328 1416 0 0 0 0 0 0 0 0 0 0 0 0 0 0 
2344 1416 0 0 0 0 0 0 0 0 0 0 0 0 0 0 
2360 1416 0 0 0 0 0 0 0 0 0 0 0 0 0 0 
2376 1416 0 0 0 0 0 0 0 0 0 0 0 0 0 0 
2392 1416 0 0 0 0 0 0 0 0 0 0 0 0 0 0 
2408 1416 0 0 0 0 0 0 0 0 0 0 0 0 0 0 
2424 1416 0 0 0 0 0 0 0 0 0 0 0 0 0 0 
2440 1416 0 0 0 0 0 0 0 0 0 0 0 0 0 0 
2456 1416 0 0 0 0 0 0 0 0 0 0 0 0 0 0 
2472 1416 0 0 0 0 0 0 0 0 0 0 0 0 0 0 
2488 1416 0 0 0 0 0 0 0 0 0 0 0 0 0 0 
2504 1416 0 0 0 0 0 0 0 0 0 0 0 0 0 0 
2520 1416 0 0 0 0 0 0 0 0 0 0 0 0 0 0 
2536 1416 0 0 0 0 0 0 0 0 0 0 0 0 0 0 
