48 48 0 0 0 0 0 0 0 0 0 0 0 0 0 0 
80 48 0 0 0 0 0 0 0 0 0 0 0 0 0 0 
112 48 0 0 0 0 0 0 0 0 0 0 0 0 0 0 
144 48 0 0 0 0 0 0 0 0 0 0 0 0 0 0 
176 48 0 0 0 0 0 0 0 0 0 0 0 0 0 0 
208 48 0 0 0 0 0 0 0 0 0 0 0 0 0 0 
240 48 0 0 0 0 0 0 0 0 0 0 0 0 0 0 
272 48 0 0 0 0 0 0 0 0 0 0 0 0 0 0 
304 48 0 0 0 0 0 0 0 0 0 0 0 0 0 0 
336 48 0 0 0 0 0 0 0 0 0 0 0 0 0 0 
368 48 0 0 0 0 0 0 0 0 0 0 0 0 0 0 
400 48 0 0 0 0 0 0 0 0 0 0 0 0 0 0 
432 48 0 0 0 0 0 0 0 0 0 0 0 0 0 0 
464 48 0 0 0 0 0 0 0 0 0 0 0 0 0 0 
496 48 0 0 0 0 0 0 0 0 0 0 0 0 0 0 
528 48 0 0 0 0 0 0 0 0 0 0 0 0 0 0 
560 48 0 0 0 0 0 0 0 0 0 0 0 0 0 0 
592 48 0 0 0 0 0 0 0 0 0 0 0 0 0 0 
624 48 0 0 0 0 0 0 0 0 0 0 0 0 0 0 
656 48 0 0 0 0 0 0 0 0 0 0 0 0 0 0 
688 48 0 0 0 0 0 0 0 0 0 0 0 0 0 0 
720 48 0 0 0 0 0 0 0 0 0 0 0 0 0 0 
752 48 0 0 0 0 0 0 0 0 0 0 0 0 0 0 
784 48 0 0 0 0 0 0 0 0 0 0 0 0 0 0 
816 48 0 0 0 0 0 0 0 0 0 0 0 0 0 0 
848 48 0 0 0 0 0 0 0 0 0 0 0 0 0 0 
880 48 0 0 0 0 0 0 0 0 0 0 0 0 0 0 
912 48 0 0 0 0 0 0 0 0 0 0 0 0 0 0 
944 48 0 0 0 0 0 0 0 0 0 0 0 0 0 0 
976 48 0 0 0 0 0 0 0 0 0 0 0 0 0 0 
1008 48 0 0 0 0 0 0 0 0 0 0 0 0 0 0 
1040 48 0 0 0 0 0 0 0 0 0 0 0 0 0 0 
1072 48 0 0 0 0 0 0 0 0 0 0 0 0 0 0 
1104 48 0 0 0 0 0 0 0 0 0 0 0 0 0 0 
1136 48 0 0 0 0 0 0 0 0 0 0 0 0 0 0 
1168 48 0 0 0 0 0 0 0 0 0 0 0 0 0 0 
1200 48 0 0 0 0 0 0 0 0 0 0 0 0 0 0 
1232 48 0 0 0 0 0 0 0 0 0 0 0 0 0 0 
1264 48 0 0 0 0 0 0 0 0 0 0 0 0 0 0 
1296 48 0 0 0 0 0 0 0 0 0 0 0 0 0 0 
1328 48 0 0 0 0 0 0 0 0 0 0 0 0 0 0 
1360 48 0 0 0 0 0 0 0 0 0 0 0 0 0 0 
1392 48 0 0 0 0 0 0 0 0 0 0 0 0 0 0 
1424 48 0 0 0 0 0 0 0 0 0 0 0 0 0 0 
1456 48 0 0 0 0 0 0 0 0 0 0 0 0 0 0 
1488 48 0 0 0 0 0 0 0 0 0 0 0 0 0 0 
1520 48 0 0 0 0 0 0 0 0 0 0 0 0 0 0 
1552 48 0 0 0 0 0 0 0 0 0 0 0 0 0 0 
1584 48 0 0 0 0 0 0 0 0 0 0 0 0 0 0 
1616 48 0 0 0 0 0 0 0 0 0 0 0 0 0 0 
1648 48 0 0 0 0 0 0 0 0 0 0 0 0 0 0 
1680 48 0 0 0 0 0 0 0 0 0 0 0 0 0 0 
1712 48 0 0 0 0 0 0 0 0 0 0 0 0 0 0 
1744 48 0 0 0 0 0 0 0 0 0 0 0 0 0 0 
1776 48 0 0 0 0 0 0 0 0 0 0 0 0 0 0 
1808 48 0 0 0 0 0 0 0 0 0 0 0 0 0 0 
1840 48 0 0 0 0 0 0 0 0 0 0 0 0 0 0 
1872 48 0 0 0 0 0 0 0 0 0 0 0 0 0 0 
1904 48 0 0 0 0 0 0 0 0 0 0 0 0 0 0 
1936 48 0 0 0 0 0 0 0 0 0 0 0 0 0 0 
1968 48 0 0 0 0 0 0 0 0 0 0 0 0 0 0 
2000 48 0 0 0 0 0 0 0 0 0 0 0 0 0 0 
2032 48 0 0 0 0 0 0 0 0 0 0 0 0 0 0 
2064 48 0 0 0 0 0 0 0 0 0 0 0 0 0 0 
2096 48 0 0 0 0 0 0 0 0 0 0 0 0 0 0 
2128 48 0 0 0 0 0 0 0 0 0 0 0 0 0 0 
2160 48 0 0 0 0 0 0 0 0 0 0 0 0 0 0 
2192 48 0 0 0 0 0 0 0 0 0 0 0 0 0 0 
2224 48 0 0 0 0 0 0 0 0 0 0 0 0 0 0 
2256 48 0 0 0 0 0 0 0 0 0 0 0 0 0 0 
2288 48 0 0 0 0 0 0 0 0 0 0 0 0 0 0 
2320 48 0 0 0 0 0 0 0 0 0 0 0 0 0 0 
2352 48 0 0 0 0 0 0 0 0 0 0 0 0 0 0 
2384 48 0 0 0 0 0 0 0 0 0 0 0 0 0 0 
2416 48 0 0 0 0 0 0 0 0 0 0 0 0 0 0 
2448 48 0 0 0 0 0 0 0 0 0 0 0 0 0 0 
2480 48 0 0 0 0 0 0 0 0 0 0 0 0 0 0 
2512 48 0 0 0 0 0 0 0 0 0 0 0 0 0 0 
48 80 0 0 0 0 0 0 0 0 0 0 0 0 0 0 
80 80 0 0 0 0 0 0 0 0 0 0 0 0 0 0 
112 80 0 0 0 0 0 0 0 0 0 0 0 0 0 0 
144 80 0 0 0 0 0 0 0 0 0 0 0 0 0 0 
176 80 0 0 0 0 0 0 0 0 0 0 0 0 0 0 
208 80 0 0 0 0 0 0 0 0 0 0 0 0 0 0 
240 80 0 0 0 0 0 0 0 0 0 0 0 0 0 0 
272 80 0 0 0 0 0 0 0 0 0 0 0 0 0 0 
304 80 0 0 0 0 0 0 0 0 0 0 0 0 0 0 
336 80 0 0 0 0 0 0 0 0 0 0 0 0 0 0 
368 80 0 0 0 0 0 0 0 0 0 0 0 0 0 0 
400 80 0 0 0 0 0 0 0 0 0 0 0 0 0 0 
432 80 0 0 0 0 0 0 0 0 0 0 0 0 0 0 
464 80 0 0 0 0 0 0 0 0 0 0 0 0 0 0 
496 80 0 0 0 0 0 0 0 0 0 0 0 0 0 0 
528 80 0 0 0 0 0 0 0 0 0 0 0 0 0 0 
560 80 0 0 0 0 0 0 0 0 0 0 0 0 0 0 
592 80 0 0 0 0 0 0 0 0 0 0 0 0 0 0 
624 80 0 0 0 0 0 0 0 0 0 0 0 0 0 0 
656 80 0 0 0 0 0 0 0 0 0 0 0 0 0 0 
688 80 0 0 0 0 0 0 0 0 0 0 0 0 0 0 
720 80 0 0 0 0 0 0 0 0 0 0 0 0 0 0 
752 80 0 0 0 0 0 0 0 0 0 0 0 0 0 0 
784 80 0 0 0 0 0 0 0 0 0 0 0 0 0 0 
816 80 0 0 0 0 0 0 0 0 0 0 0 0 0 0 
848 80 0 0 0 0 0 0 0 0 0 0 0 0 0 0 
880 80 0 0 0 0 0 0 0 0 0 0 0 0 0 0 
912 80 0 0 0 0 0 0 0 0 0 0 0 0 0 0 
944 80 0 0 0 0 0 0 0 0 0 0 0 0 0 0 
976 80 0 0 0 0 0 0 0 0 0 0 0 0 0 0 
1008 80 0 0 0 0 0 0 0 0 0 0 0 0 0 0 
1040 80 0 0 0 0 0 0 0 0 0 0 0 0 0 0 
1072 80 0 0 0 0 0 0 0 0 0 0 0 0 0 0 
1104 80 0 0 0 0 0 0 0 0 0 0 0 0 0 0 
1136 80 0 0 0 0 0 0 0 0 0 0 0 0 0 0 
1168 80 0 0 0 0 0 0 0 0 0 0 0 0 0 0 
1200 80 0 0 0 0 0 0 0 0 0 0 0 0 0 0 
1232 80 0 0 0 0 0 0 0 0 0 0 0 0 0 0 
1264 80 0 0 0 0 0 0 0 0 0 0 0 0 0 0 
1296 80 0 0 0 0 0 0 0 0 0 0 0 0 0 0 
1328 80 0 0 0 0 0 0 0 0 0 0 0 0 0 0 
1360 80 0 0 0 0 0 0 0 0 0 0 0 0 0 0 
1392 80 0 0 0 0 0 0 0 0 0 0 0 0 0 0 
1424 80 0 0 0 0 0 0 0 0 0 0 0 0 0 0 
1456 80 0 0 0 0 0 0 0 0 0 0 0 0 0 0 
1488 80 0 0 0 0 0 0 0 0 0 0 0 0 0 0 
1520 80 0 0 0 0 0 0 0 0 0 0 0 0 0 0 
1552 80 0 0 0 0 0 0 0 0 0 0 0 0 0 0 
1584 80 0 0 0 0 0 0 0 0 0 0 0 0 0 0 
1616 80 0 0 0 0 0 0 0 0 0 0 0 0 0 0 
1648 80 0 0 0 0 0 0 0 0 0 0 0 0 0 0 
1680 80 0 0 0 0 0 0 0 0 0 0 0 0 0 0 
1712 80 0 0 0 0 0 0 0 0 0 0 0 0 0 0 
1744 80 0 0 0 0 0 0 0 0 0 0 0 0 0 0 
1776 80 0 0 0 0 0 0 0 0 0 0 0 0 0 0 
1808 80 0 0 0 0 0 0 0 0 0 0 0 0 0 0 
1840 80 0 0 0 0 0 0 0 0 0 0 0 0 0 0 
1872 80 0 0 0 0 0 0 0 0 0 0 0 0 0 0 
1904 80 0 0 0 0 0 0 0 0 0 0 0 0 0 0 
1936 80 0 0 0 0 0 0 0 0 0 0 0 0 0 0 
1968 80 0 0 0 0 0 0 0 0 0 0 0 0 0 0 
2000 80 0 0 0 0 0 0 0 0 0 0 0 0 0 0 
2032 80 0 0 0 0 0 0 0 0 0 0 0 0 0 0 
2064 80 0 0 0 0 0 0 0 0 0 0 0 0 0 0 
2096 80 0 0 0 0 0 0 0 0 0 0 0 0 0 0 
2128 80 0 0 0 0 0 0 0 0 0 0 0 0 0 0 
2160 80 0 0 0 0 0 0 0 0 0 0 0 0 0 0 
2192 80 0 0 0 0 0 0 0 0 0 0 0 0 0 0 
2224 80 0 0 0 0 0 0 0 0 0 0 0 0 0 0 
2256 80 0 0 0 0 0 0 0 0 0 0 0 0 0 0 
2288 80 0 0 0 0 0 0 0 0 0 0 0 0 0 0 
2320 80 0 0 0 0 0 0 0 0 0 0 0 0 0 0 
2352 80 0 0 0 0 0 0 0 0 0 0 0 0 0 0 
2384 80 0 0 0 0 0 0 0 0 0 0 0 0 0 0 
2416 80 0 0 0 0 0 0 0 0 0 0 0 0 0 0 
2448 80 0 0 0 0 0 0 0 0 0 0 0 0 0 0 
2480 80 0 0 0 0 0 0 0 0 0 0 0 0 0 0 
2512 80 0 0 0 0 0 0 0 0 0 0 0 0 0 0 
48 112 0 0 0 0 0 0 0 0 0 0 0 0 0 0 
80 112 0 0 0 0 0 0 0 0 0 0 0 0 0 0 
112 112 0 0 0 0 0 0 0 0 0 0 0 0 0 0 
144 112 0 0 0 0 0 0 0 0 0 0 0 0 0 0 
176 112 0 0 0 0 0 0 0 0 0 0 0 0 0 0 
208 112 0 0 0 0 0 0 0 0 0 0 0 0 0 0 
240 112 0 0 0 0 0 0 0 0 0 0 0 0 0 0 
272 112 0 0 0 0 0 0 0 0 0 0 0 0 0 0 
304 112 0 0 0 0 0 0 0 0 0 0 0 0 0 0 
336 112 0 0 0 0 0 0 0 0 0 0 0 0 0 0 
368 112 0 0 0 0 0 0 0 0 0 0 0 0 0 0 
400 112 0 0 0 0 0 0 0 0 0 0 0 0 0 0 
432 112 0 0 0 0 0 0 0 0 0 0 0 0 0 0 
464 112 0 0 0 0 0 0 0 0 0 0 0 0 0 0 
496 112 0 0 0 0 0 0 0 0 0 0 0 0 0 0 
528 112 0 0 0 0 0 0 0 0 0 0 0 0 0 0 
560 112 0 0 0 0 0 0 0 0 0 0 0 0 0 0 
592 112 0 0 0 0 0 0 0 0 0 0 0 0 0 0 
624 112 0 0 0 0 0 0 0 0 0 0 0 0 0 0 
656 112 0 0 0 0 0 0 0 0 0 0 0 0 0 0 
688 112 0 0 0 0 0 0 0 0 0 0 0 0 0 0 
720 112 0 0 0 0 0 0 0 0 0 0 0 0 0 0 
752 112 0 0 0 0 0 0 0 0 0 0 0 0 0 0 
784 112 0 0 0 0 0 0 0 0 0 0 0 0 0 0 
816 112 0 0 0 0 0 0 0 0 0 0 0 0 0 0 
848 112 0 0 0 0 0 0 0 0 0 0 0 0 0 0 
880 112 0 0 0 0 0 0 0 0 0 0 0 0 0 0 
912 112 0 0 0 0 0 0 0 0 0 0 0 0 0 0 
944 112 0 0 0 0 0 0 0 0 0 0 0 0 0 0 
976 112 0 0 0 0 0 0 0 0 0 0 0 0 0 0 
1008 112 0 0 0 0 0 0 0 0 0 0 0 0 0 0 
1040 112 0 0 0 0 0 0 0 0 0 0 0 0 0 0 
1072 112 0 0 0 0 0 0 0 0 0 0 0 0 0 0 
1104 112 0 0 0 0 0 0 0 0 0 0 0 0 0 0 
1136 112 0 0 0 0 0 0 0 0 0 0 0 0 0 0 
1168 112 0 0 0 0 0 0 0 0 0 0 0 0 0 0 
1200 112 0 0 0 0 0 0 0 0 0 0 0 0 0 0 
1232 112 0 0 0 0 0 0 0 0 0 0 0 0 0 0 
1264 112 0 0 0 0 0 0 0 0 0 0 0 0 0 0 
1296 112 0 0 0 0 0 0 0 0 0 0 0 0 0 0 
1328 112 0 0 0 0 0 0 0 0 0 0 0 0 0 0 
1360 112 0 0 0 0 0 0 0 0 0 0 0 0 0 0 
1392 112 0 0 0 0 0 0 0 0 0 0 0 0 0 0 
1424 112 0 0 0 0 0 0 0 0 0 0 0 0 0 0 
1456 112 0 0 0 0 0 0 0 0 0 0 0 0 0 0 
1488 112 0 0 0 0 0 0 0 0 0 0 0 0 0 0 
1520 112 0 0 0 0 0 0 0 0 0 0 0 0 0 0 
1552 112 0 0 0 0 0 0 0 0 0 0 0 0 0 0 
1584 112 0 0 0 0 0 0 0 0 0 0 0 0 0 0 
1616 112 0 0 0 0 0 0 0 0 0 0 0 0 0 0 
1648 112 0 0 0 0 0 0 0 0 0 0 0 0 0 0 
1680 112 0 0 0 0 0 0 0 0 0 0 0 0 0 0 
1712 112 0 0 0 0 0 0 0 0 0 0 0 0 0 0 
1744 112 0 0 0 0 0 0 0 0 0 0 0 0 0 0 
1776 112 0 0 0 0 0 0 0 0 0 0 0 0 0 0 
1808 112 0 0 0 0 0 0 0 0 0 0 0 0 0 0 
1840 112 0 0 0 0 0 0 0 0 0 0 0 0 0 0 
1872 112 0 0 0 0 0 0 0 0 0 0 0 0 0 0 
1904 112 0 0 0 0 0 0 0 0 0 0 0 0 0 0 
1936 112 0 0 0 0 0 0 0 0 0 0 0 0 0 0 
1968 112 0 0 0 0 0 0 0 0 0 0 0 0 0 0 
2000 112 0 0 0 0 0 0 0 0 0 0 0 0 0 0 
2032 112 0 0 0 0 0 0 0 0 0 0 0 0 0 0 
2064 112 0 0 0 0 0 0 0 0 0 0 0 0 0 0 
2096 112 0 0 0 0 0 0 0 0 0 0 0 0 0 0 
2128 112 0 0 0 0 0 0 0 0 0 0 0 0 0 0 
2160 112 0 0 0 0 0 0 0 0 0 0 0 0 0 0 
2192 112 0 0 0 0 0 0 0 0 0 0 0 0 0 0 
2224 112 0 0 0 0 0 0 0 0 0 0 0 0 0 0 
2256 112 0 0 0 0 0 0 0 0 0 0 0 0 0 0 
2288 112 0 0 0 0 0 0 0 0 0 0 0 0 0 0 
2320 112 0 0 0 0 0 0 0 0 0 0 0 0 0 0 
2352 112 0 0 0 0 0 0 0 0 0 0 0 0 0 0 
2384 112 0 0 0 0 0 0 0 0 0 0 0 0 0 0 
2416 112 0 0 0 0 0 0 0 0 0 0 0 0 0 0 
2448 112 0 0 0 0 0 0 0 0 0 0 0 0 0 0 
2480 112 0 0 0 0 0 0 0 0 0 0 0 0 0 0 
2512 112 0 0 0 0 0 0 0 0 0 0 0 0 0 0 
48 144 0 0 0 0 0 0 0 0 0 0 0 0 0 0 
80 144 0 0 0 0 0 0 0 0 0 0 0 0 0 0 
112 144 0 0 0 0 0 0 0 0 0 0 0 0 0 0 
144 144 0 0 0 0 0 0 0 0 0 0 0 0 0 0 
176 144 0 0 0 0 0 0 0 0 0 0 0 0 0 0 
208 144 0 0 0 0 0 0 0 0 0 0 0 0 0 0 
240 144 0 0 0 0 0 0 0 0 0 0 0 0 0 0 
272 144 0 0 0 0 0 0 0 0 0 0 0 0 0 0 
304 144 0 0 0 0 0 0 0 0 0 0 0 0 0 0 
336 144 0 0 0 0 0 0 0 0 0 0 0 0 0 0 
368 144 0 0 0 0 0 0 0 0 0 0 0 0 0 0 
400 144 0 0 0 0 0 0 0 0 0 0 0 0 0 0 
432 144 0 0 0 0 0 0 0 0 0 0 0 0 0 0 
464 144 0 0 0 0 0 0 0 0 0 0 0 0 0 0 
496 144 0 0 0 0 0 0 0 0 0 0 0 0 0 0 
528 144 0 0 0 0 0 0 0 0 0 0 0 0 0 0 
560 144 0 0 0 0 0 0 0 0 0 0 0 0 0 0 
592 144 0 0 0 0 0 0 0 0 0 0 0 0 0 0 
624 144 0 0 0 0 0 0 0 0 0 0 0 0 0 0 
656 144 0 0 0 0 0 0 0 0 0 0 0 0 0 0 
688 144 0 0 0 0 0 0 0 0 0 0 0 0 0 0 
720 144 0 0 0 0 0 0 0 0 0 0 0 0 0 0 
752 144 0 0 0 0 0 0 0 0 0 0 0 0 0 0 
784 144 0 0 0 0 0 0 0 0 0 0 0 0 0 0 
816 144 0 0 0 0 0 0 0 0 0 0 0 0 0 0 
848 144 0 0 0 0 0 0 0 0 0 0 0 0 0 0 
880 144 0 0 0 0 0 0 0 0 0 0 0 0 0 0 
912 144 0 0 0 0 0 0 0 0 0 0 0 0 0 0 
944 144 0 0 0 0 0 0 0 0 0 0 0 0 0 0 
976 144 0 0 0 0 0 0 0 0 0 0 0 0 0 0 
1008 144 0 0 0 0 0 0 0 0 0 0 0 0 0 0 
1040 144 0 0 0 0 0 0 0 0 0 0 0 0 0 0 
1072 144 0 0 0 0 0 0 0 0 0 0 0 0 0 0 
1104 144 0 0 0 0 0 0 0 0 0 0 0 0 0 0 
1136 144 0 0 0 0 0 0 0 0 0 0 0 0 0 0 
1168 144 0 0 0 0 0 0 0 0 0 0 0 0 0 0 
1200 144 0 0 0 0 0 0 0 0 0 0 0 0 0 0 
1232 144 0 0 0 0 0 0 0 0 0 0 0 0 0 0 
1264 144 0 0 0 0 0 0 0 0 0 0 0 0 0 0 
1296 144 0 0 0 0 0 0 0 0 0 0 0 0 0 0 
1328 144 0 0 0 0 0 0 0 0 0 0 0 0 0 0 
1360 144 0 0 0 0 0 0 0 0 0 0 0 0 0 0 
1392 144 0 0 0 0 0 0 0 0 0 0 0 0 0 0 
1424 144 0 0 0 0 0 0 0 0 0 0 0 0 0 0 
1456 144 0 0 0 0 0 0 0 0 0 0 0 0 0 0 
1488 144 0 0 0 0 0 0 0 0 0 0 0 0 0 0 
1520 144 0 0 0 0 0 0 0 0 0 0 0 0 0 0 
1552 144 0 0 0 0 0 0 0 0 0 0 0 0 0 0 
1584 144 0 0 0 0 0 0 0 0 0 0 0 0 0 0 
1616 144 0 0 0 0 0 0 0 0 0 0 0 0 0 0 
1648 144 0 0 0 0 0 0 0 0 0 0 0 0 0 0 
1680 144 0 0 0 0 0 0 0 0 0 0 0 0 0 0 
1712 144 0 0 0 0 0 0 0 0 0 0 0 0 0 0 
1744 144 0 0 0 0 0 0 0 0 0 0 0 0 0 0 
1776 144 0 0 0 0 0 0 0 0 0 0 0 0 0 0 
1808 144 0 0 0 0 0 0 0 0 0 0 0 0 0 0 
1840 144 0 0 0 0 0 0 0 0 0 0 0 0 0 0 
1872 144 0 0 0 0 0 0 0 0 0 0 0 0 0 0 
1904 144 0 0 0 0 0 0 0 0 0 0 0 0 0 0 
1936 144 0 0 0 0 0 0 0 0 0 0 0 0 0 0 
1968 144 0 0 0 0 0 0 0 0 0 0 0 0 0 0 
2000 144 0 0 0 0 0 0 0 0 0 0 0 0 0 0 
2032 144 0 0 0 0 0 0 0 0 0 0 0 0 0 0 
2064 144 0 0 0 0 0 0 0 0 0 0 0 0 0 0 
2096 144 0 0 0 0 0 0 0 0 0 0 0 0 0 0 
2128 144 0 0 0 0 0 0 0 0 0 0 0 0 0 0 
2160 144 0 0 0 0 0 0 0 0 0 0 0 0 0 0 
2192 144 0 0 0 0 0 0 0 0 0 0 0 0 0 0 
2224 144 0 0 0 0 0 0 0 0 0 0 0 0 0 0 
2256 144 0 0 0 0 0 0 0 0 0 0 0 0 0 0 
2288 144 0 0 0 0 0 0 0 0 0 0 0 0 0 0 
2320 144 0 0 0 0 0 0 0 0 0 0 0 0 0 0 
2352 144 0 0 0 0 0 0 0 0 0 0 0 0 0 0 
2384 144 0 0 0 0 0 0 0 0 0 0 0 0 0 0 
2416 144 0 0 0 0 0 0 0 0 0 0 0 0 0 0 
2448 144 0 0 0 0 0 0 0 0 0 0 0 0 0 0 
2480 144 0 0 0 0 0 0 0 0 0 0 0 0 0 0 
2512 144 0 0 0 0 0 0 0 0 0 0 0 0 0 0 
48 176 0 0 0 0 0 0 0 0 0 0 0 0 0 0 
80 176 0 0 0 0 0 0 0 0 0 0 0 0 0 0 
112 176 0 0 0 0 0 0 0 0 0 0 0 0 0 0 
144 176 0 0 0 0 0 0 0 0 0 0 0 0 0 0 
176 176 0 0 0 0 0 0 0 0 0 0 0 0 0 0 
208 176 0 0 0 0 0 0 0 0 0 0 0 0 0 0 
240 176 0 0 0 0 0 0 0 0 0 0 0 0 0 0 
272 176 0 0 0 0 0 0 0 0 0 0 0 0 0 0 
304 176 0 0 0 0 0 0 0 0 0 0 0 0 0 0 
336 176 0 0 0 0 0 0 0 0 0 0 0 0 0 0 
368 176 0 0 0 0 0 0 0 0 0 0 0 0 0 0 
400 176 0 0 0 0 0 0 0 0 0 0 0 0 0 0 
432 176 0 0 0 0 0 0 0 0 0 0 0 0 0 0 
464 176 0 0 0 0 0 0 0 0 0 0 0 0 0 0 
496 176 0 0 0 0 0 0 0 0 0 0 0 0 0 0 
528 176 0 0 0 0 0 0 0 0 0 0 0 0 0 0 
560 176 0 0 0 0 0 0 0 0 0 0 0 0 0 0 
592 176 0 0 0 0 0 0 0 0 0 0 0 0 0 0 
624 176 0 0 0 0 0 0 0 0 0 0 0 0 0 0 
656 176 0 0 0 0 0 0 0 0 0 0 0 0 0 0 
688 176 0 0 0 0 0 0 0 0 0 0 0 0 0 0 
720 176 0 0 0 0 0 0 0 0 0 0 0 0 0 0 
752 176 0 0 0 0 0 0 0 0 0 0 0 0 0 0 
784 176 0 0 0 0 0 0 0 0 0 0 0 0 0 0 
816 176 0 0 0 0 0 0 0 0 0 0 0 0 0 0 
848 176 0 0 0 0 0 0 0 0 0 0 0 0 0 0 
880 176 0 0 0 0 0 0 0 0 0 0 0 0 0 0 
912 176 0 0 0 0 0 0 0 0 0 0 0 0 0 0 
944 176 0 0 0 0 0 0 0 0 0 0 0 0 0 0 
976 176 0 0 0 0 0 0 0 0 0 0 0 0 0 0 
1008 176 0 0 0 0 0 0 0 0 0 0 0 0 0 0 
1040 176 0 0 0 0 0 0 0 0 0 0 0 0 0 0 
1072 176 0 0 0 0 0 0 0 0 0 0 0 0 0 0 
1104 176 0 0 0 0 0 0 0 0 0 0 0 0 0 0 
1136 176 0 0 0 0 0 0 0 0 0 0 0 0 0 0 
1168 176 0 0 0 0 0 0 0 0 0 0 0 0 0 0 
1200 176 0 0 0 0 0 0 0 0 0 0 0 0 0 0 
1232 176 0 0 0 0 0 0 0 0 0 0 0 0 0 0 
1264 176 0 0 0 0 0 0 0 0 0 0 0 0 0 0 
1296 176 0 0 0 0 0 0 0 0 0 0 0 0 0 0 
1328 176 0 0 0 0 0 0 0 0 0 0 0 0 0 0 
1360 176 0 0 0 0 0 0 0 0 0 0 0 0 0 0 
1392 176 0 0 0 0 0 0 0 0 0 0 0 0 0 0 
1424 176 0 0 0 0 0 0 0 0 0 0 0 0 0 0 
1456 176 0 0 0 0 0 0 0 0 0 0 0 0 0 0 
1488 176 0 0 0 0 0 0 0 0 0 0 0 0 0 0 
1520 176 0 0 0 0 0 0 0 0 0 0 0 0 0 0 
1552 176 0 0 0 0 0 0 0 0 0 0 0 0 0 0 
1584 176 0 0 0 0 0 0 0 0 0 0 0 0 0 0 
1616 176 0 0 0 0 0 0 0 0 0 0 0 0 0 0 
1648 176 0 0 0 0 0 0 0 0 0 0 0 0 0 0 
1680 176 0 0 0 0 0 0 0 0 0 0 0 0 0 0 
1712 176 0 0 0 0 0 0 0 0 0 0 0 0 0 0 
1744 176 0 0 0 0 0 0 0 0 0 0 0 0 0 0 
1776 176 0 0 0 0 0 0 0 0 0 0 0 0 0 0 
1808 176 0 0 0 0 0 0 0 0 0 0 0 0 0 0 
1840 176 0 0 0 0 0 0 0 0 0 0 0 0 0 0 
1872 176 0 0 0 0 0 0 0 0 0 0 0 0 0 0 
1904 176 0 0 0 0 0 0 0 0 0 0 0 0 0 0 
1936 176 0 0 0 0 0 0 0 0 0 0 0 0 0 0 
1968 176 0 0 0 0 0 0 0 0 0 0 0 0 0 0 
2000 176 0 0 0 0 0 0 0 0 0 0 0 0 0 0 
2032 176 0 0 0 0 0 0 0 0 0 0 0 0 0 0 
2064 176 0 0 0 0 0 0 0 0 0 0 0 0 0 0 
2096 176 0 0 0 0 0 0 0 0 0 0 0 0 0 0 
2128 176 0 0 0 0 0 0 0 0 0 0 0 0 0 0 
2160 176 0 0 0 0 0 0 0 0 0 0 0 0 0 0 
2192 176 0 0 0 0 0 0 0 0 0 0 0 0 0 0 
2224 176 0 0 0 0 0 0 0 0 0 0 0 0 0 0 
2256 176 0 0 0 0 0 0 0 0 0 0 0 0 0 0 
2288 176 0 0 0 0 0 0 0 0 0 0 0 0 0 0 
2320 176 0 0 0 0 0 0 0 0 0 0 0 0 0 0 
2352 176 0 0 0 0 0 0 0 0 0 0 0 0 0 0 
2384 176 0 0 0 0 0 0 0 0 0 0 0 0 0 0 
2416 176 0 0 0 0 0 0 0 0 0 0 0 0 0 0 
2448 176 0 0 0 0 0 0 0 0 0 0 0 0 0 0 
2480 176 0 0 0 0 0 0 0 0 0 0 0 0 0 0 
2512 176 0 0 0 0 0 0 0 0 0 0 0 0 0 0 
48 208 0 0 0 0 0 0 0 0 0 0 0 0 0 0 
80 208 0 0 0 0 0 0 0 0 0 0 0 0 0 0 
112 208 0 0 0 0 0 0 0 0 0 0 0 0 0 0 
144 208 0 0 0 0 0 0 0 0 0 0 0 0 0 0 
176 208 0 0 0 0 0 0 0 0 0 0 0 0 0 0 
208 208 0 0 0 0 0 0 0 0 0 0 0 0 0 0 
240 208 0 0 0 0 0 0 0 0 0 0 0 0 0 0 
272 208 0 0 0 0 0 0 0 0 0 0 0 0 0 0 
304 208 0 0 0 0 0 0 0 0 0 0 0 0 0 0 
336 208 0 0 0 0 0 0 0 0 0 0 0 0 0 0 
368 208 0 0 0 0 0 0 0 0 0 0 0 0 0 0 
400 208 0 0 0 0 0 0 0 0 0 0 0 0 0 0 
432 208 0 0 0 0 0 0 0 0 0 0 0 0 0 0 
464 208 0 0 0 0 0 0 0 0 0 0 0 0 0 0 
496 208 0 0 0 0 0 0 0 0 0 0 0 0 0 0 
528 208 0 0 0 0 0 0 0 0 0 0 0 0 0 0 
560 208 0 0 0 0 0 0 0 0 0 0 0 0 0 0 
592 208 0 0 0 0 0 0 0 0 0 0 0 0 0 0 
624 208 0 0 0 0 0 0 0 0 0 0 0 0 0 0 
656 208 0 0 0 0 0 0 0 0 0 0 0 0 0 0 
688 208 0 0 0 0 0 0 0 0 0 0 0 0 0 0 
720 208 0 0 0 0 0 0 0 0 0 0 0 0 0 0 
752 208 0 0 0 0 0 0 0 0 0 0 0 0 0 0 
784 208 0 0 0 0 0 0 0 0 0 0 0 0 0 0 
816 208 0 0 0 0 0 0 0 0 0 0 0 0 0 0 
848 208 0 0 0 0 0 0 0 0 0 0 0 0 0 0 
880 208 0 0 0 0 0 0 0 0 0 0 0 0 0 0 
912 208 0 0 0 0 0 0 0 0 0 0 0 0 0 0 
944 208 0 0 0 0 0 0 0 0 0 0 0 0 0 0 
976 208 0 0 0 0 0 0 0 0 0 0 0 0 0 0 
1008 208 0 0 0 0 0 0 0 0 0 0 0 0 0 0 
1040 208 0 0 0 0 0 0 0 0 0 0 0 0 0 0 
1072 208 0 0 0 0 0 0 0 0 0 0 0 0 0 0 
1104 208 0 0 0 0 0 0 0 0 0 0 0 0 0 0 
1136 208 0 0 0 0 0 0 0 0 0 0 0 0 0 0 
1168 208 0 0 0 0 0 0 0 0 0 0 0 0 0 0 
1200 208 0 0 0 0 0 0 0 0 0 0 0 0 0 0 
1232 208 0 0 0 0 0 0 0 0 0 0 0 0 0 0 
1264 208 0 0 0 0 0 0 0 0 0 0 0 0 0 0 
1296 208 0 0 0 0 0 0 0 0 0 0 0 0 0 0 
1328 208 0 0 0 0 0 0 0 0 0 0 0 0 0 0 
1360 208 0 0 0 0 0 0 0 0 0 0 0 0 0 0 
1392 208 0 0 0 0 0 0 0 0 0 0 0 0 0 0 
1424 208 0 0 0 0 0 0 0 0 0 0 0 0 0 0 
1456 208 0 0 0 0 0 0 0 0 0 0 0 0 0 0 
1488 208 0 0 0 0 0 0 0 0 0 0 0 0 0 0 
1520 208 0 0 0 0 0 0 0 0 0 0 0 0 0 0 
1552 208 0 0 0 0 0 0 0 0 0 0 0 0 0 0 
1584 208 0 0 0 0 0 0 0 0 0 0 0 0 0 0 
1616 208 0 0 0 0 0 0 0 0 0 0 0 0 0 0 
1648 208 0 0 0 0 0 0 0 0 0 0 0 0 0 0 
1680 208 0 0 0 0 0 0 0 0 0 0 0 0 0 0 
1712 208 0 0 0 0 0 0 0 0 0 0 0 0 0 0 
1744 208 0 0 0 0 0 0 0 0 0 0 0 0 0 0 
1776 208 0 0 0 0 0 0 0 0 0 0 0 0 0 0 
1808 208 0 0 0 0 0 0 0 0 0 0 0 0 0 0 
1840 208 0 0 0 0 0 0 0 0 0 0 0 0 0 0 
1872 208 0 0 0 0 0 0 0 0 0 0 0 0 0 0 
1904 208 0 0 0 0 0 0 0 0 0 0 0 0 0 0 
1936 208 0 0 0 0 0 0 0 0 0 0 0 0 0 0 
1968 208 0 0 0 0 0 0 0 0 0 0 0 0 0 0 
2000 208 0 0 0 0 0 0 0 0 0 0 0 0 0 0 
2032 208 0 0 0 0 0 0 0 0 0 0 0 0 0 0 
2064 208 0 0 0 0 0 0 0 0 0 0 0 0 0 0 
2096 208 0 0 0 0 0 0 0 0 0 0 0 0 0 0 
2128 208 0 0 0 0 0 0 0 0 0 0 0 0 0 0 
2160 208 0 0 0 0 0 0 0 0 0 0 0 0 0 0 
2192 208 0 0 0 0 0 0 0 0 0 0 0 0 0 0 
2224 208 0 0 0 0 0 0 0 0 0 0 0 0 0 0 
2256 208 0 0 0 0 0 0 0 0 0 0 0 0 0 0 
2288 208 0 0 0 0 0 0 0 0 0 0 0 0 0 0 
2320 208 0 0 0 0 0 0 0 0 0 0 0 0 0 0 
2352 208 0 0 0 0 0 0 0 0 0 0 0 0 0 0 
2384 208 0 0 0 0 0 0 0 0 0 0 0 0 0 0 
2416 208 0 0 0 0 0 0 0 0 0 0 0 0 0 0 
2448 208 0 0 0 0 0 0 0 0 0 0 0 0 0 0 
2480 208 0 0 0 0 0 0 0 0 0 0 0 0 0 0 
2512 208 0 0 0 0 0 0 0 0 0 0 0 0 0 0 
48 240 0 0 0 0 0 0 0 0 0 0 0 0 0 0 
80 240 0 0 0 0 0 0 0 0 0 0 0 0 0 0 
112 240 0 0 0 0 0 0 0 0 0 0 0 0 0 0 
144 240 0 0 0 0 0 0 0 0 0 0 0 0 0 0 
176 240 0 0 0 0 0 0 0 0 0 0 0 0 0 0 
208 240 0 0 0 0 0 0 0 0 0 0 0 0 0 0 
240 240 0 0 0 0 0 0 0 0 0 0 0 0 0 0 
272 240 0 0 0 0 0 0 0 0 0 0 0 0 0 0 
304 240 0 0 0 0 0 0 0 0 0 0 0 0 0 0 
336 240 0 0 0 0 0 0 0 0 0 0 0 0 0 0 
368 240 0 0 0 0 0 0 0 0 0 0 0 0 0 0 
400 240 0 0 0 0 0 0 0 0 0 0 0 0 0 0 
432 240 0 0 0 0 0 0 0 0 0 0 0 0 0 0 
464 240 0 0 0 0 0 0 0 0 0 0 0 0 0 0 
496 240 0 0 0 0 0 0 0 0 0 0 0 0 0 0 
528 240 0 0 0 0 0 0 0 0 0 0 0 0 0 0 
560 240 0 0 0 0 0 0 0 0 0 0 0 0 0 0 
592 240 0 0 0 0 0 0 0 0 0 0 0 0 0 0 
624 240 0 0 0 0 0 0 0 0 0 0 0 0 0 0 
656 240 0 0 0 0 0 0 0 0 0 0 0 0 0 0 
688 240 0 0 0 0 0 0 0 0 0 0 0 0 0 0 
720 240 0 0 0 0 0 0 0 0 0 0 0 0 0 0 
752 240 0 0 0 0 0 0 0 0 0 0 0 0 0 0 
784 240 0 0 0 0 0 0 0 0 0 0 0 0 0 0 
816 240 0 0 0 0 0 0 0 0 0 0 0 0 0 0 
848 240 0 0 0 0 0 0 0 0 0 0 0 0 0 0 
880 240 0 0 0 0 0 0 0 0 0 0 0 0 0 0 
912 240 0 0 0 0 0 0 0 0 0 0 0 0 0 0 
944 240 0 0 0 0 0 0 0 0 0 0 0 0 0 0 
976 240 0 0 0 0 0 0 0 0 0 0 0 0 0 0 
1008 240 0 0 0 0 0 0 0 0 0 0 0 0 0 0 
1040 240 0 0 0 0 0 0 0 0 0 0 0 0 0 0 
1072 240 0 0 0 0 0 0 0 0 0 0 0 0 0 0 
1104 240 0 0 0 0 0 0 0 0 0 0 0 0 0 0 
1136 240 0 0 0 0 0 0 0 0 0 0 0 0 0 0 
1168 240 0 0 0 0 0 0 0 0 0 0 0 0 0 0 
1200 240 0 0 0 0 0 0 0 0 0 0 0 0 0 0 
1232 240 0 0 0 0 0 0 0 0 0 0 0 0 0 0 
1264 240 0 0 0 0 0 0 0 0 0 0 0 0 0 0 
1296 240 0 0 0 0 0 0 0 0 0 0 0 0 0 0 
1328 240 0 0 0 0 0 0 0 0 0 0 0 0 0 0 
1360 240 0 0 0 0 0 0 0 0 0 0 0 0 0 0 
1392 240 0 0 0 0 0 0 0 0 0 0 0 0 0 0 
1424 240 0 0 0 0 0 0 0 0 0 0 0 0 0 0 
1456 240 0 0 0 0 0 0 0 0 0 0 0 0 0 0 
1488 240 0 0 0 0 0 0 0 0 0 0 0 0 0 0 
1520 240 0 0 0 0 0 0 0 0 0 0 0 0 0 0 
1552 240 0 0 0 0 0 0 0 0 0 0 0 0 0 0 
1584 240 0 0 0 0 0 0 0 0 0 0 0 0 0 0 
1616 240 0 0 0 0 0 0 0 0 0 0 0 0 0 0 
1648 240 0 0 0 0 0 0 0 0 0 0 0 0 0 0 
1680 240 0 0 0 0 0 0 0 0 0 0 0 0 0 0 
1712 240 0 0 0 0 0 0 0 0 0 0 0 0 0 0 
1744 240 0 0 0 0 0 0 0 0 0 0 0 0 0 0 
1776 240 0 0 0 0 0 0 0 0 0 0 0 0 0 0 
1808 240 0 0 0 0 0 0 0 0 0 0 0 0 0 0 
1840 240 0 0 0 0 0 0 0 0 0 0 0 0 0 0 
1872 240 0 0 0 0 0 0 0 0 0 0 0 0 0 0 
1904 240 0 0 0 0 0 0 0 0 0 0 0 0 0 0 
1936 240 0 0 0 0 0 0 0 0 0 0 0 0 0 0 
1968 240 0 0 0 0 0 0 0 0 0 0 0 0 0 0 
2000 240 0 0 0 0 0 0 0 0 0 0 0 0 0 0 
2032 240 0 0 0 0 0 0 0 0 0 0 0 0 0 0 
2064 240 0 0 0 0 0 0 0 0 0 0 0 0 0 0 
2096 240 0 0 0 0 0 0 0 0 0 0 0 0 0 0 
2128 240 0 0 0 0 0 0 0 0 0 0 0 0 0 0 
2160 240 0 0 0 0 0 0 0 0 0 0 0 0 0 0 
2192 240 0 0 0 0 0 0 0 0 0 0 0 0 0 0 
2224 240 0 0 0 0 0 0 0 0 0 0 0 0 0 0 
2256 240 0 0 0 0 0 0 0 0 0 0 0 0 0 0 
2288 240 0 0 0 0 0 0 0 0 0 0 0 0 0 0 
2320 240 0 0 0 0 0 0 0 0 0 0 0 0 0 0 
2352 240 0 0 0 0 0 0 0 0 0 0 0 0 0 0 
2384 240 0 0 0 0 0 0 0 0 0 0 0 0 0 0 
2416 240 0 0 0 0 0 0 0 0 0 0 0 0 0 0 
2448 240 0 0 0 0 0 0 0 0 0 0 0 0 0 0 
2480 240 0 0 0 0 0 0 0 0 0 0 0 0 0 0 
2512 240 0 0 0 0 0 0 0 0 0 0 0 0 0 0 
48 272 0 0 0 0 0 0 0 0 0 0 0 0 0 0 
80 272 0 0 0 0 0 0 0 0 0 0 0 0 0 0 
112 272 0 0 0 0 0 0 0 0 0 0 0 0 0 0 
144 272 0 0 0 0 0 0 0 0 0 0 0 0 0 0 
176 272 0 0 0 0 0 0 0 0 0 0 0 0 0 0 
208 272 0 0 0 0 0 0 0 0 0 0 0 0 0 0 
240 272 0 0 0 0 0 0 0 0 0 0 0 0 0 0 
272 272 0 0 0 0 0 0 0 0 0 0 0 0 0 0 
304 272 0 0 0 0 0 0 0 0 0 0 0 0 0 0 
336 272 0 0 0 0 0 0 0 0 0 0 0 0 0 0 
368 272 0 0 0 0 0 0 0 0 0 0 0 0 0 0 
400 272 0 0 0 0 0 0 0 0 0 0 0 0 0 0 
432 272 0 0 0 0 0 0 0 0 0 0 0 0 0 0 
464 272 0 0 0 0 0 0 0 0 0 0 0 0 0 0 
496 272 0 0 0 0 0 0 0 0 0 0 0 0 0 0 
528 272 0 0 0 0 0 0 0 0 0 0 0 0 0 0 
560 272 0 0 0 0 0 0 0 0 0 0 0 0 0 0 
592 272 0 0 0 0 0 0 0 0 0 0 0 0 0 0 
624 272 0 0 0 0 0 0 0 0 0 0 0 0 0 0 
656 272 0 0 0 0 0 0 0 0 0 0 0 0 0 0 
688 272 0 0 0 0 0 0 0 0 0 0 0 0 0 0 
720 272 0 0 0 0 0 0 0 0 0 0 0 0 0 0 
752 272 0 0 0 0 0 0 0 0 0 0 0 0 0 0 
784 272 0 0 0 0 0 0 0 0 0 0 0 0 0 0 
816 272 0 0 0 0 0 0 0 0 0 0 0 0 0 0 
848 272 0 0 0 0 0 0 0 0 0 0 0 0 0 0 
880 272 0 0 0 0 0 0 0 0 0 0 0 0 0 0 
912 272 0 0 0 0 0 0 0 0 0 0 0 0 0 0 
944 272 0 0 0 0 0 0 0 0 0 0 0 0 0 0 
976 272 0 0 0 0 0 0 0 0 0 0 0 0 0 0 
1008 272 0 0 0 0 0 0 0 0 0 0 0 0 0 0 
1040 272 0 0 0 0 0 0 0 0 0 0 0 0 0 0 
1072 272 0 0 0 0 0 0 0 0 0 0 0 0 0 0 
1104 272 0 0 0 0 0 0 0 0 0 0 0 0 0 0 
1136 272 0 0 0 0 0 0 0 0 0 0 0 0 0 0 
1168 272 0 0 0 0 0 0 0 0 0 0 0 0 0 0 
1200 272 0 0 0 0 0 0 0 0 0 0 0 0 0 0 
1232 272 0 0 0 0 0 0 0 0 0 0 0 0 0 0 
1264 272 0 0 0 0 0 0 0 0 0 0 0 0 0 0 
1296 272 0 0 0 0 0 0 0 0 0 0 0 0 0 0 
1328 272 0 0 0 0 0 0 0 0 0 0 0 0 0 0 
1360 272 0 0 0 0 0 0 0 0 0 0 0 0 0 0 
1392 272 0 0 0 0 0 0 0 0 0 0 0 0 0 0 
1424 272 0 0 0 0 0 0 0 0 0 0 0 0 0 0 
1456 272 0 0 0 0 0 0 0 0 0 0 0 0 0 0 
1488 272 0 0 0 0 0 0 0 0 0 0 0 0 0 0 
1520 272 0 0 0 0 0 0 0 0 0 0 0 0 0 0 
1552 272 0 0 0 0 0 0 0 0 0 0 0 0 0 0 
1584 272 0 0 0 0 0 0 0 0 0 0 0 0 0 0 
1616 272 0 0 0 0 0 0 0 0 0 0 0 0 0 0 
1648 272 0 0 0 0 0 0 0 0 0 0 0 0 0 0 
1680 272 0 0 0 0 0 0 0 0 0 0 0 0 0 0 
1712 272 0 0 0 0 0 0 0 0 0 0 0 0 0 0 
1744 272 0 0 0 0 0 0 0 0 0 0 0 0 0 0 
1776 272 0 0 0 0 0 0 0 0 0 0 0 0 0 0 
1808 272 0 0 0 0 0 0 0 0 0 0 0 0 0 0 
1840 272 0 0 0 0 0 0 0 0 0 0 0 0 0 0 
1872 272 0 0 0 0 0 0 0 0 0 0 0 0 0 0 
1904 272 0 0 0 0 0 0 0 0 0 0 0 0 0 0 
1936 272 0 0 0 0 0 0 0 0 0 0 0 0 0 0 
1968 272 0 0 0 0 0 0 0 0 0 0 0 0 0 0 
2000 272 0 0 0 0 0 0 0 0 0 0 0 0 0 0 
2032 272 0 0 0 0 0 0 0 0 0 0 0 0 0 0 
2064 272 0 0 0 0 0 0 0 0 0 0 0 0 0 0 
2096 272 0 0 0 0 0 0 0 0 0 0 0 0 0 0 
2128 272 0 0 0 0 0 0 0 0 0 0 0 0 0 0 
2160 272 0 0 0 0 0 0 0 0 0 0 0 0 0 0 
2192 272 0 0 0 0 0 0 0 0 0 0 0 0 0 0 
2224 272 0 0 0 0 0 0 0 0 0 0 0 0 0 0 
2256 272 0 0 0 0 0 0 0 0 0 0 0 0 0 0 
2288 272 0 0 0 0 0 0 0 0 0 0 0 0 0 0 
2320 272 0 0 0 0 0 0 0 0 0 0 0 0 0 0 
2352 272 0 0 0 0 0 0 0 0 0 0 0 0 0 0 
2384 272 0 0 0 0 0 0 0 0 0 0 0 0 0 0 
2416 272 0 0 0 0 0 0 0 0 0 0 0 0 0 0 
2448 272 0 0 0 0 0 0 0 0 0 0 0 0 0 0 
2480 272 0 0 0 0 0 0 0 0 0 0 0 0 0 0 
2512 272 0 0 0 0 0 0 0 0 0 0 0 0 0 0 
48 304 0 0 0 0 0 0 0 0 0 0 0 0 0 0 
80 304 0 0 0 0 0 0 0 0 0 0 0 0 0 0 
112 304 0 0 0 0 0 0 0 0 0 0 0 0 0 0 
144 304 0 0 0 0 0 0 0 0 0 0 0 0 0 0 
176 304 0 0 0 0 0 0 0 0 0 0 0 0 0 0 
208 304 0 0 0 0 0 0 0 0 0 0 0 0 0 0 
240 304 0 0 0 0 0 0 0 0 0 0 0 0 0 0 
272 304 0 0 0 0 0 0 0 0 0 0 0 0 0 0 
304 304 0 0 0 0 0 0 0 0 0 0 0 0 0 0 
336 304 0 0 0 0 0 0 0 0 0 0 0 0 0 0 
368 304 0 0 0 0 0 0 0 0 0 0 0 0 0 0 
400 304 0 0 0 0 0 0 0 0 0 0 0 0 0 0 
432 304 0 0 0 0 0 0 0 0 0 0 0 0 0 0 
464 304 0 0 0 0 0 0 0 0 0 0 0 0 0 0 
496 304 0 0 0 0 0 0 0 0 0 0 0 0 0 0 
528 304 0 0 0 0 0 0 0 0 0 0 0 0 0 0 
560 304 0 0 0 0 0 0 0 0 0 0 0 0 0 0 
592 304 0 0 0 0 0 0 0 0 0 0 0 0 0 0 
624 304 0 0 0 0 0 0 0 0 0 0 0 0 0 0 
656 304 0 0 0 0 0 0 0 0 0 0 0 0 0 0 
688 304 0 0 0 0 0 0 0 0 0 0 0 0 0 0 
720 304 0 0 0 0 0 0 0 0 0 0 0 0 0 0 
752 304 0 0 0 0 0 0 0 0 0 0 0 0 0 0 
784 304 0 0 0 0 0 0 0 0 0 0 0 0 0 0 
816 304 0 0 0 0 0 0 0 0 0 0 0 0 0 0 
848 304 0 0 0 0 0 0 0 0 0 0 0 0 0 0 
880 304 0 0 0 0 0 0 0 0 0 0 0 0 0 0 
912 304 0 0 0 0 0 0 0 0 0 0 0 0 0 0 
944 304 0 0 0 0 0 0 0 0 0 0 0 0 0 0 
976 304 0 0 0 0 0 0 0 0 0 0 0 0 0 0 
1008 304 0 0 0 0 0 0 0 0 0 0 0 0 0 0 
1040 304 0 0 0 0 0 0 0 0 0 0 0 0 0 0 
1072 304 0 0 0 0 0 0 0 0 0 0 0 0 0 0 
1104 304 0 0 0 0 0 0 0 0 0 0 0 0 0 0 
1136 304 0 0 0 0 0 0 0 0 0 0 0 0 0 0 
1168 304 0 0 0 0 0 0 0 0 0 0 0 0 0 0 
1200 304 0 0 0 0 0 0 0 0 0 0 0 0 0 0 
1232 304 0 0 0 0 0 0 0 0 0 0 0 0 0 0 
1264 304 0 0 0 0 0 0 0 0 0 0 0 0 0 0 
1296 304 0 0 0 0 0 0 0 0 0 0 0 0 0 0 
1328 304 0 0 0 0 0 0 0 0 0 0 0 0 0 0 
1360 304 0 0 0 0 0 0 0 0 0 0 0 0 0 0 
1392 304 0 0 0 0 0 0 0 0 0 0 0 0 0 0 
1424 304 0 0 0 0 0 0 0 0 0 0 0 0 0 0 
1456 304 0 0 0 0 0 0 0 0 0 0 0 0 0 0 
1488 304 0 0 0 0 0 0 0 0 0 0 0 0 0 0 
1520 304 0 0 0 0 0 0 0 0 0 0 0 0 0 0 
1552 304 0 0 0 0 0 0 0 0 0 0 0 0 0 0 
1584 304 0 0 0 0 0 0 0 0 0 0 0 0 0 0 
1616 304 0 0 0 0 0 0 0 0 0 0 0 0 0 0 
1648 304 0 0 0 0 0 0 0 0 0 0 0 0 0 0 
1680 304 0 0 0 0 0 0 0 0 0 0 0 0 0 0 
1712 304 0 0 0 0 0 0 0 0 0 0 0 0 0 0 
1744 304 0 0 0 0 0 0 0 0 0 0 0 0 0 0 
1776 304 0 0 0 0 0 0 0 0 0 0 0 0 0 0 
1808 304 0 0 0 0 0 0 0 0 0 0 0 0 0 0 
1840 304 0 0 0 0 0 0 0 0 0 0 0 0 0 0 
1872 304 0 0 0 0 0 0 0 0 0 0 0 0 0 0 
1904 304 0 0 0 0 0 0 0 0 0 0 0 0 0 0 
1936 304 0 0 0 0 0 0 0 0 0 0 0 0 0 0 
1968 304 0 0 0 0 0 0 0 0 0 0 0 0 0 0 
2000 304 0 0 0 0 0 0 0 0 0 0 0 0 0 0 
2032 304 0 0 0 0 0 0 0 0 0 0 0 0 0 0 
2064 304 0 0 0 0 0 0 0 0 0 0 0 0 0 0 
2096 304 0 0 0 0 0 0 0 0 0 0 0 0 0 0 
2128 304 0 0 0 0 0 0 0 0 0 0 0 0 0 0 
2160 304 0 0 0 0 0 0 0 0 0 0 0 0 0 0 
2192 304 0 0 0 0 0 0 0 0 0 0 0 0 0 0 
2224 304 0 0 0 0 0 0 0 0 0 0 0 0 0 0 
2256 304 0 0 0 0 0 0 0 0 0 0 0 0 0 0 
2288 304 0 0 0 0 0 0 0 0 0 0 0 0 0 0 
2320 304 0 0 0 0 0 0 0 0 0 0 0 0 0 0 
2352 304 0 0 0 0 0 0 0 0 0 0 0 0 0 0 
2384 304 0 0 0 0 0 0 0 0 0 0 0 0 0 0 
2416 304 0 0 0 0 0 0 0 0 0 0 0 0 0 0 
2448 304 0 0 0 0 0 0 0 0 0 0 0 0 0 0 
2480 304 0 0 0 0 0 0 0 0 0 0 0 0 0 0 
2512 304 0 0 0 0 0 0 0 0 0 0 0 0 0 0 
48 336 0 0 0 0 0 0 0 0 0 0 0 0 0 0 
80 336 0 0 0 0 0 0 0 0 0 0 0 0 0 0 
112 336 0 0 0 0 0 0 0 0 0 0 0 0 0 0 
144 336 0 0 0 0 0 0 0 0 0 0 0 0 0 0 
176 336 0 0 0 0 0 0 0 0 0 0 0 0 0 0 
208 336 0 0 0 0 0 0 0 0 0 0 0 0 0 0 
240 336 0 0 0 0 0 0 0 0 0 0 0 0 0 0 
272 336 0 0 0 0 0 0 0 0 0 0 0 0 0 0 
304 336 0 0 0 0 0 0 0 0 0 0 0 0 0 0 
336 336 0 0 0 0 0 0 0 0 0 0 0 0 0 0 
368 336 0 0 0 0 0 0 0 0 0 0 0 0 0 0 
400 336 0 0 0 0 0 0 0 0 0 0 0 0 0 0 
432 336 0 0 0 0 0 0 0 0 0 0 0 0 0 0 
464 336 0 0 0 0 0 0 0 0 0 0 0 0 0 0 
496 336 0 0 0 0 0 0 0 0 0 0 0 0 0 0 
528 336 0 0 0 0 0 0 0 0 0 0 0 0 0 0 
560 336 0 0 0 0 0 0 0 0 0 0 0 0 0 0 
592 336 0 0 0 0 0 0 0 0 0 0 0 0 0 0 
624 336 0 0 0 0 0 0 0 0 0 0 0 0 0 0 
656 336 0 0 0 0 0 0 0 0 0 0 0 0 0 0 
688 336 0 0 0 0 0 0 0 0 0 0 0 0 0 0 
720 336 0 0 0 0 0 0 0 0 0 0 0 0 0 0 
752 336 0 0 0 0 0 0 0 0 0 0 0 0 0 0 
784 336 0 0 0 0 0 0 0 0 0 0 0 0 0 0 
816 336 0 0 0 0 0 0 0 0 0 0 0 0 0 0 
848 336 0 0 0 0 0 0 0 0 0 0 0 0 0 0 
880 336 0 0 0 0 0 0 0 0 0 0 0 0 0 0 
912 336 0 0 0 0 0 0 0 0 0 0 0 0 0 0 
944 336 0 0 0 0 0 0 0 0 0 0 0 0 0 0 
976 336 0 0 0 0 0 0 0 0 0 0 0 0 0 0 
1008 336 0 0 0 0 0 0 0 0 0 0 0 0 0 0 
1040 336 0 0 0 0 0 0 0 0 0 0 0 0 0 0 
1072 336 0 0 0 0 0 0 0 0 0 0 0 0 0 0 
1104 336 0 0 0 0 0 0 0 0 0 0 0 0 0 0 
1136 336 0 0 0 0 0 0 0 0 0 0 0 0 0 0 
1168 336 0 0 0 0 0 0 0 0 0 0 0 0 0 0 
1200 336 0 0 0 0 0 0 0 0 0 0 0 0 0 0 
1232 336 0 0 0 0 0 0 0 0 0 0 0 0 0 0 
1264 336 0 0 0 0 0 0 0 0 0 0 0 0 0 0 
1296 336 0 0 0 0 0 0 0 0 0 0 0 0 0 0 
1328 336 0 0 0 0 0 0 0 0 0 0 0 0 0 0 
1360 336 0 0 0 0 0 0 0 0 0 0 0 0 0 0 
1392 336 0 0 0 0 0 0 0 0 0 0 0 0 0 0 
1424 336 0 0 0 0 0 0 0 0 0 0 0 0 0 0 
1456 336 0 0 0 0 0 0 0 0 0 0 0 0 0 0 
1488 336 0 0 0 0 0 0 0 0 0 0 0 0 0 0 
1520 336 0 0 0 0 0 0 0 0 0 0 0 0 0 0 
1552 336 0 0 0 0 0 0 0 0 0 0 0 0 0 0 
1584 336 0 0 0 0 0 0 0 0 0 0 0 0 0 0 
1616 336 0 0 0 0 0 0 0 0 0 0 0 0 0 0 
1648 336 0 0 0 0 0 0 0 0 0 0 0 0 0 0 
1680 336 0 0 0 0 0 0 0 0 0 0 0 0 0 0 
1712 336 0 0 0 0 0 0 0 0 0 0 0 0 0 0 
1744 336 0 0 0 0 0 0 0 0 0 0 0 0 0 0 
1776 336 0 0 0 0 0 0 0 0 0 0 0 0 0 0 
1808 336 0 0 0 0 0 0 0 0 0 0 0 0 0 0 
1840 336 0 0 0 0 0 0 0 0 0 0 0 0 0 0 
1872 336 0 0 0 0 0 0 0 0 0 0 0 0 0 0 
1904 336 0 0 0 0 0 0 0 0 0 0 0 0 0 0 
1936 336 0 0 0 0 0 0 0 0 0 0 0 0 0 0 
1968 336 0 0 0 0 0 0 0 0 0 0 0 0 0 0 
2000 336 0 0 0 0 0 0 0 0 0 0 0 0 0 0 
2032 336 0 0 0 0 0 0 0 0 0 0 0 0 0 0 
2064 336 0 0 0 0 0 0 0 0 0 0 0 0 0 0 
2096 336 0 0 0 0 0 0 0 0 0 0 0 0 0 0 
2128 336 0 0 0 0 0 0 0 0 0 0 0 0 0 0 
2160 336 0 0 0 0 0 0 0 0 0 0 0 0 0 0 
2192 336 0 0 0 0 0 0 0 0 0 0 0 0 0 0 
2224 336 0 0 0 0 0 0 0 0 0 0 0 0 0 0 
2256 336 0 0 0 0 0 0 0 0 0 0 0 0 0 0 
2288 336 0 0 0 0 0 0 0 0 0 0 0 0 0 0 
2320 336 0 0 0 0 0 0 0 0 0 0 0 0 0 0 
2352 336 0 0 0 0 0 0 0 0 0 0 0 0 0 0 
2384 336 0 0 0 0 0 0 0 0 0 0 0 0 0 0 
2416 336 0 0 0 0 0 0 0 0 0 0 0 0 0 0 
2448 336 0 0 0 0 0 0 0 0 0 0 0 0 0 0 
2480 336 0 0 0 0 0 0 0 0 0 0 0 0 0 0 
2512 336 0 0 0 0 0 0 0 0 0 0 0 0 0 0 
48 368 0 0 0 0 0 0 0 0 0 0 0 0 0 0 
80 368 0 0 0 0 0 0 0 0 0 0 0 0 0 0 
112 368 0 0 0 0 0 0 0 0 0 0 0 0 0 0 
144 368 0 0 0 0 0 0 0 0 0 0 0 0 0 0 
176 368 0 0 0 0 0 0 0 0 0 0 0 0 0 0 
208 368 0 0 0 0 0 0 0 0 0 0 0 0 0 0 
240 368 0 0 0 0 0 0 0 0 0 0 0 0 0 0 
272 368 0 0 0 0 0 0 0 0 0 0 0 0 0 0 
304 368 0 0 0 0 0 0 0 0 0 0 0 0 0 0 
336 368 0 0 0 0 0 0 0 0 0 0 0 0 0 0 
368 368 0 0 0 0 0 0 0 0 0 0 0 0 0 0 
400 368 0 0 0 0 0 0 0 0 0 0 0 0 0 0 
432 368 0 0 0 0 0 0 0 0 0 0 0 0 0 0 
464 368 0 0 0 0 0 0 0 0 0 0 0 0 0 0 
496 368 0 0 0 0 0 0 0 0 0 0 0 0 0 0 
528 368 0 0 0 0 0 0 0 0 0 0 0 0 0 0 
560 368 0 0 0 0 0 0 0 0 0 0 0 0 0 0 
592 368 0 0 0 0 0 0 0 0 0 0 0 0 0 0 
624 368 0 0 0 0 0 0 0 0 0 0 -0.000206239861 0.000121188718 0.000239210337 0 
656 368 0 0 0 0 0 0 0 0 0 0 -0.000618719582 0.000363566154 0.000717631012 0 
688 368 0 0 0 0 0 0 0 0 0 0 -0.000735032543 0.000580403949 0.000936558372 0 
720 368 0 0 0 0 0 0 0 0 0 0 -0.000555178744 0.000771702103 0.000950656391 0 
752 368 0 0 0 0 0 0 0 0 0 0 -0.00016891759 0.000874680517 0.000890841826 0 
784 368 0 0 0 0 0 0 0 0 0 0 0.00042375092 0.000889339191 0.000985134021 0 
816 368 0 0 0 0 0 0 0 0 0 0 0.000666298279 0.000328913448 0.000743059522 0 
848 368 0 0 0 0 0 0 0 0 0 0 0.000558724488 -0.000806596711 0.000981209104 0 
880 368 0 0 0 0 0 0 0 0 0 0 0.000306077856 -0.001372135731 0.00140585921 0 
912 368 0 0 0 0 0 0 0 0 0 0 -0.000091641618 -0.001367703615 0.001370770354 0 
944 368 0 0 0 0 0 0 0 0 0 0 -0.000151125318 -0.000789516531 0.000803850244 0 
976 368 0 0 0 0 0 0 0 0 0 0 0.000127626753 0.000362425518 0.000384240607 0 
1008 368 0 0 0 0 0 0 0 0 0 0 0.000596419173 0.000575681759 0.000828930225 0 
1040 368 0 0 0 0 0 0 0 0 0 0 0.00125525194 -0.000149747809 0.001264152617 0 
1072 368 0 0 0 0 0 0 0 0 0 0 0.001410371287 -0.000602521339 0.001533681561 0 
1104 368 0 0 0 0 0 0 0 0 0 0 0.001061777213 -0.000782638831 0.001319050564 0 
1136 368 0 0 0 0 0 0 0 0 0 0 0.000416577922 -0.000346031916 0.000541548938 0 
1168 368 0 0 0 0 0 0 0 0 0 0 -0.000525226586 0.000707299405 0.00088098548 0 
1200 368 0 0 0 0 0 0 0 0 0 0 -0.000877544112 0.001293091078 0.001562743806 0 
1232 368 0 0 0 0 0 0 0 0 0 0 -0.000640374654 0.001411343103 0.001549828717 0 
1264 368 0 0 0 0 0 0 0 0 0 0 -0.00092408217 0.001105642342 0.001440962472 0 
1296 368 0 0 0 0 0 0 0 0 0 0 -0.001728666658 0.000375988796 0.001769083375 0 
1328 368 0 0 0 0 0 0 0 0 0 0 -0.001598219177 0.000027240569 0.001598451308 0 
1360 368 0 0 0 0 0 0 0 0 0 0 -0.000532739726 0.000059397659 0.000536040761 0 
1392 368 0 0 0 0 0 0 0 0 0 0 0.000272578559 0.000034456091 0.00027474769 0 
1424 368 0 0 0 0 0 0 0 0 0 0 0.000817735677 -0.000047584135 0.00081911897 0 
1456 368 0 0 0 0 0 0 0 0 0 0 0.000856473908 -0.000131288536 0.000866478064 0 
1488 368 0 0 0 0 0 0 0 0 0 0 0.000388793253 -0.000216657112 0.000445084821 0 
1520 368 0 0 0 0 0 0 0 0 0 0 0.000209803614 -0.000126278338 0.00024487502 0 
1552 368 0 0 0 0 0 0 0 0 0 0 0.000319504992 0.000139847786 0.000348770473 0 
1584 368 0 0 0 0 0 0 0 0 0 0 0.00028076676 0.000204683136 0.000347455263 0 
1616 368 0 0 0 0 0 0 0 0 0 0 0.00009358892 0.000068227712 0.000115818421 0 
1648 368 0 0 0 0 0 0 0 0 0 0 0 0 0 0 
1680 368 0 0 0 0 0 0 0 0 0 0 0 0 0 0 
1712 368 0 0 0 0 0 0 0 0 0 0 0 0 0 0 
1744 368 0 0 0 0 0 0 0 0 0 0 0 0 0 0 
1776 368 0 0 0 0 0 0 0 0 0 0 0 0 0 0 
1808 368 0 0 0 0 0 0 0 0 0 0 0 0 0 0 
1840 368 0 0 0 0 0 0 0 0 0 0 0 0 0 0 
1872 368 0 0 0 0 0 0 0 0 0 0 0 0 0 0 
1904 368 0 0 0 0 0 0 0 0 0 0 0 0 0 0 
1936 368 0 0 0 0 0 0 0 0 0 0 0 0 0 0 
1968 368 0 0 0 0 0 0 0 0 0 0 0 0 0 0 
2000 368 0 0 0 0 0 0 0 0 0 0 0 0 0 0 
2032 368 0 0 0 0 0 0 0 0 0 0 0 0 0 0 
2064 368 0 0 0 0 0 0 0 0 0 0 0 0 0 0 
2096 368 0 0 0 0 0 0 0 0 0 0 0 0 0 0 
2128 368 0 0 0 0 0 0 0 0 0 0 0 0 0 0 
2160 368 0 0 0 0 0 0 0 0 0 0 0 0 0 0 
2192 368 0 0 0 0 0 0 0 0 0 0 0 0 0 0 
2224 368 0 0 0 0 0 0 0 0 0 0 0 0 0 0 
2256 368 0 0 0 0 0 0 0 0 0 0 0 0 0 0 
2288 368 0 0 0 0 0 0 0 0 0 0 0 0 0 0 
2320 368 0 0 0 0 0 0 0 0 0 0 0 0 0 0 
2352 368 0 0 0 0 0 0 0 0 0 0 0 0 0 0 
2384 368 0 0 0 0 0 0 0 0 0 0 0 0 0 0 
2416 368 0 0 0 0 0 0 0 0 0 0 0 0 0 0 
2448 368 0 0 0 0 0 0 0 0 0 0 0 0 0 0 
2480 368 0 0 0 0 0 0 0 0 0 0 0 0 0 0 
2512 368 0 0 0 0 0 0 0 0 0 0 0 0 0 0 
48 400 0 0 0 0 0 0 0 0 0 0 0 0 0 0 
80 400 0 0 0 0 0 0 0 0 0 0 0 0 0 0 
112 400 0 0 0 0 0 0 0 0 0 0 0 0 0 0 
144 400 0 0 0 0 0 0 0 0 0 0 0 0 0 0 
176 400 0 0 0 0 0 0 0 0 0 0 0 0 0 0 
208 400 0 0 0 0 0 0 0 0 0 0 0 0 0 0 
240 400 0 0 0 0 0 0 0 0 0 0 0 0 0 0 
272 400 0 0 0 0 0 0 0 0 0 0 0 0 0 0 
304 400 0 0 0 0 0 0 0 0 0 0 0 0 0 0 
336 400 0 0 0 0 0 0 0 0 0 0 0 0 0 0 
368 400 0 0 0 0 0 0 0 0 0 0 0 0 0 0 
400 400 0 0 0 0 0 0 0 0 0 0 0 0 0 0 
432 400 0 0 0 0 0 0 0 0 0 0 0 0 0 0 
464 400 0 0 0 0 0 0 0 0 0 0 0 0 0 0 
496 400 0 0 0 0 0 0 0 0 0 0 0 0 0 0 
528 400 0 0 0 0 0 0 0 0 0 0 0 0 0 0 
560 400 0 0 0 0 0 0 0 0 0 0 0 0 0 0 
592 400 0 0 0 0 0 0 0 0 0 0 0 0 0 0 
624 400 0 0 0 0 0 0 0 0 0 0 -0.000618719582 0.000363566154 0.000717631012 0 
656 400 0 0 0 0 0 0 0 0 0 0 -0.001856158746 0.001090698462 0.002152893036 0 
688 400 0 0 0 0 0 0 0 0 0 0 -0.002205097629 0.001741211847 0.002809675115 0 
720 400 0 0 0 0 0 0 0 0 0 0 -0.001665536232 0.002315106309 0.002851969173 0 
752 400 0 0 0 0 0 0 0 0 0 0 -0.000506752769 0.002624041551 0.002672525478 0 
784 400 0 0 0 0 0 0 0 0 0 0 0.00127125276 0.002668017572 0.002955402062 0 
816 400 0 0 0 0 0 0 0 0 0 0 0.001998894837 0.000986740345 0.002229178566 0 
848 400 0 0 0 0 0 0 0 0 0 0 0.001676173464 -0.002419790132 0.002943627313 0 
880 400 0 0 0 0 0 0 0 0 0 0 0.000918233567 -0.004116407194 0.004217577631 0 
912 400 0 0 0 0 0 0 0 0 0 0 -0.000274924853 -0.004103110844 0.004112311063 0 
944 400 0 0 0 0 0 0 0 0 0 0 -0.000453375955 -0.002368549594 0.002411550733 0 
976 400 0 0 0 0 0 0 0 0 0 0 0.000382880259 0.001087276555 0.001152721822 0 
1008 400 0 0 0 0 0 0 0 0 0 0 0.001789257518 0.001727045278 0.002486790674 0 
1040 400 0 0 0 0 0 0 0 0 0 0 0.00376575582 -0.000449243426 0.003792457851 0 
1072 400 0 0 0 0 0 0 0 0 0 0 0.004231113861 -0.001807564016 0.004601044683 0 
1104 400 0 0 0 0 0 0 0 0 0 0 0.00318533164 -0.002347916492 0.003957151692 0 
1136 400 0 0 0 0 0 0 0 0 0 0 0.001249733767 -0.001038095748 0.001624646814 0 
1168 400 0 0 0 0 0 0 0 0 0 0 -0.001575679758 0.002121898216 0.002642956439 0 
1200 400 0 0 0 0 0 0 0 0 0 0 -0.002632632335 0.003879273235 0.004688231419 0 
1232 400 0 0 0 0 0 0 0 0 0 0 -0.001921123963 0.004234029308 0.00464948615 0 
1264 400 0 0 0 0 0 0 0 0 0 0 -0.002772246509 0.003316927026 0.004322887415 0 
1296 400 0 0 0 0 0 0 0 0 0 0 -0.005185999974 0.001127966389 0.005307250126 0 
1328 400 0 0 0 0 0 0 0 0 0 0 -0.00479465753 0.000081721706 0.004795353925 0 
1360 400 0 0 0 0 0 0 0 0 0 0 -0.001598219177 0.000178192977 0.001608122282 0 
1392 400 0 0 0 0 0 0 0 0 0 0 0.000817735677 0.000103368273 0.000824243069 0 
1424 400 0 0 0 0 0 0 0 0 0 0 0.00245320703 -0.000142752405 0.00245735691 0 
1456 400 0 0 0 0 0 0 0 0 0 0 0.002569421724 -0.000393865609 0.002599434191 0 
1488 400 0 0 0 0 0 0 0 0 0 0 0.001166379759 -0.000649971337 0.001335254463 0 
1520 400 0 0 0 0 0 0 0 0 0 0 0.000629410842 -0.000378835015 0.000734625059 0 
1552 400 0 0 0 0 0 0 0 0 0 0 0.000958514975 0.000419543357 0.001046311419 0 
1584 400 0 0 0 0 0 0 0 0 0 0 0.000842300281 0.000614049407 0.001042365789 0 
1616 400 0 0 0 0 0 0 0 0 0 0 0.00028076676 0.000204683136 0.000347455263 0 
1648 400 0 0 0 0 0 0 0 0 0 0 0 0 0 0 
1680 400 0 0 0 0 0 0 0 0 0 0 0 0 0 0 
1712 400 0 0 0 0 0 0 0 0 0 0 0 0 0 0 
1744 400 0 0 0 0 0 0 0 0 0 0 0 0 0 0 
1776 400 0 0 0 0 0 0 0 0 0 0 0 0 0 0 
1808 400 0 0 0 0 0 0 0 0 0 0 0 0 0 0 
1840 400 0 0 0 0 0 0 0 0 0 0 0 0 0 0 
1872 400 0 0 0 0 0 0 0 0 0 0 0 0 0 0 
1904 400 0 0 0 0 0 0 0 0 0 0 0 0 0 0 
1936 400 0 0 0 0 0 0 0 0 0 0 0 0 0 0 
1968 400 0 0 0 0 0 0 0 0 0 0 0 0 0 0 
2000 400 0 0 0 0 0 0 0 0 0 0 0 0 0 0 
2032 400 0 0 0 0 0 0 0 0 0 0 0 0 0 0 
2064 400 0 0 0 0 0 0 0 0 0 0 0 0 0 0 
2096 400 0 0 0 0 0 0 0 0 0 0 0 0 0 0 
2128 400 0 0 0 0 0 0 0 0 0 0 0 0 0 0 
2160 400 0 0 0 0 0 0 0 0 0 0 0 0 0 0 
2192 400 0 0 0 0 0 0 0 0 0 0 0 0 0 0 
2224 400 0 0 0 0 0 0 0 0 0 0 0 0 0 0 
2256 400 0 0 0 0 0 0 0 0 0 0 0 0 0 0 
2288 400 0 0 0 0 0 0 0 0 0 0 0 0 0 0 
2320 400 0 0 0 0 0 0 0 0 0 0 0 0 0 0 
2352 400 0 0 0 0 0 0 0 0 0 0 0 0 0 0 
2384 400 0 0 0 0 0 0 0 0 0 0 0 0 0 0 
2416 400 0 0 0 0 0 0 0 0 0 0 0 0 0 0 
2448 400 0 0 0 0 0 0 0 0 0 0 0 0 0 0 
2480 400 0 0 0 0 0 0 0 0 0 0 0 0 0 0 
2512 400 0 0 0 0 0 0 0 0 0 0 0 0 0 0 
48 432 0 0 0 0 0 0 0 0 0 0 0 0 0 0 
80 432 0 0 0 0 0 0 0 0 0 0 0 0 0 0 
112 432 0 0 0 0 0 0 0 0 0 0 0 0 0 0 
144 432 0 0 0 0 0 0 0 0 0 0 0 0 0 0 
176 432 0 0 0 0 0 0 0 0 0 0 0 0 0 0 
208 432 0 0 0 0 0 0 0 0 0 0 0 0 0 0 
240 432 0 0 0 0 0 0 0 0 0 0 0 0 0 0 
272 432 0 0 0 0 0 0 0 0 0 0 0 0 0 0 
304 432 0 0 0 0 0 0 0 0 0 0 0 0 0 0 
336 432 0 0 0 0 0 0 0 0 0 0 0 0 0 0 
368 432 0 0 0 0 0 0 0 0 0 0 0 0 0 0 
400 432 0 0 0 0 0 0 0 0 0 0 0 0 0 0 
432 432 0 0 0 0 0 0 0 0 0 0 0 0 0 0 
464 432 0 0 0 0 0 0 0 0 0 0 0 0 0 0 
496 432 0 0 0 0 0 0 0 0 0 0 0.000574283092 0.000398106897 0.000698777626 0 
528 432 0 0 0 0 0 0 0 0 0 0 0.001722849275 0.001194320692 0.002096332879 0 
560 432 0 0 0 0 0 0 0 0 0 0 0.001577309932 0.000474632573 0.001647174156 0 
592 432 0 0 0 0 0 0 0 0 0 0 0.000137665064 -0.001760957459 0.001766330332 0 
624 432 0 0 0 0 0 0 0 0 0 0 0.001418833345 -0.000618880402 0.001547934434 0 
656 432 0 0 0 0 0 0 0 0 0 0 0.005420814775 0.003900863745 0.006678470692 0 
688 432 0 0 0 0 0 0 0 0 0 0 0.00851977675 0.009791249419 0.01297902774 0 
720 432 0 0 0 0 0 0 0 0 0 0 0.010715719272 0.01705227662 0.020139681662 0 
752 432 0 0 0 0 0 0 0 0 0 0 0.012223173495 0.022504740207 0.025609945374 0 
784 432 0.000837921417 0.005425981247 0.005490299153 17.729907936455 344070.9375 0.000837921417 0.005425981247 0.005490299153 17.729907936455 344070.9375 0.013042139422 0.026148640178 0.029220691022 0 
816 432 0.009085049103 0.008154014215 0.012207623234 32.891386755193 993123.9375 0.009085049103 0.008154014215 0.012207623234 32.891386755193 993123.9375 0.007361272198 0.027093984567 0.028076187919 0 
848 432 0.004101736785 -0.000416488195 0.004122827557 106.566094088196 1716452 0.004101736785 -0.000416488195 0.004122827557 106.566094088196 1716452 -0.004819428177 0.025340773374 0.025794993374 0 
880 432 -0.008076408571 -0.010716792007 0.013419314674 117.918151752342 2605685 -0.008076408571 -0.010716792007 0.013419314674 117.918151752342 2605685 -0.011102485264 0.02372349987 0.026192930824 0 
912 432 -0.003735359644 -0.007140645255 0.008058642958 125.069388733833 2943419.5 -0.003735359644 -0.007140645255 0.008058642958 125.069388733833 2943419.5 -0.011487899065 0.022242164055 0.025033691034 0 
944 432 0.006299175559 -0.000651873044 0.006332815423 101.497058425732 2308554 0.006299175559 -0.000651873044 0.006332815423 101.497058425732 2308554 -0.002027058687 0.020715202236 0.020814143523 0 
976 432 0.000467036789 0.006312568296 0.006329821629 37.841231221037 1649530.875 0.000467036789 0.006312568296 0.006329821629 37.841231221037 1649530.875 0.017280035869 0.019142614414 0.025788356408 0 
1008 432 -0.005430439702 0.007238535933 0.009049092652 86.461474395287 1482681 -0.005430439702 0.007238535933 0.009049092652 86.461474395287 1482681 0.016202158636 0.013797024987 0.021280691787 0 
1040 432 -0.013619971186 0.006828800129 0.015236014122 15.018980621407 1194806 -0.013619971186 0.006828800129 0.015236014122 15.018980621407 1194806 -0.005260690386 0.004678433954 0.007040071562 0 
1072 432 -0.01005605344 0.001706383319 0.010199801705 30.788352425062 1167451 -0.01005605344 0.001706383319 0.010199801705 30.788352425062 1167451 -0.011904345924 -0.004607290168 0.012764817843 0 
1104 432 -0.005806213639 -0.001439204532 0.005981924983 61.22535412246 1326767.875 -0.005806213639 -0.001439204532 0.005981924983 61.22535412246 1326767.875 -0.003728807978 -0.01406014738 0.014546193773 0 
1136 432 -0.003695098387 -0.002773411466 0.00462012589 39.32483271764 1239725.875 -0.003695098387 -0.002773411466 0.00462012589 39.32483271764 1239725.875 -0.004812733609 -0.019616763769 0.020198510478 0 
1168 432 0.013565135434 -0.001588843934 0.013657866758 118.782568835717 858739.875 0.013565135434 -0.001588843934 0.013657866758 118.782568835717 858739.875 -0.015156122817 -0.021277139333 0.026123260077 0 
1200 432 0.008014673494 0.000747239794 0.008049432186 136.153431577419 298862.9375 -32 0 32 49.173083075248 152507.984375 -0.017412159802 -0.020153032838 0.026633213128 0 
1232 432 0.000242425989 0.000554026504 0.000604744348 168.147305035747 62295.9921875 0.000242425989 0.000554026504 0.000604744348 168.147305035747 62295.9921875 -0.011580844563 -0.016244444282 0.019949885484 0 
1264 432 0 0 0 0 0 0 0 0 0 0 -0.010556635057 -0.012020369306 0.015997869295 0 
1296 432 0 0 0 0 0 0 0 0 0 0 -0.014339531282 -0.007480807911 0.016173578589 0 
1328 432 0 0 0 0 0 0 0 0 0 0 -0.018688218124 0.00061364073 0.018698290071 0 
1360 432 0 0 0 0 0 0 0 0 0 0 -0.023602695582 0.012262976617 0.026598267504 0 
1392 432 0 0 0 0 0 0 0 0 0 0 -0.022468194844 0.016256063557 0.027732280504 0 
1424 432 0 0 0 0 0 0 0 0 0 0 -0.015284715912 0.012592901552 0.01980413366 0 
1456 432 0 0 0 0 0 0 0 0 0 0 -0.01236361571 0.01079761381 0.016414854779 0 
1488 432 0 0 0 0 0 0 0 0 0 0 -0.013704894239 0.010870200329 0.017492437832 0 
1520 432 0 0 0 0 0 0 0 0 0 0 -0.014210157174 0.01549048584 0.021021030385 0 
1552 432 0 0 0 0 0 0 0 0 0 0 -0.013879404514 0.024658470344 0.028296254688 0 
1584 432 0 0 0 0 0 0 0 0 0 0 -0.014804338306 0.028262122745 0.031904796109 0 
1616 432 0 0 0 0 0 0 0 0 0 0 -0.016984958551 0.026301443043 0.031309019837 0 
1648 432 0 0 0 0 0 0 0 0 0 0 -0.017797489825 0.022413707562 0.028620358676 0 
1680 432 0 0 0 0 0 0 0 0 0 0 -0.01724193213 0.016598916302 0.023933412752 0 
1712 432 0 0 0 0 0 0 0 0 0 0 -0.011854104705 0.010383314264 0.015758585389 0 
1744 432 0 0 0 0 0 0 0 0 0 0 -0.001634007552 0.003766901448 0.00410603546 0 
1776 432 0 0 0 0 0 0 0 0 0 0 0.002133068383 0.000179833899 0.002140635644 0 
1808 432 0 0 0 0 0 0 0 0 0 0 -0.000552876899 -0.000377888384 0.000669680891 0 
1840 432 0 0 0 0 0 0 0 0 0 0 -0.00208761662 -0.000284808954 0.002106954981 0 
1872 432 0 0 0 0 0 0 0 0 0 0 -0.002471150781 0.000459072188 0.002513430615 0 
1904 432 0 0 0 0 0 0 0 0 0 0 -0.001921403012 0.000968345435 0.002151623205 0 
1936 432 0 0 0 0 0 0 0 0 0 0 -0.000438373314 0.001243010787 0.001318046653 0 
1968 432 0 0 0 0 0 0 0 0 0 0 0.001650915061 0.001103692516 0.001985864474 0 
2000 432 0 0 0 0 0 0 0 0 0 0 0.004346462112 0.000550390622 0.004381171388 0 
2032 432 0 0 0 0 0 0 0 0 0 0 0.003785274838 0.000223168976 0.003791847833 0 
2064 432 0 0 0 0 0 0 0 0 0 0 -0.000032646763 0.000122027579 0.000126319203 0 
2096 432 0 0 0 0 0 0 0 0 0 0 -0.001826656231 0.000081913897 0.001828491967 0 
2128 432 0 0 0 0 0 0 0 0 0 0 -0.001596753568 0.000102827929 0.001600061105 0 
2160 432 0 0 0 0 0 0 0 0 0 0 -0.001217505848 0.000081001756 0.001220197433 0 
2192 432 0 0 0 0 0 0 0 0 0 0 -0.00068891307 0.000016435377 0.000689109092 0 
2224 432 0 0 0 0 0 0 0 0 0 0 -0.000318462511 -0.000011885859 0.00031868424 0 
2256 432 0 0 0 0 0 0 0 0 0 0 -0.00010615417 -0.000003961953 0.00010622808 0 
2288 432 0 0 0 0 0 0 0 0 0 0 0 0 0 0 
2320 432 0 0 0 0 0 0 0 0 0 0 0 0 0 0 
2352 432 0 0 0 0 0 0 0 0 0 0 0 0 0 0 
2384 432 0 0 0 0 0 0 0 0 0 0 0 0 0 0 
2416 432 0 0 0 0 0 0 0 0 0 0 0 0 0 0 
2448 432 0 0 0 0 0 0 0 0 0 0 0 0 0 0 
2480 432 0 0 0 0 0 0 0 0 0 0 0 0 0 0 
2512 432 0 0 0 0 0 0 0 0 0 0 0 0 0 0 
48 464 0 0 0 0 0 0 0 0 0 0 0 0 0 0 
80 464 0 0 0 0 0 0 0 0 0 0 0 0 0 0 
112 464 0 0 0 0 0 0 0 0 0 0 0 0 0 0 
144 464 0 0 0 0 0 0 0 0 0 0 0 0 0 0 
176 464 0 0 0 0 0 0 0 0 0 0 0 0 0 0 
208 464 0 0 0 0 0 0 0 0 0 0 0 0 0 0 
240 464 0 0 0 0 0 0 0 0 0 0 0 0 0 0 
272 464 0 0 0 0 0 0 0 0 0 0 0 0 0 0 
304 464 0 0 0 0 0 0 0 0 0 0 0 0 0 0 
336 464 0 0 0 0 0 0 0 0 0 0 0 0 0 0 
368 464 0 0 0 0 0 0 0 0 0 0 0 0 0 0 
400 464 0 0 0 0 0 0 0 0 0 0 0 0 0 0 
432 464 0 0 0 0 0 0 0 0 0 0 0 0 0 0 
464 464 0 0 0 0 0 0 0 0 0 0 0 0 0 0 
496 464 0 0 0 0 0 0 0 0 0 0 0.001722849275 0.001194320692 0.002096332879 0 
528 464 0 0 0 0 0 0 0 0 0 0 0.005168547824 0.003582962075 0.006288998636 0 
560 464 0 0 0 0 0 0 0 0 0 0 0.004731929796 0.001423897719 0.004941522469 0 
592 464 0 0 0 0 0 0 0 0 0 0 0.000412995192 -0.005282872378 0.005298990997 0 
624 464 0 0 0 0 0 0 0 0 0 0 0.005906418919 -0.002826150949 0.00654774111 0 
656 464 0.00209838699 -0.001077112105 0.002358685745 49.689352661931 835429.875 0.00209838699 -0.001077112105 0.002358685745 49.689352661931 835429.875 0.02121220098 0.008794062005 0.022962861254 0 
688 464 -0.003069027361 -0.002217203994 0.003786148769 177.657305272748 3198725.5 -32 -8 32.984845004941 155.847501605588 814208.875 0.031439590595 0.024730516667 0.040000578888 0 
720 464 0.003632873442 0.005059605481 0.006228754054 3.445405236893 5255445.5 0.003632873442 0.005059605481 0.006228754054 3.445405236893 5255445.5 0.036588587766 0.044983213037 0.057984603214 0 
752 464 0.010262989546 0.010521458911 0.014697960813 12.147618507514 6603781.5 0.010262989546 0.010521458911 0.014697960813 12.147618507514 6603781.5 0.038020861203 0.060516776483 0.071469336939 0 
784 464 0.006761078674 0.008996815476 0.011254104742 10.314214267891 6802416 0.006761078674 0.008996815476 0.011254104742 10.314214267891 6802416 0.035736410905 0.071331207007 0.079782405061 0 
816 464 0.008094648472 -0.023884144432 0.025218558427 149.252915159468 5503594 0.008094648472 -0.023884144432 0.025218558427 149.252915159468 5503594 0.016753430359 0.078650646115 0.080415182416 0 
848 464 0.018405178846 -0.087863050171 0.089770074043 178.905424183741 5982904 9 31 32.280024783138 29.11478986768 3709409.75 -0.018928080433 0.082475093807 0.084619225519 0 
880 464 0.03477925163 -0.091916446122 0.098276291198 177.203718432343 7296674 -22.337792377524 25.08376166796 33.588272770662 18.164088524089 5636832 -0.035756078637 0.082147585463 0.089591980428 0 
912 464 0.006528138871 -0.076810469781 0.077087384604 161.38303536991 6918913 14.077879441797 16.326205310169 21.557635988382 64.245652046082 5660193.5 -0.033730564253 0.077668121083 0.084676372132 0 
944 464 -0.009010176096 -0.075395162266 0.075931638771 169.114459381439 6346665 -0.009010176096 -0.075395162266 0.075931638771 169.114459381439 6346665 -0.004872173513 0.068461738961 0.068634887458 0 
976 464 0.040508947404 -0.064876124276 0.076484549557 105.035739952071 6699308.5 0.040508947404 -0.064876124276 0.076484549557 105.035739952071 6699308.5 0.050819093581 0.054528439097 0.074538117381 0 
1008 464 0.015843331139 -0.046493135671 0.049118456879 111.185328820099 6503567 -15.749569212211 27.278611308279 31.498754979815 79.997652455416 3565492 0.043835122526 0.036785620887 0.057224993411 0 
1040 464 0 -0.01909055255 0.01909055255 120.535787687024 5505769 0 -0.01909055255 0.01909055255 120.535787687024 5505769 -0.025824086677 0.015233284332 0.029982268164 0 
1072 464 0.012926481567 -0.006456072458 0.014449041397 142.617169532519 5878356 0.012926481567 -0.006456072458 0.014449041397 142.617169532519 5878356 -0.046996008066 -0.009001699796 0.047850343503 0 
1104 464 0.043757639902 -0.007199990776 0.044346036091 109.375010202966 7759979 0.043757639902 -0.007199990776 0.044346036091 109.375010202966 7759979 -0.01968064164 -0.035919331496 0.040957612607 0 
1136 464 -0.004005735444 -0.001987324319 0.004471618767 46.031135835743 9789692 -0.004005735444 -0.001987324319 0.004471618767 46.031135835743 9789692 -0.017770824205 -0.056082035979 0.058830238419 0 
1168 464 0.013423325896 0.005405244086 0.014470740885 142.637413703917 9120548 0.013423325896 0.005405244086 0.014470740885 142.637413703917 9120548 -0.041266555762 -0.069489813244 0.080819321756 0 
1200 464 -0.020400980546 0.01922264259 0.028030518999 100.733862117072 7573297 -0.020400980546 0.01922264259 0.028030518999 100.733862117072 7573297 -0.045216126512 -0.07080382714 0.084009999609 0 
1232 464 -0.027921751038 0.01001666014 0.029664080323 83.470422623077 8430618 -0.027921751038 0.01001666014 0.029664080323 83.470422623077 8430618 -0.029619536455 -0.060024077667 0.066934347234 0 
1264 464 -0.002925885997 -0.012704187959 0.013036763424 15.427008734145 9023622 -0.002925885997 -0.012704187959 0.013036763424 15.427008734145 9023622 -0.024277247812 -0.044906246655 0.051048562663 0 
1296 464 0.001287259139 -0.016197152076 0.01624822364 53.45858137133 8620872 0.001287259139 -0.016197152076 0.01624822364 53.45858137133 8620872 -0.029189260583 -0.025450334104 0.038726379115 0 
1328 464 -0.032217375462 0.024842850158 0.040683245761 35.488215365045 8581836 -0.032217375462 0.024842850158 0.040683245761 35.488215365045 8581836 -0.043278900959 0.00162299764 0.043309322201 0 
1360 464 -0.020196534948 0.046830731724 0.051000171154 38.050103964291 8273149 -0.020196534948 0.046830731724 0.051000171154 38.050103964291 8273149 -0.066546168941 0.036313748578 0.075809504262 0 
1392 464 -0.014434526802 0.039217237749 0.041789320414 34.921192390306 7332644 -0.014434526802 0.039217237749 0.041789320414 34.921192390306 7332644 -0.069585213004 0.048492541944 0.084815260968 0 
1424 464 0.009303230223 0.009744827595 0.013472629938 97.606546628933 7175654 0.009303230223 0.009744827595 0.013472629938 97.606546628933 7175654 -0.052396033149 0.038159377738 0.064818842933 0 
1456 464 0.001674151792 -0.015155368748 0.015247556726 133.577121661427 7199233 0.001674151792 -0.015155368748 0.015247556726 133.577121661427 7199233 -0.043942638395 0.033443149718 0.055221370249 0 
1488 464 0.004808032201 -0.012174833948 0.013089834044 149.381701323254 6184399 0.004808032201 -0.012174833948 0.013089834044 149.381701323254 6184399 -0.044225028742 0.034343857883 0.055994229538 0 
1520 464 0.012413889741 -0.000773638361 0.012437973099 136.586416182398 5319126.5 0.012413889741 -0.000773638361 0.012437973099 136.586416182398 5319126.5 -0.044308900435 0.047481684226 0.06494450704 0 
1552 464 -0.009815383733 0.000832481818 0.009850623524 53.911450485048 4620834.5 -0.009815383733 0.000832481818 0.009850623524 53.911450485048 4620834.5 -0.044194253475 0.072856628746 0.08521279477 0 
1584 464 -0.006482896417 -0.000911894399 0.006546716532 68.707747477648 3832964 -0.006482896417 -0.000911894399 0.006546716532 68.707747477648 3832964 -0.046659149001 0.083148903149 0.095345772221 0 
1616 464 -0.003217730375 -0.000953676134 0.003356082081 73.090680178172 3272685.75 -0.003217730375 -0.000953676134 0.003356082081 73.090680178172 3272685.75 -0.051703587013 0.078358507435 0.093879266068 0 
1648 464 -0.01005546484 0.000906554829 0.01009624756 46.39724879721 2753130.75 -0.01005546484 0.000906554829 0.01009624756 46.39724879721 2753130.75 -0.053392469475 0.067241122687 0.085861076029 0 
1680 464 0.005820350248 0.00222243302 0.006230223555 115.189781303155 2379783 0.005820350248 0.00222243302 0.006230223555 115.189781303155 2379783 -0.051725796389 0.049796748907 0.071800238257 0 
1712 464 0.014740308155 -0.000179551313 0.01474140167 139.481934796059 1669698.875 0.014740308155 -0.000179551313 0.01474140167 139.481934796059 1669698.875 -0.035562314116 0.031149942792 0.047275756168 0 
1744 464 0.008024930937 -0.004389261574 0.009146864693 142.126843800882 1127091.875 0.008024930937 -0.004389261574 0.009146864693 142.126843800882 1127091.875 -0.004902022656 0.011300704344 0.01231810638 0 
1776 464 0.002981365509 -0.00207014867 0.003629608218 39.593741324317 905350 0.002981365509 -0.00207014867 0.003629608218 39.593741324317 905350 0.00639920515 0.000539501697 0.006421906931 0 
1808 464 0.004028581768 -0.000062089317 0.004029060206 144.764619480292 536873.9375 0.004028581768 -0.000062089317 0.004029060206 144.764619480292 536873.9375 -0.001658630696 -0.001133665151 0.002009042673 0 
1840 464 0.002885797534 0.000124519516 0.002888482737 174.701952220965 216176.96875 31 0 31 172.231224518984 54722.99609375 -0.006262849861 -0.000854426862 0.006320864944 0 
1872 464 0.006330468666 0.006330468666 0.008952634643 124.475984107521 25456.99609375 0.006330468666 0.006330468666 0.008952634643 124.475984107521 25456.99609375 -0.007413452342 0.001377216563 0.007540291844 0 
1904 464 0 0 0 0 0 0 0 0 0 0 -0.005764209035 0.002905036304 0.006454869614 0 
1936 464 0 0 0 0 0 0 0 0 0 0 -0.001315119941 0.003729032361 0.003954139958 0 
1968 464 0 0 0 0 0 0 0 0 0 0 0.004952745183 0.003311077548 0.005957593422 0 
2000 464 0 0 0 0 0 0 0 0 0 0 0.013039386337 0.001651171866 0.013143514163 0 
2032 464 0 0 0 0 0 0 0 0 0 0 0.011355824513 0.000669506929 0.011375543499 0 
2064 464 0 0 0 0 0 0 0 0 0 0 -0.000097940288 0.000366082737 0.00037895761 0 
2096 464 0 0 0 0 0 0 0 0 0 0 -0.005479968694 0.00024574169 0.005485475902 0 
2128 464 0 0 0 0 0 0 0 0 0 0 -0.004790260705 0.000308483788 0.004800183316 0 
2160 464 0 0 0 0 0 0 0 0 0 0 -0.003652517544 0.000243005268 0.003660592298 0 
2192 464 0 0 0 0 0 0 0 0 0 0 -0.002066739211 0.000049306131 0.002067327275 0 
2224 464 0 0 0 0 0 0 0 0 0 0 -0.000955387533 -0.000035657578 0.000956052719 0 
2256 464 0 0 0 0 0 0 0 0 0 0 -0.000318462511 -0.000011885859 0.00031868424 0 
2288 464 0 0 0 0 0 0 0 0 0 0 0 0 0 0 
2320 464 0 0 0 0 0 0 0 0 0 0 0 0 0 0 
2352 464 0 0 0 0 0 0 0 0 0 0 0 0 0 0 
2384 464 0 0 0 0 0 0 0 0 0 0 0 0 0 0 
2416 464 0 0 0 0 0 0 0 0 0 0 0 0 0 0 
2448 464 0 0 0 0 0 0 0 0 0 0 0 0 0 0 
2480 464 0 0 0 0 0 0 0 0 0 0 0 0 0 0 
2512 464 0 0 0 0 0 0 0 0 0 0 0 0 0 0 
48 496 0 0 0 0 0 0 0 0 0 0 0 0 0 0 
80 496 0 0 0 0 0 0 0 0 0 0 0 0 0 0 
112 496 0 0 0 0 0 0 0 0 0 0 0 0 0 0 
144 496 0 0 0 0 0 0 0 0 0 0 0 0 0 0 
176 496 0 0 0 0 0 0 0 0 0 0 0 0 0 0 
208 496 0 0 0 0 0 0 0 0 0 0 0 0 0 0 
240 496 0 0 0 0 0 0 0 0 0 0 0 0 0 0 
272 496 0 0 0 0 0 0 0 0 0 0 0 0 0 0 
304 496 0 0 0 0 0 0 0 0 0 0 0 0 0 0 
336 496 0 0 0 0 0 0 0 0 0 0 0 0 0 0 
368 496 0 0 0 0 0 0 0 0 0 0 0 0 0 0 
400 496 0 0 0 0 0 0 0 0 0 0 0 0 0 0 
432 496 0 0 0 0 0 0 0 0 0 0 -0.000020658568 0.000063730648 0.000066995313 0 
464 496 0 0 0 0 0 0 0 0 0 0 -0.000061975703 0.000191191944 0.000200985938 0 
496 496 0 0 0 0 0 0 0 0 0 0 0.002027064788 0.002037585993 0.002874151759 0 
528 496 0 0 0 0 0 0 0 0 0 0 0.006246462904 0.005602912796 0.008391122131 0 
560 496 0.002391788065 -0.01512134292 0.015309332509 121.099742806849 414889.9375 0.002391788065 -0.01512134292 0.015309332509 121.099742806849 414889.9375 0.005375925973 0.004525013827 0.007026829314 0 
592 496 0.002206619396 -0.015460450254 0.015617128136 34.167794283222 3353036.5 0.002206619396 -0.015460450254 0.015617128136 34.167794283222 3353036.5 -0.000584546005 -0.001196110913 0.001331305881 0 
624 496 0.001308356408 -0.0070500366 0.0071704123 99.313580396585 7839516 0.001308356408 -0.0070500366 0.0071704123 99.313580396585 7839516 0.007701856745 0.002776941175 0.008187185085 0 
656 496 -0.00078501387 -0.004724814896 0.004789584803 127.974067652211 9538456 -0.00078501387 -0.004724814896 0.004789584803 127.974067652211 9538456 0.030235134224 0.016444170093 0.034417641866 0 
688 496 0.027146158139 -0.02072754079 0.034154719277 79.29083907422 10784250 -32 -8 32.984845004941 152.109070393367 7844281 0.044825729501 0.04025821688 0.06025006267 0 
720 496 0.019789006672 0.00063974203 0.01979934481 53.405657600744 13005632 29 -32 43.185645763378 103.072836125398 9347950 0.051473642577 0.074219081536 0.090321691438 0 
752 496 0.038500602966 0.040325701927 0.055753552933 31.155997764107 16243285 -6.694656896328 25.565195977634 26.427214691192 27.191963147216 14174536 0.04421228988 0.199138495405 0.203987418555 0 
784 496 0.007234961955 0.131959956879 0.132158143502 0.039582497436 18286176 -32 -27 41.868842830917 133.333792995029 16563948 0.023041671411 0.415016458487 0.415655601955 0 
816 496 -0.129891440096 0.419886396278 0.439518340902 11.739611260128 16916842 19 -32 37.215588131857 154.750067194428 14368969 -0.042442364473 0.444866770576 0.446886784169 0 
848 496 3.090916469214 0.219772621901 3.09871983648 113.737794714625 17438562 11 -32 33.837848631377 171.165570894431 14959396 -0.152239817771 0.288689431671 0.326371797301 0 
880 496 -22.038465331268 0.140974585974 22.038916216352 60.272107297604 17545372 7 -32 32.756678708318 162.977696440138 15568756 -0.164123065961 0.29173099624 0.334728778189 0 
912 496 -0.66977366631 0.20427939737 0.700233415564 63.27835214804 14919441 31 0 31 99.760064907555 14848969 -0.078092109043 0.453991464283 0.460658905414 0 
944 496 -0.425921498524 0.161687156441 0.455578598557 69.634347521623 15275342 14 -32 34.928498393146 155.948648020691 13313697 0.003231087928 0.43871007512 0.438721973397 0 
976 496 1.231821250524 0.178421875502 1.244675844909 63.768264696354 18500670 10 -32 33.52610922848 144.655871108077 16324341 0.07984652495 0.245886828751 0.258526207763 0 
1008 496 -0.055056598962 0.450538493443 0.453890034219 31.241691970024 17593738 -25 -32 40.607881008494 166.275857666995 15632036 0.064713884444 0.143495009059 0.157412529567 0 
1040 496 -0.166784907338 0.439918678029 0.470473855378 2.988453948456 12652095 31 0 31 107.774600499798 12242733 -0.042166833592 0.131534616045 0.138128190726 0 
1072 496 -0.265915439146 0.263791101807 0.374562099215 34.665465996835 10260070 -2 -32 32.062439083763 165.859353618632 9954578 -0.076382891352 0.409559079767 0.416620913915 0 
1104 496 0.302337956904 0.027454897862 0.303581968505 87.033512464753 11671782 0.676322156059 18.831798352254 18.843939100908 4.279060276878 11475707 -0.037934288836 0.977568400228 0.978304138493 0 
1136 496 0.118658133788 0.72559159163 0.735229835193 11.132310158625 13665942 14.761593952716 25.08223200934 29.10365988317 32.322771947996 13079925 -0.042821298872 1.329503840164 1.330193265901 0 
1168 496 -0.023942877085 0.757659664404 0.758037880602 1.745239720358 12778464 8.880824208061 31.301595875452 32.537039554401 19.394837401971 12016535 -0.09104392146 1.465365399576 1.468190978691 0 
1200 496 -0.08264128994 0.474976351888 0.482112142199 5.61322699729 11655864 31 0 31 94.256877813771 11393342 -0.111139824891 1.493141708177 1.49727226027 0 
1232 496 -0.035115388275 -0.08217227635 0.08936091704 152.687044466339 12842191 9 -31 32.280024783138 167.984858909415 11865816 -0.103109009165 1.412832765966 1.416590234457 0 
1264 496 -0.048334471603 0.134704357573 0.143113539171 16.689289900821 13711376 26.92301740751 30.785182403332 40.897143200125 44.220803055878 12604338 -0.077570599308 1.455990079493 1.458054974773 0 
1296 496 -0.018977162121 0.247641075288 0.248367137222 3.163202770173 13436258 0 32 32 1.218907023925 12172696 -0.034524595319 1.622613648758 1.622980899708 0 
1328 496 -0.066757304097 0.328149866047 0.334871426426 9.903875226767 13435218 2 -31 31.064449134018 177.903809815437 11606601 -0.050393401382 1.809547856102 1.81024941332 0 
1360 496 -0.028694865973 0.38247938655 0.383554267958 0.738838630698 13101957 -21 33 39.115214431216 28.919550039048 10928225 -0.125177017496 2.016792701525 2.020673671486 0 
1392 496 -0.009895374263 0.446614299555 0.446723909142 2.932877532183 11901536 -31 -31 43.840620433566 130.797860748075 9310810 -0.144516506924 1.966934916724 1.972236798004 0 
1424 496 0.020981853051 0.37216716217 0.372758145122 6.963420818418 11879340 -8 -31 32.015621187164 161.79306192285 8853480 -0.108411869666 1.659974501698 1.663510889587 0 
1456 496 -0.014185387955 0.262184235336 0.262567702679 0.309230927907 12916312 -27 32 41.868842830917 36.749819794246 9894738 -0.081695974783 1.372598973507 1.37502806312 0 
1488 496 -0.00248291626 0.336641841258 0.336650997561 2.911842253664 12640047 -15 32 35.341194094145 21.780412829113 9886654 -0.064368822274 1.104808332151 1.106681885671 0 
1520 496 -0.007572783255 0.07983062857 0.080189003636 1.234928207719 12044272 -1 31 31.016124838542 2.336359700778 8285584.5 -0.056440273083 0.771525452988 0.773587117935 0 
1552 496 0 0.112043822785 0.112043822785 8.830849679535 11706582 17 31 35.355339059327 37.570644971223 7562679.5 -0.057910327209 0.372750336019 0.377221975765 0 
1584 496 0.002206468899 0.07871046571 0.078741386305 22.900667416443 11336820 -9 31 32.280024783138 5.105724811639 7034964.5 -0.063544498818 0.163025825835 0.17497234987 0 
1616 496 -0.050580756653 0.020122548947 0.054436476004 41.047344350845 10499869 0 31 31 27.258502537802 5695146.5 -0.073342787909 0.142351922436 0.160135050378 0 
1648 496 -0.00102860734 -0.007369216768 0.007440657822 140.64032556054 8710556 -0.00102860734 -0.007369216768 0.007440657822 140.64032556054 8710556 -0.074849142613 0.122557275373 0.143605988374 0 
1680 496 0.009141310103 -0.011030842991 0.014326306135 173.644956167502 7765971.5 0.009141310103 -0.011030842991 0.014326306135 173.644956167502 7765971.5 -0.068063562929 0.103641884648 0.123993100017 0 
1712 496 0.019430934219 -0.007803114873 0.020939193068 144.186618185859 6680209 0.019430934219 -0.007803114873 0.020939193068 144.186618185859 6680209 -0.053504477576 0.084612472018 0.100109937278 0 
1744 496 0.020213746474 -0.010155959547 0.022621650268 142.13685256967 5782757 0.020213746474 -0.010155959547 0.022621650268 142.13685256967 5782757 -0.031171886555 0.065469037485 0.072511250028 0 
1776 496 0.018255899689 -0.009498297634 0.020579007056 142.843208692135 5765913 0.018255899689 -0.009498297634 0.020579007056 142.843208692135 5765913 -0.025339555436 0.053471258213 0.059171517849 0 
1808 496 0 -0.005947954196 0.005947954196 143.476235077646 5889652.5 0 -0.005947954196 0.005947954196 143.476235077646 5889652.5 -0.036007484221 0.048619134201 0.060500901897 0 
1840 496 -0.012835792112 0.000825168582 0.012862288379 45.90370549645 5934201 -0.012835792112 0.000825168582 0.012862288379 45.90370549645 5934201 -0.036932091176 0.043367435451 0.056962389488 0 
1872 496 -0.001599355252 0.002444516907 0.002921232638 3.505389963947 5784256 -0.001599355252 0.002444516907 0.002921232638 3.505389963947 5784256 -0.0281133763 0.037716161962 0.047041160701 0 
1904 496 0.018293418533 0.002206610538 0.018426022134 109.839965734954 5310998 0.018293418533 0.002206610538 0.018426022134 109.839965734954 5310998 -0.016493060088 0.032767242055 0.036683963567 0 
1936 496 -0.002373493181 0.008610268004 0.00893141562 11.257849084796 4386250 -0.002373493181 0.008610268004 0.00893141562 11.257849084796 4386250 -0.002071142542 0.02852067573 0.028595778981 0 
1968 496 -0.003457856474 0.005587886781 0.00657124418 36.274693672186 3854262 -0.003457856474 0.005587886781 0.00657124418 36.274693672186 3854262 0.001958831886 0.024751587502 0.024828977148 0 
2000 496 0.005207070313 0.003000072744 0.006009493964 71.64641458251 3361889.5 0.005207070313 0.003000072744 0.006009493964 71.64641458251 3361889.5 -0.004403136807 0.021459977373 0.021907036371 0 
2032 496 0.02041362224 0.003796248647 0.020763609434 109.581541594116 3042578.5 0.02041362224 0.003796248647 0.020763609434 109.581541594116 3042578.5 -0.011345386974 0.019559000104 0.022611331024 0 
2064 496 0.024184350676 -0.002731468474 0.024338112861 141.170776277121 3945188.5 0.024184350676 -0.002731468474 0.024338112861 141.170776277121 3945188.5 -0.018867918617 0.019048655697 0.026811371409 0 
2096 496 0.003711344988 -0.005378949143 0.006535072723 164.996890851116 3755109.75 0.003711344988 -0.005378949143 0.006535072723 164.996890851116 3755109.75 -0.019525859435 0.01661319824 0.025637034588 0 
2128 496 0.001813204917 -0.004778010763 0.005110489108 153.392849260492 1377774.75 0.001813204917 -0.004778010763 0.005110489108 153.392849260492 1377774.75 -0.013319209429 0.012252627733 0.018097740913 0 
2160 496 0 0 0 0 0 0 0 0 0 0 -0.007905754607 0.007593690542 0.010961983943 0 
2192 496 0 0 0 0 0 0 0 0 0 0 -0.00328549497 0.002636386669 0.004212482862 0 
2224 496 0 0 0 0 0 0 0 0 0 0 -0.000376654907 -0.000071334334 0.00038335037 0 
2256 496 0 0 0 0 0 0 0 0 0 0 0.000820765581 -0.000529472465 0.000976727818 0 
2288 496 0 0 0 0 0 0 0 0 0 0 0.001134802524 -0.000653428478 0.00130948293 0 
2320 496 0 0 0 0 0 0 0 0 0 0 0.000565455921 -0.000443202371 0.000718448843 0 
2352 496 0 0 0 0 0 0 0 0 0 0 0.000210586965 -0.000253566988 0.000329610508 0 
2384 496 0 0 0 0 0 0 0 0 0 0 0.000070195655 -0.000084522329 0.000109870169 0 
2416 496 0 0 0 0 0 0 0 0 0 0 0 0 0 0 
2448 496 0 0 0 0 0 0 0 0 0 0 0 0 0 0 
2480 496 0 0 0 0 0 0 0 0 0 0 0 0 0 0 
2512 496 0 0 0 0 0 0 0 0 0 0 0 0 0 0 
48 528 0 0 0 0 0 0 0 0 0 0 0 0 0 0 
80 528 0 0 0 0 0 0 0 0 0 0 0 0 0 0 
112 528 0 0 0 0 0 0 0 0 0 0 0 0 0 0 
144 528 0 0 0 0 0 0 0 0 0 0 0 0 0 0 
176 528 0 0 0 0 0 0 0 0 0 0 0 0 0 0 
208 528 0 0 0 0 0 0 0 0 0 0 0 0 0 0 
240 528 0 0 0 0 0 0 0 0 0 0 0 0 0 0 
272 528 0 0 0 0 0 0 0 0 0 0 0 0 0 0 
304 528 0 0 0 0 0 0 0 0 0 0 0 0 0 0 
336 528 0 0 0 0 0 0 0 0 0 0 0 0 0 0 
368 528 0 0 0 0 0 0 0 0 0 0 0 0 0 0 
400 528 0 0 0 0 0 0 0 0 0 0 0 0 0 0 
432 528 0 0 0 0 0 0 0 0 0 0 -0.000061975703 0.000191191944 0.000200985938 0 
464 528 0 0 0 0 0 0 0 0 0 0 -0.000185927108 0.000573575831 0.000602957813 0 
496 528 0 0 0 0 0 0 0 0 0 0 0.001486929631 0.002927902802 0.003283835341 0 
528 528 0.003473535934 0.01548880903 0.015873520626 21.703740322473 1336026.75 0.003473535934 0.01548880903 0.015873520626 21.703740322473 1336026.75 0.004956594515 0.007254172855 0.008785832516 0 
560 528 0.010348604976 0.018727717978 0.021396753156 9.181297322171 6404764 31 25 39.82461550348 31.372539181155 1198605.75 0.003509298462 0.009777980899 0.010388651797 0 
592 528 0.000876754633 0.015679180953 0.015703675177 18.412519855125 12452499 -15.699761399617 -31.055575991099 34.798438300358 137.969721551639 6989145 -0.002854958527 0.010499326934 0.010880563141 0 
624 528 -0.015322105498 0.030748846542 0.034354890199 49.284997259177 15952310 31 -31 43.840620433566 112.202011907331 14145747 0.006805146821 0.016190395971 0.017562429928 0 
656 528 -0.017542175636 0.07250260374 0.074594607547 64.029273134962 16310632 31 15 34.438350715445 13.751190535141 14864147 0.032489614508 0.02685118801 0.042149274589 0 
688 528 0.292654699101 2.6727469001 2.688721399644 34.56123580127 18012004 31 31 43.840620433566 4.190007484706 16490304 0.048678193468 0.056374350059 0.07448243997 0 
720 528 1.200983647863 4.879065222459 5.02470289345 14.030249062363 21654506 -32 -32 45.254833995939 162.858711558715 20096946 0.055370883703 0.104759882119 0.118492901322 0 
752 528 1.983865248184 7.702134221602 7.953527072345 10.42522792269 26352578 3 -32 32.140317359976 170.625491392337 24528194 0.030797459527 0.438369896972 0.439450395477 0 
784 528 0.224583335831 8.206938436353 8.210010729154 2.924426706394 31599202 0 -31 31 178.643084353096 29359412 -0.025042079061 1.05720439462 1.057500939823 0 
816 528 0.059824019153 6 6.00029823536 9.169944144324 33298612 31 -31 43.840620433566 143.598685772403 31075292 -0.1702261123 1.125742357951 1.138539760305 0 
848 528 17.966662868142 0.232113356371 17.968162154981 121.409882743509 33785444 19 -32 37.215588131857 178.54967030723 32336042 -0.404754640191 0.643983786967 0.760619114033 0 
880 528 -0.007898662581 6.759486977599 6.759491592509 31.200544833491 34164948 -19 -32 37.215588131857 118.032780815181 32792488 -0.396203447236 0.652473732202 0.763347327771 0 
912 528 0.062292191715 5.796325083332 5.796659795849 7.773621304286 34358716 -20 -31 36.891733491393 140.013561908839 31829244 -0.144572533435 1.151212193656 1.160254598028 0 
944 528 -0.11091915503 2.552654815086 2.555063534227 3.616302451049 35551328 24 -31 39.204591567825 141.12497012313 32880120 0.022282725636 1.131460210714 1.131679604964 0 
976 528 4.443593108019 0.293386703559 4.453267953701 76.244841294197 36561432 -16 -32 35.777087639997 163.412656024308 35066788 0.104362329976 0.593217783379 0.602327846305 0 
1008 528 -0.080304267806 0.257544773073 0.269774138059 30.601898411623 34995988 -4.357283901139 -26.206377138317 26.56614623371 176.156047070379 33406176 0.078838444387 0.333925189505 0.343105716215 0 
1040 528 -0.199318880631 0.255557643645 0.324095241251 29.222981656668 30525508 -0.199318880631 0.255557643645 0.324095241251 29.222981656668 30525508 -0.054288931132 0.353582429093 0.35772590374 0 
1072 528 -1.223121242738 1.392852138222 1.85366195769 36.714744687096 25312088 -1.223121242738 1.392852138222 1.85366195769 36.714744687096 25312088 -0.100064995783 1.251075048522 1.255070428468 0 
1104 528 0.128683815924 6.794722965538 6.795941414027 2.192171397458 22642768 0.128683815924 6.794722965538 6.795941414027 2.192171397458 22642768 -0.058489749565 3.026403047792 3.026968195817 0 
1136 528 0.200115477692 6.933439634958 6.936326936932 2.760528546525 21421504 0.200115477692 6.933439634958 6.936326936932 2.760528546525 21421504 -0.079964157608 4.137140864659 4.137913580603 0 
1168 528 -0.082041571342 5.76211789747 5.76270192564 1.239660797841 18711886 -0.082041571342 5.76211789747 5.76270192564 1.239660797841 18711886 -0.164488219912 4.583288499125 4.586239182675 0 
1200 528 -0.297862163557 4.474739178804 4.484641857139 1.171043019576 15721607 31 4 31.256999216176 85.284867780922 15603355 -0.21518325494 4.671683573111 4.676636744551 0 
1232 528 -0.199666424771 4.405285353191 4.409807901056 0.422188344158 13104105 19 -28 33.837848631377 148.857608177725 11811000 -0.232049262693 4.402326086618 4.408437572795 0 
1264 528 -0.886327439616 4.35408049729 4.443376340925 9.332528636721 12840375 0 -28 28 177.826466611518 11956076 -0.170436689543 4.490668609139 4.493901781553 0 
1296 528 -0.150958683118 4.275883449774 4.278547393691 1.669781426026 13034943 -9 -28 29.410882339705 161.828923330643 12119156 -0.030345535491 4.936711140675 4.936804405482 0 
1328 528 -0.587763218322 5.359382300066 5.391515949997 5.835781369422 11086418 23 -27 35.468295701936 139.996753630602 10496965 -0.040031719393 5.424388216115 5.424535930168 0 
1360 528 0.007390189242 7.113982065102 7.113985903661 1.978656439719 9217036 10 -27 28.792360097776 161.595999288362 8989278 -0.199495241247 5.95369983546 5.957041218762 0 
1392 528 -0.750829478136 7.762432551782 7.798660399466 3.071682484202 8894739 -23.516186956479 -16.980930845367 29.006259002967 123.379752755929 8753266 -0.247262076604 5.771583187899 5.776877273178 0 
1424 528 -0.639600984746 7.161513100823 7.190018032867 2.951250324431 9363559 -32 7 32.756678708318 75.508567727527 9279606 -0.183332225461 4.878038273433 4.881482162415 0 
1456 528 0.151812544114 5.766768341209 5.768766258891 3.294207583751 10417565 10 -28 29.732137494637 162.132396901627 10237366 -0.125623624872 4.028265085178 4.030223429487 0 
1488 528 -0.137316503174 5.220501296814 5.222306924347 0.18872074988 10771242 -13.041550757455 23.873466595878 27.203390477361 27.328810351201 10686338 -0.074136274836 3.222263623132 3.223116355983 0 
1520 528 -0.493133383914 4.27515580582 4.303502956705 5.254775081427 10202042 19.915047308966 22.963911021202 30.3965510989 42.258023226056 10024950 -0.050604275117 2.187621792127 2.188207005302 0 
1552 528 -0.033029121707 2.981983595777 2.982166509162 2.772306560107 11016129 28.275065237116 25.689508860177 38.202489181208 51.14996532518 10522323 -0.055027625715 0.924339592163 0.925976091069 0 
1584 528 0.695091989904 3.73001329502 3.794226147115 24.287364637271 12238538 13.224177060699 28.586581534517 31.49716658308 38.556616861085 11715722 -0.065460387757 0.267892890803 0.27577466038 0 
1616 528 0.192681187973 4.562618384158 4.566685073405 22.985030469772 12912667 -7.214319786175 -26.625638064514 27.585703041969 144.272653859154 12612818 -0.081902561241 0.218281688046 0.233141426765 0 
1648 528 -0.029957512539 5.680626812106 5.680705803945 23.265680906453 11900676 -0.079013815773 -25.92265698236 25.922777401509 156.257524831108 11692872 -0.082167509239 0.18836216562 0.205503783448 0 
1680 528 -0.141228010581 5.653594027894 5.655357706036 18.971203958883 10637012 -15 31 34.438350715445 5.418824556144 10292763 -0.06625523175 0.178134323525 0.190056815063 0 
1712 528 -0.1217453526 5.119491240611 5.120938634037 19.675078763141 9360204 0 31 31 21.037358735997 9115515 -0.065680595086 0.170770901942 0.182966230548 0 
1744 528 -23.030149033875 4.892869354252 23.544169873671 52.187522729962 8257931.5 -14 31 34.01470270339 1.513497914461 8027594 -0.080443599247 0.166271900872 0.184709278812 0 
1776 528 0.527995357915 3.088017028151 3.132830711055 40.052577215157 8127570.5 9 31 32.280024783138 46.539062410214 7791665.5 -0.093083213376 0.158975103448 0.184221519179 0 
1808 528 0.444048715334 2.065300190674 2.112497133533 46.966492500947 8389393 30 31 43.139309220246 78.893178114483 7889328 -0.103599437473 0.148880509671 0.181378746287 0 
1840 528 -0.034863155851 0.281355748952 0.283507490385 28.341361549465 8499179 0 31 31 35.404951282964 7816866.5 -0.094095340566 0.132380777983 0.162414911555 0 
1872 528 -0.005506022618 -0.021644065723 0.022333424862 135.194404636128 8480593 1 -32 32.015621187164 151.25701777061 7651555.5 -0.064570922654 0.109475908385 0.127099876353 0 
1904 528 0.019998607098 -0.055813044183 0.059287774345 179.074202880671 8072824 0 -32 32 159.360879137467 7227556 -0.034107956171 0.090554962688 0.096765458411 0 
1936 528 -0.003389212438 -0.068041573952 0.06812593153 175.0986043274 7177004.5 22 -32 38.832975677895 147.541274835831 6435546 -0.002706441116 0.075617940893 0.075666358498 0 
1968 528 -0.001916212412 -0.090750560923 0.090770789232 172.39710742529 6616283.5 15 -32 35.341194094145 161.278428014011 5802061 -0.007330824832 0.065425222378 0.065834646774 0 
2000 528 0.01463294314 -0.065069027292 0.066694087726 154.014412621526 6888487.5 19.699900080016 30.416764997821 36.239007382864 71.589363135349 5933332 -0.047981107318 0.059976807142 0.076807578106 0 
2032 528 0.052965894654 -0.021282733277 0.057081877441 160.39743851444 7284539.5 -1.79408066894 30.277909792499 30.33101625151 45.115184649158 5868858 -0.064318359624 0.056891648503 0.085869150771 0 
2064 528 0.024534987379 -0.00710034062 0.025541739225 151.228275327238 9556432 -11.071470840125 -19.580648455979 22.493982762516 105.426898828131 6907331 -0.056342581749 0.05616974646 0.079558324112 0 
2096 528 0.003754394327 0.005694037257 0.006820376606 75.191634438373 14990394 0.003754394327 0.005694037257 0.006820376606 75.191634438373 14990394 -0.043964328455 0.049184283547 0.065969355951 0 
2128 528 -0.003507834705 0.007467529797 0.008250388209 11.944505125013 16207425 -0.003507834705 0.007467529797 0.008250388209 11.944505125013 16207425 -0.02718359974 0.035935259764 0.045058750417 0 
2160 528 0.000291362914 0.003201157888 0.003214390171 37.473380890617 8102163.5 0.000291362914 0.003201157888 0.003214390171 37.473380890617 8102163.5 -0.013977217038 0.022133057579 0.026176990543 0 
2192 528 0.00227351475 0.001359795363 0.002649134339 88.307166969669 952795.875 0.00227351475 0.001359795363 0.002649134339 88.307166969669 952795.875 -0.004345180346 0.00777767699 0.008909144269 0 
2224 528 0 0 0 0 0 0 0 0 0 0 0.001417735368 -0.000118916126 0.001422713822 0 
2256 528 0 0 0 0 0 0 0 0 0 0 0.003311530106 -0.001556721771 0.003659182192 0 
2288 528 0 0 0 0 0 0 0 0 0 0 0.003404407571 -0.001960285433 0.003928448789 0 
2320 528 0 0 0 0 0 0 0 0 0 0 0.001696367764 -0.001329607112 0.00215534653 0 
2352 528 0 0 0 0 0 0 0 0 0 0 0.000631760895 -0.000760700964 0.000988831525 0 
2384 528 0 0 0 0 0 0 0 0 0 0 0.000210586965 -0.000253566988 0.000329610508 0 
2416 528 0 0 0 0 0 0 0 0 0 0 0 0 0 0 
2448 528 0 0 0 0 0 0 0 0 0 0 0 0 0 0 
2480 528 0 0 0 0 0 0 0 0 0 0 0 0 0 0 
2512 528 0 0 0 0 0 0 0 0 0 0 0 0 0 0 
48 560 0 0 0 0 0 0 0 0 0 0 0 0 0 0 
80 560 0 0 0 0 0 0 0 0 0 0 0 0 0 0 
112 560 0 0 0 0 0 0 0 0 0 0 0 0 0 0 
144 560 0 0 0 0 0 0 0 0 0 0 0 0 0 0 
176 560 0 0 0 0 0 0 0 0 0 0 0 0 0 0 
208 560 0 0 0 0 0 0 0 0 0 0 0 0 0 0 
240 560 0 0 0 0 0 0 0 0 0 0 0 0 0 0 
272 560 0 0 0 0 0 0 0 0 0 0 0 0 0 0 
304 560 0 0 0 0 0 0 0 0 0 0 0 0 0 0 
336 560 0 0 0 0 0 0 0 0 0 0 0 0 0 0 
368 560 0 0 0 0 0 0 0 0 0 0 0 0 0 0 
400 560 0 0 0 0 0 0 0 0 0 0 0 0 0 0 
432 560 0 0 0 0 0 0 0 0 0 0 -0.000074054192 0.000171658375 0.000186950852 0 
464 560 0 0 0 0 0 0 0 0 0 0 -0.000222162577 0.000514975125 0.000560852556 0 
496 560 0 0 0 0 0 0 0 0 0 0 0.001152956974 0.000876932285 0.001448557909 0 
528 560 0.000804318909 0.00935200671 0.009386530691 67.839968719828 8120768 0.000804318909 0.00935200671 0.009386530691 67.839968719828 8120768 0.004051304462 0.001257529854 0.004241986466 0 
560 560 0.008820669787 0.009494669374 0.01295966674 8.252241819754 22195478 0.008820669787 0.009494669374 0.01295966674 8.252241819754 22195478 0.002238972916 0.001803739644 0.00287514807 0 
592 560 -0.00116371086 0.012705659608 0.012758840427 54.345677673163 26733854 6 -32 32.557641192199 131.040859891006 24825122 -0.004284037665 0.002515561656 0.00496800052 0 
624 560 -1.075766895638 0.094135532132 1.07987773019 2.862388089351 23945306 0.093076948161 -30.485678414806 30.485820502805 98.038277368088 22544554 -0.017863280762 0.002467088323 0.018032840164 0 
656 560 -0.404146384486 0.120575864011 0.421749735122 14.145845509908 22634010 2.599977181154 -30.182520472446 30.294296879316 97.38987844619 21245698 -0.038498756376 0.001658319645 0.038534455576 0 
688 560 0.412513371092 0.109173944983 0.426715633171 159.633449489574 25358804 -0.015199977533 -30.230167161733 30.230170983069 95.513957835275 24606926 -0.164494723223 0.015962969532 0.165267451014 0 
720 560 0.317042058003 0.123120358031 0.340109231136 152.236846294415 29292812 0.156245198851 19.225760954738 19.226395836216 83.925692521578 29109712 -0.395851181304 0.045381037983 0.398443968894 0 
752 560 0.147376820276 0.083435798997 0.169356014682 109.892010882766 32531580 0.147376820276 0.083435798997 0.169356014682 109.892010882766 32531580 -0.443657973019 0.380154597631 0.584251585469 0 
784 560 -0.287763897864 1.113278824589 1.149868602142 2.300695288704 34433000 29 -31 42.449970553582 153.702631718845 33994280 -0.307915098368 1.020283648478 1.065734690791 0 
816 560 -0.37231600657 0.905102516833 0.978687782046 6.757225873481 32628970 -0.37231600657 0.905102516833 0.978687782046 6.757225873481 32628970 -0.317728443108 1.13776818295 1.18129920075 0 
848 560 0.017371155917 0.199824523646 0.200578157605 37.821599264531 30557518 0.017371155917 0.199824523646 0.200578157605 37.821599264531 30557518 -0.473098007238 0.732608201047 0.872087438675 0 
880 560 0.09030221395 1.79708062914 1.799348014553 28.869782507002 33463056 0.09030221395 1.79708062914 1.799348014553 28.869782507002 33463056 -0.415950736128 0.853085222086 0.949088726636 0 
912 560 0.03673128916 3.694998778794 3.695181343709 6.142627275992 39297156 0.03673128916 3.694998778794 3.695181343709 6.142627275992 39297156 -0.146286629779 1.499199246067 1.506319407516 0 
944 560 -0.139089991117 4.089418299924 4.091782992459 2.395411393926 43105424 0 -31 31 179.552591472634 42494512 0.012549423836 1.607064600753 1.60711359867 0 
976 560 0.164165253239 4.445523928712 4.448554060717 0.831235107604 43732536 -10 -31 32.572994949805 165.067408249967 43557052 0.060557424717 1.176681286144 1.178238537331 0 
1008 560 -2.620430976568 5.439460329774 6.037746863039 24.471056648075 43348332 -8.195744312573 -29.571859952431 30.686562627366 163.25832362924 43231696 -0.021685103247 0.992910645044 0.993147417428 0 
1040 560 -0.151787406043 4.849670725338 4.852045502758 10.713697827058 44597012 -28 32 42.520583250939 28.67954075563 44480464 -0.234178160055 1.055752677452 1.081412560771 0 
1072 560 -0.296241834531 5.187236120139 5.19568838467 4.830092397168 43746276 -16.01890899163 -20.313659335376 25.869870522982 133.642767508169 43113560 -0.292853667246 2.058034323957 2.078766112145 0 
1104 560 -0.17582274584 6.230724273397 6.233204521677 1.213498424582 41757612 -27.055577168089 -16.984919349066 31.945136424699 119.289853150439 39974340 -0.197711624818 3.999755584559 4.004639137651 0 
1136 560 -0.005884261086 5.657456365807 5.657459425885 2.163564033734 41229976 24.100031763119 -22.994472094438 33.31001768065 135.878365628512 38413788 -0.204512813717 5.268112536861 5.272080727 0 
1168 560 -0.172933645819 5.435691981808 5.438442181999 1.236102688977 39496980 -0.172933645819 5.435691981808 5.438442181999 1.236102688977 39496980 -0.313257233944 5.863105180862 5.871467657789 0 
1200 560 -0.239483068424 5.387577960086 5.392897960843 1.2461078687 37654728 -0.239483068424 5.387577960086 5.392897960843 1.2461078687 37654728 -0.395640814978 5.970390461608 5.983485098046 0 
1232 560 -0.209358986643 5.319354372338 5.323472750358 2.365521302073 35230508 30 -27 40.360872141221 136.606616023465 29594916 -0.451663556819 5.589968379101 5.608185664536 0 
1264 560 -0.46552410038 5.22718595809 5.247874400983 1.413635813908 33622520 -27 -27 38.183766184074 131.324399767399 28647024 -0.353946849799 5.509803068765 5.521160043782 0 
1296 560 -0.282659336642 5.188188032176 5.195882153957 2.093725722734 32932660 28 -27 38.897300677553 134.983114358894 28258022 -0.102490693915 5.729894530601 5.730811083446 0 
1328 560 -1.966664767585 6.24544285532 6.547772656951 16.608290238716 31151620 -26 -26 36.7695526217 134.129285669366 24627734 -0.093939526057 6.181044503041 6.181758308372 0 
1360 560 -0.256186259732 6.372908194028 6.378055365798 0.436560674418 28028024 0 -26 26 177.261430259439 20647380 -0.328293346223 6.863252986085 6.871100208277 0 
1392 560 -1.404784260602 6.498623013165 6.648723177128 8.908140408975 26205670 -1.404784260602 6.498623013165 6.648723177128 8.908140408975 26205670 -0.385123650602 6.7004134697 6.711472334085 0 
1424 560 -1.477784907112 6.41132367628 6.579431549436 10.320152259181 25853970 -1.477784907112 6.41132367628 6.579431549436 10.320152259181 25853970 -0.264430439195 5.692525953884 5.698664334107 0 
1456 560 -0.129642085891 4.463973316016 4.465855442861 0.194898792972 26350480 -0.129642085891 4.463973316016 4.465855442861 0.194898792972 26350480 -0.155887759953 4.804425173244 4.80695352994 0 
1488 560 -0.130170786527 5.559713092361 5.561236742222 0.496707690953 25974276 -2 -28 28.071337695236 175.069857255185 19479938 -0.059495612875 4.036111127777 4.036549611205 0 
1520 560 -0.296653447608 7.125898896018 7.132071111833 1.961317645807 23877042 -8 -29 30.083217912983 164.155291231079 16940176 -0.022850051781 3.098321366725 3.098405624893 0 
1552 560 -0.121240857359 7.095385534538 7.096421297332 0.343146245302 23829082 0 -31 31 178.677919849208 16972318 -0.045951076673 1.991055890085 1.991586066152 0 
1584 560 -0.152505147179 7.267762941461 7.269362832683 1.307798387864 24227248 31 -31 43.840620433566 137.50990407131 18309982 -0.061751270249 1.408748545616 1.410101302798 0 
1616 560 -0.254785208058 6.986836453779 6.991480467976 0.887314655268 24857642 0 -31 31 177.024236375585 20181230 -0.070250632512 1.351399333317 1.353224042596 0 
1648 560 -0.880943383545 6.13059614668 6.193566852686 6.459635691332 25194302 23 -31 38.600518131238 145.144543208388 20929818 -0.039660648349 1.322625277835 1.323219782423 0 
1680 560 -0.240070498689 5.149010423281 5.154603979299 3.969832691867 24045850 22 -31 38.013155617496 143.337164419673 19638546 0.03001868224 1.32242637917 1.322767042834 0 
1712 560 0.004952403466 5.300352411597 5.300354725245 1.588359227039 23070914 11 -31 32.893768406797 158.821451331383 17834338 0.037508932402 1.308559240375 1.309096713609 0 
1744 560 -0.007466503725 5.720288527691 5.72029340058 0.694012460255 21900644 10 -31 32.572994949805 162.89010211097 16011580 -0.017189897865 1.28102386145 1.281139190796 0 
1776 560 0.094620353963 6.039408050881 6.040149221371 3.462513334955 21580548 -15 -31 34.438350715445 151.614083226605 15241051 -0.051874230744 1.158002285835 1.159163590618 0 
1808 560 -0.07449421147 4.467507290294 4.468128330339 3.096174065577 21063030 28 -32 42.520583250939 142.865548605116 14577772 -0.066544066234 0.939494513529 0.941848211604 0 
1840 560 -0.202435204695 0.409532681939 0.456833700241 18.364678796985 19047464 0 -32 32 172.06113181609 13127855 -0.093760437106 0.672344489235 0.67885059606 0 
1872 560 0.012197028691 0.3100375484 0.310277374178 22.783037811482 16360852 29 -32 43.185645763378 158.345712288337 11877408 -0.133523343359 0.356552212954 0.380733455036 0 
1904 560 -0.227287862043 0.289904870305 0.368381060939 9.97871231874 16246397 -18 -32 36.715119501372 122.524213581264 12017476 -0.098805828335 0.18490678344 0.209649970844 0 
1936 560 -0.285734841625 0.291597316598 0.408256530585 48.195407066012 17416402 -24 -32 40 146.907295008191 12667061 0.010392107966 0.157408200693 0.157750871799 0 
1968 560 -0.10000183113 0.302850715065 0.318934039959 22.026413220673 17897930 31 -32 44.553338819891 132.156279921816 12877881 0.009954720157 0.151753849303 0.152080002734 0 
2000 560 0.443687531711 0.285546259951 0.527631777253 88.036540045855 18687422 -18 -32 36.715119501372 119.841381515021 14502729 -0.100117991762 0.16794372927 0.195521631733 0 
2032 560 -0.777728778428 0.323253641558 0.842232135207 43.431270858574 19522002 -0.777728778428 0.323253641558 0.842232135207 43.431270858574 19522002 -0.13389831736 0.300753235705 0.329213104507 0 
2064 560 -0.203879822624 0.423658810798 0.47016355669 16.267702234221 18269866 -26 -32 41.231056256177 131.47531409303 15645104 -0.091386256638 0.550182368607 0.5577204377 0 
2096 560 -0.070508645999 0.406940042513 0.413003229238 3.414918004446 19385362 -32 20 37.735924528226 51.579747347259 18005214 -0.05879096077 0.522908123986 0.526202701626 0 
2128 560 0.004779033518 0.045340158109 0.045591327012 15.383542763157 24540160 -32 24 40 43.763546020443 20385872 -0.036112429756 0.218930501841 0.221888873581 0 
2160 560 0.00741783698 0.013189054401 0.015131935152 49.288912539869 25111332 -32 20 37.735924528226 38.060137448628 15906400 -0.020299336844 0.055971037369 0.059538391819 0 
2192 560 0.00705571844 0.003068446213 0.007694057763 84.944098331093 18366030 0.00705571844 0.003068446213 0.007694057763 84.944098331093 18366030 -0.011351682034 0.034029730569 0.035873154972 0 
2224 560 0.004271103996 -0.004613901342 0.006287321762 153.826258549271 8304829 0.004271103996 -0.004613901342 0.006287321762 153.826258549271 8304829 -0.005917596259 0.019828951271 0.020693120935 0 
2256 560 -0.000503126999 -0.000599746632 0.000782836381 123.360709013105 1338797.75 -0.000503126999 -0.000599746632 0.000782836381 123.360709013105 1338797.75 -0.003997079519 0.013368699476 0.013953450124 0 
2288 560 0 0 0 0 0 0 0 0 0 0 -0.00106748283 0.007613574988 0.007688045505 0 
2320 560 0 0 0 0 0 0 0 0 0 0 0.002871193809 0.002563577808 0.003849114842 0 
2352 560 0 0 0 0 0 0 0 0 0 0 0.003721468692 0.000144753324 0.00372428285 0 
2384 560 0 0 0 0 0 0 0 0 0 0 0.00148334182 0.000357101533 0.001525720964 0 
2416 560 0 0 0 0 0 0 0 0 0 0 0.000273208788 0.000347456729 0.000442005905 0 
2448 560 0 0 0 0 0 0 0 0 0 0 0.000091069596 0.00011581891 0.000147335302 0 
2480 560 0 0 0 0 0 0 0 0 0 0 -0.000091069596 -0.00011581891 0.000147335302 0 
2512 560 0 0 0 0 0 0 0 0 0 0 -0.000273208788 -0.000347456729 0.000442005905 0 
48 592 0 0 0 0 0 0 0 0 0 0 0 0 0 0 
80 592 0 0 0 0 0 0 0 0 0 0 0 0 0 0 
112 592 0 0 0 0 0 0 0 0 0 0 0 0 0 0 
144 592 0 0 0 0 0 0 0 0 0 0 0 0 0 0 
176 592 0 0 0 0 0 0 0 0 0 0 0 0 0 0 
208 592 0 0 0 0 0 0 0 0 0 0 0 0 0 0 
240 592 0 0 0 0 0 0 0 0 0 0 0 0 0 0 
272 592 0 0 0 0 0 0 0 0 0 0 0 0 0 0 
304 592 0 0 0 0 0 0 0 0 0 0 0 0 0 0 
336 592 0 0 0 0 0 0 0 0 0 0 0 0 0 0 
368 592 0 0 0 0 0 0 0 0 0 0 0 0 0 0 
400 592 0 0 0 0 0 0 0 0 0 0 0 0 0 0 
432 592 0 0 0 0 0 0 0 0 0 0 -0.000056894036 0.000005129941 0.000057124843 0 
464 592 0 0 0 0 0 0 0 0 0 0 -0.000170682109 0.000015389824 0.000171374529 0 
496 592 0 0 0 0 0 0 0 0 0 0 0.001025146818 -0.004115325558 0.004241088357 0 
528 592 -0.000810015098 -0.014189203772 0.014212305518 19.176087854691 11894999 -0.000810015098 -0.014189203772 0.014212305518 19.176087854691 11894999 0.003530592745 -0.012387016207 0.01288034377 0 
560 592 0.006071023567 -0.031551089715 0.032129870671 6.27920460608 30455464 0.006071023567 -0.031551089715 0.032129870671 6.27920460608 30455464 0.001564949333 -0.019397709936 0.019460735268 0 
592 592 -0.04911436564 -0.47048553818 0.473042136124 5.004472922466 35999420 -0.04911436564 -0.47048553818 0.473042136124 5.004472922466 35999420 -0.004871783419 -0.025147406747 0.025614963201 0 
624 592 -0.092516865239 -0.620532552559 0.627391440123 51.447106703789 34930840 -0.092516865239 -0.620532552559 0.627391440123 51.447106703789 34930840 -0.066303426005 -0.038392981769 0.076617004308 0 
656 592 -0.043878589799 -0.466571288377 0.468630022278 66.69499711459 34972728 -0.043878589799 -0.466571288377 0.468630022278 66.69499711459 34972728 -0.182729978427 -0.059134435002 0.192060215607 0 
688 592 -0.156986818308 -0.384367509272 0.415190610812 60.029524086013 34083348 -0.156986818308 -0.384367509272 0.415190610812 60.029524086013 34083348 -0.594693020573 -0.080975924703 0.600180713702 0 
720 592 -1.042383781062 -0.766371483769 1.293788699191 31.761072096294 31482308 11.658986159537 21.992455190093 24.891766581674 122.492303887743 31111134 -1.302192552443 -0.103917450872 1.306332377396 0 
752 592 -1.170643876907 -0.762007186502 1.396804223512 34.078726443429 27765012 -33 25 41.400483088969 36.129269535513 26878558 -1.379154007756 0.024492597383 1.379371474417 0 
784 592 -0.437662800368 -0.434039506763 0.616391937209 64.99245852697 26500376 -0.437662800368 -0.434039506763 0.616391937209 64.99245852697 26500376 -0.825577386511 0.304254220062 0.879857176788 0 
816 592 -0.176607976263 -0.028542361511 0.17889953516 53.942856341171 27026782 31 31 43.840620433566 90.237577575448 26654316 -0.484949356897 0.480944245572 0.682995787764 0 
848 592 -0.048459808265 0.301490952012 0.30536068372 23.659871229801 27678892 -0.048459808265 0.301490952012 0.30536068372 23.659871229801 27678892 -0.357269918912 0.554562673912 0.659682919482 0 
880 592 0.041625558194 0.363520257406 0.36589570186 20.566956223405 31737356 0.041625558194 0.363520257406 0.36589570186 20.566956223405 31737356 -0.223364932638 0.893565465894 0.921059789031 0 
912 592 -0.013369548745 1.372743226123 1.372808329556 2.622392021051 37514836 0 32 32 3.180394773465 37095112 -0.083234398075 1.497952621517 1.500263317332 0 
944 592 -0.206303285882 2.279793271246 2.289108648663 4.37320388381 41596072 -0.0026322886 -28.467664926193 28.467665047892 179.197173814131 41354764 -0.025968817472 1.865523245235 1.865703984558 0 
976 592 -0.129377599298 3.025176819419 3.027942098513 0.969128045822 44055216 -0.02906402432 -28.818306306224 28.818320962139 178.462470041546 43895344 -0.051568190828 1.996277337049 1.996943285304 0 
1008 592 -0.037473882411 3.463734525198 3.46393723282 5.753726875146 45497404 -3.833292581757 -28.818963897883 29.072784733576 166.049817468867 45257452 -0.236856758458 2.120451375678 2.133638948051 0 
1040 592 -0.110339394623 3.490872534408 3.492615901225 12.762442239631 47498144 30.136419703235 24.883831319958 39.082078420801 65.026141042311 47304712 -0.581834520363 2.23804536112 2.312439933818 0 
1072 592 -0.042666656788 2.52492825775 2.525288726143 12.056708105965 49100280 -23.768128481724 -18.462647849997 30.096400069722 114.814598172884 49058220 -0.654748905741 2.830436906071 2.905179720572 0 
1104 592 -0.790261242183 2.666486511235 2.781126236886 9.840995515032 49562316 -0.393656583555 -15.332451206235 15.337503887444 171.862127384265 49545712 -0.455599914593 3.897626010531 3.924163579688 0 
1136 592 -0.218985076917 2.834946545262 2.843391703302 0.62280778811 49175032 -0.587675858778 -14.908577682217 14.920155877929 172.702805368818 49154284 -0.416467267198 4.722418856769 4.740747287445 0 
1168 592 -0.198733334019 2.508808708745 2.516667652895 1.254860581994 48418444 -0.198733334019 2.508808708745 2.516667652895 1.254860581994 48418444 -0.537350963557 5.304815444785 5.331961455344 0 
1200 592 -0.081990123273 1.71717237258 1.719128656461 4.169928247712 48848908 -32 36 48.166378315169 34.729975806934 48704972 -0.652512505006 5.389262373668 5.428620589194 0 
1232 592 -0.703907756676 3.894650756192 3.95775070496 1.538644424771 50710712 -32 26 41.231056256177 42.199911560683 50691572 -0.761951891546 4.975759643416 5.033761487603 0 
1264 592 -0.176296370653 4.144498218146 4.148246122221 5.486868718894 51126996 31 4 31.256999216176 90.570237106476 51110832 -0.628101080074 4.513393458372 4.556888354664 0 
1296 592 -0.178702767809 4.128342482489 4.13220840858 1.109492657238 49200412 -32 -8 32.984845004941 100.448146732022 49139252 -0.250960070592 4.002163818537 4.010024462199 0 
1328 592 -0.205692243805 4.210565475366 4.215586663977 0.179687935403 48255128 0.092134385115 27.198761156204 27.198917205969 3.170532396379 48209072 -0.212116821374 4.07951671688 4.085027562846 0 
1360 592 -0.210542113589 4.389786369692 4.394832460189 3.406958235739 47217076 -0.468989146969 -16.302368138518 16.309112720922 172.199296797838 47134380 -0.511571332422 4.745452153403 4.772946822288 0 
1392 592 -0.480504717587 4.380493794374 4.406768733003 0.436600837088 45117204 -3.852060552028 -18.451430739317 18.849235178762 161.511410219903 44879676 -0.55810122892 4.753425762127 4.786077042607 0 
1424 592 -1.5 4.304840187607 4.558689399469 14.31177454508 44763656 0.127938342548 -19.144197775252 19.144625268661 175.484034141651 44356264 -0.351706510869 4.103437543052 4.118482383053 0 
1456 592 0.462983376226 3.352212100404 3.384033033638 10.531865191303 45479544 9.5 -18.661950486968 20.940830833041 155.68963636104 45104556 -0.172488380026 3.701079237705 3.705096458261 0 
1488 592 -0.095305083365 3.411169140102 3.41250025074 1.270036836085 44777172 0.038222901812 -19.270521132327 19.270559039677 179.783304683216 44559320 -0.02044683639 3.546350846087 3.546409789725 0 
1520 592 0.060022512818 3.428470230842 3.428995600145 0.564353658397 42717204 -7.663727561803 -22.420483017 23.694108526322 161.567267640838 42637916 0.026822396925 3.50362417678 3.503726846244 0 
1552 592 0.488891112105 3.482882787562 3.51702815334 8.482372668971 43342824 -8.772645552685 -24.892655962534 26.393249721513 160.094582812916 43310736 -0.030680680081 3.572899229785 3.573030955691 0 
1584 592 -0.174926179085 4.059233980351 4.063001313729 1.630005854294 43583992 17 34 38.013155617496 27.402588375601 43136488 -0.052417146297 3.585592790275 3.585975908298 0 
1616 592 -0.159250087665 3.420307570544 3.424012918717 2.044796004619 44369968 1 34 34.01470270339 2.305664087797 43630096 -0.038387001722 3.541704858249 3.541912882165 0 
1648 592 0.161201839816 3.256201198126 3.260188993883 1.978196886172 46250248 25 34 42.201895692018 35.470845810864 45429268 0.052671440057 3.525346612019 3.52574006635 0 
1680 592 0.404719904687 3.276527781994 3.301428858453 3.469653733139 46891940 -31 34 46.010868281309 45.92936399362 45999664 0.220758179043 3.536518051583 3.543401487665 0 
1712 592 0.31073386222 3.308312973244 3.322873795687 1.178991865687 46103040 -12.282652637836 -11.09866804543 16.554274016229 136.287911411693 45833356 0.256064104887 3.497977487317 3.507337355828 0 
1744 592 0.232079400172 3.274480012003 3.282694045596 1.391113678328 43687648 -9.579968467429 -13.637513502382 16.666060433246 147.575997717857 43426596 0.15858921759 3.409724919221 3.413410986783 0 
1776 592 0.097486754034 3.24964688222 3.251108814902 0.127093693816 42342556 21.89998993314 -16.003177984261 27.123997947713 124.311653448679 41893808 0.09828739246 3.050552805373 3.052135781693 0 
1808 592 0.040764688882 2.383415067806 2.383763651309 0.798679252498 40522260 -31.366707150233 29.086771910763 42.777454548363 48.938363387614 40182104 0.075158629495 2.420461145775 2.421627753762 0 
1840 592 -0.039742681475 1.421943743067 1.422499029588 0.36354350164 38497768 28.657859394768 26.155060452129 38.79897024851 48.851782996489 37530016 -0.035927380797 1.663258569207 1.663646550422 0 
1872 592 -6.366676365245 0.264193068559 6.372155515777 70.837742302806 36088324 -12.6999830453 21.15200516063 24.671783309405 14.19517858913 34572124 -0.234970638415 0.77894507567 0.813613318369 0 
1904 592 -2.954543562803 0.173876258291 2.959655489698 52.937135508451 35478448 -2.954543562803 0.173876258291 2.959655489698 52.937135508451 35478448 -0.210586676582 0.31582270431 0.379592846234 0 
1936 592 -0.332453605901 0.082659263136 0.34257547177 83.777073884889 37031288 -25.16682161539 -29.052861573582 38.43745147424 146.839130815211 35713104 0.037224504704 0.273891455129 0.276409466088 0 
1968 592 -0.071439785096 0.100630645671 0.12341057387 46.111252063253 38793056 -0.071439785096 0.100630645671 0.12341057387 46.111252063253 38793056 0.053815466852 0.283737468278 0.288795871468 0 
2000 592 0.053200921118 0.443021322702 0.446204247377 31.816236527003 38232440 -23 31 38.600518131238 11.604458777962 37091484 -0.160813790137 0.345360743758 0.380966033167 0 
2032 592 0.176689185548 5.670780561624 5.673532519196 18.115228675609 36104336 -26.640095300021 -25.779381724254 37.071163991423 117.728709198404 34513068 -0.220085260183 0.751143761711 0.782722474768 0 
2064 592 -0.092140051567 5.86976802416 5.870491158886 3.822940213517 31353106 -31 -31 43.840620433566 130.277739318327 29231702 -0.123998943284 1.501086522138 1.506199350976 0 
2096 592 -0.136341470015 4.014998736217 4.017313013479 0.604044320908 23089112 -32 32 45.254833995939 42.451050916758 21216490 -0.064005756382 1.437784719555 1.439208684186 0 
2128 592 0.007766073475 0.465760424451 0.465825165574 5.04262777059 18557100 -32 -31 44.553338819891 130.003251138153 17099130 -0.040105699476 0.561238353962 0.562669491877 0 
2160 592 -0.052180881351 0.134823350589 0.144568946329 7.322002295127 24601650 26.811371922988 -6.107565621741 27.498218528055 116.668861675928 21521092 -0.026872114026 0.109107629912 0.112368080064 0 
2192 592 -0.026916576061 0.041294040118 0.049291985313 16.471008951736 29826344 31 -31 43.840620433566 151.626391124801 24722660 -0.024305000033 0.081392547405 0.084943980362 0 
2224 592 -0.020012818726 0.0087262881 0.021832567814 45.911926917524 27193746 -0.020012818726 0.0087262881 0.021832567814 45.911926917524 27193746 -0.022382649789 0.059772267859 0.063825598443 0 
2256 592 -0.008863103793 -0.003268167704 0.009446455896 84.740423173066 22171428 -0.008863103793 -0.003268167704 0.009446455896 84.740423173066 22171428 -0.021105063295 0.044246791274 0.049022466632 0 
2288 592 0.0095733322 -0.004160688806 0.010438391675 137.121542852112 12536707 0.0095733322 -0.004160688806 0.010438391675 137.121542852112 12536707 -0.01228086868 0.028068152785 0.030637247531 0 
2320 592 0.001558140458 -0.002123063271 0.002633476664 123.723564282786 2935994 0.001558140458 -0.002123063271 0.002633476664 123.723564282786 2935994 0.004089934055 0.011236352391 0.011957557261 0 
2352 592 0 0 0 0 0 0 0 0 0 0 0.009479710356 0.002462795875 0.00979440003 0 
2384 592 0 0 0 0 0 0 0 0 0 0 0.003888460221 0.001747483235 0.004263076418 0 
2416 592 0 0 0 0 0 0 0 0 0 0 0.000819626365 0.001042370186 0.001326017716 0 
2448 592 0 0 0 0 0 0 0 0 0 0 0.000273208788 0.000347456729 0.000442005905 0 
2480 592 0 0 0 0 0 0 0 0 0 0 -0.000273208788 -0.000347456729 0.000442005905 0 
2512 592 0 0 0 0 0 0 0 0 0 0 -0.000819626365 -0.001042370186 0.001326017716 0 
48 624 0 0 0 0 0 0 0 0 0 0 0 0 0 0 
80 624 0 0 0 0 0 0 0 0 0 0 0 0 0 0 
112 624 0 0 0 0 0 0 0 0 0 0 0 0 0 0 
144 624 0 0 0 0 0 0 0 0 0 0 0 0 0 0 
176 624 0 0 0 0 0 0 0 0 0 0 0 0 0 0 
208 624 0 0 0 0 0 0 0 0 0 0 0 0 0 0 
240 624 0 0 0 0 0 0 0 0 0 0 0 0 0 0 
272 624 0 0 0 0 0 0 0 0 0 0 0 0 0 0 
304 624 0 0 0 0 0 0 0 0 0 0 0 0 0 0 
336 624 0 0 0 0 0 0 0 0 0 0 0 0 0 0 
368 624 0 0 0 0 0 0 0 0 0 0 0 0 0 0 
400 624 0 0 0 0 0 0 0 0 0 0 0 0 0 0 
432 624 0 0 0 0 0 0 0 0 0 0 0.000026662734 -0.000776710695 0.000777168196 0 
464 624 0 0 0 0 0 0 0 0 0 0 0.000079988201 -0.002330132084 0.002331504587 0 
496 624 0 0 0 0 0 0 0 0 0 0 0.001011482689 -0.007214777309 0.007285335191 0 
528 624 -0.001405552552 -0.011198977229 0.011286836092 17.51444383803 8543474 -0.001405552552 -0.011198977229 0.011286836092 17.51444383803 8543474 0.002821146198 -0.015430646371 0.015686418116 0 
560 624 0.004896980649 -0.022657367492 0.023180524609 9.579060324162 26803144 0.004896980649 -0.022657367492 0.023180524609 9.579060324162 26803144 0.0010426317 -0.022812965818 0.022836779332 0 
592 624 -0.177346677237 -0.333733597559 0.377928509201 19.608613879673 37064668 -0.177346677237 -0.333733597559 0.377928509201 19.608613879673 37064668 -0.004324060805 -0.029361735648 0.029678426881 0 
624 624 -0.329004302086 -0.234413343858 0.403972086374 5.165130895737 38087180 -0.063380197198 21.039467339122 21.039562803523 120.131884929205 37846692 -0.075494569783 -0.044123391955 0.087443146011 0 
656 624 -0.158028067772 -0.144283904719 0.213987652365 24.870745321824 38998276 5.821389368309 21.28175397523 22.063581450882 122.824577635745 38833440 -0.212468895233 -0.067097934736 0.22281194826 0 
688 624 -0.165137525748 -0.092181698008 0.189123948398 20.647901644766 37791892 0.06817983649 19.279819665854 19.279940218734 98.725480059688 37688640 -0.643910086518 -0.096495716061 0.651100316955 0 
720 624 -1.228122165738 -0.420107616304 1.297988622159 13.367107043293 32823930 -1 31 31.016124838542 93.66972281075 32576198 -1.369818143639 -0.13231673593 1.376193832732 0 
752 624 -1.366469885571 -0.39231083457 1.421670756221 11.757931590782 27374252 -1.00823274141 -30.775844040658 30.792354727688 83.862893925741 26544130 -1.451858031369 -0.108165279305 1.455881681628 0 
784 624 -0.831120537012 -0.144181029638 0.843533944991 8.294315669347 27295824 -0.104445372114 -30.572679254654 30.572857662372 88.256972822419 26363766 -0.890029749711 -0.024041346189 0.890354391069 0 
816 624 -0.121793403918 0.006481990121 0.121965771567 9.331676119635 31961606 0.030900003055 24.256484320141 24.256504001678 77.694836679706 31612960 -0.666704343322 0.146317957198 0.682571334003 0 
848 624 -0.085622185486 0.058894685568 0.103921810202 7.259326575715 36633996 -0.244520030128 -23.4630841096 23.464358205144 116.665483409951 36529400 -0.781881812203 0.402912630855 0.879589538567 0 
880 624 -0.23104060715 0.260321833074 0.348062090621 0.342889359358 40133752 -0.068470287493 -28.724163666227 28.724245273017 138.61664446179 40051484 -0.656994481043 0.749243591991 0.996497721151 0 
912 624 -0.100662904608 1.300557384184 1.304447212393 9.415257839219 43363460 0 32 32 13.841116766012 43260080 -0.292042349842 1.185310840606 1.220758175463 0 
944 624 -0.052387279831 1.377922752947 1.378918249998 2.076877213125 45376568 -0.052387279831 1.377922752947 1.378918249998 2.076877213125 45376568 -0.116851708848 1.570887027054 1.575227086368 0 
976 624 -0.374367550464 1.368292497706 1.418582187298 11.357282029263 46282804 -0.374367550464 1.368292497706 1.418582187298 11.357282029263 46282804 -0.131422558062 1.905972151333 1.910497770327 0 
1008 624 -0.5 2.119954780878 2.178120353187 2.983900682617 47021300 -20.580758803418 -17.611787525823 27.087685260634 120.267925280006 46952492 -0.387714788019 2.13620827821 2.171107681517 0 
1040 624 -1.502075742036 2.068229223219 2.556130602021 14.602232610964 47024808 22.223521608772 -18.496087155366 28.913494302046 151.157010822725 46745544 -0.88572839872 2.261595407684 2.428853347643 0 
1072 624 -1.587838840102 2.00029784398 2.553903609529 15.491387313503 46807148 -33 2 33.060550509633 63.580569468705 46675172 -1.076442502846 2.541956797816 2.760484164761 0 
1104 624 -1.48279596317 2.041846571697 2.523454237894 18.118343039315 47333860 -32 23 39.408120990476 36.424370440237 47189236 -0.959857100397 2.977292448607 3.128193724454 0 
1136 624 -0.366837377987 2.52998177859 2.556438433033 7.425446462493 47392392 26.040573998809 24.898665236225 36.02853070461 61.959801054326 47334708 -0.958562925687 3.415776668586 3.547727883048 0 
1168 624 -1.042647946665 2.631502477341 2.830533523726 6.075658760667 46552208 23.520641464228 26.416570360374 35.370266672635 57.21974490777 46503032 -1.072559978716 3.857409457752 4.003747323782 0 
1200 624 -1.031595974679 2.798362157769 2.982452182518 3.950958801394 44757224 9 34 35.171010790138 31.111564998207 44555924 -1.143014495041 3.912585299827 4.076126330758 0 
1232 624 -1.007376228499 2.852585537932 3.025235712629 1.359439612958 45879960 -7 -29 29.832867780353 148.338588054684 45513644 -1.169926474663 3.581304194812 3.767554603704 0 
1264 624 -0.142598731059 2.84824087932 2.851808286812 13.521399607846 48720252 30 -29 41.72529209005 150.416528960118 48506036 -0.907371422949 3.08545860071 3.216112198895 0 
1296 624 0.032549269454 1.937313014569 1.937586429391 9.298937198397 47943104 -5 -30 30.413812651491 162.201290425486 47843424 -0.355349339898 2.425048517523 2.450945422833 0 
1328 624 0.090025249394 2.13358250491 2.135480941331 6.389563651725 48637608 -12.788791395184 30.433779839474 33.011636443338 18.819537948619 48545508 -0.16331140393 2.351126424573 2.356791479741 0 
1360 624 0.076020018947 2.739113202156 2.740167910458 8.188114617593 50591472 4 -30 30.265491900843 179.003720069965 50428816 -0.331257615046 2.863692321863 2.882787769126 0 
1392 624 0.021547341383 3.29291043527 3.292980932625 3.279518642846 49450464 -4 -30 30.265491900843 169.500750736723 49243652 -0.151630084788 2.988467453059 2.992311715147 0 
1424 624 0.027015694596 2.890059737836 2.890186003706 7.310452845544 48001168 30 -30 42.426406871193 127.15397338149 47677172 0.375571186844 2.72545181816 2.751207249463 0 
1456 624 0.339470099381 2.092579839816 2.119936398663 6.466575086362 46737216 0.40751725385 21.298943050885 21.302841251744 14.585026578705 46397496 0.741896538723 2.642719040449 2.744881491234 0 
1488 624 0.489540351274 1.920172578143 1.981593420805 4.768272502699 44966624 -7.767771062113 22.160639227149 23.48259351582 38.387559252793 44637864 0.947345970847 2.740269119926 2.899403255516 0 
1520 624 0.168870216083 2.313127712794 2.319283718215 13.132621483597 45065336 -32 -29 43.185645763378 149.492543719168 44873680 0.964821059876 3.096141998614 3.242988583569 0 
1552 624 0.470020636143 2.889845712907 2.927819605578 2.845662595624 47091832 0.470020636143 2.889845712907 2.927819605578 2.845662595624 47091832 0.79432180581 3.710337676513 3.79441073224 0 
1584 624 0.292776571686 2.960676244287 2.975117131209 2.328276059561 48048132 7 34 34.71310991542 3.657830441802 47802568 0.546572568297 3.901018798601 3.939122902303 0 
1616 624 0.895630501398 2.887019027698 3.022752530613 13.778589075346 49693512 0.26307476779 -28.400212254231 28.401430675563 176.012578505388 49479368 0.221573347335 3.668185364878 3.674871238473 0 
1648 624 0.82300011057 2.557262152096 2.686432373342 12.774324385421 52007680 -30.853743829442 20.933259494826 37.284780559506 60.909722701746 51871160 0.31457574028 3.549000673689 3.562915053467 0 
1680 624 0.472019947331 2.000798893527 2.055723484085 0.159083577008 52684404 31 17 35.355339059327 48.145025225945 52566260 0.825579747132 3.543464725035 3.638368339853 0 
1712 624 0.41431406027 2.648474004509 2.680684743326 4.981216144849 51973496 19.735957978967 32.160008313518 37.732932195539 17.664390683938 51715632 0.865080813177 3.502910998217 3.608150533827 0 
1744 624 1.185251056084 2.907507567704 3.139812147598 14.976628082025 51063540 1.185251056084 2.907507567704 3.139812147598 14.976628082025 51063540 0.433078938414 3.427339493235 3.454593082953 0 
1776 624 0.269480209168 3.078919884027 3.090690414032 1.559080902196 51262824 0.269480209168 3.078919884027 3.090690414032 1.559080902196 51262824 0.187202673498 3.111584516441 3.117210779514 0 
1808 624 0.573716251586 3.071262151457 3.124388186558 7.725967349519 48933516 0.573716251586 3.071262151457 3.124388186558 7.725967349519 48933516 0.127452018428 2.555646067833 2.55882215893 0 
1840 624 0.247923598928 3.247189786721 3.256640542321 3.984575363958 46821220 0.415416297174 23.43359138282 23.437273215904 0.634099589 46569456 0.012668659106 1.902629253635 1.902671430309 0 
1872 624 0.393124517954 2.85090187259 2.877879145092 15.615644349946 45557368 24 -31 39.204591567825 150.017563498241 45382264 -0.157147404469 1.152534073848 1.163198219614 0 
1904 624 0.816378126744 2.725947720647 2.845569226276 25.632822134205 44629060 0.321591070658 -29.488560213087 29.490313736167 171.664123754113 44535316 -0.112892225414 0.715951659091 0.724797511525 0 
1936 624 0.304132397675 2.996812275886 3.01220522744 7.987697173302 46753888 -0.010073070313 -28.839735531687 28.839737290835 166.23747534008 46691112 0.14543419627 0.592882009363 0.610458993275 0 
1968 624 3.134579512691 3.624236451519 4.791730227997 27.624007689487 48014552 31 27 41.109609582189 35.712870356414 47956444 0.165485414201 0.70376497995 0.722959590377 0 
2000 624 0.290569949989 4.434132907618 4.443643273065 6.628469442895 47264736 -23.145885492419 27.382976392774 35.854698595239 37.327462297116 47050796 -0.052738571622 1.048600570852 1.049925956498 0 
2032 624 0.077303457434 5.265308612548 5.265876053413 5.243299671734 44075184 0.358746009673 26.549753188231 26.552176804463 5.176308953599 43296240 -0.12599823508 1.63668541269 1.641528158563 0 
2064 624 0.4313827525 4.989273725292 5.007888116267 6.201857717254 40530864 19 -30 35.510561809129 148.91279414713 39312752 -0.054293576174 2.468019505463 2.468616631185 0 
2096 624 0.08620929025 2.403239125664 2.404784883695 1.831716102966 35313944 0.02970385795 -27.515450437343 27.515466470497 179.715423052579 34296504 0.008894791594 2.288172338496 2.288189626752 0 
2128 624 -0.101162141242 1.288378028867 1.292343500811 7.805519616024 25889530 -0.101162141242 1.288378028867 1.292343500811 7.805519616024 25889530 0.063566868222 1.097143911789 1.098983853344 0 
2160 624 -0.296344934428 0.463192262829 0.549879434518 40.959914403974 21818704 26 -32 41.231056256177 132.556859105327 20055064 0.068444492424 0.466361402775 0.47135719634 0 
2192 624 0.132884418727 1.737939423439 1.743012251329 0.970744313942 24787262 -31.5 -29.784437815328 43.351617455121 136.798148139919 23711200 0.023527664198 0.395824811453 0.396523432277 0 
2224 624 -0.186006636239 0.487847749191 0.522105252909 19.581770099008 30713306 -32 15 35.341194094145 63.596081933726 28671060 -0.00650004501 0.28885824407 0.288931368585 0 
2256 624 -0.079089132244 0.100448595295 0.127847609035 29.754280460676 36321120 31 -13 33.615472627943 121.212150622792 31907200 -0.021638635202 0.145461700625 0.147062357122 0 
2288 624 -0.009964189267 0.011483936456 0.015204139708 24.048507037657 34775120 31 -14 34.01470270339 131.203016217606 24298498 -0.016950278076 0.055795301667 0.058313185601 0 
2320 624 -0.001477380554 -0.003403034774 0.003709892044 177.386229808217 28167972 -0.001477380554 -0.003403034774 0.003709892044 177.386229808217 28167972 0.007565026369 0.019859047196 0.021251150075 0 
2352 624 0.00411481275 -0.004541004621 0.006128001872 48.20456909167 17249720 0.00411481275 -0.004541004621 0.006128001872 48.20456909167 17249720 0.015495357134 0.000104322376 0.015495708305 0 
2384 624 -0.000880857 -0.002127448243 0.002302595292 85.602492490835 5037720 -0.000880857 -0.002127448243 0.002302595292 85.602492490835 5037720 0.006840714221 -0.003468872794 0.007669970633 0 
2416 624 0 0 0 0 0 0 0 0 0 0 0.003725453164 -0.005893531015 0.006972281484 0 
2448 624 0 0 0 0 0 0 0 0 0 0 0.006149573961 -0.007169652286 0.009445696047 0 
2480 624 0 0 0 0 0 0 0 0 0 0 0.008573694759 -0.008445773558 0.012034921388 0 
2512 624 0 0 0 0 0 0 0 0 0 0 0.010997815557 -0.009721894829 0.014678800568 0 
48 656 0 0 0 0 0 0 0 0 0 0 0 0 0 0 
80 656 0 0 0 0 0 0 0 0 0 0 0 0 0 0 
112 656 0 0 0 0 0 0 0 0 0 0 0 0 0 0 
144 656 0 0 0 0 0 0 0 0 0 0 0 0 0 0 
176 656 0 0 0 0 0 0 0 0 0 0 0 0 0 0 
208 656 0 0 0 0 0 0 0 0 0 0 0 0 0 0 
240 656 0 0 0 0 0 0 0 0 0 0 0 0 0 0 
272 656 0 0 0 0 0 0 0 0 0 0 0 0 0 0 
304 656 0 0 0 0 0 0 0 0 0 0 0 0 0 0 
336 656 0 0 0 0 0 0 0 0 0 0 0 0 0 0 
368 656 0 0 0 0 0 0 0 0 0 0 0 0 0 0 
400 656 0 0 0 0 0 0 0 0 0 0 0 0 0 0 
432 656 0 0 0 0 0 0 0 0 0 0 0.000176616118 -0.002173863533 0.002181026344 0 
464 656 0 0 0 0 0 0 0 0 0 0 0.000529848353 -0.006521590599 0.006543079032 0 
496 656 0 0 0 0 0 0 0 0 0 0 0.001111964587 -0.008421422968 0.008494517646 0 
528 656 -0.001170080797 0.009827538638 0.009896949265 173.064710519591 5391979.5 -0.001170080797 0.009827538638 0.009896949265 173.064710519591 5391979.5 0.001922964821 -0.00787336064 0.008104788798 0 
560 656 -0.00264562434 0.005152447852 0.005791981268 157.372270003179 22847278 -0.00264562434 0.005152447852 0.005791981268 157.372270003179 22847278 0.000672020017 -0.008442027999 0.008468733532 0 
592 656 -0.033973490477 -0.018218156409 0.038549958212 47.182511928873 34739624 -0.033973490477 -0.018218156409 0.038549958212 47.182511928873 34739624 -0.002640869825 -0.010127425046 0.010466084822 0 
624 656 -2.677374803102 -0.121735987059 2.680140945329 15.351990412469 33819440 -2.677374803102 -0.121735987059 2.680140945329 15.351990412469 33819440 -0.045436712096 -0.014724142233 0.047762905801 0 
656 656 -7.203721205093 0.098331719453 7.204392294133 10.656904600281 33449676 -7.203721205093 0.098331719453 7.204392294133 10.656904600281 33449676 -0.127715506794 -0.022232179558 0.129636107947 0 
688 656 -2.436980681089 0.145596563973 2.441326114931 9.01727591981 33017912 -2.436980681089 0.145596563973 2.441326114931 9.01727591981 33017912 -0.312145921059 -0.030596404543 0.313641859459 0 
720 656 -6.899100673603 0.273764649326 6.904530193122 6.077075407575 31233416 31 0 31 176.195298149387 31122670 -0.598727954891 -0.039816817189 0.600050450295 0 
752 656 -4.396140907532 -1.729800938741 4.724221223286 19.936337265676 31924940 -29 -32 43.185645763378 46.273164836515 31428132 -0.66177004386 -0.017819032433 0.662009900883 0 
784 656 6.749994277627 -1.248890870274 6.864557608022 173.556809634725 34840400 6.749994277627 -1.248890870274 6.864557608022 173.556809634725 34840400 -0.501272187965 0.035396949725 0.502520398071 0 
816 656 -0.439855914247 -0.232420194168 0.497486052021 36.670865611256 37093056 -0.439855914247 -0.232420194168 0.497486052021 36.670865611256 37093056 -0.862993402383 0.133889317827 0.873317789802 0 
848 656 -1.325195193095 -0.274416866087 1.353309615793 20.730322740698 39150884 29 31 42.449970553582 124.059784167926 39063636 -1.746933687111 0.277658071874 1.768861586457 0 
880 656 -1.210283591162 0.322300428048 1.252463147943 1.161518358202 40572176 30 22 37.202150475477 129.995794600433 40513944 -1.716839381344 0.420119600376 1.767494820347 0 
912 656 -0.58872866289 0.111468245897 0.599188291234 25.272227684777 40561324 21.891247624559 -30.893002456565 37.862967703827 161.315500477095 40341692 -0.772710485079 0.561273903334 0.95504444311 0 
944 656 -1.161015389092 0.043012048109 1.161811847931 68.096078813431 40387656 -20.869951254722 -0.053013635875 20.87001858696 70.363282714755 40368360 -0.260099250293 0.723155946208 0.768509038684 0 
976 656 -1.376963436743 0.070389689032 1.378761405918 75.894359480654 40412456 -1.376963436743 0.070389689032 1.378761405918 75.894359480654 40412456 -0.179005676986 0.905765728997 0.923284673445 0 
1008 656 -2.337889684953 1.125602227677 2.594746337113 39.780918503848 40232852 -2.337889684953 1.125602227677 2.594746337113 39.780918503848 40232852 -0.474259191931 1.040181352642 1.143196845479 0 
1040 656 -1.592341572968 1.276898690381 2.041083523646 5.783272843017 39830368 -26 -31 40.459856648288 94.522512242107 39479500 -1.145859795127 1.126402817142 1.606791205027 0 
1072 656 -1.659352262631 1.218666908176 2.058785798616 1.139517862507 39681736 30 1 30.016662039607 140.656903469283 39523040 -1.55793445856 1.19259399919 1.961999037735 0 
1104 656 -1.476982758013 1.079272357196 1.82929136238 0.244077011727 41565556 -20 -31 36.891733491393 93.084019060672 41311820 -1.710483182231 1.238754898787 2.111934283059 0 
1136 656 -1.314639541184 1.102143364643 1.715516575108 3.607551034611 43067288 28 -31 41.773197148411 168.456789054004 42888892 -1.830799789184 1.34818597231 2.273638776062 0 
1168 656 -2.256999758163 1.154297387072 2.535044450528 11.31340350191 42845680 -33 1 33.015148038438 36.664263883534 42813668 -1.918884279421 1.52088721976 2.448512775756 0 
1200 656 -1.07650875832 1.209663155796 1.619307276965 8.811376209608 40818972 14.682271362302 -30.338564706834 33.704563501506 155.346501434554 40547616 -1.867146785084 1.540359240086 2.420525501945 0 
1232 656 -0.89692004828 1.206273950669 1.503184092874 13.355118417608 40364012 12 32 34.17601498127 70.543659791718 40113244 -1.675587306172 1.406602033288 2.187720754725 0 
1264 656 -0.880109823082 1.116990639832 1.422062372105 5.953006892083 42883936 2.604577123985 27.605126502064 27.727726758423 49.578592964822 42758656 -1.191757878421 1.225998495779 1.709783364181 0 
1296 656 -0.01594997507 0.31656858668 0.316970143354 19.715789670184 44039008 -4.166697084456 27.78853150596 28.099178775391 14.072563970524 43947924 -0.415658501832 0.998548627558 1.081605913327 0 
1328 656 -0.033609196369 0.962901584929 0.963487955472 5.015408407304 45871716 -0.05844022971 23.156554133656 23.156627876386 3.160960473001 45680140 0.052476726276 0.995873626121 0.997255276248 0 
1360 656 -0.075085192435 1.278997066793 1.281199158206 13.263300842649 48257912 0 32 32 9.903533505002 48012272 0.212647805904 1.217973491467 1.23639739375 0 
1392 656 -0.00708248319 1.333309108995 1.333327919792 30.996575503261 48608140 -30.333454921299 -30.09227607796 42.727784485211 165.463540570327 48481612 0.834289781793 1.405538542496 1.634496263209 0 
1424 656 0.907589569709 1.438244695856 1.700666525866 18.640364958829 47780456 1.018791803361 -30.216491920181 30.233662045821 127.175003841116 47642644 1.917402653944 1.558568779208 2.470945077673 0 
1456 656 1.7220170906 1.226898184105 2.114384547446 3.26812999083 45471656 2 -31 31.064449134018 118.509495645196 45090792 2.587266996292 1.629344581475 3.057566724584 0 
1488 656 1.9557310376 1.084809374483 2.236447019359 0.618902711567 43363700 -18 -31 35.84689665787 149.776644419293 43028628 2.843882808838 1.617865949295 3.271874028793 0 
1520 656 1.827391651625 1.137713586234 2.152615258872 1.998348313057 43634728 -23 -31 38.600518131238 160.477310107291 43477036 2.791145937074 1.875874832226 3.362945439377 0 
1552 656 1.93475776154 1.93366997798 2.735391595289 0.288422360176 45412508 2 -30 30.066592756746 130.881391504114 45229308 2.429056381001 2.403371230269 3.417090600579 0 
1584 656 1.044125152385 1.952061033557 2.213761417266 8.241739602638 46178776 -27 33 42.638011210656 75.67273590465 46069824 1.73521787353 2.355026570594 2.92525746163 0 
1616 656 0.182460384611 1.068289280284 1.083759096074 12.600812800036 46785632 0.182460384611 1.068289280284 1.083759096074 12.600812800036 46785632 0.70963041466 1.730840853204 1.870664423281 0 
1648 656 0.424720243527 1.01338458581 1.098788243485 5.423141290262 47763020 -28.916626075094 15.186124272508 32.661745727791 90.455140151027 47658584 0.746052252319 1.393587462848 1.580721347928 0 
1680 656 1.308007711229 1.020076038295 1.658746302645 1.88518832805 47073752 -13.3605372101 -19.166949756711 23.36398762024 160.943270304815 46961460 1.844483386509 1.343266399527 2.281772027001 0 
1712 656 1.157762647303 1.110791138143 1.60445358302 8.448830212112 46650076 -19.318286113192 22.748705170717 29.844593568943 94.973038622197 46481740 1.864559057271 1.323359773075 2.286451741683 0 
1744 656 0.090270433121 1.204284126187 1.20766262163 26.864841055229 48472456 0.010806511825 -30.103209442399 30.103211382071 148.827844453669 48234936 0.806279264606 1.333867583494 1.558617651263 0 
1776 656 0.20619365995 1.207501118757 1.224979500727 0.587789223127 51088340 0 -31 31 170.897392081968 50796260 0.214871612372 1.341097419036 1.358201788082 0 
1808 656 0.303047368583 1.28961957549 1.324747657893 9.381669464545 51092220 31 -31 43.840620433566 131.157675369772 50813028 0.090336100567 1.345049279704 1.348079439758 0 
1840 656 0.10763166501 1.90754801106 1.910582107582 1.086561628991 49009856 31 2 31.064449134018 84.165737550986 48968480 0.052027682603 1.390456542521 1.391429580107 0 
1872 656 -0.11895067017 1.479379872477 1.4841543279 8.467404596197 46841916 -32 11 33.837848631377 74.899975504919 46619688 0.099946358481 1.477319207488 1.480696226573 0 
1904 656 0.247145690271 1.194558275529 1.21985673989 3.70591492284 47200020 0 -31 31 172.016743423916 47012292 0.194277525168 1.38529364778 1.39885033058 0 
1936 656 4.274117335761 1.60670825515 4.566135172881 52.665368127899 47650752 17 32 36.235341863987 11.24687647509 47456216 0.335021182663 1.114379863396 1.163650150507 0 
1968 656 3.735875984966 1.457975947327 4.010294657257 54.950628681375 45687876 -28.699008153421 -18.610469069082 34.205008813935 136.692717247595 45580120 0.344964562202 1.41183638432 1.453369369866 0 
2000 656 0.88857816999 1.742307108509 1.955813187537 21.402167330423 45319912 -5.29433401392 22.78562018473 23.392615498351 18.700260516717 45151236 0.224107663784 2.277663210554 2.288662042696 0 
2032 656 -0.159421426338 2.411714247269 2.416977617119 6.65386699387 46865264 30.142965467678 26.392571117961 40.064525173803 45.923316889426 46543084 0.148362757948 2.957378188642 2.961097306506 0 
2064 656 -1.11540629194 3.243492457149 3.429923397932 20.931489027551 48831552 -1.11540629194 3.243492457149 3.429923397932 20.931489027551 48831552 0.117729844693 3.450981318582 3.452988904925 0 
2096 656 0.425678885521 3.257790547621 3.285483490409 4.466575921713 47354472 0.425678885521 3.257790547621 3.285483490409 4.466575921713 47354472 0.159910683156 3.074070980809 3.07822738303 0 
2128 656 0.085404473092 1.28278825935 1.285628111994 4.749651379943 42288348 0.085404473092 1.28278825935 1.285628111994 4.749651379943 42288348 0.274905273339 1.82664717532 1.847217586646 0 
2160 656 1.865607880256 1.324530031047 2.287984389374 41.371258204204 38593948 0 -31 31 166.744957171979 37063168 0.265650482507 1.127732355955 1.158598483309 0 
2192 656 0.289624331457 2.349907582203 2.3676883026 0.674151412297 35219960 0.289624331457 2.349907582203 2.3676883026 0.674151412297 35219960 0.132146310661 0.977326522714 0.986219944749 0 
2224 656 0.098228904592 1.812239568111 1.814899768561 0.274943422837 32597382 -32 12 34.17601498127 72.821467930931 31515350 0.041730218078 0.707086879905 0.708317207778 0 
2256 656 -0.335018414473 1.282466796338 1.325503082511 13.628572956491 35200852 -32 13 34.539832078341 66.878932950062 34292504 -0.005597795241 0.317013427529 0.317062846366 0 
2288 656 -0.160480485343 0.450201665376 0.477949291958 10.19184965808 43083276 -0.234418942647 24.357113194077 24.358241221192 8.876036716073 42252108 -0.015075711018 0.090795021635 0.092038106328 0 
2320 656 -0.001267767138 -0.000594793103 0.001400361508 140.198177337327 47835344 31 -19 36.359317925396 96.440457489792 44790052 0.013296470748 0.028431662223 0.03138718769 0 
2352 656 0.004848380047 -0.019081273657 0.019687605071 58.082827437095 41706676 0.004848380047 -0.019081273657 0.019687605071 58.082827437095 41706676 0.021768409027 -0.006930667173 0.022845082163 0 
2384 656 0.000535155643 -0.012152807693 0.012164584924 31.544302151078 24225724 31 -29 42.449970553582 12.843427722737 8457235 0.010340103821 -0.015291966553 0.018459739654 0 
2416 656 -0.003738779564 0.001395613855 0.003990765674 134.19138594537 6585952 -0.003738779564 0.001395613855 0.003990765674 134.19138594537 6585952 0.008990689184 -0.020460246873 0.022348471852 0 
2448 656 -0.001556267891 0.005246565066 0.005472514481 158.219104625804 53974.9921875 -0.001556267891 0.005246565066 0.005472514481 158.219104625804 53974.9921875 0.017720165115 -0.022435508135 0.028589443454 0 
2480 656 0 0 0 0 0 0 0 0 0 0 0.026449641047 -0.024410769397 0.035992626663 0 
2512 656 0 0 0 0 0 0 0 0 0 0 0.035179116979 -0.026386030659 0.043974912 0 
48 688 0 0 0 0 0 0 0 0 0 0 0 0 0 0 
80 688 0 0 0 0 0 0 0 0 0 0 0 0 0 0 
112 688 0 0 0 0 0 0 0 0 0 0 0 0 0 0 
144 688 0 0 0 0 0 0 0 0 0 0 0 0 0 0 
176 688 0 0 0 0 0 0 0 0 0 0 0 0 0 0 
208 688 0 0 0 0 0 0 0 0 0 0 0 0 0 0 
240 688 0 0 0 0 0 0 0 0 0 0 0 0 0 0 
272 688 0 0 0 0 0 0 0 0 0 0 0 0 0 0 
304 688 0 0 0 0 0 0 0 0 0 0 0 0 0 0 
336 688 0 0 0 0 0 0 0 0 0 0 0 0 0 0 
368 688 0 0 0 0 0 0 0 0 0 0 0 0 0 0 
400 688 0 0 0 0 0 0 0 0 0 0 0 0 0 0 
432 688 0 0 0 0 0 0 0 0 0 0 0.000188694607 -0.002154329964 0.002162577917 0 
464 688 0 0 0 0 0 0 0 0 0 0 0.000566083821 -0.006462989892 0.006487733752 0 
496 688 0 0 0 0 0 0 0 0 0 0 0.000583771011 -0.006021407388 0.006049639289 0 
528 688 -0.00119310865 0.001416087384 0.001851705087 156.131691622834 1958765.75 -0.00119310865 0.001416087384 0.001851705087 156.131691622834 1958765.75 0.000241756175 -0.000829582453 0.000864090906 0 
560 688 -0.005706828649 -0.004453991029 0.007239193969 114.69388608603 11296512 31 -32 44.553338819891 149.186354803162 1373887.5 -0.000516766647 0.00219000754 0.002250151282 0 
592 688 -0.005930684429 -0.005845124447 0.008326974096 105.466098579658 20561284 -0.005930684429 -0.005845124447 0.008326974096 105.466098579658 20561284 -0.001691797456 0.00303736259 0.003476744186 0 
624 688 -0.01232045966 -0.005721894932 0.013584322134 30.314516892894 24239760 -32 31 44.553338819891 38.687304231729 20726958 -0.028597083246 0.002704889772 0.02872472104 0 
656 688 -0.073955892772 0.021639767591 0.077056820704 15.468562920291 27424480 19.367509672105 24.429391816024 31.175240422488 127.566111296282 26532258 -0.081232624017 0.001192589087 0.081241377841 0 
688 688 -5.989203967562 0.017823054581 5.989230486994 0.467813146451 26782748 -27.219818711205 -23.041145811597 35.66248632642 40.885703168766 26452320 -0.137137664515 0.001527877534 0.137146175442 0 
720 688 -7.00339174255 -0.019154768249 7.003417937319 1.239601497892 23830292 -32 0 32 1.082893907921 23651528 -0.196312204741 0.003710755115 0.196347272539 0 
752 688 -2.410742829442 -0.147746839407 2.415266055378 8.047605346239 24263760 -26 31 40.459856648288 45.472599797314 22748324 -0.237928954154 0.018894706345 0.238678019835 0 
784 688 0.1278598773 -0.153796934184 0.200004112927 139.92604695018 26679696 1 31 31.016124838542 81.660180084297 24355730 -0.261987912755 0.047079731224 0.266184461458 0 
816 688 -12.15520345065 0.045646226814 12.155289157594 7.053229804985 27664288 23.181845467512 0.032647830572 23.18186845706 172.650917686247 27577952 -0.745172304529 0.0950409549 0.751208723688 0 
848 688 -9.621900550553 0.288465646809 9.626223695412 3.792614762323 29598238 -9.621900550553 0.288465646809 9.626223695412 3.792614762323 29598238 -1.687482129477 0.162778377371 1.695314937539 0 
880 688 -1.359236975978 0.318875279673 1.396139893009 6.640335428867 31200810 -1.359236975978 0.318875279673 1.396139893009 6.640335428867 31200810 -1.696993833297 0.195221213826 1.708185994725 0 
912 688 -3.473375541278 0.247646469189 3.482192760955 9.884320377242 29908420 27.242009050048 0.198036756545 27.242728858171 165.62097119699 29775024 -0.773707415989 0.192369464265 0.797263555129 0 
944 688 -2.734698086029 0.314681663252 2.752743753225 34.949221892313 31593066 -1.489532495916 -28.981103066425 29.01935633337 128.571151722209 31202176 -0.260602686945 0.230670261087 0.348026622247 0 
976 688 -0.149407063224 0.383941734807 0.411987531689 5.687664697404 34842748 13.368400615076 -26.960681869461 30.093064016006 179.423758706593 34808120 -0.157679646165 0.310123604292 0.34790734507 0 
1008 688 -1.957679208291 0.437929225919 2.006063281527 30.967080841124 36205896 0 -32 32 133.576448491465 36186580 -0.395098600799 0.375937750213 0.545373355041 0 
1040 688 -0.486114221757 1.143714853487 1.24273516997 43.220822150947 36463160 -12.092698604057 15.380727137106 19.565278602531 28.072533348787 36448520 -0.972859550847 0.428112698852 1.062890487582 0 
1072 688 -1.88666314609 0.419197020324 1.932672752605 2.114484197845 36456168 -21.574399365661 18.852010026074 28.650532106965 26.50589935624 36416284 -1.644038509744 0.429512196966 1.699218452366 0 
1104 688 -2.136958501535 0.188194848294 2.145229343964 3.93570891074 37939060 -7.375127399057 24.819258519669 25.891853885315 64.481929561374 37842564 -2.408635477488 0.380136244554 2.438447954712 0 
1136 688 -2.290015857994 0.1269416061 2.293531513021 4.068569114412 38658536 26.899909802674 25.696310433716 37.20088059842 129.06953631748 38528536 -2.764801800275 0.351304427513 2.787031358918 0 
1168 688 -3.765792471289 0.172363123348 3.769735001708 4.586501586624 37655760 29 0 29 172.792856980118 37486364 -2.712537478103 0.343016745844 2.734139729063 0 
1200 688 -3.336414802104 0.080621544986 3.337388734507 6.149159445838 36713716 -24.66820584862 -22.016351626791 33.064181809692 49.282275617198 36481460 -2.37109449511 0.313566465436 2.391738495945 0 
1232 688 -1.427635520138 0.119009554365 1.432587328016 3.826135604009 37317572 23.671362905616 -22.649848159795 32.762006096562 144.854699163811 37224984 -1.740472851296 0.26295358629 1.760224512567 0 
1264 688 -0.603051851629 0.016441129068 0.603275928973 173.125036497931 39076344 -20.691311755478 -27.322201620049 34.272920557329 132.450208232802 39036692 2.459334489799 0.228720655905 2.469947220317 0 
1296 688 0.032486544389 0.038166872962 0.050120711866 48.415481833084 40122208 -0.646841547938 -29.986955546105 29.993931168025 92.416767256403 40061548 10.228327528176 0.210867674281 10.230500926137 0 
1328 688 2.028764195662 0.109314095785 2.031707098264 1.601348513676 41085232 39 0 39 1.482886493317 41073560 8.751832279155 0.226558962702 8.754764257594 0 
1360 688 0.316640802305 0.078442525339 0.326212549522 158.117194960387 41994252 26 -32 41.231056256177 137.062709006297 41908360 -1.970151257262 0.275794521167 1.989361353399 0 
1392 688 -0.01185453109 -0.089075151178 0.089860516718 87.875616162195 42191844 -15.274164412201 -0.204857754759 15.275538130967 6.224664183869 42156184 -4.580641553773 0.437536298609 4.601490525553 0 
1424 688 0.697790903954 0.010977989559 0.697877254175 36.816131622084 42604440 28.877713952512 -0.165965871831 28.878190867742 38.046749064617 42575392 0.920361389621 0.711784295027 1.16348698753 0 
1456 688 3.417493957577 0.387097922373 3.43934728569 5.947226154426 42057600 22.252108210512 0.035500353857 22.252136528601 12.318140816309 41980304 3.814417574265 0.839320547683 3.905667729419 0 
1488 688 3.948810519063 0.160105902753 3.9520549611 8.985973036558 41314924 -21.73116593365 0.353694429034 21.734044091815 167.759762861222 41125380 4.101527000158 0.820145056575 4.182721798883 0 
1520 688 2.923332979059 1.117120189507 3.129510061376 3.291533776536 40973432 0.060002611303 -28.428512061463 28.428575383619 107.501352726847 40745968 4.059942760312 1.289627831472 4.259844499594 0 
1552 688 2.723381612153 2.170746399317 3.482663827527 7.207506679479 41204124 -15 33 36.249137920784 83.093898165532 41060124 3.689664854728 2.247768872374 4.320427252463 0 
1584 688 3.841307025119 2.081276046543 4.368907145173 10.38897652891 41932224 -28 33 43.278170016765 91.475644298354 41864444 3.030027398352 2.43955476486 3.890050576215 0 
1616 688 2.457532923818 0.682466785034 2.550535038835 26.345989520871 41863688 12.325732162281 26.028946259958 28.799821470628 22.794422518524 41814704 2.081030391184 1.864985508931 2.794433473453 0 
1648 688 2.968961797548 0.766820489864 3.066390030471 22.12948278661 42015116 -23.719929019854 24.07786265197 33.799090262817 97.959650632983 41969012 1.832693648727 1.361639214105 2.283161702437 0 
1680 688 2.69182747512 0.084659105798 2.693158428315 20.33448301059 41556196 7.621886013886 23.693950033311 24.889684903383 50.032154211287 41519132 2.285017170981 0.929515880384 2.466840741426 0 
1712 688 4.6339828575 0.264756793612 4.641539968951 14.296576341296 41276880 -22.758726403172 21.885778680027 31.574466518463 118.553635373116 41227908 1.946010574464 0.616060489276 2.041197609829 0 
1744 688 0.446740243831 0.202917361783 0.49066516197 2.886712172525 42500872 10.679333100789 -17.032695309368 20.103752509902 85.227796285714 42413072 0.815673859177 0.421273040781 0.918038571866 0 
1776 688 0.063831206797 0.182193116416 0.193051171015 1.321449557959 44086492 -0.174802631366 -16.916124114276 16.917027250954 159.962727965557 43965676 0.156181067449 0.414868334721 0.443292523041 0 
1808 688 0.341422351096 0.275976472216 0.439012795993 54.164664942423 45481736 2 -32 32.062439083763 179.537425375439 45320624 -0.032467800718 0.596846371094 0.597728825448 0 
1840 688 0.19498468011 0.398475561821 0.443623487708 28.899411566375 45665420 0.19498468011 0.398475561821 0.443623487708 28.899411566375 45665420 -0.042805436513 0.86725395274 0.868309693564 0 
1872 688 0.272211607434 1.191387297183 1.222089543 7.041210081008 45207804 0 32 32 5.828970128886 45032728 0.125168160065 1.226091079657 1.232463550742 0 
1904 688 0.176404917217 1.284642555207 1.296697801905 18.71002732597 46025436 1 -31 31.016124838542 170.956441092682 45816664 -0.245411420813 1.275462105448 1.298857323919 0 
1936 688 3.86304159418 1.161846356338 4.033977852455 121.930741489259 44614824 -33 11 34.785054261852 22.895152122973 44402504 -1.154544179146 1.015367030112 1.537511777984 0 
1968 688 4.616150609049 0.830568611248 4.690276181998 106.361252123717 42293768 -27.254794413167 -18.73543181911 33.073255418125 97.944169993179 42213392 -0.65915058911 1.318525254673 1.474105948138 0 
2000 688 1.010242795776 0.652544236367 1.202665575641 27.549317998065 41111668 -10.856117646717 18.331687428626 21.305071094465 60.225358591323 41012804 1.240769349297 2.18493677913 2.512659409262 0 
2032 688 1.710849643675 1.606293864672 2.346739543056 9.481524888998 41829216 -30 -30 42.426406871193 172.323830272766 41421292 2.099154566553 2.753158034651 3.462127822315 0 
2064 688 1.207906338917 2.836942679722 3.083387989148 9.302063953244 43725932 1.207906338917 2.836942679722 3.083387989148 9.302063953244 43725932 1.916005062658 3.023189021237 3.579210423859 0 
2096 688 1.313615408437 2.103037840001 2.479587384578 3.120952454572 45260436 1.313615408437 2.103037840001 2.479587384578 3.120952454572 45260436 1.45094648142 2.631740410961 3.00521268509 0 
2128 688 0.267456485075 1.273991802399 1.301763451626 12.175426532808 46491848 30 -31 43.139309220246 111.907508497054 46264568 0.703978822839 1.578812203822 1.728650964754 0 
2160 688 5.88585224865 2.290805307214 6.315935848986 64.001588972831 45938140 0.155820443043 24.075410018718 24.075914262595 4.361332663776 45878176 0.061788503802 0.746418107012 0.748971167454 0 
2192 688 5.335092998709 2.266551782498 5.796591609525 141.185706796015 43913308 -30.361711982227 25.799931053822 39.843067111778 24.559642927213 43810544 -0.475624475691 0.134558120529 0.494291947817 0 
2224 688 0.479538571541 1.497727475702 1.572623550971 118.468138462178 39876624 0 -32 32 79.285755679279 39207636 -0.550565233903 -0.104172150644 0.560333752109 0 
2256 688 7.71104500741 0.205514930497 7.71378321532 167.969653865581 37469016 -32 0 32 10.503659253195 37284496 -0.163033770832 0.030227293492 0.165812242321 0 
2288 688 0.475181608257 -0.066064407134 0.479752088808 70.378945780311 39525796 -15.334405148766 24.61917450823 29.004270973999 59.453443164244 39323716 0.036178495165 0.069391348296 0.078256263204 0 
2320 688 2.599512270314 0.209926553825 2.607974923482 11.183150632227 42656160 8 31 32.015621187164 59.729588984314 42390760 0.047071564087 0.013320013769 0.048919882588 0 
2352 688 0.134424896263 -0.056580117607 0.145847051543 2.027579269933 43761860 24.794044268258 -30.635453628259 39.411618213232 26.161830913122 43295524 0.040240270827 -0.018639701534 0.044347692945 0 
2384 688 0.006052076094 -0.039731773296 0.040190066363 21.970772831458 37197632 -32 29 43.185645763378 162.816125065452 32507770 0.015684615384 -0.026487797612 0.030783284134 0 
2416 688 0.006722870428 -0.036891169127 0.03749873793 9.037058176056 21914044 -32 29 43.185645763378 151.549476324416 11968146 0.010134185729 -0.028833734099 0.030562819609 0 
2448 688 0.020231457361 -0.030380970319 0.036500893475 8.911891940213 6727278 0.020231457361 -0.030380970319 0.036500893475 8.911891940213 6727278 0.023588981862 -0.025677510995 0.034867960023 0 
2480 688 0.003757567324 0.000015889104 0.003757600918 31.540377649736 194311.984375 0.003757567324 0.000015889104 0.003757600918 31.540377649736 194311.984375 0.037043777995 -0.022521287892 0.043352622717 0 
2512 688 0 0 0 0 0 0 0 0 0 0 0.050498574128 -0.019365064789 0.054084302003 0 
48 720 0 0 0 0 0 0 0 0 0 0 0 0 0 0 
80 720 0 0 0 0 0 0 0 0 0 0 0 0 0 0 
112 720 0 0 0 0 0 0 0 0 0 0 0 0 0 0 
144 720 0 0 0 0 0 0 0 0 0 0 0 0 0 0 
176 720 0 0 0 0 0 0 0 0 0 0 0 0 0 0 
208 720 0 0 0 0 0 0 0 0 0 0 0 0 0 0 
240 720 0 0 0 0 0 0 0 0 0 0 0 0 0 0 
272 720 0 0 0 0 0 0 0 0 0 0 0 0 0 0 
304 720 0 0 0 0 0 0 0 0 0 0 0 0 0 0 
336 720 0 0 0 0 0 0 0 0 0 0 0 0 0 0 
368 720 0 0 0 0 0 0 0 0 0 0 0 0 0 0 
400 720 0 0 0 0 0 0 0 0 0 0 0 0 0 0 
432 720 0 0 0 0 0 0 0 0 0 0 0.000062898202 -0.000718109988 0.000720859306 0 
464 720 0 0 0 0 0 0 0 0 0 0 0.000188694607 -0.002154329964 0.002162577917 0 
496 720 0 0 0 0 0 0 0 0 0 0 -0.000573098041 -0.000014730572 0.000573287322 0 
528 720 0 0 0 0 0 0 0 0 0 0 -0.002222479742 0.00570068819 0.006118599679 0 
560 720 0.006680382687 0.01293040819 0.014554139233 42.850564876153 1002519.9375 0.006680382687 0.01293040819 0.014554139233 42.850564876153 1002519.9375 -0.002523728294 0.0090831408 0.009427229248 0 
592 720 -0.001881521058 0.009116335616 0.009308474448 3.368994606969 4521304 -0.001881521058 0.009116335616 0.009308474448 3.368994606969 4521304 -0.001476843697 0.01013262726 0.010239687617 0 
624 720 -0.004010030906 0.00751043318 0.008513927085 43.800177614712 9591783 -0.004010030906 0.00751043318 0.008513927085 43.800177614712 9591783 -0.024975683234 0.008163704059 0.026276050254 0 
656 720 -0.027845097539 -0.002953616276 0.028001309007 8.54568937356 14285618 -0.027845097539 -0.002953616276 0.028001309007 8.54568937356 14285618 -0.073020246902 0.003176371198 0.073089300118 0 
688 720 -0.223320319893 -0.019950868083 0.224209728635 5.045890016409 14599662 -0.223320319893 -0.019950868083 0.224209728635 5.045890016409 14599662 -0.118885316887 -0.000122869828 0.118885380381 0 
720 720 -0.211069058433 0.004337839178 0.211113628827 1.788469928409 11340314 -0.211069058433 0.004337839178 0.211113628827 1.788469928409 11340314 -0.162570893188 -0.001734019019 0.16258014065 0 
752 720 -0.029261759876 0.070797450469 0.076606328615 66.916113386446 10407691 -16.772255279444 -26.941265801099 31.735474632095 58.723484731489 5935202 -0.180334762252 0.001975937027 0.180345587147 0 
784 720 -0.149819447423 0.083779727664 0.171653457855 25.556271414117 11370088 -24 31 39.204591567825 48.595343693094 7526351.5 -0.172176924079 0.011006998308 0.172528395335 0 
816 720 -0.28935446223 0.031304975998 0.291042963039 0.745231506768 11490831 6.583271898657 20.105232740216 21.155610424422 102.701027966595 8357559 -0.313241049761 0.029772868415 0.314652791104 0 
848 720 -0.128279644297 0.002074506457 0.128296417402 4.588603770511 13504159 -14.568128483 -17.401493317834 22.694544216349 55.579803945668 11447846 -0.6035271393 0.058273547346 0.606333913114 0 
880 720 0.047674677803 -0.024323971273 0.053521308674 160.081373256674 16686942 -0.311554808308 15.900222866129 15.903274932892 81.765086754096 15655894 -0.597457836903 0.074548432341 0.602090803485 0 
912 720 -3.022923641944 0.132654459296 3.025832868913 12.404588439886 19677910 31 0 31 165.082722393902 19526676 -0.29503314257 0.0785975234 0.305322986196 0 
944 720 -1.760145718656 0.611068466359 1.863200907439 19.140640545745 25675042 -3 -32 32.140317359976 122.930244303671 25233460 -0.118362018803 0.093429971692 0.150793657378 0 
976 720 -0.159762804548 0.26504490404 0.30947205831 1.547192332953 30650226 28.30037812215 -29.986417019518 41.232227777858 166.190297381707 30323120 -0.067444465599 0.119045777217 0.136823437368 0 
1008 720 -3.023811427117 0.41642333595 3.052350560058 35.841239601183 32262554 0 -32 32 133.682389881775 31735770 -0.150233014625 0.143477470925 0.207739604665 0 
1040 720 -0.334912233278 0.358711110665 0.49075438349 22.517177366743 32520454 -0.334912233278 0.358711110665 0.49075438349 22.517177366743 32520454 -0.366727665881 0.166725052816 0.402847892087 0 
1072 720 -4.170158783119 0.600057993268 4.213109762599 2.532731765696 32541994 -4.170158783119 0.600057993268 4.213109762599 2.532731765696 32541994 -1.334754656396 0.252711391144 1.358467165589 0 
1104 720 -3.686448582663 0.34692158668 3.702736520457 2.111500463446 33814116 6 31 31.575306807694 93.466446485458 33551350 -3.054313986171 0.401436485909 3.080581954491 0 
1136 720 -4.222468051287 0.140126081261 4.224792511211 4.549189240043 35355384 -35 -31 46.754678910244 47.981670086255 35226292 -3.760568958959 0.425132034196 3.784523238346 0 
1168 720 -4.147099103297 0.233004765754 4.153639632109 2.140545452811 33865120 -26 -32 41.231056256177 56.262469007045 33544204 -3.453519574761 0.323798036004 3.468665827285 0 
1200 720 -3.760416235876 0.387462542824 3.780325050724 0.884181992832 32493860 -34 -31 46.010868281309 47.356106048521 32204858 -2.65485762512 0.232206975878 2.664993262525 0 
1232 720 -4.627852489815 0.222294886262 4.633188284966 3.537825777322 32664992 30 0 30 173.712134811848 32584464 -1.364583110036 0.150358853817 1.37284188788 0 
1264 720 10.444261034965 0.026420113258 10.444294451464 0.389028666914 31370008 -6.906759215093 0.094912339044 6.907411324611 178.678728359854 31363516 10.045905681713 0.093625081088 10.046341952257 0 
1296 720 14.777741031975 -0.213089682957 14.779277290216 0.93863633766 29980510 14.777741031975 -0.213089682957 14.779277290216 0.93863633766 29980510 31.576608750127 0.062005657691 31.576669629018 0 
1328 720 5.3644452417 -0.279464113527 5.371719737844 3.077563166092 30186072 36.574049487545 -0.099384801841 36.574184519361 0.251092528053 30154404 25.934755254708 0.043182434316 25.934791204948 0 
1360 720 2.907388981541 -0.176073014773 2.912715639488 176.843808101788 30615960 -26.452994092908 -0.077339665917 26.453107150264 0.476951262021 30610354 -6.879654804543 0.037155410964 6.879755137666 0 
1392 720 12.064911778006 -0.217004801315 12.066863192017 179.264701586881 29670380 -27.742548202357 -0.37472731989 27.74507886679 1.069002572449 29659940 -16.396424091488 0.084460721398 16.396641625692 0 
1424 720 29 0 29 175.952020353334 29029276 -34 0 34 4.047979646666 29028478 -2.615552606126 0.185098365617 2.622093980079 0 
1456 720 5.694821790496 -0.083813841895 5.695438524434 4.370335478107 29493168 -15.28078545473 -0.15042091354 15.281525793085 177.036846989718 29449364 4.423348272639 0.272646939073 4.431743031184 0 
1488 720 13.97539841063 -0.113642124752 13.975860448228 4.671579794965 30010354 -28 -6 28.635642126553 172.110927548123 29802168 4.720278544807 0.347106441766 4.73302360257 0 
1520 720 4.659321111564 1.880640279212 5.02454784836 6.321942313686 31458912 33.115927084504 0.59638647411 33.121296826856 14.626791663806 31356334 4.771211529591 1.337400996351 4.955108564415 0 
1552 720 4.140967038304 3.161161276758 5.209659166394 2.028991526647 34368224 27.363338837463 2.775590433663 27.503749100609 29.536693141476 34239264 4.576147226989 3.243530602828 5.609065360161 0 
1584 720 4.85130865284 4.164826777593 6.393823404855 2.510161920377 35458048 33.241920746638 3.854694285295 33.464667381566 36.541694067717 35395352 4.431001142762 4.154603381397 6.074084324725 0 
1616 720 4.176566250799 4.165887980391 5.899010791012 1.733283088677 33800596 24.307785025739 -11.667868833186 26.963078013572 68.834637579352 33545758 4.335773276908 4.070619332059 5.947173417287 0 
1648 720 5.153452726479 3.306937825067 6.123227317593 11.322761571387 32590736 -23.067200727867 3.13136086435 23.27877080695 128.258589404825 32514710 3.574499929504 3.453155927462 4.970043823287 0 
1680 720 6.325852041299 2.45826150054 6.786711549303 25.759168052115 31847482 6.325852041299 2.45826150054 6.786711549303 25.759168052115 31847482 2.147181100548 2.302213167606 3.148106120773 0 
1712 720 4.854350000694 1.019301687621 4.96021066686 39.364869606359 32741848 4.854350000694 1.019301687621 4.96021066686 39.364869606359 32741848 1.109435364755 1.381013146818 1.771452550946 0 
1744 720 -8.5 -0.058684520899 8.50020257835 124.175211058091 32409158 -8.5 -0.058684520899 8.50020257835 124.175211058091 32409158 0.461262722125 0.689555865099 0.829608696865 0 
1776 720 -3.947360874269 0.01624786659 3.947394313326 91.679241612337 31308004 24.522037257066 -0.035457490232 24.522062891823 88.167769034549 31292118 0.011131038731 0.332897263494 0.333083304993 0 
1808 720 -20.863620470892 -0.095906108739 20.863840900829 52.498540607213 32682080 24.956130881933 -0.130986841383 24.956474633826 128.065560047774 32681606 -0.240959685427 0.311037342004 0.393453679767 0 
1840 720 6.362778533334 -0.05371237593 6.363005239946 129.706899688111 34756516 6.362778533334 -0.05371237593 6.363005239946 129.706899688111 34756516 -0.271830698243 0.33302148429 0.429878165887 0 
1872 720 -0.487522051838 -0.083466985866 0.494615495873 88.169003532648 36799380 -0.487522051838 -0.083466985866 0.494615495873 88.169003532648 36799380 -0.081481999718 0.398849690353 0.407087695432 0 
1904 720 -1.090326821183 0.063938061497 1.092199914255 11.747114364004 38585260 -30.300238719046 22.880645572337 37.968782022052 21.954416465707 37999788 -1.431959063356 0.386457032094 1.483191085728 0 
1936 720 -3.84267533384 0.219312216437 3.848928626199 0.648196440636 39737520 -28.013536976773 23.058729932219 36.283099096357 35.544073383037 39450000 -4.323261889159 0.295843509514 4.333372444687 0 
1968 720 4.873175128538 0.178708546828 4.876450817768 169.431976286317 40029440 -17.5 -22.637872811839 28.61334103954 60.762332711082 39917476 -2.846860039734 0.423831591009 2.878236491912 0 
2000 720 3.055604607578 0.114522113022 3.057749962345 12.269002670155 38472380 2.513649463978 -23.194290146508 23.330099207422 98.230195007724 38416496 2.997246484917 0.770421276579 3.094678567275 0 
2032 720 5.274375707081 0.965619953459 5.362038884041 0.235875780809 36524084 5.06694051935 30.638034865139 31.054195636404 70.470575779202 36485996 5.726377190735 1.024024950719 5.817217791201 0 
2064 720 5.761091193377 0.986168852076 5.84488671774 2.793303813681 34697404 4 -31 31.256999216176 95.154524528117 34629888 5.340532077721 1.184642613428 5.470343772992 0 
2096 720 5.741187675883 0.168902966014 5.743671660327 12.221578140467 33950884 29.425059829414 -1.023287312238 29.442847397764 15.898424388291 33823868 3.882002186384 0.961180628953 3.9992260722 0 
2128 720 4.323602627269 -0.006198400391 4.32360707034 14.753028318372 34527080 4.323602627269 -0.006198400391 4.32360707034 14.753028318372 34527080 1.350787516723 0.353638997295 1.396312091097 0 
2160 720 -0.321927579217 -0.13469487128 0.348970019643 28.580245944027 36008832 -0.321927579217 -0.13469487128 0.348970019643 28.580245944027 36008832 -0.543141443691 -0.677581344056 0.868400314179 0 
2192 720 -0.758781301843 -2.248918825237 2.373475288797 21.51960906384 37940620 -25.020560234588 28.385126304919 37.838390951504 98.440963706368 37607708 -1.799784694857 -2.1324803951 2.790465477895 0 
2224 720 -0.851041082239 -2.02677541496 2.198201425335 16.96423943147 35770684 -23 -34 41.048751503548 5.664533264792 35318528 -1.783386400952 -2.144918847577 2.789470185858 0 
2256 720 4.094250771136 -0.451155310703 4.119032713068 118.353730224311 30971496 -30.091946073644 29.267468260818 41.977492980133 99.56231610359 29833978 -0.493946561974 -0.714896701488 0.868942172923 0 
2288 720 6.148398639683 -0.585942471299 6.17625569517 1.923855706836 28836458 -32 -6 32.557641192199 165.860352673261 28438820 0.136812340472 -0.008415718351 0.137070933537 0 
2320 720 10.872525827584 0.352490780815 10.878238259114 15.024927336895 29957110 10.872525827584 0.352490780815 10.878238259114 15.024927336895 29957110 0.108890306387 -0.025475898165 0.111830765947 0 
2352 720 0.073947011598 -0.369838948505 0.377159128692 52.4084835247 31381016 25 -32 40.607881008494 25.716588366843 29790702 0.070910942533 -0.035022780705 0.079088285727 0 
2384 720 0.202511225956 -1.772149529706 1.783682918087 25.16715179767 32828868 -28.660273209232 28.792060964676 40.625041969473 166.817738919706 32561888 0.02287424891 -0.03705636597 0.043547738427 0 
2416 720 0.048593864995 -0.050608942486 0.070161447923 30.843697215445 31242128 -32 23 39.408120990476 138.699321873014 28552136 0.0071559428 -0.031013992691 0.031828843208 0 
2448 720 0.025631971084 -0.004213369236 0.025975958538 26.086271674784 22295576 31 -32 44.553338819891 10.488339852996 13485384 0.0237560242 -0.016895660867 0.029151535842 0 
2480 720 0.016190564223 0.005440795089 0.017080299209 22.511701651767 8426310 0.016190564223 0.005440795089 0.017080299209 22.511701651767 8426310 0.040356105601 -0.002777329043 0.040451561353 0 
2512 720 0.00053284665 -0.001219062511 0.001330428111 77.651415139127 591968.875 0.00053284665 -0.001219062511 0.001330428111 77.651415139127 591968.875 0.056956187002 0.011341002781 0.058074310861 0 
48 752 0 0 0 0 0 0 0 0 0 0 0 0 0 0 
80 752 0 0 0 0 0 0 0 0 0 0 0 0 0 0 
112 752 0 0 0 0 0 0 0 0 0 0 0 0 0 0 
144 752 0 0 0 0 0 0 0 0 0 0 0 0 0 0 
176 752 0 0 0 0 0 0 0 0 0 0 0 0 0 0 
208 752 0 0 0 0 0 0 0 0 0 0 0 0 0 0 
240 752 0 0 0 0 0 0 0 0 0 0 0 0 0 0 
272 752 0 0 0 0 0 0 0 0 0 0 0 0 0 0 
304 752 0 0 0 0 0 0 0 0 0 0 0 0 0 0 
336 752 0 0 0 0 0 0 0 0 0 0 0 0 0 0 
368 752 0 0 0 0 0 0 0 0 0 0 0 0 0 0 
400 752 0 0 0 0 0 0 0 0 0 0 0 0 0 0 
432 752 0 0 0 0 0 0 0 0 0 0 0 0 0 0 
464 752 0 0 0 0 0 0 0 0 0 0 0 0 0 0 
496 752 0 0 0 0 0 0 0 0 0 0 -0.000863649425 0.002241455878 0.002402085507 0 
528 752 0 0 0 0 0 0 0 0 0 0 -0.002590948275 0.006724367633 0.00720625652 0 
560 752 0 0 0 0 0 0 0 0 0 0 -0.002645406838 0.009397280573 0.009762533457 0 
592 752 0 0 0 0 0 0 0 0 0 0 -0.001027025114 0.010260194696 0.010311468169 0 
624 752 0.000114803614 -0.000038911949 0.00012121885 173.538954218286 180465.96875 0.000114803614 -0.000038911949 0.00012121885 173.538954218286 180465.96875 -0.017373737421 0.008169833402 0.019198774174 0 
656 752 -0.007999504065 -0.003363835514 0.008677986785 26.268336224757 1246531 -0.007999504065 -0.003363835514 0.008677986785 26.268336224757 1246531 -0.051685543759 0.00312619669 0.051780001346 0 
688 752 -0.000848011184 -0.004030396107 0.004118642464 77.623072857495 2208773 -0.000848011184 -0.004030396107 0.004118642464 77.623072857495 2208773 -0.082319357305 -0.000711182632 0.082322429312 0 
720 752 -0.019793228463 -0.003772343346 0.020149502905 9.038546116639 2008362.875 -0.019793228463 -0.003772343346 0.020149502905 9.038546116639 2008362.875 -0.109275178058 -0.003342304564 0.109326280187 0 
752 752 -0.005710755713 -0.000333730054 0.005720498804 0.212696242355 2394477 -0.005710755713 -0.000333730054 0.005720498804 0.212696242355 2394477 -0.11456064195 -0.006268153844 0.114731993953 0 
784 752 -0.143034206323 0.04518050955 0.150000208739 23.050387045874 3476034.75 -0.143034206323 0.04518050955 0.150000208739 23.050387045874 3476034.75 -0.098175748979 -0.009488730471 0.098633228141 0 
816 752 -0.090310406171 0.040002714687 0.098773410618 26.384761127707 3852231 -0.090310406171 0.040002714687 0.098773410618 26.384761127707 3852231 -0.07373898127 -0.003211727509 0.073808892096 0 
848 752 -0.011075825032 0.004172381361 0.011835652342 3.703730631333 4172491 -0.011075825032 0.004172381361 0.011835652342 3.703730631333 4172491 -0.041250338825 0.012562855043 0.043120943635 0 
880 752 0.043560101309 0.045209931552 0.062780732211 97.097633757203 5968229 0 -32 32 126.837621473437 1008247.25 -0.030827995522 0.023093873418 0.03851872658 0 
912 752 -0.023656508426 0.052666422402 0.05773545219 32.059203995567 11411293 0 -32 32 123.752310087706 5503983 -0.042471951362 0.028381327616 0.051081957772 0 
944 752 -0.036665168751 0.017580343717 0.040662059524 10.693434141902 19581628 0 -32 32 126.310383723896 14928611 -0.03855816124 0.028334545253 0.047849537646 0 
976 752 -0.008627486439 0.007660624569 0.011537707356 8.652433369477 23924848 26 -32 41.231056256177 179.349202449456 22223968 -0.019086625156 0.022953526328 0.029852363905 0 
1008 752 -0.038843196754 0.059225737902 0.070827127318 13.820232721895 27246902 -15 -32 35.341194094145 107.806069032033 26672466 -0.024293587819 0.022591517489 0.033174614867 0 
1040 752 -0.01485133692 0.37304834445 0.373343848891 61.020809938935 29494890 -27.789891333798 29.780198203034 40.732520979634 20.280629232714 29263632 -0.054179049229 0.027248518736 0.060645289583 0 
1072 752 -2.058388424517 0.277813865455 2.077051624304 0.028722978997 27277082 11.923679238364 -31.007889964589 33.221429328605 118.748891945949 27135242 -0.902087282836 0.122212226437 0.910328124439 0 
1104 752 -3.124500376204 0.289967975625 3.137926708479 1.525702190745 28072860 11.142986451059 3.501807742296 11.680274162557 155.726266013575 27973370 -2.56801828864 0.307482640592 2.586361054658 0 
1136 752 -4.715050306456 1.111909367045 4.844382502749 7.163766010088 31771708 -26.158767354144 0.537848493471 26.16429610156 4.927483829192 31582116 -3.237167793253 0.346260430452 3.255633825751 0 
1168 752 -3.946129753072 0.453459774392 3.972098412058 1.868195383445 30885282 -19 -32 37.215588131857 63.987332466983 30690992 -2.909535796677 0.238545596016 2.91929829814 0 
1200 752 -2.712618913311 1.107597271821 2.930029536608 18.200536565446 28043130 27.425920925548 -29.870766715018 40.551742783233 136.566965371357 27992354 -2.133192391581 0.149552340362 2.138428320522 0 
1232 752 -0.167817464498 1.940502444041 1.947745475343 80.067987576631 24825060 31 0 31 175.010711850823 24533202 -0.908137577967 0.079280663491 0.911591621352 0 
1264 752 10.946190931388 0.105496366318 10.946699292011 0.397735096838 19269376 -21 0 21 179.845551287591 19195032 11.159845784852 0.030082983454 11.159886331301 0 
1296 752 53.244018823897 -0.019772848267 53.244022495347 0.024572417466 17065968 41 -32 52.009614495783 37.974898657984 16613956 34.070757696875 0.001959300251 34.070757753212 0 
1328 752 37.183229454837 0.300586716868 37.184444396352 0.511529208342 16186872 45 -32 55.217750769114 35.368691192872 15559558 28.269613124308 -0.023862739432 28.269623195726 0 
1360 752 -27.213436368534 0.37412095681 27.216007890111 1.222447379526 16000142 2.361630456685 0.295226258535 2.380011965867 173.309261675403 15933005 -6.243587932851 -0.047383135595 6.243767727645 0 
1392 752 9.938156237327 2.283412476749 10.197103605265 167.247327251817 15155801 -32.937049668017 0.257686212489 32.93805766917 0.635399763608 15133544 -16.749510573152 -0.05471046545 16.749599925824 0 
1424 752 25.76297121623 -0.056490678267 25.763033149942 179.065743533983 14861775 -35 0 35 0.808623741745 14835672 -3.248154796596 -0.045844728998 3.248478308659 0 
1456 752 7.133688955982 -1.837686600032 7.366587416208 14.513105289634 16025134 -15.100667951519 -3.184870180939 15.432873052399 168.157738604247 15926877 3.613150988606 0.004250529772 3.613153488778 0 
1488 752 6.935778151564 4.08189558423 8.047787902789 29.050135643086 18481824 33.012083005026 -2.01670356138 33.073625709698 4.923689047055 18395932 3.834406782453 0.095575310859 3.835597738732 0 
1520 752 5.349665969231 9.104291334936 10.559689706319 44.661167532457 21036430 4.488085621347 -30.135940881897 30.468308869738 96.429723476079 20812474 3.893237527204 1.035940281345 4.028705835593 0 
1552 752 5.522685320155 7.903515358052 9.641867462292 18.349422257805 24325462 27.308671873374 2.319905931586 27.407034188671 31.850456267535 24168166 3.789643222858 2.825345441229 4.72694114823 0 
1584 752 3.396321362475 8.157157548992 8.835961638457 22.930404412761 25070394 3.396321362475 8.157157548992 8.835961638457 22.930404412761 25070394 3.858890181534 3.787445036621 5.407011497913 0 
1616 752 7.548854089938 8.947870837332 11.706818124185 6.123622234957 23073500 -28 9 29.410882339705 118.457321771632 22907868 4.100978403231 3.922239067521 5.674679124546 0 
1648 752 5.353563137366 7.986333107396 9.614684330131 8.323041306805 21084352 -1.199191376749 -17.016858015056 17.059059665252 141.872422375479 20463954 3.571391892904 3.944421360051 5.321024329801 0 
1680 752 6.720861690842 6.260304278184 9.184845753897 16.532425123991 19067472 17.246369887619 -16.184197752375 23.65090973279 102.680669542438 18566914 2.270130650552 3.853991914213 4.472890211641 0 
1712 752 1.030633976376 5.169993427135 5.271720632761 12.497943629373 21077742 11.748358059161 -12.334836224407 17.03443869839 112.622984282772 20660290 1.59797077007 3.62788250814 3.964220235414 0 
1744 752 3.349789896425 7.553619363378 8.263065886037 1.542287856111 22990282 32 34 46.690470119715 17.806244391808 22571286 1.554912251458 3.266093141833 3.61733555547 0 
1776 752 3.682331292042 9.115289552621 9.830974894305 58.519545813217 20196954 15.449108872685 -8.409332884509 17.589537928057 38.043621784327 20143196 1.078011212602 0.18006983926 1.092947080836 0 
1808 752 22.721222011572 -5.194821555436 23.307511679542 75.419940885965 20193204 -27.457298691792 -5.00814093363 27.910297867657 81.364733932805 20183842 0.167267653502 -5.630187399578 5.632671535096 0 
1840 752 14.065223016899 -6.331074608649 15.424428813262 67.871549478981 22416658 -30 25 39.051248379533 127.700435506596 21073240 -0.235564688777 -6.408512919777 6.412840912229 0 
1872 752 30.453501569796 -2.20419296691 30.533165975655 89.325403226898 24386528 -32 -2 32.062439083763 82.958472086729 24385274 -0.130485814236 -2.154906721337 2.158853752661 0 
1904 752 -0.774855347794 0.113307011185 0.783095963971 9.53281389374 26932724 -27.127927133023 0.018699030929 27.127933577558 1.25291584189 26896594 -1.538146796897 -0.032580076136 1.538491803736 0 
1936 752 -3.988450081354 -0.029582032298 3.988559783692 0.108764809394 29059724 -25 31 39.82461550348 51.649219042436 27879254 -4.458547636759 -0.041532984176 4.458741079949 0 
1968 752 11.572122533195 -0.118151080907 11.572725677264 179.112308459234 29984646 28 31 41.773197148411 132.391885568222 28846240 -2.979172164084 -0.015740662048 2.979213747232 0 
2000 752 -7.906846793236 -0.071454256902 7.907169653077 179.63277306274 29991356 13 31 33.615472627943 66.364028257819 29111982 2.899979621128 0.044796890247 2.900325596262 0 
2032 752 5.017165727904 0.30917430373 5.026682871571 2.362772878371 32435744 20 31 36.891733491393 56.007935245769 32160622 5.664233811187 0.11504114704 5.665401939255 0 
2064 752 6.751908669596 3.319400427819 7.52374174748 24.078206919967 33898884 30.493483295419 9.528213828964 31.947447194705 15.250680933374 33833980 5.313590406095 0.19499210833 5.317167001896 0 
2096 752 7.202843975502 3.586751755123 8.046474351435 25.076510689359 30656194 -11.874398228249 21.349467935129 24.429513183773 117.687343718809 30574706 3.843934701296 0.093615325896 3.845074487844 0 
2128 752 0.98259660768 -0.088665080652 0.986588865714 3.410290182357 24518260 15 31 34.438350715445 72.745446325271 24280206 1.255266696791 -0.189089200262 1.269428692652 0 
2160 752 -8.145239961397 -1.249245837301 8.240482339691 49.09786606892 22806942 17 30 34.481879299133 177.356229236478 22086032 -0.650144121122 -1.033108876432 1.220656105868 0 
2192 752 11.448950628994 -9.314573795812 14.759395499233 88.387029685151 26224892 -2 29 29.068883707497 138.536862718012 25495808 -1.872297752445 -2.438443702616 3.074330262778 0 
2224 752 -5.146039587423 -5.901096421325 7.829729395649 3.488539053224 25632002 -1 29 29.017236257094 140.423613212124 24550636 -1.820598796323 -2.363971724134 2.983779866156 0 
2256 752 -0.002889379782 -0.67575976134 0.675765938445 31.196685480673 22360074 23 -32 39.408120990476 67.148357816099 21727040 -0.495047252758 -0.809692940988 0.949038693178 0 
2288 752 0.445772943854 -1.601338201717 1.662226685429 61.630710459335 21680378 30.036990942758 -30.809251111373 43.028255587915 32.913756390977 21508126 0.151409739976 -0.03443669589 0.155276512659 0 
2320 752 11.470020876003 -3.146983934908 11.89390124318 2.487875487207 22389806 -32 -4 32.249030993194 155.044633066975 22238882 0.118772181878 -0.038202988839 0.124764977235 0 
2352 752 -0.657868356553 -8.905691278066 8.92995677004 66.514844372928 24247542 15 31 34.438350715445 91.888961122198 22687954 0.073648423116 -0.038682608294 0.083189148402 0 
2384 752 -0.033935889618 -0.100946184426 0.106497778166 42.668940230427 27445786 31 30 43.139309220246 109.973382551717 26746846 0.01603846369 -0.035875554253 0.039297426257 0 
2416 752 0.101863835462 0.026145099365 0.105165617936 106.862895604069 29779944 -32 -22 38.832975677895 53.023785536928 26985196 -0.001079129664 -0.025040139972 0.025063382267 0 
2448 752 0.020163659171 0.021307857261 0.029335949486 62.064247019077 27222130 0.020163659171 0.021307857261 0.029335949486 62.064247019077 27222130 0.022295643054 -0.006176365452 0.023135323412 0 
2480 752 0.011375096244 0.008250373771 0.014052098844 20.427943111353 13500391 0.011375096244 0.008250373771 0.014052098844 20.427943111353 13500391 0.045670415773 0.012687409068 0.047399970735 0 
2512 752 0.001231570953 0.002469542844 0.002759603028 38.935676014911 1282234 0.001231570953 0.002469542844 0.002759603028 38.935676014911 1282234 0.069045188491 0.031551183588 0.075912549948 0 
48 784 0 0 0 0 0 0 0 0 0 0 0 0 0 0 
80 784 0 0 0 0 0 0 0 0 0 0 0 0 0 0 
112 784 0 0 0 0 0 0 0 0 0 0 0 0 0 0 
144 784 0 0 0 0 0 0 0 0 0 0 0 0 0 0 
176 784 0 0 0 0 0 0 0 0 0 0 0 0 0 0 
208 784 0 0 0 0 0 0 0 0 0 0 0 0 0 0 
240 784 0 0 0 0 0 0 0 0 0 0 0 0 0 0 
272 784 0 0 0 0 0 0 0 0 0 0 0 0 0 0 
304 784 0 0 0 0 0 0 0 0 0 0 0 0 0 0 
336 784 0 0 0 0 0 0 0 0 0 0 0 0 0 0 
368 784 0 0 0 0 0 0 0 0 0 0 0 0 0 0 
400 784 0 0 0 0 0 0 0 0 0 0 0 0 0 0 
432 784 0 0 0 0 0 0 0 0 0 0 0 0 0 0 
464 784 0 0 0 0 0 0 0 0 0 0 0 0 0 0 
496 784 0 0 0 0 0 0 0 0 0 0 -0.000287883142 0.000747151959 0.000800695169 0 
528 784 0 0 0 0 0 0 0 0 0 0 -0.000863649425 0.002241455878 0.002402085507 0 
560 784 0 0 0 0 0 0 0 0 0 0 -0.000881802279 0.003132426858 0.003254177819 0 
592 784 0 0 0 0 0 0 0 0 0 0 -0.000342341705 0.003420064899 0.003437156056 0 
624 784 0 0 0 0 0 0 0 0 0 0 -0.005791245807 0.002723277801 0.006399591391 0 
656 784 0 0 0 0 0 0 0 0 0 0 -0.017228514586 0.001042065563 0.017260000449 0 
688 784 0 0 0 0 0 0 0 0 0 0 -0.027439785768 -0.000237060877 0.027440809771 0 
720 784 0 0 0 0 0 0 0 0 0 0 -0.036425059353 -0.001114101521 0.036442093396 0 
752 784 0 0 0 0 0 0 0 0 0 0 -0.040606593248 -0.005837566267 0.041024048985 0 
784 784 0 0 0 0 0 0 0 0 0 0 -0.039984387454 -0.014407455114 0.042500894143 0 
816 784 0 0 0 0 0 0 0 0 0 0 -0.026666099056 -0.003912832871 0.026951643733 0 
848 784 0 0 0 0 0 0 0 0 0 0 -0.000651728053 0.025646300461 0.025654580035 0 
880 784 -0.004605317809 -0.076144911497 0.076284051407 179.407150334553 532654 -0.004605317809 -0.076144911497 0.076284051407 179.407150334553 532654 0.002895690844 0.040857537056 0.040960021482 0 
912 784 -0.002842905021 -0.04448457303 0.044575322171 155.332922987256 3236432.5 -0.002842905021 -0.04448457303 0.044575322171 155.332922987256 3236432.5 -0.016023842364 0.041720876916 0.044692226335 0 
944 784 -0.026082294311 -0.016127530771 0.030665670143 90.812877905817 7937829 -0.026082294311 -0.016127530771 0.030665670143 90.812877905817 7937829 -0.021191114256 0.035383981772 0.04124426614 0 
976 784 0.001910294501 0.010574313929 0.010745479986 40.226190546893 10717990 0.001910294501 0.010574313929 0.010745479986 40.226190546893 10717990 -0.012606124834 0.021846851623 0.025222991678 0 
1008 784 0.013946567533 0.026332121077 0.029797438587 80.365321044349 16163413 0.013946567533 0.026332121077 0.029797438587 80.365321044349 16163413 -0.017280320379 0.013279889904 0.02179369056 0 
1040 784 -0.000576595298 0.02213050724 0.022138017364 73.132299094746 22335728 -29 -32 43.185645763378 63.190792713321 14551806 -0.035213700891 0.009683096613 0.036520776148 0 
1072 784 -0.089565409397 0.00288085077 0.089611728371 4.426962592441 24251866 28 -32 42.520583250939 137.455158167511 21286260 -0.346036389063 0.038014702847 0.348118227314 0 
1104 784 -0.243710407629 -0.040285675212 0.247017607498 15.293822279376 29180178 0 31 31 84.092374096315 28034192 -0.949748384896 0.098274708604 0.954819309065 0 
1136 784 -3.838810133641 -0.144727160479 3.841537347615 7.643067452986 33832744 29.020176447931 -0.395819293873 29.022875701461 175.297455404783 33646092 -1.194598303158 0.114689616282 1.200091169033 0 
1168 784 -1.304438804689 -1.411910783389 1.92225197501 51.882445111762 30721040 -1 31 31.016124838542 83.535662112877 30473112 -1.080586143851 0.087259425879 1.084103602839 0 
1200 784 -0.103507797162 -1.119155741399 1.123932132106 89.368531140435 24374112 -0.103507797162 -1.119155741399 1.123932132106 89.368531140435 24374112 -0.806098794495 0.065602558889 0.808763848239 0 
1232 784 -0.211463275697 5.123416883952 5.12777898156 80.006360851695 18884480 31 -3 31.144823004795 177.897378452573 18555720 -0.37113625509 0.049719015311 0.374451732972 0 
1264 784 -3.515755870927 13.481173610861 13.932070243511 104.240370035842 13382927 5 31 31.400636936215 80.461414959137 13202358 5.801154799216 0.038094363002 5.801279874731 0 
1296 784 -4.218080184275 -16.5 17.030625368464 104.439452214474 12218766 30.757971402591 -0.630706814915 30.764437194413 1.274121948688 12183777 17.710774368421 0.030728601961 17.710801025818 0 
1328 784 30.667688981579 -3.51769088338 30.8687754312 6.635877081915 11505960 -17 9 19.235384061671 152.010280561564 11463818 15.756405887954 0.025423441457 15.75642639869 0 
1360 784 -26.926493661086 8.188354588682 28.144008452075 2.783287722824 11955152 31 8 32.015621187164 145.831886322743 11870447 -0.061950642185 0.02217888149 0.065801100684 0 
1392 784 -34.233532081598 2.964742445588 34.361670747367 4.746252948646 11199406 26 3 26.172504656605 173.214645113704 11172163 -5.639900998767 0.020022738065 5.639936540949 0 
1424 784 25.05545314666 -1.793486333381 25.119560617425 177.016676079943 10897546 15.783726619405 29.490350746207 33.448569672415 117.045467381921 10473175 -0.97744518179 0.018955011183 0.977628956125 0 
1456 784 2.903387315062 -5.989336820782 6.655960746131 65.550659337816 13888777 11 31 32.893768406797 69.05046182374 13535816 1.383825722163 0.034131319779 1.384246573523 0 
1488 784 -19.821568407383 19.394415714446 27.731533225434 133.024691697084 16579251 5.703861915934 -4.982155709374 7.573368885014 43.73562460215 16559190 1.443911713094 0.065551663854 1.445398926195 0 
1520 784 11.203297823436 -13.827316575323 17.796307644981 66.102409946494 17759934 10.060816032735 19.389055239298 21.843888900951 47.457768230028 17757944 1.426020753151 0.385245686454 1.477142317906 0 
1552 784 -3.292857642585 26.492715667311 26.696570845023 60.336752356852 19416590 -19 -32 37.215588131857 157.448095042108 19386812 1.330152842335 0.993213387579 1.660054040457 0 
1584 784 1.420901690096 9.631343317753 9.735591184789 36.080884878185 19478662 -31 -13 33.615472627943 157.224110010522 19430370 1.313694514669 1.338079730533 1.875166830747 0 
1616 784 8.246364073827 9.056841842794 12.24862868257 1.796750267529 18540592 -31 9 32.280024783138 117.925784335037 18500618 1.376645770153 1.419844715316 1.977653304321 0 
1648 784 6.475322792641 10.754762531422 12.553673660574 1.691977320855 16718919 15.13761328037 -16.867260794881 22.663888072186 105.349785841292 16493746 1.823369538928 2.835435511873 3.37110827733 0 
1680 784 2.235866124182 13.309823517037 13.496314288721 15.880734658733 14202712 27.176703023974 -7.711169649315 28.249519015619 80.424262636626 14130616 2.653865820993 5.584852120205 6.183330575053 0 
1712 784 2.709098598867 -5.312188896152 5.963100375374 128.100158812454 18573560 -1 38 38.013155617496 26.386703134112 18198964 3.41161679041 7.356668573242 8.109235575634 0 
1744 784 6.23542274382 7.7740838107 9.965785262083 12.048304348746 26983050 -3 39 39.115214431216 31.082738805175 26531162 4.096622447177 8.150884870985 9.122457983173 0 
1776 784 3.267447786151 11.862376217619 12.304153142885 75.344358477446 21252962 3.28513779101 -26.310448182433 26.514747101686 82.13846820077 21049626 3.356821589063 -0.04361393798 3.357104906967 0 
1808 784 -6.507503869871 -28.467588504014 29.20190407919 16.835146862082 15465022 -11.698184171882 2.930375005677 12.059627299099 108.02205722843 15432249 1.192214216068 -17.226827853653 17.268033259072 0 
1840 784 21.956158874789 -4.486550594463 22.409864987805 78.255765151283 15478141 -31.169382098704 -44.306899254812 54.172241064876 35.321265856527 15471184 0.065992591883 -19.357349259463 19.357461749285 0 
1872 784 23.52814101482 -2.776978424382 23.691454762904 83.463119710608 15160316 0.372079608242 18.119113607332 18.122933569107 179.018066602619 15156529 -0.021843283491 -6.435178155411 6.435215227241 0 
1904 784 -21.988091423466 14.726853427 26.464247132821 31.949139883459 15841270 -25 -32 40.607881008494 53.864917839442 15314176 -0.563974621434 0.018350780758 0.564273094146 0 
1936 784 -8.396070418799 13.994349420602 16.319798227408 58.918988682467 17084540 -18 -32 36.715119501372 60.761124604417 16342128 -1.560401421947 0.003237549043 1.560404780606 0 
1968 784 -24.363205303575 3.286514527737 24.583875821464 7.69302125393 17946366 5.01580666065 14.106592697408 14.971782592183 109.583981577067 17946096 -1.056086962159 -0.000191504499 1.056086979522 0 
2000 784 -6.804902763463 -3.883772811984 7.835202159184 150.772077498701 20343164 17.168716969653 -1.870693194996 17.27033107424 6.705227539181 20336702 0.948968757931 0.008063620134 0.949003016591 0 
2032 784 8.162319572393 3.747627214367 8.981546110762 23.87665910695 27875900 28.094251526654 6.895212482218 28.92803007496 13.004646102581 27182706 1.91272442791 0.026206623615 1.912903950606 0 
2064 784 9.953295612689 4.415802289849 10.888866029877 22.231731494854 34024440 19 -32 37.215588131857 60.993122725718 33633536 1.835180047778 0.054237505944 1.835981349256 0 
2096 784 5.900875726182 -0.008484232617 5.90088182546 1.327094533814 31360842 0.521457370433 25.418924261549 25.424272426238 87.580053493246 31304330 1.336744026156 0.02904450179 1.337059525432 0 
2128 784 -0.386301748749 0.089683045787 0.396575452831 173.67551381521 24016476 -3.56412758521 25.893813099577 26.137952526537 104.582828512819 23980326 0.417416363044 -0.049372388848 0.420326126856 0 
2160 784 -9.818977760007 1.008321234498 9.870614771303 56.868028761515 19324966 12.459398911554 18.591011940366 22.379954115325 174.834177971945 19315998 -0.259219528493 -0.320164490118 0.411946676992 0 
2192 784 -0.035528427442 0.056942672137 0.067117338048 106.533246799358 20288354 10.250354199955 17.022914381967 19.870817176963 169.548922049763 19545682 -0.693163648453 -0.783331802018 1.045984969104 0 
2224 784 -0.024089451122 0.016629113151 0.029271642584 83.600970967614 22014276 -30.928542088011 -22.746893021751 38.392653696155 12.65016663816 18754420 -0.662202420017 -0.761330780316 1.009027552712 0 
2256 784 0.011010066251 -0.001016106746 0.011056854515 117.929897839659 22402598 -19.445995998428 29.728247224002 35.523449204466 113.607563954064 16442895 -0.166335843183 -0.25416142501 0.303752601125 0 
2288 784 -0.023811253819 -0.002664596418 0.023959880687 167.426224216737 23179360 30 -32 43.863424398923 40.658949463064 14727552 0.079970693676 -0.008671584322 0.080439469303 0 
2320 784 0.073434503322 -0.035433399531 0.081536201043 7.80247302869 20251500 21 -32 38.275318418009 38.769483663593 8850291 0.076717190562 -0.024861258253 0.08064495948 0 
2352 784 0.031878179049 -0.074976566258 0.08147210435 35.528524337692 14482799 0.031878179049 -0.074976566258 0.08147210435 35.528524337692 14482799 0.048452712577 -0.029619184298 0.056788743907 0 
2384 784 -0.084801811303 0.000959969311 0.084807244628 78.778711904153 13125071 -0.084801811303 0.000959969311 0.084807244628 78.778711904153 13125071 -0.004822740278 -0.022945362458 0.023446715807 0 
2416 784 0.041081048642 0.032181671559 0.052185367124 178.755271734445 13865903 0.041081048642 0.032181671559 0.052185367124 178.755271734445 13865903 -0.014571031663 -0.010912175942 0.018204135451 0 
2448 784 0.006320967502 0.005827870975 0.008597599099 24.032298039833 11599860 0.006320967502 0.005827870975 0.008597599099 24.032298039833 11599860 0.019207838423 0.006480375248 0.020271564327 0 
2480 784 0.001232825824 0.002651440417 0.002924037584 40.80950739077 5268394.5 0.001232825824 0.002651440417 0.002924037584 40.80950739077 5268394.5 0.052986708509 0.023872926439 0.058116330711 0 
2512 784 0.002052195729 0.004012698965 0.004507023441 37.478013171808 690265 0.002052195729 0.004012698965 0.004507023441 37.478013171808 690265 0.086765578594 0.04126547763 0.096078641086 0 
48 816 0 0 0 0 0 0 0 0 0 0 0 0 0 0 
80 816 0 0 0 0 0 0 0 0 0 0 0 0 0 0 
112 816 0 0 0 0 0 0 0 0 0 0 0 0 0 0 
144 816 0 0 0 0 0 0 0 0 0 0 0 0 0 0 
176 816 0 0 0 0 0 0 0 0 0 0 0 0 0 0 
208 816 0 0 0 0 0 0 0 0 0 0 0 0 0 0 
240 816 0 0 0 0 0 0 0 0 0 0 0 0 0 0 
272 816 0 0 0 0 0 0 0 0 0 0 0 0 0 0 
304 816 0 0 0 0 0 0 0 0 0 0 0 0 0 0 
336 816 0 0 0 0 0 0 0 0 0 0 0 0 0 0 
368 816 0 0 0 0 0 0 0 0 0 0 0 0 0 0 
400 816 0 0 0 0 0 0 0 0 0 0 0 0 0 0 
432 816 0 0 0 0 0 0 0 0 0 0 0 0 0 0 
464 816 0 0 0 0 0 0 0 0 0 0 0 0 0 0 
496 816 0 0 0 0 0 0 0 0 0 0 0 0 0 0 
528 816 0 0 0 0 0 0 0 0 0 0 0 0 0 0 
560 816 0 0 0 0 0 0 0 0 0 0 0 0 0 0 
592 816 0 0 0 0 0 0 0 0 0 0 0 0 0 0 
624 816 0 0 0 0 0 0 0 0 0 0 0 0 0 0 
656 816 0 0 0 0 0 0 0 0 0 0 0 0 0 0 
688 816 0 0 0 0 0 0 0 0 0 0 0 0 0 0 
720 816 0 0 0 0 0 0 0 0 0 0 0 0 0 0 
752 816 0 0 0 0 0 0 0 0 0 0 -0.002722176673 -0.004216704359 0.005019047867 0 
784 816 0 0 0 0 0 0 0 0 0 0 -0.008166530019 -0.012650113076 0.0150571436 0 
816 816 0 0 0 0 0 0 0 0 0 0 -0.002347243461 -0.003197539164 0.003966586514 0 
848 816 0 0 0 0 0 0 0 0 0 0 0.014735683 0.024141017377 0.028283017404 0 
880 816 0 0 0 0 0 0 0 0 0 0 0.014818150521 0.037304526657 0.040139821797 0 
912 816 0 0 0 0 0 0 0 0 0 0 -0.002099840898 0.036292988674 0.036353684252 0 
944 816 0 0 0 0 0 0 0 0 0 0 -0.010359377408 0.028975203206 0.030771400701 0 
976 816 0.020807698394 0.004703588536 0.021332699256 110.239480940716 232821.96875 0.020807698394 0.004703588536 0.021332699256 110.239480940716 232821.96875 -0.009960459007 0.015351170251 0.018299430912 0 
1008 816 0.024328516217 -0.033200027022 0.041159670743 148.775156714714 2729467.75 0.024328516217 -0.033200027022 0.041159670743 148.775156714714 2729467.75 -0.013564950621 0.005630360904 0.014687029967 0 
1040 816 -0.001293683189 -0.026165715476 0.026197677045 86.662856341529 6913165 -0.001293683189 -0.026165715476 0.026197677045 86.662856341529 6913165 -0.021172852249 -0.000187224837 0.021173680018 0 
1072 816 -0.059254827979 -0.015366682457 0.061214945631 11.021367691526 11228339 -0.059254827979 -0.015366682457 0.061214945631 11.021367691526 11228339 -0.054658086627 -0.003359311176 0.054761221729 0 
1104 816 -0.100943285593 -0.012157565307 0.101672775611 4.915677775828 17249120 -0.100943285593 -0.012157565307 0.101672775611 4.915677775828 17249120 -0.114020653753 -0.003885898113 0.114086851505 0 
1136 816 -0.142311174395 0.00214089216 0.142327276995 0.016552220934 22012324 -0.142311174395 0.00214089216 0.142327276995 0.016552220934 22012324 -0.14242412866 0.002101437267 0.142439630943 0 
1168 816 -0.083484538267 0.036186302481 0.090989651152 17.474020101135 21558944 -0.083484538267 0.036186302481 0.090989651152 17.474020101135 21558944 -0.139868511347 0.014602694965 0.140628728099 0 
1200 816 -0.058053686227 0.052873690503 0.078522975185 30.844208516063 18367588 19 -32 37.215588131857 132.181904934259 13227313 -0.127643146029 0.025927957169 0.130249881732 0 
1232 816 0.013656009102 0.042094628073 0.044254313882 89.135995642946 14851798 0 -32 32 108.837697471608 10995694 -0.105748032706 0.03607722388 0.111732772739 0 
1264 816 1.686284600774 0.016241242401 1.686362811723 0.475997580661 11107237 2.09623910632 -31.266493941732 31.336685558611 87.192204403602 7757501.5 2.302058624155 0.041300608805 2.302429075853 0 
1296 816 26.868403295641 -0.012042901491 26.868405994564 0.361566553325 9724298 38 31 49.040799340957 38.871317948563 6094559.5 7.095776824552 0.041598111943 7.095898755391 0 
1328 816 -0.49567853093 0.092262535728 0.504192008587 169.105900965745 9702942 -0.49567853093 0.092262535728 0.504192008587 169.105900965745 9702942 7.079264358991 0.043255267176 7.079396505537 0 
1360 816 -9.523802429751 0.021233636226 9.523826100273 178.695433039701 11039370 9 -32 33.241540277189 75.468186485148 6777637.5 2.252521227471 0.046272074504 2.252996445866 0 
1392 816 0.058283267718 0.083067634848 0.101474978468 84.084437026567 13125280 -31 -32 44.553338819891 86.879836682616 8138737 -0.0540622574 0.046946683752 0.071601108864 0 
1424 816 2.023811427117 0.046974573592 2.024356515807 14.51729955027 13501109 2.023811427117 0.046974573592 2.024356515807 14.51729955027 13501109 0.159513904376 0.04527909492 0.165815807829 0 
1456 816 0.418124961894 0.030967969711 0.419270197971 6.159129965756 14009900 -2.935829157469 16.494612796298 16.753845652317 89.69728070396 11935981 0.254338844794 0.046656721072 0.258582864074 0 
1488 816 0.203519922891 0.002703612909 0.203537879856 11.738515734072 14107400 -6.934135807074 21.91159846724 22.982610530148 95.060872274652 12847175 0.230412563854 0.05107956221 0.236006506812 0 
1520 816 0.038402334489 -0.018543867799 0.042645214587 44.316898995512 14024851 23.820457199299 18.048071282535 29.885566051241 18.608404322198 13242824 0.175298462587 0.058796122267 0.184896011257 0 
1552 816 0.040240387136 -0.017408913805 0.043844715038 61.504061777979 16625992 -0.163823038571 13.812016142923 13.812987653666 52.569901449059 16200660 0.088996540992 0.069806401241 0.113107550423 0 
1584 816 0.123011503149 0.005356399192 0.123128067147 67.736115412704 19951960 -32 1 32.015621187164 107.980667969321 19831338 0.034383983143 0.095659282581 0.101651151694 0 
1616 816 1.315212330164 7.055382906253 7.176922141647 5.754967060411 20711542 1.315212330164 7.055382906253 7.176922141647 5.754967060411 20711542 0.011460789038 0.136354766288 0.13683556546 0 
1648 816 0.24243142489 6.5 6.504519428503 20.887685676448 17685296 0.24243142489 6.5 6.504519428503 20.887685676448 17685296 0.73056013583 1.719117350713 1.867908610608 0 
1680 816 2.186815516498 7.03972980357 7.371564135953 7.087910022907 14466727 -15 -28 31.764760348537 176.166158736084 14303854 2.191682023517 4.843947035856 5.316699444052 0 
1712 816 2.901021801722 -9.072681336842 9.525202052132 136.504017168227 20104220 3 37 37.121422386541 21.128659119388 19741082 3.339043203505 6.918194700074 7.681837503033 0 
1744 816 3.794496775553 -12.220988589972 12.796513896211 135.033564136063 31919274 3 38 38.118237105092 23.203392615785 31599448 4.172643675795 7.941860343365 8.971293159777 0 
1776 816 3.16228311983 -24.785700270661 24.986615866039 80.790337063933 24036884 3 31 31.144823004795 86.411323172847 23977098 3.498799760673 -0.118443018845 3.500803981087 0 
1808 816 -11.984367371735 -33.04815780268 35.154029576302 24.296760904075 13155538 7 14 15.652475842499 149.070526191213 13018634 1.317511458138 -17.262715386556 17.312919423355 0 
1840 816 -30.11348176467 -46.210988889987 55.156842532741 33.552855022212 14155175 1 12 12.041594578792 174.773858890948 14122011 0.156333338091 -19.36661012865 19.367241104187 0 
1872 816 5.959565602764 12.868571707385 14.181557035874 155.014646266424 15519691 11 -38 39.560080889705 16.008316374135 15193846 0.015265400529 -6.430127245126 6.430145365461 0 
1904 816 -0.069236711961 11.199661128178 11.199875138068 66.37533092785 17304118 -23 -32 39.408120990476 77.563777593306 16317533 -0.072576322176 0.031211967407 0.079003224301 0 
1936 816 4.31438731496 11.593043452227 12.369825964367 101.188834786414 19583002 -2 -32 32.062439083763 95.64773825023 18300878 -0.107191830025 0.017407508948 0.108596085527 0 
1968 816 -0.087780791668 0.037731605223 0.095546540589 21.681831026931 20690178 28.033711600507 15.584672729794 32.074460403804 149.351087029558 20176768 -0.096218434953 0.002650796481 0.096254942454 0 
2000 816 0.00728420509 0.036622086451 0.037339481247 119.475364213576 21620014 18.650019398265 -30.022306152961 35.343487240194 103.622837065652 18729120 -0.039656136959 -0.013058169992 0.041750748521 0 
2032 816 5.146611045167 -0.201580113108 5.150557231236 51.888359652451 24157020 -32 -32 45.254833995939 80.868651916685 19446628 0.014710968921 -0.020345833203 0.025107081378 0 
2064 816 7.681286294627 -0.468070398851 7.695534356905 12.539689279292 26488856 1 -32 32.015621187164 72.183309990393 18150754 0.066882882687 -0.019212193153 0.069587558962 0 
2096 816 0.11196339974 -0.04089253999 0.119197326766 9.57011422925 22631176 0 -32 32 79.506337561209 12215131 0.062076438722 -0.011498085792 0.06313232311 0 
2128 816 -0.049929126848 -0.005116895957 0.050190639884 101.805100786024 15618258 -0.049929126848 -0.005116895957 0.050190639884 101.805100786024 15618258 0.000291637023 0.00279648888 0.00281165471 0 
2160 816 -0.081377677888 0.023067469746 0.084583891013 2.676273681651 11863643 -0.081377677888 0.023067469746 0.084583891013 2.676273681651 11863643 -0.044401971957 0.014858661376 0.046822162825 0 
2192 816 0.018591374564 -0.006922191928 0.019838244612 178.503522485424 10873376 0.018591374564 -0.006922191928 0.019838244612 178.503522485424 10873376 -0.072004388221 0.024688431697 0.076119318065 0 
2224 816 0.023588513558 -0.030327969295 0.038421396297 153.062200274692 12561682 0.023588513558 -0.030327969295 0.038421396297 153.062200274692 12561682 -0.056337406217 0.026494888394 0.062256585597 0 
2256 816 0.040050902659 -0.028245621612 0.049009080221 117.889529515733 13212975 0.040050902659 -0.028245621612 0.049009080221 117.889529515733 13212975 0.002598974056 0.020278031467 0.02044390438 0 
2288 816 -0.024281477516 -0.012636181485 0.027372673105 164.209369341422 11620940 -0.024281477516 -0.012636181485 0.027372673105 164.209369341422 11620940 0.035564552598 0.007366375658 0.036319428573 0 
2320 816 0.036438269213 -0.005701715509 0.036881662421 7.151954741029 7930526 0.036438269213 -0.005701715509 0.036881662421 7.151954741029 7930526 0.042559329412 -0.012240079033 0.044284490002 0 
2352 816 0.01938809707 -0.012043452785 0.022824177159 3.132672041014 2892313.5 0.01938809707 -0.012043452785 0.022824177159 3.132672041014 2892313.5 0.02689114298 -0.018815604226 0.032820123905 0 
2384 816 -0.03497158118 -0.005344537556 0.035377613995 38.52513039639 481750 -0.03497158118 -0.005344537556 0.035377613995 38.52513039639 481750 -0.011440006696 -0.012360199921 0.016841861396 0 
2416 816 0 0 0 0 0 0 0 0 0 0 -0.015987736996 -0.002886145446 0.016246155539 0 
2448 816 0 0 0 0 0 0 0 0 0 0 0.013247952081 0.009606559199 0.016364419146 0 
2480 816 0 0 0 0 0 0 0 0 0 0 0.042483641157 0.022099263844 0.047887756561 0 
2512 816 0 0 0 0 0 0 0 0 0 0 0.071719330234 0.034591968488 0.079625791131 0 
48 848 0 0 0 0 0 0 0 0 0 0 0 0 0 0 
80 848 0 0 0 0 0 0 0 0 0 0 0 0 0 0 
112 848 0 0 0 0 0 0 0 0 0 0 0 0 0 0 
144 848 0 0 0 0 0 0 0 0 0 0 0 0 0 0 
176 848 0 0 0 0 0 0 0 0 0 0 0 0 0 0 
208 848 0 0 0 0 0 0 0 0 0 0 0 0 0 0 
240 848 0 0 0 0 0 0 0 0 0 0 0 0 0 0 
272 848 0 0 0 0 0 0 0 0 0 0 0 0 0 0 
304 848 0 0 0 0 0 0 0 0 0 0 0 0 0 0 
336 848 0 0 0 0 0 0 0 0 0 0 0 0 0 0 
368 848 0 0 0 0 0 0 0 0 0 0 0 0 0 0 
400 848 0 0 0 0 0 0 0 0 0 0 0 0 0 0 
432 848 0 0 0 0 0 0 0 0 0 0 0 0 0 0 
464 848 0 0 0 0 0 0 0 0 0 0 0 0 0 0 
496 848 0 0 0 0 0 0 0 0 0 0 0 0 0 0 
528 848 0 0 0 0 0 0 0 0 0 0 0 0 0 0 
560 848 0 0 0 0 0 0 0 0 0 0 0 0 0 0 
592 848 0 0 0 0 0 0 0 0 0 0 0 0 0 0 
624 848 0 0 0 0 0 0 0 0 0 0 0 0 0 0 
656 848 0 0 0 0 0 0 0 0 0 0 0 0 0 0 
688 848 0 0 0 0 0 0 0 0 0 0 0 0 0 0 
720 848 0 0 0 0 0 0 0 0 0 0 0 0 0 0 
752 848 0 0 0 0 0 0 0 0 0 0 -0.000907392224 -0.00140556812 0.001673015956 0 
784 848 0 0 0 0 0 0 0 0 0 0 -0.002722176673 -0.004216704359 0.005019047867 0 
816 848 0 0 0 0 0 0 0 0 0 0 -0.000782414487 -0.001065846388 0.001322195505 0 
848 848 0 0 0 0 0 0 0 0 0 0 0.004911894333 0.008047005792 0.009427672468 0 
880 848 0 0 0 0 0 0 0 0 0 0 0.004939383507 0.012434842219 0.013379940599 0 
912 848 0 0 0 0 0 0 0 0 0 0 -0.000699946966 0.012097662891 0.012117894751 0 
944 848 0 0 0 0 0 0 0 0 0 0 -0.006062950693 0.009108209556 0.010941611052 0 
976 848 0 0 0 0 0 0 0 0 0 0 -0.011149627674 0.003466482212 0.011676073664 0 
1008 848 0 0 0 0 0 0 0 0 0 0 -0.013147478544 -0.000357069512 0.013152326437 0 
1040 848 0 0 0 0 0 0 0 0 0 0 -0.012056503303 -0.002362445615 0.012285781261 0 
1072 848 0 0 0 0 0 0 0 0 0 0 -0.027952375526 -0.001909815631 0.028017542599 0 
1104 848 -0.05027638796 0.0066018203 0.050707979821 6.538232113491 1022471.875 -0.05027638796 0.0066018203 0.050707979821 6.538232113491 1022471.875 -0.060835095212 0.00100082044 0.060843327087 0 
1136 848 -0.009730247884 0.025661837028 0.027444627954 63.220812666868 3109917 -0.009730247884 0.025661837028 0.027444627954 63.220812666868 3109917 -0.080645269758 0.008495893408 0.081091551589 0 
1168 848 -0.057356251344 0.044442012036 0.072559162082 24.520349697508 5774777.5 -0.057356251344 0.044442012036 0.072559162082 24.520349697508 5774777.5 -0.087382899164 0.020575403273 0.089772592065 0 
1200 848 -0.035041285426 0.025165865326 0.04314177166 18.353404056364 7321157.5 -0.035041285426 0.025165865326 0.04314177166 18.353404056364 7321157.5 -0.097825446183 0.030528535203 0.102478336162 0 
1232 848 0.03244272048 0.019004339576 0.037599136092 130.730601298536 6619082 0.03244272048 0.019004339576 0.037599136092 130.730601298536 6619082 -0.111972910816 0.038355289198 0.118359879038 0 
1264 848 -0.026243415443 0.056080472585 0.061917172573 111.648537572729 5009936 -0.026243415443 0.056080472585 0.061917172573 111.648537572729 5009936 0.662557259668 0.039701720862 0.663745696015 0 
1296 848 0.220329352575 0.013064253141 0.220716329972 2.503558832044 3919610.75 0.220329352575 0.013064253141 0.220716329972 2.503558832044 3919610.75 2.225765065267 0.034567830195 2.226033481475 0 
1328 848 0.440721550417 -0.057965931527 0.444517192265 8.251352362312 3863496 0.440721550417 -0.057965931527 0.444517192265 8.251352362312 3863496 2.238188537417 0.029632737724 2.23838469173 0 
1360 848 0.031537174193 -0.070899851951 0.077597566732 68.05732521033 4817692 0.031537174193 -0.070899851951 0.077597566732 68.05732521033 4817692 0.699827676118 0.024896443449 0.700270382893 0 
1392 848 0.009303230223 -0.004107626794 0.010169694708 96.746600889406 7044248 0.009303230223 -0.004107626794 0.010169694708 96.746600889406 7044248 0.008005650946 0.026061371612 0.027263263513 0 
1424 848 0.377168607379 0.034655744732 0.378757414495 6.257367153644 7388261 0.377168607379 0.034655744732 0.378757414495 6.257367153644 7388261 0.162722461903 0.033127522213 0.166060327399 0 
1456 848 10.119056616455 0.046794236878 10.119164812751 10.280113581887 5848741 10.119056616455 0.046794236878 10.119164812751 10.280113581887 5848741 0.224690356499 0.041826733652 0.228550283201 0 
1488 848 0.135101648448 -0.079323149882 0.156667219036 45.47420437411 5337343 0.135101648448 -0.079323149882 0.156667219036 45.47420437411 5337343 0.193909334733 0.052159005929 0.200801872492 0 
1520 848 0.021651608 -0.066428296337 0.069867808633 93.805735214224 5693949 0.021651608 -0.066428296337 0.069867808633 93.805735214224 5693949 0.14107065551 0.056591588784 0.151998479489 0 
1552 848 0.031263779416 0.003241151333 0.031431337313 33.876175247597 7440891 0.031263779416 0.003241151333 0.031431337313 33.876175247597 7440891 0.066174318829 0.055124482215 0.086126354921 0 
1584 848 0.011911225659 0.02789253792 0.030329374677 3.924067877311 11364085 0.011911225659 0.02789253792 0.030329374677 3.924067877311 11364085 0.020958586955 0.060183692766 0.063728637535 0 
1616 848 0.018894683319 0.040600490289 0.044781791717 20.634841515308 16528497 0.018894683319 0.040600490289 0.044781791717 20.634841515308 16528497 0.005423459887 0.071769220435 0.071973848855 0 
1648 848 0.017870978732 0.044482252528 0.047937904323 4.3086655637 21673456 31 -20 36.891733491393 96.631822064624 18563986 0.29296368361 0.595466876569 0.663632820922 0 
1680 848 0.67728623661 0.978249122817 1.189826875051 6.254469357605 22391814 0.67728623661 0.978249122817 1.189826875051 6.254469357605 22391814 0.883579258122 1.631276661167 1.855202374582 0 
1712 848 1.192664787377 2.185788768353 2.490004384516 2.213048998095 25009858 20.901179868501 1.638955982003 20.965340364668 54.684434106764 24357348 1.380250009357 2.312460888636 2.693058753499 0 
1744 848 4.117250657606 6.800734323454 7.949952220974 2.85252676766 33301608 -10 -30 31.622776601684 164.391178636188 32732450 1.782975937313 2.639019558974 3.18487478964 0 
1776 848 0.967335117345 -0.112387232773 0.973841937554 4.935367971617 25975308 1.048944215634 19.5 19.528192030178 88.612589235346 25627688 1.503945727432 -0.044417403334 1.504601494343 0 
1808 848 0.039801391414 -0.083995505386 0.092948349547 19.946352165195 13536816 0 -37 37 5.407649049741 12891981 0.543159379714 -5.737849998287 5.763501081341 0 
1840 848 -0.001606586412 -0.175165154177 0.175172521697 0.841132107648 12471683 -30.598294796097 -34.258344903354 45.933537202637 42.085696477203 11451843 0.035457549845 -6.436295527336 6.43639319441 0 
1872 848 -0.023977910858 -0.26046780639 0.26156914645 4.746635503881 13251028 22 -34 40.496913462633 33.41826646519 9221127 -0.019159762176 -2.139753990481 2.13983976883 0 
1904 848 -0.102263893725 0.019207823042 0.104052123601 5.274777050662 14767019 11 -32 33.837848631377 114.333331703515 6312037 -0.063951899121 0.00600348381 0.064233069513 0 
1936 848 -0.01436535376 -0.003793579751 0.01485781397 15.358696283853 15178799 -0.01436535376 -0.003793579751 0.01485781397 15.358696283853 15178799 -0.098918860991 0.000976895538 0.09892368465 0 
1968 848 0.000647078114 0.010005419885 0.010026322215 97.84425367767 14081025 0.000647078114 0.010005419885 0.010026322215 97.84425367767 14081025 -0.099566582465 -0.007213759109 0.099827564652 0 
2000 848 0.016077088159 -0.014453541115 0.021618917976 122.306754428929 12829186 0.016077088159 -0.014453541115 0.021618917976 122.306754428929 12829186 -0.065895063543 -0.018568480131 0.068461287263 0 
2032 848 0.042006621712 -0.014686723347 0.044500068655 121.176769157609 11092854 0.042006621712 -0.014686723347 0.044500068655 121.176769157609 11092854 -0.02980656578 -0.024616223415 0.038657338486 0 
2064 848 -0.035335358696 -0.065607524108 0.074518016572 47.241254730959 9843090 -0.035335358696 -0.065607524108 0.074518016572 47.241254730959 9843090 0.008698910822 -0.025356988961 0.026807609715 0 
2096 848 0.123923949169 -0.07730675727 0.146059850394 22.609756109376 6930108 0.123923949169 -0.07730675727 0.146059850394 22.609756109376 6930108 0.019931938992 -0.028012436848 0.034379918705 0 
2128 848 0.015148100975 -0.012620720071 0.019716681726 43.387823812385 3013949 0.015148100975 -0.012620720071 0.019716681726 43.387823812385 3013949 0.00389251873 -0.032582567077 0.032814255734 0 
2160 848 -0.017864717898 -0.004695122259 0.018471391896 63.800762048214 1006293 -0.017864717898 -0.004695122259 0.018471391896 63.800762048214 1006293 -0.005691451517 -0.028039421951 0.028611218144 0 
2192 848 -0.010216941397 -0.010216941397 0.01444893709 13.482461649662 41864 -0.010216941397 -0.010216941397 0.01444893709 13.482461649662 41864 -0.008819971748 -0.01438300147 0.016871948106 0 
2224 848 0 0 0 0 0 0 0 0 0 0 -0.003003754923 -0.000494718006 0.003044222321 0 
2256 848 0 0 0 0 0 0 0 0 0 0 0.011757198958 0.01362542844 0.017996778254 0 
2288 848 0 0 0 0 0 0 0 0 0 0 0.018191316742 0.013677184049 0.022759379788 0 
2320 848 0 0 0 0 0 0 0 0 0 0 0.016298598429 -0.000339451179 0.016302132924 0 
2352 848 0 0 0 0 0 0 0 0 0 0 0.008963714327 -0.006271868075 0.010940041302 0 
2384 848 0 0 0 0 0 0 0 0 0 0 -0.003813335565 -0.00412006664 0.005613953799 0 
2416 848 0 0 0 0 0 0 0 0 0 0 -0.005329245665 -0.000962048482 0.00541538518 0 
2448 848 0 0 0 0 0 0 0 0 0 0 0.004415984027 0.0032021864 0.005454806382 0 
2480 848 0 0 0 0 0 0 0 0 0 0 0.014161213719 0.007366421281 0.01596258552 0 
2512 848 0 0 0 0 0 0 0 0 0 0 0.023906443411 0.011530656163 0.026541930377 0 
48 880 0 0 0 0 0 0 0 0 0 0 0 0 0 0 
80 880 0 0 0 0 0 0 0 0 0 0 0 0 0 0 
112 880 0 0 0 0 0 0 0 0 0 0 0 0 0 0 
144 880 0 0 0 0 0 0 0 0 0 0 0 0 0 0 
176 880 0 0 0 0 0 0 0 0 0 0 0 0 0 0 
208 880 0 0 0 0 0 0 0 0 0 0 0 0 0 0 
240 880 0 0 0 0 0 0 0 0 0 0 0 0 0 0 
272 880 0 0 0 0 0 0 0 0 0 0 0 0 0 0 
304 880 0 0 0 0 0 0 0 0 0 0 0 0 0 0 
336 880 0 0 0 0 0 0 0 0 0 0 0 0 0 0 
368 880 0 0 0 0 0 0 0 0 0 0 0 0 0 0 
400 880 0 0 0 0 0 0 0 0 0 0 0 0 0 0 
432 880 0 0 0 0 0 0 0 0 0 0 0 0 0 0 
464 880 0 0 0 0 0 0 0 0 0 0 0 0 0 0 
496 880 0 0 0 0 0 0 0 0 0 0 0 0 0 0 
528 880 0 0 0 0 0 0 0 0 0 0 0 0 0 0 
560 880 0 0 0 0 0 0 0 0 0 0 0 0 0 0 
592 880 0 0 0 0 0 0 0 0 0 0 0 0 0 0 
624 880 0 0 0 0 0 0 0 0 0 0 0 0 0 0 
656 880 0 0 0 0 0 0 0 0 0 0 0 0 0 0 
688 880 0 0 0 0 0 0 0 0 0 0 0 0 0 0 
720 880 0 0 0 0 0 0 0 0 0 0 0 0 0 0 
752 880 0 0 0 0 0 0 0 0 0 0 0 0 0 0 
784 880 0 0 0 0 0 0 0 0 0 0 0 0 0 0 
816 880 0 0 0 0 0 0 0 0 0 0 0 0 0 0 
848 880 0 0 0 0 0 0 0 0 0 0 0 0 0 0 
880 880 0 0 0 0 0 0 0 0 0 0 0 0 0 0 
912 880 0 0 0 0 0 0 0 0 0 0 0 0 0 0 
944 880 0 0 0 0 0 0 0 0 0 0 -0.002936053002 -0.000618965452 0.003000587519 0 
976 880 0 0 0 0 0 0 0 0 0 0 -0.008808159006 -0.001856896356 0.009001762558 0 
1008 880 0 0 0 0 0 0 0 0 0 0 -0.009704056879 -0.002513088539 0.010024187445 0 
1040 880 0 0 0 0 0 0 0 0 0 0 -0.005623746623 -0.002587542003 0.006190468455 0 
1072 880 0 0 0 0 0 0 0 0 0 0 -0.010949639982 -0.000888800894 0.010985653497 0 
1104 880 0 0 0 0 0 0 0 0 0 0 -0.025681736956 0.002583134787 0.025811319192 0 
1136 880 0 0 0 0 0 0 0 0 0 0 -0.037316880231 0.008769841109 0.038333531838 0 
1168 880 0 0 0 0 0 0 0 0 0 0 -0.045855069804 0.01767131807 0.04914227212 0 
1200 880 0 0 0 0 0 0 0 0 0 0 -0.062187447195 0.024621618165 0.066884248293 0 
1232 880 0 0 0 0 0 0 0 0 0 0 -0.086314012403 0.029620741393 0.091255120721 0 
1264 880 0 0 0 0 0 0 0 0 0 0 -0.117895066932 0.029176707668 0.121451747938 0 
1296 880 0 0 0 0 0 0 0 0 0 0 -0.156930610781 0.023289516991 0.158649356134 0 
1328 880 0 0 0 0 0 0 0 0 0 0 -0.136762030027 0.017116104748 0.137828929833 0 
1360 880 0 0 0 0 0 0 0 0 0 0 -0.057389324669 0.010656470941 0.058370326013 0 
1392 880 0 0 0 0 0 0 0 0 0 0 0.02927970384 0.011714036656 0.031536006591 0 
1424 880 0 0 0 0 0 0 0 0 0 0 0.1232450555 0.020288801895 0.124903879794 0 
1456 880 0 0 0 0 0 0 0 0 0 0 0.157399584263 0.029558804957 0.160151028959 0 
1488 880 0 0 0 0 0 0 0 0 0 0 0.131743290129 0.039524045842 0.137544337193 0 
1520 880 0 0 0 0 0 0 0 0 0 0 0.091649120035 0.042127085312 0.100867499821 0 
1552 880 0.012326851709 -0.001280513229 0.012393183093 51.123572591941 238405.984375 0.012326851709 -0.001280513229 0.012393183093 51.123572591941 238405.984375 0.037117073981 0.037367923366 0.052669145404 0 
1584 880 -0.009135635663 0.000893718847 0.009179246829 96.138323894795 1462213 -0.009135635663 0.000893718847 0.009179246829 96.138323894795 1462213 0.006859023442 0.03304642412 0.033750738506 0 
1616 880 0.015214774715 0.0064395392 0.016521411403 65.341317531677 5549049 0.015214774715 0.0064395392 0.016521411403 65.341317531677 5549049 0.000874968418 0.029162587572 0.029175710507 0 
1648 880 0.006350151315 0.02978093011 0.030450422327 57.038825963152 14707449 0.006350151315 0.02978093011 0.030450422327 57.038825963152 14707449 0.059936727492 0.022916776752 0.064168449873 0 
1680 880 0.014580678036 0.037823392134 0.040536467095 64.473002133272 21639628 0.014580678036 0.037823392134 0.040536467095 64.473002133272 21639628 0.184044300662 0.014308991659 0.184599707065 0 
1712 880 0.080447286934 0.045166229253 0.092259168867 29.029560715446 21616258 0.080447286934 0.045166229253 0.092259168867 29.029560715446 21616258 0.312709010836 0.001539027128 0.312712798047 0 
1744 880 0.02162455344 0.034104074641 0.040382040793 59.599234677437 19742202 0.02162455344 0.034104074641 0.040382040793 59.599234677437 19742202 0.445930858012 -0.015393116842 0.446196456926 0 
1776 880 -0.19692763394 -0.016172692886 0.197590609606 173.67289762126 14219833 -0.19692763394 -0.016172692886 0.197590609606 173.67289762126 14219833 0.373263355215 -0.010636254927 0.373414866155 0 
1808 880 0.03118938435 -0.076917386423 0.083000373676 77.404992335516 7892297 0.03118938435 -0.076917386423 0.083000373676 77.404992335516 7892297 0.094706502445 0.015809612874 0.096017006122 0 
1840 880 0.012113730457 -0.119960746694 0.120570822395 122.207806666708 5161996 0.012113730457 -0.119960746694 0.120570822395 122.207806666708 5161996 -0.041621176254 0.020698593108 0.046483911942 0 
1872 880 -0.03571481802 -0.135195514617 0.139833384422 81.640275418359 4048704 -0.03571481802 -0.135195514617 0.139833384422 81.640275418359 4048704 -0.035719680882 0.004030685775 0.035946377149 0 
1904 880 -0.090845954384 -0.090223522181 0.128036211217 38.992876586351 3472927 -0.090845954384 -0.090223522181 0.128036211217 38.992876586351 3472927 -0.045643022569 -0.004644432997 0.04587871257 0 
1936 880 -0.034449019692 -0.052048698149 0.062416359528 52.233821735482 1808227 -0.034449019692 -0.052048698149 0.062416359528 52.233821735482 1808227 -0.071391201314 -0.005326763211 0.071589650309 0 
1968 880 0.02926143051 -0.014529900106 0.032670312404 146.75190050621 277835 0.02926143051 -0.014529900106 0.032670312404 146.75190050621 277835 -0.075930492166 -0.009109527678 0.076474983721 0 
2000 880 0 0 0 0 0 0 0 0 0 0 -0.059260895126 -0.0159927264 0.061380949722 0 
2032 880 0 0 0 0 0 0 0 0 0 0 -0.039048999848 -0.02006356389 0.043901833505 0 
2064 880 0 0 0 0 0 0 0 0 0 0 -0.015294806333 -0.021322040149 0.026240436294 0 
2096 880 0 0 0 0 0 0 0 0 0 0 -0.000855233155 -0.027202209283 0.027215650159 0 
2128 880 0 0 0 0 0 0 0 0 0 0 0.004269719687 -0.037704071292 0.037945058943 0 
2160 880 0 0 0 0 0 0 0 0 0 0 0.010247856528 -0.037116347711 0.038505088375 0 
2192 880 0 0 0 0 0 0 0 0 0 0 0.017079177367 -0.02543903854 0.03064054473 0 
2224 880 0 0 0 0 0 0 0 0 0 0 0.017747303043 -0.010492140904 0.020616784086 0 
2256 880 0 0 0 0 0 0 0 0 0 0 0.012252233557 0.007724345195 0.01448387848 0 
2288 880 0 0 0 0 0 0 0 0 0 0 0.00712852411 0.012624441184 0.014498012664 0 
2320 880 0 0 0 0 0 0 0 0 0 0 0.002376174703 0.004208147061 0.004832670888 0 
2352 880 0 0 0 0 0 0 0 0 0 0 0 0 0 0 
2384 880 0 0 0 0 0 0 0 0 0 0 0 0 0 0 
2416 880 0 0 0 0 0 0 0 0 0 0 0 0 0 0 
2448 880 0 0 0 0 0 0 0 0 0 0 0 0 0 0 
2480 880 0 0 0 0 0 0 0 0 0 0 0 0 0 0 
2512 880 0 0 0 0 0 0 0 0 0 0 0 0 0 0 
48 912 0 0 0 0 0 0 0 0 0 0 0 0 0 0 
80 912 0 0 0 0 0 0 0 0 0 0 0 0 0 0 
112 912 0 0 0 0 0 0 0 0 0 0 0 0 0 0 
144 912 0 0 0 0 0 0 0 0 0 0 0 0 0 0 
176 912 0 0 0 0 0 0 0 0 0 0 0 0 0 0 
208 912 0 0 0 0 0 0 0 0 0 0 0 0 0 0 
240 912 0 0 0 0 0 0 0 0 0 0 0 0 0 0 
272 912 0 0 0 0 0 0 0 0 0 0 0 0 0 0 
304 912 0 0 0 0 0 0 0 0 0 0 0 0 0 0 
336 912 0 0 0 0 0 0 0 0 0 0 0 0 0 0 
368 912 0 0 0 0 0 0 0 0 0 0 0 0 0 0 
400 912 0 0 0 0 0 0 0 0 0 0 0 0 0 0 
432 912 0 0 0 0 0 0 0 0 0 0 0 0 0 0 
464 912 0 0 0 0 0 0 0 0 0 0 0 0 0 0 
496 912 0 0 0 0 0 0 0 0 0 0 0 0 0 0 
528 912 0 0 0 0 0 0 0 0 0 0 0 0 0 0 
560 912 0 0 0 0 0 0 0 0 0 0 0 0 0 0 
592 912 0 0 0 0 0 0 0 0 0 0 0 0 0 0 
624 912 0 0 0 0 0 0 0 0 0 0 0 0 0 0 
656 912 0 0 0 0 0 0 0 0 0 0 0 0 0 0 
688 912 0 0 0 0 0 0 0 0 0 0 0 0 0 0 
720 912 0 0 0 0 0 0 0 0 0 0 0 0 0 0 
752 912 0 0 0 0 0 0 0 0 0 0 0 0 0 0 
784 912 0 0 0 0 0 0 0 0 0 0 0 0 0 0 
816 912 0 0 0 0 0 0 0 0 0 0 0 0 0 0 
848 912 0 0 0 0 0 0 0 0 0 0 0 0 0 0 
880 912 0 0 0 0 0 0 0 0 0 0 0 0 0 0 
912 912 0 0 0 0 0 0 0 0 0 0 0 0 0 0 
944 912 0 0 0 0 0 0 0 0 0 0 -0.000978684334 -0.000206321817 0.00100019584 0 
976 912 0 0 0 0 0 0 0 0 0 0 -0.002936053002 -0.000618965452 0.003000587519 0 
1008 912 0 0 0 0 0 0 0 0 0 0 -0.003234685626 -0.00083769618 0.003341395815 0 
1040 912 0 0 0 0 0 0 0 0 0 0 -0.001874582208 -0.000862514001 0.002063489485 0 
1072 912 0 0 0 0 0 0 0 0 0 0 -0.003649879994 -0.000296266965 0.003661884499 0 
1104 912 0 0 0 0 0 0 0 0 0 0 -0.008560578985 0.000861044929 0.008603773064 0 
1136 912 0 0 0 0 0 0 0 0 0 0 -0.012438960077 0.00292328037 0.012777843946 0 
1168 912 0 0 0 0 0 0 0 0 0 0 -0.015285023268 0.005890439357 0.016380757373 0 
1200 912 0 0 0 0 0 0 0 0 0 0 -0.020729149065 0.008207206055 0.022294749431 0 
1232 912 0 0 0 0 0 0 0 0 0 0 -0.028771337468 0.009873580464 0.030418373574 0 
1264 912 0 0 0 0 0 0 0 0 0 0 -0.039298355644 0.009725569223 0.040483915979 0 
1296 912 0 0 0 0 0 0 0 0 0 0 -0.052310203594 0.00776317233 0.052883118711 0 
1328 912 0 0 0 0 0 0 0 0 0 0 -0.045587343342 0.005705368249 0.045942976611 0 
1360 912 0 0 0 0 0 0 0 0 0 0 -0.01912977489 0.00355215698 0.019456775338 0 
1392 912 0 0 0 0 0 0 0 0 0 0 0.00975990128 0.003904678885 0.010512002197 0 
1424 912 0 0 0 0 0 0 0 0 0 0 0.041081685167 0.006762933965 0.041634626598 0 
1456 912 0 0 0 0 0 0 0 0 0 0 0.052466528088 0.009852934986 0.05338367632 0 
1488 912 0 0 0 0 0 0 0 0 0 0 0.043914430043 0.013174681947 0.045848112398 0 
1520 912 0 0 0 0 0 0 0 0 0 0 0.027033856163 0.01540261185 0.031113820576 0 
1552 912 0 0 0 0 0 0 0 0 0 0 0.001824806447 0.016536724693 0.016637102577 0 
1584 912 0 0 0 0 0 0 0 0 0 0 -0.007914707397 0.014247476642 0.01629825708 0 
1616 912 0 0 0 0 0 0 0 0 0 0 -0.002184685368 0.008534867697 0.008810040679 0 
1648 912 -0.007830189026 0.001794610262 0.008033211448 164.422990537258 2012005.75 -0.007830189026 0.001794610262 0.008033211448 164.422990537258 2012005.75 0.031479267476 0.00146705126 0.031513433964 0 
1680 912 0.007710050721 -0.000330831096 0.007717145284 1.816962502059 6281939.5 0.007710050721 -0.000330831096 0.007717145284 1.816962502059 6281939.5 0.093077151136 -0.006955972668 0.093336710994 0 
1712 912 -0.001249125399 -0.011933997085 0.011999191668 89.878779586404 6127033.5 -0.001249125399 -0.011933997085 0.011999191668 89.878779586404 6127033.5 0.136420207941 -0.014570884449 0.137196150851 0 
1744 912 -0.012608337936 -0.027621189088 0.030362810677 106.995444631347 2511131 -0.012608337936 -0.027621189088 0.030362810677 106.995444631347 2511131 0.161508437891 -0.021377684083 0.162917098203 0 
1776 912 -0.050067399598 -0.03201596941 0.059428669847 138.302518651108 654031 -0.050067399598 -0.03201596941 0.059428669847 138.302518651108 654031 0.106752644022 -0.017099573624 0.108113470131 0 
1808 912 0 0 0 0 0 0 0 0 0 0 -0.027847173667 -0.001736553073 0.027901266957 0 
1840 912 0 0 0 0 0 0 0 0 0 0 -0.074902840204 0.004372232683 0.075030339792 0 
1872 912 0 0 0 0 0 0 0 0 0 0 -0.03441435559 0.001226783644 0.034436214495 0 
1904 912 0 0 0 0 0 0 0 0 0 0 -0.017649692519 -0.000731783016 0.017664856422 0 
1936 912 0 0 0 0 0 0 0 0 0 0 -0.024608850992 -0.001503467298 0.024654735064 0 
1968 912 0 0 0 0 0 0 0 0 0 0 -0.025310164055 -0.003036509226 0.02549166124 0 
2000 912 0 0 0 0 0 0 0 0 0 0 -0.019753631709 -0.0053309088 0.020460316574 0 
2032 912 0 0 0 0 0 0 0 0 0 0 -0.013016333283 -0.00668785463 0.014633944502 0 
2064 912 0 0 0 0 0 0 0 0 0 0 -0.005098268778 -0.007107346716 0.008746812098 0 
2096 912 0 0 0 0 0 0 0 0 0 0 -0.000285077718 -0.009067403094 0.009071883386 0 
2128 912 0 0 0 0 0 0 0 0 0 0 0.001423239896 -0.012568023764 0.012648352981 0 
2160 912 0 0 0 0 0 0 0 0 0 0 0.003415952176 -0.012372115904 0.012835029458 0 
2192 912 0 0 0 0 0 0 0 0 0 0 0.005693059122 -0.008479679513 0.01021351491 0 
2224 912 0 0 0 0 0 0 0 0 0 0 0.005915767681 -0.003497380301 0.006872261362 0 
2256 912 0 0 0 0 0 0 0 0 0 0 0.004084077852 0.002574781732 0.004827959493 0 
2288 912 0 0 0 0 0 0 0 0 0 0 0.002376174703 0.004208147061 0.004832670888 0 
2320 912 0 0 0 0 0 0 0 0 0 0 0.000792058234 0.001402715687 0.001610890296 0 
2352 912 0 0 0 0 0 0 0 0 0 0 0 0 0 0 
2384 912 0 0 0 0 0 0 0 0 0 0 0 0 0 0 
2416 912 0 0 0 0 0 0 0 0 0 0 0 0 0 0 
2448 912 0 0 0 0 0 0 0 0 0 0 0 0 0 0 
2480 912 0 0 0 0 0 0 0 0 0 0 0 0 0 0 
2512 912 0 0 0 0 0 0 0 0 0 0 0 0 0 0 
48 944 0 0 0 0 0 0 0 0 0 0 0 0 0 0 
80 944 0 0 0 0 0 0 0 0 0 0 0 0 0 0 
112 944 0 0 0 0 0 0 0 0 0 0 0 0 0 0 
144 944 0 0 0 0 0 0 0 0 0 0 0 0 0 0 
176 944 0 0 0 0 0 0 0 0 0 0 0 0 0 0 
208 944 0 0 0 0 0 0 0 0 0 0 0 0 0 0 
240 944 0 0 0 0 0 0 0 0 0 0 0 0 0 0 
272 944 0 0 0 0 0 0 0 0 0 0 0 0 0 0 
304 944 0 0 0 0 0 0 0 0 0 0 0 0 0 0 
336 944 0 0 0 0 0 0 0 0 0 0 0 0 0 0 
368 944 0 0 0 0 0 0 0 0 0 0 0 0 0 0 
400 944 0 0 0 0 0 0 0 0 0 0 0 0 0 0 
432 944 0 0 0 0 0 0 0 0 0 0 0 0 0 0 
464 944 0 0 0 0 0 0 0 0 0 0 0 0 0 0 
496 944 0 0 0 0 0 0 0 0 0 0 0 0 0 0 
528 944 0 0 0 0 0 0 0 0 0 0 0 0 0 0 
560 944 0 0 0 0 0 0 0 0 0 0 0 0 0 0 
592 944 0 0 0 0 0 0 0 0 0 0 0 0 0 0 
624 944 0 0 0 0 0 0 0 0 0 0 0 0 0 0 
656 944 0 0 0 0 0 0 0 0 0 0 0 0 0 0 
688 944 0 0 0 0 0 0 0 0 0 0 0 0 0 0 
720 944 0 0 0 0 0 0 0 0 0 0 0 0 0 0 
752 944 0 0 0 0 0 0 0 0 0 0 0 0 0 0 
784 944 0 0 0 0 0 0 0 0 0 0 0 0 0 0 
816 944 0 0 0 0 0 0 0 0 0 0 0 0 0 0 
848 944 0 0 0 0 0 0 0 0 0 0 0 0 0 0 
880 944 0 0 0 0 0 0 0 0 0 0 0 0 0 0 
912 944 0 0 0 0 0 0 0 0 0 0 0 0 0 0 
944 944 0 0 0 0 0 0 0 0 0 0 0 0 0 0 
976 944 0 0 0 0 0 0 0 0 0 0 0 0 0 0 
1008 944 0 0 0 0 0 0 0 0 0 0 0 0 0 0 
1040 944 0 0 0 0 0 0 0 0 0 0 0 0 0 0 
1072 944 0 0 0 0 0 0 0 0 0 0 0 0 0 0 
1104 944 0 0 0 0 0 0 0 0 0 0 0 0 0 0 
1136 944 0 0 0 0 0 0 0 0 0 0 0 0 0 0 
1168 944 0 0 0 0 0 0 0 0 0 0 0 0 0 0 
1200 944 0 0 0 0 0 0 0 0 0 0 0 0 0 0 
1232 944 0 0 0 0 0 0 0 0 0 0 0 0 0 0 
1264 944 0 0 0 0 0 0 0 0 0 0 0 0 0 0 
1296 944 0 0 0 0 0 0 0 0 0 0 0 0 0 0 
1328 944 0 0 0 0 0 0 0 0 0 0 0 0 0 0 
1360 944 0 0 0 0 0 0 0 0 0 0 0 0 0 0 
1392 944 0 0 0 0 0 0 0 0 0 0 0 0 0 0 
1424 944 0 0 0 0 0 0 0 0 0 0 0 0 0 0 
1456 944 0 0 0 0 0 0 0 0 0 0 0 0 0 0 
1488 944 0 0 0 0 0 0 0 0 0 0 0 0 0 0 
1520 944 0 0 0 0 0 0 0 0 0 0 -0.00395533183 0.001530281339 0.00424103889 0 
1552 944 0 0 0 0 0 0 0 0 0 0 -0.01186599549 0.004590844018 0.012723116669 0 
1584 944 0 0 0 0 0 0 0 0 0 0 -0.011476179613 0.003636002178 0.012038405639 0 
1616 944 0 0 0 0 0 0 0 0 0 0 -0.002785884196 -0.00133424418 0.003088908916 0 
1648 944 0 0 0 0 0 0 0 0 0 0 0.012937903101 -0.006943358614 0.014683309078 0 
1680 944 0 0 0 0 0 0 0 0 0 0 0.035695182279 -0.013191341123 0.038054664873 0 
1712 944 0 0 0 0 0 0 0 0 0 0 0.03620685487 -0.016969380178 0.03998620016 0 
1744 944 0 0 0 0 0 0 0 0 0 0 0.014472920873 -0.018277475777 0.023313763304 0 
1776 944 0 0 0 0 0 0 0 0 0 0 -0.019877033681 -0.01524842473 0.025052164072 0 
1808 944 0 0 0 0 0 0 0 0 0 0 -0.066843008793 -0.007882227035 0.067306146283 0 
1840 944 0 0 0 0 0 0 0 0 0 0 -0.068657754135 -0.002843210647 0.06871659952 0 
1872 944 0 0 0 0 0 0 0 0 0 0 -0.025321269708 -0.000131375566 0.025321610516 0 
1904 944 0 0 0 0 0 0 0 0 0 0 -0.002739770621 0.000918406481 0.002889604388 0 
1936 944 0 0 0 0 0 0 0 0 0 0 -0.000913256874 0.000306135494 0.000963201463 0 
1968 944 0 0 0 0 0 0 0 0 0 0 0 0 0 0 
2000 944 0 0 0 0 0 0 0 0 0 0 0 0 0 0 
2032 944 0 0 0 0 0 0 0 0 0 0 0 0 0 0 
2064 944 0 0 0 0 0 0 0 0 0 0 0 0 0 0 
2096 944 0 0 0 0 0 0 0 0 0 0 0 0 0 0 
2128 944 0 0 0 0 0 0 0 0 0 0 0 0 0 0 
2160 944 0 0 0 0 0 0 0 0 0 0 0 0 0 0 
2192 944 0 0 0 0 0 0 0 0 0 0 0 0 0 0 
2224 944 0 0 0 0 0 0 0 0 0 0 0 0 0 0 
2256 944 0 0 0 0 0 0 0 0 0 0 0 0 0 0 
2288 944 0 0 0 0 0 0 0 0 0 0 0 0 0 0 
2320 944 0 0 0 0 0 0 0 0 0 0 0 0 0 0 
2352 944 0 0 0 0 0 0 0 0 0 0 0 0 0 0 
2384 944 0 0 0 0 0 0 0 0 0 0 0 0 0 0 
2416 944 0 0 0 0 0 0 0 0 0 0 0 0 0 0 
2448 944 0 0 0 0 0 0 0 0 0 0 0 0 0 0 
2480 944 0 0 0 0 0 0 0 0 0 0 0 0 0 0 
2512 944 0 0 0 0 0 0 0 0 0 0 0 0 0 0 
48 976 0 0 0 0 0 0 0 0 0 0 0 0 0 0 
80 976 0 0 0 0 0 0 0 0 0 0 0 0 0 0 
112 976 0 0 0 0 0 0 0 0 0 0 0 0 0 0 
144 976 0 0 0 0 0 0 0 0 0 0 0 0 0 0 
176 976 0 0 0 0 0 0 0 0 0 0 0 0 0 0 
208 976 0 0 0 0 0 0 0 0 0 0 0 0 0 0 
240 976 0 0 0 0 0 0 0 0 0 0 0 0 0 0 
272 976 0 0 0 0 0 0 0 0 0 0 0 0 0 0 
304 976 0 0 0 0 0 0 0 0 0 0 0 0 0 0 
336 976 0 0 0 0 0 0 0 0 0 0 0 0 0 0 
368 976 0 0 0 0 0 0 0 0 0 0 0 0 0 0 
400 976 0 0 0 0 0 0 0 0 0 0 0 0 0 0 
432 976 0 0 0 0 0 0 0 0 0 0 0 0 0 0 
464 976 0 0 0 0 0 0 0 0 0 0 0 0 0 0 
496 976 0 0 0 0 0 0 0 0 0 0 0 0 0 0 
528 976 0 0 0 0 0 0 0 0 0 0 0 0 0 0 
560 976 0 0 0 0 0 0 0 0 0 0 0 0 0 0 
592 976 0 0 0 0 0 0 0 0 0 0 0 0 0 0 
624 976 0 0 0 0 0 0 0 0 0 0 0 0 0 0 
656 976 0 0 0 0 0 0 0 0 0 0 0 0 0 0 
688 976 0 0 0 0 0 0 0 0 0 0 0 0 0 0 
720 976 0 0 0 0 0 0 0 0 0 0 0 0 0 0 
752 976 0 0 0 0 0 0 0 0 0 0 0 0 0 0 
784 976 0 0 0 0 0 0 0 0 0 0 0 0 0 0 
816 976 0 0 0 0 0 0 0 0 0 0 0 0 0 0 
848 976 0 0 0 0 0 0 0 0 0 0 0 0 0 0 
880 976 0 0 0 0 0 0 0 0 0 0 0 0 0 0 
912 976 0 0 0 0 0 0 0 0 0 0 0 0 0 0 
944 976 0 0 0 0 0 0 0 0 0 0 0 0 0 0 
976 976 0 0 0 0 0 0 0 0 0 0 0 0 0 0 
1008 976 0 0 0 0 0 0 0 0 0 0 0 0 0 0 
1040 976 0 0 0 0 0 0 0 0 0 0 0 0 0 0 
1072 976 0 0 0 0 0 0 0 0 0 0 0 0 0 0 
1104 976 0 0 0 0 0 0 0 0 0 0 0 0 0 0 
1136 976 0 0 0 0 0 0 0 0 0 0 0 0 0 0 
1168 976 0 0 0 0 0 0 0 0 0 0 0 0 0 0 
1200 976 0 0 0 0 0 0 0 0 0 0 0 0 0 0 
1232 976 0 0 0 0 0 0 0 0 0 0 0 0 0 0 
1264 976 0 0 0 0 0 0 0 0 0 0 0 0 0 0 
1296 976 0 0 0 0 0 0 0 0 0 0 0 0 0 0 
1328 976 0 0 0 0 0 0 0 0 0 0 0 0 0 0 
1360 976 0 0 0 0 0 0 0 0 0 0 0 0 0 0 
1392 976 0 0 0 0 0 0 0 0 0 0 0 0 0 0 
1424 976 0 0 0 0 0 0 0 0 0 0 0 0 0 0 
1456 976 0 0 0 0 0 0 0 0 0 0 0 0 0 0 
1488 976 0 0 0 0 0 0 0 0 0 0 0 0 0 0 
1520 976 0 0 0 0 0 0 0 0 0 0 -0.001318443943 0.00051009378 0.00141367963 0 
1552 976 0 0 0 0 0 0 0 0 0 0 -0.00395533183 0.001530281339 0.00424103889 0 
1584 976 0 0 0 0 0 0 0 0 0 0 -0.003825393204 0.001212000726 0.00401280188 0 
1616 976 0 0 0 0 0 0 0 0 0 0 -0.000928628065 -0.00044474806 0.001029636305 0 
1648 976 0 0 0 0 0 0 0 0 0 0 0.004312634367 -0.002314452871 0.004894436359 0 
1680 976 0 0 0 0 0 0 0 0 0 0 0.011898394093 -0.004397113708 0.012684888291 0 
1712 976 0 0 0 0 0 0 0 0 0 0 0.012068951623 -0.005656460059 0.013328733387 0 
1744 976 0 0 0 0 0 0 0 0 0 0 0.004824306958 -0.006092491926 0.007771254435 0 
1776 976 0 0 0 0 0 0 0 0 0 0 -0.006625677894 -0.005082808243 0.008350721357 0 
1808 976 0 0 0 0 0 0 0 0 0 0 -0.022281002931 -0.002627409012 0.022435382094 0 
1840 976 0 0 0 0 0 0 0 0 0 0 -0.022885918045 -0.000947736882 0.022905533173 0 
1872 976 0 0 0 0 0 0 0 0 0 0 -0.008440423236 -0.000043791855 0.008440536839 0 
1904 976 0 0 0 0 0 0 0 0 0 0 -0.000913256874 0.000306135494 0.000963201463 0 
1936 976 0 0 0 0 0 0 0 0 0 0 -0.000304418958 0.000102045165 0.000321067154 0 
1968 976 0 0 0 0 0 0 0 0 0 0 0 0 0 0 
2000 976 0 0 0 0 0 0 0 0 0 0 0 0 0 0 
2032 976 0 0 0 0 0 0 0 0 0 0 0 0 0 0 
2064 976 0 0 0 0 0 0 0 0 0 0 0 0 0 0 
2096 976 0 0 0 0 0 0 0 0 0 0 0 0 0 0 
2128 976 0 0 0 0 0 0 0 0 0 0 0 0 0 0 
2160 976 0 0 0 0 0 0 0 0 0 0 0 0 0 0 
2192 976 0 0 0 0 0 0 0 0 0 0 0 0 0 0 
2224 976 0 0 0 0 0 0 0 0 0 0 0 0 0 0 
2256 976 0 0 0 0 0 0 0 0 0 0 0 0 0 0 
2288 976 0 0 0 0 0 0 0 0 0 0 0 0 0 0 
2320 976 0 0 0 0 0 0 0 0 0 0 0 0 0 0 
2352 976 0 0 0 0 0 0 0 0 0 0 0 0 0 0 
2384 976 0 0 0 0 0 0 0 0 0 0 0 0 0 0 
2416 976 0 0 0 0 0 0 0 0 0 0 0 0 0 0 
2448 976 0 0 0 0 0 0 0 0 0 0 0 0 0 0 
2480 976 0 0 0 0 0 0 0 0 0 0 0 0 0 0 
2512 976 0 0 0 0 0 0 0 0 0 0 0 0 0 0 
48 1008 0 0 0 0 0 0 0 0 0 0 0 0 0 0 
80 1008 0 0 0 0 0 0 0 0 0 0 0 0 0 0 
112 1008 0 0 0 0 0 0 0 0 0 0 0 0 0 0 
144 1008 0 0 0 0 0 0 0 0 0 0 0 0 0 0 
176 1008 0 0 0 0 0 0 0 0 0 0 0 0 0 0 
208 1008 0 0 0 0 0 0 0 0 0 0 0 0 0 0 
240 1008 0 0 0 0 0 0 0 0 0 0 0 0 0 0 
272 1008 0 0 0 0 0 0 0 0 0 0 0 0 0 0 
304 1008 0 0 0 0 0 0 0 0 0 0 0 0 0 0 
336 1008 0 0 0 0 0 0 0 0 0 0 0 0 0 0 
368 1008 0 0 0 0 0 0 0 0 0 0 0 0 0 0 
400 1008 0 0 0 0 0 0 0 0 0 0 0 0 0 0 
432 1008 0 0 0 0 0 0 0 0 0 0 0 0 0 0 
464 1008 0 0 0 0 0 0 0 0 0 0 0 0 0 0 
496 1008 0 0 0 0 0 0 0 0 0 0 0 0 0 0 
528 1008 0 0 0 0 0 0 0 0 0 0 0 0 0 0 
560 1008 0 0 0 0 0 0 0 0 0 0 0 0 0 0 
592 1008 0 0 0 0 0 0 0 0 0 0 0 0 0 0 
624 1008 0 0 0 0 0 0 0 0 0 0 0 0 0 0 
656 1008 0 0 0 0 0 0 0 0 0 0 0 0 0 0 
688 1008 0 0 0 0 0 0 0 0 0 0 0 0 0 0 
720 1008 0 0 0 0 0 0 0 0 0 0 0 0 0 0 
752 1008 0 0 0 0 0 0 0 0 0 0 0 0 0 0 
784 1008 0 0 0 0 0 0 0 0 0 0 0 0 0 0 
816 1008 0 0 0 0 0 0 0 0 0 0 0 0 0 0 
848 1008 0 0 0 0 0 0 0 0 0 0 0 0 0 0 
880 1008 0 0 0 0 0 0 0 0 0 0 0 0 0 0 
912 1008 0 0 0 0 0 0 0 0 0 0 0 0 0 0 
944 1008 0 0 0 0 0 0 0 0 0 0 0 0 0 0 
976 1008 0 0 0 0 0 0 0 0 0 0 0 0 0 0 
1008 1008 0 0 0 0 0 0 0 0 0 0 0 0 0 0 
1040 1008 0 0 0 0 0 0 0 0 0 0 0 0 0 0 
1072 1008 0 0 0 0 0 0 0 0 0 0 0 0 0 0 
1104 1008 0 0 0 0 0 0 0 0 0 0 0 0 0 0 
1136 1008 0 0 0 0 0 0 0 0 0 0 0 0 0 0 
1168 1008 0 0 0 0 0 0 0 0 0 0 0 0 0 0 
1200 1008 0 0 0 0 0 0 0 0 0 0 0 0 0 0 
1232 1008 0 0 0 0 0 0 0 0 0 0 0 0 0 0 
1264 1008 0 0 0 0 0 0 0 0 0 0 0 0 0 0 
1296 1008 0 0 0 0 0 0 0 0 0 0 0 0 0 0 
1328 1008 0 0 0 0 0 0 0 0 0 0 0 0 0 0 
1360 1008 0 0 0 0 0 0 0 0 0 0 0 0 0 0 
1392 1008 0 0 0 0 0 0 0 0 0 0 0 0 0 0 
1424 1008 0 0 0 0 0 0 0 0 0 0 0 0 0 0 
1456 1008 0 0 0 0 0 0 0 0 0 0 0 0 0 0 
1488 1008 0 0 0 0 0 0 0 0 0 0 0 0 0 0 
1520 1008 0 0 0 0 0 0 0 0 0 0 0 0 0 0 
1552 1008 0 0 0 0 0 0 0 0 0 0 0 0 0 0 
1584 1008 0 0 0 0 0 0 0 0 0 0 0 0 0 0 
1616 1008 0 0 0 0 0 0 0 0 0 0 0 0 0 0 
1648 1008 0 0 0 0 0 0 0 0 0 0 0 0 0 0 
1680 1008 0 0 0 0 0 0 0 0 0 0 0 0 0 0 
1712 1008 0 0 0 0 0 0 0 0 0 0 0 0 0 0 
1744 1008 0 0 0 0 0 0 0 0 0 0 0 0 0 0 
1776 1008 0 0 0 0 0 0 0 0 0 0 0 0 0 0 
1808 1008 0 0 0 0 0 0 0 0 0 0 0 0 0 0 
1840 1008 0 0 0 0 0 0 0 0 0 0 0 0 0 0 
1872 1008 0 0 0 0 0 0 0 0 0 0 0 0 0 0 
1904 1008 0 0 0 0 0 0 0 0 0 0 0 0 0 0 
1936 1008 0 0 0 0 0 0 0 0 0 0 0 0 0 0 
1968 1008 0 0 0 0 0 0 0 0 0 0 0 0 0 0 
2000 1008 0 0 0 0 0 0 0 0 0 0 0 0 0 0 
2032 1008 0 0 0 0 0 0 0 0 0 0 0 0 0 0 
2064 1008 0 0 0 0 0 0 0 0 0 0 0 0 0 0 
2096 1008 0 0 0 0 0 0 0 0 0 0 0 0 0 0 
2128 1008 0 0 0 0 0 0 0 0 0 0 0 0 0 0 
2160 1008 0 0 0 0 0 0 0 0 0 0 0 0 0 0 
2192 1008 0 0 0 0 0 0 0 0 0 0 0 0 0 0 
2224 1008 0 0 0 0 0 0 0 0 0 0 0 0 0 0 
2256 1008 0 0 0 0 0 0 0 0 0 0 0 0 0 0 
2288 1008 0 0 0 0 0 0 0 0 0 0 0 0 0 0 
2320 1008 0 0 0 0 0 0 0 0 0 0 0 0 0 0 
2352 1008 0 0 0 0 0 0 0 0 0 0 0 0 0 0 
2384 1008 0 0 0 0 0 0 0 0 0 0 0 0 0 0 
2416 1008 0 0 0 0 0 0 0 0 0 0 0 0 0 0 
2448 1008 0 0 0 0 0 0 0 0 0 0 0 0 0 0 
2480 1008 0 0 0 0 0 0 0 0 0 0 0 0 0 0 
2512 1008 0 0 0 0 0 0 0 0 0 0 0 0 0 0 
48 1040 0 0 0 0 0 0 0 0 0 0 0 0 0 0 
80 1040 0 0 0 0 0 0 0 0 0 0 0 0 0 0 
112 1040 0 0 0 0 0 0 0 0 0 0 0 0 0 0 
144 1040 0 0 0 0 0 0 0 0 0 0 0 0 0 0 
176 1040 0 0 0 0 0 0 0 0 0 0 0 0 0 0 
208 1040 0 0 0 0 0 0 0 0 0 0 0 0 0 0 
240 1040 0 0 0 0 0 0 0 0 0 0 0 0 0 0 
272 1040 0 0 0 0 0 0 0 0 0 0 0 0 0 0 
304 1040 0 0 0 0 0 0 0 0 0 0 0 0 0 0 
336 1040 0 0 0 0 0 0 0 0 0 0 0 0 0 0 
368 1040 0 0 0 0 0 0 0 0 0 0 0 0 0 0 
400 1040 0 0 0 0 0 0 0 0 0 0 0 0 0 0 
432 1040 0 0 0 0 0 0 0 0 0 0 0 0 0 0 
464 1040 0 0 0 0 0 0 0 0 0 0 0 0 0 0 
496 1040 0 0 0 0 0 0 0 0 0 0 0 0 0 0 
528 1040 0 0 0 0 0 0 0 0 0 0 0 0 0 0 
560 1040 0 0 0 0 0 0 0 0 0 0 0 0 0 0 
592 1040 0 0 0 0 0 0 0 0 0 0 0 0 0 0 
624 1040 0 0 0 0 0 0 0 0 0 0 0 0 0 0 
656 1040 0 0 0 0 0 0 0 0 0 0 0 0 0 0 
688 1040 0 0 0 0 0 0 0 0 0 0 0 0 0 0 
720 1040 0 0 0 0 0 0 0 0 0 0 0 0 0 0 
752 1040 0 0 0 0 0 0 0 0 0 0 0 0 0 0 
784 1040 0 0 0 0 0 0 0 0 0 0 0 0 0 0 
816 1040 0 0 0 0 0 0 0 0 0 0 0 0 0 0 
848 1040 0 0 0 0 0 0 0 0 0 0 0 0 0 0 
880 1040 0 0 0 0 0 0 0 0 0 0 0 0 0 0 
912 1040 0 0 0 0 0 0 0 0 0 0 0 0 0 0 
944 1040 0 0 0 0 0 0 0 0 0 0 0 0 0 0 
976 1040 0 0 0 0 0 0 0 0 0 0 0 0 0 0 
1008 1040 0 0 0 0 0 0 0 0 0 0 0 0 0 0 
1040 1040 0 0 0 0 0 0 0 0 0 0 0 0 0 0 
1072 1040 0 0 0 0 0 0 0 0 0 0 0 0 0 0 
1104 1040 0 0 0 0 0 0 0 0 0 0 0 0 0 0 
1136 1040 0 0 0 0 0 0 0 0 0 0 0 0 0 0 
1168 1040 0 0 0 0 0 0 0 0 0 0 0 0 0 0 
1200 1040 0 0 0 0 0 0 0 0 0 0 0 0 0 0 
1232 1040 0 0 0 0 0 0 0 0 0 0 0 0 0 0 
1264 1040 0 0 0 0 0 0 0 0 0 0 0 0 0 0 
1296 1040 0 0 0 0 0 0 0 0 0 0 0 0 0 0 
1328 1040 0 0 0 0 0 0 0 0 0 0 0 0 0 0 
1360 1040 0 0 0 0 0 0 0 0 0 0 0 0 0 0 
1392 1040 0 0 0 0 0 0 0 0 0 0 0 0 0 0 
1424 1040 0 0 0 0 0 0 0 0 0 0 0 0 0 0 
1456 1040 0 0 0 0 0 0 0 0 0 0 0 0 0 0 
1488 1040 0 0 0 0 0 0 0 0 0 0 0 0 0 0 
1520 1040 0 0 0 0 0 0 0 0 0 0 0 0 0 0 
1552 1040 0 0 0 0 0 0 0 0 0 0 0 0 0 0 
1584 1040 0 0 0 0 0 0 0 0 0 0 0 0 0 0 
1616 1040 0 0 0 0 0 0 0 0 0 0 0 0 0 0 
1648 1040 0 0 0 0 0 0 0 0 0 0 0 0 0 0 
1680 1040 0 0 0 0 0 0 0 0 0 0 0 0 0 0 
1712 1040 0 0 0 0 0 0 0 0 0 0 0 0 0 0 
1744 1040 0 0 0 0 0 0 0 0 0 0 0 0 0 0 
1776 1040 0 0 0 0 0 0 0 0 0 0 0 0 0 0 
1808 1040 0 0 0 0 0 0 0 0 0 0 0 0 0 0 
1840 1040 0 0 0 0 0 0 0 0 0 0 0 0 0 0 
1872 1040 0 0 0 0 0 0 0 0 0 0 0 0 0 0 
1904 1040 0 0 0 0 0 0 0 0 0 0 0 0 0 0 
1936 1040 0 0 0 0 0 0 0 0 0 0 0 0 0 0 
1968 1040 0 0 0 0 0 0 0 0 0 0 0 0 0 0 
2000 1040 0 0 0 0 0 0 0 0 0 0 0 0 0 0 
2032 1040 0 0 0 0 0 0 0 0 0 0 0 0 0 0 
2064 1040 0 0 0 0 0 0 0 0 0 0 0 0 0 0 
2096 1040 0 0 0 0 0 0 0 0 0 0 0 0 0 0 
2128 1040 0 0 0 0 0 0 0 0 0 0 0 0 0 0 
2160 1040 0 0 0 0 0 0 0 0 0 0 0 0 0 0 
2192 1040 0 0 0 0 0 0 0 0 0 0 0 0 0 0 
2224 1040 0 0 0 0 0 0 0 0 0 0 0 0 0 0 
2256 1040 0 0 0 0 0 0 0 0 0 0 0 0 0 0 
2288 1040 0 0 0 0 0 0 0 0 0 0 0 0 0 0 
2320 1040 0 0 0 0 0 0 0 0 0 0 0 0 0 0 
2352 1040 0 0 0 0 0 0 0 0 0 0 0 0 0 0 
2384 1040 0 0 0 0 0 0 0 0 0 0 0 0 0 0 
2416 1040 0 0 0 0 0 0 0 0 0 0 0 0 0 0 
2448 1040 0 0 0 0 0 0 0 0 0 0 0 0 0 0 
2480 1040 0 0 0 0 0 0 0 0 0 0 0 0 0 0 
2512 1040 0 0 0 0 0 0 0 0 0 0 0 0 0 0 
48 1072 0 0 0 0 0 0 0 0 0 0 0 0 0 0 
80 1072 0 0 0 0 0 0 0 0 0 0 0 0 0 0 
112 1072 0 0 0 0 0 0 0 0 0 0 0 0 0 0 
144 1072 0 0 0 0 0 0 0 0 0 0 0 0 0 0 
176 1072 0 0 0 0 0 0 0 0 0 0 0 0 0 0 
208 1072 0 0 0 0 0 0 0 0 0 0 0 0 0 0 
240 1072 0 0 0 0 0 0 0 0 0 0 0 0 0 0 
272 1072 0 0 0 0 0 0 0 0 0 0 0 0 0 0 
304 1072 0 0 0 0 0 0 0 0 0 0 0 0 0 0 
336 1072 0 0 0 0 0 0 0 0 0 0 0 0 0 0 
368 1072 0 0 0 0 0 0 0 0 0 0 0 0 0 0 
400 1072 0 0 0 0 0 0 0 0 0 0 0 0 0 0 
432 1072 0 0 0 0 0 0 0 0 0 0 0 0 0 0 
464 1072 0 0 0 0 0 0 0 0 0 0 0 0 0 0 
496 1072 0 0 0 0 0 0 0 0 0 0 0 0 0 0 
528 1072 0 0 0 0 0 0 0 0 0 0 0 0 0 0 
560 1072 0 0 0 0 0 0 0 0 0 0 0 0 0 0 
592 1072 0 0 0 0 0 0 0 0 0 0 0 0 0 0 
624 1072 0 0 0 0 0 0 0 0 0 0 0 0 0 0 
656 1072 0 0 0 0 0 0 0 0 0 0 0 0 0 0 
688 1072 0 0 0 0 0 0 0 0 0 0 0 0 0 0 
720 1072 0 0 0 0 0 0 0 0 0 0 0 0 0 0 
752 1072 0 0 0 0 0 0 0 0 0 0 0 0 0 0 
784 1072 0 0 0 0 0 0 0 0 0 0 0 0 0 0 
816 1072 0 0 0 0 0 0 0 0 0 0 0 0 0 0 
848 1072 0 0 0 0 0 0 0 0 0 0 0 0 0 0 
880 1072 0 0 0 0 0 0 0 0 0 0 0 0 0 0 
912 1072 0 0 0 0 0 0 0 0 0 0 0 0 0 0 
944 1072 0 0 0 0 0 0 0 0 0 0 0 0 0 0 
976 1072 0 0 0 0 0 0 0 0 0 0 0 0 0 0 
1008 1072 0 0 0 0 0 0 0 0 0 0 0 0 0 0 
1040 1072 0 0 0 0 0 0 0 0 0 0 0 0 0 0 
1072 1072 0 0 0 0 0 0 0 0 0 0 0 0 0 0 
1104 1072 0 0 0 0 0 0 0 0 0 0 0 0 0 0 
1136 1072 0 0 0 0 0 0 0 0 0 0 0 0 0 0 
1168 1072 0 0 0 0 0 0 0 0 0 0 0 0 0 0 
1200 1072 0 0 0 0 0 0 0 0 0 0 0 0 0 0 
1232 1072 0 0 0 0 0 0 0 0 0 0 0 0 0 0 
1264 1072 0 0 0 0 0 0 0 0 0 0 0 0 0 0 
1296 1072 0 0 0 0 0 0 0 0 0 0 0 0 0 0 
1328 1072 0 0 0 0 0 0 0 0 0 0 0 0 0 0 
1360 1072 0 0 0 0 0 0 0 0 0 0 0 0 0 0 
1392 1072 0 0 0 0 0 0 0 0 0 0 0 0 0 0 
1424 1072 0 0 0 0 0 0 0 0 0 0 0 0 0 0 
1456 1072 0 0 0 0 0 0 0 0 0 0 0 0 0 0 
1488 1072 0 0 0 0 0 0 0 0 0 0 0 0 0 0 
1520 1072 0 0 0 0 0 0 0 0 0 0 0 0 0 0 
1552 1072 0 0 0 0 0 0 0 0 0 0 0 0 0 0 
1584 1072 0 0 0 0 0 0 0 0 0 0 0 0 0 0 
1616 1072 0 0 0 0 0 0 0 0 0 0 0 0 0 0 
1648 1072 0 0 0 0 0 0 0 0 0 0 0 0 0 0 
1680 1072 0 0 0 0 0 0 0 0 0 0 0 0 0 0 
1712 1072 0 0 0 0 0 0 0 0 0 0 0 0 0 0 
1744 1072 0 0 0 0 0 0 0 0 0 0 0 0 0 0 
1776 1072 0 0 0 0 0 0 0 0 0 0 0 0 0 0 
1808 1072 0 0 0 0 0 0 0 0 0 0 0 0 0 0 
1840 1072 0 0 0 0 0 0 0 0 0 0 0 0 0 0 
1872 1072 0 0 0 0 0 0 0 0 0 0 0 0 0 0 
1904 1072 0 0 0 0 0 0 0 0 0 0 0 0 0 0 
1936 1072 0 0 0 0 0 0 0 0 0 0 0 0 0 0 
1968 1072 0 0 0 0 0 0 0 0 0 0 0 0 0 0 
2000 1072 0 0 0 0 0 0 0 0 0 0 0 0 0 0 
2032 1072 0 0 0 0 0 0 0 0 0 0 0 0 0 0 
2064 1072 0 0 0 0 0 0 0 0 0 0 0 0 0 0 
2096 1072 0 0 0 0 0 0 0 0 0 0 0 0 0 0 
2128 1072 0 0 0 0 0 0 0 0 0 0 0 0 0 0 
2160 1072 0 0 0 0 0 0 0 0 0 0 0 0 0 0 
2192 1072 0 0 0 0 0 0 0 0 0 0 0 0 0 0 
2224 1072 0 0 0 0 0 0 0 0 0 0 0 0 0 0 
2256 1072 0 0 0 0 0 0 0 0 0 0 0 0 0 0 
2288 1072 0 0 0 0 0 0 0 0 0 0 0 0 0 0 
2320 1072 0 0 0 0 0 0 0 0 0 0 0 0 0 0 
2352 1072 0 0 0 0 0 0 0 0 0 0 0 0 0 0 
2384 1072 0 0 0 0 0 0 0 0 0 0 0 0 0 0 
2416 1072 0 0 0 0 0 0 0 0 0 0 0 0 0 0 
2448 1072 0 0 0 0 0 0 0 0 0 0 0 0 0 0 
2480 1072 0 0 0 0 0 0 0 0 0 0 0 0 0 0 
2512 1072 0 0 0 0 0 0 0 0 0 0 0 0 0 0 
48 1104 0 0 0 0 0 0 0 0 0 0 0 0 0 0 
80 1104 0 0 0 0 0 0 0 0 0 0 0 0 0 0 
112 1104 0 0 0 0 0 0 0 0 0 0 0 0 0 0 
144 1104 0 0 0 0 0 0 0 0 0 0 0 0 0 0 
176 1104 0 0 0 0 0 0 0 0 0 0 0 0 0 0 
208 1104 0 0 0 0 0 0 0 0 0 0 0 0 0 0 
240 1104 0 0 0 0 0 0 0 0 0 0 0 0 0 0 
272 1104 0 0 0 0 0 0 0 0 0 0 0 0 0 0 
304 1104 0 0 0 0 0 0 0 0 0 0 0 0 0 0 
336 1104 0 0 0 0 0 0 0 0 0 0 0 0 0 0 
368 1104 0 0 0 0 0 0 0 0 0 0 0 0 0 0 
400 1104 0 0 0 0 0 0 0 0 0 0 0 0 0 0 
432 1104 0 0 0 0 0 0 0 0 0 0 0 0 0 0 
464 1104 0 0 0 0 0 0 0 0 0 0 0 0 0 0 
496 1104 0 0 0 0 0 0 0 0 0 0 0 0 0 0 
528 1104 0 0 0 0 0 0 0 0 0 0 0 0 0 0 
560 1104 0 0 0 0 0 0 0 0 0 0 0 0 0 0 
592 1104 0 0 0 0 0 0 0 0 0 0 0 0 0 0 
624 1104 0 0 0 0 0 0 0 0 0 0 0 0 0 0 
656 1104 0 0 0 0 0 0 0 0 0 0 0 0 0 0 
688 1104 0 0 0 0 0 0 0 0 0 0 0 0 0 0 
720 1104 0 0 0 0 0 0 0 0 0 0 0 0 0 0 
752 1104 0 0 0 0 0 0 0 0 0 0 0 0 0 0 
784 1104 0 0 0 0 0 0 0 0 0 0 0 0 0 0 
816 1104 0 0 0 0 0 0 0 0 0 0 0 0 0 0 
848 1104 0 0 0 0 0 0 0 0 0 0 0 0 0 0 
880 1104 0 0 0 0 0 0 0 0 0 0 0 0 0 0 
912 1104 0 0 0 0 0 0 0 0 0 0 0 0 0 0 
944 1104 0 0 0 0 0 0 0 0 0 0 0 0 0 0 
976 1104 0 0 0 0 0 0 0 0 0 0 0 0 0 0 
1008 1104 0 0 0 0 0 0 0 0 0 0 0 0 0 0 
1040 1104 0 0 0 0 0 0 0 0 0 0 0 0 0 0 
1072 1104 0 0 0 0 0 0 0 0 0 0 0 0 0 0 
1104 1104 0 0 0 0 0 0 0 0 0 0 0 0 0 0 
1136 1104 0 0 0 0 0 0 0 0 0 0 0 0 0 0 
1168 1104 0 0 0 0 0 0 0 0 0 0 0 0 0 0 
1200 1104 0 0 0 0 0 0 0 0 0 0 0 0 0 0 
1232 1104 0 0 0 0 0 0 0 0 0 0 0 0 0 0 
1264 1104 0 0 0 0 0 0 0 0 0 0 0 0 0 0 
1296 1104 0 0 0 0 0 0 0 0 0 0 0 0 0 0 
1328 1104 0 0 0 0 0 0 0 0 0 0 0 0 0 0 
1360 1104 0 0 0 0 0 0 0 0 0 0 0 0 0 0 
1392 1104 0 0 0 0 0 0 0 0 0 0 0 0 0 0 
1424 1104 0 0 0 0 0 0 0 0 0 0 0 0 0 0 
1456 1104 0 0 0 0 0 0 0 0 0 0 0 0 0 0 
1488 1104 0 0 0 0 0 0 0 0 0 0 0 0 0 0 
1520 1104 0 0 0 0 0 0 0 0 0 0 0 0 0 0 
1552 1104 0 0 0 0 0 0 0 0 0 0 0 0 0 0 
1584 1104 0 0 0 0 0 0 0 0 0 0 0 0 0 0 
1616 1104 0 0 0 0 0 0 0 0 0 0 0 0 0 0 
1648 1104 0 0 0 0 0 0 0 0 0 0 0 0 0 0 
1680 1104 0 0 0 0 0 0 0 0 0 0 0 0 0 0 
1712 1104 0 0 0 0 0 0 0 0 0 0 0 0 0 0 
1744 1104 0 0 0 0 0 0 0 0 0 0 0 0 0 0 
1776 1104 0 0 0 0 0 0 0 0 0 0 0 0 0 0 
1808 1104 0 0 0 0 0 0 0 0 0 0 0 0 0 0 
1840 1104 0 0 0 0 0 0 0 0 0 0 0 0 0 0 
1872 1104 0 0 0 0 0 0 0 0 0 0 0 0 0 0 
1904 1104 0 0 0 0 0 0 0 0 0 0 0 0 0 0 
1936 1104 0 0 0 0 0 0 0 0 0 0 0 0 0 0 
1968 1104 0 0 0 0 0 0 0 0 0 0 0 0 0 0 
2000 1104 0 0 0 0 0 0 0 0 0 0 0 0 0 0 
2032 1104 0 0 0 0 0 0 0 0 0 0 0 0 0 0 
2064 1104 0 0 0 0 0 0 0 0 0 0 0 0 0 0 
2096 1104 0 0 0 0 0 0 0 0 0 0 0 0 0 0 
2128 1104 0 0 0 0 0 0 0 0 0 0 0 0 0 0 
2160 1104 0 0 0 0 0 0 0 0 0 0 0 0 0 0 
2192 1104 0 0 0 0 0 0 0 0 0 0 0 0 0 0 
2224 1104 0 0 0 0 0 0 0 0 0 0 0 0 0 0 
2256 1104 0 0 0 0 0 0 0 0 0 0 0 0 0 0 
2288 1104 0 0 0 0 0 0 0 0 0 0 0 0 0 0 
2320 1104 0 0 0 0 0 0 0 0 0 0 0 0 0 0 
2352 1104 0 0 0 0 0 0 0 0 0 0 0 0 0 0 
2384 1104 0 0 0 0 0 0 0 0 0 0 0 0 0 0 
2416 1104 0 0 0 0 0 0 0 0 0 0 0 0 0 0 
2448 1104 0 0 0 0 0 0 0 0 0 0 0 0 0 0 
2480 1104 0 0 0 0 0 0 0 0 0 0 0 0 0 0 
2512 1104 0 0 0 0 0 0 0 0 0 0 0 0 0 0 
48 1136 0 0 0 0 0 0 0 0 0 0 0 0 0 0 
80 1136 0 0 0 0 0 0 0 0 0 0 0 0 0 0 
112 1136 0 0 0 0 0 0 0 0 0 0 0 0 0 0 
144 1136 0 0 0 0 0 0 0 0 0 0 0 0 0 0 
176 1136 0 0 0 0 0 0 0 0 0 0 0 0 0 0 
208 1136 0 0 0 0 0 0 0 0 0 0 0 0 0 0 
240 1136 0 0 0 0 0 0 0 0 0 0 0 0 0 0 
272 1136 0 0 0 0 0 0 0 0 0 0 0 0 0 0 
304 1136 0 0 0 0 0 0 0 0 0 0 0 0 0 0 
336 1136 0 0 0 0 0 0 0 0 0 0 0 0 0 0 
368 1136 0 0 0 0 0 0 0 0 0 0 0 0 0 0 
400 1136 0 0 0 0 0 0 0 0 0 0 0 0 0 0 
432 1136 0 0 0 0 0 0 0 0 0 0 0 0 0 0 
464 1136 0 0 0 0 0 0 0 0 0 0 0 0 0 0 
496 1136 0 0 0 0 0 0 0 0 0 0 0 0 0 0 
528 1136 0 0 0 0 0 0 0 0 0 0 0 0 0 0 
560 1136 0 0 0 0 0 0 0 0 0 0 0 0 0 0 
592 1136 0 0 0 0 0 0 0 0 0 0 0 0 0 0 
624 1136 0 0 0 0 0 0 0 0 0 0 0 0 0 0 
656 1136 0 0 0 0 0 0 0 0 0 0 0 0 0 0 
688 1136 0 0 0 0 0 0 0 0 0 0 0 0 0 0 
720 1136 0 0 0 0 0 0 0 0 0 0 0 0 0 0 
752 1136 0 0 0 0 0 0 0 0 0 0 0 0 0 0 
784 1136 0 0 0 0 0 0 0 0 0 0 0 0 0 0 
816 1136 0 0 0 0 0 0 0 0 0 0 0 0 0 0 
848 1136 0 0 0 0 0 0 0 0 0 0 0 0 0 0 
880 1136 0 0 0 0 0 0 0 0 0 0 0 0 0 0 
912 1136 0 0 0 0 0 0 0 0 0 0 0 0 0 0 
944 1136 0 0 0 0 0 0 0 0 0 0 0 0 0 0 
976 1136 0 0 0 0 0 0 0 0 0 0 0 0 0 0 
1008 1136 0 0 0 0 0 0 0 0 0 0 0 0 0 0 
1040 1136 0 0 0 0 0 0 0 0 0 0 0 0 0 0 
1072 1136 0 0 0 0 0 0 0 0 0 0 0 0 0 0 
1104 1136 0 0 0 0 0 0 0 0 0 0 0 0 0 0 
1136 1136 0 0 0 0 0 0 0 0 0 0 0 0 0 0 
1168 1136 0 0 0 0 0 0 0 0 0 0 0 0 0 0 
1200 1136 0 0 0 0 0 0 0 0 0 0 0 0 0 0 
1232 1136 0 0 0 0 0 0 0 0 0 0 0 0 0 0 
1264 1136 0 0 0 0 0 0 0 0 0 0 0 0 0 0 
1296 1136 0 0 0 0 0 0 0 0 0 0 0 0 0 0 
1328 1136 0 0 0 0 0 0 0 0 0 0 0 0 0 0 
1360 1136 0 0 0 0 0 0 0 0 0 0 0 0 0 0 
1392 1136 0 0 0 0 0 0 0 0 0 0 0 0 0 0 
1424 1136 0 0 0 0 0 0 0 0 0 0 0 0 0 0 
1456 1136 0 0 0 0 0 0 0 0 0 0 0 0 0 0 
1488 1136 0 0 0 0 0 0 0 0 0 0 0 0 0 0 
1520 1136 0 0 0 0 0 0 0 0 0 0 0 0 0 0 
1552 1136 0 0 0 0 0 0 0 0 0 0 0 0 0 0 
1584 1136 0 0 0 0 0 0 0 0 0 0 0 0 0 0 
1616 1136 0 0 0 0 0 0 0 0 0 0 0 0 0 0 
1648 1136 0 0 0 0 0 0 0 0 0 0 0 0 0 0 
1680 1136 0 0 0 0 0 0 0 0 0 0 0 0 0 0 
1712 1136 0 0 0 0 0 0 0 0 0 0 0 0 0 0 
1744 1136 0 0 0 0 0 0 0 0 0 0 0 0 0 0 
1776 1136 0 0 0 0 0 0 0 0 0 0 0 0 0 0 
1808 1136 0 0 0 0 0 0 0 0 0 0 0 0 0 0 
1840 1136 0 0 0 0 0 0 0 0 0 0 0 0 0 0 
1872 1136 0 0 0 0 0 0 0 0 0 0 0 0 0 0 
1904 1136 0 0 0 0 0 0 0 0 0 0 0 0 0 0 
1936 1136 0 0 0 0 0 0 0 0 0 0 0 0 0 0 
1968 1136 0 0 0 0 0 0 0 0 0 0 0 0 0 0 
2000 1136 0 0 0 0 0 0 0 0 0 0 0 0 0 0 
2032 1136 0 0 0 0 0 0 0 0 0 0 0 0 0 0 
2064 1136 0 0 0 0 0 0 0 0 0 0 0 0 0 0 
2096 1136 0 0 0 0 0 0 0 0 0 0 0 0 0 0 
2128 1136 0 0 0 0 0 0 0 0 0 0 0 0 0 0 
2160 1136 0 0 0 0 0 0 0 0 0 0 0 0 0 0 
2192 1136 0 0 0 0 0 0 0 0 0 0 0 0 0 0 
2224 1136 0 0 0 0 0 0 0 0 0 0 0 0 0 0 
2256 1136 0 0 0 0 0 0 0 0 0 0 0 0 0 0 
2288 1136 0 0 0 0 0 0 0 0 0 0 0 0 0 0 
2320 1136 0 0 0 0 0 0 0 0 0 0 0 0 0 0 
2352 1136 0 0 0 0 0 0 0 0 0 0 0 0 0 0 
2384 1136 0 0 0 0 0 0 0 0 0 0 0 0 0 0 
2416 1136 0 0 0 0 0 0 0 0 0 0 0 0 0 0 
2448 1136 0 0 0 0 0 0 0 0 0 0 0 0 0 0 
2480 1136 0 0 0 0 0 0 0 0 0 0 0 0 0 0 
2512 1136 0 0 0 0 0 0 0 0 0 0 0 0 0 0 
48 1168 0 0 0 0 0 0 0 0 0 0 0 0 0 0 
80 1168 0 0 0 0 0 0 0 0 0 0 0 0 0 0 
112 1168 0 0 0 0 0 0 0 0 0 0 0 0 0 0 
144 1168 0 0 0 0 0 0 0 0 0 0 0 0 0 0 
176 1168 0 0 0 0 0 0 0 0 0 0 0 0 0 0 
208 1168 0 0 0 0 0 0 0 0 0 0 0 0 0 0 
240 1168 0 0 0 0 0 0 0 0 0 0 0 0 0 0 
272 1168 0 0 0 0 0 0 0 0 0 0 0 0 0 0 
304 1168 0 0 0 0 0 0 0 0 0 0 0 0 0 0 
336 1168 0 0 0 0 0 0 0 0 0 0 0 0 0 0 
368 1168 0 0 0 0 0 0 0 0 0 0 0 0 0 0 
400 1168 0 0 0 0 0 0 0 0 0 0 0 0 0 0 
432 1168 0 0 0 0 0 0 0 0 0 0 0 0 0 0 
464 1168 0 0 0 0 0 0 0 0 0 0 0 0 0 0 
496 1168 0 0 0 0 0 0 0 0 0 0 0 0 0 0 
528 1168 0 0 0 0 0 0 0 0 0 0 0 0 0 0 
560 1168 0 0 0 0 0 0 0 0 0 0 0 0 0 0 
592 1168 0 0 0 0 0 0 0 0 0 0 0 0 0 0 
624 1168 0 0 0 0 0 0 0 0 0 0 0 0 0 0 
656 1168 0 0 0 0 0 0 0 0 0 0 0 0 0 0 
688 1168 0 0 0 0 0 0 0 0 0 0 0 0 0 0 
720 1168 0 0 0 0 0 0 0 0 0 0 0 0 0 0 
752 1168 0 0 0 0 0 0 0 0 0 0 0 0 0 0 
784 1168 0 0 0 0 0 0 0 0 0 0 0 0 0 0 
816 1168 0 0 0 0 0 0 0 0 0 0 0 0 0 0 
848 1168 0 0 0 0 0 0 0 0 0 0 0 0 0 0 
880 1168 0 0 0 0 0 0 0 0 0 0 0 0 0 0 
912 1168 0 0 0 0 0 0 0 0 0 0 0 0 0 0 
944 1168 0 0 0 0 0 0 0 0 0 0 0 0 0 0 
976 1168 0 0 0 0 0 0 0 0 0 0 0 0 0 0 
1008 1168 0 0 0 0 0 0 0 0 0 0 0 0 0 0 
1040 1168 0 0 0 0 0 0 0 0 0 0 0 0 0 0 
1072 1168 0 0 0 0 0 0 0 0 0 0 0 0 0 0 
1104 1168 0 0 0 0 0 0 0 0 0 0 0 0 0 0 
1136 1168 0 0 0 0 0 0 0 0 0 0 0 0 0 0 
1168 1168 0 0 0 0 0 0 0 0 0 0 0 0 0 0 
1200 1168 0 0 0 0 0 0 0 0 0 0 0 0 0 0 
1232 1168 0 0 0 0 0 0 0 0 0 0 0 0 0 0 
1264 1168 0 0 0 0 0 0 0 0 0 0 0 0 0 0 
1296 1168 0 0 0 0 0 0 0 0 0 0 0 0 0 0 
1328 1168 0 0 0 0 0 0 0 0 0 0 0 0 0 0 
1360 1168 0 0 0 0 0 0 0 0 0 0 0 0 0 0 
1392 1168 0 0 0 0 0 0 0 0 0 0 0 0 0 0 
1424 1168 0 0 0 0 0 0 0 0 0 0 0 0 0 0 
1456 1168 0 0 0 0 0 0 0 0 0 0 0 0 0 0 
1488 1168 0 0 0 0 0 0 0 0 0 0 0 0 0 0 
1520 1168 0 0 0 0 0 0 0 0 0 0 0 0 0 0 
1552 1168 0 0 0 0 0 0 0 0 0 0 0 0 0 0 
1584 1168 0 0 0 0 0 0 0 0 0 0 0 0 0 0 
1616 1168 0 0 0 0 0 0 0 0 0 0 0 0 0 0 
1648 1168 0 0 0 0 0 0 0 0 0 0 0 0 0 0 
1680 1168 0 0 0 0 0 0 0 0 0 0 0 0 0 0 
1712 1168 0 0 0 0 0 0 0 0 0 0 0 0 0 0 
1744 1168 0 0 0 0 0 0 0 0 0 0 0 0 0 0 
1776 1168 0 0 0 0 0 0 0 0 0 0 0 0 0 0 
1808 1168 0 0 0 0 0 0 0 0 0 0 0 0 0 0 
1840 1168 0 0 0 0 0 0 0 0 0 0 0 0 0 0 
1872 1168 0 0 0 0 0 0 0 0 0 0 0 0 0 0 
1904 1168 0 0 0 0 0 0 0 0 0 0 0 0 0 0 
1936 1168 0 0 0 0 0 0 0 0 0 0 0 0 0 0 
1968 1168 0 0 0 0 0 0 0 0 0 0 0 0 0 0 
2000 1168 0 0 0 0 0 0 0 0 0 0 0 0 0 0 
2032 1168 0 0 0 0 0 0 0 0 0 0 0 0 0 0 
2064 1168 0 0 0 0 0 0 0 0 0 0 0 0 0 0 
2096 1168 0 0 0 0 0 0 0 0 0 0 0 0 0 0 
2128 1168 0 0 0 0 0 0 0 0 0 0 0 0 0 0 
2160 1168 0 0 0 0 0 0 0 0 0 0 0 0 0 0 
2192 1168 0 0 0 0 0 0 0 0 0 0 0 0 0 0 
2224 1168 0 0 0 0 0 0 0 0 0 0 0 0 0 0 
2256 1168 0 0 0 0 0 0 0 0 0 0 0 0 0 0 
2288 1168 0 0 0 0 0 0 0 0 0 0 0 0 0 0 
2320 1168 0 0 0 0 0 0 0 0 0 0 0 0 0 0 
2352 1168 0 0 0 0 0 0 0 0 0 0 0 0 0 0 
2384 1168 0 0 0 0 0 0 0 0 0 0 0 0 0 0 
2416 1168 0 0 0 0 0 0 0 0 0 0 0 0 0 0 
2448 1168 0 0 0 0 0 0 0 0 0 0 0 0 0 0 
2480 1168 0 0 0 0 0 0 0 0 0 0 0 0 0 0 
2512 1168 0 0 0 0 0 0 0 0 0 0 0 0 0 0 
48 1200 0 0 0 0 0 0 0 0 0 0 0 0 0 0 
80 1200 0 0 0 0 0 0 0 0 0 0 0 0 0 0 
112 1200 0 0 0 0 0 0 0 0 0 0 0 0 0 0 
144 1200 0 0 0 0 0 0 0 0 0 0 0 0 0 0 
176 1200 0 0 0 0 0 0 0 0 0 0 0 0 0 0 
208 1200 0 0 0 0 0 0 0 0 0 0 0 0 0 0 
240 1200 0 0 0 0 0 0 0 0 0 0 0 0 0 0 
272 1200 0 0 0 0 0 0 0 0 0 0 0 0 0 0 
304 1200 0 0 0 0 0 0 0 0 0 0 0 0 0 0 
336 1200 0 0 0 0 0 0 0 0 0 0 0 0 0 0 
368 1200 0 0 0 0 0 0 0 0 0 0 0 0 0 0 
400 1200 0 0 0 0 0 0 0 0 0 0 0 0 0 0 
432 1200 0 0 0 0 0 0 0 0 0 0 0 0 0 0 
464 1200 0 0 0 0 0 0 0 0 0 0 0 0 0 0 
496 1200 0 0 0 0 0 0 0 0 0 0 0 0 0 0 
528 1200 0 0 0 0 0 0 0 0 0 0 0 0 0 0 
560 1200 0 0 0 0 0 0 0 0 0 0 0 0 0 0 
592 1200 0 0 0 0 0 0 0 0 0 0 0 0 0 0 
624 1200 0 0 0 0 0 0 0 0 0 0 0 0 0 0 
656 1200 0 0 0 0 0 0 0 0 0 0 0 0 0 0 
688 1200 0 0 0 0 0 0 0 0 0 0 0 0 0 0 
720 1200 0 0 0 0 0 0 0 0 0 0 0 0 0 0 
752 1200 0 0 0 0 0 0 0 0 0 0 0 0 0 0 
784 1200 0 0 0 0 0 0 0 0 0 0 0 0 0 0 
816 1200 0 0 0 0 0 0 0 0 0 0 0 0 0 0 
848 1200 0 0 0 0 0 0 0 0 0 0 0 0 0 0 
880 1200 0 0 0 0 0 0 0 0 0 0 0 0 0 0 
912 1200 0 0 0 0 0 0 0 0 0 0 0 0 0 0 
944 1200 0 0 0 0 0 0 0 0 0 0 0 0 0 0 
976 1200 0 0 0 0 0 0 0 0 0 0 0 0 0 0 
1008 1200 0 0 0 0 0 0 0 0 0 0 0 0 0 0 
1040 1200 0 0 0 0 0 0 0 0 0 0 0 0 0 0 
1072 1200 0 0 0 0 0 0 0 0 0 0 0 0 0 0 
1104 1200 0 0 0 0 0 0 0 0 0 0 0 0 0 0 
1136 1200 0 0 0 0 0 0 0 0 0 0 0 0 0 0 
1168 1200 0 0 0 0 0 0 0 0 0 0 0 0 0 0 
1200 1200 0 0 0 0 0 0 0 0 0 0 0 0 0 0 
1232 1200 0 0 0 0 0 0 0 0 0 0 0 0 0 0 
1264 1200 0 0 0 0 0 0 0 0 0 0 0 0 0 0 
1296 1200 0 0 0 0 0 0 0 0 0 0 0 0 0 0 
1328 1200 0 0 0 0 0 0 0 0 0 0 0 0 0 0 
1360 1200 0 0 0 0 0 0 0 0 0 0 0 0 0 0 
1392 1200 0 0 0 0 0 0 0 0 0 0 0 0 0 0 
1424 1200 0 0 0 0 0 0 0 0 0 0 0 0 0 0 
1456 1200 0 0 0 0 0 0 0 0 0 0 0 0 0 0 
1488 1200 0 0 0 0 0 0 0 0 0 0 0 0 0 0 
1520 1200 0 0 0 0 0 0 0 0 0 0 0 0 0 0 
1552 1200 0 0 0 0 0 0 0 0 0 0 0 0 0 0 
1584 1200 0 0 0 0 0 0 0 0 0 0 0 0 0 0 
1616 1200 0 0 0 0 0 0 0 0 0 0 0 0 0 0 
1648 1200 0 0 0 0 0 0 0 0 0 0 0 0 0 0 
1680 1200 0 0 0 0 0 0 0 0 0 0 0 0 0 0 
1712 1200 0 0 0 0 0 0 0 0 0 0 0 0 0 0 
1744 1200 0 0 0 0 0 0 0 0 0 0 0 0 0 0 
1776 1200 0 0 0 0 0 0 0 0 0 0 0 0 0 0 
1808 1200 0 0 0 0 0 0 0 0 0 0 0 0 0 0 
1840 1200 0 0 0 0 0 0 0 0 0 0 0 0 0 0 
1872 1200 0 0 0 0 0 0 0 0 0 0 0 0 0 0 
1904 1200 0 0 0 0 0 0 0 0 0 0 0 0 0 0 
1936 1200 0 0 0 0 0 0 0 0 0 0 0 0 0 0 
1968 1200 0 0 0 0 0 0 0 0 0 0 0 0 0 0 
2000 1200 0 0 0 0 0 0 0 0 0 0 0 0 0 0 
2032 1200 0 0 0 0 0 0 0 0 0 0 0 0 0 0 
2064 1200 0 0 0 0 0 0 0 0 0 0 0 0 0 0 
2096 1200 0 0 0 0 0 0 0 0 0 0 0 0 0 0 
2128 1200 0 0 0 0 0 0 0 0 0 0 0 0 0 0 
2160 1200 0 0 0 0 0 0 0 0 0 0 0 0 0 0 
2192 1200 0 0 0 0 0 0 0 0 0 0 0 0 0 0 
2224 1200 0 0 0 0 0 0 0 0 0 0 0 0 0 0 
2256 1200 0 0 0 0 0 0 0 0 0 0 0 0 0 0 
2288 1200 0 0 0 0 0 0 0 0 0 0 0 0 0 0 
2320 1200 0 0 0 0 0 0 0 0 0 0 0 0 0 0 
2352 1200 0 0 0 0 0 0 0 0 0 0 0 0 0 0 
2384 1200 0 0 0 0 0 0 0 0 0 0 0 0 0 0 
2416 1200 0 0 0 0 0 0 0 0 0 0 0 0 0 0 
2448 1200 0 0 0 0 0 0 0 0 0 0 0 0 0 0 
2480 1200 0 0 0 0 0 0 0 0 0 0 0 0 0 0 
2512 1200 0 0 0 0 0 0 0 0 0 0 0 0 0 0 
48 1232 0 0 0 0 0 0 0 0 0 0 0 0 0 0 
80 1232 0 0 0 0 0 0 0 0 0 0 0 0 0 0 
112 1232 0 0 0 0 0 0 0 0 0 0 0 0 0 0 
144 1232 0 0 0 0 0 0 0 0 0 0 0 0 0 0 
176 1232 0 0 0 0 0 0 0 0 0 0 0 0 0 0 
208 1232 0 0 0 0 0 0 0 0 0 0 0 0 0 0 
240 1232 0 0 0 0 0 0 0 0 0 0 0 0 0 0 
272 1232 0 0 0 0 0 0 0 0 0 0 0 0 0 0 
304 1232 0 0 0 0 0 0 0 0 0 0 0 0 0 0 
336 1232 0 0 0 0 0 0 0 0 0 0 0 0 0 0 
368 1232 0 0 0 0 0 0 0 0 0 0 0 0 0 0 
400 1232 0 0 0 0 0 0 0 0 0 0 0 0 0 0 
432 1232 0 0 0 0 0 0 0 0 0 0 0 0 0 0 
464 1232 0 0 0 0 0 0 0 0 0 0 0 0 0 0 
496 1232 0 0 0 0 0 0 0 0 0 0 0 0 0 0 
528 1232 0 0 0 0 0 0 0 0 0 0 0 0 0 0 
560 1232 0 0 0 0 0 0 0 0 0 0 0 0 0 0 
592 1232 0 0 0 0 0 0 0 0 0 0 0 0 0 0 
624 1232 0 0 0 0 0 0 0 0 0 0 0 0 0 0 
656 1232 0 0 0 0 0 0 0 0 0 0 0 0 0 0 
688 1232 0 0 0 0 0 0 0 0 0 0 0 0 0 0 
720 1232 0 0 0 0 0 0 0 0 0 0 0 0 0 0 
752 1232 0 0 0 0 0 0 0 0 0 0 0 0 0 0 
784 1232 0 0 0 0 0 0 0 0 0 0 0 0 0 0 
816 1232 0 0 0 0 0 0 0 0 0 0 0 0 0 0 
848 1232 0 0 0 0 0 0 0 0 0 0 0 0 0 0 
880 1232 0 0 0 0 0 0 0 0 0 0 0 0 0 0 
912 1232 0 0 0 0 0 0 0 0 0 0 0 0 0 0 
944 1232 0 0 0 0 0 0 0 0 0 0 0 0 0 0 
976 1232 0 0 0 0 0 0 0 0 0 0 0 0 0 0 
1008 1232 0 0 0 0 0 0 0 0 0 0 0 0 0 0 
1040 1232 0 0 0 0 0 0 0 0 0 0 0 0 0 0 
1072 1232 0 0 0 0 0 0 0 0 0 0 0 0 0 0 
1104 1232 0 0 0 0 0 0 0 0 0 0 0 0 0 0 
1136 1232 0 0 0 0 0 0 0 0 0 0 0 0 0 0 
1168 1232 0 0 0 0 0 0 0 0 0 0 0 0 0 0 
1200 1232 0 0 0 0 0 0 0 0 0 0 0 0 0 0 
1232 1232 0 0 0 0 0 0 0 0 0 0 0 0 0 0 
1264 1232 0 0 0 0 0 0 0 0 0 0 0 0 0 0 
1296 1232 0 0 0 0 0 0 0 0 0 0 0 0 0 0 
1328 1232 0 0 0 0 0 0 0 0 0 0 0 0 0 0 
1360 1232 0 0 0 0 0 0 0 0 0 0 0 0 0 0 
1392 1232 0 0 0 0 0 0 0 0 0 0 0 0 0 0 
1424 1232 0 0 0 0 0 0 0 0 0 0 0 0 0 0 
1456 1232 0 0 0 0 0 0 0 0 0 0 0 0 0 0 
1488 1232 0 0 0 0 0 0 0 0 0 0 0 0 0 0 
1520 1232 0 0 0 0 0 0 0 0 0 0 0 0 0 0 
1552 1232 0 0 0 0 0 0 0 0 0 0 0 0 0 0 
1584 1232 0 0 0 0 0 0 0 0 0 0 0 0 0 0 
1616 1232 0 0 0 0 0 0 0 0 0 0 0 0 0 0 
1648 1232 0 0 0 0 0 0 0 0 0 0 0 0 0 0 
1680 1232 0 0 0 0 0 0 0 0 0 0 0 0 0 0 
1712 1232 0 0 0 0 0 0 0 0 0 0 0 0 0 0 
1744 1232 0 0 0 0 0 0 0 0 0 0 0 0 0 0 
1776 1232 0 0 0 0 0 0 0 0 0 0 0 0 0 0 
1808 1232 0 0 0 0 0 0 0 0 0 0 0 0 0 0 
1840 1232 0 0 0 0 0 0 0 0 0 0 0 0 0 0 
1872 1232 0 0 0 0 0 0 0 0 0 0 0 0 0 0 
1904 1232 0 0 0 0 0 0 0 0 0 0 0 0 0 0 
1936 1232 0 0 0 0 0 0 0 0 0 0 0 0 0 0 
1968 1232 0 0 0 0 0 0 0 0 0 0 0 0 0 0 
2000 1232 0 0 0 0 0 0 0 0 0 0 0 0 0 0 
2032 1232 0 0 0 0 0 0 0 0 0 0 0 0 0 0 
2064 1232 0 0 0 0 0 0 0 0 0 0 0 0 0 0 
2096 1232 0 0 0 0 0 0 0 0 0 0 0 0 0 0 
2128 1232 0 0 0 0 0 0 0 0 0 0 0 0 0 0 
2160 1232 0 0 0 0 0 0 0 0 0 0 0 0 0 0 
2192 1232 0 0 0 0 0 0 0 0 0 0 0 0 0 0 
2224 1232 0 0 0 0 0 0 0 0 0 0 0 0 0 0 
2256 1232 0 0 0 0 0 0 0 0 0 0 0 0 0 0 
2288 1232 0 0 0 0 0 0 0 0 0 0 0 0 0 0 
2320 1232 0 0 0 0 0 0 0 0 0 0 0 0 0 0 
2352 1232 0 0 0 0 0 0 0 0 0 0 0 0 0 0 
2384 1232 0 0 0 0 0 0 0 0 0 0 0 0 0 0 
2416 1232 0 0 0 0 0 0 0 0 0 0 0 0 0 0 
2448 1232 0 0 0 0 0 0 0 0 0 0 0 0 0 0 
2480 1232 0 0 0 0 0 0 0 0 0 0 0 0 0 0 
2512 1232 0 0 0 0 0 0 0 0 0 0 0 0 0 0 
48 1264 0 0 0 0 0 0 0 0 0 0 0 0 0 0 
80 1264 0 0 0 0 0 0 0 0 0 0 0 0 0 0 
112 1264 0 0 0 0 0 0 0 0 0 0 0 0 0 0 
144 1264 0 0 0 0 0 0 0 0 0 0 0 0 0 0 
176 1264 0 0 0 0 0 0 0 0 0 0 0 0 0 0 
208 1264 0 0 0 0 0 0 0 0 0 0 0 0 0 0 
240 1264 0 0 0 0 0 0 0 0 0 0 0 0 0 0 
272 1264 0 0 0 0 0 0 0 0 0 0 0 0 0 0 
304 1264 0 0 0 0 0 0 0 0 0 0 0 0 0 0 
336 1264 0 0 0 0 0 0 0 0 0 0 0 0 0 0 
368 1264 0 0 0 0 0 0 0 0 0 0 0 0 0 0 
400 1264 0 0 0 0 0 0 0 0 0 0 0 0 0 0 
432 1264 0 0 0 0 0 0 0 0 0 0 0 0 0 0 
464 1264 0 0 0 0 0 0 0 0 0 0 0 0 0 0 
496 1264 0 0 0 0 0 0 0 0 0 0 0 0 0 0 
528 1264 0 0 0 0 0 0 0 0 0 0 0 0 0 0 
560 1264 0 0 0 0 0 0 0 0 0 0 0 0 0 0 
592 1264 0 0 0 0 0 0 0 0 0 0 0 0 0 0 
624 1264 0 0 0 0 0 0 0 0 0 0 0 0 0 0 
656 1264 0 0 0 0 0 0 0 0 0 0 0 0 0 0 
688 1264 0 0 0 0 0 0 0 0 0 0 0 0 0 0 
720 1264 0 0 0 0 0 0 0 0 0 0 0 0 0 0 
752 1264 0 0 0 0 0 0 0 0 0 0 0 0 0 0 
784 1264 0 0 0 0 0 0 0 0 0 0 0 0 0 0 
816 1264 0 0 0 0 0 0 0 0 0 0 0 0 0 0 
848 1264 0 0 0 0 0 0 0 0 0 0 0 0 0 0 
880 1264 0 0 0 0 0 0 0 0 0 0 0 0 0 0 
912 1264 0 0 0 0 0 0 0 0 0 0 0 0 0 0 
944 1264 0 0 0 0 0 0 0 0 0 0 0 0 0 0 
976 1264 0 0 0 0 0 0 0 0 0 0 0 0 0 0 
1008 1264 0 0 0 0 0 0 0 0 0 0 0 0 0 0 
1040 1264 0 0 0 0 0 0 0 0 0 0 0 0 0 0 
1072 1264 0 0 0 0 0 0 0 0 0 0 0 0 0 0 
1104 1264 0 0 0 0 0 0 0 0 0 0 0 0 0 0 
1136 1264 0 0 0 0 0 0 0 0 0 0 0 0 0 0 
1168 1264 0 0 0 0 0 0 0 0 0 0 0 0 0 0 
1200 1264 0 0 0 0 0 0 0 0 0 0 0 0 0 0 
1232 1264 0 0 0 0 0 0 0 0 0 0 0 0 0 0 
1264 1264 0 0 0 0 0 0 0 0 0 0 0 0 0 0 
1296 1264 0 0 0 0 0 0 0 0 0 0 0 0 0 0 
1328 1264 0 0 0 0 0 0 0 0 0 0 0 0 0 0 
1360 1264 0 0 0 0 0 0 0 0 0 0 0 0 0 0 
1392 1264 0 0 0 0 0 0 0 0 0 0 0 0 0 0 
1424 1264 0 0 0 0 0 0 0 0 0 0 0 0 0 0 
1456 1264 0 0 0 0 0 0 0 0 0 0 0 0 0 0 
1488 1264 0 0 0 0 0 0 0 0 0 0 0 0 0 0 
1520 1264 0 0 0 0 0 0 0 0 0 0 0 0 0 0 
1552 1264 0 0 0 0 0 0 0 0 0 0 0 0 0 0 
1584 1264 0 0 0 0 0 0 0 0 0 0 0 0 0 0 
1616 1264 0 0 0 0 0 0 0 0 0 0 0 0 0 0 
1648 1264 0 0 0 0 0 0 0 0 0 0 0 0 0 0 
1680 1264 0 0 0 0 0 0 0 0 0 0 0 0 0 0 
1712 1264 0 0 0 0 0 0 0 0 0 0 0 0 0 0 
1744 1264 0 0 0 0 0 0 0 0 0 0 0 0 0 0 
1776 1264 0 0 0 0 0 0 0 0 0 0 0 0 0 0 
1808 1264 0 0 0 0 0 0 0 0 0 0 0 0 0 0 
1840 1264 0 0 0 0 0 0 0 0 0 0 0 0 0 0 
1872 1264 0 0 0 0 0 0 0 0 0 0 0 0 0 0 
1904 1264 0 0 0 0 0 0 0 0 0 0 0 0 0 0 
1936 1264 0 0 0 0 0 0 0 0 0 0 0 0 0 0 
1968 1264 0 0 0 0 0 0 0 0 0 0 0 0 0 0 
2000 1264 0 0 0 0 0 0 0 0 0 0 0 0 0 0 
2032 1264 0 0 0 0 0 0 0 0 0 0 0 0 0 0 
2064 1264 0 0 0 0 0 0 0 0 0 0 0 0 0 0 
2096 1264 0 0 0 0 0 0 0 0 0 0 0 0 0 0 
2128 1264 0 0 0 0 0 0 0 0 0 0 0 0 0 0 
2160 1264 0 0 0 0 0 0 0 0 0 0 0 0 0 0 
2192 1264 0 0 0 0 0 0 0 0 0 0 0 0 0 0 
2224 1264 0 0 0 0 0 0 0 0 0 0 0 0 0 0 
2256 1264 0 0 0 0 0 0 0 0 0 0 0 0 0 0 
2288 1264 0 0 0 0 0 0 0 0 0 0 0 0 0 0 
2320 1264 0 0 0 0 0 0 0 0 0 0 0 0 0 0 
2352 1264 0 0 0 0 0 0 0 0 0 0 0 0 0 0 
2384 1264 0 0 0 0 0 0 0 0 0 0 0 0 0 0 
2416 1264 0 0 0 0 0 0 0 0 0 0 0 0 0 0 
2448 1264 0 0 0 0 0 0 0 0 0 0 0 0 0 0 
2480 1264 0 0 0 0 0 0 0 0 0 0 0 0 0 0 
2512 1264 0 0 0 0 0 0 0 0 0 0 0 0 0 0 
48 1296 0 0 0 0 0 0 0 0 0 0 0 0 0 0 
80 1296 0 0 0 0 0 0 0 0 0 0 0 0 0 0 
112 1296 0 0 0 0 0 0 0 0 0 0 0 0 0 0 
144 1296 0 0 0 0 0 0 0 0 0 0 0 0 0 0 
176 1296 0 0 0 0 0 0 0 0 0 0 0 0 0 0 
208 1296 0 0 0 0 0 0 0 0 0 0 0 0 0 0 
240 1296 0 0 0 0 0 0 0 0 0 0 0 0 0 0 
272 1296 0 0 0 0 0 0 0 0 0 0 0 0 0 0 
304 1296 0 0 0 0 0 0 0 0 0 0 0 0 0 0 
336 1296 0 0 0 0 0 0 0 0 0 0 0 0 0 0 
368 1296 0 0 0 0 0 0 0 0 0 0 0 0 0 0 
400 1296 0 0 0 0 0 0 0 0 0 0 0 0 0 0 
432 1296 0 0 0 0 0 0 0 0 0 0 0 0 0 0 
464 1296 0 0 0 0 0 0 0 0 0 0 0 0 0 0 
496 1296 0 0 0 0 0 0 0 0 0 0 0 0 0 0 
528 1296 0 0 0 0 0 0 0 0 0 0 0 0 0 0 
560 1296 0 0 0 0 0 0 0 0 0 0 0 0 0 0 
592 1296 0 0 0 0 0 0 0 0 0 0 0 0 0 0 
624 1296 0 0 0 0 0 0 0 0 0 0 0 0 0 0 
656 1296 0 0 0 0 0 0 0 0 0 0 0 0 0 0 
688 1296 0 0 0 0 0 0 0 0 0 0 0 0 0 0 
720 1296 0 0 0 0 0 0 0 0 0 0 0 0 0 0 
752 1296 0 0 0 0 0 0 0 0 0 0 0 0 0 0 
784 1296 0 0 0 0 0 0 0 0 0 0 0 0 0 0 
816 1296 0 0 0 0 0 0 0 0 0 0 0 0 0 0 
848 1296 0 0 0 0 0 0 0 0 0 0 0 0 0 0 
880 1296 0 0 0 0 0 0 0 0 0 0 0 0 0 0 
912 1296 0 0 0 0 0 0 0 0 0 0 0 0 0 0 
944 1296 0 0 0 0 0 0 0 0 0 0 0 0 0 0 
976 1296 0 0 0 0 0 0 0 0 0 0 0 0 0 0 
1008 1296 0 0 0 0 0 0 0 0 0 0 0 0 0 0 
1040 1296 0 0 0 0 0 0 0 0 0 0 0 0 0 0 
1072 1296 0 0 0 0 0 0 0 0 0 0 0 0 0 0 
1104 1296 0 0 0 0 0 0 0 0 0 0 0 0 0 0 
1136 1296 0 0 0 0 0 0 0 0 0 0 0 0 0 0 
1168 1296 0 0 0 0 0 0 0 0 0 0 0 0 0 0 
1200 1296 0 0 0 0 0 0 0 0 0 0 0 0 0 0 
1232 1296 0 0 0 0 0 0 0 0 0 0 0 0 0 0 
1264 1296 0 0 0 0 0 0 0 0 0 0 0 0 0 0 
1296 1296 0 0 0 0 0 0 0 0 0 0 0 0 0 0 
1328 1296 0 0 0 0 0 0 0 0 0 0 0 0 0 0 
1360 1296 0 0 0 0 0 0 0 0 0 0 0 0 0 0 
1392 1296 0 0 0 0 0 0 0 0 0 0 0 0 0 0 
1424 1296 0 0 0 0 0 0 0 0 0 0 0 0 0 0 
1456 1296 0 0 0 0 0 0 0 0 0 0 0 0 0 0 
1488 1296 0 0 0 0 0 0 0 0 0 0 0 0 0 0 
1520 1296 0 0 0 0 0 0 0 0 0 0 0 0 0 0 
1552 1296 0 0 0 0 0 0 0 0 0 0 0 0 0 0 
1584 1296 0 0 0 0 0 0 0 0 0 0 0 0 0 0 
1616 1296 0 0 0 0 0 0 0 0 0 0 0 0 0 0 
1648 1296 0 0 0 0 0 0 0 0 0 0 0 0 0 0 
1680 1296 0 0 0 0 0 0 0 0 0 0 0 0 0 0 
1712 1296 0 0 0 0 0 0 0 0 0 0 0 0 0 0 
1744 1296 0 0 0 0 0 0 0 0 0 0 0 0 0 0 
1776 1296 0 0 0 0 0 0 0 0 0 0 0 0 0 0 
1808 1296 0 0 0 0 0 0 0 0 0 0 0 0 0 0 
1840 1296 0 0 0 0 0 0 0 0 0 0 0 0 0 0 
1872 1296 0 0 0 0 0 0 0 0 0 0 0 0 0 0 
1904 1296 0 0 0 0 0 0 0 0 0 0 0 0 0 0 
1936 1296 0 0 0 0 0 0 0 0 0 0 0 0 0 0 
1968 1296 0 0 0 0 0 0 0 0 0 0 0 0 0 0 
2000 1296 0 0 0 0 0 0 0 0 0 0 0 0 0 0 
2032 1296 0 0 0 0 0 0 0 0 0 0 0 0 0 0 
2064 1296 0 0 0 0 0 0 0 0 0 0 0 0 0 0 
2096 1296 0 0 0 0 0 0 0 0 0 0 0 0 0 0 
2128 1296 0 0 0 0 0 0 0 0 0 0 0 0 0 0 
2160 1296 0 0 0 0 0 0 0 0 0 0 0 0 0 0 
2192 1296 0 0 0 0 0 0 0 0 0 0 0 0 0 0 
2224 1296 0 0 0 0 0 0 0 0 0 0 0 0 0 0 
2256 1296 0 0 0 0 0 0 0 0 0 0 0 0 0 0 
2288 1296 0 0 0 0 0 0 0 0 0 0 0 0 0 0 
2320 1296 0 0 0 0 0 0 0 0 0 0 0 0 0 0 
2352 1296 0 0 0 0 0 0 0 0 0 0 0 0 0 0 
2384 1296 0 0 0 0 0 0 0 0 0 0 0 0 0 0 
2416 1296 0 0 0 0 0 0 0 0 0 0 0 0 0 0 
2448 1296 0 0 0 0 0 0 0 0 0 0 0 0 0 0 
2480 1296 0 0 0 0 0 0 0 0 0 0 0 0 0 0 
2512 1296 0 0 0 0 0 0 0 0 0 0 0 0 0 0 
48 1328 0 0 0 0 0 0 0 0 0 0 0 0 0 0 
80 1328 0 0 0 0 0 0 0 0 0 0 0 0 0 0 
112 1328 0 0 0 0 0 0 0 0 0 0 0 0 0 0 
144 1328 0 0 0 0 0 0 0 0 0 0 0 0 0 0 
176 1328 0 0 0 0 0 0 0 0 0 0 0 0 0 0 
208 1328 0 0 0 0 0 0 0 0 0 0 0 0 0 0 
240 1328 0 0 0 0 0 0 0 0 0 0 0 0 0 0 
272 1328 0 0 0 0 0 0 0 0 0 0 0 0 0 0 
304 1328 0 0 0 0 0 0 0 0 0 0 0 0 0 0 
336 1328 0 0 0 0 0 0 0 0 0 0 0 0 0 0 
368 1328 0 0 0 0 0 0 0 0 0 0 0 0 0 0 
400 1328 0 0 0 0 0 0 0 0 0 0 0 0 0 0 
432 1328 0 0 0 0 0 0 0 0 0 0 0 0 0 0 
464 1328 0 0 0 0 0 0 0 0 0 0 0 0 0 0 
496 1328 0 0 0 0 0 0 0 0 0 0 0 0 0 0 
528 1328 0 0 0 0 0 0 0 0 0 0 0 0 0 0 
560 1328 0 0 0 0 0 0 0 0 0 0 0 0 0 0 
592 1328 0 0 0 0 0 0 0 0 0 0 0 0 0 0 
624 1328 0 0 0 0 0 0 0 0 0 0 0 0 0 0 
656 1328 0 0 0 0 0 0 0 0 0 0 0 0 0 0 
688 1328 0 0 0 0 0 0 0 0 0 0 0 0 0 0 
720 1328 0 0 0 0 0 0 0 0 0 0 0 0 0 0 
752 1328 0 0 0 0 0 0 0 0 0 0 0 0 0 0 
784 1328 0 0 0 0 0 0 0 0 0 0 0 0 0 0 
816 1328 0 0 0 0 0 0 0 0 0 0 0 0 0 0 
848 1328 0 0 0 0 0 0 0 0 0 0 0 0 0 0 
880 1328 0 0 0 0 0 0 0 0 0 0 0 0 0 0 
912 1328 0 0 0 0 0 0 0 0 0 0 0 0 0 0 
944 1328 0 0 0 0 0 0 0 0 0 0 0 0 0 0 
976 1328 0 0 0 0 0 0 0 0 0 0 0 0 0 0 
1008 1328 0 0 0 0 0 0 0 0 0 0 0 0 0 0 
1040 1328 0 0 0 0 0 0 0 0 0 0 0 0 0 0 
1072 1328 0 0 0 0 0 0 0 0 0 0 0 0 0 0 
1104 1328 0 0 0 0 0 0 0 0 0 0 0 0 0 0 
1136 1328 0 0 0 0 0 0 0 0 0 0 0 0 0 0 
1168 1328 0 0 0 0 0 0 0 0 0 0 0 0 0 0 
1200 1328 0 0 0 0 0 0 0 0 0 0 0 0 0 0 
1232 1328 0 0 0 0 0 0 0 0 0 0 0 0 0 0 
1264 1328 0 0 0 0 0 0 0 0 0 0 0 0 0 0 
1296 1328 0 0 0 0 0 0 0 0 0 0 0 0 0 0 
1328 1328 0 0 0 0 0 0 0 0 0 0 0 0 0 0 
1360 1328 0 0 0 0 0 0 0 0 0 0 0 0 0 0 
1392 1328 0 0 0 0 0 0 0 0 0 0 0 0 0 0 
1424 1328 0 0 0 0 0 0 0 0 0 0 0 0 0 0 
1456 1328 0 0 0 0 0 0 0 0 0 0 0 0 0 0 
1488 1328 0 0 0 0 0 0 0 0 0 0 0 0 0 0 
1520 1328 0 0 0 0 0 0 0 0 0 0 0 0 0 0 
1552 1328 0 0 0 0 0 0 0 0 0 0 0 0 0 0 
1584 1328 0 0 0 0 0 0 0 0 0 0 0 0 0 0 
1616 1328 0 0 0 0 0 0 0 0 0 0 0 0 0 0 
1648 1328 0 0 0 0 0 0 0 0 0 0 0 0 0 0 
1680 1328 0 0 0 0 0 0 0 0 0 0 0 0 0 0 
1712 1328 0 0 0 0 0 0 0 0 0 0 0 0 0 0 
1744 1328 0 0 0 0 0 0 0 0 0 0 0 0 0 0 
1776 1328 0 0 0 0 0 0 0 0 0 0 0 0 0 0 
1808 1328 0 0 0 0 0 0 0 0 0 0 0 0 0 0 
1840 1328 0 0 0 0 0 0 0 0 0 0 0 0 0 0 
1872 1328 0 0 0 0 0 0 0 0 0 0 0 0 0 0 
1904 1328 0 0 0 0 0 0 0 0 0 0 0 0 0 0 
1936 1328 0 0 0 0 0 0 0 0 0 0 0 0 0 0 
1968 1328 0 0 0 0 0 0 0 0 0 0 0 0 0 0 
2000 1328 0 0 0 0 0 0 0 0 0 0 0 0 0 0 
2032 1328 0 0 0 0 0 0 0 0 0 0 0 0 0 0 
2064 1328 0 0 0 0 0 0 0 0 0 0 0 0 0 0 
2096 1328 0 0 0 0 0 0 0 0 0 0 0 0 0 0 
2128 1328 0 0 0 0 0 0 0 0 0 0 0 0 0 0 
2160 1328 0 0 0 0 0 0 0 0 0 0 0 0 0 0 
2192 1328 0 0 0 0 0 0 0 0 0 0 0 0 0 0 
2224 1328 0 0 0 0 0 0 0 0 0 0 0 0 0 0 
2256 1328 0 0 0 0 0 0 0 0 0 0 0 0 0 0 
2288 1328 0 0 0 0 0 0 0 0 0 0 0 0 0 0 
2320 1328 0 0 0 0 0 0 0 0 0 0 0 0 0 0 
2352 1328 0 0 0 0 0 0 0 0 0 0 0 0 0 0 
2384 1328 0 0 0 0 0 0 0 0 0 0 0 0 0 0 
2416 1328 0 0 0 0 0 0 0 0 0 0 0 0 0 0 
2448 1328 0 0 0 0 0 0 0 0 0 0 0 0 0 0 
2480 1328 0 0 0 0 0 0 0 0 0 0 0 0 0 0 
2512 1328 0 0 0 0 0 0 0 0 0 0 0 0 0 0 
48 1360 0 0 0 0 0 0 0 0 0 0 0 0 0 0 
80 1360 0 0 0 0 0 0 0 0 0 0 0 0 0 0 
112 1360 0 0 0 0 0 0 0 0 0 0 0 0 0 0 
144 1360 0 0 0 0 0 0 0 0 0 0 0 0 0 0 
176 1360 0 0 0 0 0 0 0 0 0 0 0 0 0 0 
208 1360 0 0 0 0 0 0 0 0 0 0 0 0 0 0 
240 1360 0 0 0 0 0 0 0 0 0 0 0 0 0 0 
272 1360 0 0 0 0 0 0 0 0 0 0 0 0 0 0 
304 1360 0 0 0 0 0 0 0 0 0 0 0 0 0 0 
336 1360 0 0 0 0 0 0 0 0 0 0 0 0 0 0 
368 1360 0 0 0 0 0 0 0 0 0 0 0 0 0 0 
400 1360 0 0 0 0 0 0 0 0 0 0 0 0 0 0 
432 1360 0 0 0 0 0 0 0 0 0 0 0 0 0 0 
464 1360 0 0 0 0 0 0 0 0 0 0 0 0 0 0 
496 1360 0 0 0 0 0 0 0 0 0 0 0 0 0 0 
528 1360 0 0 0 0 0 0 0 0 0 0 0 0 0 0 
560 1360 0 0 0 0 0 0 0 0 0 0 0 0 0 0 
592 1360 0 0 0 0 0 0 0 0 0 0 0 0 0 0 
624 1360 0 0 0 0 0 0 0 0 0 0 0 0 0 0 
656 1360 0 0 0 0 0 0 0 0 0 0 0 0 0 0 
688 1360 0 0 0 0 0 0 0 0 0 0 0 0 0 0 
720 1360 0 0 0 0 0 0 0 0 0 0 0 0 0 0 
752 1360 0 0 0 0 0 0 0 0 0 0 0 0 0 0 
784 1360 0 0 0 0 0 0 0 0 0 0 0 0 0 0 
816 1360 0 0 0 0 0 0 0 0 0 0 0 0 0 0 
848 1360 0 0 0 0 0 0 0 0 0 0 0 0 0 0 
880 1360 0 0 0 0 0 0 0 0 0 0 0 0 0 0 
912 1360 0 0 0 0 0 0 0 0 0 0 0 0 0 0 
944 1360 0 0 0 0 0 0 0 0 0 0 0 0 0 0 
976 1360 0 0 0 0 0 0 0 0 0 0 0 0 0 0 
1008 1360 0 0 0 0 0 0 0 0 0 0 0 0 0 0 
1040 1360 0 0 0 0 0 0 0 0 0 0 0 0 0 0 
1072 1360 0 0 0 0 0 0 0 0 0 0 0 0 0 0 
1104 1360 0 0 0 0 0 0 0 0 0 0 0 0 0 0 
1136 1360 0 0 0 0 0 0 0 0 0 0 0 0 0 0 
1168 1360 0 0 0 0 0 0 0 0 0 0 0 0 0 0 
1200 1360 0 0 0 0 0 0 0 0 0 0 0 0 0 0 
1232 1360 0 0 0 0 0 0 0 0 0 0 0 0 0 0 
1264 1360 0 0 0 0 0 0 0 0 0 0 0 0 0 0 
1296 1360 0 0 0 0 0 0 0 0 0 0 0 0 0 0 
1328 1360 0 0 0 0 0 0 0 0 0 0 0 0 0 0 
1360 1360 0 0 0 0 0 0 0 0 0 0 0 0 0 0 
1392 1360 0 0 0 0 0 0 0 0 0 0 0 0 0 0 
1424 1360 0 0 0 0 0 0 0 0 0 0 0 0 0 0 
1456 1360 0 0 0 0 0 0 0 0 0 0 0 0 0 0 
1488 1360 0 0 0 0 0 0 0 0 0 0 0 0 0 0 
1520 1360 0 0 0 0 0 0 0 0 0 0 0 0 0 0 
1552 1360 0 0 0 0 0 0 0 0 0 0 0 0 0 0 
1584 1360 0 0 0 0 0 0 0 0 0 0 0 0 0 0 
1616 1360 0 0 0 0 0 0 0 0 0 0 0 0 0 0 
1648 1360 0 0 0 0 0 0 0 0 0 0 0 0 0 0 
1680 1360 0 0 0 0 0 0 0 0 0 0 0 0 0 0 
1712 1360 0 0 0 0 0 0 0 0 0 0 0 0 0 0 
1744 1360 0 0 0 0 0 0 0 0 0 0 0 0 0 0 
1776 1360 0 0 0 0 0 0 0 0 0 0 0 0 0 0 
1808 1360 0 0 0 0 0 0 0 0 0 0 0 0 0 0 
1840 1360 0 0 0 0 0 0 0 0 0 0 0 0 0 0 
1872 1360 0 0 0 0 0 0 0 0 0 0 0 0 0 0 
1904 1360 0 0 0 0 0 0 0 0 0 0 0 0 0 0 
1936 1360 0 0 0 0 0 0 0 0 0 0 0 0 0 0 
1968 1360 0 0 0 0 0 0 0 0 0 0 0 0 0 0 
2000 1360 0 0 0 0 0 0 0 0 0 0 0 0 0 0 
2032 1360 0 0 0 0 0 0 0 0 0 0 0 0 0 0 
2064 1360 0 0 0 0 0 0 0 0 0 0 0 0 0 0 
2096 1360 0 0 0 0 0 0 0 0 0 0 0 0 0 0 
2128 1360 0 0 0 0 0 0 0 0 0 0 0 0 0 0 
2160 1360 0 0 0 0 0 0 0 0 0 0 0 0 0 0 
2192 1360 0 0 0 0 0 0 0 0 0 0 0 0 0 0 
2224 1360 0 0 0 0 0 0 0 0 0 0 0 0 0 0 
2256 1360 0 0 0 0 0 0 0 0 0 0 0 0 0 0 
2288 1360 0 0 0 0 0 0 0 0 0 0 0 0 0 0 
2320 1360 0 0 0 0 0 0 0 0 0 0 0 0 0 0 
2352 1360 0 0 0 0 0 0 0 0 0 0 0 0 0 0 
2384 1360 0 0 0 0 0 0 0 0 0 0 0 0 0 0 
2416 1360 0 0 0 0 0 0 0 0 0 0 0 0 0 0 
2448 1360 0 0 0 0 0 0 0 0 0 0 0 0 0 0 
2480 1360 0 0 0 0 0 0 0 0 0 0 0 0 0 0 
2512 1360 0 0 0 0 0 0 0 0 0 0 0 0 0 0 
48 1392 0 0 0 0 0 0 0 0 0 0 0 0 0 0 
80 1392 0 0 0 0 0 0 0 0 0 0 0 0 0 0 
112 1392 0 0 0 0 0 0 0 0 0 0 0 0 0 0 
144 1392 0 0 0 0 0 0 0 0 0 0 0 0 0 0 
176 1392 0 0 0 0 0 0 0 0 0 0 0 0 0 0 
208 1392 0 0 0 0 0 0 0 0 0 0 0 0 0 0 
240 1392 0 0 0 0 0 0 0 0 0 0 0 0 0 0 
272 1392 0 0 0 0 0 0 0 0 0 0 0 0 0 0 
304 1392 0 0 0 0 0 0 0 0 0 0 0 0 0 0 
336 1392 0 0 0 0 0 0 0 0 0 0 0 0 0 0 
368 1392 0 0 0 0 0 0 0 0 0 0 0 0 0 0 
400 1392 0 0 0 0 0 0 0 0 0 0 0 0 0 0 
432 1392 0 0 0 0 0 0 0 0 0 0 0 0 0 0 
464 1392 0 0 0 0 0 0 0 0 0 0 0 0 0 0 
496 1392 0 0 0 0 0 0 0 0 0 0 0 0 0 0 
528 1392 0 0 0 0 0 0 0 0 0 0 0 0 0 0 
560 1392 0 0 0 0 0 0 0 0 0 0 0 0 0 0 
592 1392 0 0 0 0 0 0 0 0 0 0 0 0 0 0 
624 1392 0 0 0 0 0 0 0 0 0 0 0 0 0 0 
656 1392 0 0 0 0 0 0 0 0 0 0 0 0 0 0 
688 1392 0 0 0 0 0 0 0 0 0 0 0 0 0 0 
720 1392 0 0 0 0 0 0 0 0 0 0 0 0 0 0 
752 1392 0 0 0 0 0 0 0 0 0 0 0 0 0 0 
784 1392 0 0 0 0 0 0 0 0 0 0 0 0 0 0 
816 1392 0 0 0 0 0 0 0 0 0 0 0 0 0 0 
848 1392 0 0 0 0 0 0 0 0 0 0 0 0 0 0 
880 1392 0 0 0 0 0 0 0 0 0 0 0 0 0 0 
912 1392 0 0 0 0 0 0 0 0 0 0 0 0 0 0 
944 1392 0 0 0 0 0 0 0 0 0 0 0 0 0 0 
976 1392 0 0 0 0 0 0 0 0 0 0 0 0 0 0 
1008 1392 0 0 0 0 0 0 0 0 0 0 0 0 0 0 
1040 1392 0 0 0 0 0 0 0 0 0 0 0 0 0 0 
1072 1392 0 0 0 0 0 0 0 0 0 0 0 0 0 0 
1104 1392 0 0 0 0 0 0 0 0 0 0 0 0 0 0 
1136 1392 0 0 0 0 0 0 0 0 0 0 0 0 0 0 
1168 1392 0 0 0 0 0 0 0 0 0 0 0 0 0 0 
1200 1392 0 0 0 0 0 0 0 0 0 0 0 0 0 0 
1232 1392 0 0 0 0 0 0 0 0 0 0 0 0 0 0 
1264 1392 0 0 0 0 0 0 0 0 0 0 0 0 0 0 
1296 1392 0 0 0 0 0 0 0 0 0 0 0 0 0 0 
1328 1392 0 0 0 0 0 0 0 0 0 0 0 0 0 0 
1360 1392 0 0 0 0 0 0 0 0 0 0 0 0 0 0 
1392 1392 0 0 0 0 0 0 0 0 0 0 0 0 0 0 
1424 1392 0 0 0 0 0 0 0 0 0 0 0 0 0 0 
1456 1392 0 0 0 0 0 0 0 0 0 0 0 0 0 0 
1488 1392 0 0 0 0 0 0 0 0 0 0 0 0 0 0 
1520 1392 0 0 0 0 0 0 0 0 0 0 0 0 0 0 
1552 1392 0 0 0 0 0 0 0 0 0 0 0 0 0 0 
1584 1392 0 0 0 0 0 0 0 0 0 0 0 0 0 0 
1616 1392 0 0 0 0 0 0 0 0 0 0 0 0 0 0 
1648 1392 0 0 0 0 0 0 0 0 0 0 0 0 0 0 
1680 1392 0 0 0 0 0 0 0 0 0 0 0 0 0 0 
1712 1392 0 0 0 0 0 0 0 0 0 0 0 0 0 0 
1744 1392 0 0 0 0 0 0 0 0 0 0 0 0 0 0 
1776 1392 0 0 0 0 0 0 0 0 0 0 0 0 0 0 
1808 1392 0 0 0 0 0 0 0 0 0 0 0 0 0 0 
1840 1392 0 0 0 0 0 0 0 0 0 0 0 0 0 0 
1872 1392 0 0 0 0 0 0 0 0 0 0 0 0 0 0 
1904 1392 0 0 0 0 0 0 0 0 0 0 0 0 0 0 
1936 1392 0 0 0 0 0 0 0 0 0 0 0 0 0 0 
1968 1392 0 0 0 0 0 0 0 0 0 0 0 0 0 0 
2000 1392 0 0 0 0 0 0 0 0 0 0 0 0 0 0 
2032 1392 0 0 0 0 0 0 0 0 0 0 0 0 0 0 
2064 1392 0 0 0 0 0 0 0 0 0 0 0 0 0 0 
2096 1392 0 0 0 0 0 0 0 0 0 0 0 0 0 0 
2128 1392 0 0 0 0 0 0 0 0 0 0 0 0 0 0 
2160 1392 0 0 0 0 0 0 0 0 0 0 0 0 0 0 
2192 1392 0 0 0 0 0 0 0 0 0 0 0 0 0 0 
2224 1392 0 0 0 0 0 0 0 0 0 0 0 0 0 0 
2256 1392 0 0 0 0 0 0 0 0 0 0 0 0 0 0 
2288 1392 0 0 0 0 0 0 0 0 0 0 0 0 0 0 
2320 1392 0 0 0 0 0 0 0 0 0 0 0 0 0 0 
2352 1392 0 0 0 0 0 0 0 0 0 0 0 0 0 0 
2384 1392 0 0 0 0 0 0 0 0 0 0 0 0 0 0 
2416 1392 0 0 0 0 0 0 0 0 0 0 0 0 0 0 
2448 1392 0 0 0 0 0 0 0 0 0 0 0 0 0 0 
2480 1392 0 0 0 0 0 0 0 0 0 0 0 0 0 0 
2512 1392 0 0 0 0 0 0 0 0 0 0 0 0 0 0 
